學年度,設立別,學校類別,學校統計處代碼,學校名稱,學制班別,前一學年度錄取1年級在學學生人數(A),當學年度2年級在學學生數(B),前一學年度學生就學穩定率(%)(C)(C=B/A)
107,公立,一般大學,0001,國立政治大學,學士班(日間),2014,1945,96.57
107,公立,一般大學,0002,國立清華大學,學士班(日間),1913,1829,95.61
107,公立,一般大學,0003,國立臺灣大學,學士班(日間),3261,3135,96.14
107,公立,一般大學,0004,國立臺灣師範大學,學士班(日間),1716,1625,94.70
107,公立,一般大學,0005,國立成功大學,學士班(日間),2467,2325,94.24
107,公立,一般大學,0006,國立中興大學,學士班(日間),1778,1687,94.88
107,公立,一般大學,0007,國立陽明交通大學,學士班(日間),1191,1137,95.47
107,公立,一般大學,0008,國立中央大學,學士班(日間),1442,1358,94.17
107,公立,一般大學,0009,國立中山大學,學士班(日間),1054,1009,95.73
107,公立,一般大學,0012,國立臺灣海洋大學,學士班(日間),1311,1236,94.28
107,公立,一般大學,0013,國立中正大學,學士班(日間),1486,1394,93.81
107,公立,一般大學,0014,國立高雄師範大學,學士班(日間),828,746,90.10
107,公立,一般大學,0015,國立彰化師範大學,學士班(日間),1123,1068,95.10
107,公立,一般大學,0016,國立陽明大學,學士班(日間),362,325,89.78
107,公立,一般大學,0017,國立臺北大學,學士班(日間),1305,1228,94.10
107,公立,一般大學,0018,國立嘉義大學,學士班(日間),1786,1654,92.61
107,公立,一般大學,0019,國立高雄大學,學士班(日間),980,911,92.96
107,公立,一般大學,0020,國立東華大學,學士班(日間),1693,1571,92.79
107,公立,一般大學,0021,國立暨南國際大學,學士班(日間),971,904,93.10
107,公立,技專校院,0022,國立臺灣科技大學,學士班(日間),1287,1236,96.04
107,公立,技專校院,0023,國立雲林科技大學,學士班(日間),1508,1461,96.88
107,公立,技專校院,0024,國立屏東科技大學,學士班(日間),1756,1648,93.85
107,公立,技專校院,0025,國立臺北科技大學,學士班(日間),1449,1385,95.58
107,公立,一般大學,0028,國立臺北藝術大學,學士班(日間),362,340,93.92
107,公立,一般大學,0029,國立臺灣藝術大學,學士班(日間),499,470,94.19
107,公立,一般大學,0030,國立臺東大學,學士班(日間),843,761,90.27
107,公立,一般大學,0031,國立宜蘭大學,學士班(日間),1053,971,92.21
107,公立,一般大學,0032,國立聯合大學,學士班(日間),1431,1326,92.66
107,公立,技專校院,0033,國立虎尾科技大學,學士班(日間),1874,1786,95.30
107,公立,一般大學,0035,國立臺南藝術大學,學士班(日間),139,128,92.09
107,公立,一般大學,0036,國立臺南大學,學士班(日間),908,855,94.16
107,公立,一般大學,0037,國立臺北教育大學,學士班(日間),791,755,95.45
107,公立,一般大學,0039,國立臺中教育大學,學士班(日間),762,712,93.44
107,公立,技專校院,0042,國立澎湖科技大學,學士班(日間),634,579,91.32
107,公立,技專校院,0043,國立勤益科技大學,學士班(日間),1614,1515,93.87
107,公立,一般大學,0044,國立體育大學,學士班(日間),378,357,94.44
107,公立,技專校院,0046,國立臺北護理健康大學,學士班(日間),1108,1066,96.21
107,公立,技專校院,0047,國立高雄餐旅大學,學士班(日間),766,739,96.48
107,公立,技專校院,0047,國立高雄餐旅大學,五專,46,46,100.00
107,公立,一般大學,0048,國立金門大學,學士班(日間),724,627,86.60
107,公立,一般大學,0049,國立臺灣體育運動大學,學士班(日間),557,478,85.82
107,公立,技專校院,0050,國立臺中科技大學,學士班(日間),1935,1854,95.81
107,公立,技專校院,0050,國立臺中科技大學,五專,662,639,96.53
107,公立,技專校院,0051,國立臺北商業大學,學士班(日間),904,867,95.91
107,公立,技專校院,0051,國立臺北商業大學,五專,338,324,95.86
107,公立,一般大學,0052,國立屏東大學,學士班(日間),1618,1511,93.39
107,公立,技專校院,0053,國立高雄科技大學,學士班(日間),4417,4223,95.61
107,公立,技專校院,0053,國立高雄科技大學,五專,101,100,99.01
107,公立,技專校院,0144,國立臺灣戲曲學院,學士班(日間),141,128,90.78
107,公立,技專校院,0221,國立臺南護理專科學校,二專(日間),46,46,100.00
107,公立,技專校院,0221,國立臺南護理專科學校,五專,362,358,98.90
107,公立,技專校院,0222,國立臺東專科學校,二專(日間),300,254,84.67
107,公立,技專校院,0222,國立臺東專科學校,五專,101,86,85.15
107,私立,一般大學,1001,東海大學,學士班(日間),3064,2806,91.58
107,私立,一般大學,1002,輔仁大學,學士班(日間),3920,3608,92.04
107,私立,一般大學,1003,東吳大學,學士班(日間),2691,2426,90.15
107,私立,一般大學,1004,中原大學,學士班(日間),2936,2757,93.90
107,私立,一般大學,1005,淡江大學學校財團法人淡江大學,學士班(日間),4403,4009,91.05
107,私立,一般大學,1006,中國文化大學,學士班(日間),4543,3906,85.98
107,私立,一般大學,1007,逢甲大學,學士班(日間),3682,3514,95.44
107,私立,一般大學,1008,靜宜大學,學士班(日間),2485,2304,92.72
107,私立,一般大學,1009,長庚大學,學士班(日間),1139,1054,92.54
107,私立,一般大學,1010,元智大學,學士班(日間),1618,1526,94.31
107,私立,一般大學,1011,中華大學學校財團法人中華大學,學士班(日間),787,700,88.95
107,私立,一般大學,1012,大葉大學,學士班(日間),1560,1361,87.24
107,私立,一般大學,1013,華梵學校財團法人華梵大學,學士班(日間),227,160,70.48
107,私立,一般大學,1014,義守大學,學士班(日間),2677,2364,88.31
107,私立,一般大學,1015,世新大學,學士班(日間),2183,2002,91.71
107,私立,一般大學,1016,銘傳大學,學士班(日間),3764,3441,91.42
107,私立,一般大學,1017,實踐大學,學士班(日間),2511,2185,87.02
107,私立,技專校院,1018,朝陽科技大學,學士班(日間),2604,2410,92.55
107,私立,一般大學,1019,高雄醫學大學,學士班(日間),1138,1031,90.60
107,私立,一般大學,1020,南華大學,學士班(日間),888,787,88.63
107,私立,一般大學,1021,真理大學,學士班(日間),1165,957,82.15
107,私立,一般大學,1022,大同大學,學士班(日間),861,788,91.52
107,私立,技專校院,1023,南臺學校財團法人南臺科技大學,學士班(日間),3061,2845,92.94
107,私立,技專校院,1024,崑山科技大學,學士班(日間),1727,1565,90.62
107,私立,技專校院,1025,嘉藥學校財團法人嘉南藥理大學,學士班(日間),2583,2294,88.81
107,私立,技專校院,1026,樹德科技大學,學士班(日間),1658,1477,89.08
107,私立,一般大學,1027,慈濟學校財團法人慈濟大學,學士班(日間),603,546,90.55
107,私立,一般大學,1028,臺北醫學大學,學士班(日間),911,833,91.44
107,私立,一般大學,1029,中山醫學大學,學士班(日間),1291,1174,90.94
107,私立,技專校院,1030,龍華科技大學,學士班(日間),1519,1298,85.45
107,私立,技專校院,1030,龍華科技大學,五專,22,21,95.45
107,私立,技專校院,1031,輔英科技大學,學士班(日間),1680,1457,86.73
107,私立,技專校院,1031,輔英科技大學,五專,540,522,96.67
107,私立,技專校院,1032,明新學校財團法人明新科技大學,學士班(日間),1612,1463,90.76
107,私立,一般大學,1033,長榮大學,學士班(日間),1671,1496,89.53
107,私立,技專校院,1034,弘光科技大學,學士班(日間),2039,1920,94.16
107,私立,技專校院,1034,弘光科技大學,五專,52,52,100.00
107,私立,一般大學,1035,中國醫藥大學,學士班(日間),1139,1084,95.17
107,私立,技專校院,1036,健行學校財團法人健行科技大學,學士班(日間),1541,1307,84.82
107,私立,技專校院,1037,正修學校財團法人正修科技大學,學士班(日間),2107,1762,83.63
107,私立,技專校院,1038,萬能學校財團法人萬能科技大學,學士班(日間),1556,1291,82.97
107,私立,一般大學,1039,玄奘大學,學士班(日間),562,482,85.77
107,私立,技專校院,1040,建國科技大學,學士班(日間),989,885,89.48
107,私立,技專校院,1041,明志科技大學,學士班(日間),864,830,96.06
107,私立,技專校院,1042,台鋼學校財團法人台鋼科技大學,學士班(日間),623,370,59.39
107,私立,技專校院,1043,大仁科技大學,學士班(日間),945,815,86.24
107,私立,技專校院,1044,聖約翰科技大學,學士班(日間),547,377,68.92
107,私立,技專校院,1044,聖約翰科技大學,五專,75,63,84.00
107,私立,技專校院,1045,嶺東科技大學,學士班(日間),1757,1582,90.04
107,私立,技專校院,1046,中國科技大學,學士班(日間),1790,1561,87.21
107,私立,技專校院,1047,中臺科技大學,學士班(日間),1392,1260,90.52
107,私立,一般大學,1048,亞洲大學,學士班(日間),2271,2064,90.89
107,私立,一般大學,1049,開南大學,學士班(日間),773,646,83.57
107,私立,一般大學,1050,佛光大學,學士班(日間),658,599,91.03
107,私立,技專校院,1051,台南家專學校財團法人台南應用科技大學,學士班(日間),2134,1903,89.18
107,私立,技專校院,1051,台南家專學校財團法人台南應用科技大學,五專,219,205,93.61
107,私立,技專校院,1052,中信金學校財團法人中信科技大學,學士班(日間),1007,822,81.63
107,私立,技專校院,1053,光宇學校財團法人元培醫事科技大學,學士班(日間),1155,788,68.23
107,私立,技專校院,1054,景文科技大學,學士班(日間),1116,947,84.86
107,私立,技專校院,1055,中華醫事科技大學,二專(日間),50,37,74.00
107,私立,技專校院,1055,中華醫事科技大學,學士班(日間),1162,1064,91.57
107,私立,技專校院,1055,中華醫事科技大學,五專,659,620,94.08
107,私立,技專校院,1056,東南科技大學,學士班(日間),1227,954,77.75
107,私立,技專校院,1057,德明財經科技大學,學士班(日間),1602,1429,89.20
107,私立,一般大學,1058,明道學校財團法人明道大學,學士班(日間),554,439,79.24
107,私立,技專校院,1060,南開科技大學,學士班(日間),630,543,86.19
107,私立,技專校院,1060,南開科技大學,五專,141,131,92.91
107,私立,技專校院,1061,中華學校財團法人中華科技大學,學士班(日間),958,804,83.92
107,私立,技專校院,1062,僑光科技大學,學士班(日間),1524,1387,91.01
107,私立,技專校院,1063,廣亞學校財團法人育達科技大學,學士班(日間),437,355,81.24
107,私立,技專校院,1064,美和學校財團法人美和科技大學,學士班(日間),861,767,89.08
107,私立,技專校院,1064,美和學校財團法人美和科技大學,五專,387,357,92.25
107,私立,技專校院,1065,吳鳳科技大學,學士班(日間),774,658,85.01
107,私立,技專校院,1066,環球學校財團法人環球科技大學,學士班(日間),657,515,78.39
107,私立,一般大學,1067,台灣首府學校財團法人台灣首府大學,學士班(日間),358,251,70.11
107,私立,技專校院,1068,中州學校財團法人中州科技大學,學士班(日間),271,218,80.44
107,私立,技專校院,1069,修平學校財團法人修平科技大學,學士班(日間),716,569,79.47
107,私立,技專校院,1070,長庚學校財團法人長庚科技大學,學士班(日間),1614,1570,97.27
107,私立,技專校院,1071,城市學校財團法人臺北城市科技大學,學士班(日間),1685,1436,85.22
107,私立,技專校院,1071,城市學校財團法人臺北城市科技大學,五專,210,173,82.38
107,私立,技專校院,1072,大華學校財團法人敏實科技大學,學士班(日間),139,89,64.03
107,私立,技專校院,1072,大華學校財團法人敏實科技大學,五專,122,98,80.33
107,私立,技專校院,1073,醒吾學校財團法人醒吾科技大學,學士班(日間),1321,1098,83.12
107,私立,技專校院,1073,醒吾學校財團法人醒吾科技大學,五專,123,102,82.93
107,私立,技專校院,1074,南榮學校財團法人南榮科技大學,學士班(日間),127,89,70.08
107,私立,技專校院,1074,南榮學校財團法人南榮科技大學,五專,11,8,72.73
107,私立,技專校院,1075,文藻學校財團法人文藻外語大學,學士班(日間),1285,1193,92.84
107,私立,技專校院,1075,文藻學校財團法人文藻外語大學,五專,313,305,97.44
107,私立,技專校院,1076,華夏學校財團法人華夏科技大學,學士班(日間),678,406,59.88
107,私立,技專校院,1076,華夏學校財團法人華夏科技大學,五專,111,92,82.88
107,私立,技專校院,1077,慈濟學校財團法人慈濟科技大學,學士班(日間),414,386,93.24
107,私立,技專校院,1077,慈濟學校財團法人慈濟科技大學,五專,253,246,97.23
107,私立,技專校院,1078,致理學校財團法人致理科技大學,學士班(日間),1563,1482,94.82
107,私立,技專校院,1078,致理學校財團法人致理科技大學,五專,324,310,95.68
107,私立,一般大學,1079,康寧學校財團法人康寧大學,學士班(日間),109,62,56.88
107,私立,一般大學,1079,康寧學校財團法人康寧大學,五專,583,516,88.51
107,私立,技專校院,1080,宏國學校財團法人宏國德霖科技大學,學士班(日間),671,536,79.88
107,私立,技專校院,1080,宏國學校財團法人宏國德霖科技大學,五專,257,221,85.99
107,私立,技專校院,1081,東方學校財團法人東方設計大學,學士班(日間),196,132,67.35
107,私立,技專校院,1081,東方學校財團法人東方設計大學,五專,227,207,91.19
107,私立,技專校院,1082,崇右學校財團法人崇右影藝科技大學,學士班(日間),530,343,64.72
107,私立,技專校院,1083,台北海洋學校財團法人台北海洋科技大學,二專(日間),40,36,90.00
107,私立,技專校院,1083,台北海洋學校財團法人台北海洋科技大學,學士班(日間),795,664,83.52
107,私立,技專校院,1083,台北海洋學校財團法人台北海洋科技大學,五專,194,155,79.90
107,私立,一般大學,1125,中信學校財團法人中信金融管理學院,學士班(日間),151,118,78.15
107,私立,技專校院,1148,大漢技術學院,學士班(日間),98,66,67.35
107,私立,技專校院,1159,和春技術學院,學士班(日間),60,39,65.00
107,私立,技專校院,1159,和春技術學院,五專,35,21,60.00
107,私立,技專校院,1166,亞東技術學院,學士班(日間),1080,1011,93.61
107,私立,技專校院,1168,南亞科技學校財團法人南亞技術學院,學士班(日間),356,297,83.43
107,私立,技專校院,1168,南亞科技學校財團法人南亞技術學院,五專,64,56,87.50
107,私立,一般大學,1176,稻江科技暨管理學院,學士班(日間),456,337,73.90
107,私立,技專校院,1182,蘭陽技術學院,學士班(日間),92,73,79.35
107,私立,技專校院,1182,蘭陽技術學院,五專,69,53,76.81
107,私立,技專校院,1183,黎明技術學院,學士班(日間),798,632,79.20
107,私立,技專校院,1183,黎明技術學院,五專,104,89,85.58
107,私立,技專校院,1185,德育學校財團法人德育護理健康學院,學士班(日間),577,468,81.11
107,私立,技專校院,1185,德育學校財團法人德育護理健康學院,五專,255,211,82.75
107,私立,技專校院,1188,大同技術學院,學士班(日間),270,211,78.15
107,私立,技專校院,1188,大同技術學院,五專,21,14,66.67
107,私立,技專校院,1192,臺灣觀光學院,學士班(日間),33,29,87.88
107,私立,技專校院,1192,臺灣觀光學院,五專,15,14,93.33
107,私立,一般大學,1195,馬偕學校財團法人馬偕醫學院,學士班(日間),117,111,94.87
107,私立,一般大學,1196,法鼓學校財團法人法鼓文理學院,學士班(日間),13,10,76.92
107,私立,技專校院,1282,馬偕學校財團法人馬偕醫護管理專科學校,二專(日間),17,14,82.35
107,私立,技專校院,1282,馬偕學校財團法人馬偕醫護管理專科學校,五專,826,769,93.10
107,私立,技專校院,1283,仁德醫護管理專科學校,五專,1242,1172,94.36
107,私立,技專校院,1284,樹人醫護管理專科學校,五專,1390,1288,92.66
107,私立,技專校院,1285,慈惠醫護管理專科學校,二專(日間),68,53,77.94
107,私立,技專校院,1285,慈惠醫護管理專科學校,五專,783,710,90.68
107,私立,技專校院,1286,耕莘健康管理專科學校,五專,1043,983,94.25
107,私立,技專校院,1287,敏惠醫護管理專科學校,五專,791,769,97.22
107,私立,技專校院,1289,育英醫護管理專科學校,五專,414,394,95.17
107,私立,技專校院,1291,聖母醫護管理專科學校,五專,558,477,85.48
107,私立,技專校院,1292,新生醫護管理專科學校,五專,1261,1193,94.61
107,私立,技專校院,1293,崇仁醫護管理專科學校,五專,730,681,93.29
107,私立,宗教研修學院,1R03,臺北基督學院,學士班(日間),19,17,89.47
107,私立,宗教研修學院,1R04,財團法人一貫道天皇基金會一貫道天皇學院,學士班(日間),40,30,75.00
107,公立,一般大學,3002,臺北市立大學,學士班(日間),1222,1101,90.10
108,公立,一般大學,0001,國立政治大學,學士班(日間),1984,1917,96.62
108,公立,一般大學,0002,國立清華大學,學士班(日間),1814,1737,95.76
108,公立,一般大學,0003,國立臺灣大學,學士班(日間),3193,3072,96.21
108,公立,一般大學,0004,國立臺灣師範大學,學士班(日間),1693,1607,94.92
108,公立,一般大學,0005,國立成功大學,學士班(日間),2405,2275,94.59
108,公立,一般大學,0006,國立中興大學,學士班(日間),1762,1637,92.91
108,公立,一般大學,0006,國立中興大學,學士班(進修),215,181,84.19
108,公立,一般大學,0007,國立陽明交通大學,學士班(日間),1185,1141,96.29
108,公立,一般大學,0008,國立中央大學,學士班(日間),1425,1347,94.53
108,公立,一般大學,0009,國立中山大學,學士班(日間),1039,968,93.17
108,公立,一般大學,0012,國立臺灣海洋大學,學士班(日間),1293,1212,93.74
108,公立,一般大學,0012,國立臺灣海洋大學,學士班(進修),185,152,82.16
108,公立,一般大學,0013,國立中正大學,學士班(日間),1464,1377,94.06
108,公立,一般大學,0014,國立高雄師範大學,學士班(日間),846,783,92.55
108,公立,一般大學,0015,國立彰化師範大學,學士班(日間),1119,1048,93.66
108,公立,一般大學,0016,國立陽明大學,學士班(日間),363,331,91.18
108,公立,一般大學,0017,國立臺北大學,學士班(日間),1289,1221,94.72
108,公立,一般大學,0017,國立臺北大學,學士班(進修),532,439,82.52
108,公立,一般大學,0018,國立嘉義大學,學士班(日間),1758,1601,91.07
108,公立,一般大學,0018,國立嘉義大學,學士班(進修),520,431,82.88
108,公立,一般大學,0019,國立高雄大學,學士班(日間),1037,959,92.48
108,公立,一般大學,0019,國立高雄大學,學士班(進修),58,45,77.59
108,公立,一般大學,0020,國立東華大學,學士班(日間),1661,1525,91.81
108,公立,一般大學,0021,國立暨南國際大學,學士班(日間),938,892,95.10
108,公立,技專校院,0022,國立臺灣科技大學,學士班(日間),1251,1189,95.04
108,公立,技專校院,0023,國立雲林科技大學,學士班(日間),1510,1470,97.35
108,公立,技專校院,0023,國立雲林科技大學,學士班(進修),44,39,88.64
108,公立,技專校院,0024,國立屏東科技大學,學士班(日間),1778,1648,92.69
108,公立,技專校院,0024,國立屏東科技大學,學士班(進修),339,290,85.55
108,公立,技專校院,0025,國立臺北科技大學,學士班(日間),1391,1340,96.33
108,公立,技專校院,0025,國立臺北科技大學,學士班(進修),501,489,97.60
108,公立,技專校院,0025,國立臺北科技大學,五專,32,32,100.00
108,公立,一般大學,0028,國立臺北藝術大學,學士班(日間),352,332,94.32
108,公立,一般大學,0029,國立臺灣藝術大學,學士班(日間),484,457,94.42
108,公立,一般大學,0029,國立臺灣藝術大學,學士班(進修),506,468,92.49
108,公立,一般大學,0030,國立臺東大學,學士班(日間),867,786,90.66
108,公立,一般大學,0030,國立臺東大學,學士班(進修),69,47,68.12
108,公立,一般大學,0031,國立宜蘭大學,學士班(日間),1015,944,93.00
108,公立,一般大學,0031,國立宜蘭大學,學士班(進修),104,84,80.77
108,公立,一般大學,0032,國立聯合大學,學士班(日間),1407,1287,91.47
108,公立,一般大學,0032,國立聯合大學,學士班(進修),356,292,82.02
108,公立,技專校院,0033,國立虎尾科技大學,學士班(日間),1844,1754,95.12
108,公立,技專校院,0033,國立虎尾科技大學,學士班(進修),557,498,89.41
108,公立,技專校院,0033,國立虎尾科技大學,五專,52,50,96.15
108,公立,一般大學,0035,國立臺南藝術大學,學士班(日間),132,119,90.15
108,公立,一般大學,0036,國立臺南大學,學士班(日間),899,825,91.77
108,公立,一般大學,0036,國立臺南大學,學士班(進修),43,39,90.70
108,公立,一般大學,0037,國立臺北教育大學,學士班(日間),774,739,95.48
108,公立,一般大學,0039,國立臺中教育大學,學士班(日間),746,687,92.09
108,公立,技專校院,0042,國立澎湖科技大學,學士班(日間),661,594,89.86
108,公立,技專校院,0042,國立澎湖科技大學,學士班(進修),96,75,78.13
108,公立,技專校院,0042,國立澎湖科技大學,五專,13,12,92.31
108,公立,技專校院,0043,國立勤益科技大學,學士班(日間),1612,1513,93.86
108,公立,技專校院,0043,國立勤益科技大學,學士班(進修),903,785,86.93
108,公立,一般大學,0044,國立體育大學,學士班(日間),396,372,93.94
108,公立,一般大學,0044,國立體育大學,學士班(進修),35,29,82.86
108,公立,技專校院,0046,國立臺北護理健康大學,學士班(日間),1109,1051,94.77
108,公立,技專校院,0046,國立臺北護理健康大學,學士班(進修),234,215,91.88
108,公立,技專校院,0047,國立高雄餐旅大學,學士班(日間),760,732,96.32
108,公立,技專校院,0047,國立高雄餐旅大學,學士班(進修),473,419,88.58
108,公立,技專校院,0047,國立高雄餐旅大學,五專,52,52,100.00
108,公立,一般大學,0048,國立金門大學,學士班(日間),684,622,90.94
108,公立,一般大學,0048,國立金門大學,學士班(進修),259,204,78.76
108,公立,一般大學,0049,國立臺灣體育運動大學,學士班(日間),565,515,91.15
108,公立,一般大學,0049,國立臺灣體育運動大學,學士班(進修),98,70,71.43
108,公立,技專校院,0050,國立臺中科技大學,學士班(日間),1941,1874,96.55
108,公立,技專校院,0050,國立臺中科技大學,學士班(進修),761,667,87.65
108,公立,技專校院,0050,國立臺中科技大學,五專,715,679,94.97
108,公立,技專校院,0051,國立臺北商業大學,學士班(日間),820,797,97.20
108,公立,技專校院,0051,國立臺北商業大學,學士班(進修),559,442,79.07
108,公立,技專校院,0051,國立臺北商業大學,五專,344,329,95.64
108,公立,一般大學,0052,國立屏東大學,學士班(日間),1567,1470,93.81
108,公立,一般大學,0052,國立屏東大學,學士班(進修),197,169,85.79
108,公立,技專校院,0053,國立高雄科技大學,學士班(日間),4352,4172,95.86
108,公立,技專校院,0053,國立高雄科技大學,學士班(進修),1046,870,83.17
108,公立,技專校院,0053,國立高雄科技大學,五專,227,216,95.15
108,公立,技專校院,0144,國立臺灣戲曲學院,學士班(日間),144,133,92.36
108,公立,技專校院,0221,國立臺南護理專科學校,二專(日間),63,57,90.48
108,公立,技專校院,0221,國立臺南護理專科學校,二專(進修),22,20,90.91
108,公立,技專校院,0221,國立臺南護理專科學校,五專,361,349,96.68
108,公立,技專校院,0222,國立臺東專科學校,二專(日間),300,272,90.67
108,公立,技專校院,0222,國立臺東專科學校,二專(進修),55,33,60.00
108,公立,技專校院,0222,國立臺東專科學校,五專,58,53,91.38
108,私立,一般大學,1001,東海大學,學士班(日間),2948,2745,93.11
108,私立,一般大學,1001,東海大學,學士班(進修),130,99,76.15
108,私立,一般大學,1002,輔仁大學,學士班(日間),3874,3582,92.46
108,私立,一般大學,1002,輔仁大學,學士班(進修),1058,787,74.39
108,私立,一般大學,1003,東吳大學,學士班(日間),2622,2372,90.47
108,私立,一般大學,1003,東吳大學,學士班(進修),226,167,73.89
108,私立,一般大學,1004,中原大學,學士班(日間),2883,2752,95.46
108,私立,一般大學,1005,淡江大學學校財團法人淡江大學,學士班(日間),4353,3976,91.34
108,私立,一般大學,1005,淡江大學學校財團法人淡江大學,學士班(進修),389,240,61.70
108,私立,一般大學,1006,中國文化大學,學士班(日間),4598,3984,86.65
108,私立,一般大學,1006,中國文化大學,學士班(進修),475,280,58.95
108,私立,一般大學,1007,逢甲大學,學士班(日間),3671,3495,95.21
108,私立,一般大學,1007,逢甲大學,學士班(進修),194,146,75.26
108,私立,一般大學,1008,靜宜大學,學士班(日間),2476,2270,91.68
108,私立,一般大學,1009,長庚大學,學士班(日間),1110,1029,92.70
108,私立,一般大學,1010,元智大學,學士班(日間),1599,1508,94.31
108,私立,一般大學,1011,中華大學學校財團法人中華大學,學士班(日間),1130,974,86.19
108,私立,一般大學,1011,中華大學學校財團法人中華大學,學士班(進修),296,34,11.49
108,私立,一般大學,1012,大葉大學,學士班(日間),1650,1430,86.67
108,私立,一般大學,1012,大葉大學,學士班(進修),300,158,52.67
108,私立,一般大學,1013,華梵學校財團法人華梵大學,學士班(日間),284,229,80.63
108,私立,一般大學,1014,義守大學,學士班(日間),2710,2398,88.49
108,私立,一般大學,1014,義守大學,學士班(進修),577,366,63.43
108,私立,一般大學,1015,世新大學,學士班(日間),2146,1976,92.08
108,私立,一般大學,1015,世新大學,學士班(進修),153,114,74.51
108,私立,一般大學,1016,銘傳大學,學士班(日間),3724,3402,91.35
108,私立,一般大學,1017,實踐大學,學士班(日間),2548,2209,86.70
108,私立,一般大學,1017,實踐大學,學士班(進修),509,363,71.32
108,私立,技專校院,1018,朝陽科技大學,學士班(日間),2678,2472,92.31
108,私立,技專校院,1018,朝陽科技大學,學士班(進修),857,583,68.03
108,私立,一般大學,1019,高雄醫學大學,學士班(日間),1148,1046,91.11
108,私立,一般大學,1019,高雄醫學大學,學士班(進修),13,12,92.31
108,私立,一般大學,1020,南華大學,學士班(日間),1019,904,88.71
108,私立,一般大學,1020,南華大學,學士班(進修),98,62,63.27
108,私立,一般大學,1021,真理大學,學士班(日間),1503,1267,84.30
108,私立,一般大學,1021,真理大學,學士班(進修),52,12,23.08
108,私立,一般大學,1022,大同大學,學士班(日間),869,782,89.99
108,私立,技專校院,1023,南臺學校財團法人南臺科技大學,學士班(日間),3081,2855,92.66
108,私立,技專校院,1023,南臺學校財團法人南臺科技大學,學士班(進修),1212,957,78.96
108,私立,技專校院,1023,南臺學校財團法人南臺科技大學,五專,66,62,93.94
108,私立,技專校院,1024,崑山科技大學,學士班(日間),1819,1580,86.86
108,私立,技專校院,1024,崑山科技大學,學士班(進修),885,557,62.94
108,私立,技專校院,1025,嘉藥學校財團法人嘉南藥理大學,學士班(日間),2360,2093,88.69
108,私立,技專校院,1025,嘉藥學校財團法人嘉南藥理大學,學士班(進修),918,544,59.26
108,私立,技專校院,1026,樹德科技大學,學士班(日間),1863,1673,89.80
108,私立,技專校院,1026,樹德科技大學,學士班(進修),828,479,57.85
108,私立,一般大學,1027,慈濟學校財團法人慈濟大學,學士班(日間),640,599,93.59
108,私立,一般大學,1028,臺北醫學大學,學士班(日間),895,818,91.40
108,私立,一般大學,1029,中山醫學大學,學士班(日間),1272,1154,90.72
108,私立,一般大學,1029,中山醫學大學,學士班(進修),38,33,86.84
108,私立,技專校院,1030,龍華科技大學,學士班(日間),1513,1342,88.70
108,私立,技專校院,1030,龍華科技大學,學士班(進修),1073,718,66.92
108,私立,技專校院,1030,龍華科技大學,五專,143,135,94.41
108,私立,技專校院,1031,輔英科技大學,學士班(日間),1730,1528,88.32
108,私立,技專校院,1031,輔英科技大學,學士班(進修),504,340,67.46
108,私立,技專校院,1031,輔英科技大學,五專,564,537,95.21
108,私立,技專校院,1032,明新學校財團法人明新科技大學,二專(日間),8,8,100.00
108,私立,技專校院,1032,明新學校財團法人明新科技大學,二專(進修),29,23,79.31
108,私立,技專校院,1032,明新學校財團法人明新科技大學,學士班(日間),1756,1572,89.52
108,私立,技專校院,1032,明新學校財團法人明新科技大學,學士班(進修),917,710,77.43
108,私立,一般大學,1033,長榮大學,學士班(日間),1959,1659,84.69
108,私立,一般大學,1033,長榮大學,學士班(進修),291,67,23.02
108,私立,技專校院,1034,弘光科技大學,二專(進修),85,63,74.12
108,私立,技專校院,1034,弘光科技大學,學士班(日間),2061,1932,93.74
108,私立,技專校院,1034,弘光科技大學,學士班(進修),1243,1017,81.82
108,私立,技專校院,1034,弘光科技大學,五專,54,52,96.30
108,私立,一般大學,1035,中國醫藥大學,學士班(日間),1139,1087,95.43
108,私立,技專校院,1036,健行學校財團法人健行科技大學,學士班(日間),1729,1499,86.70
108,私立,技專校院,1036,健行學校財團法人健行科技大學,學士班(進修),1184,829,70.02
108,私立,技專校院,1037,正修學校財團法人正修科技大學,二專(進修),183,131,71.58
108,私立,技專校院,1037,正修學校財團法人正修科技大學,學士班(日間),2110,1873,88.77
108,私立,技專校院,1037,正修學校財團法人正修科技大學,學士班(進修),2481,1979,79.77
108,私立,技專校院,1037,正修學校財團法人正修科技大學,五專,66,57,86.36
108,私立,技專校院,1038,萬能學校財團法人萬能科技大學,學士班(日間),1758,1463,83.22
108,私立,技專校院,1038,萬能學校財團法人萬能科技大學,學士班(進修),1383,709,51.27
108,私立,一般大學,1039,玄奘大學,學士班(日間),485,395,81.44
108,私立,一般大學,1039,玄奘大學,學士班(進修),88,21,23.86
108,私立,技專校院,1040,建國科技大學,學士班(日間),1281,1094,85.40
108,私立,技專校院,1040,建國科技大學,學士班(進修),742,531,71.56
108,私立,技專校院,1041,明志科技大學,學士班(日間),896,844,94.20
108,私立,技專校院,1041,明志科技大學,學士班(進修),133,116,87.22
108,私立,技專校院,1042,台鋼學校財團法人台鋼科技大學,學士班(日間),362,254,70.17
108,私立,技專校院,1042,台鋼學校財團法人台鋼科技大學,學士班(進修),252,174,69.05
108,私立,技專校院,1043,大仁科技大學,學士班(日間),914,757,82.82
108,私立,技專校院,1043,大仁科技大學,學士班(進修),945,562,59.47
108,私立,技專校院,1044,聖約翰科技大學,學士班(日間),531,276,51.98
108,私立,技專校院,1044,聖約翰科技大學,學士班(進修),196,114,58.16
108,私立,技專校院,1044,聖約翰科技大學,五專,66,47,71.21
108,私立,技專校院,1045,嶺東科技大學,學士班(日間),1819,1649,90.65
108,私立,技專校院,1045,嶺東科技大學,學士班(進修),801,479,59.80
108,私立,技專校院,1046,中國科技大學,二專(進修),24,22,91.67
108,私立,技專校院,1046,中國科技大學,學士班(日間),1655,1442,87.13
108,私立,技專校院,1046,中國科技大學,學士班(進修),409,257,62.84
108,私立,技專校院,1047,中臺科技大學,學士班(日間),1494,1353,90.56
108,私立,技專校院,1047,中臺科技大學,學士班(進修),798,614,76.94
108,私立,一般大學,1048,亞洲大學,學士班(日間),2262,2067,91.38
108,私立,一般大學,1048,亞洲大學,學士班(進修),287,207,72.13
108,私立,一般大學,1049,開南大學,學士班(日間),899,720,80.09
108,私立,一般大學,1049,開南大學,學士班(進修),248,138,55.65
108,私立,一般大學,1050,佛光大學,學士班(日間),698,622,89.11
108,私立,技專校院,1051,台南家專學校財團法人台南應用科技大學,學士班(日間),2062,1850,89.72
108,私立,技專校院,1051,台南家專學校財團法人台南應用科技大學,學士班(進修),996,666,66.87
108,私立,技專校院,1051,台南家專學校財團法人台南應用科技大學,五專,201,189,94.03
108,私立,技專校院,1052,中信金學校財團法人中信科技大學,二專(進修),20,17,85.00
108,私立,技專校院,1052,中信金學校財團法人中信科技大學,學士班(日間),1043,832,79.77
108,私立,技專校院,1052,中信金學校財團法人中信科技大學,學士班(進修),211,161,76.30
108,私立,技專校院,1053,光宇學校財團法人元培醫事科技大學,學士班(日間),1090,841,77.16
108,私立,技專校院,1053,光宇學校財團法人元培醫事科技大學,學士班(進修),520,421,80.96
108,私立,技專校院,1054,景文科技大學,學士班(日間),1130,951,84.16
108,私立,技專校院,1054,景文科技大學,學士班(進修),597,329,55.11
108,私立,技專校院,1055,中華醫事科技大學,二專(日間),48,48,100.00
108,私立,技專校院,1055,中華醫事科技大學,學士班(日間),1124,1022,90.93
108,私立,技專校院,1055,中華醫事科技大學,學士班(進修),563,412,73.18
108,私立,技專校院,1055,中華醫事科技大學,五專,601,570,94.84
108,私立,技專校院,1056,東南科技大學,學士班(日間),1292,1022,79.10
108,私立,技專校院,1056,東南科技大學,學士班(進修),221,141,63.80
108,私立,技專校院,1057,德明財經科技大學,學士班(日間),1701,1528,89.83
108,私立,技專校院,1057,德明財經科技大學,學士班(進修),133,82,61.65
108,私立,一般大學,1058,明道學校財團法人明道大學,學士班(日間),459,370,80.61
108,私立,一般大學,1058,明道學校財團法人明道大學,學士班(進修),197,153,77.66
108,私立,技專校院,1060,南開科技大學,學士班(日間),553,467,84.45
108,私立,技專校院,1060,南開科技大學,學士班(進修),186,144,77.42
108,私立,技專校院,1060,南開科技大學,五專,114,103,90.35
108,私立,技專校院,1061,中華學校財團法人中華科技大學,學士班(日間),888,760,85.59
108,私立,技專校院,1061,中華學校財團法人中華科技大學,學士班(進修),439,295,67.20
108,私立,技專校院,1062,僑光科技大學,學士班(日間),1541,1402,90.98
108,私立,技專校院,1062,僑光科技大學,學士班(進修),1216,910,74.84
108,私立,技專校院,1063,廣亞學校財團法人育達科技大學,學士班(日間),393,340,86.51
108,私立,技專校院,1063,廣亞學校財團法人育達科技大學,學士班(進修),771,566,73.41
108,私立,技專校院,1064,美和學校財團法人美和科技大學,二專(進修),17,13,76.47
108,私立,技專校院,1064,美和學校財團法人美和科技大學,學士班(日間),768,694,90.36
108,私立,技專校院,1064,美和學校財團法人美和科技大學,學士班(進修),658,467,70.97
108,私立,技專校院,1064,美和學校財團法人美和科技大學,五專,350,328,93.71
108,私立,技專校院,1065,吳鳳科技大學,學士班(日間),888,792,89.19
108,私立,技專校院,1065,吳鳳科技大學,學士班(進修),232,166,71.55
108,私立,技專校院,1066,環球學校財團法人環球科技大學,二專(進修),102,61,59.80
108,私立,技專校院,1066,環球學校財團法人環球科技大學,學士班(日間),588,472,80.27
108,私立,技專校院,1066,環球學校財團法人環球科技大學,學士班(進修),541,382,70.61
108,私立,一般大學,1067,台灣首府學校財團法人台灣首府大學,學士班(日間),249,167,67.07
108,私立,一般大學,1067,台灣首府學校財團法人台灣首府大學,學士班(進修),74,59,79.73
108,私立,技專校院,1068,中州學校財團法人中州科技大學,學士班(日間),196,161,82.14
108,私立,技專校院,1068,中州學校財團法人中州科技大學,學士班(進修),766,432,56.40
108,私立,技專校院,1069,修平學校財團法人修平科技大學,學士班(日間),868,716,82.49
108,私立,技專校院,1069,修平學校財團法人修平科技大學,學士班(進修),438,339,77.40
108,私立,技專校院,1070,長庚學校財團法人長庚科技大學,學士班(日間),1604,1562,97.38
108,私立,技專校院,1070,長庚學校財團法人長庚科技大學,學士班(進修),556,516,92.81
108,私立,技專校院,1071,城市學校財團法人臺北城市科技大學,學士班(日間),1764,1488,84.35
108,私立,技專校院,1071,城市學校財團法人臺北城市科技大學,學士班(進修),341,121,35.48
108,私立,技專校院,1071,城市學校財團法人臺北城市科技大學,五專,189,168,88.89
108,私立,技專校院,1072,大華學校財團法人敏實科技大學,二專(進修),63,0,0.00
108,私立,技專校院,1072,大華學校財團法人敏實科技大學,學士班(日間),25,19,76.00
108,私立,技專校院,1072,大華學校財團法人敏實科技大學,學士班(進修),178,53,29.78
108,私立,技專校院,1072,大華學校財團法人敏實科技大學,五專,40,29,72.50
108,私立,技專校院,1073,醒吾學校財團法人醒吾科技大學,學士班(日間),1195,980,82.01
108,私立,技專校院,1073,醒吾學校財團法人醒吾科技大學,學士班(進修),620,203,32.74
108,私立,技專校院,1073,醒吾學校財團法人醒吾科技大學,五專,86,74,86.05
108,私立,技專校院,1075,文藻學校財團法人文藻外語大學,學士班(日間),1300,1179,90.69
108,私立,技專校院,1075,文藻學校財團法人文藻外語大學,學士班(進修),635,439,69.13
108,私立,技專校院,1075,文藻學校財團法人文藻外語大學,五專,311,304,97.75
108,私立,技專校院,1076,華夏學校財團法人華夏科技大學,二專(進修),80,60,75.00
108,私立,技專校院,1076,華夏學校財團法人華夏科技大學,學士班(日間),475,312,65.68
108,私立,技專校院,1076,華夏學校財團法人華夏科技大學,學士班(進修),352,238,67.61
108,私立,技專校院,1076,華夏學校財團法人華夏科技大學,五專,132,120,90.91
108,私立,技專校院,1077,慈濟學校財團法人慈濟科技大學,學士班(日間),431,403,93.50
108,私立,技專校院,1077,慈濟學校財團法人慈濟科技大學,學士班(進修),51,35,68.63
108,私立,技專校院,1077,慈濟學校財團法人慈濟科技大學,五專,255,248,97.25
108,私立,技專校院,1078,致理學校財團法人致理科技大學,學士班(日間),1566,1486,94.89
108,私立,技專校院,1078,致理學校財團法人致理科技大學,學士班(進修),856,661,77.22
108,私立,技專校院,1078,致理學校財團法人致理科技大學,五專,332,308,92.77
108,私立,一般大學,1079,康寧學校財團法人康寧大學,二專(進修),132,107,81.06
108,私立,一般大學,1079,康寧學校財團法人康寧大學,學士班(日間),112,60,53.57
108,私立,一般大學,1079,康寧學校財團法人康寧大學,學士班(進修),80,33,41.25
108,私立,一般大學,1079,康寧學校財團法人康寧大學,五專,560,501,89.46
108,私立,技專校院,1080,宏國學校財團法人宏國德霖科技大學,二專(進修),92,71,77.17
108,私立,技專校院,1080,宏國學校財團法人宏國德霖科技大學,學士班(日間),743,579,77.93
108,私立,技專校院,1080,宏國學校財團法人宏國德霖科技大學,學士班(進修),814,603,74.08
108,私立,技專校院,1080,宏國學校財團法人宏國德霖科技大學,五專,240,206,85.83
108,私立,技專校院,1081,東方學校財團法人東方設計大學,學士班(日間),129,108,83.72
108,私立,技專校院,1081,東方學校財團法人東方設計大學,學士班(進修),36,24,66.67
108,私立,技專校院,1081,東方學校財團法人東方設計大學,五專,119,99,83.19
108,私立,技專校院,1082,崇右學校財團法人崇右影藝科技大學,學士班(日間),392,307,78.32
108,私立,技專校院,1083,台北海洋學校財團法人台北海洋科技大學,二專(日間),29,26,89.66
108,私立,技專校院,1083,台北海洋學校財團法人台北海洋科技大學,二專(進修),40,31,77.50
108,私立,技專校院,1083,台北海洋學校財團法人台北海洋科技大學,學士班(日間),725,585,80.69
108,私立,技專校院,1083,台北海洋學校財團法人台北海洋科技大學,學士班(進修),126,94,74.60
108,私立,技專校院,1083,台北海洋學校財團法人台北海洋科技大學,五專,144,126,87.50
108,私立,一般大學,1125,中信學校財團法人中信金融管理學院,學士班(日間),195,162,83.08
108,私立,技專校院,1148,大漢技術學院,二專(進修),79,60,75.95
108,私立,技專校院,1148,大漢技術學院,學士班(日間),87,63,72.41
108,私立,技專校院,1148,大漢技術學院,學士班(進修),249,165,66.27
108,私立,技專校院,1159,和春技術學院,二專(進修),82,66,80.49
108,私立,技專校院,1159,和春技術學院,學士班(日間),65,53,81.54
108,私立,技專校院,1159,和春技術學院,學士班(進修),142,94,66.20
108,私立,技專校院,1159,和春技術學院,五專,19,11,57.89
108,私立,技專校院,1166,亞東技術學院,學士班(日間),1176,1077,91.58
108,私立,技專校院,1166,亞東技術學院,學士班(進修),46,43,93.48
108,私立,技專校院,1168,南亞科技學校財團法人南亞技術學院,二專(進修),18,9,50.00
108,私立,技專校院,1168,南亞科技學校財團法人南亞技術學院,學士班(日間),401,315,78.55
108,私立,技專校院,1168,南亞科技學校財團法人南亞技術學院,學士班(進修),252,156,61.90
108,私立,技專校院,1168,南亞科技學校財團法人南亞技術學院,五專,59,46,77.97
108,私立,一般大學,1176,稻江科技暨管理學院,學士班(日間),450,287,63.78
108,私立,一般大學,1176,稻江科技暨管理學院,學士班(進修),190,132,69.47
108,私立,技專校院,1182,蘭陽技術學院,學士班(日間),132,104,78.79
108,私立,技專校院,1182,蘭陽技術學院,五專,65,45,69.23
108,私立,技專校院,1183,黎明技術學院,二專(進修),53,0,0.00
108,私立,技專校院,1183,黎明技術學院,學士班(日間),835,707,84.67
108,私立,技專校院,1183,黎明技術學院,學士班(進修),416,258,62.02
108,私立,技專校院,1183,黎明技術學院,五專,77,69,89.61
108,私立,技專校院,1185,德育學校財團法人德育護理健康學院,學士班(日間),571,477,83.54
108,私立,技專校院,1185,德育學校財團法人德育護理健康學院,學士班(進修),86,48,55.81
108,私立,技專校院,1185,德育學校財團法人德育護理健康學院,五專,232,199,85.78
108,私立,技專校院,1188,大同技術學院,學士班(日間),232,183,78.88
108,私立,技專校院,1188,大同技術學院,學士班(進修),275,154,56.00
108,私立,技專校院,1188,大同技術學院,五專,14,10,71.43
108,私立,技專校院,1192,臺灣觀光學院,二專(進修),30,25,83.33
108,私立,技專校院,1192,臺灣觀光學院,學士班(日間),82,37,45.12
108,私立,技專校院,1192,臺灣觀光學院,學士班(進修),60,43,71.67
108,私立,技專校院,1192,臺灣觀光學院,五專,3,2,66.67
108,私立,一般大學,1195,馬偕學校財團法人馬偕醫學院,學士班(日間),156,148,94.87
108,私立,一般大學,1196,法鼓學校財團法人法鼓文理學院,學士班(日間),12,12,100.00
108,私立,技專校院,1282,馬偕學校財團法人馬偕醫護管理專科學校,二專(日間),27,23,85.19
108,私立,技專校院,1282,馬偕學校財團法人馬偕醫護管理專科學校,二專(進修),214,82,38.32
108,私立,技專校院,1282,馬偕學校財團法人馬偕醫護管理專科學校,五專,777,723,93.05
108,私立,技專校院,1283,仁德醫護管理專科學校,二專(進修),232,121,52.16
108,私立,技專校院,1283,仁德醫護管理專科學校,五專,1140,1090,95.61
108,私立,技專校院,1284,樹人醫護管理專科學校,二專(進修),223,206,92.38
108,私立,技專校院,1284,樹人醫護管理專科學校,五專,1488,1348,90.59
108,私立,技專校院,1285,慈惠醫護管理專科學校,二專(日間),36,33,91.67
108,私立,技專校院,1285,慈惠醫護管理專科學校,二專(進修),136,96,70.59
108,私立,技專校院,1285,慈惠醫護管理專科學校,五專,749,683,91.19
108,私立,技專校院,1286,耕莘健康管理專科學校,二專(進修),62,47,75.81
108,私立,技專校院,1286,耕莘健康管理專科學校,五專,932,876,93.99
108,私立,技專校院,1287,敏惠醫護管理專科學校,五專,803,771,96.01
108,私立,技專校院,1289,育英醫護管理專科學校,五專,391,377,96.42
108,私立,技專校院,1291,聖母醫護管理專科學校,五專,439,377,85.88
108,私立,技專校院,1292,新生醫護管理專科學校,二專(進修),51,45,88.24
108,私立,技專校院,1292,新生醫護管理專科學校,五專,1234,1142,92.54
108,私立,技專校院,1293,崇仁醫護管理專科學校,五專,639,612,95.77
108,私立,宗教研修學院,1R03,臺北基督學院,學士班(日間),19,17,89.47
108,私立,宗教研修學院,1R04,財團法人一貫道天皇基金會一貫道天皇學院,學士班(日間),31,22,70.97
108,公立,一般大學,3002,臺北市立大學,學士班(日間),1230,1123,91.30
109,公立,一般大學,0001,國立政治大學,學士班(日間),1987,1917,96.48
109,公立,一般大學,0002,國立清華大學,學士班(日間),1802,1737,96.39
109,公立,一般大學,0003,國立臺灣大學,學士班(日間),3187,3052,95.76
109,公立,一般大學,0004,國立臺灣師範大學,學士班(日間),1706,1624,95.19
109,公立,一般大學,0005,國立成功大學,學士班(日間),2379,2246,94.41
109,公立,一般大學,0006,國立中興大學,學士班(日間),1756,1647,93.79
109,公立,一般大學,0006,國立中興大學,學士班(進修),214,191,89.25
109,公立,一般大學,0007,國立陽明交通大學,學士班(日間),1435,1354,94.36
109,公立,一般大學,0008,國立中央大學,學士班(日間),1331,1252,94.06
109,公立,一般大學,0009,國立中山大學,學士班(日間),1023,969,94.72
109,公立,一般大學,0012,國立臺灣海洋大學,學士班(日間),1342,1228,91.51
109,公立,一般大學,0012,國立臺灣海洋大學,學士班(進修),175,137,78.29
109,公立,一般大學,0013,國立中正大學,學士班(日間),1461,1352,92.54
109,公立,一般大學,0014,國立高雄師範大學,學士班(日間),854,797,93.33
109,公立,一般大學,0015,國立彰化師範大學,學士班(日間),1119,1042,93.12
109,公立,一般大學,0016,國立陽明大學,學士班(日間),377,352,93.37
109,公立,一般大學,0017,國立臺北大學,學士班(日間),1286,1211,94.17
109,公立,一般大學,0017,國立臺北大學,學士班(進修),553,450,81.37
109,公立,一般大學,0018,國立嘉義大學,學士班(日間),1742,1576,90.47
109,公立,一般大學,0018,國立嘉義大學,學士班(進修),518,437,84.36
109,公立,一般大學,0019,國立高雄大學,學士班(日間),1035,942,91.01
109,公立,一般大學,0019,國立高雄大學,學士班(進修),63,42,66.67
109,公立,一般大學,0020,國立東華大學,學士班(日間),1728,1619,93.69
109,公立,一般大學,0021,國立暨南國際大學,學士班(日間),965,892,92.44
109,公立,技專校院,0022,國立臺灣科技大學,學士班(日間),1258,1209,96.10
109,公立,技專校院,0023,國立雲林科技大學,學士班(日間),1542,1488,96.50
109,公立,技專校院,0023,國立雲林科技大學,學士班(進修),44,41,93.18
109,公立,技專校院,0024,國立屏東科技大學,學士班(日間),1802,1660,92.12
109,公立,技專校院,0024,國立屏東科技大學,學士班(進修),374,314,83.96
109,公立,技專校院,0025,國立臺北科技大學,學士班(日間),1438,1396,97.08
109,公立,技專校院,0025,國立臺北科技大學,學士班(進修),433,421,97.23
109,公立,技專校院,0025,國立臺北科技大學,五專,31,31,100.00
109,公立,一般大學,0028,國立臺北藝術大學,學士班(日間),363,344,94.77
109,公立,一般大學,0029,國立臺灣藝術大學,學士班(日間),489,458,93.66
109,公立,一般大學,0029,國立臺灣藝術大學,學士班(進修),524,482,91.98
109,公立,一般大學,0030,國立臺東大學,學士班(日間),876,792,90.41
109,公立,一般大學,0030,國立臺東大學,學士班(進修),146,96,65.75
109,公立,一般大學,0031,國立宜蘭大學,學士班(日間),1032,957,92.73
109,公立,一般大學,0031,國立宜蘭大學,學士班(進修),102,92,90.20
109,公立,一般大學,0032,國立聯合大學,學士班(日間),1429,1304,91.25
109,公立,一般大學,0032,國立聯合大學,學士班(進修),303,253,83.50
109,公立,技專校院,0033,國立虎尾科技大學,二專(日間),29,28,96.55
109,公立,技專校院,0033,國立虎尾科技大學,學士班(日間),1862,1767,94.90
109,公立,技專校院,0033,國立虎尾科技大學,學士班(進修),724,617,85.22
109,公立,技專校院,0033,國立虎尾科技大學,五專,41,39,95.12
109,公立,一般大學,0035,國立臺南藝術大學,學士班(日間),133,123,92.48
109,公立,一般大學,0036,國立臺南大學,學士班(日間),888,822,92.57
109,公立,一般大學,0036,國立臺南大學,學士班(進修),40,30,75.00
109,公立,一般大學,0037,國立臺北教育大學,學士班(日間),762,730,95.80
109,公立,一般大學,0039,國立臺中教育大學,學士班(日間),735,693,94.29
109,公立,技專校院,0042,國立澎湖科技大學,學士班(日間),663,581,87.63
109,公立,技專校院,0042,國立澎湖科技大學,學士班(進修),79,57,72.15
109,公立,技專校院,0042,國立澎湖科技大學,五專,11,10,90.91
109,公立,技專校院,0043,國立勤益科技大學,學士班(日間),1623,1536,94.64
109,公立,技專校院,0043,國立勤益科技大學,學士班(進修),949,828,87.25
109,公立,一般大學,0044,國立體育大學,學士班(日間),411,376,91.48
109,公立,一般大學,0044,國立體育大學,學士班(進修),44,37,84.09
109,公立,技專校院,0046,國立臺北護理健康大學,學士班(日間),1115,1063,95.34
109,公立,技專校院,0046,國立臺北護理健康大學,學士班(進修),238,222,93.28
109,公立,技專校院,0047,國立高雄餐旅大學,學士班(日間),732,698,95.36
109,公立,技專校院,0047,國立高雄餐旅大學,學士班(進修),335,326,97.31
109,公立,技專校院,0047,國立高雄餐旅大學,五專,52,51,98.08
109,公立,一般大學,0048,國立金門大學,學士班(日間),762,621,81.50
109,公立,一般大學,0048,國立金門大學,學士班(進修),259,186,71.81
109,公立,一般大學,0049,國立臺灣體育運動大學,學士班(日間),567,496,87.48
109,公立,一般大學,0049,國立臺灣體育運動大學,學士班(進修),98,77,78.57
109,公立,技專校院,0050,國立臺中科技大學,學士班(日間),1879,1794,95.48
109,公立,技專校院,0050,國立臺中科技大學,學士班(進修),694,598,86.17
109,公立,技專校院,0050,國立臺中科技大學,五專,758,734,96.83
109,公立,技專校院,0051,國立臺北商業大學,學士班(日間),836,803,96.05
109,公立,技專校院,0051,國立臺北商業大學,學士班(進修),571,482,84.41
109,公立,技專校院,0051,國立臺北商業大學,五專,345,333,96.52
109,公立,一般大學,0052,國立屏東大學,學士班(日間),1539,1454,94.48
109,公立,一般大學,0052,國立屏東大學,學士班(進修),225,192,85.33
109,公立,技專校院,0053,國立高雄科技大學,學士班(日間),4314,4110,95.27
109,公立,技專校院,0053,國立高雄科技大學,學士班(進修),1049,875,83.41
109,公立,技專校院,0053,國立高雄科技大學,五專,183,177,96.72
109,公立,技專校院,0144,國立臺灣戲曲學院,學士班(日間),141,125,88.65
109,公立,技專校院,0221,國立臺南護理專科學校,二專(日間),55,50,90.91
109,公立,技專校院,0221,國立臺南護理專科學校,五專,363,352,96.97
109,公立,技專校院,0222,國立臺東專科學校,二專(日間),291,258,88.66
109,公立,技專校院,0222,國立臺東專科學校,二專(進修),75,58,77.33
109,公立,技專校院,0222,國立臺東專科學校,五專,54,50,92.59
109,私立,一般大學,1001,東海大學,學士班(日間),2966,2745,92.55
109,私立,一般大學,1001,東海大學,學士班(進修),72,56,77.78
109,私立,一般大學,1002,輔仁大學,學士班(日間),3849,3527,91.63
109,私立,一般大學,1002,輔仁大學,學士班(進修),1066,822,77.11
109,私立,一般大學,1003,東吳大學,學士班(日間),2632,2412,91.64
109,私立,一般大學,1003,東吳大學,學士班(進修),259,199,76.83
109,私立,一般大學,1004,中原大學,學士班(日間),2896,2761,95.34
109,私立,一般大學,1005,淡江大學學校財團法人淡江大學,學士班(日間),4344,4052,93.28
109,私立,一般大學,1005,淡江大學學校財團法人淡江大學,學士班(進修),315,194,61.59
109,私立,一般大學,1006,中國文化大學,學士班(日間),4535,3946,87.01
109,私立,一般大學,1006,中國文化大學,學士班(進修),570,349,61.23
109,私立,一般大學,1007,逢甲大學,學士班(日間),3747,3594,95.92
109,私立,一般大學,1007,逢甲大學,學士班(進修),164,125,76.22
109,私立,一般大學,1008,靜宜大學,學士班(日間),2471,2220,89.84
109,私立,一般大學,1009,長庚大學,學士班(日間),1111,1014,91.27
109,私立,一般大學,1010,元智大學,學士班(日間),1596,1493,93.55
109,私立,一般大學,1011,中華大學學校財團法人中華大學,學士班(日間),968,792,81.82
109,私立,一般大學,1011,中華大學學校財團法人中華大學,學士班(進修),263,58,22.05
109,私立,一般大學,1012,大葉大學,學士班(日間),1479,1224,82.76
109,私立,一般大學,1012,大葉大學,學士班(進修),242,93,38.43
109,私立,一般大學,1013,華梵學校財團法人華梵大學,學士班(日間),115,85,73.91
109,私立,一般大學,1014,義守大學,學士班(日間),2711,2378,87.72
109,私立,一般大學,1014,義守大學,學士班(進修),532,263,49.44
109,私立,一般大學,1015,世新大學,學士班(日間),2144,1957,91.28
109,私立,一般大學,1015,世新大學,學士班(進修),112,92,82.14
109,私立,一般大學,1016,銘傳大學,學士班(日間),3747,3436,91.70
109,私立,一般大學,1017,實踐大學,學士班(日間),2515,2181,86.72
109,私立,一般大學,1017,實踐大學,學士班(進修),586,412,70.31
109,私立,技專校院,1018,朝陽科技大學,學士班(日間),2619,2433,92.90
109,私立,技專校院,1018,朝陽科技大學,學士班(進修),774,501,64.73
109,私立,一般大學,1019,高雄醫學大學,學士班(日間),1115,1022,91.66
109,私立,一般大學,1020,南華大學,學士班(日間),1012,886,87.55
109,私立,一般大學,1020,南華大學,學士班(進修),104,69,66.35
109,私立,一般大學,1021,真理大學,學士班(日間),1337,1091,81.60
109,私立,一般大學,1022,大同大學,學士班(日間),830,755,90.96
109,私立,技專校院,1023,南臺學校財團法人南臺科技大學,學士班(日間),3061,2845,92.94
109,私立,技專校院,1023,南臺學校財團法人南臺科技大學,學士班(進修),1133,879,77.58
109,私立,技專校院,1023,南臺學校財團法人南臺科技大學,五專,71,65,91.55
109,私立,技專校院,1024,崑山科技大學,學士班(日間),1719,1500,87.26
109,私立,技專校院,1024,崑山科技大學,學士班(進修),840,577,68.69
109,私立,技專校院,1025,嘉藥學校財團法人嘉南藥理大學,學士班(日間),2355,2146,91.13
109,私立,技專校院,1025,嘉藥學校財團法人嘉南藥理大學,學士班(進修),834,451,54.08
109,私立,技專校院,1026,樹德科技大學,學士班(日間),1774,1581,89.12
109,私立,技專校院,1026,樹德科技大學,學士班(進修),869,491,56.50
109,私立,一般大學,1027,慈濟學校財團法人慈濟大學,學士班(日間),650,593,91.23
109,私立,一般大學,1028,臺北醫學大學,學士班(日間),899,823,91.55
109,私立,一般大學,1029,中山醫學大學,學士班(日間),1309,1200,91.67
109,私立,一般大學,1029,中山醫學大學,學士班(進修),40,38,95.00
109,私立,技專校院,1030,龍華科技大學,學士班(日間),1531,1355,88.50
109,私立,技專校院,1030,龍華科技大學,學士班(進修),1046,779,74.47
109,私立,技專校院,1030,龍華科技大學,五專,156,146,93.59
109,私立,技專校院,1031,輔英科技大學,學士班(日間),1668,1493,89.51
109,私立,技專校院,1031,輔英科技大學,學士班(進修),616,407,66.07
109,私立,技專校院,1031,輔英科技大學,五專,555,528,95.14
109,私立,技專校院,1032,明新學校財團法人明新科技大學,二專(日間),26,24,92.31
109,私立,技專校院,1032,明新學校財團法人明新科技大學,二專(進修),13,9,69.23
109,私立,技專校院,1032,明新學校財團法人明新科技大學,學士班(日間),1603,1441,89.89
109,私立,技專校院,1032,明新學校財團法人明新科技大學,學士班(進修),994,792,79.68
109,私立,一般大學,1033,長榮大學,學士班(日間),1736,1527,87.96
109,私立,一般大學,1033,長榮大學,學士班(進修),296,88,29.73
109,私立,技專校院,1034,弘光科技大學,二專(進修),73,57,78.08
109,私立,技專校院,1034,弘光科技大學,學士班(日間),2056,1919,93.34
109,私立,技專校院,1034,弘光科技大學,學士班(進修),1182,982,83.08
109,私立,技專校院,1034,弘光科技大學,五專,52,51,98.08
109,私立,一般大學,1035,中國醫藥大學,學士班(日間),1129,1078,95.48
109,私立,技專校院,1036,健行學校財團法人健行科技大學,學士班(日間),1661,1459,87.84
109,私立,技專校院,1036,健行學校財團法人健行科技大學,學士班(進修),1213,865,71.31
109,私立,技專校院,1037,正修學校財團法人正修科技大學,二專(進修),74,54,72.97
109,私立,技專校院,1037,正修學校財團法人正修科技大學,學士班(日間),2005,1757,87.63
109,私立,技專校院,1037,正修學校財團法人正修科技大學,學士班(進修),2553,2009,78.69
109,私立,技專校院,1037,正修學校財團法人正修科技大學,五專,60,53,88.33
109,私立,技專校院,1038,萬能學校財團法人萬能科技大學,學士班(日間),1491,1236,82.90
109,私立,技專校院,1038,萬能學校財團法人萬能科技大學,學士班(進修),1472,898,61.01
109,私立,一般大學,1039,玄奘大學,學士班(日間),451,360,79.82
109,私立,技專校院,1040,建國科技大學,學士班(日間),1065,932,87.51
109,私立,技專校院,1040,建國科技大學,學士班(進修),818,554,67.73
109,私立,技專校院,1041,明志科技大學,學士班(日間),893,854,95.63
109,私立,技專校院,1041,明志科技大學,學士班(進修),119,94,78.99
109,私立,技專校院,1042,台鋼學校財團法人台鋼科技大學,學士班(日間),257,172,66.93
109,私立,技專校院,1042,台鋼學校財團法人台鋼科技大學,學士班(進修),241,164,68.05
109,私立,技專校院,1043,大仁科技大學,學士班(日間),841,704,83.71
109,私立,技專校院,1043,大仁科技大學,學士班(進修),885,656,74.12
109,私立,技專校院,1044,聖約翰科技大學,二專(進修),29,19,65.52
109,私立,技專校院,1044,聖約翰科技大學,學士班(日間),243,195,80.25
109,私立,技專校院,1044,聖約翰科技大學,學士班(進修),177,135,76.27
109,私立,技專校院,1044,聖約翰科技大學,五專,53,43,81.13
109,私立,技專校院,1045,嶺東科技大學,學士班(日間),1818,1668,91.75
109,私立,技專校院,1045,嶺東科技大學,學士班(進修),795,536,67.42
109,私立,技專校院,1046,中國科技大學,學士班(日間),1612,1421,88.15
109,私立,技專校院,1046,中國科技大學,學士班(進修),456,268,58.77
109,私立,技專校院,1047,中臺科技大學,學士班(日間),1451,1318,90.83
109,私立,技專校院,1047,中臺科技大學,學士班(進修),854,685,80.21
109,私立,一般大學,1048,亞洲大學,學士班(日間),2246,2020,89.94
109,私立,一般大學,1048,亞洲大學,學士班(進修),230,132,57.39
109,私立,一般大學,1049,開南大學,學士班(日間),878,715,81.44
109,私立,一般大學,1049,開南大學,學士班(進修),346,170,49.13
109,私立,一般大學,1050,佛光大學,學士班(日間),687,584,85.01
109,私立,技專校院,1051,台南家專學校財團法人台南應用科技大學,學士班(日間),2097,1898,90.51
109,私立,技專校院,1051,台南家專學校財團法人台南應用科技大學,學士班(進修),991,710,71.64
109,私立,技專校院,1051,台南家專學校財團法人台南應用科技大學,五專,199,182,91.46
109,私立,技專校院,1052,中信金學校財團法人中信科技大學,二專(進修),18,16,88.89
109,私立,技專校院,1052,中信金學校財團法人中信科技大學,學士班(日間),763,635,83.22
109,私立,技專校院,1052,中信金學校財團法人中信科技大學,學士班(進修),222,167,75.23
109,私立,技專校院,1053,光宇學校財團法人元培醫事科技大學,學士班(日間),993,832,83.79
109,私立,技專校院,1053,光宇學校財團法人元培醫事科技大學,學士班(進修),695,533,76.69
109,私立,技專校院,1054,景文科技大學,學士班(日間),1100,977,88.82
109,私立,技專校院,1054,景文科技大學,學士班(進修),684,366,53.51
109,私立,技專校院,1055,中華醫事科技大學,二專(日間),45,38,84.44
109,私立,技專校院,1055,中華醫事科技大學,學士班(日間),1010,931,92.18
109,私立,技專校院,1055,中華醫事科技大學,學士班(進修),570,401,70.35
109,私立,技專校院,1055,中華醫事科技大學,五專,624,581,93.11
109,私立,技專校院,1056,東南科技大學,學士班(日間),1069,871,81.48
109,私立,技專校院,1056,東南科技大學,學士班(進修),243,133,54.73
109,私立,技專校院,1057,德明財經科技大學,學士班(日間),1692,1524,90.07
109,私立,技專校院,1057,德明財經科技大學,學士班(進修),168,118,70.24
109,私立,一般大學,1058,明道學校財團法人明道大學,學士班(日間),349,291,83.38
109,私立,一般大學,1058,明道學校財團法人明道大學,學士班(進修),228,101,44.30
109,私立,技專校院,1060,南開科技大學,學士班(日間),360,305,84.72
109,私立,技專校院,1060,南開科技大學,學士班(進修),192,124,64.58
109,私立,技專校院,1060,南開科技大學,五專,84,73,86.90
109,私立,技專校院,1061,中華學校財團法人中華科技大學,學士班(日間),792,704,88.89
109,私立,技專校院,1061,中華學校財團法人中華科技大學,學士班(進修),460,254,55.22
109,私立,技專校院,1062,僑光科技大學,學士班(日間),1521,1362,89.55
109,私立,技專校院,1062,僑光科技大學,學士班(進修),1194,867,72.61
109,私立,技專校院,1063,廣亞學校財團法人育達科技大學,學士班(日間),352,308,87.50
109,私立,技專校院,1063,廣亞學校財團法人育達科技大學,學士班(進修),738,557,75.47
109,私立,技專校院,1064,美和學校財團法人美和科技大學,學士班(日間),767,694,90.48
109,私立,技專校院,1064,美和學校財團法人美和科技大學,學士班(進修),510,388,76.08
109,私立,技專校院,1064,美和學校財團法人美和科技大學,五專,328,311,94.82
109,私立,技專校院,1065,吳鳳科技大學,學士班(日間),707,627,88.68
109,私立,技專校院,1065,吳鳳科技大學,學士班(進修),271,165,60.89
109,私立,技專校院,1066,環球學校財團法人環球科技大學,二專(進修),97,48,49.48
109,私立,技專校院,1066,環球學校財團法人環球科技大學,學士班(日間),537,441,82.12
109,私立,技專校院,1066,環球學校財團法人環球科技大學,學士班(進修),424,240,56.60
109,私立,一般大學,1067,台灣首府學校財團法人台灣首府大學,學士班(日間),171,135,78.95
109,私立,一般大學,1067,台灣首府學校財團法人台灣首府大學,學士班(進修),42,32,76.19
109,私立,技專校院,1068,中州學校財團法人中州科技大學,學士班(日間),255,148,58.04
109,私立,技專校院,1068,中州學校財團法人中州科技大學,學士班(進修),712,413,58.01
109,私立,技專校院,1069,修平學校財團法人修平科技大學,學士班(日間),747,601,80.46
109,私立,技專校院,1069,修平學校財團法人修平科技大學,學士班(進修),458,287,62.66
109,私立,技專校院,1070,長庚學校財團法人長庚科技大學,學士班(日間),1587,1540,97.04
109,私立,技專校院,1070,長庚學校財團法人長庚科技大學,學士班(進修),571,501,87.74
109,私立,技專校院,1071,城市學校財團法人臺北城市科技大學,二專(進修),11,6,54.55
109,私立,技專校院,1071,城市學校財團法人臺北城市科技大學,學士班(日間),1752,1453,82.93
109,私立,技專校院,1071,城市學校財團法人臺北城市科技大學,學士班(進修),362,156,43.09
109,私立,技專校院,1071,城市學校財團法人臺北城市科技大學,五專,192,174,90.63
109,私立,技專校院,1072,大華學校財團法人敏實科技大學,學士班(日間),29,23,79.31
109,私立,技專校院,1072,大華學校財團法人敏實科技大學,學士班(進修),92,70,76.09
109,私立,技專校院,1072,大華學校財團法人敏實科技大學,五專,42,34,80.95
109,私立,技專校院,1073,醒吾學校財團法人醒吾科技大學,學士班(日間),1136,957,84.24
109,私立,技專校院,1073,醒吾學校財團法人醒吾科技大學,學士班(進修),292,122,41.78
109,私立,技專校院,1073,醒吾學校財團法人醒吾科技大學,五專,51,43,84.31
109,私立,技專校院,1075,文藻學校財團法人文藻外語大學,學士班(日間),1285,1159,90.19
109,私立,技專校院,1075,文藻學校財團法人文藻外語大學,學士班(進修),621,411,66.18
109,私立,技專校院,1075,文藻學校財團法人文藻外語大學,五專,365,350,95.89
109,私立,技專校院,1076,華夏學校財團法人華夏科技大學,二專(進修),73,55,75.34
109,私立,技專校院,1076,華夏學校財團法人華夏科技大學,學士班(日間),401,325,81.05
109,私立,技專校院,1076,華夏學校財團法人華夏科技大學,學士班(進修),521,402,77.16
109,私立,技專校院,1076,華夏學校財團法人華夏科技大學,五專,108,83,76.85
109,私立,技專校院,1077,慈濟學校財團法人慈濟科技大學,學士班(日間),414,381,92.03
109,私立,技專校院,1077,慈濟學校財團法人慈濟科技大學,學士班(進修),54,45,83.33
109,私立,技專校院,1077,慈濟學校財團法人慈濟科技大學,五專,284,269,94.72
109,私立,技專校院,1078,致理學校財團法人致理科技大學,學士班(日間),1575,1500,95.24
109,私立,技專校院,1078,致理學校財團法人致理科技大學,學士班(進修),827,628,75.94
109,私立,技專校院,1078,致理學校財團法人致理科技大學,五專,330,306,92.73
109,私立,一般大學,1079,康寧學校財團法人康寧大學,二專(進修),93,80,86.02
109,私立,一般大學,1079,康寧學校財團法人康寧大學,學士班(日間),65,44,67.69
109,私立,一般大學,1079,康寧學校財團法人康寧大學,學士班(進修),60,55,91.67
109,私立,一般大學,1079,康寧學校財團法人康寧大學,五專,524,484,92.37
109,私立,技專校院,1080,宏國學校財團法人宏國德霖科技大學,二專(進修),26,26,100.00
109,私立,技專校院,1080,宏國學校財團法人宏國德霖科技大學,學士班(日間),518,431,83.20
109,私立,技專校院,1080,宏國學校財團法人宏國德霖科技大學,學士班(進修),839,642,76.52
109,私立,技專校院,1080,宏國學校財團法人宏國德霖科技大學,五專,212,181,85.38
109,私立,技專校院,1081,東方學校財團法人東方設計大學,學士班(日間),64,47,73.44
109,私立,技專校院,1081,東方學校財團法人東方設計大學,學士班(進修),27,7,25.93
109,私立,技專校院,1081,東方學校財團法人東方設計大學,五專,109,88,80.73
109,私立,技專校院,1082,崇右學校財團法人崇右影藝科技大學,學士班(日間),412,316,76.70
109,私立,技專校院,1083,台北海洋學校財團法人台北海洋科技大學,二專(日間),21,15,71.43
109,私立,技專校院,1083,台北海洋學校財團法人台北海洋科技大學,二專(進修),86,67,77.91
109,私立,技專校院,1083,台北海洋學校財團法人台北海洋科技大學,學士班(日間),745,604,81.07
109,私立,技專校院,1083,台北海洋學校財團法人台北海洋科技大學,學士班(進修),177,143,80.79
109,私立,技專校院,1083,台北海洋學校財團法人台北海洋科技大學,五專,166,144,86.75
109,私立,一般大學,1125,中信學校財團法人中信金融管理學院,學士班(日間),197,162,82.23
109,私立,技專校院,1148,大漢技術學院,二專(進修),101,67,66.34
109,私立,技專校院,1148,大漢技術學院,學士班(日間),52,47,90.38
109,私立,技專校院,1148,大漢技術學院,學士班(進修),245,150,61.22
109,私立,技專校院,1159,和春技術學院,二專(進修),98,73,74.49
109,私立,技專校院,1159,和春技術學院,學士班(日間),43,28,65.12
109,私立,技專校院,1159,和春技術學院,學士班(進修),172,149,86.63
109,私立,技專校院,1159,和春技術學院,五專,5,3,60.00
109,私立,技專校院,1166,亞東技術學院,學士班(日間),1126,1043,92.63
109,私立,技專校院,1166,亞東技術學院,學士班(進修),49,45,91.84
109,私立,技專校院,1168,南亞科技學校財團法人南亞技術學院,學士班(日間),310,272,87.74
109,私立,技專校院,1168,南亞科技學校財團法人南亞技術學院,學士班(進修),370,219,59.19
109,私立,技專校院,1168,南亞科技學校財團法人南亞技術學院,五專,38,37,97.37
109,私立,一般大學,1176,稻江科技暨管理學院,學士班(日間),94,1,1.06
109,私立,一般大學,1176,稻江科技暨管理學院,學士班(進修),167,46,27.54
109,私立,技專校院,1182,蘭陽技術學院,學士班(日間),26,19,73.08
109,私立,技專校院,1182,蘭陽技術學院,五專,21,17,80.95
109,私立,技專校院,1183,黎明技術學院,學士班(日間),824,647,78.52
109,私立,技專校院,1183,黎明技術學院,學士班(進修),539,286,53.06
109,私立,技專校院,1183,黎明技術學院,五專,50,45,90.00
109,私立,技專校院,1185,德育學校財團法人德育護理健康學院,學士班(日間),486,395,81.28
109,私立,技專校院,1185,德育學校財團法人德育護理健康學院,學士班(進修),91,38,41.76
109,私立,技專校院,1185,德育學校財團法人德育護理健康學院,五專,232,190,81.90
109,私立,技專校院,1188,大同技術學院,學士班(日間),92,68,73.91
109,私立,技專校院,1188,大同技術學院,學士班(進修),189,137,72.49
109,私立,技專校院,1188,大同技術學院,五專,8,8,100.00
109,私立,技專校院,1192,臺灣觀光學院,二專(進修),29,18,62.07
109,私立,技專校院,1192,臺灣觀光學院,學士班(日間),74,19,25.68
109,私立,技專校院,1192,臺灣觀光學院,學士班(進修),57,21,36.84
109,私立,技專校院,1192,臺灣觀光學院,五專,14,7,50.00
109,私立,一般大學,1195,馬偕學校財團法人馬偕醫學院,學士班(日間),147,140,95.24
109,私立,一般大學,1196,法鼓學校財團法人法鼓文理學院,學士班(日間),12,8,66.67
109,私立,技專校院,1282,馬偕學校財團法人馬偕醫護管理專科學校,二專(日間),30,28,93.33
109,私立,技專校院,1282,馬偕學校財團法人馬偕醫護管理專科學校,二專(進修),153,87,56.86
109,私立,技專校院,1282,馬偕學校財團法人馬偕醫護管理專科學校,五專,769,714,92.85
109,私立,技專校院,1283,仁德醫護管理專科學校,二專(進修),260,131,50.38
109,私立,技專校院,1283,仁德醫護管理專科學校,五專,1182,1106,93.57
109,私立,技專校院,1284,樹人醫護管理專科學校,二專(進修),243,220,90.53
109,私立,技專校院,1284,樹人醫護管理專科學校,五專,1453,1324,91.12
109,私立,技專校院,1285,慈惠醫護管理專科學校,二專(日間),52,48,92.31
109,私立,技專校院,1285,慈惠醫護管理專科學校,二專(進修),134,84,62.69
109,私立,技專校院,1285,慈惠醫護管理專科學校,五專,604,551,91.23
109,私立,技專校院,1286,耕莘健康管理專科學校,二專(進修),64,60,93.75
109,私立,技專校院,1286,耕莘健康管理專科學校,五專,819,775,94.63
109,私立,技專校院,1287,敏惠醫護管理專科學校,五專,782,737,94.25
109,私立,技專校院,1289,育英醫護管理專科學校,五專,369,349,94.58
109,私立,技專校院,1291,聖母醫護管理專科學校,二專(日間),22,21,95.45
109,私立,技專校院,1291,聖母醫護管理專科學校,二專(進修),18,16,88.89
109,私立,技專校院,1291,聖母醫護管理專科學校,五專,394,350,88.83
109,私立,技專校院,1292,新生醫護管理專科學校,二專(進修),31,22,70.97
109,私立,技專校院,1292,新生醫護管理專科學校,五專,1167,1108,94.94
109,私立,技專校院,1293,崇仁醫護管理專科學校,五專,665,644,96.84
109,私立,宗教研修學院,1R03,臺北基督學院,學士班(日間),18,18,100.00
109,私立,宗教研修學院,1R04,財團法人一貫道天皇基金會一貫道天皇學院,學士班(日間),25,19,76.00
109,公立,一般大學,3002,臺北市立大學,學士班(日間),1254,1153,91.95
110,公立,一般大學,0001,國立政治大學,學士班(日間),2022,1910,94.46
110,公立,一般大學,0002,國立清華大學,學士班(日間),1895,1813,95.67
110,公立,一般大學,0003,國立臺灣大學,學士班(日間),3228,3084,95.54
110,公立,一般大學,0004,國立臺灣師範大學,學士班(日間),1748,1662,95.08
110,公立,一般大學,0005,國立成功大學,學士班(日間),2445,2289,93.62
110,公立,一般大學,0006,國立中興大學,學士班(日間),1779,1645,92.47
110,公立,一般大學,0006,國立中興大學,學士班(進修),230,196,85.22
110,公立,一般大學,0007,國立陽明交通大學,學士班(日間),1780,1688,94.83
110,公立,一般大學,0008,國立中央大學,學士班(日間),1458,1371,94.03
110,公立,一般大學,0009,國立中山大學,學士班(日間),1066,1001,93.90
110,公立,一般大學,0012,國立臺灣海洋大學,學士班(日間),1343,1267,94.34
110,公立,一般大學,0012,國立臺灣海洋大學,學士班(進修),189,163,86.24
110,公立,一般大學,0013,國立中正大學,學士班(日間),1482,1383,93.32
110,公立,一般大學,0014,國立高雄師範大學,學士班(日間),888,813,91.55
110,公立,一般大學,0015,國立彰化師範大學,學士班(日間),1136,1081,95.16
110,公立,一般大學,0017,國立臺北大學,學士班(日間),1330,1267,95.26
110,公立,一般大學,0017,國立臺北大學,學士班(進修),573,460,80.28
110,公立,一般大學,0018,國立嘉義大學,學士班(日間),1746,1629,93.30
110,公立,一般大學,0018,國立嘉義大學,學士班(進修),471,389,82.59
110,公立,一般大學,0019,國立高雄大學,學士班(日間),1022,944,92.37
110,公立,一般大學,0019,國立高雄大學,學士班(進修),58,38,65.52
110,公立,一般大學,0020,國立東華大學,學士班(日間),1769,1658,93.73
110,公立,一般大學,0021,國立暨南國際大學,學士班(日間),994,939,94.47
110,公立,技專校院,0022,國立臺灣科技大學,學士班(日間),1301,1257,96.62
110,公立,技專校院,0023,國立雲林科技大學,學士班(日間),1589,1527,96.10
110,公立,技專校院,0023,國立雲林科技大學,學士班(進修),57,50,87.72
110,公立,技專校院,0024,國立屏東科技大學,學士班(日間),1824,1700,93.20
110,公立,技專校院,0024,國立屏東科技大學,學士班(進修),403,346,85.86
110,公立,技專校院,0025,國立臺北科技大學,學士班(日間),1448,1396,96.41
110,公立,技專校院,0025,國立臺北科技大學,學士班(進修),436,415,95.18
110,公立,技專校院,0025,國立臺北科技大學,五專,32,31,96.88
110,公立,一般大學,0028,國立臺北藝術大學,學士班(日間),340,321,94.41
110,公立,一般大學,0029,國立臺灣藝術大學,學士班(日間),480,461,96.04
110,公立,一般大學,0029,國立臺灣藝術大學,學士班(進修),509,476,93.52
110,公立,一般大學,0030,國立臺東大學,學士班(日間),910,827,90.88
110,公立,一般大學,0030,國立臺東大學,學士班(進修),148,118,79.73
110,公立,一般大學,0031,國立宜蘭大學,學士班(日間),1070,972,90.84
110,公立,一般大學,0031,國立宜蘭大學,學士班(進修),99,84,84.85
110,公立,一般大學,0032,國立聯合大學,學士班(日間),1495,1402,93.78
110,公立,一般大學,0032,國立聯合大學,學士班(進修),247,184,74.49
110,公立,技專校院,0033,國立虎尾科技大學,二專(日間),27,21,77.78
110,公立,技專校院,0033,國立虎尾科技大學,學士班(日間),1952,1833,93.90
110,公立,技專校院,0033,國立虎尾科技大學,學士班(進修),669,556,83.11
110,公立,技專校院,0033,國立虎尾科技大學,五專,83,81,97.59
110,公立,一般大學,0035,國立臺南藝術大學,學士班(日間),136,118,86.76
110,公立,一般大學,0036,國立臺南大學,學士班(日間),921,861,93.49
110,公立,一般大學,0036,國立臺南大學,學士班(進修),57,45,78.95
110,公立,一般大學,0037,國立臺北教育大學,學士班(日間),766,730,95.30
110,公立,一般大學,0039,國立臺中教育大學,學士班(日間),731,682,93.30
110,公立,技專校院,0042,國立澎湖科技大學,學士班(日間),667,593,88.91
110,公立,技專校院,0042,國立澎湖科技大學,學士班(進修),85,59,69.41
110,公立,技專校院,0042,國立澎湖科技大學,五專,10,10,100.00
110,公立,技專校院,0043,國立勤益科技大學,二專(進修),225,173,76.89
110,公立,技專校院,0043,國立勤益科技大學,學士班(日間),1683,1581,93.94
110,公立,技專校院,0043,國立勤益科技大學,學士班(進修),1219,1034,84.82
110,公立,一般大學,0044,國立體育大學,學士班(日間),429,388,90.44
110,公立,一般大學,0044,國立體育大學,學士班(進修),39,32,82.05
110,公立,技專校院,0046,國立臺北護理健康大學,學士班(日間),1126,1080,95.91
110,公立,技專校院,0046,國立臺北護理健康大學,學士班(進修),247,238,96.36
110,公立,技專校院,0047,國立高雄餐旅大學,學士班(日間),720,698,96.94
110,公立,技專校院,0047,國立高雄餐旅大學,學士班(進修),332,323,97.29
110,公立,技專校院,0047,國立高雄餐旅大學,五專,50,50,100.00
110,公立,一般大學,0048,國立金門大學,學士班(日間),689,625,90.71
110,公立,一般大學,0048,國立金門大學,學士班(進修),209,166,79.43
110,公立,一般大學,0049,國立臺灣體育運動大學,學士班(日間),578,516,89.27
110,公立,一般大學,0049,國立臺灣體育運動大學,學士班(進修),98,82,83.67
110,公立,技專校院,0050,國立臺中科技大學,二專(進修),650,501,77.08
110,公立,技專校院,0050,國立臺中科技大學,學士班(日間),1958,1878,95.91
110,公立,技專校院,0050,國立臺中科技大學,學士班(進修),1433,1185,82.69
110,公立,技專校院,0050,國立臺中科技大學,五專,765,742,96.99
110,公立,技專校院,0051,國立臺北商業大學,二專(進修),255,221,86.67
110,公立,技專校院,0051,國立臺北商業大學,學士班(日間),860,832,96.74
110,公立,技專校院,0051,國立臺北商業大學,學士班(進修),755,657,87.02
110,公立,技專校院,0051,國立臺北商業大學,五專,346,335,96.82
110,公立,一般大學,0052,國立屏東大學,學士班(日間),1575,1502,95.37
110,公立,一般大學,0052,國立屏東大學,學士班(進修),243,211,86.83
110,公立,技專校院,0053,國立高雄科技大學,學士班(日間),4425,4235,95.71
110,公立,技專校院,0053,國立高雄科技大學,學士班(進修),993,823,82.88
110,公立,技專校院,0053,國立高雄科技大學,五專,148,142,95.95
110,公立,技專校院,0144,國立臺灣戲曲學院,學士班(日間),139,126,90.65
110,公立,技專校院,0221,國立臺南護理專科學校,二專(日間),59,56,94.92
110,公立,技專校院,0221,國立臺南護理專科學校,五專,373,369,98.93
110,公立,技專校院,0222,國立臺東專科學校,二專(日間),318,289,90.88
110,公立,技專校院,0222,國立臺東專科學校,二專(進修),60,55,91.67
110,公立,技專校院,0222,國立臺東專科學校,五專,43,35,81.40
110,私立,一般大學,1001,東海大學,學士班(日間),3035,2822,92.98
110,私立,一般大學,1001,東海大學,學士班(進修),73,54,73.97
110,私立,一般大學,1002,輔仁大學,學士班(日間),3950,3640,92.15
110,私立,一般大學,1002,輔仁大學,學士班(進修),1024,763,74.51
110,私立,一般大學,1003,東吳大學,學士班(日間),2655,2468,92.96
110,私立,一般大學,1003,東吳大學,學士班(進修),212,155,73.11
110,私立,一般大學,1004,中原大學,學士班(日間),2952,2829,95.83
110,私立,一般大學,1005,淡江大學學校財團法人淡江大學,學士班(日間),4476,4217,94.21
110,私立,一般大學,1005,淡江大學學校財團法人淡江大學,學士班(進修),284,199,70.07
110,私立,一般大學,1006,中國文化大學,學士班(日間),4583,4016,87.63
110,私立,一般大學,1006,中國文化大學,學士班(進修),408,251,61.52
110,私立,一般大學,1007,逢甲大學,學士班(日間),3862,3685,95.42
110,私立,一般大學,1007,逢甲大學,學士班(進修),209,169,80.86
110,私立,一般大學,1008,靜宜大學,學士班(日間),2563,2365,92.27
110,私立,一般大學,1009,長庚大學,學士班(日間),1150,1053,91.57
110,私立,一般大學,1010,元智大學,學士班(日間),1683,1587,94.30
110,私立,一般大學,1011,中華大學學校財團法人中華大學,學士班(日間),931,810,87.00
110,私立,一般大學,1011,中華大學學校財團法人中華大學,學士班(進修),135,64,47.41
110,私立,一般大學,1012,大葉大學,學士班(日間),1371,1184,86.36
110,私立,一般大學,1012,大葉大學,學士班(進修),129,69,53.49
110,私立,一般大學,1013,華梵學校財團法人華梵大學,學士班(日間),166,116,69.88
110,私立,一般大學,1014,義守大學,學士班(日間),2666,2356,88.37
110,私立,一般大學,1014,義守大學,學士班(進修),313,160,51.12
110,私立,一般大學,1015,世新大學,學士班(日間),2146,1989,92.68
110,私立,一般大學,1015,世新大學,學士班(進修),99,73,73.74
110,私立,一般大學,1016,銘傳大學,學士班(日間),3782,3487,92.20
110,私立,一般大學,1017,實踐大學,學士班(日間),2519,2212,87.81
110,私立,一般大學,1017,實踐大學,學士班(進修),489,360,73.62
110,私立,技專校院,1018,朝陽科技大學,學士班(日間),2639,2417,91.59
110,私立,技專校院,1018,朝陽科技大學,學士班(進修),502,348,69.32
110,私立,一般大學,1019,高雄醫學大學,學士班(日間),1137,1055,92.79
110,私立,一般大學,1020,南華大學,學士班(日間),969,849,87.62
110,私立,一般大學,1020,南華大學,學士班(進修),95,65,68.42
110,私立,一般大學,1021,真理大學,學士班(日間),1355,1151,84.94
110,私立,一般大學,1022,大同大學,學士班(日間),863,773,89.57
110,私立,技專校院,1023,南臺學校財團法人南臺科技大學,學士班(日間),2943,2697,91.64
110,私立,技專校院,1023,南臺學校財團法人南臺科技大學,學士班(進修),818,623,76.16
110,私立,技專校院,1023,南臺學校財團法人南臺科技大學,五專,88,83,94.32
110,私立,技專校院,1024,崑山科技大學,二專(進修),14,9,64.29
110,私立,技專校院,1024,崑山科技大學,學士班(日間),1339,1174,87.68
110,私立,技專校院,1024,崑山科技大學,學士班(進修),803,540,67.25
110,私立,技專校院,1025,嘉藥學校財團法人嘉南藥理大學,學士班(日間),1951,1782,91.34
110,私立,技專校院,1025,嘉藥學校財團法人嘉南藥理大學,學士班(進修),824,466,56.55
110,私立,技專校院,1026,樹德科技大學,二專(進修),217,168,77.42
110,私立,技專校院,1026,樹德科技大學,學士班(日間),1453,1266,87.13
110,私立,技專校院,1026,樹德科技大學,學士班(進修),698,435,62.32
110,私立,一般大學,1027,慈濟學校財團法人慈濟大學,學士班(日間),675,609,90.22
110,私立,一般大學,1028,臺北醫學大學,學士班(日間),928,866,93.32
110,私立,一般大學,1029,中山醫學大學,學士班(日間),1295,1194,92.20
110,私立,一般大學,1029,中山醫學大學,學士班(進修),40,36,90.00
110,私立,技專校院,1030,龍華科技大學,學士班(日間),1548,1373,88.70
110,私立,技專校院,1030,龍華科技大學,學士班(進修),998,641,64.23
110,私立,技專校院,1030,龍華科技大學,五專,184,165,89.67
110,私立,技專校院,1031,輔英科技大學,學士班(日間),1549,1424,91.93
110,私立,技專校院,1031,輔英科技大學,學士班(進修),719,434,60.36
110,私立,技專校院,1031,輔英科技大學,五專,598,575,96.15
110,私立,技專校院,1032,明新學校財團法人明新科技大學,二專(日間),13,12,92.31
110,私立,技專校院,1032,明新學校財團法人明新科技大學,二專(進修),130,101,77.69
110,私立,技專校院,1032,明新學校財團法人明新科技大學,學士班(日間),1271,1123,88.36
110,私立,技專校院,1032,明新學校財團法人明新科技大學,學士班(進修),1065,862,80.94
110,私立,一般大學,1033,長榮大學,學士班(日間),1801,1515,84.12
110,私立,一般大學,1033,長榮大學,學士班(進修),125,52,41.60
110,私立,技專校院,1034,弘光科技大學,二專(進修),63,46,73.02
110,私立,技專校院,1034,弘光科技大學,學士班(日間),2022,1888,93.37
110,私立,技專校院,1034,弘光科技大學,學士班(進修),1187,989,83.32
110,私立,技專校院,1034,弘光科技大學,五專,51,50,98.04
110,私立,一般大學,1035,中國醫藥大學,學士班(日間),1211,1151,95.05
110,私立,技專校院,1036,健行學校財團法人健行科技大學,學士班(日間),1326,1145,86.35
110,私立,技專校院,1036,健行學校財團法人健行科技大學,學士班(進修),1277,965,75.57
110,私立,技專校院,1037,正修學校財團法人正修科技大學,二專(進修),612,455,74.35
110,私立,技專校院,1037,正修學校財團法人正修科技大學,學士班(日間),1842,1626,88.27
110,私立,技專校院,1037,正修學校財團法人正修科技大學,學士班(進修),2404,1934,80.45
110,私立,技專校院,1037,正修學校財團法人正修科技大學,五專,70,65,92.86
110,私立,技專校院,1038,萬能學校財團法人萬能科技大學,二專(進修),39,27,69.23
110,私立,技專校院,1038,萬能學校財團法人萬能科技大學,學士班(日間),1288,991,76.94
110,私立,技專校院,1038,萬能學校財團法人萬能科技大學,學士班(進修),933,626,67.10
110,私立,一般大學,1039,玄奘大學,學士班(日間),367,309,84.20
110,私立,技專校院,1040,建國科技大學,二專(進修),55,39,70.91
110,私立,技專校院,1040,建國科技大學,學士班(日間),534,475,88.95
110,私立,技專校院,1040,建國科技大學,學士班(進修),673,493,73.25
110,私立,技專校院,1041,明志科技大學,學士班(日間),866,830,95.84
110,私立,技專校院,1041,明志科技大學,學士班(進修),26,22,84.62
110,私立,技專校院,1042,台鋼學校財團法人台鋼科技大學,二專(進修),111,42,37.84
110,私立,技專校院,1042,台鋼學校財團法人台鋼科技大學,學士班(日間),121,89,73.55
110,私立,技專校院,1042,台鋼學校財團法人台鋼科技大學,學士班(進修),391,251,64.19
110,私立,技專校院,1043,大仁科技大學,二專(進修),54,38,70.37
110,私立,技專校院,1043,大仁科技大學,學士班(日間),593,495,83.47
110,私立,技專校院,1043,大仁科技大學,學士班(進修),703,548,77.95
110,私立,技專校院,1044,聖約翰科技大學,二專(進修),40,38,95.00
110,私立,技專校院,1044,聖約翰科技大學,學士班(日間),120,88,73.33
110,私立,技專校院,1044,聖約翰科技大學,學士班(進修),68,26,38.24
110,私立,技專校院,1044,聖約翰科技大學,五專,23,16,69.57
110,私立,技專校院,1045,嶺東科技大學,學士班(日間),1750,1525,87.14
110,私立,技專校院,1045,嶺東科技大學,學士班(進修),795,516,64.91
110,私立,技專校院,1046,中國科技大學,二專(進修),234,160,68.38
110,私立,技專校院,1046,中國科技大學,學士班(日間),1251,1070,85.53
110,私立,技專校院,1046,中國科技大學,學士班(進修),788,578,73.35
110,私立,技專校院,1047,中臺科技大學,學士班(日間),1220,1116,91.48
110,私立,技專校院,1047,中臺科技大學,學士班(進修),863,598,69.29
110,私立,一般大學,1048,亞洲大學,學士班(日間),2279,2106,92.41
110,私立,一般大學,1048,亞洲大學,學士班(進修),195,124,63.59
110,私立,一般大學,1049,開南大學,學士班(日間),865,688,79.54
110,私立,一般大學,1049,開南大學,學士班(進修),257,155,60.31
110,私立,一般大學,1050,佛光大學,學士班(日間),681,589,86.49
110,私立,技專校院,1051,台南家專學校財團法人台南應用科技大學,學士班(日間),1911,1703,89.12
110,私立,技專校院,1051,台南家專學校財團法人台南應用科技大學,學士班(進修),809,578,71.45
110,私立,技專校院,1051,台南家專學校財團法人台南應用科技大學,五專,162,157,96.91
110,私立,技專校院,1052,中信金學校財團法人中信科技大學,二專(進修),123,98,79.67
110,私立,技專校院,1052,中信金學校財團法人中信科技大學,學士班(日間),538,431,80.11
110,私立,技專校院,1052,中信金學校財團法人中信科技大學,學士班(進修),287,211,73.52
110,私立,技專校院,1053,光宇學校財團法人元培醫事科技大學,學士班(日間),820,704,85.85
110,私立,技專校院,1053,光宇學校財團法人元培醫事科技大學,學士班(進修),596,409,68.62
110,私立,技專校院,1054,景文科技大學,二專(進修),72,53,73.61
110,私立,技專校院,1054,景文科技大學,學士班(日間),897,757,84.39
110,私立,技專校院,1054,景文科技大學,學士班(進修),412,216,52.43
110,私立,技專校院,1055,中華醫事科技大學,二專(進修),40,39,97.50
110,私立,技專校院,1055,中華醫事科技大學,學士班(日間),1037,939,90.55
110,私立,技專校院,1055,中華醫事科技大學,學士班(進修),567,383,67.55
110,私立,技專校院,1055,中華醫事科技大學,五專,706,667,94.48
110,私立,技專校院,1056,東南科技大學,學士班(日間),779,636,81.64
110,私立,技專校院,1056,東南科技大學,學士班(進修),137,92,67.15
110,私立,技專校院,1057,德明財經科技大學,學士班(日間),1381,1220,88.34
110,私立,技專校院,1057,德明財經科技大學,學士班(進修),144,114,79.17
110,私立,一般大學,1058,明道學校財團法人明道大學,學士班(日間),204,168,82.35
110,私立,一般大學,1058,明道學校財團法人明道大學,學士班(進修),100,83,83.00
110,私立,技專校院,1060,南開科技大學,二專(進修),44,31,70.45
110,私立,技專校院,1060,南開科技大學,學士班(日間),359,320,89.14
110,私立,技專校院,1060,南開科技大學,學士班(進修),236,184,77.97
110,私立,技專校院,1060,南開科技大學,五專,70,64,91.43
110,私立,技專校院,1061,中華學校財團法人中華科技大學,二專(進修),66,55,83.33
110,私立,技專校院,1061,中華學校財團法人中華科技大學,學士班(日間),634,512,80.76
110,私立,技專校院,1061,中華學校財團法人中華科技大學,學士班(進修),405,275,67.90
110,私立,技專校院,1062,僑光科技大學,學士班(日間),1408,1237,87.86
110,私立,技專校院,1062,僑光科技大學,學士班(進修),1087,737,67.80
110,私立,技專校院,1063,廣亞學校財團法人育達科技大學,學士班(日間),305,259,84.92
110,私立,技專校院,1063,廣亞學校財團法人育達科技大學,學士班(進修),718,593,82.59
110,私立,技專校院,1064,美和學校財團法人美和科技大學,二專(進修),82,57,69.51
110,私立,技專校院,1064,美和學校財團法人美和科技大學,學士班(日間),498,445,89.36
110,私立,技專校院,1064,美和學校財團法人美和科技大學,學士班(進修),713,569,79.80
110,私立,技專校院,1064,美和學校財團法人美和科技大學,五專,336,313,93.15
110,私立,技專校院,1065,吳鳳科技大學,二專(進修),121,104,85.95
110,私立,技專校院,1065,吳鳳科技大學,學士班(日間),542,486,89.67
110,私立,技專校院,1065,吳鳳科技大學,學士班(進修),617,527,85.41
110,私立,技專校院,1066,環球學校財團法人環球科技大學,二專(進修),77,34,44.16
110,私立,技專校院,1066,環球學校財團法人環球科技大學,學士班(日間),376,297,78.99
110,私立,技專校院,1066,環球學校財團法人環球科技大學,學士班(進修),354,253,71.47
110,私立,一般大學,1067,台灣首府學校財團法人台灣首府大學,學士班(日間),99,82,82.83
110,私立,一般大學,1067,台灣首府學校財團法人台灣首府大學,學士班(進修),33,23,69.70
110,私立,技專校院,1068,中州學校財團法人中州科技大學,二專(進修),50,40,80.00
110,私立,技專校院,1068,中州學校財團法人中州科技大學,學士班(日間),90,71,78.89
110,私立,技專校院,1068,中州學校財團法人中州科技大學,學士班(進修),666,533,80.03
110,私立,技專校院,1069,修平學校財團法人修平科技大學,學士班(日間),681,559,82.09
110,私立,技專校院,1069,修平學校財團法人修平科技大學,學士班(進修),455,286,62.86
110,私立,技專校院,1070,長庚學校財團法人長庚科技大學,學士班(日間),1605,1571,97.88
110,私立,技專校院,1070,長庚學校財團法人長庚科技大學,學士班(進修),612,542,88.56
110,私立,技專校院,1071,城市學校財團法人臺北城市科技大學,二專(進修),197,151,76.65
110,私立,技專校院,1071,城市學校財團法人臺北城市科技大學,學士班(日間),1433,1234,86.11
110,私立,技專校院,1071,城市學校財團法人臺北城市科技大學,學士班(進修),550,373,67.82
110,私立,技專校院,1071,城市學校財團法人臺北城市科技大學,五專,171,141,82.46
110,私立,技專校院,1072,大華學校財團法人敏實科技大學,學士班(日間),68,62,91.18
110,私立,技專校院,1072,大華學校財團法人敏實科技大學,學士班(進修),33,14,42.42
110,私立,技專校院,1072,大華學校財團法人敏實科技大學,五專,23,21,91.30
110,私立,技專校院,1073,醒吾學校財團法人醒吾科技大學,二專(進修),109,81,74.31
110,私立,技專校院,1073,醒吾學校財團法人醒吾科技大學,學士班(日間),1215,1039,85.51
110,私立,技專校院,1073,醒吾學校財團法人醒吾科技大學,學士班(進修),512,273,53.32
110,私立,技專校院,1073,醒吾學校財團法人醒吾科技大學,五專,42,39,92.86
110,私立,技專校院,1075,文藻學校財團法人文藻外語大學,學士班(日間),1104,986,89.31
110,私立,技專校院,1075,文藻學校財團法人文藻外語大學,學士班(進修),485,353,72.78
110,私立,技專校院,1075,文藻學校財團法人文藻外語大學,五專,365,355,97.26
110,私立,技專校院,1076,華夏學校財團法人華夏科技大學,二專(進修),98,83,84.69
110,私立,技專校院,1076,華夏學校財團法人華夏科技大學,學士班(日間),293,220,75.09
110,私立,技專校院,1076,華夏學校財團法人華夏科技大學,學士班(進修),555,451,81.26
110,私立,技專校院,1076,華夏學校財團法人華夏科技大學,五專,141,133,94.33
110,私立,技專校院,1077,慈濟學校財團法人慈濟科技大學,學士班(日間),413,382,92.49
110,私立,技專校院,1077,慈濟學校財團法人慈濟科技大學,學士班(進修),92,76,82.61
110,私立,技專校院,1077,慈濟學校財團法人慈濟科技大學,五專,304,287,94.41
110,私立,技專校院,1078,致理學校財團法人致理科技大學,學士班(日間),1625,1523,93.72
110,私立,技專校院,1078,致理學校財團法人致理科技大學,學士班(進修),817,581,71.11
110,私立,技專校院,1078,致理學校財團法人致理科技大學,五專,331,316,95.47
110,私立,一般大學,1079,康寧學校財團法人康寧大學,二專(進修),93,84,90.32
110,私立,一般大學,1079,康寧學校財團法人康寧大學,學士班(日間),59,52,88.14
110,私立,一般大學,1079,康寧學校財團法人康寧大學,學士班(進修),99,85,85.86
110,私立,一般大學,1079,康寧學校財團法人康寧大學,五專,589,539,91.51
110,私立,技專校院,1080,宏國學校財團法人宏國德霖科技大學,二專(進修),25,21,84.00
110,私立,技專校院,1080,宏國學校財團法人宏國德霖科技大學,學士班(日間),445,356,80.00
110,私立,技專校院,1080,宏國學校財團法人宏國德霖科技大學,學士班(進修),707,537,75.95
110,私立,技專校院,1080,宏國學校財團法人宏國德霖科技大學,五專,250,209,83.60
110,私立,技專校院,1081,東方學校財團法人東方設計大學,二專(進修),63,36,57.14
110,私立,技專校院,1081,東方學校財團法人東方設計大學,學士班(日間),68,23,33.82
110,私立,技專校院,1081,東方學校財團法人東方設計大學,學士班(進修),145,98,67.59
110,私立,技專校院,1081,東方學校財團法人東方設計大學,五專,67,54,80.60
110,私立,技專校院,1082,崇右學校財團法人崇右影藝科技大學,二專(進修),133,124,93.23
110,私立,技專校院,1082,崇右學校財團法人崇右影藝科技大學,學士班(日間),285,194,68.07
110,私立,技專校院,1082,崇右學校財團法人崇右影藝科技大學,學士班(進修),136,129,94.85
110,私立,技專校院,1083,台北海洋學校財團法人台北海洋科技大學,二專(日間),28,27,96.43
110,私立,技專校院,1083,台北海洋學校財團法人台北海洋科技大學,二專(進修),37,28,75.68
110,私立,技專校院,1083,台北海洋學校財團法人台北海洋科技大學,學士班(日間),514,411,79.96
110,私立,技專校院,1083,台北海洋學校財團法人台北海洋科技大學,學士班(進修),330,278,84.24
110,私立,技專校院,1083,台北海洋學校財團法人台北海洋科技大學,五專,153,96,62.75
110,私立,技專校院,1084,亞東學校財團法人亞東科技大學,學士班(日間),1025,957,93.37
110,私立,技專校院,1084,亞東學校財團法人亞東科技大學,學士班(進修),50,46,92.00
110,私立,一般大學,1125,中信學校財團法人中信金融管理學院,學士班(日間),227,185,81.50
110,私立,技專校院,1148,大漢技術學院,二專(進修),59,47,79.66
110,私立,技專校院,1148,大漢技術學院,學士班(日間),48,37,77.08
110,私立,技專校院,1148,大漢技術學院,學士班(進修),245,170,69.39
110,私立,技專校院,1159,和春技術學院,二專(進修),45,38,84.44
110,私立,技專校院,1159,和春技術學院,學士班(日間),19,17,89.47
110,私立,技專校院,1159,和春技術學院,學士班(進修),102,88,86.27
110,私立,技專校院,1168,南亞科技學校財團法人南亞技術學院,二專(進修),28,23,82.14
110,私立,技專校院,1168,南亞科技學校財團法人南亞技術學院,學士班(日間),328,288,87.80
110,私立,技專校院,1168,南亞科技學校財團法人南亞技術學院,學士班(進修),699,587,83.98
110,私立,技專校院,1168,南亞科技學校財團法人南亞技術學院,五專,30,26,86.67
110,私立,技專校院,1182,蘭陽技術學院,學士班(日間),27,17,62.96
110,私立,技專校院,1182,蘭陽技術學院,學士班(進修),66,63,95.45
110,私立,技專校院,1182,蘭陽技術學院,五專,16,11,68.75
110,私立,技專校院,1183,黎明技術學院,學士班(日間),629,490,77.90
110,私立,技專校院,1183,黎明技術學院,學士班(進修),482,251,52.07
110,私立,技專校院,1183,黎明技術學院,五專,79,70,88.61
110,私立,技專校院,1185,德育學校財團法人德育護理健康學院,二專(進修),113,92,81.42
110,私立,技專校院,1185,德育學校財團法人德育護理健康學院,學士班(日間),413,336,81.36
110,私立,技專校院,1185,德育學校財團法人德育護理健康學院,學士班(進修),376,340,90.43
110,私立,技專校院,1185,德育學校財團法人德育護理健康學院,五專,194,175,90.21
110,私立,技專校院,1188,大同技術學院,二專(進修),27,14,51.85
110,私立,技專校院,1188,大同技術學院,學士班(日間),64,52,81.25
110,私立,技專校院,1188,大同技術學院,學士班(進修),191,120,62.83
110,私立,技專校院,1188,大同技術學院,五專,9,7,77.78
110,私立,一般大學,1195,馬偕學校財團法人馬偕醫學院,學士班(日間),152,142,93.42
110,私立,一般大學,1195,馬偕學校財團法人馬偕醫學院,學士班(進修),39,39,100.00
110,私立,一般大學,1196,法鼓學校財團法人法鼓文理學院,學士班(日間),6,5,83.33
110,私立,技專校院,1282,馬偕學校財團法人馬偕醫護管理專科學校,二專(進修),118,62,52.54
110,私立,技專校院,1282,馬偕學校財團法人馬偕醫護管理專科學校,五專,822,752,91.48
110,私立,技專校院,1283,仁德醫護管理專科學校,二專(進修),262,152,58.02
110,私立,技專校院,1283,仁德醫護管理專科學校,五專,1289,1183,91.78
110,私立,技專校院,1284,樹人醫護管理專科學校,二專(進修),231,208,90.04
110,私立,技專校院,1284,樹人醫護管理專科學校,五專,1475,1369,92.81
110,私立,技專校院,1285,慈惠醫護管理專科學校,二專(日間),40,31,77.50
110,私立,技專校院,1285,慈惠醫護管理專科學校,二專(進修),127,92,72.44
110,私立,技專校院,1285,慈惠醫護管理專科學校,五專,529,475,89.79
110,私立,技專校院,1286,耕莘健康管理專科學校,二專(進修),59,53,89.83
110,私立,技專校院,1286,耕莘健康管理專科學校,五專,807,746,92.44
110,私立,技專校院,1287,敏惠醫護管理專科學校,二專(進修),33,29,87.88
110,私立,技專校院,1287,敏惠醫護管理專科學校,五專,806,767,95.16
110,私立,技專校院,1289,育英醫護管理專科學校,五專,404,368,91.09
110,私立,技專校院,1291,聖母醫護管理專科學校,二專(日間),18,17,94.44
110,私立,技專校院,1291,聖母醫護管理專科學校,二專(進修),22,22,100.00
110,私立,技專校院,1291,聖母醫護管理專科學校,五專,336,290,86.31
110,私立,技專校院,1292,新生醫護管理專科學校,二專(進修),38,32,84.21
110,私立,技專校院,1292,新生醫護管理專科學校,五專,1281,1199,93.60
110,私立,技專校院,1293,崇仁醫護管理專科學校,五專,643,609,94.71
110,私立,宗教研修學院,1R03,臺北基督學院,學士班(日間),18,14,77.78
110,私立,宗教研修學院,1R04,財團法人一貫道天皇基金會一貫道天皇學院,學士班(日間),24,10,41.67
110,公立,一般大學,3002,臺北市立大學,學士班(日間),1247,1145,91.82
111,公立,一般大學,0001,國立政治大學,學士班(日間),2061,1979,96.02
111,公立,一般大學,0002,國立清華大學,學士班(日間),1944,1860,95.68
111,公立,一般大學,0003,國立臺灣大學,學士班(日間),3388,3244,95.75
111,公立,一般大學,0004,國立臺灣師範大學,學士班(日間),1799,1717,95.44
111,公立,一般大學,0005,國立成功大學,學士班(日間),2607,2469,94.71
111,公立,一般大學,0006,國立中興大學,學士班(日間),1848,1749,94.64
111,公立,一般大學,0006,國立中興大學,學士班(進修),230,186,80.87
111,公立,一般大學,0007,國立陽明交通大學,學士班(日間),1840,1759,95.60
111,公立,一般大學,0008,國立中央大學,學士班(日間),1498,1426,95.19
111,公立,一般大學,0009,國立中山大學,學士班(日間),1109,1061,95.67
111,公立,一般大學,0012,國立臺灣海洋大學,學士班(日間),1386,1317,95.02
111,公立,一般大學,0012,國立臺灣海洋大學,學士班(進修),163,131,80.37
111,公立,一般大學,0013,國立中正大學,學士班(日間),1563,1488,95.20
111,公立,一般大學,0014,國立高雄師範大學,學士班(日間),924,860,93.07
111,公立,一般大學,0015,國立彰化師範大學,學士班(日間),1160,1104,95.17
111,公立,一般大學,0017,國立臺北大學,學士班(日間),1345,1305,97.03
111,公立,一般大學,0017,國立臺北大學,學士班(進修),541,436,80.59
111,公立,一般大學,0018,國立嘉義大學,學士班(日間),1881,1725,91.71
111,公立,一般大學,0018,國立嘉義大學,學士班(進修),489,392,80.16
111,公立,一般大學,0019,國立高雄大學,學士班(日間),1056,996,94.32
111,公立,一般大學,0019,國立高雄大學,學士班(進修),52,34,65.38
111,公立,一般大學,0020,國立東華大學,學士班(日間),1851,1743,94.17
111,公立,一般大學,0021,國立暨南國際大學,學士班(日間),1110,1063,95.77
111,公立,技專校院,0022,國立臺灣科技大學,學士班(日間),1318,1269,96.28
111,公立,技專校院,0023,國立雲林科技大學,學士班(日間),1570,1518,96.69
111,公立,技專校院,0023,國立雲林科技大學,學士班(進修),72,63,87.50
111,公立,技專校院,0024,國立屏東科技大學,學士班(日間),1852,1724,93.09
111,公立,技專校院,0024,國立屏東科技大學,學士班(進修),367,313,85.29
111,公立,技專校院,0025,國立臺北科技大學,學士班(日間),1459,1402,96.09
111,公立,技專校院,0025,國立臺北科技大學,學士班(進修),314,306,97.45
111,公立,技專校院,0025,國立臺北科技大學,五專,26,25,96.15
111,公立,一般大學,0028,國立臺北藝術大學,學士班(日間),368,348,94.57
111,公立,一般大學,0029,國立臺灣藝術大學,學士班(日間),497,472,94.97
111,公立,一般大學,0029,國立臺灣藝術大學,學士班(進修),506,483,95.45
111,公立,一般大學,0030,國立臺東大學,學士班(日間),955,871,91.20
111,公立,一般大學,0030,國立臺東大學,學士班(進修),157,133,84.71
111,公立,一般大學,0031,國立宜蘭大學,學士班(日間),1145,1075,93.89
111,公立,一般大學,0031,國立宜蘭大學,學士班(進修),97,79,81.44
111,公立,一般大學,0032,國立聯合大學,學士班(日間),1537,1431,93.10
111,公立,一般大學,0032,國立聯合大學,學士班(進修),261,211,80.84
111,公立,技專校院,0033,國立虎尾科技大學,二專(日間),34,33,97.06
111,公立,技專校院,0033,國立虎尾科技大學,學士班(日間),2001,1907,95.30
111,公立,技專校院,0033,國立虎尾科技大學,學士班(進修),718,610,84.96
111,公立,技專校院,0033,國立虎尾科技大學,五專,69,64,92.75
111,公立,一般大學,0035,國立臺南藝術大學,學士班(日間),146,138,94.52
111,公立,一般大學,0036,國立臺南大學,學士班(日間),956,893,93.41
111,公立,一般大學,0036,國立臺南大學,學士班(進修),42,33,78.57
111,公立,一般大學,0037,國立臺北教育大學,學士班(日間),775,750,96.77
111,公立,一般大學,0039,國立臺中教育大學,學士班(日間),766,733,95.69
111,公立,技專校院,0042,國立澎湖科技大學,學士班(日間),601,522,86.86
111,公立,技專校院,0042,國立澎湖科技大學,學士班(進修),67,52,77.61
111,公立,技專校院,0042,國立澎湖科技大學,五專,35,29,82.86
111,公立,技專校院,0043,國立勤益科技大學,二專(進修),157,112,71.34
111,公立,技專校院,0043,國立勤益科技大學,學士班(日間),1734,1620,93.43
111,公立,技專校院,0043,國立勤益科技大學,學士班(進修),1268,1054,83.12
111,公立,一般大學,0044,國立體育大學,學士班(日間),453,405,89.40
111,公立,一般大學,0044,國立體育大學,學士班(進修),48,41,85.42
111,公立,技專校院,0046,國立臺北護理健康大學,學士班(日間),1122,1067,95.10
111,公立,技專校院,0046,國立臺北護理健康大學,學士班(進修),248,225,90.73
111,公立,技專校院,0047,國立高雄餐旅大學,學士班(日間),687,661,96.22
111,公立,技專校院,0047,國立高雄餐旅大學,學士班(進修),347,335,96.54
111,公立,技專校院,0047,國立高雄餐旅大學,五專,48,46,95.83
111,公立,一般大學,0048,國立金門大學,學士班(日間),790,738,93.42
111,公立,一般大學,0048,國立金門大學,學士班(進修),220,164,74.55
111,公立,一般大學,0049,國立臺灣體育運動大學,學士班(日間),548,497,90.69
111,公立,一般大學,0049,國立臺灣體育運動大學,學士班(進修),101,77,76.24
111,公立,技專校院,0050,國立臺中科技大學,二專(進修),577,420,72.79
111,公立,技專校院,0050,國立臺中科技大學,學士班(日間),1966,1884,95.83
111,公立,技專校院,0050,國立臺中科技大學,學士班(進修),1456,1172,80.49
111,公立,技專校院,0050,國立臺中科技大學,五專,716,682,95.25
111,公立,技專校院,0051,國立臺北商業大學,二專(進修),255,180,70.59
111,公立,技專校院,0051,國立臺北商業大學,學士班(日間),855,812,94.97
111,公立,技專校院,0051,國立臺北商業大學,學士班(進修),678,596,87.91
111,公立,技專校院,0051,國立臺北商業大學,五專,310,299,96.45
111,公立,一般大學,0052,國立屏東大學,學士班(日間),1634,1551,94.92
111,公立,一般大學,0052,國立屏東大學,學士班(進修),205,168,81.95
111,公立,技專校院,0053,國立高雄科技大學,學士班(日間),4465,4230,94.74
111,公立,技專校院,0053,國立高雄科技大學,學士班(進修),974,817,83.88
111,公立,技專校院,0053,國立高雄科技大學,五專,156,148,94.87
111,公立,技專校院,0144,國立臺灣戲曲學院,學士班(日間),130,110,84.62
111,公立,技專校院,0221,國立臺南護理專科學校,二專(日間),38,36,94.74
111,公立,技專校院,0221,國立臺南護理專科學校,二專(進修),23,20,86.96
111,公立,技專校院,0221,國立臺南護理專科學校,五專,370,363,98.11
111,公立,技專校院,0222,國立臺東專科學校,二專(日間),267,235,88.01
111,公立,技專校院,0222,國立臺東專科學校,二專(進修),52,46,88.46
111,公立,技專校院,0222,國立臺東專科學校,五專,39,34,87.18
111,私立,一般大學,1001,東海大學,學士班(日間),3054,2843,93.09
111,私立,一般大學,1001,東海大學,學士班(進修),43,34,79.07
111,私立,一般大學,1002,輔仁大學,學士班(日間),4038,3793,93.93
111,私立,一般大學,1002,輔仁大學,學士班(進修),1020,824,80.78
111,私立,一般大學,1003,東吳大學,學士班(日間),2681,2526,94.22
111,私立,一般大學,1003,東吳大學,學士班(進修),139,109,78.42
111,私立,一般大學,1004,中原大學,學士班(日間),3079,2968,96.39
111,私立,一般大學,1005,淡江大學學校財團法人淡江大學,學士班(日間),4607,4344,94.29
111,私立,一般大學,1005,淡江大學學校財團法人淡江大學,學士班(進修),221,167,75.57
111,私立,一般大學,1006,中國文化大學,學士班(日間),4372,3865,88.40
111,私立,一般大學,1006,中國文化大學,學士班(進修),391,266,68.03
111,私立,一般大學,1007,逢甲大學,學士班(日間),3943,3796,96.27
111,私立,一般大學,1007,逢甲大學,學士班(進修),188,147,78.19
111,私立,一般大學,1008,靜宜大學,學士班(日間),2537,2348,92.55
111,私立,一般大學,1009,長庚大學,學士班(日間),1191,1107,92.95
111,私立,一般大學,1010,元智大學,學士班(日間),1738,1647,94.76
111,私立,一般大學,1011,中華大學學校財團法人中華大學,學士班(日間),824,714,86.65
111,私立,一般大學,1011,中華大學學校財團法人中華大學,學士班(進修),283,48,16.96
111,私立,一般大學,1012,大葉大學,學士班(日間),1107,955,86.27
111,私立,一般大學,1012,大葉大學,學士班(進修),91,67,73.63
111,私立,一般大學,1013,華梵學校財團法人華梵大學,學士班(日間),169,117,69.23
111,私立,一般大學,1014,義守大學,學士班(日間),2580,2310,89.53
111,私立,一般大學,1014,義守大學,學士班(進修),345,219,63.48
111,私立,一般大學,1015,世新大學,學士班(日間),2229,2057,92.28
111,私立,一般大學,1015,世新大學,學士班(進修),215,192,89.30
111,私立,一般大學,1016,銘傳大學,學士班(日間),3784,3426,90.54
111,私立,一般大學,1017,實踐大學,學士班(日間),2338,2063,88.24
111,私立,一般大學,1017,實踐大學,學士班(進修),313,232,74.12
111,私立,技專校院,1018,朝陽科技大學,學士班(日間),2654,2403,90.54
111,私立,技專校院,1018,朝陽科技大學,學士班(進修),353,230,65.16
111,私立,一般大學,1019,高雄醫學大學,學士班(日間),1157,1064,91.96
111,私立,一般大學,1020,南華大學,學士班(日間),981,868,88.48
111,私立,一般大學,1020,南華大學,學士班(進修),91,61,67.03
111,私立,一般大學,1021,真理大學,學士班(日間),1014,841,82.94
111,私立,一般大學,1022,大同大學,學士班(日間),867,818,94.35
111,私立,技專校院,1023,南臺學校財團法人南臺科技大學,學士班(日間),2888,2618,90.65
111,私立,技專校院,1023,南臺學校財團法人南臺科技大學,學士班(進修),607,473,77.92
111,私立,技專校院,1023,南臺學校財團法人南臺科技大學,五專,83,76,91.57
111,私立,技專校院,1024,崑山科技大學,學士班(日間),1369,1186,86.63
111,私立,技專校院,1024,崑山科技大學,學士班(進修),719,482,67.04
111,私立,技專校院,1025,嘉藥學校財團法人嘉南藥理大學,學士班(日間),2018,1808,89.59
111,私立,技專校院,1025,嘉藥學校財團法人嘉南藥理大學,學士班(進修),589,433,73.51
111,私立,技專校院,1026,樹德科技大學,二專(進修),200,148,74.00
111,私立,技專校院,1026,樹德科技大學,學士班(日間),1566,1345,85.89
111,私立,技專校院,1026,樹德科技大學,學士班(進修),572,416,72.73
111,私立,一般大學,1027,慈濟學校財團法人慈濟大學,學士班(日間),611,549,89.85
111,私立,一般大學,1028,臺北醫學大學,學士班(日間),944,871,92.27
111,私立,一般大學,1029,中山醫學大學,學士班(日間),1387,1285,92.65
111,私立,一般大學,1029,中山醫學大學,學士班(進修),40,37,92.50
111,私立,技專校院,1030,龍華科技大學,學士班(日間),1560,1306,83.72
111,私立,技專校院,1030,龍華科技大學,學士班(進修),1003,574,57.23
111,私立,技專校院,1030,龍華科技大學,五專,199,173,86.93
111,私立,技專校院,1031,輔英科技大學,學士班(日間),1507,1382,91.71
111,私立,技專校院,1031,輔英科技大學,學士班(進修),629,447,71.07
111,私立,技專校院,1031,輔英科技大學,五專,491,471,95.93
111,私立,技專校院,1032,明新學校財團法人明新科技大學,二專(日間),5,4,80.00
111,私立,技專校院,1032,明新學校財團法人明新科技大學,二專(進修),107,83,77.57
111,私立,技專校院,1032,明新學校財團法人明新科技大學,學士班(日間),1256,1082,86.15
111,私立,技專校院,1032,明新學校財團法人明新科技大學,學士班(進修),963,767,79.65
111,私立,一般大學,1033,長榮大學,學士班(日間),1483,1333,89.89
111,私立,一般大學,1033,長榮大學,學士班(進修),88,48,54.55
111,私立,技專校院,1034,弘光科技大學,二專(進修),70,42,60.00
111,私立,技專校院,1034,弘光科技大學,學士班(日間),2023,1860,91.94
111,私立,技專校院,1034,弘光科技大學,學士班(進修),1121,893,79.66
111,私立,技專校院,1034,弘光科技大學,五專,52,52,100.00
111,私立,一般大學,1035,中國醫藥大學,學士班(日間),1227,1166,95.03
111,私立,技專校院,1036,健行學校財團法人健行科技大學,學士班(日間),1394,1178,84.51
111,私立,技專校院,1036,健行學校財團法人健行科技大學,學士班(進修),1155,826,71.52
111,私立,技專校院,1037,正修學校財團法人正修科技大學,二專(進修),440,338,76.82
111,私立,技專校院,1037,正修學校財團法人正修科技大學,學士班(日間),1780,1497,84.10
111,私立,技專校院,1037,正修學校財團法人正修科技大學,學士班(進修),2271,1811,79.74
111,私立,技專校院,1037,正修學校財團法人正修科技大學,五專,69,66,95.65
111,私立,技專校院,1038,萬能學校財團法人萬能科技大學,學士班(日間),1148,890,77.53
111,私立,技專校院,1038,萬能學校財團法人萬能科技大學,學士班(進修),894,610,68.23
111,私立,一般大學,1039,玄奘大學,學士班(日間),285,240,84.21
111,私立,技專校院,1040,建國科技大學,二專(進修),20,16,80.00
111,私立,技專校院,1040,建國科技大學,學士班(日間),518,450,86.87
111,私立,技專校院,1040,建國科技大學,學士班(進修),587,416,70.87
111,私立,技專校院,1041,明志科技大學,學士班(日間),900,837,93.00
111,私立,技專校院,1041,明志科技大學,學士班(進修),27,23,85.19
111,私立,技專校院,1042,台鋼學校財團法人台鋼科技大學,二專(進修),82,42,51.22
111,私立,技專校院,1042,台鋼學校財團法人台鋼科技大學,學士班(日間),112,87,77.68
111,私立,技專校院,1042,台鋼學校財團法人台鋼科技大學,學士班(進修),337,189,56.08
111,私立,技專校院,1043,大仁科技大學,二專(進修),44,37,84.09
111,私立,技專校院,1043,大仁科技大學,學士班(日間),570,454,79.65
111,私立,技專校院,1043,大仁科技大學,學士班(進修),742,591,79.65
111,私立,技專校院,1044,聖約翰科技大學,二專(進修),37,32,86.49
111,私立,技專校院,1044,聖約翰科技大學,學士班(日間),86,64,74.42
111,私立,技專校院,1044,聖約翰科技大學,學士班(進修),56,34,60.71
111,私立,技專校院,1045,嶺東科技大學,學士班(日間),1678,1464,87.25
111,私立,技專校院,1045,嶺東科技大學,學士班(進修),690,427,61.88
111,私立,技專校院,1046,中國科技大學,二專(進修),184,119,64.67
111,私立,技專校院,1046,中國科技大學,學士班(日間),1349,1127,83.54
111,私立,技專校院,1046,中國科技大學,學士班(進修),658,487,74.01
111,私立,技專校院,1047,中臺科技大學,學士班(日間),1182,1065,90.10
111,私立,技專校院,1047,中臺科技大學,學士班(進修),801,556,69.41
111,私立,一般大學,1048,亞洲大學,學士班(日間),2284,2085,91.29
111,私立,一般大學,1048,亞洲大學,學士班(進修),197,108,54.82
111,私立,一般大學,1049,開南大學,學士班(日間),680,565,83.09
111,私立,一般大學,1049,開南大學,學士班(進修),200,135,67.50
111,私立,一般大學,1050,佛光大學,學士班(日間),614,535,87.13
111,私立,技專校院,1051,台南家專學校財團法人台南應用科技大學,學士班(日間),1874,1675,89.38
111,私立,技專校院,1051,台南家專學校財團法人台南應用科技大學,學士班(進修),503,343,68.19
111,私立,技專校院,1051,台南家專學校財團法人台南應用科技大學,五專,167,155,92.81
111,私立,技專校院,1052,中信金學校財團法人中信科技大學,二專(進修),92,73,79.35
111,私立,技專校院,1052,中信金學校財團法人中信科技大學,學士班(日間),300,242,80.67
111,私立,技專校院,1052,中信金學校財團法人中信科技大學,學士班(進修),264,210,79.55
111,私立,技專校院,1053,光宇學校財團法人元培醫事科技大學,學士班(日間),780,667,85.51
111,私立,技專校院,1053,光宇學校財團法人元培醫事科技大學,學士班(進修),391,308,78.77
111,私立,技專校院,1054,景文科技大學,二專(進修),55,35,63.64
111,私立,技專校院,1054,景文科技大學,學士班(日間),810,671,82.84
111,私立,技專校院,1054,景文科技大學,學士班(進修),329,213,64.74
111,私立,技專校院,1055,中華醫事科技大學,二專(進修),41,34,82.93
111,私立,技專校院,1055,中華醫事科技大學,學士班(日間),997,900,90.27
111,私立,技專校院,1055,中華醫事科技大學,學士班(進修),545,428,78.53
111,私立,技專校院,1055,中華醫事科技大學,五專,634,578,91.17
111,私立,技專校院,1056,東南科技大學,學士班(日間),663,530,79.94
111,私立,技專校院,1056,東南科技大學,學士班(進修),159,111,69.81
111,私立,技專校院,1057,德明財經科技大學,學士班(日間),1229,1092,88.85
111,私立,技專校院,1057,德明財經科技大學,學士班(進修),129,89,68.99
111,私立,一般大學,1058,明道學校財團法人明道大學,學士班(日間),93,85,91.40
111,私立,一般大學,1058,明道學校財團法人明道大學,學士班(進修),91,70,76.92
111,私立,技專校院,1060,南開科技大學,二專(進修),31,26,83.87
111,私立,技專校院,1060,南開科技大學,學士班(日間),225,192,85.33
111,私立,技專校院,1060,南開科技大學,學士班(進修),243,209,86.01
111,私立,技專校院,1060,南開科技大學,五專,56,50,89.29
111,私立,技專校院,1061,中華學校財團法人中華科技大學,二專(進修),52,46,88.46
111,私立,技專校院,1061,中華學校財團法人中華科技大學,學士班(日間),495,408,82.42
111,私立,技專校院,1061,中華學校財團法人中華科技大學,學士班(進修),391,232,59.34
111,私立,技專校院,1062,僑光科技大學,學士班(日間),1353,1192,88.10
111,私立,技專校院,1062,僑光科技大學,學士班(進修),944,669,70.87
111,私立,技專校院,1063,廣亞學校財團法人育達科技大學,學士班(日間),277,232,83.75
111,私立,技專校院,1063,廣亞學校財團法人育達科技大學,學士班(進修),805,644,80.00
111,私立,技專校院,1064,美和學校財團法人美和科技大學,二專(進修),61,48,78.69
111,私立,技專校院,1064,美和學校財團法人美和科技大學,學士班(日間),534,472,88.39
111,私立,技專校院,1064,美和學校財團法人美和科技大學,學士班(進修),715,610,85.31
111,私立,技專校院,1064,美和學校財團法人美和科技大學,五專,287,261,90.94
111,私立,技專校院,1065,吳鳳科技大學,二專(進修),114,100,87.72
111,私立,技專校院,1065,吳鳳科技大學,學士班(日間),548,475,86.68
111,私立,技專校院,1065,吳鳳科技大學,學士班(進修),507,481,94.87
111,私立,技專校院,1066,環球學校財團法人環球科技大學,二專(進修),84,59,70.24
111,私立,技專校院,1066,環球學校財團法人環球科技大學,學士班(日間),232,173,74.57
111,私立,技專校院,1066,環球學校財團法人環球科技大學,學士班(進修),211,162,76.78
111,私立,一般大學,1067,台灣首府學校財團法人台灣首府大學,學士班(日間),43,16,37.21
111,私立,一般大學,1067,台灣首府學校財團法人台灣首府大學,學士班(進修),29,18,62.07
111,私立,技專校院,1068,中州學校財團法人中州科技大學,二專(進修),26,25,96.15
111,私立,技專校院,1068,中州學校財團法人中州科技大學,學士班(日間),36,26,72.22
111,私立,技專校院,1068,中州學校財團法人中州科技大學,學士班(進修),411,321,78.10
111,私立,技專校院,1069,修平學校財團法人修平科技大學,學士班(日間),515,411,79.81
111,私立,技專校院,1069,修平學校財團法人修平科技大學,學士班(進修),737,526,71.37
111,私立,技專校院,1070,長庚學校財團法人長庚科技大學,學士班(日間),1586,1531,96.53
111,私立,技專校院,1070,長庚學校財團法人長庚科技大學,學士班(進修),607,549,90.44
111,私立,技專校院,1071,城市學校財團法人臺北城市科技大學,二專(進修),197,152,77.16
111,私立,技專校院,1071,城市學校財團法人臺北城市科技大學,學士班(日間),1439,1201,83.46
111,私立,技專校院,1071,城市學校財團法人臺北城市科技大學,學士班(進修),485,383,78.97
111,私立,技專校院,1071,城市學校財團法人臺北城市科技大學,五專,165,142,86.06
111,私立,技專校院,1072,大華學校財團法人敏實科技大學,學士班(日間),75,67,89.33
111,私立,技專校院,1072,大華學校財團法人敏實科技大學,學士班(進修),21,12,57.14
111,私立,技專校院,1072,大華學校財團法人敏實科技大學,五專,16,14,87.50
111,私立,技專校院,1073,醒吾學校財團法人醒吾科技大學,二專(進修),28,23,82.14
111,私立,技專校院,1073,醒吾學校財團法人醒吾科技大學,學士班(日間),1252,1021,81.55
111,私立,技專校院,1073,醒吾學校財團法人醒吾科技大學,學士班(進修),418,282,67.46
111,私立,技專校院,1073,醒吾學校財團法人醒吾科技大學,五專,33,29,87.88
111,私立,技專校院,1075,文藻學校財團法人文藻外語大學,學士班(日間),1025,897,87.51
111,私立,技專校院,1075,文藻學校財團法人文藻外語大學,學士班(進修),341,228,66.86
111,私立,技專校院,1075,文藻學校財團法人文藻外語大學,五專,411,393,95.62
111,私立,技專校院,1076,華夏學校財團法人華夏科技大學,二專(進修),15,9,60.00
111,私立,技專校院,1076,華夏學校財團法人華夏科技大學,學士班(日間),239,195,81.59
111,私立,技專校院,1076,華夏學校財團法人華夏科技大學,學士班(進修),357,290,81.23
111,私立,技專校院,1076,華夏學校財團法人華夏科技大學,五專,95,87,91.58
111,私立,技專校院,1077,慈濟學校財團法人慈濟科技大學,學士班(日間),443,407,91.87
111,私立,技專校院,1077,慈濟學校財團法人慈濟科技大學,學士班(進修),92,63,68.48
111,私立,技專校院,1077,慈濟學校財團法人慈濟科技大學,五專,243,221,90.95
111,私立,技專校院,1078,致理學校財團法人致理科技大學,學士班(日間),1571,1486,94.59
111,私立,技專校院,1078,致理學校財團法人致理科技大學,學士班(進修),738,559,75.75
111,私立,技專校院,1078,致理學校財團法人致理科技大學,五專,328,288,87.80
111,私立,一般大學,1079,康寧學校財團法人康寧大學,二專(進修),93,87,93.55
111,私立,一般大學,1079,康寧學校財團法人康寧大學,學士班(日間),50,41,82.00
111,私立,一般大學,1079,康寧學校財團法人康寧大學,學士班(進修),96,87,90.63
111,私立,一般大學,1079,康寧學校財團法人康寧大學,五專,513,459,89.47
111,私立,技專校院,1080,宏國學校財團法人宏國德霖科技大學,學士班(日間),439,362,82.46
111,私立,技專校院,1080,宏國學校財團法人宏國德霖科技大學,學士班(進修),623,521,83.63
111,私立,技專校院,1080,宏國學校財團法人宏國德霖科技大學,五專,253,218,86.17
111,私立,技專校院,1081,東方學校財團法人東方設計大學,二專(進修),32,22,68.75
111,私立,技專校院,1081,東方學校財團法人東方設計大學,學士班(日間),41,10,24.39
111,私立,技專校院,1081,東方學校財團法人東方設計大學,學士班(進修),128,52,40.63
111,私立,技專校院,1081,東方學校財團法人東方設計大學,五專,36,24,66.67
111,私立,技專校院,1082,崇右學校財團法人崇右影藝科技大學,學士班(日間),377,226,59.95
111,私立,技專校院,1083,台北海洋學校財團法人台北海洋科技大學,二專(日間),22,21,95.45
111,私立,技專校院,1083,台北海洋學校財團法人台北海洋科技大學,二專(進修),48,38,79.17
111,私立,技專校院,1083,台北海洋學校財團法人台北海洋科技大學,學士班(日間),664,512,77.11
111,私立,技專校院,1083,台北海洋學校財團法人台北海洋科技大學,學士班(進修),366,307,83.88
111,私立,技專校院,1083,台北海洋學校財團法人台北海洋科技大學,五專,126,101,80.16
111,私立,技專校院,1084,亞東學校財團法人亞東科技大學,學士班(日間),923,838,90.79
111,私立,技專校院,1084,亞東學校財團法人亞東科技大學,學士班(進修),50,49,98.00
111,私立,一般大學,1125,中信學校財團法人中信金融管理學院,學士班(日間),249,204,81.93
111,私立,技專校院,1148,大漢技術學院,二專(進修),58,47,81.03
111,私立,技專校院,1148,大漢技術學院,學士班(日間),29,24,82.76
111,私立,技專校院,1148,大漢技術學院,學士班(進修),194,143,73.71
111,私立,技專校院,1168,南亞科技學校財團法人南亞技術學院,學士班(日間),206,180,87.38
111,私立,技專校院,1168,南亞科技學校財團法人南亞技術學院,學士班(進修),457,416,91.03
111,私立,技專校院,1168,南亞科技學校財團法人南亞技術學院,五專,29,25,86.21
111,私立,技專校院,1183,黎明技術學院,學士班(日間),644,494,76.71
111,私立,技專校院,1183,黎明技術學院,學士班(進修),491,232,47.25
111,私立,技專校院,1183,黎明技術學院,五專,68,62,91.18
111,私立,技專校院,1185,德育學校財團法人德育護理健康學院,二專(進修),104,87,83.65
111,私立,技專校院,1185,德育學校財團法人德育護理健康學院,學士班(日間),347,292,84.15
111,私立,技專校院,1185,德育學校財團法人德育護理健康學院,學士班(進修),497,455,91.55
111,私立,技專校院,1185,德育學校財團法人德育護理健康學院,五專,206,174,84.47
111,私立,技專校院,1188,大同技術學院,二專(進修),29,19,65.52
111,私立,技專校院,1188,大同技術學院,學士班(日間),56,43,76.79
111,私立,技專校院,1188,大同技術學院,學士班(進修),204,148,72.55
111,私立,技專校院,1188,大同技術學院,五專,8,5,62.50
111,私立,一般大學,1195,馬偕學校財團法人馬偕醫學院,學士班(日間),158,148,93.67
111,私立,一般大學,1195,馬偕學校財團法人馬偕醫學院,學士班(進修),38,36,94.74
111,私立,一般大學,1196,法鼓學校財團法人法鼓文理學院,學士班(日間),4,3,75.00
111,私立,技專校院,1282,馬偕學校財團法人馬偕醫護管理專科學校,二專(進修),78,67,85.90
111,私立,技專校院,1282,馬偕學校財團法人馬偕醫護管理專科學校,五專,867,805,92.85
111,私立,技專校院,1283,仁德醫護管理專科學校,二專(進修),255,136,53.33
111,私立,技專校院,1283,仁德醫護管理專科學校,五專,1130,1025,90.71
111,私立,技專校院,1284,樹人醫護管理專科學校,二專(進修),220,191,86.82
111,私立,技專校院,1284,樹人醫護管理專科學校,五專,1466,1333,90.93
111,私立,技專校院,1285,慈惠醫護管理專科學校,二專(日間),46,38,82.61
111,私立,技專校院,1285,慈惠醫護管理專科學校,二專(進修),107,79,73.83
111,私立,技專校院,1285,慈惠醫護管理專科學校,五專,434,379,87.33
111,私立,技專校院,1286,耕莘健康管理專科學校,二專(進修),59,52,88.14
111,私立,技專校院,1286,耕莘健康管理專科學校,五專,800,751,93.88
111,私立,技專校院,1287,敏惠醫護管理專科學校,二專(進修),33,31,93.94
111,私立,技專校院,1287,敏惠醫護管理專科學校,五專,766,722,94.26
111,私立,技專校院,1289,育英醫護管理專科學校,五專,372,344,92.47
111,私立,技專校院,1291,聖母醫護管理專科學校,二專(日間),17,15,88.24
111,私立,技專校院,1291,聖母醫護管理專科學校,二專(進修),29,19,65.52
111,私立,技專校院,1291,聖母醫護管理專科學校,五專,325,291,89.54
111,私立,技專校院,1292,新生醫護管理專科學校,二專(進修),37,30,81.08
111,私立,技專校院,1292,新生醫護管理專科學校,五專,1267,1176,92.82
111,私立,技專校院,1293,崇仁醫護管理專科學校,五專,629,578,91.89
111,私立,宗教研修學院,1R03,臺北基督學院,學士班(日間),17,14,82.35
111,私立,宗教研修學院,1R04,財團法人一貫道天皇基金會一貫道天皇學院,學士班(日間),23,6,26.09
111,公立,一般大學,3002,臺北市立大學,學士班(日間),1233,1153,93.51
112,公立,一般大學,0001,國立政治大學,學士班(日間),2062,1998,96.90
112,公立,一般大學,0002,國立清華大學,學士班(日間),1976,1870,94.64
112,公立,一般大學,0003,國立臺灣大學,學士班(日間),3407,3273,96.07
112,公立,一般大學,0004,國立臺灣師範大學,學士班(日間),1777,1703,95.84
112,公立,一般大學,0005,國立成功大學,學士班(日間),2643,2516,95.19
112,公立,一般大學,0006,國立中興大學,學士班(日間),1878,1781,94.83
112,公立,一般大學,0006,國立中興大學,學士班(進修),222,177,79.73
112,公立,一般大學,0007,國立陽明交通大學,學士班(日間),1784,1708,95.74
112,公立,一般大學,0008,國立中央大學,學士班(日間),1516,1423,93.87
112,公立,一般大學,0009,國立中山大學,學士班(日間),1158,1104,95.34
112,公立,一般大學,0012,國立臺灣海洋大學,學士班(日間),1357,1302,95.95
112,公立,一般大學,0012,國立臺灣海洋大學,學士班(進修),204,173,84.80
112,公立,一般大學,0013,國立中正大學,學士班(日間),1574,1508,95.81
112,公立,一般大學,0014,國立高雄師範大學,學士班(日間),910,844,92.75
112,公立,一般大學,0015,國立彰化師範大學,學士班(日間),1149,1094,95.21
112,公立,一般大學,0017,國立臺北大學,學士班(日間),1342,1290,96.13
112,公立,一般大學,0017,國立臺北大學,學士班(進修),457,355,77.68
112,公立,一般大學,0018,國立嘉義大學,學士班(日間),1622,1501,92.54
112,公立,一般大學,0018,國立嘉義大學,學士班(進修),450,355,78.89
112,公立,一般大學,0019,國立高雄大學,學士班(日間),1054,976,92.60
112,公立,一般大學,0019,國立高雄大學,學士班(進修),41,28,68.29
112,公立,一般大學,0020,國立東華大學,學士班(日間),1625,1494,91.94
112,公立,一般大學,0021,國立暨南國際大學,學士班(日間),1057,996,94.23
112,公立,技專校院,0022,國立臺灣科技大學,學士班(日間),1302,1251,96.08
112,公立,技專校院,0023,國立雲林科技大學,學士班(日間),1609,1546,96.08
112,公立,技專校院,0023,國立雲林科技大學,學士班(進修),55,44,80.00
112,公立,技專校院,0024,國立屏東科技大學,學士班(日間),1801,1648,91.50
112,公立,技專校院,0024,國立屏東科技大學,學士班(進修),265,209,78.87
112,公立,技專校院,0025,國立臺北科技大學,學士班(日間),1427,1394,97.69
112,公立,技專校院,0025,國立臺北科技大學,學士班(進修),221,218,98.64
112,公立,技專校院,0025,國立臺北科技大學,五專,35,33,94.29
112,公立,一般大學,0028,國立臺北藝術大學,學士班(日間),351,331,94.30
112,公立,一般大學,0029,國立臺灣藝術大學,學士班(日間),524,488,93.13
112,公立,一般大學,0029,國立臺灣藝術大學,學士班(進修),498,447,89.76
112,公立,一般大學,0030,國立臺東大學,學士班(日間),859,737,85.80
112,公立,一般大學,0030,國立臺東大學,學士班(進修),114,94,82.46
112,公立,一般大學,0031,國立宜蘭大學,學士班(日間),1088,965,88.69
112,公立,一般大學,0031,國立宜蘭大學,學士班(進修),92,73,79.35
112,公立,一般大學,0032,國立聯合大學,學士班(日間),1480,1358,91.76
112,公立,一般大學,0032,國立聯合大學,學士班(進修),291,227,78.01
112,公立,技專校院,0033,國立虎尾科技大學,二專(日間),32,28,87.50
112,公立,技專校院,0033,國立虎尾科技大學,學士班(日間),2022,1842,91.10
112,公立,技專校院,0033,國立虎尾科技大學,學士班(進修),663,518,78.13
112,公立,技專校院,0033,國立虎尾科技大學,五專,82,81,98.78
112,公立,一般大學,0035,國立臺南藝術大學,學士班(日間),132,115,87.12
112,公立,一般大學,0036,國立臺南大學,學士班(日間),865,798,92.25
112,公立,一般大學,0036,國立臺南大學,學士班(進修),42,34,80.95
112,公立,一般大學,0037,國立臺北教育大學,學士班(日間),777,746,96.01
112,公立,一般大學,0039,國立臺中教育大學,學士班(日間),704,674,95.74
112,公立,技專校院,0042,國立澎湖科技大學,學士班(日間),595,489,82.18
112,公立,技專校院,0042,國立澎湖科技大學,學士班(進修),52,42,80.77
112,公立,技專校院,0042,國立澎湖科技大學,五專,26,24,92.31
112,公立,技專校院,0043,國立勤益科技大學,二專(進修),98,74,75.51
112,公立,技專校院,0043,國立勤益科技大學,學士班(日間),1718,1604,93.36
112,公立,技專校院,0043,國立勤益科技大學,學士班(進修),1205,976,81.00
112,公立,一般大學,0044,國立體育大學,學士班(日間),469,430,91.68
112,公立,一般大學,0044,國立體育大學,學士班(進修),42,36,85.71
112,公立,技專校院,0046,國立臺北護理健康大學,學士班(日間),1137,1057,92.96
112,公立,技專校院,0046,國立臺北護理健康大學,學士班(進修),223,201,90.13
112,公立,技專校院,0047,國立高雄餐旅大學,學士班(日間),671,640,95.38
112,公立,技專校院,0047,國立高雄餐旅大學,學士班(進修),258,245,94.96
112,公立,技專校院,0047,國立高雄餐旅大學,五專,54,49,90.74
112,公立,一般大學,0048,國立金門大學,學士班(日間),652,548,84.05
112,公立,一般大學,0048,國立金門大學,學士班(進修),188,127,67.55
112,公立,一般大學,0049,國立臺灣體育運動大學,學士班(日間),568,517,91.02
112,公立,一般大學,0049,國立臺灣體育運動大學,學士班(進修),99,76,76.77
112,公立,技專校院,0050,國立臺中科技大學,二專(進修),480,362,75.42
112,公立,技專校院,0050,國立臺中科技大學,學士班(日間),2029,1900,93.64
112,公立,技專校院,0050,國立臺中科技大學,學士班(進修),1401,1128,80.51
112,公立,技專校院,0050,國立臺中科技大學,五專,765,725,94.77
112,公立,技專校院,0051,國立臺北商業大學,二專(進修),81,63,77.78
112,公立,技專校院,0051,國立臺北商業大學,學士班(日間),827,786,95.04
112,公立,技專校院,0051,國立臺北商業大學,學士班(進修),638,548,85.89
112,公立,技專校院,0051,國立臺北商業大學,五專,347,330,95.10
112,公立,一般大學,0052,國立屏東大學,學士班(日間),1528,1428,93.46
112,公立,一般大學,0052,國立屏東大學,學士班(進修),113,79,69.91
112,公立,技專校院,0053,國立高雄科技大學,學士班(日間),4462,4153,93.07
112,公立,技專校院,0053,國立高雄科技大學,學士班(進修),825,683,82.79
112,公立,技專校院,0053,國立高雄科技大學,五專,176,170,96.59
112,公立,技專校院,0144,國立臺灣戲曲學院,學士班(日間),128,113,88.28
112,公立,技專校院,0221,國立臺南護理專科學校,二專(日間),36,33,91.67
112,公立,技專校院,0221,國立臺南護理專科學校,二專(進修),23,20,86.96
112,公立,技專校院,0221,國立臺南護理專科學校,五專,412,393,95.39
112,公立,技專校院,0222,國立臺東專科學校,二專(日間),193,167,86.53
112,公立,技專校院,0222,國立臺東專科學校,二專(進修),45,38,84.44
112,公立,技專校院,0222,國立臺東專科學校,五專,38,32,84.21
112,私立,一般大學,1001,東海大學,學士班(日間),2520,2349,93.21
112,私立,一般大學,1001,東海大學,學士班(進修),38,26,68.42
112,私立,一般大學,1002,輔仁大學,學士班(日間),3825,3555,92.94
112,私立,一般大學,1002,輔仁大學,學士班(進修),793,584,73.64
112,私立,一般大學,1003,東吳大學,學士班(日間),2478,2301,92.86
112,私立,一般大學,1003,東吳大學,學士班(進修),58,44,75.86
112,私立,一般大學,1004,中原大學,學士班(日間),3033,2885,95.12
112,私立,一般大學,1005,淡江大學學校財團法人淡江大學,學士班(日間),3639,3368,92.55
112,私立,一般大學,1005,淡江大學學校財團法人淡江大學,學士班(進修),169,100,59.17
112,私立,一般大學,1006,中國文化大學,學士班(日間),2526,2076,82.19
112,私立,一般大學,1006,中國文化大學,學士班(進修),363,226,62.26
112,私立,一般大學,1007,逢甲大學,學士班(日間),3854,3671,95.25
112,私立,一般大學,1007,逢甲大學,學士班(進修),150,108,72.00
112,私立,一般大學,1008,靜宜大學,學士班(日間),2044,1779,87.04
112,私立,一般大學,1009,長庚大學,學士班(日間),1143,1064,93.09
112,私立,一般大學,1010,元智大學,學士班(日間),1391,1305,93.82
112,私立,一般大學,1011,中華大學學校財團法人中華大學,學士班(日間),607,490,80.72
112,私立,一般大學,1011,中華大學學校財團法人中華大學,學士班(進修),77,43,55.84
112,私立,一般大學,1012,大葉大學,學士班(日間),803,670,83.44
112,私立,一般大學,1012,大葉大學,學士班(進修),55,42,76.36
112,私立,一般大學,1013,華梵學校財團法人華梵大學,學士班(日間),162,120,74.07
112,私立,一般大學,1014,義守大學,學士班(日間),1921,1684,87.66
112,私立,一般大學,1014,義守大學,學士班(進修),301,197,65.45
112,私立,一般大學,1015,世新大學,學士班(日間),1826,1660,90.91
112,私立,一般大學,1015,世新大學,學士班(進修),238,137,57.56
112,私立,一般大學,1016,銘傳大學,學士班(日間),3178,2830,89.05
112,私立,一般大學,1017,實踐大學,學士班(日間),1927,1599,82.98
112,私立,一般大學,1017,實踐大學,學士班(進修),223,149,66.82
112,私立,技專校院,1018,朝陽科技大學,學士班(日間),2579,2308,89.49
112,私立,技專校院,1018,朝陽科技大學,學士班(進修),286,187,65.38
112,私立,一般大學,1019,高雄醫學大學,學士班(日間),1163,1088,93.55
112,私立,一般大學,1020,南華大學,學士班(日間),889,761,85.60
112,私立,一般大學,1020,南華大學,學士班(進修),85,42,49.41
112,私立,一般大學,1021,真理大學,學士班(日間),682,503,73.75
112,私立,一般大學,1022,大同大學,學士班(日間),649,579,89.21
112,私立,技專校院,1023,南臺學校財團法人南臺科技大學,學士班(日間),2629,2328,88.55
112,私立,技專校院,1023,南臺學校財團法人南臺科技大學,學士班(進修),512,408,79.69
112,私立,技專校院,1023,南臺學校財團法人南臺科技大學,五專,111,102,91.89
112,私立,技專校院,1024,崑山科技大學,學士班(日間),1174,993,84.58
112,私立,技專校院,1024,崑山科技大學,學士班(進修),639,469,73.40
112,私立,技專校院,1025,嘉藥學校財團法人嘉南藥理大學,學士班(日間),1571,1386,88.22
112,私立,技專校院,1025,嘉藥學校財團法人嘉南藥理大學,學士班(進修),513,392,76.41
112,私立,技專校院,1025,嘉藥學校財團法人嘉南藥理大學,五專,111,104,93.69
112,私立,技專校院,1026,樹德科技大學,二專(進修),134,99,73.88
112,私立,技專校院,1026,樹德科技大學,學士班(日間),1230,1043,84.80
112,私立,技專校院,1026,樹德科技大學,學士班(進修),600,373,62.17
112,私立,一般大學,1027,慈濟學校財團法人慈濟大學,學士班(日間),426,384,90.14
112,私立,一般大學,1028,臺北醫學大學,學士班(日間),905,837,92.49
112,私立,一般大學,1029,中山醫學大學,學士班(日間),1180,1098,93.05
112,私立,一般大學,1029,中山醫學大學,學士班(進修),36,34,94.44
112,私立,技專校院,1030,龍華科技大學,學士班(日間),1272,1007,79.17
112,私立,技專校院,1030,龍華科技大學,學士班(進修),876,542,61.87
112,私立,技專校院,1030,龍華科技大學,五專,214,188,87.85
112,私立,技專校院,1031,輔英科技大學,學士班(日間),1202,1106,92.01
112,私立,技專校院,1031,輔英科技大學,學士班(進修),507,397,78.30
112,私立,技專校院,1031,輔英科技大學,五專,511,481,94.13
112,私立,技專校院,1032,明新學校財團法人明新科技大學,二專(日間),19,19,100.00
112,私立,技專校院,1032,明新學校財團法人明新科技大學,二專(進修),102,77,75.49
112,私立,技專校院,1032,明新學校財團法人明新科技大學,學士班(日間),1186,1013,85.41
112,私立,技專校院,1032,明新學校財團法人明新科技大學,學士班(進修),886,720,81.26
112,私立,一般大學,1033,長榮大學,學士班(日間),1048,895,85.40
112,私立,一般大學,1033,長榮大學,學士班(進修),58,31,53.45
112,私立,技專校院,1034,弘光科技大學,二專(進修),66,40,60.61
112,私立,技專校院,1034,弘光科技大學,學士班(日間),1887,1730,91.68
112,私立,技專校院,1034,弘光科技大學,學士班(進修),990,765,77.27
112,私立,技專校院,1034,弘光科技大學,五專,53,52,98.11
112,私立,一般大學,1035,中國醫藥大學,學士班(日間),1233,1181,95.78
112,私立,技專校院,1036,健行學校財團法人健行科技大學,學士班(日間),978,811,82.92
112,私立,技專校院,1036,健行學校財團法人健行科技大學,學士班(進修),977,747,76.46
112,私立,技專校院,1037,正修學校財團法人正修科技大學,二專(進修),418,313,74.88
112,私立,技專校院,1037,正修學校財團法人正修科技大學,學士班(日間),1679,1420,84.57
112,私立,技專校院,1037,正修學校財團法人正修科技大學,學士班(進修),2376,1930,81.23
112,私立,技專校院,1037,正修學校財團法人正修科技大學,五專,72,68,94.44
112,私立,技專校院,1038,萬能學校財團法人萬能科技大學,學士班(日間),1197,952,79.53
112,私立,技專校院,1038,萬能學校財團法人萬能科技大學,學士班(進修),776,517,66.62
112,私立,一般大學,1039,玄奘大學,學士班(日間),229,167,72.93
112,私立,一般大學,1039,玄奘大學,學士班(進修),14,13,92.86
112,私立,技專校院,1040,建國科技大學,二專(進修),11,8,72.73
112,私立,技專校院,1040,建國科技大學,學士班(日間),455,395,86.81
112,私立,技專校院,1040,建國科技大學,學士班(進修),576,430,74.65
112,私立,技專校院,1041,明志科技大學,學士班(日間),890,812,91.24
112,私立,技專校院,1041,明志科技大學,學士班(進修),25,19,76.00
112,私立,技專校院,1042,台鋼學校財團法人台鋼科技大學,二專(進修),12,11,91.67
112,私立,技專校院,1042,台鋼學校財團法人台鋼科技大學,學士班(日間),28,25,89.29
112,私立,技專校院,1042,台鋼學校財團法人台鋼科技大學,學士班(進修),152,121,79.61
112,私立,技專校院,1042,台鋼學校財團法人台鋼科技大學,五專,8,0,0.00
112,私立,技專校院,1043,大仁科技大學,二專(進修),35,25,71.43
112,私立,技專校院,1043,大仁科技大學,學士班(日間),521,395,75.82
112,私立,技專校院,1043,大仁科技大學,學士班(進修),659,511,77.54
112,私立,技專校院,1044,聖約翰科技大學,二專(進修),17,15,88.24
112,私立,技專校院,1044,聖約翰科技大學,學士班(日間),44,26,59.09
112,私立,技專校院,1044,聖約翰科技大學,學士班(進修),38,30,78.95
112,私立,技專校院,1045,嶺東科技大學,學士班(日間),1409,1213,86.09
112,私立,技專校院,1045,嶺東科技大學,學士班(進修),652,419,64.26
112,私立,技專校院,1046,中國科技大學,二專(進修),156,109,69.87
112,私立,技專校院,1046,中國科技大學,學士班(日間),1026,840,81.87
112,私立,技專校院,1046,中國科技大學,學士班(進修),588,402,68.37
112,私立,技專校院,1047,中臺科技大學,學士班(日間),936,806,86.11
112,私立,技專校院,1047,中臺科技大學,學士班(進修),732,540,73.77
112,私立,一般大學,1048,亞洲大學,學士班(日間),1996,1735,86.92
112,私立,一般大學,1048,亞洲大學,學士班(進修),111,55,49.55
112,私立,一般大學,1049,開南大學,學士班(日間),578,426,73.70
112,私立,一般大學,1049,開南大學,學士班(進修),234,158,67.52
112,私立,一般大學,1050,佛光大學,學士班(日間),515,433,84.08
112,私立,技專校院,1051,台南家專學校財團法人台南應用科技大學,學士班(日間),1444,1253,86.77
112,私立,技專校院,1051,台南家專學校財團法人台南應用科技大學,學士班(進修),468,319,68.16
112,私立,技專校院,1051,台南家專學校財團法人台南應用科技大學,五專,170,153,90.00
112,私立,技專校院,1052,中信金學校財團法人中信科技大學,二專(進修),92,67,72.83
112,私立,技專校院,1052,中信金學校財團法人中信科技大學,學士班(日間),232,182,78.45
112,私立,技專校院,1052,中信金學校財團法人中信科技大學,學士班(進修),217,183,84.33
112,私立,技專校院,1053,光宇學校財團法人元培醫事科技大學,學士班(日間),542,452,83.39
112,私立,技專校院,1053,光宇學校財團法人元培醫事科技大學,學士班(進修),342,236,69.01
112,私立,技專校院,1054,景文科技大學,二專(進修),33,23,69.70
112,私立,技專校院,1054,景文科技大學,學士班(日間),702,574,81.77
112,私立,技專校院,1054,景文科技大學,學士班(進修),374,246,65.78
112,私立,技專校院,1055,中華醫事科技大學,二專(進修),40,33,82.50
112,私立,技專校院,1055,中華醫事科技大學,學士班(日間),921,832,90.34
112,私立,技專校院,1055,中華醫事科技大學,學士班(進修),565,394,69.73
112,私立,技專校院,1055,中華醫事科技大學,五專,629,589,93.64
112,私立,技專校院,1056,東南科技大學,學士班(日間),534,389,72.85
112,私立,技專校院,1056,東南科技大學,學士班(進修),128,92,71.88
112,私立,技專校院,1057,德明財經科技大學,學士班(日間),984,808,82.11
112,私立,技專校院,1057,德明財經科技大學,學士班(進修),135,99,73.33
112,私立,一般大學,1058,明道學校財團法人明道大學,學士班(日間),36,23,63.89
112,私立,一般大學,1058,明道學校財團法人明道大學,學士班(進修),96,62,64.58
112,私立,技專校院,1060,南開科技大學,二專(進修),20,19,95.00
112,私立,技專校院,1060,南開科技大學,學士班(日間),205,166,80.98
112,私立,技專校院,1060,南開科技大學,學士班(進修),230,204,88.70
112,私立,技專校院,1060,南開科技大學,五專,37,33,89.19
112,私立,技專校院,1061,中華學校財團法人中華科技大學,二專(進修),53,37,69.81
112,私立,技專校院,1061,中華學校財團法人中華科技大學,學士班(日間),373,257,68.90
112,私立,技專校院,1061,中華學校財團法人中華科技大學,學士班(進修),530,322,60.75
112,私立,技專校院,1062,僑光科技大學,學士班(日間),1037,899,86.69
112,私立,技專校院,1062,僑光科技大學,學士班(進修),848,576,67.92
112,私立,技專校院,1063,廣亞學校財團法人育達科技大學,學士班(日間),230,170,73.91
112,私立,技專校院,1063,廣亞學校財團法人育達科技大學,學士班(進修),752,585,77.79
112,私立,技專校院,1064,美和學校財團法人美和科技大學,二專(進修),55,37,67.27
112,私立,技專校院,1064,美和學校財團法人美和科技大學,學士班(日間),399,343,85.96
112,私立,技專校院,1064,美和學校財團法人美和科技大學,學士班(進修),642,558,86.92
112,私立,技專校院,1064,美和學校財團法人美和科技大學,五專,354,317,89.55
112,私立,技專校院,1065,吳鳳科技大學,二專(進修),101,85,84.16
112,私立,技專校院,1065,吳鳳科技大學,學士班(日間),408,344,84.31
112,私立,技專校院,1065,吳鳳科技大學,學士班(進修),516,463,89.73
112,私立,技專校院,1066,環球學校財團法人環球科技大學,二專(進修),38,30,78.95
112,私立,技專校院,1066,環球學校財團法人環球科技大學,學士班(日間),179,129,72.07
112,私立,技專校院,1066,環球學校財團法人環球科技大學,學士班(進修),200,135,67.50
112,私立,技專校院,1069,修平學校財團法人修平科技大學,學士班(日間),402,333,82.84
112,私立,技專校院,1069,修平學校財團法人修平科技大學,學士班(進修),582,492,84.54
112,私立,技專校院,1070,長庚學校財團法人長庚科技大學,學士班(日間),1541,1462,94.87
112,私立,技專校院,1070,長庚學校財團法人長庚科技大學,學士班(進修),604,515,85.26
112,私立,技專校院,1071,城市學校財團法人臺北城市科技大學,二專(進修),173,142,82.08
112,私立,技專校院,1071,城市學校財團法人臺北城市科技大學,學士班(日間),1246,1008,80.90
112,私立,技專校院,1071,城市學校財團法人臺北城市科技大學,學士班(進修),437,336,76.89
112,私立,技專校院,1071,城市學校財團法人臺北城市科技大學,五專,125,103,82.40
112,私立,技專校院,1072,大華學校財團法人敏實科技大學,學士班(日間),65,49,75.38
112,私立,技專校院,1072,大華學校財團法人敏實科技大學,學士班(進修),29,21,72.41
112,私立,技專校院,1072,大華學校財團法人敏實科技大學,五專,25,19,76.00
112,私立,技專校院,1073,醒吾學校財團法人醒吾科技大學,二專(進修),42,35,83.33
112,私立,技專校院,1073,醒吾學校財團法人醒吾科技大學,學士班(日間),893,690,77.27
112,私立,技專校院,1073,醒吾學校財團法人醒吾科技大學,學士班(進修),370,228,61.62
112,私立,技專校院,1073,醒吾學校財團法人醒吾科技大學,五專,29,24,82.76
112,私立,技專校院,1075,文藻學校財團法人文藻外語大學,學士班(日間),911,747,82.00
112,私立,技專校院,1075,文藻學校財團法人文藻外語大學,學士班(進修),200,131,65.50
112,私立,技專校院,1075,文藻學校財團法人文藻外語大學,五專,416,403,96.88
112,私立,技專校院,1076,華夏學校財團法人華夏科技大學,二專(進修),17,8,47.06
112,私立,技專校院,1076,華夏學校財團法人華夏科技大學,學士班(日間),138,109,78.99
112,私立,技專校院,1076,華夏學校財團法人華夏科技大學,學士班(進修),328,259,78.96
112,私立,技專校院,1076,華夏學校財團法人華夏科技大學,五專,71,59,83.10
112,私立,技專校院,1077,慈濟學校財團法人慈濟科技大學,學士班(日間),353,317,89.80
112,私立,技專校院,1077,慈濟學校財團法人慈濟科技大學,學士班(進修),87,46,52.87
112,私立,技專校院,1077,慈濟學校財團法人慈濟科技大學,五專,249,231,92.77
112,私立,技專校院,1078,致理學校財團法人致理科技大學,學士班(日間),1560,1434,91.92
112,私立,技專校院,1078,致理學校財團法人致理科技大學,學士班(進修),640,486,75.94
112,私立,技專校院,1078,致理學校財團法人致理科技大學,五專,329,310,94.22
112,私立,一般大學,1079,康寧學校財團法人康寧大學,二專(進修),89,79,88.76
112,私立,一般大學,1079,康寧學校財團法人康寧大學,學士班(日間),30,27,90.00
112,私立,一般大學,1079,康寧學校財團法人康寧大學,學士班(進修),95,90,94.74
112,私立,一般大學,1079,康寧學校財團法人康寧大學,五專,560,520,92.86
112,私立,技專校院,1080,宏國學校財團法人宏國德霖科技大學,學士班(日間),308,238,77.27
112,私立,技專校院,1080,宏國學校財團法人宏國德霖科技大學,學士班(進修),609,464,76.19
112,私立,技專校院,1080,宏國學校財團法人宏國德霖科技大學,五專,240,206,85.83
112,私立,技專校院,1081,東方學校財團法人東方設計大學,二專(進修),11,3,27.27
112,私立,技專校院,1081,東方學校財團法人東方設計大學,學士班(日間),14,3,21.43
112,私立,技專校院,1081,東方學校財團法人東方設計大學,學士班(進修),38,30,78.95
112,私立,技專校院,1081,東方學校財團法人東方設計大學,五專,22,8,36.36
112,私立,技專校院,1082,崇右學校財團法人崇右影藝科技大學,學士班(日間),288,113,39.24
112,私立,技專校院,1083,台北海洋學校財團法人台北海洋科技大學,二專(日間),10,9,90.00
112,私立,技專校院,1083,台北海洋學校財團法人台北海洋科技大學,二專(進修),77,70,90.91
112,私立,技專校院,1083,台北海洋學校財團法人台北海洋科技大學,學士班(日間),577,450,77.99
112,私立,技專校院,1083,台北海洋學校財團法人台北海洋科技大學,學士班(進修),422,347,82.23
112,私立,技專校院,1083,台北海洋學校財團法人台北海洋科技大學,五專,122,107,87.70
112,私立,技專校院,1084,亞東學校財團法人亞東科技大學,學士班(日間),833,735,88.24
112,私立,技專校院,1084,亞東學校財團法人亞東科技大學,學士班(進修),48,46,95.83
112,私立,一般大學,1125,中信學校財團法人中信金融管理學院,學士班(日間),198,170,85.86
112,私立,技專校院,1148,大漢技術學院,二專(進修),41,28,68.29
112,私立,技專校院,1148,大漢技術學院,學士班(日間),19,12,63.16
112,私立,技專校院,1148,大漢技術學院,學士班(進修),172,120,69.77
112,私立,技專校院,1168,南亞科技學校財團法人南亞技術學院,學士班(日間),231,169,73.16
112,私立,技專校院,1168,南亞科技學校財團法人南亞技術學院,學士班(進修),487,420,86.24
112,私立,技專校院,1183,黎明技術學院,學士班(日間),642,426,66.36
112,私立,技專校院,1183,黎明技術學院,學士班(進修),479,238,49.69
112,私立,技專校院,1183,黎明技術學院,五專,83,69,83.13
112,私立,技專校院,1185,德育學校財團法人德育護理健康學院,二專(進修),91,71,78.02
112,私立,技專校院,1185,德育學校財團法人德育護理健康學院,學士班(日間),230,185,80.43
112,私立,技專校院,1185,德育學校財團法人德育護理健康學院,學士班(進修),364,318,87.36
112,私立,技專校院,1185,德育學校財團法人德育護理健康學院,五專,184,160,86.96
112,私立,一般大學,1195,馬偕學校財團法人馬偕醫學院,學士班(日間),128,121,94.53
112,私立,一般大學,1195,馬偕學校財團法人馬偕醫學院,學士班(進修),16,15,93.75
112,私立,一般大學,1196,法鼓學校財團法人法鼓文理學院,學士班(日間),10,8,80.00
112,私立,技專校院,1282,馬偕學校財團法人馬偕醫護管理專科學校,二專(進修),76,68,89.47
112,私立,技專校院,1282,馬偕學校財團法人馬偕醫護管理專科學校,五專,856,783,91.47
112,私立,技專校院,1283,仁德醫護管理專科學校,二專(進修),228,150,65.79
112,私立,技專校院,1283,仁德醫護管理專科學校,五專,1115,960,86.10
112,私立,技專校院,1284,樹人醫護管理專科學校,二專(進修),216,188,87.04
112,私立,技專校院,1284,樹人醫護管理專科學校,五專,1435,1291,89.97
112,私立,技專校院,1285,慈惠醫護管理專科學校,二專(日間),34,31,91.18
112,私立,技專校院,1285,慈惠醫護管理專科學校,二專(進修),69,49,71.01
112,私立,技專校院,1285,慈惠醫護管理專科學校,五專,309,268,86.73
112,私立,技專校院,1286,耕莘健康管理專科學校,二專(進修),40,35,87.50
112,私立,技專校院,1286,耕莘健康管理專科學校,五專,792,727,91.79
112,私立,技專校院,1287,敏惠醫護管理專科學校,二專(進修),36,32,88.89
112,私立,技專校院,1287,敏惠醫護管理專科學校,五專,658,621,94.38
112,私立,技專校院,1289,育英醫護管理專科學校,五專,367,339,92.37
112,私立,技專校院,1291,聖母醫護管理專科學校,二專(進修),24,16,66.67
112,私立,技專校院,1291,聖母醫護管理專科學校,五專,252,225,89.29
112,私立,技專校院,1292,新生醫護管理專科學校,二專(進修),43,34,79.07
112,私立,技專校院,1292,新生醫護管理專科學校,五專,1218,1124,92.28
112,私立,技專校院,1293,崇仁醫護管理專科學校,五專,593,553,93.25
112,私立,宗教研修學院,1R03,臺北基督學院,學士班(日間),18,8,44.44
112,私立,宗教研修學院,1R04,財團法人一貫道天皇基金會一貫道天皇學院,學士班(日間),19,0,0.00
112,公立,一般大學,3002,臺北市立大學,學士班(日間),1219,1111,91.14
113,公立,一般大學,0001,國立政治大學,學士班(日間),2055,1980,96.35
113,公立,一般大學,0002,國立清華大學,學士班(日間),1941,1852,95.41
113,公立,一般大學,0003,國立臺灣大學,學士班(日間),3385,3235,95.57
113,公立,一般大學,0004,國立臺灣師範大學,學士班(日間),1802,1715,95.17
113,公立,一般大學,0005,國立成功大學,學士班(日間),2588,2427,93.78
113,公立,一般大學,0006,國立中興大學,學士班(日間),1843,1732,93.98
113,公立,一般大學,0006,國立中興大學,學士班(進修),177,136,76.84
113,公立,一般大學,0007,國立陽明交通大學,學士班(日間),1868,1758,94.11
113,公立,一般大學,0008,國立中央大學,學士班(日間),1498,1418,94.66
113,公立,一般大學,0009,國立中山大學,學士班(日間),1144,1087,95.02
113,公立,一般大學,0012,國立臺灣海洋大學,學士班(日間),1383,1290,93.28
113,公立,一般大學,0012,國立臺灣海洋大學,學士班(進修),160,143,89.38
113,公立,一般大學,0013,國立中正大學,學士班(日間),1530,1441,94.18
113,公立,一般大學,0014,國立高雄師範大學,學士班(日間),918,810,88.24
113,公立,一般大學,0015,國立彰化師範大學,學士班(日間),1190,1118,93.95
113,公立,一般大學,0017,國立臺北大學,學士班(日間),1344,1288,95.83
113,公立,一般大學,0017,國立臺北大學,學士班(進修),435,321,73.79
113,公立,一般大學,0018,國立嘉義大學,學士班(日間),1846,1693,91.71
113,公立,一般大學,0018,國立嘉義大學,學士班(進修),390,297,76.15
113,公立,一般大學,0019,國立高雄大學,學士班(日間),1113,1009,90.66
113,公立,一般大學,0019,國立高雄大學,學士班(進修),49,35,71.43
113,公立,一般大學,0020,國立東華大學,學士班(日間),1754,1622,92.47
113,公立,一般大學,0021,國立暨南國際大學,學士班(日間),1113,1040,93.44
113,公立,技專校院,0022,國立臺灣科技大學,學士班(日間),1295,1254,96.83
113,公立,技專校院,0023,國立雲林科技大學,學士班(日間),1749,1669,95.43
113,公立,技專校院,0023,國立雲林科技大學,學士班(進修),57,51,89.47
113,公立,技專校院,0024,國立屏東科技大學,學士班(日間),1768,1599,90.44
113,公立,技專校院,0024,國立屏東科技大學,學士班(進修),273,217,79.49
113,公立,技專校院,0025,國立臺北科技大學,學士班(日間),1461,1421,97.26
113,公立,技專校院,0025,國立臺北科技大學,學士班(進修),199,187,93.97
113,公立,技專校院,0025,國立臺北科技大學,五專,31,31,100.00
113,公立,一般大學,0028,國立臺北藝術大學,學士班(日間),358,330,92.18
113,公立,一般大學,0029,國立臺灣藝術大學,學士班(日間),523,484,92.54
113,公立,一般大學,0029,國立臺灣藝術大學,學士班(進修),458,406,88.65
113,公立,一般大學,0030,國立臺東大學,學士班(日間),947,841,88.81
113,公立,一般大學,0030,國立臺東大學,學士班(進修),131,110,83.97
113,公立,一般大學,0031,國立宜蘭大學,學士班(日間),1089,961,88.25
113,公立,一般大學,0031,國立宜蘭大學,學士班(進修),90,70,77.78
113,公立,一般大學,0032,國立聯合大學,學士班(日間),1511,1370,90.67
113,公立,一般大學,0032,國立聯合大學,學士班(進修),276,211,76.45
113,公立,技專校院,0033,國立虎尾科技大學,二專(日間),37,32,86.49
113,公立,技專校院,0033,國立虎尾科技大學,學士班(日間),2006,1860,92.72
113,公立,技專校院,0033,國立虎尾科技大學,學士班(進修),659,548,83.16
113,公立,技專校院,0033,國立虎尾科技大學,五專,89,87,97.75
113,公立,一般大學,0035,國立臺南藝術大學,學士班(日間),135,115,85.19
113,公立,一般大學,0036,國立臺南大學,學士班(日間),944,871,92.27
113,公立,一般大學,0036,國立臺南大學,學士班(進修),42,27,64.29
113,公立,一般大學,0037,國立臺北教育大學,學士班(日間),782,744,95.14
113,公立,一般大學,0039,國立臺中教育大學,學士班(日間),747,697,93.31
113,公立,技專校院,0042,國立澎湖科技大學,學士班(日間),513,432,84.21
113,公立,技專校院,0042,國立澎湖科技大學,學士班(進修),62,39,62.90
113,公立,技專校院,0042,國立澎湖科技大學,五專,23,22,95.65
113,公立,技專校院,0043,國立勤益科技大學,二專(進修),122,86,70.49
113,公立,技專校院,0043,國立勤益科技大學,學士班(日間),1744,1586,90.94
113,公立,技專校院,0043,國立勤益科技大學,學士班(進修),1202,960,79.87
113,公立,一般大學,0044,國立體育大學,學士班(日間),468,428,91.45
113,公立,一般大學,0044,國立體育大學,學士班(進修),22,17,77.27
113,公立,技專校院,0046,國立臺北護理健康大學,學士班(日間),1185,1109,93.59
113,公立,技專校院,0046,國立臺北護理健康大學,學士班(進修),231,208,90.04
113,公立,技專校院,0047,國立高雄餐旅大學,學士班(日間),624,588,94.23
113,公立,技專校院,0047,國立高雄餐旅大學,學士班(進修),235,220,93.62
113,公立,技專校院,0047,國立高雄餐旅大學,五專,54,51,94.44
113,公立,一般大學,0048,國立金門大學,學士班(日間),700,592,84.57
113,公立,一般大學,0048,國立金門大學,學士班(進修),149,104,69.80
113,公立,一般大學,0049,國立臺灣體育運動大學,學士班(日間),561,469,83.60
113,公立,一般大學,0049,國立臺灣體育運動大學,學士班(進修),96,68,70.83
113,公立,技專校院,0050,國立臺中科技大學,二專(進修),325,244,75.08
113,公立,技專校院,0050,國立臺中科技大學,學士班(日間),1993,1877,94.18
113,公立,技專校院,0050,國立臺中科技大學,學士班(進修),1456,1158,79.53
113,公立,技專校院,0050,國立臺中科技大學,五專,765,718,93.86
113,公立,技專校院,0051,國立臺北商業大學,二專(進修),38,24,63.16
113,公立,技專校院,0051,國立臺北商業大學,學士班(日間),799,755,94.49
113,公立,技專校院,0051,國立臺北商業大學,學士班(進修),588,521,88.61
113,公立,技專校院,0051,國立臺北商業大學,五專,350,334,95.43
113,公立,一般大學,0052,國立屏東大學,學士班(日間),1598,1494,93.49
113,公立,一般大學,0052,國立屏東大學,學士班(進修),101,75,74.26
113,公立,技專校院,0053,國立高雄科技大學,學士班(日間),4480,4189,93.50
113,公立,技專校院,0053,國立高雄科技大學,學士班(進修),1053,854,81.10
113,公立,技專校院,0053,國立高雄科技大學,五專,187,182,97.33
113,公立,技專校院,0144,國立臺灣戲曲學院,學士班(日間),123,92,74.80
113,公立,技專校院,0221,國立臺南護理專科學校,二專(日間),30,24,80.00
113,公立,技專校院,0221,國立臺南護理專科學校,二專(進修),15,11,73.33
113,公立,技專校院,0221,國立臺南護理專科學校,五專,405,385,95.06
113,公立,技專校院,0222,國立臺東專科學校,二專(日間),230,208,90.43
113,公立,技專校院,0222,國立臺東專科學校,二專(進修),45,41,91.11
113,公立,技專校院,0222,國立臺東專科學校,五專,31,25,80.65
113,私立,一般大學,1001,東海大學,學士班(日間),2940,2737,93.10
113,私立,一般大學,1001,東海大學,學士班(進修),50,35,70.00
113,私立,一般大學,1002,輔仁大學,學士班(日間),4026,3749,93.12
113,私立,一般大學,1002,輔仁大學,學士班(進修),733,535,72.99
113,私立,一般大學,1003,東吳大學,學士班(日間),2686,2514,93.60
113,私立,一般大學,1003,東吳大學,學士班(進修),43,32,74.42
113,私立,一般大學,1004,中原大學,學士班(日間),2974,2828,95.09
113,私立,一般大學,1005,淡江大學學校財團法人淡江大學,學士班(日間),4052,3739,92.28
113,私立,一般大學,1005,淡江大學學校財團法人淡江大學,學士班(進修),108,76,70.37
113,私立,一般大學,1006,中國文化大學,學士班(日間),2413,2027,84.00
113,私立,一般大學,1006,中國文化大學,學士班(進修),348,216,62.07
113,私立,一般大學,1007,逢甲大學,學士班(日間),3845,3685,95.84
113,私立,一般大學,1007,逢甲大學,學士班(進修),134,100,74.63
113,私立,一般大學,1008,靜宜大學,學士班(日間),1877,1665,88.71
113,私立,一般大學,1009,長庚大學,學士班(日間),1164,1110,95.36
113,私立,一般大學,1010,元智大學,學士班(日間),1585,1503,94.83
113,私立,一般大學,1011,中華大學學校財團法人中華大學,學士班(日間),440,344,78.18
113,私立,一般大學,1011,中華大學學校財團法人中華大學,學士班(進修),52,35,67.31
113,私立,一般大學,1012,大葉大學,學士班(日間),456,359,78.73
113,私立,一般大學,1012,大葉大學,學士班(進修),38,28,73.68
113,私立,一般大學,1013,華梵學校財團法人華梵大學,學士班(日間),163,119,73.01
113,私立,一般大學,1014,義守大學,學士班(日間),1793,1591,88.73
113,私立,一般大學,1014,義守大學,學士班(進修),247,185,74.90
113,私立,一般大學,1015,世新大學,學士班(日間),2074,1923,92.72
113,私立,一般大學,1015,世新大學,學士班(進修),217,129,59.45
113,私立,一般大學,1016,銘傳大學,學士班(日間),3030,2697,89.01
113,私立,一般大學,1017,實踐大學,學士班(日間),1830,1539,84.10
113,私立,一般大學,1017,實踐大學,學士班(進修),200,149,74.50
113,私立,技專校院,1018,朝陽科技大學,學士班(日間),2573,2334,90.71
113,私立,技專校院,1018,朝陽科技大學,學士班(進修),184,126,68.48
113,私立,一般大學,1019,高雄醫學大學,學士班(日間),1142,1068,93.52
113,私立,一般大學,1020,南華大學,學士班(日間),846,746,88.18
113,私立,一般大學,1020,南華大學,學士班(進修),89,47,52.81
113,私立,一般大學,1021,真理大學,學士班(日間),331,218,65.86
113,私立,一般大學,1022,大同大學,學士班(日間),701,626,89.30
113,私立,技專校院,1023,南臺學校財團法人南臺科技大學,學士班(日間),2502,2209,88.29
113,私立,技專校院,1023,南臺學校財團法人南臺科技大學,學士班(進修),533,410,76.92
113,私立,技專校院,1023,南臺學校財團法人南臺科技大學,五專,131,120,91.60
113,私立,技專校院,1024,崑山科技大學,學士班(日間),873,729,83.51
113,私立,技專校院,1024,崑山科技大學,學士班(進修),544,403,74.08
113,私立,技專校院,1025,嘉藥學校財團法人嘉南藥理大學,學士班(日間),1287,1137,88.34
113,私立,技專校院,1025,嘉藥學校財團法人嘉南藥理大學,學士班(進修),529,441,83.36
113,私立,技專校院,1025,嘉藥學校財團法人嘉南藥理大學,五專,166,156,93.98
113,私立,技專校院,1026,樹德科技大學,二專(進修),122,76,62.30
113,私立,技專校院,1026,樹德科技大學,學士班(日間),1241,1004,80.90
113,私立,技專校院,1026,樹德科技大學,學士班(進修),784,578,73.72
113,私立,一般大學,1027,慈濟學校財團法人慈濟大學,學士班(日間),710,658,92.68
113,私立,一般大學,1027,慈濟學校財團法人慈濟大學,學士班(進修),92,53,57.61
113,私立,一般大學,1027,慈濟學校財團法人慈濟大學,五專,262,242,92.37
113,私立,一般大學,1028,臺北醫學大學,學士班(日間),898,830,92.43
113,私立,一般大學,1029,中山醫學大學,學士班(日間),1354,1248,92.17
113,私立,一般大學,1029,中山醫學大學,學士班(進修),40,34,85.00
113,私立,技專校院,1030,龍華科技大學,學士班(日間),1303,1077,82.66
113,私立,技專校院,1030,龍華科技大學,學士班(進修),814,291,35.75
113,私立,技專校院,1030,龍華科技大學,五專,215,198,92.09
113,私立,技專校院,1031,輔英科技大學,學士班(日間),1106,1006,90.96
113,私立,技專校院,1031,輔英科技大學,學士班(進修),517,389,75.24
113,私立,技專校院,1031,輔英科技大學,五專,530,512,96.60
113,私立,技專校院,1032,明新學校財團法人明新科技大學,二專(日間),8,6,75.00
113,私立,技專校院,1032,明新學校財團法人明新科技大學,二專(進修),86,64,74.42
113,私立,技專校院,1032,明新學校財團法人明新科技大學,學士班(日間),907,793,87.43
113,私立,技專校院,1032,明新學校財團法人明新科技大學,學士班(進修),908,784,86.34
113,私立,一般大學,1033,長榮大學,學士班(日間),855,737,86.20
113,私立,一般大學,1033,長榮大學,學士班(進修),48,32,66.67
113,私立,技專校院,1034,弘光科技大學,二專(進修),47,27,57.45
113,私立,技專校院,1034,弘光科技大學,學士班(日間),1871,1680,89.79
113,私立,技專校院,1034,弘光科技大學,學士班(進修),911,684,75.08
113,私立,技專校院,1034,弘光科技大學,五專,58,56,96.55
113,私立,一般大學,1035,中國醫藥大學,學士班(日間),1200,1138,94.83
113,私立,技專校院,1036,健行學校財團法人健行科技大學,學士班(日間),975,772,79.18
113,私立,技專校院,1036,健行學校財團法人健行科技大學,學士班(進修),970,739,76.19
113,私立,技專校院,1037,正修學校財團法人正修科技大學,二專(進修),300,231,77.00
113,私立,技專校院,1037,正修學校財團法人正修科技大學,學士班(日間),1579,1338,84.74
113,私立,技專校院,1037,正修學校財團法人正修科技大學,學士班(進修),2156,1794,83.21
113,私立,技專校院,1037,正修學校財團法人正修科技大學,五專,82,76,92.68
113,私立,技專校院,1038,萬能學校財團法人萬能科技大學,學士班(日間),1103,854,77.43
113,私立,技專校院,1038,萬能學校財團法人萬能科技大學,學士班(進修),780,497,63.72
113,私立,一般大學,1039,玄奘大學,學士班(日間),141,110,78.01
113,私立,一般大學,1039,玄奘大學,學士班(進修),15,10,66.67
113,私立,技專校院,1040,建國科技大學,二專(進修),43,26,60.47
113,私立,技專校院,1040,建國科技大學,學士班(日間),364,308,84.62
113,私立,技專校院,1040,建國科技大學,學士班(進修),384,295,76.82
113,私立,技專校院,1041,明志科技大學,學士班(日間),932,863,92.60
113,私立,技專校院,1041,明志科技大學,學士班(進修),19,12,63.16
113,私立,技專校院,1042,台鋼學校財團法人台鋼科技大學,二專(進修),9,7,77.78
113,私立,技專校院,1042,台鋼學校財團法人台鋼科技大學,學士班(日間),36,27,75.00
113,私立,技專校院,1042,台鋼學校財團法人台鋼科技大學,學士班(進修),79,64,81.01
113,私立,技專校院,1042,台鋼學校財團法人台鋼科技大學,五專,1,0,0.00
113,私立,技專校院,1043,大仁科技大學,二專(進修),26,18,69.23
113,私立,技專校院,1043,大仁科技大學,學士班(日間),462,372,80.52
113,私立,技專校院,1043,大仁科技大學,學士班(進修),628,510,81.21
113,私立,技專校院,1044,聖約翰科技大學,二專(進修),10,8,80.00
113,私立,技專校院,1044,聖約翰科技大學,學士班(日間),42,34,80.95
113,私立,技專校院,1044,聖約翰科技大學,學士班(進修),33,30,90.91
113,私立,技專校院,1045,嶺東科技大學,學士班(日間),1347,1164,86.41
113,私立,技專校院,1045,嶺東科技大學,學士班(進修),569,350,61.51
113,私立,技專校院,1046,中國科技大學,二專(進修),63,41,65.08
113,私立,技專校院,1046,中國科技大學,學士班(日間),806,640,79.40
113,私立,技專校院,1046,中國科技大學,學士班(進修),429,330,76.92
113,私立,技專校院,1047,中臺科技大學,學士班(日間),994,896,90.14
113,私立,技專校院,1047,中臺科技大學,學士班(進修),763,557,73.00
113,私立,一般大學,1048,亞洲大學,學士班(日間),2248,1981,88.12
113,私立,一般大學,1048,亞洲大學,學士班(進修),111,36,32.43
113,私立,一般大學,1049,開南大學,學士班(日間),478,284,59.41
113,私立,一般大學,1049,開南大學,學士班(進修),227,146,64.32
113,私立,一般大學,1050,佛光大學,學士班(日間),379,311,82.06
113,私立,技專校院,1051,台南家專學校財團法人台南應用科技大學,學士班(日間),1617,1408,87.07
113,私立,技專校院,1051,台南家專學校財團法人台南應用科技大學,學士班(進修),412,278,67.48
113,私立,技專校院,1051,台南家專學校財團法人台南應用科技大學,五專,160,144,90.00
113,私立,技專校院,1052,中信金學校財團法人中信科技大學,二專(進修),41,36,87.80
113,私立,技專校院,1052,中信金學校財團法人中信科技大學,學士班(日間),150,129,86.00
113,私立,技專校院,1052,中信金學校財團法人中信科技大學,學士班(進修),195,177,90.77
113,私立,技專校院,1053,光宇學校財團法人元培醫事科技大學,學士班(日間),385,316,82.08
113,私立,技專校院,1053,光宇學校財團法人元培醫事科技大學,學士班(進修),272,216,79.41
113,私立,技專校院,1054,景文科技大學,二專(進修),55,32,58.18
113,私立,技專校院,1054,景文科技大學,學士班(日間),579,477,82.38
113,私立,技專校院,1054,景文科技大學,學士班(進修),331,235,71.00
113,私立,技專校院,1055,中華醫事科技大學,二專(進修),27,23,85.19
113,私立,技專校院,1055,中華醫事科技大學,學士班(日間),814,722,88.70
113,私立,技專校院,1055,中華醫事科技大學,學士班(進修),398,297,74.62
113,私立,技專校院,1055,中華醫事科技大學,五專,705,645,91.49
113,私立,技專校院,1056,東南科技大學,學士班(日間),361,285,78.95
113,私立,技專校院,1056,東南科技大學,學士班(進修),112,85,75.89
113,私立,技專校院,1057,德明財經科技大學,學士班(日間),809,697,86.16
113,私立,技專校院,1057,德明財經科技大學,學士班(進修),130,77,59.23
113,私立,技專校院,1060,南開科技大學,二專(進修),25,22,88.00
113,私立,技專校院,1060,南開科技大學,學士班(日間),132,115,87.12
113,私立,技專校院,1060,南開科技大學,學士班(進修),233,188,80.69
113,私立,技專校院,1060,南開科技大學,五專,28,25,89.29
113,私立,技專校院,1061,中華學校財團法人中華科技大學,二專(進修),50,33,66.00
113,私立,技專校院,1061,中華學校財團法人中華科技大學,學士班(日間),234,119,50.85
113,私立,技專校院,1061,中華學校財團法人中華科技大學,學士班(進修),484,355,73.35
113,私立,技專校院,1062,僑光科技大學,學士班(日間),962,832,86.49
113,私立,技專校院,1062,僑光科技大學,學士班(進修),907,600,66.15
113,私立,技專校院,1063,廣亞學校財團法人育達科技大學,學士班(日間),176,138,78.41
113,私立,技專校院,1063,廣亞學校財團法人育達科技大學,學士班(進修),658,572,86.93
113,私立,技專校院,1064,美和學校財團法人美和科技大學,二專(進修),54,39,72.22
113,私立,技專校院,1064,美和學校財團法人美和科技大學,學士班(日間),319,270,84.64
113,私立,技專校院,1064,美和學校財團法人美和科技大學,學士班(進修),599,517,86.31
113,私立,技專校院,1064,美和學校財團法人美和科技大學,五專,331,304,91.84
113,私立,技專校院,1065,吳鳳科技大學,二專(進修),82,72,87.80
113,私立,技專校院,1065,吳鳳科技大學,學士班(日間),348,305,87.64
113,私立,技專校院,1065,吳鳳科技大學,學士班(進修),486,436,89.71
113,私立,技專校院,1069,修平學校財團法人修平科技大學,學士班(日間),284,232,81.69
113,私立,技專校院,1069,修平學校財團法人修平科技大學,學士班(進修),454,366,80.62
113,私立,技專校院,1070,長庚學校財團法人長庚科技大學,學士班(日間),1540,1467,95.26
113,私立,技專校院,1070,長庚學校財團法人長庚科技大學,學士班(進修),567,503,88.71
113,私立,技專校院,1071,城市學校財團法人臺北城市科技大學,二專(進修),159,129,81.13
113,私立,技專校院,1071,城市學校財團法人臺北城市科技大學,學士班(日間),1198,968,80.80
113,私立,技專校院,1071,城市學校財團法人臺北城市科技大學,學士班(進修),392,301,76.79
113,私立,技專校院,1071,城市學校財團法人臺北城市科技大學,五專,148,126,85.14
113,私立,技專校院,1072,大華學校財團法人敏實科技大學,學士班(日間),60,44,73.33
113,私立,技專校院,1072,大華學校財團法人敏實科技大學,學士班(進修),51,39,76.47
113,私立,技專校院,1072,大華學校財團法人敏實科技大學,五專,21,20,95.24
113,私立,技專校院,1073,醒吾學校財團法人醒吾科技大學,二專(進修),15,11,73.33
113,私立,技專校院,1073,醒吾學校財團法人醒吾科技大學,學士班(日間),939,718,76.46
113,私立,技專校院,1073,醒吾學校財團法人醒吾科技大學,學士班(進修),322,222,68.94
113,私立,技專校院,1075,文藻學校財團法人文藻外語大學,學士班(日間),827,697,84.28
113,私立,技專校院,1075,文藻學校財團法人文藻外語大學,學士班(進修),181,131,72.38
113,私立,技專校院,1075,文藻學校財團法人文藻外語大學,五專,456,424,92.98
113,私立,技專校院,1078,致理學校財團法人致理科技大學,學士班(日間),1555,1424,91.58
113,私立,技專校院,1078,致理學校財團法人致理科技大學,學士班(進修),656,475,72.41
113,私立,技專校院,1078,致理學校財團法人致理科技大學,五專,327,305,93.27
113,私立,一般大學,1079,康寧學校財團法人康寧大學,二專(進修),93,82,88.17
113,私立,一般大學,1079,康寧學校財團法人康寧大學,學士班(日間),24,22,91.67
113,私立,一般大學,1079,康寧學校財團法人康寧大學,學士班(進修),103,93,90.29
113,私立,一般大學,1079,康寧學校財團法人康寧大學,五專,591,546,92.39
113,私立,技專校院,1080,宏國學校財團法人宏國德霖科技大學,學士班(日間),204,166,81.37
113,私立,技專校院,1080,宏國學校財團法人宏國德霖科技大學,學士班(進修),567,452,79.72
113,私立,技專校院,1080,宏國學校財團法人宏國德霖科技大學,五專,225,196,87.11
113,私立,技專校院,1082,崇右學校財團法人崇右影藝科技大學,學士班(日間),297,129,43.43
113,私立,技專校院,1083,台北海洋學校財團法人台北海洋科技大學,二專(進修),74,52,70.27
113,私立,技專校院,1083,台北海洋學校財團法人台北海洋科技大學,學士班(日間),592,440,74.32
113,私立,技專校院,1083,台北海洋學校財團法人台北海洋科技大學,學士班(進修),350,297,84.86
113,私立,技專校院,1083,台北海洋學校財團法人台北海洋科技大學,五專,110,95,86.36
113,私立,技專校院,1084,亞東學校財團法人亞東科技大學,學士班(日間),982,857,87.27
113,私立,技專校院,1084,亞東學校財團法人亞東科技大學,學士班(進修),49,47,95.92
113,私立,一般大學,1125,中信學校財團法人中信金融管理學院,學士班(日間),225,159,70.67
113,私立,技專校院,1148,大漢技術學院,二專(進修),19,13,68.42
113,私立,技專校院,1148,大漢技術學院,學士班(日間),18,11,61.11
113,私立,技專校院,1148,大漢技術學院,學士班(進修),121,89,73.55
113,私立,技專校院,1168,南亞科技學校財團法人南亞技術學院,學士班(日間),201,148,73.63
113,私立,技專校院,1168,南亞科技學校財團法人南亞技術學院,學士班(進修),493,455,92.29
113,私立,技專校院,1183,黎明技術學院,學士班(日間),524,347,66.22
113,私立,技專校院,1183,黎明技術學院,學士班(進修),492,266,54.07
113,私立,技專校院,1183,黎明技術學院,五專,71,63,88.73
113,私立,技專校院,1185,德育學校財團法人德育護理健康學院,二專(進修),83,74,89.16
113,私立,技專校院,1185,德育學校財團法人德育護理健康學院,學士班(日間),216,162,75.00
113,私立,技專校院,1185,德育學校財團法人德育護理健康學院,學士班(進修),390,341,87.44
113,私立,技專校院,1185,德育學校財團法人德育護理健康學院,五專,241,184,76.35
113,私立,一般大學,1195,馬偕學校財團法人馬偕醫學院,學士班(日間),182,171,93.96
113,私立,一般大學,1195,馬偕學校財團法人馬偕醫學院,學士班(進修),33,32,96.97
113,私立,一般大學,1196,法鼓學校財團法人法鼓文理學院,學士班(日間),7,5,71.43
113,私立,一般大學,1196,法鼓學校財團法人法鼓文理學院,學士班(進修),19,16,84.21
113,私立,技專校院,1282,馬偕學校財團法人馬偕醫護管理專科學校,二專(進修),34,29,85.29
113,私立,技專校院,1282,馬偕學校財團法人馬偕醫護管理專科學校,五專,862,790,91.65
113,私立,技專校院,1283,仁德醫護管理專科學校,二專(進修),215,146,67.91
113,私立,技專校院,1283,仁德醫護管理專科學校,五專,1074,961,89.48
113,私立,技專校院,1284,樹人醫護管理專科學校,二專(進修),211,186,88.15
113,私立,技專校院,1284,樹人醫護管理專科學校,五專,1498,1368,91.32
113,私立,技專校院,1285,慈惠醫護管理專科學校,二專(日間),21,20,95.24
113,私立,技專校院,1285,慈惠醫護管理專科學校,二專(進修),54,44,81.48
113,私立,技專校院,1285,慈惠醫護管理專科學校,五專,240,204,85.00
113,私立,技專校院,1286,耕莘健康管理專科學校,二專(進修),64,60,93.75
113,私立,技專校院,1286,耕莘健康管理專科學校,五專,801,753,94.01
113,私立,技專校院,1287,敏惠醫護管理專科學校,二專(進修),45,41,91.11
113,私立,技專校院,1287,敏惠醫護管理專科學校,五專,636,583,91.67
113,私立,技專校院,1289,育英醫護管理專科學校,五專,380,345,90.79
113,私立,技專校院,1291,聖母醫護管理專科學校,二專(進修),33,20,60.61
113,私立,技專校院,1291,聖母醫護管理專科學校,五專,260,231,88.85
113,私立,技專校院,1292,新生醫護管理專科學校,二專(進修),40,34,85.00
113,私立,技專校院,1292,新生醫護管理專科學校,五專,1304,1190,91.26
113,私立,技專校院,1293,崇仁醫護管理專科學校,五專,627,585,93.30
113,私立,宗教研修學院,1R03,臺北基督學院,學士班(日間),6,2,33.33
113,公立,一般大學,3002,臺北市立大學,學士班(日間),1237,1142,92.32
114,公立,一般大學,0001,國立政治大學,學士班(日間),2011,1935,96.22
114,公立,一般大學,0002,國立清華大學,學士班(日間),1932,1841,95.29
114,公立,一般大學,0003,國立臺灣大學,學士班(日間),3383,3252,96.13
114,公立,一般大學,0004,國立臺灣師範大學,學士班(日間),1754,1672,95.32
114,公立,一般大學,0005,國立成功大學,學士班(日間),2560,2417,94.41
114,公立,一般大學,0006,國立中興大學,學士班(日間),1824,1706,93.53
114,公立,一般大學,0006,國立中興大學,學士班(進修),169,132,78.11
114,公立,一般大學,0007,國立陽明交通大學,學士班(日間),1943,1816,93.46
114,公立,一般大學,0008,國立中央大學,學士班(日間),1464,1371,93.65
114,公立,一般大學,0009,國立中山大學,學士班(日間),1125,1056,93.87
114,公立,一般大學,0012,國立臺灣海洋大學,學士班(日間),1355,1263,93.21
114,公立,一般大學,0012,國立臺灣海洋大學,學士班(進修),168,134,79.76
114,公立,一般大學,0013,國立中正大學,學士班(日間),1511,1409,93.25
114,公立,一般大學,0014,國立高雄師範大學,學士班(日間),897,824,91.86
114,公立,一般大學,0015,國立彰化師範大學,學士班(日間),1196,1123,93.90
114,公立,一般大學,0017,國立臺北大學,學士班(日間),1366,1311,95.97
114,公立,一般大學,0017,國立臺北大學,學士班(進修),386,272,70.47
114,公立,一般大學,0018,國立嘉義大學,學士班(日間),1817,1667,91.74
114,公立,一般大學,0018,國立嘉義大學,學士班(進修),326,273,83.74
114,公立,一般大學,0019,國立高雄大學,學士班(日間),1082,960,88.72
114,公立,一般大學,0019,國立高雄大學,學士班(進修),48,37,77.08
114,公立,一般大學,0020,國立東華大學,學士班(日間),1594,1452,91.09
114,公立,一般大學,0021,國立暨南國際大學,學士班(日間),1099,1014,92.27
114,公立,技專校院,0022,國立臺灣科技大學,學士班(日間),1372,1329,96.87
114,公立,技專校院,0023,國立雲林科技大學,學士班(日間),1701,1631,95.88
114,公立,技專校院,0023,國立雲林科技大學,學士班(進修),55,41,74.55
114,公立,技專校院,0024,國立屏東科技大學,學士班(日間),1731,1532,88.50
114,公立,技專校院,0024,國立屏東科技大學,學士班(進修),208,168,80.77
114,公立,技專校院,0025,國立臺北科技大學,學士班(日間),1410,1363,96.67
114,公立,技專校院,0025,國立臺北科技大學,學士班(進修),142,138,97.18
114,公立,技專校院,0025,國立臺北科技大學,五專,33,33,100.00
114,公立,一般大學,0028,國立臺北藝術大學,學士班(日間),340,316,92.94
114,公立,一般大學,0029,國立臺灣藝術大學,學士班(日間),517,490,94.78
114,公立,一般大學,0029,國立臺灣藝術大學,學士班(進修),431,394,91.42
114,公立,一般大學,0030,國立臺東大學,學士班(日間),885,780,88.14
114,公立,一般大學,0030,國立臺東大學,學士班(進修),118,102,86.44
114,公立,一般大學,0031,國立宜蘭大學,學士班(日間),1056,954,90.34
114,公立,一般大學,0031,國立宜蘭大學,學士班(進修),88,65,73.86
114,公立,一般大學,0032,國立聯合大學,學士班(日間),1450,1306,90.07
114,公立,一般大學,0032,國立聯合大學,學士班(進修),216,167,77.31
114,公立,技專校院,0033,國立虎尾科技大學,二專(日間),36,29,80.56
114,公立,技專校院,0033,國立虎尾科技大學,學士班(日間),1991,1877,94.27
114,公立,技專校院,0033,國立虎尾科技大學,學士班(進修),702,570,81.20
114,公立,技專校院,0033,國立虎尾科技大學,五專,90,88,97.78
114,公立,一般大學,0035,國立臺南藝術大學,學士班(日間),133,121,90.98
114,公立,一般大學,0036,國立臺南大學,學士班(日間),938,884,94.24
114,公立,一般大學,0036,國立臺南大學,學士班(進修),28,21,75.00
114,公立,一般大學,0037,國立臺北教育大學,學士班(日間),759,715,94.20
114,公立,一般大學,0039,國立臺中教育大學,學士班(日間),760,712,93.68
114,公立,技專校院,0042,國立澎湖科技大學,學士班(日間),444,396,89.19
114,公立,技專校院,0042,國立澎湖科技大學,學士班(進修),45,29,64.44
114,公立,技專校院,0042,國立澎湖科技大學,五專,14,13,92.86
114,公立,技專校院,0043,國立勤益科技大學,二專(進修),106,63,59.43
114,公立,技專校院,0043,國立勤益科技大學,學士班(日間),1693,1550,91.55
114,公立,技專校院,0043,國立勤益科技大學,學士班(進修),939,777,82.75
114,公立,一般大學,0044,國立體育大學,學士班(日間),481,429,89.19
114,公立,一般大學,0044,國立體育大學,學士班(進修),50,47,94.00
114,公立,技專校院,0046,國立臺北護理健康大學,學士班(日間),1134,1077,94.97
114,公立,技專校院,0046,國立臺北護理健康大學,學士班(進修),201,178,88.56
114,公立,技專校院,0047,國立高雄餐旅大學,學士班(日間),617,599,97.08
114,公立,技專校院,0047,國立高雄餐旅大學,學士班(進修),187,170,90.91
114,公立,技專校院,0047,國立高雄餐旅大學,五專,54,53,98.15
114,公立,一般大學,0048,國立金門大學,學士班(日間),567,498,87.83
114,公立,一般大學,0048,國立金門大學,學士班(進修),183,148,80.87
114,公立,一般大學,0049,國立臺灣體育運動大學,學士班(日間),566,481,84.98
114,公立,一般大學,0049,國立臺灣體育運動大學,學士班(進修),79,56,70.89
114,公立,技專校院,0050,國立臺中科技大學,二專(進修),221,161,72.85
114,公立,技專校院,0050,國立臺中科技大學,學士班(日間),2045,1913,93.55
114,公立,技專校院,0050,國立臺中科技大學,學士班(進修),1267,1011,79.79
114,公立,技專校院,0050,國立臺中科技大學,五專,763,725,95.02
114,公立,技專校院,0051,國立臺北商業大學,二專(進修),33,25,75.76
114,公立,技專校院,0051,國立臺北商業大學,學士班(日間),803,754,93.90
114,公立,技專校院,0051,國立臺北商業大學,學士班(進修),544,467,85.85
114,公立,技專校院,0051,國立臺北商業大學,五專,355,340,95.77
114,公立,一般大學,0052,國立屏東大學,學士班(日間),1583,1493,94.31
114,公立,一般大學,0052,國立屏東大學,學士班(進修),67,53,79.10
114,公立,技專校院,0053,國立高雄科技大學,學士班(日間),4325,4082,94.38
114,公立,技專校院,0053,國立高雄科技大學,學士班(進修),820,648,79.02
114,公立,技專校院,0053,國立高雄科技大學,五專,152,146,96.05
114,公立,技專校院,0144,國立臺灣戲曲學院,學士班(日間),106,85,80.19
114,公立,技專校院,0221,國立臺南護理專科學校,二專(日間),16,15,93.75
114,公立,技專校院,0221,國立臺南護理專科學校,二專(進修),24,19,79.17
114,公立,技專校院,0221,國立臺南護理專科學校,五專,409,391,95.60
114,公立,技專校院,0222,國立臺東專科學校,二專(日間),135,119,88.15
114,公立,技專校院,0222,國立臺東專科學校,二專(進修),38,35,92.11
114,公立,技專校院,0222,國立臺東專科學校,五專,38,31,81.58
114,私立,一般大學,1001,東海大學,學士班(日間),2946,2772,94.09
114,私立,一般大學,1001,東海大學,學士班(進修),15,7,46.67
114,私立,一般大學,1002,輔仁大學,學士班(日間),4162,3864,92.84
114,私立,一般大學,1002,輔仁大學,學士班(進修),861,562,65.27
114,私立,一般大學,1003,東吳大學,學士班(日間),2683,2527,94.19
114,私立,一般大學,1003,東吳大學,學士班(進修),36,27,75.00
114,私立,一般大學,1004,中原大學,學士班(日間),2990,2851,95.35
114,私立,一般大學,1005,淡江大學學校財團法人淡江大學,學士班(日間),4165,3928,94.31
114,私立,一般大學,1005,淡江大學學校財團法人淡江大學,學士班(進修),90,55,61.11
114,私立,一般大學,1006,中國文化大學,學士班(日間),2567,2205,85.90
114,私立,一般大學,1006,中國文化大學,學士班(進修),346,196,56.65
114,私立,一般大學,1007,逢甲大學,學士班(日間),3914,3728,95.25
114,私立,一般大學,1007,逢甲大學,學士班(進修),188,134,71.28
114,私立,一般大學,1008,靜宜大學,學士班(日間),2020,1863,92.23
114,私立,一般大學,1008,靜宜大學,學士班(進修),40,39,97.50
114,私立,一般大學,1009,長庚大學,學士班(日間),1150,1066,92.70
114,私立,一般大學,1010,元智大學,學士班(日間),1707,1614,94.55
114,私立,一般大學,1011,中華大學學校財團法人中華大學,學士班(日間),430,329,76.51
114,私立,一般大學,1011,中華大學學校財團法人中華大學,學士班(進修),41,32,78.05
114,私立,一般大學,1012,大葉大學,學士班(日間),544,441,81.07
114,私立,一般大學,1012,大葉大學,學士班(進修),40,30,75.00
114,私立,一般大學,1013,華梵學校財團法人華梵大學,學士班(日間),163,96,58.90
114,私立,一般大學,1014,義守大學,學士班(日間),1823,1619,88.81
114,私立,一般大學,1014,義守大學,學士班(進修),211,146,69.19
114,私立,一般大學,1015,世新大學,學士班(日間),2159,2013,93.24
114,私立,一般大學,1015,世新大學,學士班(進修),233,115,49.36
114,私立,一般大學,1016,銘傳大學,學士班(日間),3343,3038,90.88
114,私立,一般大學,1017,實踐大學,學士班(日間),2032,1695,83.42
114,私立,一般大學,1017,實踐大學,學士班(進修),192,147,76.56
114,私立,技專校院,1018,朝陽科技大學,學士班(日間),2616,2418,92.43
114,私立,技專校院,1018,朝陽科技大學,學士班(進修),147,102,69.39
114,私立,一般大學,1019,高雄醫學大學,學士班(日間),1139,1047,91.92
114,私立,一般大學,1020,南華大學,學士班(日間),787,661,83.99
114,私立,一般大學,1020,南華大學,學士班(進修),56,32,57.14
114,私立,一般大學,1021,真理大學,學士班(日間),242,180,74.38
114,私立,一般大學,1022,大同大學,學士班(日間),741,668,90.15
114,私立,技專校院,1023,南臺學校財團法人南臺科技大學,學士班(日間),2633,2342,88.95
114,私立,技專校院,1023,南臺學校財團法人南臺科技大學,學士班(進修),550,418,76.00
114,私立,技專校院,1023,南臺學校財團法人南臺科技大學,五專,202,185,91.58
114,私立,技專校院,1024,崑山科技大學,學士班(日間),796,659,82.79
114,私立,技專校院,1024,崑山科技大學,學士班(進修),500,408,81.60
114,私立,技專校院,1025,嘉藥學校財團法人嘉南藥理大學,學士班(日間),1300,1186,91.23
114,私立,技專校院,1025,嘉藥學校財團法人嘉南藥理大學,學士班(進修),486,402,82.72
114,私立,技專校院,1025,嘉藥學校財團法人嘉南藥理大學,五專,148,134,90.54
114,私立,技專校院,1026,樹德科技大學,二專(進修),177,118,66.67
114,私立,技專校院,1026,樹德科技大學,學士班(日間),1231,1017,82.62
114,私立,技專校院,1026,樹德科技大學,學士班(進修),715,501,70.07
114,私立,一般大學,1027,慈濟學校財團法人慈濟大學,學士班(日間),709,647,91.26
114,私立,一般大學,1027,慈濟學校財團法人慈濟大學,學士班(進修),47,46,97.87
114,私立,一般大學,1027,慈濟學校財團法人慈濟大學,五專,217,194,89.40
114,私立,一般大學,1028,臺北醫學大學,學士班(日間),904,846,93.58
114,私立,一般大學,1029,中山醫學大學,學士班(日間),1378,1276,92.60
114,私立,一般大學,1029,中山醫學大學,學士班(進修),36,32,88.89
114,私立,技專校院,1030,龍華科技大學,學士班(日間),1178,937,79.54
114,私立,技專校院,1030,龍華科技大學,學士班(進修),701,249,35.52
114,私立,技專校院,1030,龍華科技大學,五專,220,208,94.55
114,私立,技專校院,1031,輔英科技大學,學士班(日間),1098,980,89.25
114,私立,技專校院,1031,輔英科技大學,學士班(進修),555,439,79.10
114,私立,技專校院,1031,輔英科技大學,五專,509,485,95.28
114,私立,技專校院,1032,明新學校財團法人明新科技大學,二專(日間),6,6,100.00
114,私立,技專校院,1032,明新學校財團法人明新科技大學,二專(進修),58,40,68.97
114,私立,技專校院,1032,明新學校財團法人明新科技大學,學士班(日間),921,785,85.23
114,私立,技專校院,1032,明新學校財團法人明新科技大學,學士班(進修),881,722,81.95
114,私立,一般大學,1033,長榮大學,學士班(日間),852,724,84.98
114,私立,一般大學,1033,長榮大學,學士班(進修),52,22,42.31
114,私立,技專校院,1034,弘光科技大學,二專(進修),47,34,72.34
114,私立,技專校院,1034,弘光科技大學,學士班(日間),1835,1651,89.97
114,私立,技專校院,1034,弘光科技大學,學士班(進修),1011,789,78.04
114,私立,技專校院,1034,弘光科技大學,五專,56,55,98.21
114,私立,一般大學,1035,中國醫藥大學,學士班(日間),1225,1171,95.59
114,私立,技專校院,1036,健行學校財團法人健行科技大學,學士班(日間),951,785,82.54
114,私立,技專校院,1036,健行學校財團法人健行科技大學,學士班(進修),1031,787,76.33
114,私立,技專校院,1037,正修學校財團法人正修科技大學,二專(進修),322,254,78.88
114,私立,技專校院,1037,正修學校財團法人正修科技大學,學士班(日間),1628,1377,84.58
114,私立,技專校院,1037,正修學校財團法人正修科技大學,學士班(進修),2062,1734,84.09
114,私立,技專校院,1037,正修學校財團法人正修科技大學,五專,79,68,86.08
114,私立,技專校院,1038,萬能學校財團法人萬能科技大學,學士班(日間),1158,928,80.14
114,私立,技專校院,1038,萬能學校財團法人萬能科技大學,學士班(進修),753,494,65.60
114,私立,一般大學,1039,玄奘大學,學士班(日間),101,88,87.13
114,私立,一般大學,1039,玄奘大學,學士班(進修),54,42,77.78
114,私立,技專校院,1040,建國科技大學,二專(進修),23,20,86.96
114,私立,技專校院,1040,建國科技大學,學士班(日間),319,274,85.89
114,私立,技專校院,1040,建國科技大學,學士班(進修),359,274,76.32
114,私立,技專校院,1041,明志科技大學,學士班(日間),960,876,91.25
114,私立,技專校院,1042,台鋼學校財團法人台鋼科技大學,二專(進修),22,15,68.18
114,私立,技專校院,1042,台鋼學校財團法人台鋼科技大學,學士班(日間),147,104,70.75
114,私立,技專校院,1042,台鋼學校財團法人台鋼科技大學,學士班(進修),112,79,70.54
114,私立,技專校院,1043,大仁科技大學,二專(進修),33,22,66.67
114,私立,技專校院,1043,大仁科技大學,學士班(日間),456,369,80.92
114,私立,技專校院,1043,大仁科技大學,學士班(進修),631,545,86.37
114,私立,技專校院,1043,大仁科技大學,五專,67,62,92.54
114,私立,技專校院,1044,聖約翰科技大學,二專(進修),13,10,76.92
114,私立,技專校院,1044,聖約翰科技大學,學士班(日間),35,25,71.43
114,私立,技專校院,1044,聖約翰科技大學,學士班(進修),35,27,77.14
114,私立,技專校院,1045,嶺東科技大學,學士班(日間),1398,1202,85.98
114,私立,技專校院,1045,嶺東科技大學,學士班(進修),646,423,65.48
114,私立,技專校院,1046,中國科技大學,二專(進修),45,35,77.78
114,私立,技專校院,1046,中國科技大學,學士班(日間),743,581,78.20
114,私立,技專校院,1046,中國科技大學,學士班(進修),404,314,77.72
114,私立,技專校院,1047,中臺科技大學,學士班(日間),1062,943,88.79
114,私立,技專校院,1047,中臺科技大學,學士班(進修),634,532,83.91
114,私立,技專校院,1047,中臺科技大學,五專,42,41,97.62
114,私立,一般大學,1048,亞洲大學,學士班(日間),2316,2132,92.06
114,私立,一般大學,1048,亞洲大學,學士班(進修),77,50,64.94
114,私立,一般大學,1049,開南大學,學士班(日間),506,255,50.40
114,私立,一般大學,1049,開南大學,學士班(進修),272,194,71.32
114,私立,一般大學,1050,佛光大學,學士班(日間),354,311,87.85
114,私立,技專校院,1051,台南家專學校財團法人台南應用科技大學,學士班(日間),1595,1422,89.15
114,私立,技專校院,1051,台南家專學校財團法人台南應用科技大學,學士班(進修),350,271,77.43
114,私立,技專校院,1051,台南家專學校財團法人台南應用科技大學,五專,170,159,93.53
114,私立,技專校院,1052,中信金學校財團法人中信科技大學,二專(進修),58,46,79.31
114,私立,技專校院,1052,中信金學校財團法人中信科技大學,學士班(日間),200,161,80.50
114,私立,技專校院,1052,中信金學校財團法人中信科技大學,學士班(進修),199,143,71.86
114,私立,技專校院,1053,光宇學校財團法人元培醫事科技大學,學士班(日間),388,319,82.22
114,私立,技專校院,1053,光宇學校財團法人元培醫事科技大學,學士班(進修),183,153,83.61
114,私立,技專校院,1054,景文科技大學,二專(進修),22,13,59.09
114,私立,技專校院,1054,景文科技大學,學士班(日間),600,479,79.83
114,私立,技專校院,1054,景文科技大學,學士班(進修),298,192,64.43
114,私立,技專校院,1055,中華醫事科技大學,二專(進修),43,30,69.77
114,私立,技專校院,1055,中華醫事科技大學,學士班(日間),697,619,88.81
114,私立,技專校院,1055,中華醫事科技大學,學士班(進修),417,277,66.43
114,私立,技專校院,1055,中華醫事科技大學,五專,713,665,93.27
114,私立,技專校院,1056,東南科技大學,學士班(日間),327,241,73.70
114,私立,技專校院,1056,東南科技大學,學士班(進修),92,67,72.83
114,私立,技專校院,1057,德明財經科技大學,學士班(日間),671,568,84.65
114,私立,技專校院,1057,德明財經科技大學,學士班(進修),144,84,58.33
114,私立,技專校院,1060,南開科技大學,二專(進修),21,20,95.24
114,私立,技專校院,1060,南開科技大學,學士班(日間),110,85,77.27
114,私立,技專校院,1060,南開科技大學,學士班(進修),250,222,88.80
114,私立,技專校院,1060,南開科技大學,五專,37,31,83.78
114,私立,技專校院,1061,中華學校財團法人中華科技大學,二專(進修),56,42,75.00
114,私立,技專校院,1061,中華學校財團法人中華科技大學,學士班(日間),186,134,72.04
114,私立,技專校院,1061,中華學校財團法人中華科技大學,學士班(進修),448,339,75.67
114,私立,技專校院,1061,中華學校財團法人中華科技大學,五專,44,42,95.45
114,私立,技專校院,1062,僑光科技大學,學士班(日間),1068,919,86.05
114,私立,技專校院,1062,僑光科技大學,學士班(進修),799,497,62.20
114,私立,技專校院,1063,廣亞學校財團法人育達科技大學,學士班(日間),151,124,82.12
114,私立,技專校院,1063,廣亞學校財團法人育達科技大學,學士班(進修),636,538,84.59
114,私立,技專校院,1064,美和學校財團法人美和科技大學,二專(進修),35,28,80.00
114,私立,技專校院,1064,美和學校財團法人美和科技大學,學士班(日間),302,270,89.40
114,私立,技專校院,1064,美和學校財團法人美和科技大學,學士班(進修),563,489,86.86
114,私立,技專校院,1064,美和學校財團法人美和科技大學,五專,257,235,91.44
114,私立,技專校院,1065,吳鳳科技大學,二專(進修),102,91,89.22
114,私立,技專校院,1065,吳鳳科技大學,學士班(日間),350,294,84.00
114,私立,技專校院,1065,吳鳳科技大學,學士班(進修),516,448,86.82
114,私立,技專校院,1069,修平學校財團法人修平科技大學,學士班(日間),290,237,81.72
114,私立,技專校院,1069,修平學校財團法人修平科技大學,學士班(進修),403,324,80.40
114,私立,技專校院,1070,長庚學校財團法人長庚科技大學,學士班(日間),1512,1438,95.11
114,私立,技專校院,1070,長庚學校財團法人長庚科技大學,學士班(進修),564,499,88.48
114,私立,技專校院,1071,城市學校財團法人臺北城市科技大學,二專(進修),175,155,88.57
114,私立,技專校院,1071,城市學校財團法人臺北城市科技大學,學士班(日間),1206,964,79.93
114,私立,技專校院,1071,城市學校財團法人臺北城市科技大學,學士班(進修),385,326,84.68
114,私立,技專校院,1071,城市學校財團法人臺北城市科技大學,五專,171,146,85.38
114,私立,技專校院,1072,大華學校財團法人敏實科技大學,學士班(日間),85,73,85.88
114,私立,技專校院,1072,大華學校財團法人敏實科技大學,學士班(進修),89,68,76.40
114,私立,技專校院,1072,大華學校財團法人敏實科技大學,五專,16,11,68.75
114,私立,技專校院,1073,醒吾學校財團法人醒吾科技大學,二專(進修),17,14,82.35
114,私立,技專校院,1073,醒吾學校財團法人醒吾科技大學,學士班(日間),762,601,78.87
114,私立,技專校院,1073,醒吾學校財團法人醒吾科技大學,學士班(進修),312,226,72.44
114,私立,技專校院,1075,文藻學校財團法人文藻外語大學,學士班(日間),768,664,86.46
114,私立,技專校院,1075,文藻學校財團法人文藻外語大學,學士班(進修),183,126,68.85
114,私立,技專校院,1075,文藻學校財團法人文藻外語大學,五專,513,483,94.15
114,私立,技專校院,1078,致理學校財團法人致理科技大學,學士班(日間),1550,1420,91.61
114,私立,技專校院,1078,致理學校財團法人致理科技大學,學士班(進修),679,524,77.17
114,私立,技專校院,1078,致理學校財團法人致理科技大學,五專,333,309,92.79
114,私立,一般大學,1079,康寧學校財團法人康寧大學,二專(進修),92,81,88.04
114,私立,一般大學,1079,康寧學校財團法人康寧大學,學士班(日間),24,20,83.33
114,私立,一般大學,1079,康寧學校財團法人康寧大學,學士班(進修),100,96,96.00
114,私立,一般大學,1079,康寧學校財團法人康寧大學,五專,541,495,91.50
114,私立,技專校院,1080,宏國學校財團法人宏國德霖科技大學,學士班(日間),225,164,72.89
114,私立,技專校院,1080,宏國學校財團法人宏國德霖科技大學,學士班(進修),630,501,79.52
114,私立,技專校院,1080,宏國學校財團法人宏國德霖科技大學,五專,219,195,89.04
114,私立,技專校院,1082,崇右學校財團法人崇右影藝科技大學,學士班(日間),302,161,53.31
114,私立,技專校院,1083,台北海洋學校財團法人台北海洋科技大學,二專(進修),48,40,83.33
114,私立,技專校院,1083,台北海洋學校財團法人台北海洋科技大學,學士班(日間),488,381,78.07
114,私立,技專校院,1083,台北海洋學校財團法人台北海洋科技大學,學士班(進修),524,468,89.31
114,私立,技專校院,1083,台北海洋學校財團法人台北海洋科技大學,五專,117,103,88.03
114,私立,技專校院,1084,亞東學校財團法人亞東科技大學,學士班(日間),1028,899,87.45
114,私立,技專校院,1084,亞東學校財團法人亞東科技大學,學士班(進修),36,34,94.44
114,私立,一般大學,1085,馬偕學校財團法人馬偕醫學大學,學士班(日間),225,212,94.22
114,私立,一般大學,1085,馬偕學校財團法人馬偕醫學大學,學士班(進修),25,21,84.00
114,私立,一般大學,1125,中信學校財團法人中信金融管理學院,學士班(日間),191,150,78.53
114,私立,技專校院,1168,南亞科技學校財團法人南亞技術學院,二專(進修),89,74,83.15
114,私立,技專校院,1168,南亞科技學校財團法人南亞技術學院,學士班(日間),231,178,77.06
114,私立,技專校院,1168,南亞科技學校財團法人南亞技術學院,學士班(進修),389,359,92.29
114,私立,技專校院,1183,黎明技術學院,學士班(日間),484,383,79.13
114,私立,技專校院,1183,黎明技術學院,學士班(進修),502,301,59.96
114,私立,技專校院,1183,黎明技術學院,五專,71,67,94.37
114,私立,技專校院,1185,德育學校財團法人德育護理健康學院,二專(進修),73,57,78.08
114,私立,技專校院,1185,德育學校財團法人德育護理健康學院,學士班(日間),114,97,85.09
114,私立,技專校院,1185,德育學校財團法人德育護理健康學院,學士班(進修),308,280,90.91
114,私立,技專校院,1185,德育學校財團法人德育護理健康學院,五專,193,158,81.87
114,私立,一般大學,1196,法鼓學校財團法人法鼓文理學院,學士班(日間),7,6,85.71
114,私立,一般大學,1196,法鼓學校財團法人法鼓文理學院,學士班(進修),17,17,100.00
114,私立,技專校院,1282,馬偕學校財團法人馬偕醫護管理專科學校,二專(進修),37,30,81.08
114,私立,技專校院,1282,馬偕學校財團法人馬偕醫護管理專科學校,五專,865,792,91.56
114,私立,技專校院,1283,仁德醫護管理專科學校,二專(進修),246,169,68.70
114,私立,技專校院,1283,仁德醫護管理專科學校,五專,888,796,89.64
114,私立,技專校院,1284,樹人醫護管理專科學校,二專(進修),247,201,81.38
114,私立,技專校院,1284,樹人醫護管理專科學校,五專,1469,1313,89.38
114,私立,技專校院,1285,慈惠醫護管理專科學校,二專(日間),21,16,76.19
114,私立,技專校院,1285,慈惠醫護管理專科學校,二專(進修),54,36,66.67
114,私立,技專校院,1285,慈惠醫護管理專科學校,五專,242,218,90.08
114,私立,技專校院,1286,耕莘健康管理專科學校,二專(進修),93,87,93.55
114,私立,技專校院,1286,耕莘健康管理專科學校,五專,694,659,94.96
114,私立,技專校院,1287,敏惠醫護管理專科學校,二專(進修),48,43,89.58
114,私立,技專校院,1287,敏惠醫護管理專科學校,五專,470,435,92.55
114,私立,技專校院,1289,育英醫護管理專科學校,五專,289,262,90.66
114,私立,技專校院,1291,聖母醫護管理專科學校,二專(進修),97,86,88.66
114,私立,技專校院,1291,聖母醫護管理專科學校,五專,218,190,87.16
114,私立,技專校院,1292,新生醫護管理專科學校,二專(進修),42,34,80.95
114,私立,技專校院,1292,新生醫護管理專科學校,五專,1187,1086,91.49
114,私立,技專校院,1293,崇仁醫護管理專科學校,五專,599,563,93.99
114,私立,宗教研修學院,1R03,臺北基督學院,學士班(日間),7,7,100.00
114,公立,一般大學,3002,臺北市立大學,學士班(日間),1217,1100,90.39
