學年度,設立別,學校類別,學校統計處代碼,學校名稱,學制班別,性別,在學學生數,於學年底處於休學狀態之人數-總計,於學年底處於休學狀態之人數-學生自請休學原因-小計,於學年底處於休學狀態之人數-學生自請休學原因-傷病,於學年底處於休學狀態之人數-學生自請休學原因-經濟困難,於學年底處於休學狀態之人數-學生自請休學原因-就讀學校、科系不符期待,於學年底處於休學狀態之人數-學生自請休學原因-學業成績不佳,於學年底處於休學狀態之人數-學生自請休學原因-工作,於學年底處於休學狀態之人數-學生自請休學原因-懷孕,於學年底處於休學狀態之人數-學生自請休學原因-育嬰,於學年底處於休學狀態之人數-學生自請休學原因-兵役,於學年底處於休學狀態之人數-學生自請休學原因-出國,於學年底處於休學狀態之人數-學生自請休學原因-論文撰寫,於學年底處於休學狀態之人數-學生自請休學原因-就學環境,於學年底處於休學狀態之人數-學生自請休學原因-家務或家人照顧,於學年底處於休學狀態之人數-學生自請休學原因-考試訓練,於學年底處於休學狀態之人數-學生自請休學原因-其他,於學年底處於休學狀態之人數-學校勒令休學原因-小計,於學年底處於休學狀態之人數-學校勒令休學原因-違反校規,於學年底處於休學狀態之人數-學校勒令休學原因-其他
111,公立,一般大學,0001,國立政治大學,碩士班(日間),女,2296,473,340,29,6,0,0,82,6,34,0,10,72,1,25,0,75,133,0,133
111,公立,一般大學,0001,國立政治大學,碩士在職專班,女,949,310,232,12,0,0,0,114,3,56,0,1,16,0,13,0,17,78,0,78
111,公立,一般大學,0001,國立政治大學,博士班,男,530,197,150,10,2,0,0,31,0,31,4,2,33,0,10,0,27,47,0,47
111,公立,一般大學,0001,國立政治大學,碩士班(日間),男,1907,400,288,9,5,0,0,62,0,17,15,6,58,0,25,0,91,112,0,112
111,公立,一般大學,0001,國立政治大學,學士班(日間),女,5756,216,158,30,3,23,2,2,0,0,0,26,0,0,12,0,60,58,0,58
111,公立,一般大學,0001,國立政治大學,博士班,女,392,141,99,8,2,0,0,20,6,20,0,5,13,0,10,0,15,42,0,42
111,公立,一般大學,0001,國立政治大學,學士班(日間),男,3976,194,127,9,2,17,0,0,0,0,9,22,0,0,6,0,62,67,0,67
111,公立,一般大學,0001,國立政治大學,碩士在職專班,男,921,352,265,7,0,0,0,153,0,52,0,1,16,0,18,0,18,87,0,87
111,公立,一般大學,0002,國立清華大學,碩士在職專班,女,876,177,177,15,0,0,4,46,11,49,0,2,36,2,8,2,2,0,0,0
111,公立,一般大學,0002,國立清華大學,學士班(日間),男,4958,216,216,12,1,90,32,11,0,0,7,19,0,27,9,4,4,0,0,0
111,公立,一般大學,0002,國立清華大學,博士班,男,1169,181,181,12,8,3,8,54,0,17,3,4,43,1,9,2,17,0,0,0
111,公立,一般大學,0002,國立清華大學,學士班(日間),女,4161,156,156,24,2,55,12,5,0,0,0,40,0,7,8,1,2,0,0,0
111,公立,一般大學,0002,國立清華大學,博士班,女,500,102,102,6,0,1,5,30,3,12,0,3,20,1,6,0,15,0,0,0
111,公立,一般大學,0002,國立清華大學,碩士班(日間),女,2308,313,313,31,5,10,14,91,3,27,0,22,78,5,7,10,10,0,0,0
111,公立,一般大學,0002,國立清華大學,碩士班(日間),男,3551,242,242,13,9,19,14,61,0,4,16,11,63,10,9,3,10,0,0,0
111,公立,一般大學,0002,國立清華大學,碩士在職專班,男,511,59,59,1,1,0,1,32,0,8,1,0,9,0,4,0,2,0,0,0
111,公立,一般大學,0003,國立臺灣大學,學士班(日間),女,7560,305,301,34,2,99,8,11,0,4,0,80,0,6,1,4,52,4,0,4
111,公立,一般大學,0003,國立臺灣大學,博士班,女,1185,328,328,33,8,0,0,50,3,37,0,3,121,1,7,0,65,0,0,0
111,公立,一般大學,0003,國立臺灣大學,學士班(日間),男,9514,472,465,31,9,187,23,15,0,1,6,63,0,15,5,3,107,7,0,7
111,公立,一般大學,0003,國立臺灣大學,碩士在職專班,男,1003,210,210,8,0,0,0,110,0,13,0,6,41,0,2,0,30,0,0,0
111,公立,一般大學,0003,國立臺灣大學,碩士班(日間),女,4445,632,632,48,20,6,1,114,5,24,0,37,172,6,11,6,182,0,0,0
111,公立,一般大學,0003,國立臺灣大學,碩士在職專班,女,620,147,147,13,0,1,0,59,4,8,0,3,41,0,2,0,16,0,0,0
111,公立,一般大學,0003,國立臺灣大學,博士班,男,2444,638,638,34,19,1,2,106,0,44,4,31,248,0,21,1,127,0,0,0
111,公立,一般大學,0003,國立臺灣大學,碩士班(日間),男,6651,857,857,65,24,30,1,138,0,13,14,62,178,6,14,11,301,0,0,0
111,公立,一般大學,0004,國立臺灣師範大學,碩士班(日間),女,2457,528,528,8,9,19,0,173,6,45,0,23,159,11,47,25,3,0,0,0
111,公立,一般大學,0004,國立臺灣師範大學,碩士在職專班,女,1532,329,329,6,7,4,0,94,19,61,0,3,96,1,38,0,0,0,0,0
111,公立,一般大學,0004,國立臺灣師範大學,學士班(日間),男,3810,143,138,1,5,50,3,18,0,0,2,22,0,15,17,0,5,5,0,5
111,公立,一般大學,0004,國立臺灣師範大學,碩士在職專班,男,650,116,116,0,2,1,0,49,0,13,1,0,40,0,9,0,1,0,0,0
111,公立,一般大學,0004,國立臺灣師範大學,學士班(日間),女,4584,138,137,8,2,46,2,7,0,3,0,42,1,11,9,3,3,1,0,1
111,公立,一般大學,0004,國立臺灣師範大學,博士班,女,694,229,229,4,6,1,0,70,14,46,0,8,50,1,24,4,1,0,0,0
111,公立,一般大學,0004,國立臺灣師範大學,博士班,男,632,186,186,1,8,1,0,85,0,21,3,3,40,2,21,1,0,0,0,0
111,公立,一般大學,0004,國立臺灣師範大學,碩士班(日間),男,1903,367,367,7,15,23,0,123,0,6,10,10,105,13,43,11,1,0,0,0
111,公立,一般大學,0005,國立成功大學,學士班(日間),女,4604,189,187,22,0,133,2,2,1,1,0,8,0,6,3,7,2,2,0,2
111,公立,一般大學,0005,國立成功大學,博士班,女,626,122,121,6,5,19,5,17,7,24,0,0,18,1,5,2,12,1,0,1
111,公立,一般大學,0005,國立成功大學,學士班(日間),男,7406,295,292,24,4,187,23,5,0,0,7,2,0,9,9,12,10,3,0,3
111,公立,一般大學,0005,國立成功大學,碩士在職專班,男,932,180,178,6,0,10,3,94,0,26,0,0,20,1,14,3,1,2,0,2
111,公立,一般大學,0005,國立成功大學,碩士班(日間),女,2649,245,245,17,11,74,12,58,3,8,0,0,29,10,17,3,3,0,0,0
111,公立,一般大學,0005,國立成功大學,碩士在職專班,女,601,127,126,10,0,17,2,38,5,20,0,0,14,0,18,0,2,1,0,1
111,公立,一般大學,0005,國立成功大學,博士班,男,1231,244,241,5,12,30,16,57,0,26,13,1,37,2,20,3,19,3,0,3
111,公立,一般大學,0005,國立成功大學,碩士班(日間),男,4776,305,300,18,10,128,19,35,0,1,11,0,31,12,19,6,10,5,0,5
111,公立,一般大學,0006,國立中興大學,學士班(日間),女,3558,131,131,10,6,52,2,1,0,1,0,27,0,4,6,0,22,0,0,0
111,公立,一般大學,0006,國立中興大學,碩士班(日間),女,1498,181,181,20,6,4,2,38,1,6,0,1,34,6,11,10,42,0,0,0
111,公立,一般大學,0006,國立中興大學,碩士在職專班,女,619,119,119,10,0,0,0,35,4,21,0,1,25,0,9,3,11,0,0,0
111,公立,一般大學,0006,國立中興大學,學士班(日間),男,4643,193,193,17,1,79,16,7,0,0,0,19,0,8,6,4,36,0,0,0
111,公立,一般大學,0006,國立中興大學,學士班(進修),男,399,33,33,2,1,3,1,11,0,1,1,1,0,3,5,1,3,0,0,0
111,公立,一般大學,0006,國立中興大學,碩士在職專班,男,1114,261,261,8,3,1,0,106,0,37,0,5,62,0,18,2,19,0,0,0
111,公立,一般大學,0006,國立中興大學,學士班(進修),女,493,49,49,8,3,3,1,14,2,0,0,3,0,0,6,2,7,0,0,0
111,公立,一般大學,0006,國立中興大學,博士班,女,314,65,65,3,1,0,0,11,3,11,0,2,18,1,9,0,6,0,0,0
111,公立,一般大學,0006,國立中興大學,博士班,男,655,131,131,7,3,0,1,27,0,19,1,5,52,0,7,1,8,0,0,0
111,公立,一般大學,0006,國立中興大學,碩士班(日間),男,2170,203,203,13,10,10,0,31,0,5,3,5,31,7,18,8,62,0,0,0
111,公立,一般大學,0007,國立陽明交通大學,學士班(日間),女,3116,94,94,12,1,30,6,1,1,1,0,23,0,5,3,10,1,0,0,0
111,公立,一般大學,0007,國立陽明交通大學,博士班,男,1790,364,364,22,7,12,4,93,0,48,14,14,128,6,9,5,2,0,0,0
111,公立,一般大學,0007,國立陽明交通大學,碩士班(日間),男,4791,305,305,17,6,45,4,59,0,5,17,22,88,10,9,15,8,0,0,0
111,公立,一般大學,0007,國立陽明交通大學,碩士在職專班,男,1173,245,245,10,3,2,1,99,0,36,0,4,72,1,11,6,0,0,0,0
111,公立,一般大學,0007,國立陽明交通大學,博士班,女,823,200,200,23,7,5,2,54,6,28,0,11,48,1,12,2,1,0,0,0
111,公立,一般大學,0007,國立陽明交通大學,碩士班(日間),女,2826,283,283,24,9,27,5,59,4,17,0,23,70,16,18,7,4,0,0,0
111,公立,一般大學,0007,國立陽明交通大學,碩士在職專班,女,699,114,114,7,1,2,0,42,6,19,0,5,29,0,1,1,1,0,0,0
111,公立,一般大學,0007,國立陽明交通大學,學士班(日間),男,5489,169,169,9,1,62,17,6,0,0,8,35,0,5,6,14,6,0,0,0
111,公立,一般大學,0008,國立中央大學,博士班,女,312,55,55,6,3,4,0,8,2,8,0,0,18,0,6,0,0,0,0,0
111,公立,一般大學,0008,國立中央大學,碩士班(日間),女,1211,129,129,10,5,43,2,21,0,1,0,7,28,4,2,6,0,0,0,0
111,公立,一般大學,0008,國立中央大學,碩士在職專班,女,542,106,106,7,2,5,0,38,5,21,0,1,21,0,4,1,1,0,0,0
111,公立,一般大學,0008,國立中央大學,碩士班(日間),男,2439,173,173,2,10,71,0,27,0,1,2,7,34,7,4,8,0,0,0,0
111,公立,一般大學,0008,國立中央大學,碩士在職專班,男,923,190,190,4,3,12,0,99,0,23,0,4,33,0,11,1,0,0,0,0
111,公立,一般大學,0008,國立中央大學,學士班(日間),女,2331,66,66,7,2,35,3,0,0,0,0,14,0,1,1,3,0,0,0,0
111,公立,一般大學,0008,國立中央大學,學士班(日間),男,3823,124,124,10,3,77,17,3,0,0,0,7,0,3,2,2,0,0,0,0
111,公立,一般大學,0008,國立中央大學,博士班,男,713,142,142,4,2,13,1,29,0,21,3,6,53,0,10,0,0,0,0,0
111,公立,一般大學,0009,國立中山大學,學士班(日間),女,1969,63,62,4,1,25,0,3,1,0,0,10,0,4,12,2,0,1,0,1
111,公立,一般大學,0009,國立中山大學,博士班,女,296,58,58,7,1,2,0,20,2,9,0,3,7,1,6,0,0,0,0,0
111,公立,一般大學,0009,國立中山大學,碩士在職專班,女,558,110,110,6,0,4,0,42,3,21,0,0,14,0,20,0,0,0,0,0
111,公立,一般大學,0009,國立中山大學,博士班,男,558,111,111,5,0,4,0,48,0,3,0,1,27,0,23,0,0,0,0,0
111,公立,一般大學,0009,國立中山大學,碩士班(日間),男,2072,183,182,9,6,26,1,46,0,2,4,4,28,6,37,13,0,1,0,1
111,公立,一般大學,0009,國立中山大學,碩士在職專班,男,537,101,100,2,1,1,0,52,0,11,0,0,13,0,20,0,0,1,0,1
111,公立,一般大學,0009,國立中山大學,碩士班(日間),女,1330,136,135,10,3,14,1,36,4,11,0,5,28,2,19,2,0,1,0,1
111,公立,一般大學,0009,國立中山大學,學士班(日間),男,2976,93,89,3,0,44,8,6,0,0,1,6,0,4,13,4,0,4,0,4
111,公立,一般大學,0012,國立臺灣海洋大學,學士班(日間),女,1906,52,52,6,4,16,3,1,0,0,0,10,1,4,2,4,1,0,0,0
111,公立,一般大學,0012,國立臺灣海洋大學,博士班,女,88,22,22,0,0,2,0,10,1,1,0,0,6,0,1,0,1,0,0,0
111,公立,一般大學,0012,國立臺灣海洋大學,碩士班(日間),男,976,134,134,9,7,12,2,41,0,1,16,2,16,7,11,6,4,0,0,0
111,公立,一般大學,0012,國立臺灣海洋大學,碩士在職專班,男,395,83,83,2,0,1,0,55,0,4,0,0,10,0,8,1,2,0,0,0
111,公立,一般大學,0012,國立臺灣海洋大學,學士班(進修),女,207,22,22,3,0,4,1,7,0,3,0,0,0,0,4,0,0,0,0,0
111,公立,一般大學,0012,國立臺灣海洋大學,碩士班(日間),女,502,55,55,2,4,9,0,23,1,0,0,4,5,2,2,2,1,0,0,0
111,公立,一般大學,0012,國立臺灣海洋大學,碩士在職專班,女,275,35,35,3,0,1,0,16,1,1,0,0,8,0,3,2,0,0,0,0
111,公立,一般大學,0012,國立臺灣海洋大學,學士班(日間),男,4188,154,154,9,3,46,33,16,0,0,6,11,0,8,12,7,3,0,0,0
111,公立,一般大學,0012,國立臺灣海洋大學,學士班(進修),男,390,45,44,2,1,7,3,21,0,0,4,1,0,0,4,1,0,1,0,1
111,公立,一般大學,0012,國立臺灣海洋大學,博士班,男,240,46,46,10,0,0,0,18,0,0,1,1,7,1,7,1,0,0,0,0
111,公立,一般大學,0013,國立中正大學,學士班(日間),女,3021,78,78,11,1,29,5,1,0,0,0,13,0,9,5,3,1,0,0,0
111,公立,一般大學,0013,國立中正大學,碩士班(日間),女,1173,186,186,5,8,12,1,55,3,12,0,6,42,2,10,21,9,0,0,0
111,公立,一般大學,0013,國立中正大學,碩士班(日間),男,1685,186,186,8,9,13,5,42,0,2,3,3,48,4,16,14,19,0,0,0
111,公立,一般大學,0013,國立中正大學,碩士在職專班,男,582,157,157,4,2,1,1,74,0,13,0,2,45,0,8,2,5,0,0,0
111,公立,一般大學,0013,國立中正大學,博士班,女,202,56,56,3,1,0,0,18,2,5,0,0,17,0,4,0,6,0,0,0
111,公立,一般大學,0013,國立中正大學,碩士在職專班,女,817,185,185,14,1,3,1,72,6,19,0,0,53,0,11,2,3,0,0,0
111,公立,一般大學,0013,國立中正大學,學士班(日間),男,3537,140,137,13,5,62,14,5,0,1,1,14,0,10,5,5,2,3,0,3
111,公立,一般大學,0013,國立中正大學,博士班,男,356,80,78,4,2,1,1,17,0,9,1,0,22,0,11,1,9,2,0,2
111,公立,一般大學,0014,國立高雄師範大學,博士班,女,231,58,58,3,0,0,0,17,3,9,0,0,21,0,4,0,1,0,0,0
111,公立,一般大學,0014,國立高雄師範大學,碩士班(日間),女,963,265,265,4,10,14,0,90,6,19,0,11,92,3,14,1,1,0,0,0
111,公立,一般大學,0014,國立高雄師範大學,碩士班(日間),男,556,129,129,0,10,3,0,35,0,3,2,6,59,3,6,1,1,0,0,0
111,公立,一般大學,0014,國立高雄師範大學,碩士在職專班,男,497,199,199,17,0,5,0,100,0,18,4,0,39,0,15,1,0,0,0,0
111,公立,一般大學,0014,國立高雄師範大學,學士班(日間),女,1955,59,59,4,4,26,2,3,2,0,0,10,0,6,2,0,0,0,0,0
111,公立,一般大學,0014,國立高雄師範大學,碩士在職專班,女,888,265,265,15,2,22,0,114,10,38,0,3,39,0,21,1,0,0,0,0
111,公立,一般大學,0014,國立高雄師範大學,學士班(日間),男,1915,69,69,1,3,38,4,6,0,0,3,2,0,10,1,1,0,0,0,0
111,公立,一般大學,0014,國立高雄師範大學,博士班,男,214,51,51,0,0,0,0,22,0,2,1,0,23,0,3,0,0,0,0,0
111,公立,一般大學,0015,國立彰化師範大學,碩士班(日間),女,849,204,203,7,7,5,0,52,4,15,0,3,52,1,11,19,27,1,0,1
111,公立,一般大學,0015,國立彰化師範大學,碩士在職專班,女,808,200,183,17,2,1,0,68,6,38,0,2,38,0,7,1,3,17,0,17
111,公立,一般大學,0015,國立彰化師範大學,學士班(日間),男,2710,101,98,10,4,26,6,11,0,0,2,1,0,2,4,6,26,3,0,3
111,公立,一般大學,0015,國立彰化師範大學,博士班,男,288,61,61,2,0,0,0,25,0,5,1,0,17,0,3,0,8,0,0,0
111,公立,一般大學,0015,國立彰化師範大學,學士班(日間),女,2278,77,77,12,5,27,1,2,0,0,0,7,0,4,2,2,15,0,0,0
111,公立,一般大學,0015,國立彰化師範大學,博士班,女,200,38,38,4,1,0,0,18,1,4,0,0,7,0,1,0,2,0,0,0
111,公立,一般大學,0015,國立彰化師範大學,碩士班(日間),男,837,162,162,6,8,5,1,53,0,5,3,0,36,2,2,16,25,0,0,0
111,公立,一般大學,0015,國立彰化師範大學,碩士在職專班,男,556,133,106,5,3,3,0,58,0,8,0,1,21,0,4,1,2,27,0,27
111,公立,一般大學,0017,國立臺北大學,學士班(日間),女,3216,63,62,1,2,15,11,2,0,1,0,19,0,7,1,2,1,1,0,1
111,公立,一般大學,0017,國立臺北大學,學士班(進修),女,1155,139,139,12,5,7,6,60,4,4,0,8,0,2,4,2,25,0,0,0
111,公立,一般大學,0017,國立臺北大學,博士班,女,65,23,23,1,0,0,1,8,0,4,0,1,5,0,3,0,0,0,0,0
111,公立,一般大學,0017,國立臺北大學,博士班,男,137,35,35,1,1,0,0,13,0,3,0,1,13,0,2,1,0,0,0,0
111,公立,一般大學,0017,國立臺北大學,碩士班(日間),男,742,107,107,3,2,7,0,30,0,3,5,3,41,1,1,7,4,0,0,0
111,公立,一般大學,0017,國立臺北大學,碩士班(日間),女,764,104,104,1,4,4,0,33,2,5,0,4,35,2,6,8,0,0,0,0
111,公立,一般大學,0017,國立臺北大學,碩士在職專班,女,332,47,47,2,0,0,0,19,2,8,0,0,9,0,2,1,4,0,0,0
111,公立,一般大學,0017,國立臺北大學,學士班(日間),男,2743,91,90,3,3,33,19,6,0,0,0,15,0,4,3,4,0,1,0,1
111,公立,一般大學,0017,國立臺北大學,學士班(進修),男,816,125,124,9,4,5,6,51,0,3,5,3,0,4,6,2,26,1,0,1
111,公立,一般大學,0017,國立臺北大學,碩士在職專班,男,307,53,53,0,0,0,0,29,0,8,0,2,8,0,1,2,3,0,0,0
111,公立,一般大學,0018,國立嘉義大學,學士班(進修),女,703,74,74,5,5,14,4,32,1,4,1,2,0,1,3,2,0,0,0,0
111,公立,一般大學,0018,國立嘉義大學,博士班,女,81,12,12,1,0,0,0,5,0,1,0,0,4,0,1,0,0,0,0,0
111,公立,一般大學,0018,國立嘉義大學,碩士在職專班,女,561,140,140,9,2,3,0,55,5,26,0,1,25,0,9,5,0,0,0,0
111,公立,一般大學,0018,國立嘉義大學,學士班(日間),男,3801,211,211,14,8,100,36,19,0,1,2,10,0,10,9,2,0,0,0,0
111,公立,一般大學,0018,國立嘉義大學,博士班,男,116,22,22,1,0,0,0,13,0,2,0,0,6,0,0,0,0,0,0,0
111,公立,一般大學,0018,國立嘉義大學,學士班(日間),女,3537,154,154,33,7,72,4,7,1,1,0,11,0,8,7,2,1,0,0,0
111,公立,一般大學,0018,國立嘉義大學,碩士班(日間),女,657,134,134,8,2,2,1,60,3,12,0,4,27,2,6,7,0,0,0,0
111,公立,一般大學,0018,國立嘉義大學,學士班(進修),男,1128,149,149,6,7,29,12,65,0,1,16,0,0,7,5,1,0,0,0,0
111,公立,一般大學,0018,國立嘉義大學,碩士班(日間),男,553,132,132,6,4,6,1,52,0,3,16,2,22,3,8,9,0,0,0,0
111,公立,一般大學,0018,國立嘉義大學,碩士在職專班,男,349,96,96,3,0,1,0,49,0,8,0,0,28,0,4,3,0,0,0,0
111,公立,一般大學,0019,國立高雄大學,學士班(日間),女,1908,67,65,15,2,23,21,3,0,0,0,0,0,0,1,0,0,2,0,2
111,公立,一般大學,0019,國立高雄大學,學士班(進修),女,66,21,21,0,1,1,3,10,1,2,0,1,0,0,2,0,0,0,0,0
111,公立,一般大學,0019,國立高雄大學,博士班,女,4,3,3,0,0,0,0,2,0,0,0,0,1,0,0,0,0,0,0,0
111,公立,一般大學,0019,國立高雄大學,學士班(日間),男,2684,122,122,17,2,42,35,21,0,0,2,1,0,1,0,1,0,0,0,0
111,公立,一般大學,0019,國立高雄大學,碩士班(日間),男,437,59,59,1,4,7,12,27,0,2,4,0,1,0,1,0,0,0,0,0
111,公立,一般大學,0019,國立高雄大學,碩士在職專班,男,340,92,91,7,4,1,1,70,0,4,0,0,0,0,4,0,0,1,0,1
111,公立,一般大學,0019,國立高雄大學,碩士班(日間),女,264,51,51,6,3,6,10,18,1,2,0,0,2,0,2,0,1,0,0,0
111,公立,一般大學,0019,國立高雄大學,碩士在職專班,女,199,62,62,2,1,0,1,47,1,4,0,0,1,0,4,1,0,0,0,0
111,公立,一般大學,0019,國立高雄大學,學士班(進修),男,58,27,26,1,0,0,0,21,0,1,0,0,0,1,1,0,1,1,0,1
111,公立,一般大學,0019,國立高雄大學,博士班,男,26,14,14,1,0,0,3,10,0,0,0,0,0,0,0,0,0,0,0,0
111,公立,一般大學,0020,國立東華大學,學士班(日間),女,4133,188,188,32,11,71,10,7,2,3,1,13,0,6,22,5,5,0,0,0
111,公立,一般大學,0020,國立東華大學,碩士在職專班,女,342,131,131,9,2,8,0,44,6,10,0,1,26,1,18,2,4,0,0,0
111,公立,一般大學,0020,國立東華大學,博士班,男,240,55,55,5,0,1,2,22,0,6,2,0,12,0,5,0,0,0,0,0
111,公立,一般大學,0020,國立東華大學,碩士班(日間),男,689,200,200,9,9,21,2,55,0,7,4,2,55,3,24,4,5,0,0,0
111,公立,一般大學,0020,國立東華大學,碩士在職專班,男,196,100,100,2,2,3,2,45,0,11,0,1,20,0,9,0,5,0,0,0
111,公立,一般大學,0020,國立東華大學,博士班,女,181,59,59,9,0,2,0,21,1,5,0,2,10,1,7,0,1,0,0,0
111,公立,一般大學,0020,國立東華大學,碩士班(日間),女,754,261,261,18,9,18,4,84,5,22,0,2,67,0,28,2,2,0,0,0
111,公立,一般大學,0020,國立東華大學,學士班(日間),男,3745,211,211,20,8,78,29,16,0,0,6,5,1,7,30,9,2,0,0,0
111,公立,一般大學,0021,國立暨南國際大學,博士班,女,175,49,49,4,1,2,0,16,3,5,0,0,10,1,7,0,0,0,0,0
111,公立,一般大學,0021,國立暨南國際大學,碩士班(日間),女,492,117,117,7,3,10,0,52,3,12,0,2,13,3,11,1,0,0,0,0
111,公立,一般大學,0021,國立暨南國際大學,碩士班(日間),男,375,58,58,0,2,6,0,21,0,2,1,0,15,2,8,1,0,0,0,0
111,公立,一般大學,0021,國立暨南國際大學,碩士在職專班,男,180,28,28,4,0,3,0,17,0,0,0,0,2,0,2,0,0,0,0,0
111,公立,一般大學,0021,國立暨南國際大學,學士班(日間),女,2398,52,52,11,3,13,6,3,0,0,0,4,0,4,8,0,0,0,0,0
111,公立,一般大學,0021,國立暨南國際大學,碩士在職專班,女,314,50,50,10,0,6,0,23,0,1,0,0,2,1,7,0,0,0,0,0
111,公立,一般大學,0021,國立暨南國際大學,學士班(日間),男,2268,84,84,3,2,31,15,5,0,0,2,8,0,8,10,0,0,0,0,0
111,公立,一般大學,0021,國立暨南國際大學,博士班,男,179,43,43,5,0,3,0,18,0,2,0,0,9,0,6,0,0,0,0,0
111,公立,技專校院,0022,國立臺灣科技大學,博士班,女,267,72,72,6,2,1,4,29,2,7,0,0,13,0,8,0,0,0,0,0
111,公立,技專校院,0022,國立臺灣科技大學,碩士班(日間),女,1241,98,98,4,5,7,1,46,0,4,0,6,9,5,2,4,5,0,0,0
111,公立,技專校院,0022,國立臺灣科技大學,碩士在職專班,女,323,59,59,7,0,1,0,17,3,7,0,1,15,1,6,1,0,0,0,0
111,公立,技專校院,0022,國立臺灣科技大學,博士班,男,808,188,188,11,7,1,5,69,0,21,1,2,52,0,13,5,1,0,0,0
111,公立,技專校院,0022,國立臺灣科技大學,碩士班(日間),男,2814,181,181,9,14,21,3,60,0,1,2,14,19,9,9,9,11,0,0,0
111,公立,技專校院,0022,國立臺灣科技大學,碩士在職專班,男,513,86,86,4,0,0,1,52,0,7,0,0,15,0,3,1,3,0,0,0
111,公立,技專校院,0022,國立臺灣科技大學,學士班(日間),女,1744,64,64,13,2,25,4,0,0,0,0,14,0,0,6,0,0,0,0,0
111,公立,技專校院,0022,國立臺灣科技大學,學士班(日間),男,3938,106,106,9,3,34,22,8,0,1,0,12,0,1,7,4,5,0,0,0
111,公立,技專校院,0023,國立雲林科技大學,碩士在職專班,女,335,85,85,5,8,0,1,35,3,20,0,0,10,0,3,0,0,0,0,0
111,公立,技專校院,0023,國立雲林科技大學,學士班(日間),男,3983,132,131,8,8,38,24,20,0,0,10,5,0,11,0,6,1,1,0,1
111,公立,技專校院,0023,國立雲林科技大學,學士班(進修),男,98,14,14,0,2,1,1,8,0,0,2,0,0,0,0,0,0,0,0,0
111,公立,技專校院,0023,國立雲林科技大學,學士班(日間),女,2551,61,59,2,4,20,12,8,0,0,0,3,0,8,0,2,0,2,0,2
111,公立,技專校院,0023,國立雲林科技大學,學士班(進修),女,129,10,10,2,1,0,0,6,0,0,0,0,0,1,0,0,0,0,0,0
111,公立,技專校院,0023,國立雲林科技大學,博士班,女,164,37,37,0,5,0,2,21,0,4,0,0,5,0,0,0,0,0,0,0
111,公立,技專校院,0023,國立雲林科技大學,碩士班(日間),女,760,103,103,6,8,17,10,37,1,4,0,2,13,1,2,1,1,0,0,0
111,公立,技專校院,0023,國立雲林科技大學,博士班,男,269,59,59,2,6,0,2,30,0,3,0,0,11,0,5,0,0,0,0,0
111,公立,技專校院,0023,國立雲林科技大學,碩士班(日間),男,1258,134,134,3,19,26,8,33,0,1,17,3,11,9,0,4,0,0,0,0
111,公立,技專校院,0023,國立雲林科技大學,碩士在職專班,男,480,87,87,2,6,2,0,56,0,6,0,2,11,0,1,1,0,0,0,0
111,公立,技專校院,0024,國立屏東科技大學,博士班,女,96,26,26,2,1,0,5,6,2,2,0,0,3,2,3,0,0,0,0,0
111,公立,技專校院,0024,國立屏東科技大學,碩士班(日間),女,495,80,80,5,3,2,1,25,1,1,0,1,6,22,11,2,0,0,0,0
111,公立,技專校院,0024,國立屏東科技大學,碩士在職專班,男,172,31,31,0,1,0,0,17,0,0,0,0,3,6,4,0,0,0,0,0
111,公立,技專校院,0024,國立屏東科技大學,學士班(日間),女,3482,109,109,19,7,16,8,2,1,2,0,6,0,32,13,1,2,0,0,0
111,公立,技專校院,0024,國立屏東科技大學,學士班(進修),女,463,37,37,4,3,1,0,12,0,0,0,0,0,13,3,1,0,0,0,0
111,公立,技專校院,0024,國立屏東科技大學,碩士在職專班,女,109,22,22,1,0,0,0,9,1,2,0,0,1,5,3,0,0,0,0,0
111,公立,技專校院,0024,國立屏東科技大學,學士班(日間),男,4145,152,152,17,5,32,12,9,0,2,1,3,0,41,17,8,5,0,0,0
111,公立,技專校院,0024,國立屏東科技大學,學士班(進修),男,855,53,53,8,1,1,1,14,0,0,4,0,0,15,5,3,1,0,0,0
111,公立,技專校院,0024,國立屏東科技大學,博士班,男,158,29,29,1,1,0,6,10,0,2,1,0,6,1,1,0,0,0,0,0
111,公立,技專校院,0024,國立屏東科技大學,碩士班(日間),男,655,110,110,8,5,6,2,35,0,2,0,0,2,34,11,5,0,0,0,0
111,公立,技專校院,0025,國立臺北科技大學,學士班(日間),女,1893,48,48,11,2,20,2,1,0,0,0,7,0,2,0,1,2,0,0,0
111,公立,技專校院,0025,國立臺北科技大學,學士班(進修),女,236,2,2,1,0,0,1,0,0,0,0,0,0,0,0,0,0,0,0,0
111,公立,技專校院,0025,國立臺北科技大學,五專,女,27,1,1,1,0,0,0,0,0,0,0,0,0,0,0,0,0,0,0,0
111,公立,技專校院,0025,國立臺北科技大學,碩士班(日間),男,2417,158,158,8,16,30,3,39,0,1,22,8,13,5,6,4,3,0,0,0
111,公立,技專校院,0025,國立臺北科技大學,碩士在職專班,男,1079,159,159,2,0,0,0,141,0,8,2,0,2,0,2,1,1,0,0,0
111,公立,技專校院,0025,國立臺北科技大學,博士班,女,183,33,33,1,0,0,0,13,1,4,0,1,12,0,1,0,0,0,0,0
111,公立,技專校院,0025,國立臺北科技大學,碩士班(日間),女,959,75,75,10,7,7,0,22,0,3,0,5,10,2,6,2,1,0,0,0
111,公立,技專校院,0025,國立臺北科技大學,碩士在職專班,女,507,76,76,5,0,0,0,54,5,4,0,0,1,0,6,0,1,0,0,0
111,公立,技專校院,0025,國立臺北科技大學,學士班(日間),男,4452,122,122,13,8,29,35,10,0,0,5,6,0,8,2,6,0,0,0,0
111,公立,技專校院,0025,國立臺北科技大學,學士班(進修),男,1203,26,26,4,0,5,6,7,0,0,2,2,0,0,0,0,0,0,0,0
111,公立,技專校院,0025,國立臺北科技大學,五專,男,123,3,3,0,0,3,0,0,0,0,0,0,0,0,0,0,0,0,0,0
111,公立,技專校院,0025,國立臺北科技大學,博士班,男,554,111,111,3,4,4,0,59,0,9,1,3,19,0,8,0,1,0,0,0
111,公立,一般大學,0028,國立臺北藝術大學,學士班(日間),女,1148,80,80,12,7,9,3,7,0,0,0,30,4,1,2,5,0,0,0,0
111,公立,一般大學,0028,國立臺北藝術大學,五專,女,44,2,2,0,0,0,0,0,0,0,0,2,0,0,0,0,0,0,0,0
111,公立,一般大學,0028,國立臺北藝術大學,學士班(日間),男,649,45,45,5,3,5,4,7,0,0,0,14,6,0,1,0,0,0,0,0
111,公立,一般大學,0028,國立臺北藝術大學,碩士班(日間),男,357,137,137,2,10,2,1,24,0,2,6,17,56,1,13,2,1,0,0,0
111,公立,一般大學,0028,國立臺北藝術大學,博士班,女,63,34,34,8,1,0,1,9,0,3,0,5,6,0,0,0,1,0,0,0
111,公立,一般大學,0028,國立臺北藝術大學,碩士班(日間),女,654,207,206,11,13,1,4,47,3,8,0,16,90,1,7,5,0,1,0,1
111,公立,一般大學,0028,國立臺北藝術大學,碩士在職專班,女,119,40,40,1,2,0,0,9,3,6,0,2,17,0,0,0,0,0,0,0
111,公立,一般大學,0028,國立臺北藝術大學,五專,男,41,1,1,1,0,0,0,0,0,0,0,0,0,0,0,0,0,0,0,0
111,公立,一般大學,0028,國立臺北藝術大學,博士班,男,46,16,16,0,2,0,1,4,0,3,0,2,1,0,1,0,2,0,0,0
111,公立,一般大學,0028,國立臺北藝術大學,碩士在職專班,男,58,20,20,1,3,0,0,5,0,0,1,0,8,0,2,0,0,0,0,0
111,公立,一般大學,0029,國立臺灣藝術大學,碩士班(日間),女,499,121,118,1,1,3,0,34,3,2,0,9,29,0,1,2,33,3,0,3
111,公立,一般大學,0029,國立臺灣藝術大學,碩士在職專班,女,218,47,47,2,0,0,1,17,4,3,0,1,12,0,1,0,6,0,0,0
111,公立,一般大學,0029,國立臺灣藝術大學,學士班(日間),男,669,42,40,5,2,8,2,5,0,0,1,3,0,2,0,2,10,2,0,2
111,公立,一般大學,0029,國立臺灣藝術大學,學士班(進修),男,574,34,31,0,1,1,0,13,0,0,1,4,1,2,0,1,7,3,0,3
111,公立,一般大學,0029,國立臺灣藝術大學,學士班(日間),女,1705,70,69,3,3,11,1,6,0,0,0,18,0,4,0,4,19,1,0,1
111,公立,一般大學,0029,國立臺灣藝術大學,學士班(進修),女,1355,96,92,8,6,7,1,30,1,4,0,8,1,4,1,5,16,4,0,4
111,公立,一般大學,0029,國立臺灣藝術大學,博士班,女,81,12,12,0,0,0,0,5,1,2,0,0,3,0,0,0,1,0,0,0
111,公立,一般大學,0029,國立臺灣藝術大學,博士班,男,71,14,14,0,0,0,0,6,0,1,0,0,3,0,1,0,3,0,0,0
111,公立,一般大學,0029,國立臺灣藝術大學,碩士班(日間),男,274,54,54,1,1,1,0,15,0,5,1,3,12,0,2,1,12,0,0,0
111,公立,一般大學,0029,國立臺灣藝術大學,碩士在職專班,男,168,32,32,2,3,0,0,12,0,2,1,1,7,0,1,0,3,0,0,0
111,公立,一般大學,0030,國立臺東大學,碩士班(日間),女,235,60,45,2,4,2,0,20,0,1,0,1,10,0,3,2,0,15,0,15
111,公立,一般大學,0030,國立臺東大學,碩士在職專班,女,462,85,64,6,1,0,0,29,4,3,0,1,8,0,9,3,0,21,0,21
111,公立,一般大學,0030,國立臺東大學,學士班(日間),男,1837,94,59,16,6,16,10,3,0,0,0,0,0,2,3,2,1,35,0,35
111,公立,一般大學,0030,國立臺東大學,學士班(進修),男,152,31,10,2,0,2,0,3,0,0,2,0,0,0,1,0,0,21,0,21
111,公立,一般大學,0030,國立臺東大學,碩士在職專班,男,165,32,21,1,0,0,0,14,0,0,0,0,4,0,1,1,0,11,0,11
111,公立,一般大學,0030,國立臺東大學,學士班(日間),女,1831,95,59,12,5,15,3,6,0,0,0,3,0,3,6,5,1,36,0,36
111,公立,一般大學,0030,國立臺東大學,學士班(進修),女,216,31,16,4,3,0,0,7,1,0,0,0,0,0,1,0,0,15,0,15
111,公立,一般大學,0030,國立臺東大學,博士班,女,27,5,5,1,0,0,0,2,0,0,0,1,1,0,0,0,0,0,0,0
111,公立,一般大學,0030,國立臺東大學,博士班,男,20,4,2,0,0,0,0,1,0,0,0,0,1,0,0,0,0,2,0,2
111,公立,一般大學,0030,國立臺東大學,碩士班(日間),男,154,37,25,1,1,1,0,17,0,0,2,0,1,0,2,0,0,12,0,12
111,公立,一般大學,0031,國立宜蘭大學,學士班(日間),女,1653,45,45,12,1,10,5,5,1,0,0,5,0,4,1,1,0,0,0,0
111,公立,一般大學,0031,國立宜蘭大學,學士班(日間),男,2835,151,151,12,5,24,47,19,0,0,6,10,0,12,7,8,1,0,0,0
111,公立,一般大學,0031,國立宜蘭大學,學士班(進修),女,139,10,10,2,0,2,0,1,1,2,0,0,0,1,1,0,0,0,0,0
111,公立,一般大學,0031,國立宜蘭大學,博士班,女,5,1,1,0,0,0,0,0,0,1,0,0,0,0,0,0,0,0,0,0
111,公立,一般大學,0031,國立宜蘭大學,碩士班(日間),女,176,30,30,2,0,0,0,14,0,1,0,0,8,1,3,1,0,0,0,0
111,公立,一般大學,0031,國立宜蘭大學,碩士在職專班,女,61,14,14,0,0,0,0,7,0,1,0,0,3,1,2,0,0,0,0,0
111,公立,一般大學,0031,國立宜蘭大學,學士班(進修),男,264,33,33,4,0,1,0,17,0,1,4,2,0,2,2,0,0,0,0,0
111,公立,一般大學,0031,國立宜蘭大學,博士班,男,10,1,1,0,0,0,0,0,0,1,0,0,0,0,0,0,0,0,0,0
111,公立,一般大學,0031,國立宜蘭大學,碩士班(日間),男,345,49,49,2,4,0,0,22,0,1,3,2,9,3,2,1,0,0,0,0
111,公立,一般大學,0031,國立宜蘭大學,碩士在職專班,男,153,38,38,1,0,2,0,24,0,0,0,2,7,1,1,0,0,0,0,0
111,公立,一般大學,0032,國立聯合大學,學士班(進修),女,302,16,15,1,0,3,0,8,0,2,0,1,0,0,0,0,0,1,0,1
111,公立,一般大學,0032,國立聯合大學,博士班,女,3,0,0,0,0,0,0,0,0,0,0,0,0,0,0,0,0,0,0,0
111,公立,一般大學,0032,國立聯合大學,碩士班(日間),女,123,28,28,2,1,1,1,8,2,2,0,0,10,0,1,0,0,0,0,0
111,公立,一般大學,0032,國立聯合大學,碩士在職專班,女,21,3,3,0,0,0,0,2,0,0,0,0,0,0,0,0,1,0,0,0
111,公立,一般大學,0032,國立聯合大學,學士班(進修),男,751,61,59,2,0,11,2,26,0,1,6,0,0,2,2,2,5,2,0,2
111,公立,一般大學,0032,國立聯合大學,博士班,男,15,1,1,0,1,0,0,0,0,0,0,0,0,0,0,0,0,0,0,0
111,公立,一般大學,0032,國立聯合大學,碩士班(日間),男,290,23,23,2,0,2,0,11,0,0,1,0,7,0,0,0,0,0,0,0
111,公立,一般大學,0032,國立聯合大學,碩士在職專班,男,22,4,4,0,0,0,0,2,0,0,0,0,0,0,1,1,0,0,0,0
111,公立,一般大學,0032,國立聯合大學,學士班(日間),女,1858,57,57,6,1,21,5,4,0,2,0,5,0,6,0,7,0,0,0,0
111,公立,一般大學,0032,國立聯合大學,學士班(日間),男,4264,138,137,10,4,53,20,15,0,0,6,6,0,7,1,7,8,1,0,1
111,公立,技專校院,0033,國立虎尾科技大學,學士班(日間),女,1770,53,53,4,4,23,4,7,1,2,0,3,0,4,0,1,0,0,0,0
111,公立,技專校院,0033,國立虎尾科技大學,學士班(進修),女,453,38,38,3,3,10,3,14,1,1,0,0,0,1,1,1,0,0,0,0
111,公立,技專校院,0033,國立虎尾科技大學,博士班,女,9,4,4,1,0,0,0,1,0,1,0,1,0,0,0,0,0,0,0,0
111,公立,技專校院,0033,國立虎尾科技大學,二專(日間),男,69,9,9,0,0,2,3,1,0,0,1,0,0,2,0,0,0,0,0,0
111,公立,技專校院,0033,國立虎尾科技大學,五專,男,275,3,3,0,0,2,0,0,0,0,0,0,0,0,1,0,0,0,0,0
111,公立,技專校院,0033,國立虎尾科技大學,博士班,男,48,8,8,0,0,0,0,6,0,0,0,1,0,0,1,0,0,0,0,0
111,公立,技專校院,0033,國立虎尾科技大學,碩士班(日間),男,830,71,71,1,2,11,4,21,0,1,4,3,11,8,3,1,1,0,0,0
111,公立,技專校院,0033,國立虎尾科技大學,碩士在職專班,男,138,20,20,0,1,0,0,11,0,0,0,0,8,0,0,0,0,0,0,0
111,公立,技專校院,0033,國立虎尾科技大學,二專(日間),女,1,0,0,0,0,0,0,0,0,0,0,0,0,0,0,0,0,0,0,0
111,公立,技專校院,0033,國立虎尾科技大學,五專,女,42,1,1,0,0,1,0,0,0,0,0,0,0,0,0,0,0,0,0,0
111,公立,技專校院,0033,國立虎尾科技大學,碩士班(日間),女,184,11,11,1,2,2,0,4,0,0,0,0,1,0,0,1,0,0,0,0
111,公立,技專校院,0033,國立虎尾科技大學,碩士在職專班,女,53,8,8,0,0,0,0,5,0,1,0,0,1,0,1,0,0,0,0,0
111,公立,技專校院,0033,國立虎尾科技大學,學士班(日間),男,5918,220,220,18,8,78,47,27,0,0,14,3,0,17,5,2,1,0,0,0
111,公立,技專校院,0033,國立虎尾科技大學,學士班(進修),男,1892,100,100,4,7,22,18,35,0,0,9,0,0,2,2,1,0,0,0,0
111,公立,一般大學,0035,國立臺南藝術大學,五專,女,104,5,3,0,0,0,0,0,0,0,0,2,0,0,0,0,1,2,0,2
111,公立,一般大學,0035,國立臺南藝術大學,碩士在職專班,女,44,12,12,1,0,0,0,4,0,4,0,0,0,0,1,0,2,0,0,0
111,公立,一般大學,0035,國立臺南藝術大學,學士班(日間),男,259,26,23,2,2,3,0,2,0,0,0,4,0,0,2,0,8,3,0,3
111,公立,一般大學,0035,國立臺南藝術大學,五專,男,70,2,2,0,0,0,0,0,0,0,0,2,0,0,0,0,0,0,0,0
111,公立,一般大學,0035,國立臺南藝術大學,學士班(日間),女,530,41,38,7,0,5,0,1,1,0,0,9,0,1,2,2,10,3,0,3
111,公立,一般大學,0035,國立臺南藝術大學,博士班,女,37,5,5,0,0,0,0,1,0,0,0,0,3,0,0,0,1,0,0,0
111,公立,一般大學,0035,國立臺南藝術大學,碩士班(日間),女,354,116,116,8,5,1,0,18,1,5,0,3,33,3,10,0,29,0,0,0
111,公立,一般大學,0035,國立臺南藝術大學,博士班,男,25,6,6,0,0,0,0,2,0,1,0,0,2,0,1,0,0,0,0,0
111,公立,一般大學,0035,國立臺南藝術大學,碩士班(日間),男,225,60,60,3,1,0,0,13,0,2,1,1,19,0,1,0,19,0,0,0
111,公立,一般大學,0035,國立臺南藝術大學,碩士在職專班,男,14,8,8,0,0,0,0,4,0,0,0,0,2,0,0,1,1,0,0,0
111,公立,一般大學,0036,國立臺南大學,博士班,女,89,23,23,1,0,0,0,9,0,3,0,0,5,0,2,0,3,0,0,0
111,公立,一般大學,0036,國立臺南大學,碩士班(日間),女,584,167,167,4,8,1,1,41,6,3,0,2,54,2,3,3,39,0,0,0
111,公立,一般大學,0036,國立臺南大學,學士班(日間),男,1833,104,103,6,3,28,23,8,0,0,2,2,0,7,1,1,22,1,0,1
111,公立,一般大學,0036,國立臺南大學,學士班(日間),女,2069,76,76,9,2,22,3,1,0,1,0,7,0,4,0,1,26,0,0,0
111,公立,一般大學,0036,國立臺南大學,學士班(進修),女,69,8,8,1,0,1,0,1,0,2,0,1,0,0,0,0,2,0,0,0
111,公立,一般大學,0036,國立臺南大學,碩士在職專班,女,427,117,117,3,0,0,0,58,1,17,0,0,32,0,6,0,0,0,0,0
111,公立,一般大學,0036,國立臺南大學,學士班(進修),男,111,9,9,0,0,1,3,0,0,0,2,0,0,0,1,0,2,0,0,0
111,公立,一般大學,0036,國立臺南大學,博士班,男,64,20,20,3,0,0,0,10,0,1,0,0,5,0,0,0,1,0,0,0
111,公立,一般大學,0036,國立臺南大學,碩士班(日間),男,418,106,106,4,6,4,2,19,0,1,2,0,32,0,1,6,29,0,0,0
111,公立,一般大學,0036,國立臺南大學,碩士在職專班,男,205,44,44,2,0,0,0,22,0,1,0,0,17,0,2,0,0,0,0,0
111,公立,一般大學,0037,國立臺北教育大學,博士班,女,88,29,28,1,0,0,0,16,2,5,0,1,1,0,2,0,0,1,0,1
111,公立,一般大學,0037,國立臺北教育大學,碩士班(日間),女,992,258,253,4,10,11,0,74,3,29,0,4,88,2,4,14,10,5,0,5
111,公立,一般大學,0037,國立臺北教育大學,碩士在職專班,女,804,194,194,15,1,0,0,54,6,31,0,0,70,1,11,3,2,0,0,0
111,公立,一般大學,0037,國立臺北教育大學,學士班(日間),男,1097,52,50,5,0,26,0,4,0,0,1,5,0,3,1,3,2,2,0,2
111,公立,一般大學,0037,國立臺北教育大學,博士班,男,64,9,9,0,0,0,0,7,0,0,0,0,2,0,0,0,0,0,0,0
111,公立,一般大學,0037,國立臺北教育大學,學士班(日間),女,2228,68,67,11,0,28,0,6,0,1,0,13,0,7,0,1,0,1,0,1
111,公立,一般大學,0037,國立臺北教育大學,碩士班(日間),男,435,96,95,3,2,9,0,36,0,3,2,4,28,1,3,2,2,1,0,1
111,公立,一般大學,0037,國立臺北教育大學,碩士在職專班,男,247,62,62,3,3,1,0,29,0,11,0,0,12,0,2,1,0,0,0,0
111,公立,一般大學,0039,國立臺中教育大學,學士班(日間),女,2060,47,47,6,2,13,5,9,0,0,0,6,0,4,1,1,0,0,0,0
111,公立,一般大學,0039,國立臺中教育大學,學士班(日間),男,1151,49,49,1,2,21,2,8,0,0,1,3,0,9,1,1,0,0,0,0
111,公立,一般大學,0039,國立臺中教育大學,博士班,男,37,7,7,0,0,0,0,3,0,0,1,0,2,0,1,0,0,0,0,0
111,公立,一般大學,0039,國立臺中教育大學,碩士班(日間),男,274,64,64,2,3,2,2,30,0,3,3,1,12,2,0,1,3,0,0,0
111,公立,一般大學,0039,國立臺中教育大學,博士班,女,71,26,26,1,0,0,0,9,0,2,0,1,10,0,3,0,0,0,0,0
111,公立,一般大學,0039,國立臺中教育大學,碩士班(日間),女,628,144,144,7,6,5,1,57,4,11,0,7,17,5,4,4,16,0,0,0
111,公立,一般大學,0039,國立臺中教育大學,碩士在職專班,女,613,155,155,12,5,1,1,78,7,15,0,2,15,2,13,3,1,0,0,0
111,公立,一般大學,0039,國立臺中教育大學,碩士在職專班,男,166,35,35,2,0,1,0,21,0,2,0,0,6,1,1,1,0,0,0,0
111,公立,技專校院,0042,國立澎湖科技大學,學士班(進修),女,127,7,7,0,1,1,0,1,0,0,0,0,0,0,1,0,3,0,0,0
111,公立,技專校院,0042,國立澎湖科技大學,五專,女,6,0,0,0,0,0,0,0,0,0,0,0,0,0,0,0,0,0,0,0
111,公立,技專校院,0042,國立澎湖科技大學,碩士班(日間),女,37,11,11,0,0,0,0,1,0,0,0,0,0,0,0,0,10,0,0,0
111,公立,技專校院,0042,國立澎湖科技大學,碩士在職專班,女,17,0,0,0,0,0,0,0,0,0,0,0,0,0,0,0,0,0,0,0
111,公立,技專校院,0042,國立澎湖科技大學,學士班(進修),男,113,11,11,0,0,0,1,3,0,0,1,0,0,0,1,0,5,0,0,0
111,公立,技專校院,0042,國立澎湖科技大學,碩士班(日間),男,43,12,12,0,0,0,0,1,0,1,0,0,0,0,0,0,10,0,0,0
111,公立,技專校院,0042,國立澎湖科技大學,學士班(日間),女,929,28,28,0,1,4,0,2,0,0,0,0,0,1,1,0,19,0,0,0
111,公立,技專校院,0042,國立澎湖科技大學,學士班(日間),男,1543,84,84,2,3,6,1,5,0,0,5,0,0,1,2,0,59,0,0,0
111,公立,技專校院,0042,國立澎湖科技大學,五專,男,88,2,2,0,0,0,0,0,0,0,0,0,0,0,0,0,2,0,0,0
111,公立,技專校院,0042,國立澎湖科技大學,碩士在職專班,男,24,3,3,0,0,0,0,0,0,1,0,0,0,0,0,0,2,0,0,0
111,公立,技專校院,0043,國立勤益科技大學,二專(進修),女,78,20,14,0,1,4,1,4,0,1,0,0,0,1,1,0,1,6,0,6
111,公立,技專校院,0043,國立勤益科技大學,學士班(日間),女,2169,87,80,5,6,39,14,10,4,1,0,0,0,0,1,0,0,7,0,7
111,公立,技專校院,0043,國立勤益科技大學,學士班(進修),女,644,55,42,1,2,15,1,14,1,3,1,0,0,0,0,3,1,13,0,13
111,公立,技專校院,0043,國立勤益科技大學,學士班(進修),男,3452,214,152,9,3,39,13,49,0,0,17,2,0,5,3,11,1,62,0,62
111,公立,技專校院,0043,國立勤益科技大學,博士班,男,45,4,4,0,1,0,0,1,0,1,0,0,0,0,1,0,0,0,0,0
111,公立,技專校院,0043,國立勤益科技大學,碩士班(日間),男,493,48,41,1,4,5,0,22,0,1,5,0,3,0,0,0,0,7,0,7
111,公立,技專校院,0043,國立勤益科技大學,碩士在職專班,男,224,26,19,1,0,1,0,6,0,0,0,1,4,0,4,2,0,7,0,7
111,公立,技專校院,0043,國立勤益科技大學,博士班,女,7,0,0,0,0,0,0,0,0,0,0,0,0,0,0,0,0,0,0,0
111,公立,技專校院,0043,國立勤益科技大學,碩士班(日間),女,185,31,30,1,10,3,0,11,0,1,0,1,2,0,1,0,0,1,0,1
111,公立,技專校院,0043,國立勤益科技大學,碩士在職專班,女,72,8,6,0,0,0,0,2,0,3,0,0,0,0,0,0,1,2,0,2
111,公立,技專校院,0043,國立勤益科技大學,二專(進修),男,216,40,20,1,0,5,0,14,0,0,0,0,0,0,0,0,0,20,0,20
111,公立,技專校院,0043,國立勤益科技大學,學士班(日間),男,4836,321,271,16,15,130,41,37,0,0,18,5,0,0,3,6,0,50,0,50
111,公立,一般大學,0044,國立體育大學,學士班(日間),女,739,28,28,4,0,0,0,22,1,1,0,0,0,0,0,0,0,0,0,0
111,公立,一般大學,0044,國立體育大學,學士班(進修),女,37,2,2,0,0,0,0,2,0,0,0,0,0,0,0,0,0,0,0,0
111,公立,一般大學,0044,國立體育大學,博士班,女,51,11,11,1,0,0,0,9,0,1,0,0,0,0,0,0,0,0,0,0
111,公立,一般大學,0044,國立體育大學,碩士班(日間),女,169,40,40,1,0,0,0,32,2,4,0,0,0,0,0,1,0,0,0,0
111,公立,一般大學,0044,國立體育大學,碩士在職專班,女,102,26,26,0,0,0,0,20,0,4,0,0,1,0,0,1,0,0,0,0
111,公立,一般大學,0044,國立體育大學,學士班(日間),男,1175,78,78,0,0,0,0,78,0,0,0,0,0,0,0,0,0,0,0,0
111,公立,一般大學,0044,國立體育大學,學士班(進修),男,65,8,8,0,0,0,0,8,0,0,0,0,0,0,0,0,0,0,0,0
111,公立,一般大學,0044,國立體育大學,博士班,男,93,31,31,0,0,0,0,26,0,4,0,0,0,0,0,1,0,0,0,0
111,公立,一般大學,0044,國立體育大學,碩士班(日間),男,183,41,41,0,0,0,0,37,0,3,0,0,0,0,0,1,0,0,0,0
111,公立,一般大學,0044,國立體育大學,碩士在職專班,男,119,38,38,3,0,0,0,29,0,5,1,0,0,0,0,0,0,0,0,0
111,公立,技專校院,0046,國立臺北護理健康大學,博士班,女,69,15,15,3,0,0,0,4,0,1,0,0,4,0,2,0,1,0,0,0
111,公立,技專校院,0046,國立臺北護理健康大學,碩士班(日間),女,465,127,127,6,2,1,0,44,4,13,0,3,40,3,9,0,2,0,0,0
111,公立,技專校院,0046,國立臺北護理健康大學,碩士在職專班,女,177,64,64,3,0,1,0,20,5,6,0,0,23,1,4,1,0,0,0,0
111,公立,技專校院,0046,國立臺北護理健康大學,學士班(日間),男,820,55,55,1,2,20,5,10,0,0,1,1,0,4,2,5,4,0,0,0
111,公立,技專校院,0046,國立臺北護理健康大學,學士班(日間),女,2940,143,143,17,6,32,8,28,4,5,0,16,0,9,4,9,5,0,0,0
111,公立,技專校院,0046,國立臺北護理健康大學,學士班(進修),女,662,64,64,4,1,2,1,34,5,6,0,1,0,5,4,1,0,0,0,0
111,公立,技專校院,0046,國立臺北護理健康大學,學士班(進修),男,43,4,4,0,0,0,1,1,0,0,1,0,0,1,0,0,0,0,0,0
111,公立,技專校院,0046,國立臺北護理健康大學,博士班,男,8,1,1,0,0,0,0,0,0,0,0,0,0,0,1,0,0,0,0,0
111,公立,技專校院,0046,國立臺北護理健康大學,碩士班(日間),男,82,26,26,1,0,0,0,8,0,3,0,3,5,0,1,2,3,0,0,0
111,公立,技專校院,0046,國立臺北護理健康大學,碩士在職專班,男,31,7,7,0,0,0,0,3,0,0,0,0,3,0,1,0,0,0,0,0
111,公立,技專校院,0047,國立高雄餐旅大學,學士班(日間),女,2028,47,47,6,5,17,2,1,0,1,1,3,0,0,2,6,3,0,0,0
111,公立,技專校院,0047,國立高雄餐旅大學,學士班(進修),女,676,32,23,2,3,5,0,4,1,2,0,2,0,2,1,0,1,9,0,9
111,公立,技專校院,0047,國立高雄餐旅大學,五專,女,151,9,9,0,0,3,4,0,0,0,0,0,0,0,0,2,0,0,0,0
111,公立,技專校院,0047,國立高雄餐旅大學,學士班(進修),男,376,12,9,1,2,0,0,2,0,0,0,2,0,0,2,0,0,3,0,3
111,公立,技專校院,0047,國立高雄餐旅大學,博士班,男,17,3,3,0,0,0,0,2,0,0,0,0,1,0,0,0,0,0,0,0
111,公立,技專校院,0047,國立高雄餐旅大學,碩士班(日間),男,53,24,24,1,1,2,0,12,0,2,1,0,1,0,2,1,1,0,0,0
111,公立,技專校院,0047,國立高雄餐旅大學,碩士在職專班,男,11,3,3,0,1,0,0,1,0,0,0,0,1,0,0,0,0,0,0,0
111,公立,技專校院,0047,國立高雄餐旅大學,博士班,女,14,0,0,0,0,0,0,0,0,0,0,0,0,0,0,0,0,0,0,0
111,公立,技專校院,0047,國立高雄餐旅大學,碩士班(日間),女,102,31,31,3,0,4,1,12,0,2,0,0,2,0,4,1,2,0,0,0
111,公立,技專校院,0047,國立高雄餐旅大學,碩士在職專班,女,12,7,7,1,0,0,0,3,0,2,0,1,0,0,0,0,0,0,0,0
111,公立,技專校院,0047,國立高雄餐旅大學,學士班(日間),男,981,39,39,5,4,10,8,1,0,0,1,1,0,0,2,5,2,0,0,0
111,公立,技專校院,0047,國立高雄餐旅大學,五專,男,100,6,6,0,1,2,2,0,0,0,0,0,0,0,0,1,0,0,0,0
111,公立,一般大學,0048,國立金門大學,學士班(日間),女,1464,42,42,3,1,17,3,2,0,0,0,6,0,3,3,2,2,0,0,0
111,公立,一般大學,0048,國立金門大學,碩士在職專班,女,42,3,3,0,0,0,0,3,0,0,0,0,0,0,0,0,0,0,0,0
111,公立,一般大學,0048,國立金門大學,學士班(日間),男,1627,64,64,1,5,19,13,7,0,0,10,4,0,2,2,1,0,0,0,0
111,公立,一般大學,0048,國立金門大學,學士班(進修),男,421,30,28,1,0,1,0,17,0,1,3,0,0,1,2,0,2,2,0,2
111,公立,一般大學,0048,國立金門大學,學士班(進修),女,354,16,15,3,1,3,0,8,0,0,0,0,0,0,0,0,0,1,0,1
111,公立,一般大學,0048,國立金門大學,博士班,女,1,0,0,0,0,0,0,0,0,0,0,0,0,0,0,0,0,0,0,0
111,公立,一般大學,0048,國立金門大學,碩士班(日間),女,99,24,24,1,2,0,0,9,2,4,0,1,4,0,1,0,0,0,0,0
111,公立,一般大學,0048,國立金門大學,博士班,男,1,0,0,0,0,0,0,0,0,0,0,0,0,0,0,0,0,0,0,0
111,公立,一般大學,0048,國立金門大學,碩士班(日間),男,123,27,27,2,2,1,0,12,0,3,0,0,6,1,0,0,0,0,0,0
111,公立,一般大學,0048,國立金門大學,碩士在職專班,男,43,14,14,0,0,0,0,10,0,0,0,0,3,1,0,0,0,0,0,0
111,公立,一般大學,0049,國立臺灣體育運動大學,學士班(日間),女,983,32,31,6,8,8,3,6,0,0,0,0,0,0,0,0,0,1,0,1
111,公立,一般大學,0049,國立臺灣體育運動大學,學士班(日間),男,1368,83,79,5,23,13,11,27,0,0,0,0,0,0,0,0,0,4,0,4
111,公立,一般大學,0049,國立臺灣體育運動大學,學士班(進修),男,263,24,24,2,4,5,2,10,0,0,1,0,0,0,0,0,0,0,0,0
111,公立,一般大學,0049,國立臺灣體育運動大學,博士班,男,6,2,2,0,1,0,0,1,0,0,0,0,0,0,0,0,0,0,0,0
111,公立,一般大學,0049,國立臺灣體育運動大學,學士班(進修),女,104,8,8,0,2,0,1,3,1,1,0,0,0,0,0,0,0,0,0,0
111,公立,一般大學,0049,國立臺灣體育運動大學,博士班,女,8,1,1,0,0,0,0,1,0,0,0,0,0,0,0,0,0,0,0,0
111,公立,一般大學,0049,國立臺灣體育運動大學,碩士班(日間),女,138,29,29,1,4,2,2,19,0,1,0,0,0,0,0,0,0,0,0,0
111,公立,一般大學,0049,國立臺灣體育運動大學,碩士在職專班,女,37,8,8,0,2,0,0,3,1,2,0,0,0,0,0,0,0,0,0,0
111,公立,一般大學,0049,國立臺灣體育運動大學,碩士班(日間),男,135,40,40,0,7,2,1,23,0,2,4,0,1,0,0,0,0,0,0,0
111,公立,一般大學,0049,國立臺灣體育運動大學,碩士在職專班,男,80,17,17,0,1,0,1,13,0,2,0,0,0,0,0,0,0,0,0,0
111,公立,技專校院,0050,國立臺中科技大學,二專(進修),女,625,114,114,3,7,14,3,69,2,3,0,3,0,7,2,1,0,0,0,0
111,公立,技專校院,0050,國立臺中科技大學,學士班(日間),女,4642,144,144,20,8,46,9,30,1,7,0,8,0,3,3,7,2,0,0,0
111,公立,技專校院,0050,國立臺中科技大學,學士班(進修),女,2541,312,312,28,9,42,9,146,5,17,0,7,0,16,16,14,3,0,0,0
111,公立,技專校院,0050,國立臺中科技大學,五專,男,1039,59,59,2,1,25,5,4,0,0,2,3,0,0,3,13,1,0,0,0
111,公立,技專校院,0050,國立臺中科技大學,碩士班(日間),男,181,25,25,1,0,0,0,15,0,0,1,0,3,1,4,0,0,0,0,0
111,公立,技專校院,0050,國立臺中科技大學,五專,女,2655,161,161,17,7,65,18,9,0,1,0,6,0,1,5,30,2,0,0,0
111,公立,技專校院,0050,國立臺中科技大學,碩士班(日間),女,258,64,64,4,7,2,0,34,3,2,0,0,3,0,6,3,0,0,0,0
111,公立,技專校院,0050,國立臺中科技大學,碩士在職專班,女,178,21,21,0,0,0,0,13,1,2,0,0,2,0,3,0,0,0,0,0
111,公立,技專校院,0050,國立臺中科技大學,二專(進修),男,382,94,94,2,5,8,4,51,0,0,3,1,0,0,6,14,0,0,0,0
111,公立,技專校院,0050,國立臺中科技大學,學士班(日間),男,2217,92,92,13,6,26,9,12,0,0,4,1,0,4,9,6,2,0,0,0
111,公立,技專校院,0050,國立臺中科技大學,學士班(進修),男,1283,168,168,5,7,14,7,106,0,0,5,3,0,5,9,5,2,0,0,0
111,公立,技專校院,0050,國立臺中科技大學,碩士在職專班,男,94,21,21,1,0,0,0,16,0,2,1,0,0,0,1,0,0,0,0,0
111,公立,技專校院,0051,國立臺北商業大學,二專(進修),女,196,28,28,1,0,2,3,18,2,0,0,1,0,0,1,0,0,0,0,0
111,公立,技專校院,0051,國立臺北商業大學,學士班(日間),女,2110,64,64,11,4,18,7,4,1,1,0,7,0,4,3,3,1,0,0,0
111,公立,技專校院,0051,國立臺北商業大學,學士班(進修),女,1127,134,134,16,6,12,8,59,1,8,0,7,0,0,14,3,0,0,0,0
111,公立,技專校院,0051,國立臺北商業大學,五專,女,1240,77,77,10,2,20,14,3,0,1,0,13,0,4,0,10,0,0,0,0
111,公立,技專校院,0051,國立臺北商業大學,二專(進修),男,106,25,25,2,2,0,0,15,0,0,4,2,0,0,0,0,0,0,0,0
111,公立,技專校院,0051,國立臺北商業大學,五專,男,515,33,33,2,0,5,14,1,0,0,0,6,0,1,1,3,0,0,0,0
111,公立,技專校院,0051,國立臺北商業大學,碩士班(日間),男,122,20,20,2,1,1,0,11,0,0,1,0,2,0,2,0,0,0,0,0
111,公立,技專校院,0051,國立臺北商業大學,碩士在職專班,男,33,4,4,1,1,0,0,2,0,0,0,0,0,0,0,0,0,0,0,0
111,公立,技專校院,0051,國立臺北商業大學,博士班,女,1,0,0,0,0,0,0,0,0,0,0,0,0,0,0,0,0,0,0,0
111,公立,技專校院,0051,國立臺北商業大學,碩士班(日間),女,185,11,11,1,1,2,0,4,1,0,0,0,1,0,0,1,0,0,0,0
111,公立,技專校院,0051,國立臺北商業大學,碩士在職專班,女,61,12,12,1,0,0,0,7,0,1,0,0,2,0,1,0,0,0,0,0
111,公立,技專校院,0051,國立臺北商業大學,學士班(日間),男,924,31,31,1,4,7,6,4,0,0,2,3,0,1,2,1,0,0,0,0
111,公立,技專校院,0051,國立臺北商業大學,學士班(進修),男,662,88,88,6,5,10,4,49,0,1,3,5,0,0,3,2,0,0,0,0
111,公立,技專校院,0051,國立臺北商業大學,博士班,男,8,4,4,0,0,0,0,4,0,0,0,0,0,0,0,0,0,0,0,0
111,公立,一般大學,0052,國立屏東大學,學士班(進修),女,376,18,18,1,1,1,1,10,1,0,0,2,0,1,0,0,0,0,0,0
111,公立,一般大學,0052,國立屏東大學,碩士班(日間),女,563,150,150,1,4,5,1,68,3,11,0,0,35,4,3,6,9,0,0,0
111,公立,一般大學,0052,國立屏東大學,碩士在職專班,女,486,116,116,3,0,0,0,48,12,12,0,1,23,2,12,1,2,0,0,0
111,公立,一般大學,0052,國立屏東大學,學士班(進修),男,339,30,30,0,2,5,2,15,0,0,0,0,0,3,0,3,0,0,0,0
111,公立,一般大學,0052,國立屏東大學,博士班,男,23,5,5,0,0,0,0,3,0,0,0,0,0,0,2,0,0,0,0,0
111,公立,一般大學,0052,國立屏東大學,碩士班(日間),男,349,54,54,1,0,3,2,22,0,1,4,3,12,2,3,1,0,0,0,0
111,公立,一般大學,0052,國立屏東大學,學士班(日間),女,3652,84,84,11,6,27,7,11,1,1,0,5,0,10,2,3,0,0,0,0
111,公立,一般大學,0052,國立屏東大學,博士班,女,23,3,3,0,0,0,0,3,0,0,0,0,0,0,0,0,0,0,0,0
111,公立,一般大學,0052,國立屏東大學,學士班(日間),男,2886,81,80,3,7,23,9,16,0,0,0,7,0,10,3,2,0,1,0,1
111,公立,一般大學,0052,國立屏東大學,碩士在職專班,男,225,44,44,1,1,0,0,22,0,4,0,1,11,0,2,2,0,0,0,0
111,公立,技專校院,0053,國立高雄科技大學,學士班(進修),女,1259,105,100,12,16,23,1,37,5,1,0,2,0,0,3,0,0,5,0,5
111,公立,技專校院,0053,國立高雄科技大學,博士班,女,154,30,30,2,1,4,0,13,1,3,0,0,4,0,2,0,0,0,0,0
111,公立,技專校院,0053,國立高雄科技大學,碩士班(日間),女,865,120,120,15,9,19,6,43,1,4,0,5,18,0,0,0,0,0,0,0
111,公立,技專校院,0053,國立高雄科技大學,碩士在職專班,女,749,141,141,24,0,7,5,67,2,19,0,0,11,0,5,0,1,0,0,0
111,公立,技專校院,0053,國立高雄科技大學,學士班(進修),男,2597,255,247,22,17,53,17,104,0,2,28,2,0,0,2,0,0,8,0,8
111,公立,技專校院,0053,國立高雄科技大學,碩士班(日間),男,1753,203,203,16,20,27,8,84,0,1,11,3,20,0,13,0,0,0,0,0
111,公立,技專校院,0053,國立高雄科技大學,碩士在職專班,男,1261,286,286,31,7,6,8,185,0,12,2,2,23,0,10,0,0,0,0,0
111,公立,技專校院,0053,國立高雄科技大學,學士班(日間),女,6794,194,193,30,18,68,17,28,2,3,1,22,0,0,4,0,0,1,0,1
111,公立,技專校院,0053,國立高雄科技大學,五專,女,164,4,4,1,0,2,0,0,0,1,0,0,0,0,0,0,0,0,0,0
111,公立,技專校院,0053,國立高雄科技大學,學士班(日間),男,11105,522,513,54,34,161,132,91,0,0,27,4,0,0,9,1,0,9,0,9
111,公立,技專校院,0053,國立高雄科技大學,五專,男,703,29,29,2,0,15,6,3,0,0,3,0,0,0,0,0,0,0,0,0
111,公立,技專校院,0053,國立高雄科技大學,博士班,男,444,85,85,8,1,6,2,45,0,4,1,1,12,0,5,0,0,0,0,0
111,公立,技專校院,0144,國立臺灣戲曲學院,學士班(日間),女,322,17,17,2,0,8,1,2,0,0,1,1,0,0,2,0,0,0,0,0
111,公立,技專校院,0144,國立臺灣戲曲學院,學士班(日間),男,194,16,16,0,0,3,0,9,0,0,4,0,0,0,0,0,0,0,0,0
111,公立,技專校院,0221,國立臺南護理專科學校,二專(日間),女,74,4,4,1,0,1,0,0,1,0,0,0,0,0,1,0,0,0,0,0
111,公立,技專校院,0221,國立臺南護理專科學校,五專,女,1681,43,43,5,4,26,5,1,0,0,0,0,0,0,2,0,0,0,0,0
111,公立,技專校院,0221,國立臺南護理專科學校,二專(進修),女,34,4,4,2,1,0,0,0,0,0,0,0,0,0,1,0,0,0,0,0
111,公立,技專校院,0221,國立臺南護理專科學校,二專(日間),男,3,1,1,0,0,0,0,1,0,0,0,0,0,0,0,0,0,0,0,0
111,公立,技專校院,0221,國立臺南護理專科學校,二專(進修),男,9,1,1,0,0,0,0,1,0,0,0,0,0,0,0,0,0,0,0,0
111,公立,技專校院,0221,國立臺南護理專科學校,五專,男,184,7,7,0,0,4,1,0,0,0,1,0,0,0,1,0,0,0,0,0
111,公立,技專校院,0222,國立臺東專科學校,二專(日間),女,139,19,19,3,3,7,3,0,0,0,0,0,0,2,0,0,1,0,0,0
111,公立,技專校院,0222,國立臺東專科學校,五專,女,108,15,15,2,2,4,2,3,0,0,0,0,0,0,1,1,0,0,0,0
111,公立,技專校院,0222,國立臺東專科學校,二專(進修),男,43,7,7,0,0,0,1,2,0,0,4,0,0,0,0,0,0,0,0,0
111,公立,技專校院,0222,國立臺東專科學校,二專(進修),女,53,0,0,0,0,0,0,0,0,0,0,0,0,0,0,0,0,0,0,0
111,公立,技專校院,0222,國立臺東專科學校,二專(日間),男,299,37,37,5,3,10,4,9,0,0,0,1,0,4,1,0,0,0,0,0
111,公立,技專校院,0222,國立臺東專科學校,五專,男,113,14,14,1,1,2,2,1,0,0,2,0,0,2,0,1,2,0,0,0
111,私立,一般大學,1001,東海大學,學士班(日間),女,6950,255,241,45,8,58,15,17,1,5,0,27,0,4,15,1,45,14,0,14
111,私立,一般大學,1001,東海大學,碩士班(日間),女,712,211,206,13,7,4,2,55,5,9,0,8,58,0,19,2,24,5,0,5
111,私立,一般大學,1001,東海大學,學士班(日間),男,5657,295,281,23,7,79,22,36,0,0,3,21,0,7,23,5,55,14,0,14
111,私立,一般大學,1001,東海大學,學士班(進修),男,149,33,29,3,1,1,0,15,0,0,0,0,0,1,3,0,5,4,0,4
111,私立,一般大學,1001,東海大學,學士班(進修),女,159,25,20,1,0,1,1,5,0,3,0,1,0,1,5,0,2,5,0,5
111,私立,一般大學,1001,東海大學,博士班,女,90,40,39,3,1,0,0,10,0,2,0,1,15,0,4,0,3,1,0,1
111,私立,一般大學,1001,東海大學,碩士在職專班,女,387,124,121,9,1,0,1,48,2,8,0,4,30,0,11,0,7,3,0,3
111,私立,一般大學,1001,東海大學,博士班,男,150,61,57,3,1,1,0,22,0,3,0,1,23,0,3,0,0,4,0,4
111,私立,一般大學,1001,東海大學,碩士班(日間),男,656,196,193,7,4,4,2,58,0,3,5,5,68,1,9,3,24,3,0,3
111,私立,一般大學,1001,東海大學,碩士在職專班,男,373,128,110,4,1,0,0,65,0,0,0,3,15,0,12,0,10,18,0,18
111,私立,一般大學,1002,輔仁大學,學士班(日間),女,10561,352,352,59,6,183,7,26,2,1,0,54,0,11,0,3,0,0,0,0
111,私立,一般大學,1002,輔仁大學,學士班(進修),女,2495,182,182,28,5,45,8,66,5,6,0,13,0,6,0,0,0,0,0,0
111,私立,一般大學,1002,輔仁大學,博士班,女,205,61,61,5,0,3,0,18,1,4,0,2,26,1,0,1,0,0,0,0
111,私立,一般大學,1002,輔仁大學,碩士班(日間),女,1226,251,251,18,4,74,2,66,2,20,0,7,52,1,1,4,0,0,0,0
111,私立,一般大學,1002,輔仁大學,博士班,男,218,69,69,5,0,3,0,22,0,3,0,1,34,0,0,1,0,0,0,0
111,私立,一般大學,1002,輔仁大學,碩士班(日間),男,782,153,153,3,3,49,0,41,0,5,5,0,43,2,0,2,0,0,0,0
111,私立,一般大學,1002,輔仁大學,碩士在職專班,男,580,136,136,6,0,18,0,62,0,17,0,2,29,0,0,2,0,0,0,0
111,私立,一般大學,1002,輔仁大學,碩士在職專班,女,921,229,229,18,2,24,0,90,2,40,0,6,37,1,2,7,0,0,0,0
111,私立,一般大學,1002,輔仁大學,學士班(日間),男,7347,301,301,29,9,149,14,54,0,0,4,32,0,5,0,5,0,0,0,0
111,私立,一般大學,1002,輔仁大學,學士班(進修),男,1646,130,130,13,5,37,2,55,0,2,1,5,0,10,0,0,0,0,0,0
111,私立,一般大學,1003,東吳大學,博士班,女,54,13,13,0,0,0,0,2,1,2,0,0,5,0,3,0,0,0,0,0
111,私立,一般大學,1003,東吳大學,碩士班(日間),女,736,137,137,4,4,1,0,33,1,4,0,8,53,1,5,4,19,0,0,0
111,私立,一般大學,1003,東吳大學,碩士在職專班,女,691,116,116,3,2,1,0,34,3,23,0,3,23,0,12,2,10,0,0,0
111,私立,一般大學,1003,東吳大學,學士班(日間),男,4634,208,207,12,7,59,5,13,0,1,7,33,0,13,9,7,41,1,0,1
111,私立,一般大學,1003,東吳大學,學士班(進修),男,296,35,34,5,2,3,1,14,0,0,1,2,0,0,2,1,3,1,0,1
111,私立,一般大學,1003,東吳大學,博士班,男,73,9,9,0,1,0,0,2,0,0,0,1,5,0,0,0,0,0,0,0
111,私立,一般大學,1003,東吳大學,學士班(日間),女,7138,241,240,39,9,51,7,11,1,1,0,54,0,16,9,6,36,1,0,1
111,私立,一般大學,1003,東吳大學,學士班(進修),女,476,42,42,7,2,3,0,12,0,1,0,5,0,0,3,1,8,0,0,0
111,私立,一般大學,1003,東吳大學,碩士班(日間),男,599,115,115,6,1,4,1,29,0,2,8,7,37,0,4,2,14,0,0,0
111,私立,一般大學,1003,東吳大學,碩士在職專班,男,590,108,108,3,0,1,0,47,0,8,0,2,26,0,13,0,8,0,0,0
111,私立,一般大學,1004,中原大學,學士班(日間),女,6575,194,194,19,11,63,33,29,1,7,0,17,1,7,4,2,0,0,0,0
111,私立,一般大學,1004,中原大學,碩士在職專班,女,382,66,66,0,2,0,0,36,2,14,0,3,4,0,5,0,0,0,0,0
111,私立,一般大學,1004,中原大學,學士班(日間),男,7176,307,303,10,17,87,55,50,0,1,34,20,1,10,9,9,0,4,0,4
111,私立,一般大學,1004,中原大學,博士班,男,243,49,49,2,0,0,2,20,0,2,4,3,14,0,2,0,0,0,0,0
111,私立,一般大學,1004,中原大學,碩士班(日間),男,902,96,96,7,5,4,2,29,0,4,11,2,23,3,3,3,0,0,0,0
111,私立,一般大學,1004,中原大學,碩士在職專班,男,545,137,137,2,6,1,1,82,0,24,2,0,14,0,4,1,0,0,0,0
111,私立,一般大學,1004,中原大學,博士班,女,112,20,20,2,0,0,0,10,0,2,0,0,4,0,2,0,0,0,0,0
111,私立,一般大學,1004,中原大學,碩士班(日間),女,694,111,111,7,9,3,0,37,2,5,0,3,34,4,4,3,0,0,0,0
111,私立,一般大學,1005,淡江大學學校財團法人淡江大學,學士班(進修),女,410,66,26,6,2,1,0,5,1,1,0,3,0,0,1,1,5,40,0,40
111,私立,一般大學,1005,淡江大學學校財團法人淡江大學,博士班,女,124,34,24,2,0,0,0,7,0,2,0,2,4,0,4,1,2,10,0,10
111,私立,一般大學,1005,淡江大學學校財團法人淡江大學,碩士班(日間),女,664,135,87,11,4,3,0,11,0,3,0,2,33,2,6,2,10,48,0,48
111,私立,一般大學,1005,淡江大學學校財團法人淡江大學,碩士在職專班,女,340,75,44,6,0,0,0,15,2,7,0,2,6,0,3,2,1,31,0,31
111,私立,一般大學,1005,淡江大學學校財團法人淡江大學,博士班,男,242,81,46,6,0,0,0,20,0,1,0,0,14,0,2,0,3,35,0,35
111,私立,一般大學,1005,淡江大學學校財團法人淡江大學,碩士班(日間),男,827,127,77,3,4,5,1,12,0,0,2,7,15,2,5,5,16,50,0,50
111,私立,一般大學,1005,淡江大學學校財團法人淡江大學,碩士在職專班,男,330,94,50,1,1,0,0,29,0,7,0,2,6,0,3,1,0,44,0,44
111,私立,一般大學,1005,淡江大學學校財團法人淡江大學,學士班(日間),女,9301,434,243,57,7,56,13,8,0,0,0,48,0,9,11,16,18,191,0,191
111,私立,一般大學,1005,淡江大學學校財團法人淡江大學,學士班(日間),男,10498,714,367,42,13,104,19,20,0,0,5,43,0,20,19,30,52,347,0,347
111,私立,一般大學,1005,淡江大學學校財團法人淡江大學,學士班(進修),男,592,132,46,1,1,8,2,15,0,0,0,7,0,1,3,0,8,86,0,86
111,私立,一般大學,1006,中國文化大學,學士班(日間),女,8948,524,366,38,28,101,33,42,0,0,0,33,0,18,3,6,64,158,0,158
111,私立,一般大學,1006,中國文化大學,學士班(日間),男,9218,818,518,30,44,104,68,76,0,0,10,28,0,18,5,17,118,300,0,300
111,私立,一般大學,1006,中國文化大學,學士班(進修),男,575,258,116,6,3,17,3,59,0,0,14,3,0,3,4,4,0,142,0,142
111,私立,一般大學,1006,中國文化大學,學士班(進修),女,907,300,137,11,5,26,2,67,1,0,0,6,0,4,9,6,0,163,0,163
111,私立,一般大學,1006,中國文化大學,博士班,女,196,57,57,2,0,0,0,16,1,1,0,3,27,1,0,0,6,0,0,0
111,私立,一般大學,1006,中國文化大學,碩士班(日間),女,710,172,172,12,11,5,1,54,1,3,0,5,45,1,2,11,21,0,0,0
111,私立,一般大學,1006,中國文化大學,碩士在職專班,女,366,117,96,6,2,2,0,50,1,1,0,5,19,1,7,2,0,21,0,21
111,私立,一般大學,1006,中國文化大學,博士班,男,312,77,77,2,2,0,1,27,0,3,0,1,29,0,2,2,8,0,0,0
111,私立,一般大學,1006,中國文化大學,碩士班(日間),男,826,195,195,5,6,8,3,62,0,5,4,2,59,1,1,12,27,0,0,0
111,私立,一般大學,1006,中國文化大學,碩士在職專班,男,207,79,61,2,1,0,1,27,0,3,1,1,18,0,4,3,0,18,0,18
111,私立,一般大學,1007,逢甲大學,學士班(日間),女,7323,161,159,19,6,70,5,11,0,1,0,29,0,0,15,0,3,2,0,2
111,私立,一般大學,1007,逢甲大學,學士班(進修),女,336,43,42,3,2,15,0,11,0,5,0,2,0,0,4,0,0,1,0,1
111,私立,一般大學,1007,逢甲大學,學士班(日間),男,10018,342,337,23,8,142,24,28,0,1,38,32,0,0,33,3,5,5,0,5
111,私立,一般大學,1007,逢甲大學,碩士班(日間),男,1106,111,110,6,4,21,3,33,0,3,6,6,14,1,12,0,1,1,0,1
111,私立,一般大學,1007,逢甲大學,博士班,女,123,10,10,3,0,0,0,2,0,0,0,0,5,0,0,0,0,0,0,0
111,私立,一般大學,1007,逢甲大學,碩士班(日間),女,588,67,67,2,3,7,2,19,2,3,0,4,17,0,8,0,0,0,0,0
111,私立,一般大學,1007,逢甲大學,碩士在職專班,女,451,61,61,4,1,7,0,22,1,7,0,1,8,0,10,0,0,0,0,0
111,私立,一般大學,1007,逢甲大學,學士班(進修),男,499,41,39,0,5,10,2,10,0,1,7,1,0,0,2,1,0,2,0,2
111,私立,一般大學,1007,逢甲大學,博士班,男,292,35,35,4,0,0,1,6,0,4,0,0,14,0,6,0,0,0,0,0
111,私立,一般大學,1007,逢甲大學,碩士在職專班,男,705,93,93,5,2,3,2,54,0,7,0,0,11,0,5,2,2,0,0,0
111,私立,一般大學,1008,靜宜大學,碩士班(日間),女,423,61,61,4,2,2,7,23,0,2,0,1,14,3,2,1,0,0,0,0
111,私立,一般大學,1008,靜宜大學,碩士在職專班,女,205,38,38,2,1,0,3,14,2,3,0,1,7,0,3,2,0,0,0,0
111,私立,一般大學,1008,靜宜大學,學士班(日間),男,4082,237,227,6,22,52,57,41,0,0,8,12,0,15,4,9,1,10,0,10
111,私立,一般大學,1008,靜宜大學,博士班,男,29,5,5,0,0,0,0,3,0,0,0,0,2,0,0,0,0,0,0,0
111,私立,一般大學,1008,靜宜大學,學士班(日間),女,6560,212,200,20,17,55,31,39,1,3,0,7,0,19,4,4,0,12,0,12
111,私立,一般大學,1008,靜宜大學,博士班,女,30,5,5,0,0,0,0,1,0,0,0,0,4,0,0,0,0,0,0,0
111,私立,一般大學,1008,靜宜大學,碩士班(日間),男,248,47,47,3,2,0,4,17,0,0,1,0,16,0,2,2,0,0,0,0
111,私立,一般大學,1008,靜宜大學,碩士在職專班,男,129,25,25,2,0,0,0,12,0,0,0,0,5,0,1,5,0,0,0,0
111,私立,一般大學,1009,長庚大學,學士班(日間),女,2701,120,120,12,4,53,2,4,1,2,0,17,0,0,4,0,21,0,0,0
111,私立,一般大學,1009,長庚大學,學士班(日間),男,2535,101,101,3,6,49,11,1,0,0,2,4,0,0,2,0,23,0,0,0
111,私立,一般大學,1009,長庚大學,碩士班(日間),男,534,66,66,2,2,10,0,19,0,0,0,3,11,0,5,0,14,0,0,0
111,私立,一般大學,1009,長庚大學,碩士在職專班,男,95,33,33,0,1,1,0,22,0,1,0,1,1,0,5,0,1,0,0,0
111,私立,一般大學,1009,長庚大學,博士班,女,154,24,24,0,0,1,0,11,0,0,0,1,6,0,4,0,1,0,0,0
111,私立,一般大學,1009,長庚大學,碩士班(日間),女,610,100,100,4,3,4,0,25,1,8,0,4,15,0,12,0,24,0,0,0
111,私立,一般大學,1009,長庚大學,碩士在職專班,女,88,19,19,0,0,1,0,11,0,0,0,0,0,0,6,0,1,0,0,0
111,私立,一般大學,1009,長庚大學,博士班,男,270,42,42,1,2,1,0,14,0,1,0,5,9,0,4,0,5,0,0,0
111,私立,一般大學,1010,元智大學,博士班,女,71,8,8,0,0,1,0,1,0,0,0,0,2,0,2,0,2,0,0,0
111,私立,一般大學,1010,元智大學,碩士班(日間),女,341,20,20,0,0,2,0,7,0,0,0,0,3,0,2,0,6,0,0,0
111,私立,一般大學,1010,元智大學,碩士在職專班,女,226,41,41,1,0,0,0,25,1,1,0,2,4,0,4,0,3,0,0,0
111,私立,一般大學,1010,元智大學,學士班(日間),男,3928,111,110,2,0,35,12,8,0,0,2,4,0,0,6,1,40,1,0,1
111,私立,一般大學,1010,元智大學,學士班(日間),女,3082,78,77,9,1,19,5,9,1,0,0,5,0,0,3,1,24,1,0,1
111,私立,一般大學,1010,元智大學,博士班,男,162,27,27,1,0,1,0,9,0,0,1,2,3,0,3,0,7,0,0,0
111,私立,一般大學,1010,元智大學,碩士班(日間),男,488,34,34,0,0,2,1,5,0,0,0,1,6,0,1,0,18,0,0,0
111,私立,一般大學,1010,元智大學,碩士在職專班,男,346,62,62,0,0,0,0,47,0,2,0,0,9,0,1,0,3,0,0,0
111,私立,一般大學,1011,中華大學學校財團法人中華大學,學士班(日間),女,1133,56,54,4,4,20,2,8,2,0,0,5,0,7,1,1,0,2,0,2
111,私立,一般大學,1011,中華大學學校財團法人中華大學,博士班,女,17,8,8,1,1,0,0,2,0,1,0,1,2,0,0,0,0,0,0,0
111,私立,一般大學,1011,中華大學學校財團法人中華大學,學士班(進修),男,264,22,21,0,1,2,1,13,0,0,2,0,0,1,1,0,0,1,0,1
111,私立,一般大學,1011,中華大學學校財團法人中華大學,碩士班(日間),男,176,39,37,1,0,3,0,24,0,1,3,0,5,0,0,0,0,2,0,2
111,私立,一般大學,1011,中華大學學校財團法人中華大學,碩士在職專班,男,88,23,23,1,1,0,0,18,0,0,0,0,2,0,1,0,0,0,0,0
111,私立,一般大學,1011,中華大學學校財團法人中華大學,學士班(進修),女,141,12,11,0,0,1,0,8,0,1,0,0,0,0,1,0,0,1,0,1
111,私立,一般大學,1011,中華大學學校財團法人中華大學,碩士班(日間),女,112,23,21,1,0,2,0,12,0,2,0,0,3,1,0,0,0,2,0,2
111,私立,一般大學,1011,中華大學學校財團法人中華大學,碩士在職專班,女,46,18,18,0,0,1,0,12,0,1,0,0,4,0,0,0,0,0,0,0
111,私立,一般大學,1011,中華大學學校財團法人中華大學,學士班(日間),男,2436,154,153,9,14,48,17,29,0,1,17,6,0,8,2,2,0,1,0,1
111,私立,一般大學,1011,中華大學學校財團法人中華大學,博士班,男,48,17,17,1,0,0,0,8,0,0,0,1,6,0,1,0,0,0,0,0
111,私立,一般大學,1012,大葉大學,碩士班(日間),女,176,65,65,4,7,1,0,30,3,4,0,2,9,0,3,2,0,0,0,0
111,私立,一般大學,1012,大葉大學,碩士在職專班,女,97,35,35,3,0,0,0,19,1,2,0,0,7,0,2,1,0,0,0,0
111,私立,一般大學,1012,大葉大學,學士班(日間),男,2603,201,200,20,29,32,6,55,0,0,24,9,0,0,11,7,7,1,0,1
111,私立,一般大學,1012,大葉大學,學士班(進修),男,151,28,28,0,4,1,2,13,0,0,5,0,0,0,2,0,1,0,0,0
111,私立,一般大學,1012,大葉大學,學士班(日間),女,2114,128,128,23,26,31,4,21,2,1,0,9,0,0,8,3,0,0,0,0
111,私立,一般大學,1012,大葉大學,學士班(進修),女,137,21,21,2,3,1,0,10,0,2,0,1,0,0,2,0,0,0,0,0
111,私立,一般大學,1012,大葉大學,博士班,女,35,17,17,2,1,0,0,8,0,1,0,0,5,0,0,0,0,0,0,0
111,私立,一般大學,1012,大葉大學,博士班,男,69,56,56,2,1,0,1,33,0,2,2,1,11,0,3,0,0,0,0,0
111,私立,一般大學,1012,大葉大學,碩士班(日間),男,221,78,78,5,8,2,1,44,0,1,4,3,4,0,4,2,0,0,0,0
111,私立,一般大學,1012,大葉大學,碩士在職專班,男,91,35,35,1,0,0,0,19,0,1,0,0,7,0,5,2,0,0,0,0
111,私立,一般大學,1013,華梵學校財團法人華梵大學,博士班,女,34,8,8,2,1,0,0,0,0,0,0,0,5,0,0,0,0,0,0,0
111,私立,一般大學,1013,華梵學校財團法人華梵大學,碩士班(日間),女,105,35,35,5,0,0,2,6,0,1,0,3,12,1,3,0,2,0,0,0
111,私立,一般大學,1013,華梵學校財團法人華梵大學,碩士在職專班,女,113,28,28,5,0,0,0,9,0,1,0,0,7,0,6,0,0,0,0,0
111,私立,一般大學,1013,華梵學校財團法人華梵大學,學士班(日間),男,276,39,39,3,3,5,5,10,0,0,5,4,0,0,3,0,1,0,0,0
111,私立,一般大學,1013,華梵學校財團法人華梵大學,博士班,男,30,4,4,0,0,0,0,0,0,0,0,0,3,0,1,0,0,0,0,0
111,私立,一般大學,1013,華梵學校財團法人華梵大學,學士班(日間),女,286,33,33,11,1,1,1,12,0,0,0,1,0,0,4,1,1,0,0,0
111,私立,一般大學,1013,華梵學校財團法人華梵大學,碩士班(日間),男,76,24,24,1,1,0,3,7,0,0,3,0,7,0,2,0,0,0,0,0
111,私立,一般大學,1013,華梵學校財團法人華梵大學,碩士在職專班,男,71,20,20,3,4,0,0,7,0,0,1,0,0,0,4,0,1,0,0,0
111,私立,一般大學,1014,義守大學,學士班(進修),女,321,12,12,2,0,0,0,9,0,1,0,0,0,0,0,0,0,0,0,0
111,私立,一般大學,1014,義守大學,碩士班(日間),女,166,12,12,0,2,0,1,4,1,0,0,0,4,0,0,0,0,0,0,0
111,私立,一般大學,1014,義守大學,碩士在職專班,女,120,18,18,1,0,0,0,13,0,2,0,0,0,0,2,0,0,0,0,0
111,私立,一般大學,1014,義守大學,博士班,男,100,9,9,0,0,0,0,5,0,1,0,0,3,0,0,0,0,0,0,0
111,私立,一般大學,1014,義守大學,碩士班(日間),男,181,11,11,0,1,1,0,5,0,0,2,0,1,0,0,0,1,0,0,0
111,私立,一般大學,1014,義守大學,碩士在職專班,男,233,39,39,1,1,1,0,34,0,2,0,0,0,0,0,0,0,0,0,0
111,私立,一般大學,1014,義守大學,學士班(日間),女,5523,118,118,14,10,43,10,17,2,0,0,9,0,1,6,1,5,0,0,0
111,私立,一般大學,1014,義守大學,博士班,女,43,4,4,0,0,0,0,4,0,0,0,0,0,0,0,0,0,0,0,0
111,私立,一般大學,1014,義守大學,學士班(日間),男,5694,159,159,6,13,79,9,34,0,0,2,6,0,1,3,3,3,0,0,0
111,私立,一般大學,1014,義守大學,學士班(進修),男,560,24,23,0,0,0,0,22,0,1,0,0,0,0,0,0,0,1,0,1
111,私立,一般大學,1015,世新大學,學士班(進修),女,455,24,24,3,1,6,2,6,1,0,0,0,0,0,1,0,4,0,0,0
111,私立,一般大學,1015,世新大學,博士班,女,35,16,16,2,1,0,0,6,0,1,0,0,4,0,0,0,2,0,0,0
111,私立,一般大學,1015,世新大學,碩士班(日間),女,285,78,78,4,3,1,0,21,0,2,0,2,30,0,8,2,5,0,0,0
111,私立,一般大學,1015,世新大學,碩士在職專班,女,277,104,104,5,0,0,0,61,1,11,0,0,20,0,3,0,3,0,0,0
111,私立,一般大學,1015,世新大學,博士班,男,47,12,12,0,1,0,0,3,0,2,0,0,6,0,0,0,0,0,0,0
111,私立,一般大學,1015,世新大學,碩士班(日間),男,258,70,70,1,0,4,0,27,0,0,4,1,22,1,3,3,4,0,0,0
111,私立,一般大學,1015,世新大學,學士班(日間),女,5809,182,182,32,9,57,9,15,0,0,0,36,0,12,2,4,6,0,0,0
111,私立,一般大學,1015,世新大學,學士班(日間),男,3210,150,150,11,5,54,17,24,0,1,2,11,0,8,3,8,6,0,0,0
111,私立,一般大學,1015,世新大學,學士班(進修),男,241,10,10,1,1,2,0,4,0,0,0,0,0,0,0,1,1,0,0,0
111,私立,一般大學,1015,世新大學,碩士在職專班,男,282,98,98,4,0,0,0,64,0,7,0,1,18,0,0,0,4,0,0,0
111,私立,一般大學,1016,銘傳大學,博士班,女,35,13,13,1,0,1,0,3,0,1,0,2,4,0,1,0,0,0,0,0
111,私立,一般大學,1016,銘傳大學,碩士班(日間),女,490,71,71,2,1,4,1,33,2,4,0,2,20,0,2,0,0,0,0,0
111,私立,一般大學,1016,銘傳大學,碩士在職專班,女,428,68,68,7,0,1,0,35,0,6,0,1,12,0,6,0,0,0,0,0
111,私立,一般大學,1016,銘傳大學,碩士班(日間),男,299,52,52,2,1,2,0,14,0,1,7,2,20,0,1,2,0,0,0,0
111,私立,一般大學,1016,銘傳大學,碩士在職專班,男,317,58,58,2,0,2,0,31,0,0,0,1,19,0,3,0,0,0,0,0
111,私立,一般大學,1016,銘傳大學,學士班(日間),女,10027,413,413,69,12,110,54,66,3,1,0,44,0,9,36,4,5,0,0,0
111,私立,一般大學,1016,銘傳大學,學士班(日間),男,6628,420,420,31,6,103,91,107,0,1,18,21,0,6,28,3,5,0,0,0
111,私立,一般大學,1016,銘傳大學,博士班,男,32,10,10,3,0,1,0,1,0,0,1,0,3,0,1,0,0,0,0,0
111,私立,一般大學,1017,實踐大學,學士班(日間),女,6580,271,271,48,13,65,18,25,1,2,0,28,0,21,20,9,21,0,0,0
111,私立,一般大學,1017,實踐大學,學士班(日間),男,3316,182,182,10,12,36,21,37,0,1,10,9,0,9,10,4,23,0,0,0
111,私立,一般大學,1017,實踐大學,學士班(進修),男,473,33,33,7,1,3,2,14,0,0,0,3,0,0,1,0,2,0,0,0
111,私立,一般大學,1017,實踐大學,學士班(進修),女,1011,85,85,17,4,11,3,31,1,5,0,6,0,0,4,0,3,0,0,0
111,私立,一般大學,1017,實踐大學,博士班,女,15,0,0,0,0,0,0,0,0,0,0,0,0,0,0,0,0,0,0,0
111,私立,一般大學,1017,實踐大學,碩士班(日間),女,195,40,40,1,1,0,1,9,1,2,0,0,20,1,1,0,3,0,0,0
111,私立,一般大學,1017,實踐大學,碩士在職專班,女,84,14,14,0,1,0,0,2,1,2,0,1,6,0,0,0,1,0,0,0
111,私立,一般大學,1017,實踐大學,博士班,男,12,1,1,0,0,0,0,1,0,0,0,0,0,0,0,0,0,0,0,0
111,私立,一般大學,1017,實踐大學,碩士班(日間),男,162,41,41,0,1,0,0,10,0,1,1,2,23,1,0,0,2,0,0,0
111,私立,一般大學,1017,實踐大學,碩士在職專班,男,27,4,4,0,0,0,0,2,0,0,0,0,2,0,0,0,0,0,0,0
111,私立,技專校院,1018,朝陽科技大學,學士班(進修),女,825,64,64,6,10,6,2,29,0,4,0,1,0,2,4,0,0,0,0,0
111,私立,技專校院,1018,朝陽科技大學,博士班,女,39,5,5,0,0,0,0,4,0,1,0,0,0,0,0,0,0,0,0,0
111,私立,技專校院,1018,朝陽科技大學,碩士在職專班,女,152,36,36,2,0,1,1,11,1,6,0,2,7,0,5,0,0,0,0,0
111,私立,技專校院,1018,朝陽科技大學,博士班,男,73,14,14,1,0,0,0,8,0,0,0,0,3,0,2,0,0,0,0,0
111,私立,技專校院,1018,朝陽科技大學,碩士班(日間),男,311,42,42,1,5,8,2,12,0,0,5,0,6,0,3,0,0,0,0,0
111,私立,技專校院,1018,朝陽科技大學,學士班(日間),女,6247,210,210,26,21,61,14,36,8,9,0,19,0,5,9,2,0,0,0,0
111,私立,技專校院,1018,朝陽科技大學,碩士班(日間),女,298,48,48,2,2,2,0,14,2,6,0,2,12,0,4,1,1,0,0,0
111,私立,技專校院,1018,朝陽科技大學,學士班(日間),男,4927,200,200,16,12,64,22,47,0,2,20,4,0,4,6,3,0,0,0,0
111,私立,技專校院,1018,朝陽科技大學,學士班(進修),男,815,81,81,3,7,6,4,40,0,1,14,2,0,0,4,0,0,0,0,0
111,私立,技專校院,1018,朝陽科技大學,碩士在職專班,男,124,33,33,0,1,1,0,16,0,1,0,2,9,0,3,0,0,0,0,0
111,私立,一般大學,1019,高雄醫學大學,學士班(日間),男,2242,106,106,1,3,68,7,3,0,0,2,6,0,6,3,2,5,0,0,0
111,私立,一般大學,1019,高雄醫學大學,博士班,男,151,43,43,0,1,1,0,15,0,3,0,2,17,0,3,0,1,0,0,0
111,私立,一般大學,1019,高雄醫學大學,學士班(日間),女,3032,157,157,8,3,99,5,5,0,1,0,15,0,10,0,3,8,0,0,0
111,私立,一般大學,1019,高雄醫學大學,博士班,女,162,46,46,1,1,0,1,12,2,4,0,4,18,0,3,0,0,0,0,0
111,私立,一般大學,1019,高雄醫學大學,碩士班(日間),女,475,118,118,3,2,11,0,41,1,4,0,3,50,1,0,1,1,0,0,0
111,私立,一般大學,1019,高雄醫學大學,碩士在職專班,女,141,41,41,2,0,0,0,16,0,5,0,0,17,0,1,0,0,0,0,0
111,私立,一般大學,1019,高雄醫學大學,碩士班(日間),男,226,33,33,1,2,1,0,10,0,2,1,0,11,1,2,1,1,0,0,0
111,私立,一般大學,1019,高雄醫學大學,碩士在職專班,男,89,25,25,0,0,0,0,13,0,4,0,0,6,0,2,0,0,0,0,0
111,私立,一般大學,1020,南華大學,碩士班(日間),女,331,118,118,12,5,15,0,30,4,9,0,0,35,0,5,3,0,0,0,0
111,私立,一般大學,1020,南華大學,碩士在職專班,女,213,89,89,6,2,2,0,39,3,5,0,0,26,0,6,0,0,0,0,0
111,私立,一般大學,1020,南華大學,學士班(日間),男,1860,123,123,9,10,35,21,24,0,0,6,2,0,3,7,6,0,0,0,0
111,私立,一般大學,1020,南華大學,學士班(進修),男,180,24,24,1,1,11,2,5,0,0,1,0,0,1,0,2,0,0,0,0
111,私立,一般大學,1020,南華大學,碩士在職專班,男,130,54,54,1,0,5,0,26,0,4,0,2,12,1,2,1,0,0,0,0
111,私立,一般大學,1020,南華大學,學士班(日間),女,2074,111,111,29,7,35,4,17,0,2,0,3,0,8,4,2,0,0,0,0
111,私立,一般大學,1020,南華大學,學士班(進修),女,118,25,25,2,6,5,0,10,0,0,0,1,0,1,0,0,0,0,0,0
111,私立,一般大學,1020,南華大學,博士班,女,18,4,4,0,0,0,0,1,1,1,0,0,1,0,0,0,0,0,0,0
111,私立,一般大學,1020,南華大學,博士班,男,29,3,3,0,0,0,0,2,0,1,0,0,0,0,0,0,0,0,0,0
111,私立,一般大學,1020,南華大學,碩士班(日間),男,183,74,74,2,9,6,0,26,0,1,3,2,17,1,4,3,0,0,0,0
111,私立,一般大學,1021,真理大學,學士班(日間),女,2020,74,74,11,25,11,11,4,1,0,0,7,0,2,0,2,0,0,0,0
111,私立,一般大學,1021,真理大學,學士班(進修),女,0,1,1,0,0,0,0,0,0,0,0,1,0,0,0,0,0,0,0,0
111,私立,一般大學,1021,真理大學,碩士班(日間),女,60,8,8,1,4,0,0,1,0,0,0,1,1,0,0,0,0,0,0,0
111,私立,一般大學,1021,真理大學,碩士在職專班,女,10,2,2,0,1,0,0,1,0,0,0,0,0,0,0,0,0,0,0,0
111,私立,一般大學,1021,真理大學,碩士班(日間),男,64,17,17,1,4,0,0,0,0,0,0,0,11,0,1,0,0,0,0,0
111,私立,一般大學,1021,真理大學,碩士在職專班,男,4,1,1,0,0,0,0,1,0,0,0,0,0,0,0,0,0,0,0,0
111,私立,一般大學,1021,真理大學,學士班(日間),男,2155,104,104,9,41,15,8,16,0,0,4,6,1,4,0,0,0,0,0,0
111,私立,一般大學,1021,真理大學,學士班(進修),男,1,0,0,0,0,0,0,0,0,0,0,0,0,0,0,0,0,0,0,0
111,私立,一般大學,1022,大同大學,學士班(日間),女,1249,55,55,9,5,20,4,3,0,0,0,9,0,2,1,2,0,0,0,0
111,私立,一般大學,1022,大同大學,博士班,女,33,15,15,5,2,0,0,7,0,0,0,0,1,0,0,0,0,0,0,0
111,私立,一般大學,1022,大同大學,碩士在職專班,女,35,11,11,1,0,0,0,6,0,2,0,1,1,0,0,0,0,0,0,0
111,私立,一般大學,1022,大同大學,博士班,男,62,15,15,1,0,0,0,9,0,0,0,1,3,0,1,0,0,0,0,0
111,私立,一般大學,1022,大同大學,碩士班(日間),男,140,16,16,1,2,0,0,2,0,0,2,1,6,1,0,1,0,0,0,0
111,私立,一般大學,1022,大同大學,碩士在職專班,男,114,22,22,0,0,1,0,12,0,3,0,1,5,0,0,0,0,0,0,0
111,私立,一般大學,1022,大同大學,碩士班(日間),女,83,7,7,0,0,1,0,0,0,0,0,1,2,1,1,0,1,0,0,0
111,私立,一般大學,1022,大同大學,學士班(日間),男,2102,104,104,10,4,32,16,15,0,0,4,13,0,2,6,2,0,0,0,0
111,私立,技專校院,1023,南臺學校財團法人南臺科技大學,五專,女,53,2,2,0,0,1,0,1,0,0,0,0,0,0,0,0,0,0,0,0
111,私立,技專校院,1023,南臺學校財團法人南臺科技大學,博士班,女,26,4,4,1,0,0,0,2,0,1,0,0,0,0,0,0,0,0,0,0
111,私立,技專校院,1023,南臺學校財團法人南臺科技大學,學士班(日間),男,6801,524,524,34,49,137,11,173,0,1,75,7,0,5,7,21,4,0,0,0
111,私立,技專校院,1023,南臺學校財團法人南臺科技大學,博士班,男,53,9,9,3,0,1,0,4,0,0,0,0,0,0,1,0,0,0,0,0
111,私立,技專校院,1023,南臺學校財團法人南臺科技大學,學士班(日間),女,4917,335,335,45,42,119,4,81,4,2,0,6,0,7,10,9,6,0,0,0
111,私立,技專校院,1023,南臺學校財團法人南臺科技大學,學士班(進修),女,1060,285,285,17,30,53,3,142,10,7,2,2,0,4,8,6,1,0,0,0
111,私立,技專校院,1023,南臺學校財團法人南臺科技大學,碩士班(日間),女,317,127,127,8,21,24,0,45,3,1,0,2,8,2,8,5,0,0,0,0
111,私立,技專校院,1023,南臺學校財團法人南臺科技大學,碩士在職專班,女,161,45,45,6,3,3,0,25,2,2,0,0,2,0,1,0,1,0,0,0
111,私立,技專校院,1023,南臺學校財團法人南臺科技大學,學士班(進修),男,1773,463,463,20,34,41,4,257,0,0,87,1,0,2,5,9,3,0,0,0
111,私立,技專校院,1023,南臺學校財團法人南臺科技大學,五專,男,361,10,10,0,0,4,1,1,0,0,0,0,0,2,0,1,1,0,0,0
111,私立,技專校院,1023,南臺學校財團法人南臺科技大學,碩士班(日間),男,424,129,129,12,12,25,0,49,0,1,13,3,9,2,0,2,1,0,0,0
111,私立,技專校院,1023,南臺學校財團法人南臺科技大學,碩士在職專班,男,160,70,70,3,4,8,0,41,0,1,0,1,6,0,4,2,0,0,0,0
111,私立,技專校院,1024,崑山科技大學,二專(日間),女,9,0,0,0,0,0,0,0,0,0,0,0,0,0,0,0,0,0,0,0
111,私立,技專校院,1024,崑山科技大學,博士班,女,6,0,0,0,0,0,0,0,0,0,0,0,0,0,0,0,0,0,0,0
111,私立,技專校院,1024,崑山科技大學,碩士班(日間),女,115,21,15,0,0,0,1,10,0,2,0,0,1,0,1,0,0,6,0,6
111,私立,技專校院,1024,崑山科技大學,二專(日間),男,3,0,0,0,0,0,0,0,0,0,0,0,0,0,0,0,0,0,0,0
111,私立,技專校院,1024,崑山科技大學,二專(進修),男,1,2,2,0,0,0,0,2,0,0,0,0,0,0,0,0,0,0,0,0
111,私立,技專校院,1024,崑山科技大學,學士班(日間),男,3797,443,350,12,25,68,21,148,0,0,64,7,0,2,3,0,0,93,0,93
111,私立,技專校院,1024,崑山科技大學,學士班(日間),女,2556,197,152,15,19,36,5,68,2,1,2,1,0,2,1,0,0,45,0,45
111,私立,技專校院,1024,崑山科技大學,學士班(進修),女,788,79,46,4,3,5,2,30,0,1,0,0,0,0,0,1,0,33,0,33
111,私立,技專校院,1024,崑山科技大學,碩士在職專班,女,58,6,5,0,0,0,0,3,0,1,0,0,1,0,0,0,0,1,0,1
111,私立,技專校院,1024,崑山科技大學,學士班(進修),男,1613,220,111,1,7,18,8,53,0,0,15,1,0,2,3,2,1,109,0,109
111,私立,技專校院,1024,崑山科技大學,博士班,男,24,6,5,1,0,0,0,4,0,0,0,0,0,0,0,0,0,1,0,1
111,私立,技專校院,1024,崑山科技大學,碩士班(日間),男,192,43,34,0,0,1,2,18,0,0,8,0,5,0,0,0,0,9,0,9
111,私立,技專校院,1024,崑山科技大學,碩士在職專班,男,114,17,10,2,0,0,0,7,0,0,0,1,0,0,0,0,0,7,0,7
111,私立,技專校院,1025,嘉藥學校財團法人嘉南藥理大學,學士班(日間),女,4912,321,240,32,36,48,12,56,2,3,1,1,0,18,15,7,9,81,0,81
111,私立,技專校院,1025,嘉藥學校財團法人嘉南藥理大學,學士班(進修),女,1038,153,125,8,10,11,1,59,5,0,0,0,0,0,17,1,13,28,0,28
111,私立,技專校院,1025,嘉藥學校財團法人嘉南藥理大學,五專,女,61,0,0,0,0,0,0,0,0,0,0,0,0,0,0,0,0,0,0,0
111,私立,技專校院,1025,嘉藥學校財團法人嘉南藥理大學,學士班(日間),男,3516,296,207,11,35,27,9,45,0,1,36,7,0,9,18,2,7,89,0,89
111,私立,技專校院,1025,嘉藥學校財團法人嘉南藥理大學,五專,男,51,0,0,0,0,0,0,0,0,0,0,0,0,0,0,0,0,0,0,0
111,私立,技專校院,1025,嘉藥學校財團法人嘉南藥理大學,碩士班(日間),男,71,27,10,1,0,2,0,2,0,0,2,0,0,0,1,0,2,17,0,17
111,私立,技專校院,1025,嘉藥學校財團法人嘉南藥理大學,碩士班(日間),女,93,18,12,1,1,1,0,4,0,0,0,0,0,0,2,0,3,6,0,6
111,私立,技專校院,1025,嘉藥學校財團法人嘉南藥理大學,碩士在職專班,女,108,29,29,4,1,0,0,11,1,0,0,0,7,0,1,0,4,0,0,0
111,私立,技專校院,1025,嘉藥學校財團法人嘉南藥理大學,學士班(進修),男,682,169,110,4,4,8,3,48,0,1,19,2,0,0,8,3,10,59,0,59
111,私立,技專校院,1025,嘉藥學校財團法人嘉南藥理大學,碩士在職專班,男,84,34,28,2,0,0,0,21,0,0,0,0,3,0,0,0,2,6,0,6
111,私立,技專校院,1026,樹德科技大學,二專(進修),女,151,6,6,0,1,3,1,1,0,0,0,0,0,0,0,0,0,0,0,0
111,私立,技專校院,1026,樹德科技大學,博士班,女,17,6,6,1,1,0,0,1,0,0,0,0,3,0,0,0,0,0,0,0
111,私立,技專校院,1026,樹德科技大學,二專(進修),男,157,7,5,0,1,0,1,3,0,0,0,0,0,0,0,0,0,2,0,2
111,私立,技專校院,1026,樹德科技大學,學士班(日間),男,2892,161,150,13,38,23,13,38,0,1,17,2,0,2,3,0,0,11,0,11
111,私立,技專校院,1026,樹德科技大學,學士班(日間),女,3740,133,122,25,28,30,0,25,0,3,0,2,0,6,3,0,0,11,0,11
111,私立,技專校院,1026,樹德科技大學,學士班(進修),女,745,27,25,2,4,3,0,9,1,3,0,1,0,0,2,0,0,2,0,2
111,私立,技專校院,1026,樹德科技大學,碩士班(日間),女,146,12,12,0,2,0,0,5,0,1,0,0,3,0,1,0,0,0,0,0
111,私立,技專校院,1026,樹德科技大學,碩士在職專班,女,178,19,19,2,2,1,0,6,0,3,0,0,4,0,1,0,0,0,0,0
111,私立,技專校院,1026,樹德科技大學,學士班(進修),男,857,39,36,2,5,4,1,17,0,0,4,1,0,0,2,0,0,3,0,3
111,私立,技專校院,1026,樹德科技大學,博士班,男,16,4,4,0,0,0,0,2,0,0,0,0,2,0,0,0,0,0,0,0
111,私立,技專校院,1026,樹德科技大學,碩士班(日間),男,87,14,14,2,4,1,0,3,0,0,1,0,2,0,0,1,0,0,0,0
111,私立,技專校院,1026,樹德科技大學,碩士在職專班,男,145,18,16,0,1,0,3,5,0,1,1,0,5,0,0,0,0,2,0,2
111,私立,一般大學,1027,慈濟學校財團法人慈濟大學,學士班(日間),女,1517,41,41,2,1,12,1,1,0,0,0,4,0,5,1,0,14,0,0,0
111,私立,一般大學,1027,慈濟學校財團法人慈濟大學,博士班,女,49,9,9,0,0,0,0,2,0,0,0,0,4,0,1,0,2,0,0,0
111,私立,一般大學,1027,慈濟學校財團法人慈濟大學,碩士在職專班,男,5,3,3,0,0,0,0,2,0,0,0,0,0,0,0,0,1,0,0,0
111,私立,一般大學,1027,慈濟學校財團法人慈濟大學,碩士班(日間),女,264,65,65,1,1,0,0,6,1,3,0,2,32,0,8,1,10,0,0,0
111,私立,一般大學,1027,慈濟學校財團法人慈濟大學,碩士在職專班,女,14,9,9,0,0,0,0,1,0,0,0,0,3,0,2,0,3,0,0,0
111,私立,一般大學,1027,慈濟學校財團法人慈濟大學,學士班(日間),男,1041,31,31,2,1,11,2,1,0,0,0,2,0,0,1,0,11,0,0,0
111,私立,一般大學,1027,慈濟學校財團法人慈濟大學,博士班,男,48,8,8,0,1,0,0,1,0,0,0,0,4,0,1,0,1,0,0,0
111,私立,一般大學,1027,慈濟學校財團法人慈濟大學,碩士班(日間),男,119,30,30,0,1,0,0,2,0,0,2,1,11,0,4,1,8,0,0,0
111,私立,一般大學,1028,臺北醫學大學,碩士班(日間),女,471,44,44,1,1,3,0,10,0,2,0,1,12,0,12,1,1,0,0,0
111,私立,一般大學,1028,臺北醫學大學,碩士在職專班,女,208,52,52,1,2,2,0,10,3,5,0,0,22,0,6,0,1,0,0,0
111,私立,一般大學,1028,臺北醫學大學,學士班(日間),男,1909,111,111,6,3,73,3,6,0,0,0,6,0,1,6,0,7,0,0,0
111,私立,一般大學,1028,臺北醫學大學,學士班(日間),女,2634,185,185,11,5,125,3,4,1,4,0,18,0,3,7,0,4,0,0,0
111,私立,一般大學,1028,臺北醫學大學,博士班,女,288,26,26,1,0,0,0,6,0,2,0,0,11,0,6,0,0,0,0,0
111,私立,一般大學,1028,臺北醫學大學,博士班,男,324,33,33,0,1,0,0,10,0,1,0,2,13,0,6,0,0,0,0,0
111,私立,一般大學,1028,臺北醫學大學,碩士班(日間),男,228,32,32,2,2,2,0,11,0,1,0,1,3,2,4,1,3,0,0,0
111,私立,一般大學,1028,臺北醫學大學,碩士在職專班,男,92,16,16,0,0,0,0,11,0,1,0,0,2,0,2,0,0,0,0,0
111,私立,一般大學,1029,中山醫學大學,學士班(進修),女,73,3,3,0,0,1,0,1,0,0,0,0,0,0,1,0,0,0,0,0
111,私立,一般大學,1029,中山醫學大學,碩士班(日間),女,360,80,80,1,1,4,0,17,3,7,0,1,37,3,0,3,3,0,0,0
111,私立,一般大學,1029,中山醫學大學,碩士在職專班,女,138,25,25,3,0,2,0,8,0,0,0,0,12,0,0,0,0,0,0,0
111,私立,一般大學,1029,中山醫學大學,學士班(進修),男,40,1,1,0,0,0,0,1,0,0,0,0,0,0,0,0,0,0,0,0
111,私立,一般大學,1029,中山醫學大學,博士班,男,106,13,13,5,0,0,0,3,0,0,0,0,5,0,0,0,0,0,0,0
111,私立,一般大學,1029,中山醫學大學,學士班(日間),女,3858,162,162,12,4,120,3,5,0,1,0,10,0,4,0,2,1,0,0,0
111,私立,一般大學,1029,中山醫學大學,博士班,女,75,12,12,1,0,0,0,8,0,0,0,0,2,0,1,0,0,0,0,0
111,私立,一般大學,1029,中山醫學大學,學士班(日間),男,2125,105,104,2,2,73,5,4,0,0,0,6,0,4,3,3,2,1,0,1
111,私立,一般大學,1029,中山醫學大學,碩士班(日間),男,177,28,28,0,1,1,1,9,0,1,0,1,9,2,2,1,0,0,0,0
111,私立,一般大學,1029,中山醫學大學,碩士在職專班,男,30,5,5,1,0,0,0,2,0,0,0,0,2,0,0,0,0,0,0,0
111,私立,技專校院,1030,龍華科技大學,學士班(日間),女,2407,124,124,12,25,43,6,12,4,0,0,0,0,1,19,0,2,0,0,0
111,私立,技專校院,1030,龍華科技大學,學士班(進修),女,651,44,44,4,4,1,0,29,0,1,0,0,0,1,0,0,4,0,0,0
111,私立,技專校院,1030,龍華科技大學,碩士在職專班,女,31,3,3,0,0,0,0,2,0,0,0,0,0,0,1,0,0,0,0,0
111,私立,技專校院,1030,龍華科技大學,碩士班(日間),男,243,39,39,0,3,5,2,15,0,0,2,0,12,0,0,0,0,0,0,0
111,私立,技專校院,1030,龍華科技大學,碩士在職專班,男,91,14,14,0,1,0,0,11,0,0,0,0,1,0,1,0,0,0,0,0
111,私立,技專校院,1030,龍華科技大學,五專,女,81,3,3,0,0,2,0,0,0,0,0,0,0,0,1,0,0,0,0,0
111,私立,技專校院,1030,龍華科技大學,碩士班(日間),女,116,21,21,2,1,6,0,7,2,0,0,0,2,1,0,0,0,0,0,0
111,私立,技專校院,1030,龍華科技大學,學士班(日間),男,5158,234,234,11,31,81,12,41,0,0,20,0,0,5,30,0,3,0,0,0
111,私立,技專校院,1030,龍華科技大學,學士班(進修),男,2200,143,142,11,11,19,5,66,0,0,18,0,0,0,3,0,9,1,0,1
111,私立,技專校院,1030,龍華科技大學,五專,男,742,26,26,1,2,13,7,2,0,0,0,0,0,0,0,1,0,0,0,0
111,私立,技專校院,1031,輔英科技大學,學士班(日間),女,3335,179,179,23,34,44,12,25,5,5,1,3,0,9,9,6,3,0,0,0
111,私立,技專校院,1031,輔英科技大學,五專,女,2324,81,81,9,3,47,12,1,0,1,0,1,0,4,0,1,2,0,0,0
111,私立,技專校院,1031,輔英科技大學,學士班(日間),男,1510,110,110,7,18,28,11,21,0,0,14,2,0,1,5,3,0,0,0,0
111,私立,技專校院,1031,輔英科技大學,學士班(進修),男,528,70,70,1,6,5,0,50,0,1,2,0,0,0,1,1,3,0,0,0
111,私立,技專校院,1031,輔英科技大學,五專,男,328,11,11,2,0,6,0,0,0,0,2,0,0,1,0,0,0,0,0,0
111,私立,技專校院,1031,輔英科技大學,碩士在職專班,男,2,0,0,0,0,0,0,0,0,0,0,0,0,0,0,0,0,0,0,0
111,私立,技專校院,1031,輔英科技大學,學士班(進修),女,840,83,83,5,3,21,0,41,1,3,0,0,0,0,1,6,2,0,0,0
111,私立,技專校院,1031,輔英科技大學,碩士班(日間),女,123,45,45,4,1,2,0,19,0,2,0,0,11,0,5,0,1,0,0,0
111,私立,技專校院,1031,輔英科技大學,碩士在職專班,女,77,32,32,8,0,0,1,7,0,1,0,0,14,0,0,1,0,0,0,0
111,私立,技專校院,1031,輔英科技大學,碩士班(日間),男,31,22,22,1,4,0,0,10,0,0,3,0,1,0,3,0,0,0,0,0
111,私立,技專校院,1032,明新學校財團法人明新科技大學,二專(日間),女,2,0,0,0,0,0,0,0,0,0,0,0,0,0,0,0,0,0,0,0
111,私立,技專校院,1032,明新學校財團法人明新科技大學,二專(進修),女,72,6,6,1,1,0,0,4,0,0,0,0,0,0,0,0,0,0,0,0
111,私立,技專校院,1032,明新學校財團法人明新科技大學,學士班(日間),女,2630,172,138,12,12,41,9,26,10,1,2,5,0,9,10,1,0,34,0,34
111,私立,技專校院,1032,明新學校財團法人明新科技大學,二專(日間),男,21,0,0,0,0,0,0,0,0,0,0,0,0,0,0,0,0,0,0,0
111,私立,技專校院,1032,明新學校財團法人明新科技大學,碩士班(日間),男,197,29,21,1,2,2,0,4,0,0,2,0,8,0,2,0,0,8,0,8
111,私立,技專校院,1032,明新學校財團法人明新科技大學,碩士在職專班,男,199,40,24,0,0,0,0,22,0,0,0,0,0,0,2,0,0,16,0,16
111,私立,技專校院,1032,明新學校財團法人明新科技大學,學士班(進修),女,1213,100,75,6,6,5,0,48,5,2,0,0,0,2,1,0,0,25,0,25
111,私立,技專校院,1032,明新學校財團法人明新科技大學,碩士班(日間),女,146,14,11,0,2,0,0,4,1,0,0,0,3,0,0,1,0,3,0,3
111,私立,技專校院,1032,明新學校財團法人明新科技大學,碩士在職專班,女,105,11,10,0,0,0,0,9,1,0,0,0,0,0,0,0,0,1,0,1
111,私立,技專校院,1032,明新學校財團法人明新科技大學,二專(進修),男,135,23,12,1,0,1,0,7,0,0,3,0,0,0,0,0,0,11,0,11
111,私立,技專校院,1032,明新學校財團法人明新科技大學,學士班(日間),男,3932,301,224,8,16,58,26,49,0,0,42,2,0,11,7,5,0,77,0,77
111,私立,技專校院,1032,明新學校財團法人明新科技大學,學士班(進修),男,1904,203,148,4,8,8,1,101,0,0,23,0,0,0,3,0,0,55,0,55
111,私立,一般大學,1033,長榮大學,學士班(日間),女,3239,101,101,15,10,43,0,11,2,1,2,3,0,9,3,2,0,0,0,0
111,私立,一般大學,1033,長榮大學,碩士班(日間),女,146,39,39,2,1,6,0,11,0,1,0,2,13,0,3,0,0,0,0,0
111,私立,一般大學,1033,長榮大學,學士班(進修),男,194,17,17,2,2,2,0,5,0,0,1,1,0,1,1,2,0,0,0,0
111,私立,一般大學,1033,長榮大學,碩士班(日間),男,98,25,25,1,0,2,0,10,0,1,2,1,4,1,1,2,0,0,0,0
111,私立,一般大學,1033,長榮大學,碩士在職專班,男,56,7,7,1,0,1,0,5,0,0,0,0,0,0,0,0,0,0,0,0
111,私立,一般大學,1033,長榮大學,學士班(進修),女,66,9,9,0,3,2,0,3,0,0,0,1,0,0,0,0,0,0,0,0
111,私立,一般大學,1033,長榮大學,博士班,女,14,1,1,0,0,0,0,0,0,1,0,0,0,0,0,0,0,0,0,0
111,私立,一般大學,1033,長榮大學,碩士在職專班,女,40,8,8,1,0,0,0,4,1,1,0,1,0,0,0,0,0,0,0,0
111,私立,一般大學,1033,長榮大學,學士班(日間),男,2894,128,128,11,12,48,0,19,0,0,11,3,1,11,1,7,4,0,0,0
111,私立,一般大學,1033,長榮大學,博士班,男,36,7,7,0,0,1,0,3,0,1,1,1,0,0,0,0,0,0,0,0
111,私立,技專校院,1034,弘光科技大學,二專(日間),女,6,0,0,0,0,0,0,0,0,0,0,0,0,0,0,0,0,0,0,0
111,私立,技專校院,1034,弘光科技大學,二專(進修),女,108,22,22,1,0,0,0,16,0,1,0,2,0,0,0,0,2,0,0,0
111,私立,技專校院,1034,弘光科技大學,學士班(日間),女,5171,293,293,33,46,78,4,67,7,12,0,8,0,17,7,5,9,0,0,0
111,私立,技專校院,1034,弘光科技大學,博士班,女,14,3,3,0,0,0,0,2,0,0,0,0,1,0,0,0,0,0,0,0
111,私立,技專校院,1034,弘光科技大學,二專(日間),男,5,1,1,0,0,0,0,0,0,0,0,1,0,0,0,0,0,0,0,0
111,私立,技專校院,1034,弘光科技大學,二專(進修),男,14,10,10,0,1,0,0,7,0,0,1,0,0,0,0,0,1,0,0,0
111,私立,技專校院,1034,弘光科技大學,學士班(日間),男,2511,160,160,7,20,46,7,49,0,0,7,4,0,7,2,5,6,0,0,0
111,私立,技專校院,1034,弘光科技大學,五專,男,31,0,0,0,0,0,0,0,0,0,0,0,0,0,0,0,0,0,0,0
111,私立,技專校院,1034,弘光科技大學,碩士在職專班,男,32,8,8,1,2,0,0,1,0,0,2,0,1,0,1,0,0,0,0,0
111,私立,技專校院,1034,弘光科技大學,學士班(進修),女,2295,266,266,27,36,23,6,113,10,12,0,3,0,15,14,2,5,0,0,0
111,私立,技專校院,1034,弘光科技大學,五專,女,235,4,4,0,0,4,0,0,0,0,0,0,0,0,0,0,0,0,0,0
111,私立,技專校院,1034,弘光科技大學,碩士班(日間),女,136,53,53,4,6,4,0,20,1,4,0,0,13,0,1,0,0,0,0,0
111,私立,技專校院,1034,弘光科技大學,碩士在職專班,女,70,25,25,1,2,0,0,10,0,6,0,0,3,0,3,0,0,0,0,0
111,私立,技專校院,1034,弘光科技大學,學士班(進修),男,1429,203,203,13,21,19,6,98,0,3,27,1,0,2,6,1,6,0,0,0
111,私立,技專校院,1034,弘光科技大學,博士班,男,1,0,0,0,0,0,0,0,0,0,0,0,0,0,0,0,0,0,0,0
111,私立,技專校院,1034,弘光科技大學,碩士班(日間),男,48,13,13,0,0,1,0,7,0,1,0,0,2,0,2,0,0,0,0,0
111,私立,一般大學,1035,中國醫藥大學,學士班(日間),女,3627,183,176,10,1,67,0,3,2,2,0,15,0,0,7,8,61,7,0,7
111,私立,一般大學,1035,中國醫藥大學,博士班,女,182,39,38,0,0,1,0,7,1,4,0,0,10,0,3,2,10,1,0,1
111,私立,一般大學,1035,中國醫藥大學,碩士班(日間),男,183,29,24,0,1,0,0,6,0,3,0,2,2,0,2,1,7,5,0,5
111,私立,一般大學,1035,中國醫藥大學,碩士在職專班,男,18,4,4,0,0,0,0,1,0,0,0,0,0,0,1,0,2,0,0,0
111,私立,一般大學,1035,中國醫藥大學,碩士班(日間),女,318,82,81,7,1,9,0,15,1,6,0,0,13,0,4,4,21,1,0,1
111,私立,一般大學,1035,中國醫藥大學,碩士在職專班,女,65,31,29,2,2,0,0,5,1,4,0,1,8,1,1,0,4,2,0,2
111,私立,一般大學,1035,中國醫藥大學,學士班(日間),男,2677,123,123,7,2,51,1,2,0,0,5,3,0,2,2,5,43,0,0,0
111,私立,一般大學,1035,中國醫藥大學,博士班,男,230,61,58,1,0,0,0,14,0,3,0,3,8,0,10,1,18,3,0,3
111,私立,技專校院,1036,健行學校財團法人健行科技大學,學士班(進修),女,1476,178,178,11,25,11,7,87,14,2,0,3,0,2,15,0,1,0,0,0
111,私立,技專校院,1036,健行學校財團法人健行科技大學,碩士班(日間),女,142,13,13,2,0,1,1,2,3,1,0,0,0,1,2,0,0,0,0,0
111,私立,技專校院,1036,健行學校財團法人健行科技大學,碩士在職專班,女,16,0,0,0,0,0,0,0,0,0,0,0,0,0,0,0,0,0,0,0
111,私立,技專校院,1036,健行學校財團法人健行科技大學,學士班(日間),男,3834,173,173,8,17,50,15,42,0,1,35,0,0,0,5,0,0,0,0,0
111,私立,技專校院,1036,健行學校財團法人健行科技大學,學士班(進修),男,2318,341,341,12,34,22,12,197,0,6,32,4,0,6,14,1,1,0,0,0
111,私立,技專校院,1036,健行學校財團法人健行科技大學,碩士班(日間),男,205,21,21,1,2,1,5,8,0,0,1,1,1,0,1,0,0,0,0,0
111,私立,技專校院,1036,健行學校財團法人健行科技大學,學士班(日間),女,2081,100,100,12,14,30,9,18,3,0,0,1,0,1,10,0,2,0,0,0
111,私立,技專校院,1036,健行學校財團法人健行科技大學,碩士在職專班,男,20,2,2,1,0,0,0,1,0,0,0,0,0,0,0,0,0,0,0,0
111,私立,技專校院,1037,正修學校財團法人正修科技大學,碩士班(日間),女,169,33,20,3,0,0,0,11,0,0,0,0,2,0,4,0,0,13,0,13
111,私立,技專校院,1037,正修學校財團法人正修科技大學,碩士在職專班,女,68,12,12,1,0,0,0,0,0,0,0,0,5,0,2,0,4,0,0,0
111,私立,技專校院,1037,正修學校財團法人正修科技大學,二專(進修),男,493,111,111,3,3,5,30,24,0,0,5,1,0,0,2,0,38,0,0,0
111,私立,技專校院,1037,正修學校財團法人正修科技大學,學士班(日間),男,5236,415,320,12,55,96,4,78,0,0,35,8,0,16,7,9,0,95,0,95
111,私立,技專校院,1037,正修學校財團法人正修科技大學,學士班(進修),男,4111,655,655,12,19,53,22,207,0,0,27,5,0,23,10,5,272,0,0,0
111,私立,技專校院,1037,正修學校財團法人正修科技大學,博士班,男,14,0,0,0,0,0,0,0,0,0,0,0,0,0,0,0,0,0,0,0
111,私立,技專校院,1037,正修學校財團法人正修科技大學,二專(進修),女,334,72,72,3,1,3,14,17,0,2,0,2,0,0,4,0,26,0,0,0
111,私立,技專校院,1037,正修學校財團法人正修科技大學,學士班(日間),女,2865,246,203,20,46,55,0,43,4,1,0,5,0,12,15,2,0,43,0,43
111,私立,技專校院,1037,正修學校財團法人正修科技大學,學士班(進修),女,2792,410,410,19,24,31,12,163,11,3,1,3,0,17,11,1,114,0,0,0
111,私立,技專校院,1037,正修學校財團法人正修科技大學,五專,女,83,2,2,1,0,1,0,0,0,0,0,0,0,0,0,0,0,0,0,0
111,私立,技專校院,1037,正修學校財團法人正修科技大學,五專,男,257,17,15,1,1,6,1,3,0,0,0,0,0,2,1,0,0,2,2,0
111,私立,技專校院,1037,正修學校財團法人正修科技大學,碩士班(日間),男,208,39,27,1,5,0,0,8,0,0,2,1,8,1,0,1,0,12,0,12
111,私立,技專校院,1037,正修學校財團法人正修科技大學,碩士在職專班,男,137,38,38,1,1,0,1,10,0,0,0,0,17,0,2,1,5,0,0,0
111,私立,技專校院,1038,萬能學校財團法人萬能科技大學,碩士班(日間),女,70,9,9,2,2,0,0,5,0,0,0,0,0,0,0,0,0,0,0,0
111,私立,技專校院,1038,萬能學校財團法人萬能科技大學,碩士在職專班,女,73,2,2,0,1,0,0,1,0,0,0,0,0,0,0,0,0,0,0,0
111,私立,技專校院,1038,萬能學校財團法人萬能科技大學,學士班(進修),男,1478,68,68,2,10,3,1,35,0,0,15,1,0,0,1,0,0,0,0,0
111,私立,技專校院,1038,萬能學校財團法人萬能科技大學,碩士班(日間),男,77,11,11,1,2,0,0,5,0,1,2,0,0,0,0,0,0,0,0,0
111,私立,技專校院,1038,萬能學校財團法人萬能科技大學,碩士在職專班,男,73,3,3,0,0,0,0,2,0,0,1,0,0,0,0,0,0,0,0,0
111,私立,技專校院,1038,萬能學校財團法人萬能科技大學,二專(進修),女,6,1,1,0,1,0,0,0,0,0,0,0,0,0,0,0,0,0,0,0
111,私立,技專校院,1038,萬能學校財團法人萬能科技大學,學士班(日間),女,2383,174,174,18,61,30,4,36,4,0,1,3,0,10,5,2,0,0,0,0
111,私立,技專校院,1038,萬能學校財團法人萬能科技大學,學士班(進修),女,1134,61,61,2,15,3,0,36,0,1,0,1,0,1,2,0,0,0,0,0
111,私立,技專校院,1038,萬能學校財團法人萬能科技大學,學士班(日間),男,2929,189,189,14,51,40,10,45,0,0,13,1,0,9,4,1,1,0,0,0
111,私立,一般大學,1039,玄奘大學,學士班(日間),女,815,72,63,9,11,5,5,11,1,1,0,1,0,4,4,2,9,9,0,9
111,私立,一般大學,1039,玄奘大學,碩士在職專班,女,105,31,29,2,3,0,0,18,0,1,0,0,3,0,1,0,1,2,0,2
111,私立,一般大學,1039,玄奘大學,學士班(日間),男,561,69,56,4,10,6,5,14,0,0,5,1,0,3,1,0,7,13,0,13
111,私立,一般大學,1039,玄奘大學,學士班(進修),男,5,2,1,0,0,0,0,0,0,0,0,0,0,0,0,0,1,1,0,1
111,私立,一般大學,1039,玄奘大學,學士班(進修),女,14,2,2,0,0,0,0,1,0,0,0,0,0,0,0,0,1,0,0,0
111,私立,一般大學,1039,玄奘大學,碩士班(日間),女,169,63,60,2,6,0,0,19,1,1,0,1,19,1,4,0,6,3,0,3
111,私立,一般大學,1039,玄奘大學,碩士班(日間),男,92,39,33,0,3,2,0,10,0,2,0,1,10,2,1,0,2,6,0,6
111,私立,一般大學,1039,玄奘大學,碩士在職專班,男,44,16,12,1,0,0,0,5,0,0,0,2,3,0,1,0,0,4,0,4
111,私立,技專校院,1040,建國科技大學,二專(日間),女,1,0,0,0,0,0,0,0,0,0,0,0,0,0,0,0,0,0,0,0
111,私立,技專校院,1040,建國科技大學,二專(進修),女,18,3,3,0,0,0,0,2,1,0,0,0,0,0,0,0,0,0,0,0
111,私立,技專校院,1040,建國科技大學,學士班(日間),女,838,34,34,5,5,5,3,6,2,0,0,0,0,7,1,0,0,0,0,0
111,私立,技專校院,1040,建國科技大學,二專(日間),男,8,0,0,0,0,0,0,0,0,0,0,0,0,0,0,0,0,0,0,0
111,私立,技專校院,1040,建國科技大學,二專(進修),男,30,4,4,0,0,0,0,3,0,0,1,0,0,0,0,0,0,0,0,0
111,私立,技專校院,1040,建國科技大學,學士班(日間),男,1841,86,83,6,4,13,8,35,0,0,10,0,0,3,4,0,0,3,0,3
111,私立,技專校院,1040,建國科技大學,學士班(進修),男,1405,79,79,2,3,11,6,35,0,0,16,3,0,0,2,1,0,0,0,0
111,私立,技專校院,1040,建國科技大學,學士班(進修),女,523,28,28,1,2,2,0,17,0,2,0,1,0,1,0,0,2,0,0,0
111,私立,技專校院,1040,建國科技大學,碩士班(日間),女,55,4,4,1,0,0,0,1,0,0,0,0,1,1,0,0,0,0,0,0
111,私立,技專校院,1040,建國科技大學,碩士班(日間),男,77,4,4,0,0,0,0,2,0,1,0,0,1,0,0,0,0,0,0,0
111,私立,技專校院,1041,明志科技大學,學士班(進修),女,7,0,0,0,0,0,0,0,0,0,0,0,0,0,0,0,0,0,0,0
111,私立,技專校院,1041,明志科技大學,碩士班(日間),女,116,3,3,0,0,0,0,0,0,1,0,0,1,0,1,0,0,0,0,0
111,私立,技專校院,1041,明志科技大學,碩士在職專班,女,5,0,0,0,0,0,0,0,0,0,0,0,0,0,0,0,0,0,0,0
111,私立,技專校院,1041,明志科技大學,學士班(進修),男,191,10,10,3,1,0,1,2,0,0,1,0,0,0,0,0,2,0,0,0
111,私立,技專校院,1041,明志科技大學,博士班,男,34,3,3,0,1,0,0,2,0,0,0,0,0,0,0,0,0,0,0,0
111,私立,技專校院,1041,明志科技大學,碩士班(日間),男,363,20,20,2,1,1,0,11,0,0,3,0,1,0,1,0,0,0,0,0
111,私立,技專校院,1041,明志科技大學,碩士在職專班,男,17,0,0,0,0,0,0,0,0,0,0,0,0,0,0,0,0,0,0,0
111,私立,技專校院,1041,明志科技大學,學士班(日間),女,1021,16,16,2,0,7,1,4,0,0,0,0,0,2,0,0,0,0,0,0
111,私立,技專校院,1041,明志科技大學,博士班,女,13,1,1,0,0,0,0,1,0,0,0,0,0,0,0,0,0,0,0,0
111,私立,技專校院,1041,明志科技大學,學士班(日間),男,2577,58,58,6,4,20,7,9,0,0,6,3,0,2,0,1,0,0,0,0
111,私立,技專校院,1042,台鋼學校財團法人台鋼科技大學,二專(進修),女,30,3,3,0,0,1,0,2,0,0,0,0,0,0,0,0,0,0,0,0
111,私立,技專校院,1042,台鋼學校財團法人台鋼科技大學,學士班(日間),女,460,4,4,2,1,0,0,0,0,0,0,0,0,1,0,0,0,0,0,0
111,私立,技專校院,1042,台鋼學校財團法人台鋼科技大學,五專,女,1,0,0,0,0,0,0,0,0,0,0,0,0,0,0,0,0,0,0,0
111,私立,技專校院,1042,台鋼學校財團法人台鋼科技大學,二專(進修),男,29,23,23,0,0,0,0,21,0,1,1,0,0,0,0,0,0,0,0,0
111,私立,技專校院,1042,台鋼學校財團法人台鋼科技大學,學士班(日間),男,672,11,11,0,0,2,2,2,0,0,1,0,0,1,1,0,2,0,0,0
111,私立,技專校院,1042,台鋼學校財團法人台鋼科技大學,學士班(進修),男,531,68,68,2,0,1,1,58,0,0,5,0,0,0,1,0,0,0,0,0
111,私立,技專校院,1042,台鋼學校財團法人台鋼科技大學,學士班(進修),女,175,13,13,0,0,3,0,10,0,0,0,0,0,0,0,0,0,0,0,0
111,私立,技專校院,1042,台鋼學校財團法人台鋼科技大學,碩士班(日間),女,33,5,5,0,0,0,0,3,0,0,0,0,0,0,2,0,0,0,0,0
111,私立,技專校院,1042,台鋼學校財團法人台鋼科技大學,碩士在職專班,女,26,3,3,0,0,0,0,2,0,0,0,0,0,0,1,0,0,0,0,0
111,私立,技專校院,1042,台鋼學校財團法人台鋼科技大學,五專,男,7,0,0,0,0,0,0,0,0,0,0,0,0,0,0,0,0,0,0,0
111,私立,技專校院,1042,台鋼學校財團法人台鋼科技大學,碩士班(日間),男,57,8,8,0,2,0,0,4,0,0,0,0,0,0,2,0,0,0,0,0
111,私立,技專校院,1042,台鋼學校財團法人台鋼科技大學,碩士在職專班,男,84,12,12,0,1,1,0,10,0,0,0,0,0,0,0,0,0,0,0,0
111,私立,技專校院,1043,大仁科技大學,二專(進修),女,40,3,2,0,1,0,0,1,0,0,0,0,0,0,0,0,0,1,0,1
111,私立,技專校院,1043,大仁科技大學,學士班(日間),女,1453,261,173,10,27,87,2,18,6,1,0,4,0,4,5,9,0,88,0,88
111,私立,技專校院,1043,大仁科技大學,二專(進修),男,49,3,1,0,0,0,0,1,0,0,0,0,0,0,0,0,0,2,0,2
111,私立,技專校院,1043,大仁科技大學,學士班(日間),男,1314,374,249,10,44,106,11,28,0,0,22,4,0,4,5,15,0,125,0,125
111,私立,技專校院,1043,大仁科技大學,學士班(進修),男,529,38,36,3,3,0,0,25,0,0,3,1,0,0,1,0,0,2,0,2
111,私立,技專校院,1043,大仁科技大學,學士班(進修),女,913,40,38,5,0,1,0,25,1,1,0,0,0,0,4,1,0,2,0,2
111,私立,技專校院,1043,大仁科技大學,碩士班(日間),女,49,35,31,7,2,2,0,11,0,1,0,0,7,0,0,1,0,4,0,4
111,私立,技專校院,1043,大仁科技大學,碩士在職專班,女,63,12,12,0,0,0,0,4,0,1,0,0,6,0,1,0,0,0,0,0
111,私立,技專校院,1043,大仁科技大學,碩士班(日間),男,35,24,16,0,0,3,0,6,0,0,1,0,2,1,2,1,0,8,0,8
111,私立,技專校院,1043,大仁科技大學,碩士在職專班,男,77,5,5,1,0,0,0,1,0,0,0,0,3,0,0,0,0,0,0,0
111,私立,技專校院,1044,聖約翰科技大學,學士班(進修),女,31,3,3,0,0,1,0,2,0,0,0,0,0,0,0,0,0,0,0,0
111,私立,技專校院,1044,聖約翰科技大學,五專,女,19,3,2,0,0,1,0,1,0,0,0,0,0,0,0,0,0,1,0,1
111,私立,技專校院,1044,聖約翰科技大學,碩士在職專班,女,18,5,4,0,0,0,0,0,1,0,0,0,2,0,1,0,0,1,0,1
111,私立,技專校院,1044,聖約翰科技大學,二專(進修),男,33,2,2,0,0,1,0,1,0,0,0,0,0,0,0,0,0,0,0,0
111,私立,技專校院,1044,聖約翰科技大學,學士班(日間),男,381,47,37,2,4,5,3,11,0,1,4,0,0,1,3,0,3,10,3,7
111,私立,技專校院,1044,聖約翰科技大學,二專(進修),女,16,1,1,0,0,0,0,1,0,0,0,0,0,0,0,0,0,0,0,0
111,私立,技專校院,1044,聖約翰科技大學,學士班(日間),女,213,22,18,1,2,1,2,8,0,0,0,1,0,2,1,0,0,4,1,3
111,私立,技專校院,1044,聖約翰科技大學,碩士班(日間),女,17,4,4,0,0,0,0,0,1,1,0,0,2,0,0,0,0,0,0,0
111,私立,技專校院,1044,聖約翰科技大學,學士班(進修),男,207,24,19,0,0,2,0,14,0,0,2,0,0,0,0,1,0,5,1,4
111,私立,技專校院,1044,聖約翰科技大學,五專,男,79,4,4,0,0,1,0,1,0,0,2,0,0,0,0,0,0,0,0,0
111,私立,技專校院,1044,聖約翰科技大學,碩士班(日間),男,54,15,13,0,0,1,0,7,0,0,1,0,4,0,0,0,0,2,0,2
111,私立,技專校院,1044,聖約翰科技大學,碩士在職專班,男,51,19,18,0,1,0,0,9,0,0,0,0,8,0,0,0,0,1,0,1
111,私立,技專校院,1045,嶺東科技大學,學士班(日間),女,4143,141,141,15,27,33,22,30,5,2,0,4,0,0,3,0,0,0,0,0
111,私立,技專校院,1045,嶺東科技大學,學士班(日間),男,2467,108,108,12,17,33,2,24,0,0,11,6,0,1,1,1,0,0,0,0
111,私立,技專校院,1045,嶺東科技大學,學士班(進修),男,1314,124,124,3,10,11,0,66,0,0,32,1,0,0,1,0,0,0,0,0
111,私立,技專校院,1045,嶺東科技大學,碩士在職專班,男,82,19,19,0,1,0,0,18,0,0,0,0,0,0,0,0,0,0,0,0
111,私立,技專校院,1045,嶺東科技大學,學士班(進修),女,1169,100,100,7,14,5,0,67,1,2,0,3,0,1,0,0,0,0,0,0
111,私立,技專校院,1045,嶺東科技大學,碩士班(日間),女,122,30,30,1,2,1,0,12,0,0,0,0,10,0,3,0,1,0,0,0
111,私立,技專校院,1045,嶺東科技大學,碩士在職專班,女,72,13,13,1,0,0,0,9,1,0,0,1,0,0,1,0,0,0,0,0
111,私立,技專校院,1045,嶺東科技大學,碩士班(日間),男,97,29,29,0,2,2,0,12,0,0,7,0,2,0,2,1,1,0,0,0
111,私立,技專校院,1046,中國科技大學,學士班(進修),女,734,49,49,2,2,2,3,29,2,2,0,0,0,0,7,0,0,0,0,0
111,私立,技專校院,1046,中國科技大學,碩士班(日間),女,81,17,17,1,0,1,0,9,0,0,0,4,1,0,1,0,0,0,0,0
111,私立,技專校院,1046,中國科技大學,碩士在職專班,女,24,3,3,0,0,0,0,3,0,0,0,0,0,0,0,0,0,0,0,0
111,私立,技專校院,1046,中國科技大學,學士班(進修),男,916,108,108,2,6,12,2,73,0,0,2,1,0,4,5,1,0,0,0,0
111,私立,技專校院,1046,中國科技大學,碩士班(日間),男,104,21,21,1,0,1,0,11,0,1,0,1,6,0,0,0,0,0,0,0
111,私立,技專校院,1046,中國科技大學,碩士在職專班,男,36,8,8,0,0,0,0,7,0,0,1,0,0,0,0,0,0,0,0,0
111,私立,技專校院,1046,中國科技大學,二專(進修),女,148,23,23,4,0,1,2,12,3,0,0,0,0,1,0,0,0,0,0,0
111,私立,技專校院,1046,中國科技大學,學士班(日間),女,2890,158,158,9,12,51,6,45,1,4,0,2,0,17,6,2,3,0,0,0
111,私立,技專校院,1046,中國科技大學,二專(進修),男,159,20,20,2,0,0,1,15,0,0,1,0,0,1,0,0,0,0,0,0
111,私立,技專校院,1046,中國科技大學,學士班(日間),男,2526,147,147,6,13,40,11,33,0,0,15,5,0,14,3,0,7,0,0,0
111,私立,技專校院,1047,中臺科技大學,博士班,女,4,0,0,0,0,0,0,0,0,0,0,0,0,0,0,0,0,0,0,0
111,私立,技專校院,1047,中臺科技大學,碩士班(日間),女,84,16,14,1,0,0,0,7,0,0,0,0,3,0,2,1,0,2,0,2
111,私立,技專校院,1047,中臺科技大學,碩士在職專班,女,216,61,39,2,2,1,1,6,0,13,10,0,0,0,3,0,1,22,0,22
111,私立,技專校院,1047,中臺科技大學,學士班(進修),男,587,159,64,3,3,8,5,33,0,1,6,1,0,1,1,1,1,95,0,95
111,私立,技專校院,1047,中臺科技大學,博士班,男,4,2,2,0,0,0,0,1,0,1,0,0,0,0,0,0,0,0,0,0
111,私立,技專校院,1047,中臺科技大學,碩士在職專班,男,55,19,7,0,0,0,0,3,0,1,2,1,0,0,0,0,0,12,0,12
111,私立,技專校院,1047,中臺科技大學,二專(日間),女,9,0,0,0,0,0,0,0,0,0,0,0,0,0,0,0,0,0,0,0
111,私立,技專校院,1047,中臺科技大學,學士班(日間),女,2645,241,170,12,27,67,10,28,2,5,0,2,0,5,4,8,0,71,0,71
111,私立,技專校院,1047,中臺科技大學,學士班(進修),女,1595,274,174,12,10,29,4,59,5,29,0,1,0,9,14,0,2,100,0,100
111,私立,技專校院,1047,中臺科技大學,二專(日間),男,5,0,0,0,0,0,0,0,0,0,0,0,0,0,0,0,0,0,0,0
111,私立,技專校院,1047,中臺科技大學,學士班(日間),男,1682,166,105,2,4,50,18,15,0,0,5,1,0,1,4,4,1,61,0,61
111,私立,技專校院,1047,中臺科技大學,碩士班(日間),男,35,8,7,0,0,0,0,3,0,0,2,0,1,0,1,0,0,1,0,1
111,私立,一般大學,1048,亞洲大學,博士班,女,92,21,21,1,0,0,1,8,0,1,0,2,3,0,5,0,0,0,0,0
111,私立,一般大學,1048,亞洲大學,碩士班(日間),女,402,64,64,5,1,0,3,19,0,0,0,1,21,0,10,0,4,0,0,0
111,私立,一般大學,1048,亞洲大學,碩士在職專班,女,227,43,43,5,0,1,0,18,1,0,0,0,11,0,7,0,0,0,0,0
111,私立,一般大學,1048,亞洲大學,學士班(日間),男,3211,149,149,17,6,56,9,23,0,0,8,7,0,5,14,3,1,0,0,0
111,私立,一般大學,1048,亞洲大學,博士班,男,138,23,23,1,0,0,0,7,0,0,0,1,10,0,4,0,0,0,0,0
111,私立,一般大學,1048,亞洲大學,學士班(日間),女,5868,165,165,31,6,56,11,16,2,1,0,14,0,12,14,1,1,0,0,0
111,私立,一般大學,1048,亞洲大學,學士班(進修),女,315,25,25,1,1,3,1,9,2,0,0,1,0,1,6,0,0,0,0,0
111,私立,一般大學,1048,亞洲大學,學士班(進修),男,238,18,18,0,1,4,2,5,0,0,2,2,0,0,2,0,0,0,0,0
111,私立,一般大學,1048,亞洲大學,碩士班(日間),男,229,38,38,0,2,3,1,11,0,0,0,0,9,0,7,0,5,0,0,0
111,私立,一般大學,1048,亞洲大學,碩士在職專班,男,193,18,18,0,1,0,0,10,0,0,0,0,3,0,3,0,1,0,0,0
111,私立,一般大學,1049,開南大學,學士班(進修),女,444,57,57,6,3,3,0,40,0,2,1,0,0,0,2,0,0,0,0,0
111,私立,一般大學,1049,開南大學,碩士班(日間),女,144,40,40,7,1,2,1,17,0,3,0,0,3,0,6,0,0,0,0,0
111,私立,一般大學,1049,開南大學,碩士班(日間),男,84,21,21,3,3,0,1,6,0,0,4,0,1,0,2,1,0,0,0,0
111,私立,一般大學,1049,開南大學,碩士在職專班,男,174,23,23,1,0,0,0,17,0,3,0,0,1,0,1,0,0,0,0,0
111,私立,一般大學,1049,開南大學,學士班(日間),女,1647,94,94,7,15,26,1,18,4,4,0,5,0,1,12,1,0,0,0,0
111,私立,一般大學,1049,開南大學,碩士在職專班,女,125,23,23,2,0,0,1,14,0,2,0,0,4,0,0,0,0,0,0,0
111,私立,一般大學,1049,開南大學,學士班(日間),男,1602,101,101,8,13,25,14,27,0,0,10,2,0,0,1,1,0,0,0,0
111,私立,一般大學,1049,開南大學,學士班(進修),男,558,68,68,4,1,5,1,47,0,0,7,1,0,1,0,1,0,0,0,0
111,私立,一般大學,1050,佛光大學,學士班(日間),女,1300,52,52,7,5,12,0,13,0,1,0,5,0,5,2,1,1,0,0,0
111,私立,一般大學,1050,佛光大學,學士班(日間),男,1169,76,76,5,5,24,4,17,0,0,6,5,0,6,2,2,0,0,0,0
111,私立,一般大學,1050,佛光大學,碩士在職專班,男,56,9,9,0,0,0,0,7,0,0,0,0,1,0,1,0,0,0,0,0
111,私立,一般大學,1050,佛光大學,博士班,女,44,13,13,0,0,0,0,4,0,0,0,0,9,0,0,0,0,0,0,0
111,私立,一般大學,1050,佛光大學,碩士班(日間),女,250,70,70,10,0,0,0,25,0,3,0,1,20,0,9,1,1,0,0,0
111,私立,一般大學,1050,佛光大學,碩士在職專班,女,46,5,5,0,1,0,0,3,0,0,0,0,1,0,0,0,0,0,0,0
111,私立,一般大學,1050,佛光大學,博士班,男,20,5,5,2,0,0,0,1,0,0,0,0,1,0,1,0,0,0,0,0
111,私立,一般大學,1050,佛光大學,碩士班(日間),男,183,50,50,1,2,0,0,23,0,1,2,0,20,0,1,0,0,0,0,0
111,私立,技專校院,1051,台南家專學校財團法人台南應用科技大學,學士班(日間),女,5328,470,373,58,48,85,24,50,6,3,0,8,0,15,54,0,22,97,0,97
111,私立,技專校院,1051,台南家專學校財團法人台南應用科技大學,學士班(日間),男,2166,290,215,14,29,51,17,48,0,0,11,5,0,9,25,0,6,75,0,75
111,私立,技專校院,1051,台南家專學校財團法人台南應用科技大學,五專,男,221,18,18,3,0,3,1,4,0,0,0,4,0,2,1,0,0,0,0,0
111,私立,技專校院,1051,台南家專學校財團法人台南應用科技大學,碩士在職專班,男,23,10,10,0,0,0,0,7,0,0,1,0,2,0,0,0,0,0,0,0
111,私立,技專校院,1051,台南家專學校財團法人台南應用科技大學,學士班(進修),女,1376,163,163,16,19,18,1,103,4,2,0,0,0,0,0,0,0,0,0,0
111,私立,技專校院,1051,台南家專學校財團法人台南應用科技大學,五專,女,681,43,43,18,0,6,7,2,0,0,0,3,0,3,4,0,0,0,0,0
111,私立,技專校院,1051,台南家專學校財團法人台南應用科技大學,碩士班(日間),女,62,31,21,2,1,0,4,7,1,0,0,2,0,1,3,0,0,10,0,10
111,私立,技專校院,1051,台南家專學校財團法人台南應用科技大學,碩士在職專班,女,81,20,20,1,0,0,0,16,1,0,0,1,1,0,0,0,0,0,0,0
111,私立,技專校院,1051,台南家專學校財團法人台南應用科技大學,學士班(進修),男,750,80,80,1,6,4,0,61,0,1,4,1,0,0,2,0,0,0,0,0
111,私立,技專校院,1051,台南家專學校財團法人台南應用科技大學,碩士班(日間),男,32,14,5,0,0,1,0,1,0,0,1,0,0,1,0,0,1,9,0,9
111,私立,技專校院,1052,中信金學校財團法人中信科技大學,碩士班(日間),女,107,9,9,0,0,0,0,2,2,0,0,1,1,0,1,0,2,0,0,0
111,私立,技專校院,1052,中信金學校財團法人中信科技大學,碩士在職專班,女,2,0,0,0,0,0,0,0,0,0,0,0,0,0,0,0,0,0,0,0
111,私立,技專校院,1052,中信金學校財團法人中信科技大學,二專(進修),男,135,19,19,0,1,0,0,13,0,0,5,0,0,0,0,0,0,0,0,0
111,私立,技專校院,1052,中信金學校財團法人中信科技大學,學士班(日間),男,1295,136,132,3,13,17,20,31,0,0,30,0,0,9,4,0,5,4,2,2
111,私立,技專校院,1052,中信金學校財團法人中信科技大學,二專(進修),女,58,5,5,0,0,0,0,5,0,0,0,0,0,0,0,0,0,0,0,0
111,私立,技專校院,1052,中信金學校財團法人中信科技大學,學士班(日間),女,501,62,62,7,5,11,4,26,2,0,0,0,0,3,2,1,1,0,0,0
111,私立,技專校院,1052,中信金學校財團法人中信科技大學,學士班(進修),女,200,14,14,1,0,1,0,10,0,2,0,0,0,0,0,0,0,0,0,0
111,私立,技專校院,1052,中信金學校財團法人中信科技大學,學士班(進修),男,477,66,66,0,3,3,0,50,0,1,8,0,0,0,1,0,0,0,0,0
111,私立,技專校院,1052,中信金學校財團法人中信科技大學,碩士班(日間),男,121,20,20,0,1,0,0,14,0,0,0,1,2,0,1,0,1,0,0,0
111,私立,技專校院,1052,中信金學校財團法人中信科技大學,碩士在職專班,男,36,9,9,0,0,0,0,4,0,0,0,0,4,0,1,0,0,0,0,0
111,私立,技專校院,1053,光宇學校財團法人元培醫事科技大學,學士班(日間),女,1865,48,43,14,6,6,4,7,1,0,0,0,0,0,5,0,0,5,0,5
111,私立,技專校院,1053,光宇學校財團法人元培醫事科技大學,學士班(日間),男,1272,43,40,8,2,9,4,6,0,0,6,1,0,0,3,0,1,3,0,3
111,私立,技專校院,1053,光宇學校財團法人元培醫事科技大學,碩士在職專班,男,12,1,1,0,0,0,0,0,0,0,0,1,0,0,0,0,0,0,0,0
111,私立,技專校院,1053,光宇學校財團法人元培醫事科技大學,學士班(進修),女,960,40,36,3,0,3,1,20,2,0,0,1,0,0,5,1,0,4,0,4
111,私立,技專校院,1053,光宇學校財團法人元培醫事科技大學,碩士班(日間),女,144,20,20,3,0,0,0,9,2,1,0,0,3,0,2,0,0,0,0,0
111,私立,技專校院,1053,光宇學校財團法人元培醫事科技大學,碩士在職專班,女,29,5,5,0,0,0,0,4,0,0,0,0,0,0,1,0,0,0,0,0
111,私立,技專校院,1053,光宇學校財團法人元培醫事科技大學,學士班(進修),男,675,33,21,3,0,1,0,10,0,0,7,0,0,0,0,0,0,12,0,12
111,私立,技專校院,1053,光宇學校財團法人元培醫事科技大學,博士班,男,2,0,0,0,0,0,0,0,0,0,0,0,0,0,0,0,0,0,0,0
111,私立,技專校院,1053,光宇學校財團法人元培醫事科技大學,碩士班(日間),男,101,18,17,2,1,0,0,7,0,0,1,0,3,0,2,1,0,1,0,1
111,私立,技專校院,1054,景文科技大學,二專(進修),女,35,8,8,0,0,0,1,7,0,0,0,0,0,0,0,0,0,0,0,0
111,私立,技專校院,1054,景文科技大學,學士班(日間),女,2311,87,87,17,11,24,1,24,1,2,0,3,0,0,3,1,0,0,0,0
111,私立,技專校院,1054,景文科技大學,學士班(進修),女,440,34,34,1,9,5,0,18,0,1,0,0,0,0,0,0,0,0,0,0
111,私立,技專校院,1054,景文科技大學,碩士班(日間),男,5,5,5,0,0,0,0,1,0,0,0,0,4,0,0,0,0,0,0,0
111,私立,技專校院,1054,景文科技大學,碩士在職專班,男,36,6,6,1,1,0,0,4,0,0,0,0,0,0,0,0,0,0,0,0
111,私立,技專校院,1054,景文科技大學,碩士班(日間),女,2,2,2,1,0,0,0,0,0,1,0,0,0,0,0,0,0,0,0,0
111,私立,技專校院,1054,景文科技大學,碩士在職專班,女,21,3,3,0,0,1,0,1,0,0,0,0,0,0,1,0,0,0,0,0
111,私立,技專校院,1054,景文科技大學,二專(進修),男,44,8,8,0,3,2,0,1,0,0,2,0,0,0,0,0,0,0,0,0
111,私立,技專校院,1054,景文科技大學,學士班(日間),男,1917,97,97,3,12,30,1,28,0,0,20,1,0,0,2,0,0,0,0,0
111,私立,技專校院,1054,景文科技大學,學士班(進修),男,531,45,45,2,3,10,0,21,0,0,7,1,0,0,1,0,0,0,0,0
111,私立,技專校院,1055,中華醫事科技大學,二專(進修),女,43,8,4,0,3,0,0,1,0,0,0,0,0,0,0,0,0,4,0,4
111,私立,技專校院,1055,中華醫事科技大學,學士班(日間),女,2312,160,79,13,9,15,0,11,2,2,0,0,0,1,0,0,26,81,1,80
111,私立,技專校院,1055,中華醫事科技大學,學士班(進修),女,825,137,78,7,27,2,0,35,5,2,0,0,0,0,0,0,0,59,0,59
111,私立,技專校院,1055,中華醫事科技大學,碩士班(日間),男,44,23,8,0,1,0,0,5,0,0,0,0,0,0,0,0,2,15,0,15
111,私立,技專校院,1055,中華醫事科技大學,碩士在職專班,男,11,2,0,0,0,0,0,0,0,0,0,0,0,0,0,0,0,2,0,2
111,私立,技專校院,1055,中華醫事科技大學,五專,女,2444,142,68,11,6,28,0,8,0,0,0,0,0,1,0,0,14,74,5,69
111,私立,技專校院,1055,中華醫事科技大學,碩士班(日間),女,56,30,13,0,1,1,0,8,0,0,0,0,1,0,0,0,2,17,0,17
111,私立,技專校院,1055,中華醫事科技大學,碩士在職專班,女,12,3,2,0,1,0,0,1,0,0,0,0,0,0,0,0,0,1,0,1
111,私立,技專校院,1055,中華醫事科技大學,二專(日間),男,0,1,0,0,0,0,0,0,0,0,0,0,0,0,0,0,0,1,0,1
111,私立,技專校院,1055,中華醫事科技大學,二專(進修),男,34,15,4,0,2,0,0,2,0,0,0,0,0,0,0,0,0,11,0,11
111,私立,技專校院,1055,中華醫事科技大學,學士班(日間),男,1007,114,50,5,5,18,0,8,0,0,3,0,0,0,0,0,11,64,2,62
111,私立,技專校院,1055,中華醫事科技大學,學士班(進修),男,464,100,41,0,14,2,0,22,0,0,3,0,0,0,0,0,0,59,0,59
111,私立,技專校院,1055,中華醫事科技大學,五專,男,666,54,28,3,4,9,0,5,0,0,0,0,0,0,0,0,7,26,1,25
111,私立,技專校院,1056,東南科技大學,學士班(日間),女,1325,124,50,5,5,5,0,22,2,1,0,1,0,3,3,0,3,74,0,74
111,私立,技專校院,1056,東南科技大學,學士班(日間),男,2320,249,100,2,6,13,1,54,0,0,10,1,0,2,7,0,4,149,0,149
111,私立,技專校院,1056,東南科技大學,碩士在職專班,男,53,16,2,0,0,0,0,1,0,1,0,0,0,0,0,0,0,14,0,14
111,私立,技專校院,1056,東南科技大學,學士班(進修),女,158,37,3,0,0,3,0,0,0,0,0,0,0,0,0,0,0,34,0,34
111,私立,技專校院,1056,東南科技大學,碩士班(日間),女,51,14,9,0,0,0,0,6,0,1,0,0,0,0,0,0,2,5,0,5
111,私立,技專校院,1056,東南科技大學,碩士在職專班,女,7,0,0,0,0,0,0,0,0,0,0,0,0,0,0,0,0,0,0,0
111,私立,技專校院,1056,東南科技大學,學士班(進修),男,382,112,5,1,0,0,0,3,0,0,1,0,0,0,0,0,0,107,0,107
111,私立,技專校院,1056,東南科技大學,碩士班(日間),男,80,28,16,0,0,0,0,15,0,0,0,0,0,0,1,0,0,12,0,12
111,私立,技專校院,1057,德明財經科技大學,碩士在職專班,女,11,4,3,1,0,0,0,1,0,1,0,0,0,0,0,0,0,1,0,1
111,私立,技專校院,1057,德明財經科技大學,學士班(日間),男,2517,279,156,16,2,42,18,35,0,0,12,3,0,5,5,17,1,123,0,123
111,私立,技專校院,1057,德明財經科技大學,學士班(日間),女,3375,257,175,29,9,56,11,22,3,3,0,4,0,3,7,28,0,82,0,82
111,私立,技專校院,1057,德明財經科技大學,學士班(進修),女,249,35,16,2,0,0,0,9,0,1,0,1,0,1,2,0,0,19,0,19
111,私立,技專校院,1057,德明財經科技大學,碩士班(日間),女,20,5,2,1,0,0,0,0,0,0,0,0,0,0,0,1,0,3,0,3
111,私立,技專校院,1057,德明財經科技大學,學士班(進修),男,217,34,15,2,0,1,0,12,0,0,0,0,0,0,0,0,0,19,0,19
111,私立,技專校院,1057,德明財經科技大學,碩士班(日間),男,21,6,3,0,0,0,0,2,0,0,0,0,0,0,1,0,0,3,0,3
111,私立,技專校院,1057,德明財經科技大學,碩士在職專班,男,15,6,1,0,0,0,0,0,0,0,0,0,1,0,0,0,0,5,0,5
111,私立,一般大學,1058,明道學校財團法人明道大學,學士班(日間),男,427,16,12,3,2,1,1,3,0,0,1,0,0,0,1,0,0,4,0,4
111,私立,一般大學,1058,明道學校財團法人明道大學,學士班(進修),男,256,14,13,0,0,1,0,7,0,0,3,0,0,0,1,0,1,1,0,1
111,私立,一般大學,1058,明道學校財團法人明道大學,學士班(日間),女,366,18,17,4,1,2,2,7,0,0,0,0,0,0,1,0,0,1,0,1
111,私立,一般大學,1058,明道學校財團法人明道大學,學士班(進修),女,112,0,0,0,0,0,0,0,0,0,0,0,0,0,0,0,0,0,0,0
111,私立,一般大學,1058,明道學校財團法人明道大學,博士班,女,13,1,1,0,0,0,0,0,0,0,0,0,1,0,0,0,0,0,0,0
111,私立,一般大學,1058,明道學校財團法人明道大學,碩士班(日間),女,70,17,17,2,0,0,0,7,0,1,0,0,5,0,2,0,0,0,0,0
111,私立,一般大學,1058,明道學校財團法人明道大學,碩士在職專班,女,30,7,7,1,0,0,0,2,1,0,0,0,2,0,1,0,0,0,0,0
111,私立,一般大學,1058,明道學校財團法人明道大學,博士班,男,17,3,3,0,0,0,0,1,0,0,0,1,1,0,0,0,0,0,0,0
111,私立,一般大學,1058,明道學校財團法人明道大學,碩士班(日間),男,74,13,13,1,2,0,0,2,0,0,1,0,4,0,3,0,0,0,0,0
111,私立,一般大學,1058,明道學校財團法人明道大學,碩士在職專班,男,11,1,1,0,0,0,0,1,0,0,0,0,0,0,0,0,0,0,0,0
111,私立,技專校院,1060,南開科技大學,碩士班(日間),女,35,7,7,1,1,0,0,3,0,0,0,0,1,1,0,0,0,0,0,0
111,私立,技專校院,1060,南開科技大學,學士班(日間),男,1045,34,34,1,2,8,0,15,0,0,5,0,0,0,2,0,1,0,0,0
111,私立,技專校院,1060,南開科技大學,五專,男,297,18,18,1,1,0,2,4,0,0,8,0,0,1,1,0,0,0,0,0
111,私立,技專校院,1060,南開科技大學,二專(進修),女,25,2,2,1,0,0,0,1,0,0,0,0,0,0,0,0,0,0,0,0
111,私立,技專校院,1060,南開科技大學,學士班(日間),女,430,15,15,3,4,2,0,3,0,0,0,0,0,1,1,0,1,0,0,0
111,私立,技專校院,1060,南開科技大學,學士班(進修),女,281,9,9,1,0,0,0,6,0,0,0,0,0,1,1,0,0,0,0,0
111,私立,技專校院,1060,南開科技大學,五專,女,44,2,2,1,0,0,0,1,0,0,0,0,0,0,0,0,0,0,0,0
111,私立,技專校院,1060,南開科技大學,碩士在職專班,女,32,9,9,3,0,0,0,6,0,0,0,0,0,0,0,0,0,0,0,0
111,私立,技專校院,1060,南開科技大學,二專(進修),男,28,1,1,0,0,0,0,1,0,0,0,0,0,0,0,0,0,0,0,0
111,私立,技專校院,1060,南開科技大學,學士班(進修),男,510,24,24,0,0,2,0,15,0,0,4,1,0,0,2,0,0,0,0,0
111,私立,技專校院,1060,南開科技大學,碩士班(日間),男,38,11,11,2,0,0,0,5,0,0,0,1,1,0,1,0,1,0,0,0
111,私立,技專校院,1060,南開科技大學,碩士在職專班,男,19,2,2,0,0,0,0,0,0,0,0,0,1,0,0,0,1,0,0,0
111,私立,技專校院,1061,中華學校財團法人中華科技大學,二專(進修),女,41,11,2,0,0,1,0,0,0,0,0,0,0,0,1,0,0,9,0,9
111,私立,技專校院,1061,中華學校財團法人中華科技大學,學士班(日間),女,695,89,41,3,4,6,2,18,1,0,0,1,0,1,5,0,0,48,0,48
111,私立,技專校院,1061,中華學校財團法人中華科技大學,學士班(進修),女,310,41,15,1,2,1,0,10,0,0,0,0,0,0,1,0,0,26,0,26
111,私立,技專校院,1061,中華學校財團法人中華科技大學,碩士班(日間),女,66,12,6,1,1,0,0,3,1,0,0,0,0,0,0,0,0,6,0,6
111,私立,技專校院,1061,中華學校財團法人中華科技大學,碩士在職專班,女,21,2,0,0,0,0,0,0,0,0,0,0,0,0,0,0,0,2,0,2
111,私立,技專校院,1061,中華學校財團法人中華科技大學,碩士班(日間),男,131,47,25,1,1,1,0,16,0,0,1,0,0,0,5,0,0,22,0,22
111,私立,技專校院,1061,中華學校財團法人中華科技大學,碩士在職專班,男,77,21,8,0,0,0,0,7,0,0,0,0,1,0,0,0,0,13,0,13
111,私立,技專校院,1061,中華學校財團法人中華科技大學,二專(進修),男,80,18,7,0,0,0,0,2,0,0,4,0,0,0,0,1,0,11,0,11
111,私立,技專校院,1061,中華學校財團法人中華科技大學,學士班(日間),男,1670,162,105,5,15,13,1,44,0,0,10,1,0,0,16,0,0,57,0,57
111,私立,技專校院,1061,中華學校財團法人中華科技大學,學士班(進修),男,795,114,46,2,2,9,0,15,0,0,16,0,0,0,2,0,0,68,0,68
111,私立,技專校院,1062,僑光科技大學,學士班(進修),女,1411,62,62,5,5,10,3,27,2,4,1,0,0,2,3,0,0,0,0,0
111,私立,技專校院,1062,僑光科技大學,碩士班(日間),女,31,1,1,0,0,0,0,1,0,0,0,0,0,0,0,0,0,0,0,0
111,私立,技專校院,1062,僑光科技大學,碩士在職專班,女,16,1,1,0,0,0,0,1,0,0,0,0,0,0,0,0,0,0,0,0
111,私立,技專校院,1062,僑光科技大學,學士班(日間),男,2323,75,75,6,5,20,3,18,0,0,13,2,0,5,2,0,1,0,0,0
111,私立,技專校院,1062,僑光科技大學,學士班(日間),女,2948,71,71,4,9,24,5,16,4,0,0,1,0,4,2,0,2,0,0,0
111,私立,技專校院,1062,僑光科技大學,學士班(進修),男,2131,96,96,5,4,6,5,36,0,0,33,0,0,1,3,0,3,0,0,0
111,私立,技專校院,1062,僑光科技大學,碩士班(日間),男,23,1,1,0,0,0,0,1,0,0,0,0,0,0,0,0,0,0,0,0
111,私立,技專校院,1062,僑光科技大學,碩士在職專班,男,17,1,1,1,0,0,0,0,0,0,0,0,0,0,0,0,0,0,0,0
111,私立,技專校院,1063,廣亞學校財團法人育達科技大學,碩士班(日間),女,92,8,7,1,0,0,0,3,0,0,0,0,3,0,0,0,0,1,0,1
111,私立,技專校院,1063,廣亞學校財團法人育達科技大學,碩士在職專班,女,80,12,9,1,0,0,0,5,0,0,0,0,0,0,3,0,0,3,0,3
111,私立,技專校院,1063,廣亞學校財團法人育達科技大學,學士班(日間),男,673,49,43,2,6,7,2,9,0,0,4,0,0,3,7,2,1,6,0,6
111,私立,技專校院,1063,廣亞學校財團法人育達科技大學,學士班(日間),女,589,39,35,5,9,3,2,8,5,0,0,0,0,1,1,1,0,4,0,4
111,私立,技專校院,1063,廣亞學校財團法人育達科技大學,學士班(進修),女,1046,91,72,5,11,2,0,37,4,4,0,1,0,1,7,0,0,19,0,19
111,私立,技專校院,1063,廣亞學校財團法人育達科技大學,學士班(進修),男,801,95,86,5,5,6,1,49,0,0,8,0,0,3,9,0,0,9,0,9
111,私立,技專校院,1063,廣亞學校財團法人育達科技大學,碩士班(日間),男,58,19,17,0,1,0,0,8,0,0,1,0,4,0,3,0,0,2,0,2
111,私立,技專校院,1063,廣亞學校財團法人育達科技大學,碩士在職專班,男,95,18,16,1,0,0,0,9,0,0,1,0,3,0,2,0,0,2,0,2
111,私立,技專校院,1064,美和學校財團法人美和科技大學,學士班(進修),女,1169,123,123,12,19,10,0,50,5,8,0,1,0,4,9,3,2,0,0,0
111,私立,技專校院,1064,美和學校財團法人美和科技大學,碩士在職專班,女,165,47,47,1,2,0,0,11,0,3,0,0,27,0,1,1,1,0,0,0
111,私立,技專校院,1064,美和學校財團法人美和科技大學,二專(進修),男,58,8,8,0,0,1,0,5,0,0,1,0,0,0,0,0,1,0,0,0
111,私立,技專校院,1064,美和學校財團法人美和科技大學,學士班(日間),男,739,48,48,2,8,8,0,14,0,0,5,0,0,0,2,2,7,0,0,0
111,私立,技專校院,1064,美和學校財團法人美和科技大學,二專(進修),女,51,7,7,0,1,0,0,6,0,0,0,0,0,0,0,0,0,0,0,0
111,私立,技專校院,1064,美和學校財團法人美和科技大學,學士班(日間),女,1148,68,68,10,12,16,0,15,1,2,0,0,0,5,3,1,3,0,0,0
111,私立,技專校院,1064,美和學校財團法人美和科技大學,五專,女,1396,70,70,5,6,20,0,8,1,4,0,0,0,11,1,0,14,0,0,0
111,私立,技專校院,1064,美和學校財團法人美和科技大學,碩士班(日間),女,90,40,40,5,0,0,0,21,3,2,0,0,7,1,1,0,0,0,0,0
111,私立,技專校院,1064,美和學校財團法人美和科技大學,學士班(進修),男,364,53,53,2,4,5,0,31,0,0,4,0,0,0,5,0,2,0,0,0
111,私立,技專校院,1064,美和學校財團法人美和科技大學,五專,男,229,15,15,3,2,4,0,3,0,0,1,0,0,0,0,1,1,0,0,0
111,私立,技專校院,1064,美和學校財團法人美和科技大學,碩士班(日間),男,57,22,22,0,4,0,0,10,0,0,1,1,5,0,0,1,0,0,0,0
111,私立,技專校院,1064,美和學校財團法人美和科技大學,碩士在職專班,男,36,10,10,1,0,0,0,4,0,0,0,0,1,0,0,0,4,0,0,0
111,私立,技專校院,1065,吳鳳科技大學,二專(進修),女,95,11,7,0,1,2,2,1,0,0,0,0,0,0,1,0,0,4,0,4
111,私立,技專校院,1065,吳鳳科技大學,學士班(日間),女,896,74,53,3,1,19,0,18,3,0,0,0,0,4,3,1,1,21,0,21
111,私立,技專校院,1065,吳鳳科技大學,碩士在職專班,女,19,1,1,0,0,0,0,1,0,0,0,0,0,0,0,0,0,0,0,0
111,私立,技專校院,1065,吳鳳科技大學,二專(進修),男,111,14,4,0,0,0,0,3,0,0,1,0,0,0,0,0,0,10,0,10
111,私立,技專校院,1065,吳鳳科技大學,學士班(日間),男,1754,111,74,2,2,26,0,24,0,0,8,0,0,3,7,1,1,37,0,37
111,私立,技專校院,1065,吳鳳科技大學,學士班(進修),男,808,108,99,1,5,14,0,56,0,0,9,0,0,0,1,0,13,9,0,9
111,私立,技專校院,1065,吳鳳科技大學,學士班(進修),女,566,49,37,1,3,3,0,27,0,1,0,0,0,0,0,0,2,12,1,11
111,私立,技專校院,1065,吳鳳科技大學,碩士班(日間),女,10,3,2,0,0,0,0,0,1,0,0,0,1,0,0,0,0,1,0,1
111,私立,技專校院,1065,吳鳳科技大學,碩士班(日間),男,38,3,2,0,0,0,0,2,0,0,0,0,0,0,0,0,0,1,0,1
111,私立,技專校院,1065,吳鳳科技大學,碩士在職專班,男,44,2,2,0,0,0,0,1,0,0,0,0,0,0,1,0,0,0,0,0
111,私立,技專校院,1066,環球學校財團法人環球科技大學,學士班(進修),女,306,8,8,1,1,0,0,3,0,0,0,0,0,0,0,0,3,0,0,0
111,私立,技專校院,1066,環球學校財團法人環球科技大學,碩士在職專班,女,42,6,6,0,0,0,2,3,0,0,0,0,0,0,0,0,1,0,0,0
111,私立,技專校院,1066,環球學校財團法人環球科技大學,二專(進修),男,67,1,1,0,0,0,0,0,0,0,0,0,0,0,0,0,1,0,0,0
111,私立,技專校院,1066,環球學校財團法人環球科技大學,學士班(日間),男,622,59,59,5,13,20,9,7,0,0,4,0,0,0,1,0,0,0,0,0
111,私立,技專校院,1066,環球學校財團法人環球科技大學,二專(進修),女,37,1,1,0,0,0,0,1,0,0,0,0,0,0,0,0,0,0,0,0
111,私立,技專校院,1066,環球學校財團法人環球科技大學,學士班(日間),女,643,55,55,12,16,20,6,1,0,0,0,0,0,0,0,0,0,0,0,0
111,私立,技專校院,1066,環球學校財團法人環球科技大學,碩士班(日間),女,56,11,11,0,3,0,4,4,0,0,0,0,0,0,0,0,0,0,0,0
111,私立,技專校院,1066,環球學校財團法人環球科技大學,學士班(進修),男,273,25,25,0,1,0,0,10,0,0,1,0,0,0,0,0,13,0,0,0
111,私立,技專校院,1066,環球學校財團法人環球科技大學,碩士班(日間),男,43,7,7,1,2,0,1,3,0,0,0,0,0,0,0,0,0,0,0,0
111,私立,技專校院,1066,環球學校財團法人環球科技大學,碩士在職專班,男,22,0,0,0,0,0,0,0,0,0,0,0,0,0,0,0,0,0,0,0
111,私立,一般大學,1067,台灣首府學校財團法人台灣首府大學,碩士班(日間),女,24,0,0,0,0,0,0,0,0,0,0,0,0,0,0,0,0,0,0,0
111,私立,一般大學,1067,台灣首府學校財團法人台灣首府大學,學士班(日間),男,102,0,0,0,0,0,0,0,0,0,0,0,0,0,0,0,0,0,0,0
111,私立,一般大學,1067,台灣首府學校財團法人台灣首府大學,學士班(進修),男,46,0,0,0,0,0,0,0,0,0,0,0,0,0,0,0,0,0,0,0
111,私立,一般大學,1067,台灣首府學校財團法人台灣首府大學,學士班(日間),女,121,0,0,0,0,0,0,0,0,0,0,0,0,0,0,0,0,0,0,0
111,私立,一般大學,1067,台灣首府學校財團法人台灣首府大學,學士班(進修),女,35,0,0,0,0,0,0,0,0,0,0,0,0,0,0,0,0,0,0,0
111,私立,一般大學,1067,台灣首府學校財團法人台灣首府大學,碩士班(日間),男,9,0,0,0,0,0,0,0,0,0,0,0,0,0,0,0,0,0,0,0
111,私立,技專校院,1068,中州學校財團法人中州科技大學,碩士在職專班,女,3,0,0,0,0,0,0,0,0,0,0,0,0,0,0,0,0,0,0,0
111,私立,技專校院,1068,中州學校財團法人中州科技大學,二專(進修),男,1,0,0,0,0,0,0,0,0,0,0,0,0,0,0,0,0,0,0,0
111,私立,技專校院,1068,中州學校財團法人中州科技大學,學士班(日間),男,183,0,0,0,0,0,0,0,0,0,0,0,0,0,0,0,0,0,0,0
111,私立,技專校院,1068,中州學校財團法人中州科技大學,二專(進修),女,29,0,0,0,0,0,0,0,0,0,0,0,0,0,0,0,0,0,0,0
111,私立,技專校院,1068,中州學校財團法人中州科技大學,學士班(日間),女,105,0,0,0,0,0,0,0,0,0,0,0,0,0,0,0,0,0,0,0
111,私立,技專校院,1068,中州學校財團法人中州科技大學,學士班(進修),女,295,0,0,0,0,0,0,0,0,0,0,0,0,0,0,0,0,0,0,0
111,私立,技專校院,1068,中州學校財團法人中州科技大學,學士班(進修),男,289,0,0,0,0,0,0,0,0,0,0,0,0,0,0,0,0,0,0,0
111,私立,技專校院,1068,中州學校財團法人中州科技大學,碩士在職專班,男,2,0,0,0,0,0,0,0,0,0,0,0,0,0,0,0,0,0,0,0
111,私立,技專校院,1069,修平學校財團法人修平科技大學,碩士班(日間),女,40,2,2,0,0,1,0,1,0,0,0,0,0,0,0,0,0,0,0,0
111,私立,技專校院,1069,修平學校財團法人修平科技大學,二專(進修),男,2,0,0,0,0,0,0,0,0,0,0,0,0,0,0,0,0,0,0,0
111,私立,技專校院,1069,修平學校財團法人修平科技大學,學士班(日間),男,1785,83,83,2,6,23,11,20,0,0,1,2,0,5,9,1,3,0,0,0
111,私立,技專校院,1069,修平學校財團法人修平科技大學,學士班(日間),女,681,21,21,1,2,4,0,9,0,1,0,0,0,1,3,0,0,0,0,0
111,私立,技專校院,1069,修平學校財團法人修平科技大學,學士班(進修),女,275,27,16,0,2,2,0,10,0,0,0,1,0,0,1,0,0,11,0,11
111,私立,技專校院,1069,修平學校財團法人修平科技大學,碩士在職專班,女,17,2,2,0,0,0,0,2,0,0,0,0,0,0,0,0,0,0,0,0
111,私立,技專校院,1069,修平學校財團法人修平科技大學,學士班(進修),男,1517,99,85,0,5,21,6,48,0,0,0,0,0,1,4,0,0,14,0,14
111,私立,技專校院,1069,修平學校財團法人修平科技大學,碩士班(日間),男,50,10,10,0,1,1,0,5,0,0,1,0,2,0,0,0,0,0,0,0
111,私立,技專校院,1069,修平學校財團法人修平科技大學,碩士在職專班,男,44,4,4,0,0,0,0,4,0,0,0,0,0,0,0,0,0,0,0,0
111,私立,技專校院,1070,長庚學校財團法人長庚科技大學,學士班(日間),女,4247,113,113,19,9,56,0,14,1,0,0,4,0,2,6,2,0,0,0,0
111,私立,技專校院,1070,長庚學校財團法人長庚科技大學,學士班(進修),女,1114,68,68,5,6,1,0,25,5,5,0,4,0,2,9,5,1,0,0,0
111,私立,技專校院,1070,長庚學校財團法人長庚科技大學,碩士班(日間),女,65,13,13,1,1,1,0,4,0,1,0,0,1,0,4,0,0,0,0,0
111,私立,技專校院,1070,長庚學校財團法人長庚科技大學,碩士班(日間),男,5,0,0,0,0,0,0,0,0,0,0,0,0,0,0,0,0,0,0,0
111,私立,技專校院,1070,長庚學校財團法人長庚科技大學,碩士在職專班,男,4,0,0,0,0,0,0,0,0,0,0,0,0,0,0,0,0,0,0,0
111,私立,技專校院,1070,長庚學校財團法人長庚科技大學,碩士在職專班,女,157,25,25,1,0,0,0,16,0,0,0,0,6,0,2,0,0,0,0,0
111,私立,技專校院,1070,長庚學校財團法人長庚科技大學,學士班(日間),男,590,15,15,0,0,8,3,1,0,0,0,1,0,1,1,0,0,0,0,0
111,私立,技專校院,1070,長庚學校財團法人長庚科技大學,學士班(進修),男,89,4,4,1,0,0,0,3,0,0,0,0,0,0,0,0,0,0,0,0
111,私立,技專校院,1071,城市學校財團法人臺北城市科技大學,二專(進修),女,148,123,33,3,3,1,2,16,1,0,0,0,0,5,1,0,1,90,0,90
111,私立,技專校院,1071,城市學校財團法人臺北城市科技大學,學士班(日間),女,2453,162,160,3,24,45,0,34,4,2,1,7,0,11,16,8,5,2,2,0
111,私立,技專校院,1071,城市學校財團法人臺北城市科技大學,學士班(進修),女,399,89,30,0,4,0,1,15,1,0,0,0,0,3,1,0,5,59,0,59
111,私立,技專校院,1071,城市學校財團法人臺北城市科技大學,二專(日間),男,16,0,0,0,0,0,0,0,0,0,0,0,0,0,0,0,0,0,0,0
111,私立,技專校院,1071,城市學校財團法人臺北城市科技大學,五專,男,522,51,50,2,0,13,0,14,0,0,13,5,0,0,3,0,0,1,1,0
111,私立,技專校院,1071,城市學校財團法人臺北城市科技大學,碩士班(日間),男,66,23,23,2,1,2,0,13,0,2,1,0,1,0,1,0,0,0,0,0
111,私立,技專校院,1071,城市學校財團法人臺北城市科技大學,二專(日間),女,4,0,0,0,0,0,0,0,0,0,0,0,0,0,0,0,0,0,0,0
111,私立,技專校院,1071,城市學校財團法人臺北城市科技大學,五專,女,316,17,16,1,1,6,0,2,0,0,0,1,0,0,3,1,1,1,1,0
111,私立,技專校院,1071,城市學校財團法人臺北城市科技大學,碩士班(日間),女,22,7,7,0,1,2,0,2,0,0,0,0,0,0,2,0,0,0,0,0
111,私立,技專校院,1071,城市學校財團法人臺北城市科技大學,二專(進修),男,193,96,22,2,0,0,1,11,0,0,7,0,0,1,0,0,0,74,0,74
111,私立,技專校院,1071,城市學校財團法人臺北城市科技大學,學士班(日間),男,4050,301,296,10,47,62,0,70,0,1,57,3,0,10,19,10,7,5,5,0
111,私立,技專校院,1071,城市學校財團法人臺北城市科技大學,學士班(進修),男,796,226,76,0,0,2,2,36,0,0,19,2,0,4,3,0,8,150,0,150
111,私立,技專校院,1072,大華學校財團法人敏實科技大學,學士班(日間),女,113,3,3,0,0,0,0,2,1,0,0,0,0,0,0,0,0,0,0,0
111,私立,技專校院,1072,大華學校財團法人敏實科技大學,學士班(進修),女,52,1,1,0,0,1,0,0,0,0,0,0,0,0,0,0,0,0,0,0
111,私立,技專校院,1072,大華學校財團法人敏實科技大學,學士班(日間),男,235,9,9,1,2,2,0,2,0,0,2,0,0,0,0,0,0,0,0,0
111,私立,技專校院,1072,大華學校財團法人敏實科技大學,五專,男,59,3,3,0,1,1,0,1,0,0,0,0,0,0,0,0,0,0,0,0
111,私立,技專校院,1072,大華學校財團法人敏實科技大學,五專,女,55,2,2,0,0,1,0,0,1,0,0,0,0,0,0,0,0,0,0,0
111,私立,技專校院,1072,大華學校財團法人敏實科技大學,學士班(進修),男,49,6,6,0,1,0,0,0,0,0,4,0,0,0,1,0,0,0,0,0
111,私立,技專校院,1073,醒吾學校財團法人醒吾科技大學,二專(進修),女,37,26,26,0,1,2,14,7,0,0,0,0,0,0,1,1,0,0,0,0
111,私立,技專校院,1073,醒吾學校財團法人醒吾科技大學,學士班(日間),女,2932,265,265,15,50,106,5,67,8,0,0,7,0,0,5,2,0,0,0,0
111,私立,技專校院,1073,醒吾學校財團法人醒吾科技大學,學士班(進修),女,535,98,98,9,8,14,27,36,1,0,0,0,0,0,3,0,0,0,0,0
111,私立,技專校院,1073,醒吾學校財團法人醒吾科技大學,五專,女,149,21,21,2,0,6,1,4,0,0,0,2,0,0,0,6,0,0,0,0
111,私立,技專校院,1073,醒吾學校財團法人醒吾科技大學,碩士在職專班,女,43,5,5,0,1,0,0,3,0,0,0,1,0,0,0,0,0,0,0,0
111,私立,技專校院,1073,醒吾學校財團法人醒吾科技大學,學士班(進修),男,437,83,83,4,3,13,33,23,0,0,5,1,0,0,1,0,0,0,0,0
111,私立,技專校院,1073,醒吾學校財團法人醒吾科技大學,碩士班(日間),男,23,7,7,0,0,0,0,3,0,0,1,0,0,0,2,1,0,0,0,0
111,私立,技專校院,1073,醒吾學校財團法人醒吾科技大學,碩士在職專班,男,39,7,7,0,1,0,0,4,0,0,0,2,0,0,0,0,0,0,0,0
111,私立,技專校院,1073,醒吾學校財團法人醒吾科技大學,碩士班(日間),女,38,5,5,1,0,0,0,3,0,0,0,0,0,0,1,0,0,0,0,0
111,私立,技專校院,1073,醒吾學校財團法人醒吾科技大學,二專(進修),男,35,19,19,0,0,1,10,7,0,0,1,0,0,0,0,0,0,0,0,0
111,私立,技專校院,1073,醒吾學校財團法人醒吾科技大學,學士班(日間),男,2327,221,221,15,34,71,13,63,0,0,10,4,0,0,8,2,1,0,0,0
111,私立,技專校院,1073,醒吾學校財團法人醒吾科技大學,五專,男,92,14,14,0,0,8,3,2,0,0,0,1,0,0,0,0,0,0,0,0
111,私立,技專校院,1075,文藻學校財團法人文藻外語大學,學士班(日間),女,3263,252,211,25,12,35,51,39,0,0,0,23,0,3,12,2,9,41,2,39
111,私立,技專校院,1075,文藻學校財團法人文藻外語大學,學士班(進修),女,803,148,138,12,6,4,14,76,4,4,0,8,0,0,6,4,0,10,0,10
111,私立,技專校院,1075,文藻學校財團法人文藻外語大學,五專,女,1480,96,96,7,2,33,25,3,0,1,0,17,0,2,0,2,4,0,0,0
111,私立,技專校院,1075,文藻學校財團法人文藻外語大學,五專,男,305,15,14,0,0,8,4,1,0,0,0,1,0,0,0,0,0,1,0,1
111,私立,技專校院,1075,文藻學校財團法人文藻外語大學,碩士班(日間),男,60,19,19,2,1,1,0,3,0,2,0,0,4,0,2,2,2,0,0,0
111,私立,技專校院,1075,文藻學校財團法人文藻外語大學,碩士在職專班,男,19,4,4,0,0,1,0,1,0,0,1,0,1,0,0,0,0,0,0,0
111,私立,技專校院,1075,文藻學校財團法人文藻外語大學,碩士班(日間),女,162,57,57,3,4,0,0,20,0,2,0,1,20,0,2,1,4,0,0,0
111,私立,技專校院,1075,文藻學校財團法人文藻外語大學,碩士在職專班,女,37,14,14,0,0,0,0,7,0,1,0,0,2,0,2,1,1,0,0,0
111,私立,技專校院,1075,文藻學校財團法人文藻外語大學,學士班(日間),男,1325,134,109,8,18,20,17,21,0,0,4,7,1,1,3,3,6,25,2,23
111,私立,技專校院,1075,文藻學校財團法人文藻外語大學,學士班(進修),男,476,91,89,3,10,0,3,53,0,2,2,8,0,0,4,4,0,2,0,2
111,私立,技專校院,1076,華夏學校財團法人華夏科技大學,碩士班(日間),女,5,2,2,0,0,0,0,1,0,0,0,0,1,0,0,0,0,0,0,0
111,私立,技專校院,1076,華夏學校財團法人華夏科技大學,碩士在職專班,女,13,7,5,0,0,0,0,2,0,0,0,0,2,0,1,0,0,2,0,2
111,私立,技專校院,1076,華夏學校財團法人華夏科技大學,二專(進修),男,4,6,1,0,0,0,0,0,0,0,1,0,0,0,0,0,0,5,0,5
111,私立,技專校院,1076,華夏學校財團法人華夏科技大學,學士班(日間),男,747,96,64,2,5,23,2,11,0,0,12,0,0,1,6,2,0,32,0,32
111,私立,技專校院,1076,華夏學校財團法人華夏科技大學,五專,男,409,45,33,0,1,12,6,3,0,0,5,0,0,1,0,3,2,12,4,8
111,私立,技專校院,1076,華夏學校財團法人華夏科技大學,二專(進修),女,32,12,8,1,0,3,0,3,0,0,0,0,0,0,1,0,0,4,0,4
111,私立,技專校院,1076,華夏學校財團法人華夏科技大學,學士班(日間),女,351,51,29,3,1,11,1,5,3,1,0,1,0,0,3,0,0,22,0,22
111,私立,技專校院,1076,華夏學校財團法人華夏科技大學,學士班(進修),女,442,54,44,3,0,10,0,23,2,1,0,0,0,4,1,0,0,10,0,10
111,私立,技專校院,1076,華夏學校財團法人華夏科技大學,五專,女,108,6,4,0,0,3,0,0,0,0,0,0,0,0,0,1,0,2,1,1
111,私立,技專校院,1076,華夏學校財團法人華夏科技大學,學士班(進修),男,642,69,49,6,5,6,0,19,0,0,7,0,0,2,1,0,3,20,0,20
111,私立,技專校院,1076,華夏學校財團法人華夏科技大學,碩士班(日間),男,25,12,4,0,0,0,0,2,0,1,0,0,1,0,0,0,0,8,0,8
111,私立,技專校院,1076,華夏學校財團法人華夏科技大學,碩士在職專班,男,39,11,6,1,0,0,0,4,0,0,0,0,1,0,0,0,0,5,0,5
111,私立,技專校院,1077,慈濟學校財團法人慈濟科技大學,學士班(日間),女,960,37,37,4,2,17,2,6,0,1,0,1,0,1,1,1,1,0,0,0
111,私立,技專校院,1077,慈濟學校財團法人慈濟科技大學,五專,女,1116,58,58,9,3,33,6,4,0,0,0,1,0,0,2,0,0,0,0,0
111,私立,技專校院,1077,慈濟學校財團法人慈濟科技大學,二專(日間),男,2,0,0,0,0,0,0,0,0,0,0,0,0,0,0,0,0,0,0,0
111,私立,技專校院,1077,慈濟學校財團法人慈濟科技大學,五專,男,184,10,10,1,1,5,3,0,0,0,0,0,0,0,0,0,0,0,0,0
111,私立,技專校院,1077,慈濟學校財團法人慈濟科技大學,碩士班(日間),男,26,5,5,0,0,1,0,4,0,0,0,0,0,0,0,0,0,0,0,0
111,私立,技專校院,1077,慈濟學校財團法人慈濟科技大學,二專(日間),女,18,0,0,0,0,0,0,0,0,0,0,0,0,0,0,0,0,0,0,0
111,私立,技專校院,1077,慈濟學校財團法人慈濟科技大學,學士班(進修),女,153,43,43,0,0,1,1,27,5,0,0,0,0,1,6,2,0,0,0,0
111,私立,技專校院,1077,慈濟學校財團法人慈濟科技大學,碩士班(日間),女,54,13,13,0,0,0,0,11,0,1,0,0,1,0,0,0,0,0,0,0
111,私立,技專校院,1077,慈濟學校財團法人慈濟科技大學,二專(進修),男,3,0,0,0,0,0,0,0,0,0,0,0,0,0,0,0,0,0,0,0
111,私立,技專校院,1077,慈濟學校財團法人慈濟科技大學,學士班(日間),男,484,36,36,2,2,12,9,5,0,0,3,0,0,0,0,0,3,0,0,0
111,私立,技專校院,1077,慈濟學校財團法人慈濟科技大學,學士班(進修),男,22,5,5,1,0,0,0,3,0,0,0,0,0,0,0,1,0,0,0,0
111,私立,技專校院,1078,致理學校財團法人致理科技大學,五專,女,1210,65,65,9,0,28,17,4,0,0,0,5,0,0,1,0,1,0,0,0
111,私立,技專校院,1078,致理學校財團法人致理科技大學,碩士班(日間),女,36,12,12,1,1,0,0,3,0,0,0,0,6,0,1,0,0,0,0,0
111,私立,技專校院,1078,致理學校財團法人致理科技大學,碩士在職專班,女,33,5,5,1,0,0,0,2,0,0,0,0,2,0,0,0,0,0,0,0
111,私立,技專校院,1078,致理學校財團法人致理科技大學,學士班(日間),男,2192,96,96,6,1,25,14,24,0,0,8,2,0,8,5,3,0,0,0,0
111,私立,技專校院,1078,致理學校財團法人致理科技大學,學士班(進修),男,1242,134,134,5,7,17,15,73,0,1,6,4,0,4,1,1,0,0,0,0
111,私立,技專校院,1078,致理學校財團法人致理科技大學,學士班(日間),女,4459,122,122,9,8,31,32,23,3,1,0,6,0,3,4,2,0,0,0,0
111,私立,技專校院,1078,致理學校財團法人致理科技大學,學士班(進修),女,1763,166,166,14,6,18,8,77,3,13,0,12,0,6,7,2,0,0,0,0
111,私立,技專校院,1078,致理學校財團法人致理科技大學,五專,男,366,37,37,3,0,16,10,2,0,0,0,3,0,1,0,2,0,0,0,0
111,私立,技專校院,1078,致理學校財團法人致理科技大學,碩士班(日間),男,11,2,2,0,0,0,0,0,0,0,1,0,1,0,0,0,0,0,0,0
111,私立,技專校院,1078,致理學校財團法人致理科技大學,碩士在職專班,男,14,4,4,0,0,0,0,2,0,0,0,0,2,0,0,0,0,0,0,0
111,私立,一般大學,1079,康寧學校財團法人康寧大學,二專(進修),女,133,6,6,1,0,0,0,3,1,0,0,0,0,1,0,0,0,0,0,0
111,私立,一般大學,1079,康寧學校財團法人康寧大學,學士班(日間),女,147,9,9,1,0,5,0,0,0,0,0,0,0,0,3,0,0,0,0,0
111,私立,一般大學,1079,康寧學校財團法人康寧大學,學士班(進修),女,170,8,8,1,0,1,0,1,1,0,0,0,0,1,3,0,0,0,0,0
111,私立,一般大學,1079,康寧學校財團法人康寧大學,五專,女,2036,96,96,20,1,38,9,2,1,2,1,2,0,11,0,6,3,0,0,0
111,私立,一般大學,1079,康寧學校財團法人康寧大學,碩士在職專班,女,3,5,5,0,0,0,0,4,1,0,0,0,0,0,0,0,0,0,0,0
111,私立,一般大學,1079,康寧學校財團法人康寧大學,學士班(進修),男,18,1,1,0,0,0,0,1,0,0,0,0,0,0,0,0,0,0,0,0
111,私立,一般大學,1079,康寧學校財團法人康寧大學,碩士班(日間),男,0,2,2,1,0,0,1,0,0,0,0,0,0,0,0,0,0,0,0,0
111,私立,一般大學,1079,康寧學校財團法人康寧大學,碩士在職專班,男,4,1,1,0,0,0,0,1,0,0,0,0,0,0,0,0,0,0,0,0
111,私立,一般大學,1079,康寧學校財團法人康寧大學,碩士班(日間),女,2,4,4,1,0,0,0,2,0,0,0,0,0,0,0,0,1,0,0,0
111,私立,一般大學,1079,康寧學校財團法人康寧大學,二專(進修),男,44,4,4,0,0,1,0,2,0,1,0,0,0,0,0,0,0,0,0,0
111,私立,一般大學,1079,康寧學校財團法人康寧大學,學士班(日間),男,36,2,2,0,1,0,0,1,0,0,0,0,0,0,0,0,0,0,0,0
111,私立,一般大學,1079,康寧學校財團法人康寧大學,五專,男,599,40,40,2,3,14,3,4,0,0,5,3,0,3,0,2,1,0,0,0
111,私立,技專校院,1080,宏國學校財團法人宏國德霖科技大學,五專,女,458,17,17,3,1,8,3,0,0,0,0,1,0,0,1,0,0,0,0,0
111,私立,技專校院,1080,宏國學校財團法人宏國德霖科技大學,碩士班(日間),女,21,2,2,0,0,1,0,0,0,0,0,0,0,0,1,0,0,0,0,0
111,私立,技專校院,1080,宏國學校財團法人宏國德霖科技大學,學士班(日間),男,1074,60,60,5,10,8,4,11,0,0,18,0,0,1,0,2,1,0,0,0
111,私立,技專校院,1080,宏國學校財團法人宏國德霖科技大學,學士班(日間),女,710,19,19,1,2,8,0,4,2,1,0,1,0,0,0,0,0,0,0,0
111,私立,技專校院,1080,宏國學校財團法人宏國德霖科技大學,學士班(進修),女,671,17,17,1,3,0,1,11,1,0,0,0,0,0,0,0,0,0,0,0
111,私立,技專校院,1080,宏國學校財團法人宏國德霖科技大學,學士班(進修),男,1071,29,29,1,1,1,0,21,0,0,3,1,0,0,1,0,0,0,0,0
111,私立,技專校院,1080,宏國學校財團法人宏國德霖科技大學,五專,男,649,32,32,3,4,8,6,5,0,0,4,0,0,0,1,1,0,0,0,0
111,私立,技專校院,1080,宏國學校財團法人宏國德霖科技大學,碩士班(日間),男,35,0,0,0,0,0,0,0,0,0,0,0,0,0,0,0,0,0,0,0
111,私立,技專校院,1081,東方學校財團法人東方設計大學,二專(進修),女,19,0,0,0,0,0,0,0,0,0,0,0,0,0,0,0,0,0,0,0
111,私立,技專校院,1081,東方學校財團法人東方設計大學,學士班(日間),女,147,5,5,1,0,3,0,0,0,0,0,0,0,0,0,0,1,0,0,0
111,私立,技專校院,1081,東方學校財團法人東方設計大學,學士班(進修),女,66,4,4,0,0,1,1,2,0,0,0,0,0,0,0,0,0,0,0,0
111,私立,技專校院,1081,東方學校財團法人東方設計大學,博士班,女,15,1,1,0,0,0,0,0,0,0,0,0,0,0,0,0,1,0,0,0
111,私立,技專校院,1081,東方學校財團法人東方設計大學,碩士班(日間),女,33,3,3,0,0,0,0,2,0,0,0,0,0,0,0,0,1,0,0,0
111,私立,技專校院,1081,東方學校財團法人東方設計大學,博士班,男,11,1,1,0,0,1,0,0,0,0,0,0,0,0,0,0,0,0,0,0
111,私立,技專校院,1081,東方學校財團法人東方設計大學,碩士班(日間),男,31,5,5,0,1,0,0,3,0,0,0,0,0,0,0,0,1,0,0,0
111,私立,技專校院,1081,東方學校財團法人東方設計大學,碩士在職專班,男,10,0,0,0,0,0,0,0,0,0,0,0,0,0,0,0,0,0,0,0
111,私立,技專校院,1081,東方學校財團法人東方設計大學,五專,女,154,7,7,1,0,2,0,3,0,0,0,0,0,0,0,0,1,0,0,0
111,私立,技專校院,1081,東方學校財團法人東方設計大學,碩士在職專班,女,14,1,1,0,0,0,0,1,0,0,0,0,0,0,0,0,0,0,0,0
111,私立,技專校院,1081,東方學校財團法人東方設計大學,二專(進修),男,29,3,3,0,0,0,0,0,0,0,1,0,0,0,0,0,2,0,0,0
111,私立,技專校院,1081,東方學校財團法人東方設計大學,學士班(日間),男,184,12,12,2,0,2,1,4,0,0,2,0,0,0,1,0,0,0,0,0
111,私立,技專校院,1081,東方學校財團法人東方設計大學,學士班(進修),男,101,11,11,0,0,0,0,2,0,0,0,0,0,0,0,0,9,0,0,0
111,私立,技專校院,1081,東方學校財團法人東方設計大學,五專,男,136,16,16,0,0,5,0,1,0,0,1,0,0,0,5,1,3,0,0,0
111,私立,技專校院,1082,崇右學校財團法人崇右影藝科技大學,碩士班(日間),女,19,3,3,0,0,0,0,2,0,0,0,0,1,0,0,0,0,0,0,0
111,私立,技專校院,1082,崇右學校財團法人崇右影藝科技大學,學士班(進修),男,3,0,0,0,0,0,0,0,0,0,0,0,0,0,0,0,0,0,0,0
111,私立,技專校院,1082,崇右學校財團法人崇右影藝科技大學,二專(進修),女,1,0,0,0,0,0,0,0,0,0,0,0,0,0,0,0,0,0,0,0
111,私立,技專校院,1082,崇右學校財團法人崇右影藝科技大學,學士班(日間),女,732,29,29,2,9,7,0,8,1,0,0,1,0,0,1,0,0,0,0,0
111,私立,技專校院,1082,崇右學校財團法人崇右影藝科技大學,學士班(進修),女,1,0,0,0,0,0,0,0,0,0,0,0,0,0,0,0,0,0,0,0
111,私立,技專校院,1082,崇右學校財團法人崇右影藝科技大學,二專(進修),男,1,2,2,0,0,0,0,2,0,0,0,0,0,0,0,0,0,0,0,0
111,私立,技專校院,1082,崇右學校財團法人崇右影藝科技大學,學士班(日間),男,582,27,26,3,3,3,0,10,0,0,5,1,0,0,1,0,0,1,1,0
111,私立,技專校院,1082,崇右學校財團法人崇右影藝科技大學,碩士班(日間),男,25,4,4,0,0,0,0,2,0,0,0,0,2,0,0,0,0,0,0,0
111,私立,技專校院,1083,台北海洋學校財團法人台北海洋科技大學,碩士班(日間),女,56,11,9,3,0,1,0,4,0,0,0,0,0,1,0,0,0,2,0,2
111,私立,技專校院,1083,台北海洋學校財團法人台北海洋科技大學,二專(日間),男,31,3,2,1,0,0,0,0,0,0,0,0,0,0,0,0,1,1,0,1
111,私立,技專校院,1083,台北海洋學校財團法人台北海洋科技大學,二專(進修),男,113,10,10,0,3,1,0,4,0,0,1,0,0,1,0,0,0,0,0,0
111,私立,技專校院,1083,台北海洋學校財團法人台北海洋科技大學,學士班(日間),男,1314,143,118,5,15,34,0,30,0,1,19,2,0,3,1,0,8,25,0,25
111,私立,技專校院,1083,台北海洋學校財團法人台北海洋科技大學,五專,男,370,61,45,1,7,15,0,12,0,0,6,2,0,1,0,0,1,16,0,16
111,私立,技專校院,1083,台北海洋學校財團法人台北海洋科技大學,二專(日間),女,1,0,0,0,0,0,0,0,0,0,0,0,0,0,0,0,0,0,0,0
111,私立,技專校院,1083,台北海洋學校財團法人台北海洋科技大學,二專(進修),女,9,2,2,0,2,0,0,0,0,0,0,0,0,0,0,0,0,0,0,0
111,私立,技專校院,1083,台北海洋學校財團法人台北海洋科技大學,學士班(日間),女,948,91,65,10,14,17,0,17,0,0,0,0,0,3,0,0,4,26,0,26
111,私立,技專校院,1083,台北海洋學校財團法人台北海洋科技大學,學士班(進修),女,470,40,40,8,6,3,0,20,3,0,0,0,0,0,0,0,0,0,0,0
111,私立,技專校院,1083,台北海洋學校財團法人台北海洋科技大學,五專,女,237,29,20,0,3,10,0,2,1,1,0,0,0,2,0,0,1,9,0,9
111,私立,技專校院,1083,台北海洋學校財團法人台北海洋科技大學,學士班(進修),男,371,24,24,0,3,0,0,16,0,0,3,0,0,1,0,0,1,0,0,0
111,私立,技專校院,1083,台北海洋學校財團法人台北海洋科技大學,碩士班(日間),男,87,23,15,0,1,1,0,12,0,0,0,0,0,0,0,0,1,8,0,8
111,私立,技專校院,1084,亞東學校財團法人亞東科技大學,學士班(日間),女,1138,75,75,10,15,9,9,21,1,0,0,2,0,8,0,0,0,0,0,0
111,私立,技專校院,1084,亞東學校財團法人亞東科技大學,學士班(進修),男,4,0,0,0,0,0,0,0,0,0,0,0,0,0,0,0,0,0,0,0
111,私立,技專校院,1084,亞東學校財團法人亞東科技大學,碩士班(日間),男,39,9,9,0,1,0,0,5,0,0,2,0,0,0,1,0,0,0,0,0
111,私立,技專校院,1084,亞東學校財團法人亞東科技大學,學士班(進修),女,147,7,7,2,1,0,0,3,0,0,0,0,0,0,1,0,0,0,0,0
111,私立,技專校院,1084,亞東學校財團法人亞東科技大學,碩士班(日間),女,14,5,5,1,2,0,1,1,0,0,0,0,0,0,0,0,0,0,0,0
111,私立,技專校院,1084,亞東學校財團法人亞東科技大學,學士班(日間),男,2579,160,160,4,21,15,24,55,0,0,12,4,0,18,3,3,1,0,0,0
111,私立,一般大學,1125,中信學校財團法人中信金融管理學院,學士班(日間),女,319,6,6,3,0,1,0,1,0,0,0,0,0,0,1,0,0,0,0,0
111,私立,一般大學,1125,中信學校財團法人中信金融管理學院,碩士班(日間),女,57,8,8,0,0,0,0,5,1,0,0,0,1,0,1,0,0,0,0,0
111,私立,一般大學,1125,中信學校財團法人中信金融管理學院,碩士班(日間),男,50,4,4,0,0,0,0,3,0,0,0,0,1,0,0,0,0,0,0,0
111,私立,一般大學,1125,中信學校財團法人中信金融管理學院,碩士在職專班,男,25,0,0,0,0,0,0,0,0,0,0,0,0,0,0,0,0,0,0,0
111,私立,一般大學,1125,中信學校財團法人中信金融管理學院,碩士在職專班,女,17,0,0,0,0,0,0,0,0,0,0,0,0,0,0,0,0,0,0,0
111,私立,一般大學,1125,中信學校財團法人中信金融管理學院,學士班(日間),男,457,9,9,2,0,0,0,0,0,0,6,0,0,0,1,0,0,0,0,0
111,私立,技專校院,1148,大漢技術學院,碩士班(日間),女,30,9,9,0,1,0,0,5,0,0,0,0,1,1,1,0,0,0,0,0
111,私立,技專校院,1148,大漢技術學院,二專(進修),男,40,10,10,0,0,1,0,7,0,0,0,0,0,1,1,0,0,0,0,0
111,私立,技專校院,1148,大漢技術學院,學士班(日間),男,83,13,13,0,2,2,5,0,0,0,4,0,0,0,0,0,0,0,0,0
111,私立,技專校院,1148,大漢技術學院,二專(進修),女,52,9,9,0,0,1,0,7,0,0,0,0,0,0,1,0,0,0,0,0
111,私立,技專校院,1148,大漢技術學院,學士班(日間),女,58,8,8,1,0,2,3,2,0,0,0,0,0,0,0,0,0,0,0,0
111,私立,技專校院,1148,大漢技術學院,學士班(進修),女,191,20,20,1,1,1,0,13,1,1,0,0,0,0,2,0,0,0,0,0
111,私立,技專校院,1148,大漢技術學院,學士班(進修),男,283,38,38,1,0,0,0,26,0,1,6,3,0,0,1,0,0,0,0,0
111,私立,技專校院,1148,大漢技術學院,碩士班(日間),男,47,24,24,0,1,0,0,12,0,0,0,0,11,0,0,0,0,0,0,0
111,私立,技專校院,1159,和春技術學院,學士班(進修),女,5,0,0,0,0,0,0,0,0,0,0,0,0,0,0,0,0,0,0,0
111,私立,技專校院,1159,和春技術學院,二專(進修),女,2,0,0,0,0,0,0,0,0,0,0,0,0,0,0,0,0,0,0,0
111,私立,技專校院,1159,和春技術學院,學士班(日間),女,5,0,0,0,0,0,0,0,0,0,0,0,0,0,0,0,0,0,0,0
111,私立,技專校院,1159,和春技術學院,五專,女,2,0,0,0,0,0,0,0,0,0,0,0,0,0,0,0,0,0,0,0
111,私立,技專校院,1159,和春技術學院,二專(進修),男,5,0,0,0,0,0,0,0,0,0,0,0,0,0,0,0,0,0,0,0
111,私立,技專校院,1159,和春技術學院,學士班(日間),男,19,0,0,0,0,0,0,0,0,0,0,0,0,0,0,0,0,0,0,0
111,私立,技專校院,1159,和春技術學院,學士班(進修),男,25,0,0,0,0,0,0,0,0,0,0,0,0,0,0,0,0,0,0,0
111,私立,技專校院,1159,和春技術學院,五專,男,6,0,0,0,0,0,0,0,0,0,0,0,0,0,0,0,0,0,0,0
111,私立,技專校院,1168,南亞科技學校財團法人南亞技術學院,碩士班(日間),女,1,0,0,0,0,0,0,0,0,0,0,0,0,0,0,0,0,0,0,0
111,私立,技專校院,1168,南亞科技學校財團法人南亞技術學院,二專(進修),男,2,2,2,0,0,0,0,2,0,0,0,0,0,0,0,0,0,0,0,0
111,私立,技專校院,1168,南亞科技學校財團法人南亞技術學院,學士班(日間),男,728,76,76,2,17,25,0,19,0,0,11,0,0,0,2,0,0,0,0,0
111,私立,技專校院,1168,南亞科技學校財團法人南亞技術學院,五專,男,76,20,20,0,1,9,0,7,0,0,3,0,0,0,0,0,0,0,0,0
111,私立,技專校院,1168,南亞科技學校財團法人南亞技術學院,二專(進修),女,1,1,1,0,0,0,0,0,0,1,0,0,0,0,0,0,0,0,0,0
111,私立,技專校院,1168,南亞科技學校財團法人南亞技術學院,學士班(日間),女,339,36,36,2,7,8,0,11,0,4,0,0,0,0,1,0,3,0,0,0
111,私立,技專校院,1168,南亞科技學校財團法人南亞技術學院,學士班(進修),女,739,57,57,7,7,3,0,25,6,4,0,1,0,0,4,0,0,0,0,0
111,私立,技專校院,1168,南亞科技學校財團法人南亞技術學院,五專,女,56,11,11,0,0,4,0,6,0,1,0,0,0,0,0,0,0,0,0,0
111,私立,技專校院,1168,南亞科技學校財團法人南亞技術學院,學士班(進修),男,375,70,70,3,7,1,0,50,0,3,4,0,0,0,1,1,0,0,0,0
111,私立,技專校院,1168,南亞科技學校財團法人南亞技術學院,碩士班(日間),男,3,4,4,2,0,0,0,0,0,0,0,0,2,0,0,0,0,0,0,0
111,私立,技專校院,1183,黎明技術學院,學士班(日間),女,1655,152,152,10,30,32,2,36,2,0,0,10,0,16,4,0,10,0,0,0
111,私立,技專校院,1183,黎明技術學院,學士班(進修),女,451,34,26,2,4,1,0,15,1,0,0,0,0,2,1,0,0,8,0,8
111,私立,技專校院,1183,黎明技術學院,五專,女,68,0,0,0,0,0,0,0,0,0,0,0,0,0,0,0,0,0,0,0
111,私立,技專校院,1183,黎明技術學院,學士班(日間),男,1738,166,166,7,26,25,13,44,0,0,19,2,0,15,4,0,11,0,0,0
111,私立,技專校院,1183,黎明技術學院,學士班(進修),男,864,55,41,1,2,6,0,18,0,0,7,1,0,4,2,0,0,14,0,14
111,私立,技專校院,1183,黎明技術學院,五專,男,285,17,17,1,1,3,1,6,0,0,5,0,0,0,0,0,0,0,0,0
111,私立,技專校院,1185,德育學校財團法人德育護理健康學院,二專(進修),女,163,11,11,1,3,0,0,3,1,1,0,0,0,0,2,0,0,0,0,0
111,私立,技專校院,1185,德育學校財團法人德育護理健康學院,學士班(日間),女,1023,77,77,10,4,15,5,11,2,2,0,0,0,8,2,0,18,0,0,0
111,私立,技專校院,1185,德育學校財團法人德育護理健康學院,五專,女,716,77,76,5,4,16,19,11,2,1,0,0,0,5,2,0,11,1,0,1
111,私立,技專校院,1185,德育學校財團法人德育護理健康學院,二專(進修),男,27,3,3,0,0,0,0,2,0,0,1,0,0,0,0,0,0,0,0,0
111,私立,技專校院,1185,德育學校財團法人德育護理健康學院,學士班(日間),男,550,46,42,3,8,4,2,4,0,0,3,0,0,8,2,0,8,4,0,4
111,私立,技專校院,1185,德育學校財團法人德育護理健康學院,學士班(進修),女,703,43,43,6,1,2,0,25,2,0,0,1,0,4,2,0,0,0,0,0
111,私立,技專校院,1185,德育學校財團法人德育護理健康學院,碩士班(日間),女,36,16,16,0,1,0,0,1,0,0,0,1,8,1,3,0,1,0,0,0
111,私立,技專校院,1185,德育學校財團法人德育護理健康學院,碩士在職專班,女,28,6,6,1,0,0,0,1,0,1,0,0,3,0,0,0,0,0,0,0
111,私立,技專校院,1185,德育學校財團法人德育護理健康學院,學士班(進修),男,154,11,11,1,0,2,0,8,0,0,0,0,0,0,0,0,0,0,0,0
111,私立,技專校院,1185,德育學校財團法人德育護理健康學院,五專,男,243,45,43,0,2,4,9,9,0,0,6,0,0,5,0,0,8,2,0,2
111,私立,技專校院,1185,德育學校財團法人德育護理健康學院,碩士班(日間),男,3,1,1,0,0,0,0,0,0,0,0,0,1,0,0,0,0,0,0,0
111,私立,技專校院,1185,德育學校財團法人德育護理健康學院,碩士在職專班,男,13,3,3,0,0,0,0,2,0,0,0,0,0,0,0,0,1,0,0,0
111,私立,技專校院,1188,大同技術學院,二專(進修),女,6,1,1,0,0,0,0,0,0,0,0,0,0,0,1,0,0,0,0,0
111,私立,技專校院,1188,大同技術學院,學士班(日間),女,91,7,7,0,0,2,0,3,1,0,0,0,0,0,1,0,0,0,0,0
111,私立,技專校院,1188,大同技術學院,二專(進修),男,13,1,1,0,0,0,0,1,0,0,0,0,0,0,0,0,0,0,0,0
111,私立,技專校院,1188,大同技術學院,學士班(日間),男,87,16,13,2,1,1,2,7,0,0,0,0,0,0,0,0,0,3,0,3
111,私立,技專校院,1188,大同技術學院,五專,男,23,2,2,0,0,0,0,1,0,0,1,0,0,0,0,0,0,0,0,0
111,私立,技專校院,1188,大同技術學院,學士班(進修),女,177,19,19,0,0,0,0,12,2,0,0,1,0,0,3,0,1,0,0,0
111,私立,技專校院,1188,大同技術學院,五專,女,23,3,3,1,0,1,0,0,1,0,0,0,0,0,0,0,0,0,0,0
111,私立,技專校院,1188,大同技術學院,學士班(進修),男,52,5,5,0,0,1,0,4,0,0,0,0,0,0,0,0,0,0,0,0
111,私立,一般大學,1195,馬偕學校財團法人馬偕醫學院,學士班(日間),女,446,19,19,3,0,16,0,0,0,0,0,0,0,0,0,0,0,0,0,0
111,私立,一般大學,1195,馬偕學校財團法人馬偕醫學院,學士班(日間),男,258,9,9,1,0,7,0,0,0,0,1,0,0,0,0,0,0,0,0,0
111,私立,一般大學,1195,馬偕學校財團法人馬偕醫學院,碩士在職專班,男,6,3,3,0,0,0,0,3,0,0,0,0,0,0,0,0,0,0,0,0
111,私立,一般大學,1195,馬偕學校財團法人馬偕醫學院,學士班(進修),女,54,4,4,0,0,0,0,4,0,0,0,0,0,0,0,0,0,0,0,0
111,私立,一般大學,1195,馬偕學校財團法人馬偕醫學院,碩士班(日間),女,41,7,7,2,0,0,0,4,0,0,0,0,0,0,1,0,0,0,0,0
111,私立,一般大學,1195,馬偕學校財團法人馬偕醫學院,碩士在職專班,女,25,6,6,0,0,0,0,3,0,1,0,0,2,0,0,0,0,0,0,0
111,私立,一般大學,1195,馬偕學校財團法人馬偕醫學院,博士班,男,10,1,1,0,0,0,0,1,0,0,0,0,0,0,0,0,0,0,0,0
111,私立,一般大學,1195,馬偕學校財團法人馬偕醫學院,碩士班(日間),男,22,11,11,3,0,1,0,7,0,0,0,0,0,0,0,0,0,0,0,0
111,私立,一般大學,1196,法鼓學校財團法人法鼓文理學院,學士班(日間),女,32,2,2,0,0,0,0,0,0,0,0,0,0,0,1,0,1,0,0,0
111,私立,一般大學,1196,法鼓學校財團法人法鼓文理學院,博士班,女,12,4,4,0,0,0,0,0,0,0,0,0,4,0,0,0,0,0,0,0
111,私立,一般大學,1196,法鼓學校財團法人法鼓文理學院,碩士班(日間),女,198,59,59,3,2,1,0,19,0,0,0,1,25,2,5,0,1,0,0,0
111,私立,一般大學,1196,法鼓學校財團法人法鼓文理學院,博士班,男,8,1,1,0,0,0,0,1,0,0,0,0,0,0,0,0,0,0,0,0
111,私立,一般大學,1196,法鼓學校財團法人法鼓文理學院,碩士班(日間),男,63,29,29,1,2,0,0,15,0,0,0,1,10,0,0,0,0,0,0,0
111,私立,一般大學,1196,法鼓學校財團法人法鼓文理學院,學士班(日間),男,25,1,1,0,0,0,0,1,0,0,0,0,0,0,0,0,0,0,0,0
111,私立,技專校院,1282,馬偕學校財團法人馬偕醫護管理專科學校,二專(進修),女,74,3,3,0,0,1,0,2,0,0,0,0,0,0,0,0,0,0,0,0
111,私立,技專校院,1282,馬偕學校財團法人馬偕醫護管理專科學校,五專,女,3359,109,109,4,7,46,19,7,4,1,0,1,0,18,1,1,0,0,0,0
111,私立,技專校院,1282,馬偕學校財團法人馬偕醫護管理專科學校,二專(進修),男,71,6,6,0,1,0,0,2,0,0,0,1,0,1,1,0,0,0,0,0
111,私立,技專校院,1282,馬偕學校財團法人馬偕醫護管理專科學校,五專,男,514,21,21,0,0,6,7,4,0,0,1,1,0,0,1,1,0,0,0,0
111,私立,技專校院,1283,仁德醫護管理專科學校,五專,女,4474,133,133,18,7,59,30,11,3,2,0,0,0,0,3,0,0,0,0,0
111,私立,技專校院,1283,仁德醫護管理專科學校,二專(進修),男,182,2,2,1,0,0,0,1,0,0,0,0,0,0,0,0,0,0,0,0
111,私立,技專校院,1283,仁德醫護管理專科學校,二專(進修),女,192,3,3,0,1,0,0,0,1,0,0,1,0,0,0,0,0,0,0,0
111,私立,技專校院,1283,仁德醫護管理專科學校,五專,男,1308,64,64,3,2,24,19,6,0,2,8,0,0,0,0,0,0,0,0,0
111,私立,技專校院,1284,樹人醫護管理專科學校,二專(進修),女,273,47,47,3,0,9,0,27,1,0,0,0,0,0,2,0,5,0,0,0
111,私立,技專校院,1284,樹人醫護管理專科學校,五專,女,5319,201,201,18,0,116,17,16,1,0,0,3,0,10,0,0,20,0,0,0
111,私立,技專校院,1284,樹人醫護管理專科學校,二專(進修),男,274,48,48,3,1,11,0,25,0,0,0,0,0,0,0,0,8,0,0,0
111,私立,技專校院,1284,樹人醫護管理專科學校,五專,男,1408,90,90,5,0,52,11,5,0,0,0,1,0,7,0,0,9,0,0,0
111,私立,技專校院,1285,慈惠醫護管理專科學校,二專(日間),女,65,16,16,0,2,1,7,2,1,0,0,0,0,0,3,0,0,0,0,0
111,私立,技專校院,1285,慈惠醫護管理專科學校,二專(進修),男,77,14,14,0,1,0,0,6,0,0,0,0,0,0,0,0,7,0,0,0
111,私立,技專校院,1285,慈惠醫護管理專科學校,二專(進修),女,126,24,24,3,2,0,1,6,2,0,0,0,0,0,0,0,10,0,0,0
111,私立,技專校院,1285,慈惠醫護管理專科學校,五專,女,1955,288,288,31,35,90,45,34,9,2,6,1,0,8,27,0,0,0,0,0
111,私立,技專校院,1285,慈惠醫護管理專科學校,二專(日間),男,19,12,12,0,2,2,3,2,0,0,1,0,0,0,2,0,0,0,0,0
111,私立,技專校院,1285,慈惠醫護管理專科學校,五專,男,506,109,109,5,10,32,16,16,0,0,12,0,0,3,15,0,0,0,0,0
111,私立,技專校院,1286,耕莘健康管理專科學校,二專(進修),女,91,6,6,2,0,0,0,1,1,0,0,0,0,0,2,0,0,0,0,0
111,私立,技專校院,1286,耕莘健康管理專科學校,五專,女,3718,128,120,13,4,76,5,10,0,0,0,3,0,5,1,1,2,8,0,8
111,私立,技專校院,1286,耕莘健康管理專科學校,二專(進修),男,6,1,1,0,0,0,0,0,0,0,0,0,0,0,0,0,1,0,0,0
111,私立,技專校院,1286,耕莘健康管理專科學校,五專,男,399,29,25,1,0,11,1,6,0,0,3,1,0,0,1,1,0,4,0,4
111,私立,技專校院,1287,敏惠醫護管理專科學校,二專(進修),女,48,1,1,0,0,1,0,0,0,0,0,0,0,0,0,0,0,0,0,0
111,私立,技專校院,1287,敏惠醫護管理專科學校,五專,女,3242,100,100,20,8,25,17,13,2,0,0,0,0,2,2,0,11,0,0,0
111,私立,技專校院,1287,敏惠醫護管理專科學校,二專(進修),男,23,0,0,0,0,0,0,0,0,0,0,0,0,0,0,0,0,0,0,0
111,私立,技專校院,1287,敏惠醫護管理專科學校,五專,男,484,27,27,2,0,8,4,8,0,0,4,0,0,0,0,0,1,0,0,0
111,私立,技專校院,1289,育英醫護管理專科學校,五專,女,1685,93,91,5,9,29,12,9,3,1,1,2,0,11,9,0,0,2,2,0
111,私立,技專校院,1289,育英醫護管理專科學校,五專,男,206,15,15,0,0,5,4,2,0,0,0,0,0,2,2,0,0,0,0,0
111,私立,技專校院,1291,聖母醫護管理專科學校,二專(日間),女,6,1,1,0,0,0,1,0,0,0,0,0,0,0,0,0,0,0,0,0
111,私立,技專校院,1291,聖母醫護管理專科學校,五專,女,1337,97,97,12,6,22,12,13,8,4,1,0,0,15,1,1,2,0,0,0
111,私立,技專校院,1291,聖母醫護管理專科學校,二專(進修),男,23,6,6,0,1,0,0,5,0,0,0,0,0,0,0,0,0,0,0,0
111,私立,技專校院,1291,聖母醫護管理專科學校,二專(進修),女,21,6,6,0,0,1,0,4,0,0,0,0,0,1,0,0,0,0,0,0
111,私立,技專校院,1291,聖母醫護管理專科學校,二專(日間),男,9,1,1,0,1,0,0,0,0,0,0,0,0,0,0,0,0,0,0,0
111,私立,技專校院,1291,聖母醫護管理專科學校,五專,男,240,23,23,3,0,7,3,2,0,0,3,0,0,3,0,1,1,0,0,0
111,私立,技專校院,1292,新生醫護管理專科學校,二專(進修),女,65,5,5,1,0,1,2,1,0,0,0,0,0,0,0,0,0,0,0,0
111,私立,技專校院,1292,新生醫護管理專科學校,五專,女,5212,223,188,22,22,65,30,15,2,3,0,3,0,25,1,0,0,35,0,35
111,私立,技專校院,1292,新生醫護管理專科學校,二專(進修),男,10,3,3,0,0,1,0,2,0,0,0,0,0,0,0,0,0,0,0,0
111,私立,技專校院,1292,新生醫護管理專科學校,五專,男,703,53,47,6,3,8,17,6,0,0,0,0,0,6,1,0,0,6,0,6
111,私立,技專校院,1293,崇仁醫護管理專科學校,五專,女,2620,69,69,10,5,27,5,2,0,0,0,4,0,13,0,0,3,0,0,0
111,私立,技專校院,1293,崇仁醫護管理專科學校,五專,男,431,14,14,0,3,4,0,1,0,0,0,0,0,5,1,0,0,0,0,0
111,私立,宗教研修學院,1R02,學校財團法人中華浸信會基督教台灣浸會神學院,碩士班(日間),男,29,0,0,0,0,0,0,0,0,0,0,0,0,0,0,0,0,0,0,0
111,私立,宗教研修學院,1R02,學校財團法人中華浸信會基督教台灣浸會神學院,碩士班(日間),女,19,3,3,2,0,0,0,0,0,1,0,0,0,0,0,0,0,0,0,0
111,私立,宗教研修學院,1R03,臺北基督學院,學士班(日間),男,38,14,14,0,0,4,3,0,0,0,1,1,0,3,0,0,2,0,0,0
111,私立,宗教研修學院,1R03,臺北基督學院,學士班(日間),女,31,18,18,0,1,4,2,2,0,0,0,4,0,1,0,0,4,0,0,0
111,私立,宗教研修學院,1R04,財團法人一貫道天皇基金會一貫道天皇學院,碩士班(日間),女,10,0,0,0,0,0,0,0,0,0,0,0,0,0,0,0,0,0,0,0
111,私立,宗教研修學院,1R04,財團法人一貫道天皇基金會一貫道天皇學院,碩士在職專班,女,28,0,0,0,0,0,0,0,0,0,0,0,0,0,0,0,0,0,0,0
111,私立,宗教研修學院,1R04,財團法人一貫道天皇基金會一貫道天皇學院,碩士班(日間),男,13,0,0,0,0,0,0,0,0,0,0,0,0,0,0,0,0,0,0,0
111,私立,宗教研修學院,1R04,財團法人一貫道天皇基金會一貫道天皇學院,碩士在職專班,男,16,3,3,0,1,0,0,2,0,0,0,0,0,0,0,0,0,0,0,0
111,私立,宗教研修學院,1R04,財團法人一貫道天皇基金會一貫道天皇學院,學士班(日間),女,32,0,0,0,0,0,0,0,0,0,0,0,0,0,0,0,0,0,0,0
111,私立,宗教研修學院,1R04,財團法人一貫道天皇基金會一貫道天皇學院,學士班(日間),男,19,0,0,0,0,0,0,0,0,0,0,0,0,0,0,0,0,0,0,0
111,私立,宗教研修學院,1R05,台神學校財團法人台灣神學研究學院,碩士班(日間),女,81,11,11,1,0,0,0,2,1,2,0,0,4,0,0,0,1,0,0,0
111,私立,宗教研修學院,1R05,台神學校財團法人台灣神學研究學院,碩士在職專班,女,3,0,0,0,0,0,0,0,0,0,0,0,0,0,0,0,0,0,0,0
111,私立,宗教研修學院,1R05,台神學校財團法人台灣神學研究學院,碩士班(日間),男,42,4,4,0,1,0,0,2,0,0,0,0,0,0,1,0,0,0,0,0
111,私立,宗教研修學院,1R05,台神學校財團法人台灣神學研究學院,碩士在職專班,男,1,0,0,0,0,0,0,0,0,0,0,0,0,0,0,0,0,0,0,0
111,私立,宗教研修學院,1R06,一貫道崇德學院,碩士班(日間),女,38,19,19,0,0,0,0,5,0,0,0,0,14,0,0,0,0,0,0,0
111,私立,宗教研修學院,1R06,一貫道崇德學院,碩士班(日間),男,18,14,14,0,0,0,0,4,0,0,0,0,10,0,0,0,0,0,0,0
111,私立,宗教研修學院,1R07,台灣基督長老教會南神神學院,碩士班(日間),女,40,19,19,1,1,3,0,5,0,1,0,0,7,0,1,0,0,0,0,0
111,私立,宗教研修學院,1R07,台灣基督長老教會南神神學院,碩士班(日間),男,28,8,8,0,0,0,0,3,0,0,0,0,5,0,0,0,0,0,0,0
111,私立,宗教研修學院,1R08,中華福音神學研究學院,碩士班(日間),女,20,0,0,0,0,0,0,0,0,0,0,0,0,0,0,0,0,0,0,0
111,私立,宗教研修學院,1R08,中華福音神學研究學院,碩士班(日間),男,23,0,0,0,0,0,0,0,0,0,0,0,0,0,0,0,0,0,0,0
111,私立,宗教研修學院,1R09,唯心聖教學院,碩士班(日間),男,14,0,0,0,0,0,0,0,0,0,0,0,0,0,0,0,0,0,0,0
111,私立,宗教研修學院,1R09,唯心聖教學院,碩士班(日間),女,16,0,0,0,0,0,0,0,0,0,0,0,0,0,0,0,0,0,0,0
111,公立,一般大學,3002,臺北市立大學,學士班(日間),女,2955,101,101,10,6,21,5,15,0,0,0,19,0,6,4,11,4,0,0,0
111,公立,一般大學,3002,臺北市立大學,學士班(日間),男,2332,137,137,6,12,24,15,37,0,0,2,11,0,9,8,10,3,0,0,0
111,公立,一般大學,3002,臺北市立大學,博士班,男,95,25,25,3,0,0,1,8,0,3,0,0,6,0,2,1,1,0,0,0
111,公立,一般大學,3002,臺北市立大學,博士班,女,116,30,30,6,0,0,0,9,1,2,0,1,9,0,2,0,0,0,0,0
111,公立,一般大學,3002,臺北市立大學,碩士班(日間),女,928,200,200,15,11,3,1,81,2,18,0,5,37,3,8,12,4,0,0,0
111,公立,一般大學,3002,臺北市立大學,碩士在職專班,女,863,145,145,8,5,2,0,58,5,19,0,1,32,0,12,3,0,0,0,0
111,公立,一般大學,3002,臺北市立大學,碩士班(日間),男,414,92,92,4,4,6,0,37,0,5,4,7,15,1,4,3,2,0,0,0
111,公立,一般大學,3002,臺北市立大學,碩士在職專班,男,328,56,56,2,1,0,0,33,0,5,2,0,10,0,2,0,1,0,0,0
112,公立,一般大學,0001,國立政治大學,碩士在職專班,女,965,276,213,10,0,0,0,112,11,41,0,3,23,0,9,0,4,63,0,63
112,公立,一般大學,0001,國立政治大學,學士班(日間),男,3928,181,122,15,1,24,4,2,0,0,4,20,0,0,7,0,45,59,0,59
112,公立,一般大學,0001,國立政治大學,博士班,男,517,194,132,10,3,0,1,31,0,24,5,4,26,1,14,0,13,62,0,62
112,公立,一般大學,0001,國立政治大學,學士班(日間),女,5835,218,168,42,1,19,1,2,0,0,0,33,0,0,13,0,57,50,0,50
112,公立,一般大學,0001,國立政治大學,博士班,女,404,133,99,8,0,0,0,23,6,20,0,0,24,0,10,0,8,34,0,34
112,公立,一般大學,0001,國立政治大學,碩士班(日間),女,2396,452,339,23,2,0,0,87,7,40,0,19,81,0,26,0,54,113,0,113
112,公立,一般大學,0001,國立政治大學,碩士班(日間),男,1835,402,303,9,0,0,1,68,0,17,23,9,86,1,26,0,63,99,0,99
112,公立,一般大學,0001,國立政治大學,碩士在職專班,男,938,298,202,8,0,0,0,131,0,36,1,1,9,0,8,0,8,96,0,96
112,公立,一般大學,0002,國立清華大學,學士班(日間),女,4236,166,166,19,4,65,15,2,1,0,0,40,0,9,8,2,1,0,0,0
112,公立,一般大學,0002,國立清華大學,碩士在職專班,女,904,193,193,20,0,3,1,39,5,54,0,2,58,0,6,3,2,0,0,0
112,公立,一般大學,0002,國立清華大學,博士班,男,1131,179,179,8,2,1,14,53,0,18,4,3,39,1,9,1,26,0,0,0
112,公立,一般大學,0002,國立清華大學,碩士班(日間),男,3526,254,254,20,4,19,14,57,0,4,16,10,69,10,13,4,14,0,0,0
112,公立,一般大學,0002,國立清華大學,碩士在職專班,男,509,60,60,1,0,0,2,30,0,12,0,0,12,0,2,1,0,0,0,0
112,公立,一般大學,0002,國立清華大學,博士班,女,505,96,96,5,2,0,2,25,6,10,0,3,20,1,8,0,14,0,0,0
112,公立,一般大學,0002,國立清華大學,碩士班(日間),女,2341,321,321,29,5,16,6,90,2,21,0,22,79,4,10,28,9,0,0,0
112,公立,一般大學,0002,國立清華大學,學士班(日間),男,5039,213,213,18,3,84,37,10,0,2,13,16,0,18,6,3,3,0,0,0
112,公立,一般大學,0003,國立臺灣大學,博士班,女,1200,306,306,30,6,1,0,40,6,32,0,6,109,1,22,1,52,0,0,0
112,公立,一般大學,0003,國立臺灣大學,碩士班(日間),女,4586,625,625,57,15,6,1,95,4,26,0,35,172,5,19,6,184,0,0,0
112,公立,一般大學,0003,國立臺灣大學,碩士在職專班,女,629,152,152,15,0,1,1,57,4,13,0,2,36,0,5,1,17,0,0,0
112,公立,一般大學,0003,國立臺灣大學,博士班,男,2454,608,608,28,14,3,2,106,0,41,5,23,245,1,44,1,95,0,0,0
112,公立,一般大學,0003,國立臺灣大學,碩士在職專班,男,948,220,220,5,1,0,0,112,0,13,0,3,53,1,9,1,22,0,0,0
112,公立,一般大學,0003,國立臺灣大學,學士班(日間),女,7671,339,337,51,1,91,7,9,0,3,0,78,0,8,6,6,77,2,0,2
112,公立,一般大學,0003,國立臺灣大學,學士班(日間),男,9652,439,433,32,6,174,15,16,0,1,4,67,0,13,6,7,92,6,0,6
112,公立,一般大學,0003,國立臺灣大學,碩士班(日間),男,6742,842,842,56,17,2,2,128,0,9,12,51,222,8,37,11,287,0,0,0
112,公立,一般大學,0004,國立臺灣師範大學,博士班,女,707,214,214,5,3,1,0,78,2,40,0,8,50,1,24,2,0,0,0,0
112,公立,一般大學,0004,國立臺灣師範大學,碩士班(日間),女,2506,532,532,9,6,28,0,199,5,36,0,41,128,13,40,23,4,0,0,0
112,公立,一般大學,0004,國立臺灣師範大學,碩士在職專班,女,1592,348,348,8,5,3,0,118,5,72,0,6,88,4,39,0,0,0,0,0
112,公立,一般大學,0004,國立臺灣師範大學,學士班(日間),男,3846,161,157,4,3,69,8,18,0,0,5,23,0,13,11,1,2,4,0,4
112,公立,一般大學,0004,國立臺灣師範大學,博士班,男,630,180,180,3,5,2,1,70,0,26,3,4,43,1,20,2,0,0,0,0
112,公立,一般大學,0004,國立臺灣師範大學,學士班(日間),女,4657,154,154,3,2,51,5,10,1,1,0,49,0,17,13,0,2,0,0,0
112,公立,一般大學,0004,國立臺灣師範大學,碩士班(日間),男,1878,367,367,6,12,32,2,102,0,7,13,13,104,20,43,10,3,0,0,0
112,公立,一般大學,0004,國立臺灣師範大學,碩士在職專班,男,680,119,119,2,1,2,1,47,0,16,0,1,35,0,14,0,0,0,0,0
112,公立,一般大學,0005,國立成功大學,博士班,女,660,115,114,1,4,12,7,26,4,21,0,3,17,0,4,2,13,1,0,1
112,公立,一般大學,0005,國立成功大學,碩士班(日間),女,2714,218,216,15,10,53,5,36,5,12,0,10,37,11,12,7,3,2,0,2
112,公立,一般大學,0005,國立成功大學,碩士在職專班,女,650,114,111,8,1,8,1,37,5,23,0,1,11,0,15,0,1,3,0,3
112,公立,一般大學,0005,國立成功大學,博士班,男,1228,224,224,10,5,22,20,51,0,30,9,1,41,2,18,2,13,0,0,0
112,公立,一般大學,0005,國立成功大學,碩士在職專班,男,932,180,176,5,1,4,3,90,0,27,0,1,22,1,19,2,1,4,0,4
112,公立,一般大學,0005,國立成功大學,學士班(日間),女,4708,214,213,25,0,144,7,1,0,1,0,16,0,6,4,7,2,1,0,1
112,公立,一般大學,0005,國立成功大學,學士班(日間),男,7451,322,319,22,3,204,20,7,0,0,6,13,0,13,6,14,11,3,0,3
112,公立,一般大學,0005,國立成功大學,碩士班(日間),男,4739,281,277,20,9,86,14,37,0,3,15,9,33,15,19,11,6,4,0,4
112,公立,一般大學,0006,國立中興大學,博士班,女,348,56,56,4,1,1,0,12,2,12,0,0,14,0,9,1,0,0,0,0
112,公立,一般大學,0006,國立中興大學,碩士班(日間),女,1555,183,183,17,9,14,0,49,2,4,0,8,37,5,16,11,11,0,0,0
112,公立,一般大學,0006,國立中興大學,碩士在職專班,女,651,128,128,10,3,1,0,46,3,26,0,3,22,0,9,1,4,0,0,0
112,公立,一般大學,0006,國立中興大學,學士班(日間),男,4621,226,226,20,3,127,24,13,0,0,4,13,0,3,13,2,4,0,0,0
112,公立,一般大學,0006,國立中興大學,學士班(進修),男,369,53,53,6,3,3,1,19,0,2,1,3,0,3,7,4,1,0,0,0
112,公立,一般大學,0006,國立中興大學,博士班,男,652,132,132,5,3,1,0,39,0,13,4,7,44,0,13,0,3,0,0,0
112,公立,一般大學,0006,國立中興大學,學士班(日間),女,3557,132,132,12,1,68,8,4,0,1,0,21,0,6,3,2,6,0,0,0
112,公立,一般大學,0006,國立中興大學,學士班(進修),女,459,39,39,2,3,4,1,19,1,0,0,2,0,1,1,3,2,0,0,0
112,公立,一般大學,0006,國立中興大學,碩士班(日間),男,2242,213,213,14,9,30,0,60,0,4,5,6,28,5,28,18,6,0,0,0
112,公立,一般大學,0006,國立中興大學,碩士在職專班,男,1143,278,278,9,5,3,0,120,0,30,0,3,82,1,18,3,4,0,0,0
112,公立,一般大學,0007,國立陽明交通大學,學士班(日間),女,3084,115,115,10,2,37,7,5,0,3,0,24,0,5,4,18,0,0,0,0
112,公立,一般大學,0007,國立陽明交通大學,博士班,女,832,164,164,16,4,6,0,42,5,32,0,6,39,1,10,3,0,0,0,0
112,公立,一般大學,0007,國立陽明交通大學,博士班,男,1772,338,338,17,9,13,6,99,0,47,15,15,94,1,15,7,0,0,0,0
112,公立,一般大學,0007,國立陽明交通大學,碩士班(日間),男,5150,295,295,24,10,32,7,52,0,3,23,24,93,12,5,10,0,0,0,0
112,公立,一般大學,0007,國立陽明交通大學,碩士班(日間),女,3125,276,276,32,8,29,1,62,3,14,0,24,66,11,12,14,0,0,0,0
112,公立,一般大學,0007,國立陽明交通大學,碩士在職專班,女,727,116,116,9,0,3,0,41,6,15,0,4,27,1,10,0,0,0,0,0
112,公立,一般大學,0007,國立陽明交通大學,學士班(日間),男,5528,215,215,14,2,87,23,13,0,0,3,33,0,13,7,20,0,0,0,0
112,公立,一般大學,0007,國立陽明交通大學,碩士在職專班,男,1210,236,236,5,1,4,1,103,0,41,0,8,59,2,10,2,0,0,0,0
112,公立,一般大學,0008,國立中央大學,博士班,女,300,60,60,2,1,2,0,13,1,5,0,0,27,0,7,2,0,0,0,0
112,公立,一般大學,0008,國立中央大學,碩士班(日間),女,1280,136,136,8,6,19,2,35,1,1,0,9,36,5,3,11,0,0,0,0
112,公立,一般大學,0008,國立中央大學,學士班(日間),男,3852,101,101,9,2,49,11,2,0,0,1,11,0,1,7,8,0,0,0,0
112,公立,一般大學,0008,國立中央大學,學士班(日間),女,2422,88,88,10,0,38,8,3,1,0,0,17,0,6,3,2,0,0,0,0
112,公立,一般大學,0008,國立中央大學,碩士在職專班,女,597,109,109,10,0,0,0,40,1,25,0,1,22,0,7,3,0,0,0,0
112,公立,一般大學,0008,國立中央大學,博士班,男,637,149,149,2,3,2,0,40,0,18,4,4,59,0,16,1,0,0,0,0
112,公立,一般大學,0008,國立中央大學,碩士班(日間),男,2490,159,159,4,8,31,2,24,0,3,4,6,37,4,11,25,0,0,0,0
112,公立,一般大學,0008,國立中央大學,碩士在職專班,男,919,206,206,7,3,5,1,96,0,27,0,3,43,1,16,4,0,0,0,0
112,公立,一般大學,0009,國立中山大學,學士班(日間),女,1989,80,80,8,1,38,1,2,1,1,0,9,0,4,12,3,0,0,0,0
112,公立,一般大學,0009,國立中山大學,博士班,女,319,62,62,10,1,2,0,12,1,4,0,2,13,1,16,0,0,0,0,0
112,公立,一般大學,0009,國立中山大學,學士班(日間),男,3051,122,122,8,2,54,11,9,0,0,0,13,0,5,17,3,0,0,0,0
112,公立,一般大學,0009,國立中山大學,碩士班(日間),男,2085,197,197,11,2,30,0,41,0,3,12,1,37,11,38,11,0,0,0,0
112,公立,一般大學,0009,國立中山大學,碩士班(日間),女,1330,138,138,7,1,10,2,41,6,8,0,7,30,5,16,5,0,0,0,0
112,公立,一般大學,0009,國立中山大學,碩士在職專班,女,542,103,103,5,0,2,0,33,1,15,0,1,17,0,28,1,0,0,0,0
112,公立,一般大學,0009,國立中山大學,博士班,男,520,112,112,4,1,0,0,43,0,7,0,2,35,1,19,0,0,0,0,0
112,公立,一般大學,0009,國立中山大學,碩士在職專班,男,510,95,95,4,0,2,0,54,0,9,0,0,12,0,14,0,0,0,0,0
112,公立,一般大學,0012,國立臺灣海洋大學,學士班(進修),女,171,16,16,1,0,2,0,8,0,0,0,0,0,0,5,0,0,0,0,0
112,公立,一般大學,0012,國立臺灣海洋大學,博士班,女,98,15,15,0,0,1,0,9,1,0,0,0,3,0,1,0,0,0,0,0
112,公立,一般大學,0012,國立臺灣海洋大學,碩士班(日間),女,547,57,57,1,6,8,0,21,1,0,0,4,6,2,8,0,0,0,0,0
112,公立,一般大學,0012,國立臺灣海洋大學,碩士在職專班,女,271,49,49,4,1,2,0,15,1,2,0,0,6,0,17,1,0,0,0,0
112,公立,一般大學,0012,國立臺灣海洋大學,碩士班(日間),男,1044,138,138,6,7,12,5,30,0,0,16,3,18,6,27,7,1,0,0,0
112,公立,一般大學,0012,國立臺灣海洋大學,碩士在職專班,男,363,70,70,1,0,1,0,41,0,0,0,1,12,0,13,1,0,0,0,0
112,公立,一般大學,0012,國立臺灣海洋大學,學士班(日間),女,1935,72,72,9,3,22,6,3,0,0,0,11,0,6,8,4,0,0,0,0
112,公立,一般大學,0012,國立臺灣海洋大學,學士班(日間),男,4176,170,169,9,3,43,30,16,0,0,3,15,0,11,33,6,0,1,0,1
112,公立,一般大學,0012,國立臺灣海洋大學,學士班(進修),男,380,41,40,1,0,3,3,18,0,0,4,0,0,0,10,1,0,1,0,1
112,公立,一般大學,0012,國立臺灣海洋大學,博士班,男,229,44,44,1,1,0,0,21,0,1,3,1,7,0,9,0,0,0,0,0
112,公立,一般大學,0013,國立中正大學,博士班,女,205,55,55,2,0,0,0,15,4,7,0,1,17,0,5,0,4,0,0,0
112,公立,一般大學,0013,國立中正大學,碩士班(日間),女,1210,180,180,9,6,15,2,45,1,10,0,5,45,5,9,14,14,0,0,0
112,公立,一般大學,0013,國立中正大學,碩士在職專班,女,868,182,182,12,1,2,2,50,10,19,0,1,55,0,15,8,7,0,0,0
112,公立,一般大學,0013,國立中正大學,學士班(日間),男,3555,149,149,13,5,77,15,4,0,0,0,13,0,10,6,1,5,0,0,0
112,公立,一般大學,0013,國立中正大學,學士班(日間),女,3098,95,95,13,1,41,7,2,0,0,0,16,0,7,4,4,0,0,0,0
112,公立,一般大學,0013,國立中正大學,博士班,男,332,76,75,1,0,0,1,26,0,9,1,0,21,0,10,2,4,1,0,1
112,公立,一般大學,0013,國立中正大學,碩士班(日間),男,1672,169,168,6,3,22,8,35,0,1,2,6,43,5,10,12,15,1,0,1
112,公立,一般大學,0013,國立中正大學,碩士在職專班,男,600,133,133,3,0,0,1,65,0,12,0,1,41,0,8,0,2,0,0,0
112,公立,一般大學,0014,國立高雄師範大學,學士班(日間),女,2043,93,93,4,7,47,0,9,1,0,0,11,0,10,3,1,0,0,0,0
112,公立,一般大學,0014,國立高雄師範大學,博士班,女,218,56,56,5,1,0,0,16,4,4,0,1,15,0,10,0,0,0,0,0
112,公立,一般大學,0014,國立高雄師範大學,碩士班(日間),男,567,118,118,2,4,1,0,51,0,2,1,2,41,1,12,1,0,0,0,0
112,公立,一般大學,0014,國立高雄師範大學,碩士在職專班,男,496,183,183,19,0,5,0,97,0,15,3,0,31,0,12,1,0,0,0,0
112,公立,一般大學,0014,國立高雄師範大學,碩士班(日間),女,999,251,251,4,3,2,0,82,3,21,0,10,105,3,13,5,0,0,0,0
112,公立,一般大學,0014,國立高雄師範大學,碩士在職專班,女,924,310,310,14,3,12,0,154,11,44,0,4,45,1,20,2,0,0,0,0
112,公立,一般大學,0014,國立高雄師範大學,學士班(日間),男,1945,98,95,4,4,54,0,11,0,0,5,7,0,7,1,2,0,3,0,3
112,公立,一般大學,0014,國立高雄師範大學,博士班,男,204,53,53,0,3,0,0,12,0,6,0,1,25,0,5,0,1,0,0,0
112,公立,一般大學,0015,國立彰化師範大學,學士班(日間),女,2346,89,88,9,1,49,1,1,0,0,0,8,0,5,1,2,11,1,0,1
112,公立,一般大學,0015,國立彰化師範大學,碩士在職專班,女,831,239,191,10,2,2,0,68,7,42,0,2,40,0,12,4,2,48,0,48
112,公立,一般大學,0015,國立彰化師範大學,博士班,男,273,68,68,1,0,0,0,35,0,3,2,0,20,0,2,0,5,0,0,0
112,公立,一般大學,0015,國立彰化師範大學,碩士班(日間),男,882,151,151,1,7,7,1,40,0,4,6,0,40,4,7,12,22,0,0,0
112,公立,一般大學,0015,國立彰化師範大學,碩士在職專班,男,540,117,87,5,0,2,0,44,0,6,0,1,18,0,8,3,0,30,0,30
112,公立,一般大學,0015,國立彰化師範大學,博士班,女,202,52,52,5,1,0,0,21,1,6,0,0,15,0,0,1,2,0,0,0
112,公立,一般大學,0015,國立彰化師範大學,碩士班(日間),女,839,206,206,11,6,9,0,42,5,10,0,3,66,2,15,23,14,0,0,0
112,公立,一般大學,0015,國立彰化師範大學,學士班(日間),男,2698,97,91,8,2,41,4,8,0,0,0,3,0,1,1,1,22,6,0,6
112,公立,一般大學,0017,國立臺北大學,學士班(日間),女,3268,91,90,2,4,24,4,3,1,1,0,26,0,10,4,11,0,1,0,1
112,公立,一般大學,0017,國立臺北大學,學士班(進修),女,1063,156,155,7,2,8,6,76,5,3,0,7,0,0,5,1,35,1,0,1
112,公立,一般大學,0017,國立臺北大學,碩士班(日間),男,753,105,105,2,3,8,0,29,0,2,3,3,36,4,2,12,1,0,0,0
112,公立,一般大學,0017,國立臺北大學,碩士在職專班,男,283,52,52,1,0,0,0,28,0,7,0,1,10,0,3,1,1,0,0,0
112,公立,一般大學,0017,國立臺北大學,博士班,女,60,20,20,0,0,0,1,7,1,5,0,1,4,0,1,0,0,0,0,0
112,公立,一般大學,0017,國立臺北大學,碩士班(日間),女,752,127,127,2,2,9,0,33,3,4,0,6,47,4,3,14,0,0,0,0
112,公立,一般大學,0017,國立臺北大學,碩士在職專班,女,348,68,68,3,1,1,0,28,2,11,0,1,19,0,1,0,1,0,0,0
112,公立,一般大學,0017,國立臺北大學,學士班(日間),男,2732,91,90,4,6,28,11,4,0,0,2,20,0,8,3,4,0,1,0,1
112,公立,一般大學,0017,國立臺北大學,學士班(進修),男,811,159,159,8,3,6,5,62,0,4,1,4,1,1,6,7,51,0,0,0
112,公立,一般大學,0017,國立臺北大學,博士班,男,135,35,35,1,1,0,0,12,0,5,0,0,14,0,1,1,0,0,0,0
112,公立,一般大學,0018,國立嘉義大學,學士班(日間),女,3658,159,159,29,9,83,4,7,1,2,0,15,0,1,6,0,2,0,0,0
112,公立,一般大學,0018,國立嘉義大學,學士班(進修),女,635,88,88,4,5,24,2,34,4,3,1,2,0,2,5,1,1,0,0,0
112,公立,一般大學,0018,國立嘉義大學,學士班(進修),男,1056,153,153,9,6,30,16,69,0,0,12,0,0,7,3,1,0,0,0,0
112,公立,一般大學,0018,國立嘉義大學,博士班,男,108,22,22,1,0,0,0,10,0,3,1,0,5,0,2,0,0,0,0,0
112,公立,一般大學,0018,國立嘉義大學,碩士班(日間),男,576,101,101,2,5,7,1,35,0,2,11,2,23,3,5,5,0,0,0,0
112,公立,一般大學,0018,國立嘉義大學,碩士在職專班,男,367,88,88,3,3,4,0,49,0,7,0,1,14,0,5,2,0,0,0,0
112,公立,一般大學,0018,國立嘉義大學,博士班,女,76,9,9,1,0,0,0,3,0,1,0,0,3,0,1,0,0,0,0,0
112,公立,一般大學,0018,國立嘉義大學,碩士班(日間),女,683,137,137,6,4,5,1,65,4,7,0,3,29,2,6,5,0,0,0,0
112,公立,一般大學,0018,國立嘉義大學,碩士在職專班,女,554,126,126,4,3,2,0,48,4,20,0,0,31,0,5,9,0,0,0,0
112,公立,一般大學,0018,國立嘉義大學,學士班(日間),男,3869,209,209,18,11,101,23,14,0,0,9,10,0,9,5,8,1,0,0,0
112,公立,一般大學,0019,國立高雄大學,學士班(日間),女,1975,81,79,25,1,20,29,0,0,1,0,0,0,0,2,1,0,2,0,2
112,公立,一般大學,0019,國立高雄大學,學士班(進修),女,66,20,20,1,0,1,2,11,0,1,0,1,0,2,1,0,0,0,0,0
112,公立,一般大學,0019,國立高雄大學,博士班,女,5,4,4,0,0,0,1,2,0,0,0,0,0,0,1,0,0,0,0,0
112,公立,一般大學,0019,國立高雄大學,博士班,男,26,10,10,0,0,0,1,8,0,1,0,0,0,0,0,0,0,0,0,0
112,公立,一般大學,0019,國立高雄大學,碩士班(日間),男,477,82,82,10,6,11,15,32,0,2,2,0,0,0,2,2,0,0,0,0
112,公立,一般大學,0019,國立高雄大學,碩士在職專班,男,335,95,94,7,3,1,1,77,0,3,0,0,0,0,2,0,0,1,0,1
112,公立,一般大學,0019,國立高雄大學,碩士班(日間),女,249,56,56,6,0,10,6,26,0,2,0,0,4,0,2,0,0,0,0,0
112,公立,一般大學,0019,國立高雄大學,碩士在職專班,女,213,71,71,3,1,0,3,57,1,3,0,0,0,0,3,0,0,0,0,0
112,公立,一般大學,0019,國立高雄大學,學士班(日間),男,2743,152,144,19,3,43,51,20,0,0,3,4,0,0,1,0,0,8,0,8
112,公立,一般大學,0019,國立高雄大學,學士班(進修),男,56,23,22,1,2,0,1,14,0,1,0,0,0,3,0,0,0,1,0,1
112,公立,一般大學,0020,國立東華大學,學士班(日間),女,4150,187,187,39,4,62,8,23,3,2,0,6,0,9,24,2,5,0,0,0
112,公立,一般大學,0020,國立東華大學,博士班,女,179,58,58,3,2,0,0,18,0,7,0,1,18,1,7,0,1,0,0,0
112,公立,一般大學,0020,國立東華大學,學士班(日間),男,3825,193,193,14,13,70,26,19,0,0,6,6,0,3,21,8,7,0,0,0
112,公立,一般大學,0020,國立東華大學,博士班,男,233,56,56,4,1,0,0,18,0,5,2,0,13,0,9,0,4,0,0,0
112,公立,一般大學,0020,國立東華大學,碩士班(日間),女,763,241,241,12,6,13,1,85,6,18,0,7,70,0,15,3,5,0,0,0
112,公立,一般大學,0020,國立東華大學,碩士在職專班,女,326,130,130,8,2,7,0,42,6,12,0,0,26,1,17,2,7,0,0,0
112,公立,一般大學,0020,國立東華大學,碩士班(日間),男,688,197,197,8,13,16,3,60,0,6,3,2,56,2,19,3,6,0,0,0
112,公立,一般大學,0020,國立東華大學,碩士在職專班,男,186,105,105,1,2,2,0,52,0,9,0,0,17,0,18,0,4,0,0,0
112,公立,一般大學,0021,國立暨南國際大學,學士班(日間),女,2465,57,57,7,5,24,3,3,0,1,0,7,0,1,6,0,0,0,0,0
112,公立,一般大學,0021,國立暨南國際大學,博士班,女,167,52,52,6,0,6,0,21,3,6,0,0,3,0,7,0,0,0,0,0
112,公立,一般大學,0021,國立暨南國際大學,碩士班(日間),男,392,69,69,2,1,15,0,29,0,1,0,0,15,0,5,1,0,0,0,0
112,公立,一般大學,0021,國立暨南國際大學,碩士在職專班,男,180,21,21,1,0,3,0,14,0,0,0,0,1,0,2,0,0,0,0,0
112,公立,一般大學,0021,國立暨南國際大學,碩士班(日間),女,490,111,111,9,3,16,0,42,2,8,0,2,21,0,7,1,0,0,0,0
112,公立,一般大學,0021,國立暨南國際大學,碩士在職專班,女,346,62,62,10,0,5,0,31,1,4,0,0,1,0,10,0,0,0,0,0
112,公立,一般大學,0021,國立暨南國際大學,學士班(日間),男,2337,88,88,10,3,41,4,8,0,0,4,5,0,1,10,2,0,0,0,0
112,公立,一般大學,0021,國立暨南國際大學,博士班,男,179,35,35,1,1,4,0,16,0,1,0,0,8,0,4,0,0,0,0,0
112,公立,技專校院,0022,國立臺灣科技大學,學士班(日間),女,1698,55,55,9,4,9,7,3,0,0,0,13,0,5,4,0,1,0,0,0
112,公立,技專校院,0022,國立臺灣科技大學,博士班,女,302,63,63,3,2,1,5,19,4,9,0,1,12,0,4,0,3,0,0,0
112,公立,技專校院,0022,國立臺灣科技大學,學士班(日間),男,3895,92,92,6,2,22,19,7,0,1,2,14,0,5,4,1,9,0,0,0
112,公立,技專校院,0022,國立臺灣科技大學,碩士在職專班,男,538,104,104,6,0,1,1,64,0,5,0,2,20,0,3,0,2,0,0,0
112,公立,技專校院,0022,國立臺灣科技大學,碩士班(日間),女,1319,97,97,8,2,9,2,29,0,3,0,16,9,6,2,6,5,0,0,0
112,公立,技專校院,0022,國立臺灣科技大學,碩士在職專班,女,323,47,47,3,0,1,0,16,1,8,0,1,11,0,2,1,3,0,0,0
112,公立,技專校院,0022,國立臺灣科技大學,博士班,男,782,194,194,10,10,0,6,67,0,19,0,2,62,1,11,3,3,0,0,0
112,公立,技專校院,0022,國立臺灣科技大學,碩士班(日間),男,2815,188,188,10,8,17,1,57,0,2,2,16,29,10,18,7,11,0,0,0
112,公立,技專校院,0023,國立雲林科技大學,學士班(進修),女,129,6,6,0,1,1,0,3,0,0,0,0,0,1,0,0,0,0,0,0
112,公立,技專校院,0023,國立雲林科技大學,碩士班(日間),女,782,118,118,10,21,16,10,37,2,3,0,3,12,1,1,2,0,0,0,0
112,公立,技專校院,0023,國立雲林科技大學,碩士在職專班,女,339,81,81,2,10,0,2,39,1,15,0,0,6,0,5,1,0,0,0,0
112,公立,技專校院,0023,國立雲林科技大學,學士班(進修),男,119,11,11,0,0,2,1,6,0,0,0,2,0,0,0,0,0,0,0,0
112,公立,技專校院,0023,國立雲林科技大學,博士班,男,264,69,69,1,3,2,1,45,0,5,1,0,8,0,2,0,1,0,0,0
112,公立,技專校院,0023,國立雲林科技大學,碩士班(日間),男,1362,155,155,4,17,31,9,33,0,1,20,2,14,14,3,7,0,0,0,0
112,公立,技專校院,0023,國立雲林科技大學,學士班(日間),女,2595,87,87,9,5,28,16,7,0,0,0,5,0,15,0,2,0,0,0,0
112,公立,技專校院,0023,國立雲林科技大學,博士班,女,161,38,38,1,6,0,1,22,1,2,0,0,5,0,0,0,0,0,0,0
112,公立,技專校院,0023,國立雲林科技大學,學士班(日間),男,4126,141,139,12,10,40,24,22,0,1,8,9,0,7,2,4,0,2,0,2
112,公立,技專校院,0023,國立雲林科技大學,碩士在職專班,男,461,106,106,4,5,2,1,63,0,11,0,1,13,1,3,2,0,0,0,0
112,公立,技專校院,0024,國立屏東科技大學,學士班(日間),女,3378,153,153,28,9,34,9,5,2,2,0,2,0,48,9,3,2,0,0,0
112,公立,技專校院,0024,國立屏東科技大學,學士班(進修),男,823,46,46,3,0,3,2,13,0,0,6,0,0,11,7,1,0,0,0,0
112,公立,技專校院,0024,國立屏東科技大學,碩士班(日間),男,645,117,117,6,6,6,0,32,0,3,0,0,7,35,12,4,6,0,0,0
112,公立,技專校院,0024,國立屏東科技大學,碩士在職專班,男,148,57,57,2,2,0,0,38,0,2,0,0,3,3,6,1,0,0,0,0
112,公立,技專校院,0024,國立屏東科技大學,學士班(進修),女,391,33,33,3,1,3,0,6,0,1,0,0,0,13,5,0,1,0,0,0
112,公立,技專校院,0024,國立屏東科技大學,博士班,女,84,15,15,0,0,1,0,4,0,3,0,0,2,2,0,0,3,0,0,0
112,公立,技專校院,0024,國立屏東科技大學,碩士班(日間),女,485,69,69,6,3,1,1,13,1,2,0,1,2,23,16,0,0,0,0,0
112,公立,技專校院,0024,國立屏東科技大學,碩士在職專班,女,95,18,18,0,0,0,0,8,0,1,0,0,1,7,1,0,0,0,0,0
112,公立,技專校院,0024,國立屏東科技大學,學士班(日間),男,4184,188,188,21,6,31,13,13,0,2,3,6,0,57,22,12,2,0,0,0
112,公立,技專校院,0024,國立屏東科技大學,博士班,男,161,33,33,4,0,0,0,8,0,5,0,0,5,3,3,1,4,0,0,0
112,公立,技專校院,0025,國立臺北科技大學,學士班(進修),女,213,7,7,2,0,1,1,3,0,0,0,0,0,0,0,0,0,0,0,0
112,公立,技專校院,0025,國立臺北科技大學,博士班,女,196,36,36,3,1,1,0,14,0,5,0,1,9,0,1,1,0,0,0,0
112,公立,技專校院,0025,國立臺北科技大學,碩士班(日間),女,1023,70,70,6,2,7,1,23,1,3,0,1,14,3,4,3,2,0,0,0
112,公立,技專校院,0025,國立臺北科技大學,五專,男,126,5,5,0,1,2,1,0,0,0,0,1,0,0,0,0,0,0,0,0
112,公立,技專校院,0025,國立臺北科技大學,博士班,男,558,90,90,5,2,2,0,48,0,8,1,3,15,0,6,0,0,0,0,0
112,公立,技專校院,0025,國立臺北科技大學,碩士班(日間),男,2535,129,129,7,9,18,3,39,0,1,8,8,15,3,8,10,0,0,0,0
112,公立,技專校院,0025,國立臺北科技大學,碩士在職專班,男,1110,120,120,7,0,0,0,99,0,4,0,1,5,0,3,0,1,0,0,0
112,公立,技專校院,0025,國立臺北科技大學,學士班(日間),女,1936,50,50,12,1,14,4,2,0,0,0,5,0,5,2,2,3,0,0,0
112,公立,技專校院,0025,國立臺北科技大學,五專,女,27,0,0,0,0,0,0,0,0,0,0,0,0,0,0,0,0,0,0,0
112,公立,技專校院,0025,國立臺北科技大學,碩士在職專班,女,494,59,59,5,1,0,0,43,1,4,0,1,2,0,2,0,0,0,0,0
112,公立,技專校院,0025,國立臺北科技大學,學士班(日間),男,4457,117,117,7,7,30,26,9,0,0,9,9,0,7,0,11,2,0,0,0
112,公立,技專校院,0025,國立臺北科技大學,學士班(進修),男,984,20,20,0,4,4,2,5,0,0,1,2,0,0,0,2,0,0,0,0
112,公立,一般大學,0028,國立臺北藝術大學,學士班(日間),女,1136,90,90,14,6,9,4,10,0,0,0,35,5,4,1,2,0,0,0,0
112,公立,一般大學,0028,國立臺北藝術大學,博士班,女,72,27,27,7,1,0,0,8,2,2,0,5,2,0,0,0,0,0,0,0
112,公立,一般大學,0028,國立臺北藝術大學,碩士在職專班,女,129,38,38,1,1,0,0,7,5,4,0,2,14,0,4,0,0,0,0,0
112,公立,一般大學,0028,國立臺北藝術大學,博士班,男,46,15,15,1,1,0,1,3,0,2,0,2,5,0,0,0,0,0,0,0
112,公立,一般大學,0028,國立臺北藝術大學,碩士班(日間),男,378,103,102,3,10,0,1,18,0,3,4,13,39,0,11,0,0,1,0,1
112,公立,一般大學,0028,國立臺北藝術大學,碩士在職專班,男,64,18,18,0,4,0,0,4,0,1,0,0,7,0,2,0,0,0,0,0
112,公立,一般大學,0028,國立臺北藝術大學,五專,女,44,2,2,0,0,0,0,0,0,0,0,2,0,0,0,0,0,0,0,0
112,公立,一般大學,0028,國立臺北藝術大學,碩士班(日間),女,644,229,229,10,20,3,3,55,4,3,0,22,92,1,12,4,0,0,0,0
112,公立,一般大學,0028,國立臺北藝術大學,學士班(日間),男,661,47,47,2,1,8,4,5,0,0,1,17,3,3,0,3,0,0,0,0
112,公立,一般大學,0028,國立臺北藝術大學,五專,男,39,6,6,2,1,0,0,0,0,0,0,3,0,0,0,0,0,0,0,0
112,公立,一般大學,0029,國立臺灣藝術大學,博士班,女,76,19,19,1,0,0,0,6,1,2,0,1,7,0,0,0,1,0,0,0
112,公立,一般大學,0029,國立臺灣藝術大學,碩士班(日間),女,511,101,99,2,3,2,0,25,1,3,0,11,35,0,1,1,15,2,0,2
112,公立,一般大學,0029,國立臺灣藝術大學,碩士在職專班,女,232,40,39,3,0,1,0,16,4,3,0,0,4,1,1,0,6,1,0,1
112,公立,一般大學,0029,國立臺灣藝術大學,學士班(日間),男,681,49,47,5,2,11,3,4,0,0,3,4,0,2,1,2,10,2,0,2
112,公立,一般大學,0029,國立臺灣藝術大學,學士班(進修),男,554,46,46,2,4,4,0,15,0,1,3,4,0,1,1,0,11,0,0,0
112,公立,一般大學,0029,國立臺灣藝術大學,博士班,男,82,16,15,0,0,0,0,5,0,3,0,0,5,0,0,0,2,1,0,1
112,公立,一般大學,0029,國立臺灣藝術大學,學士班(日間),女,1726,83,82,10,3,15,3,10,0,0,0,12,0,2,0,10,17,1,0,1
112,公立,一般大學,0029,國立臺灣藝術大學,學士班(進修),女,1290,116,114,16,5,13,2,33,3,5,0,14,0,5,2,4,12,2,0,2
112,公立,一般大學,0029,國立臺灣藝術大學,碩士班(日間),男,281,79,75,0,1,2,1,23,0,2,3,5,25,0,0,2,11,4,0,4
112,公立,一般大學,0029,國立臺灣藝術大學,碩士在職專班,男,159,35,35,2,2,0,0,17,0,2,1,1,7,0,1,0,2,0,0,0
112,公立,一般大學,0030,國立臺東大學,博士班,女,27,9,9,1,0,0,0,6,0,0,0,0,2,0,0,0,0,0,0,0
112,公立,一般大學,0030,國立臺東大學,碩士班(日間),女,233,54,42,2,3,2,0,18,3,0,0,2,8,1,2,1,0,12,0,12
112,公立,一般大學,0030,國立臺東大學,碩士在職專班,女,482,86,67,8,1,0,0,32,5,9,0,0,5,0,7,0,0,19,0,19
112,公立,一般大學,0030,國立臺東大學,學士班(日間),男,1857,117,73,16,8,24,8,7,0,0,1,2,0,2,2,3,0,44,0,44
112,公立,一般大學,0030,國立臺東大學,學士班(進修),男,142,30,6,0,0,1,0,2,0,0,1,0,0,0,2,0,0,24,0,24
112,公立,一般大學,0030,國立臺東大學,博士班,男,23,1,0,0,0,0,0,0,0,0,0,0,0,0,0,0,0,1,0,1
112,公立,一般大學,0030,國立臺東大學,學士班(日間),女,1817,100,57,6,6,20,3,5,0,1,0,7,0,2,3,3,1,43,0,43
112,公立,一般大學,0030,國立臺東大學,學士班(進修),女,220,26,14,3,3,1,0,4,1,1,0,0,1,0,0,0,0,12,0,12
112,公立,一般大學,0030,國立臺東大學,碩士班(日間),男,138,42,30,1,5,0,0,11,0,0,0,0,6,2,3,2,0,12,0,12
112,公立,一般大學,0030,國立臺東大學,碩士在職專班,男,182,37,25,3,0,1,0,15,0,0,0,0,5,0,0,1,0,12,0,12
112,公立,一般大學,0031,國立宜蘭大學,學士班(日間),女,1612,65,65,12,7,15,6,6,2,0,0,7,0,5,3,2,0,0,0,0
112,公立,一般大學,0031,國立宜蘭大學,學士班(進修),女,129,18,18,4,0,2,0,6,1,2,0,1,0,1,1,0,0,0,0,0
112,公立,一般大學,0031,國立宜蘭大學,碩士在職專班,女,55,9,9,0,1,0,0,5,0,1,0,0,1,1,0,0,0,0,0,0
112,公立,一般大學,0031,國立宜蘭大學,博士班,男,10,1,1,0,0,0,0,0,0,1,0,0,0,0,0,0,0,0,0,0
112,公立,一般大學,0031,國立宜蘭大學,碩士班(日間),男,358,40,40,1,3,2,0,18,0,1,2,4,7,0,2,0,0,0,0,0
112,公立,一般大學,0031,國立宜蘭大學,碩士在職專班,男,116,28,28,1,1,1,0,13,0,1,0,1,6,1,3,0,0,0,0,0
112,公立,一般大學,0031,國立宜蘭大學,博士班,女,6,0,0,0,0,0,0,0,0,0,0,0,0,0,0,0,0,0,0,0
112,公立,一般大學,0031,國立宜蘭大學,碩士班(日間),女,188,20,20,2,1,0,0,8,1,2,0,0,2,0,4,0,0,0,0,0
112,公立,一般大學,0031,國立宜蘭大學,學士班(日間),男,2866,192,192,9,4,47,55,27,0,0,10,15,0,14,6,5,0,0,0,0
112,公立,一般大學,0031,國立宜蘭大學,學士班(進修),男,252,27,27,1,1,0,1,17,0,1,2,2,0,0,2,0,0,0,0,0
112,公立,一般大學,0032,國立聯合大學,博士班,女,4,0,0,0,0,0,0,0,0,0,0,0,0,0,0,0,0,0,0,0
112,公立,一般大學,0032,國立聯合大學,碩士班(日間),女,134,24,24,0,0,0,0,8,1,5,0,0,9,0,0,1,0,0,0,0
112,公立,一般大學,0032,國立聯合大學,學士班(日間),男,4324,149,149,4,3,57,23,26,0,2,3,7,0,8,2,11,3,0,0,0
112,公立,一般大學,0032,國立聯合大學,學士班(進修),男,758,61,59,3,3,16,3,22,0,0,3,0,0,5,0,3,1,2,0,2
112,公立,一般大學,0032,國立聯合大學,學士班(日間),女,1855,59,59,8,1,27,3,6,0,2,0,6,0,3,1,2,0,0,0,0
112,公立,一般大學,0032,國立聯合大學,學士班(進修),女,262,17,16,1,1,6,0,6,2,0,0,0,0,0,0,0,0,1,0,1
112,公立,一般大學,0032,國立聯合大學,碩士在職專班,女,18,3,3,0,0,0,0,2,0,0,0,0,0,0,0,0,1,0,0,0
112,公立,一般大學,0032,國立聯合大學,博士班,男,17,2,2,0,0,0,0,1,0,0,0,0,1,0,0,0,0,0,0,0
112,公立,一般大學,0032,國立聯合大學,碩士班(日間),男,308,19,19,1,1,4,0,7,0,0,1,0,4,0,1,0,0,0,0,0
112,公立,一般大學,0032,國立聯合大學,碩士在職專班,男,31,1,1,0,0,0,0,1,0,0,0,0,0,0,0,0,0,0,0,0
112,公立,技專校院,0033,國立虎尾科技大學,學士班(日間),女,1816,57,57,5,3,28,4,6,1,2,0,3,0,4,0,1,0,0,0,0
112,公立,技專校院,0033,國立虎尾科技大學,學士班(進修),女,404,39,39,4,3,8,5,13,1,2,0,0,0,1,1,1,0,0,0,0
112,公立,技專校院,0033,國立虎尾科技大學,五專,女,50,1,1,0,0,1,0,0,0,0,0,0,0,0,0,0,0,0,0,0
112,公立,技專校院,0033,國立虎尾科技大學,博士班,女,9,1,1,0,0,0,0,0,0,1,0,0,0,0,0,0,0,0,0,0
112,公立,技專校院,0033,國立虎尾科技大學,二專(日間),男,77,10,10,0,0,4,3,1,0,0,1,0,0,1,0,0,0,0,0,0
112,公立,技專校院,0033,國立虎尾科技大學,五專,男,308,7,7,0,0,2,3,1,0,0,0,0,0,0,1,0,0,0,0,0
112,公立,技專校院,0033,國立虎尾科技大學,碩士班(日間),男,856,63,63,4,7,8,2,17,0,1,2,3,12,5,2,0,0,0,0,0
112,公立,技專校院,0033,國立虎尾科技大學,碩士在職專班,男,133,11,11,0,0,0,0,8,0,0,1,0,2,0,0,0,0,0,0,0
112,公立,技專校院,0033,國立虎尾科技大學,二專(日間),女,1,0,0,0,0,0,0,0,0,0,0,0,0,0,0,0,0,0,0,0
112,公立,技專校院,0033,國立虎尾科技大學,碩士班(日間),女,185,10,10,1,2,0,0,1,1,0,0,2,2,0,1,0,0,0,0,0
112,公立,技專校院,0033,國立虎尾科技大學,碩士在職專班,女,64,3,3,0,0,0,0,1,0,1,0,0,1,0,0,0,0,0,0,0
112,公立,技專校院,0033,國立虎尾科技大學,學士班(日間),男,5924,248,248,15,11,107,52,24,0,0,13,5,0,17,2,1,1,0,0,0
112,公立,技專校院,0033,國立虎尾科技大學,學士班(進修),男,1822,131,131,7,7,32,17,46,0,2,10,1,0,0,7,2,0,0,0,0
112,公立,技專校院,0033,國立虎尾科技大學,博士班,男,44,9,9,0,0,0,0,5,0,0,0,1,0,2,1,0,0,0,0,0
112,公立,一般大學,0035,國立臺南藝術大學,五專,女,103,8,7,0,0,2,0,0,1,0,0,2,0,0,0,0,2,1,0,1
112,公立,一般大學,0035,國立臺南藝術大學,碩士班(日間),女,350,110,110,8,6,0,0,22,0,3,0,4,34,0,5,0,28,0,0,0
112,公立,一般大學,0035,國立臺南藝術大學,碩士在職專班,女,43,28,28,1,0,0,0,15,0,2,0,0,2,0,3,0,5,0,0,0
112,公立,一般大學,0035,國立臺南藝術大學,博士班,男,26,13,13,0,0,0,0,5,0,1,1,0,3,0,2,0,1,0,0,0
112,公立,一般大學,0035,國立臺南藝術大學,碩士班(日間),男,203,49,49,1,2,0,0,12,0,4,0,3,11,0,6,0,10,0,0,0
112,公立,一般大學,0035,國立臺南藝術大學,學士班(日間),女,522,46,46,6,2,12,0,2,0,1,0,10,0,0,3,0,10,0,0,0
112,公立,一般大學,0035,國立臺南藝術大學,博士班,女,41,12,12,0,1,0,0,2,0,0,0,1,5,0,2,0,1,0,0,0
112,公立,一般大學,0035,國立臺南藝術大學,學士班(日間),男,280,42,40,2,2,6,0,2,0,0,1,12,0,0,3,2,10,2,0,2
112,公立,一般大學,0035,國立臺南藝術大學,五專,男,59,2,2,0,0,1,0,0,0,0,0,1,0,0,0,0,0,0,0,0
112,公立,一般大學,0035,國立臺南藝術大學,碩士在職專班,男,11,8,8,0,0,0,0,4,0,0,0,0,1,0,0,1,2,0,0,0
112,公立,一般大學,0036,國立臺南大學,碩士班(日間),女,610,153,153,9,5,1,0,61,3,6,0,1,42,3,17,5,0,0,0,0
112,公立,一般大學,0036,國立臺南大學,碩士在職專班,女,430,83,83,0,0,0,0,34,2,14,0,1,25,0,7,0,0,0,0,0
112,公立,一般大學,0036,國立臺南大學,學士班(進修),男,113,17,17,1,1,3,2,4,0,0,0,0,0,0,1,1,4,0,0,0
112,公立,一般大學,0036,國立臺南大學,碩士班(日間),男,424,96,96,3,9,4,0,49,0,1,0,1,21,1,5,2,0,0,0,0
112,公立,一般大學,0036,國立臺南大學,碩士在職專班,男,205,50,50,1,0,0,0,27,0,1,0,1,17,0,3,0,0,0,0,0
112,公立,一般大學,0036,國立臺南大學,學士班(日間),女,2168,68,68,12,1,10,5,4,0,0,0,6,0,2,2,2,24,0,0,0
112,公立,一般大學,0036,國立臺南大學,學士班(進修),女,76,6,6,0,0,1,0,2,0,1,0,0,0,0,0,0,2,0,0,0
112,公立,一般大學,0036,國立臺南大學,博士班,女,83,21,21,3,0,0,0,10,0,1,0,0,7,0,0,0,0,0,0,0
112,公立,一般大學,0036,國立臺南大學,學士班(日間),男,1794,103,102,6,3,18,20,7,0,0,6,0,0,2,4,1,35,1,0,1
112,公立,一般大學,0036,國立臺南大學,博士班,男,58,15,15,1,0,0,0,5,0,1,0,0,6,0,2,0,0,0,0,0
112,公立,一般大學,0037,國立臺北教育大學,學士班(日間),女,2233,70,68,8,0,33,0,5,1,1,0,16,0,4,0,0,0,2,0,2
112,公立,一般大學,0037,國立臺北教育大學,碩士在職專班,女,870,213,213,13,3,2,0,62,7,37,0,2,72,0,10,3,2,0,0,0
112,公立,一般大學,0037,國立臺北教育大學,學士班(日間),男,1119,61,56,5,2,25,1,4,0,0,5,10,0,1,1,2,0,5,0,5
112,公立,一般大學,0037,國立臺北教育大學,博士班,男,55,7,6,0,1,0,0,4,0,0,0,0,0,0,1,0,0,1,0,1
112,公立,一般大學,0037,國立臺北教育大學,博士班,女,83,32,32,4,0,0,0,16,1,6,0,0,3,0,2,0,0,0,0,0
112,公立,一般大學,0037,國立臺北教育大學,碩士班(日間),女,1048,261,256,7,6,13,0,85,8,26,0,8,83,2,7,7,4,5,0,5
112,公立,一般大學,0037,國立臺北教育大學,碩士班(日間),男,412,92,85,2,6,6,1,31,0,4,6,4,18,1,3,1,2,7,0,7
112,公立,一般大學,0037,國立臺北教育大學,碩士在職專班,男,275,64,64,2,1,2,0,32,0,7,0,1,16,0,2,1,0,0,0,0
112,公立,一般大學,0039,國立臺中教育大學,碩士班(日間),女,664,151,151,7,7,4,0,57,5,11,0,4,18,4,8,7,19,0,0,0
112,公立,一般大學,0039,國立臺中教育大學,碩士在職專班,女,607,171,171,10,4,2,0,83,8,16,0,2,21,1,11,6,7,0,0,0
112,公立,一般大學,0039,國立臺中教育大學,博士班,男,43,6,6,0,0,0,0,5,0,0,0,0,1,0,0,0,0,0,0,0
112,公立,一般大學,0039,國立臺中教育大學,碩士班(日間),男,279,76,76,1,3,6,1,36,0,1,2,2,16,1,1,1,5,0,0,0
112,公立,一般大學,0039,國立臺中教育大學,學士班(日間),女,2142,68,68,8,4,28,4,6,1,0,0,8,0,4,0,2,3,0,0,0
112,公立,一般大學,0039,國立臺中教育大學,博士班,女,65,19,19,0,1,0,0,11,0,1,0,0,6,0,0,0,0,0,0,0
112,公立,一般大學,0039,國立臺中教育大學,學士班(日間),男,1141,64,63,4,0,21,4,9,0,0,2,6,0,12,1,3,1,1,1,0
112,公立,一般大學,0039,國立臺中教育大學,碩士在職專班,男,149,52,52,1,2,1,0,33,0,0,0,0,7,1,3,1,3,0,0,0
112,公立,技專校院,0042,國立澎湖科技大學,學士班(日間),女,829,55,55,1,10,38,0,5,0,0,0,0,0,0,1,0,0,0,0,0
112,公立,技專校院,0042,國立澎湖科技大學,五專,女,7,1,1,0,0,1,0,0,0,0,0,0,0,0,0,0,0,0,0,0
112,公立,技專校院,0042,國立澎湖科技大學,學士班(日間),男,1441,111,111,2,14,63,2,29,0,0,0,0,0,0,1,0,0,0,0,0
112,公立,技專校院,0042,國立澎湖科技大學,學士班(進修),女,107,9,9,0,1,5,0,3,0,0,0,0,0,0,0,0,0,0,0,0
112,公立,技專校院,0042,國立澎湖科技大學,碩士班(日間),女,37,8,8,0,0,4,0,4,0,0,0,0,0,0,0,0,0,0,0,0
112,公立,技專校院,0042,國立澎湖科技大學,碩士在職專班,女,19,2,2,0,0,1,0,1,0,0,0,0,0,0,0,0,0,0,0,0
112,公立,技專校院,0042,國立澎湖科技大學,學士班(進修),男,108,25,25,2,6,6,0,11,0,0,0,0,0,0,0,0,0,0,0,0
112,公立,技專校院,0042,國立澎湖科技大學,五專,男,99,7,7,0,0,7,0,0,0,0,0,0,0,0,0,0,0,0,0,0
112,公立,技專校院,0042,國立澎湖科技大學,碩士班(日間),男,31,19,19,0,1,15,0,3,0,0,0,0,0,0,0,0,0,0,0,0
112,公立,技專校院,0042,國立澎湖科技大學,碩士在職專班,男,24,3,3,1,0,0,0,2,0,0,0,0,0,0,0,0,0,0,0,0
112,公立,技專校院,0043,國立勤益科技大學,二專(進修),女,61,13,10,0,0,3,1,4,1,1,0,0,0,0,0,0,0,3,0,3
112,公立,技專校院,0043,國立勤益科技大學,學士班(日間),女,2220,108,95,5,9,48,15,9,5,1,0,1,0,0,2,0,0,13,0,13
112,公立,技專校院,0043,國立勤益科技大學,學士班(進修),女,633,57,42,2,1,10,4,18,0,1,0,1,0,0,2,3,0,15,0,15
112,公立,技專校院,0043,國立勤益科技大學,博士班,女,9,1,1,0,0,0,1,0,0,0,0,0,0,0,0,0,0,0,0,0
112,公立,技專校院,0043,國立勤益科技大學,博士班,男,54,6,6,0,0,0,0,4,0,1,0,0,0,0,1,0,0,0,0,0
112,公立,技專校院,0043,國立勤益科技大學,碩士班(日間),男,514,63,51,2,7,8,8,18,0,1,6,0,0,0,1,0,0,12,0,12
112,公立,技專校院,0043,國立勤益科技大學,碩士班(日間),女,188,37,33,6,5,4,1,14,0,1,0,0,0,0,2,0,0,4,0,4
112,公立,技專校院,0043,國立勤益科技大學,碩士在職專班,女,66,12,10,0,0,1,2,2,0,2,0,0,3,0,0,0,0,2,0,2
112,公立,技專校院,0043,國立勤益科技大學,二專(進修),男,180,39,22,0,0,2,1,10,0,0,3,1,0,0,4,1,0,17,0,17
112,公立,技專校院,0043,國立勤益科技大學,學士班(日間),男,5003,387,331,14,17,163,52,40,0,1,31,4,0,0,4,5,0,56,0,56
112,公立,技專校院,0043,國立勤益科技大學,學士班(進修),男,3427,222,161,14,2,36,14,70,0,0,9,5,0,0,5,3,3,61,0,61
112,公立,技專校院,0043,國立勤益科技大學,碩士在職專班,男,248,31,21,0,1,0,0,6,0,1,1,0,8,0,4,0,0,10,0,10
112,公立,一般大學,0044,國立體育大學,學士班(日間),女,764,40,40,3,0,2,0,33,1,1,0,0,0,0,0,0,0,0,0,0
112,公立,一般大學,0044,國立體育大學,學士班(進修),女,25,2,2,0,0,0,0,2,0,0,0,0,0,0,0,0,0,0,0,0
112,公立,一般大學,0044,國立體育大學,博士班,女,47,9,9,0,0,0,0,9,0,0,0,0,0,0,0,0,0,0,0,0
112,公立,一般大學,0044,國立體育大學,學士班(進修),男,45,7,7,0,0,0,0,6,0,0,0,0,0,0,1,0,0,0,0,0
112,公立,一般大學,0044,國立體育大學,碩士班(日間),男,208,49,49,0,0,0,0,43,0,4,1,0,0,0,0,1,0,0,0,0
112,公立,一般大學,0044,國立體育大學,碩士在職專班,男,125,31,31,1,0,0,0,24,0,6,0,0,0,0,0,0,0,0,0,0
112,公立,一般大學,0044,國立體育大學,碩士班(日間),女,163,47,47,0,0,0,0,41,0,5,0,0,0,0,0,1,0,0,0,0
112,公立,一般大學,0044,國立體育大學,碩士在職專班,女,112,24,24,0,0,0,0,20,0,4,0,0,0,0,0,0,0,0,0,0
112,公立,一般大學,0044,國立體育大學,學士班(日間),男,1178,73,73,1,0,0,0,67,0,0,3,0,0,0,2,0,0,0,0,0
112,公立,一般大學,0044,國立體育大學,博士班,男,92,23,23,0,0,0,0,19,0,2,0,0,0,0,1,1,0,0,0,0
112,公立,技專校院,0046,國立臺北護理健康大學,碩士班(日間),女,471,114,114,5,0,0,0,36,9,15,0,1,33,0,13,0,2,0,0,0
112,公立,技專校院,0046,國立臺北護理健康大學,碩士在職專班,女,164,56,56,5,0,1,0,22,5,5,0,0,11,1,5,1,0,0,0,0
112,公立,技專校院,0046,國立臺北護理健康大學,學士班(日間),男,819,58,58,2,1,16,5,10,0,0,3,1,0,4,5,7,4,0,0,0
112,公立,技專校院,0046,國立臺北護理健康大學,學士班(進修),男,48,7,7,1,0,0,0,5,0,0,1,0,0,0,0,0,0,0,0,0
112,公立,技專校院,0046,國立臺北護理健康大學,碩士在職專班,男,33,7,7,1,0,0,0,4,0,0,0,0,1,0,1,0,0,0,0,0
112,公立,技專校院,0046,國立臺北護理健康大學,學士班(日間),女,2924,148,148,13,8,46,10,24,3,3,0,11,0,8,13,4,5,0,0,0
112,公立,技專校院,0046,國立臺北護理健康大學,學士班(進修),女,645,61,61,2,1,2,5,29,2,4,0,2,0,3,8,0,3,0,0,0
112,公立,技專校院,0046,國立臺北護理健康大學,博士班,女,74,15,15,2,0,0,0,5,0,1,0,0,4,0,3,0,0,0,0,0
112,公立,技專校院,0046,國立臺北護理健康大學,博士班,男,5,0,0,0,0,0,0,0,0,0,0,0,0,0,0,0,0,0,0,0
112,公立,技專校院,0046,國立臺北護理健康大學,碩士班(日間),男,92,27,27,0,0,0,0,11,0,4,0,1,5,0,3,1,2,0,0,0
112,公立,技專校院,0047,國立高雄餐旅大學,學士班(日間),女,1928,51,51,6,0,20,5,2,0,1,0,2,0,3,3,6,3,0,0,0
112,公立,技專校院,0047,國立高雄餐旅大學,學士班(進修),女,607,35,30,5,2,12,3,0,1,2,0,1,0,0,2,0,2,5,0,5
112,公立,技專校院,0047,國立高雄餐旅大學,博士班,女,15,0,0,0,0,0,0,0,0,0,0,0,0,0,0,0,0,0,0,0
112,公立,技專校院,0047,國立高雄餐旅大學,博士班,男,22,3,3,0,0,0,0,2,0,0,0,0,1,0,0,0,0,0,0,0
112,公立,技專校院,0047,國立高雄餐旅大學,碩士班(日間),男,46,21,21,0,0,3,0,14,0,1,1,0,0,0,1,1,0,0,0,0
112,公立,技專校院,0047,國立高雄餐旅大學,五專,女,157,5,5,1,0,1,3,0,0,0,0,0,0,0,0,0,0,0,0,0
112,公立,技專校院,0047,國立高雄餐旅大學,碩士班(日間),女,83,24,24,4,0,1,1,9,0,1,0,0,1,0,3,1,3,0,0,0
112,公立,技專校院,0047,國立高雄餐旅大學,碩士在職專班,女,16,8,8,0,0,0,0,4,0,3,0,1,0,0,0,0,0,0,0,0
112,公立,技專校院,0047,國立高雄餐旅大學,學士班(日間),男,963,41,41,5,5,8,9,4,0,0,0,1,0,2,2,4,1,0,0,0
112,公立,技專校院,0047,國立高雄餐旅大學,學士班(進修),男,366,19,14,1,3,3,0,6,0,0,0,1,0,0,0,0,0,5,0,5
112,公立,技專校院,0047,國立高雄餐旅大學,五專,男,94,6,6,0,0,1,1,0,0,0,0,0,0,1,0,3,0,0,0,0
112,公立,技專校院,0047,國立高雄餐旅大學,碩士在職專班,男,6,3,3,2,0,0,1,0,0,0,0,0,0,0,0,0,0,0,0,0
112,公立,一般大學,0048,國立金門大學,學士班(進修),女,324,19,19,2,1,3,0,8,1,0,1,0,0,0,2,1,0,0,0,0
112,公立,一般大學,0048,國立金門大學,碩士班(日間),女,99,27,27,0,0,0,0,9,1,6,0,0,6,0,4,1,0,0,0,0
112,公立,一般大學,0048,國立金門大學,碩士在職專班,女,33,2,2,0,0,0,0,0,1,0,0,0,0,0,0,1,0,0,0,0
112,公立,一般大學,0048,國立金門大學,學士班(日間),男,1605,58,55,3,2,13,12,6,0,0,5,6,0,3,1,2,2,3,0,3
112,公立,一般大學,0048,國立金門大學,學士班(進修),男,377,37,36,1,0,0,2,24,0,3,4,0,0,1,1,0,0,1,0,1
112,公立,一般大學,0048,國立金門大學,博士班,男,2,0,0,0,0,0,0,0,0,0,0,0,0,0,0,0,0,0,0,0
112,公立,一般大學,0048,國立金門大學,學士班(日間),女,1438,56,56,14,2,11,5,4,1,0,0,7,0,6,3,2,1,0,0,0
112,公立,一般大學,0048,國立金門大學,博士班,女,2,0,0,0,0,0,0,0,0,0,0,0,0,0,0,0,0,0,0,0
112,公立,一般大學,0048,國立金門大學,碩士班(日間),男,126,17,17,0,0,0,0,8,0,1,1,0,5,1,1,0,0,0,0,0
112,公立,一般大學,0048,國立金門大學,碩士在職專班,男,44,7,7,0,0,0,0,5,0,0,0,0,1,1,0,0,0,0,0,0
112,公立,一般大學,0049,國立臺灣體育運動大學,學士班(進修),女,106,14,14,1,1,2,0,9,0,1,0,0,0,0,0,0,0,0,0,0
112,公立,一般大學,0049,國立臺灣體育運動大學,碩士班(日間),女,141,25,25,0,6,1,4,14,0,0,0,0,0,0,0,0,0,0,0,0
112,公立,一般大學,0049,國立臺灣體育運動大學,碩士在職專班,女,50,12,12,0,0,0,0,10,0,2,0,0,0,0,0,0,0,0,0,0
112,公立,一般大學,0049,國立臺灣體育運動大學,學士班(進修),男,242,24,24,1,2,2,1,17,0,0,1,0,0,0,0,0,0,0,0,0
112,公立,一般大學,0049,國立臺灣體育運動大學,博士班,男,10,1,1,0,0,0,0,1,0,0,0,0,0,0,0,0,0,0,0,0
112,公立,一般大學,0049,國立臺灣體育運動大學,碩士班(日間),男,146,35,35,0,4,1,3,22,0,4,1,0,0,0,0,0,0,0,0,0
112,公立,一般大學,0049,國立臺灣體育運動大學,碩士在職專班,男,89,18,18,0,1,0,2,11,0,2,1,0,0,0,1,0,0,0,0,0
112,公立,一般大學,0049,國立臺灣體育運動大學,學士班(日間),女,970,42,41,4,7,14,6,10,0,0,0,0,0,0,0,0,0,1,0,1
112,公立,一般大學,0049,國立臺灣體育運動大學,博士班,女,9,0,0,0,0,0,0,0,0,0,0,0,0,0,0,0,0,0,0,0
112,公立,一般大學,0049,國立臺灣體育運動大學,學士班(日間),男,1386,90,86,5,15,24,10,31,0,0,1,0,0,0,0,0,0,4,0,4
112,公立,技專校院,0050,國立臺中科技大學,二專(進修),女,513,93,93,5,2,13,4,49,0,3,0,3,0,5,2,7,0,0,0,0
112,公立,技專校院,0050,國立臺中科技大學,學士班(日間),女,4636,143,143,21,10,39,2,33,0,6,0,11,0,5,6,8,2,0,0,0
112,公立,技專校院,0050,國立臺中科技大學,學士班(進修),女,2481,329,329,28,17,42,5,173,4,10,0,12,0,12,10,16,0,0,0,0
112,公立,技專校院,0050,國立臺中科技大學,五專,女,2635,139,139,11,5,50,9,12,1,0,0,5,0,1,10,32,3,0,0,0
112,公立,技專校院,0050,國立臺中科技大學,五專,男,1069,88,88,5,2,29,14,4,0,0,3,6,0,0,4,20,1,0,0,0
112,公立,技專校院,0050,國立臺中科技大學,碩士班(日間),男,160,15,15,0,2,0,0,5,0,0,1,1,4,0,1,1,0,0,0,0
112,公立,技專校院,0050,國立臺中科技大學,碩士在職專班,男,106,18,18,2,0,1,0,11,0,1,1,1,0,0,1,0,0,0,0,0
112,公立,技專校院,0050,國立臺中科技大學,博士班,女,2,0,0,0,0,0,0,0,0,0,0,0,0,0,0,0,0,0,0,0
112,公立,技專校院,0050,國立臺中科技大學,碩士班(日間),女,259,60,60,4,4,3,0,31,1,6,0,1,3,0,4,3,0,0,0,0
112,公立,技專校院,0050,國立臺中科技大學,碩士在職專班,女,176,26,26,0,0,0,0,16,2,1,0,0,3,0,4,0,0,0,0,0
112,公立,技專校院,0050,國立臺中科技大學,二專(進修),男,292,66,66,3,4,6,5,40,0,0,1,0,0,2,1,4,0,0,0,0
112,公立,技專校院,0050,國立臺中科技大學,學士班(日間),男,2331,100,100,14,7,34,2,17,0,0,9,3,0,1,4,5,4,0,0,0
112,公立,技專校院,0050,國立臺中科技大學,學士班(進修),男,1326,183,183,6,12,17,4,99,0,1,15,5,0,5,7,9,3,0,0,0
112,公立,技專校院,0050,國立臺中科技大學,博士班,男,3,0,0,0,0,0,0,0,0,0,0,0,0,0,0,0,0,0,0,0
112,公立,技專校院,0051,國立臺北商業大學,二專(進修),女,81,23,23,2,0,0,3,16,1,0,0,1,0,0,0,0,0,0,0,0
112,公立,技專校院,0051,國立臺北商業大學,學士班(日間),女,1994,60,60,5,4,20,4,10,1,2,0,6,0,5,1,1,1,0,0,0
112,公立,技專校院,0051,國立臺北商業大學,學士班(進修),女,1081,102,102,6,7,10,6,45,3,5,0,7,0,0,10,3,0,0,0,0
112,公立,技專校院,0051,國立臺北商業大學,博士班,女,3,0,0,0,0,0,0,0,0,0,0,0,0,0,0,0,0,0,0,0
112,公立,技專校院,0051,國立臺北商業大學,碩士班(日間),女,195,17,17,1,1,0,0,10,0,1,0,0,1,0,2,0,1,0,0,0
112,公立,技專校院,0051,國立臺北商業大學,碩士在職專班,女,78,5,5,0,0,0,0,3,0,1,0,0,0,0,1,0,0,0,0,0
112,公立,技專校院,0051,國立臺北商業大學,博士班,男,7,4,4,0,0,0,0,4,0,0,0,0,0,0,0,0,0,0,0,0
112,公立,技專校院,0051,國立臺北商業大學,碩士班(日間),男,125,13,13,1,0,0,0,5,0,0,0,1,5,0,0,1,0,0,0,0
112,公立,技專校院,0051,國立臺北商業大學,碩士在職專班,男,57,3,3,1,0,0,0,1,0,0,0,0,0,0,1,0,0,0,0,0
112,公立,技專校院,0051,國立臺北商業大學,五專,女,1227,55,55,6,0,10,17,5,1,0,0,8,0,0,2,6,0,0,0,0
112,公立,技專校院,0051,國立臺北商業大學,二專(進修),男,57,25,25,1,1,0,0,16,0,1,6,0,0,0,0,0,0,0,0,0
112,公立,技專校院,0051,國立臺北商業大學,學士班(日間),男,944,40,40,1,2,14,4,6,0,0,3,5,0,3,0,2,0,0,0,0
112,公立,技專校院,0051,國立臺北商業大學,學士班(進修),男,632,71,71,5,3,7,1,44,0,0,4,5,0,0,2,0,0,0,0,0
112,公立,技專校院,0051,國立臺北商業大學,五專,男,518,34,34,1,2,10,9,0,0,0,2,6,0,2,1,1,0,0,0,0
112,公立,一般大學,0052,國立屏東大學,學士班(日間),女,3644,99,94,14,6,33,13,8,0,1,0,4,0,4,6,5,0,5,0,5
112,公立,一般大學,0052,國立屏東大學,學士班(日間),男,2918,106,104,4,5,37,19,20,0,0,1,3,0,6,4,5,0,2,0,2
112,公立,一般大學,0052,國立屏東大學,博士班,男,23,4,4,0,0,0,0,1,0,1,0,0,1,0,1,0,0,0,0,0
112,公立,一般大學,0052,國立屏東大學,學士班(進修),女,319,20,20,1,1,2,2,10,1,1,0,0,0,0,1,1,0,0,0,0
112,公立,一般大學,0052,國立屏東大學,博士班,女,23,3,3,0,0,0,0,1,0,0,0,0,1,0,1,0,0,0,0,0
112,公立,一般大學,0052,國立屏東大學,碩士班(日間),女,590,175,175,4,8,2,0,73,1,14,0,1,52,0,9,4,7,0,0,0
112,公立,一般大學,0052,國立屏東大學,碩士在職專班,女,499,122,122,6,3,3,0,45,5,15,0,1,28,2,11,2,1,0,0,0
112,公立,一般大學,0052,國立屏東大學,學士班(進修),男,315,21,21,0,1,1,4,13,0,0,0,0,0,0,2,0,0,0,0,0
112,公立,一般大學,0052,國立屏東大學,碩士班(日間),男,330,66,66,2,4,1,0,25,0,0,2,4,18,1,6,0,3,0,0,0
112,公立,一般大學,0052,國立屏東大學,碩士在職專班,男,198,47,47,1,1,0,0,25,0,5,0,0,9,1,4,0,1,0,0,0
112,公立,技專校院,0053,國立高雄科技大學,博士班,女,146,21,21,3,4,1,4,6,1,2,0,0,0,0,0,0,0,0,0,0
112,公立,技專校院,0053,國立高雄科技大學,碩士班(日間),女,875,117,117,10,17,14,17,46,0,4,0,3,0,0,3,0,3,0,0,0
112,公立,技專校院,0053,國立高雄科技大學,學士班(日間),男,11212,605,583,45,44,178,150,97,0,1,29,14,0,0,11,3,11,22,0,22
112,公立,技專校院,0053,國立高雄科技大學,五專,男,705,42,41,1,2,15,12,4,0,0,5,2,0,0,0,0,0,1,0,1
112,公立,技專校院,0053,國立高雄科技大學,學士班(日間),女,6713,243,240,32,31,85,31,28,3,3,0,15,0,0,7,0,5,3,0,3
112,公立,技專校院,0053,國立高雄科技大學,學士班(進修),女,1286,148,140,12,16,28,4,64,4,6,0,2,0,0,4,0,0,8,0,8
112,公立,技專校院,0053,國立高雄科技大學,五專,女,169,2,1,1,0,0,0,0,0,0,0,0,0,0,0,0,0,1,0,1
112,公立,技專校院,0053,國立高雄科技大學,碩士在職專班,女,731,147,147,12,0,5,20,80,5,19,0,0,0,0,5,0,1,0,0,0
112,公立,技專校院,0053,國立高雄科技大學,學士班(進修),男,2583,299,276,8,28,49,17,119,0,2,36,5,0,0,3,0,9,23,0,23
112,公立,技專校院,0053,國立高雄科技大學,博士班,男,418,84,84,6,3,2,20,36,0,5,0,1,1,0,8,0,2,0,0,0
112,公立,技專校院,0053,國立高雄科技大學,碩士班(日間),男,1733,173,173,13,11,20,31,61,0,0,13,7,0,0,11,0,6,0,0,0
112,公立,技專校院,0053,國立高雄科技大學,碩士在職專班,男,1212,265,265,8,11,8,31,183,0,10,0,2,0,0,10,0,2,0,0,0
112,公立,技專校院,0144,國立臺灣戲曲學院,學士班(日間),女,312,11,11,1,0,6,0,2,0,0,0,2,0,0,0,0,0,0,0,0
112,公立,技專校院,0144,國立臺灣戲曲學院,學士班(日間),男,189,6,6,1,0,2,0,2,0,0,1,0,0,0,0,0,0,0,0,0
112,公立,技專校院,0221,國立臺南護理專科學校,二專(日間),女,63,6,6,0,0,2,0,2,1,0,0,0,0,0,1,0,0,0,0,0
112,公立,技專校院,0221,國立臺南護理專科學校,五專,女,1683,54,54,4,2,35,7,2,0,1,0,0,0,0,0,3,0,0,0,0
112,公立,技專校院,0221,國立臺南護理專科學校,二專(日間),男,4,1,1,0,0,0,0,1,0,0,0,0,0,0,0,0,0,0,0,0
112,公立,技專校院,0221,國立臺南護理專科學校,二專(進修),男,5,0,0,0,0,0,0,0,0,0,0,0,0,0,0,0,0,0,0,0
112,公立,技專校院,0221,國立臺南護理專科學校,二專(進修),女,33,2,2,1,0,0,0,1,0,0,0,0,0,0,0,0,0,0,0,0
112,公立,技專校院,0221,國立臺南護理專科學校,五專,男,195,7,7,0,0,3,3,0,0,0,0,0,0,0,1,0,0,0,0,0
112,公立,技專校院,0222,國立臺東專科學校,二專(日間),女,109,14,14,2,1,6,2,2,0,0,0,0,0,1,0,0,0,0,0,0
112,公立,技專校院,0222,國立臺東專科學校,二專(日間),男,303,31,31,2,4,12,3,8,0,0,1,0,0,1,0,0,0,0,0,0
112,公立,技專校院,0222,國立臺東專科學校,二專(進修),男,45,4,4,0,0,0,1,1,0,0,2,0,0,0,0,0,0,0,0,0
112,公立,技專校院,0222,國立臺東專科學校,五專,男,102,16,16,1,3,2,5,1,0,0,2,0,0,0,1,1,0,0,0,0
112,公立,技專校院,0222,國立臺東專科學校,二專(進修),女,42,0,0,0,0,0,0,0,0,0,0,0,0,0,0,0,0,0,0,0
112,公立,技專校院,0222,國立臺東專科學校,五專,女,85,13,13,1,0,2,4,3,0,0,0,0,0,0,0,3,0,0,0,0
112,私立,一般大學,1001,東海大學,碩士班(日間),女,692,227,222,15,11,7,0,64,1,15,0,9,75,4,19,2,0,5,0,5
112,私立,一般大學,1001,東海大學,碩士在職專班,女,398,131,129,12,0,1,0,54,2,6,0,7,38,0,9,0,0,2,0,2
112,私立,一般大學,1001,東海大學,學士班(日間),男,5896,278,248,25,10,83,21,37,0,0,2,24,0,16,21,9,0,30,0,30
112,私立,一般大學,1001,東海大學,學士班(進修),男,107,20,16,1,1,1,1,11,0,0,0,0,0,0,1,0,0,4,0,4
112,私立,一般大學,1001,東海大學,博士班,男,148,47,45,2,0,0,0,15,0,2,0,1,20,0,4,1,0,2,0,2
112,私立,一般大學,1001,東海大學,學士班(日間),女,7055,252,239,45,12,74,9,17,3,3,0,39,0,11,21,5,0,13,0,13
112,私立,一般大學,1001,東海大學,學士班(進修),女,143,19,18,4,0,1,1,4,0,2,0,0,0,2,3,1,0,1,0,1
112,私立,一般大學,1001,東海大學,博士班,女,101,29,29,2,0,0,0,11,2,1,0,0,10,0,3,0,0,0,0,0
112,私立,一般大學,1001,東海大學,碩士班(日間),男,687,194,185,6,4,10,1,64,0,6,2,4,69,1,14,4,0,9,0,9
112,私立,一般大學,1001,東海大學,碩士在職專班,男,355,102,95,9,0,1,0,53,0,1,0,5,18,0,7,1,0,7,0,7
112,私立,一般大學,1002,輔仁大學,學士班(日間),女,10716,383,383,65,11,168,13,19,1,2,0,62,1,9,22,2,8,0,0,0
112,私立,一般大學,1002,輔仁大學,博士班,女,193,48,48,5,1,5,0,8,0,4,0,2,20,0,3,0,0,0,0,0
112,私立,一般大學,1002,輔仁大學,學士班(日間),男,7332,391,391,40,5,218,20,25,0,1,2,38,1,8,24,1,8,0,0,0
112,私立,一般大學,1002,輔仁大學,碩士班(日間),男,746,158,158,10,3,53,0,29,0,4,5,1,38,0,12,3,0,0,0,0
112,私立,一般大學,1002,輔仁大學,碩士在職專班,男,584,132,132,5,1,16,0,58,0,16,0,2,23,0,9,2,0,0,0,0
112,私立,一般大學,1002,輔仁大學,學士班(進修),女,2218,179,170,28,5,32,2,58,0,6,0,11,0,1,17,0,10,9,0,9
112,私立,一般大學,1002,輔仁大學,碩士班(日間),女,1193,255,255,12,7,59,1,53,3,18,0,6,62,1,20,4,9,0,0,0
112,私立,一般大學,1002,輔仁大學,碩士在職專班,女,914,204,204,17,1,24,0,60,10,35,0,2,29,0,21,3,2,0,0,0
112,私立,一般大學,1002,輔仁大學,學士班(進修),男,1501,123,114,14,5,20,1,53,0,2,0,0,0,0,15,0,4,9,0,9
112,私立,一般大學,1002,輔仁大學,博士班,男,235,70,70,3,2,8,0,17,0,5,1,2,30,0,2,0,0,0,0,0
112,私立,一般大學,1003,東吳大學,學士班(日間),女,7179,266,264,38,4,53,11,33,0,0,0,70,0,24,11,6,14,2,0,2
112,私立,一般大學,1003,東吳大學,碩士在職專班,女,684,138,138,12,1,0,0,44,5,25,0,4,31,1,10,1,4,0,0,0
112,私立,一般大學,1003,東吳大學,學士班(日間),男,4730,250,249,15,4,60,18,25,0,1,6,50,0,22,13,11,24,1,0,1
112,私立,一般大學,1003,東吳大學,學士班(進修),男,227,25,24,7,1,2,0,7,0,1,2,1,0,0,2,0,1,1,0,1
112,私立,一般大學,1003,東吳大學,學士班(進修),女,374,37,36,3,3,2,1,14,0,2,0,3,0,0,2,0,6,1,0,1
112,私立,一般大學,1003,東吳大學,博士班,女,50,15,15,0,0,0,0,3,0,3,0,0,7,0,2,0,0,0,0,0
112,私立,一般大學,1003,東吳大學,碩士班(日間),女,717,143,143,6,4,4,0,31,2,3,0,11,57,4,10,4,7,0,0,0
112,私立,一般大學,1003,東吳大學,博士班,男,63,12,12,1,0,0,0,3,0,0,2,1,3,0,2,0,0,0,0,0
112,私立,一般大學,1003,東吳大學,碩士班(日間),男,590,142,142,7,2,11,1,41,0,1,8,8,40,3,6,5,9,0,0,0
112,私立,一般大學,1003,東吳大學,碩士在職專班,男,595,103,103,4,0,0,0,46,0,6,0,4,29,0,8,1,5,0,0,0
112,私立,一般大學,1004,中原大學,博士班,女,122,23,23,0,0,0,0,9,1,2,0,0,8,0,3,0,0,0,0,0
112,私立,一般大學,1004,中原大學,碩士班(日間),女,736,110,110,6,5,2,0,41,0,7,0,6,33,2,7,1,0,0,0,0
112,私立,一般大學,1004,中原大學,碩士在職專班,女,377,68,68,5,5,0,0,30,1,12,0,1,7,0,6,1,0,0,0,0
112,私立,一般大學,1004,中原大學,學士班(日間),男,7135,290,285,11,13,66,48,49,0,0,31,27,3,4,14,19,0,5,0,5
112,私立,一般大學,1004,中原大學,博士班,男,210,51,51,1,3,1,1,23,0,5,1,2,10,0,3,1,0,0,0,0
112,私立,一般大學,1004,中原大學,學士班(日間),女,6597,233,231,22,17,70,31,25,2,6,0,30,0,7,12,9,0,2,0,2
112,私立,一般大學,1004,中原大學,碩士班(日間),男,932,98,98,5,5,5,2,30,0,0,11,3,27,0,8,2,0,0,0,0
112,私立,一般大學,1004,中原大學,碩士在職專班,男,587,122,122,6,4,0,0,63,0,26,0,2,12,0,8,1,0,0,0,0
112,私立,一般大學,1005,淡江大學學校財團法人淡江大學,學士班(日間),女,9040,456,235,50,5,62,7,6,0,0,0,50,0,14,17,12,12,221,0,221
112,私立,一般大學,1005,淡江大學學校財團法人淡江大學,博士班,女,122,34,27,5,0,0,0,8,1,2,0,1,5,0,3,0,2,7,0,7
112,私立,一般大學,1005,淡江大學學校財團法人淡江大學,學士班(日間),男,10426,792,343,37,8,99,40,15,0,1,6,53,0,19,29,24,12,449,0,449
112,私立,一般大學,1005,淡江大學學校財團法人淡江大學,碩士在職專班,男,309,88,43,2,0,0,0,26,0,5,0,0,5,0,3,2,0,45,0,45
112,私立,一般大學,1005,淡江大學學校財團法人淡江大學,學士班(進修),女,324,56,16,5,2,2,0,1,2,1,0,2,0,0,0,0,1,40,0,40
112,私立,一般大學,1005,淡江大學學校財團法人淡江大學,碩士班(日間),女,654,121,74,8,3,3,1,11,1,5,0,3,27,2,6,1,3,47,0,47
112,私立,一般大學,1005,淡江大學學校財團法人淡江大學,碩士在職專班,女,313,67,30,0,0,0,0,12,3,7,0,1,3,0,4,0,0,37,0,37
112,私立,一般大學,1005,淡江大學學校財團法人淡江大學,學士班(進修),男,492,138,45,4,2,9,4,12,0,0,1,4,0,2,5,0,2,93,0,93
112,私立,一般大學,1005,淡江大學學校財團法人淡江大學,博士班,男,229,59,36,2,0,0,0,18,0,1,0,1,11,0,2,0,1,23,0,23
112,私立,一般大學,1005,淡江大學學校財團法人淡江大學,碩士班(日間),男,765,150,70,4,1,3,1,23,0,0,1,4,13,1,10,2,7,80,0,80
112,私立,一般大學,1006,中國文化大學,學士班(進修),女,818,238,100,12,5,17,0,44,3,1,0,3,0,4,7,4,0,138,0,138
112,私立,一般大學,1006,中國文化大學,碩士班(日間),女,731,164,164,10,10,2,2,52,3,3,0,7,48,1,3,10,13,0,0,0
112,私立,一般大學,1006,中國文化大學,碩士在職專班,女,364,116,102,11,3,8,0,36,1,3,0,4,22,3,10,1,0,14,0,14
112,私立,一般大學,1006,中國文化大學,學士班(進修),男,496,166,77,4,4,6,1,37,0,0,14,3,0,2,3,3,0,89,0,89
112,私立,一般大學,1006,中國文化大學,博士班,男,298,75,75,6,1,0,0,30,0,2,1,3,22,0,3,1,6,0,0,0
112,私立,一般大學,1006,中國文化大學,碩士班(日間),男,787,202,202,10,17,5,2,64,0,4,6,2,53,1,3,19,16,0,0,0
112,私立,一般大學,1006,中國文化大學,學士班(日間),女,7679,512,362,47,27,87,37,53,2,3,0,36,2,13,6,8,41,150,0,150
112,私立,一般大學,1006,中國文化大學,博士班,女,196,63,63,2,1,1,0,24,0,1,0,1,22,1,3,0,7,0,0,0
112,私立,一般大學,1006,中國文化大學,學士班(日間),男,8296,842,480,34,45,105,60,95,0,0,6,37,0,22,5,12,59,362,0,362
112,私立,一般大學,1006,中國文化大學,碩士在職專班,男,201,79,60,3,2,0,0,25,0,4,2,2,21,0,0,1,0,19,0,19
112,私立,一般大學,1007,逢甲大學,學士班(日間),女,7280,182,176,24,5,75,8,15,1,2,0,29,0,1,14,1,1,6,0,6
112,私立,一般大學,1007,逢甲大學,學士班(進修),女,305,31,30,3,1,3,1,11,0,5,0,1,0,0,5,0,0,1,0,1
112,私立,一般大學,1007,逢甲大學,博士班,女,126,16,16,3,0,1,0,5,0,1,0,0,3,0,2,1,0,0,0,0
112,私立,一般大學,1007,逢甲大學,碩士在職專班,女,464,62,62,5,0,4,0,30,2,6,0,0,8,0,7,0,0,0,0,0
112,私立,一般大學,1007,逢甲大學,博士班,男,278,43,43,4,1,2,3,22,0,1,1,0,7,0,2,0,0,0,0,0
112,私立,一般大學,1007,逢甲大學,碩士班(日間),男,1123,116,116,9,2,33,2,30,0,0,11,2,12,0,15,0,0,0,0,0
112,私立,一般大學,1007,逢甲大學,碩士在職專班,男,711,88,88,2,1,3,1,60,0,7,0,0,9,0,5,0,0,0,0,0
112,私立,一般大學,1007,逢甲大學,碩士班(日間),女,591,63,63,7,2,17,3,13,0,4,1,2,4,0,9,1,0,0,0,0
112,私立,一般大學,1007,逢甲大學,學士班(日間),男,10092,321,311,30,4,149,17,21,0,2,21,25,0,2,37,1,2,10,0,10
112,私立,一般大學,1007,逢甲大學,學士班(進修),男,471,32,30,1,1,7,2,16,0,1,2,0,0,0,0,0,0,2,0,2
112,私立,一般大學,1008,靜宜大學,碩士班(日間),女,430,74,74,4,4,0,7,25,1,2,0,2,18,0,5,6,0,0,0,0
112,私立,一般大學,1008,靜宜大學,碩士在職專班,女,234,38,38,3,0,0,1,21,0,2,0,0,9,0,1,1,0,0,0,0
112,私立,一般大學,1008,靜宜大學,學士班(日間),男,3893,236,229,14,12,61,45,47,0,0,7,8,0,15,8,12,0,7,0,7
112,私立,一般大學,1008,靜宜大學,博士班,男,25,11,11,0,0,0,0,7,0,0,0,0,4,0,0,0,0,0,0,0
112,私立,一般大學,1008,靜宜大學,碩士班(日間),男,248,63,63,2,8,1,6,27,0,0,0,1,14,0,2,2,0,0,0,0
112,私立,一般大學,1008,靜宜大學,學士班(日間),女,5979,227,217,23,12,64,26,36,0,1,0,20,0,22,7,5,1,10,0,10
112,私立,一般大學,1008,靜宜大學,博士班,女,36,6,6,0,0,0,0,3,0,0,0,0,3,0,0,0,0,0,0,0
112,私立,一般大學,1008,靜宜大學,碩士在職專班,男,142,21,21,1,0,1,0,10,0,2,0,1,4,0,1,1,0,0,0,0
112,私立,一般大學,1009,長庚大學,學士班(日間),女,2781,108,108,10,1,59,3,5,1,1,0,20,0,3,0,1,4,0,0,0
112,私立,一般大學,1009,長庚大學,博士班,女,179,26,26,0,1,0,0,8,0,3,0,1,7,0,5,1,0,0,0,0
112,私立,一般大學,1009,長庚大學,碩士在職專班,女,88,18,18,0,0,0,0,11,0,1,0,0,3,0,3,0,0,0,0,0
112,私立,一般大學,1009,長庚大學,博士班,男,275,40,40,0,1,0,0,12,0,1,1,4,17,0,4,0,0,0,0,0
112,私立,一般大學,1009,長庚大學,碩士班(日間),男,552,62,62,2,2,7,1,24,0,1,2,3,10,0,7,2,1,0,0,0
112,私立,一般大學,1009,長庚大學,碩士在職專班,男,90,29,29,1,0,0,0,18,0,2,0,2,2,0,4,0,0,0,0,0
112,私立,一般大學,1009,長庚大學,碩士班(日間),女,647,110,110,7,1,9,0,35,1,7,0,5,19,1,21,2,2,0,0,0
112,私立,一般大學,1009,長庚大學,學士班(日間),男,2491,116,116,6,4,65,20,3,0,0,2,5,0,2,3,1,5,0,0,0
112,私立,一般大學,1010,元智大學,碩士班(日間),女,308,28,28,0,1,7,0,8,1,0,0,1,7,0,3,0,0,0,0,0
112,私立,一般大學,1010,元智大學,碩士在職專班,女,213,25,25,1,0,2,0,17,1,2,0,0,2,0,0,0,0,0,0,0
112,私立,一般大學,1010,元智大學,學士班(日間),男,4023,129,129,2,3,84,12,12,0,0,3,7,0,4,2,0,0,0,0,0
112,私立,一般大學,1010,元智大學,碩士在職專班,男,312,46,46,0,1,2,1,31,0,0,0,0,6,0,4,1,0,0,0,0
112,私立,一般大學,1010,元智大學,學士班(日間),女,3157,73,73,5,0,45,5,5,0,0,0,7,0,4,0,2,0,0,0,0
112,私立,一般大學,1010,元智大學,博士班,女,62,10,10,0,0,1,0,5,0,0,0,0,3,0,1,0,0,0,0,0
112,私立,一般大學,1010,元智大學,博士班,男,176,33,33,2,0,2,0,16,0,0,0,2,7,0,4,0,0,0,0,0
112,私立,一般大學,1010,元智大學,碩士班(日間),男,512,32,32,0,3,14,0,6,0,0,2,0,3,0,4,0,0,0,0,0
112,私立,一般大學,1011,中華大學學校財團法人中華大學,學士班(進修),女,120,9,7,0,1,2,0,4,0,0,0,0,0,0,0,0,0,2,0,2
112,私立,一般大學,1011,中華大學學校財團法人中華大學,博士班,女,18,6,6,0,0,0,0,3,1,0,0,0,2,0,0,0,0,0,0,0
112,私立,一般大學,1011,中華大學學校財團法人中華大學,碩士班(日間),女,101,19,18,2,0,0,0,9,0,0,0,1,5,0,0,1,0,1,0,1
112,私立,一般大學,1011,中華大學學校財團法人中華大學,碩士在職專班,女,35,13,13,0,0,1,0,10,0,2,0,0,0,0,0,0,0,0,0,0
112,私立,一般大學,1011,中華大學學校財團法人中華大學,碩士在職專班,男,90,24,24,1,0,0,0,17,0,0,0,0,6,0,0,0,0,0,0,0
112,私立,一般大學,1011,中華大學學校財團法人中華大學,學士班(日間),女,965,54,45,6,2,14,3,8,1,0,0,4,0,3,4,0,0,9,0,9
112,私立,一般大學,1011,中華大學學校財團法人中華大學,學士班(日間),男,2134,165,142,8,9,37,16,38,0,0,14,10,0,3,3,4,0,23,0,23
112,私立,一般大學,1011,中華大學學校財團法人中華大學,學士班(進修),男,208,20,14,1,0,0,0,12,0,0,1,0,0,0,0,0,0,6,0,6
112,私立,一般大學,1011,中華大學學校財團法人中華大學,博士班,男,40,19,17,0,0,0,0,8,0,0,0,2,5,0,2,0,0,2,0,2
112,私立,一般大學,1011,中華大學學校財團法人中華大學,碩士班(日間),男,187,47,47,1,1,5,0,28,0,0,1,0,10,0,0,1,0,0,0,0
112,私立,一般大學,1012,大葉大學,學士班(進修),女,114,15,15,1,2,0,1,7,2,2,0,0,0,0,0,0,0,0,0,0
112,私立,一般大學,1012,大葉大學,碩士班(日間),女,194,55,55,4,1,1,0,32,1,3,0,1,7,0,5,0,0,0,0,0
112,私立,一般大學,1012,大葉大學,碩士在職專班,女,75,41,41,1,0,0,0,28,1,2,0,0,7,0,1,1,0,0,0,0
112,私立,一般大學,1012,大葉大學,學士班(進修),男,139,18,18,0,3,0,0,13,0,0,2,0,0,0,0,0,0,0,0,0
112,私立,一般大學,1012,大葉大學,博士班,男,76,54,54,3,1,0,0,34,0,3,0,0,11,0,2,0,0,0,0,0
112,私立,一般大學,1012,大葉大學,碩士班(日間),男,206,70,70,4,5,4,0,40,0,1,4,2,5,0,4,1,0,0,0,0
112,私立,一般大學,1012,大葉大學,學士班(日間),女,1608,119,117,21,23,17,2,26,2,2,0,8,0,11,5,0,0,2,0,2
112,私立,一般大學,1012,大葉大學,博士班,女,37,14,14,2,0,0,0,8,1,2,0,0,0,0,1,0,0,0,0,0
112,私立,一般大學,1012,大葉大學,學士班(日間),男,2046,194,192,13,20,26,6,53,0,1,48,4,0,5,6,5,5,2,0,2
112,私立,一般大學,1012,大葉大學,碩士在職專班,男,66,31,31,0,0,0,0,20,0,3,0,0,4,0,3,1,0,0,0,0
112,私立,一般大學,1013,華梵學校財團法人華梵大學,學士班(日間),男,257,35,35,7,0,10,2,6,0,0,3,3,0,0,3,0,1,0,0,0
112,私立,一般大學,1013,華梵學校財團法人華梵大學,學士班(日間),女,287,34,34,9,0,2,0,14,0,0,0,1,0,0,2,1,5,0,0,0
112,私立,一般大學,1013,華梵學校財團法人華梵大學,博士班,女,35,8,8,2,0,0,0,2,0,0,0,0,4,0,0,0,0,0,0,0
112,私立,一般大學,1013,華梵學校財團法人華梵大學,碩士班(日間),女,105,35,35,3,0,1,0,6,0,1,0,3,16,0,4,0,1,0,0,0
112,私立,一般大學,1013,華梵學校財團法人華梵大學,碩士在職專班,女,137,25,25,1,1,0,0,9,0,3,0,0,4,0,6,1,0,0,0,0
112,私立,一般大學,1013,華梵學校財團法人華梵大學,博士班,男,29,7,7,0,0,0,1,2,0,0,0,0,4,0,0,0,0,0,0,0
112,私立,一般大學,1013,華梵學校財團法人華梵大學,碩士班(日間),男,79,22,22,3,1,0,2,6,0,0,2,1,5,0,1,0,1,0,0,0
112,私立,一般大學,1013,華梵學校財團法人華梵大學,碩士在職專班,男,94,18,18,4,2,0,0,3,0,0,0,1,1,0,6,0,1,0,0,0
112,私立,一般大學,1014,義守大學,學士班(日間),女,5027,116,116,14,12,53,11,16,0,1,0,5,0,0,3,0,1,0,0,0
112,私立,一般大學,1014,義守大學,學士班(日間),男,5140,149,149,13,7,76,12,25,0,0,8,3,0,0,3,1,1,0,0,0
112,私立,一般大學,1014,義守大學,碩士班(日間),男,179,5,5,0,0,1,0,3,0,0,0,0,1,0,0,0,0,0,0,0
112,私立,一般大學,1014,義守大學,學士班(進修),女,251,13,13,1,0,4,0,8,0,0,0,0,0,0,0,0,0,0,0,0
112,私立,一般大學,1014,義守大學,博士班,女,42,5,5,1,0,0,0,4,0,0,0,0,0,0,0,0,0,0,0,0
112,私立,一般大學,1014,義守大學,碩士班(日間),女,198,18,18,0,1,1,1,11,2,0,0,0,2,0,0,0,0,0,0,0
112,私立,一般大學,1014,義守大學,碩士在職專班,女,101,14,14,0,0,0,0,8,1,2,0,0,1,0,2,0,0,0,0,0
112,私立,一般大學,1014,義守大學,學士班(進修),男,491,24,24,0,0,1,0,16,0,3,1,0,0,0,3,0,0,0,0,0
112,私立,一般大學,1014,義守大學,博士班,男,89,10,10,0,0,0,0,8,0,1,0,0,1,0,0,0,0,0,0,0
112,私立,一般大學,1014,義守大學,碩士在職專班,男,203,29,29,0,1,0,0,23,0,1,1,0,3,0,0,0,0,0,0,0
112,私立,一般大學,1015,世新大學,學士班(日間),女,5975,203,203,32,5,73,4,38,1,0,0,29,0,11,3,5,2,0,0,0
112,私立,一般大學,1015,世新大學,學士班(進修),女,438,28,28,2,1,6,1,15,0,0,0,2,0,0,0,1,0,0,0,0
112,私立,一般大學,1015,世新大學,學士班(日間),男,3175,133,133,9,6,39,6,33,0,1,6,16,0,5,7,5,0,0,0,0
112,私立,一般大學,1015,世新大學,碩士班(日間),男,208,71,71,1,1,0,0,28,0,0,3,2,28,0,5,3,0,0,0,0
112,私立,一般大學,1015,世新大學,博士班,女,42,7,7,0,0,0,0,5,0,0,0,0,2,0,0,0,0,0,0,0
112,私立,一般大學,1015,世新大學,碩士班(日間),女,265,68,68,3,0,2,0,27,1,0,0,4,21,0,7,2,1,0,0,0
112,私立,一般大學,1015,世新大學,碩士在職專班,女,269,68,68,2,0,3,0,31,1,11,0,1,17,0,2,0,0,0,0,0
112,私立,一般大學,1015,世新大學,學士班(進修),男,235,18,18,0,2,6,0,6,0,0,2,0,0,0,1,1,0,0,0,0
112,私立,一般大學,1015,世新大學,博士班,男,39,9,9,0,0,1,0,4,0,0,0,0,2,0,1,1,0,0,0,0
112,私立,一般大學,1015,世新大學,碩士在職專班,男,274,70,70,0,0,0,0,47,0,4,0,1,13,0,4,1,0,0,0,0
112,私立,一般大學,1016,銘傳大學,博士班,女,43,10,10,3,0,0,0,5,0,1,0,0,1,0,0,0,0,0,0,0
112,私立,一般大學,1016,銘傳大學,碩士班(日間),女,477,67,67,5,2,0,1,26,4,3,0,2,22,0,2,0,0,0,0,0
112,私立,一般大學,1016,銘傳大學,學士班(日間),男,6409,350,349,27,4,101,52,90,0,0,19,22,1,4,26,1,2,1,1,0
112,私立,一般大學,1016,銘傳大學,學士班(日間),女,9540,379,379,46,10,104,44,75,2,1,0,54,0,12,22,3,6,0,0,0
112,私立,一般大學,1016,銘傳大學,碩士在職專班,女,420,74,74,6,0,1,0,38,2,3,0,0,20,0,3,0,1,0,0,0
112,私立,一般大學,1016,銘傳大學,博士班,男,35,11,11,4,0,0,0,3,0,1,0,0,3,0,0,0,0,0,0,0
112,私立,一般大學,1016,銘傳大學,碩士班(日間),男,292,48,48,1,0,3,1,15,0,0,5,0,19,0,3,1,0,0,0,0
112,私立,一般大學,1016,銘傳大學,碩士在職專班,男,282,59,59,2,3,1,0,31,0,0,0,1,17,0,4,0,0,0,0,0
112,私立,一般大學,1017,實踐大學,博士班,女,14,0,0,0,0,0,0,0,0,0,0,0,0,0,0,0,0,0,0,0
112,私立,一般大學,1017,實踐大學,碩士班(日間),女,185,48,48,1,2,0,1,14,2,2,0,2,21,1,2,0,0,0,0,0
112,私立,一般大學,1017,實踐大學,碩士在職專班,女,87,16,16,0,0,0,0,6,0,2,0,1,4,0,2,1,0,0,0,0
112,私立,一般大學,1017,實踐大學,學士班(進修),男,365,34,34,2,2,0,3,18,0,0,0,3,0,3,1,0,2,0,0,0
112,私立,一般大學,1017,實踐大學,博士班,男,11,2,2,0,0,0,0,1,0,0,0,0,1,0,0,0,0,0,0,0
112,私立,一般大學,1017,實踐大學,碩士在職專班,男,20,4,4,0,0,0,0,1,0,0,0,0,3,0,0,0,0,0,0,0
112,私立,一般大學,1017,實踐大學,學士班(日間),女,6016,282,282,39,9,43,63,30,3,4,0,27,0,30,8,5,21,0,0,0
112,私立,一般大學,1017,實踐大學,學士班(進修),女,816,78,78,9,4,3,11,25,4,3,0,6,0,4,3,0,6,0,0,0
112,私立,一般大學,1017,實踐大學,學士班(日間),男,3096,170,170,11,8,24,28,37,0,0,9,15,0,12,8,5,13,0,0,0
112,私立,一般大學,1017,實踐大學,碩士班(日間),男,144,38,38,1,1,0,0,13,0,1,1,1,16,1,1,1,1,0,0,0
112,私立,技專校院,1018,朝陽科技大學,學士班(日間),女,6179,215,215,26,21,78,7,32,5,9,0,12,0,10,12,3,0,0,0,0
112,私立,技專校院,1018,朝陽科技大學,學士班(進修),女,602,50,50,4,9,7,0,24,1,3,0,0,0,0,2,0,0,0,0,0
112,私立,技專校院,1018,朝陽科技大學,碩士班(日間),男,321,34,34,3,3,2,0,15,0,0,1,0,6,0,4,0,0,0,0,0
112,私立,技專校院,1018,朝陽科技大學,碩士在職專班,男,117,21,21,0,0,1,0,13,0,1,0,1,4,0,1,0,0,0,0,0
112,私立,技專校院,1018,朝陽科技大學,博士班,女,31,4,4,0,0,0,1,2,0,0,0,0,1,0,0,0,0,0,0,0
112,私立,技專校院,1018,朝陽科技大學,碩士班(日間),女,288,42,42,3,0,2,1,9,0,7,0,2,10,1,5,1,1,0,0,0
112,私立,技專校院,1018,朝陽科技大學,碩士在職專班,女,134,21,21,1,0,3,0,6,1,4,0,0,4,0,2,0,0,0,0,0
112,私立,技專校院,1018,朝陽科技大學,學士班(日間),男,4927,199,199,16,17,72,16,29,0,2,15,11,0,7,12,2,0,0,0,0
112,私立,技專校院,1018,朝陽科技大學,學士班(進修),男,566,55,55,2,3,6,3,29,0,1,8,2,0,0,1,0,0,0,0,0
112,私立,技專校院,1018,朝陽科技大學,博士班,男,68,8,8,1,1,0,0,4,0,0,0,0,2,0,0,0,0,0,0,0
112,私立,一般大學,1019,高雄醫學大學,學士班(日間),女,3146,169,168,4,3,114,3,3,0,1,0,15,0,13,1,5,6,1,0,1
112,私立,一般大學,1019,高雄醫學大學,碩士在職專班,女,129,45,45,0,0,0,0,18,0,4,0,0,20,1,1,1,0,0,0,0
112,私立,一般大學,1019,高雄醫學大學,博士班,男,167,31,31,1,0,1,0,9,0,4,0,2,14,0,0,0,0,0,0,0
112,私立,一般大學,1019,高雄醫學大學,碩士班(日間),男,226,30,30,0,2,2,0,13,0,4,1,2,4,1,1,0,0,0,0,0
112,私立,一般大學,1019,高雄醫學大學,碩士在職專班,男,92,31,31,0,0,2,0,20,0,4,0,0,5,0,0,0,0,0,0,0
112,私立,一般大學,1019,高雄醫學大學,博士班,女,142,49,49,2,1,0,0,12,2,7,0,5,16,1,3,0,0,0,0,0
112,私立,一般大學,1019,高雄醫學大學,碩士班(日間),女,477,102,102,2,1,10,1,26,3,7,0,2,41,3,4,1,1,0,0,0
112,私立,一般大學,1019,高雄醫學大學,學士班(日間),男,2242,108,108,2,4,74,5,2,0,0,3,2,0,5,2,5,4,0,0,0
112,私立,一般大學,1020,南華大學,博士班,女,17,3,3,0,0,0,0,1,0,2,0,0,0,0,0,0,0,0,0,0
112,私立,一般大學,1020,南華大學,碩士班(日間),女,323,129,129,5,5,6,0,38,2,9,0,2,43,0,14,4,1,0,0,0
112,私立,一般大學,1020,南華大學,碩士在職專班,女,246,77,77,4,0,1,0,32,0,6,0,1,20,0,13,0,0,0,0,0
112,私立,一般大學,1020,南華大學,學士班(日間),男,1682,140,140,16,13,47,15,25,0,0,4,2,0,5,5,7,1,0,0,0
112,私立,一般大學,1020,南華大學,學士班(進修),男,172,22,22,1,1,5,0,10,0,0,2,0,0,1,1,1,0,0,0,0
112,私立,一般大學,1020,南華大學,博士班,男,30,7,7,0,0,0,0,3,0,1,0,0,1,0,2,0,0,0,0,0
112,私立,一般大學,1020,南華大學,學士班(日間),女,1985,109,109,30,6,35,2,17,2,2,2,5,0,3,2,3,0,0,0,0
112,私立,一般大學,1020,南華大學,學士班(進修),女,103,15,15,1,3,3,0,7,0,0,0,0,0,0,1,0,0,0,0,0
112,私立,一般大學,1020,南華大學,碩士班(日間),男,194,75,75,4,6,6,0,30,0,1,1,2,21,1,2,1,0,0,0,0
112,私立,一般大學,1020,南華大學,碩士在職專班,男,142,45,45,2,2,0,0,17,0,1,0,1,16,0,6,0,0,0,0,0
112,私立,一般大學,1021,真理大學,學士班(日間),女,1499,78,78,11,17,16,2,17,1,0,0,8,0,5,0,1,0,0,0,0
112,私立,一般大學,1021,真理大學,碩士班(日間),男,65,12,12,0,4,0,0,3,0,0,0,0,4,0,1,0,0,0,0,0
112,私立,一般大學,1021,真理大學,碩士在職專班,男,5,2,2,0,0,0,0,1,0,0,0,0,1,0,0,0,0,0,0,0
112,私立,一般大學,1021,真理大學,學士班(進修),女,1,0,0,0,0,0,0,0,0,0,0,0,0,0,0,0,0,0,0,0
112,私立,一般大學,1021,真理大學,碩士班(日間),女,59,10,10,1,4,0,0,2,0,0,0,1,1,0,1,0,0,0,0,0
112,私立,一般大學,1021,真理大學,碩士在職專班,女,5,4,4,0,1,0,0,1,0,0,0,0,2,0,0,0,0,0,0,0
112,私立,一般大學,1021,真理大學,學士班(日間),男,1647,115,115,10,31,20,5,32,0,0,0,9,0,3,1,4,0,0,0,0
112,私立,一般大學,1022,大同大學,學士班(日間),女,1146,52,52,7,3,25,0,6,0,0,0,9,0,1,0,1,0,0,0,0
112,私立,一般大學,1022,大同大學,博士班,女,29,8,8,0,2,0,0,4,0,0,0,0,2,0,0,0,0,0,0,0
112,私立,一般大學,1022,大同大學,學士班(日間),男,1997,113,113,15,3,38,18,12,0,0,4,9,0,4,6,4,0,0,0,0
112,私立,一般大學,1022,大同大學,碩士班(日間),男,139,12,12,2,1,1,0,1,0,0,0,3,3,0,0,1,0,0,0,0
112,私立,一般大學,1022,大同大學,碩士在職專班,男,95,18,18,0,0,0,0,10,0,2,0,1,4,0,1,0,0,0,0,0
112,私立,一般大學,1022,大同大學,碩士班(日間),女,93,7,7,0,0,0,0,1,0,0,0,2,3,0,1,0,0,0,0,0
112,私立,一般大學,1022,大同大學,碩士在職專班,女,32,5,5,0,0,0,0,2,0,2,0,1,0,0,0,0,0,0,0,0
112,私立,一般大學,1022,大同大學,博士班,男,72,15,15,0,0,0,0,7,0,0,0,1,5,0,2,0,0,0,0,0
112,私立,技專校院,1023,南臺學校財團法人南臺科技大學,學士班(日間),女,4575,397,397,55,30,146,1,115,5,1,0,11,0,4,15,10,4,0,0,0
112,私立,技專校院,1023,南臺學校財團法人南臺科技大學,學士班(進修),女,901,246,246,15,23,41,1,126,6,5,2,3,0,3,15,3,3,0,0,0
112,私立,技專校院,1023,南臺學校財團法人南臺科技大學,五專,女,72,5,5,0,0,1,0,1,0,0,0,2,0,0,0,1,0,0,0,0
112,私立,技專校院,1023,南臺學校財團法人南臺科技大學,學士班(進修),男,1513,430,430,17,18,32,4,263,0,0,79,1,0,0,11,3,2,0,0,0
112,私立,技專校院,1023,南臺學校財團法人南臺科技大學,博士班,男,55,6,6,2,1,0,0,2,0,0,0,0,0,0,1,0,0,0,0,0
112,私立,技專校院,1023,南臺學校財團法人南臺科技大學,碩士班(日間),男,427,123,123,9,9,28,0,42,0,1,14,3,9,2,5,1,0,0,0,0
112,私立,技專校院,1023,南臺學校財團法人南臺科技大學,碩士在職專班,男,131,58,58,2,0,6,0,38,0,0,0,1,4,0,6,1,0,0,0,0
112,私立,技專校院,1023,南臺學校財團法人南臺科技大學,博士班,女,26,4,4,0,1,0,0,2,1,0,0,0,0,0,0,0,0,0,0,0
112,私立,技專校院,1023,南臺學校財團法人南臺科技大學,碩士班(日間),女,299,119,119,9,13,18,0,44,2,0,0,3,10,1,9,10,0,0,0,0
112,私立,技專校院,1023,南臺學校財團法人南臺科技大學,碩士在職專班,女,157,48,48,4,2,5,0,25,2,2,0,0,3,0,5,0,0,0,0,0
112,私立,技專校院,1023,南臺學校財團法人南臺科技大學,學士班(日間),男,6358,581,581,38,35,148,11,217,0,0,81,14,0,3,11,22,1,0,0,0
112,私立,技專校院,1023,南臺學校財團法人南臺科技大學,五專,男,403,18,18,1,0,4,1,3,0,0,4,1,0,0,0,3,1,0,0,0
112,私立,技專校院,1024,崑山科技大學,碩士班(日間),女,95,24,21,1,0,0,1,14,1,2,0,1,1,0,0,0,0,3,0,3
112,私立,技專校院,1024,崑山科技大學,碩士在職專班,女,71,5,4,1,0,0,0,2,0,0,0,0,1,0,0,0,0,1,0,1
112,私立,技專校院,1024,崑山科技大學,學士班(進修),男,1443,149,76,3,7,8,2,34,0,0,15,2,0,3,1,1,0,73,0,73
112,私立,技專校院,1024,崑山科技大學,博士班,男,23,3,3,0,0,0,0,2,0,0,1,0,0,0,0,0,0,0,0,0
112,私立,技專校院,1024,崑山科技大學,碩士班(日間),男,185,33,30,1,0,2,2,13,0,0,5,0,7,0,0,0,0,3,0,3
112,私立,技專校院,1024,崑山科技大學,碩士在職專班,男,130,16,6,1,0,0,1,3,0,0,0,0,0,0,1,0,0,10,0,10
112,私立,技專校院,1024,崑山科技大學,二專(日間),女,9,0,0,0,0,0,0,0,0,0,0,0,0,0,0,0,0,0,0,0
112,私立,技專校院,1024,崑山科技大學,學士班(日間),女,2341,170,152,17,8,33,8,73,5,1,0,2,0,3,2,0,0,18,0,18
112,私立,技專校院,1024,崑山科技大學,學士班(進修),女,664,62,37,3,3,5,0,17,3,0,0,3,0,0,2,1,0,25,0,25
112,私立,技專校院,1024,崑山科技大學,博士班,女,6,0,0,0,0,0,0,0,0,0,0,0,0,0,0,0,0,0,0,0
112,私立,技專校院,1024,崑山科技大學,二專(日間),男,3,0,0,0,0,0,0,0,0,0,0,0,0,0,0,0,0,0,0,0
112,私立,技專校院,1024,崑山科技大學,學士班(日間),男,3443,275,254,12,13,45,20,99,0,0,52,5,0,2,6,0,0,21,0,21
112,私立,技專校院,1025,嘉藥學校財團法人嘉南藥理大學,學士班(日間),女,4234,283,196,20,24,38,8,60,3,1,0,3,0,18,14,6,1,87,0,87
112,私立,技專校院,1025,嘉藥學校財團法人嘉南藥理大學,學士班(進修),女,906,142,106,8,7,11,0,47,4,1,1,1,0,2,16,1,7,36,0,36
112,私立,技專校院,1025,嘉藥學校財團法人嘉南藥理大學,碩士在職專班,女,73,30,22,2,0,0,0,12,1,0,0,0,3,1,2,0,1,8,0,8
112,私立,技專校院,1025,嘉藥學校財團法人嘉南藥理大學,碩士班(日間),男,63,20,14,1,2,2,0,1,0,0,3,0,1,0,2,2,0,6,0,6
112,私立,技專校院,1025,嘉藥學校財團法人嘉南藥理大學,碩士在職專班,男,73,30,22,1,0,0,0,16,0,0,0,0,3,0,2,0,0,8,0,8
112,私立,技專校院,1025,嘉藥學校財團法人嘉南藥理大學,五專,女,158,2,2,0,0,0,0,0,0,0,0,1,0,1,0,0,0,0,0,0
112,私立,技專校院,1025,嘉藥學校財團法人嘉南藥理大學,碩士班(日間),女,76,18,10,3,1,0,0,3,0,0,0,1,0,0,2,0,0,8,0,8
112,私立,技專校院,1025,嘉藥學校財團法人嘉南藥理大學,學士班(日間),男,3069,267,141,8,17,21,8,45,0,1,16,4,0,7,10,4,0,126,0,126
112,私立,技專校院,1025,嘉藥學校財團法人嘉南藥理大學,學士班(進修),男,621,118,84,1,3,10,2,37,0,1,13,1,0,2,5,5,4,34,0,34
112,私立,技專校院,1025,嘉藥學校財團法人嘉南藥理大學,五專,男,123,1,1,0,0,1,0,0,0,0,0,0,0,0,0,0,0,0,0,0
112,私立,技專校院,1026,樹德科技大學,學士班(進修),女,770,27,25,2,3,1,0,12,0,3,0,0,0,0,3,1,0,2,0,2
112,私立,技專校院,1026,樹德科技大學,碩士班(日間),女,140,23,17,3,0,0,0,4,1,1,0,0,3,0,5,0,0,6,0,6
112,私立,技專校院,1026,樹德科技大學,碩士在職專班,女,165,11,10,0,1,0,0,2,0,2,0,0,4,0,1,0,0,1,0,1
112,私立,技專校院,1026,樹德科技大學,學士班(進修),男,860,47,40,2,7,3,0,15,0,1,7,1,0,3,1,0,0,7,0,7
112,私立,技專校院,1026,樹德科技大學,博士班,男,9,4,4,0,0,0,0,1,0,0,0,0,3,0,0,0,0,0,0,0
112,私立,技專校院,1026,樹德科技大學,碩士班(日間),男,101,13,10,0,2,0,0,1,0,0,0,0,4,0,2,1,0,3,0,3
112,私立,技專校院,1026,樹德科技大學,碩士在職專班,男,124,22,18,0,2,0,0,3,0,4,0,1,7,0,0,1,0,4,0,4
112,私立,技專校院,1026,樹德科技大學,二專(進修),女,141,7,5,2,0,0,0,3,0,0,0,0,0,0,0,0,0,2,0,2
112,私立,技專校院,1026,樹德科技大學,學士班(日間),女,3345,132,125,12,26,13,5,33,1,1,0,4,0,4,20,5,1,7,0,7
112,私立,技專校院,1026,樹德科技大學,博士班,女,12,6,6,0,0,2,0,1,0,0,0,0,2,0,1,0,0,0,0,0
112,私立,技專校院,1026,樹德科技大學,二專(進修),男,95,8,8,0,2,0,0,3,0,0,2,1,0,0,0,0,0,0,0,0
112,私立,技專校院,1026,樹德科技大學,學士班(日間),男,2691,146,127,8,24,14,2,36,0,0,20,3,0,0,15,4,1,19,0,19
112,私立,一般大學,1027,慈濟學校財團法人慈濟大學,學士班(日間),女,1390,43,43,3,1,17,3,9,1,0,0,3,0,3,0,0,3,0,0,0
112,私立,一般大學,1027,慈濟學校財團法人慈濟大學,博士班,女,45,15,15,0,0,0,0,7,0,0,0,0,6,0,2,0,0,0,0,0
112,私立,一般大學,1027,慈濟學校財團法人慈濟大學,碩士班(日間),男,116,21,21,1,1,4,0,4,0,1,2,0,5,1,1,1,0,0,0,0
112,私立,一般大學,1027,慈濟學校財團法人慈濟大學,碩士在職專班,男,6,2,2,0,0,0,0,1,0,0,0,0,1,0,0,0,0,0,0,0
112,私立,一般大學,1027,慈濟學校財團法人慈濟大學,碩士班(日間),女,253,55,55,1,1,4,0,14,2,1,0,0,24,2,6,0,0,0,0,0
112,私立,一般大學,1027,慈濟學校財團法人慈濟大學,碩士在職專班,女,20,0,0,0,0,0,0,0,0,0,0,0,0,0,0,0,0,0,0,0
112,私立,一般大學,1027,慈濟學校財團法人慈濟大學,學士班(日間),男,958,29,29,0,1,12,4,5,0,0,1,4,0,1,0,1,0,0,0,0
112,私立,一般大學,1027,慈濟學校財團法人慈濟大學,博士班,男,47,17,17,1,0,2,0,4,0,0,0,0,9,0,1,0,0,0,0,0
112,私立,一般大學,1028,臺北醫學大學,碩士班(日間),女,435,53,53,6,0,5,0,16,1,1,0,3,9,0,9,2,1,0,0,0
112,私立,一般大學,1028,臺北醫學大學,碩士在職專班,女,228,47,47,4,0,0,0,12,0,9,0,0,17,0,5,0,0,0,0,0
112,私立,一般大學,1028,臺北醫學大學,博士班,男,327,36,36,1,1,2,0,7,0,1,0,2,15,0,6,0,1,0,0,0
112,私立,一般大學,1028,臺北醫學大學,碩士班(日間),男,234,23,23,2,1,2,0,9,0,2,0,0,1,0,1,2,3,0,0,0
112,私立,一般大學,1028,臺北醫學大學,學士班(日間),女,2642,177,177,5,2,118,5,7,0,4,0,24,0,1,6,0,5,0,0,0
112,私立,一般大學,1028,臺北醫學大學,博士班,女,308,25,25,1,0,0,0,3,1,3,0,0,13,0,4,0,0,0,0,0
112,私立,一般大學,1028,臺北醫學大學,學士班(日間),男,1896,120,120,3,1,91,4,4,0,1,0,7,0,1,3,1,4,0,0,0
112,私立,一般大學,1028,臺北醫學大學,碩士在職專班,男,84,12,12,0,0,0,0,8,0,0,0,1,2,0,0,1,0,0,0,0
112,私立,一般大學,1029,中山醫學大學,碩士在職專班,女,120,31,31,4,1,0,0,4,2,1,0,0,17,0,2,0,0,0,0,0
112,私立,一般大學,1029,中山醫學大學,學士班(日間),男,2124,108,108,0,0,83,5,3,0,0,0,7,0,6,1,2,1,0,0,0
112,私立,一般大學,1029,中山醫學大學,學士班(進修),男,43,3,3,0,0,2,0,1,0,0,0,0,0,0,0,0,0,0,0,0
112,私立,一般大學,1029,中山醫學大學,博士班,男,111,19,19,5,0,0,0,3,0,0,0,1,10,0,0,0,0,0,0,0
112,私立,一般大學,1029,中山醫學大學,學士班(日間),女,3979,205,205,5,3,141,3,9,0,0,0,17,0,19,4,1,3,0,0,0
112,私立,一般大學,1029,中山醫學大學,學士班(進修),女,73,3,3,0,0,0,0,0,0,0,0,0,0,3,0,0,0,0,0,0
112,私立,一般大學,1029,中山醫學大學,博士班,女,54,14,14,3,0,1,0,4,0,0,0,0,4,0,2,0,0,0,0,0
112,私立,一般大學,1029,中山醫學大學,碩士班(日間),女,377,68,68,2,0,1,1,14,1,7,0,1,33,2,4,1,1,0,0,0
112,私立,一般大學,1029,中山醫學大學,碩士班(日間),男,173,31,31,0,2,3,0,8,0,1,3,3,8,0,2,0,1,0,0,0
112,私立,一般大學,1029,中山醫學大學,碩士在職專班,男,31,8,8,0,0,0,0,4,0,0,0,0,4,0,0,0,0,0,0,0
112,私立,技專校院,1030,龍華科技大學,二專(日間),女,10,0,0,0,0,0,0,0,0,0,0,0,0,0,0,0,0,0,0,0
112,私立,技專校院,1030,龍華科技大學,學士班(日間),女,2203,70,70,6,11,19,3,23,5,0,0,0,0,0,3,0,0,0,0,0
112,私立,技專校院,1030,龍華科技大學,五專,女,80,2,2,0,0,2,0,0,0,0,0,0,0,0,0,0,0,0,0,0
112,私立,技專校院,1030,龍華科技大學,二專(日間),男,17,0,0,0,0,0,0,0,0,0,0,0,0,0,0,0,0,0,0,0
112,私立,技專校院,1030,龍華科技大學,五專,男,814,31,31,3,2,19,2,4,0,0,1,0,0,0,0,0,0,0,0,0
112,私立,技專校院,1030,龍華科技大學,碩士班(日間),男,238,34,34,0,2,2,0,14,0,0,4,0,11,0,1,0,0,0,0,0
112,私立,技專校院,1030,龍華科技大學,碩士在職專班,男,82,7,7,0,0,0,0,4,0,0,0,0,1,0,0,0,2,0,0,0
112,私立,技專校院,1030,龍華科技大學,學士班(進修),女,581,42,42,7,6,7,1,18,1,0,0,0,0,0,1,0,1,0,0,0
112,私立,技專校院,1030,龍華科技大學,碩士班(日間),女,107,21,21,0,0,5,0,5,2,1,0,0,8,0,0,0,0,0,0,0
112,私立,技專校院,1030,龍華科技大學,碩士在職專班,女,31,5,5,0,1,0,0,3,0,0,0,0,0,0,0,0,1,0,0,0
112,私立,技專校院,1030,龍華科技大學,學士班(日間),男,5028,187,187,8,22,62,7,38,0,0,40,1,0,2,7,0,0,0,0,0
112,私立,技專校院,1030,龍華科技大學,學士班(進修),男,1931,106,106,2,10,13,3,62,0,0,11,0,0,0,3,0,2,0,0,0
112,私立,技專校院,1031,輔英科技大學,碩士班(日間),女,121,50,50,1,3,2,0,25,1,4,0,0,5,0,7,1,1,0,0,0
112,私立,技專校院,1031,輔英科技大學,碩士在職專班,女,68,20,20,5,0,0,0,7,1,1,0,1,5,0,0,0,0,0,0,0
112,私立,技專校院,1031,輔英科技大學,五專,男,320,15,15,2,0,2,3,1,0,0,2,0,0,2,0,1,2,0,0,0
112,私立,技專校院,1031,輔英科技大學,碩士在職專班,男,1,0,0,0,0,0,0,0,0,0,0,0,0,0,0,0,0,0,0,0
112,私立,技專校院,1031,輔英科技大學,學士班(日間),女,2960,161,161,23,26,33,11,30,3,5,0,4,0,6,6,10,4,0,0,0
112,私立,技專校院,1031,輔英科技大學,學士班(進修),女,849,75,75,6,3,8,0,45,0,5,0,1,0,1,3,3,0,0,0,0
112,私立,技專校院,1031,輔英科技大學,五專,女,2322,74,74,8,2,38,10,3,1,1,0,3,0,1,0,1,6,0,0,0
112,私立,技專校院,1031,輔英科技大學,學士班(日間),男,1362,90,90,7,14,19,11,20,0,0,8,3,0,1,2,3,2,0,0,0
112,私立,技專校院,1031,輔英科技大學,學士班(進修),男,421,57,57,3,3,6,0,35,0,1,2,0,0,0,1,3,3,0,0,0
112,私立,技專校院,1031,輔英科技大學,碩士班(日間),男,38,19,19,2,3,0,0,7,0,0,2,0,1,1,3,0,0,0,0,0
112,私立,技專校院,1032,明新學校財團法人明新科技大學,二專(進修),女,67,12,9,1,0,1,0,7,0,0,0,0,0,0,0,0,0,3,0,3
112,私立,技專校院,1032,明新學校財團法人明新科技大學,學士班(日間),女,2447,201,161,10,15,60,7,25,10,2,1,15,0,7,8,1,0,40,0,40
112,私立,技專校院,1032,明新學校財團法人明新科技大學,學士班(進修),女,1132,135,107,9,4,5,0,74,3,2,0,1,0,0,9,0,0,28,0,28
112,私立,技專校院,1032,明新學校財團法人明新科技大學,碩士班(日間),女,167,23,20,0,3,2,0,10,2,0,0,0,2,0,1,0,0,3,0,3
112,私立,技專校院,1032,明新學校財團法人明新科技大學,二專(日間),男,24,1,0,0,0,0,0,0,0,0,0,0,0,0,0,0,0,1,0,1
112,私立,技專校院,1032,明新學校財團法人明新科技大學,博士班,男,4,0,0,0,0,0,0,0,0,0,0,0,0,0,0,0,0,0,0,0
112,私立,技專校院,1032,明新學校財團法人明新科技大學,碩士班(日間),男,200,31,25,1,4,5,1,5,0,0,1,0,4,0,4,0,0,6,0,6
112,私立,技專校院,1032,明新學校財團法人明新科技大學,碩士在職專班,男,195,34,28,3,0,0,0,24,0,1,0,0,0,0,0,0,0,6,0,6
112,私立,技專校院,1032,明新學校財團法人明新科技大學,二專(日間),女,3,0,0,0,0,0,0,0,0,0,0,0,0,0,0,0,0,0,0,0
112,私立,技專校院,1032,明新學校財團法人明新科技大學,碩士在職專班,女,125,18,17,1,1,0,0,14,1,0,0,0,0,0,0,0,0,1,0,1
112,私立,技專校院,1032,明新學校財團法人明新科技大學,二專(進修),男,111,15,11,0,1,0,0,9,0,0,1,0,0,0,0,0,0,4,0,4
112,私立,技專校院,1032,明新學校財團法人明新科技大學,學士班(日間),男,3637,339,236,14,7,71,26,40,0,0,54,5,0,8,9,2,0,103,0,103
112,私立,技專校院,1032,明新學校財團法人明新科技大學,學士班(進修),男,1782,210,164,4,5,6,2,126,0,0,18,2,0,0,1,0,0,46,0,46
112,私立,一般大學,1033,長榮大學,博士班,女,15,4,4,0,0,0,0,2,0,1,0,1,0,0,0,0,0,0,0,0
112,私立,一般大學,1033,長榮大學,碩士班(日間),女,139,24,24,2,2,1,0,7,1,2,0,0,8,0,1,0,0,0,0,0
112,私立,一般大學,1033,長榮大學,碩士在職專班,女,37,12,12,0,0,0,0,9,0,2,0,0,1,0,0,0,0,0,0,0
112,私立,一般大學,1033,長榮大學,學士班(日間),男,2521,121,121,14,9,47,0,17,0,0,7,4,0,9,2,7,5,0,0,0
112,私立,一般大學,1033,長榮大學,學士班(日間),女,2586,114,114,16,8,59,0,11,0,0,1,3,0,12,1,2,1,0,0,0
112,私立,一般大學,1033,長榮大學,學士班(進修),女,37,3,3,0,1,0,0,2,0,0,0,0,0,0,0,0,0,0,0,0
112,私立,一般大學,1033,長榮大學,學士班(進修),男,158,11,11,1,1,1,0,6,0,0,0,1,0,0,0,1,0,0,0,0
112,私立,一般大學,1033,長榮大學,博士班,男,31,11,11,0,0,0,0,6,0,1,0,1,3,0,0,0,0,0,0,0
112,私立,一般大學,1033,長榮大學,碩士班(日間),男,85,14,14,0,3,0,0,5,0,1,1,0,2,1,0,1,0,0,0,0
112,私立,一般大學,1033,長榮大學,碩士在職專班,男,45,11,11,1,0,0,0,8,0,0,0,0,2,0,0,0,0,0,0,0
112,私立,技專校院,1034,弘光科技大學,學士班(進修),女,2102,265,265,26,43,22,4,119,10,9,1,5,0,7,14,2,3,0,0,0
112,私立,技專校院,1034,弘光科技大學,博士班,女,15,2,2,0,0,0,0,0,0,0,0,0,2,0,0,0,0,0,0,0
112,私立,技專校院,1034,弘光科技大學,碩士班(日間),女,135,32,32,6,3,2,0,11,1,5,0,0,3,0,1,0,0,0,0,0
112,私立,技專校院,1034,弘光科技大學,碩士在職專班,女,62,28,28,2,0,0,0,13,1,5,0,0,6,0,1,0,0,0,0,0
112,私立,技專校院,1034,弘光科技大學,二專(日間),男,12,0,0,0,0,0,0,0,0,0,0,0,0,0,0,0,0,0,0,0
112,私立,技專校院,1034,弘光科技大學,學士班(進修),男,1368,212,212,10,18,27,5,113,0,2,24,0,0,5,5,0,3,0,0,0
112,私立,技專校院,1034,弘光科技大學,五專,男,29,0,0,0,0,0,0,0,0,0,0,0,0,0,0,0,0,0,0,0
112,私立,技專校院,1034,弘光科技大學,碩士班(日間),男,46,14,14,0,2,0,0,7,0,1,0,0,2,1,1,0,0,0,0,0
112,私立,技專校院,1034,弘光科技大學,碩士在職專班,男,29,8,8,0,3,0,0,2,0,0,1,0,1,0,1,0,0,0,0,0
112,私立,技專校院,1034,弘光科技大學,二專(日間),女,16,0,0,0,0,0,0,0,0,0,0,0,0,0,0,0,0,0,0,0
112,私立,技專校院,1034,弘光科技大學,二專(進修),女,88,28,28,0,5,3,0,16,0,0,0,1,0,0,0,0,3,0,0,0
112,私立,技專校院,1034,弘光科技大學,學士班(日間),女,5000,348,348,40,53,87,10,88,7,10,2,8,0,19,7,7,10,0,0,0
112,私立,技專校院,1034,弘光科技大學,五專,女,239,5,5,0,1,4,0,0,0,0,0,0,0,0,0,0,0,0,0,0
112,私立,技專校院,1034,弘光科技大學,二專(進修),男,11,10,10,0,1,0,0,7,0,0,1,0,0,0,1,0,0,0,0,0
112,私立,技專校院,1034,弘光科技大學,學士班(日間),男,2442,190,190,15,29,34,11,60,0,0,12,4,0,11,3,4,7,0,0,0
112,私立,技專校院,1034,弘光科技大學,博士班,男,1,0,0,0,0,0,0,0,0,0,0,0,0,0,0,0,0,0,0,0
112,私立,一般大學,1035,中國醫藥大學,博士班,女,176,36,35,2,1,0,0,9,0,3,0,1,6,0,7,0,6,1,0,1
112,私立,一般大學,1035,中國醫藥大學,碩士班(日間),女,331,81,78,1,4,3,0,18,1,7,0,0,14,4,14,3,9,3,0,3
112,私立,一般大學,1035,中國醫藥大學,碩士在職專班,女,58,22,21,1,3,0,0,2,0,3,0,1,3,1,5,0,2,1,0,1
112,私立,一般大學,1035,中國醫藥大學,博士班,男,240,53,52,2,3,0,0,18,0,4,0,1,10,0,9,0,5,1,0,1
112,私立,一般大學,1035,中國醫藥大學,碩士班(日間),男,165,35,34,1,2,1,0,12,0,4,1,1,2,0,5,2,3,1,0,1
112,私立,一般大學,1035,中國醫藥大學,碩士在職專班,男,23,6,6,1,0,0,0,2,0,0,0,0,0,0,2,0,1,0,0,0
112,私立,一般大學,1035,中國醫藥大學,學士班(日間),女,3666,159,158,8,3,97,2,2,1,2,0,20,0,3,5,5,10,1,0,1
112,私立,一般大學,1035,中國醫藥大學,學士班(日間),男,2690,128,126,4,0,86,3,2,0,0,4,4,0,4,8,5,6,2,0,2
112,私立,技專校院,1036,健行學校財團法人健行科技大學,碩士班(日間),女,168,10,10,1,1,1,1,2,1,0,0,0,2,0,1,0,0,0,0,0
112,私立,技專校院,1036,健行學校財團法人健行科技大學,碩士在職專班,女,16,1,1,0,0,0,0,1,0,0,0,0,0,0,0,0,0,0,0,0
112,私立,技專校院,1036,健行學校財團法人健行科技大學,學士班(日間),男,3430,163,163,9,12,39,21,32,0,0,43,0,0,2,4,1,0,0,0,0
112,私立,技專校院,1036,健行學校財團法人健行科技大學,學士班(日間),女,2064,91,91,10,17,25,6,16,4,2,0,2,0,1,8,0,0,0,0,0
112,私立,技專校院,1036,健行學校財團法人健行科技大學,學士班(進修),女,1340,160,160,9,18,9,3,82,15,1,0,3,0,0,20,0,0,0,0,0
112,私立,技專校院,1036,健行學校財團法人健行科技大學,學士班(進修),男,2185,254,254,12,23,15,12,152,0,3,24,0,0,5,7,1,0,0,0,0
112,私立,技專校院,1036,健行學校財團法人健行科技大學,碩士班(日間),男,184,26,26,0,2,1,3,15,0,0,2,0,1,0,2,0,0,0,0,0
112,私立,技專校院,1036,健行學校財團法人健行科技大學,碩士在職專班,男,14,1,1,0,1,0,0,0,0,0,0,0,0,0,0,0,0,0,0,0
112,私立,技專校院,1037,正修學校財團法人正修科技大學,學士班(日間),女,2677,267,219,21,41,42,6,64,2,4,0,8,0,11,17,2,1,48,0,48
112,私立,技專校院,1037,正修學校財團法人正修科技大學,五專,女,103,4,4,1,0,2,1,0,0,0,0,0,0,0,0,0,0,0,0,0
112,私立,技專校院,1037,正修學校財團法人正修科技大學,二專(進修),男,402,116,116,5,1,1,65,37,0,0,4,1,0,0,1,1,0,0,0,0
112,私立,技專校院,1037,正修學校財團法人正修科技大學,學士班(日間),男,4892,437,322,16,46,88,11,80,0,0,43,6,0,8,17,6,1,115,0,115
112,私立,技專校院,1037,正修學校財團法人正修科技大學,學士班(進修),男,3824,637,637,15,25,42,242,240,0,1,26,7,0,17,17,5,0,0,0,0
112,私立,技專校院,1037,正修學校財團法人正修科技大學,五專,男,277,13,11,0,1,3,5,1,0,0,0,0,0,1,0,0,0,2,2,0
112,私立,技專校院,1037,正修學校財團法人正修科技大學,二專(進修),女,249,77,77,3,1,1,31,33,0,2,0,1,0,0,5,0,0,0,0,0
112,私立,技專校院,1037,正修學校財團法人正修科技大學,學士班(進修),女,2525,398,398,19,28,22,92,194,12,5,0,0,0,8,15,3,0,0,0,0
112,私立,技專校院,1037,正修學校財團法人正修科技大學,博士班,女,1,0,0,0,0,0,0,0,0,0,0,0,0,0,0,0,0,0,0,0
112,私立,技專校院,1037,正修學校財團法人正修科技大學,碩士班(日間),女,150,32,25,8,2,0,0,10,0,0,0,1,2,0,2,0,0,7,0,7
112,私立,技專校院,1037,正修學校財團法人正修科技大學,碩士在職專班,女,74,14,14,1,0,0,4,4,0,0,0,0,3,0,2,0,0,0,0,0
112,私立,技專校院,1037,正修學校財團法人正修科技大學,博士班,男,16,0,0,0,0,0,0,0,0,0,0,0,0,0,0,0,0,0,0,0
112,私立,技專校院,1037,正修學校財團法人正修科技大學,碩士班(日間),男,183,42,35,2,4,1,0,15,0,0,3,1,8,0,1,0,0,7,0,7
112,私立,技專校院,1037,正修學校財團法人正修科技大學,碩士在職專班,男,114,31,31,0,1,0,9,12,0,0,1,0,4,0,3,1,0,0,0,0
112,私立,技專校院,1038,萬能學校財團法人萬能科技大學,碩士班(日間),女,81,14,12,2,2,2,0,6,0,0,0,0,0,0,0,0,0,2,0,2
112,私立,技專校院,1038,萬能學校財團法人萬能科技大學,碩士在職專班,女,88,7,7,0,5,0,0,2,0,0,0,0,0,0,0,0,0,0,0,0
112,私立,技專校院,1038,萬能學校財團法人萬能科技大學,學士班(日間),男,2776,262,165,9,50,39,6,32,0,0,13,3,0,8,2,2,1,97,0,97
112,私立,技專校院,1038,萬能學校財團法人萬能科技大學,學士班(進修),男,1380,71,71,0,23,3,3,22,0,0,18,1,0,0,1,0,0,0,0,0
112,私立,技專校院,1038,萬能學校財團法人萬能科技大學,二專(進修),女,1,0,0,0,0,0,0,0,0,0,0,0,0,0,0,0,0,0,0,0
112,私立,技專校院,1038,萬能學校財團法人萬能科技大學,學士班(日間),女,2206,216,149,17,55,30,4,22,4,0,1,3,0,7,6,0,0,67,0,67
112,私立,技專校院,1038,萬能學校財團法人萬能科技大學,學士班(進修),女,1040,65,65,1,23,3,1,30,4,0,0,2,0,0,1,0,0,0,0,0
112,私立,技專校院,1038,萬能學校財團法人萬能科技大學,碩士班(日間),男,92,21,12,0,1,0,0,6,0,1,4,0,0,0,0,0,0,9,0,9
112,私立,技專校院,1038,萬能學校財團法人萬能科技大學,碩士在職專班,男,70,7,7,0,6,0,0,1,0,0,0,0,0,0,0,0,0,0,0,0
112,私立,一般大學,1039,玄奘大學,學士班(進修),女,20,4,4,0,0,1,0,2,0,0,0,0,0,0,1,0,0,0,0,0
112,私立,一般大學,1039,玄奘大學,碩士班(日間),女,166,50,48,2,2,1,1,16,0,2,0,1,18,0,4,1,0,2,0,2
112,私立,一般大學,1039,玄奘大學,碩士在職專班,女,106,14,12,3,0,0,0,7,0,0,0,2,0,0,0,0,0,2,0,2
112,私立,一般大學,1039,玄奘大學,學士班(日間),男,441,51,44,2,14,2,6,11,0,0,4,1,0,2,1,0,1,7,0,7
112,私立,一般大學,1039,玄奘大學,學士班(進修),男,8,5,4,0,1,0,0,3,0,0,0,0,0,0,0,0,0,1,0,1
112,私立,一般大學,1039,玄奘大學,學士班(日間),女,662,67,55,7,11,9,3,16,1,0,0,1,0,3,3,1,0,12,0,12
112,私立,一般大學,1039,玄奘大學,碩士班(日間),男,97,39,30,3,2,0,0,13,0,2,0,1,7,1,0,1,0,9,0,9
112,私立,一般大學,1039,玄奘大學,碩士在職專班,男,51,13,13,1,0,0,0,7,0,0,0,1,4,0,0,0,0,0,0,0
112,私立,技專校院,1040,建國科技大學,學士班(進修),女,455,20,20,1,0,5,1,12,0,0,0,0,0,0,1,0,0,0,0,0
112,私立,技專校院,1040,建國科技大學,碩士班(日間),女,47,8,8,3,0,0,0,1,0,0,0,0,4,0,0,0,0,0,0,0
112,私立,技專校院,1040,建國科技大學,學士班(進修),男,1118,50,50,3,0,10,5,23,0,0,5,0,0,0,1,1,2,0,0,0
112,私立,技專校院,1040,建國科技大學,二專(日間),女,1,0,0,0,0,0,0,0,0,0,0,0,0,0,0,0,0,0,0,0
112,私立,技專校院,1040,建國科技大學,二專(進修),女,20,2,2,0,1,1,0,0,0,0,0,0,0,0,0,0,0,0,0,0
112,私立,技專校院,1040,建國科技大學,學士班(日間),女,664,26,26,6,6,2,2,6,2,1,0,0,0,1,0,0,0,0,0,0
112,私立,技專校院,1040,建國科技大學,二專(日間),男,8,0,0,0,0,0,0,0,0,0,0,0,0,0,0,0,0,0,0,0
112,私立,技專校院,1040,建國科技大學,二專(進修),男,46,5,5,0,0,0,0,3,0,0,1,0,0,0,0,1,0,0,0,0
112,私立,技專校院,1040,建國科技大學,學士班(日間),男,1444,65,65,4,6,7,9,20,0,0,15,0,0,0,4,0,0,0,0,0
112,私立,技專校院,1040,建國科技大學,碩士班(日間),男,51,5,5,0,2,0,0,1,0,0,0,0,2,0,0,0,0,0,0,0
112,私立,技專校院,1041,明志科技大學,學士班(日間),女,1039,13,13,2,0,3,2,2,0,0,0,2,0,2,0,0,0,0,0,0
112,私立,技專校院,1041,明志科技大學,博士班,女,17,0,0,0,0,0,0,0,0,0,0,0,0,0,0,0,0,0,0,0
112,私立,技專校院,1041,明志科技大學,學士班(日間),男,2555,84,84,2,5,26,13,8,0,0,6,6,0,12,2,3,1,0,0,0
112,私立,技專校院,1041,明志科技大學,學士班(進修),女,6,0,0,0,0,0,0,0,0,0,0,0,0,0,0,0,0,0,0,0
112,私立,技專校院,1041,明志科技大學,碩士班(日間),女,133,2,2,0,0,0,0,0,0,0,0,0,1,0,1,0,0,0,0,0
112,私立,技專校院,1041,明志科技大學,碩士在職專班,女,4,1,1,0,0,0,0,1,0,0,0,0,0,0,0,0,0,0,0,0
112,私立,技專校院,1041,明志科技大學,學士班(進修),男,103,9,9,1,0,0,0,6,0,0,1,0,0,0,0,0,1,0,0,0
112,私立,技專校院,1041,明志科技大學,博士班,男,45,5,5,0,1,0,0,2,0,0,1,1,0,0,0,0,0,0,0,0
112,私立,技專校院,1041,明志科技大學,碩士班(日間),男,402,27,27,0,5,1,1,7,0,0,9,0,1,3,0,0,0,0,0,0
112,私立,技專校院,1041,明志科技大學,碩士在職專班,男,23,0,0,0,0,0,0,0,0,0,0,0,0,0,0,0,0,0,0,0
112,私立,技專校院,1042,台鋼學校財團法人台鋼科技大學,學士班(進修),女,115,7,7,1,0,0,0,6,0,0,0,0,0,0,0,0,0,0,0,0
112,私立,技專校院,1042,台鋼學校財團法人台鋼科技大學,五專,女,1,0,0,0,0,0,0,0,0,0,0,0,0,0,0,0,0,0,0,0
112,私立,技專校院,1042,台鋼學校財團法人台鋼科技大學,碩士班(日間),女,17,5,5,0,1,0,0,3,0,0,0,1,0,0,0,0,0,0,0,0
112,私立,技專校院,1042,台鋼學校財團法人台鋼科技大學,碩士在職專班,女,6,1,1,0,0,0,0,0,0,0,0,0,0,0,1,0,0,0,0,0
112,私立,技專校院,1042,台鋼學校財團法人台鋼科技大學,學士班(進修),男,341,26,26,0,0,0,2,15,0,0,9,0,0,0,0,0,0,0,0,0
112,私立,技專校院,1042,台鋼學校財團法人台鋼科技大學,碩士班(日間),男,25,0,0,0,0,0,0,0,0,0,0,0,0,0,0,0,0,0,0,0
112,私立,技專校院,1042,台鋼學校財團法人台鋼科技大學,二專(進修),女,12,2,2,0,1,0,0,1,0,0,0,0,0,0,0,0,0,0,0,0
112,私立,技專校院,1042,台鋼學校財團法人台鋼科技大學,學士班(日間),女,276,6,6,2,1,0,0,0,1,0,0,0,0,0,2,0,0,0,0,0
112,私立,技專校院,1042,台鋼學校財團法人台鋼科技大學,二專(進修),男,14,3,3,0,0,0,0,2,0,0,1,0,0,0,0,0,0,0,0,0
112,私立,技專校院,1042,台鋼學校財團法人台鋼科技大學,學士班(日間),男,403,8,8,1,0,3,0,4,0,0,0,0,0,0,0,0,0,0,0,0
112,私立,技專校院,1042,台鋼學校財團法人台鋼科技大學,碩士在職專班,男,25,4,4,0,0,0,0,4,0,0,0,0,0,0,0,0,0,0,0,0
112,私立,技專校院,1043,大仁科技大學,學士班(進修),女,819,45,41,3,0,1,0,35,0,1,0,0,0,0,1,0,0,4,0,4
112,私立,技專校院,1043,大仁科技大學,碩士班(日間),女,46,30,26,6,2,1,0,11,0,0,0,0,5,0,0,1,0,4,0,4
112,私立,技專校院,1043,大仁科技大學,碩士在職專班,女,70,9,9,0,0,0,0,5,0,1,0,0,2,0,1,0,0,0,0,0
112,私立,技專校院,1043,大仁科技大學,碩士班(日間),男,34,25,17,0,0,1,0,7,0,0,2,0,4,1,2,0,0,8,0,8
112,私立,技專校院,1043,大仁科技大學,二專(進修),女,34,3,1,0,1,0,0,0,0,0,0,0,0,0,0,0,0,2,0,2
112,私立,技專校院,1043,大仁科技大學,學士班(日間),女,1267,155,87,6,17,17,2,13,6,2,0,5,0,6,7,5,1,68,0,68
112,私立,技專校院,1043,大仁科技大學,二專(進修),男,29,3,1,0,0,0,0,1,0,0,0,0,0,0,0,0,0,2,0,2
112,私立,技專校院,1043,大仁科技大學,學士班(日間),男,1051,193,101,8,17,20,4,18,0,0,11,3,0,1,5,13,1,92,0,92
112,私立,技專校院,1043,大仁科技大學,學士班(進修),男,438,31,28,3,1,0,0,20,0,0,4,0,0,0,0,0,0,3,0,3
112,私立,技專校院,1043,大仁科技大學,碩士在職專班,男,75,8,8,2,0,0,0,3,0,0,0,0,3,0,0,0,0,0,0,0
112,私立,技專校院,1044,聖約翰科技大學,二專(進修),女,8,2,2,0,0,0,0,2,0,0,0,0,0,0,0,0,0,0,0,0
112,私立,技專校院,1044,聖約翰科技大學,學士班(日間),女,130,21,17,2,0,1,1,8,0,0,0,1,0,1,2,1,0,4,1,3
112,私立,技專校院,1044,聖約翰科技大學,學士班(進修),女,18,1,1,0,0,0,0,1,0,0,0,0,0,0,0,0,0,0,0,0
112,私立,技專校院,1044,聖約翰科技大學,五專,女,5,3,2,0,0,2,0,0,0,0,0,0,0,0,0,0,0,1,1,0
112,私立,技專校院,1044,聖約翰科技大學,學士班(進修),男,95,22,16,0,0,0,0,14,0,0,1,0,0,0,0,1,0,6,1,5
112,私立,技專校院,1044,聖約翰科技大學,碩士班(日間),男,29,8,7,0,0,1,0,3,0,0,1,0,2,0,0,0,0,1,0,1
112,私立,技專校院,1044,聖約翰科技大學,碩士在職專班,男,43,14,13,0,1,0,0,5,0,0,1,0,6,0,0,0,0,1,0,1
112,私立,技專校院,1044,聖約翰科技大學,碩士班(日間),女,8,4,4,0,0,0,0,1,0,1,0,0,2,0,0,0,0,0,0,0
112,私立,技專校院,1044,聖約翰科技大學,碩士在職專班,女,14,6,6,0,0,0,0,0,0,0,0,0,5,0,1,0,0,0,0,0
112,私立,技專校院,1044,聖約翰科技大學,二專(進修),男,17,4,4,0,0,1,0,3,0,0,0,0,0,0,0,0,0,0,0,0
112,私立,技專校院,1044,聖約翰科技大學,學士班(日間),男,199,51,43,2,5,6,5,10,0,1,8,1,0,2,2,0,1,8,1,7
112,私立,技專校院,1044,聖約翰科技大學,五專,男,41,4,4,2,0,1,0,1,0,0,0,0,0,0,0,0,0,0,0,0
112,私立,技專校院,1045,嶺東科技大學,碩士班(日間),女,131,24,24,0,4,1,0,15,0,0,0,0,3,0,1,0,0,0,0,0
112,私立,技專校院,1045,嶺東科技大學,碩士在職專班,女,77,6,6,0,0,0,0,5,0,1,0,0,0,0,0,0,0,0,0,0
112,私立,技專校院,1045,嶺東科技大學,學士班(日間),男,2239,105,105,7,4,8,14,30,0,0,28,3,0,0,9,2,0,0,0,0
112,私立,技專校院,1045,嶺東科技大學,學士班(進修),男,1207,100,100,2,5,8,0,51,0,0,29,2,0,1,1,1,0,0,0,0
112,私立,技專校院,1045,嶺東科技大學,學士班(日間),女,3712,129,129,18,18,29,9,42,1,1,0,6,0,0,5,0,0,0,0,0
112,私立,技專校院,1045,嶺東科技大學,學士班(進修),女,1116,112,112,7,4,4,0,81,3,4,0,0,0,3,5,1,0,0,0,0
112,私立,技專校院,1045,嶺東科技大學,碩士班(日間),男,108,30,30,0,4,1,0,17,0,0,3,0,4,0,0,1,0,0,0,0
112,私立,技專校院,1045,嶺東科技大學,碩士在職專班,男,91,5,5,0,1,0,0,4,0,0,0,0,0,0,0,0,0,0,0,0
112,私立,技專校院,1046,中國科技大學,碩士班(日間),女,68,26,26,1,0,0,0,15,1,2,1,1,3,0,1,0,1,0,0,0
112,私立,技專校院,1046,中國科技大學,二專(進修),男,103,15,15,1,0,4,2,7,0,0,1,0,0,0,0,0,0,0,0,0
112,私立,技專校院,1046,中國科技大學,學士班(日間),男,2079,136,136,6,5,32,7,48,0,0,20,3,0,9,2,2,2,0,0,0
112,私立,技專校院,1046,中國科技大學,學士班(進修),男,763,89,89,4,4,7,1,57,0,1,2,1,0,0,6,1,5,0,0,0
112,私立,技專校院,1046,中國科技大學,二專(進修),女,95,10,10,1,0,0,1,5,0,0,0,0,0,0,2,0,1,0,0,0
112,私立,技專校院,1046,中國科技大學,學士班(日間),女,2378,122,122,8,3,43,1,34,3,3,0,7,0,12,4,2,2,0,0,0
112,私立,技專校院,1046,中國科技大學,學士班(進修),女,575,57,57,4,1,4,0,36,1,3,0,0,0,0,6,0,2,0,0,0
112,私立,技專校院,1046,中國科技大學,碩士在職專班,女,17,6,6,0,0,1,0,2,0,0,0,0,2,0,1,0,0,0,0,0
112,私立,技專校院,1046,中國科技大學,碩士班(日間),男,95,18,18,1,0,0,0,11,0,0,0,1,4,0,0,0,1,0,0,0
112,私立,技專校院,1046,中國科技大學,碩士在職專班,男,38,7,7,0,0,1,0,3,0,0,0,0,2,0,0,0,1,0,0,0
112,私立,技專校院,1047,中臺科技大學,二專(日間),女,2,0,0,0,0,0,0,0,0,0,0,0,0,0,0,0,0,0,0,0
112,私立,技專校院,1047,中臺科技大學,碩士班(日間),女,95,16,15,0,0,0,0,6,0,0,0,0,6,0,1,2,0,1,0,1
112,私立,技專校院,1047,中臺科技大學,二專(日間),男,1,0,0,0,0,0,0,0,0,0,0,0,0,0,0,0,0,0,0,0
112,私立,技專校院,1047,中臺科技大學,學士班(日間),男,1469,191,120,2,10,49,14,19,0,0,12,0,0,2,5,4,3,71,0,71
112,私立,技專校院,1047,中臺科技大學,學士班(進修),男,526,129,59,0,5,8,1,31,0,0,9,1,0,1,2,1,0,70,0,70
112,私立,技專校院,1047,中臺科技大學,學士班(日間),女,2364,249,159,12,26,61,8,25,3,4,1,1,0,5,5,7,1,90,0,90
112,私立,技專校院,1047,中臺科技大學,學士班(進修),女,1563,269,169,8,10,31,4,53,5,31,0,0,0,8,14,3,2,100,0,100
112,私立,技專校院,1047,中臺科技大學,博士班,女,2,1,1,0,0,0,0,1,0,0,0,0,0,0,0,0,0,0,0,0
112,私立,技專校院,1047,中臺科技大學,碩士在職專班,女,235,68,45,4,0,0,1,8,0,7,0,0,19,1,3,0,2,23,0,23
112,私立,技專校院,1047,中臺科技大學,博士班,男,7,0,0,0,0,0,0,0,0,0,0,0,0,0,0,0,0,0,0,0
112,私立,技專校院,1047,中臺科技大學,碩士班(日間),男,33,8,5,0,0,0,0,4,0,0,0,0,1,0,0,0,0,3,0,3
112,私立,技專校院,1047,中臺科技大學,碩士在職專班,男,43,17,6,0,0,0,0,3,0,0,0,0,3,0,0,0,0,11,0,11
112,私立,一般大學,1048,亞洲大學,學士班(日間),女,5883,233,233,52,9,71,10,32,0,1,0,23,0,16,18,1,0,0,0,0
112,私立,一般大學,1048,亞洲大學,碩士在職專班,女,230,56,56,3,0,2,1,22,0,2,0,1,18,0,7,0,0,0,0,0
112,私立,一般大學,1048,亞洲大學,學士班(日間),男,3186,146,146,12,4,36,13,27,0,0,14,7,0,12,17,4,0,0,0,0
112,私立,一般大學,1048,亞洲大學,學士班(進修),男,206,20,20,1,0,5,4,1,0,0,5,0,0,2,2,0,0,0,0,0
112,私立,一般大學,1048,亞洲大學,博士班,男,134,19,19,1,0,0,0,10,0,0,0,1,4,0,3,0,0,0,0,0
112,私立,一般大學,1048,亞洲大學,學士班(進修),女,237,22,22,3,1,4,1,7,0,0,0,0,0,1,5,0,0,0,0,0
112,私立,一般大學,1048,亞洲大學,博士班,女,90,21,21,1,0,0,1,9,0,1,0,0,6,0,3,0,0,0,0,0
112,私立,一般大學,1048,亞洲大學,碩士班(日間),女,432,83,83,5,4,3,3,24,0,4,0,1,27,0,8,1,3,0,0,0
112,私立,一般大學,1048,亞洲大學,碩士班(日間),男,263,37,37,2,1,4,0,7,0,0,1,0,12,0,5,0,5,0,0,0
112,私立,一般大學,1048,亞洲大學,碩士在職專班,男,197,19,19,0,0,0,1,15,0,0,0,0,3,0,0,0,0,0,0,0
112,私立,一般大學,1049,開南大學,學士班(日間),女,1335,94,94,5,8,20,3,33,6,0,0,5,0,1,12,1,0,0,0,0
112,私立,一般大學,1049,開南大學,學士班(進修),女,433,37,37,6,4,1,0,17,1,0,1,0,0,0,7,0,0,0,0,0
112,私立,一般大學,1049,開南大學,學士班(進修),男,543,51,51,6,1,7,1,30,0,0,3,1,0,0,1,1,0,0,0,0
112,私立,一般大學,1049,開南大學,碩士班(日間),男,84,25,25,3,4,1,0,10,0,0,1,0,2,0,3,1,0,0,0,0
112,私立,一般大學,1049,開南大學,碩士在職專班,男,172,21,21,1,0,0,0,15,0,2,1,0,2,0,0,0,0,0,0,0
112,私立,一般大學,1049,開南大學,碩士班(日間),女,131,36,36,3,3,1,0,13,3,0,0,1,7,0,5,0,0,0,0,0
112,私立,一般大學,1049,開南大學,碩士在職專班,女,131,24,24,4,0,0,0,13,0,0,0,0,4,0,3,0,0,0,0,0
112,私立,一般大學,1049,開南大學,學士班(日間),男,1365,119,119,9,11,25,15,32,0,0,15,5,0,0,5,2,0,0,0,0
112,私立,一般大學,1050,佛光大學,博士班,女,47,11,11,0,0,0,0,1,0,0,0,0,9,0,1,0,0,0,0,0
112,私立,一般大學,1050,佛光大學,碩士班(日間),女,263,91,91,8,0,1,0,24,2,2,0,0,43,0,7,3,1,0,0,0
112,私立,一般大學,1050,佛光大學,碩士在職專班,女,65,6,6,1,0,0,0,3,0,0,0,0,0,0,2,0,0,0,0,0
112,私立,一般大學,1050,佛光大學,博士班,男,24,4,4,0,0,0,0,1,0,0,0,0,3,0,0,0,0,0,0,0
112,私立,一般大學,1050,佛光大學,碩士在職專班,男,41,3,3,1,0,0,0,1,0,0,0,0,0,0,1,0,0,0,0,0
112,私立,一般大學,1050,佛光大學,學士班(日間),女,1090,68,68,11,9,14,2,13,1,0,0,5,0,4,6,3,0,0,0,0
112,私立,一般大學,1050,佛光大學,學士班(日間),男,1047,64,64,5,2,13,2,20,0,0,8,3,0,4,4,2,1,0,0,0
112,私立,一般大學,1050,佛光大學,碩士班(日間),男,187,52,52,6,0,1,0,18,0,0,2,0,18,1,2,1,3,0,0,0
112,私立,技專校院,1051,台南家專學校財團法人台南應用科技大學,學士班(進修),女,1096,197,176,10,12,23,1,111,1,2,0,1,0,0,15,0,0,21,0,21
112,私立,技專校院,1051,台南家專學校財團法人台南應用科技大學,碩士班(日間),女,79,30,23,4,1,0,3,8,0,0,0,2,2,1,2,0,0,7,0,7
112,私立,技專校院,1051,台南家專學校財團法人台南應用科技大學,碩士在職專班,女,79,19,19,0,0,1,0,13,0,0,0,0,4,0,1,0,0,0,0,0
112,私立,技專校院,1051,台南家專學校財團法人台南應用科技大學,五專,男,200,12,12,1,0,2,0,1,0,0,0,5,0,2,1,0,0,0,0,0
112,私立,技專校院,1051,台南家專學校財團法人台南應用科技大學,碩士班(日間),男,40,11,8,0,1,0,1,2,0,0,2,1,1,0,0,0,0,3,0,3
112,私立,技專校院,1051,台南家專學校財團法人台南應用科技大學,碩士在職專班,男,24,10,9,0,0,0,0,6,0,0,0,0,2,0,1,0,0,1,0,1
112,私立,技專校院,1051,台南家專學校財團法人台南應用科技大學,學士班(日間),女,4927,381,320,46,42,89,19,53,4,2,0,10,0,10,45,0,0,61,0,61
112,私立,技專校院,1051,台南家專學校財團法人台南應用科技大學,五專,女,651,38,37,11,0,7,4,2,1,0,0,4,0,5,3,0,0,1,0,1
112,私立,技專校院,1051,台南家專學校財團法人台南應用科技大學,學士班(日間),男,1972,229,158,15,20,44,10,35,0,0,11,1,0,4,18,0,0,71,0,71
112,私立,技專校院,1051,台南家專學校財團法人台南應用科技大學,學士班(進修),男,592,119,105,4,3,6,2,81,0,1,3,0,0,0,5,0,0,14,0,14
112,私立,技專校院,1052,中信金學校財團法人中信科技大學,碩士班(日間),女,94,14,14,0,0,0,0,6,2,0,0,2,0,0,2,1,1,0,0,0
112,私立,技專校院,1052,中信金學校財團法人中信科技大學,碩士在職專班,女,2,0,0,0,0,0,0,0,0,0,0,0,0,0,0,0,0,0,0,0
112,私立,技專校院,1052,中信金學校財團法人中信科技大學,二專(進修),男,90,16,16,0,0,1,0,14,0,0,1,0,0,0,0,0,0,0,0,0
112,私立,技專校院,1052,中信金學校財團法人中信科技大學,學士班(日間),男,913,115,110,4,6,18,16,23,0,0,30,0,0,7,3,0,3,5,3,2
112,私立,技專校院,1052,中信金學校財團法人中信科技大學,學士班(進修),男,391,41,41,0,0,2,0,35,0,0,4,0,0,0,0,0,0,0,0,0
112,私立,技專校院,1052,中信金學校財團法人中信科技大學,二專(進修),女,39,3,3,0,0,0,0,3,0,0,0,0,0,0,0,0,0,0,0,0
112,私立,技專校院,1052,中信金學校財團法人中信科技大學,學士班(日間),女,313,51,49,4,3,9,8,18,2,1,0,0,0,0,2,0,2,2,2,0
112,私立,技專校院,1052,中信金學校財團法人中信科技大學,學士班(進修),女,149,6,6,0,0,0,0,6,0,0,0,0,0,0,0,0,0,0,0,0
112,私立,技專校院,1052,中信金學校財團法人中信科技大學,碩士班(日間),男,113,28,28,0,1,0,0,19,0,0,0,1,5,0,0,0,2,0,0,0
112,私立,技專校院,1052,中信金學校財團法人中信科技大學,碩士在職專班,男,27,9,9,0,0,0,0,6,0,0,0,0,3,0,0,0,0,0,0,0
112,私立,技專校院,1053,光宇學校財團法人元培醫事科技大學,學士班(進修),女,693,43,40,4,2,6,1,17,2,1,0,0,0,0,6,1,0,3,0,3
112,私立,技專校院,1053,光宇學校財團法人元培醫事科技大學,碩士班(日間),女,141,20,20,2,0,0,0,14,0,0,0,0,1,0,3,0,0,0,0,0
112,私立,技專校院,1053,光宇學校財團法人元培醫事科技大學,碩士在職專班,女,25,1,1,0,0,0,1,0,0,0,0,0,0,0,0,0,0,0,0,0
112,私立,技專校院,1053,光宇學校財團法人元培醫事科技大學,學士班(進修),男,473,26,24,2,0,1,2,14,0,0,5,0,0,0,0,0,0,2,0,2
112,私立,技專校院,1053,光宇學校財團法人元培醫事科技大學,碩士班(日間),男,78,9,9,1,0,0,2,5,0,0,0,0,0,0,1,0,0,0,0,0
112,私立,技專校院,1053,光宇學校財團法人元培醫事科技大學,碩士在職專班,男,10,0,0,0,0,0,0,0,0,0,0,0,0,0,0,0,0,0,0,0
112,私立,技專校院,1053,光宇學校財團法人元培醫事科技大學,學士班(日間),女,1529,53,51,18,4,8,3,10,1,1,0,0,0,0,6,0,0,2,0,2
112,私立,技專校院,1053,光宇學校財團法人元培醫事科技大學,學士班(日間),男,1054,52,48,12,6,4,3,6,0,0,10,1,0,0,6,0,0,4,0,4
112,私立,技專校院,1053,光宇學校財團法人元培醫事科技大學,博士班,男,2,0,0,0,0,0,0,0,0,0,0,0,0,0,0,0,0,0,0,0
112,私立,技專校院,1054,景文科技大學,二專(進修),女,34,3,3,0,0,0,1,2,0,0,0,0,0,0,0,0,0,0,0,0
112,私立,技專校院,1054,景文科技大學,學士班(日間),女,1965,72,72,11,13,19,4,15,1,1,0,2,0,2,3,1,0,0,0,0
112,私立,技專校院,1054,景文科技大學,學士班(進修),女,414,35,35,3,8,6,1,16,1,0,0,0,0,0,0,0,0,0,0,0
112,私立,技專校院,1054,景文科技大學,碩士班(日間),女,0,1,1,0,0,0,0,0,0,1,0,0,0,0,0,0,0,0,0,0
112,私立,技專校院,1054,景文科技大學,碩士在職專班,女,18,6,6,1,0,0,0,2,0,0,0,0,0,3,0,0,0,0,0,0
112,私立,技專校院,1054,景文科技大學,二專(進修),男,55,11,11,0,1,1,3,5,0,0,1,0,0,0,0,0,0,0,0,0
112,私立,技專校院,1054,景文科技大學,學士班(日間),男,1649,81,81,3,8,22,2,17,0,0,24,1,0,3,1,0,0,0,0,0
112,私立,技專校院,1054,景文科技大學,學士班(進修),男,421,29,29,2,3,6,1,10,0,0,6,0,0,1,0,0,0,0,0,0
112,私立,技專校院,1054,景文科技大學,碩士班(日間),男,3,1,1,0,0,0,0,0,0,0,0,0,1,0,0,0,0,0,0,0
112,私立,技專校院,1054,景文科技大學,碩士在職專班,男,40,4,4,1,0,0,0,2,0,0,0,0,1,0,0,0,0,0,0,0
112,私立,技專校院,1055,中華醫事科技大學,學士班(進修),女,681,118,32,2,9,3,0,16,0,0,0,0,0,0,0,0,2,86,0,86
112,私立,技專校院,1055,中華醫事科技大學,碩士班(日間),女,49,21,6,1,1,0,0,1,1,0,0,0,0,0,1,0,1,15,0,15
112,私立,技專校院,1055,中華醫事科技大學,五專,男,685,82,47,3,3,20,1,3,0,0,2,0,0,0,0,0,15,35,0,35
112,私立,技專校院,1055,中華醫事科技大學,碩士在職專班,男,13,3,1,0,0,0,0,0,0,0,0,0,0,0,0,0,1,2,0,2
112,私立,技專校院,1055,中華醫事科技大學,二專(進修),女,36,6,1,0,0,0,0,1,0,0,0,0,0,0,0,0,0,5,0,5
112,私立,技專校院,1055,中華醫事科技大學,學士班(日間),女,1989,161,74,4,6,22,0,7,1,2,0,1,0,2,0,0,29,87,0,87
112,私立,技專校院,1055,中華醫事科技大學,五專,女,2515,172,84,12,7,33,0,4,1,1,0,0,0,0,0,0,26,88,5,83
112,私立,技專校院,1055,中華醫事科技大學,碩士在職專班,女,16,2,1,0,0,0,0,0,1,0,0,0,0,0,0,0,0,1,0,1
112,私立,技專校院,1055,中華醫事科技大學,二專(進修),男,27,10,1,0,0,0,0,1,0,0,0,0,0,0,0,0,0,9,0,9
112,私立,技專校院,1055,中華醫事科技大學,學士班(日間),男,907,97,37,4,4,18,0,5,0,0,1,0,0,0,1,0,4,60,1,59
112,私立,技專校院,1055,中華醫事科技大學,學士班(進修),男,378,93,18,2,2,3,0,8,0,0,1,0,0,0,0,0,2,75,0,75
112,私立,技專校院,1055,中華醫事科技大學,碩士班(日間),男,50,21,3,1,0,0,0,2,0,0,0,0,0,0,0,0,0,18,0,18
112,私立,技專校院,1056,東南科技大學,學士班(進修),女,147,30,0,0,0,0,0,0,0,0,0,0,0,0,0,0,0,30,0,30
112,私立,技專校院,1056,東南科技大學,碩士班(日間),女,61,13,4,0,0,0,0,2,0,1,0,0,0,0,0,0,1,9,0,9
112,私立,技專校院,1056,東南科技大學,碩士在職專班,女,13,2,0,0,0,0,0,0,0,0,0,0,0,0,0,0,0,2,0,2
112,私立,技專校院,1056,東南科技大學,學士班(進修),男,329,102,1,0,0,0,0,1,0,0,0,0,0,0,0,0,0,101,0,101
112,私立,技專校院,1056,東南科技大學,碩士班(日間),男,76,25,11,2,0,0,0,8,0,0,1,0,0,0,0,0,0,14,0,14
112,私立,技專校院,1056,東南科技大學,碩士在職專班,男,54,21,1,0,0,0,0,0,0,1,0,0,0,0,0,0,0,20,0,20
112,私立,技專校院,1056,東南科技大學,學士班(日間),女,1105,130,42,10,5,3,0,15,2,2,0,0,0,1,4,0,0,88,0,88
112,私立,技專校院,1056,東南科技大學,學士班(日間),男,1862,211,72,4,7,8,1,34,0,0,14,0,0,0,4,0,0,139,0,139
112,私立,技專校院,1057,德明財經科技大學,學士班(日間),女,2852,304,178,17,9,49,11,33,8,1,0,4,0,9,5,32,0,126,0,126
112,私立,技專校院,1057,德明財經科技大學,學士班(進修),女,206,31,9,1,0,2,0,5,1,0,0,0,0,0,0,0,0,22,0,22
112,私立,技專校院,1057,德明財經科技大學,碩士在職專班,女,14,5,3,0,0,0,0,3,0,0,0,0,0,0,0,0,0,2,0,2
112,私立,技專校院,1057,德明財經科技大學,學士班(進修),男,190,39,10,1,0,0,1,6,0,0,1,0,0,0,1,0,0,29,0,29
112,私立,技專校院,1057,德明財經科技大學,碩士班(日間),男,16,9,4,0,0,0,0,1,0,1,0,0,1,0,1,0,0,5,0,5
112,私立,技專校院,1057,德明財經科技大學,碩士在職專班,男,12,5,0,0,0,0,0,0,0,0,0,0,0,0,0,0,0,5,0,5
112,私立,技專校院,1057,德明財經科技大學,碩士班(日間),女,24,3,0,0,0,0,0,0,0,0,0,0,0,0,0,0,0,3,0,3
112,私立,技專校院,1057,德明財經科技大學,學士班(日間),男,2229,246,130,6,3,23,18,39,0,0,18,3,0,3,5,10,2,116,0,116
112,私立,一般大學,1058,明道學校財團法人明道大學,學士班(進修),女,63,0,0,0,0,0,0,0,0,0,0,0,0,0,0,0,0,0,0,0
112,私立,一般大學,1058,明道學校財團法人明道大學,碩士班(日間),女,41,0,0,0,0,0,0,0,0,0,0,0,0,0,0,0,0,0,0,0
112,私立,一般大學,1058,明道學校財團法人明道大學,碩士在職專班,女,19,0,0,0,0,0,0,0,0,0,0,0,0,0,0,0,0,0,0,0
112,私立,一般大學,1058,明道學校財團法人明道大學,學士班(日間),男,162,0,0,0,0,0,0,0,0,0,0,0,0,0,0,0,0,0,0,0
112,私立,一般大學,1058,明道學校財團法人明道大學,學士班(進修),男,162,0,0,0,0,0,0,0,0,0,0,0,0,0,0,0,0,0,0,0
112,私立,一般大學,1058,明道學校財團法人明道大學,博士班,男,16,0,0,0,0,0,0,0,0,0,0,0,0,0,0,0,0,0,0,0
112,私立,一般大學,1058,明道學校財團法人明道大學,學士班(日間),女,168,0,0,0,0,0,0,0,0,0,0,0,0,0,0,0,0,0,0,0
112,私立,一般大學,1058,明道學校財團法人明道大學,博士班,女,13,0,0,0,0,0,0,0,0,0,0,0,0,0,0,0,0,0,0,0
112,私立,一般大學,1058,明道學校財團法人明道大學,碩士班(日間),男,46,0,0,0,0,0,0,0,0,0,0,0,0,0,0,0,0,0,0,0
112,私立,一般大學,1058,明道學校財團法人明道大學,碩士在職專班,男,6,0,0,0,0,0,0,0,0,0,0,0,0,0,0,0,0,0,0,0
112,私立,技專校院,1060,南開科技大學,二專(進修),女,27,0,0,0,0,0,0,0,0,0,0,0,0,0,0,0,0,0,0,0
112,私立,技專校院,1060,南開科技大學,學士班(日間),女,415,17,17,0,2,2,0,10,2,0,0,0,0,0,1,0,0,0,0,0
112,私立,技專校院,1060,南開科技大學,碩士班(日間),女,31,11,11,1,0,1,1,5,0,0,0,0,1,0,2,0,0,0,0,0
112,私立,技專校院,1060,南開科技大學,學士班(進修),男,554,18,18,2,1,2,0,7,0,0,5,0,0,0,1,0,0,0,0,0
112,私立,技專校院,1060,南開科技大學,五專,男,230,16,16,0,1,7,0,3,0,0,2,0,0,1,0,0,2,0,0,0
112,私立,技專校院,1060,南開科技大學,碩士班(日間),男,40,10,10,0,0,0,0,4,0,0,1,0,2,0,1,1,1,0,0,0
112,私立,技專校院,1060,南開科技大學,碩士在職專班,男,16,5,5,0,0,0,0,4,0,0,0,0,1,0,0,0,0,0,0,0
112,私立,技專校院,1060,南開科技大學,學士班(進修),女,268,11,11,1,0,0,0,9,0,0,0,1,0,0,0,0,0,0,0,0
112,私立,技專校院,1060,南開科技大學,五專,女,36,0,0,0,0,0,0,0,0,0,0,0,0,0,0,0,0,0,0,0
112,私立,技專校院,1060,南開科技大學,碩士在職專班,女,32,6,6,1,0,0,0,4,0,0,0,0,1,0,0,0,0,0,0,0
112,私立,技專校院,1060,南開科技大學,二專(進修),男,25,2,2,0,0,0,0,2,0,0,0,0,0,0,0,0,0,0,0,0
112,私立,技專校院,1060,南開科技大學,學士班(日間),男,892,32,32,0,1,5,2,15,0,0,7,0,0,1,0,1,0,0,0,0
112,私立,技專校院,1061,中華學校財團法人中華科技大學,二專(進修),女,42,8,2,0,0,1,0,0,0,0,0,0,0,0,1,0,0,6,0,6
112,私立,技專校院,1061,中華學校財團法人中華科技大學,學士班(日間),女,529,89,29,3,4,2,1,12,0,0,0,0,0,1,6,0,0,60,0,60
112,私立,技專校院,1061,中華學校財團法人中華科技大學,碩士班(日間),男,114,30,20,1,1,2,0,12,0,0,1,0,0,0,3,0,0,10,0,10
112,私立,技專校院,1061,中華學校財團法人中華科技大學,碩士在職專班,男,61,21,7,0,1,1,0,3,0,0,1,0,1,0,0,0,0,14,0,14
112,私立,技專校院,1061,中華學校財團法人中華科技大學,學士班(進修),女,278,46,15,2,2,1,0,10,0,0,0,0,0,0,0,0,0,31,0,31
112,私立,技專校院,1061,中華學校財團法人中華科技大學,碩士班(日間),女,83,12,8,1,0,0,0,6,0,0,0,0,0,0,1,0,0,4,0,4
112,私立,技專校院,1061,中華學校財團法人中華科技大學,碩士在職專班,女,25,6,2,1,1,0,0,0,0,0,0,0,0,0,0,0,0,4,0,4
112,私立,技專校院,1061,中華學校財團法人中華科技大學,二專(進修),男,55,13,4,0,0,0,0,1,0,0,2,0,0,0,0,1,0,9,0,9
112,私立,技專校院,1061,中華學校財團法人中華科技大學,學士班(日間),男,1180,158,86,3,7,11,1,37,0,0,11,1,0,0,15,0,0,72,0,72
112,私立,技專校院,1061,中華學校財團法人中華科技大學,學士班(進修),男,838,125,40,3,1,10,0,10,0,0,13,0,0,0,3,0,0,85,0,85
112,私立,技專校院,1062,僑光科技大學,學士班(日間),女,2574,61,61,4,3,20,5,17,1,1,0,5,0,3,1,0,1,0,0,0
112,私立,技專校院,1062,僑光科技大學,學士班(日間),男,2282,66,66,0,0,16,4,15,0,0,20,3,0,3,2,1,2,0,0,0
112,私立,技專校院,1062,僑光科技大學,學士班(進修),男,2051,101,101,4,3,16,3,38,0,0,30,1,0,1,1,0,4,0,0,0
112,私立,技專校院,1062,僑光科技大學,學士班(進修),女,1287,62,62,3,4,16,0,25,2,4,0,2,0,2,4,0,0,0,0,0
112,私立,技專校院,1062,僑光科技大學,碩士班(日間),女,33,0,0,0,0,0,0,0,0,0,0,0,0,0,0,0,0,0,0,0
112,私立,技專校院,1062,僑光科技大學,碩士在職專班,女,34,1,1,1,0,0,0,0,0,0,0,0,0,0,0,0,0,0,0,0
112,私立,技專校院,1062,僑光科技大學,碩士班(日間),男,29,1,1,0,0,0,0,0,0,1,0,0,0,0,0,0,0,0,0,0
112,私立,技專校院,1062,僑光科技大學,碩士在職專班,男,24,6,6,0,0,1,0,2,0,0,0,0,1,0,2,0,0,0,0,0
112,私立,技專校院,1063,廣亞學校財團法人育達科技大學,學士班(日間),女,576,43,42,6,11,3,0,9,4,0,0,0,0,3,5,1,0,1,0,1
112,私立,技專校院,1063,廣亞學校財團法人育達科技大學,學士班(日間),男,530,50,47,3,3,1,4,10,0,0,10,0,0,6,8,1,1,3,0,3
112,私立,技專校院,1063,廣亞學校財團法人育達科技大學,學士班(進修),男,696,76,76,5,3,5,0,45,0,0,5,1,0,5,6,0,1,0,0,0
112,私立,技專校院,1063,廣亞學校財團法人育達科技大學,學士班(進修),女,927,86,85,11,7,2,0,38,4,4,0,3,0,2,12,0,2,1,0,1
112,私立,技專校院,1063,廣亞學校財團法人育達科技大學,碩士班(日間),女,70,14,8,0,0,0,0,4,1,0,0,0,2,0,1,0,0,6,0,6
112,私立,技專校院,1063,廣亞學校財團法人育達科技大學,碩士在職專班,女,71,15,15,1,0,0,0,6,1,0,0,0,4,0,3,0,0,0,0,0
112,私立,技專校院,1063,廣亞學校財團法人育達科技大學,碩士班(日間),男,53,12,10,0,2,0,0,4,0,0,0,0,2,0,1,1,0,2,0,2
112,私立,技專校院,1063,廣亞學校財團法人育達科技大學,碩士在職專班,男,115,13,13,0,0,0,0,6,0,0,1,0,4,0,2,0,0,0,0,0
112,私立,技專校院,1064,美和學校財團法人美和科技大學,二專(進修),女,40,8,8,0,0,0,0,8,0,0,0,0,0,0,0,0,0,0,0,0
112,私立,技專校院,1064,美和學校財團法人美和科技大學,學士班(日間),女,858,62,62,8,11,9,4,16,2,1,0,0,0,1,4,1,5,0,0,0
112,私立,技專校院,1064,美和學校財團法人美和科技大學,學士班(進修),女,1064,107,107,12,13,7,0,52,4,8,0,0,0,1,7,0,3,0,0,0
112,私立,技專校院,1064,美和學校財團法人美和科技大學,五專,女,1372,80,80,5,7,31,3,11,1,5,0,0,0,6,2,1,8,0,0,0
112,私立,技專校院,1064,美和學校財團法人美和科技大學,學士班(進修),男,342,29,29,2,3,3,0,18,0,0,1,0,0,0,1,0,1,0,0,0
112,私立,技專校院,1064,美和學校財團法人美和科技大學,碩士班(日間),男,52,21,21,0,2,0,0,11,0,0,0,0,5,0,0,1,2,0,0,0
112,私立,技專校院,1064,美和學校財團法人美和科技大學,碩士在職專班,男,40,8,8,0,0,0,0,1,0,0,0,0,7,0,0,0,0,0,0,0
112,私立,技專校院,1064,美和學校財團法人美和科技大學,碩士班(日間),女,108,39,39,2,0,0,0,21,3,4,0,0,6,0,3,0,0,0,0,0
112,私立,技專校院,1064,美和學校財團法人美和科技大學,碩士在職專班,女,114,52,52,1,1,0,0,10,0,2,0,0,33,0,2,1,2,0,0,0
112,私立,技專校院,1064,美和學校財團法人美和科技大學,二專(進修),男,54,8,8,0,0,0,0,5,0,0,2,0,0,0,0,0,1,0,0,0
112,私立,技專校院,1064,美和學校財團法人美和科技大學,學士班(日間),男,611,45,45,1,4,9,1,15,0,0,5,0,0,0,4,2,4,0,0,0
112,私立,技專校院,1064,美和學校財團法人美和科技大學,五專,男,231,25,25,1,2,11,3,4,0,0,2,0,0,0,0,0,2,0,0,0
112,私立,技專校院,1065,吳鳳科技大學,碩士班(日間),女,11,3,3,0,0,0,0,0,0,0,0,0,3,0,0,0,0,0,0,0
112,私立,技專校院,1065,吳鳳科技大學,碩士在職專班,女,24,3,1,0,0,0,0,1,0,0,0,0,0,0,0,0,0,2,0,2
112,私立,技專校院,1065,吳鳳科技大學,二專(進修),男,82,17,8,0,0,0,0,8,0,0,0,0,0,0,0,0,0,9,0,9
112,私立,技專校院,1065,吳鳳科技大學,學士班(日間),男,1432,136,83,2,6,25,0,27,0,0,7,0,0,4,9,1,2,53,0,53
112,私立,技專校院,1065,吳鳳科技大學,二專(進修),女,94,14,11,2,1,4,0,2,0,0,0,0,0,0,2,0,0,3,1,2
112,私立,技專校院,1065,吳鳳科技大學,學士班(日間),女,791,60,40,2,0,13,0,15,3,0,0,0,0,3,4,0,0,20,0,20
112,私立,技專校院,1065,吳鳳科技大學,學士班(進修),女,518,56,43,0,5,2,1,25,0,1,0,0,0,1,2,0,6,13,1,12
112,私立,技專校院,1065,吳鳳科技大學,學士班(進修),男,769,114,94,0,3,10,1,48,0,0,6,0,0,0,1,0,25,20,0,20
112,私立,技專校院,1065,吳鳳科技大學,碩士班(日間),男,24,5,4,0,0,0,0,3,0,0,0,0,1,0,0,0,0,1,0,1
112,私立,技專校院,1065,吳鳳科技大學,碩士在職專班,男,37,5,4,0,0,0,0,3,0,0,0,0,0,0,1,0,0,1,0,1
112,私立,技專校院,1066,環球學校財團法人環球科技大學,二專(進修),女,14,0,0,0,0,0,0,0,0,0,0,0,0,0,0,0,0,0,0,0
112,私立,技專校院,1066,環球學校財團法人環球科技大學,學士班(日間),女,310,0,0,0,0,0,0,0,0,0,0,0,0,0,0,0,0,0,0,0
112,私立,技專校院,1066,環球學校財團法人環球科技大學,學士班(進修),女,142,0,0,0,0,0,0,0,0,0,0,0,0,0,0,0,0,0,0,0
112,私立,技專校院,1066,環球學校財團法人環球科技大學,學士班(進修),男,101,0,0,0,0,0,0,0,0,0,0,0,0,0,0,0,0,0,0,0
112,私立,技專校院,1066,環球學校財團法人環球科技大學,碩士班(日間),男,22,0,0,0,0,0,0,0,0,0,0,0,0,0,0,0,0,0,0,0
112,私立,技專校院,1066,環球學校財團法人環球科技大學,碩士在職專班,男,10,0,0,0,0,0,0,0,0,0,0,0,0,0,0,0,0,0,0,0
112,私立,技專校院,1066,環球學校財團法人環球科技大學,碩士班(日間),女,23,0,0,0,0,0,0,0,0,0,0,0,0,0,0,0,0,0,0,0
112,私立,技專校院,1066,環球學校財團法人環球科技大學,碩士在職專班,女,18,0,0,0,0,0,0,0,0,0,0,0,0,0,0,0,0,0,0,0
112,私立,技專校院,1066,環球學校財團法人環球科技大學,二專(進修),男,24,0,0,0,0,0,0,0,0,0,0,0,0,0,0,0,0,0,0,0
112,私立,技專校院,1066,環球學校財團法人環球科技大學,學士班(日間),男,354,0,0,0,0,0,0,0,0,0,0,0,0,0,0,0,0,0,0,0
112,私立,技專校院,1069,修平學校財團法人修平科技大學,碩士班(日間),女,39,3,3,0,1,0,0,0,0,0,0,0,2,0,0,0,0,0,0,0
112,私立,技專校院,1069,修平學校財團法人修平科技大學,碩士在職專班,女,12,0,0,0,0,0,0,0,0,0,0,0,0,0,0,0,0,0,0,0
112,私立,技專校院,1069,修平學校財團法人修平科技大學,學士班(進修),男,1265,77,74,4,0,23,8,30,0,0,0,0,0,0,6,0,3,3,0,3
112,私立,技專校院,1069,修平學校財團法人修平科技大學,碩士班(日間),男,54,5,5,1,0,2,0,1,0,0,0,0,1,0,0,0,0,0,0,0
112,私立,技專校院,1069,修平學校財團法人修平科技大學,碩士在職專班,男,43,2,2,0,0,0,0,2,0,0,0,0,0,0,0,0,0,0,0,0
112,私立,技專校院,1069,修平學校財團法人修平科技大學,學士班(日間),女,651,35,35,3,1,11,0,14,0,0,0,1,0,0,5,0,0,0,0,0
112,私立,技專校院,1069,修平學校財團法人修平科技大學,學士班(進修),女,286,20,16,0,0,2,0,9,0,0,0,0,0,0,4,0,1,4,0,4
112,私立,技專校院,1069,修平學校財團法人修平科技大學,二專(進修),男,2,0,0,0,0,0,0,0,0,0,0,0,0,0,0,0,0,0,0,0
112,私立,技專校院,1069,修平學校財團法人修平科技大學,學士班(日間),男,1480,50,50,6,0,13,7,14,0,0,2,0,0,0,8,0,0,0,0,0
112,私立,技專校院,1070,長庚學校財團法人長庚科技大學,學士班(日間),女,4135,119,119,26,5,52,5,14,1,0,0,5,0,2,7,2,0,0,0,0
112,私立,技專校院,1070,長庚學校財團法人長庚科技大學,學士班(日間),男,599,21,21,4,0,12,0,1,0,0,0,1,0,0,2,1,0,0,0,0
112,私立,技專校院,1070,長庚學校財團法人長庚科技大學,碩士在職專班,男,6,0,0,0,0,0,0,0,0,0,0,0,0,0,0,0,0,0,0,0
112,私立,技專校院,1070,長庚學校財團法人長庚科技大學,學士班(進修),女,1060,50,50,3,4,1,0,21,2,7,0,1,0,0,8,3,0,0,0,0
112,私立,技專校院,1070,長庚學校財團法人長庚科技大學,碩士班(日間),女,70,13,13,1,0,1,0,6,1,0,0,0,1,0,2,1,0,0,0,0
112,私立,技專校院,1070,長庚學校財團法人長庚科技大學,碩士在職專班,女,159,31,31,2,0,0,0,16,0,1,0,0,7,0,5,0,0,0,0,0
112,私立,技專校院,1070,長庚學校財團法人長庚科技大學,學士班(進修),男,74,3,3,1,0,0,0,2,0,0,0,0,0,0,0,0,0,0,0,0
112,私立,技專校院,1070,長庚學校財團法人長庚科技大學,碩士班(日間),男,10,2,2,0,0,0,0,2,0,0,0,0,0,0,0,0,0,0,0,0
112,私立,技專校院,1071,城市學校財團法人臺北城市科技大學,二專(進修),女,135,73,21,3,2,0,0,10,1,0,0,1,0,2,1,0,1,52,0,52
112,私立,技專校院,1071,城市學校財團法人臺北城市科技大學,學士班(日間),女,2330,173,169,9,15,24,0,64,3,5,1,5,0,10,21,7,5,4,4,0
112,私立,技專校院,1071,城市學校財團法人臺北城市科技大學,學士班(進修),女,330,92,30,0,3,0,1,19,1,0,0,0,0,1,1,0,4,62,0,62
112,私立,技專校院,1071,城市學校財團法人臺北城市科技大學,五專,女,282,22,22,3,1,4,0,9,0,0,0,3,0,1,0,1,0,0,0,0
112,私立,技專校院,1071,城市學校財團法人臺北城市科技大學,碩士班(日間),男,64,31,31,0,2,0,0,17,0,3,3,0,6,0,0,0,0,0,0,0
112,私立,技專校院,1071,城市學校財團法人臺北城市科技大學,二專(日間),女,4,0,0,0,0,0,0,0,0,0,0,0,0,0,0,0,0,0,0,0
112,私立,技專校院,1071,城市學校財團法人臺北城市科技大學,碩士班(日間),女,33,9,9,0,1,0,0,4,0,1,0,0,2,0,1,0,0,0,0,0
112,私立,技專校院,1071,城市學校財團法人臺北城市科技大學,二專(日間),男,15,0,0,0,0,0,0,0,0,0,0,0,0,0,0,0,0,0,0,0
112,私立,技專校院,1071,城市學校財團法人臺北城市科技大學,二專(進修),男,172,52,13,0,0,0,0,9,0,0,4,0,0,0,0,0,0,39,0,39
112,私立,技專校院,1071,城市學校財團法人臺北城市科技大學,學士班(日間),男,3686,272,271,7,37,39,0,90,0,0,69,3,0,8,12,5,1,1,0,1
112,私立,技專校院,1071,城市學校財團法人臺北城市科技大學,學士班(進修),男,750,266,98,1,2,3,2,51,0,0,19,3,0,4,5,0,8,168,0,168
112,私立,技專校院,1071,城市學校財團法人臺北城市科技大學,五專,男,463,52,51,1,3,5,0,20,0,0,10,5,0,4,2,0,1,1,1,0
112,私立,技專校院,1072,大華學校財團法人敏實科技大學,學士班(日間),女,166,5,5,1,0,1,0,3,0,0,0,0,0,0,0,0,0,0,0,0
112,私立,技專校院,1072,大華學校財團法人敏實科技大學,學士班(進修),女,47,4,4,1,1,0,0,1,0,0,0,0,0,0,1,0,0,0,0,0
112,私立,技專校院,1072,大華學校財團法人敏實科技大學,五專,女,57,2,2,0,0,2,0,0,0,0,0,0,0,0,0,0,0,0,0,0
112,私立,技專校院,1072,大華學校財團法人敏實科技大學,學士班(日間),男,313,7,7,1,1,2,0,1,0,0,2,0,0,0,0,0,0,0,0,0
112,私立,技專校院,1072,大華學校財團法人敏實科技大學,學士班(進修),男,75,3,3,1,0,0,0,2,0,0,0,0,0,0,0,0,0,0,0,0
112,私立,技專校院,1072,大華學校財團法人敏實科技大學,五專,男,44,1,1,0,0,0,0,1,0,0,0,0,0,0,0,0,0,0,0,0
112,私立,技專校院,1073,醒吾學校財團法人醒吾科技大學,二專(進修),女,28,11,11,0,0,0,9,2,0,0,0,0,0,0,0,0,0,0,0,0
112,私立,技專校院,1073,醒吾學校財團法人醒吾科技大學,學士班(日間),女,2926,293,293,18,49,112,36,60,9,0,0,2,0,0,6,1,0,0,0,0
112,私立,技專校院,1073,醒吾學校財團法人醒吾科技大學,學士班(進修),女,442,91,91,6,9,20,14,38,1,0,0,0,0,0,3,0,0,0,0,0
112,私立,技專校院,1073,醒吾學校財團法人醒吾科技大學,二專(進修),男,25,9,9,0,0,0,6,2,0,0,0,0,0,0,1,0,0,0,0,0
112,私立,技專校院,1073,醒吾學校財團法人醒吾科技大學,學士班(日間),男,2028,275,275,14,29,72,58,71,0,0,13,4,0,0,10,3,1,0,0,0
112,私立,技專校院,1073,醒吾學校財團法人醒吾科技大學,五專,男,55,7,7,0,0,1,3,1,0,0,0,1,0,1,0,0,0,0,0,0
112,私立,技專校院,1073,醒吾學校財團法人醒吾科技大學,五專,女,83,17,17,1,0,4,5,2,0,0,0,3,0,0,0,2,0,0,0,0
112,私立,技專校院,1073,醒吾學校財團法人醒吾科技大學,碩士班(日間),女,33,10,10,1,0,0,4,4,0,0,0,1,0,0,0,0,0,0,0,0
112,私立,技專校院,1073,醒吾學校財團法人醒吾科技大學,碩士在職專班,女,47,3,3,0,0,0,1,2,0,0,0,0,0,0,0,0,0,0,0,0
112,私立,技專校院,1073,醒吾學校財團法人醒吾科技大學,學士班(進修),男,385,76,76,3,2,13,27,23,0,0,4,1,0,0,3,0,0,0,0,0
112,私立,技專校院,1073,醒吾學校財團法人醒吾科技大學,碩士班(日間),男,16,10,10,0,0,0,3,4,0,0,1,0,0,0,1,1,0,0,0,0
112,私立,技專校院,1073,醒吾學校財團法人醒吾科技大學,碩士在職專班,男,32,5,5,0,1,0,2,2,0,0,0,0,0,0,0,0,0,0,0,0
112,私立,技專校院,1075,文藻學校財團法人文藻外語大學,學士班(進修),女,621,98,86,11,2,9,3,43,3,4,0,5,1,1,3,1,0,12,0,12
112,私立,技專校院,1075,文藻學校財團法人文藻外語大學,碩士班(日間),女,159,52,52,1,3,1,0,22,0,3,0,4,14,0,4,0,0,0,0,0
112,私立,技專校院,1075,文藻學校財團法人文藻外語大學,碩士班(日間),男,65,14,14,1,0,2,0,4,0,2,0,0,4,0,0,0,1,0,0,0
112,私立,技專校院,1075,文藻學校財團法人文藻外語大學,碩士在職專班,男,17,3,3,0,0,0,0,2,0,0,0,0,1,0,0,0,0,0,0,0
112,私立,技專校院,1075,文藻學校財團法人文藻外語大學,學士班(日間),女,2866,221,215,15,12,30,48,49,0,1,0,32,1,4,10,2,11,6,0,6
112,私立,技專校院,1075,文藻學校財團法人文藻外語大學,五專,女,1582,102,101,9,5,25,23,3,0,0,1,21,0,1,0,4,9,1,0,1
112,私立,技專校院,1075,文藻學校財團法人文藻外語大學,碩士在職專班,女,40,14,14,0,0,0,0,7,0,1,0,2,2,0,0,1,1,0,0,0
112,私立,技專校院,1075,文藻學校財團法人文藻外語大學,學士班(日間),男,1218,123,110,8,15,14,16,30,0,0,6,4,0,2,4,2,9,13,0,13
112,私立,技專校院,1075,文藻學校財團法人文藻外語大學,學士班(進修),男,357,68,59,3,7,5,3,33,0,1,2,1,1,2,1,0,0,9,0,9
112,私立,技專校院,1075,文藻學校財團法人文藻外語大學,五專,男,337,20,20,0,0,4,5,0,0,0,0,6,0,2,0,1,2,0,0,0
112,私立,技專校院,1076,華夏學校財團法人華夏科技大學,二專(進修),女,9,6,4,1,0,2,0,1,0,0,0,0,0,0,0,0,0,2,0,2
112,私立,技專校院,1076,華夏學校財團法人華夏科技大學,五專,女,69,5,3,0,0,3,0,0,0,0,0,0,0,0,0,0,0,2,2,0
112,私立,技專校院,1076,華夏學校財團法人華夏科技大學,碩士班(日間),女,3,3,3,0,0,0,0,1,0,0,0,0,2,0,0,0,0,0,0,0
112,私立,技專校院,1076,華夏學校財團法人華夏科技大學,碩士在職專班,女,8,3,1,0,0,0,0,0,0,0,0,0,0,0,1,0,0,2,0,2
112,私立,技專校院,1076,華夏學校財團法人華夏科技大學,二專(進修),男,0,1,0,0,0,0,0,0,0,0,0,0,0,0,0,0,0,1,0,1
112,私立,技專校院,1076,華夏學校財團法人華夏科技大學,學士班(日間),男,425,74,46,0,2,14,0,9,0,0,14,0,0,0,7,0,0,28,0,28
112,私立,技專校院,1076,華夏學校財團法人華夏科技大學,學士班(進修),男,392,60,30,0,3,6,1,12,0,0,6,0,0,1,0,0,1,30,0,30
112,私立,技專校院,1076,華夏學校財團法人華夏科技大學,五專,男,280,31,23,0,2,7,6,4,0,0,1,0,0,0,1,2,0,8,4,4
112,私立,技專校院,1076,華夏學校財團法人華夏科技大學,碩士在職專班,男,21,9,4,0,0,0,0,3,0,0,0,0,1,0,0,0,0,5,0,5
112,私立,技專校院,1076,華夏學校財團法人華夏科技大學,學士班(日間),女,201,39,19,4,1,6,1,4,1,1,0,0,0,0,1,0,0,20,0,20
112,私立,技專校院,1076,華夏學校財團法人華夏科技大學,學士班(進修),女,228,36,23,2,0,7,0,12,1,0,0,0,0,1,0,0,0,13,0,13
112,私立,技專校院,1076,華夏學校財團法人華夏科技大學,碩士班(日間),男,14,8,3,0,0,0,0,1,0,1,1,0,0,0,0,0,0,5,0,5
112,私立,技專校院,1077,慈濟學校財團法人慈濟科技大學,學士班(進修),女,152,44,44,0,2,2,0,26,5,1,0,0,0,0,4,4,0,0,0,0
112,私立,技專校院,1077,慈濟學校財團法人慈濟科技大學,碩士班(日間),女,65,16,16,1,0,0,0,14,1,0,0,0,0,0,0,0,0,0,0,0
112,私立,技專校院,1077,慈濟學校財團法人慈濟科技大學,二專(日間),男,1,0,0,0,0,0,0,0,0,0,0,0,0,0,0,0,0,0,0,0
112,私立,技專校院,1077,慈濟學校財團法人慈濟科技大學,五專,男,177,11,11,0,1,5,1,3,0,0,1,0,0,0,0,0,0,0,0,0
112,私立,技專校院,1077,慈濟學校財團法人慈濟科技大學,碩士班(日間),男,20,10,10,0,0,2,0,8,0,0,0,0,0,0,0,0,0,0,0,0
112,私立,技專校院,1077,慈濟學校財團法人慈濟科技大學,二專(日間),女,15,0,0,0,0,0,0,0,0,0,0,0,0,0,0,0,0,0,0,0
112,私立,技專校院,1077,慈濟學校財團法人慈濟科技大學,學士班(日間),女,847,37,37,6,1,14,5,6,1,0,0,2,0,0,1,1,0,0,0,0
112,私立,技專校院,1077,慈濟學校財團法人慈濟科技大學,五專,女,1114,59,59,11,0,38,9,0,0,0,0,1,0,0,0,0,0,0,0,0
112,私立,技專校院,1077,慈濟學校財團法人慈濟科技大學,學士班(日間),男,430,35,35,2,1,12,12,4,0,0,0,0,0,0,1,0,3,0,0,0
112,私立,技專校院,1077,慈濟學校財團法人慈濟科技大學,學士班(進修),男,15,0,0,0,0,0,0,0,0,0,0,0,0,0,0,0,0,0,0,0
112,私立,技專校院,1078,致理學校財團法人致理科技大學,五專,女,1191,60,60,4,1,26,8,12,0,0,0,5,0,1,3,0,0,0,0,0
112,私立,技專校院,1078,致理學校財團法人致理科技大學,碩士班(日間),女,39,12,12,4,1,1,0,2,0,0,0,1,3,0,0,0,0,0,0,0
112,私立,技專校院,1078,致理學校財團法人致理科技大學,碩士在職專班,女,38,3,3,0,0,0,0,1,0,0,0,0,2,0,0,0,0,0,0,0
112,私立,技專校院,1078,致理學校財團法人致理科技大學,學士班(日間),男,2175,112,112,7,7,24,19,22,0,0,11,2,0,12,4,4,0,0,0,0
112,私立,技專校院,1078,致理學校財團法人致理科技大學,學士班(日間),女,4285,143,143,18,9,35,23,28,3,2,0,7,0,10,4,2,2,0,0,0
112,私立,技專校院,1078,致理學校財團法人致理科技大學,學士班(進修),女,1595,127,127,14,6,13,8,65,3,3,0,2,0,6,6,1,0,0,0,0
112,私立,技專校院,1078,致理學校財團法人致理科技大學,學士班(進修),男,1230,129,129,2,8,13,5,76,0,0,9,7,0,5,2,2,0,0,0,0
112,私立,技專校院,1078,致理學校財團法人致理科技大學,五專,男,367,20,20,0,0,6,5,2,0,0,0,3,0,3,1,0,0,0,0,0
112,私立,技專校院,1078,致理學校財團法人致理科技大學,碩士班(日間),男,15,2,2,0,0,0,0,1,0,0,0,1,0,0,0,0,0,0,0,0
112,私立,技專校院,1078,致理學校財團法人致理科技大學,碩士在職專班,男,16,4,4,0,0,0,0,3,0,0,0,0,1,0,0,0,0,0,0,0
112,私立,一般大學,1079,康寧學校財團法人康寧大學,二專(進修),女,158,3,3,1,0,1,0,1,0,0,0,0,0,0,0,0,0,0,0,0
112,私立,一般大學,1079,康寧學校財團法人康寧大學,學士班(日間),女,120,8,8,2,0,5,0,0,0,0,0,0,0,0,1,0,0,0,0,0
112,私立,一般大學,1079,康寧學校財團法人康寧大學,學士班(進修),女,173,9,9,1,1,3,0,1,0,1,0,0,0,0,2,0,0,0,0,0
112,私立,一般大學,1079,康寧學校財團法人康寧大學,五專,女,2048,116,116,11,2,74,11,4,1,1,0,5,0,1,4,2,0,0,0,0
112,私立,一般大學,1079,康寧學校財團法人康寧大學,二專(進修),男,53,5,5,1,0,2,0,0,0,1,0,1,0,0,0,0,0,0,0,0
112,私立,一般大學,1079,康寧學校財團法人康寧大學,學士班(日間),男,36,2,2,0,1,0,0,0,0,0,1,0,0,0,0,0,0,0,0,0
112,私立,一般大學,1079,康寧學校財團法人康寧大學,五專,男,628,33,33,0,2,19,3,8,0,0,0,0,0,0,1,0,0,0,0,0
112,私立,一般大學,1079,康寧學校財團法人康寧大學,碩士在職專班,女,3,0,0,0,0,0,0,0,0,0,0,0,0,0,0,0,0,0,0,0
112,私立,一般大學,1079,康寧學校財團法人康寧大學,學士班(進修),男,22,0,0,0,0,0,0,0,0,0,0,0,0,0,0,0,0,0,0,0
112,私立,一般大學,1079,康寧學校財團法人康寧大學,碩士班(日間),男,0,1,1,1,0,0,0,0,0,0,0,0,0,0,0,0,0,0,0,0
112,私立,一般大學,1079,康寧學校財團法人康寧大學,碩士在職專班,男,2,1,1,0,0,0,0,1,0,0,0,0,0,0,0,0,0,0,0,0
112,私立,技專校院,1080,宏國學校財團法人宏國德霖科技大學,學士班(日間),女,571,18,18,0,4,4,1,5,2,1,0,0,0,0,0,0,1,0,0,0
112,私立,技專校院,1080,宏國學校財團法人宏國德霖科技大學,五專,女,436,17,17,3,1,6,1,3,0,0,0,2,0,1,0,0,0,0,0,0
112,私立,技專校院,1080,宏國學校財團法人宏國德霖科技大學,學士班(日間),男,838,47,47,6,4,8,0,10,0,0,10,0,0,3,1,1,4,0,0,0
112,私立,技專校院,1080,宏國學校財團法人宏國德霖科技大學,學士班(進修),男,914,23,23,1,1,1,2,13,0,1,2,0,0,1,1,0,0,0,0,0
112,私立,技專校院,1080,宏國學校財團法人宏國德霖科技大學,碩士班(日間),男,21,4,4,1,0,0,0,0,0,0,0,0,3,0,0,0,0,0,0,0
112,私立,技專校院,1080,宏國學校財團法人宏國德霖科技大學,學士班(進修),女,558,9,9,1,2,0,1,5,0,0,0,0,0,0,0,0,0,0,0,0
112,私立,技專校院,1080,宏國學校財團法人宏國德霖科技大學,碩士班(日間),女,18,2,2,0,0,0,0,0,0,0,0,0,2,0,0,0,0,0,0,0
112,私立,技專校院,1080,宏國學校財團法人宏國德霖科技大學,五專,男,634,20,20,2,1,1,5,7,0,0,3,0,0,0,1,0,0,0,0,0
112,私立,技專校院,1081,東方學校財團法人東方設計大學,二專(進修),女,1,0,0,0,0,0,0,0,0,0,0,0,0,0,0,0,0,0,0,0
112,私立,技專校院,1081,東方學校財團法人東方設計大學,學士班(日間),女,51,0,0,0,0,0,0,0,0,0,0,0,0,0,0,0,0,0,0,0
112,私立,技專校院,1081,東方學校財團法人東方設計大學,博士班,女,9,0,0,0,0,0,0,0,0,0,0,0,0,0,0,0,0,0,0,0
112,私立,技專校院,1081,東方學校財團法人東方設計大學,二專(進修),男,10,0,0,0,0,0,0,0,0,0,0,0,0,0,0,0,0,0,0,0
112,私立,技專校院,1081,東方學校財團法人東方設計大學,學士班(日間),男,55,0,0,0,0,0,0,0,0,0,0,0,0,0,0,0,0,0,0,0
112,私立,技專校院,1081,東方學校財團法人東方設計大學,五專,男,58,0,0,0,0,0,0,0,0,0,0,0,0,0,0,0,0,0,0,0
112,私立,技專校院,1081,東方學校財團法人東方設計大學,碩士在職專班,男,3,0,0,0,0,0,0,0,0,0,0,0,0,0,0,0,0,0,0,0
112,私立,技專校院,1081,東方學校財團法人東方設計大學,學士班(進修),女,24,0,0,0,0,0,0,0,0,0,0,0,0,0,0,0,0,0,0,0
112,私立,技專校院,1081,東方學校財團法人東方設計大學,五專,女,63,0,0,0,0,0,0,0,0,0,0,0,0,0,0,0,0,0,0,0
112,私立,技專校院,1081,東方學校財團法人東方設計大學,碩士班(日間),女,15,0,0,0,0,0,0,0,0,0,0,0,0,0,0,0,0,0,0,0
112,私立,技專校院,1081,東方學校財團法人東方設計大學,碩士在職專班,女,3,0,0,0,0,0,0,0,0,0,0,0,0,0,0,0,0,0,0,0
112,私立,技專校院,1081,東方學校財團法人東方設計大學,學士班(進修),男,30,0,0,0,0,0,0,0,0,0,0,0,0,0,0,0,0,0,0,0
112,私立,技專校院,1081,東方學校財團法人東方設計大學,博士班,男,11,0,0,0,0,0,0,0,0,0,0,0,0,0,0,0,0,0,0,0
112,私立,技專校院,1081,東方學校財團法人東方設計大學,碩士班(日間),男,12,0,0,0,0,0,0,0,0,0,0,0,0,0,0,0,0,0,0,0
112,私立,技專校院,1082,崇右學校財團法人崇右影藝科技大學,碩士班(日間),女,17,3,3,1,0,0,0,0,0,0,0,0,1,0,1,0,0,0,0,0
112,私立,技專校院,1082,崇右學校財團法人崇右影藝科技大學,學士班(日間),男,502,21,20,0,2,4,0,6,0,0,7,1,0,0,0,0,0,1,1,0
112,私立,技專校院,1082,崇右學校財團法人崇右影藝科技大學,學士班(日間),女,610,38,34,3,6,3,2,16,0,1,0,2,0,0,1,0,0,4,4,0
112,私立,技專校院,1082,崇右學校財團法人崇右影藝科技大學,碩士班(日間),男,16,5,5,0,0,0,0,1,0,0,1,0,2,0,1,0,0,0,0,0
112,私立,技專校院,1083,台北海洋學校財團法人台北海洋科技大學,二專(進修),女,12,2,2,0,2,0,0,0,0,0,0,0,0,0,0,0,0,0,0,0
112,私立,技專校院,1083,台北海洋學校財團法人台北海洋科技大學,學士班(日間),女,883,82,57,12,11,12,0,16,0,0,0,0,0,3,1,0,2,25,0,25
112,私立,技專校院,1083,台北海洋學校財團法人台北海洋科技大學,五專,女,212,24,16,0,2,6,0,5,2,0,0,0,0,1,0,0,0,8,0,8
112,私立,技專校院,1083,台北海洋學校財團法人台北海洋科技大學,碩士班(日間),女,54,4,4,1,1,1,0,1,0,0,0,0,0,0,0,0,0,0,0,0
112,私立,技專校院,1083,台北海洋學校財團法人台北海洋科技大學,二專(進修),男,138,14,14,1,4,0,0,9,0,0,0,0,0,0,0,0,0,0,0,0
112,私立,技專校院,1083,台北海洋學校財團法人台北海洋科技大學,學士班(日間),男,1244,148,107,8,20,26,0,25,0,0,19,0,0,2,1,0,6,41,0,41
112,私立,技專校院,1083,台北海洋學校財團法人台北海洋科技大學,學士班(進修),男,341,18,18,0,2,1,0,12,0,0,2,0,0,0,0,0,1,0,0,0
112,私立,技專校院,1083,台北海洋學校財團法人台北海洋科技大學,五專,男,346,65,46,2,7,14,0,14,0,0,5,2,0,2,0,0,0,19,0,19
112,私立,技專校院,1083,台北海洋學校財團法人台北海洋科技大學,學士班(進修),女,463,31,31,11,1,3,0,13,1,0,0,0,0,1,0,0,1,0,0,0
112,私立,技專校院,1083,台北海洋學校財團法人台北海洋科技大學,二專(日間),男,10,3,2,1,0,0,0,0,0,0,0,0,0,0,0,0,1,1,0,1
112,私立,技專校院,1083,台北海洋學校財團法人台北海洋科技大學,碩士班(日間),男,72,21,14,0,2,0,0,11,0,0,0,0,0,0,0,0,1,7,0,7
112,私立,技專校院,1084,亞東學校財團法人亞東科技大學,學士班(進修),女,137,3,3,0,1,0,0,2,0,0,0,0,0,0,0,0,0,0,0,0
112,私立,技專校院,1084,亞東學校財團法人亞東科技大學,碩士班(日間),女,13,2,2,0,2,0,0,0,0,0,0,0,0,0,0,0,0,0,0,0
112,私立,技專校院,1084,亞東學校財團法人亞東科技大學,學士班(日間),女,1176,80,80,9,16,11,8,24,1,0,0,1,0,10,0,0,0,0,0,0
112,私立,技專校院,1084,亞東學校財團法人亞東科技大學,學士班(日間),男,2474,205,205,9,21,14,30,70,0,0,31,5,0,23,2,0,0,0,0,0
112,私立,技專校院,1084,亞東學校財團法人亞東科技大學,學士班(進修),男,11,1,1,0,1,0,0,0,0,0,0,0,0,0,0,0,0,0,0,0
112,私立,技專校院,1084,亞東學校財團法人亞東科技大學,碩士班(日間),男,45,5,5,0,1,0,0,3,0,0,1,0,0,0,0,0,0,0,0,0
112,私立,一般大學,1125,中信學校財團法人中信金融管理學院,學士班(日間),女,353,3,2,1,0,1,0,0,0,0,0,0,0,0,0,0,0,1,0,1
112,私立,一般大學,1125,中信學校財團法人中信金融管理學院,學士班(日間),男,446,7,5,0,0,0,0,0,0,0,5,0,0,0,0,0,0,2,0,2
112,私立,一般大學,1125,中信學校財團法人中信金融管理學院,碩士在職專班,男,24,2,2,1,0,0,0,1,0,0,0,0,0,0,0,0,0,0,0,0
112,私立,一般大學,1125,中信學校財團法人中信金融管理學院,碩士班(日間),女,64,0,0,0,0,0,0,0,0,0,0,0,0,0,0,0,0,0,0,0
112,私立,一般大學,1125,中信學校財團法人中信金融管理學院,碩士在職專班,女,20,0,0,0,0,0,0,0,0,0,0,0,0,0,0,0,0,0,0,0
112,私立,一般大學,1125,中信學校財團法人中信金融管理學院,碩士班(日間),男,50,1,1,0,0,0,0,0,0,0,1,0,0,0,0,0,0,0,0,0
112,私立,技專校院,1148,大漢技術學院,二專(進修),女,32,5,5,0,0,0,0,4,1,0,0,0,0,0,0,0,0,0,0,0
112,私立,技專校院,1148,大漢技術學院,學士班(日間),女,40,4,4,1,0,1,0,1,0,0,0,0,0,0,1,0,0,0,0,0
112,私立,技專校院,1148,大漢技術學院,碩士班(日間),女,29,7,7,0,1,0,0,3,0,0,0,0,2,0,1,0,0,0,0,0
112,私立,技專校院,1148,大漢技術學院,二專(進修),男,19,10,10,0,0,0,0,9,0,0,0,0,0,1,0,0,0,0,0,0
112,私立,技專校院,1148,大漢技術學院,學士班(日間),男,57,8,8,1,0,2,2,1,0,0,2,0,0,0,0,0,0,0,0,0
112,私立,技專校院,1148,大漢技術學院,學士班(進修),男,223,48,48,1,1,2,0,34,0,0,7,2,0,0,1,0,0,0,0,0
112,私立,技專校院,1148,大漢技術學院,學士班(進修),女,157,25,25,2,0,3,0,17,1,1,0,0,0,0,1,0,0,0,0,0
112,私立,技專校院,1148,大漢技術學院,碩士班(日間),男,44,19,19,0,0,0,0,11,0,0,0,0,6,0,2,0,0,0,0,0
112,私立,技專校院,1168,南亞科技學校財團法人南亞技術學院,二專(進修),女,0,1,1,0,0,0,0,0,0,1,0,0,0,0,0,0,0,0,0,0
112,私立,技專校院,1168,南亞科技學校財團法人南亞技術學院,五專,女,31,7,7,1,1,3,0,1,0,1,0,0,0,0,0,0,0,0,0,0
112,私立,技專校院,1168,南亞科技學校財團法人南亞技術學院,二專(進修),男,0,1,1,0,0,0,0,1,0,0,0,0,0,0,0,0,0,0,0,0
112,私立,技專校院,1168,南亞科技學校財團法人南亞技術學院,學士班(日間),男,592,69,69,2,14,22,0,18,0,0,9,0,0,3,1,0,0,0,0,0
112,私立,技專校院,1168,南亞科技學校財團法人南亞技術學院,學士班(進修),男,317,45,45,4,4,2,0,32,0,2,1,0,0,0,0,0,0,0,0,0
112,私立,技專校院,1168,南亞科技學校財團法人南亞技術學院,五專,男,46,18,18,0,0,13,0,1,0,0,3,1,0,0,0,0,0,0,0,0
112,私立,技專校院,1168,南亞科技學校財團法人南亞技術學院,學士班(日間),女,261,43,43,1,16,10,0,9,0,5,0,0,0,1,0,0,1,0,0,0
112,私立,技專校院,1168,南亞科技學校財團法人南亞技術學院,學士班(進修),女,751,47,47,4,7,1,0,14,6,5,0,2,0,2,5,1,0,0,0,0
112,私立,技專校院,1168,南亞科技學校財團法人南亞技術學院,碩士班(日間),男,1,1,1,1,0,0,0,0,0,0,0,0,0,0,0,0,0,0,0,0
112,私立,技專校院,1183,黎明技術學院,學士班(日間),女,1529,174,174,3,26,35,7,44,1,1,0,12,0,21,4,0,20,0,0,0
112,私立,技專校院,1183,黎明技術學院,學士班(進修),女,445,52,31,2,3,5,0,15,2,0,0,1,0,1,2,0,0,21,0,21
112,私立,技專校院,1183,黎明技術學院,五專,女,59,0,0,0,0,0,0,0,0,0,0,0,0,0,0,0,0,0,0,0
112,私立,技專校院,1183,黎明技術學院,碩士班(日間),男,5,0,0,0,0,0,0,0,0,0,0,0,0,0,0,0,0,0,0,0
112,私立,技專校院,1183,黎明技術學院,碩士班(日間),女,9,1,1,0,0,0,0,0,0,0,0,0,0,1,0,0,0,0,0,0
112,私立,技專校院,1183,黎明技術學院,學士班(日間),男,1570,158,158,7,27,23,7,43,0,0,28,4,0,12,3,0,4,0,0,0
112,私立,技專校院,1183,黎明技術學院,學士班(進修),男,874,69,39,1,5,2,0,15,0,0,10,1,0,2,2,1,0,30,0,30
112,私立,技專校院,1183,黎明技術學院,五專,男,251,15,15,0,1,2,1,3,0,0,5,0,0,1,0,2,0,0,0,0
112,私立,技專校院,1185,德育學校財團法人德育護理健康學院,二專(進修),女,136,14,14,3,0,0,0,4,1,1,0,0,0,1,4,0,0,0,0,0
112,私立,技專校院,1185,德育學校財團法人德育護理健康學院,學士班(日間),女,942,70,69,3,8,10,4,15,3,1,0,2,0,11,4,1,7,1,0,1
112,私立,技專校院,1185,德育學校財團法人德育護理健康學院,學士班(進修),女,639,44,44,8,2,0,0,23,0,4,0,2,0,1,2,1,1,0,0,0
112,私立,技專校院,1185,德育學校財團法人德育護理健康學院,五專,女,723,73,72,4,2,13,5,15,3,4,1,1,0,13,3,1,7,1,0,1
112,私立,技專校院,1185,德育學校財團法人德育護理健康學院,碩士在職專班,女,40,3,3,1,0,0,0,1,0,0,0,1,0,0,0,0,0,0,0,0
112,私立,技專校院,1185,德育學校財團法人德育護理健康學院,學士班(進修),男,99,11,11,0,0,1,0,7,0,0,2,0,0,0,1,0,0,0,0,0
112,私立,技專校院,1185,德育學校財團法人德育護理健康學院,碩士班(日間),男,6,0,0,0,0,0,0,0,0,0,0,0,0,0,0,0,0,0,0,0
112,私立,技專校院,1185,德育學校財團法人德育護理健康學院,碩士在職專班,男,14,1,1,0,0,0,0,1,0,0,0,0,0,0,0,0,0,0,0,0
112,私立,技專校院,1185,德育學校財團法人德育護理健康學院,碩士班(日間),女,39,16,16,1,0,0,0,3,0,0,0,2,7,0,3,0,0,0,0,0
112,私立,技專校院,1185,德育學校財團法人德育護理健康學院,二專(進修),男,28,3,3,0,0,0,0,3,0,0,0,0,0,0,0,0,0,0,0,0
112,私立,技專校院,1185,德育學校財團法人德育護理健康學院,學士班(日間),男,550,54,52,4,4,5,0,13,0,0,8,0,0,1,3,3,11,2,0,2
112,私立,技專校院,1185,德育學校財團法人德育護理健康學院,五專,男,238,45,44,1,1,9,4,10,0,0,3,0,0,5,0,0,11,1,0,1
112,私立,技專校院,1188,大同技術學院,學士班(進修),女,46,0,0,0,0,0,0,0,0,0,0,0,0,0,0,0,0,0,0,0
112,私立,技專校院,1188,大同技術學院,學士班(進修),男,13,0,0,0,0,0,0,0,0,0,0,0,0,0,0,0,0,0,0,0
112,私立,技專校院,1188,大同技術學院,學士班(日間),女,41,0,0,0,0,0,0,0,0,0,0,0,0,0,0,0,0,0,0,0
112,私立,技專校院,1188,大同技術學院,五專,女,8,0,0,0,0,0,0,0,0,0,0,0,0,0,0,0,0,0,0,0
112,私立,技專校院,1188,大同技術學院,二專(進修),男,1,0,0,0,0,0,0,0,0,0,0,0,0,0,0,0,0,0,0,0
112,私立,技專校院,1188,大同技術學院,學士班(日間),男,30,0,0,0,0,0,0,0,0,0,0,0,0,0,0,0,0,0,0,0
112,私立,技專校院,1188,大同技術學院,五專,男,6,0,0,0,0,0,0,0,0,0,0,0,0,0,0,0,0,0,0,0
112,私立,一般大學,1195,馬偕學校財團法人馬偕醫學院,學士班(進修),女,45,3,3,0,0,0,0,3,0,0,0,0,0,0,0,0,0,0,0,0
112,私立,一般大學,1195,馬偕學校財團法人馬偕醫學院,博士班,女,2,0,0,0,0,0,0,0,0,0,0,0,0,0,0,0,0,0,0,0
112,私立,一般大學,1195,馬偕學校財團法人馬偕醫學院,碩士班(日間),女,43,19,19,4,0,2,0,8,0,0,0,0,2,0,2,0,1,0,0,0
112,私立,一般大學,1195,馬偕學校財團法人馬偕醫學院,碩士在職專班,女,26,8,8,2,0,1,0,4,0,0,0,0,1,0,0,0,0,0,0,0
112,私立,一般大學,1195,馬偕學校財團法人馬偕醫學院,學士班(進修),男,3,0,0,0,0,0,0,0,0,0,0,0,0,0,0,0,0,0,0,0
112,私立,一般大學,1195,馬偕學校財團法人馬偕醫學院,博士班,男,10,1,1,0,0,0,0,1,0,0,0,0,0,0,0,0,0,0,0,0
112,私立,一般大學,1195,馬偕學校財團法人馬偕醫學院,碩士班(日間),男,18,6,6,0,0,1,0,4,0,0,0,0,1,0,0,0,0,0,0,0
112,私立,一般大學,1195,馬偕學校財團法人馬偕醫學院,碩士在職專班,男,7,4,4,0,0,0,0,3,0,0,0,0,1,0,0,0,0,0,0,0
112,私立,一般大學,1195,馬偕學校財團法人馬偕醫學院,學士班(日間),女,467,26,26,2,0,19,0,0,0,0,0,2,0,0,3,0,0,0,0,0
112,私立,一般大學,1195,馬偕學校財團法人馬偕醫學院,學士班(日間),男,282,19,19,3,1,13,1,0,0,0,1,0,0,0,0,0,0,0,0,0
112,私立,一般大學,1196,法鼓學校財團法人法鼓文理學院,學士班(日間),女,26,5,5,1,0,0,0,3,0,0,0,0,0,0,1,0,0,0,0,0
112,私立,一般大學,1196,法鼓學校財團法人法鼓文理學院,博士班,女,14,2,2,0,0,0,0,0,0,0,0,0,2,0,0,0,0,0,0,0
112,私立,一般大學,1196,法鼓學校財團法人法鼓文理學院,學士班(日間),男,25,2,2,0,1,0,0,1,0,0,0,0,0,0,0,0,0,0,0,0
112,私立,一般大學,1196,法鼓學校財團法人法鼓文理學院,碩士在職專班,男,4,0,0,0,0,0,0,0,0,0,0,0,0,0,0,0,0,0,0,0
112,私立,一般大學,1196,法鼓學校財團法人法鼓文理學院,學士班(進修),女,16,1,1,0,0,0,0,1,0,0,0,0,0,0,0,0,0,0,0,0
112,私立,一般大學,1196,法鼓學校財團法人法鼓文理學院,碩士班(日間),女,188,52,52,2,1,0,0,15,0,0,0,2,27,0,2,0,3,0,0,0
112,私立,一般大學,1196,法鼓學校財團法人法鼓文理學院,碩士在職專班,女,16,1,1,0,0,0,0,1,0,0,0,0,0,0,0,0,0,0,0,0
112,私立,一般大學,1196,法鼓學校財團法人法鼓文理學院,學士班(進修),男,3,1,1,0,1,0,0,0,0,0,0,0,0,0,0,0,0,0,0,0
112,私立,一般大學,1196,法鼓學校財團法人法鼓文理學院,博士班,男,12,1,1,0,0,0,0,1,0,0,0,0,0,0,0,0,0,0,0,0
112,私立,一般大學,1196,法鼓學校財團法人法鼓文理學院,碩士班(日間),男,59,37,37,0,1,0,0,16,0,0,0,3,16,0,1,0,0,0,0,0
112,私立,技專校院,1282,馬偕學校財團法人馬偕醫護管理專科學校,二專(進修),女,78,3,3,0,0,2,0,1,0,0,0,0,0,0,0,0,0,0,0,0
112,私立,技專校院,1282,馬偕學校財團法人馬偕醫護管理專科學校,五專,女,3374,135,135,8,4,58,29,9,1,0,0,5,0,17,2,2,0,0,0,0
112,私立,技專校院,1282,馬偕學校財團法人馬偕醫護管理專科學校,二專(進修),男,70,10,10,1,1,2,2,2,0,0,0,0,0,1,1,0,0,0,0,0
112,私立,技專校院,1282,馬偕學校財團法人馬偕醫護管理專科學校,五專,男,558,22,22,1,0,8,7,4,0,0,0,1,0,1,0,0,0,0,0,0
112,私立,技專校院,1283,仁德醫護管理專科學校,二專(進修),女,192,4,4,1,0,0,0,1,1,0,0,1,0,0,0,0,0,0,0,0
112,私立,技專校院,1283,仁德醫護管理專科學校,五專,女,4237,123,123,16,10,62,20,14,1,0,0,0,0,0,0,0,0,0,0,0
112,私立,技專校院,1283,仁德醫護管理專科學校,二專(進修),男,185,1,1,1,0,0,0,0,0,0,0,0,0,0,0,0,0,0,0,0
112,私立,技專校院,1283,仁德醫護管理專科學校,五專,男,1228,52,52,5,1,25,12,6,0,1,1,1,0,0,0,0,0,0,0,0
112,私立,技專校院,1284,樹人醫護管理專科學校,二專(進修),女,270,53,53,4,0,9,0,23,2,1,0,0,0,0,2,0,12,0,0,0
112,私立,技專校院,1284,樹人醫護管理專科學校,五專,男,1349,91,91,5,0,47,14,12,0,0,1,0,0,6,0,0,6,0,0,0
112,私立,技專校院,1284,樹人醫護管理專科學校,五專,女,5364,211,211,27,0,124,6,19,0,1,0,4,0,17,0,0,13,0,0,0
112,私立,技專校院,1284,樹人醫護管理專科學校,二專(進修),男,258,46,46,5,1,7,0,25,0,1,0,0,0,0,0,0,7,0,0,0
112,私立,技專校院,1285,慈惠醫護管理專科學校,二專(日間),女,52,19,19,1,2,1,10,1,1,0,0,0,0,0,3,0,0,0,0,0
112,私立,技專校院,1285,慈惠醫護管理專科學校,二專(進修),女,87,24,24,5,8,0,1,0,2,0,0,0,0,0,3,0,5,0,0,0
112,私立,技專校院,1285,慈惠醫護管理專科學校,五專,女,1527,292,292,47,43,76,48,33,8,3,4,0,0,1,29,0,0,0,0,0
112,私立,技專校院,1285,慈惠醫護管理專科學校,二專(進修),男,70,18,18,1,13,0,0,0,0,0,0,0,0,0,0,0,4,0,0,0
112,私立,技專校院,1285,慈惠醫護管理專科學校,二專(日間),男,8,7,7,0,0,1,1,2,0,0,1,0,0,0,2,0,0,0,0,0
112,私立,技專校院,1285,慈惠醫護管理專科學校,五專,男,411,104,104,11,7,38,19,13,0,0,4,0,0,0,12,0,0,0,0,0
112,私立,技專校院,1286,耕莘健康管理專科學校,二專(進修),男,5,0,0,0,0,0,0,0,0,0,0,0,0,0,0,0,0,0,0,0
112,私立,技專校院,1286,耕莘健康管理專科學校,二專(進修),女,99,6,6,4,0,1,0,0,0,0,0,0,0,0,1,0,0,0,0,0
112,私立,技專校院,1286,耕莘健康管理專科學校,五專,女,3536,117,109,14,3,66,3,7,2,1,0,3,0,2,2,2,4,8,0,8
112,私立,技專校院,1286,耕莘健康管理專科學校,五專,男,404,21,21,0,0,16,0,2,0,0,0,1,0,1,0,0,1,0,0,0
112,私立,技專校院,1287,敏惠醫護管理專科學校,二專(進修),女,63,3,3,2,0,0,0,0,0,0,0,0,0,0,0,0,1,0,0,0
112,私立,技專校院,1287,敏惠醫護管理專科學校,五專,女,3005,120,120,21,10,46,12,14,2,1,0,0,0,5,1,0,8,0,0,0
112,私立,技專校院,1287,敏惠醫護管理專科學校,二專(進修),男,24,2,2,0,0,0,0,1,0,0,1,0,0,0,0,0,0,0,0,0
112,私立,技專校院,1287,敏惠醫護管理專科學校,五專,男,481,24,24,3,2,5,4,8,0,0,2,0,0,0,0,0,0,0,0,0
112,私立,技專校院,1289,育英醫護管理專科學校,五專,女,1633,106,103,10,7,40,13,13,2,1,0,3,0,10,4,0,0,3,3,0
112,私立,技專校院,1289,育英醫護管理專科學校,五專,男,200,15,15,0,0,6,5,3,0,0,0,1,0,0,0,0,0,0,0,0
112,私立,技專校院,1291,聖母醫護管理專科學校,二專(日間),女,0,1,1,0,0,0,0,1,0,0,0,0,0,0,0,0,0,0,0,0
112,私立,技專校院,1291,聖母醫護管理專科學校,五專,女,1240,66,66,7,7,17,6,11,1,2,0,0,0,9,0,4,2,0,0,0
112,私立,技專校院,1291,聖母醫護管理專科學校,二專(進修),男,33,6,6,2,0,1,0,2,0,1,0,0,0,0,0,0,0,0,0,0
112,私立,技專校院,1291,聖母醫護管理專科學校,二專(進修),女,19,1,1,0,0,0,0,0,0,0,0,0,0,0,1,0,0,0,0,0
112,私立,技專校院,1291,聖母醫護管理專科學校,二專(日間),男,2,1,1,0,1,0,0,0,0,0,0,0,0,0,0,0,0,0,0,0
112,私立,技專校院,1291,聖母醫護管理專科學校,五專,男,226,22,22,1,1,6,5,5,0,0,2,0,0,2,0,0,0,0,0,0
112,私立,技專校院,1292,新生醫護管理專科學校,五專,女,5216,309,246,28,22,100,26,16,1,2,0,3,0,39,9,0,0,63,0,63
112,私立,技專校院,1292,新生醫護管理專科學校,二專(進修),女,67,8,6,1,0,0,1,4,0,0,0,0,0,0,0,0,0,2,0,2
112,私立,技專校院,1292,新生醫護管理專科學校,二專(進修),男,12,4,4,0,0,1,0,3,0,0,0,0,0,0,0,0,0,0,0,0
112,私立,技專校院,1292,新生醫護管理專科學校,五專,男,762,61,51,2,3,14,16,9,0,0,0,0,0,6,1,0,0,10,0,10
112,私立,技專校院,1293,崇仁醫護管理專科學校,五專,女,2557,58,58,17,3,15,2,2,2,0,0,4,0,9,1,0,3,0,0,0
112,私立,技專校院,1293,崇仁醫護管理專科學校,五專,男,460,7,7,2,0,2,0,1,0,0,1,0,0,1,0,0,0,0,0,0
112,私立,宗教研修學院,1R02,學校財團法人中華浸信會基督教台灣浸會神學院,碩士班(日間),女,20,2,2,1,0,0,0,0,0,1,0,0,0,0,0,0,0,0,0,0
112,私立,宗教研修學院,1R02,學校財團法人中華浸信會基督教台灣浸會神學院,碩士班(日間),男,25,0,0,0,0,0,0,0,0,0,0,0,0,0,0,0,0,0,0,0
112,私立,宗教研修學院,1R03,臺北基督學院,學士班(日間),女,23,13,13,0,0,6,2,3,0,0,0,1,0,1,0,0,0,0,0,0
112,私立,宗教研修學院,1R03,臺北基督學院,學士班(日間),男,23,13,13,1,0,4,1,1,0,0,0,1,0,4,1,0,0,0,0,0
112,私立,宗教研修學院,1R04,財團法人一貫道天皇基金會一貫道天皇學院,學士班(日間),女,11,0,0,0,0,0,0,0,0,0,0,0,0,0,0,0,0,0,0,0
112,私立,宗教研修學院,1R04,財團法人一貫道天皇基金會一貫道天皇學院,學士班(日間),男,7,0,0,0,0,0,0,0,0,0,0,0,0,0,0,0,0,0,0,0
112,私立,宗教研修學院,1R04,財團法人一貫道天皇基金會一貫道天皇學院,碩士在職專班,男,18,0,0,0,0,0,0,0,0,0,0,0,0,0,0,0,0,0,0,0
112,私立,宗教研修學院,1R04,財團法人一貫道天皇基金會一貫道天皇學院,碩士班(日間),女,8,0,0,0,0,0,0,0,0,0,0,0,0,0,0,0,0,0,0,0
112,私立,宗教研修學院,1R04,財團法人一貫道天皇基金會一貫道天皇學院,碩士在職專班,女,26,2,2,0,0,0,0,0,0,0,0,0,2,0,0,0,0,0,0,0
112,私立,宗教研修學院,1R04,財團法人一貫道天皇基金會一貫道天皇學院,碩士班(日間),男,7,0,0,0,0,0,0,0,0,0,0,0,0,0,0,0,0,0,0,0
112,私立,宗教研修學院,1R05,台神學校財團法人台灣神學研究學院,碩士班(日間),男,35,4,4,1,1,0,0,1,0,0,0,0,0,0,1,0,0,0,0,0
112,私立,宗教研修學院,1R05,台神學校財團法人台灣神學研究學院,碩士在職專班,男,2,0,0,0,0,0,0,0,0,0,0,0,0,0,0,0,0,0,0,0
112,私立,宗教研修學院,1R05,台神學校財團法人台灣神學研究學院,碩士班(日間),女,71,11,11,1,0,0,0,2,0,3,0,0,3,0,1,0,1,0,0,0
112,私立,宗教研修學院,1R05,台神學校財團法人台灣神學研究學院,碩士在職專班,女,6,1,1,0,0,0,0,0,0,0,0,0,0,0,1,0,0,0,0,0
112,私立,宗教研修學院,1R06,一貫道崇德學院,碩士班(日間),女,37,20,20,0,0,0,0,2,0,0,0,0,18,0,0,0,0,0,0,0
112,私立,宗教研修學院,1R06,一貫道崇德學院,碩士班(日間),男,17,16,16,0,0,0,0,3,0,0,1,1,10,0,1,0,0,0,0,0
112,私立,宗教研修學院,1R07,台灣基督長老教會南神神學院,碩士班(日間),女,34,11,11,0,0,0,0,7,0,1,0,0,2,0,1,0,0,0,0,0
112,私立,宗教研修學院,1R07,台灣基督長老教會南神神學院,碩士班(日間),男,25,8,8,0,0,0,0,4,0,0,0,0,3,0,1,0,0,0,0,0
112,私立,宗教研修學院,1R08,中華福音神學研究學院,碩士班(日間),男,31,0,0,0,0,0,0,0,0,0,0,0,0,0,0,0,0,0,0,0
112,私立,宗教研修學院,1R08,中華福音神學研究學院,碩士班(日間),女,25,1,1,0,0,0,0,0,0,1,0,0,0,0,0,0,0,0,0,0
112,私立,宗教研修學院,1R09,唯心聖教學院,碩士班(日間),男,31,0,0,0,0,0,0,0,0,0,0,0,0,0,0,0,0,0,0,0
112,私立,宗教研修學院,1R09,唯心聖教學院,碩士班(日間),女,29,0,0,0,0,0,0,0,0,0,0,0,0,0,0,0,0,0,0,0
112,公立,一般大學,3002,臺北市立大學,碩士班(日間),女,917,218,218,10,7,3,0,94,6,11,0,8,53,2,11,12,1,0,0,0
112,公立,一般大學,3002,臺北市立大學,碩士在職專班,女,907,153,153,5,2,2,0,54,7,20,0,4,42,0,17,0,0,0,0,0
112,公立,一般大學,3002,臺北市立大學,博士班,男,94,23,23,3,0,0,0,10,0,4,0,0,4,0,2,0,0,0,0,0
112,公立,一般大學,3002,臺北市立大學,碩士班(日間),男,413,87,87,3,4,3,0,36,0,3,6,12,13,0,5,1,1,0,0,0
112,公立,一般大學,3002,臺北市立大學,碩士在職專班,男,341,57,57,0,0,1,0,28,0,8,0,1,13,1,5,0,0,0,0,0
112,公立,一般大學,3002,臺北市立大學,學士班(日間),女,2988,135,135,16,9,31,4,16,2,1,0,30,0,5,11,8,2,0,0,0
112,公立,一般大學,3002,臺北市立大學,博士班,女,114,29,29,1,0,0,0,13,0,3,0,0,10,0,2,0,0,0,0,0
112,公立,一般大學,3002,臺北市立大學,學士班(日間),男,2287,132,130,5,14,28,15,27,0,0,6,12,0,3,6,6,8,2,0,2
113,公立,一般大學,0001,國立政治大學,博士班,女,415,111,89,4,0,0,0,24,1,24,0,1,17,0,13,0,5,22,0,22
113,公立,一般大學,0001,國立政治大學,碩士班(日間),女,2433,447,339,17,3,0,0,119,5,34,0,17,76,0,21,0,47,108,0,108
113,公立,一般大學,0001,國立政治大學,碩士在職專班,女,962,284,210,6,0,1,0,116,4,41,0,4,22,0,12,0,4,74,0,74
113,公立,一般大學,0001,國立政治大學,學士班(日間),男,3991,220,158,13,3,34,3,5,0,0,9,18,0,0,8,0,65,62,0,62
113,公立,一般大學,0001,國立政治大學,學士班(日間),女,5810,201,155,29,1,31,2,1,0,0,0,35,0,0,9,0,47,46,0,46
113,公立,一般大學,0001,國立政治大學,博士班,男,482,161,121,11,3,0,0,35,0,18,0,4,27,0,14,0,9,40,0,40
113,公立,一般大學,0001,國立政治大學,碩士班(日間),男,1904,354,263,19,1,3,2,65,0,13,19,6,75,1,21,0,38,91,0,91
113,公立,一般大學,0001,國立政治大學,碩士在職專班,男,902,297,216,4,0,0,0,122,0,40,1,1,25,0,10,0,13,81,0,81
113,公立,一般大學,0002,國立清華大學,碩士班(日間),女,2373,271,271,21,5,9,12,58,4,21,0,12,100,5,9,8,7,0,0,0
113,公立,一般大學,0002,國立清華大學,碩士在職專班,女,898,165,165,12,0,1,2,44,6,51,0,1,41,0,4,3,0,0,0,0
113,公立,一般大學,0002,國立清華大學,學士班(日間),男,5059,128,128,16,1,40,31,6,0,1,6,7,0,10,2,3,5,0,0,0
113,公立,一般大學,0002,國立清華大學,碩士在職專班,男,517,65,65,0,0,0,1,34,0,13,0,0,17,0,0,0,0,0,0,0
113,公立,一般大學,0002,國立清華大學,學士班(日間),女,4248,104,104,20,1,24,14,4,0,1,0,22,0,8,3,5,2,0,0,0
113,公立,一般大學,0002,國立清華大學,博士班,女,503,97,97,6,2,0,7,16,6,9,0,4,20,1,9,1,16,0,0,0
113,公立,一般大學,0002,國立清華大學,博士班,男,1158,151,151,14,2,2,15,41,0,17,2,7,29,0,9,1,12,0,0,0
113,公立,一般大學,0002,國立清華大學,碩士班(日間),男,3513,207,207,14,2,11,10,47,0,4,11,10,73,6,9,2,8,0,0,0
113,公立,一般大學,0003,國立臺灣大學,學士班(日間),女,7744,316,315,38,2,105,5,6,1,1,0,75,0,7,5,2,68,1,0,1
113,公立,一般大學,0003,國立臺灣大學,博士班,女,1285,307,307,37,4,1,0,49,4,17,0,14,114,1,21,1,44,0,0,0
113,公立,一般大學,0003,國立臺灣大學,碩士班(日間),女,4754,621,621,60,13,9,2,84,3,24,0,43,188,3,26,3,163,0,0,0
113,公立,一般大學,0003,國立臺灣大學,博士班,男,2494,544,544,28,12,4,3,98,0,32,4,13,231,2,48,3,66,0,0,0
113,公立,一般大學,0003,國立臺灣大學,碩士班(日間),男,6893,795,795,51,14,16,4,103,0,10,20,47,234,10,25,13,248,0,0,0
113,公立,一般大學,0003,國立臺灣大學,碩士在職專班,男,970,246,246,11,1,0,0,133,0,16,0,2,57,0,12,0,14,0,0,0
113,公立,一般大學,0003,國立臺灣大學,碩士在職專班,女,659,160,160,12,0,0,0,68,4,16,0,4,31,0,11,0,14,0,0,0
113,公立,一般大學,0003,國立臺灣大學,學士班(日間),男,9688,438,428,32,3,165,17,14,0,0,6,86,0,13,4,1,87,10,0,10
113,公立,一般大學,0004,國立臺灣師範大學,博士班,女,695,176,176,9,0,1,0,45,8,28,0,7,44,1,31,0,2,0,0,0
113,公立,一般大學,0004,國立臺灣師範大學,碩士班(日間),女,2539,528,528,8,7,30,1,199,9,32,0,40,129,12,30,29,2,0,0,0
113,公立,一般大學,0004,國立臺灣師範大學,碩士在職專班,女,1617,295,295,9,4,3,0,95,14,52,0,8,73,3,34,0,0,0,0,0
113,公立,一般大學,0004,國立臺灣師範大學,碩士班(日間),男,1868,314,314,4,7,27,0,109,0,11,6,15,76,12,30,14,3,0,0,0
113,公立,一般大學,0004,國立臺灣師範大學,碩士在職專班,男,716,128,128,2,4,3,0,48,0,14,0,1,42,1,13,0,0,0,0,0
113,公立,一般大學,0004,國立臺灣師範大學,學士班(日間),女,4688,168,168,8,0,67,6,15,3,2,0,36,0,16,8,6,1,0,0,0
113,公立,一般大學,0004,國立臺灣師範大學,學士班(日間),男,3899,167,163,5,2,77,5,17,0,1,3,29,0,9,13,2,0,4,0,4
113,公立,一般大學,0004,國立臺灣師範大學,博士班,男,602,137,137,4,2,1,1,53,0,22,2,4,32,1,13,0,2,0,0,0
113,公立,一般大學,0005,國立成功大學,學士班(日間),女,4775,192,191,17,0,129,10,0,0,0,0,17,0,10,3,2,3,1,0,1
113,公立,一般大學,0005,國立成功大學,博士班,女,653,126,126,5,4,23,8,25,2,15,0,2,22,1,8,2,9,0,0,0
113,公立,一般大學,0005,國立成功大學,碩士班(日間),女,2716,241,239,16,8,84,7,33,4,13,0,11,31,8,7,8,9,2,0,2
113,公立,一般大學,0005,國立成功大學,碩士班(日間),男,4909,259,253,18,9,89,12,30,0,3,11,9,42,6,15,3,6,6,0,6
113,公立,一般大學,0005,國立成功大學,碩士在職專班,男,915,184,181,3,2,14,2,82,0,25,0,2,31,0,15,3,2,3,0,3
113,公立,一般大學,0005,國立成功大學,碩士在職專班,女,688,109,106,3,2,20,1,37,5,19,0,0,9,1,7,1,1,3,0,3
113,公立,一般大學,0005,國立成功大學,學士班(日間),男,7449,353,347,18,2,210,35,6,0,0,8,18,0,15,8,12,15,6,0,6
113,公立,一般大學,0005,國立成功大學,博士班,男,1276,228,228,13,6,36,16,48,0,29,6,3,40,2,13,2,14,0,0,0
113,公立,一般大學,0006,國立中興大學,學士班(進修),女,467,40,40,8,2,2,0,15,0,2,0,3,0,3,5,0,0,0,0,0
113,公立,一般大學,0006,國立中興大學,博士班,女,370,69,69,4,0,0,0,19,3,14,0,2,19,0,7,1,0,0,0,0
113,公立,一般大學,0006,國立中興大學,碩士班(日間),女,1621,187,187,18,10,22,1,50,1,5,0,12,42,2,13,11,0,0,0,0
113,公立,一般大學,0006,國立中興大學,碩士在職專班,女,643,137,137,8,3,2,0,47,3,25,0,2,33,1,11,2,0,0,0,0
113,公立,一般大學,0006,國立中興大學,學士班(進修),男,342,44,44,5,1,3,1,19,0,1,0,1,0,0,9,4,0,0,0,0
113,公立,一般大學,0006,國立中興大學,博士班,男,688,106,106,2,2,3,0,40,0,6,2,3,40,0,8,0,0,0,0,0
113,公立,一般大學,0006,國立中興大學,碩士班(日間),男,2348,202,202,12,12,29,0,55,0,5,1,6,28,7,25,22,0,0,0,0
113,公立,一般大學,0006,國立中興大學,碩士在職專班,男,1134,258,258,4,5,3,0,121,0,23,0,2,63,2,33,2,0,0,0,0
113,公立,一般大學,0006,國立中興大學,學士班(日間),女,3600,134,134,19,1,78,4,3,0,1,0,16,0,7,5,0,0,0,0,0
113,公立,一般大學,0006,國立中興大學,學士班(日間),男,4632,207,207,16,5,144,16,6,0,0,1,6,0,3,8,2,0,0,0,0
113,公立,一般大學,0007,國立陽明交通大學,碩士班(日間),女,3245,265,265,24,9,31,7,49,2,16,0,34,70,12,4,7,0,0,0,0
113,公立,一般大學,0007,國立陽明交通大學,碩士在職專班,女,748,102,102,9,1,0,0,31,3,18,0,0,28,1,10,1,0,0,0,0
113,公立,一般大學,0007,國立陽明交通大學,學士班(日間),男,5600,181,181,10,2,77,24,8,0,1,3,24,0,10,3,19,0,0,0,0
113,公立,一般大學,0007,國立陽明交通大學,博士班,男,1781,303,303,17,10,9,7,89,0,47,9,10,89,0,12,4,0,0,0,0
113,公立,一般大學,0007,國立陽明交通大學,學士班(日間),女,3171,117,117,14,3,42,9,3,0,3,0,24,0,3,3,13,0,0,0,0
113,公立,一般大學,0007,國立陽明交通大學,博士班,女,856,173,173,16,4,8,2,39,1,29,0,12,52,0,9,1,0,0,0,0
113,公立,一般大學,0007,國立陽明交通大學,碩士班(日間),男,5480,311,311,22,9,28,11,51,0,5,20,23,116,12,8,6,0,0,0,0
113,公立,一般大學,0007,國立陽明交通大學,碩士在職專班,男,1236,201,201,5,3,1,1,63,0,37,1,6,76,1,5,2,0,0,0,0
113,公立,一般大學,0008,國立中央大學,博士班,女,295,49,49,3,0,0,0,12,0,5,0,0,22,0,7,0,0,0,0,0
113,公立,一般大學,0008,國立中央大學,碩士班(日間),女,1355,130,130,7,2,7,1,33,1,1,0,9,39,3,13,14,0,0,0,0
113,公立,一般大學,0008,國立中央大學,碩士班(日間),男,2543,157,157,4,3,15,3,38,0,1,0,7,47,7,11,21,0,0,0,0
113,公立,一般大學,0008,國立中央大學,碩士在職專班,男,901,217,217,8,2,1,1,97,0,31,1,4,53,0,14,5,0,0,0,0
113,公立,一般大學,0008,國立中央大學,學士班(日間),女,2399,73,73,8,0,35,6,0,0,0,0,14,0,1,4,5,0,0,0,0
113,公立,一般大學,0008,國立中央大學,碩士在職專班,女,584,122,122,9,0,1,0,49,2,19,0,1,32,0,7,2,0,0,0,0
113,公立,一般大學,0008,國立中央大學,學士班(日間),男,3876,113,113,5,0,46,17,5,0,0,2,22,0,6,5,5,0,0,0,0
113,公立,一般大學,0008,國立中央大學,博士班,男,610,132,132,4,2,1,0,34,0,13,1,2,63,0,12,0,0,0,0,0
113,公立,一般大學,0009,國立中山大學,博士班,女,324,57,57,4,0,1,0,15,0,3,0,2,19,1,11,1,0,0,0,0
113,公立,一般大學,0009,國立中山大學,碩士在職專班,女,489,103,102,5,1,3,0,30,9,11,0,1,23,1,18,0,0,1,0,1
113,公立,一般大學,0009,國立中山大學,學士班(日間),男,3088,111,111,8,0,47,4,5,0,0,2,11,0,9,23,2,0,0,0,0
113,公立,一般大學,0009,國立中山大學,博士班,男,535,90,90,3,0,2,0,24,0,9,0,0,31,1,20,0,0,0,0,0
113,公立,一般大學,0009,國立中山大學,學士班(日間),女,2045,87,87,12,0,34,2,2,0,1,0,15,0,7,13,1,0,0,0,0
113,公立,一般大學,0009,國立中山大學,碩士班(日間),女,1493,162,161,14,6,17,0,39,0,14,0,8,33,2,24,4,0,1,0,1
113,公立,一般大學,0009,國立中山大學,碩士班(日間),男,2485,202,202,12,5,37,0,38,0,3,8,2,37,10,38,12,0,0,0,0
113,公立,一般大學,0009,國立中山大學,碩士在職專班,男,489,100,100,3,2,2,0,49,0,12,0,0,9,0,23,0,0,0,0,0
113,公立,一般大學,0012,國立臺灣海洋大學,學士班(日間),女,1953,66,66,3,2,25,8,1,0,0,0,6,0,3,12,6,0,0,0,0
113,公立,一般大學,0012,國立臺灣海洋大學,學士班(進修),女,148,9,8,0,0,1,0,3,0,0,0,0,0,0,4,0,0,1,0,1
113,公立,一般大學,0012,國立臺灣海洋大學,博士班,女,108,10,10,0,0,1,0,4,1,0,0,0,3,0,1,0,0,0,0,0
113,公立,一般大學,0012,國立臺灣海洋大學,博士班,男,233,52,52,1,1,0,0,18,0,0,3,0,7,0,22,0,0,0,0,0
113,公立,一般大學,0012,國立臺灣海洋大學,碩士班(日間),男,1034,142,142,7,8,16,3,31,0,2,11,3,13,5,35,8,0,0,0,0
113,公立,一般大學,0012,國立臺灣海洋大學,碩士在職專班,男,326,60,60,2,0,0,0,23,0,0,0,0,10,0,25,0,0,0,0,0
113,公立,一般大學,0012,國立臺灣海洋大學,碩士班(日間),女,565,64,64,1,4,6,0,18,0,0,0,4,10,3,16,2,0,0,0,0
113,公立,一般大學,0012,國立臺灣海洋大學,碩士在職專班,女,272,43,43,6,0,1,0,10,1,1,0,0,7,0,17,0,0,0,0,0
113,公立,一般大學,0012,國立臺灣海洋大學,學士班(日間),男,4108,157,156,11,3,44,32,6,0,0,5,9,0,4,34,8,0,1,0,1
113,公立,一般大學,0012,國立臺灣海洋大學,學士班(進修),男,355,42,42,1,0,4,3,13,0,1,4,1,0,1,13,1,0,0,0,0
113,公立,一般大學,0013,國立中正大學,博士班,女,212,42,42,4,1,0,0,8,0,8,0,4,8,0,4,1,4,0,0,0
113,公立,一般大學,0013,國立中正大學,碩士班(日間),女,1207,131,131,7,4,14,3,44,1,5,0,1,30,4,6,6,6,0,0,0
113,公立,一般大學,0013,國立中正大學,博士班,男,346,76,76,2,2,0,0,30,0,8,0,1,21,0,7,0,5,0,0,0
113,公立,一般大學,0013,國立中正大學,碩士班(日間),男,1701,152,152,4,5,19,3,38,0,1,1,2,40,4,13,9,13,0,0,0
113,公立,一般大學,0013,國立中正大學,碩士在職專班,男,621,124,124,6,0,0,1,60,0,11,0,1,33,0,11,1,0,0,0,0
113,公立,一般大學,0013,國立中正大學,學士班(日間),女,3067,82,81,11,2,39,5,2,0,1,0,12,0,3,3,2,1,1,0,1
113,公立,一般大學,0013,國立中正大學,碩士在職專班,女,847,181,181,9,0,2,2,60,3,26,0,3,42,2,20,3,9,0,0,0
113,公立,一般大學,0013,國立中正大學,學士班(日間),男,3552,143,143,9,4,82,26,5,0,0,1,8,0,5,0,1,2,0,0,0
113,公立,一般大學,0014,國立高雄師範大學,學士班(日間),女,1979,83,83,4,3,46,2,7,2,0,0,9,0,4,5,1,0,0,0,0
113,公立,一般大學,0014,國立高雄師範大學,博士班,女,222,46,46,3,0,1,0,9,0,6,0,0,21,0,6,0,0,0,0,0
113,公立,一般大學,0014,國立高雄師範大學,學士班(日間),男,1900,99,99,1,4,60,1,14,0,0,1,3,0,7,3,4,1,0,0,0
113,公立,一般大學,0014,國立高雄師範大學,碩士班(日間),男,580,116,116,1,2,5,0,44,0,3,3,3,47,0,6,1,1,0,0,0
113,公立,一般大學,0014,國立高雄師範大學,碩士在職專班,男,486,198,198,18,1,2,0,114,0,13,1,0,33,0,13,3,0,0,0,0
113,公立,一般大學,0014,國立高雄師範大學,碩士班(日間),女,1020,244,244,3,4,5,0,77,3,15,0,11,94,3,24,5,0,0,0,0
113,公立,一般大學,0014,國立高雄師範大學,碩士在職專班,女,855,354,354,15,6,4,0,179,11,38,0,4,59,0,36,2,0,0,0,0
113,公立,一般大學,0014,國立高雄師範大學,博士班,男,220,53,53,0,0,1,0,13,0,4,0,0,28,0,6,1,0,0,0,0
113,公立,一般大學,0015,國立彰化師範大學,碩士班(日間),女,858,192,192,12,5,10,1,62,4,9,0,3,61,0,10,14,1,0,0,0
113,公立,一般大學,0015,國立彰化師範大學,碩士在職專班,女,792,225,169,6,0,0,0,58,8,41,0,1,36,0,17,2,0,56,0,56
113,公立,一般大學,0015,國立彰化師範大學,學士班(日間),男,2746,88,82,4,4,40,6,11,0,0,0,6,0,3,3,4,1,6,0,6
113,公立,一般大學,0015,國立彰化師範大學,學士班(日間),女,2345,75,74,10,1,36,1,3,2,0,0,8,0,8,2,1,2,1,0,1
113,公立,一般大學,0015,國立彰化師範大學,博士班,女,195,39,39,4,0,0,0,11,1,4,0,0,14,0,4,1,0,0,0,0
113,公立,一般大學,0015,國立彰化師範大學,博士班,男,267,48,48,1,0,0,0,23,0,1,0,0,19,0,2,2,0,0,0,0
113,公立,一般大學,0015,國立彰化師範大學,碩士班(日間),男,909,158,158,6,9,8,1,44,0,4,2,6,40,3,10,17,8,0,0,0
113,公立,一般大學,0015,國立彰化師範大學,碩士在職專班,男,512,99,75,5,1,0,0,43,0,6,0,2,11,0,4,1,2,24,0,24
113,公立,一般大學,0017,國立臺北大學,學士班(日間),女,3310,96,94,2,1,30,7,5,0,1,0,23,0,12,3,10,0,2,0,2
113,公立,一般大學,0017,國立臺北大學,學士班(日間),男,2758,81,77,3,3,27,14,3,0,0,0,14,0,6,3,4,0,4,0,4
113,公立,一般大學,0017,國立臺北大學,學士班(進修),男,756,183,182,3,7,13,1,99,0,3,2,5,1,3,9,7,29,1,0,1
113,公立,一般大學,0017,國立臺北大學,博士班,男,138,29,29,1,0,0,1,12,0,4,0,1,8,0,1,1,0,0,0,0
113,公立,一般大學,0017,國立臺北大學,碩士班(日間),男,764,107,107,1,3,6,2,35,0,3,1,3,41,1,3,7,1,0,0,0
113,公立,一般大學,0017,國立臺北大學,學士班(進修),女,955,198,198,10,6,21,9,92,1,8,1,6,0,7,20,1,16,0,0,0
113,公立,一般大學,0017,國立臺北大學,博士班,女,68,22,22,2,0,0,0,8,0,5,0,1,5,0,0,1,0,0,0,0
113,公立,一般大學,0017,國立臺北大學,碩士班(日間),女,779,120,119,3,1,7,0,41,1,7,0,5,37,2,2,13,0,1,0,1
113,公立,一般大學,0017,國立臺北大學,碩士在職專班,女,324,64,64,1,0,2,0,35,0,9,0,1,15,0,1,0,0,0,0,0
113,公立,一般大學,0017,國立臺北大學,碩士在職專班,男,290,49,49,1,0,0,0,29,0,6,0,0,8,0,5,0,0,0,0,0
113,公立,一般大學,0018,國立嘉義大學,學士班(日間),女,3738,127,127,13,6,71,7,9,0,2,0,9,0,0,6,1,3,0,0,0
113,公立,一般大學,0018,國立嘉義大學,學士班(日間),男,3781,164,164,17,4,78,16,15,0,0,7,10,0,3,6,7,1,0,0,0
113,公立,一般大學,0018,國立嘉義大學,學士班(進修),男,923,128,128,7,6,25,13,59,0,0,11,0,0,1,5,1,0,0,0,0
113,公立,一般大學,0018,國立嘉義大學,學士班(進修),女,599,87,87,4,5,25,2,32,4,3,1,3,0,2,3,1,2,0,0,0
113,公立,一般大學,0018,國立嘉義大學,博士班,女,78,12,12,0,0,0,0,8,0,0,0,0,3,0,1,0,0,0,0,0
113,公立,一般大學,0018,國立嘉義大學,碩士班(日間),女,651,108,108,6,3,8,1,46,1,6,0,0,27,1,5,4,0,0,0,0
113,公立,一般大學,0018,國立嘉義大學,碩士在職專班,女,540,134,134,9,0,1,0,55,2,15,0,0,29,0,9,13,1,0,0,0
113,公立,一般大學,0018,國立嘉義大學,博士班,男,118,27,27,1,0,1,0,14,0,1,1,1,5,0,2,1,0,0,0,0
113,公立,一般大學,0018,國立嘉義大學,碩士班(日間),男,557,86,86,6,3,9,2,25,0,1,12,1,19,0,4,4,0,0,0,0
113,公立,一般大學,0018,國立嘉義大學,碩士在職專班,男,364,94,94,5,3,3,0,45,0,7,0,1,22,0,4,3,1,0,0,0
113,公立,一般大學,0019,國立高雄大學,學士班(日間),女,2009,80,80,22,2,23,24,4,1,0,0,2,0,0,2,0,0,0,0,0
113,公立,一般大學,0019,國立高雄大學,學士班(進修),女,59,17,17,3,2,0,1,8,0,1,0,0,0,1,1,0,0,0,0,0
113,公立,一般大學,0019,國立高雄大學,碩士在職專班,女,223,74,74,3,0,2,2,54,1,5,0,3,2,0,1,1,0,0,0,0
113,公立,一般大學,0019,國立高雄大學,學士班(進修),男,69,18,18,3,0,2,0,11,0,1,0,0,0,0,1,0,0,0,0,0
113,公立,一般大學,0019,國立高雄大學,博士班,男,15,17,17,0,0,0,1,13,0,1,0,0,0,0,1,1,0,0,0,0
113,公立,一般大學,0019,國立高雄大學,碩士班(日間),男,438,75,75,3,2,10,14,36,0,0,4,0,1,0,3,2,0,0,0,0
113,公立,一般大學,0019,國立高雄大學,碩士在職專班,男,368,88,87,2,4,1,1,67,0,5,0,0,2,0,4,1,0,1,0,1
113,公立,一般大學,0019,國立高雄大學,博士班,女,5,4,4,0,0,0,0,2,1,0,0,0,0,0,1,0,0,0,0,0
113,公立,一般大學,0019,國立高雄大學,碩士班(日間),女,255,51,51,6,4,7,5,20,1,2,0,1,2,1,2,0,0,0,0,0
113,公立,一般大學,0019,國立高雄大學,學士班(日間),男,2751,148,145,13,7,46,41,24,0,0,7,1,0,0,5,1,0,3,0,3
113,公立,一般大學,0020,國立東華大學,碩士班(日間),女,769,244,244,8,7,7,0,102,0,15,0,5,74,1,9,7,9,0,0,0
113,公立,一般大學,0020,國立東華大學,碩士在職專班,女,358,137,137,10,1,4,0,46,3,14,0,0,30,0,18,9,2,0,0,0
113,公立,一般大學,0020,國立東華大學,學士班(日間),男,3877,224,224,17,12,78,41,27,0,0,3,16,0,4,10,11,5,0,0,0
113,公立,一般大學,0020,國立東華大學,博士班,男,224,68,68,6,2,1,1,24,0,6,0,1,17,1,6,1,2,0,0,0
113,公立,一般大學,0020,國立東華大學,學士班(日間),女,3955,198,198,34,12,53,17,22,2,6,0,9,0,10,22,2,9,0,0,0
113,公立,一般大學,0020,國立東華大學,博士班,女,181,54,54,5,4,0,0,14,1,8,0,0,16,0,6,0,0,0,0,0
113,公立,一般大學,0020,國立東華大學,碩士班(日間),男,720,200,200,8,8,15,0,71,0,6,10,6,58,2,8,8,0,0,0,0
113,公立,一般大學,0020,國立東華大學,碩士在職專班,男,182,93,93,2,0,1,0,46,0,6,0,1,16,0,13,3,5,0,0,0
113,公立,一般大學,0021,國立暨南國際大學,學士班(日間),女,2517,62,62,4,7,28,1,8,0,0,0,11,0,0,3,0,0,0,0,0
113,公立,一般大學,0021,國立暨南國際大學,博士班,女,173,39,39,3,0,2,0,16,2,3,0,0,8,0,5,0,0,0,0,0
113,公立,一般大學,0021,國立暨南國際大學,學士班(日間),男,2408,82,82,5,5,42,1,12,0,0,4,4,0,0,4,5,0,0,0,0
113,公立,一般大學,0021,國立暨南國際大學,碩士班(日間),男,413,60,60,3,1,9,0,22,0,2,1,1,13,0,6,2,0,0,0,0
113,公立,一般大學,0021,國立暨南國際大學,碩士在職專班,男,161,28,28,0,0,0,0,19,0,2,0,0,5,0,2,0,0,0,0,0
113,公立,一般大學,0021,國立暨南國際大學,碩士班(日間),女,464,106,106,7,1,10,0,45,3,3,0,2,31,0,4,0,0,0,0,0
113,公立,一般大學,0021,國立暨南國際大學,碩士在職專班,女,324,66,66,10,0,3,0,28,2,10,0,0,8,0,5,0,0,0,0,0
113,公立,一般大學,0021,國立暨南國際大學,博士班,男,175,41,41,3,0,3,0,17,0,3,0,0,11,0,3,1,0,0,0,0
113,公立,技專校院,0022,國立臺灣科技大學,學士班(日間),女,1752,37,37,4,1,8,3,4,0,0,0,10,0,5,0,2,0,0,0,0
113,公立,技專校院,0022,國立臺灣科技大學,博士班,女,293,61,61,3,2,1,4,14,3,9,0,0,17,1,6,0,1,0,0,0
113,公立,技專校院,0022,國立臺灣科技大學,學士班(日間),男,3939,87,87,7,3,24,18,6,0,0,2,14,0,6,2,3,2,0,0,0
113,公立,技專校院,0022,國立臺灣科技大學,碩士班(日間),女,1409,87,87,5,0,7,3,25,1,3,0,24,9,4,2,2,2,0,0,0
113,公立,技專校院,0022,國立臺灣科技大學,碩士在職專班,女,329,63,63,4,0,0,0,25,2,10,0,4,16,0,1,1,0,0,0,0
113,公立,技專校院,0022,國立臺灣科技大學,博士班,男,730,169,169,8,6,0,4,53,0,17,2,1,63,1,12,1,1,0,0,0
113,公立,技專校院,0022,國立臺灣科技大學,碩士班(日間),男,2889,188,188,10,17,22,4,53,0,3,1,17,33,6,12,3,7,0,0,0
113,公立,技專校院,0022,國立臺灣科技大學,碩士在職專班,男,508,86,86,2,0,1,0,55,0,10,0,0,13,0,5,0,0,0,0,0
113,公立,技專校院,0023,國立雲林科技大學,碩士班(日間),女,787,123,123,3,27,19,6,33,0,5,0,2,15,3,4,5,1,0,0,0
113,公立,技專校院,0023,國立雲林科技大學,碩士在職專班,女,323,88,87,2,8,0,0,47,3,12,0,0,13,0,1,1,0,1,0,1
113,公立,技專校院,0023,國立雲林科技大學,學士班(進修),男,128,9,8,0,1,2,0,3,0,0,2,0,0,0,0,0,0,1,0,1
113,公立,技專校院,0023,國立雲林科技大學,碩士班(日間),男,1436,141,140,4,22,18,12,41,0,3,17,1,9,9,2,2,0,1,0,1
113,公立,技專校院,0023,國立雲林科技大學,碩士在職專班,男,426,106,105,3,4,4,0,65,0,11,0,0,16,2,0,0,0,1,0,1
113,公立,技專校院,0023,國立雲林科技大學,學士班(日間),女,2661,78,75,14,1,22,10,18,0,0,0,4,0,5,0,1,0,3,0,3
113,公立,技專校院,0023,國立雲林科技大學,學士班(進修),女,135,7,7,0,1,1,0,4,0,0,0,0,0,1,0,0,0,0,0,0
113,公立,技專校院,0023,國立雲林科技大學,博士班,女,177,39,39,2,8,0,1,19,0,4,0,0,5,0,0,0,0,0,0,0
113,公立,技專校院,0023,國立雲林科技大學,學士班(日間),男,4131,126,118,11,8,20,29,15,0,0,7,7,0,17,0,4,0,8,0,8
113,公立,技專校院,0023,國立雲林科技大學,博士班,男,266,65,64,4,5,1,1,42,0,4,0,0,6,0,0,0,1,1,0,1
113,公立,技專校院,0024,國立屏東科技大學,學士班(日間),女,3273,158,158,21,10,47,8,8,1,1,0,0,0,30,11,3,18,0,0,0
113,公立,技專校院,0024,國立屏東科技大學,學士班(進修),女,322,26,26,2,2,2,0,6,0,0,0,0,0,8,5,0,1,0,0,0
113,公立,技專校院,0024,國立屏東科技大學,博士班,女,91,20,20,1,0,1,0,9,0,1,0,0,1,2,2,0,3,0,0,0
113,公立,技專校院,0024,國立屏東科技大學,碩士班(日間),男,595,112,112,3,4,6,0,30,0,3,0,2,16,33,9,4,2,0,0,0
113,公立,技專校院,0024,國立屏東科技大學,碩士在職專班,男,135,36,36,0,1,0,0,22,0,4,0,0,5,1,2,1,0,0,0,0
113,公立,技專校院,0024,國立屏東科技大學,碩士班(日間),女,474,96,96,10,3,2,0,34,0,3,0,2,7,18,16,0,1,0,0,0
113,公立,技專校院,0024,國立屏東科技大學,碩士在職專班,女,100,17,17,0,0,0,0,7,0,1,0,0,2,4,3,0,0,0,0,0
113,公立,技專校院,0024,國立屏東科技大學,學士班(日間),男,4097,234,234,20,7,49,40,20,0,1,2,4,0,36,18,8,29,0,0,0
113,公立,技專校院,0024,國立屏東科技大學,學士班(進修),男,751,48,48,1,2,5,1,9,0,0,7,1,0,14,6,2,0,0,0,0
113,公立,技專校院,0024,國立屏東科技大學,博士班,男,165,36,36,3,0,0,1,15,0,2,0,0,4,2,3,0,6,0,0,0
113,公立,技專校院,0025,國立臺北科技大學,學士班(進修),女,145,5,5,1,1,1,0,2,0,0,0,0,0,0,0,0,0,0,0,0
113,公立,技專校院,0025,國立臺北科技大學,博士班,女,214,37,37,4,2,0,0,16,2,2,0,2,5,0,4,0,0,0,0,0
113,公立,技專校院,0025,國立臺北科技大學,碩士班(日間),女,1027,69,69,6,4,6,1,19,4,3,0,7,8,2,5,4,0,0,0,0
113,公立,技專校院,0025,國立臺北科技大學,碩士在職專班,女,525,54,54,6,0,0,0,40,1,4,0,1,1,0,1,0,0,0,0,0
113,公立,技專校院,0025,國立臺北科技大學,博士班,男,549,91,91,6,4,1,1,40,0,6,0,2,19,1,10,1,0,0,0,0
113,公立,技專校院,0025,國立臺北科技大學,碩士班(日間),男,2605,165,165,8,15,22,4,41,0,2,21,10,23,1,5,12,1,0,0,0
113,公立,技專校院,0025,國立臺北科技大學,學士班(日間),女,2001,44,44,4,1,8,4,5,0,0,0,8,0,7,2,2,3,0,0,0
113,公立,技專校院,0025,國立臺北科技大學,五專,女,28,1,1,1,0,0,0,0,0,0,0,0,0,0,0,0,0,0,0,0
113,公立,技專校院,0025,國立臺北科技大學,學士班(日間),男,4403,119,119,6,6,32,21,9,0,0,13,12,0,9,3,5,3,0,0,0
113,公立,技專校院,0025,國立臺北科技大學,學士班(進修),男,747,14,14,3,0,2,1,3,0,0,1,1,0,0,0,3,0,0,0,0
113,公立,技專校院,0025,國立臺北科技大學,五專,男,131,3,3,0,0,1,0,0,0,0,2,0,0,0,0,0,0,0,0,0
113,公立,技專校院,0025,國立臺北科技大學,碩士在職專班,男,1118,120,120,2,1,0,0,105,0,10,0,0,0,0,2,0,0,0,0,0
113,公立,一般大學,0028,國立臺北藝術大學,五專,女,42,2,2,0,0,0,0,0,0,0,0,2,0,0,0,0,0,0,0,0
113,公立,一般大學,0028,國立臺北藝術大學,碩士班(日間),女,634,229,229,4,13,5,5,44,4,7,0,33,100,2,10,2,0,0,0,0
113,公立,一般大學,0028,國立臺北藝術大學,碩士在職專班,女,128,28,28,1,0,1,0,10,1,7,0,0,6,0,2,0,0,0,0,0
113,公立,一般大學,0028,國立臺北藝術大學,博士班,男,63,11,11,1,1,0,1,1,0,2,0,0,5,0,0,0,0,0,0,0
113,公立,一般大學,0028,國立臺北藝術大學,碩士班(日間),男,387,100,100,2,9,0,2,17,0,2,5,10,49,0,2,2,0,0,0,0
113,公立,一般大學,0028,國立臺北藝術大學,學士班(日間),女,1141,78,78,14,2,4,4,4,0,0,0,28,6,2,5,9,0,0,0,0
113,公立,一般大學,0028,國立臺北藝術大學,博士班,女,75,23,23,5,1,0,0,8,1,1,0,0,5,0,1,1,0,0,0,0
113,公立,一般大學,0028,國立臺北藝術大學,學士班(日間),男,648,49,49,3,4,4,3,9,0,0,1,15,3,3,2,2,0,0,0,0
113,公立,一般大學,0028,國立臺北藝術大學,五專,男,34,2,2,0,0,0,0,0,0,0,0,2,0,0,0,0,0,0,0,0
113,公立,一般大學,0028,國立臺北藝術大學,碩士在職專班,男,61,15,15,1,1,0,0,7,0,1,0,0,4,0,1,0,0,0,0,0
113,公立,一般大學,0029,國立臺灣藝術大學,學士班(進修),女,1282,113,109,14,3,8,1,29,3,7,0,12,0,1,7,6,18,4,0,4
113,公立,一般大學,0029,國立臺灣藝術大學,博士班,女,81,19,19,1,1,0,0,6,1,1,0,2,4,0,0,0,3,0,0,0
113,公立,一般大學,0029,國立臺灣藝術大學,碩士班(日間),女,488,109,109,4,3,0,1,27,0,4,0,12,38,0,3,2,15,0,0,0
113,公立,一般大學,0029,國立臺灣藝術大學,碩士在職專班,女,223,50,49,2,0,1,0,16,3,5,0,0,9,0,8,0,5,1,0,1
113,公立,一般大學,0029,國立臺灣藝術大學,學士班(進修),男,540,50,44,4,3,2,0,16,0,1,3,2,0,0,1,0,12,6,0,6
113,公立,一般大學,0029,國立臺灣藝術大學,博士班,男,80,10,9,0,0,0,0,3,0,0,0,0,4,0,2,0,0,1,0,1
113,公立,一般大學,0029,國立臺灣藝術大學,碩士班(日間),男,287,84,84,1,3,1,0,27,0,2,2,2,31,0,4,0,11,0,0,0
113,公立,一般大學,0029,國立臺灣藝術大學,碩士在職專班,男,139,40,40,2,2,1,0,18,0,3,0,3,8,0,1,0,2,0,0,0
113,公立,一般大學,0029,國立臺灣藝術大學,學士班(日間),女,1726,92,90,11,2,13,2,10,1,0,0,14,0,0,5,7,25,2,0,2
113,公立,一般大學,0029,國立臺灣藝術大學,學士班(日間),男,693,36,36,1,1,5,0,10,0,0,2,3,0,1,1,4,8,0,0,0
113,公立,一般大學,0030,國立臺東大學,學士班(進修),女,212,21,8,0,0,1,0,6,0,0,0,0,1,0,0,0,0,13,0,13
113,公立,一般大學,0030,國立臺東大學,博士班,女,32,6,6,0,0,0,0,3,0,0,0,0,3,0,0,0,0,0,0,0
113,公立,一般大學,0030,國立臺東大學,碩士班(日間),女,211,68,56,4,6,2,0,15,0,4,0,1,20,0,2,2,0,12,0,12
113,公立,一般大學,0030,國立臺東大學,碩士在職專班,女,511,94,74,7,1,2,0,29,2,6,0,1,15,0,10,1,0,20,0,20
113,公立,一般大學,0030,國立臺東大學,碩士班(日間),男,149,37,30,1,4,2,0,12,0,0,1,0,7,1,2,0,0,7,0,7
113,公立,一般大學,0030,國立臺東大學,碩士在職專班,男,179,45,25,2,0,1,0,12,0,0,0,1,6,0,3,0,0,20,0,20
113,公立,一般大學,0030,國立臺東大學,學士班(日間),女,1730,107,65,9,7,26,3,2,0,0,0,4,0,5,6,1,2,42,0,42
113,公立,一般大學,0030,國立臺東大學,學士班(日間),男,1873,119,75,10,5,34,4,6,0,0,3,6,0,1,2,4,0,44,0,44
113,公立,一般大學,0030,國立臺東大學,學士班(進修),男,129,25,7,0,0,3,0,3,0,0,0,0,0,0,1,0,0,18,0,18
113,公立,一般大學,0030,國立臺東大學,博士班,男,22,1,0,0,0,0,0,0,0,0,0,0,0,0,0,0,0,1,0,1
113,公立,一般大學,0031,國立宜蘭大學,學士班(進修),女,123,22,22,4,0,2,0,12,0,1,0,1,0,0,2,0,0,0,0,0
113,公立,一般大學,0031,國立宜蘭大學,碩士班(日間),女,200,37,37,4,0,4,1,13,0,4,0,1,7,1,1,0,1,0,0,0
113,公立,一般大學,0031,國立宜蘭大學,碩士在職專班,女,45,9,9,0,0,0,0,3,0,2,0,0,2,0,2,0,0,0,0,0
113,公立,一般大學,0031,國立宜蘭大學,學士班(日間),男,2808,177,177,9,3,59,46,18,0,0,9,9,0,11,11,2,0,0,0,0
113,公立,一般大學,0031,國立宜蘭大學,學士班(進修),男,237,38,38,2,2,4,1,19,0,1,6,0,0,1,1,0,1,0,0,0
113,公立,一般大學,0031,國立宜蘭大學,博士班,男,9,3,3,0,1,0,0,0,0,0,0,0,1,0,1,0,0,0,0,0
113,公立,一般大學,0031,國立宜蘭大學,碩士班(日間),男,345,51,51,2,0,3,0,23,0,2,3,2,10,2,4,0,0,0,0,0
113,公立,一般大學,0031,國立宜蘭大學,碩士在職專班,男,109,19,19,0,0,0,0,12,0,0,0,0,4,0,3,0,0,0,0,0
113,公立,一般大學,0031,國立宜蘭大學,學士班(日間),女,1567,62,62,9,1,21,12,6,0,1,0,6,0,2,1,3,0,0,0,0
113,公立,一般大學,0031,國立宜蘭大學,博士班,女,4,1,1,0,0,0,0,1,0,0,0,0,0,0,0,0,0,0,0,0
113,公立,一般大學,0032,國立聯合大學,學士班(日間),女,1818,54,54,7,3,26,1,3,0,2,0,5,0,2,1,3,1,0,0,0
113,公立,一般大學,0032,國立聯合大學,博士班,女,5,0,0,0,0,0,0,0,0,0,0,0,0,0,0,0,0,0,0,0
113,公立,一般大學,0032,國立聯合大學,碩士在職專班,男,32,2,2,0,0,0,0,1,0,0,0,1,0,0,0,0,0,0,0,0
113,公立,一般大學,0032,國立聯合大學,學士班(進修),女,231,14,14,2,0,6,0,4,0,1,0,0,0,0,1,0,0,0,0,0
113,公立,一般大學,0032,國立聯合大學,碩士班(日間),女,143,25,25,0,1,1,0,10,0,4,0,0,9,0,0,0,0,0,0,0
113,公立,一般大學,0032,國立聯合大學,碩士在職專班,女,25,2,2,0,0,0,0,0,0,0,0,0,0,0,0,0,2,0,0,0
113,公立,一般大學,0032,國立聯合大學,學士班(日間),男,4249,145,145,11,4,56,15,24,0,2,6,9,0,5,1,6,6,0,0,0
113,公立,一般大學,0032,國立聯合大學,學士班(進修),男,735,57,57,5,1,12,3,22,0,2,6,2,0,1,1,2,0,0,0,0
113,公立,一般大學,0032,國立聯合大學,博士班,男,21,2,2,1,0,0,0,0,0,0,0,0,1,0,0,0,0,0,0,0
113,公立,一般大學,0032,國立聯合大學,碩士班(日間),男,335,33,33,0,0,5,0,15,0,0,0,1,8,1,0,2,1,0,0,0
113,公立,技專校院,0033,國立虎尾科技大學,學士班(日間),女,1797,63,63,8,4,24,5,11,0,2,0,2,0,5,1,1,0,0,0,0
113,公立,技專校院,0033,國立虎尾科技大學,五專,女,55,2,2,0,0,2,0,0,0,0,0,0,0,0,0,0,0,0,0,0
113,公立,技專校院,0033,國立虎尾科技大學,學士班(日間),男,5950,246,246,16,7,104,59,23,0,0,12,5,0,14,3,2,1,0,0,0
113,公立,技專校院,0033,國立虎尾科技大學,五專,男,349,7,7,0,0,5,1,1,0,0,0,0,0,0,0,0,0,0,0,0
113,公立,技專校院,0033,國立虎尾科技大學,碩士班(日間),男,991,65,65,1,5,13,0,23,0,1,3,1,7,8,2,1,0,0,0,0
113,公立,技專校院,0033,國立虎尾科技大學,學士班(進修),女,429,31,31,2,1,8,1,15,2,1,0,1,0,0,0,0,0,0,0,0
113,公立,技專校院,0033,國立虎尾科技大學,博士班,女,14,0,0,0,0,0,0,0,0,0,0,0,0,0,0,0,0,0,0,0
113,公立,技專校院,0033,國立虎尾科技大學,碩士班(日間),女,199,13,13,0,1,1,0,2,2,0,0,2,2,0,3,0,0,0,0,0
113,公立,技專校院,0033,國立虎尾科技大學,碩士在職專班,女,72,12,12,1,0,1,0,7,0,1,0,0,2,0,0,0,0,0,0,0
113,公立,技專校院,0033,國立虎尾科技大學,二專(日間),男,80,11,11,0,0,6,3,1,0,0,1,0,0,0,0,0,0,0,0,0
113,公立,技專校院,0033,國立虎尾科技大學,學士班(進修),男,1872,111,111,7,5,23,10,42,0,1,18,1,0,0,4,0,0,0,0,0
113,公立,技專校院,0033,國立虎尾科技大學,博士班,男,44,5,5,0,0,0,0,3,0,0,0,0,0,2,0,0,0,0,0,0
113,公立,技專校院,0033,國立虎尾科技大學,碩士在職專班,男,123,18,18,2,0,0,0,12,0,1,0,1,2,0,0,0,0,0,0,0
113,公立,一般大學,0035,國立臺南藝術大學,五專,女,105,7,6,1,0,1,0,0,0,1,0,2,0,0,1,0,0,1,0,1
113,公立,一般大學,0035,國立臺南藝術大學,碩士班(日間),女,339,113,113,7,2,2,0,19,1,3,0,3,56,2,7,2,9,0,0,0
113,公立,一般大學,0035,國立臺南藝術大學,碩士在職專班,女,38,24,24,0,1,0,0,9,0,3,0,0,7,0,2,0,2,0,0,0
113,公立,一般大學,0035,國立臺南藝術大學,碩士班(日間),男,215,62,61,0,1,1,1,15,0,4,1,5,24,0,4,0,5,1,0,1
113,公立,一般大學,0035,國立臺南藝術大學,碩士在職專班,男,8,6,6,0,1,1,0,4,0,0,0,0,0,0,0,0,0,0,0,0
113,公立,一般大學,0035,國立臺南藝術大學,學士班(日間),女,477,38,37,7,3,10,0,2,0,1,0,9,0,1,4,0,0,1,0,1
113,公立,一般大學,0035,國立臺南藝術大學,博士班,女,43,12,12,0,1,0,0,2,0,1,0,1,4,0,2,0,1,0,0,0
113,公立,一般大學,0035,國立臺南藝術大學,學士班(日間),男,286,24,23,3,1,2,0,3,0,0,2,6,0,0,4,1,1,1,0,1
113,公立,一般大學,0035,國立臺南藝術大學,五專,男,55,5,5,0,0,1,0,0,0,0,0,3,0,0,1,0,0,0,0,0
113,公立,一般大學,0035,國立臺南藝術大學,博士班,男,30,6,6,0,0,0,0,0,0,1,1,0,3,0,1,0,0,0,0,0
113,公立,一般大學,0036,國立臺南大學,學士班(日間),女,2219,61,61,5,3,25,1,7,0,0,0,8,0,4,0,1,7,0,0,0
113,公立,一般大學,0036,國立臺南大學,學士班(進修),女,69,9,9,0,0,1,0,6,0,1,0,1,0,0,0,0,0,0,0,0
113,公立,一般大學,0036,國立臺南大學,學士班(進修),男,96,14,14,1,1,0,0,5,0,0,0,3,0,0,1,2,1,0,0,0
113,公立,一般大學,0036,國立臺南大學,碩士班(日間),男,424,87,87,2,5,3,0,31,0,1,0,1,27,2,6,9,0,0,0,0
113,公立,一般大學,0036,國立臺南大學,碩士在職專班,男,207,46,46,0,0,0,1,23,0,4,0,0,11,0,4,1,2,0,0,0
113,公立,一般大學,0036,國立臺南大學,博士班,女,96,13,13,1,0,0,0,7,0,0,0,0,2,0,3,0,0,0,0,0
113,公立,一般大學,0036,國立臺南大學,碩士班(日間),女,624,147,147,6,4,0,2,58,1,3,0,2,51,0,13,7,0,0,0,0
113,公立,一般大學,0036,國立臺南大學,碩士在職專班,女,442,98,98,0,0,0,0,42,5,12,0,0,29,1,5,3,1,0,0,0
113,公立,一般大學,0036,國立臺南大學,學士班(日間),男,1739,98,98,4,0,29,24,15,0,0,4,3,0,3,2,4,10,0,0,0
113,公立,一般大學,0036,國立臺南大學,博士班,男,50,21,21,0,0,0,0,11,0,2,0,0,6,0,2,0,0,0,0,0
113,公立,一般大學,0037,國立臺北教育大學,學士班(日間),女,2228,71,70,9,2,35,0,6,0,0,0,14,0,1,2,1,0,1,0,1
113,公立,一般大學,0037,國立臺北教育大學,碩士班(日間),女,1037,239,234,5,8,11,0,78,5,25,0,11,67,3,5,11,5,5,0,5
113,公立,一般大學,0037,國立臺北教育大學,學士班(日間),男,1100,54,52,3,2,20,0,5,0,0,2,14,0,3,0,3,0,2,0,2
113,公立,一般大學,0037,國立臺北教育大學,碩士在職專班,男,261,61,61,0,0,1,0,33,0,6,0,2,17,0,1,1,0,0,0,0
113,公立,一般大學,0037,國立臺北教育大學,博士班,女,89,28,26,2,0,0,0,14,0,6,0,0,4,0,0,0,0,2,0,2
113,公立,一般大學,0037,國立臺北教育大學,碩士在職專班,女,829,257,257,11,5,3,0,79,9,41,0,5,91,0,7,5,1,0,0,0
113,公立,一般大學,0037,國立臺北教育大學,博士班,男,66,10,10,0,0,0,0,8,0,0,0,0,2,0,0,0,0,0,0,0
113,公立,一般大學,0037,國立臺北教育大學,碩士班(日間),男,429,96,91,0,2,2,0,39,0,3,4,6,24,0,1,2,8,5,0,5
113,公立,一般大學,0039,國立臺中教育大學,碩士班(日間),女,676,160,160,2,7,4,0,64,5,11,0,2,21,3,3,10,28,0,0,0
113,公立,一般大學,0039,國立臺中教育大學,碩士在職專班,女,600,146,146,12,2,1,0,75,10,17,0,1,13,0,4,5,6,0,0,0
113,公立,一般大學,0039,國立臺中教育大學,博士班,男,35,7,7,0,0,0,0,6,0,0,0,0,1,0,0,0,0,0,0,0
113,公立,一般大學,0039,國立臺中教育大學,碩士班(日間),男,281,72,72,1,3,4,0,31,0,2,2,2,11,1,3,3,9,0,0,0
113,公立,一般大學,0039,國立臺中教育大學,學士班(日間),女,2145,75,73,11,2,29,2,3,3,0,0,7,0,11,0,2,3,2,2,0
113,公立,一般大學,0039,國立臺中教育大學,博士班,女,76,24,24,1,1,0,0,14,0,1,0,0,6,0,1,0,0,0,0,0
113,公立,一般大學,0039,國立臺中教育大學,學士班(日間),男,1141,50,50,3,1,24,2,5,0,0,0,5,0,6,1,0,3,0,0,0
113,公立,一般大學,0039,國立臺中教育大學,碩士在職專班,男,176,48,48,1,1,0,0,34,0,1,0,0,4,1,3,0,3,0,0,0
113,公立,技專校院,0042,國立澎湖科技大學,五專,女,4,0,0,0,0,0,0,0,0,0,0,0,0,0,0,0,0,0,0,0
113,公立,技專校院,0042,國立澎湖科技大學,碩士班(日間),女,24,14,14,0,0,2,1,8,0,0,0,0,0,0,3,0,0,0,0,0
113,公立,技專校院,0042,國立澎湖科技大學,碩士在職專班,女,15,2,2,0,0,1,0,1,0,0,0,0,0,0,0,0,0,0,0,0
113,公立,技專校院,0042,國立澎湖科技大學,學士班(日間),男,1278,187,187,3,19,52,22,69,0,0,4,0,0,0,18,0,0,0,0,0
113,公立,技專校院,0042,國立澎湖科技大學,學士班(進修),男,98,53,53,1,7,7,1,34,0,0,2,0,0,0,1,0,0,0,0,0
113,公立,技專校院,0042,國立澎湖科技大學,五專,男,103,17,17,0,0,10,2,3,0,0,0,0,0,0,2,0,0,0,0,0
113,公立,技專校院,0042,國立澎湖科技大學,學士班(日間),女,740,91,91,2,14,32,7,30,0,0,0,0,0,0,6,0,0,0,0,0
113,公立,技專校院,0042,國立澎湖科技大學,學士班(進修),女,82,15,15,0,2,4,0,8,1,0,0,0,0,0,0,0,0,0,0,0
113,公立,技專校院,0042,國立澎湖科技大學,碩士班(日間),男,23,26,26,0,0,13,2,8,0,0,0,0,0,0,3,0,0,0,0,0
113,公立,技專校院,0042,國立澎湖科技大學,碩士在職專班,男,21,10,10,1,0,0,0,8,0,0,0,0,0,0,1,0,0,0,0,0
113,公立,技專校院,0043,國立勤益科技大學,學士班(進修),女,550,45,31,2,1,13,0,11,0,2,0,0,0,0,0,1,1,14,0,14
113,公立,技專校院,0043,國立勤益科技大學,碩士班(日間),女,192,18,15,2,0,1,0,9,0,0,0,1,1,0,1,0,0,3,0,3
113,公立,技專校院,0043,國立勤益科技大學,碩士在職專班,女,52,6,5,0,0,1,0,0,0,1,0,1,2,0,0,0,0,1,0,1
113,公立,技專校院,0043,國立勤益科技大學,博士班,男,57,10,9,0,0,0,1,5,0,0,0,0,2,0,1,0,0,1,0,1
113,公立,技專校院,0043,國立勤益科技大學,碩士班(日間),男,510,67,59,3,3,13,9,16,0,0,7,0,6,0,2,0,0,8,0,8
113,公立,技專校院,0043,國立勤益科技大學,二專(進修),女,54,10,7,0,0,1,0,5,0,0,0,0,0,0,1,0,0,3,0,3
113,公立,技專校院,0043,國立勤益科技大學,學士班(日間),女,2285,103,83,2,5,43,12,6,5,3,0,3,0,0,4,0,0,20,0,20
113,公立,技專校院,0043,國立勤益科技大學,博士班,女,10,2,1,0,0,0,0,0,0,0,0,0,1,0,0,0,0,1,0,1
113,公立,技專校院,0043,國立勤益科技大學,二專(進修),男,160,35,23,0,0,2,0,17,0,0,2,0,0,0,1,1,0,12,0,12
113,公立,技專校院,0043,國立勤益科技大學,學士班(日間),男,5175,376,304,9,21,136,57,32,0,1,35,3,0,0,7,3,0,72,0,72
113,公立,技專校院,0043,國立勤益科技大學,學士班(進修),男,3230,204,136,5,1,36,5,59,0,1,16,0,0,1,7,3,2,68,0,68
113,公立,技專校院,0043,國立勤益科技大學,碩士在職專班,男,235,30,16,0,0,0,0,5,0,1,1,0,8,0,1,0,0,14,0,14
113,公立,一般大學,0044,國立體育大學,學士班(日間),女,765,42,42,5,0,11,0,18,1,2,0,0,0,0,5,0,0,0,0,0
113,公立,一般大學,0044,國立體育大學,學士班(進修),女,23,2,2,0,0,0,0,1,0,1,0,0,0,0,0,0,0,0,0,0
113,公立,一般大學,0044,國立體育大學,學士班(進修),男,55,3,3,0,0,0,0,3,0,0,0,0,0,0,0,0,0,0,0,0
113,公立,一般大學,0044,國立體育大學,博士班,男,95,22,22,1,0,0,0,15,0,4,0,0,0,0,1,1,0,0,0,0
113,公立,一般大學,0044,國立體育大學,碩士班(日間),男,212,52,52,2,0,1,0,36,0,4,3,0,0,0,4,2,0,0,0,0
113,公立,一般大學,0044,國立體育大學,碩士在職專班,男,135,28,28,1,0,0,0,22,0,5,0,0,0,0,0,0,0,0,0,0
113,公立,一般大學,0044,國立體育大學,博士班,女,46,5,5,0,0,0,0,5,0,0,0,0,0,0,0,0,0,0,0,0
113,公立,一般大學,0044,國立體育大學,碩士班(日間),女,148,36,36,3,0,0,0,27,2,4,0,0,0,0,0,0,0,0,0,0
113,公立,一般大學,0044,國立體育大學,碩士在職專班,女,107,17,17,1,0,0,0,12,0,3,0,0,0,0,1,0,0,0,0,0
113,公立,一般大學,0044,國立體育大學,學士班(日間),男,1196,83,83,2,3,14,0,54,0,1,3,0,0,0,6,0,0,0,0,0
113,公立,技專校院,0046,國立臺北護理健康大學,學士班(日間),女,2933,143,143,13,8,42,11,26,2,8,0,8,0,9,10,3,3,0,0,0
113,公立,技專校院,0046,國立臺北護理健康大學,學士班(進修),男,60,8,8,2,1,1,0,4,0,0,0,0,0,0,0,0,0,0,0,0
113,公立,技專校院,0046,國立臺北護理健康大學,碩士班(日間),男,99,23,23,0,0,1,0,12,0,4,0,0,2,0,4,0,0,0,0,0
113,公立,技專校院,0046,國立臺北護理健康大學,碩士在職專班,男,31,8,8,1,0,0,0,2,0,0,0,0,3,0,2,0,0,0,0,0
113,公立,技專校院,0046,國立臺北護理健康大學,學士班(進修),女,582,49,49,3,2,3,0,23,2,3,0,1,0,0,11,0,1,0,0,0
113,公立,技專校院,0046,國立臺北護理健康大學,博士班,女,64,9,9,0,0,0,0,3,0,1,0,0,2,0,3,0,0,0,0,0
113,公立,技專校院,0046,國立臺北護理健康大學,碩士班(日間),女,462,118,118,8,0,1,0,38,4,20,0,1,32,0,14,0,0,0,0,0
113,公立,技專校院,0046,國立臺北護理健康大學,碩士在職專班,女,151,51,51,3,0,1,0,18,4,4,0,0,16,1,4,0,0,0,0,0
113,公立,技專校院,0046,國立臺北護理健康大學,學士班(日間),男,809,62,62,4,3,12,8,11,0,0,1,2,0,4,9,1,7,0,0,0
113,公立,技專校院,0046,國立臺北護理健康大學,博士班,男,10,1,1,0,0,0,0,1,0,0,0,0,0,0,0,0,0,0,0,0
113,公立,技專校院,0047,國立高雄餐旅大學,學士班(進修),女,541,31,25,3,2,4,1,6,0,2,1,1,0,0,3,0,2,6,0,6
113,公立,技專校院,0047,國立高雄餐旅大學,碩士班(日間),女,82,18,18,6,0,0,0,6,0,0,0,0,0,0,5,0,1,0,0,0
113,公立,技專校院,0047,國立高雄餐旅大學,碩士在職專班,女,12,4,4,0,0,0,0,2,0,0,0,0,0,0,0,0,2,0,0,0
113,公立,技專校院,0047,國立高雄餐旅大學,學士班(日間),男,934,37,37,4,4,12,4,2,0,0,1,2,0,0,1,7,0,0,0,0
113,公立,技專校院,0047,國立高雄餐旅大學,博士班,男,20,5,5,0,0,0,0,3,0,0,0,0,1,0,1,0,0,0,0,0
113,公立,技專校院,0047,國立高雄餐旅大學,學士班(日間),女,1838,53,53,7,4,19,5,6,0,0,0,2,0,1,3,6,0,0,0,0
113,公立,技專校院,0047,國立高雄餐旅大學,五專,女,155,11,11,1,1,2,4,0,0,0,0,0,0,1,0,2,0,0,0,0
113,公立,技專校院,0047,國立高雄餐旅大學,博士班,女,19,1,1,0,0,0,0,1,0,0,0,0,0,0,0,0,0,0,0,0
113,公立,技專校院,0047,國立高雄餐旅大學,學士班(進修),男,348,24,21,2,3,8,1,6,0,0,0,0,0,0,0,1,0,3,0,3
113,公立,技專校院,0047,國立高雄餐旅大學,五專,男,94,11,11,0,0,2,5,0,0,0,0,1,0,1,0,2,0,0,0,0
113,公立,技專校院,0047,國立高雄餐旅大學,碩士班(日間),男,48,20,20,1,0,2,0,11,0,0,2,1,1,0,2,0,0,0,0,0
113,公立,技專校院,0047,國立高雄餐旅大學,碩士在職專班,男,10,1,1,0,0,0,0,1,0,0,0,0,0,0,0,0,0,0,0,0
113,公立,一般大學,0048,國立金門大學,學士班(進修),女,288,11,11,1,2,1,1,3,0,0,0,0,0,0,2,1,0,0,0,0
113,公立,一般大學,0048,國立金門大學,碩士班(日間),女,87,22,22,1,0,0,0,7,0,4,0,0,6,0,3,1,0,0,0,0
113,公立,一般大學,0048,國立金門大學,碩士在職專班,女,32,1,1,0,0,0,0,0,0,1,0,0,0,0,0,0,0,0,0,0
113,公立,一般大學,0048,國立金門大學,學士班(進修),男,355,31,29,2,1,0,2,15,0,0,5,0,0,0,1,1,2,2,0,2
113,公立,一般大學,0048,國立金門大學,博士班,男,5,0,0,0,0,0,0,0,0,0,0,0,0,0,0,0,0,0,0,0
113,公立,一般大學,0048,國立金門大學,碩士在職專班,男,63,5,5,0,1,0,0,2,0,1,0,0,0,0,1,0,0,0,0,0
113,公立,一般大學,0048,國立金門大學,學士班(日間),女,1343,45,45,9,2,12,2,4,1,1,0,8,0,1,4,1,0,0,0,0
113,公立,一般大學,0048,國立金門大學,博士班,女,4,0,0,0,0,0,0,0,0,0,0,0,0,0,0,0,0,0,0,0
113,公立,一般大學,0048,國立金門大學,學士班(日間),男,1520,62,60,3,1,26,3,9,0,1,5,5,0,3,2,2,0,2,0,2
113,公立,一般大學,0048,國立金門大學,碩士班(日間),男,126,24,24,0,1,0,0,13,0,1,2,0,3,0,4,0,0,0,0,0
113,公立,一般大學,0049,國立臺灣體育運動大學,碩士班(日間),女,134,29,29,0,3,0,1,24,0,0,0,0,0,0,0,1,0,0,0,0
113,公立,一般大學,0049,國立臺灣體育運動大學,碩士在職專班,女,50,11,11,1,2,0,0,4,0,4,0,0,0,0,0,0,0,0,0,0
113,公立,一般大學,0049,國立臺灣體育運動大學,學士班(日間),男,1419,78,73,6,9,25,13,18,0,0,2,0,0,0,0,0,0,5,0,5
113,公立,一般大學,0049,國立臺灣體育運動大學,學士班(進修),男,229,18,17,0,1,2,3,10,0,0,1,0,0,0,0,0,0,1,0,1
113,公立,一般大學,0049,國立臺灣體育運動大學,博士班,男,12,1,1,0,0,0,1,0,0,0,0,0,0,0,0,0,0,0,0,0
113,公立,一般大學,0049,國立臺灣體育運動大學,碩士在職專班,男,78,12,12,0,0,0,1,10,0,1,0,0,0,0,0,0,0,0,0,0
113,公立,一般大學,0049,國立臺灣體育運動大學,學士班(日間),女,919,52,52,9,7,19,7,8,1,0,0,1,0,0,0,0,0,0,0,0
113,公立,一般大學,0049,國立臺灣體育運動大學,學士班(進修),女,94,6,6,0,0,0,2,3,0,1,0,0,0,0,0,0,0,0,0,0
113,公立,一般大學,0049,國立臺灣體育運動大學,博士班,女,11,0,0,0,0,0,0,0,0,0,0,0,0,0,0,0,0,0,0,0
113,公立,一般大學,0049,國立臺灣體育運動大學,碩士班(日間),男,144,34,34,0,2,0,3,24,0,4,1,0,0,0,0,0,0,0,0,0
113,公立,技專校院,0050,國立臺中科技大學,二專(進修),女,341,73,73,3,2,12,6,33,0,5,0,3,0,3,2,4,0,0,0,0
113,公立,技專校院,0050,國立臺中科技大學,學士班(日間),女,4726,139,139,14,11,51,4,28,0,1,0,9,0,2,9,8,2,0,0,0
113,公立,技專校院,0050,國立臺中科技大學,五專,女,2606,163,163,16,5,51,14,18,0,2,0,6,0,2,3,43,3,0,0,0
113,公立,技專校院,0050,國立臺中科技大學,二專(進修),男,209,44,44,1,3,2,6,27,0,1,0,0,0,0,1,3,0,0,0,0
113,公立,技專校院,0050,國立臺中科技大學,學士班(日間),男,2415,118,118,13,10,26,9,17,0,0,16,5,0,1,10,7,4,0,0,0
113,公立,技專校院,0050,國立臺中科技大學,學士班(進修),男,1317,214,214,15,3,18,11,112,0,2,25,2,0,7,11,6,2,0,0,0
113,公立,技專校院,0050,國立臺中科技大學,博士班,男,5,1,1,0,0,0,0,1,0,0,0,0,0,0,0,0,0,0,0,0
113,公立,技專校院,0050,國立臺中科技大學,碩士班(日間),男,147,17,17,1,1,1,0,12,0,0,0,0,0,0,2,0,0,0,0,0
113,公立,技專校院,0050,國立臺中科技大學,學士班(進修),女,2344,285,285,29,8,31,6,153,3,9,0,10,0,11,11,14,0,0,0,0
113,公立,技專校院,0050,國立臺中科技大學,博士班,女,3,1,1,0,0,0,0,0,0,0,0,0,0,0,1,0,0,0,0,0
113,公立,技專校院,0050,國立臺中科技大學,碩士班(日間),女,252,56,56,3,1,0,1,23,0,6,0,3,7,2,7,3,0,0,0,0
113,公立,技專校院,0050,國立臺中科技大學,碩士在職專班,女,167,39,39,3,2,0,0,19,4,0,0,0,5,0,5,1,0,0,0,0
113,公立,技專校院,0050,國立臺中科技大學,五專,男,1108,70,70,6,2,17,11,7,0,0,2,4,0,1,3,14,3,0,0,0
113,公立,技專校院,0050,國立臺中科技大學,碩士在職專班,男,122,21,21,1,0,0,0,19,0,0,0,0,0,0,1,0,0,0,0,0
113,公立,技專校院,0051,國立臺北商業大學,二專(進修),女,44,17,17,1,0,1,1,12,0,0,0,1,0,0,0,1,0,0,0,0
113,公立,技專校院,0051,國立臺北商業大學,學士班(日間),女,1982,55,55,8,3,13,4,12,0,3,0,8,0,0,1,3,0,0,0,0
113,公立,技專校院,0051,國立臺北商業大學,學士班(進修),女,1069,94,94,10,3,13,2,45,2,5,0,6,0,0,6,2,0,0,0,0
113,公立,技專校院,0051,國立臺北商業大學,五專,女,1257,68,68,5,1,16,18,5,0,0,0,8,0,3,0,12,0,0,0,0
113,公立,技專校院,0051,國立臺北商業大學,碩士在職專班,女,93,11,11,0,0,0,0,7,0,1,1,0,0,0,1,1,0,0,0,0
113,公立,技專校院,0051,國立臺北商業大學,學士班(進修),男,604,61,61,5,3,7,0,39,0,0,2,2,0,0,3,0,0,0,0,0
113,公立,技專校院,0051,國立臺北商業大學,博士班,男,10,1,1,0,0,0,0,1,0,0,0,0,0,0,0,0,0,0,0,0
113,公立,技專校院,0051,國立臺北商業大學,碩士班(日間),男,116,13,13,0,0,1,0,4,0,0,1,1,5,0,0,1,0,0,0,0
113,公立,技專校院,0051,國立臺北商業大學,碩士在職專班,男,63,7,7,1,0,0,0,5,0,0,0,0,0,0,1,0,0,0,0,0
113,公立,技專校院,0051,國立臺北商業大學,博士班,女,2,0,0,0,0,0,0,0,0,0,0,0,0,0,0,0,0,0,0,0
113,公立,技專校院,0051,國立臺北商業大學,碩士班(日間),女,198,16,16,1,0,0,0,8,0,1,0,2,2,0,1,0,1,0,0,0
113,公立,技專校院,0051,國立臺北商業大學,二專(進修),男,36,13,13,1,1,1,0,8,0,0,2,0,0,0,0,0,0,0,0,0
113,公立,技專校院,0051,國立臺北商業大學,學士班(日間),男,960,33,33,6,4,8,3,3,0,0,4,2,0,1,0,2,0,0,0,0
113,公立,技專校院,0051,國立臺北商業大學,五專,男,514,47,47,1,1,11,16,0,0,0,3,8,0,0,1,6,0,0,0,0
113,公立,一般大學,0052,國立屏東大學,博士班,女,25,4,4,0,0,0,0,1,0,0,0,1,1,0,1,0,0,0,0,0
113,公立,一般大學,0052,國立屏東大學,碩士班(日間),女,583,147,147,3,1,4,0,59,2,9,0,4,34,2,17,5,7,0,0,0
113,公立,一般大學,0052,國立屏東大學,碩士在職專班,女,486,117,117,4,2,1,0,42,2,17,0,0,25,2,19,3,0,0,0,0
113,公立,一般大學,0052,國立屏東大學,學士班(日間),男,2949,88,87,3,4,26,20,19,0,0,2,3,0,7,3,0,0,1,0,1
113,公立,一般大學,0052,國立屏東大學,學士班(進修),男,245,13,13,0,2,1,1,7,0,0,2,0,0,0,0,0,0,0,0,0
113,公立,一般大學,0052,國立屏東大學,學士班(日間),女,3648,83,80,11,1,22,10,13,0,1,0,9,0,6,7,0,0,3,0,3
113,公立,一般大學,0052,國立屏東大學,學士班(進修),女,239,14,14,1,0,1,0,8,0,1,0,0,0,0,3,0,0,0,0,0
113,公立,一般大學,0052,國立屏東大學,博士班,男,22,3,3,0,0,0,0,2,0,1,0,0,0,0,0,0,0,0,0,0
113,公立,一般大學,0052,國立屏東大學,碩士班(日間),男,334,69,69,1,4,4,0,29,0,1,3,2,16,1,5,2,1,0,0,0
113,公立,一般大學,0052,國立屏東大學,碩士在職專班,男,209,38,38,0,0,1,2,18,0,7,0,0,7,0,1,1,1,0,0,0
113,公立,技專校院,0053,國立高雄科技大學,學士班(日間),女,6657,261,260,20,27,102,49,36,1,2,0,12,0,0,10,0,1,1,0,1
113,公立,技專校院,0053,國立高雄科技大學,學士班(進修),女,1206,144,141,13,9,24,8,65,2,6,0,2,0,0,10,1,1,3,0,3
113,公立,技專校院,0053,國立高雄科技大學,博士班,女,157,21,21,0,1,0,0,10,2,3,0,0,2,0,2,0,1,0,0,0
113,公立,技專校院,0053,國立高雄科技大學,五專,男,699,58,57,0,3,19,16,9,0,0,5,1,0,0,0,1,3,1,0,1
113,公立,技專校院,0053,國立高雄科技大學,碩士班(日間),男,1774,177,177,8,17,29,13,47,0,0,15,7,20,0,20,1,0,0,0,0
113,公立,技專校院,0053,國立高雄科技大學,五專,女,154,9,9,0,0,4,5,0,0,0,0,0,0,0,0,0,0,0,0,0
113,公立,技專校院,0053,國立高雄科技大學,碩士班(日間),女,792,122,122,2,16,16,5,48,2,3,0,1,17,0,12,0,0,0,0,0
113,公立,技專校院,0053,國立高雄科技大學,碩士在職專班,女,731,115,115,5,2,1,3,69,5,12,0,0,14,0,3,0,1,0,0,0
113,公立,技專校院,0053,國立高雄科技大學,學士班(日間),男,11116,601,587,29,41,166,165,97,0,1,47,9,1,2,16,7,6,14,0,14
113,公立,技專校院,0053,國立高雄科技大學,學士班(進修),男,2472,276,255,6,14,46,19,125,0,0,28,5,0,0,9,1,2,21,0,21
113,公立,技專校院,0053,國立高雄科技大學,博士班,男,411,79,79,5,3,1,0,40,0,3,0,1,20,0,6,0,0,0,0,0
113,公立,技專校院,0053,國立高雄科技大學,碩士在職專班,男,1225,230,230,12,8,1,1,163,0,5,2,0,29,1,7,0,1,0,0,0
113,公立,技專校院,0144,國立臺灣戲曲學院,學士班(日間),女,279,11,11,2,0,5,0,4,0,0,0,0,0,0,0,0,0,0,0,0
113,公立,技專校院,0144,國立臺灣戲曲學院,學士班(日間),男,170,12,11,0,0,1,0,8,0,0,1,0,0,0,0,0,1,1,1,0
113,公立,技專校院,0221,國立臺南護理專科學校,二專(日間),女,40,2,2,0,1,1,0,0,0,0,0,0,0,0,0,0,0,0,0,0
113,公立,技專校院,0221,國立臺南護理專科學校,二專(日間),男,3,0,0,0,0,0,0,0,0,0,0,0,0,0,0,0,0,0,0,0
113,公立,技專校院,0221,國立臺南護理專科學校,二專(進修),男,10,1,1,0,0,0,0,1,0,0,0,0,0,0,0,0,0,0,0,0
113,公立,技專校院,0221,國立臺南護理專科學校,五專,男,201,10,10,2,1,5,2,0,0,0,0,0,0,0,0,0,0,0,0,0
113,公立,技專校院,0221,國立臺南護理專科學校,二專(進修),女,32,6,6,0,0,1,0,5,0,0,0,0,0,0,0,0,0,0,0,0
113,公立,技專校院,0221,國立臺南護理專科學校,五專,女,1706,51,51,4,1,34,5,3,0,1,0,0,0,1,1,1,0,0,0,0
113,公立,技專校院,0222,國立臺東專科學校,二專(日間),男,267,20,20,1,3,6,1,7,0,0,1,0,0,1,0,0,0,0,0,0
113,公立,技專校院,0222,國立臺東專科學校,五專,男,80,8,8,0,0,1,2,2,0,0,2,0,0,0,1,0,0,0,0,0
113,公立,技專校院,0222,國立臺東專科學校,二專(日間),女,91,7,7,0,1,2,1,3,0,0,0,0,0,0,0,0,0,0,0,0
113,公立,技專校院,0222,國立臺東專科學校,二專(進修),女,34,1,1,0,0,0,0,1,0,0,0,0,0,0,0,0,0,0,0,0
113,公立,技專校院,0222,國立臺東專科學校,五專,女,79,6,6,0,0,2,2,1,0,0,1,0,0,0,0,0,0,0,0,0
113,公立,技專校院,0222,國立臺東專科學校,二專(進修),男,46,1,1,0,0,0,0,1,0,0,0,0,0,0,0,0,0,0,0,0
113,私立,一般大學,1001,東海大學,學士班(進修),女,139,19,18,4,1,0,1,5,0,2,0,1,0,0,4,0,0,1,0,1
113,私立,一般大學,1001,東海大學,博士班,女,96,29,29,3,0,0,0,12,0,2,0,1,10,0,1,0,0,0,0,0
113,私立,一般大學,1001,東海大學,碩士班(日間),女,676,230,225,17,11,10,1,61,1,11,0,13,74,0,20,6,0,5,0,5
113,私立,一般大學,1001,東海大學,碩士在職專班,女,405,120,113,7,0,1,1,55,1,3,0,3,31,0,11,0,0,7,0,7
113,私立,一般大學,1001,東海大學,學士班(進修),男,130,20,16,1,1,0,1,11,0,0,0,0,0,0,1,1,0,4,0,4
113,私立,一般大學,1001,東海大學,碩士班(日間),男,672,203,199,7,10,10,3,67,0,5,5,4,66,2,18,2,0,4,0,4
113,私立,一般大學,1001,東海大學,碩士在職專班,男,349,96,82,3,0,0,0,53,0,3,0,1,12,0,9,1,0,14,0,14
113,私立,一般大學,1001,東海大學,學士班(日間),女,7010,302,285,43,17,96,16,13,1,7,0,51,0,22,15,4,0,17,0,17
113,私立,一般大學,1001,東海大學,學士班(日間),男,5963,284,250,22,12,78,28,31,0,1,6,29,0,10,25,8,0,34,0,34
113,私立,一般大學,1001,東海大學,博士班,男,146,39,38,0,3,0,0,15,0,2,0,1,15,0,1,1,0,1,0,1
113,私立,一般大學,1002,輔仁大學,學士班(日間),女,10693,374,372,39,10,199,9,19,1,3,0,57,1,11,20,1,2,2,0,2
113,私立,一般大學,1002,輔仁大學,學士班(進修),女,2127,166,161,23,7,31,4,56,2,4,0,9,0,2,14,0,9,5,0,5
113,私立,一般大學,1002,輔仁大學,博士班,女,195,47,47,11,0,4,0,7,1,4,0,1,16,0,3,0,0,0,0,0
113,私立,一般大學,1002,輔仁大學,學士班(日間),男,7494,348,347,20,5,200,15,27,0,2,9,30,0,8,29,0,2,1,0,1
113,私立,一般大學,1002,輔仁大學,博士班,男,254,74,74,4,0,9,0,17,0,8,0,2,24,0,10,0,0,0,0,0
113,私立,一般大學,1002,輔仁大學,碩士班(日間),女,1113,264,264,22,3,61,1,39,4,21,0,18,64,1,22,6,2,0,0,0
113,私立,一般大學,1002,輔仁大學,碩士在職專班,女,918,243,243,19,5,53,0,47,4,40,0,5,38,0,24,3,5,0,0,0
113,私立,一般大學,1002,輔仁大學,學士班(進修),男,1564,120,113,12,2,23,2,54,0,1,2,1,0,1,7,1,7,7,0,7
113,私立,一般大學,1002,輔仁大學,碩士班(日間),男,747,140,140,9,4,34,0,20,0,3,4,9,45,0,9,2,1,0,0,0
113,私立,一般大學,1002,輔仁大學,碩士在職專班,男,576,127,127,9,0,15,0,38,0,14,0,4,29,0,15,2,1,0,0,0
113,私立,一般大學,1003,東吳大學,學士班(日間),女,7103,283,279,52,5,62,10,20,1,0,0,73,0,32,8,9,7,4,0,4
113,私立,一般大學,1003,東吳大學,博士班,女,40,11,11,0,0,0,0,4,0,2,0,0,5,0,0,0,0,0,0,0
113,私立,一般大學,1003,東吳大學,學士班(日間),男,4761,253,249,17,8,42,9,42,0,1,12,44,0,27,16,9,22,4,0,4
113,私立,一般大學,1003,東吳大學,學士班(進修),男,188,17,17,3,0,1,1,6,0,1,1,1,0,1,2,0,0,0,0,0
113,私立,一般大學,1003,東吳大學,碩士在職專班,男,579,111,111,4,1,1,0,53,0,9,2,3,23,1,12,0,2,0,0,0
113,私立,一般大學,1003,東吳大學,學士班(進修),女,273,25,24,3,1,0,0,12,0,2,0,2,0,2,1,0,1,1,0,1
113,私立,一般大學,1003,東吳大學,碩士班(日間),女,690,145,145,8,1,3,0,40,1,5,0,4,67,5,6,4,1,0,0,0
113,私立,一般大學,1003,東吳大學,碩士在職專班,女,671,124,124,7,0,1,0,42,1,20,0,7,32,1,11,1,1,0,0,0
113,私立,一般大學,1003,東吳大學,博士班,男,61,13,13,0,1,0,0,2,0,1,0,0,6,0,2,0,1,0,0,0
113,私立,一般大學,1003,東吳大學,碩士班(日間),男,592,138,138,7,3,9,1,38,0,2,3,7,52,3,6,4,3,0,0,0
113,私立,一般大學,1004,中原大學,碩士班(日間),女,673,106,106,3,8,2,1,32,3,6,0,7,24,1,11,8,0,0,0,0
113,私立,一般大學,1004,中原大學,碩士在職專班,女,375,62,62,4,2,0,0,32,3,8,0,1,5,0,6,1,0,0,0,0
113,私立,一般大學,1004,中原大學,學士班(日間),男,7134,319,313,16,15,91,40,51,0,2,32,27,1,1,21,16,0,6,0,6
113,私立,一般大學,1004,中原大學,博士班,男,204,54,54,1,1,0,0,21,0,5,3,1,12,1,8,1,0,0,0,0
113,私立,一般大學,1004,中原大學,學士班(日間),女,6523,216,209,26,9,59,25,22,0,8,0,35,0,3,10,12,0,7,0,7
113,私立,一般大學,1004,中原大學,博士班,女,116,25,25,1,1,1,0,9,1,2,0,0,10,0,0,0,0,0,0,0
113,私立,一般大學,1004,中原大學,碩士班(日間),男,926,93,93,8,2,6,2,30,0,1,3,2,25,0,9,5,0,0,0,0
113,私立,一般大學,1004,中原大學,碩士在職專班,男,559,109,109,4,1,2,0,63,0,19,0,1,10,0,8,1,0,0,0,0
113,私立,一般大學,1005,淡江大學學校財團法人淡江大學,學士班(日間),女,8910,437,209,36,4,56,9,16,0,0,0,50,0,12,16,7,3,228,0,228
113,私立,一般大學,1005,淡江大學學校財團法人淡江大學,學士班(進修),女,248,53,13,2,1,1,0,4,1,2,0,1,0,0,1,0,0,40,0,40
113,私立,一般大學,1005,淡江大學學校財團法人淡江大學,博士班,女,120,22,14,0,0,0,0,4,0,3,0,0,5,0,2,0,0,8,0,8
113,私立,一般大學,1005,淡江大學學校財團法人淡江大學,學士班(日間),男,10405,796,351,31,5,105,36,33,0,0,6,51,0,14,51,18,1,445,0,445
113,私立,一般大學,1005,淡江大學學校財團法人淡江大學,碩士班(日間),男,758,132,68,5,4,5,0,15,0,1,0,6,11,1,18,2,0,64,0,64
113,私立,一般大學,1005,淡江大學學校財團法人淡江大學,碩士班(日間),女,619,107,68,5,3,2,0,18,0,4,0,2,18,1,12,2,1,39,0,39
113,私立,一般大學,1005,淡江大學學校財團法人淡江大學,碩士在職專班,女,290,52,27,1,0,0,0,13,1,4,0,0,4,0,4,0,0,25,0,25
113,私立,一般大學,1005,淡江大學學校財團法人淡江大學,學士班(進修),男,397,96,22,1,0,5,0,8,0,0,0,1,0,0,6,1,0,74,0,74
113,私立,一般大學,1005,淡江大學學校財團法人淡江大學,博士班,男,239,45,30,3,1,0,0,13,0,0,0,0,6,0,7,0,0,15,0,15
113,私立,一般大學,1005,淡江大學學校財團法人淡江大學,碩士在職專班,男,290,57,21,0,0,0,0,16,0,2,0,0,1,0,2,0,0,36,0,36
113,私立,一般大學,1006,中國文化大學,碩士班(日間),女,749,160,160,12,10,2,5,48,0,4,0,10,45,2,4,11,7,0,0,0
113,私立,一般大學,1006,中國文化大學,碩士在職專班,女,341,95,86,7,3,4,0,33,1,2,0,3,28,1,4,0,0,9,0,9
113,私立,一般大學,1006,中國文化大學,學士班(進修),男,442,88,39,0,0,8,0,20,0,0,5,2,0,0,2,2,0,49,0,49
113,私立,一般大學,1006,中國文化大學,博士班,男,306,81,81,6,3,0,1,31,0,1,0,2,32,0,0,0,5,0,0,0
113,私立,一般大學,1006,中國文化大學,碩士在職專班,男,173,60,52,3,0,2,0,21,0,1,1,3,18,0,2,1,0,8,0,8
113,私立,一般大學,1006,中國文化大學,學士班(日間),女,6727,306,304,42,25,59,32,47,1,1,0,42,1,16,6,5,27,2,0,2
113,私立,一般大學,1006,中國文化大學,學士班(進修),女,756,119,72,3,3,19,0,26,0,4,0,3,0,1,10,3,0,47,0,47
113,私立,一般大學,1006,中國文化大學,博士班,女,183,62,62,6,0,1,0,16,0,2,0,3,25,2,1,1,5,0,0,0
113,私立,一般大學,1006,中國文化大學,學士班(日間),男,7471,447,439,25,29,81,69,105,0,0,6,30,0,26,9,12,47,8,0,8
113,私立,一般大學,1006,中國文化大學,碩士班(日間),男,756,193,192,12,13,2,3,76,0,3,7,3,41,3,3,17,9,1,0,1
113,私立,一般大學,1007,逢甲大學,學士班(進修),女,280,32,31,2,1,3,1,11,1,4,0,4,0,1,3,0,0,1,0,1
113,私立,一般大學,1007,逢甲大學,碩士班(日間),女,603,57,57,4,2,11,0,19,1,3,0,1,3,0,12,1,0,0,0,0
113,私立,一般大學,1007,逢甲大學,碩士在職專班,女,466,67,67,7,2,4,1,34,2,6,0,1,4,0,6,0,0,0,0,0
113,私立,一般大學,1007,逢甲大學,學士班(進修),男,470,40,36,0,0,11,1,16,0,1,3,0,0,0,4,0,0,4,0,4
113,私立,一般大學,1007,逢甲大學,博士班,男,262,36,36,3,0,0,1,17,0,1,1,1,7,0,5,0,0,0,0,0
113,私立,一般大學,1007,逢甲大學,碩士班(日間),男,1104,109,108,10,3,24,2,30,0,0,10,1,13,2,12,1,0,1,0,1
113,私立,一般大學,1007,逢甲大學,學士班(日間),女,7302,195,192,35,4,73,15,11,2,1,0,35,0,1,13,0,2,3,0,3
113,私立,一般大學,1007,逢甲大學,博士班,女,123,15,15,1,0,1,0,5,1,1,0,0,4,0,2,0,0,0,0,0
113,私立,一般大學,1007,逢甲大學,學士班(日間),男,10154,361,354,29,5,172,17,30,0,1,41,29,0,0,22,1,7,7,0,7
113,私立,一般大學,1007,逢甲大學,碩士在職專班,男,698,95,95,0,1,8,0,58,0,8,0,1,12,0,6,0,1,0,0,0
113,私立,一般大學,1008,靜宜大學,學士班(日間),女,5658,196,186,23,11,40,34,34,0,0,0,13,0,20,7,4,0,10,0,10
113,私立,一般大學,1008,靜宜大學,碩士班(日間),女,461,88,88,5,5,1,4,34,0,2,0,2,21,0,7,7,0,0,0,0
113,私立,一般大學,1008,靜宜大學,碩士在職專班,女,262,34,34,1,0,0,1,21,0,2,0,0,5,0,1,3,0,0,0,0
113,私立,一般大學,1008,靜宜大學,學士班(日間),男,3772,178,170,10,12,52,29,31,0,0,4,7,0,18,2,5,0,8,0,8
113,私立,一般大學,1008,靜宜大學,學士班(進修),男,3,0,0,0,0,0,0,0,0,0,0,0,0,0,0,0,0,0,0,0
113,私立,一般大學,1008,靜宜大學,碩士在職專班,男,143,19,19,0,1,0,0,10,0,2,0,0,5,0,1,0,0,0,0,0
113,私立,一般大學,1008,靜宜大學,學士班(進修),女,38,0,0,0,0,0,0,0,0,0,0,0,0,0,0,0,0,0,0,0
113,私立,一般大學,1008,靜宜大學,博士班,女,35,7,7,1,0,0,0,3,0,1,0,0,2,0,0,0,0,0,0,0
113,私立,一般大學,1008,靜宜大學,博士班,男,27,4,4,0,0,0,0,3,0,0,1,0,0,0,0,0,0,0,0,0
113,私立,一般大學,1008,靜宜大學,碩士班(日間),男,231,42,42,4,2,1,3,19,0,0,0,2,9,1,0,1,0,0,0,0
113,私立,一般大學,1009,長庚大學,碩士班(日間),女,696,114,114,9,0,12,0,34,1,5,0,3,23,1,20,3,3,0,0,0
113,私立,一般大學,1009,長庚大學,碩士在職專班,女,88,19,19,0,0,2,0,9,0,2,0,0,2,0,4,0,0,0,0,0
113,私立,一般大學,1009,長庚大學,博士班,男,273,42,42,2,0,0,0,10,0,1,0,3,21,0,5,0,0,0,0,0
113,私立,一般大學,1009,長庚大學,碩士班(日間),男,586,58,58,2,2,8,1,22,0,0,0,3,8,0,7,1,4,0,0,0
113,私立,一般大學,1009,長庚大學,學士班(日間),女,2826,110,110,9,1,56,11,4,0,1,0,13,0,4,2,2,7,0,0,0
113,私立,一般大學,1009,長庚大學,博士班,女,179,29,29,1,1,0,1,8,0,1,0,1,11,0,5,0,0,0,0,0
113,私立,一般大學,1009,長庚大學,學士班(日間),男,2502,84,84,5,1,43,20,3,0,0,0,4,0,1,2,0,5,0,0,0
113,私立,一般大學,1009,長庚大學,碩士在職專班,男,91,26,26,0,0,0,0,9,0,2,0,1,7,0,7,0,0,0,0,0
113,私立,一般大學,1010,元智大學,學士班(日間),女,3348,78,78,7,2,42,5,7,0,0,0,11,0,1,2,1,0,0,0,0
113,私立,一般大學,1010,元智大學,博士班,女,76,9,9,0,0,0,0,4,0,0,0,0,5,0,0,0,0,0,0,0
113,私立,一般大學,1010,元智大學,碩士班(日間),男,543,34,34,0,1,7,0,10,0,0,0,2,7,0,6,1,0,0,0,0
113,私立,一般大學,1010,元智大學,碩士在職專班,男,304,37,37,1,1,2,0,21,0,2,0,1,5,0,4,0,0,0,0,0
113,私立,一般大學,1010,元智大學,碩士班(日間),女,375,14,14,0,0,1,0,3,0,0,0,3,3,0,4,0,0,0,0,0
113,私立,一般大學,1010,元智大學,碩士在職專班,女,208,25,25,2,0,0,0,12,2,2,0,0,2,0,4,1,0,0,0,0
113,私立,一般大學,1010,元智大學,學士班(日間),男,4099,125,125,7,3,59,24,12,0,0,2,7,1,1,8,1,0,0,0,0
113,私立,一般大學,1010,元智大學,博士班,男,161,27,27,0,1,0,0,13,0,1,0,1,6,0,5,0,0,0,0,0
113,私立,一般大學,1011,中華大學學校財團法人中華大學,學士班(日間),女,852,42,41,3,1,7,6,14,2,1,0,1,0,2,2,2,0,1,0,1
113,私立,一般大學,1011,中華大學學校財團法人中華大學,學士班(進修),女,142,3,3,0,0,1,0,1,0,0,0,0,0,1,0,0,0,0,0,0
113,私立,一般大學,1011,中華大學學校財團法人中華大學,博士班,女,20,4,4,0,0,0,0,2,0,0,0,0,0,0,2,0,0,0,0,0
113,私立,一般大學,1011,中華大學學校財團法人中華大學,碩士班(日間),女,65,18,18,1,0,0,0,11,0,0,0,1,4,0,1,0,0,0,0,0
113,私立,一般大學,1011,中華大學學校財團法人中華大學,博士班,男,40,13,13,1,0,0,0,9,0,0,0,0,1,1,1,0,0,0,0,0
113,私立,一般大學,1011,中華大學學校財團法人中華大學,碩士班(日間),男,164,41,40,1,0,2,0,27,0,1,3,0,4,0,2,0,0,1,0,1
113,私立,一般大學,1011,中華大學學校財團法人中華大學,碩士在職專班,男,74,26,26,2,0,0,0,18,0,0,0,1,4,0,1,0,0,0,0,0
113,私立,一般大學,1011,中華大學學校財團法人中華大學,碩士在職專班,女,35,9,9,0,0,0,0,5,0,3,0,0,1,0,0,0,0,0,0,0
113,私立,一般大學,1011,中華大學學校財團法人中華大學,學士班(日間),男,1881,122,117,8,12,19,18,24,0,0,19,9,0,2,2,4,0,5,0,5
113,私立,一般大學,1011,中華大學學校財團法人中華大學,學士班(進修),男,284,17,14,0,1,0,1,8,0,0,3,0,0,0,0,1,0,3,0,3
113,私立,一般大學,1012,大葉大學,碩士班(日間),女,185,43,43,3,1,1,0,28,2,0,0,1,3,0,4,0,0,0,0,0
113,私立,一般大學,1012,大葉大學,碩士在職專班,女,66,25,25,0,0,0,0,20,0,1,0,0,2,0,2,0,0,0,0,0
113,私立,一般大學,1012,大葉大學,學士班(日間),男,1645,193,191,15,14,42,9,54,0,1,37,5,0,1,6,6,1,2,0,2
113,私立,一般大學,1012,大葉大學,學士班(進修),男,107,18,18,0,2,0,0,13,0,0,3,0,0,0,0,0,0,0,0,0
113,私立,一般大學,1012,大葉大學,碩士在職專班,男,59,31,31,0,0,0,0,24,0,1,0,0,5,0,0,1,0,0,0,0
113,私立,一般大學,1012,大葉大學,學士班(日間),女,1238,92,92,19,15,19,4,20,1,4,0,5,0,2,2,1,0,0,0,0
113,私立,一般大學,1012,大葉大學,學士班(進修),女,88,16,16,1,1,1,1,8,2,1,0,0,0,0,1,0,0,0,0,0
113,私立,一般大學,1012,大葉大學,博士班,女,27,16,16,2,0,0,0,1,0,3,0,0,5,0,5,0,0,0,0,0
113,私立,一般大學,1012,大葉大學,博士班,男,74,42,42,1,3,1,0,32,0,0,0,0,5,0,0,0,0,0,0,0
113,私立,一般大學,1012,大葉大學,碩士班(日間),男,177,59,59,2,1,2,0,40,0,0,4,1,7,0,1,1,0,0,0,0
113,私立,一般大學,1013,華梵學校財團法人華梵大學,學士班(日間),女,335,50,50,7,1,2,1,5,0,0,0,3,0,0,21,0,10,0,0,0
113,私立,一般大學,1013,華梵學校財團法人華梵大學,博士班,女,41,7,7,0,0,0,3,2,0,0,0,0,2,0,0,0,0,0,0,0
113,私立,一般大學,1013,華梵學校財團法人華梵大學,學士班(日間),男,233,33,33,6,1,5,0,9,0,0,3,2,0,0,5,0,2,0,0,0
113,私立,一般大學,1013,華梵學校財團法人華梵大學,碩士在職專班,男,82,18,18,5,0,0,0,4,0,0,0,1,4,0,4,0,0,0,0,0
113,私立,一般大學,1013,華梵學校財團法人華梵大學,碩士班(日間),女,107,33,33,2,0,2,0,9,0,2,0,1,13,0,3,0,1,0,0,0
113,私立,一般大學,1013,華梵學校財團法人華梵大學,碩士在職專班,女,141,23,23,0,1,1,1,7,0,1,0,0,5,0,6,0,1,0,0,0
113,私立,一般大學,1013,華梵學校財團法人華梵大學,博士班,男,27,4,4,0,0,0,1,1,0,0,0,1,1,0,0,0,0,0,0,0
113,私立,一般大學,1013,華梵學校財團法人華梵大學,碩士班(日間),男,97,16,16,3,0,0,1,5,0,0,1,0,4,0,1,0,1,0,0,0
113,私立,一般大學,1014,義守大學,碩士在職專班,女,100,16,16,0,0,0,0,9,0,4,0,0,2,0,1,0,0,0,0,0
113,私立,一般大學,1014,義守大學,學士班(日間),男,4819,143,143,13,12,59,8,39,0,0,3,4,0,0,2,1,2,0,0,0
113,私立,一般大學,1014,義守大學,博士班,男,79,17,17,2,0,0,1,12,0,0,0,0,2,0,0,0,0,0,0,0
113,私立,一般大學,1014,義守大學,學士班(日間),女,4647,110,110,25,6,43,9,15,3,0,0,2,0,2,3,0,2,0,0,0
113,私立,一般大學,1014,義守大學,學士班(進修),女,227,8,8,1,0,1,0,3,0,0,0,0,0,0,2,0,1,0,0,0
113,私立,一般大學,1014,義守大學,博士班,女,42,3,3,0,0,0,0,3,0,0,0,0,0,0,0,0,0,0,0,0
113,私立,一般大學,1014,義守大學,碩士班(日間),女,169,15,15,2,0,1,0,9,0,1,0,0,2,0,0,0,0,0,0,0
113,私立,一般大學,1014,義守大學,學士班(進修),男,486,19,19,0,0,0,0,14,0,0,2,0,0,0,1,2,0,0,0,0
113,私立,一般大學,1014,義守大學,碩士班(日間),男,192,14,14,0,4,2,1,4,0,0,1,0,1,0,1,0,0,0,0,0
113,私立,一般大學,1014,義守大學,碩士在職專班,男,171,15,15,1,1,1,0,7,0,1,1,0,3,0,0,0,0,0,0,0
113,私立,一般大學,1015,世新大學,學士班(日間),男,3137,132,132,8,3,48,5,28,0,1,8,12,0,10,6,1,2,0,0,0
113,私立,一般大學,1015,世新大學,博士班,男,40,13,13,0,0,0,0,2,0,0,0,1,9,0,1,0,0,0,0,0
113,私立,一般大學,1015,世新大學,學士班(日間),女,6076,208,208,24,10,69,6,34,1,0,0,36,0,19,3,3,3,0,0,0
113,私立,一般大學,1015,世新大學,學士班(進修),女,473,20,20,1,3,4,1,9,0,0,0,1,0,0,0,0,1,0,0,0
113,私立,一般大學,1015,世新大學,博士班,女,38,9,9,0,1,0,0,5,0,1,0,0,1,0,1,0,0,0,0,0
113,私立,一般大學,1015,世新大學,碩士班(日間),女,278,59,59,2,0,2,0,20,1,0,0,2,28,0,2,1,1,0,0,0
113,私立,一般大學,1015,世新大學,碩士在職專班,女,252,78,78,2,0,1,0,47,3,7,0,0,14,0,4,0,0,0,0,0
113,私立,一般大學,1015,世新大學,學士班(進修),男,277,23,23,1,0,4,2,12,0,0,0,0,0,0,2,1,1,0,0,0
113,私立,一般大學,1015,世新大學,碩士班(日間),男,224,64,64,2,2,1,0,21,0,0,5,0,27,0,6,0,0,0,0,0
113,私立,一般大學,1015,世新大學,碩士在職專班,男,233,65,65,3,1,0,0,44,0,1,0,0,9,0,5,2,0,0,0,0
113,私立,一般大學,1016,銘傳大學,博士班,女,41,15,15,6,0,0,0,4,1,0,0,0,3,0,1,0,0,0,0,0
113,私立,一般大學,1016,銘傳大學,碩士班(日間),女,453,76,76,8,0,2,0,29,1,3,0,5,21,0,6,0,1,0,0,0
113,私立,一般大學,1016,銘傳大學,碩士在職專班,男,268,44,44,1,0,0,0,28,0,0,1,0,13,0,0,1,0,0,0,0
113,私立,一般大學,1016,銘傳大學,學士班(日間),女,9174,340,340,55,9,97,20,78,3,2,0,44,0,6,19,2,5,0,0,0
113,私立,一般大學,1016,銘傳大學,碩士在職專班,女,390,79,79,7,0,0,0,43,0,7,0,2,15,0,4,1,0,0,0,0
113,私立,一般大學,1016,銘傳大學,學士班(日間),男,6639,282,282,20,4,77,23,87,0,0,17,20,0,2,22,5,5,0,0,0
113,私立,一般大學,1016,銘傳大學,博士班,男,32,8,8,1,0,0,0,5,0,1,0,0,0,0,1,0,0,0,0,0
113,私立,一般大學,1016,銘傳大學,碩士班(日間),男,290,54,54,2,0,1,0,19,0,0,2,1,23,2,3,0,1,0,0,0
113,私立,一般大學,1017,實踐大學,學士班(日間),女,5677,300,300,30,15,78,29,39,3,3,0,34,0,47,2,5,15,0,0,0
113,私立,一般大學,1017,實踐大學,學士班(進修),女,695,58,58,9,4,5,5,18,1,4,0,3,0,3,2,1,3,0,0,0
113,私立,一般大學,1017,實踐大學,博士班,女,15,2,2,1,0,0,0,1,0,0,0,0,0,0,0,0,0,0,0,0
113,私立,一般大學,1017,實踐大學,碩士班(日間),女,199,26,26,1,1,3,0,8,0,2,0,1,8,0,0,1,1,0,0,0
113,私立,一般大學,1017,實踐大學,學士班(進修),男,304,28,28,2,0,0,1,19,0,0,2,1,0,1,0,0,2,0,0,0
113,私立,一般大學,1017,實踐大學,碩士班(日間),男,131,35,35,1,1,1,0,13,0,1,0,2,12,2,1,0,1,0,0,0
113,私立,一般大學,1017,實踐大學,碩士在職專班,男,25,6,6,0,0,0,0,3,0,0,0,0,3,0,0,0,0,0,0,0
113,私立,一般大學,1017,實踐大學,碩士在職專班,女,80,15,15,1,1,0,0,4,1,0,0,2,4,0,2,0,0,0,0,0
113,私立,一般大學,1017,實踐大學,學士班(日間),男,3169,203,202,13,7,41,28,31,0,0,11,24,0,15,8,7,17,1,0,1
113,私立,一般大學,1017,實踐大學,博士班,男,10,2,2,0,0,0,0,1,0,0,0,0,1,0,0,0,0,0,0,0
113,私立,技專校院,1018,朝陽科技大學,學士班(日間),女,6221,233,233,20,20,98,8,36,5,4,0,11,0,13,17,1,0,0,0,0
113,私立,技專校院,1018,朝陽科技大學,學士班(日間),男,5037,225,224,14,9,76,22,47,0,0,27,9,0,8,8,4,0,1,0,1
113,私立,技專校院,1018,朝陽科技大學,學士班(進修),男,492,45,43,1,2,4,2,22,0,1,9,1,0,0,1,0,0,2,0,2
113,私立,技專校院,1018,朝陽科技大學,學士班(進修),女,431,39,38,4,2,8,1,16,0,3,0,0,0,1,3,0,0,1,0,1
113,私立,技專校院,1018,朝陽科技大學,博士班,女,30,3,3,2,0,0,0,1,0,0,0,0,0,0,0,0,0,0,0,0
113,私立,技專校院,1018,朝陽科技大學,碩士班(日間),女,310,53,53,4,4,7,0,14,1,3,0,1,14,1,1,1,2,0,0,0
113,私立,技專校院,1018,朝陽科技大學,碩士在職專班,女,133,25,25,0,1,2,0,10,1,3,0,0,6,0,2,0,0,0,0,0
113,私立,技專校院,1018,朝陽科技大學,博士班,男,71,6,6,0,0,0,0,5,0,0,0,0,1,0,0,0,0,0,0,0
113,私立,技專校院,1018,朝陽科技大學,碩士班(日間),男,322,50,50,5,1,5,0,18,0,1,5,1,9,1,2,2,0,0,0,0
113,私立,技專校院,1018,朝陽科技大學,碩士在職專班,男,105,19,19,0,0,0,0,13,0,0,0,0,5,0,1,0,0,0,0,0
113,私立,一般大學,1019,高雄醫學大學,碩士班(日間),女,483,88,88,5,1,9,1,23,3,4,0,4,26,6,4,2,0,0,0,0
113,私立,一般大學,1019,高雄醫學大學,碩士在職專班,女,124,37,37,0,0,1,0,16,1,4,0,0,10,1,4,0,0,0,0,0
113,私立,一般大學,1019,高雄醫學大學,學士班(日間),男,2292,112,112,1,2,76,7,4,0,0,4,3,0,4,3,7,1,0,0,0
113,私立,一般大學,1019,高雄醫學大學,博士班,男,168,39,39,1,2,3,0,5,0,4,0,5,18,0,0,0,1,0,0,0
113,私立,一般大學,1019,高雄醫學大學,碩士在職專班,男,87,33,33,0,0,0,0,20,0,5,0,0,7,1,0,0,0,0,0,0
113,私立,一般大學,1019,高雄醫學大學,學士班(日間),女,3129,160,160,5,2,101,13,2,0,1,0,20,0,7,2,5,2,0,0,0
113,私立,一般大學,1019,高雄醫學大學,博士班,女,156,38,38,1,0,1,0,5,0,6,0,4,18,1,2,0,0,0,0,0
113,私立,一般大學,1019,高雄醫學大學,碩士班(日間),男,228,46,46,0,1,3,0,16,0,5,0,1,10,1,5,4,0,0,0,0
113,私立,一般大學,1020,南華大學,學士班(進修),女,88,12,12,2,1,0,0,8,0,0,0,0,0,0,1,0,0,0,0,0
113,私立,一般大學,1020,南華大學,博士班,女,19,1,1,0,0,0,0,0,0,1,0,0,0,0,0,0,0,0,0,0
113,私立,一般大學,1020,南華大學,碩士班(日間),女,345,110,110,7,3,3,0,45,2,5,0,4,27,0,11,3,0,0,0,0
113,私立,一般大學,1020,南華大學,碩士在職專班,女,272,63,63,5,0,0,0,24,1,6,0,1,17,0,8,1,0,0,0,0
113,私立,一般大學,1020,南華大學,碩士在職專班,男,146,38,38,3,2,1,0,11,0,1,0,3,13,0,4,0,0,0,0,0
113,私立,一般大學,1020,南華大學,學士班(日間),女,1914,105,105,24,6,28,3,18,3,3,1,6,0,1,8,4,0,0,0,0
113,私立,一般大學,1020,南華大學,學士班(日間),男,1557,138,138,16,7,52,14,24,0,0,4,3,0,4,9,5,0,0,0,0
113,私立,一般大學,1020,南華大學,學士班(進修),男,130,31,31,0,0,5,0,24,0,0,0,0,0,2,0,0,0,0,0,0
113,私立,一般大學,1020,南華大學,博士班,男,28,6,6,0,0,0,0,2,0,1,0,0,2,0,1,0,0,0,0,0
113,私立,一般大學,1020,南華大學,碩士班(日間),男,191,60,60,2,6,2,0,32,0,0,0,0,16,0,2,0,0,0,0,0
113,私立,一般大學,1021,真理大學,學士班(日間),女,1034,52,52,4,7,14,1,14,0,0,0,6,0,3,2,1,0,0,0,0
113,私立,一般大學,1021,真理大學,學士班(日間),男,1159,96,96,6,18,17,4,34,0,0,4,2,1,4,4,2,0,0,0,0
113,私立,一般大學,1021,真理大學,碩士班(日間),女,59,6,6,0,0,0,0,1,0,0,0,1,4,0,0,0,0,0,0,0
113,私立,一般大學,1021,真理大學,碩士在職專班,女,3,3,3,0,0,0,0,3,0,0,0,0,0,0,0,0,0,0,0,0
113,私立,一般大學,1021,真理大學,碩士班(日間),男,62,8,8,1,1,0,0,2,0,0,0,0,4,0,0,0,0,0,0,0
113,私立,一般大學,1021,真理大學,碩士在職專班,男,5,2,2,0,0,0,0,1,0,0,0,0,1,0,0,0,0,0,0,0
113,私立,一般大學,1022,大同大學,學士班(日間),女,1104,56,56,11,4,18,3,4,0,0,0,10,0,3,1,2,0,0,0,0
113,私立,一般大學,1022,大同大學,博士班,女,29,14,14,4,1,0,0,8,0,0,0,0,1,0,0,0,0,0,0,0
113,私立,一般大學,1022,大同大學,學士班(日間),男,1951,129,129,11,5,51,22,14,0,0,8,9,0,3,5,1,0,0,0,0
113,私立,一般大學,1022,大同大學,博士班,男,68,21,21,3,0,0,0,9,0,0,0,2,5,1,1,0,0,0,0,0
113,私立,一般大學,1022,大同大學,碩士班(日間),女,87,3,3,1,0,0,0,1,0,0,0,1,0,0,0,0,0,0,0,0
113,私立,一般大學,1022,大同大學,碩士在職專班,女,27,3,3,0,0,0,0,1,1,0,0,0,1,0,0,0,0,0,0,0
113,私立,一般大學,1022,大同大學,碩士班(日間),男,131,15,15,2,0,1,0,5,0,0,2,2,2,0,1,0,0,0,0,0
113,私立,一般大學,1022,大同大學,碩士在職專班,男,93,18,18,0,0,0,0,12,0,2,0,0,1,1,2,0,0,0,0,0
113,私立,技專校院,1023,南臺學校財團法人南臺科技大學,學士班(日間),女,4532,408,408,49,23,139,5,139,5,1,0,12,0,2,16,13,4,0,0,0
113,私立,技專校院,1023,南臺學校財團法人南臺科技大學,五專,女,91,8,8,0,0,2,0,2,0,0,0,3,0,0,0,1,0,0,0,0
113,私立,技專校院,1023,南臺學校財團法人南臺科技大學,碩士在職專班,女,168,52,52,3,0,5,0,28,2,2,0,0,5,0,6,1,0,0,0,0
113,私立,技專校院,1023,南臺學校財團法人南臺科技大學,學士班(日間),男,6276,646,646,31,30,146,25,245,0,0,103,11,0,5,18,26,6,0,0,0
113,私立,技專校院,1023,南臺學校財團法人南臺科技大學,學士班(進修),男,1252,366,366,9,11,23,6,243,0,0,61,3,0,0,6,3,1,0,0,0
113,私立,技專校院,1023,南臺學校財團法人南臺科技大學,博士班,男,44,7,7,1,1,1,0,2,0,0,0,0,1,0,1,0,0,0,0,0
113,私立,技專校院,1023,南臺學校財團法人南臺科技大學,學士班(進修),女,816,190,190,8,14,29,2,103,5,3,1,3,0,1,14,4,3,0,0,0
113,私立,技專校院,1023,南臺學校財團法人南臺科技大學,博士班,女,31,3,3,0,1,0,0,1,0,1,0,0,0,0,0,0,0,0,0,0
113,私立,技專校院,1023,南臺學校財團法人南臺科技大學,碩士班(日間),女,279,109,109,6,11,9,0,49,1,2,0,3,12,0,7,9,0,0,0,0
113,私立,技專校院,1023,南臺學校財團法人南臺科技大學,五專,男,499,26,26,1,0,7,4,4,0,0,5,3,0,0,1,1,0,0,0,0
113,私立,技專校院,1023,南臺學校財團法人南臺科技大學,碩士班(日間),男,405,128,128,7,8,29,1,45,0,1,15,3,8,0,10,1,0,0,0,0
113,私立,技專校院,1023,南臺學校財團法人南臺科技大學,碩士在職專班,男,114,53,53,2,0,3,0,34,0,0,0,0,8,0,5,1,0,0,0,0
113,私立,技專校院,1024,崑山科技大學,學士班(日間),女,2467,129,129,12,4,23,10,64,4,1,0,3,0,2,6,0,0,0,0,0
113,私立,技專校院,1024,崑山科技大學,學士班(進修),女,568,69,39,3,1,1,0,25,1,1,0,1,0,1,4,1,0,30,0,30
113,私立,技專校院,1024,崑山科技大學,博士班,女,3,1,1,0,0,0,0,1,0,0,0,0,0,0,0,0,0,0,0,0
113,私立,技專校院,1024,崑山科技大學,學士班(進修),男,1320,150,78,2,5,6,4,34,0,0,20,1,0,2,3,1,0,72,0,72
113,私立,技專校院,1024,崑山科技大學,碩士班(日間),男,173,27,27,3,0,2,0,15,0,0,1,0,6,0,0,0,0,0,0,0
113,私立,技專校院,1024,崑山科技大學,碩士在職專班,男,131,22,10,0,0,1,0,7,0,0,0,0,0,0,2,0,0,12,0,12
113,私立,技專校院,1024,崑山科技大學,碩士班(日間),女,100,12,12,2,0,0,0,9,1,0,0,0,0,0,0,0,0,0,0,0
113,私立,技專校院,1024,崑山科技大學,碩士在職專班,女,73,10,6,0,1,0,0,3,0,0,0,0,2,0,0,0,0,4,0,4
113,私立,技專校院,1024,崑山科技大學,學士班(日間),男,3320,197,193,10,6,34,15,74,0,0,45,5,0,0,4,0,0,4,0,4
113,私立,技專校院,1024,崑山科技大學,博士班,男,18,0,0,0,0,0,0,0,0,0,0,0,0,0,0,0,0,0,0,0
113,私立,技專校院,1025,嘉藥學校財團法人嘉南藥理大學,學士班(日間),女,3860,221,133,13,13,24,5,43,4,0,1,6,0,12,8,3,1,88,0,88
113,私立,技專校院,1025,嘉藥學校財團法人嘉南藥理大學,學士班(進修),女,893,131,66,4,2,9,0,30,2,1,1,3,0,3,7,2,2,65,0,65
113,私立,技專校院,1025,嘉藥學校財團法人嘉南藥理大學,五專,女,268,5,5,0,0,2,0,0,0,0,0,0,0,2,1,0,0,0,0,0
113,私立,技專校院,1025,嘉藥學校財團法人嘉南藥理大學,碩士在職專班,女,70,20,12,0,1,0,0,5,2,1,0,0,0,0,3,0,0,8,0,8
113,私立,技專校院,1025,嘉藥學校財團法人嘉南藥理大學,學士班(進修),男,594,75,37,1,3,4,0,21,0,1,4,0,0,1,1,1,0,38,0,38
113,私立,技專校院,1025,嘉藥學校財團法人嘉南藥理大學,碩士班(日間),男,52,12,4,1,0,1,0,0,0,0,2,0,0,0,0,0,0,8,0,8
113,私立,技專校院,1025,嘉藥學校財團法人嘉南藥理大學,碩士在職專班,男,81,17,7,0,0,0,0,6,0,0,0,0,0,0,1,0,0,10,0,10
113,私立,技專校院,1025,嘉藥學校財團法人嘉南藥理大學,碩士班(日間),女,82,16,12,3,2,0,0,4,0,1,0,1,0,0,0,1,0,4,0,4
113,私立,技專校院,1025,嘉藥學校財團法人嘉南藥理大學,學士班(日間),男,2846,211,111,10,17,16,3,41,0,0,13,0,0,3,4,4,0,100,0,100
113,私立,技專校院,1025,嘉藥學校財團法人嘉南藥理大學,五專,男,164,5,4,0,0,2,0,1,0,0,0,0,0,1,0,0,0,1,0,1
113,私立,技專校院,1026,樹德科技大學,二專(進修),女,151,7,7,0,1,1,0,4,0,0,0,0,0,0,1,0,0,0,0,0
113,私立,技專校院,1026,樹德科技大學,學士班(日間),女,3211,141,137,10,28,29,4,34,1,2,0,8,0,7,11,2,1,4,4,0
113,私立,技專校院,1026,樹德科技大學,學士班(進修),女,820,29,27,3,5,0,0,9,2,1,0,0,0,1,6,0,0,2,2,0
113,私立,技專校院,1026,樹德科技大學,博士班,女,15,4,4,0,0,2,0,1,0,0,0,0,1,0,0,0,0,0,0,0
113,私立,技專校院,1026,樹德科技大學,學士班(進修),男,894,31,28,0,5,2,0,11,0,0,4,4,0,0,2,0,0,3,3,0
113,私立,技專校院,1026,樹德科技大學,五專,男,7,0,0,0,0,0,0,0,0,0,0,0,0,0,0,0,0,0,0,0
113,私立,技專校院,1026,樹德科技大學,碩士班(日間),男,93,8,8,0,0,0,0,3,0,0,0,0,4,0,1,0,0,0,0,0
113,私立,技專校院,1026,樹德科技大學,碩士在職專班,男,115,12,12,0,0,1,0,4,0,2,0,0,5,0,0,0,0,0,0,0
113,私立,技專校院,1026,樹德科技大學,五專,女,5,0,0,0,0,0,0,0,0,0,0,0,0,0,0,0,0,0,0,0
113,私立,技專校院,1026,樹德科技大學,碩士班(日間),女,108,20,20,3,1,0,0,4,0,1,0,0,7,0,4,0,0,0,0,0
113,私立,技專校院,1026,樹德科技大學,碩士在職專班,女,162,9,7,0,1,0,0,3,0,2,0,0,1,0,0,0,0,2,2,0
113,私立,技專校院,1026,樹德科技大學,二專(進修),男,129,4,4,0,0,2,0,1,0,0,0,0,0,0,1,0,0,0,0,0
113,私立,技專校院,1026,樹德科技大學,學士班(日間),男,2504,133,125,11,16,21,4,37,0,0,11,3,0,1,18,2,1,8,8,0
113,私立,技專校院,1026,樹德科技大學,博士班,男,12,1,1,0,0,0,0,1,0,0,0,0,0,0,0,0,0,0,0,0
113,私立,一般大學,1027,慈濟學校財團法人慈濟大學,學士班(日間),女,2047,74,74,5,2,38,3,11,0,2,0,3,0,5,3,0,2,0,0,0
113,私立,一般大學,1027,慈濟學校財團法人慈濟大學,學士班(進修),女,126,30,30,0,3,0,0,22,0,2,0,0,0,0,3,0,0,0,0,0
113,私立,一般大學,1027,慈濟學校財團法人慈濟大學,五專,女,1071,50,50,6,3,35,1,0,1,0,0,0,0,1,0,0,3,0,0,0
113,私立,一般大學,1027,慈濟學校財團法人慈濟大學,學士班(進修),男,8,1,1,0,0,0,0,1,0,0,0,0,0,0,0,0,0,0,0,0
113,私立,一般大學,1027,慈濟學校財團法人慈濟大學,碩士班(日間),男,131,28,28,0,0,2,0,11,0,1,0,0,10,2,2,0,0,0,0,0
113,私立,一般大學,1027,慈濟學校財團法人慈濟大學,碩士在職專班,男,5,2,2,1,0,0,0,0,0,1,0,0,0,0,0,0,0,0,0,0
113,私立,一般大學,1027,慈濟學校財團法人慈濟大學,博士班,女,53,9,9,1,0,0,0,1,0,0,0,0,6,0,1,0,0,0,0,0
113,私立,一般大學,1027,慈濟學校財團法人慈濟大學,碩士班(日間),女,297,71,71,2,1,1,0,22,0,3,0,1,34,0,6,0,1,0,0,0
113,私立,一般大學,1027,慈濟學校財團法人慈濟大學,碩士在職專班,女,21,4,4,0,0,0,0,0,1,1,0,0,1,0,1,0,0,0,0,0
113,私立,一般大學,1027,慈濟學校財團法人慈濟大學,學士班(日間),男,1319,54,54,4,1,25,4,6,0,0,1,1,0,4,7,0,1,0,0,0
113,私立,一般大學,1027,慈濟學校財團法人慈濟大學,五專,男,167,15,15,0,0,6,4,2,0,0,0,0,0,0,2,0,1,0,0,0
113,私立,一般大學,1027,慈濟學校財團法人慈濟大學,博士班,男,40,12,12,1,0,0,0,3,0,0,0,0,7,0,1,0,0,0,0,0
113,私立,一般大學,1028,臺北醫學大學,碩士班(日間),女,461,67,67,3,0,8,0,27,2,2,0,4,11,1,5,4,0,0,0,0
113,私立,一般大學,1028,臺北醫學大學,碩士在職專班,女,229,52,52,3,0,2,0,16,1,7,0,0,20,0,2,1,0,0,0,0
113,私立,一般大學,1028,臺北醫學大學,碩士班(日間),男,253,27,27,0,0,4,2,12,0,1,0,2,3,1,1,1,0,0,0,0
113,私立,一般大學,1028,臺北醫學大學,碩士在職專班,男,68,15,15,2,0,0,0,8,0,0,0,1,4,0,0,0,0,0,0,0
113,私立,一般大學,1028,臺北醫學大學,學士班(日間),女,2660,200,200,8,3,132,5,10,0,3,0,23,0,3,7,5,1,0,0,0
113,私立,一般大學,1028,臺北醫學大學,博士班,女,326,30,30,1,0,1,0,8,1,2,0,0,15,0,2,0,0,0,0,0
113,私立,一般大學,1028,臺北醫學大學,學士班(日間),男,1864,107,107,6,0,76,3,10,0,1,1,5,0,0,4,1,0,0,0,0
113,私立,一般大學,1028,臺北醫學大學,博士班,男,343,31,31,1,0,1,1,8,0,2,0,6,9,0,3,0,0,0,0,0
113,私立,一般大學,1029,中山醫學大學,博士班,女,59,10,10,4,0,0,0,2,0,0,0,0,4,0,0,0,0,0,0,0
113,私立,一般大學,1029,中山醫學大學,碩士班(日間),女,356,59,59,3,1,2,0,14,2,5,0,4,25,0,2,1,0,0,0,0
113,私立,一般大學,1029,中山醫學大學,碩士在職專班,女,123,39,39,1,1,0,0,15,0,3,0,0,16,1,1,1,0,0,0,0
113,私立,一般大學,1029,中山醫學大學,學士班(日間),男,2210,118,118,2,2,78,7,3,0,1,0,7,0,12,3,1,2,0,0,0
113,私立,一般大學,1029,中山醫學大學,學士班(日間),女,3998,205,205,3,2,147,1,11,1,0,0,13,0,16,2,2,7,0,0,0
113,私立,一般大學,1029,中山醫學大學,學士班(進修),女,69,4,4,0,1,0,0,3,0,0,0,0,0,0,0,0,0,0,0,0
113,私立,一般大學,1029,中山醫學大學,學士班(進修),男,37,0,0,0,0,0,0,0,0,0,0,0,0,0,0,0,0,0,0,0
113,私立,一般大學,1029,中山醫學大學,博士班,男,103,13,13,2,0,0,0,3,0,0,1,1,5,0,1,0,0,0,0,0
113,私立,一般大學,1029,中山醫學大學,碩士班(日間),男,167,29,29,0,1,3,0,12,0,1,2,0,8,0,1,1,0,0,0,0
113,私立,一般大學,1029,中山醫學大學,碩士在職專班,男,35,5,5,0,0,0,0,3,0,1,0,0,1,0,0,0,0,0,0,0
113,私立,技專校院,1030,龍華科技大學,二專(日間),女,19,0,0,0,0,0,0,0,0,0,0,0,0,0,0,0,0,0,0,0
113,私立,技專校院,1030,龍華科技大學,學士班(日間),女,2492,59,59,9,7,16,1,15,4,0,0,2,0,0,5,0,0,0,0,0
113,私立,技專校院,1030,龍華科技大學,五專,女,77,4,4,0,0,4,0,0,0,0,0,0,0,0,0,0,0,0,0,0
113,私立,技專校院,1030,龍華科技大學,二專(日間),男,28,0,0,0,0,0,0,0,0,0,0,0,0,0,0,0,0,0,0,0
113,私立,技專校院,1030,龍華科技大學,學士班(日間),男,5360,168,168,22,10,43,9,36,0,1,37,0,0,0,8,2,0,0,0,0
113,私立,技專校院,1030,龍華科技大學,博士班,男,2,2,2,0,0,0,0,1,0,0,1,0,0,0,0,0,0,0,0,0
113,私立,技專校院,1030,龍華科技大學,學士班(進修),女,480,38,38,5,3,5,2,22,0,0,0,0,0,0,1,0,0,0,0,0
113,私立,技專校院,1030,龍華科技大學,碩士班(日間),女,98,16,16,0,1,2,0,6,2,0,0,0,5,0,0,0,0,0,0,0
113,私立,技專校院,1030,龍華科技大學,碩士在職專班,女,55,2,2,0,0,0,0,2,0,0,0,0,0,0,0,0,0,0,0,0
113,私立,技專校院,1030,龍華科技大學,學士班(進修),男,1549,93,93,4,13,14,4,45,0,0,8,0,0,0,3,0,2,0,0,0
113,私立,技專校院,1030,龍華科技大學,五專,男,845,28,28,2,5,11,1,5,0,0,4,0,0,0,0,0,0,0,0,0
113,私立,技專校院,1030,龍華科技大學,碩士班(日間),男,228,41,41,1,4,4,0,14,0,0,5,0,12,0,1,0,0,0,0,0
113,私立,技專校院,1030,龍華科技大學,碩士在職專班,男,107,13,13,0,0,0,0,12,0,0,0,0,0,0,1,0,0,0,0,0
113,私立,技專校院,1031,輔英科技大學,學士班(日間),女,2707,152,152,23,23,29,4,26,6,3,0,5,0,2,11,16,4,0,0,0
113,私立,技專校院,1031,輔英科技大學,學士班(進修),女,921,90,90,4,5,5,0,50,4,5,0,2,0,0,9,6,0,0,0,0
113,私立,技專校院,1031,輔英科技大學,碩士班(日間),女,134,40,40,1,2,1,0,19,2,3,0,0,7,0,5,0,0,0,0,0
113,私立,技專校院,1031,輔英科技大學,碩士在職專班,女,78,15,15,4,0,0,0,5,0,3,0,0,2,0,1,0,0,0,0,0
113,私立,技專校院,1031,輔英科技大學,二專(日間),男,1,0,0,0,0,0,0,0,0,0,0,0,0,0,0,0,0,0,0,0
113,私立,技專校院,1031,輔英科技大學,碩士班(日間),男,45,15,15,2,1,1,0,7,0,0,0,0,2,0,2,0,0,0,0,0
113,私立,技專校院,1031,輔英科技大學,碩士在職專班,男,2,0,0,0,0,0,0,0,0,0,0,0,0,0,0,0,0,0,0,0
113,私立,技專校院,1031,輔英科技大學,二專(日間),女,3,0,0,0,0,0,0,0,0,0,0,0,0,0,0,0,0,0,0,0
113,私立,技專校院,1031,輔英科技大學,五專,女,2305,102,102,11,7,49,22,1,2,1,1,3,0,2,0,0,3,0,0,0
113,私立,技專校院,1031,輔英科技大學,學士班(日間),男,1387,95,95,5,12,12,13,25,0,0,12,3,0,1,7,4,1,0,0,0
113,私立,技專校院,1031,輔英科技大學,學士班(進修),男,394,54,54,4,2,5,0,32,0,0,6,1,0,0,0,3,1,0,0,0
113,私立,技專校院,1031,輔英科技大學,五專,男,303,20,20,1,0,8,3,4,0,0,0,1,0,1,1,0,1,0,0,0
113,私立,技專校院,1032,明新學校財團法人明新科技大學,二專(進修),女,37,5,3,0,0,0,0,3,0,0,0,0,0,0,0,0,0,2,0,2
113,私立,技專校院,1032,明新學校財團法人明新科技大學,學士班(日間),女,2564,208,169,8,18,51,14,25,11,5,0,15,0,7,10,0,5,39,0,39
113,私立,技專校院,1032,明新學校財團法人明新科技大學,學士班(進修),女,1089,98,78,4,1,4,0,58,2,1,0,0,0,0,8,0,0,20,0,20
113,私立,技專校院,1032,明新學校財團法人明新科技大學,碩士在職專班,女,119,22,20,1,1,1,0,15,1,1,0,0,0,0,0,0,0,2,0,2
113,私立,技專校院,1032,明新學校財團法人明新科技大學,學士班(進修),男,1731,163,126,2,4,4,2,96,0,0,13,0,0,0,3,0,2,37,0,37
113,私立,技專校院,1032,明新學校財團法人明新科技大學,博士班,男,8,0,0,0,0,0,0,0,0,0,0,0,0,0,0,0,0,0,0,0
113,私立,技專校院,1032,明新學校財團法人明新科技大學,碩士班(日間),男,208,30,25,0,2,4,0,10,0,0,2,0,4,0,3,0,0,5,0,5
113,私立,技專校院,1032,明新學校財團法人明新科技大學,碩士在職專班,男,186,37,32,0,0,0,0,32,0,0,0,0,0,0,0,0,0,5,0,5
113,私立,技專校院,1032,明新學校財團法人明新科技大學,二專(日間),女,1,1,0,0,0,0,0,0,0,0,0,0,0,0,0,0,0,1,0,1
113,私立,技專校院,1032,明新學校財團法人明新科技大學,碩士班(日間),女,167,34,29,0,5,2,0,7,3,1,0,0,10,0,1,0,0,5,0,5
113,私立,技專校院,1032,明新學校財團法人明新科技大學,二專(日間),男,12,2,0,0,0,0,0,0,0,0,0,0,0,0,0,0,0,2,0,2
113,私立,技專校院,1032,明新學校財團法人明新科技大學,二專(進修),男,89,20,16,1,1,0,0,12,0,0,1,0,0,0,1,0,0,4,0,4
113,私立,技專校院,1032,明新學校財團法人明新科技大學,學士班(日間),男,3698,333,229,9,3,64,35,34,0,1,58,1,0,10,10,2,2,104,0,104
113,私立,一般大學,1033,長榮大學,學士班(進修),女,39,3,3,0,0,0,0,2,0,0,0,0,0,1,0,0,0,0,0,0
113,私立,一般大學,1033,長榮大學,博士班,女,17,5,5,0,0,0,0,3,0,1,0,0,1,0,0,0,0,0,0,0
113,私立,一般大學,1033,長榮大學,碩士班(日間),女,134,24,24,3,1,0,0,7,1,3,0,2,6,0,1,0,0,0,0,0
113,私立,一般大學,1033,長榮大學,博士班,男,29,5,5,0,0,0,0,2,0,1,0,0,2,0,0,0,0,0,0,0
113,私立,一般大學,1033,長榮大學,碩士班(日間),男,74,14,14,0,0,0,0,5,0,1,3,0,2,0,0,1,2,0,0,0
113,私立,一般大學,1033,長榮大學,碩士在職專班,男,57,10,10,2,0,0,0,7,0,0,1,0,0,0,0,0,0,0,0,0
113,私立,一般大學,1033,長榮大學,學士班(日間),女,2124,96,96,13,8,40,0,17,1,0,0,2,0,8,4,1,2,0,0,0
113,私立,一般大學,1033,長榮大學,碩士在職專班,女,37,11,11,0,0,0,0,6,0,2,0,0,3,0,0,0,0,0,0,0
113,私立,一般大學,1033,長榮大學,學士班(日間),男,2117,111,111,10,11,36,0,26,0,0,8,1,0,9,4,4,2,0,0,0
113,私立,一般大學,1033,長榮大學,學士班(進修),男,141,7,7,0,0,3,0,2,0,1,0,0,0,1,0,0,0,0,0,0
113,私立,技專校院,1034,弘光科技大學,二專(進修),女,67,15,15,1,5,4,1,3,0,0,0,0,0,0,0,0,1,0,0,0
113,私立,技專校院,1034,弘光科技大學,學士班(日間),女,4886,292,292,38,48,69,11,76,3,10,2,5,0,15,7,3,5,0,0,0
113,私立,技專校院,1034,弘光科技大學,學士班(進修),女,2043,216,216,14,32,27,2,103,7,9,1,4,0,7,6,1,3,0,0,0
113,私立,技專校院,1034,弘光科技大學,碩士班(日間),男,45,8,8,0,2,0,0,3,0,1,0,0,1,1,0,0,0,0,0,0
113,私立,技專校院,1034,弘光科技大學,碩士在職專班,男,25,4,4,0,1,0,0,2,0,0,1,0,0,0,0,0,0,0,0,0
113,私立,技專校院,1034,弘光科技大學,二專(日間),女,24,0,0,0,0,0,0,0,0,0,0,0,0,0,0,0,0,0,0,0
113,私立,技專校院,1034,弘光科技大學,五專,女,242,7,7,1,1,2,1,0,0,0,0,0,0,1,0,0,1,0,0,0
113,私立,技專校院,1034,弘光科技大學,博士班,女,16,2,2,0,0,0,0,1,0,0,0,0,1,0,0,0,0,0,0,0
113,私立,技專校院,1034,弘光科技大學,碩士班(日間),女,134,36,36,3,3,1,0,11,2,6,0,0,6,0,3,1,0,0,0,0
113,私立,技專校院,1034,弘光科技大學,碩士在職專班,女,57,28,28,4,0,0,0,10,0,5,0,0,8,0,1,0,0,0,0,0
113,私立,技專校院,1034,弘光科技大學,二專(日間),男,17,1,1,1,0,0,0,0,0,0,0,0,0,0,0,0,0,0,0,0
113,私立,技專校院,1034,弘光科技大學,二專(進修),男,18,5,5,0,0,0,0,4,0,0,0,0,0,0,1,0,0,0,0,0
113,私立,技專校院,1034,弘光科技大學,學士班(日間),男,2439,182,182,14,26,36,17,45,0,1,19,2,0,11,3,3,5,0,0,0
113,私立,技專校院,1034,弘光科技大學,學士班(進修),男,1284,183,183,7,12,23,5,82,0,3,34,0,0,6,5,1,5,0,0,0
113,私立,技專校院,1034,弘光科技大學,五專,男,22,0,0,0,0,0,0,0,0,0,0,0,0,0,0,0,0,0,0,0
113,私立,技專校院,1034,弘光科技大學,博士班,男,1,0,0,0,0,0,0,0,0,0,0,0,0,0,0,0,0,0,0,0
113,私立,一般大學,1035,中國醫藥大學,學士班(日間),女,3744,147,146,5,0,92,2,1,0,2,0,16,0,7,8,3,10,1,0,1
113,私立,一般大學,1035,中國醫藥大學,博士班,女,197,45,44,2,1,0,0,7,1,5,0,2,9,0,15,1,1,1,0,1
113,私立,一般大學,1035,中國醫藥大學,碩士在職專班,女,60,12,12,0,0,0,0,5,3,0,0,0,2,0,2,0,0,0,0,0
113,私立,一般大學,1035,中國醫藥大學,博士班,男,245,59,54,2,1,0,0,18,0,3,0,1,12,1,12,0,4,5,0,5
113,私立,一般大學,1035,中國醫藥大學,碩士班(日間),男,154,28,27,3,0,3,0,12,0,1,0,1,1,0,3,2,1,1,0,1
113,私立,一般大學,1035,中國醫藥大學,碩士在職專班,男,25,4,4,1,0,0,0,0,0,0,0,0,0,0,3,0,0,0,0,0
113,私立,一般大學,1035,中國醫藥大學,碩士班(日間),女,371,64,61,2,3,7,0,15,1,5,0,2,15,1,8,0,2,3,0,3
113,私立,一般大學,1035,中國醫藥大學,學士班(日間),男,2696,104,104,3,1,65,3,2,0,1,6,9,0,2,5,3,4,0,0,0
113,私立,技專校院,1036,健行學校財團法人健行科技大學,碩士班(日間),女,151,9,9,0,0,2,0,3,0,2,0,0,0,0,2,0,0,0,0,0
113,私立,技專校院,1036,健行學校財團法人健行科技大學,碩士在職專班,女,16,1,1,0,0,0,0,1,0,0,0,0,0,0,0,0,0,0,0,0
113,私立,技專校院,1036,健行學校財團法人健行科技大學,學士班(日間),男,3110,166,166,8,12,25,25,43,0,0,45,2,0,1,5,0,0,0,0,0
113,私立,技專校院,1036,健行學校財團法人健行科技大學,學士班(進修),男,2055,202,202,11,13,12,14,108,0,2,30,1,0,1,9,1,0,0,0,0
113,私立,技專校院,1036,健行學校財團法人健行科技大學,學士班(日間),女,1990,70,70,5,11,16,5,16,5,2,0,1,0,0,9,0,0,0,0,0
113,私立,技專校院,1036,健行學校財團法人健行科技大學,學士班(進修),女,1264,147,147,8,14,15,2,71,7,12,0,2,0,3,13,0,0,0,0,0
113,私立,技專校院,1036,健行學校財團法人健行科技大學,碩士班(日間),男,173,24,24,0,0,2,1,15,0,0,1,0,2,0,3,0,0,0,0,0
113,私立,技專校院,1036,健行學校財團法人健行科技大學,碩士在職專班,男,18,2,2,0,0,0,0,1,0,0,0,0,0,0,1,0,0,0,0,0
113,私立,技專校院,1037,正修學校財團法人正修科技大學,博士班,女,2,0,0,0,0,0,0,0,0,0,0,0,0,0,0,0,0,0,0,0
113,私立,技專校院,1037,正修學校財團法人正修科技大學,碩士班(日間),女,131,39,33,7,4,0,0,14,1,1,0,1,2,0,3,0,0,6,0,6
113,私立,技專校院,1037,正修學校財團法人正修科技大學,二專(進修),男,376,106,106,3,1,1,56,41,0,0,3,0,0,0,0,1,0,0,0,0
113,私立,技專校院,1037,正修學校財團法人正修科技大學,學士班(日間),男,4857,426,311,16,28,53,21,91,0,0,57,3,0,5,29,7,1,115,0,115
113,私立,技專校院,1037,正修學校財團法人正修科技大學,學士班(進修),男,3578,562,562,19,21,16,189,240,0,1,43,9,0,0,22,2,0,0,0,0
113,私立,技專校院,1037,正修學校財團法人正修科技大學,五專,男,283,15,14,1,1,1,5,2,0,0,3,0,0,0,1,0,0,1,0,1
113,私立,技專校院,1037,正修學校財團法人正修科技大學,二專(進修),女,226,57,57,1,3,0,27,25,0,0,0,0,0,0,1,0,0,0,0,0
113,私立,技專校院,1037,正修學校財團法人正修科技大學,學士班(日間),女,2620,265,220,20,30,29,17,82,1,4,0,4,0,6,24,2,1,45,0,45
113,私立,技專校院,1037,正修學校財團法人正修科技大學,學士班(進修),女,2322,365,365,25,27,16,69,181,14,4,0,1,0,1,25,2,0,0,0,0
113,私立,技專校院,1037,正修學校財團法人正修科技大學,五專,女,117,13,11,0,1,5,0,2,1,0,0,0,0,2,0,0,0,2,0,2
113,私立,技專校院,1037,正修學校財團法人正修科技大學,碩士在職專班,女,88,16,16,0,0,0,5,7,0,0,0,0,3,0,1,0,0,0,0,0
113,私立,技專校院,1037,正修學校財團法人正修科技大學,博士班,男,19,0,0,0,0,0,0,0,0,0,0,0,0,0,0,0,0,0,0,0
113,私立,技專校院,1037,正修學校財團法人正修科技大學,碩士班(日間),男,198,38,29,1,4,2,0,14,0,0,3,0,4,0,1,0,0,9,0,9
113,私立,技專校院,1037,正修學校財團法人正修科技大學,碩士在職專班,男,140,30,30,0,0,0,10,17,0,0,1,0,1,0,1,0,0,0,0,0
113,私立,技專校院,1038,萬能學校財團法人萬能科技大學,碩士班(日間),女,88,15,7,1,1,1,0,3,0,0,0,0,1,0,0,0,0,8,0,8
113,私立,技專校院,1038,萬能學校財團法人萬能科技大學,碩士在職專班,男,54,13,3,0,0,0,0,2,0,0,0,0,1,0,0,0,0,10,0,10
113,私立,技專校院,1038,萬能學校財團法人萬能科技大學,學士班(日間),女,2294,215,122,16,47,25,4,18,2,0,0,6,0,3,1,0,0,93,0,93
113,私立,技專校院,1038,萬能學校財團法人萬能科技大學,學士班(進修),女,979,59,38,2,9,5,0,21,0,0,0,0,0,1,0,0,0,21,0,21
113,私立,技專校院,1038,萬能學校財團法人萬能科技大學,碩士在職專班,女,99,7,2,0,0,0,0,2,0,0,0,0,0,0,0,0,0,5,0,5
113,私立,技專校院,1038,萬能學校財團法人萬能科技大學,學士班(日間),男,2921,238,125,9,51,29,1,15,0,0,11,3,0,4,0,1,1,113,0,113
113,私立,技專校院,1038,萬能學校財團法人萬能科技大學,學士班(進修),男,1356,84,39,0,7,4,1,14,0,0,11,1,0,0,0,0,1,45,0,45
113,私立,技專校院,1038,萬能學校財團法人萬能科技大學,碩士班(日間),男,90,24,10,1,1,0,0,4,0,1,2,0,1,0,0,0,0,14,0,14
113,私立,一般大學,1039,玄奘大學,學士班(進修),女,48,12,6,0,0,0,0,5,0,0,0,0,0,0,1,0,0,6,0,6
113,私立,一般大學,1039,玄奘大學,碩士班(日間),女,166,51,48,3,2,0,0,19,0,3,0,1,15,0,3,2,0,3,0,3
113,私立,一般大學,1039,玄奘大學,碩士在職專班,女,114,21,17,1,0,0,0,8,0,2,0,2,3,0,1,0,0,4,0,4
113,私立,一般大學,1039,玄奘大學,學士班(進修),男,23,3,1,0,0,0,0,1,0,0,0,0,0,0,0,0,0,2,0,2
113,私立,一般大學,1039,玄奘大學,碩士班(日間),男,96,39,36,2,2,1,0,10,0,1,2,2,15,1,0,0,0,3,0,3
113,私立,一般大學,1039,玄奘大學,碩士在職專班,男,44,10,9,2,0,0,0,4,0,0,0,0,2,0,0,1,0,1,0,1
113,私立,一般大學,1039,玄奘大學,學士班(日間),女,539,54,44,10,7,6,2,14,0,0,0,0,0,2,3,0,0,10,0,10
113,私立,一般大學,1039,玄奘大學,學士班(日間),男,357,44,39,3,8,5,6,10,0,0,1,1,0,3,1,1,0,5,0,5
113,私立,技專校院,1040,建國科技大學,二專(進修),女,15,0,0,0,0,0,0,0,0,0,0,0,0,0,0,0,0,0,0,0
113,私立,技專校院,1040,建國科技大學,學士班(日間),女,664,20,20,2,0,2,2,8,2,1,0,0,0,2,1,0,0,0,0,0
113,私立,技專校院,1040,建國科技大學,學士班(進修),女,415,10,10,0,2,1,0,4,1,0,0,0,0,0,1,0,1,0,0,0
113,私立,技專校院,1040,建國科技大學,碩士班(日間),女,39,7,7,0,0,0,0,1,0,1,0,0,4,0,1,0,0,0,0,0
113,私立,技專校院,1040,建國科技大學,碩士班(日間),男,43,4,4,0,0,0,0,2,0,0,0,0,2,0,0,0,0,0,0,0
113,私立,技專校院,1040,建國科技大學,二專(進修),男,35,2,2,0,0,0,0,0,0,0,2,0,0,0,0,0,0,0,0,0
113,私立,技專校院,1040,建國科技大學,學士班(日間),男,1363,38,38,2,1,3,7,14,0,0,11,0,0,0,0,0,0,0,0,0
113,私立,技專校院,1040,建國科技大學,學士班(進修),男,923,20,20,0,1,1,4,7,0,0,5,0,0,0,1,1,0,0,0,0
113,私立,技專校院,1041,明志科技大學,碩士班(日間),女,135,5,5,0,0,1,0,1,0,0,0,0,3,0,0,0,0,0,0,0
113,私立,技專校院,1041,明志科技大學,碩士在職專班,女,2,0,0,0,0,0,0,0,0,0,0,0,0,0,0,0,0,0,0,0
113,私立,技專校院,1041,明志科技大學,學士班(日間),男,2555,101,101,3,2,37,10,16,0,0,14,7,0,5,6,1,0,0,0,0
113,私立,技專校院,1041,明志科技大學,博士班,男,64,5,5,0,0,1,0,1,0,0,0,1,0,0,2,0,0,0,0,0
113,私立,技專校院,1041,明志科技大學,學士班(日間),女,1104,33,33,4,2,11,4,0,1,0,0,3,0,4,3,1,0,0,0,0
113,私立,技專校院,1041,明志科技大學,學士班(進修),女,2,0,0,0,0,0,0,0,0,0,0,0,0,0,0,0,0,0,0,0
113,私立,技專校院,1041,明志科技大學,博士班,女,21,1,1,0,0,0,0,0,0,0,0,0,0,0,0,1,0,0,0,0
113,私立,技專校院,1041,明志科技大學,學士班(進修),男,68,3,3,0,0,1,0,1,0,0,0,0,0,0,0,0,1,0,0,0
113,私立,技專校院,1041,明志科技大學,碩士班(日間),男,413,24,24,1,3,2,1,4,0,0,4,1,6,1,1,0,0,0,0,0
113,私立,技專校院,1041,明志科技大學,碩士在職專班,男,19,5,5,0,1,0,0,3,0,0,0,0,0,0,1,0,0,0,0,0
113,私立,技專校院,1042,台鋼學校財團法人台鋼科技大學,碩士班(日間),女,9,4,4,0,1,1,0,1,0,0,0,0,1,0,0,0,0,0,0,0
113,私立,技專校院,1042,台鋼學校財團法人台鋼科技大學,碩士在職專班,女,4,1,1,0,0,0,0,0,0,0,0,0,1,0,0,0,0,0,0,0
113,私立,技專校院,1042,台鋼學校財團法人台鋼科技大學,學士班(進修),男,268,15,15,0,1,0,0,10,0,0,3,0,0,0,1,0,0,0,0,0
113,私立,技專校院,1042,台鋼學校財團法人台鋼科技大學,碩士班(日間),男,18,1,1,0,0,0,0,1,0,0,0,0,0,0,0,0,0,0,0,0
113,私立,技專校院,1042,台鋼學校財團法人台鋼科技大學,碩士在職專班,男,32,4,4,0,0,0,0,3,0,0,0,0,1,0,0,0,0,0,0,0
113,私立,技專校院,1042,台鋼學校財團法人台鋼科技大學,二專(進修),女,16,1,1,0,0,0,0,1,0,0,0,0,0,0,0,0,0,0,0,0
113,私立,技專校院,1042,台鋼學校財團法人台鋼科技大學,學士班(日間),女,264,2,2,0,2,0,0,0,0,0,0,0,0,0,0,0,0,0,0,0
113,私立,技專校院,1042,台鋼學校財團法人台鋼科技大學,學士班(進修),女,71,11,11,0,0,0,0,11,0,0,0,0,0,0,0,0,0,0,0,0
113,私立,技專校院,1042,台鋼學校財團法人台鋼科技大學,二專(進修),男,16,2,2,0,0,0,0,2,0,0,0,0,0,0,0,0,0,0,0,0
113,私立,技專校院,1042,台鋼學校財團法人台鋼科技大學,學士班(日間),男,542,11,11,2,2,1,0,4,0,0,1,0,0,0,1,0,0,0,0,0
113,私立,技專校院,1043,大仁科技大學,學士班(進修),女,841,56,45,6,2,3,0,26,2,2,0,1,0,0,3,0,0,11,0,11
113,私立,技專校院,1043,大仁科技大學,五專,女,43,1,1,1,0,0,0,0,0,0,0,0,0,0,0,0,0,0,0,0
113,私立,技專校院,1043,大仁科技大學,碩士班(日間),女,38,24,22,3,2,1,1,6,0,1,0,0,5,0,2,1,0,2,0,2
113,私立,技專校院,1043,大仁科技大學,碩士在職專班,女,82,8,7,1,0,0,0,4,0,0,0,0,1,0,1,0,0,1,0,1
113,私立,技專校院,1043,大仁科技大學,二專(進修),男,20,3,1,0,1,0,0,0,0,0,0,0,0,0,0,0,0,2,0,2
113,私立,技專校院,1043,大仁科技大學,學士班(日間),男,988,166,97,6,15,24,4,16,0,0,14,2,0,2,5,9,0,69,0,69
113,私立,技專校院,1043,大仁科技大學,學士班(進修),男,437,21,15,0,2,0,0,9,0,0,3,0,0,0,1,0,0,6,0,6
113,私立,技專校院,1043,大仁科技大學,二專(進修),女,33,2,1,0,0,0,0,1,0,0,0,0,0,0,0,0,0,1,0,1
113,私立,技專校院,1043,大仁科技大學,學士班(日間),女,1209,151,107,11,18,20,3,19,8,0,0,5,0,10,5,8,0,44,0,44
113,私立,技專校院,1043,大仁科技大學,五專,男,24,1,1,0,0,1,0,0,0,0,0,0,0,0,0,0,0,0,0,0
113,私立,技專校院,1043,大仁科技大學,碩士班(日間),男,28,21,19,0,0,1,0,8,0,0,2,0,5,1,2,0,0,2,0,2
113,私立,技專校院,1043,大仁科技大學,碩士在職專班,男,66,6,6,1,0,1,0,1,0,0,0,0,3,0,0,0,0,0,0,0
113,私立,技專校院,1044,聖約翰科技大學,二專(進修),女,8,0,0,0,0,0,0,0,0,0,0,0,0,0,0,0,0,0,0,0
113,私立,技專校院,1044,聖約翰科技大學,學士班(日間),女,91,20,16,2,0,1,0,11,0,0,0,0,0,1,1,0,0,4,1,3
113,私立,技專校院,1044,聖約翰科技大學,五專,女,1,2,1,0,0,1,0,0,0,0,0,0,0,0,0,0,0,1,1,0
113,私立,技專校院,1044,聖約翰科技大學,碩士在職專班,女,19,3,2,0,0,0,0,1,0,0,0,0,1,0,0,0,0,1,0,1
113,私立,技專校院,1044,聖約翰科技大學,二專(進修),男,13,3,1,0,0,0,0,1,0,0,0,0,0,0,0,0,0,2,0,2
113,私立,技專校院,1044,聖約翰科技大學,學士班(日間),男,158,27,22,0,1,5,4,7,0,0,3,0,0,2,0,0,0,5,2,3
113,私立,技專校院,1044,聖約翰科技大學,學士班(進修),男,84,10,7,1,0,0,1,5,0,0,0,0,0,0,0,0,0,3,0,3
113,私立,技專校院,1044,聖約翰科技大學,學士班(進修),女,25,0,0,0,0,0,0,0,0,0,0,0,0,0,0,0,0,0,0,0
113,私立,技專校院,1044,聖約翰科技大學,碩士班(日間),女,3,4,4,0,0,0,0,1,0,0,0,0,3,0,0,0,0,0,0,0
113,私立,技專校院,1044,聖約翰科技大學,五專,男,14,8,8,2,1,0,1,2,0,0,2,0,0,0,0,0,0,0,0,0
113,私立,技專校院,1044,聖約翰科技大學,碩士班(日間),男,13,4,2,0,0,0,0,1,0,0,0,0,1,0,0,0,0,2,0,2
113,私立,技專校院,1044,聖約翰科技大學,碩士在職專班,男,38,5,5,0,0,0,0,4,0,0,0,0,1,0,0,0,0,0,0,0
113,私立,技專校院,1045,嶺東科技大學,學士班(進修),女,1076,93,93,5,1,4,0,73,0,5,0,1,0,1,3,0,0,0,0,0
113,私立,技專校院,1045,嶺東科技大學,碩士班(日間),女,137,39,39,1,2,2,0,27,1,0,0,0,4,0,2,0,0,0,0,0
113,私立,技專校院,1045,嶺東科技大學,碩士在職專班,女,71,7,7,1,0,0,0,5,0,0,0,0,0,0,1,0,0,0,0,0
113,私立,技專校院,1045,嶺東科技大學,碩士班(日間),男,112,24,24,1,0,0,0,16,0,0,3,0,4,0,0,0,0,0,0,0
113,私立,技專校院,1045,嶺東科技大學,碩士在職專班,男,106,10,10,0,0,0,0,10,0,0,0,0,0,0,0,0,0,0,0,0
113,私立,技專校院,1045,嶺東科技大學,學士班(日間),女,3447,118,118,18,13,28,6,39,1,0,1,2,0,4,5,1,0,0,0,0
113,私立,技專校院,1045,嶺東科技大學,學士班(日間),男,2297,118,118,13,2,23,7,33,0,0,31,3,0,0,5,1,0,0,0,0
113,私立,技專校院,1045,嶺東科技大學,學士班(進修),男,1109,96,96,1,3,5,0,63,0,0,22,0,0,0,2,0,0,0,0,0
113,私立,技專校院,1046,中國科技大學,二專(進修),女,51,8,8,0,0,0,1,4,0,1,0,0,0,1,0,0,1,0,0,0
113,私立,技專校院,1046,中國科技大學,學士班(日間),女,2152,135,135,9,6,44,16,40,2,3,0,5,0,2,6,0,2,0,0,0
113,私立,技專校院,1046,中國科技大學,學士班(進修),女,494,49,49,2,2,3,5,27,0,2,0,0,0,0,6,1,1,0,0,0
113,私立,技專校院,1046,中國科技大學,碩士班(日間),女,61,19,19,1,0,1,0,8,0,2,0,0,5,0,2,0,0,0,0,0
113,私立,技專校院,1046,中國科技大學,碩士在職專班,女,25,6,6,0,1,0,0,3,0,0,0,0,2,0,0,0,0,0,0,0
113,私立,技專校院,1046,中國科技大學,二專(進修),男,61,7,7,0,0,0,0,6,0,0,1,0,0,0,0,0,0,0,0,0
113,私立,技專校院,1046,中國科技大學,學士班(日間),男,1934,117,117,6,7,27,9,40,0,1,13,5,0,2,4,1,2,0,0,0
113,私立,技專校院,1046,中國科技大學,學士班(進修),男,671,70,70,2,2,3,3,48,0,2,4,0,0,0,4,0,2,0,0,0
113,私立,技專校院,1046,中國科技大學,碩士班(日間),男,73,23,23,1,0,0,0,16,0,0,1,0,3,0,0,2,0,0,0,0
113,私立,技專校院,1046,中國科技大學,碩士在職專班,男,39,5,5,0,0,0,0,4,0,0,0,0,1,0,0,0,0,0,0,0
113,私立,技專校院,1047,中臺科技大學,博士班,女,3,1,1,0,0,0,0,1,0,0,0,0,0,0,0,0,0,0,0,0
113,私立,技專校院,1047,中臺科技大學,碩士班(日間),女,109,20,18,1,0,0,0,6,0,0,0,1,6,1,0,3,0,2,0,2
113,私立,技專校院,1047,中臺科技大學,學士班(日間),男,1413,185,109,4,13,31,14,13,0,0,21,1,0,1,2,6,3,76,0,76
113,私立,技專校院,1047,中臺科技大學,五專,男,7,0,0,0,0,0,0,0,0,0,0,0,0,0,0,0,0,0,0,0
113,私立,技專校院,1047,中臺科技大學,學士班(日間),女,2334,248,146,7,12,52,9,36,5,3,4,3,0,3,10,2,0,102,0,102
113,私立,技專校院,1047,中臺科技大學,學士班(進修),女,1397,245,159,6,8,25,1,53,6,24,0,1,0,9,20,5,1,86,0,86
113,私立,技專校院,1047,中臺科技大學,五專,女,35,0,0,0,0,0,0,0,0,0,0,0,0,0,0,0,0,0,0,0
113,私立,技專校院,1047,中臺科技大學,碩士在職專班,女,241,61,43,3,2,0,0,6,2,4,0,1,16,2,6,0,1,18,0,18
113,私立,技專校院,1047,中臺科技大學,學士班(進修),男,477,120,44,0,4,8,0,22,0,0,10,0,0,0,0,0,0,76,0,76
113,私立,技專校院,1047,中臺科技大學,博士班,男,7,1,1,0,0,0,0,1,0,0,0,0,0,0,0,0,0,0,0,0
113,私立,技專校院,1047,中臺科技大學,碩士班(日間),男,34,11,4,0,1,0,0,3,0,0,0,0,0,0,0,0,0,7,0,7
113,私立,技專校院,1047,中臺科技大學,碩士在職專班,男,45,14,5,0,0,0,0,3,0,1,0,0,1,0,0,0,0,9,0,9
113,私立,一般大學,1048,亞洲大學,碩士班(日間),女,396,74,74,6,0,0,2,21,0,1,0,1,32,0,6,3,2,0,0,0
113,私立,一般大學,1048,亞洲大學,學士班(日間),男,3277,148,148,6,0,49,9,25,0,0,22,12,0,3,10,0,12,0,0,0
113,私立,一般大學,1048,亞洲大學,學士班(進修),男,158,16,16,0,0,4,0,3,0,0,0,1,1,0,3,1,3,0,0,0
113,私立,一般大學,1048,亞洲大學,學士班(日間),女,5984,188,188,32,5,68,4,32,0,2,0,17,0,4,14,1,9,0,0,0
113,私立,一般大學,1048,亞洲大學,學士班(進修),女,170,18,18,2,1,2,0,8,0,1,0,0,0,1,2,0,1,0,0,0
113,私立,一般大學,1048,亞洲大學,博士班,女,85,20,20,1,0,1,0,7,0,2,0,1,7,0,1,0,0,0,0,0
113,私立,一般大學,1048,亞洲大學,碩士在職專班,女,213,44,44,1,2,7,0,16,0,0,0,0,14,0,4,0,0,0,0,0
113,私立,一般大學,1048,亞洲大學,博士班,男,128,14,14,1,0,2,0,4,0,0,0,0,5,0,2,0,0,0,0,0
113,私立,一般大學,1048,亞洲大學,碩士班(日間),男,228,42,42,1,1,3,0,7,0,0,3,4,17,1,1,0,4,0,0,0
113,私立,一般大學,1048,亞洲大學,碩士在職專班,男,137,28,28,1,1,2,1,14,0,1,0,1,5,0,2,0,0,0,0,0
113,私立,一般大學,1049,開南大學,學士班(日間),女,1694,86,86,11,5,21,2,28,6,1,0,5,0,0,7,0,0,0,0,0
113,私立,一般大學,1049,開南大學,學士班(進修),女,508,38,38,4,6,1,1,22,0,0,0,1,0,0,3,0,0,0,0,0
113,私立,一般大學,1049,開南大學,學士班(日間),男,1403,102,102,9,6,21,11,30,0,0,11,5,0,1,7,1,0,0,0,0
113,私立,一般大學,1049,開南大學,碩士班(日間),男,78,23,23,1,2,0,0,10,0,1,1,0,3,0,3,2,0,0,0,0
113,私立,一般大學,1049,開南大學,碩士班(日間),女,114,41,41,3,3,1,0,18,3,1,0,2,8,0,2,0,0,0,0,0
113,私立,一般大學,1049,開南大學,碩士在職專班,女,160,27,27,2,0,0,0,17,1,0,0,0,6,0,1,0,0,0,0,0
113,私立,一般大學,1049,開南大學,學士班(進修),男,559,29,29,2,3,6,0,14,0,0,2,0,0,0,2,0,0,0,0,0
113,私立,一般大學,1049,開南大學,碩士在職專班,男,187,32,32,1,2,0,0,15,0,2,6,1,3,0,2,0,0,0,0,0
113,私立,一般大學,1050,佛光大學,學士班(日間),女,955,57,56,8,1,12,3,20,1,0,0,2,0,3,4,2,0,1,0,1
113,私立,一般大學,1050,佛光大學,博士班,女,51,9,9,0,0,1,0,0,0,0,0,0,7,0,1,0,0,0,0,0
113,私立,一般大學,1050,佛光大學,碩士班(日間),女,278,73,73,5,0,1,0,22,1,2,0,1,31,0,5,4,1,0,0,0
113,私立,一般大學,1050,佛光大學,碩士在職專班,女,52,7,7,1,0,0,0,2,0,0,0,0,2,0,2,0,0,0,0,0
113,私立,一般大學,1050,佛光大學,碩士班(日間),男,175,42,42,4,1,2,0,11,0,1,2,1,16,0,4,0,0,0,0,0
113,私立,一般大學,1050,佛光大學,碩士在職專班,男,59,5,5,1,0,0,0,3,0,0,0,0,1,0,0,0,0,0,0,0
113,私立,一般大學,1050,佛光大學,學士班(日間),男,931,58,58,6,2,13,4,13,0,0,7,0,0,4,7,2,0,0,0,0
113,私立,一般大學,1050,佛光大學,博士班,男,24,3,3,0,0,0,0,0,0,0,0,0,3,0,0,0,0,0,0,0
113,私立,技專校院,1051,台南家專學校財團法人台南應用科技大學,學士班(日間),女,4711,361,297,56,36,72,21,61,5,2,0,8,0,4,32,0,0,64,0,64
113,私立,技專校院,1051,台南家專學校財團法人台南應用科技大學,學士班(進修),女,907,189,172,8,3,35,2,99,1,3,0,2,0,0,19,0,0,17,0,17
113,私立,技專校院,1051,台南家專學校財團法人台南應用科技大學,碩士班(日間),男,36,15,12,1,0,0,2,5,0,0,2,0,2,0,0,0,0,3,0,3
113,私立,技專校院,1051,台南家專學校財團法人台南應用科技大學,碩士在職專班,男,23,7,7,0,0,1,0,4,0,0,0,0,1,0,1,0,0,0,0,0
113,私立,技專校院,1051,台南家專學校財團法人台南應用科技大學,五專,女,637,49,48,9,0,13,4,6,0,0,0,6,0,5,5,0,0,1,0,1
113,私立,技專校院,1051,台南家專學校財團法人台南應用科技大學,碩士班(日間),女,84,22,20,3,0,1,3,11,0,0,0,0,2,0,0,0,0,2,0,2
113,私立,技專校院,1051,台南家專學校財團法人台南應用科技大學,碩士在職專班,女,76,23,23,1,0,2,0,10,0,0,0,0,8,0,2,0,0,0,0,0
113,私立,技專校院,1051,台南家專學校財團法人台南應用科技大學,學士班(日間),男,1949,234,161,9,13,44,17,36,0,0,16,1,0,5,20,0,0,73,0,73
113,私立,技專校院,1051,台南家專學校財團法人台南應用科技大學,學士班(進修),男,459,126,110,5,0,9,3,76,0,0,8,0,0,0,9,0,0,16,0,16
113,私立,技專校院,1051,台南家專學校財團法人台南應用科技大學,五專,男,206,5,4,2,0,0,0,0,0,0,0,2,0,0,0,0,0,1,0,1
113,私立,技專校院,1052,中信金學校財團法人中信科技大學,二專(進修),女,37,3,3,0,0,0,0,2,0,0,0,0,0,1,0,0,0,0,0,0
113,私立,技專校院,1052,中信金學校財團法人中信科技大學,學士班(日間),女,214,28,28,4,3,2,6,7,2,1,0,0,0,0,0,0,3,0,0,0
113,私立,技專校院,1052,中信金學校財團法人中信科技大學,二專(進修),男,63,14,14,0,0,0,0,14,0,0,0,0,0,0,0,0,0,0,0,0
113,私立,技專校院,1052,中信金學校財團法人中信科技大學,學士班(日間),男,706,73,70,4,3,9,7,12,0,0,22,0,0,8,2,1,2,3,1,2
113,私立,技專校院,1052,中信金學校財團法人中信科技大學,學士班(進修),男,363,21,21,0,1,0,0,20,0,0,0,0,0,0,0,0,0,0,0,0
113,私立,技專校院,1052,中信金學校財團法人中信科技大學,碩士在職專班,男,28,4,4,1,0,0,0,2,0,0,0,0,1,0,0,0,0,0,0,0
113,私立,技專校院,1052,中信金學校財團法人中信科技大學,學士班(進修),女,139,5,5,1,1,0,0,2,0,1,0,0,0,0,0,0,0,0,0,0
113,私立,技專校院,1052,中信金學校財團法人中信科技大學,碩士班(日間),女,99,16,16,0,1,0,0,9,2,0,0,2,1,0,1,0,0,0,0,0
113,私立,技專校院,1052,中信金學校財團法人中信科技大學,碩士在職專班,女,3,0,0,0,0,0,0,0,0,0,0,0,0,0,0,0,0,0,0,0
113,私立,技專校院,1052,中信金學校財團法人中信科技大學,碩士班(日間),男,122,30,30,2,0,0,0,16,0,0,2,2,4,0,2,0,2,0,0,0
113,私立,技專校院,1053,光宇學校財團法人元培醫事科技大學,學士班(日間),女,1420,67,56,17,10,13,2,7,2,0,0,0,0,0,5,0,0,11,0,11
113,私立,技專校院,1053,光宇學校財團法人元培醫事科技大學,學士班(進修),女,601,28,26,2,1,2,1,13,0,0,0,0,0,0,7,0,0,2,0,2
113,私立,技專校院,1053,光宇學校財團法人元培醫事科技大學,博士班,男,2,0,0,0,0,0,0,0,0,0,0,0,0,0,0,0,0,0,0,0
113,私立,技專校院,1053,光宇學校財團法人元培醫事科技大學,碩士班(日間),男,65,10,9,0,0,1,0,6,0,0,1,0,1,0,0,0,0,1,0,1
113,私立,技專校院,1053,光宇學校財團法人元培醫事科技大學,碩士在職專班,男,7,0,0,0,0,0,0,0,0,0,0,0,0,0,0,0,0,0,0,0
113,私立,技專校院,1053,光宇學校財團法人元培醫事科技大學,碩士班(日間),女,121,21,20,2,3,0,3,9,0,0,0,0,1,0,1,1,0,1,0,1
113,私立,技專校院,1053,光宇學校財團法人元培醫事科技大學,碩士在職專班,女,27,0,0,0,0,0,0,0,0,0,0,0,0,0,0,0,0,0,0,0
113,私立,技專校院,1053,光宇學校財團法人元培醫事科技大學,學士班(日間),男,972,40,33,8,5,4,2,5,0,0,9,0,0,0,0,0,0,7,0,7
113,私立,技專校院,1053,光宇學校財團法人元培醫事科技大學,學士班(進修),男,356,27,19,4,0,3,1,10,0,0,1,0,0,0,0,0,0,8,0,8
113,私立,技專校院,1054,景文科技大學,學士班(進修),女,411,17,17,2,2,2,0,8,0,0,0,0,0,3,0,0,0,0,0,0
113,私立,技專校院,1054,景文科技大學,二專(進修),女,21,3,3,0,1,0,1,1,0,0,0,0,0,0,0,0,0,0,0,0
113,私立,技專校院,1054,景文科技大學,學士班(日間),女,1906,78,78,7,17,1,9,16,3,1,0,7,0,12,3,2,0,0,0,0
113,私立,技專校院,1054,景文科技大學,碩士班(日間),女,1,0,0,0,0,0,0,0,0,0,0,0,0,0,0,0,0,0,0,0
113,私立,技專校院,1054,景文科技大學,碩士在職專班,女,14,6,6,0,0,0,0,2,0,0,0,1,3,0,0,0,0,0,0,0
113,私立,技專校院,1054,景文科技大學,二專(進修),男,41,4,4,0,0,0,0,3,0,0,0,0,0,1,0,0,0,0,0,0
113,私立,技專校院,1054,景文科技大學,學士班(日間),男,1498,58,58,4,6,9,4,16,0,0,15,1,0,3,0,0,0,0,0,0
113,私立,技專校院,1054,景文科技大學,學士班(進修),男,425,27,27,1,3,2,1,10,0,0,4,1,0,4,1,0,0,0,0,0
113,私立,技專校院,1054,景文科技大學,碩士在職專班,男,37,11,11,1,0,0,0,9,0,0,0,0,1,0,0,0,0,0,0,0
113,私立,技專校院,1055,中華醫事科技大學,學士班(進修),女,626,83,22,5,2,3,0,8,0,1,0,0,0,0,0,0,3,61,1,60
113,私立,技專校院,1055,中華醫事科技大學,碩士在職專班,女,15,1,0,0,0,0,0,0,0,0,0,0,0,0,0,0,0,1,0,1
113,私立,技專校院,1055,中華醫事科技大學,碩士班(日間),男,47,25,9,2,0,0,0,4,0,0,0,0,0,0,0,0,3,16,0,16
113,私立,技專校院,1055,中華醫事科技大學,二專(進修),女,31,4,1,1,0,0,0,0,0,0,0,0,0,0,0,0,0,3,0,3
113,私立,技專校院,1055,中華醫事科技大學,學士班(日間),女,1761,135,46,12,2,17,0,3,0,1,0,0,0,0,1,0,10,89,1,88
113,私立,技專校院,1055,中華醫事科技大學,五專,女,2527,199,94,11,8,47,0,3,0,1,0,0,0,2,0,0,22,105,8,97
113,私立,技專校院,1055,中華醫事科技大學,碩士班(日間),女,40,17,4,1,0,0,0,3,0,0,0,0,0,0,0,0,0,13,0,13
113,私立,技專校院,1055,中華醫事科技大學,二專(進修),男,38,11,1,0,0,0,0,0,0,0,0,0,0,0,0,0,1,10,0,10
113,私立,技專校院,1055,中華醫事科技大學,學士班(日間),男,821,96,35,3,1,7,0,9,0,0,1,0,0,0,0,0,14,61,1,60
113,私立,技專校院,1055,中華醫事科技大學,學士班(進修),男,326,74,14,0,0,0,0,11,0,0,0,0,0,0,0,0,3,60,1,59
113,私立,技專校院,1055,中華醫事科技大學,五專,男,724,77,23,0,2,5,0,5,0,0,0,0,0,1,0,0,10,54,4,50
113,私立,技專校院,1055,中華醫事科技大學,碩士在職專班,男,12,3,0,0,0,0,0,0,0,0,0,0,0,0,0,0,0,3,0,3
113,私立,技專校院,1056,東南科技大學,學士班(日間),女,1132,96,33,2,5,2,0,16,1,2,0,0,0,2,3,0,0,63,0,63
113,私立,技專校院,1056,東南科技大學,學士班(進修),女,135,24,3,2,0,0,0,1,0,0,0,0,0,0,0,0,0,21,0,21
113,私立,技專校院,1056,東南科技大學,學士班(進修),男,304,68,4,0,0,0,0,1,0,0,3,0,0,0,0,0,0,64,0,64
113,私立,技專校院,1056,東南科技大學,碩士班(日間),男,86,16,3,0,0,1,0,1,0,0,0,1,0,0,0,0,0,13,0,13
113,私立,技專校院,1056,東南科技大學,碩士在職專班,男,53,24,2,0,0,0,0,2,0,0,0,0,0,0,0,0,0,22,0,22
113,私立,技專校院,1056,東南科技大學,碩士班(日間),女,68,14,5,0,0,0,0,5,0,0,0,0,0,0,0,0,0,9,0,9
113,私立,技專校院,1056,東南科技大學,碩士在職專班,女,12,3,1,0,0,0,0,0,0,1,0,0,0,0,0,0,0,2,0,2
113,私立,技專校院,1056,東南科技大學,學士班(日間),男,1766,152,57,1,6,6,2,29,0,0,5,0,0,2,6,0,0,95,0,95
113,私立,技專校院,1057,德明財經科技大學,碩士班(日間),女,31,5,4,1,0,0,0,3,0,0,0,0,0,0,0,0,0,1,0,1
113,私立,技專校院,1057,德明財經科技大學,碩士在職專班,女,19,3,1,0,0,0,0,0,0,0,0,0,1,0,0,0,0,2,0,2
113,私立,技專校院,1057,德明財經科技大學,學士班(日間),男,2029,247,120,15,3,29,11,29,0,0,7,3,0,3,10,10,0,127,0,127
113,私立,技專校院,1057,德明財經科技大學,學士班(進修),男,184,44,21,2,3,4,1,11,0,0,0,0,0,0,0,0,0,23,0,23
113,私立,技專校院,1057,德明財經科技大學,碩士在職專班,男,10,5,3,0,0,0,0,3,0,0,0,0,0,0,0,0,0,2,0,2
113,私立,技專校院,1057,德明財經科技大學,學士班(日間),女,2627,212,123,14,3,23,10,22,5,1,0,3,0,5,6,31,0,89,0,89
113,私立,技專校院,1057,德明財經科技大學,學士班(進修),女,171,19,9,3,0,1,0,4,0,0,0,1,0,0,0,0,0,10,0,10
113,私立,技專校院,1057,德明財經科技大學,碩士班(日間),男,15,6,2,0,0,0,0,0,0,1,0,0,0,0,1,0,0,4,0,4
113,私立,技專校院,1060,南開科技大學,二專(進修),女,18,0,0,0,0,0,0,0,0,0,0,0,0,0,0,0,0,0,0,0
113,私立,技專校院,1060,南開科技大學,學士班(日間),女,491,10,10,0,4,0,2,0,2,0,0,0,0,0,1,0,1,0,0,0
113,私立,技專校院,1060,南開科技大學,學士班(進修),女,250,15,15,1,3,0,0,8,1,0,0,1,0,0,1,0,0,0,0,0
113,私立,技專校院,1060,南開科技大學,五專,女,24,0,0,0,0,0,0,0,0,0,0,0,0,0,0,0,0,0,0,0
113,私立,技專校院,1060,南開科技大學,五專,男,187,8,8,0,0,0,3,3,0,0,2,0,0,0,0,0,0,0,0,0
113,私立,技專校院,1060,南開科技大學,碩士班(日間),男,30,9,9,0,2,0,0,6,0,0,1,0,0,0,0,0,0,0,0,0
113,私立,技專校院,1060,南開科技大學,碩士在職專班,男,16,0,0,0,0,0,0,0,0,0,0,0,0,0,0,0,0,0,0,0
113,私立,技專校院,1060,南開科技大學,碩士班(日間),女,34,7,7,0,1,0,0,2,1,0,0,0,1,0,2,0,0,0,0,0
113,私立,技專校院,1060,南開科技大學,碩士在職專班,女,30,3,3,0,0,0,0,2,0,1,0,0,0,0,0,0,0,0,0,0
113,私立,技專校院,1060,南開科技大學,二專(進修),男,27,0,0,0,0,0,0,0,0,0,0,0,0,0,0,0,0,0,0,0
113,私立,技專校院,1060,南開科技大學,學士班(日間),男,831,26,26,1,4,0,3,7,0,0,8,0,0,1,1,1,0,0,0,0
113,私立,技專校院,1060,南開科技大學,學士班(進修),男,500,23,23,1,1,0,1,14,0,0,5,0,0,0,1,0,0,0,0,0
113,私立,技專校院,1061,中華學校財團法人中華科技大學,二專(進修),女,46,11,3,0,0,2,0,1,0,0,0,0,0,0,0,0,0,8,0,8
113,私立,技專校院,1061,中華學校財團法人中華科技大學,學士班(日間),女,493,61,17,1,1,0,0,11,0,0,0,0,0,0,4,0,0,44,0,44
113,私立,技專校院,1061,中華學校財團法人中華科技大學,學士班(進修),女,323,28,8,1,1,0,0,5,0,0,0,0,0,0,1,0,0,20,0,20
113,私立,技專校院,1061,中華學校財團法人中華科技大學,五專,女,10,0,0,0,0,0,0,0,0,0,0,0,0,0,0,0,0,0,0,0
113,私立,技專校院,1061,中華學校財團法人中華科技大學,二專(進修),男,53,16,2,1,0,0,0,0,0,0,1,0,0,0,0,0,0,14,0,14
113,私立,技專校院,1061,中華學校財團法人中華科技大學,學士班(日間),男,875,126,52,3,4,9,0,21,0,0,7,0,0,0,8,0,0,74,0,74
113,私立,技專校院,1061,中華學校財團法人中華科技大學,五專,男,34,0,0,0,0,0,0,0,0,0,0,0,0,0,0,0,0,0,0,0
113,私立,技專校院,1061,中華學校財團法人中華科技大學,碩士班(日間),女,65,16,7,0,0,0,0,6,0,0,0,0,0,0,1,0,0,9,0,9
113,私立,技專校院,1061,中華學校財團法人中華科技大學,碩士在職專班,女,22,6,3,1,1,0,0,1,0,0,0,0,0,0,0,0,0,3,0,3
113,私立,技專校院,1061,中華學校財團法人中華科技大學,學士班(進修),男,771,110,30,2,0,6,0,8,0,0,13,0,0,0,1,0,0,80,0,80
113,私立,技專校院,1061,中華學校財團法人中華科技大學,碩士班(日間),男,118,26,11,0,0,2,0,7,0,0,0,0,0,0,2,0,0,15,0,15
113,私立,技專校院,1061,中華學校財團法人中華科技大學,碩士在職專班,男,56,25,11,0,1,1,0,6,0,0,1,0,2,0,0,0,0,14,0,14
113,私立,技專校院,1062,僑光科技大學,碩士班(日間),女,30,2,2,0,0,0,0,1,0,0,0,0,1,0,0,0,0,0,0,0
113,私立,技專校院,1062,僑光科技大學,碩士在職專班,女,39,4,4,1,0,0,0,3,0,0,0,0,0,0,0,0,0,0,0,0
113,私立,技專校院,1062,僑光科技大學,學士班(日間),男,2315,65,65,1,2,14,2,17,0,0,20,4,0,1,3,0,1,0,0,0
113,私立,技專校院,1062,僑光科技大學,學士班(進修),男,1932,86,86,6,2,6,0,35,0,0,27,4,0,1,5,0,0,0,0,0
113,私立,技專校院,1062,僑光科技大學,學士班(日間),女,2478,63,63,4,4,20,1,20,0,1,0,4,0,3,5,0,1,0,0,0
113,私立,技專校院,1062,僑光科技大學,學士班(進修),女,1116,47,47,2,0,9,0,24,1,1,0,3,0,2,5,0,0,0,0,0
113,私立,技專校院,1062,僑光科技大學,碩士班(日間),男,35,3,3,0,0,0,0,0,0,1,2,0,0,0,0,0,0,0,0,0
113,私立,技專校院,1062,僑光科技大學,碩士在職專班,男,50,3,3,0,0,1,0,1,0,0,0,0,1,0,0,0,0,0,0,0
113,私立,技專校院,1063,廣亞學校財團法人育達科技大學,碩士班(日間),女,61,12,10,0,0,0,0,6,0,2,0,0,1,0,1,0,0,2,0,2
113,私立,技專校院,1063,廣亞學校財團法人育達科技大學,學士班(日間),男,772,48,30,1,2,4,3,5,0,0,6,0,0,2,7,0,0,18,0,18
113,私立,技專校院,1063,廣亞學校財團法人育達科技大學,學士班(進修),男,631,61,61,2,3,0,1,39,0,0,4,1,0,6,5,0,0,0,0,0
113,私立,技專校院,1063,廣亞學校財團法人育達科技大學,學士班(日間),女,817,42,24,0,3,1,0,8,3,0,0,0,0,3,6,0,0,18,0,18
113,私立,技專校院,1063,廣亞學校財團法人育達科技大學,學士班(進修),女,898,71,70,8,6,2,0,36,2,0,0,2,0,3,10,0,1,1,0,1
113,私立,技專校院,1063,廣亞學校財團法人育達科技大學,碩士在職專班,女,73,13,13,0,0,0,0,6,0,0,0,0,5,1,1,0,0,0,0,0
113,私立,技專校院,1063,廣亞學校財團法人育達科技大學,碩士班(日間),男,56,6,5,0,1,0,0,2,0,0,0,0,1,0,0,1,0,1,0,1
113,私立,技專校院,1063,廣亞學校財團法人育達科技大學,碩士在職專班,男,78,8,8,0,0,0,0,6,0,0,0,0,2,0,0,0,0,0,0,0
113,私立,技專校院,1064,美和學校財團法人美和科技大學,二專(進修),女,27,3,3,0,0,0,0,3,0,0,0,0,0,0,0,0,0,0,0,0
113,私立,技專校院,1064,美和學校財團法人美和科技大學,學士班(日間),女,754,60,60,4,10,9,4,15,3,1,0,1,0,1,6,1,5,0,0,0
113,私立,技專校院,1064,美和學校財團法人美和科技大學,五專,女,1276,84,84,5,4,28,5,17,2,4,0,1,0,3,1,2,12,0,0,0
113,私立,技專校院,1064,美和學校財團法人美和科技大學,二專(進修),男,53,10,10,0,1,0,0,8,0,0,1,0,0,0,0,0,0,0,0,0
113,私立,技專校院,1064,美和學校財團法人美和科技大學,學士班(日間),男,567,54,54,4,3,13,1,14,0,0,4,0,0,1,4,1,9,0,0,0
113,私立,技專校院,1064,美和學校財團法人美和科技大學,學士班(進修),男,328,15,15,0,2,0,0,9,0,0,1,0,0,1,0,0,2,0,0,0
113,私立,技專校院,1064,美和學校財團法人美和科技大學,學士班(進修),女,942,85,85,8,6,5,0,45,5,5,0,0,0,1,7,0,3,0,0,0
113,私立,技專校院,1064,美和學校財團法人美和科技大學,碩士班(日間),女,118,40,40,2,1,0,0,23,0,4,0,1,6,0,2,1,0,0,0,0
113,私立,技專校院,1064,美和學校財團法人美和科技大學,碩士在職專班,女,90,30,30,2,0,1,0,9,0,1,0,0,16,0,1,0,0,0,0,0
113,私立,技專校院,1064,美和學校財團法人美和科技大學,五專,男,214,22,22,1,1,9,5,3,0,0,2,0,0,0,0,1,0,0,0,0
113,私立,技專校院,1064,美和學校財團法人美和科技大學,碩士班(日間),男,57,20,20,0,1,0,0,11,0,0,1,0,5,0,1,0,1,0,0,0
113,私立,技專校院,1064,美和學校財團法人美和科技大學,碩士在職專班,男,34,15,15,0,0,0,0,8,0,0,0,0,6,0,1,0,0,0,0,0
113,私立,技專校院,1065,吳鳳科技大學,碩士班(日間),女,17,4,4,0,0,0,0,1,0,0,0,0,3,0,0,0,0,0,0,0
113,私立,技專校院,1065,吳鳳科技大學,碩士在職專班,女,30,2,1,0,0,0,0,1,0,0,0,0,0,0,0,0,0,1,0,1
113,私立,技專校院,1065,吳鳳科技大學,學士班(進修),男,730,112,90,1,2,6,2,48,0,0,4,0,0,0,2,0,25,22,0,22
113,私立,技專校院,1065,吳鳳科技大學,二專(進修),女,100,14,11,2,0,2,1,3,0,0,0,1,0,0,2,0,0,3,1,2
113,私立,技專校院,1065,吳鳳科技大學,學士班(日間),女,911,41,29,1,4,3,0,12,2,0,0,0,0,2,5,0,0,12,0,12
113,私立,技專校院,1065,吳鳳科技大學,學士班(進修),女,522,70,57,2,4,6,0,34,1,0,0,0,0,1,2,0,7,13,0,13
113,私立,技專校院,1065,吳鳳科技大學,二專(進修),男,81,14,5,0,0,0,0,5,0,0,0,0,0,0,0,0,0,9,0,9
113,私立,技專校院,1065,吳鳳科技大學,學士班(日間),男,1488,88,56,1,5,13,0,17,0,0,6,0,0,3,9,1,1,32,0,32
113,私立,技專校院,1065,吳鳳科技大學,碩士班(日間),男,20,7,7,0,0,0,0,1,0,0,0,0,6,0,0,0,0,0,0,0
113,私立,技專校院,1065,吳鳳科技大學,碩士在職專班,男,34,6,3,0,0,0,0,2,0,0,0,0,1,0,0,0,0,3,0,3
113,私立,技專校院,1069,修平學校財團法人修平科技大學,學士班(日間),女,688,43,43,3,0,15,0,15,0,0,0,0,0,0,10,0,0,0,0,0
113,私立,技專校院,1069,修平學校財團法人修平科技大學,學士班(進修),男,994,64,64,2,0,14,6,29,0,0,0,0,0,0,13,0,0,0,0,0
113,私立,技專校院,1069,修平學校財團法人修平科技大學,碩士班(日間),男,53,9,9,2,0,1,0,3,0,0,0,0,3,0,0,0,0,0,0,0
113,私立,技專校院,1069,修平學校財團法人修平科技大學,碩士在職專班,男,31,6,6,0,0,0,0,4,0,0,0,0,2,0,0,0,0,0,0,0
113,私立,技專校院,1069,修平學校財團法人修平科技大學,學士班(進修),女,281,20,19,1,0,3,0,9,0,1,0,0,0,0,4,1,0,1,0,1
113,私立,技專校院,1069,修平學校財團法人修平科技大學,碩士班(日間),女,36,5,5,0,1,0,0,2,0,0,0,0,2,0,0,0,0,0,0,0
113,私立,技專校院,1069,修平學校財團法人修平科技大學,碩士在職專班,女,9,0,0,0,0,0,0,0,0,0,0,0,0,0,0,0,0,0,0,0
113,私立,技專校院,1069,修平學校財團法人修平科技大學,二專(進修),男,2,1,1,0,0,0,0,0,0,0,1,0,0,0,0,0,0,0,0,0
113,私立,技專校院,1069,修平學校財團法人修平科技大學,學士班(日間),男,1264,43,43,9,1,13,3,12,0,2,0,0,0,0,2,0,1,0,0,0
113,私立,技專校院,1070,長庚學校財團法人長庚科技大學,學士班(日間),女,4028,100,100,9,10,53,2,14,3,0,0,2,0,3,2,2,0,0,0,0
113,私立,技專校院,1070,長庚學校財團法人長庚科技大學,學士班(進修),女,1013,57,57,4,2,3,0,35,2,5,0,0,0,0,3,3,0,0,0,0
113,私立,技專校院,1070,長庚學校財團法人長庚科技大學,碩士班(日間),男,14,3,3,0,0,0,0,3,0,0,0,0,0,0,0,0,0,0,0,0
113,私立,技專校院,1070,長庚學校財團法人長庚科技大學,碩士班(日間),女,88,10,10,1,0,1,0,3,0,0,0,0,1,0,3,1,0,0,0,0
113,私立,技專校院,1070,長庚學校財團法人長庚科技大學,碩士在職專班,女,145,49,49,2,0,0,0,20,4,2,0,0,18,0,3,0,0,0,0,0
113,私立,技專校院,1070,長庚學校財團法人長庚科技大學,學士班(日間),男,604,19,19,1,0,12,1,4,0,0,0,0,0,0,0,1,0,0,0,0
113,私立,技專校院,1070,長庚學校財團法人長庚科技大學,學士班(進修),男,89,5,5,1,0,0,0,3,0,0,0,0,0,0,1,0,0,0,0,0
113,私立,技專校院,1070,長庚學校財團法人長庚科技大學,碩士在職專班,男,7,1,1,0,0,0,0,1,0,0,0,0,0,0,0,0,0,0,0,0
113,私立,技專校院,1071,城市學校財團法人臺北城市科技大學,二專(日間),女,1,0,0,0,0,0,0,0,0,0,0,0,0,0,0,0,0,0,0,0
113,私立,技專校院,1071,城市學校財團法人臺北城市科技大學,二專(進修),女,153,94,26,3,2,0,0,15,1,0,0,1,0,2,1,0,1,68,0,68
113,私立,技專校院,1071,城市學校財團法人臺北城市科技大學,學士班(日間),女,2797,143,141,10,22,19,0,65,5,3,0,4,0,2,9,0,2,2,1,1
113,私立,技專校院,1071,城市學校財團法人臺北城市科技大學,五專,女,265,22,21,3,3,5,0,7,0,0,0,2,0,1,0,0,0,1,1,0
113,私立,技專校院,1071,城市學校財團法人臺北城市科技大學,二專(進修),男,156,76,16,1,0,0,0,11,0,0,3,1,0,0,0,0,0,60,0,60
113,私立,技專校院,1071,城市學校財團法人臺北城市科技大學,學士班(日間),男,3841,257,257,3,23,13,0,83,0,1,106,5,0,6,12,2,3,0,0,0
113,私立,技專校院,1071,城市學校財團法人臺北城市科技大學,學士班(進修),男,693,309,107,1,1,2,2,60,0,0,22,2,0,4,5,0,8,202,0,202
113,私立,技專校院,1071,城市學校財團法人臺北城市科技大學,學士班(進修),女,328,117,38,1,3,0,1,26,2,0,0,0,0,1,1,0,3,79,0,79
113,私立,技專校院,1071,城市學校財團法人臺北城市科技大學,碩士班(日間),女,28,10,10,0,1,0,0,4,2,1,0,0,2,0,0,0,0,0,0,0
113,私立,技專校院,1071,城市學校財團法人臺北城市科技大學,二專(日間),男,8,0,0,0,0,0,0,0,0,0,0,0,0,0,0,0,0,0,0,0
113,私立,技專校院,1071,城市學校財團法人臺北城市科技大學,五專,男,446,38,35,2,0,2,0,21,0,1,3,1,0,2,1,1,1,3,3,0
113,私立,技專校院,1071,城市學校財團法人臺北城市科技大學,碩士班(日間),男,62,22,22,1,1,0,0,9,0,2,1,1,6,0,1,0,0,0,0,0
113,私立,技專校院,1072,大華學校財團法人敏實科技大學,學士班(日間),女,320,6,6,1,2,2,0,0,0,0,0,0,0,0,1,0,0,0,0,0
113,私立,技專校院,1072,大華學校財團法人敏實科技大學,學士班(進修),女,50,2,2,0,0,1,0,1,0,0,0,0,0,0,0,0,0,0,0,0
113,私立,技專校院,1072,大華學校財團法人敏實科技大學,五專,女,46,2,2,0,0,2,0,0,0,0,0,0,0,0,0,0,0,0,0,0
113,私立,技專校院,1072,大華學校財團法人敏實科技大學,學士班(進修),男,146,5,5,0,0,0,0,3,0,0,1,0,0,0,1,0,0,0,0,0
113,私立,技專校院,1072,大華學校財團法人敏實科技大學,學士班(日間),男,475,11,11,4,0,1,0,3,0,0,0,0,0,0,3,0,0,0,0,0
113,私立,技專校院,1072,大華學校財團法人敏實科技大學,五專,男,34,4,4,0,0,2,0,1,0,0,0,0,0,0,1,0,0,0,0,0
113,私立,技專校院,1073,醒吾學校財團法人醒吾科技大學,五專,女,57,16,16,1,0,4,7,1,0,0,0,2,0,0,0,1,0,0,0,0
113,私立,技專校院,1073,醒吾學校財團法人醒吾科技大學,碩士班(日間),女,24,12,12,3,0,0,3,4,0,0,0,1,0,0,1,0,0,0,0,0
113,私立,技專校院,1073,醒吾學校財團法人醒吾科技大學,碩士在職專班,女,28,12,12,0,0,1,6,3,0,0,0,0,0,0,1,1,0,0,0,0
113,私立,技專校院,1073,醒吾學校財團法人醒吾科技大學,二專(進修),男,19,12,12,0,0,0,11,0,0,0,0,0,0,0,1,0,0,0,0,0
113,私立,技專校院,1073,醒吾學校財團法人醒吾科技大學,學士班(日間),男,1811,267,267,12,17,52,105,54,0,0,10,3,0,1,8,4,1,0,0,0
113,私立,技專校院,1073,醒吾學校財團法人醒吾科技大學,二專(進修),女,15,12,12,0,0,0,10,2,0,0,0,0,0,0,0,0,0,0,0,0
113,私立,技專校院,1073,醒吾學校財團法人醒吾科技大學,學士班(日間),女,2831,301,301,18,33,91,82,47,10,1,0,5,0,1,12,1,0,0,0,0
113,私立,技專校院,1073,醒吾學校財團法人醒吾科技大學,學士班(進修),女,431,78,78,6,4,16,11,37,2,0,0,0,0,0,2,0,0,0,0,0
113,私立,技專校院,1073,醒吾學校財團法人醒吾科技大學,學士班(進修),男,352,89,89,1,1,10,37,32,0,0,2,2,0,0,4,0,0,0,0,0
113,私立,技專校院,1073,醒吾學校財團法人醒吾科技大學,五專,男,31,8,8,1,0,1,3,2,0,0,0,0,0,1,0,0,0,0,0,0
113,私立,技專校院,1073,醒吾學校財團法人醒吾科技大學,碩士班(日間),男,17,13,13,1,0,0,3,6,0,0,1,0,0,1,1,0,0,0,0,0
113,私立,技專校院,1073,醒吾學校財團法人醒吾科技大學,碩士在職專班,男,18,7,7,0,2,1,2,2,0,0,0,0,0,0,0,0,0,0,0,0
113,私立,技專校院,1075,文藻學校財團法人文藻外語大學,學士班(進修),女,472,77,75,8,3,3,1,44,2,5,0,2,0,3,4,0,0,2,0,2
113,私立,技專校院,1075,文藻學校財團法人文藻外語大學,五專,女,1661,115,114,9,1,26,29,7,0,0,1,28,0,3,2,6,2,1,0,1
113,私立,技專校院,1075,文藻學校財團法人文藻外語大學,碩士班(日間),女,155,46,46,1,3,1,2,16,1,1,0,1,14,1,5,0,0,0,0,0
113,私立,技專校院,1075,文藻學校財團法人文藻外語大學,碩士在職專班,女,37,16,15,0,0,0,1,10,0,1,0,1,1,0,1,0,0,1,0,1
113,私立,技專校院,1075,文藻學校財團法人文藻外語大學,碩士班(日間),男,66,14,14,0,0,1,0,3,0,1,0,0,9,0,0,0,0,0,0,0
113,私立,技專校院,1075,文藻學校財團法人文藻外語大學,碩士在職專班,男,15,5,5,0,0,0,0,3,0,0,0,0,2,0,0,0,0,0,0,0
113,私立,技專校院,1075,文藻學校財團法人文藻外語大學,學士班(日間),女,2690,216,200,18,15,36,44,37,3,2,0,23,0,6,7,3,6,16,0,16
113,私立,技專校院,1075,文藻學校財團法人文藻外語大學,學士班(日間),男,1104,128,114,8,10,14,28,32,0,0,8,3,0,3,4,4,0,14,0,14
113,私立,技專校院,1075,文藻學校財團法人文藻外語大學,學士班(進修),男,284,51,47,0,2,1,2,33,0,1,6,0,0,1,0,1,0,4,0,4
113,私立,技專校院,1075,文藻學校財團法人文藻外語大學,五專,男,365,31,30,1,0,2,11,4,0,0,1,8,0,0,0,2,1,1,0,1
113,私立,技專校院,1076,華夏學校財團法人華夏科技大學,二專(進修),女,0,3,0,0,0,0,0,0,0,0,0,0,0,0,0,0,0,3,0,3
113,私立,技專校院,1076,華夏學校財團法人華夏科技大學,學士班(日間),女,102,18,7,2,1,1,0,3,0,0,0,0,0,0,0,0,0,11,0,11
113,私立,技專校院,1076,華夏學校財團法人華夏科技大學,二專(進修),男,1,1,0,0,0,0,0,0,0,0,0,0,0,0,0,0,0,1,0,1
113,私立,技專校院,1076,華夏學校財團法人華夏科技大學,學士班(日間),男,231,42,20,0,1,4,0,5,0,0,9,0,0,0,1,0,0,22,0,22
113,私立,技專校院,1076,華夏學校財團法人華夏科技大學,學士班(進修),男,129,31,15,0,0,3,1,5,0,0,6,0,0,0,0,0,0,16,0,16
113,私立,技專校院,1076,華夏學校財團法人華夏科技大學,五專,男,187,25,18,0,2,7,2,3,0,0,1,0,0,0,2,1,0,7,1,6
113,私立,技專校院,1076,華夏學校財團法人華夏科技大學,碩士在職專班,男,12,6,2,0,0,0,0,0,0,0,0,0,2,0,0,0,0,4,0,4
113,私立,技專校院,1076,華夏學校財團法人華夏科技大學,學士班(進修),女,93,20,5,0,0,0,0,4,1,0,0,0,0,0,0,0,0,15,0,15
113,私立,技專校院,1076,華夏學校財團法人華夏科技大學,五專,女,52,2,2,0,0,1,0,1,0,0,0,0,0,0,0,0,0,0,0,0
113,私立,技專校院,1076,華夏學校財團法人華夏科技大學,碩士班(日間),女,2,0,0,0,0,0,0,0,0,0,0,0,0,0,0,0,0,0,0,0
113,私立,技專校院,1076,華夏學校財團法人華夏科技大學,碩士在職專班,女,5,0,0,0,0,0,0,0,0,0,0,0,0,0,0,0,0,0,0,0
113,私立,技專校院,1076,華夏學校財團法人華夏科技大學,碩士班(日間),男,8,6,2,0,0,0,0,1,0,0,1,0,0,0,0,0,0,4,0,4
113,私立,技專校院,1078,致理學校財團法人致理科技大學,碩士班(日間),女,62,11,11,1,0,0,0,6,0,0,0,1,1,0,1,1,0,0,0,0
113,私立,技專校院,1078,致理學校財團法人致理科技大學,碩士在職專班,女,39,8,8,1,0,0,0,3,0,0,0,0,3,0,1,0,0,0,0,0
113,私立,技專校院,1078,致理學校財團法人致理科技大學,學士班(進修),男,1157,87,87,5,4,9,6,43,0,0,8,5,0,4,2,1,0,0,0,0
113,私立,技專校院,1078,致理學校財團法人致理科技大學,五專,男,383,28,28,4,0,11,4,3,0,0,1,2,0,1,0,2,0,0,0,0
113,私立,技專校院,1078,致理學校財團法人致理科技大學,學士班(日間),女,4298,149,149,14,5,29,15,46,4,2,1,4,0,9,8,11,1,0,0,0
113,私立,技專校院,1078,致理學校財團法人致理科技大學,學士班(進修),女,1460,102,102,7,1,10,4,62,1,2,0,6,0,0,6,2,1,0,0,0
113,私立,技專校院,1078,致理學校財團法人致理科技大學,五專,女,1171,78,78,5,1,41,15,4,0,0,0,3,0,2,0,7,0,0,0,0
113,私立,技專校院,1078,致理學校財團法人致理科技大學,學士班(日間),男,2255,97,97,10,3,20,18,21,0,0,6,5,0,7,2,5,0,0,0,0
113,私立,技專校院,1078,致理學校財團法人致理科技大學,碩士班(日間),男,16,2,2,0,0,0,0,1,0,0,0,0,1,0,0,0,0,0,0,0
113,私立,技專校院,1078,致理學校財團法人致理科技大學,碩士在職專班,男,16,2,2,0,0,0,0,0,0,0,1,0,1,0,0,0,0,0,0,0
113,私立,一般大學,1079,康寧學校財團法人康寧大學,五專,女,2053,96,96,12,5,53,10,8,0,1,0,2,0,0,5,0,0,0,0,0
113,私立,一般大學,1079,康寧學校財團法人康寧大學,二專(進修),男,56,6,6,0,0,3,0,2,0,0,0,1,0,0,0,0,0,0,0,0
113,私立,一般大學,1079,康寧學校財團法人康寧大學,學士班(日間),男,37,2,2,0,0,2,0,0,0,0,0,0,0,0,0,0,0,0,0,0
113,私立,一般大學,1079,康寧學校財團法人康寧大學,二專(進修),女,151,7,7,1,0,2,0,2,0,1,0,0,0,0,1,0,0,0,0,0
113,私立,一般大學,1079,康寧學校財團法人康寧大學,學士班(日間),女,100,4,4,2,0,2,0,0,0,0,0,0,0,0,0,0,0,0,0,0
113,私立,一般大學,1079,康寧學校財團法人康寧大學,學士班(進修),女,172,6,6,1,0,2,0,1,0,0,0,0,0,0,2,0,0,0,0,0
113,私立,一般大學,1079,康寧學校財團法人康寧大學,學士班(進修),男,23,0,0,0,0,0,0,0,0,0,0,0,0,0,0,0,0,0,0,0
113,私立,一般大學,1079,康寧學校財團法人康寧大學,五專,男,645,46,46,5,4,26,4,4,0,0,0,1,0,0,1,1,0,0,0,0
113,私立,一般大學,1079,康寧學校財團法人康寧大學,碩士在職專班,男,2,0,0,0,0,0,0,0,0,0,0,0,0,0,0,0,0,0,0,0
113,私立,技專校院,1080,宏國學校財團法人宏國德霖科技大學,學士班(日間),女,780,25,25,2,3,2,1,11,2,0,0,1,0,0,2,0,1,0,0,0
113,私立,技專校院,1080,宏國學校財團法人宏國德霖科技大學,五專,女,396,29,29,3,2,2,14,8,0,0,0,0,0,0,0,0,0,0,0,0
113,私立,技專校院,1080,宏國學校財團法人宏國德霖科技大學,碩士班(日間),女,17,2,2,0,0,0,0,1,0,0,0,0,1,0,0,0,0,0,0,0
113,私立,技專校院,1080,宏國學校財團法人宏國德霖科技大學,學士班(日間),男,986,48,48,3,2,4,0,14,0,0,17,1,0,1,6,0,0,0,0,0
113,私立,技專校院,1080,宏國學校財團法人宏國德霖科技大學,學士班(進修),男,885,28,28,0,1,1,1,15,0,0,7,0,0,0,2,1,0,0,0,0
113,私立,技專校院,1080,宏國學校財團法人宏國德霖科技大學,五專,男,635,40,40,2,0,8,9,11,0,0,8,1,0,1,0,0,0,0,0,0
113,私立,技專校院,1080,宏國學校財團法人宏國德霖科技大學,學士班(進修),女,576,13,13,2,0,0,0,8,1,0,0,0,0,0,2,0,0,0,0,0
113,私立,技專校院,1080,宏國學校財團法人宏國德霖科技大學,碩士班(日間),男,17,1,1,0,0,0,0,0,0,0,0,0,0,0,1,0,0,0,0,0
113,私立,技專校院,1082,崇右學校財團法人崇右影藝科技大學,學士班(日間),女,601,27,24,4,6,3,4,4,0,2,0,0,0,0,1,0,0,3,3,0
113,私立,技專校院,1082,崇右學校財團法人崇右影藝科技大學,學士班(日間),男,489,14,14,2,2,2,0,2,0,0,5,0,0,1,0,0,0,0,0,0
113,私立,技專校院,1082,崇右學校財團法人崇右影藝科技大學,碩士班(日間),女,12,0,0,0,0,0,0,0,0,0,0,0,0,0,0,0,0,0,0,0
113,私立,技專校院,1082,崇右學校財團法人崇右影藝科技大學,碩士班(日間),男,12,2,2,0,0,0,0,0,0,0,0,0,2,0,0,0,0,0,0,0
113,私立,技專校院,1083,台北海洋學校財團法人台北海洋科技大學,二專(進修),女,6,1,1,0,1,0,0,0,0,0,0,0,0,0,0,0,0,0,0,0
113,私立,技專校院,1083,台北海洋學校財團法人台北海洋科技大學,學士班(日間),女,805,55,41,10,6,10,0,10,0,0,0,0,0,2,1,0,2,14,0,14
113,私立,技專校院,1083,台北海洋學校財團法人台北海洋科技大學,二專(日間),男,0,2,1,1,0,0,0,0,0,0,0,0,0,0,0,0,0,1,0,1
113,私立,技專校院,1083,台北海洋學校財團法人台北海洋科技大學,二專(進修),男,96,10,10,0,2,0,0,6,0,0,0,0,0,0,0,0,2,0,0,0
113,私立,技專校院,1083,台北海洋學校財團法人台北海洋科技大學,學士班(日間),男,1140,118,87,10,22,25,0,10,0,0,16,0,0,2,0,0,2,31,0,31
113,私立,技專校院,1083,台北海洋學校財團法人台北海洋科技大學,五專,男,343,38,35,0,2,9,0,12,0,0,10,2,0,0,0,0,0,3,0,3
113,私立,技專校院,1083,台北海洋學校財團法人台北海洋科技大學,學士班(進修),女,507,35,35,11,3,2,0,10,2,0,0,0,0,2,2,0,3,0,0,0
113,私立,技專校院,1083,台北海洋學校財團法人台北海洋科技大學,五專,女,190,13,9,0,1,3,0,2,2,0,0,0,0,0,0,0,1,4,0,4
113,私立,技專校院,1083,台北海洋學校財團法人台北海洋科技大學,碩士班(日間),女,55,10,10,1,2,1,0,6,0,0,0,0,0,0,0,0,0,0,0,0
113,私立,技專校院,1083,台北海洋學校財團法人台北海洋科技大學,學士班(進修),男,426,13,13,1,2,4,0,4,0,0,0,0,0,0,1,0,1,0,0,0
113,私立,技專校院,1083,台北海洋學校財團法人台北海洋科技大學,碩士班(日間),男,53,23,17,1,2,0,0,13,0,0,1,0,0,0,0,0,0,6,0,6
113,私立,技專校院,1084,亞東學校財團法人亞東科技大學,學士班(日間),女,1214,90,90,8,16,10,4,29,2,0,0,2,0,12,6,1,0,0,0,0
113,私立,技專校院,1084,亞東學校財團法人亞東科技大學,學士班(進修),女,115,6,6,0,2,0,0,3,0,0,0,0,0,0,1,0,0,0,0,0
113,私立,技專校院,1084,亞東學校財團法人亞東科技大學,碩士班(日間),女,18,1,1,0,0,0,0,0,0,0,0,0,0,0,1,0,0,0,0,0
113,私立,技專校院,1084,亞東學校財團法人亞東科技大學,碩士班(日間),男,43,8,8,0,0,0,0,6,0,0,2,0,0,0,0,0,0,0,0,0
113,私立,技專校院,1084,亞東學校財團法人亞東科技大學,學士班(日間),男,2546,211,211,8,26,13,23,76,0,0,36,6,0,20,0,3,0,0,0,0
113,私立,技專校院,1084,亞東學校財團法人亞東科技大學,學士班(進修),男,14,1,1,0,1,0,0,0,0,0,0,0,0,0,0,0,0,0,0,0
113,私立,一般大學,1125,中信學校財團法人中信金融管理學院,學士班(日間),女,332,5,5,2,0,0,0,1,0,0,0,0,0,0,2,0,0,0,0,0
113,私立,一般大學,1125,中信學校財團法人中信金融管理學院,博士班,女,2,0,0,0,0,0,0,0,0,0,0,0,0,0,0,0,0,0,0,0
113,私立,一般大學,1125,中信學校財團法人中信金融管理學院,學士班(日間),男,399,9,9,1,0,3,1,0,0,0,2,0,0,0,2,0,0,0,0,0
113,私立,一般大學,1125,中信學校財團法人中信金融管理學院,博士班,男,1,0,0,0,0,0,0,0,0,0,0,0,0,0,0,0,0,0,0,0
113,私立,一般大學,1125,中信學校財團法人中信金融管理學院,碩士班(日間),女,61,4,4,0,0,0,0,2,0,0,0,0,0,0,2,0,0,0,0,0
113,私立,一般大學,1125,中信學校財團法人中信金融管理學院,碩士在職專班,女,29,0,0,0,0,0,0,0,0,0,0,0,0,0,0,0,0,0,0,0
113,私立,一般大學,1125,中信學校財團法人中信金融管理學院,碩士班(日間),男,73,8,8,0,0,0,0,6,0,0,0,1,0,0,1,0,0,0,0,0
113,私立,一般大學,1125,中信學校財團法人中信金融管理學院,碩士在職專班,男,20,1,1,1,0,0,0,0,0,0,0,0,0,0,0,0,0,0,0,0
113,私立,技專校院,1148,大漢技術學院,二專(進修),女,9,0,0,0,0,0,0,0,0,0,0,0,0,0,0,0,0,0,0,0
113,私立,技專校院,1148,大漢技術學院,學士班(日間),女,18,0,0,0,0,0,0,0,0,0,0,0,0,0,0,0,0,0,0,0
113,私立,技專校院,1148,大漢技術學院,二專(進修),男,5,0,0,0,0,0,0,0,0,0,0,0,0,0,0,0,0,0,0,0
113,私立,技專校院,1148,大漢技術學院,學士班(日間),男,37,0,0,0,0,0,0,0,0,0,0,0,0,0,0,0,0,0,0,0
113,私立,技專校院,1148,大漢技術學院,學士班(進修),女,85,0,0,0,0,0,0,0,0,0,0,0,0,0,0,0,0,0,0,0
113,私立,技專校院,1148,大漢技術學院,碩士班(日間),女,17,0,0,0,0,0,0,0,0,0,0,0,0,0,0,0,0,0,0,0
113,私立,技專校院,1148,大漢技術學院,學士班(進修),男,116,0,0,0,0,0,0,0,0,0,0,0,0,0,0,0,0,0,0,0
113,私立,技專校院,1148,大漢技術學院,碩士班(日間),男,23,0,0,0,0,0,0,0,0,0,0,0,0,0,0,0,0,0,0,0
113,私立,技專校院,1168,南亞科技學校財團法人南亞技術學院,二專(進修),女,87,10,10,1,3,0,0,1,0,0,0,0,0,0,5,0,0,0,0,0
113,私立,技專校院,1168,南亞科技學校財團法人南亞技術學院,學士班(日間),女,212,30,30,2,10,6,0,8,0,3,0,0,0,1,0,0,0,0,0,0
113,私立,技專校院,1168,南亞科技學校財團法人南亞技術學院,二專(進修),男,2,0,0,0,0,0,0,0,0,0,0,0,0,0,0,0,0,0,0,0
113,私立,技專校院,1168,南亞科技學校財團法人南亞技術學院,學士班(日間),男,527,59,59,4,15,12,1,14,0,0,5,0,0,0,5,1,2,0,0,0
113,私立,技專校院,1168,南亞科技學校財團法人南亞技術學院,五專,男,25,5,5,0,0,2,0,0,0,0,1,1,0,0,1,0,0,0,0,0
113,私立,技專校院,1168,南亞科技學校財團法人南亞技術學院,學士班(進修),女,715,42,42,3,2,4,0,7,4,4,0,2,2,1,12,1,0,0,0,0
113,私立,技專校院,1168,南亞科技學校財團法人南亞技術學院,五專,女,16,3,3,0,2,0,1,0,0,0,0,0,0,0,0,0,0,0,0,0
113,私立,技專校院,1168,南亞科技學校財團法人南亞技術學院,學士班(進修),男,240,24,24,0,0,1,0,16,0,3,0,0,0,0,4,0,0,0,0,0
113,私立,技專校院,1183,黎明技術學院,學士班(日間),女,1553,135,135,5,15,27,7,47,0,0,0,4,0,11,7,1,11,0,0,0
113,私立,技專校院,1183,黎明技術學院,五專,女,64,0,0,0,0,0,0,0,0,0,0,0,0,0,0,0,0,0,0,0
113,私立,技專校院,1183,黎明技術學院,學士班(日間),男,1700,128,128,5,12,15,4,49,0,0,29,5,0,3,4,0,2,0,0,0
113,私立,技專校院,1183,黎明技術學院,學士班(進修),男,904,43,32,1,1,4,0,12,0,0,13,0,0,0,1,0,0,11,0,11
113,私立,技專校院,1183,黎明技術學院,學士班(進修),女,441,35,32,2,6,4,0,16,2,0,0,0,0,2,0,0,0,3,0,3
113,私立,技專校院,1183,黎明技術學院,碩士班(日間),女,15,3,3,2,0,0,0,0,0,0,0,0,0,1,0,0,0,0,0,0
113,私立,技專校院,1183,黎明技術學院,五專,男,238,11,11,0,1,1,3,3,0,0,1,0,0,1,0,1,0,0,0,0
113,私立,技專校院,1183,黎明技術學院,碩士班(日間),男,9,0,0,0,0,0,0,0,0,0,0,0,0,0,0,0,0,0,0,0
113,私立,技專校院,1185,德育學校財團法人德育護理健康學院,二專(進修),女,123,9,9,2,0,1,0,4,1,0,0,0,0,0,0,0,1,0,0,0
113,私立,技專校院,1185,德育學校財團法人德育護理健康學院,學士班(日間),女,858,45,44,4,5,8,1,17,3,1,0,0,0,0,4,0,1,1,1,0
113,私立,技專校院,1185,德育學校財團法人德育護理健康學院,五專,女,683,77,77,7,9,28,9,17,0,4,0,1,0,0,1,0,1,0,0,0
113,私立,技專校院,1185,德育學校財團法人德育護理健康學院,碩士在職專班,女,43,8,8,2,0,0,0,3,0,0,0,0,1,0,1,1,0,0,0,0
113,私立,技專校院,1185,德育學校財團法人德育護理健康學院,二專(進修),男,30,4,4,0,0,1,0,2,0,0,0,0,0,0,1,0,0,0,0,0
113,私立,技專校院,1185,德育學校財團法人德育護理健康學院,學士班(日間),男,494,34,34,2,3,2,4,15,0,0,4,1,0,0,2,1,0,0,0,0
113,私立,技專校院,1185,德育學校財團法人德育護理健康學院,學士班(進修),男,111,8,8,1,0,1,1,4,0,0,0,0,0,0,1,0,0,0,0,0
113,私立,技專校院,1185,德育學校財團法人德育護理健康學院,學士班(進修),女,558,24,24,4,0,1,0,9,3,1,0,1,0,0,5,0,0,0,0,0
113,私立,技專校院,1185,德育學校財團法人德育護理健康學院,碩士班(日間),女,31,7,6,0,0,0,0,2,1,0,0,0,3,0,0,0,0,1,1,0
113,私立,技專校院,1185,德育學校財團法人德育護理健康學院,五專,男,213,47,47,1,2,24,4,10,0,0,4,1,0,0,0,0,1,0,0,0
113,私立,技專校院,1185,德育學校財團法人德育護理健康學院,碩士班(日間),男,6,0,0,0,0,0,0,0,0,0,0,0,0,0,0,0,0,0,0,0
113,私立,技專校院,1185,德育學校財團法人德育護理健康學院,碩士在職專班,男,17,0,0,0,0,0,0,0,0,0,0,0,0,0,0,0,0,0,0,0
113,私立,一般大學,1195,馬偕學校財團法人馬偕醫學院,學士班(日間),女,519,35,35,4,0,21,1,1,0,0,0,5,0,1,2,0,0,0,0,0
113,私立,一般大學,1195,馬偕學校財團法人馬偕醫學院,學士班(進修),女,53,8,8,1,0,2,0,5,0,0,0,0,0,0,0,0,0,0,0,0
113,私立,一般大學,1195,馬偕學校財團法人馬偕醫學院,博士班,女,3,0,0,0,0,0,0,0,0,0,0,0,0,0,0,0,0,0,0,0
113,私立,一般大學,1195,馬偕學校財團法人馬偕醫學院,碩士班(日間),女,53,21,21,6,0,2,0,5,2,0,0,0,1,0,2,0,3,0,0,0
113,私立,一般大學,1195,馬偕學校財團法人馬偕醫學院,學士班(進修),男,4,0,0,0,0,0,0,0,0,0,0,0,0,0,0,0,0,0,0,0
113,私立,一般大學,1195,馬偕學校財團法人馬偕醫學院,碩士班(日間),男,16,2,2,0,0,0,0,2,0,0,0,0,0,0,0,0,0,0,0,0
113,私立,一般大學,1195,馬偕學校財團法人馬偕醫學院,碩士在職專班,男,7,1,1,0,0,0,0,0,0,0,0,0,1,0,0,0,0,0,0,0
113,私立,一般大學,1195,馬偕學校財團法人馬偕醫學院,碩士在職專班,女,26,13,13,4,0,2,0,2,1,0,0,0,3,0,1,0,0,0,0,0
113,私立,一般大學,1195,馬偕學校財團法人馬偕醫學院,學士班(日間),男,295,17,17,1,1,13,0,0,0,1,0,0,0,0,0,0,1,0,0,0
113,私立,一般大學,1195,馬偕學校財團法人馬偕醫學院,博士班,男,10,4,4,1,0,0,0,1,0,0,0,0,2,0,0,0,0,0,0,0
113,私立,一般大學,1196,法鼓學校財團法人法鼓文理學院,學士班(日間),女,27,5,5,2,0,0,0,2,0,0,0,0,0,0,1,0,0,0,0,0
113,私立,一般大學,1196,法鼓學校財團法人法鼓文理學院,學士班(進修),女,30,1,1,0,0,0,0,0,0,0,0,0,0,0,1,0,0,0,0,0
113,私立,一般大學,1196,法鼓學校財團法人法鼓文理學院,博士班,女,15,5,5,0,0,0,0,1,0,0,0,0,4,0,0,0,0,0,0,0
113,私立,一般大學,1196,法鼓學校財團法人法鼓文理學院,博士班,男,14,3,3,0,0,0,0,0,0,0,0,1,1,0,0,1,0,0,0,0
113,私立,一般大學,1196,法鼓學校財團法人法鼓文理學院,碩士班(日間),男,63,20,20,1,0,0,0,10,0,0,0,1,6,0,2,0,0,0,0,0
113,私立,一般大學,1196,法鼓學校財團法人法鼓文理學院,碩士班(日間),女,180,53,53,3,0,0,0,14,0,0,0,3,29,0,4,0,0,0,0,0
113,私立,一般大學,1196,法鼓學校財團法人法鼓文理學院,碩士在職專班,女,23,6,6,0,0,2,0,3,0,0,0,0,0,0,1,0,0,0,0,0
113,私立,一般大學,1196,法鼓學校財團法人法鼓文理學院,學士班(日間),男,24,3,3,1,1,1,0,0,0,0,0,0,0,0,0,0,0,0,0,0
113,私立,一般大學,1196,法鼓學校財團法人法鼓文理學院,學士班(進修),男,5,0,0,0,0,0,0,0,0,0,0,0,0,0,0,0,0,0,0,0
113,私立,一般大學,1196,法鼓學校財團法人法鼓文理學院,碩士在職專班,男,9,0,0,0,0,0,0,0,0,0,0,0,0,0,0,0,0,0,0,0
113,私立,技專校院,1282,馬偕學校財團法人馬偕醫護管理專科學校,五專,女,3333,158,158,5,7,98,22,13,3,0,0,5,0,0,1,4,0,0,0,0
113,私立,技專校院,1282,馬偕學校財團法人馬偕醫護管理專科學校,二專(進修),男,55,5,5,0,0,3,1,1,0,0,0,0,0,0,0,0,0,0,0,0
113,私立,技專校院,1282,馬偕學校財團法人馬偕醫護管理專科學校,五專,男,605,24,24,1,1,12,8,1,0,0,0,1,0,0,0,0,0,0,0,0
113,私立,技專校院,1282,馬偕學校財團法人馬偕醫護管理專科學校,二專(進修),女,53,7,7,2,0,3,0,2,0,0,0,0,0,0,0,0,0,0,0,0
113,私立,技專校院,1283,仁德醫護管理專科學校,五專,女,3916,105,105,19,9,49,14,11,2,1,0,0,0,0,0,0,0,0,0,0
113,私立,技專校院,1283,仁德醫護管理專科學校,二專(進修),男,198,2,2,1,0,0,0,0,0,0,0,0,0,0,1,0,0,0,0,0
113,私立,技專校院,1283,仁德醫護管理專科學校,五專,男,1141,59,59,5,1,25,12,12,0,1,3,0,0,0,0,0,0,0,0,0
113,私立,技專校院,1283,仁德醫護管理專科學校,二專(進修),女,203,2,2,1,0,1,0,0,0,0,0,0,0,0,0,0,0,0,0,0
113,私立,技專校院,1284,樹人醫護管理專科學校,二專(進修),女,268,48,48,3,0,11,0,18,2,1,0,0,0,0,5,0,8,0,0,0
113,私立,技專校院,1284,樹人醫護管理專科學校,五專,女,5285,228,228,31,0,155,13,8,0,0,0,0,0,15,0,0,6,0,0,0
113,私立,技專校院,1284,樹人醫護管理專科學校,二專(進修),男,276,38,38,2,0,5,0,24,0,1,0,0,0,0,4,0,2,0,0,0
113,私立,技專校院,1284,樹人醫護管理專科學校,五專,男,1384,85,85,6,0,53,12,3,0,0,3,0,0,7,0,0,1,0,0,0
113,私立,技專校院,1285,慈惠醫護管理專科學校,二專(日間),女,46,18,18,0,3,2,7,2,1,0,0,0,0,0,3,0,0,0,0,0
113,私立,技專校院,1285,慈惠醫護管理專科學校,五專,女,1250,264,264,37,39,82,33,28,8,2,2,2,0,10,21,0,0,0,0,0
113,私立,技專校院,1285,慈惠醫護管理專科學校,二專(進修),男,64,25,25,2,19,0,0,0,0,0,0,0,0,0,2,0,2,0,0,0
113,私立,技專校院,1285,慈惠醫護管理專科學校,五專,男,349,80,80,3,5,37,10,10,0,0,4,0,0,1,10,0,0,0,0,0
113,私立,技專校院,1285,慈惠醫護管理專科學校,二專(進修),女,82,24,24,5,9,0,0,0,1,0,0,0,0,0,3,0,6,0,0,0
113,私立,技專校院,1285,慈惠醫護管理專科學校,二專(日間),男,7,5,5,0,0,1,1,2,0,0,1,0,0,0,0,0,0,0,0,0
113,私立,技專校院,1286,耕莘健康管理專科學校,二專(進修),男,16,0,0,0,0,0,0,0,0,0,0,0,0,0,0,0,0,0,0,0
113,私立,技專校院,1286,耕莘健康管理專科學校,二專(進修),女,141,6,6,2,0,2,0,1,0,0,0,0,0,0,1,0,0,0,0,0
113,私立,技專校院,1286,耕莘健康管理專科學校,五專,女,3370,82,81,13,3,51,1,6,2,1,0,2,0,1,1,0,0,1,0,1
113,私立,技專校院,1286,耕莘健康管理專科學校,五專,男,404,9,9,0,0,5,1,3,0,0,0,0,0,0,0,0,0,0,0,0
113,私立,技專校院,1287,敏惠醫護管理專科學校,二專(進修),女,70,4,4,1,0,1,0,1,0,0,0,0,0,0,0,0,1,0,0,0
113,私立,技專校院,1287,敏惠醫護管理專科學校,五專,女,2763,91,91,15,6,29,5,12,1,1,0,0,0,6,6,0,10,0,0,0
113,私立,技專校院,1287,敏惠醫護管理專科學校,二專(進修),男,27,2,2,1,0,0,0,1,0,0,0,0,0,0,0,0,0,0,0,0
113,私立,技專校院,1287,敏惠醫護管理專科學校,五專,男,446,22,22,5,1,4,5,1,0,0,1,0,0,1,2,0,2,0,0,0
113,私立,技專校院,1289,育英醫護管理專科學校,五專,女,1535,110,109,9,6,55,17,13,0,0,0,1,0,4,4,0,0,1,1,0
113,私立,技專校院,1289,育英醫護管理專科學校,五專,男,169,19,18,0,0,7,4,3,0,0,2,1,0,0,1,0,0,1,1,0
113,私立,技專校院,1291,聖母醫護管理專科學校,二專(進修),男,36,3,3,1,0,0,0,2,0,0,0,0,0,0,0,0,0,0,0,0
113,私立,技專校院,1291,聖母醫護管理專科學校,二專(日間),女,0,1,1,0,1,0,0,0,0,0,0,0,0,0,0,0,0,0,0,0
113,私立,技專校院,1291,聖母醫護管理專科學校,二專(進修),女,85,4,4,0,0,1,0,2,0,0,0,0,0,0,1,0,0,0,0,0
113,私立,技專校院,1291,聖母醫護管理專科學校,五專,女,1085,67,67,8,2,21,11,17,2,0,0,0,0,0,4,1,1,0,0,0
113,私立,技專校院,1291,聖母醫護管理專科學校,五專,男,210,18,18,1,0,4,2,6,0,0,3,0,0,1,0,0,1,0,0,0
113,私立,技專校院,1292,新生醫護管理專科學校,五專,女,5115,290,231,30,17,81,25,19,3,1,0,1,0,39,15,0,0,59,0,59
113,私立,技專校院,1292,新生醫護管理專科學校,二專(進修),女,73,8,7,1,0,0,0,5,0,0,0,0,0,0,1,0,0,1,0,1
113,私立,技專校院,1292,新生醫護管理專科學校,二專(進修),男,10,0,0,0,0,0,0,0,0,0,0,0,0,0,0,0,0,0,0,0
113,私立,技專校院,1292,新生醫護管理專科學校,五專,男,763,50,45,3,5,14,8,6,0,0,0,1,0,7,1,0,0,5,0,5
113,私立,技專校院,1293,崇仁醫護管理專科學校,五專,女,2488,63,63,11,7,27,2,3,1,0,0,2,0,7,0,0,3,0,0,0
113,私立,技專校院,1293,崇仁醫護管理專科學校,五專,男,469,24,24,2,0,13,3,2,0,0,4,0,0,0,0,0,0,0,0,0
113,私立,宗教研修學院,1R02,學校財團法人中華浸信會基督教台灣浸會神學院,碩士班(日間),女,16,3,3,2,0,0,0,0,1,0,0,0,0,0,0,0,0,0,0,0
113,私立,宗教研修學院,1R02,學校財團法人中華浸信會基督教台灣浸會神學院,碩士在職專班,女,7,0,0,0,0,0,0,0,0,0,0,0,0,0,0,0,0,0,0,0
113,私立,宗教研修學院,1R02,學校財團法人中華浸信會基督教台灣浸會神學院,碩士班(日間),男,31,2,2,0,0,0,0,2,0,0,0,0,0,0,0,0,0,0,0,0
113,私立,宗教研修學院,1R02,學校財團法人中華浸信會基督教台灣浸會神學院,碩士在職專班,男,6,1,1,0,0,0,0,0,0,0,0,0,0,0,1,0,0,0,0,0
113,私立,宗教研修學院,1R03,臺北基督學院,學士班(日間),女,13,10,10,1,0,6,1,2,0,0,0,0,0,0,0,0,0,0,0,0
113,私立,宗教研修學院,1R03,臺北基督學院,學士班(日間),男,15,11,10,1,0,3,2,1,0,0,0,0,0,2,1,0,0,1,1,0
113,私立,宗教研修學院,1R04,財團法人一貫道天皇基金會一貫道天皇學院,學士班(日間),女,5,0,0,0,0,0,0,0,0,0,0,0,0,0,0,0,0,0,0,0
113,私立,宗教研修學院,1R04,財團法人一貫道天皇基金會一貫道天皇學院,學士班(日間),男,2,0,0,0,0,0,0,0,0,0,0,0,0,0,0,0,0,0,0,0
113,私立,宗教研修學院,1R04,財團法人一貫道天皇基金會一貫道天皇學院,碩士班(日間),女,2,0,0,0,0,0,0,0,0,0,0,0,0,0,0,0,0,0,0,0
113,私立,宗教研修學院,1R04,財團法人一貫道天皇基金會一貫道天皇學院,碩士在職專班,女,20,0,0,0,0,0,0,0,0,0,0,0,0,0,0,0,0,0,0,0
113,私立,宗教研修學院,1R04,財團法人一貫道天皇基金會一貫道天皇學院,碩士班(日間),男,4,0,0,0,0,0,0,0,0,0,0,0,0,0,0,0,0,0,0,0
113,私立,宗教研修學院,1R04,財團法人一貫道天皇基金會一貫道天皇學院,碩士在職專班,男,10,0,0,0,0,0,0,0,0,0,0,0,0,0,0,0,0,0,0,0
113,私立,宗教研修學院,1R05,台神學校財團法人台灣神學研究學院,碩士在職專班,女,8,1,1,0,0,0,0,0,0,0,0,0,0,0,1,0,0,0,0,0
113,私立,宗教研修學院,1R05,台神學校財團法人台灣神學研究學院,碩士班(日間),女,69,11,11,0,1,1,0,1,1,4,0,0,2,0,0,0,1,0,0,0
113,私立,宗教研修學院,1R05,台神學校財團法人台灣神學研究學院,碩士班(日間),男,32,5,5,1,0,0,0,1,0,1,0,0,1,0,1,0,0,0,0,0
113,私立,宗教研修學院,1R05,台神學校財團法人台灣神學研究學院,碩士在職專班,男,3,1,1,1,0,0,0,0,0,0,0,0,0,0,0,0,0,0,0,0
113,私立,宗教研修學院,1R06,一貫道崇德學院,碩士班(日間),女,40,13,13,0,0,0,0,3,0,0,0,0,10,0,0,0,0,0,0,0
113,私立,宗教研修學院,1R06,一貫道崇德學院,碩士班(日間),男,26,9,9,0,0,0,0,3,0,0,0,0,4,0,2,0,0,0,0,0
113,私立,宗教研修學院,1R07,台灣基督長老教會南神神學院,碩士班(日間),女,33,12,12,1,0,0,0,3,0,0,0,0,3,2,2,0,1,0,0,0
113,私立,宗教研修學院,1R07,台灣基督長老教會南神神學院,碩士班(日間),男,20,6,6,0,0,0,0,3,0,0,0,0,1,0,2,0,0,0,0,0
113,私立,宗教研修學院,1R08,中華福音神學研究學院,碩士班(日間),男,34,1,1,1,0,0,0,0,0,0,0,0,0,0,0,0,0,0,0,0
113,私立,宗教研修學院,1R08,中華福音神學研究學院,碩士班(日間),女,20,2,2,0,0,0,0,1,0,1,0,0,0,0,0,0,0,0,0,0
113,私立,宗教研修學院,1R09,唯心聖教學院,碩士班(日間),女,38,5,5,1,0,0,0,1,0,0,0,0,1,0,1,0,1,0,0,0
113,私立,宗教研修學院,1R09,唯心聖教學院,碩士班(日間),男,43,2,2,0,0,0,0,1,0,0,0,0,1,0,0,0,0,0,0,0
113,公立,一般大學,3002,臺北市立大學,碩士班(日間),女,958,168,168,3,0,4,0,66,1,18,0,9,50,1,13,3,0,0,0,0
113,公立,一般大學,3002,臺北市立大學,碩士在職專班,女,916,156,156,12,0,2,0,55,5,23,0,4,41,1,11,2,0,0,0,0
113,公立,一般大學,3002,臺北市立大學,學士班(日間),男,2272,118,116,6,4,34,12,15,0,0,12,14,0,1,6,6,6,2,0,2
113,公立,一般大學,3002,臺北市立大學,博士班,男,95,15,15,1,0,0,0,7,0,3,2,0,1,0,1,0,0,0,0,0
113,公立,一般大學,3002,臺北市立大學,碩士班(日間),男,400,86,86,3,2,2,0,38,0,2,4,7,19,0,5,4,0,0,0,0
113,公立,一般大學,3002,臺北市立大學,碩士在職專班,男,370,56,56,1,0,0,0,24,0,6,1,1,13,0,9,0,1,0,0,0
113,公立,一般大學,3002,臺北市立大學,學士班(日間),女,2979,126,126,15,4,38,6,13,1,1,0,30,1,5,3,7,2,0,0,0
113,公立,一般大學,3002,臺北市立大學,博士班,女,109,28,28,4,1,0,0,8,1,3,0,1,8,0,2,0,0,0,0,0
