學年度,學期,設立別,學校類別,學校統計處代碼,學校名稱,學制班別,性別,在學學生數,學期間退學人數-總計,學期間退學人數-學生自請退學-小計,學期間退學人數-學生自請退學-就讀學校、科系不符期待,學期間退學人數-學生自請退學-懷孕,學期間退學人數-學生自請退學-育嬰,學期間退學人數-學生自請退學-傷病,學期間退學人數-學生自請退學-經濟困難,學期間退學人數-學生自請退學-工作,學期間退學人數-學生自請退學-其他(不含死亡),學期間退學人數-學校勒令退學-小計,學期間退學人數-學校勒令退學-成績不佳或曠課時數過多,學期間退學人數-學校勒令退學-操行成績,學期間退學人數-學校勒令退學-因逾期未註冊,學期間退學人數-學校勒令退學-因休學逾期未復學,學期間退學人數-學校勒令退學-其他(不含死亡)
111,1,公立,一般大學,0001,國立政治大學,博士班,女,392,15,6,4,0,0,1,0,1,0,9,0,0,5,4,0
111,1,公立,一般大學,0001,國立政治大學,博士班,男,530,25,9,7,0,0,0,0,1,1,16,1,0,4,11,0
111,1,公立,一般大學,0001,國立政治大學,碩士班(日間),女,2296,66,8,6,0,0,0,0,1,1,58,0,0,2,56,0
111,1,公立,一般大學,0001,國立政治大學,碩士在職專班,女,949,22,8,4,0,0,1,0,2,1,14,1,0,2,11,0
111,1,公立,一般大學,0001,國立政治大學,碩士在職專班,男,921,42,3,1,0,0,0,0,2,0,39,1,0,5,33,0
111,1,公立,一般大學,0001,國立政治大學,學士班(日間),女,5756,74,20,20,0,0,0,0,0,0,54,0,0,2,52,0
111,1,公立,一般大學,0001,國立政治大學,學士班(日間),男,3976,85,28,28,0,0,0,0,0,0,57,0,0,1,56,0
111,1,公立,一般大學,0001,國立政治大學,碩士班(日間),男,1907,61,9,8,0,0,1,0,0,0,52,4,1,1,46,0
111,2,公立,一般大學,0001,國立政治大學,學士班(日間),女,5756,27,10,10,0,0,0,0,0,0,17,3,0,0,14,0
111,2,公立,一般大學,0001,國立政治大學,學士班(日間),男,3976,42,12,10,0,0,2,0,0,0,30,5,0,3,22,0
111,2,公立,一般大學,0001,國立政治大學,博士班,男,530,24,9,5,0,0,1,1,1,1,15,5,0,2,8,0
111,2,公立,一般大學,0001,國立政治大學,博士班,女,392,15,4,2,0,0,0,0,1,1,11,4,0,2,5,0
111,2,公立,一般大學,0001,國立政治大學,碩士班(日間),女,2296,42,9,6,0,0,1,0,2,0,33,12,0,3,18,0
111,2,公立,一般大學,0001,國立政治大學,碩士班(日間),男,1907,59,7,4,0,0,0,0,2,1,52,14,0,9,29,0
111,2,公立,一般大學,0001,國立政治大學,碩士在職專班,女,949,39,7,5,0,0,1,0,1,0,32,12,0,2,18,0
111,2,公立,一般大學,0001,國立政治大學,碩士在職專班,男,921,34,7,1,0,0,1,0,4,1,27,8,0,1,18,0
111,1,公立,一般大學,0002,國立清華大學,博士班,男,1169,45,14,4,0,0,0,0,6,4,31,9,0,17,5,0
111,1,公立,一般大學,0002,國立清華大學,碩士班(日間),女,2308,60,21,7,0,0,1,0,6,7,39,6,0,16,17,0
111,1,公立,一般大學,0002,國立清華大學,碩士班(日間),男,3551,76,19,10,0,0,1,0,6,2,57,9,0,36,12,0
111,1,公立,一般大學,0002,國立清華大學,碩士在職專班,女,876,13,2,0,0,0,1,0,1,0,11,2,0,7,2,0
111,1,公立,一般大學,0002,國立清華大學,學士班(日間),女,4161,67,30,29,0,0,0,1,0,0,37,1,0,16,20,0
111,1,公立,一般大學,0002,國立清華大學,學士班(日間),男,4958,123,36,32,0,0,0,1,1,2,87,10,1,38,38,0
111,1,公立,一般大學,0002,國立清華大學,博士班,女,500,19,6,3,0,0,0,0,2,1,13,1,0,9,3,0
111,1,公立,一般大學,0002,國立清華大學,碩士在職專班,男,511,18,4,1,0,0,0,0,2,1,14,4,0,9,1,0
111,2,公立,一般大學,0002,國立清華大學,學士班(日間),女,4161,18,5,4,0,0,0,0,1,0,13,1,0,7,5,0
111,2,公立,一般大學,0002,國立清華大學,博士班,女,500,18,6,2,0,0,1,0,1,2,12,4,0,6,2,0
111,2,公立,一般大學,0002,國立清華大學,碩士班(日間),男,3551,48,13,9,0,0,0,0,4,0,35,13,0,21,1,0
111,2,公立,一般大學,0002,國立清華大學,學士班(日間),男,4958,37,14,7,0,0,4,0,3,0,23,13,0,6,4,0
111,2,公立,一般大學,0002,國立清華大學,博士班,男,1169,39,17,3,0,0,3,1,8,2,22,9,0,8,5,0
111,2,公立,一般大學,0002,國立清華大學,碩士班(日間),女,2308,40,18,6,0,0,2,0,6,4,22,12,0,7,3,0
111,2,公立,一般大學,0002,國立清華大學,碩士在職專班,女,876,17,5,0,0,0,2,0,1,2,12,8,0,2,1,1
111,2,公立,一般大學,0002,國立清華大學,碩士在職專班,男,511,14,1,1,0,0,0,0,0,0,13,2,0,10,0,1
111,1,公立,一般大學,0003,國立臺灣大學,學士班(日間),女,7560,180,46,20,0,0,0,0,0,26,134,10,0,118,6,0
111,1,公立,一般大學,0003,國立臺灣大學,博士班,女,1185,25,6,5,0,0,0,0,1,0,19,0,0,3,16,0
111,1,公立,一般大學,0003,國立臺灣大學,碩士班(日間),男,6651,195,51,49,0,0,0,0,1,1,144,0,0,16,128,0
111,1,公立,一般大學,0003,國立臺灣大學,碩士在職專班,男,1003,30,9,9,0,0,0,0,0,0,21,0,0,5,16,0
111,1,公立,一般大學,0003,國立臺灣大學,學士班(日間),男,9514,260,84,50,0,0,0,0,0,34,176,21,0,154,1,0
111,1,公立,一般大學,0003,國立臺灣大學,博士班,男,2444,113,55,46,0,0,3,1,3,2,58,0,0,15,43,0
111,1,公立,一般大學,0003,國立臺灣大學,碩士班(日間),女,4445,126,32,28,0,0,0,0,1,3,94,0,0,10,84,0
111,1,公立,一般大學,0003,國立臺灣大學,碩士在職專班,女,620,16,6,6,0,0,0,0,0,0,10,0,0,3,7,0
111,2,公立,一般大學,0003,國立臺灣大學,博士班,男,2444,76,20,12,0,0,0,0,2,6,56,0,0,27,29,0
111,2,公立,一般大學,0003,國立臺灣大學,碩士班(日間),女,4445,74,20,10,0,0,0,1,1,8,54,0,0,14,40,0
111,2,公立,一般大學,0003,國立臺灣大學,碩士在職專班,女,620,14,4,0,0,0,0,0,4,0,10,0,0,2,8,0
111,2,公立,一般大學,0003,國立臺灣大學,碩士在職專班,男,1003,27,6,1,0,0,0,0,4,1,21,0,0,6,15,0
111,2,公立,一般大學,0003,國立臺灣大學,學士班(日間),女,7560,21,8,6,0,0,0,0,0,2,13,1,0,12,0,0
111,2,公立,一般大學,0003,國立臺灣大學,學士班(日間),男,9514,72,16,8,0,0,0,0,0,8,56,17,0,39,0,0
111,2,公立,一般大學,0003,國立臺灣大學,博士班,女,1185,29,10,6,0,0,0,0,0,4,19,0,0,5,14,0
111,2,公立,一般大學,0003,國立臺灣大學,碩士班(日間),男,6651,114,35,21,0,0,2,0,2,10,79,0,0,25,54,0
111,1,公立,一般大學,0004,國立臺灣師範大學,學士班(日間),男,3810,94,35,33,0,0,1,0,0,1,59,3,0,56,0,0
111,1,公立,一般大學,0004,國立臺灣師範大學,博士班,男,632,18,1,1,0,0,0,0,0,0,17,2,0,15,0,0
111,1,公立,一般大學,0004,國立臺灣師範大學,碩士班(日間),女,2457,123,23,11,0,0,2,1,8,1,100,5,0,95,0,0
111,1,公立,一般大學,0004,國立臺灣師範大學,碩士在職專班,女,1532,47,1,0,0,0,0,0,1,0,46,3,0,43,0,0
111,1,公立,一般大學,0004,國立臺灣師範大學,學士班(日間),女,4584,69,28,28,0,0,0,0,0,0,41,0,0,41,0,0
111,1,公立,一般大學,0004,國立臺灣師範大學,博士班,女,694,29,5,1,0,0,2,0,1,1,24,0,0,24,0,0
111,1,公立,一般大學,0004,國立臺灣師範大學,碩士班(日間),男,1903,96,12,4,0,0,0,0,6,2,84,3,0,81,0,0
111,1,公立,一般大學,0004,國立臺灣師範大學,碩士在職專班,男,650,20,2,0,0,0,0,0,2,0,18,1,0,17,0,0
111,2,公立,一般大學,0004,國立臺灣師範大學,學士班(日間),女,4584,25,9,6,0,0,1,2,0,0,16,2,0,14,0,0
111,2,公立,一般大學,0004,國立臺灣師範大學,學士班(日間),男,3810,39,13,12,0,0,0,0,0,1,26,4,0,22,0,0
111,2,公立,一般大學,0004,國立臺灣師範大學,博士班,女,694,19,4,1,0,0,0,0,3,0,15,5,0,10,0,0
111,2,公立,一般大學,0004,國立臺灣師範大學,碩士班(日間),男,1903,67,12,9,0,0,0,0,2,1,55,20,0,35,0,0
111,2,公立,一般大學,0004,國立臺灣師範大學,博士班,男,632,22,0,0,0,0,0,0,0,0,22,5,0,17,0,0
111,2,公立,一般大學,0004,國立臺灣師範大學,碩士班(日間),女,2457,79,14,6,0,0,1,0,7,0,65,24,0,41,0,0
111,2,公立,一般大學,0004,國立臺灣師範大學,碩士在職專班,女,1532,67,7,0,0,0,0,0,5,2,60,14,0,46,0,0
111,2,公立,一般大學,0004,國立臺灣師範大學,碩士在職專班,男,650,34,3,2,0,0,0,0,1,0,31,7,0,24,0,0
111,1,公立,一般大學,0005,國立成功大學,學士班(日間),男,7406,214,90,87,0,0,1,2,0,0,124,23,0,24,77,0
111,1,公立,一般大學,0005,國立成功大學,博士班,女,626,16,6,6,0,0,0,0,0,0,10,0,0,2,8,0
111,1,公立,一般大學,0005,國立成功大學,博士班,男,1231,82,13,10,0,0,0,2,1,0,69,4,1,20,44,0
111,1,公立,一般大學,0005,國立成功大學,碩士在職專班,女,601,20,0,0,0,0,0,0,0,0,20,2,0,4,14,0
111,1,公立,一般大學,0005,國立成功大學,學士班(日間),女,4604,106,38,36,0,0,2,0,0,0,68,2,0,10,56,0
111,1,公立,一般大學,0005,國立成功大學,碩士班(日間),女,2649,83,17,11,0,0,1,0,4,1,66,5,0,7,54,0
111,1,公立,一般大學,0005,國立成功大學,碩士班(日間),男,4776,123,23,19,0,0,1,0,3,0,100,7,0,20,73,0
111,1,公立,一般大學,0005,國立成功大學,碩士在職專班,男,932,60,3,2,0,0,0,0,0,1,57,5,0,18,34,0
111,2,公立,一般大學,0005,國立成功大學,學士班(日間),女,4604,31,18,15,0,0,3,0,0,0,13,3,0,5,5,0
111,2,公立,一般大學,0005,國立成功大學,博士班,女,626,23,6,4,0,0,0,0,1,1,17,7,0,3,7,0
111,2,公立,一般大學,0005,國立成功大學,碩士班(日間),男,4776,83,19,14,0,0,3,0,1,1,64,11,0,16,37,0
111,2,公立,一般大學,0005,國立成功大學,碩士在職專班,男,932,48,2,1,0,0,0,0,0,1,46,12,0,13,21,0
111,2,公立,一般大學,0005,國立成功大學,學士班(日間),男,7406,89,23,20,0,0,2,0,0,1,66,38,0,7,21,0
111,2,公立,一般大學,0005,國立成功大學,博士班,男,1231,50,5,3,0,0,0,0,1,1,45,15,0,11,19,0
111,2,公立,一般大學,0005,國立成功大學,碩士班(日間),女,2649,38,10,8,0,0,1,0,0,1,28,5,0,7,16,0
111,2,公立,一般大學,0005,國立成功大學,碩士在職專班,女,601,21,2,2,0,0,0,0,0,0,19,6,0,6,7,0
111,1,公立,一般大學,0006,國立中興大學,學士班(日間),男,4643,147,93,92,0,0,0,1,0,0,54,22,1,12,19,0
111,1,公立,一般大學,0006,國立中興大學,博士班,女,314,14,6,4,0,0,0,0,1,1,8,1,0,4,3,0
111,1,公立,一般大學,0006,國立中興大學,碩士班(日間),女,1498,48,16,10,0,0,2,2,2,0,32,3,0,10,19,0
111,1,公立,一般大學,0006,國立中興大學,學士班(日間),女,3558,87,67,64,0,0,1,0,1,1,20,4,0,4,12,0
111,1,公立,一般大學,0006,國立中興大學,學士班(進修),女,493,23,3,3,0,0,0,0,0,0,20,2,0,12,6,0
111,1,公立,一般大學,0006,國立中興大學,學士班(進修),男,399,30,11,10,0,0,1,0,0,0,19,5,0,7,7,0
111,1,公立,一般大學,0006,國立中興大學,博士班,男,655,34,9,5,0,0,1,2,1,0,25,6,0,9,10,0
111,1,公立,一般大學,0006,國立中興大學,碩士班(日間),男,2170,87,26,23,0,0,0,0,3,0,61,6,0,11,44,0
111,1,公立,一般大學,0006,國立中興大學,碩士在職專班,女,619,28,8,2,0,0,0,0,5,1,20,2,0,6,12,0
111,1,公立,一般大學,0006,國立中興大學,碩士在職專班,男,1114,74,14,5,0,0,2,0,7,0,60,7,0,26,27,0
111,2,公立,一般大學,0006,國立中興大學,學士班(日間),女,3558,15,6,6,0,0,0,0,0,0,9,4,0,2,3,0
111,2,公立,一般大學,0006,國立中興大學,學士班(日間),男,4643,52,20,18,0,0,0,1,0,1,32,20,0,5,7,0
111,2,公立,一般大學,0006,國立中興大學,學士班(進修),男,399,15,7,6,0,0,0,0,1,0,8,3,0,3,2,0
111,2,公立,一般大學,0006,國立中興大學,博士班,男,655,21,4,4,0,0,0,0,0,0,17,3,0,6,8,0
111,2,公立,一般大學,0006,國立中興大學,碩士在職專班,女,619,11,1,1,0,0,0,0,0,0,10,1,0,2,7,0
111,2,公立,一般大學,0006,國立中興大學,學士班(進修),女,493,12,3,3,0,0,0,0,0,0,9,2,0,6,1,0
111,2,公立,一般大學,0006,國立中興大學,博士班,女,314,12,2,1,0,0,0,0,0,1,10,2,0,5,3,0
111,2,公立,一般大學,0006,國立中興大學,碩士班(日間),女,1498,41,11,8,0,0,1,0,1,1,30,2,0,3,25,0
111,2,公立,一般大學,0006,國立中興大學,碩士班(日間),男,2170,32,8,6,0,0,1,0,0,1,24,2,0,7,15,0
111,2,公立,一般大學,0006,國立中興大學,碩士在職專班,男,1114,45,7,4,0,0,0,0,3,0,38,4,0,21,13,0
111,1,公立,一般大學,0007,國立陽明交通大學,學士班(日間),女,3116,65,32,32,0,0,0,0,0,0,33,1,0,32,0,0
111,1,公立,一般大學,0007,國立陽明交通大學,博士班,男,1790,70,5,2,0,0,0,2,1,0,65,3,0,61,1,0
111,1,公立,一般大學,0007,國立陽明交通大學,碩士班(日間),男,4791,95,14,10,0,0,0,0,4,0,81,3,0,76,2,0
111,1,公立,一般大學,0007,國立陽明交通大學,碩士在職專班,男,1173,53,8,8,0,0,0,0,0,0,45,5,0,40,0,0
111,1,公立,一般大學,0007,國立陽明交通大學,學士班(日間),男,5489,137,81,80,0,0,1,0,0,0,56,1,0,48,7,0
111,1,公立,一般大學,0007,國立陽明交通大學,博士班,女,823,38,8,3,0,0,0,0,5,0,30,3,0,24,3,0
111,1,公立,一般大學,0007,國立陽明交通大學,碩士班(日間),女,2826,66,17,12,0,0,2,1,2,0,49,2,0,46,1,0
111,1,公立,一般大學,0007,國立陽明交通大學,碩士在職專班,女,699,24,4,3,0,1,0,0,0,0,20,2,0,18,0,0
111,2,公立,一般大學,0007,國立陽明交通大學,博士班,女,823,27,9,5,0,0,0,0,4,0,18,4,0,14,0,0
111,2,公立,一般大學,0007,國立陽明交通大學,博士班,男,1790,58,10,5,0,1,1,0,3,0,48,13,0,34,1,0
111,2,公立,一般大學,0007,國立陽明交通大學,碩士班(日間),女,2826,39,6,4,0,0,2,0,0,0,33,14,0,18,1,0
111,2,公立,一般大學,0007,國立陽明交通大學,碩士班(日間),男,4791,64,20,12,0,0,0,0,8,0,44,13,0,31,0,0
111,2,公立,一般大學,0007,國立陽明交通大學,碩士在職專班,女,699,21,2,1,0,0,0,0,1,0,19,4,0,15,0,0
111,2,公立,一般大學,0007,國立陽明交通大學,碩士在職專班,男,1173,48,6,4,0,0,1,0,1,0,42,19,0,23,0,0
111,2,公立,一般大學,0007,國立陽明交通大學,學士班(日間),女,3116,10,10,10,0,0,0,0,0,0,0,0,0,0,0,0
111,2,公立,一般大學,0007,國立陽明交通大學,學士班(日間),男,5489,46,20,20,0,0,0,0,0,0,26,13,0,13,0,0
111,1,公立,一般大學,0008,國立中央大學,學士班(日間),男,3823,86,30,29,0,0,0,1,0,0,56,13,0,6,37,0
111,1,公立,一般大學,0008,國立中央大學,博士班,女,312,20,3,2,0,0,1,0,0,0,17,1,0,4,12,0
111,1,公立,一般大學,0008,國立中央大學,博士班,男,713,33,7,5,0,0,1,0,1,0,26,5,0,11,10,0
111,1,公立,一般大學,0008,國立中央大學,碩士班(日間),女,1211,34,4,2,0,0,1,0,1,0,30,1,0,4,25,0
111,1,公立,一般大學,0008,國立中央大學,碩士在職專班,女,542,24,3,2,0,0,0,0,1,0,21,2,0,8,10,1
111,1,公立,一般大學,0008,國立中央大學,學士班(日間),女,2331,36,16,16,0,0,0,0,0,0,20,4,0,1,15,0
111,1,公立,一般大學,0008,國立中央大學,碩士班(日間),男,2439,75,13,12,0,0,0,0,1,0,62,2,0,10,50,0
111,1,公立,一般大學,0008,國立中央大學,碩士在職專班,男,923,42,8,2,0,0,0,2,4,0,34,5,0,11,18,0
111,2,公立,一般大學,0008,國立中央大學,學士班(日間),女,2331,14,5,5,0,0,0,0,0,0,9,4,0,0,5,0
111,2,公立,一般大學,0008,國立中央大學,學士班(日間),男,3823,38,5,5,0,0,0,0,0,0,33,28,0,3,2,0
111,2,公立,一般大學,0008,國立中央大學,碩士班(日間),男,2439,46,5,1,0,0,0,0,4,0,41,12,0,7,22,0
111,2,公立,一般大學,0008,國立中央大學,博士班,女,312,10,1,0,0,0,0,0,1,0,9,5,0,0,4,0
111,2,公立,一般大學,0008,國立中央大學,博士班,男,713,31,4,2,0,1,0,0,1,0,27,7,0,13,7,0
111,2,公立,一般大學,0008,國立中央大學,碩士班(日間),女,1211,22,3,2,0,0,1,0,0,0,19,5,0,3,11,0
111,2,公立,一般大學,0008,國立中央大學,碩士在職專班,女,542,13,2,1,0,0,0,0,1,0,11,2,0,3,6,0
111,2,公立,一般大學,0008,國立中央大學,碩士在職專班,男,923,49,4,0,0,0,0,0,4,0,45,12,0,16,17,0
111,1,公立,一般大學,0009,國立中山大學,學士班(日間),男,2976,69,39,37,0,0,0,0,1,1,30,8,0,2,20,0
111,1,公立,一般大學,0009,國立中山大學,學士班(日間),女,1969,29,22,17,0,0,0,0,0,5,7,1,0,1,5,0
111,1,公立,一般大學,0009,國立中山大學,博士班,女,296,13,8,2,0,0,1,1,2,2,5,0,0,2,3,0
111,1,公立,一般大學,0009,國立中山大學,博士班,男,558,29,9,4,0,0,0,0,3,2,20,0,0,10,10,0
111,1,公立,一般大學,0009,國立中山大學,碩士班(日間),女,1330,44,15,5,0,0,0,0,3,7,29,0,0,5,24,0
111,1,公立,一般大學,0009,國立中山大學,碩士班(日間),男,2072,79,28,6,0,0,0,1,9,12,51,3,0,9,39,0
111,1,公立,一般大學,0009,國立中山大學,碩士在職專班,女,558,19,7,2,0,0,0,0,2,3,12,0,0,3,9,0
111,1,公立,一般大學,0009,國立中山大學,碩士在職專班,男,537,37,12,2,0,0,0,0,8,2,25,0,0,5,20,0
111,2,公立,一般大學,0009,國立中山大學,學士班(日間),女,1969,22,13,13,0,0,0,0,0,0,9,4,0,0,5,0
111,2,公立,一般大學,0009,國立中山大學,博士班,男,558,20,14,8,0,0,1,0,3,2,6,2,0,1,3,0
111,2,公立,一般大學,0009,國立中山大學,碩士班(日間),男,2072,64,27,18,0,0,1,1,5,2,37,10,0,6,21,0
111,2,公立,一般大學,0009,國立中山大學,碩士在職專班,女,558,22,6,3,0,0,0,0,2,1,16,3,0,7,6,0
111,2,公立,一般大學,0009,國立中山大學,碩士在職專班,男,537,30,9,6,0,1,0,0,0,2,21,4,0,9,8,0
111,2,公立,一般大學,0009,國立中山大學,學士班(日間),男,2976,33,21,19,0,0,0,0,2,0,12,4,0,3,5,0
111,2,公立,一般大學,0009,國立中山大學,博士班,女,296,8,5,3,0,0,1,0,1,0,3,3,0,0,0,0
111,2,公立,一般大學,0009,國立中山大學,碩士班(日間),女,1330,46,30,20,0,0,2,0,7,1,16,4,0,2,10,0
111,1,公立,一般大學,0012,國立臺灣海洋大學,學士班(進修),女,207,12,5,3,0,0,1,0,1,0,7,0,0,4,3,0
111,1,公立,一般大學,0012,國立臺灣海洋大學,博士班,女,88,6,5,3,0,0,0,0,2,0,1,0,0,0,1,0
111,1,公立,一般大學,0012,國立臺灣海洋大學,博士班,男,240,13,9,5,0,0,0,0,4,0,4,1,0,2,1,0
111,1,公立,一般大學,0012,國立臺灣海洋大學,碩士班(日間),女,502,21,15,6,0,0,0,0,9,0,6,2,0,4,0,0
111,1,公立,一般大學,0012,國立臺灣海洋大學,碩士班(日間),男,976,64,36,30,0,0,2,0,4,0,28,7,0,13,8,0
111,1,公立,一般大學,0012,國立臺灣海洋大學,碩士在職專班,女,275,9,1,0,0,0,0,0,1,0,8,1,0,2,5,0
111,1,公立,一般大學,0012,國立臺灣海洋大學,學士班(日間),女,1906,39,34,28,0,0,0,2,4,0,5,1,0,0,4,0
111,1,公立,一般大學,0012,國立臺灣海洋大學,學士班(日間),男,4188,123,96,86,0,0,3,0,7,0,27,4,0,9,14,0
111,1,公立,一般大學,0012,國立臺灣海洋大學,學士班(進修),男,390,30,7,5,0,0,0,0,2,0,23,2,0,9,12,0
111,1,公立,一般大學,0012,國立臺灣海洋大學,碩士在職專班,男,395,31,5,2,0,0,0,0,3,0,26,1,0,6,19,0
111,2,公立,一般大學,0012,國立臺灣海洋大學,學士班(日間),女,1906,14,11,8,0,0,1,0,2,0,3,0,0,2,1,0
111,2,公立,一般大學,0012,國立臺灣海洋大學,學士班(日間),男,4188,57,37,33,0,0,0,1,3,0,20,7,0,4,9,0
111,2,公立,一般大學,0012,國立臺灣海洋大學,博士班,女,88,2,2,1,0,0,0,0,1,0,0,0,0,0,0,0
111,2,公立,一般大學,0012,國立臺灣海洋大學,碩士在職專班,男,395,33,5,2,0,0,0,0,3,0,28,8,0,10,10,0
111,2,公立,一般大學,0012,國立臺灣海洋大學,學士班(進修),女,207,11,6,6,0,0,0,0,0,0,5,0,0,2,3,0
111,2,公立,一般大學,0012,國立臺灣海洋大學,學士班(進修),男,390,21,11,10,0,0,0,0,1,0,10,5,0,1,4,0
111,2,公立,一般大學,0012,國立臺灣海洋大學,博士班,男,240,8,7,3,0,0,0,0,4,0,1,0,0,1,0,0
111,2,公立,一般大學,0012,國立臺灣海洋大學,碩士班(日間),女,502,14,9,5,0,0,2,0,2,0,5,1,0,0,4,0
111,2,公立,一般大學,0012,國立臺灣海洋大學,碩士班(日間),男,976,26,19,12,0,0,2,2,3,0,7,2,0,3,2,0
111,2,公立,一般大學,0012,國立臺灣海洋大學,碩士在職專班,女,275,8,2,1,0,0,0,0,1,0,6,0,0,1,5,0
111,1,公立,一般大學,0013,國立中正大學,學士班(日間),女,3021,46,22,22,0,0,0,0,0,0,24,0,0,3,21,0
111,1,公立,一般大學,0013,國立中正大學,博士班,男,356,21,6,2,0,0,0,0,2,2,15,8,0,5,2,0
111,1,公立,一般大學,0013,國立中正大學,碩士班(日間),男,1685,62,10,7,0,0,0,0,1,2,52,12,0,6,34,0
111,1,公立,一般大學,0013,國立中正大學,碩士在職專班,男,582,47,5,0,0,0,0,0,5,0,42,8,0,13,21,0
111,1,公立,一般大學,0013,國立中正大學,學士班(日間),男,3537,94,52,50,0,0,0,1,0,1,42,9,0,6,27,0
111,1,公立,一般大學,0013,國立中正大學,博士班,女,202,9,0,0,0,0,0,0,0,0,9,2,0,3,4,0
111,1,公立,一般大學,0013,國立中正大學,碩士班(日間),女,1173,60,18,9,0,0,1,0,2,6,42,9,0,1,32,0
111,1,公立,一般大學,0013,國立中正大學,碩士在職專班,女,817,40,6,2,0,0,1,0,2,1,34,6,0,7,21,0
111,2,公立,一般大學,0013,國立中正大學,博士班,女,202,7,1,0,0,0,0,0,1,0,6,1,0,1,4,0
111,2,公立,一般大學,0013,國立中正大學,碩士班(日間),女,1173,28,9,4,0,0,0,0,4,1,19,5,0,2,12,0
111,2,公立,一般大學,0013,國立中正大學,碩士班(日間),男,1685,53,16,8,0,0,0,1,5,2,37,6,0,8,23,0
111,2,公立,一般大學,0013,國立中正大學,碩士在職專班,女,817,26,5,0,0,0,0,1,3,1,21,0,0,11,10,0
111,2,公立,一般大學,0013,國立中正大學,碩士在職專班,男,582,23,1,0,0,0,0,0,1,0,22,3,0,7,12,0
111,2,公立,一般大學,0013,國立中正大學,學士班(日間),女,3021,17,15,12,0,0,2,0,0,1,2,0,0,0,2,0
111,2,公立,一般大學,0013,國立中正大學,學士班(日間),男,3537,41,20,18,0,0,1,0,1,0,21,13,0,2,6,0
111,2,公立,一般大學,0013,國立中正大學,博士班,男,356,6,0,0,0,0,0,0,0,0,6,1,0,2,3,0
111,1,公立,一般大學,0014,國立高雄師範大學,學士班(日間),女,1955,55,37,34,0,0,0,0,2,1,18,2,0,12,4,0
111,1,公立,一般大學,0014,國立高雄師範大學,學士班(日間),男,1915,79,59,55,0,0,0,0,4,0,20,5,0,12,3,0
111,1,公立,一般大學,0014,國立高雄師範大學,博士班,女,231,3,1,0,0,0,1,0,0,0,2,0,0,2,0,0
111,1,公立,一般大學,0014,國立高雄師範大學,碩士班(日間),男,556,50,23,11,0,0,0,1,10,1,27,3,0,24,0,0
111,1,公立,一般大學,0014,國立高雄師範大學,碩士在職專班,男,497,20,7,6,0,0,0,0,1,0,13,1,0,7,5,0
111,1,公立,一般大學,0014,國立高雄師範大學,博士班,男,214,11,6,2,0,0,1,1,2,0,5,0,0,5,0,0
111,1,公立,一般大學,0014,國立高雄師範大學,碩士班(日間),女,963,68,35,15,1,0,2,0,17,0,33,7,0,26,0,0
111,1,公立,一般大學,0014,國立高雄師範大學,碩士在職專班,女,888,19,10,7,0,0,0,0,3,0,9,0,0,3,6,0
111,2,公立,一般大學,0014,國立高雄師範大學,碩士班(日間),女,963,27,11,8,0,0,1,0,2,0,16,6,0,10,0,0
111,2,公立,一般大學,0014,國立高雄師範大學,碩士班(日間),男,556,25,4,2,0,0,0,0,2,0,21,4,0,17,0,0
111,2,公立,一般大學,0014,國立高雄師範大學,碩士在職專班,女,888,24,7,5,0,0,0,0,1,1,17,1,0,6,10,0
111,2,公立,一般大學,0014,國立高雄師範大學,碩士在職專班,男,497,15,4,3,0,0,0,0,1,0,11,0,0,2,9,0
111,2,公立,一般大學,0014,國立高雄師範大學,學士班(日間),女,1955,13,8,8,0,0,0,0,0,0,5,0,0,3,2,0
111,2,公立,一般大學,0014,國立高雄師範大學,學士班(日間),男,1915,23,22,20,0,0,0,2,0,0,1,1,0,0,0,0
111,2,公立,一般大學,0014,國立高雄師範大學,博士班,女,231,5,3,2,0,0,0,0,1,0,2,0,0,2,0,0
111,2,公立,一般大學,0014,國立高雄師範大學,博士班,男,214,6,5,2,0,0,0,0,3,0,1,0,0,1,0,0
111,1,公立,一般大學,0015,國立彰化師範大學,博士班,男,288,12,1,1,0,0,0,0,0,0,11,2,0,1,8,0
111,1,公立,一般大學,0015,國立彰化師範大學,碩士班(日間),女,849,50,6,5,0,0,0,0,1,0,44,6,0,6,32,0
111,1,公立,一般大學,0015,國立彰化師範大學,碩士班(日間),男,837,63,5,4,0,0,0,0,1,0,58,13,0,7,38,0
111,1,公立,一般大學,0015,國立彰化師範大學,碩士在職專班,女,808,27,11,1,0,0,1,0,6,3,16,3,0,1,12,0
111,1,公立,一般大學,0015,國立彰化師範大學,碩士在職專班,男,556,26,6,1,0,0,0,0,5,0,20,7,0,3,10,0
111,1,公立,一般大學,0015,國立彰化師範大學,學士班(日間),女,2278,43,20,19,0,0,0,0,1,0,23,1,0,1,21,0
111,1,公立,一般大學,0015,國立彰化師範大學,學士班(日間),男,2710,78,30,30,0,0,0,0,0,0,48,6,0,10,32,0
111,1,公立,一般大學,0015,國立彰化師範大學,博士班,女,200,7,1,0,0,0,0,0,1,0,6,0,0,1,5,0
111,2,公立,一般大學,0015,國立彰化師範大學,學士班(日間),女,2278,8,3,3,0,0,0,0,0,0,5,0,0,5,0,0
111,2,公立,一般大學,0015,國立彰化師範大學,學士班(日間),男,2710,28,9,8,0,0,0,0,0,1,19,0,0,19,0,0
111,2,公立,一般大學,0015,國立彰化師範大學,博士班,女,200,4,2,2,0,0,0,0,0,0,2,1,0,1,0,0
111,2,公立,一般大學,0015,國立彰化師範大學,博士班,男,288,6,1,0,0,0,0,0,1,0,5,0,0,5,0,0
111,2,公立,一般大學,0015,國立彰化師範大學,碩士班(日間),女,849,21,7,5,0,0,0,1,0,1,14,1,0,13,0,0
111,2,公立,一般大學,0015,國立彰化師範大學,碩士班(日間),男,837,24,5,5,0,0,0,0,0,0,19,1,0,18,0,0
111,2,公立,一般大學,0015,國立彰化師範大學,碩士在職專班,女,808,24,17,1,0,0,1,1,7,7,7,1,0,6,0,0
111,2,公立,一般大學,0015,國立彰化師範大學,碩士在職專班,男,556,19,6,0,0,0,0,0,3,3,13,1,0,12,0,0
111,1,公立,一般大學,0017,國立臺北大學,學士班(日間),男,2743,53,23,9,0,0,0,0,0,14,30,13,0,3,14,0
111,1,公立,一般大學,0017,國立臺北大學,學士班(進修),女,1155,54,33,18,0,0,2,0,4,9,21,8,0,3,10,0
111,1,公立,一般大學,0017,國立臺北大學,學士班(進修),男,816,54,36,16,0,0,2,0,10,8,18,8,0,4,6,0
111,1,公立,一般大學,0017,國立臺北大學,博士班,男,137,14,3,0,0,1,0,0,0,2,11,3,0,2,6,0
111,1,公立,一般大學,0017,國立臺北大學,碩士班(日間),女,764,43,13,0,0,1,0,0,7,5,30,3,0,3,24,0
111,1,公立,一般大學,0017,國立臺北大學,碩士在職專班,女,332,11,6,1,0,1,1,0,2,1,5,1,0,2,2,0
111,1,公立,一般大學,0017,國立臺北大學,學士班(日間),女,3216,30,14,10,0,0,0,0,1,3,16,2,0,2,12,0
111,1,公立,一般大學,0017,國立臺北大學,博士班,女,65,4,1,0,0,0,0,0,1,0,3,2,0,0,1,0
111,1,公立,一般大學,0017,國立臺北大學,碩士班(日間),男,742,34,6,0,0,0,0,0,1,5,28,6,0,6,16,0
111,1,公立,一般大學,0017,國立臺北大學,碩士在職專班,男,307,16,10,2,0,0,2,0,4,2,6,0,0,1,4,1
111,2,公立,一般大學,0017,國立臺北大學,學士班(日間),女,3216,17,6,4,0,0,0,0,0,2,11,7,0,1,3,0
111,2,公立,一般大學,0017,國立臺北大學,博士班,女,65,1,0,0,0,0,0,0,0,0,1,0,0,0,1,0
111,2,公立,一般大學,0017,國立臺北大學,碩士班(日間),男,742,19,3,0,0,0,0,1,0,2,16,1,0,6,9,0
111,2,公立,一般大學,0017,國立臺北大學,碩士在職專班,男,307,13,9,1,0,0,1,0,6,1,4,0,0,3,1,0
111,2,公立,一般大學,0017,國立臺北大學,學士班(日間),男,2743,19,5,1,0,0,0,0,0,4,14,12,0,0,2,0
111,2,公立,一般大學,0017,國立臺北大學,學士班(進修),女,1155,27,16,7,0,0,1,0,8,0,11,8,0,2,1,0
111,2,公立,一般大學,0017,國立臺北大學,學士班(進修),男,816,45,20,7,0,0,1,0,12,0,25,16,0,7,2,0
111,2,公立,一般大學,0017,國立臺北大學,博士班,男,137,4,1,0,0,0,0,0,1,0,3,0,0,1,2,0
111,2,公立,一般大學,0017,國立臺北大學,碩士班(日間),女,764,12,4,1,0,0,0,0,3,0,8,1,0,4,3,0
111,2,公立,一般大學,0017,國立臺北大學,碩士在職專班,女,332,8,6,1,0,0,0,0,5,0,2,0,0,0,2,0
111,1,公立,一般大學,0018,國立嘉義大學,學士班(日間),女,3537,99,63,62,0,0,0,0,1,0,36,4,0,6,26,0
111,1,公立,一般大學,0018,國立嘉義大學,學士班(日間),男,3801,128,70,68,0,0,0,0,2,0,58,15,0,3,40,0
111,1,公立,一般大學,0018,國立嘉義大學,博士班,男,116,6,1,0,0,0,0,0,1,0,5,0,0,1,4,0
111,1,公立,一般大學,0018,國立嘉義大學,學士班(進修),女,703,38,19,16,0,0,0,0,3,0,19,4,0,3,12,0
111,1,公立,一般大學,0018,國立嘉義大學,學士班(進修),男,1128,84,24,20,0,0,0,0,4,0,60,20,0,5,35,0
111,1,公立,一般大學,0018,國立嘉義大學,博士班,女,81,2,0,0,0,0,0,0,0,0,2,1,0,1,0,0
111,1,公立,一般大學,0018,國立嘉義大學,碩士班(日間),女,657,41,15,6,0,0,0,0,9,0,26,6,0,2,18,0
111,1,公立,一般大學,0018,國立嘉義大學,碩士班(日間),男,553,48,16,8,0,0,0,0,8,0,32,3,0,6,23,0
111,1,公立,一般大學,0018,國立嘉義大學,碩士在職專班,女,561,26,14,6,0,1,0,0,7,0,12,4,0,3,5,0
111,1,公立,一般大學,0018,國立嘉義大學,碩士在職專班,男,349,25,2,0,0,0,0,0,2,0,23,4,0,11,8,0
111,2,公立,一般大學,0018,國立嘉義大學,學士班(日間),女,3537,47,41,40,0,0,0,0,1,0,6,2,0,3,1,0
111,2,公立,一般大學,0018,國立嘉義大學,學士班(進修),女,703,26,4,4,0,0,0,0,0,0,22,0,0,12,10,0
111,2,公立,一般大學,0018,國立嘉義大學,學士班(進修),男,1128,51,12,8,0,0,0,0,4,0,39,8,0,9,22,0
111,2,公立,一般大學,0018,國立嘉義大學,博士班,女,81,1,0,0,0,0,0,0,0,0,1,0,0,0,1,0
111,2,公立,一般大學,0018,國立嘉義大學,碩士班(日間),男,553,28,7,3,0,0,0,0,4,0,21,3,0,6,12,0
111,2,公立,一般大學,0018,國立嘉義大學,碩士在職專班,男,349,15,3,1,0,0,0,0,2,0,12,0,0,6,6,0
111,2,公立,一般大學,0018,國立嘉義大學,學士班(日間),男,3801,55,25,24,0,0,0,0,1,0,30,10,0,3,17,0
111,2,公立,一般大學,0018,國立嘉義大學,博士班,男,116,7,0,0,0,0,0,0,0,0,7,1,0,2,4,0
111,2,公立,一般大學,0018,國立嘉義大學,碩士班(日間),女,657,21,12,4,0,0,1,0,7,0,9,1,0,4,4,0
111,2,公立,一般大學,0018,國立嘉義大學,碩士在職專班,女,561,13,3,1,0,0,0,0,2,0,10,1,0,4,5,0
111,1,公立,一般大學,0019,國立高雄大學,學士班(進修),女,66,3,3,2,0,0,0,0,1,0,0,0,0,0,0,0
111,1,公立,一般大學,0019,國立高雄大學,博士班,女,4,1,0,0,0,0,0,0,0,0,1,0,0,0,1,0
111,1,公立,一般大學,0019,國立高雄大學,碩士班(日間),女,264,7,2,0,0,1,0,0,1,0,5,0,0,1,4,0
111,1,公立,一般大學,0019,國立高雄大學,碩士班(日間),男,437,18,6,2,0,0,0,1,3,0,12,2,0,1,9,0
111,1,公立,一般大學,0019,國立高雄大學,碩士在職專班,女,199,18,9,0,0,1,0,1,7,0,9,0,0,2,7,0
111,1,公立,一般大學,0019,國立高雄大學,碩士在職專班,男,340,24,9,0,0,0,1,0,8,0,15,1,0,4,10,0
111,1,公立,一般大學,0019,國立高雄大學,學士班(日間),女,1908,40,30,27,0,0,2,0,1,0,10,0,0,1,9,0
111,1,公立,一般大學,0019,國立高雄大學,學士班(日間),男,2684,75,46,42,0,0,0,2,1,1,29,9,0,4,16,0
111,1,公立,一般大學,0019,國立高雄大學,學士班(進修),男,58,14,5,0,0,0,0,0,5,0,9,0,0,2,7,0
111,1,公立,一般大學,0019,國立高雄大學,博士班,男,26,1,0,0,0,0,0,0,0,0,1,0,0,1,0,0
111,2,公立,一般大學,0019,國立高雄大學,學士班(日間),男,2684,46,17,14,0,0,0,1,2,0,29,18,1,3,7,0
111,2,公立,一般大學,0019,國立高雄大學,學士班(進修),男,58,4,3,1,0,0,0,0,2,0,1,0,0,1,0,0
111,2,公立,一般大學,0019,國立高雄大學,碩士在職專班,女,199,13,2,0,0,0,0,0,2,0,11,4,0,3,4,0
111,2,公立,一般大學,0019,國立高雄大學,學士班(日間),女,1908,20,11,11,0,0,0,0,0,0,9,4,0,1,4,0
111,2,公立,一般大學,0019,國立高雄大學,學士班(進修),女,66,2,1,1,0,0,0,0,0,0,1,0,0,0,1,0
111,2,公立,一般大學,0019,國立高雄大學,博士班,女,4,0,0,0,0,0,0,0,0,0,0,0,0,0,0,0
111,2,公立,一般大學,0019,國立高雄大學,博士班,男,26,3,2,0,0,0,0,0,2,0,1,0,0,1,0,0
111,2,公立,一般大學,0019,國立高雄大學,碩士班(日間),女,264,13,6,2,0,0,0,1,3,0,7,3,1,1,2,0
111,2,公立,一般大學,0019,國立高雄大學,碩士班(日間),男,437,11,3,0,0,0,0,0,3,0,8,2,0,4,2,0
111,2,公立,一般大學,0019,國立高雄大學,碩士在職專班,男,340,21,5,2,0,0,0,1,2,0,16,8,0,2,6,0
111,1,公立,一般大學,0020,國立東華大學,學士班(日間),女,4133,86,42,35,0,0,2,1,2,2,44,0,0,16,28,0
111,1,公立,一般大學,0020,國立東華大學,學士班(日間),男,3745,106,48,44,0,0,3,0,1,0,58,3,0,17,38,0
111,1,公立,一般大學,0020,國立東華大學,博士班,男,240,10,3,1,0,0,0,0,2,0,7,0,0,3,4,0
111,1,公立,一般大學,0020,國立東華大學,碩士班(日間),男,689,42,9,8,0,0,0,0,1,0,33,0,0,14,19,0
111,1,公立,一般大學,0020,國立東華大學,碩士在職專班,女,342,13,1,1,0,0,0,0,0,0,12,0,0,7,5,0
111,1,公立,一般大學,0020,國立東華大學,博士班,女,181,6,3,3,0,0,0,0,0,0,3,0,0,0,3,0
111,1,公立,一般大學,0020,國立東華大學,碩士班(日間),女,754,55,20,15,0,0,1,0,4,0,35,0,0,14,21,0
111,1,公立,一般大學,0020,國立東華大學,碩士在職專班,男,196,23,5,2,0,1,1,0,1,0,18,0,0,4,14,0
111,2,公立,一般大學,0020,國立東華大學,博士班,女,181,4,2,2,0,0,0,0,0,0,2,0,0,1,1,0
111,2,公立,一般大學,0020,國立東華大學,博士班,男,240,17,4,3,0,0,0,0,1,0,13,3,0,5,5,0
111,2,公立,一般大學,0020,國立東華大學,碩士班(日間),女,754,30,9,6,0,0,0,0,3,0,21,5,0,6,10,0
111,2,公立,一般大學,0020,國立東華大學,碩士班(日間),男,689,40,10,8,0,0,0,1,1,0,30,6,0,12,12,0
111,2,公立,一般大學,0020,國立東華大學,碩士在職專班,男,196,14,4,3,0,0,0,0,1,0,10,0,0,3,7,0
111,2,公立,一般大學,0020,國立東華大學,學士班(日間),女,4133,53,25,18,1,0,2,0,4,0,28,8,0,4,16,0
111,2,公立,一般大學,0020,國立東華大學,學士班(日間),男,3745,61,21,20,0,0,0,1,0,0,40,16,0,12,12,0
111,2,公立,一般大學,0020,國立東華大學,碩士在職專班,女,342,19,4,1,0,0,1,0,1,1,15,3,0,10,2,0
111,1,公立,一般大學,0021,國立暨南國際大學,學士班(日間),女,2398,48,20,20,0,0,0,0,0,0,28,2,0,7,19,0
111,1,公立,一般大學,0021,國立暨南國際大學,博士班,男,179,14,2,0,0,0,0,0,2,0,12,3,0,4,5,0
111,1,公立,一般大學,0021,國立暨南國際大學,碩士班(日間),男,375,12,2,0,0,0,0,0,2,0,10,0,0,3,7,0
111,1,公立,一般大學,0021,國立暨南國際大學,碩士在職專班,女,314,15,4,0,0,0,0,0,4,0,11,3,0,2,6,0
111,1,公立,一般大學,0021,國立暨南國際大學,碩士在職專班,男,180,14,1,0,0,0,0,0,1,0,13,1,0,9,3,0
111,1,公立,一般大學,0021,國立暨南國際大學,學士班(日間),男,2268,69,35,35,0,0,0,0,0,0,34,6,0,8,20,0
111,1,公立,一般大學,0021,國立暨南國際大學,博士班,女,175,7,1,0,0,0,0,0,1,0,6,0,0,2,4,0
111,1,公立,一般大學,0021,國立暨南國際大學,碩士班(日間),女,492,24,3,0,0,0,0,0,3,0,21,3,0,4,14,0
111,2,公立,一般大學,0021,國立暨南國際大學,學士班(日間),男,2268,38,12,10,0,0,2,0,0,0,26,13,0,5,8,0
111,2,公立,一般大學,0021,國立暨南國際大學,博士班,女,175,4,1,0,0,0,0,0,1,0,3,0,0,2,1,0
111,2,公立,一般大學,0021,國立暨南國際大學,碩士班(日間),女,492,17,2,0,0,0,0,0,2,0,15,1,0,7,7,0
111,2,公立,一般大學,0021,國立暨南國際大學,學士班(日間),女,2398,23,8,8,0,0,0,0,0,0,15,7,0,3,5,0
111,2,公立,一般大學,0021,國立暨南國際大學,博士班,男,179,8,1,0,0,0,0,0,1,0,7,1,0,2,4,0
111,2,公立,一般大學,0021,國立暨南國際大學,碩士班(日間),男,375,15,0,0,0,0,0,0,0,0,15,1,0,4,10,0
111,2,公立,一般大學,0021,國立暨南國際大學,碩士在職專班,女,314,5,0,0,0,0,0,0,0,0,5,1,0,1,3,0
111,2,公立,一般大學,0021,國立暨南國際大學,碩士在職專班,男,180,9,1,0,0,0,0,0,1,0,8,0,0,2,6,0
111,1,公立,技專校院,0022,國立臺灣科技大學,博士班,女,267,8,4,1,0,0,0,0,1,2,4,1,0,2,1,0
111,1,公立,技專校院,0022,國立臺灣科技大學,碩士班(日間),女,1241,39,17,2,0,0,1,2,1,11,22,1,0,17,4,0
111,1,公立,技專校院,0022,國立臺灣科技大學,碩士班(日間),男,2814,78,27,9,0,0,0,1,3,14,51,7,0,34,10,0
111,1,公立,技專校院,0022,國立臺灣科技大學,碩士在職專班,男,513,21,5,0,0,0,0,0,2,3,16,6,0,6,4,0
111,1,公立,技專校院,0022,國立臺灣科技大學,學士班(日間),女,1744,23,11,10,0,0,1,0,0,0,12,3,0,2,7,0
111,1,公立,技專校院,0022,國立臺灣科技大學,學士班(日間),男,3938,60,26,22,0,0,1,0,2,1,34,14,0,7,13,0
111,1,公立,技專校院,0022,國立臺灣科技大學,博士班,男,808,48,14,0,0,0,1,1,5,7,34,16,0,12,6,0
111,1,公立,技專校院,0022,國立臺灣科技大學,碩士在職專班,女,323,12,5,0,0,0,0,0,0,5,7,2,0,3,2,0
111,2,公立,技專校院,0022,國立臺灣科技大學,學士班(日間),男,3938,33,12,11,0,0,0,0,1,0,21,7,0,9,5,0
111,2,公立,技專校院,0022,國立臺灣科技大學,學士班(日間),女,1744,7,4,3,0,0,1,0,0,0,3,0,0,0,3,0
111,2,公立,技專校院,0022,國立臺灣科技大學,博士班,女,267,15,7,0,0,1,1,1,2,2,8,1,0,5,2,0
111,2,公立,技專校院,0022,國立臺灣科技大學,博士班,男,808,38,9,0,0,1,0,0,3,5,29,0,0,17,12,0
111,2,公立,技專校院,0022,國立臺灣科技大學,碩士班(日間),女,1241,20,10,0,0,0,2,0,2,6,10,0,0,3,7,0
111,2,公立,技專校院,0022,國立臺灣科技大學,碩士班(日間),男,2814,39,17,3,0,0,0,1,2,11,22,1,0,9,12,0
111,2,公立,技專校院,0022,國立臺灣科技大學,碩士在職專班,女,323,3,0,0,0,0,0,0,0,0,3,0,0,2,1,0
111,2,公立,技專校院,0022,國立臺灣科技大學,碩士在職專班,男,513,13,4,0,0,1,0,0,2,1,9,0,0,6,3,0
111,1,公立,技專校院,0023,國立雲林科技大學,學士班(進修),男,98,5,1,1,0,0,0,0,0,0,4,1,0,3,0,0
111,1,公立,技專校院,0023,國立雲林科技大學,博士班,女,164,8,2,1,0,0,0,0,1,0,6,4,0,1,0,1
111,1,公立,技專校院,0023,國立雲林科技大學,博士班,男,269,24,9,2,0,1,0,2,4,0,15,6,0,9,0,0
111,1,公立,技專校院,0023,國立雲林科技大學,碩士班(日間),女,760,35,12,2,0,0,0,2,8,0,23,5,0,18,0,0
111,1,公立,技專校院,0023,國立雲林科技大學,碩士在職專班,女,335,19,5,2,0,0,0,0,3,0,14,1,0,13,0,0
111,1,公立,技專校院,0023,國立雲林科技大學,學士班(日間),女,2551,33,19,19,0,0,0,0,0,0,14,8,0,5,1,0
111,1,公立,技專校院,0023,國立雲林科技大學,學士班(日間),男,3983,63,22,21,0,0,0,0,1,0,41,19,0,22,0,0
111,1,公立,技專校院,0023,國立雲林科技大學,學士班(進修),女,129,2,1,1,0,0,0,0,0,0,1,0,0,1,0,0
111,1,公立,技專校院,0023,國立雲林科技大學,碩士班(日間),男,1258,69,22,16,0,0,1,0,5,0,47,6,0,41,0,0
111,1,公立,技專校院,0023,國立雲林科技大學,碩士在職專班,男,480,31,11,5,0,0,0,0,6,0,20,4,0,16,0,0
111,2,公立,技專校院,0023,國立雲林科技大學,學士班(日間),女,2551,11,5,4,0,0,0,0,1,0,6,2,0,4,0,0
111,2,公立,技專校院,0023,國立雲林科技大學,學士班(日間),男,3983,38,12,10,0,0,0,2,0,0,26,14,0,12,0,0
111,2,公立,技專校院,0023,國立雲林科技大學,博士班,男,269,16,4,0,0,0,0,0,3,1,12,1,0,11,0,0
111,2,公立,技專校院,0023,國立雲林科技大學,學士班(進修),女,129,2,0,0,0,0,0,0,0,0,2,0,0,2,0,0
111,2,公立,技專校院,0023,國立雲林科技大學,學士班(進修),男,98,5,1,1,0,0,0,0,0,0,4,0,0,4,0,0
111,2,公立,技專校院,0023,國立雲林科技大學,博士班,女,164,8,2,0,0,0,0,0,2,0,6,3,0,3,0,0
111,2,公立,技專校院,0023,國立雲林科技大學,碩士班(日間),女,760,23,12,10,0,0,0,0,2,0,11,0,0,11,0,0
111,2,公立,技專校院,0023,國立雲林科技大學,碩士班(日間),男,1258,34,12,9,0,0,0,1,2,0,22,3,0,19,0,0
111,2,公立,技專校院,0023,國立雲林科技大學,碩士在職專班,女,335,17,3,0,0,0,0,0,2,1,14,3,0,11,0,0
111,2,公立,技專校院,0023,國立雲林科技大學,碩士在職專班,男,480,23,4,2,0,0,0,0,1,1,19,0,0,19,0,0
111,1,公立,技專校院,0024,國立屏東科技大學,學士班(日間),男,4145,121,59,57,0,0,1,0,1,0,62,18,0,9,35,0
111,1,公立,技專校院,0024,國立屏東科技大學,博士班,女,96,2,1,1,0,0,0,0,0,0,1,0,0,0,1,0
111,1,公立,技專校院,0024,國立屏東科技大學,碩士班(日間),女,495,31,6,3,0,0,1,0,2,0,25,0,0,4,21,0
111,1,公立,技專校院,0024,國立屏東科技大學,碩士在職專班,女,109,7,0,0,0,0,0,0,0,0,7,0,0,0,7,0
111,1,公立,技專校院,0024,國立屏東科技大學,學士班(日間),女,3482,70,41,40,0,0,0,1,0,0,29,7,0,3,19,0
111,1,公立,技專校院,0024,國立屏東科技大學,學士班(進修),女,463,20,10,7,0,0,2,0,1,0,10,2,0,3,5,0
111,1,公立,技專校院,0024,國立屏東科技大學,學士班(進修),男,855,63,22,19,0,0,0,0,3,0,41,12,0,12,17,0
111,1,公立,技專校院,0024,國立屏東科技大學,博士班,男,158,6,2,0,0,0,0,0,2,0,4,0,0,2,2,0
111,1,公立,技專校院,0024,國立屏東科技大學,碩士班(日間),男,655,46,9,7,0,0,0,0,2,0,37,1,0,6,30,0
111,1,公立,技專校院,0024,國立屏東科技大學,碩士在職專班,男,172,14,0,0,0,0,0,0,0,0,14,0,0,4,10,0
111,2,公立,技專校院,0024,國立屏東科技大學,學士班(日間),女,3482,35,19,18,0,0,1,0,0,0,16,8,0,2,6,0
111,2,公立,技專校院,0024,國立屏東科技大學,學士班(日間),男,4145,98,35,34,0,0,0,0,1,0,63,42,0,8,13,0
111,2,公立,技專校院,0024,國立屏東科技大學,學士班(進修),男,855,38,14,11,0,0,1,0,2,0,24,11,0,8,5,0
111,2,公立,技專校院,0024,國立屏東科技大學,博士班,男,158,12,0,0,0,0,0,0,0,0,12,5,0,2,5,0
111,2,公立,技專校院,0024,國立屏東科技大學,學士班(進修),女,463,23,9,7,0,0,2,0,0,0,14,4,0,7,3,0
111,2,公立,技專校院,0024,國立屏東科技大學,博士班,女,96,6,0,0,0,0,0,0,0,0,6,3,0,2,1,0
111,2,公立,技專校院,0024,國立屏東科技大學,碩士班(日間),女,495,22,5,2,0,0,0,1,2,0,17,5,0,4,8,0
111,2,公立,技專校院,0024,國立屏東科技大學,碩士班(日間),男,655,16,3,2,0,0,0,0,1,0,13,1,0,1,11,0
111,2,公立,技專校院,0024,國立屏東科技大學,碩士在職專班,女,109,3,0,0,0,0,0,0,0,0,3,0,0,1,2,0
111,2,公立,技專校院,0024,國立屏東科技大學,碩士在職專班,男,172,16,0,0,0,0,0,0,0,0,16,6,0,5,5,0
111,1,公立,技專校院,0025,國立臺北科技大學,學士班(日間),男,4452,59,22,21,0,0,0,0,1,0,37,15,0,6,16,0
111,1,公立,技專校院,0025,國立臺北科技大學,學士班(進修),男,1203,26,7,7,0,0,0,0,0,0,19,9,0,7,3,0
111,1,公立,技專校院,0025,國立臺北科技大學,博士班,女,183,5,1,1,0,0,0,0,0,0,4,0,0,1,3,0
111,1,公立,技專校院,0025,國立臺北科技大學,博士班,男,554,47,8,2,0,0,1,1,4,0,39,5,0,13,21,0
111,1,公立,技專校院,0025,國立臺北科技大學,碩士班(日間),女,959,31,11,5,0,0,1,0,5,0,20,0,0,5,15,0
111,1,公立,技專校院,0025,國立臺北科技大學,碩士在職專班,女,507,27,3,1,0,0,0,0,2,0,24,2,0,14,8,0
111,1,公立,技專校院,0025,國立臺北科技大學,學士班(日間),女,1893,38,25,21,0,0,1,1,2,0,13,2,0,2,9,0
111,1,公立,技專校院,0025,國立臺北科技大學,學士班(進修),女,236,6,2,2,0,0,0,0,0,0,4,1,0,0,3,0
111,1,公立,技專校院,0025,國立臺北科技大學,五專,女,27,0,0,0,0,0,0,0,0,0,0,0,0,0,0,0
111,1,公立,技專校院,0025,國立臺北科技大學,五專,男,123,2,1,1,0,0,0,0,0,0,1,1,0,0,0,0
111,1,公立,技專校院,0025,國立臺北科技大學,碩士班(日間),男,2417,58,15,8,0,0,2,2,3,0,43,1,0,11,31,0
111,1,公立,技專校院,0025,國立臺北科技大學,碩士在職專班,男,1079,60,1,0,0,0,0,0,1,0,59,2,0,32,25,0
111,2,公立,技專校院,0025,國立臺北科技大學,學士班(日間),女,1893,16,3,3,0,0,0,0,0,0,13,5,0,3,5,0
111,2,公立,技專校院,0025,國立臺北科技大學,學士班(日間),男,4452,38,5,4,0,0,0,0,1,0,33,21,1,7,4,0
111,2,公立,技專校院,0025,國立臺北科技大學,五專,女,27,0,0,0,0,0,0,0,0,0,0,0,0,0,0,0
111,2,公立,技專校院,0025,國立臺北科技大學,五專,男,123,1,0,0,0,0,0,0,0,0,1,1,0,0,0,0
111,2,公立,技專校院,0025,國立臺北科技大學,博士班,男,554,33,6,1,0,0,2,0,2,1,27,14,0,4,9,0
111,2,公立,技專校院,0025,國立臺北科技大學,學士班(進修),女,236,0,0,0,0,0,0,0,0,0,0,0,0,0,0,0
111,2,公立,技專校院,0025,國立臺北科技大學,學士班(進修),男,1203,13,5,5,0,0,0,0,0,0,8,5,0,1,2,0
111,2,公立,技專校院,0025,國立臺北科技大學,博士班,女,183,11,3,2,0,0,0,0,0,1,8,1,0,3,4,0
111,2,公立,技專校院,0025,國立臺北科技大學,碩士班(日間),女,959,21,3,2,0,0,0,0,1,0,18,3,0,2,13,0
111,2,公立,技專校院,0025,國立臺北科技大學,碩士班(日間),男,2417,48,8,6,0,0,1,0,1,0,40,11,1,5,23,0
111,2,公立,技專校院,0025,國立臺北科技大學,碩士在職專班,女,507,20,3,2,0,0,0,0,1,0,17,4,0,6,7,0
111,2,公立,技專校院,0025,國立臺北科技大學,碩士在職專班,男,1079,62,1,0,0,0,0,0,1,0,61,17,0,26,18,0
111,1,公立,一般大學,0028,國立臺北藝術大學,學士班(日間),女,1148,9,2,2,0,0,0,0,0,0,7,1,0,1,5,0
111,1,公立,一般大學,0028,國立臺北藝術大學,學士班(日間),男,649,9,3,3,0,0,0,0,0,0,6,2,0,0,4,0
111,1,公立,一般大學,0028,國立臺北藝術大學,五專,男,41,0,0,0,0,0,0,0,0,0,0,0,0,0,0,0
111,1,公立,一般大學,0028,國立臺北藝術大學,博士班,女,63,0,0,0,0,0,0,0,0,0,0,0,0,0,0,0
111,1,公立,一般大學,0028,國立臺北藝術大學,碩士在職專班,男,58,1,1,0,0,0,0,0,1,0,0,0,0,0,0,0
111,1,公立,一般大學,0028,國立臺北藝術大學,五專,女,44,1,1,1,0,0,0,0,0,0,0,0,0,0,0,0
111,1,公立,一般大學,0028,國立臺北藝術大學,博士班,男,46,0,0,0,0,0,0,0,0,0,0,0,0,0,0,0
111,1,公立,一般大學,0028,國立臺北藝術大學,碩士班(日間),女,654,26,10,8,0,0,0,1,1,0,16,1,0,1,14,0
111,1,公立,一般大學,0028,國立臺北藝術大學,碩士班(日間),男,357,12,2,0,0,0,1,0,1,0,10,1,0,4,5,0
111,1,公立,一般大學,0028,國立臺北藝術大學,碩士在職專班,女,119,7,1,1,0,0,0,0,0,0,6,0,0,4,2,0
111,2,公立,一般大學,0028,國立臺北藝術大學,學士班(日間),男,649,7,3,3,0,0,0,0,0,0,4,3,0,0,1,0
111,2,公立,一般大學,0028,國立臺北藝術大學,五專,女,44,0,0,0,0,0,0,0,0,0,0,0,0,0,0,0
111,2,公立,一般大學,0028,國立臺北藝術大學,博士班,男,46,3,0,0,0,0,0,0,0,0,3,2,0,1,0,0
111,2,公立,一般大學,0028,國立臺北藝術大學,碩士班(日間),女,654,22,8,6,0,0,1,0,1,0,14,1,0,2,11,0
111,2,公立,一般大學,0028,國立臺北藝術大學,碩士在職專班,女,119,4,1,1,0,0,0,0,0,0,3,0,0,1,2,0
111,2,公立,一般大學,0028,國立臺北藝術大學,碩士在職專班,男,58,1,0,0,0,0,0,0,0,0,1,0,0,1,0,0
111,2,公立,一般大學,0028,國立臺北藝術大學,學士班(日間),女,1148,11,8,6,0,0,0,1,1,0,3,1,0,0,2,0
111,2,公立,一般大學,0028,國立臺北藝術大學,五專,男,41,1,1,1,0,0,0,0,0,0,0,0,0,0,0,0
111,2,公立,一般大學,0028,國立臺北藝術大學,博士班,女,63,1,1,1,0,0,0,0,0,0,0,0,0,0,0,0
111,2,公立,一般大學,0028,國立臺北藝術大學,碩士班(日間),男,357,17,5,4,0,0,0,0,1,0,12,3,0,4,5,0
111,1,公立,一般大學,0029,國立臺灣藝術大學,學士班(日間),女,1705,26,12,11,0,0,0,0,0,1,14,1,0,2,11,0
111,1,公立,一般大學,0029,國立臺灣藝術大學,學士班(進修),女,1355,37,9,6,0,0,0,1,1,1,28,4,0,8,16,0
111,1,公立,一般大學,0029,國立臺灣藝術大學,博士班,女,81,2,0,0,0,0,0,0,0,0,2,1,0,0,1,0
111,1,公立,一般大學,0029,國立臺灣藝術大學,博士班,男,71,2,0,0,0,0,0,0,0,0,2,1,0,0,1,0
111,1,公立,一般大學,0029,國立臺灣藝術大學,碩士班(日間),男,274,10,4,1,0,0,0,0,2,1,6,2,0,2,2,0
111,1,公立,一般大學,0029,國立臺灣藝術大學,碩士在職專班,男,168,9,1,1,0,0,0,0,0,0,8,1,0,4,3,0
111,1,公立,一般大學,0029,國立臺灣藝術大學,學士班(日間),男,669,20,7,7,0,0,0,0,0,0,13,4,0,4,5,0
111,1,公立,一般大學,0029,國立臺灣藝術大學,學士班(進修),男,574,17,7,5,0,0,0,0,1,1,10,1,0,4,5,0
111,1,公立,一般大學,0029,國立臺灣藝術大學,碩士班(日間),女,499,18,4,2,0,0,1,0,0,1,14,1,0,4,9,0
111,1,公立,一般大學,0029,國立臺灣藝術大學,碩士在職專班,女,218,8,0,0,0,0,0,0,0,0,8,0,0,2,6,0
111,2,公立,一般大學,0029,國立臺灣藝術大學,學士班(日間),男,669,4,1,1,0,0,0,0,0,0,3,0,0,1,2,0
111,2,公立,一般大學,0029,國立臺灣藝術大學,博士班,女,81,1,0,0,0,0,0,0,0,0,1,0,0,0,1,0
111,2,公立,一般大學,0029,國立臺灣藝術大學,碩士班(日間),女,499,13,2,0,0,0,0,0,2,0,11,0,0,2,9,0
111,2,公立,一般大學,0029,國立臺灣藝術大學,碩士在職專班,女,218,9,2,0,0,0,0,1,1,0,7,1,0,1,5,0
111,2,公立,一般大學,0029,國立臺灣藝術大學,學士班(日間),女,1705,10,2,1,0,0,0,0,0,1,8,0,0,1,7,0
111,2,公立,一般大學,0029,國立臺灣藝術大學,學士班(進修),女,1355,24,3,3,0,0,0,0,0,0,21,0,0,8,13,0
111,2,公立,一般大學,0029,國立臺灣藝術大學,學士班(進修),男,574,5,0,0,0,0,0,0,0,0,5,0,0,0,5,0
111,2,公立,一般大學,0029,國立臺灣藝術大學,博士班,男,71,0,0,0,0,0,0,0,0,0,0,0,0,0,0,0
111,2,公立,一般大學,0029,國立臺灣藝術大學,碩士班(日間),男,274,6,2,2,0,0,0,0,0,0,4,0,0,1,3,0
111,2,公立,一般大學,0029,國立臺灣藝術大學,碩士在職專班,男,168,5,1,1,0,0,0,0,0,0,4,0,0,2,2,0
111,1,公立,一般大學,0030,國立臺東大學,學士班(日間),男,1837,88,64,56,0,0,0,0,1,7,24,2,0,3,19,0
111,1,公立,一般大學,0030,國立臺東大學,學士班(進修),男,152,5,2,1,0,0,0,0,1,0,3,0,0,0,3,0
111,1,公立,一般大學,0030,國立臺東大學,學士班(日間),女,1831,68,50,46,0,0,0,0,0,4,18,1,0,1,16,0
111,1,公立,一般大學,0030,國立臺東大學,學士班(進修),女,216,12,8,3,0,0,0,0,2,3,4,0,0,0,4,0
111,1,公立,一般大學,0030,國立臺東大學,博士班,女,27,0,0,0,0,0,0,0,0,0,0,0,0,0,0,0
111,1,公立,一般大學,0030,國立臺東大學,博士班,男,20,0,0,0,0,0,0,0,0,0,0,0,0,0,0,0
111,1,公立,一般大學,0030,國立臺東大學,碩士班(日間),女,235,14,6,1,0,0,0,1,1,3,8,2,0,2,4,0
111,1,公立,一般大學,0030,國立臺東大學,碩士班(日間),男,154,10,2,1,0,0,0,0,0,1,8,1,0,1,6,0
111,1,公立,一般大學,0030,國立臺東大學,碩士在職專班,女,462,33,10,1,0,1,4,1,1,2,23,3,0,4,16,0
111,1,公立,一般大學,0030,國立臺東大學,碩士在職專班,男,165,13,2,0,0,0,1,0,1,0,11,3,0,1,7,0
111,2,公立,一般大學,0030,國立臺東大學,學士班(日間),女,1831,35,24,22,0,1,0,0,1,0,11,1,0,2,8,0
111,2,公立,一般大學,0030,國立臺東大學,學士班(進修),女,216,12,2,1,0,0,0,0,1,0,10,0,0,0,10,0
111,2,公立,一般大學,0030,國立臺東大學,博士班,男,20,0,0,0,0,0,0,0,0,0,0,0,0,0,0,0
111,2,公立,一般大學,0030,國立臺東大學,碩士班(日間),男,154,10,5,4,0,0,0,0,1,0,5,2,0,0,3,0
111,2,公立,一般大學,0030,國立臺東大學,碩士在職專班,女,462,5,2,2,0,0,0,0,0,0,3,0,0,1,2,0
111,2,公立,一般大學,0030,國立臺東大學,碩士在職專班,男,165,6,2,1,0,0,1,0,0,0,4,0,0,0,4,0
111,2,公立,一般大學,0030,國立臺東大學,學士班(日間),男,1837,52,28,27,0,0,1,0,0,0,24,0,0,2,22,0
111,2,公立,一般大學,0030,國立臺東大學,學士班(進修),男,152,11,6,4,0,0,0,0,2,0,5,0,0,0,5,0
111,2,公立,一般大學,0030,國立臺東大學,博士班,女,27,2,0,0,0,0,0,0,0,0,2,0,0,0,2,0
111,2,公立,一般大學,0030,國立臺東大學,碩士班(日間),女,235,12,4,3,0,0,0,1,0,0,8,0,0,1,7,0
111,1,公立,一般大學,0031,國立宜蘭大學,學士班(日間),男,2835,93,40,39,0,0,1,0,0,0,53,14,0,10,29,0
111,1,公立,一般大學,0031,國立宜蘭大學,博士班,女,5,0,0,0,0,0,0,0,0,0,0,0,0,0,0,0
111,1,公立,一般大學,0031,國立宜蘭大學,博士班,男,10,1,0,0,0,0,0,0,0,0,1,0,0,0,1,0
111,1,公立,一般大學,0031,國立宜蘭大學,碩士班(日間),女,176,8,1,1,0,0,0,0,0,0,7,0,0,1,6,0
111,1,公立,一般大學,0031,國立宜蘭大學,碩士在職專班,女,61,3,0,0,0,0,0,0,0,0,3,0,0,0,3,0
111,1,公立,一般大學,0031,國立宜蘭大學,學士班(日間),女,1653,52,30,29,0,0,0,0,1,0,22,4,0,3,15,0
111,1,公立,一般大學,0031,國立宜蘭大學,學士班(進修),女,139,12,4,3,0,0,0,0,1,0,8,0,0,2,6,0
111,1,公立,一般大學,0031,國立宜蘭大學,學士班(進修),男,264,13,5,5,0,0,0,0,0,0,8,3,0,1,4,0
111,1,公立,一般大學,0031,國立宜蘭大學,碩士班(日間),男,345,31,5,2,0,0,1,0,2,0,26,4,0,7,15,0
111,1,公立,一般大學,0031,國立宜蘭大學,碩士在職專班,男,153,13,0,0,0,0,0,0,0,0,13,4,0,7,2,0
111,2,公立,一般大學,0031,國立宜蘭大學,學士班(日間),女,1653,36,22,21,0,0,1,0,0,0,14,7,0,3,4,0
111,2,公立,一般大學,0031,國立宜蘭大學,學士班(進修),女,139,3,0,0,0,0,0,0,0,0,3,1,0,1,1,0
111,2,公立,一般大學,0031,國立宜蘭大學,博士班,女,5,0,0,0,0,0,0,0,0,0,0,0,0,0,0,0
111,2,公立,一般大學,0031,國立宜蘭大學,碩士班(日間),男,345,11,2,0,0,0,0,1,1,0,9,1,1,0,7,0
111,2,公立,一般大學,0031,國立宜蘭大學,碩士在職專班,男,153,12,1,0,0,0,0,0,1,0,11,0,0,7,4,0
111,2,公立,一般大學,0031,國立宜蘭大學,學士班(日間),男,2835,70,20,18,0,0,0,1,1,0,50,32,0,6,12,0
111,2,公立,一般大學,0031,國立宜蘭大學,學士班(進修),男,264,24,0,0,0,0,0,0,0,0,24,6,0,10,8,0
111,2,公立,一般大學,0031,國立宜蘭大學,博士班,男,10,1,0,0,0,0,0,0,0,0,1,0,0,1,0,0
111,2,公立,一般大學,0031,國立宜蘭大學,碩士班(日間),女,176,5,1,0,0,0,1,0,0,0,4,1,0,2,1,0
111,2,公立,一般大學,0031,國立宜蘭大學,碩士在職專班,女,61,2,0,0,0,0,0,0,0,0,2,0,0,1,1,0
111,1,公立,一般大學,0032,國立聯合大學,學士班(日間),男,4264,154,59,59,0,0,0,0,0,0,95,36,0,17,42,0
111,1,公立,一般大學,0032,國立聯合大學,學士班(進修),男,751,63,25,24,0,0,0,0,1,0,38,16,0,13,9,0
111,1,公立,一般大學,0032,國立聯合大學,博士班,女,3,0,0,0,0,0,0,0,0,0,0,0,0,0,0,0
111,1,公立,一般大學,0032,國立聯合大學,博士班,男,15,1,0,0,0,0,0,0,0,0,1,0,0,1,0,0
111,1,公立,一般大學,0032,國立聯合大學,碩士班(日間),女,123,6,1,0,0,0,0,0,1,0,5,1,0,0,4,0
111,1,公立,一般大學,0032,國立聯合大學,碩士在職專班,女,21,0,0,0,0,0,0,0,0,0,0,0,0,0,0,0
111,1,公立,一般大學,0032,國立聯合大學,學士班(日間),女,1858,50,32,32,0,0,0,0,0,0,18,0,0,3,15,0
111,1,公立,一般大學,0032,國立聯合大學,學士班(進修),女,302,24,13,12,0,0,0,0,1,0,11,5,0,1,5,0
111,1,公立,一般大學,0032,國立聯合大學,碩士班(日間),男,290,14,2,1,0,0,0,0,1,0,12,1,0,3,8,0
111,1,公立,一般大學,0032,國立聯合大學,碩士在職專班,男,22,0,0,0,0,0,0,0,0,0,0,0,0,0,0,0
111,2,公立,一般大學,0032,國立聯合大學,學士班(日間),女,1858,31,13,13,0,0,0,0,0,0,18,6,0,2,10,0
111,2,公立,一般大學,0032,國立聯合大學,學士班(日間),男,4264,77,21,20,0,0,0,0,1,0,56,29,0,8,19,0
111,2,公立,一般大學,0032,國立聯合大學,碩士班(日間),男,290,16,2,0,0,0,0,0,1,1,14,4,0,2,8,0
111,2,公立,一般大學,0032,國立聯合大學,學士班(進修),女,302,15,5,4,0,0,0,0,1,0,10,3,0,2,5,0
111,2,公立,一般大學,0032,國立聯合大學,學士班(進修),男,751,44,13,12,0,0,0,0,1,0,31,11,0,11,9,0
111,2,公立,一般大學,0032,國立聯合大學,博士班,女,3,0,0,0,0,0,0,0,0,0,0,0,0,0,0,0
111,2,公立,一般大學,0032,國立聯合大學,博士班,男,15,0,0,0,0,0,0,0,0,0,0,0,0,0,0,0
111,2,公立,一般大學,0032,國立聯合大學,碩士班(日間),女,123,7,1,1,0,0,0,0,0,0,6,0,0,2,4,0
111,2,公立,一般大學,0032,國立聯合大學,碩士在職專班,女,21,0,0,0,0,0,0,0,0,0,0,0,0,0,0,0
111,2,公立,一般大學,0032,國立聯合大學,碩士在職專班,男,22,0,0,0,0,0,0,0,0,0,0,0,0,0,0,0
111,1,公立,技專校院,0033,國立虎尾科技大學,學士班(日間),女,1770,22,10,9,0,1,0,0,0,0,12,3,0,2,7,0
111,1,公立,技專校院,0033,國立虎尾科技大學,學士班(進修),女,453,25,15,10,0,1,0,1,3,0,10,3,0,1,6,0
111,1,公立,技專校院,0033,國立虎尾科技大學,學士班(進修),男,1892,119,52,41,0,0,0,1,10,0,67,31,0,17,19,0
111,1,公立,技專校院,0033,國立虎尾科技大學,碩士班(日間),男,830,21,5,3,0,0,0,0,2,0,16,4,0,1,11,0
111,1,公立,技專校院,0033,國立虎尾科技大學,碩士在職專班,男,138,20,4,2,0,0,0,0,1,1,16,1,0,5,10,0
111,1,公立,技專校院,0033,國立虎尾科技大學,二專(日間),女,1,0,0,0,0,0,0,0,0,0,0,0,0,0,0,0
111,1,公立,技專校院,0033,國立虎尾科技大學,二專(日間),男,69,8,8,8,0,0,0,0,0,0,0,0,0,0,0,0
111,1,公立,技專校院,0033,國立虎尾科技大學,學士班(日間),男,5918,137,50,42,0,0,0,0,8,0,87,44,0,16,27,0
111,1,公立,技專校院,0033,國立虎尾科技大學,五專,女,42,1,1,1,0,0,0,0,0,0,0,0,0,0,0,0
111,1,公立,技專校院,0033,國立虎尾科技大學,五專,男,275,4,1,1,0,0,0,0,0,0,3,2,0,0,1,0
111,1,公立,技專校院,0033,國立虎尾科技大學,博士班,女,9,0,0,0,0,0,0,0,0,0,0,0,0,0,0,0
111,1,公立,技專校院,0033,國立虎尾科技大學,博士班,男,48,3,0,0,0,0,0,0,0,0,3,0,0,1,2,0
111,1,公立,技專校院,0033,國立虎尾科技大學,碩士班(日間),女,184,4,0,0,0,0,0,0,0,0,4,0,0,3,1,0
111,1,公立,技專校院,0033,國立虎尾科技大學,碩士在職專班,女,53,5,1,0,0,0,0,0,1,0,4,2,0,1,1,0
111,2,公立,技專校院,0033,國立虎尾科技大學,二專(日間),女,1,0,0,0,0,0,0,0,0,0,0,0,0,0,0,0
111,2,公立,技專校院,0033,國立虎尾科技大學,二專(日間),男,69,3,0,0,0,0,0,0,0,0,3,2,0,0,1,0
111,2,公立,技專校院,0033,國立虎尾科技大學,學士班(日間),男,5918,116,20,15,0,0,0,0,5,0,96,69,0,7,20,0
111,2,公立,技專校院,0033,國立虎尾科技大學,學士班(進修),男,1892,52,19,14,0,0,1,0,4,0,33,2,0,20,11,0
111,2,公立,技專校院,0033,國立虎尾科技大學,五專,男,275,3,2,2,0,0,0,0,0,0,1,1,0,0,0,0
111,2,公立,技專校院,0033,國立虎尾科技大學,博士班,女,9,0,0,0,0,0,0,0,0,0,0,0,0,0,0,0
111,2,公立,技專校院,0033,國立虎尾科技大學,博士班,男,48,0,0,0,0,0,0,0,0,0,0,0,0,0,0,0
111,2,公立,技專校院,0033,國立虎尾科技大學,碩士班(日間),女,184,3,1,1,0,0,0,0,0,0,2,0,0,0,2,0
111,2,公立,技專校院,0033,國立虎尾科技大學,碩士在職專班,女,53,5,1,1,0,0,0,0,0,0,4,1,0,1,2,0
111,2,公立,技專校院,0033,國立虎尾科技大學,學士班(日間),女,1770,17,6,5,0,0,0,1,0,0,11,5,0,4,2,0
111,2,公立,技專校院,0033,國立虎尾科技大學,學士班(進修),女,453,18,2,0,0,0,0,0,2,0,16,4,0,5,7,0
111,2,公立,技專校院,0033,國立虎尾科技大學,五專,女,42,0,0,0,0,0,0,0,0,0,0,0,0,0,0,0
111,2,公立,技專校院,0033,國立虎尾科技大學,碩士班(日間),男,830,11,1,1,0,0,0,0,0,0,10,1,0,3,6,0
111,2,公立,技專校院,0033,國立虎尾科技大學,碩士在職專班,男,138,9,0,0,0,0,0,0,0,0,9,0,0,4,5,0
111,1,公立,一般大學,0035,國立臺南藝術大學,學士班(日間),女,530,28,19,18,0,0,1,0,0,0,9,1,0,0,8,0
111,1,公立,一般大學,0035,國立臺南藝術大學,五專,男,70,0,0,0,0,0,0,0,0,0,0,0,0,0,0,0
111,1,公立,一般大學,0035,國立臺南藝術大學,博士班,女,37,3,2,2,0,0,0,0,0,0,1,0,0,1,0,0
111,1,公立,一般大學,0035,國立臺南藝術大學,碩士班(日間),女,354,23,13,7,0,0,1,0,4,1,10,2,0,1,7,0
111,1,公立,一般大學,0035,國立臺南藝術大學,碩士班(日間),男,225,16,7,4,0,0,1,0,2,0,9,1,0,0,8,0
111,1,公立,一般大學,0035,國立臺南藝術大學,碩士在職專班,男,14,1,1,0,0,0,0,0,0,1,0,0,0,0,0,0
111,1,公立,一般大學,0035,國立臺南藝術大學,學士班(日間),男,259,15,11,10,0,0,0,0,1,0,4,1,0,1,2,0
111,1,公立,一般大學,0035,國立臺南藝術大學,五專,女,104,1,1,0,0,0,1,0,0,0,0,0,0,0,0,0
111,1,公立,一般大學,0035,國立臺南藝術大學,博士班,男,25,0,0,0,0,0,0,0,0,0,0,0,0,0,0,0
111,1,公立,一般大學,0035,國立臺南藝術大學,碩士在職專班,女,44,1,1,0,0,0,0,0,0,1,0,0,0,0,0,0
111,2,公立,一般大學,0035,國立臺南藝術大學,學士班(日間),男,259,5,2,2,0,0,0,0,0,0,3,0,0,2,1,0
111,2,公立,一般大學,0035,國立臺南藝術大學,博士班,女,37,0,0,0,0,0,0,0,0,0,0,0,0,0,0,0
111,2,公立,一般大學,0035,國立臺南藝術大學,博士班,男,25,0,0,0,0,0,0,0,0,0,0,0,0,0,0,0
111,2,公立,一般大學,0035,國立臺南藝術大學,碩士班(日間),女,354,11,7,4,0,0,0,1,1,1,4,1,0,1,2,0
111,2,公立,一般大學,0035,國立臺南藝術大學,碩士在職專班,女,44,0,0,0,0,0,0,0,0,0,0,0,0,0,0,0
111,2,公立,一般大學,0035,國立臺南藝術大學,學士班(日間),女,530,9,6,4,0,0,1,0,1,0,3,2,0,0,1,0
111,2,公立,一般大學,0035,國立臺南藝術大學,五專,女,104,1,1,1,0,0,0,0,0,0,0,0,0,0,0,0
111,2,公立,一般大學,0035,國立臺南藝術大學,五專,男,70,1,0,0,0,0,0,0,0,0,1,0,0,0,1,0
111,2,公立,一般大學,0035,國立臺南藝術大學,碩士班(日間),男,225,10,3,2,0,0,0,0,0,1,7,1,0,1,5,0
111,2,公立,一般大學,0035,國立臺南藝術大學,碩士在職專班,男,14,0,0,0,0,0,0,0,0,0,0,0,0,0,0,0
111,1,公立,一般大學,0036,國立臺南大學,學士班(日間),女,2069,36,31,29,0,0,1,0,1,0,5,1,0,1,3,0
111,1,公立,一般大學,0036,國立臺南大學,學士班(日間),男,1833,51,41,40,0,0,0,0,1,0,10,5,0,1,4,0
111,1,公立,一般大學,0036,國立臺南大學,學士班(進修),男,111,10,8,7,0,0,0,0,1,0,2,1,0,0,1,0
111,1,公立,一般大學,0036,國立臺南大學,碩士在職專班,男,205,23,16,0,0,0,0,0,16,0,7,6,0,1,0,0
111,1,公立,一般大學,0036,國立臺南大學,學士班(進修),女,69,10,8,6,0,0,0,0,2,0,2,1,0,1,0,0
111,1,公立,一般大學,0036,國立臺南大學,博士班,女,89,4,4,0,0,0,0,0,3,1,0,0,0,0,0,0
111,1,公立,一般大學,0036,國立臺南大學,博士班,男,64,0,0,0,0,0,0,0,0,0,0,0,0,0,0,0
111,1,公立,一般大學,0036,國立臺南大學,碩士班(日間),女,584,44,34,12,0,0,2,0,12,8,10,4,0,0,6,0
111,1,公立,一般大學,0036,國立臺南大學,碩士班(日間),男,418,36,30,11,0,0,0,1,11,7,6,2,0,1,3,0
111,1,公立,一般大學,0036,國立臺南大學,碩士在職專班,女,427,32,27,0,0,0,2,1,24,0,5,5,0,0,0,0
111,2,公立,一般大學,0036,國立臺南大學,學士班(進修),女,69,2,1,0,0,0,0,1,0,0,1,0,0,0,0,1
111,2,公立,一般大學,0036,國立臺南大學,學士班(進修),男,111,4,3,3,0,0,0,0,0,0,1,1,0,0,0,0
111,2,公立,一般大學,0036,國立臺南大學,博士班,男,64,3,2,0,0,0,0,0,0,2,1,0,0,1,0,0
111,2,公立,一般大學,0036,國立臺南大學,碩士班(日間),女,584,21,14,3,0,0,1,0,5,5,7,1,0,1,5,0
111,2,公立,一般大學,0036,國立臺南大學,碩士班(日間),男,418,19,11,0,0,0,0,0,7,4,8,0,0,2,6,0
111,2,公立,一般大學,0036,國立臺南大學,碩士在職專班,女,427,9,6,0,0,1,0,0,5,0,3,3,0,0,0,0
111,2,公立,一般大學,0036,國立臺南大學,學士班(日間),女,2069,19,17,16,0,0,0,0,1,0,2,0,0,1,1,0
111,2,公立,一般大學,0036,國立臺南大學,學士班(日間),男,1833,17,11,10,0,0,0,0,1,0,6,3,0,0,3,0
111,2,公立,一般大學,0036,國立臺南大學,博士班,女,89,4,3,0,0,1,0,0,1,1,1,0,0,0,1,0
111,2,公立,一般大學,0036,國立臺南大學,碩士在職專班,男,205,9,6,0,0,0,0,0,6,0,3,1,0,0,2,0
111,1,公立,一般大學,0037,國立臺北教育大學,學士班(日間),女,2228,23,19,17,0,0,0,0,1,1,4,0,0,4,0,0
111,1,公立,一般大學,0037,國立臺北教育大學,博士班,男,64,2,1,0,0,0,0,0,1,0,1,1,0,0,0,0
111,1,公立,一般大學,0037,國立臺北教育大學,碩士班(日間),男,435,14,5,4,0,0,0,0,1,0,9,3,0,6,0,0
111,1,公立,一般大學,0037,國立臺北教育大學,碩士在職專班,女,804,31,25,4,0,4,1,0,11,5,6,0,0,6,0,0
111,1,公立,一般大學,0037,國立臺北教育大學,碩士在職專班,男,247,9,7,2,0,0,0,0,2,3,2,0,0,2,0,0
111,1,公立,一般大學,0037,國立臺北教育大學,學士班(日間),男,1097,22,20,17,0,0,0,0,2,1,2,0,0,2,0,0
111,1,公立,一般大學,0037,國立臺北教育大學,博士班,女,88,0,0,0,0,0,0,0,0,0,0,0,0,0,0,0
111,1,公立,一般大學,0037,國立臺北教育大學,碩士班(日間),女,992,48,33,17,0,0,0,0,14,2,15,6,0,9,0,0
111,2,公立,一般大學,0037,國立臺北教育大學,博士班,女,88,6,5,2,0,0,1,0,1,1,1,1,0,0,0,0
111,2,公立,一般大學,0037,國立臺北教育大學,博士班,男,64,5,2,1,0,0,0,0,1,0,3,0,0,3,0,0
111,2,公立,一般大學,0037,國立臺北教育大學,碩士班(日間),女,992,33,19,9,0,0,0,0,8,2,14,3,0,11,0,0
111,2,公立,一般大學,0037,國立臺北教育大學,碩士班(日間),男,435,20,11,3,0,0,0,0,7,1,9,5,0,4,0,0
111,2,公立,一般大學,0037,國立臺北教育大學,碩士在職專班,男,247,7,4,0,0,0,0,0,2,2,3,0,0,3,0,0
111,2,公立,一般大學,0037,國立臺北教育大學,學士班(日間),女,2228,9,4,3,0,0,0,0,0,1,5,0,0,5,0,0
111,2,公立,一般大學,0037,國立臺北教育大學,學士班(日間),男,1097,7,6,6,0,0,0,0,0,0,1,1,0,0,0,0
111,2,公立,一般大學,0037,國立臺北教育大學,碩士在職專班,女,804,23,18,2,0,0,0,0,6,10,5,0,0,5,0,0
111,1,公立,一般大學,0039,國立臺中教育大學,學士班(日間),男,1151,36,13,13,0,0,0,0,0,0,23,1,0,3,19,0
111,1,公立,一般大學,0039,國立臺中教育大學,博士班,男,37,1,1,1,0,0,0,0,0,0,0,0,0,0,0,0
111,1,公立,一般大學,0039,國立臺中教育大學,碩士班(日間),女,628,34,24,10,0,0,1,0,13,0,10,3,0,2,5,0
111,1,公立,一般大學,0039,國立臺中教育大學,碩士在職專班,女,613,27,11,4,0,0,1,1,5,0,16,2,0,6,8,0
111,1,公立,一般大學,0039,國立臺中教育大學,碩士在職專班,男,166,12,3,1,0,0,0,0,2,0,9,3,0,3,3,0
111,1,公立,一般大學,0039,國立臺中教育大學,學士班(日間),女,2060,37,28,26,1,0,1,0,0,0,9,0,0,2,7,0
111,1,公立,一般大學,0039,國立臺中教育大學,博士班,女,71,3,0,0,0,0,0,0,0,0,3,3,0,0,0,0
111,1,公立,一般大學,0039,國立臺中教育大學,碩士班(日間),男,274,25,10,7,0,0,0,0,3,0,15,6,0,4,5,0
111,2,公立,一般大學,0039,國立臺中教育大學,博士班,女,71,0,0,0,0,0,0,0,0,0,0,0,0,0,0,0
111,2,公立,一般大學,0039,國立臺中教育大學,博士班,男,37,1,0,0,0,0,0,0,0,0,1,0,0,0,1,0
111,2,公立,一般大學,0039,國立臺中教育大學,碩士班(日間),男,274,16,5,3,0,0,1,0,1,0,11,2,0,3,6,0
111,2,公立,一般大學,0039,國立臺中教育大學,學士班(日間),女,2060,15,9,8,0,0,0,1,0,0,6,1,0,2,3,0
111,2,公立,一般大學,0039,國立臺中教育大學,學士班(日間),男,1151,11,7,7,0,0,0,0,0,0,4,0,0,2,2,0
111,2,公立,一般大學,0039,國立臺中教育大學,碩士班(日間),女,628,16,7,3,0,0,1,1,2,0,9,0,0,5,4,0
111,2,公立,一般大學,0039,國立臺中教育大學,碩士在職專班,女,613,16,6,2,0,0,1,0,3,0,10,2,0,4,4,0
111,2,公立,一般大學,0039,國立臺中教育大學,碩士在職專班,男,166,7,4,1,0,0,0,1,2,0,3,0,0,2,1,0
111,1,公立,技專校院,0042,國立澎湖科技大學,學士班(日間),男,1543,93,58,46,0,0,0,0,0,12,35,4,2,3,26,0
111,1,公立,技專校院,0042,國立澎湖科技大學,學士班(進修),男,113,15,6,4,0,0,0,0,0,2,9,0,0,2,7,0
111,1,公立,技專校院,0042,國立澎湖科技大學,碩士班(日間),女,37,3,0,0,0,0,0,0,0,0,3,0,0,0,3,0
111,1,公立,技專校院,0042,國立澎湖科技大學,碩士在職專班,女,17,0,0,0,0,0,0,0,0,0,0,0,0,0,0,0
111,1,公立,技專校院,0042,國立澎湖科技大學,學士班(日間),女,929,43,25,20,0,0,0,1,0,4,18,1,1,3,13,0
111,1,公立,技專校院,0042,國立澎湖科技大學,學士班(進修),女,127,13,2,1,0,0,1,0,0,0,11,1,1,4,5,0
111,1,公立,技專校院,0042,國立澎湖科技大學,五專,女,6,0,0,0,0,0,0,0,0,0,0,0,0,0,0,0
111,1,公立,技專校院,0042,國立澎湖科技大學,五專,男,88,4,3,3,0,0,0,0,0,0,1,1,0,0,0,0
111,1,公立,技專校院,0042,國立澎湖科技大學,碩士班(日間),男,43,4,1,0,0,0,0,0,0,1,3,0,0,0,3,0
111,1,公立,技專校院,0042,國立澎湖科技大學,碩士在職專班,男,24,0,0,0,0,0,0,0,0,0,0,0,0,0,0,0
111,2,公立,技專校院,0042,國立澎湖科技大學,學士班(日間),女,929,17,7,6,0,0,0,1,0,0,10,3,0,2,5,0
111,2,公立,技專校院,0042,國立澎湖科技大學,學士班(日間),男,1543,41,13,13,0,0,0,0,0,0,28,9,0,4,15,0
111,2,公立,技專校院,0042,國立澎湖科技大學,五專,女,6,0,0,0,0,0,0,0,0,0,0,0,0,0,0,0
111,2,公立,技專校院,0042,國立澎湖科技大學,五專,男,88,0,0,0,0,0,0,0,0,0,0,0,0,0,0,0
111,2,公立,技專校院,0042,國立澎湖科技大學,學士班(進修),女,127,8,0,0,0,0,0,0,0,0,8,0,0,5,3,0
111,2,公立,技專校院,0042,國立澎湖科技大學,學士班(進修),男,113,14,0,0,0,0,0,0,0,0,14,0,0,2,12,0
111,2,公立,技專校院,0042,國立澎湖科技大學,碩士班(日間),女,37,4,0,0,0,0,0,0,0,0,4,0,0,1,3,0
111,2,公立,技專校院,0042,國立澎湖科技大學,碩士班(日間),男,43,1,0,0,0,0,0,0,0,0,1,0,0,0,1,0
111,2,公立,技專校院,0042,國立澎湖科技大學,碩士在職專班,女,17,0,0,0,0,0,0,0,0,0,0,0,0,0,0,0
111,2,公立,技專校院,0042,國立澎湖科技大學,碩士在職專班,男,24,0,0,0,0,0,0,0,0,0,0,0,0,0,0,0
111,1,公立,技專校院,0043,國立勤益科技大學,二專(進修),男,216,33,11,8,0,0,0,0,2,1,22,0,1,3,18,0
111,1,公立,技專校院,0043,國立勤益科技大學,學士班(日間),男,4836,107,52,46,0,0,0,1,5,0,55,25,3,0,27,0
111,1,公立,技專校院,0043,國立勤益科技大學,學士班(進修),男,3452,206,101,84,0,0,3,1,11,2,105,18,20,4,63,0
111,1,公立,技專校院,0043,國立勤益科技大學,博士班,男,45,2,1,1,0,0,0,0,0,0,1,0,0,0,1,0
111,1,公立,技專校院,0043,國立勤益科技大學,碩士班(日間),女,185,5,3,1,0,0,0,1,1,0,2,0,0,0,2,0
111,1,公立,技專校院,0043,國立勤益科技大學,碩士在職專班,女,72,1,0,0,0,0,0,0,0,0,1,0,0,0,1,0
111,1,公立,技專校院,0043,國立勤益科技大學,二專(進修),女,78,4,2,2,0,0,0,0,0,0,2,0,0,0,2,0
111,1,公立,技專校院,0043,國立勤益科技大學,學士班(日間),女,2169,49,23,21,0,0,1,0,1,0,26,5,1,0,20,0
111,1,公立,技專校院,0043,國立勤益科技大學,學士班(進修),女,644,29,17,14,1,0,1,0,1,0,12,2,5,0,5,0
111,1,公立,技專校院,0043,國立勤益科技大學,博士班,女,7,0,0,0,0,0,0,0,0,0,0,0,0,0,0,0
111,1,公立,技專校院,0043,國立勤益科技大學,碩士班(日間),男,493,20,5,3,0,0,0,0,1,1,15,1,0,0,14,0
111,1,公立,技專校院,0043,國立勤益科技大學,碩士在職專班,男,224,9,0,0,0,0,0,0,0,0,9,2,0,1,6,0
111,2,公立,技專校院,0043,國立勤益科技大學,二專(進修),女,78,5,0,0,0,0,0,0,0,0,5,0,0,0,5,0
111,2,公立,技專校院,0043,國立勤益科技大學,學士班(日間),女,2169,31,18,18,0,0,0,0,0,0,13,6,0,0,7,0
111,2,公立,技專校院,0043,國立勤益科技大學,學士班(進修),女,644,32,20,20,0,0,0,0,0,0,12,2,2,1,7,0
111,2,公立,技專校院,0043,國立勤益科技大學,學士班(進修),男,3452,170,79,66,0,0,1,0,11,1,91,45,7,7,32,0
111,2,公立,技專校院,0043,國立勤益科技大學,碩士班(日間),男,493,9,3,3,0,0,0,0,0,0,6,0,0,0,6,0
111,2,公立,技專校院,0043,國立勤益科技大學,碩士在職專班,男,224,10,1,0,0,0,0,0,1,0,9,0,0,0,9,0
111,2,公立,技專校院,0043,國立勤益科技大學,二專(進修),男,216,28,6,5,0,0,0,0,1,0,22,4,1,2,15,0
111,2,公立,技專校院,0043,國立勤益科技大學,學士班(日間),男,4836,133,27,23,0,0,0,0,3,1,106,67,0,0,39,0
111,2,公立,技專校院,0043,國立勤益科技大學,博士班,女,7,0,0,0,0,0,0,0,0,0,0,0,0,0,0,0
111,2,公立,技專校院,0043,國立勤益科技大學,博士班,男,45,3,0,0,0,0,0,0,0,0,3,0,0,0,3,0
111,2,公立,技專校院,0043,國立勤益科技大學,碩士班(日間),女,185,4,2,0,0,0,1,1,0,0,2,0,0,0,2,0
111,2,公立,技專校院,0043,國立勤益科技大學,碩士在職專班,女,72,1,1,1,0,0,0,0,0,0,0,0,0,0,0,0
111,1,公立,一般大學,0044,國立體育大學,學士班(日間),女,739,21,11,9,1,0,0,0,1,0,10,1,0,2,7,0
111,1,公立,一般大學,0044,國立體育大學,學士班(進修),女,37,2,2,0,0,0,0,0,2,0,0,0,0,0,0,0
111,1,公立,一般大學,0044,國立體育大學,博士班,女,51,1,0,0,0,0,0,0,0,0,1,1,0,0,0,0
111,1,公立,一般大學,0044,國立體育大學,碩士班(日間),男,183,16,1,1,0,0,0,0,0,0,15,3,0,2,10,0
111,1,公立,一般大學,0044,國立體育大學,學士班(日間),男,1175,53,14,11,0,0,0,0,3,0,39,4,0,10,25,0
111,1,公立,一般大學,0044,國立體育大學,學士班(進修),男,65,12,2,0,0,0,0,0,2,0,10,1,0,6,3,0
111,1,公立,一般大學,0044,國立體育大學,博士班,男,93,2,0,0,0,0,0,0,0,0,2,0,0,2,0,0
111,1,公立,一般大學,0044,國立體育大學,碩士班(日間),女,169,9,1,1,0,0,0,0,0,0,8,2,0,1,5,0
111,1,公立,一般大學,0044,國立體育大學,碩士在職專班,女,102,6,1,0,0,0,0,0,1,0,5,1,0,3,1,0
111,1,公立,一般大學,0044,國立體育大學,碩士在職專班,男,119,12,1,1,0,0,0,0,0,0,11,2,0,3,6,0
111,2,公立,一般大學,0044,國立體育大學,學士班(日間),女,739,20,7,5,0,0,0,0,2,0,13,0,0,5,8,0
111,2,公立,一般大學,0044,國立體育大學,學士班(日間),男,1175,28,8,5,0,0,1,0,2,0,20,7,0,6,7,0
111,2,公立,一般大學,0044,國立體育大學,學士班(進修),男,65,4,2,0,0,0,0,0,2,0,2,0,0,0,2,0
111,2,公立,一般大學,0044,國立體育大學,碩士班(日間),女,169,9,3,0,0,0,0,0,3,0,6,0,0,2,4,0
111,2,公立,一般大學,0044,國立體育大學,碩士在職專班,女,102,4,2,0,0,0,0,0,1,1,2,0,0,1,1,0
111,2,公立,一般大學,0044,國立體育大學,碩士在職專班,男,119,9,1,0,0,0,0,0,1,0,8,0,0,4,4,0
111,2,公立,一般大學,0044,國立體育大學,學士班(進修),女,37,1,0,0,0,0,0,0,0,0,1,0,0,1,0,0
111,2,公立,一般大學,0044,國立體育大學,博士班,女,51,1,0,0,0,0,0,0,0,0,1,0,0,0,1,0
111,2,公立,一般大學,0044,國立體育大學,博士班,男,93,3,0,0,0,0,0,0,0,0,3,0,0,2,1,0
111,2,公立,一般大學,0044,國立體育大學,碩士班(日間),男,183,14,2,0,0,0,0,0,2,0,12,0,0,3,9,0
111,1,公立,技專校院,0046,國立臺北護理健康大學,學士班(日間),女,2940,47,19,16,0,0,1,1,1,0,28,1,0,10,17,0
111,1,公立,技專校院,0046,國立臺北護理健康大學,學士班(進修),女,662,18,2,1,0,0,0,0,1,0,16,1,0,3,12,0
111,1,公立,技專校院,0046,國立臺北護理健康大學,博士班,女,69,2,2,1,0,0,0,0,1,0,0,0,0,0,0,0
111,1,公立,技專校院,0046,國立臺北護理健康大學,碩士班(日間),男,82,3,2,1,0,0,0,0,1,0,1,0,0,0,1,0
111,1,公立,技專校院,0046,國立臺北護理健康大學,碩士在職專班,男,31,5,0,0,0,0,0,0,0,0,5,0,0,1,4,0
111,1,公立,技專校院,0046,國立臺北護理健康大學,學士班(日間),男,820,26,10,9,0,0,0,1,0,0,16,2,0,7,7,0
111,1,公立,技專校院,0046,國立臺北護理健康大學,學士班(進修),男,43,1,0,0,0,0,0,0,0,0,1,0,0,1,0,0
111,1,公立,技專校院,0046,國立臺北護理健康大學,博士班,男,8,0,0,0,0,0,0,0,0,0,0,0,0,0,0,0
111,1,公立,技專校院,0046,國立臺北護理健康大學,碩士班(日間),女,465,18,5,3,0,0,1,0,1,0,13,1,0,1,11,0
111,1,公立,技專校院,0046,國立臺北護理健康大學,碩士在職專班,女,177,9,2,2,0,0,0,0,0,0,7,0,0,1,6,0
111,2,公立,技專校院,0046,國立臺北護理健康大學,學士班(進修),女,662,3,0,0,0,0,0,0,0,0,3,0,0,0,3,0
111,2,公立,技專校院,0046,國立臺北護理健康大學,學士班(進修),男,43,1,0,0,0,0,0,0,0,0,1,0,0,1,0,0
111,2,公立,技專校院,0046,國立臺北護理健康大學,博士班,男,8,0,0,0,0,0,0,0,0,0,0,0,0,0,0,0
111,2,公立,技專校院,0046,國立臺北護理健康大學,碩士班(日間),女,465,20,5,2,0,0,1,0,2,0,15,5,0,5,5,0
111,2,公立,技專校院,0046,國立臺北護理健康大學,碩士班(日間),男,82,8,0,0,0,0,0,0,0,0,8,2,0,2,4,0
111,2,公立,技專校院,0046,國立臺北護理健康大學,碩士在職專班,女,177,15,4,1,0,0,1,0,2,0,11,2,0,1,8,0
111,2,公立,技專校院,0046,國立臺北護理健康大學,碩士在職專班,男,31,1,0,0,0,0,0,0,0,0,1,0,0,0,1,0
111,2,公立,技專校院,0046,國立臺北護理健康大學,學士班(日間),女,2940,19,13,13,0,0,0,0,0,0,6,0,0,3,3,0
111,2,公立,技專校院,0046,國立臺北護理健康大學,學士班(日間),男,820,13,8,6,0,0,0,1,1,0,5,1,0,2,2,0
111,2,公立,技專校院,0046,國立臺北護理健康大學,博士班,女,69,0,0,0,0,0,0,0,0,0,0,0,0,0,0,0
111,1,公立,技專校院,0047,國立高雄餐旅大學,學士班(日間),男,981,19,9,5,0,0,0,0,1,3,10,3,0,0,7,0
111,1,公立,技專校院,0047,國立高雄餐旅大學,五專,女,151,2,2,2,0,0,0,0,0,0,0,0,0,0,0,0
111,1,公立,技專校院,0047,國立高雄餐旅大學,博士班,男,17,1,1,0,0,0,0,0,0,1,0,0,0,0,0,0
111,1,公立,技專校院,0047,國立高雄餐旅大學,碩士班(日間),女,102,5,1,1,0,0,0,0,0,0,4,0,0,0,4,0
111,1,公立,技專校院,0047,國立高雄餐旅大學,碩士在職專班,女,12,2,1,0,0,0,0,0,1,0,1,0,0,1,0,0
111,1,公立,技專校院,0047,國立高雄餐旅大學,學士班(日間),女,2028,32,10,8,0,1,0,1,0,0,22,5,2,2,13,0
111,1,公立,技專校院,0047,國立高雄餐旅大學,學士班(進修),女,676,11,5,3,0,0,0,0,2,0,6,1,0,1,4,0
111,1,公立,技專校院,0047,國立高雄餐旅大學,學士班(進修),男,376,6,2,2,0,0,0,0,0,0,4,0,0,2,2,0
111,1,公立,技專校院,0047,國立高雄餐旅大學,五專,男,100,2,2,2,0,0,0,0,0,0,0,0,0,0,0,0
111,1,公立,技專校院,0047,國立高雄餐旅大學,博士班,女,14,1,0,0,0,0,0,0,0,0,1,0,0,0,1,0
111,1,公立,技專校院,0047,國立高雄餐旅大學,碩士班(日間),男,53,6,2,1,0,0,0,0,0,1,4,0,0,1,3,0
111,1,公立,技專校院,0047,國立高雄餐旅大學,碩士在職專班,男,11,0,0,0,0,0,0,0,0,0,0,0,0,0,0,0
111,2,公立,技專校院,0047,國立高雄餐旅大學,學士班(日間),女,2028,12,8,7,0,0,0,0,0,1,4,1,1,0,2,0
111,2,公立,技專校院,0047,國立高雄餐旅大學,學士班(進修),女,676,5,4,3,0,0,1,0,0,0,1,0,1,0,0,0
111,2,公立,技專校院,0047,國立高雄餐旅大學,五專,女,151,3,2,2,0,0,0,0,0,0,1,0,0,0,1,0
111,2,公立,技專校院,0047,國立高雄餐旅大學,五專,男,100,2,2,2,0,0,0,0,0,0,0,0,0,0,0,0
111,2,公立,技專校院,0047,國立高雄餐旅大學,碩士班(日間),男,53,3,0,0,0,0,0,0,0,0,3,0,0,0,3,0
111,2,公立,技專校院,0047,國立高雄餐旅大學,碩士在職專班,男,11,0,0,0,0,0,0,0,0,0,0,0,0,0,0,0
111,2,公立,技專校院,0047,國立高雄餐旅大學,學士班(日間),男,981,11,4,3,0,0,0,0,1,0,7,0,2,0,5,0
111,2,公立,技專校院,0047,國立高雄餐旅大學,學士班(進修),男,376,6,3,2,0,0,0,1,0,0,3,0,2,0,0,1
111,2,公立,技專校院,0047,國立高雄餐旅大學,博士班,女,14,1,0,0,0,0,0,0,0,0,1,0,0,0,1,0
111,2,公立,技專校院,0047,國立高雄餐旅大學,博士班,男,17,0,0,0,0,0,0,0,0,0,0,0,0,0,0,0
111,2,公立,技專校院,0047,國立高雄餐旅大學,碩士班(日間),女,102,6,3,1,0,1,0,0,1,0,3,0,0,1,2,0
111,2,公立,技專校院,0047,國立高雄餐旅大學,碩士在職專班,女,12,0,0,0,0,0,0,0,0,0,0,0,0,0,0,0
111,1,公立,一般大學,0048,國立金門大學,學士班(日間),女,1464,34,32,31,0,0,1,0,0,0,2,0,0,1,1,0
111,1,公立,一般大學,0048,國立金門大學,學士班(日間),男,1627,54,37,35,0,0,0,1,1,0,17,0,0,7,10,0
111,1,公立,一般大學,0048,國立金門大學,學士班(進修),男,421,29,7,7,0,0,0,0,0,0,22,1,0,13,8,0
111,1,公立,一般大學,0048,國立金門大學,學士班(進修),女,354,37,16,12,1,0,0,1,1,1,21,0,0,18,3,0
111,1,公立,一般大學,0048,國立金門大學,博士班,女,1,0,0,0,0,0,0,0,0,0,0,0,0,0,0,0
111,1,公立,一般大學,0048,國立金門大學,博士班,男,1,0,0,0,0,0,0,0,0,0,0,0,0,0,0,0
111,1,公立,一般大學,0048,國立金門大學,碩士班(日間),女,99,5,2,1,0,0,0,0,1,0,3,0,0,1,2,0
111,1,公立,一般大學,0048,國立金門大學,碩士班(日間),男,123,4,1,0,0,0,0,0,1,0,3,0,0,1,2,0
111,1,公立,一般大學,0048,國立金門大學,碩士在職專班,女,42,3,0,0,0,0,0,0,0,0,3,0,0,0,3,0
111,1,公立,一般大學,0048,國立金門大學,碩士在職專班,男,43,5,0,0,0,0,0,0,0,0,5,0,0,2,3,0
111,2,公立,一般大學,0048,國立金門大學,學士班(日間),女,1464,24,18,16,0,0,1,1,0,0,6,0,0,1,5,0
111,2,公立,一般大學,0048,國立金門大學,學士班(進修),女,354,20,4,2,0,0,0,0,2,0,16,0,0,9,7,0
111,2,公立,一般大學,0048,國立金門大學,博士班,男,1,0,0,0,0,0,0,0,0,0,0,0,0,0,0,0
111,2,公立,一般大學,0048,國立金門大學,碩士班(日間),男,123,4,1,1,0,0,0,0,0,0,3,0,0,0,3,0
111,2,公立,一般大學,0048,國立金門大學,碩士在職專班,男,43,1,0,0,0,0,0,0,0,0,1,0,0,1,0,0
111,2,公立,一般大學,0048,國立金門大學,學士班(日間),男,1627,35,20,20,0,0,0,0,0,0,15,7,0,3,5,0
111,2,公立,一般大學,0048,國立金門大學,學士班(進修),男,421,26,2,2,0,0,0,0,0,0,24,0,0,18,6,0
111,2,公立,一般大學,0048,國立金門大學,博士班,女,1,0,0,0,0,0,0,0,0,0,0,0,0,0,0,0
111,2,公立,一般大學,0048,國立金門大學,碩士班(日間),女,99,4,1,0,0,0,0,0,1,0,3,0,0,1,2,0
111,2,公立,一般大學,0048,國立金門大學,碩士在職專班,女,42,1,1,1,0,0,0,0,0,0,0,0,0,0,0,0
111,1,公立,一般大學,0049,國立臺灣體育運動大學,學士班(日間),女,983,29,16,10,0,0,1,2,3,0,13,5,0,3,5,0
111,1,公立,一般大學,0049,國立臺灣體育運動大學,學士班(進修),女,104,5,2,2,0,0,0,0,0,0,3,1,0,1,1,0
111,1,公立,一般大學,0049,國立臺灣體育運動大學,碩士班(日間),男,135,18,2,0,0,0,0,1,1,0,16,1,0,3,12,0
111,1,公立,一般大學,0049,國立臺灣體育運動大學,碩士在職專班,男,80,1,0,0,0,0,0,0,0,0,1,0,0,1,0,0
111,1,公立,一般大學,0049,國立臺灣體育運動大學,學士班(日間),男,1368,81,31,25,0,0,0,4,2,0,50,7,1,16,26,0
111,1,公立,一般大學,0049,國立臺灣體育運動大學,學士班(進修),男,263,26,6,5,0,0,0,0,1,0,20,6,0,6,8,0
111,1,公立,一般大學,0049,國立臺灣體育運動大學,博士班,女,8,0,0,0,0,0,0,0,0,0,0,0,0,0,0,0
111,1,公立,一般大學,0049,國立臺灣體育運動大學,博士班,男,6,0,0,0,0,0,0,0,0,0,0,0,0,0,0,0
111,1,公立,一般大學,0049,國立臺灣體育運動大學,碩士班(日間),女,138,11,4,1,0,0,0,0,3,0,7,1,0,3,3,0
111,1,公立,一般大學,0049,國立臺灣體育運動大學,碩士在職專班,女,37,2,1,0,0,0,0,0,1,0,1,0,0,0,1,0
111,2,公立,一般大學,0049,國立臺灣體育運動大學,學士班(日間),男,1368,41,9,8,0,0,0,1,0,0,32,11,0,6,15,0
111,2,公立,一般大學,0049,國立臺灣體育運動大學,學士班(進修),男,263,27,2,1,0,0,0,0,1,0,25,10,0,7,8,0
111,2,公立,一般大學,0049,國立臺灣體育運動大學,博士班,女,8,1,0,0,0,0,0,0,0,0,1,0,0,0,1,0
111,2,公立,一般大學,0049,國立臺灣體育運動大學,博士班,男,6,0,0,0,0,0,0,0,0,0,0,0,0,0,0,0
111,2,公立,一般大學,0049,國立臺灣體育運動大學,碩士班(日間),女,138,8,2,1,0,0,0,0,1,0,6,0,0,3,3,0
111,2,公立,一般大學,0049,國立臺灣體育運動大學,碩士在職專班,女,37,3,0,0,0,0,0,0,0,0,3,1,0,2,0,0
111,2,公立,一般大學,0049,國立臺灣體育運動大學,學士班(日間),女,983,12,2,2,0,0,0,0,0,0,10,1,0,6,3,0
111,2,公立,一般大學,0049,國立臺灣體育運動大學,學士班(進修),女,104,4,0,0,0,0,0,0,0,0,4,0,0,3,1,0
111,2,公立,一般大學,0049,國立臺灣體育運動大學,碩士班(日間),男,135,9,0,0,0,0,0,0,0,0,9,1,0,4,4,0
111,2,公立,一般大學,0049,國立臺灣體育運動大學,碩士在職專班,男,80,3,1,1,0,0,0,0,0,0,2,0,0,1,1,0
111,1,公立,技專校院,0050,國立臺中科技大學,二專(進修),男,382,56,19,14,0,0,0,1,4,0,37,1,0,12,24,0
111,1,公立,技專校院,0050,國立臺中科技大學,學士班(日間),男,2217,41,18,18,0,0,0,0,0,0,23,9,2,0,12,0
111,1,公立,技專校院,0050,國立臺中科技大學,學士班(進修),男,1283,121,39,27,0,0,1,0,11,0,82,6,0,47,29,0
111,1,公立,技專校院,0050,國立臺中科技大學,五專,女,2655,64,34,34,0,0,0,0,0,0,30,7,0,2,21,0
111,1,公立,技專校院,0050,國立臺中科技大學,碩士班(日間),女,258,11,2,1,0,0,0,0,1,0,9,1,0,0,8,0
111,1,公立,技專校院,0050,國立臺中科技大學,碩士在職專班,女,178,5,1,0,0,0,0,0,1,0,4,0,0,0,4,0
111,1,公立,技專校院,0050,國立臺中科技大學,碩士在職專班,男,94,7,1,0,0,0,0,0,1,0,6,0,0,1,5,0
111,1,公立,技專校院,0050,國立臺中科技大學,二專(進修),女,625,97,23,13,0,0,0,1,9,0,74,2,0,35,37,0
111,1,公立,技專校院,0050,國立臺中科技大學,學士班(日間),女,4642,64,27,24,0,0,0,1,2,0,37,1,1,2,33,0
111,1,公立,技專校院,0050,國立臺中科技大學,學士班(進修),女,2541,173,49,36,1,0,0,1,11,0,124,7,0,65,52,0
111,1,公立,技專校院,0050,國立臺中科技大學,五專,男,1039,35,19,19,0,0,0,0,0,0,16,2,1,0,13,0
111,1,公立,技專校院,0050,國立臺中科技大學,碩士班(日間),男,181,12,3,0,0,0,0,1,1,1,9,0,0,1,8,0
111,2,公立,技專校院,0050,國立臺中科技大學,學士班(進修),女,2541,101,21,12,0,0,2,1,6,0,80,14,0,47,19,0
111,2,公立,技專校院,0050,國立臺中科技大學,碩士班(日間),女,258,10,1,0,0,0,0,0,1,0,9,6,0,0,3,0
111,2,公立,技專校院,0050,國立臺中科技大學,碩士班(日間),男,181,12,0,0,0,0,0,0,0,0,12,1,0,4,7,0
111,2,公立,技專校院,0050,國立臺中科技大學,碩士在職專班,女,178,4,0,0,0,0,0,0,0,0,4,1,0,1,2,0
111,2,公立,技專校院,0050,國立臺中科技大學,二專(進修),女,625,52,8,1,0,0,0,0,7,0,44,8,0,20,16,0
111,2,公立,技專校院,0050,國立臺中科技大學,二專(進修),男,382,41,5,3,0,0,0,0,2,0,36,9,0,14,13,0
111,2,公立,技專校院,0050,國立臺中科技大學,學士班(日間),女,4642,37,12,12,0,0,0,0,0,0,25,9,0,2,14,0
111,2,公立,技專校院,0050,國立臺中科技大學,學士班(日間),男,2217,42,6,6,0,0,0,0,0,0,36,20,0,3,13,0
111,2,公立,技專校院,0050,國立臺中科技大學,學士班(進修),男,1283,71,12,8,0,0,1,1,2,0,59,21,0,33,5,0
111,2,公立,技專校院,0050,國立臺中科技大學,五專,女,2655,35,16,15,0,0,0,0,1,0,19,8,0,0,11,0
111,2,公立,技專校院,0050,國立臺中科技大學,五專,男,1039,22,8,7,0,0,0,0,1,0,14,4,2,1,7,0
111,2,公立,技專校院,0050,國立臺中科技大學,碩士在職專班,男,94,7,0,0,0,0,0,0,0,0,7,2,0,1,4,0
111,1,公立,技專校院,0051,國立臺北商業大學,學士班(進修),女,1127,28,12,8,0,1,1,0,2,0,16,5,0,2,9,0
111,1,公立,技專校院,0051,國立臺北商業大學,五專,男,515,26,22,21,0,0,0,0,1,0,4,1,1,0,2,0
111,1,公立,技專校院,0051,國立臺北商業大學,博士班,女,1,0,0,0,0,0,0,0,0,0,0,0,0,0,0,0
111,1,公立,技專校院,0051,國立臺北商業大學,碩士班(日間),女,185,8,7,3,0,0,1,1,2,0,1,0,0,1,0,0
111,1,公立,技專校院,0051,國立臺北商業大學,碩士班(日間),男,122,12,7,4,0,0,0,0,3,0,5,0,0,2,3,0
111,1,公立,技專校院,0051,國立臺北商業大學,碩士在職專班,女,61,2,2,0,0,0,0,0,2,0,0,0,0,0,0,0
111,1,公立,技專校院,0051,國立臺北商業大學,碩士在職專班,男,33,7,5,0,0,0,0,0,5,0,2,0,0,0,2,0
111,1,公立,技專校院,0051,國立臺北商業大學,二專(進修),女,196,29,23,17,0,0,1,0,5,0,6,0,0,1,5,0
111,1,公立,技專校院,0051,國立臺北商業大學,二專(進修),男,106,16,9,5,0,0,0,0,4,0,7,1,0,2,4,0
111,1,公立,技專校院,0051,國立臺北商業大學,學士班(日間),女,2110,26,19,15,1,0,0,2,1,0,7,2,0,0,5,0
111,1,公立,技專校院,0051,國立臺北商業大學,學士班(日間),男,924,16,10,10,0,0,0,0,0,0,6,3,0,0,3,0
111,1,公立,技專校院,0051,國立臺北商業大學,學士班(進修),男,662,23,8,4,0,0,0,1,3,0,15,8,0,3,4,0
111,1,公立,技專校院,0051,國立臺北商業大學,五專,女,1240,43,34,33,0,0,0,0,1,0,9,3,2,0,4,0
111,1,公立,技專校院,0051,國立臺北商業大學,博士班,男,8,0,0,0,0,0,0,0,0,0,0,0,0,0,0,0
111,2,公立,技專校院,0051,國立臺北商業大學,二專(進修),男,106,2,2,0,0,0,0,0,2,0,0,0,0,0,0,0
111,2,公立,技專校院,0051,國立臺北商業大學,學士班(日間),男,924,15,8,6,0,0,0,0,2,0,7,5,0,0,2,0
111,2,公立,技專校院,0051,國立臺北商業大學,學士班(進修),男,662,18,8,6,0,0,0,0,2,0,10,10,0,0,0,0
111,2,公立,技專校院,0051,國立臺北商業大學,五專,女,1240,15,12,11,0,0,1,0,0,0,3,1,1,0,1,0
111,2,公立,技專校院,0051,國立臺北商業大學,五專,男,515,6,3,3,0,0,0,0,0,0,3,2,1,0,0,0
111,2,公立,技專校院,0051,國立臺北商業大學,博士班,男,8,0,0,0,0,0,0,0,0,0,0,0,0,0,0,0
111,2,公立,技專校院,0051,國立臺北商業大學,碩士班(日間),女,185,0,0,0,0,0,0,0,0,0,0,0,0,0,0,0
111,2,公立,技專校院,0051,國立臺北商業大學,碩士在職專班,女,61,1,0,0,0,0,0,0,0,0,1,0,0,0,1,0
111,2,公立,技專校院,0051,國立臺北商業大學,二專(進修),女,196,4,1,1,0,0,0,0,0,0,3,0,0,0,3,0
111,2,公立,技專校院,0051,國立臺北商業大學,學士班(日間),女,2110,16,10,8,0,0,1,0,1,0,6,1,1,0,4,0
111,2,公立,技專校院,0051,國立臺北商業大學,學士班(進修),女,1127,15,5,4,0,0,0,0,1,0,10,9,0,0,1,0
111,2,公立,技專校院,0051,國立臺北商業大學,博士班,女,1,0,0,0,0,0,0,0,0,0,0,0,0,0,0,0
111,2,公立,技專校院,0051,國立臺北商業大學,碩士班(日間),男,122,4,1,1,0,0,0,0,0,0,3,0,0,1,2,0
111,2,公立,技專校院,0051,國立臺北商業大學,碩士在職專班,男,33,0,0,0,0,0,0,0,0,0,0,0,0,0,0,0
111,1,公立,一般大學,0052,國立屏東大學,學士班(日間),女,3652,70,42,38,0,0,1,0,3,0,28,1,0,3,24,0
111,1,公立,一般大學,0052,國立屏東大學,學士班(進修),女,376,31,18,16,0,0,0,0,1,1,13,1,0,4,8,0
111,1,公立,一般大學,0052,國立屏東大學,學士班(進修),男,339,32,13,9,0,0,0,0,3,1,19,1,0,9,9,0
111,1,公立,一般大學,0052,國立屏東大學,碩士班(日間),女,563,33,9,1,0,1,0,1,6,0,24,1,0,4,19,0
111,1,公立,一般大學,0052,國立屏東大學,碩士班(日間),男,349,29,4,2,0,0,0,0,2,0,25,4,0,7,14,0
111,1,公立,一般大學,0052,國立屏東大學,碩士在職專班,男,225,15,1,0,0,0,0,0,1,0,14,1,0,8,5,0
111,1,公立,一般大學,0052,國立屏東大學,學士班(日間),男,2886,76,30,28,0,0,0,0,2,0,46,3,0,13,30,0
111,1,公立,一般大學,0052,國立屏東大學,博士班,女,23,0,0,0,0,0,0,0,0,0,0,0,0,0,0,0
111,1,公立,一般大學,0052,國立屏東大學,博士班,男,23,1,0,0,0,0,0,0,0,0,1,0,0,0,1,0
111,1,公立,一般大學,0052,國立屏東大學,碩士在職專班,女,486,23,6,2,0,0,0,0,4,0,17,1,0,4,12,0
111,2,公立,一般大學,0052,國立屏東大學,學士班(日間),男,2886,27,5,5,0,0,0,0,0,0,22,2,0,13,7,0
111,2,公立,一般大學,0052,國立屏東大學,博士班,男,23,0,0,0,0,0,0,0,0,0,0,0,0,0,0,0
111,2,公立,一般大學,0052,國立屏東大學,碩士班(日間),女,563,24,4,2,1,0,0,0,0,1,20,5,0,7,8,0
111,2,公立,一般大學,0052,國立屏東大學,碩士在職專班,女,486,12,0,0,0,0,0,0,0,0,12,0,0,7,5,0
111,2,公立,一般大學,0052,國立屏東大學,學士班(日間),女,3652,24,12,12,0,0,0,0,0,0,12,0,0,3,9,0
111,2,公立,一般大學,0052,國立屏東大學,學士班(進修),女,376,13,6,5,0,0,0,0,0,1,7,0,0,3,4,0
111,2,公立,一般大學,0052,國立屏東大學,學士班(進修),男,339,11,4,3,0,0,0,0,1,0,7,1,0,3,3,0
111,2,公立,一般大學,0052,國立屏東大學,博士班,女,23,0,0,0,0,0,0,0,0,0,0,0,0,0,0,0
111,2,公立,一般大學,0052,國立屏東大學,碩士班(日間),男,349,24,1,1,0,0,0,0,0,0,23,5,0,6,12,0
111,2,公立,一般大學,0052,國立屏東大學,碩士在職專班,男,225,14,2,1,0,0,0,1,0,0,12,0,0,7,5,0
111,1,公立,技專校院,0053,國立高雄科技大學,學士班(日間),男,11105,186,108,101,0,0,1,2,4,0,78,12,0,7,59,0
111,1,公立,技專校院,0053,國立高雄科技大學,五專,女,164,1,1,1,0,0,0,0,0,0,0,0,0,0,0,0
111,1,公立,技專校院,0053,國立高雄科技大學,博士班,男,444,22,7,2,0,0,0,2,3,0,15,0,0,6,9,0
111,1,公立,技專校院,0053,國立高雄科技大學,碩士班(日間),女,865,68,28,20,0,1,0,1,6,0,40,1,0,18,21,0
111,1,公立,技專校院,0053,國立高雄科技大學,碩士在職專班,女,749,37,10,6,0,0,0,1,3,0,27,0,0,16,11,0
111,1,公立,技專校院,0053,國立高雄科技大學,學士班(日間),女,6794,102,66,62,0,0,0,1,3,0,36,4,0,4,28,0
111,1,公立,技專校院,0053,國立高雄科技大學,學士班(進修),女,1259,58,37,29,1,0,0,1,6,0,21,0,0,9,12,0
111,1,公立,技專校院,0053,國立高雄科技大學,學士班(進修),男,2597,141,68,50,0,0,1,3,14,0,73,0,0,34,39,0
111,1,公立,技專校院,0053,國立高雄科技大學,五專,男,703,10,5,5,0,0,0,0,0,0,5,2,0,0,3,0
111,1,公立,技專校院,0053,國立高雄科技大學,博士班,女,154,4,4,2,0,0,0,0,2,0,0,0,0,0,0,0
111,1,公立,技專校院,0053,國立高雄科技大學,碩士班(日間),男,1753,86,23,15,0,0,2,2,4,0,63,2,0,30,31,0
111,1,公立,技專校院,0053,國立高雄科技大學,碩士在職專班,男,1261,101,25,9,0,0,1,1,14,0,76,0,0,49,27,0
111,2,公立,技專校院,0053,國立高雄科技大學,學士班(日間),女,6794,59,23,23,0,0,0,0,0,0,36,14,0,7,15,0
111,2,公立,技專校院,0053,國立高雄科技大學,學士班(進修),女,1259,28,11,6,0,0,0,0,5,0,17,2,0,7,8,0
111,2,公立,技專校院,0053,國立高雄科技大學,五專,女,164,1,0,0,0,0,0,0,0,0,1,0,0,0,1,0
111,2,公立,技專校院,0053,國立高雄科技大學,五專,男,703,7,4,4,0,0,0,0,0,0,3,2,0,0,1,0
111,2,公立,技專校院,0053,國立高雄科技大學,博士班,女,154,9,2,1,0,0,0,1,0,0,7,1,0,5,1,0
111,2,公立,技專校院,0053,國立高雄科技大學,碩士班(日間),男,1753,49,17,8,0,0,0,4,5,0,32,7,0,12,13,0
111,2,公立,技專校院,0053,國立高雄科技大學,碩士在職專班,男,1261,65,15,3,0,0,1,1,10,0,50,15,0,24,11,0
111,2,公立,技專校院,0053,國立高雄科技大學,學士班(日間),男,11105,154,47,39,0,0,0,4,4,0,107,57,0,10,40,0
111,2,公立,技專校院,0053,國立高雄科技大學,學士班(進修),男,2597,92,29,21,0,0,0,1,7,0,63,6,0,27,30,0
111,2,公立,技專校院,0053,國立高雄科技大學,博士班,男,444,29,6,2,0,0,0,0,4,0,23,5,0,13,5,0
111,2,公立,技專校院,0053,國立高雄科技大學,碩士班(日間),女,865,28,11,4,0,1,0,1,5,0,17,3,0,9,5,0
111,2,公立,技專校院,0053,國立高雄科技大學,碩士在職專班,女,749,31,8,1,0,0,0,0,7,0,23,8,0,8,7,0
111,1,公立,技專校院,0144,國立臺灣戲曲學院,學士班(日間),女,322,12,7,7,0,0,0,0,0,0,5,0,0,5,0,0
111,1,公立,技專校院,0144,國立臺灣戲曲學院,學士班(日間),男,194,8,4,3,0,0,1,0,0,0,4,0,0,4,0,0
111,2,公立,技專校院,0144,國立臺灣戲曲學院,學士班(日間),男,194,6,4,2,0,0,0,0,2,0,2,0,0,1,1,0
111,2,公立,技專校院,0144,國立臺灣戲曲學院,學士班(日間),女,322,16,3,3,0,0,0,0,0,0,13,0,0,2,11,0
111,1,公立,技專校院,0221,國立臺南護理專科學校,二專(日間),女,74,4,2,1,0,0,0,0,1,0,2,0,0,1,1,0
111,1,公立,技專校院,0221,國立臺南護理專科學校,二專(日間),男,3,1,1,1,0,0,0,0,0,0,0,0,0,0,0,0
111,1,公立,技專校院,0221,國立臺南護理專科學校,二專(進修),女,34,1,0,0,0,0,0,0,0,0,1,0,0,0,1,0
111,1,公立,技專校院,0221,國立臺南護理專科學校,二專(進修),男,9,1,0,0,0,0,0,0,0,0,1,0,0,0,1,0
111,1,公立,技專校院,0221,國立臺南護理專科學校,五專,女,1681,11,9,9,0,0,0,0,0,0,2,0,0,0,2,0
111,1,公立,技專校院,0221,國立臺南護理專科學校,五專,男,184,0,0,0,0,0,0,0,0,0,0,0,0,0,0,0
111,2,公立,技專校院,0221,國立臺南護理專科學校,二專(日間),女,74,0,0,0,0,0,0,0,0,0,0,0,0,0,0,0
111,2,公立,技專校院,0221,國立臺南護理專科學校,二專(日間),男,3,0,0,0,0,0,0,0,0,0,0,0,0,0,0,0
111,2,公立,技專校院,0221,國立臺南護理專科學校,二專(進修),女,34,0,0,0,0,0,0,0,0,0,0,0,0,0,0,0
111,2,公立,技專校院,0221,國立臺南護理專科學校,二專(進修),男,9,0,0,0,0,0,0,0,0,0,0,0,0,0,0,0
111,2,公立,技專校院,0221,國立臺南護理專科學校,五專,女,1681,13,10,10,0,0,0,0,0,0,3,0,0,0,3,0
111,2,公立,技專校院,0221,國立臺南護理專科學校,五專,男,184,0,0,0,0,0,0,0,0,0,0,0,0,0,0,0
111,1,公立,技專校院,0222,國立臺東專科學校,二專(日間),女,139,19,8,8,0,0,0,0,0,0,11,1,1,1,8,0
111,1,公立,技專校院,0222,國立臺東專科學校,二專(進修),女,53,3,1,1,0,0,0,0,0,0,2,0,0,0,2,0
111,1,公立,技專校院,0222,國立臺東專科學校,二專(進修),男,43,6,1,1,0,0,0,0,0,0,5,1,0,2,2,0
111,1,公立,技專校院,0222,國立臺東專科學校,五專,女,108,25,5,5,0,0,0,0,0,0,20,1,3,1,15,0
111,1,公立,技專校院,0222,國立臺東專科學校,二專(日間),男,299,58,22,21,0,0,0,1,0,0,36,8,1,9,18,0
111,1,公立,技專校院,0222,國立臺東專科學校,五專,男,113,13,1,1,0,0,0,0,0,0,12,0,0,4,8,0
111,2,公立,技專校院,0222,國立臺東專科學校,二專(進修),女,53,2,1,0,0,0,0,0,1,0,1,0,0,1,0,0
111,2,公立,技專校院,0222,國立臺東專科學校,二專(日間),女,139,9,6,5,0,0,0,0,1,0,3,0,1,1,1,0
111,2,公立,技專校院,0222,國立臺東專科學校,二專(日間),男,299,9,1,1,0,0,0,0,0,0,8,1,0,2,5,0
111,2,公立,技專校院,0222,國立臺東專科學校,二專(進修),男,43,3,0,0,0,0,0,0,0,0,3,0,0,1,2,0
111,2,公立,技專校院,0222,國立臺東專科學校,五專,女,108,5,2,2,0,0,0,0,0,0,3,0,0,1,2,0
111,2,公立,技專校院,0222,國立臺東專科學校,五專,男,113,3,0,0,0,0,0,0,0,0,3,2,1,0,0,0
111,1,私立,一般大學,1001,東海大學,學士班(進修),女,159,13,7,2,0,0,1,0,3,1,6,0,0,0,6,0
111,1,私立,一般大學,1001,東海大學,博士班,女,90,3,2,0,0,0,1,1,0,0,1,0,0,0,1,0
111,1,私立,一般大學,1001,東海大學,博士班,男,150,2,1,0,0,0,0,0,1,0,1,0,0,0,1,0
111,1,私立,一般大學,1001,東海大學,碩士班(日間),男,656,37,17,1,0,0,0,2,11,3,20,2,0,0,18,0
111,1,私立,一般大學,1001,東海大學,學士班(日間),女,6950,166,118,114,0,0,2,0,2,0,48,1,0,0,47,0
111,1,私立,一般大學,1001,東海大學,學士班(日間),男,5657,177,106,98,0,0,0,1,6,1,71,0,0,0,71,0
111,1,私立,一般大學,1001,東海大學,學士班(進修),男,149,12,7,3,0,0,0,0,4,0,5,1,0,0,4,0
111,1,私立,一般大學,1001,東海大學,碩士班(日間),女,712,31,11,3,0,0,2,1,4,1,20,0,0,0,20,0
111,1,私立,一般大學,1001,東海大學,碩士在職專班,女,387,22,6,3,0,0,2,0,1,0,16,0,0,0,16,0
111,1,私立,一般大學,1001,東海大學,碩士在職專班,男,373,16,5,1,0,0,0,0,4,0,11,0,0,0,11,0
111,2,私立,一般大學,1001,東海大學,學士班(日間),女,6950,78,51,46,0,0,1,1,1,2,27,4,0,0,23,0
111,2,私立,一般大學,1001,東海大學,學士班(日間),男,5657,87,52,46,0,0,1,0,4,1,35,4,0,0,31,0
111,2,私立,一般大學,1001,東海大學,學士班(進修),男,149,8,0,0,0,0,0,0,0,0,8,3,0,0,5,0
111,2,私立,一般大學,1001,東海大學,博士班,女,90,4,1,0,0,0,0,0,1,0,3,2,0,0,1,0
111,2,私立,一般大學,1001,東海大學,碩士在職專班,男,373,17,3,0,0,0,0,0,3,0,14,5,0,0,9,0
111,2,私立,一般大學,1001,東海大學,學士班(進修),女,159,4,1,1,0,0,0,0,0,0,3,0,0,0,3,0
111,2,私立,一般大學,1001,東海大學,博士班,男,150,8,2,0,0,0,2,0,0,0,6,2,0,0,4,0
111,2,私立,一般大學,1001,東海大學,碩士班(日間),女,712,33,12,6,0,0,0,0,4,2,21,8,0,1,12,0
111,2,私立,一般大學,1001,東海大學,碩士班(日間),男,656,29,10,4,0,0,0,0,6,0,19,8,0,0,11,0
111,2,私立,一般大學,1001,東海大學,碩士在職專班,女,387,12,2,0,0,0,0,0,2,0,10,4,0,0,6,0
111,1,私立,一般大學,1002,輔仁大學,學士班(日間),男,7347,237,107,104,0,0,0,1,2,0,130,3,0,43,84,0
111,1,私立,一般大學,1002,輔仁大學,學士班(進修),男,1646,114,46,41,0,0,0,0,5,0,68,0,0,35,33,0
111,1,私立,一般大學,1002,輔仁大學,博士班,女,205,11,1,0,0,0,1,0,0,0,10,2,0,4,4,0
111,1,私立,一般大學,1002,輔仁大學,博士班,男,218,10,2,1,0,0,1,0,0,0,8,2,0,2,4,0
111,1,私立,一般大學,1002,輔仁大學,碩士班(日間),女,1226,65,7,4,0,0,1,1,1,0,58,2,0,5,50,1
111,1,私立,一般大學,1002,輔仁大學,碩士在職專班,女,921,39,1,1,0,0,0,0,0,0,38,2,0,10,26,0
111,1,私立,一般大學,1002,輔仁大學,學士班(日間),女,10561,235,107,102,0,0,3,1,1,0,128,1,0,32,95,0
111,1,私立,一般大學,1002,輔仁大學,學士班(進修),女,2495,141,60,55,0,0,3,0,2,0,81,1,0,27,53,0
111,1,私立,一般大學,1002,輔仁大學,碩士班(日間),男,782,61,6,5,0,0,0,0,1,0,55,8,0,7,40,0
111,1,私立,一般大學,1002,輔仁大學,碩士在職專班,男,580,36,2,1,0,0,0,0,1,0,34,2,0,11,21,0
111,2,私立,一般大學,1002,輔仁大學,學士班(日間),女,10561,101,57,57,0,0,0,0,0,0,44,5,0,19,20,0
111,2,私立,一般大學,1002,輔仁大學,學士班(日間),男,7347,113,35,33,0,0,0,0,2,0,78,7,0,50,21,0
111,2,私立,一般大學,1002,輔仁大學,碩士班(日間),男,782,44,7,4,0,0,0,0,2,1,37,13,0,10,14,0
111,2,私立,一般大學,1002,輔仁大學,學士班(進修),女,2495,104,28,24,0,0,0,0,3,1,76,6,0,43,27,0
111,2,私立,一般大學,1002,輔仁大學,學士班(進修),男,1646,103,24,21,0,0,0,0,2,1,79,8,0,47,24,0
111,2,私立,一般大學,1002,輔仁大學,博士班,女,205,11,1,1,0,0,0,0,0,0,10,4,0,2,4,0
111,2,私立,一般大學,1002,輔仁大學,博士班,男,218,7,0,0,0,0,0,0,0,0,7,4,0,0,3,0
111,2,私立,一般大學,1002,輔仁大學,碩士班(日間),女,1226,42,7,6,0,0,0,0,1,0,35,14,0,4,17,0
111,2,私立,一般大學,1002,輔仁大學,碩士在職專班,女,921,24,0,0,0,0,0,0,0,0,24,5,0,7,12,0
111,2,私立,一般大學,1002,輔仁大學,碩士在職專班,男,580,28,0,0,0,0,0,0,0,0,28,3,0,12,13,0
111,1,私立,一般大學,1003,東吳大學,學士班(日間),男,4634,127,57,56,0,0,0,0,0,1,70,1,0,18,51,0
111,1,私立,一般大學,1003,東吳大學,學士班(進修),女,476,37,13,10,0,0,1,0,1,1,24,0,0,4,20,0
111,1,私立,一般大學,1003,東吳大學,學士班(進修),男,296,32,10,9,0,0,0,0,0,1,22,1,0,3,18,0
111,1,私立,一般大學,1003,東吳大學,博士班,男,73,3,1,1,0,0,0,0,0,0,2,0,0,0,2,0
111,1,私立,一般大學,1003,東吳大學,碩士班(日間),女,736,38,4,3,0,0,0,0,0,1,34,4,0,3,27,0
111,1,私立,一般大學,1003,東吳大學,碩士在職專班,女,691,33,1,0,0,0,0,0,0,1,32,6,0,4,22,0
111,1,私立,一般大學,1003,東吳大學,學士班(日間),女,7138,136,61,61,0,0,0,0,0,0,75,0,0,17,58,0
111,1,私立,一般大學,1003,東吳大學,博士班,女,54,0,0,0,0,0,0,0,0,0,0,0,0,0,0,0
111,1,私立,一般大學,1003,東吳大學,碩士班(日間),男,599,29,3,2,0,0,0,0,0,1,26,3,0,3,20,0
111,1,私立,一般大學,1003,東吳大學,碩士在職專班,男,590,20,0,0,0,0,0,0,0,0,20,3,0,2,15,0
111,2,私立,一般大學,1003,東吳大學,學士班(日間),女,7138,45,26,24,0,0,1,0,1,0,19,2,0,10,7,0
111,2,私立,一般大學,1003,東吳大學,博士班,女,54,1,0,0,0,0,0,0,0,0,1,1,0,0,0,0
111,2,私立,一般大學,1003,東吳大學,碩士班(日間),男,599,32,3,3,0,0,0,0,0,0,29,9,0,5,15,0
111,2,私立,一般大學,1003,東吳大學,碩士在職專班,男,590,40,2,1,0,0,0,0,1,0,38,17,0,8,13,0
111,2,私立,一般大學,1003,東吳大學,學士班(日間),男,4634,58,19,18,0,0,0,0,1,0,39,6,0,15,18,0
111,2,私立,一般大學,1003,東吳大學,學士班(進修),女,476,20,6,5,0,0,1,0,0,0,14,0,0,7,7,0
111,2,私立,一般大學,1003,東吳大學,學士班(進修),男,296,9,0,0,0,0,0,0,0,0,9,2,0,1,6,0
111,2,私立,一般大學,1003,東吳大學,博士班,男,73,3,1,1,0,0,0,0,0,0,2,2,0,0,0,0
111,2,私立,一般大學,1003,東吳大學,碩士班(日間),女,736,25,3,2,0,0,0,1,0,0,22,8,0,3,11,0
111,2,私立,一般大學,1003,東吳大學,碩士在職專班,女,691,20,2,2,0,0,0,0,0,0,18,7,0,6,5,0
111,1,私立,一般大學,1004,中原大學,博士班,女,112,6,1,0,0,0,0,0,1,0,5,0,0,1,4,0
111,1,私立,一般大學,1004,中原大學,博士班,男,243,11,1,0,0,0,0,1,0,0,10,1,0,2,7,0
111,1,私立,一般大學,1004,中原大學,碩士班(日間),女,694,26,12,4,1,0,2,1,4,0,14,1,0,1,12,0
111,1,私立,一般大學,1004,中原大學,碩士班(日間),男,902,33,2,1,0,0,1,0,0,0,31,1,0,5,25,0
111,1,私立,一般大學,1004,中原大學,碩士在職專班,女,382,25,5,1,0,0,2,0,2,0,20,1,0,4,15,0
111,1,私立,一般大學,1004,中原大學,碩士在職專班,男,545,23,2,0,0,1,0,0,1,0,21,0,0,3,18,0
111,1,私立,一般大學,1004,中原大學,學士班(日間),女,6575,116,52,49,0,0,0,2,1,0,64,0,0,10,54,0
111,1,私立,一般大學,1004,中原大學,學士班(日間),男,7176,183,75,67,0,0,0,3,5,0,108,1,0,31,76,0
111,2,私立,一般大學,1004,中原大學,學士班(日間),男,7176,117,36,34,0,0,0,0,2,0,81,14,0,21,46,0
111,2,私立,一般大學,1004,中原大學,學士班(日間),女,6575,87,47,40,0,0,2,2,3,0,40,6,0,9,25,0
111,2,私立,一般大學,1004,中原大學,博士班,男,243,17,0,0,0,0,0,0,0,0,17,6,0,3,8,0
111,2,私立,一般大學,1004,中原大學,碩士班(日間),男,902,38,8,5,0,0,0,1,2,0,30,3,0,3,24,0
111,2,私立,一般大學,1004,中原大學,碩士在職專班,男,545,34,2,0,0,0,0,0,2,0,32,11,0,3,18,0
111,2,私立,一般大學,1004,中原大學,博士班,女,112,5,0,0,0,0,0,0,0,0,5,1,0,1,3,0
111,2,私立,一般大學,1004,中原大學,碩士班(日間),女,694,25,3,1,0,0,0,0,2,0,22,4,0,3,15,0
111,2,私立,一般大學,1004,中原大學,碩士在職專班,女,382,10,4,0,0,0,0,0,4,0,6,0,0,2,4,0
111,1,私立,一般大學,1005,淡江大學學校財團法人淡江大學,學士班(日間),女,9301,230,134,131,0,0,0,2,0,1,96,8,0,0,88,0
111,1,私立,一般大學,1005,淡江大學學校財團法人淡江大學,學士班(進修),女,410,36,24,24,0,0,0,0,0,0,12,0,0,0,12,0
111,1,私立,一般大學,1005,淡江大學學校財團法人淡江大學,學士班(進修),男,592,45,23,23,0,0,0,0,0,0,22,2,0,0,20,0
111,1,私立,一般大學,1005,淡江大學學校財團法人淡江大學,博士班,男,242,17,3,0,0,0,0,0,2,1,14,6,0,0,8,0
111,1,私立,一般大學,1005,淡江大學學校財團法人淡江大學,碩士班(日間),男,827,50,4,4,0,0,0,0,0,0,46,8,0,0,38,0
111,1,私立,一般大學,1005,淡江大學學校財團法人淡江大學,碩士在職專班,男,330,27,2,2,0,0,0,0,0,0,25,3,0,0,22,0
111,1,私立,一般大學,1005,淡江大學學校財團法人淡江大學,學士班(日間),男,10498,316,183,180,0,0,1,0,0,2,133,24,0,0,109,0
111,1,私立,一般大學,1005,淡江大學學校財團法人淡江大學,博士班,女,124,13,1,1,0,0,0,0,0,0,12,3,0,0,9,0
111,1,私立,一般大學,1005,淡江大學學校財團法人淡江大學,碩士班(日間),女,664,28,1,1,0,0,0,0,0,0,27,3,0,0,24,0
111,1,私立,一般大學,1005,淡江大學學校財團法人淡江大學,碩士在職專班,女,340,19,1,1,0,0,0,0,0,0,18,4,0,0,14,0
111,2,私立,一般大學,1005,淡江大學學校財團法人淡江大學,學士班(日間),女,9301,98,68,67,0,0,0,0,0,1,30,0,0,0,30,0
111,2,私立,一般大學,1005,淡江大學學校財團法人淡江大學,學士班(日間),男,10498,177,94,87,0,0,1,2,0,4,83,6,0,0,77,0
111,2,私立,一般大學,1005,淡江大學學校財團法人淡江大學,學士班(進修),男,592,28,9,8,0,0,0,0,0,1,19,1,0,0,18,0
111,2,私立,一般大學,1005,淡江大學學校財團法人淡江大學,學士班(進修),女,410,23,8,8,0,0,0,0,0,0,15,0,0,0,15,0
111,2,私立,一般大學,1005,淡江大學學校財團法人淡江大學,博士班,女,124,7,3,2,0,0,1,0,0,0,4,0,0,0,4,0
111,2,私立,一般大學,1005,淡江大學學校財團法人淡江大學,碩士班(日間),女,664,26,4,2,0,0,0,0,2,0,22,0,0,0,22,0
111,2,私立,一般大學,1005,淡江大學學校財團法人淡江大學,碩士班(日間),男,827,35,7,5,0,0,1,0,0,1,28,0,0,0,28,0
111,2,私立,一般大學,1005,淡江大學學校財團法人淡江大學,碩士在職專班,女,340,14,2,1,0,0,0,0,1,0,12,0,0,0,12,0
111,2,私立,一般大學,1005,淡江大學學校財團法人淡江大學,碩士在職專班,男,330,15,1,1,0,0,0,0,0,0,14,0,0,0,14,0
111,2,私立,一般大學,1005,淡江大學學校財團法人淡江大學,博士班,男,242,17,3,0,0,0,1,0,2,0,14,3,0,0,11,0
111,1,私立,一般大學,1006,中國文化大學,學士班(日間),女,8948,392,225,207,0,0,3,4,6,5,167,4,0,55,108,0
111,1,私立,一般大學,1006,中國文化大學,學士班(進修),男,575,117,26,25,0,0,0,0,1,0,91,1,0,2,88,0
111,1,私立,一般大學,1006,中國文化大學,博士班,女,196,9,1,1,0,0,0,0,0,0,8,1,0,2,5,0
111,1,私立,一般大學,1006,中國文化大學,碩士班(日間),男,826,46,7,3,0,0,0,0,4,0,39,14,0,5,20,0
111,1,私立,一般大學,1006,中國文化大學,碩士在職專班,男,207,20,2,1,0,0,0,0,1,0,18,2,0,0,16,0
111,1,私立,一般大學,1006,中國文化大學,學士班(日間),男,9218,485,242,218,0,0,1,5,13,5,243,8,1,115,118,1
111,1,私立,一般大學,1006,中國文化大學,學士班(進修),女,907,84,23,16,0,0,0,0,5,2,61,0,0,4,57,0
111,1,私立,一般大學,1006,中國文化大學,博士班,男,312,9,1,1,0,0,0,0,0,0,8,2,0,0,6,0
111,1,私立,一般大學,1006,中國文化大學,碩士班(日間),女,710,38,7,5,0,0,0,0,2,0,31,5,0,5,21,0
111,1,私立,一般大學,1006,中國文化大學,碩士在職專班,女,366,20,4,3,0,0,0,0,1,0,16,8,0,0,8,0
111,2,私立,一般大學,1006,中國文化大學,學士班(日間),男,9218,288,123,110,0,0,1,6,5,1,165,16,0,85,64,0
111,2,私立,一般大學,1006,中國文化大學,學士班(進修),女,907,100,15,12,0,0,0,0,2,1,85,2,0,1,82,0
111,2,私立,一般大學,1006,中國文化大學,學士班(進修),男,575,82,8,5,0,0,0,2,1,0,74,3,0,1,70,0
111,2,私立,一般大學,1006,中國文化大學,博士班,男,312,20,1,0,0,0,1,0,0,0,19,18,0,1,0,0
111,2,私立,一般大學,1006,中國文化大學,碩士班(日間),女,710,37,11,7,0,0,0,0,4,0,26,20,0,0,6,0
111,2,私立,一般大學,1006,中國文化大學,碩士在職專班,女,366,24,1,1,0,0,0,0,0,0,23,15,0,0,8,0
111,2,私立,一般大學,1006,中國文化大學,學士班(日間),女,8948,252,106,94,0,1,4,2,4,1,146,32,0,62,51,1
111,2,私立,一般大學,1006,中國文化大學,博士班,女,196,5,0,0,0,0,0,0,0,0,5,5,0,0,0,0
111,2,私立,一般大學,1006,中國文化大學,碩士班(日間),男,826,52,3,2,0,0,0,1,0,0,49,34,0,4,11,0
111,2,私立,一般大學,1006,中國文化大學,碩士在職專班,男,207,17,0,0,0,0,0,0,0,0,17,13,0,0,4,0
111,1,私立,一般大學,1007,逢甲大學,學士班(日間),女,7323,134,69,66,0,1,2,0,0,0,65,1,0,59,5,0
111,1,私立,一般大學,1007,逢甲大學,博士班,女,123,5,2,1,0,0,1,0,0,0,3,0,0,1,2,0
111,1,私立,一般大學,1007,逢甲大學,碩士在職專班,男,705,35,2,0,0,0,1,0,1,0,33,2,0,27,4,0
111,1,私立,一般大學,1007,逢甲大學,學士班(日間),男,10018,266,94,89,0,0,1,0,4,0,172,2,0,161,9,0
111,1,私立,一般大學,1007,逢甲大學,學士班(進修),女,336,26,14,14,0,0,0,0,0,0,12,0,0,11,1,0
111,1,私立,一般大學,1007,逢甲大學,學士班(進修),男,499,44,16,16,0,0,0,0,0,0,28,1,0,25,2,0
111,1,私立,一般大學,1007,逢甲大學,博士班,男,292,9,1,1,0,0,0,0,0,0,8,1,0,4,3,0
111,1,私立,一般大學,1007,逢甲大學,碩士班(日間),女,588,24,7,4,0,0,2,0,1,0,17,1,0,11,5,0
111,1,私立,一般大學,1007,逢甲大學,碩士班(日間),男,1106,44,3,2,0,0,0,0,1,0,41,1,0,36,4,0
111,1,私立,一般大學,1007,逢甲大學,碩士在職專班,女,451,25,1,1,0,0,0,0,0,0,24,1,0,20,3,0
111,2,私立,一般大學,1007,逢甲大學,學士班(日間),男,10018,145,45,42,0,0,0,0,3,0,100,26,0,68,6,0
111,2,私立,一般大學,1007,逢甲大學,學士班(進修),男,499,31,3,3,0,0,0,0,0,0,28,5,0,21,2,0
111,2,私立,一般大學,1007,逢甲大學,碩士班(日間),女,588,18,4,4,0,0,0,0,0,0,14,2,0,9,3,0
111,2,私立,一般大學,1007,逢甲大學,碩士在職專班,女,451,12,2,0,0,0,1,0,1,0,10,0,0,7,3,0
111,2,私立,一般大學,1007,逢甲大學,碩士在職專班,男,705,36,1,1,0,0,0,0,0,0,35,2,0,26,7,0
111,2,私立,一般大學,1007,逢甲大學,學士班(日間),女,7323,73,36,36,0,0,0,0,0,0,37,4,0,31,2,0
111,2,私立,一般大學,1007,逢甲大學,學士班(進修),女,336,21,9,9,0,0,0,0,0,0,12,0,0,12,0,0
111,2,私立,一般大學,1007,逢甲大學,博士班,女,123,2,0,0,0,0,0,0,0,0,2,0,0,1,1,0
111,2,私立,一般大學,1007,逢甲大學,博士班,男,292,7,1,0,0,0,0,0,1,0,6,2,0,3,1,0
111,2,私立,一般大學,1007,逢甲大學,碩士班(日間),男,1106,37,1,0,0,0,0,0,1,0,36,3,0,26,7,0
111,1,私立,一般大學,1008,靜宜大學,學士班(日間),女,6560,186,117,111,1,0,2,1,2,0,69,5,0,7,57,0
111,1,私立,一般大學,1008,靜宜大學,博士班,女,30,0,0,0,0,0,0,0,0,0,0,0,0,0,0,0
111,1,私立,一般大學,1008,靜宜大學,碩士班(日間),男,248,12,3,0,0,0,0,0,3,0,9,2,0,1,6,0
111,1,私立,一般大學,1008,靜宜大學,碩士在職專班,男,129,14,2,1,0,0,0,0,1,0,12,4,0,1,7,0
111,1,私立,一般大學,1008,靜宜大學,學士班(日間),男,4082,194,114,100,0,0,4,1,9,0,80,10,0,11,59,0
111,1,私立,一般大學,1008,靜宜大學,博士班,男,29,1,1,0,0,0,0,0,1,0,0,0,0,0,0,0
111,1,私立,一般大學,1008,靜宜大學,碩士班(日間),女,423,20,2,0,0,0,0,0,2,0,18,4,0,0,14,0
111,1,私立,一般大學,1008,靜宜大學,碩士在職專班,女,205,19,2,0,0,0,1,0,1,0,17,5,0,1,11,0
111,2,私立,一般大學,1008,靜宜大學,博士班,男,29,1,1,0,0,0,0,0,1,0,0,0,0,0,0,0
111,2,私立,一般大學,1008,靜宜大學,碩士班(日間),女,423,8,2,1,0,0,0,0,1,0,6,1,0,1,4,0
111,2,私立,一般大學,1008,靜宜大學,碩士在職專班,女,205,5,1,0,0,0,0,0,1,0,4,1,0,0,3,0
111,2,私立,一般大學,1008,靜宜大學,碩士在職專班,男,129,8,0,0,0,0,0,0,0,0,8,2,0,1,5,0
111,2,私立,一般大學,1008,靜宜大學,學士班(日間),女,6560,109,68,65,0,0,1,2,0,0,41,0,0,14,27,0
111,2,私立,一般大學,1008,靜宜大學,學士班(日間),男,4082,104,44,42,0,0,0,0,2,0,60,2,0,11,47,0
111,2,私立,一般大學,1008,靜宜大學,博士班,女,30,1,0,0,0,0,0,0,0,0,1,0,0,0,1,0
111,2,私立,一般大學,1008,靜宜大學,碩士班(日間),男,248,10,1,1,0,0,0,0,0,0,9,1,0,4,4,0
111,1,私立,一般大學,1009,長庚大學,學士班(日間),女,2701,61,47,46,0,0,0,1,0,0,14,1,0,0,13,0
111,1,私立,一般大學,1009,長庚大學,博士班,女,154,2,2,1,0,0,0,0,0,1,0,0,0,0,0,0
111,1,私立,一般大學,1009,長庚大學,博士班,男,270,13,5,3,0,0,1,0,1,0,8,0,0,1,7,0
111,1,私立,一般大學,1009,長庚大學,碩士班(日間),男,534,26,7,3,0,0,0,0,4,0,19,0,0,7,12,0
111,1,私立,一般大學,1009,長庚大學,碩士在職專班,女,88,4,1,0,0,0,1,0,0,0,3,0,0,1,2,0
111,1,私立,一般大學,1009,長庚大學,碩士在職專班,男,95,11,2,1,0,0,0,0,0,1,9,0,0,2,7,0
111,1,私立,一般大學,1009,長庚大學,學士班(日間),男,2535,69,48,46,0,0,0,0,1,1,21,3,0,4,14,0
111,1,私立,一般大學,1009,長庚大學,碩士班(日間),女,610,25,7,3,0,0,2,0,2,0,18,2,0,2,14,0
111,2,私立,一般大學,1009,長庚大學,學士班(日間),男,2535,39,22,21,0,0,0,0,1,0,17,14,0,0,3,0
111,2,私立,一般大學,1009,長庚大學,博士班,女,154,3,2,0,0,0,0,1,1,0,1,0,0,1,0,0
111,2,私立,一般大學,1009,長庚大學,碩士班(日間),女,610,27,11,4,0,0,1,0,2,4,16,2,0,6,8,0
111,2,私立,一般大學,1009,長庚大學,學士班(日間),女,2701,39,35,33,0,0,1,0,1,0,4,2,0,2,0,0
111,2,私立,一般大學,1009,長庚大學,博士班,男,270,9,2,0,0,0,1,1,0,0,7,4,0,0,3,0
111,2,私立,一般大學,1009,長庚大學,碩士班(日間),男,534,18,7,3,0,0,0,0,0,4,11,3,0,2,6,0
111,2,私立,一般大學,1009,長庚大學,碩士在職專班,女,88,0,0,0,0,0,0,0,0,0,0,0,0,0,0,0
111,2,私立,一般大學,1009,長庚大學,碩士在職專班,男,95,9,1,0,0,0,0,0,1,0,8,2,0,3,3,0
111,1,私立,一般大學,1010,元智大學,學士班(日間),女,3082,63,39,36,0,0,1,0,1,1,24,0,0,2,22,0
111,1,私立,一般大學,1010,元智大學,博士班,女,71,4,1,1,0,0,0,0,0,0,3,0,0,2,1,0
111,1,私立,一般大學,1010,元智大學,碩士班(日間),女,341,18,4,4,0,0,0,0,0,0,14,0,0,6,8,0
111,1,私立,一般大學,1010,元智大學,碩士班(日間),男,488,23,6,6,0,0,0,0,0,0,17,1,0,4,12,0
111,1,私立,一般大學,1010,元智大學,碩士在職專班,女,226,9,1,1,0,0,0,0,0,0,8,0,0,2,6,0
111,1,私立,一般大學,1010,元智大學,碩士在職專班,男,346,28,1,0,0,0,0,0,1,0,27,2,0,9,16,0
111,1,私立,一般大學,1010,元智大學,學士班(日間),男,3928,84,42,40,0,0,0,0,1,1,42,5,0,8,29,0
111,1,私立,一般大學,1010,元智大學,博士班,男,162,14,2,2,0,0,0,0,0,0,12,0,0,7,5,0
111,2,私立,一般大學,1010,元智大學,學士班(日間),男,3928,53,20,16,0,0,0,0,1,3,33,14,0,5,14,0
111,2,私立,一般大學,1010,元智大學,博士班,女,71,1,0,0,0,0,0,0,0,0,1,0,0,0,1,0
111,2,私立,一般大學,1010,元智大學,博士班,男,162,12,4,2,0,0,0,0,2,0,8,2,0,1,5,0
111,2,私立,一般大學,1010,元智大學,碩士班(日間),女,341,7,2,0,0,0,0,0,1,1,5,2,0,3,0,0
111,2,私立,一般大學,1010,元智大學,碩士在職專班,女,226,7,3,2,0,0,0,0,0,1,4,1,0,1,2,0
111,2,私立,一般大學,1010,元智大學,學士班(日間),女,3082,49,28,26,0,0,2,0,0,0,21,8,0,3,10,0
111,2,私立,一般大學,1010,元智大學,碩士班(日間),男,488,23,3,3,0,0,0,0,0,0,20,8,0,2,10,0
111,2,私立,一般大學,1010,元智大學,碩士在職專班,男,346,30,6,2,0,0,0,0,4,0,24,8,0,7,9,0
111,1,私立,一般大學,1011,中華大學學校財團法人中華大學,學士班(進修),女,141,18,13,9,1,0,2,1,0,0,5,0,0,2,3,0
111,1,私立,一般大學,1011,中華大學學校財團法人中華大學,博士班,女,17,2,0,0,0,0,0,0,0,0,2,1,0,0,1,0
111,1,私立,一般大學,1011,中華大學學校財團法人中華大學,博士班,男,48,2,0,0,0,0,0,0,0,0,2,0,0,1,1,0
111,1,私立,一般大學,1011,中華大學學校財團法人中華大學,碩士班(日間),男,176,17,5,3,0,0,0,1,1,0,12,0,0,4,8,0
111,1,私立,一般大學,1011,中華大學學校財團法人中華大學,碩士在職專班,女,46,6,1,0,0,0,0,0,0,1,5,1,0,0,4,0
111,1,私立,一般大學,1011,中華大學學校財團法人中華大學,學士班(日間),女,1133,91,67,53,0,0,3,3,8,0,24,2,0,7,15,0
111,1,私立,一般大學,1011,中華大學學校財團法人中華大學,學士班(日間),男,2436,197,134,91,0,0,2,8,23,10,63,11,0,17,35,0
111,1,私立,一般大學,1011,中華大學學校財團法人中華大學,學士班(進修),男,264,35,26,20,0,0,0,2,3,1,9,0,0,5,4,0
111,1,私立,一般大學,1011,中華大學學校財團法人中華大學,碩士班(日間),女,112,11,3,2,0,0,0,0,1,0,8,1,0,1,6,0
111,1,私立,一般大學,1011,中華大學學校財團法人中華大學,碩士在職專班,男,88,10,4,3,0,0,0,0,1,0,6,2,0,2,2,0
111,2,私立,一般大學,1011,中華大學學校財團法人中華大學,學士班(日間),女,1133,40,31,26,0,0,1,2,2,0,9,0,0,3,6,0
111,2,私立,一般大學,1011,中華大學學校財團法人中華大學,學士班(日間),男,2436,77,37,31,0,0,1,1,4,0,40,2,0,17,21,0
111,2,私立,一般大學,1011,中華大學學校財團法人中華大學,學士班(進修),男,264,21,4,1,0,0,0,1,2,0,17,0,0,7,10,0
111,2,私立,一般大學,1011,中華大學學校財團法人中華大學,博士班,女,17,0,0,0,0,0,0,0,0,0,0,0,0,0,0,0
111,2,私立,一般大學,1011,中華大學學校財團法人中華大學,碩士在職專班,男,88,8,1,0,0,0,0,0,1,0,7,1,0,3,3,0
111,2,私立,一般大學,1011,中華大學學校財團法人中華大學,學士班(進修),女,141,13,4,2,0,0,0,0,2,0,9,0,0,2,7,0
111,2,私立,一般大學,1011,中華大學學校財團法人中華大學,博士班,男,48,3,0,0,0,0,0,0,0,0,3,0,0,1,2,0
111,2,私立,一般大學,1011,中華大學學校財團法人中華大學,碩士班(日間),女,112,6,0,0,0,0,0,0,0,0,6,0,0,0,6,0
111,2,私立,一般大學,1011,中華大學學校財團法人中華大學,碩士班(日間),男,176,17,2,0,0,0,0,1,1,0,15,1,0,4,10,0
111,2,私立,一般大學,1011,中華大學學校財團法人中華大學,碩士在職專班,女,46,2,1,0,0,0,0,0,0,1,1,0,0,0,1,0
111,1,私立,一般大學,1012,大葉大學,學士班(日間),女,2114,126,80,74,0,0,2,2,2,0,46,0,0,9,37,0
111,1,私立,一般大學,1012,大葉大學,學士班(日間),男,2603,185,82,75,0,0,1,1,5,0,103,1,0,28,74,0
111,1,私立,一般大學,1012,大葉大學,博士班,女,35,2,0,0,0,0,0,0,0,0,2,1,0,0,1,0
111,1,私立,一般大學,1012,大葉大學,碩士在職專班,男,91,12,0,0,0,0,0,0,0,0,12,0,0,2,10,0
111,1,私立,一般大學,1012,大葉大學,學士班(進修),女,137,13,5,4,0,0,0,1,0,0,8,0,0,4,4,0
111,1,私立,一般大學,1012,大葉大學,學士班(進修),男,151,19,3,2,0,0,0,0,1,0,16,0,0,6,10,0
111,1,私立,一般大學,1012,大葉大學,博士班,男,69,6,2,2,0,0,0,0,0,0,4,0,0,0,4,0
111,1,私立,一般大學,1012,大葉大學,碩士班(日間),女,176,15,1,0,0,0,0,0,1,0,14,1,0,3,10,0
111,1,私立,一般大學,1012,大葉大學,碩士班(日間),男,221,22,1,0,0,0,0,1,0,0,21,0,0,4,17,0
111,1,私立,一般大學,1012,大葉大學,碩士在職專班,女,97,10,0,0,0,0,0,0,0,0,10,1,0,0,9,0
111,2,私立,一般大學,1012,大葉大學,學士班(日間),男,2603,103,50,47,0,0,1,0,2,0,53,7,0,16,30,0
111,2,私立,一般大學,1012,大葉大學,學士班(進修),女,137,7,1,0,0,0,0,0,1,0,6,0,0,3,3,0
111,2,私立,一般大學,1012,大葉大學,學士班(進修),男,151,7,2,1,0,0,0,0,1,0,5,0,0,2,3,0
111,2,私立,一般大學,1012,大葉大學,博士班,男,69,3,2,1,0,0,0,0,1,0,1,0,0,1,0,0
111,2,私立,一般大學,1012,大葉大學,碩士班(日間),女,176,8,2,2,0,0,0,0,0,0,6,0,0,2,4,0
111,2,私立,一般大學,1012,大葉大學,碩士班(日間),男,221,24,3,3,0,0,0,0,0,0,21,2,0,5,14,0
111,2,私立,一般大學,1012,大葉大學,碩士在職專班,女,97,4,1,0,0,1,0,0,0,0,3,0,0,0,3,0
111,2,私立,一般大學,1012,大葉大學,碩士在職專班,男,91,2,0,0,0,0,0,0,0,0,2,0,0,0,2,0
111,2,私立,一般大學,1012,大葉大學,學士班(日間),女,2114,70,47,43,0,0,2,2,0,0,23,1,0,8,14,0
111,2,私立,一般大學,1012,大葉大學,博士班,女,35,3,2,1,0,0,0,1,0,0,1,0,0,1,0,0
111,1,私立,一般大學,1013,華梵學校財團法人華梵大學,博士班,男,30,2,1,1,0,0,0,0,0,0,1,0,0,0,1,0
111,1,私立,一般大學,1013,華梵學校財團法人華梵大學,碩士班(日間),女,105,2,1,0,0,0,0,0,0,1,1,0,0,0,1,0
111,1,私立,一般大學,1013,華梵學校財團法人華梵大學,碩士班(日間),男,76,7,1,1,0,0,0,0,0,0,6,0,0,1,5,0
111,1,私立,一般大學,1013,華梵學校財團法人華梵大學,碩士在職專班,女,113,9,1,0,0,0,0,0,0,1,8,0,0,1,7,0
111,1,私立,一般大學,1013,華梵學校財團法人華梵大學,學士班(日間),女,286,30,13,11,0,0,0,0,0,2,17,0,0,6,11,0
111,1,私立,一般大學,1013,華梵學校財團法人華梵大學,學士班(日間),男,276,33,10,9,0,0,0,0,0,1,23,1,0,10,12,0
111,1,私立,一般大學,1013,華梵學校財團法人華梵大學,博士班,女,34,0,0,0,0,0,0,0,0,0,0,0,0,0,0,0
111,1,私立,一般大學,1013,華梵學校財團法人華梵大學,碩士在職專班,男,71,10,1,1,0,0,0,0,0,0,9,0,0,4,5,0
111,2,私立,一般大學,1013,華梵學校財團法人華梵大學,學士班(日間),女,286,18,9,5,0,0,0,1,0,3,9,0,0,3,6,0
111,2,私立,一般大學,1013,華梵學校財團法人華梵大學,博士班,女,34,0,0,0,0,0,0,0,0,0,0,0,0,0,0,0
111,2,私立,一般大學,1013,華梵學校財團法人華梵大學,學士班(日間),男,276,16,9,8,0,0,0,0,0,1,7,1,0,4,2,0
111,2,私立,一般大學,1013,華梵學校財團法人華梵大學,博士班,男,30,0,0,0,0,0,0,0,0,0,0,0,0,0,0,0
111,2,私立,一般大學,1013,華梵學校財團法人華梵大學,碩士班(日間),女,105,9,3,0,0,0,0,0,0,3,6,3,0,3,0,0
111,2,私立,一般大學,1013,華梵學校財團法人華梵大學,碩士班(日間),男,76,5,1,0,0,0,0,0,0,1,4,2,0,2,0,0
111,2,私立,一般大學,1013,華梵學校財團法人華梵大學,碩士在職專班,女,113,5,1,0,0,0,0,0,0,1,4,2,0,1,1,0
111,2,私立,一般大學,1013,華梵學校財團法人華梵大學,碩士在職專班,男,71,4,0,0,0,0,0,0,0,0,4,2,0,0,2,0
111,1,私立,一般大學,1014,義守大學,學士班(日間),男,5694,249,138,130,0,0,2,2,4,0,111,2,0,58,51,0
111,1,私立,一般大學,1014,義守大學,博士班,女,43,1,1,0,0,0,0,0,1,0,0,0,0,0,0,0
111,1,私立,一般大學,1014,義守大學,碩士班(日間),女,166,6,0,0,0,0,0,0,0,0,6,0,0,4,2,0
111,1,私立,一般大學,1014,義守大學,碩士在職專班,女,120,2,0,0,0,0,0,0,0,0,2,0,0,0,2,0
111,1,私立,一般大學,1014,義守大學,學士班(日間),女,5523,219,156,153,0,0,2,0,1,0,63,1,0,29,33,0
111,1,私立,一般大學,1014,義守大學,學士班(進修),女,321,29,16,15,0,1,0,0,0,0,13,0,0,7,6,0
111,1,私立,一般大學,1014,義守大學,學士班(進修),男,560,97,48,47,0,0,0,0,1,0,49,3,0,31,15,0
111,1,私立,一般大學,1014,義守大學,博士班,男,100,3,0,0,0,0,0,0,0,0,3,0,0,2,1,0
111,1,私立,一般大學,1014,義守大學,碩士班(日間),男,181,6,0,0,0,0,0,0,0,0,6,0,0,4,2,0
111,1,私立,一般大學,1014,義守大學,碩士在職專班,男,233,9,0,0,0,0,0,0,0,0,9,0,0,5,4,0
111,2,私立,一般大學,1014,義守大學,學士班(日間),女,5523,115,60,54,0,0,0,3,3,0,55,8,0,32,15,0
111,2,私立,一般大學,1014,義守大學,學士班(日間),男,5694,127,51,49,0,0,0,0,2,0,76,18,0,32,26,0
111,2,私立,一般大學,1014,義守大學,學士班(進修),男,560,55,2,1,0,0,0,0,1,0,53,3,0,40,10,0
111,2,私立,一般大學,1014,義守大學,博士班,男,100,10,0,0,0,0,0,0,0,0,10,3,0,1,6,0
111,2,私立,一般大學,1014,義守大學,碩士班(日間),男,181,10,1,1,0,0,0,0,0,0,9,1,0,6,2,0
111,2,私立,一般大學,1014,義守大學,學士班(進修),女,321,29,2,2,0,0,0,0,0,0,27,2,0,16,9,0
111,2,私立,一般大學,1014,義守大學,博士班,女,43,1,0,0,0,0,0,0,0,0,1,0,0,0,1,0
111,2,私立,一般大學,1014,義守大學,碩士班(日間),女,166,4,2,1,0,0,0,0,1,0,2,0,0,0,2,0
111,2,私立,一般大學,1014,義守大學,碩士在職專班,女,120,7,1,0,0,0,0,0,1,0,6,2,0,2,2,0
111,2,私立,一般大學,1014,義守大學,碩士在職專班,男,233,16,0,0,0,0,0,0,0,0,16,1,0,11,4,0
111,1,私立,一般大學,1015,世新大學,學士班(日間),女,5809,120,68,63,0,1,2,0,2,0,52,7,0,3,42,0
111,1,私立,一般大學,1015,世新大學,學士班(日間),男,3210,123,51,46,0,0,1,1,3,0,72,18,0,9,45,0
111,1,私立,一般大學,1015,世新大學,學士班(進修),男,241,18,6,6,0,0,0,0,0,0,12,2,0,4,6,0
111,1,私立,一般大學,1015,世新大學,博士班,男,47,1,0,0,0,0,0,0,0,0,1,0,0,0,1,0
111,1,私立,一般大學,1015,世新大學,學士班(進修),女,455,13,6,6,0,0,0,0,0,0,7,1,0,1,5,0
111,1,私立,一般大學,1015,世新大學,博士班,女,35,1,0,0,0,0,0,0,0,0,1,0,0,0,1,0
111,1,私立,一般大學,1015,世新大學,碩士班(日間),女,285,29,4,2,0,0,1,1,0,0,25,3,0,2,20,0
111,1,私立,一般大學,1015,世新大學,碩士班(日間),男,258,25,2,2,0,0,0,0,0,0,23,1,0,3,19,0
111,1,私立,一般大學,1015,世新大學,碩士在職專班,女,277,17,0,0,0,0,0,0,0,0,17,2,0,3,12,0
111,1,私立,一般大學,1015,世新大學,碩士在職專班,男,282,19,1,0,0,0,0,0,1,0,18,3,0,2,13,0
111,2,私立,一般大學,1015,世新大學,學士班(日間),女,5809,88,35,35,0,0,0,0,0,0,53,29,0,4,20,0
111,2,私立,一般大學,1015,世新大學,學士班(進修),女,455,46,13,13,0,0,0,0,0,0,33,2,0,2,29,0
111,2,私立,一般大學,1015,世新大學,博士班,女,35,2,2,0,0,0,0,0,2,0,0,0,0,0,0,0
111,2,私立,一般大學,1015,世新大學,博士班,男,47,1,0,0,0,0,0,0,0,0,1,0,0,1,0,0
111,2,私立,一般大學,1015,世新大學,碩士班(日間),女,285,15,0,0,0,0,0,0,0,0,15,6,0,1,8,0
111,2,私立,一般大學,1015,世新大學,碩士班(日間),男,258,22,0,0,0,0,0,0,0,0,22,8,0,3,11,0
111,2,私立,一般大學,1015,世新大學,碩士在職專班,女,277,21,0,0,0,0,0,0,0,0,21,8,0,3,10,0
111,2,私立,一般大學,1015,世新大學,碩士在職專班,男,282,37,3,1,0,0,1,0,1,0,34,19,0,4,11,0
111,2,私立,一般大學,1015,世新大學,學士班(日間),男,3210,93,19,17,0,0,1,0,1,0,74,44,0,5,25,0
111,2,私立,一般大學,1015,世新大學,學士班(進修),男,241,29,4,4,0,0,0,0,0,0,25,5,0,10,10,0
111,1,私立,一般大學,1016,銘傳大學,學士班(日間),女,10027,277,162,145,0,0,7,1,8,1,115,13,0,24,78,0
111,1,私立,一般大學,1016,銘傳大學,博士班,女,35,3,0,0,0,0,0,0,0,0,3,1,0,0,2,0
111,1,私立,一般大學,1016,銘傳大學,博士班,男,32,1,1,0,0,0,0,0,1,0,0,0,0,0,0,0
111,1,私立,一般大學,1016,銘傳大學,碩士班(日間),男,299,35,8,2,0,0,0,0,6,0,27,12,0,2,13,0
111,1,私立,一般大學,1016,銘傳大學,碩士在職專班,男,317,28,2,0,0,0,0,0,2,0,26,9,0,5,12,0
111,1,私立,一般大學,1016,銘傳大學,學士班(日間),男,6628,221,119,104,0,0,4,0,10,1,102,16,0,24,62,0
111,1,私立,一般大學,1016,銘傳大學,碩士班(日間),女,490,34,6,2,0,0,0,0,4,0,28,6,0,2,20,0
111,1,私立,一般大學,1016,銘傳大學,碩士在職專班,女,428,24,2,0,0,1,0,0,1,0,22,5,0,5,11,1
111,2,私立,一般大學,1016,銘傳大學,學士班(日間),男,6628,178,66,59,0,0,0,0,6,1,112,32,0,20,60,0
111,2,私立,一般大學,1016,銘傳大學,博士班,女,35,2,0,0,0,0,0,0,0,0,2,0,0,0,2,0
111,2,私立,一般大學,1016,銘傳大學,碩士班(日間),女,490,7,2,0,0,0,0,0,2,0,5,0,0,3,2,0
111,2,私立,一般大學,1016,銘傳大學,碩士在職專班,女,428,10,1,1,0,0,0,0,0,0,9,1,0,3,5,0
111,2,私立,一般大學,1016,銘傳大學,學士班(日間),女,10027,163,85,71,0,0,1,0,9,4,78,5,0,26,47,0
111,2,私立,一般大學,1016,銘傳大學,博士班,男,32,1,1,0,0,0,0,0,1,0,0,0,0,0,0,0
111,2,私立,一般大學,1016,銘傳大學,碩士班(日間),男,299,12,2,1,0,0,0,0,1,0,10,2,0,5,3,0
111,2,私立,一般大學,1016,銘傳大學,碩士在職專班,男,317,8,0,0,0,0,0,0,0,0,8,1,0,3,4,0
111,1,私立,一般大學,1017,實踐大學,學士班(日間),男,3316,186,85,85,0,0,0,0,0,0,101,35,7,22,37,0
111,1,私立,一般大學,1017,實踐大學,學士班(進修),女,1011,81,39,38,0,0,0,0,1,0,42,6,1,16,19,0
111,1,私立,一般大學,1017,實踐大學,博士班,女,15,1,0,0,0,0,0,0,0,0,1,0,0,0,1,0
111,1,私立,一般大學,1017,實踐大學,博士班,男,12,0,0,0,0,0,0,0,0,0,0,0,0,0,0,0
111,1,私立,一般大學,1017,實踐大學,碩士在職專班,女,84,7,0,0,0,0,0,0,0,0,7,3,0,2,2,0
111,1,私立,一般大學,1017,實踐大學,學士班(日間),女,6580,313,181,176,0,0,1,2,1,1,132,37,3,31,61,0
111,1,私立,一般大學,1017,實踐大學,學士班(進修),男,473,56,17,15,0,0,0,0,2,0,39,12,0,12,15,0
111,1,私立,一般大學,1017,實踐大學,碩士班(日間),女,195,24,7,5,0,0,0,0,2,0,17,0,0,3,14,0
111,1,私立,一般大學,1017,實踐大學,碩士班(日間),男,162,18,2,2,0,0,0,0,0,0,16,3,0,3,10,0
111,1,私立,一般大學,1017,實踐大學,碩士在職專班,男,27,9,0,0,0,0,0,0,0,0,9,2,0,2,5,0
111,2,私立,一般大學,1017,實踐大學,學士班(日間),女,6580,167,70,68,0,0,0,0,1,1,97,51,4,15,27,0
111,2,私立,一般大學,1017,實踐大學,學士班(進修),男,473,26,4,3,0,0,0,0,1,0,22,12,1,5,4,0
111,2,私立,一般大學,1017,實踐大學,博士班,女,15,0,0,0,0,0,0,0,0,0,0,0,0,0,0,0
111,2,私立,一般大學,1017,實踐大學,碩士班(日間),男,162,5,1,1,0,0,0,0,0,0,4,0,0,0,4,0
111,2,私立,一般大學,1017,實踐大學,碩士在職專班,男,27,0,0,0,0,0,0,0,0,0,0,0,0,0,0,0
111,2,私立,一般大學,1017,實踐大學,學士班(日間),男,3316,121,36,34,0,0,0,0,2,0,85,47,6,7,25,0
111,2,私立,一般大學,1017,實踐大學,學士班(進修),女,1011,38,10,9,0,0,0,0,1,0,28,14,1,4,9,0
111,2,私立,一般大學,1017,實踐大學,博士班,男,12,1,0,0,0,0,0,0,0,0,1,0,0,1,0,0
111,2,私立,一般大學,1017,實踐大學,碩士班(日間),女,195,5,0,0,0,0,0,0,0,0,5,1,0,1,3,0
111,2,私立,一般大學,1017,實踐大學,碩士在職專班,女,84,2,0,0,0,0,0,0,0,0,2,0,0,0,2,0
111,1,私立,技專校院,1018,朝陽科技大學,學士班(日間),男,4927,199,137,127,0,0,0,2,6,2,62,4,0,27,31,0
111,1,私立,技專校院,1018,朝陽科技大學,博士班,女,39,1,1,1,0,0,0,0,0,0,0,0,0,0,0,0
111,1,私立,技專校院,1018,朝陽科技大學,博士班,男,73,3,2,2,0,0,0,0,0,0,1,0,0,1,0,0
111,1,私立,技專校院,1018,朝陽科技大學,碩士班(日間),女,298,26,15,6,0,0,1,0,6,2,11,2,0,0,9,0
111,1,私立,技專校院,1018,朝陽科技大學,碩士在職專班,女,152,13,6,3,0,0,0,0,3,0,7,3,0,1,3,0
111,1,私立,技專校院,1018,朝陽科技大學,學士班(日間),女,6247,214,148,137,0,0,1,4,6,0,66,2,0,27,37,0
111,1,私立,技專校院,1018,朝陽科技大學,學士班(進修),女,825,75,52,43,0,2,1,3,2,1,23,0,0,15,8,0
111,1,私立,技專校院,1018,朝陽科技大學,學士班(進修),男,815,91,37,22,0,1,1,5,7,1,54,1,0,27,26,0
111,1,私立,技專校院,1018,朝陽科技大學,碩士班(日間),男,311,21,9,4,0,0,1,1,3,0,12,4,0,1,7,0
111,1,私立,技專校院,1018,朝陽科技大學,碩士在職專班,男,124,13,2,1,0,0,0,0,1,0,11,3,0,2,6,0
111,2,私立,技專校院,1018,朝陽科技大學,學士班(日間),女,6247,96,46,36,0,0,1,1,7,1,50,2,0,28,20,0
111,2,私立,技專校院,1018,朝陽科技大學,學士班(進修),女,825,41,22,16,0,0,1,3,2,0,19,0,0,9,10,0
111,2,私立,技專校院,1018,朝陽科技大學,碩士班(日間),男,311,13,4,3,0,0,0,0,1,0,9,2,0,2,5,0
111,2,私立,技專校院,1018,朝陽科技大學,碩士在職專班,男,124,6,1,1,0,0,0,0,0,0,5,2,0,3,0,0
111,2,私立,技專校院,1018,朝陽科技大學,學士班(日間),男,4927,100,41,36,0,0,0,1,4,0,59,3,0,31,25,0
111,2,私立,技專校院,1018,朝陽科技大學,學士班(進修),男,815,60,16,10,0,0,0,1,5,0,44,0,0,26,18,0
111,2,私立,技專校院,1018,朝陽科技大學,博士班,女,39,1,1,1,0,0,0,0,0,0,0,0,0,0,0,0
111,2,私立,技專校院,1018,朝陽科技大學,博士班,男,73,3,0,0,0,0,0,0,0,0,3,2,0,0,1,0
111,2,私立,技專校院,1018,朝陽科技大學,碩士班(日間),女,298,12,2,2,0,0,0,0,0,0,10,4,0,6,0,0
111,2,私立,技專校院,1018,朝陽科技大學,碩士在職專班,女,152,7,2,1,0,1,0,0,0,0,5,2,0,1,2,0
111,1,私立,一般大學,1019,高雄醫學大學,學士班(日間),女,3032,100,59,57,0,0,0,0,2,0,41,3,0,3,35,0
111,1,私立,一般大學,1019,高雄醫學大學,碩士班(日間),男,226,11,0,0,0,0,0,0,0,0,11,1,0,1,9,0
111,1,私立,一般大學,1019,高雄醫學大學,碩士在職專班,男,89,9,0,0,0,0,0,0,0,0,9,1,0,0,8,0
111,1,私立,一般大學,1019,高雄醫學大學,學士班(日間),男,2242,77,35,35,0,0,0,0,0,0,42,5,0,1,36,0
111,1,私立,一般大學,1019,高雄醫學大學,博士班,女,162,5,0,0,0,0,0,0,0,0,5,2,0,1,2,0
111,1,私立,一般大學,1019,高雄醫學大學,博士班,男,151,8,2,1,0,0,0,0,1,0,6,1,0,1,4,0
111,1,私立,一般大學,1019,高雄醫學大學,碩士班(日間),女,475,21,8,3,1,0,0,1,3,0,13,0,0,0,13,0
111,1,私立,一般大學,1019,高雄醫學大學,碩士在職專班,女,141,13,4,1,0,1,0,1,1,0,9,1,0,0,8,0
111,2,私立,一般大學,1019,高雄醫學大學,博士班,女,162,3,0,0,0,0,0,0,0,0,3,0,0,2,1,0
111,2,私立,一般大學,1019,高雄醫學大學,博士班,男,151,2,1,1,0,0,0,0,0,0,1,0,0,0,1,0
111,2,私立,一般大學,1019,高雄醫學大學,碩士班(日間),女,475,9,4,2,0,1,0,0,0,1,5,0,0,1,4,0
111,2,私立,一般大學,1019,高雄醫學大學,碩士在職專班,女,141,6,2,0,0,0,0,0,2,0,4,0,0,1,3,0
111,2,私立,一般大學,1019,高雄醫學大學,碩士在職專班,男,89,3,1,0,0,0,0,0,1,0,2,0,0,1,1,0
111,2,私立,一般大學,1019,高雄醫學大學,學士班(日間),女,3032,33,23,22,0,0,0,1,0,0,10,2,0,0,8,0
111,2,私立,一般大學,1019,高雄醫學大學,學士班(日間),男,2242,6,4,4,0,0,0,0,0,0,2,1,0,0,1,0
111,2,私立,一般大學,1019,高雄醫學大學,碩士班(日間),男,226,6,2,2,0,0,0,0,0,0,4,1,0,0,3,0
111,1,私立,一般大學,1020,南華大學,學士班(進修),女,118,24,13,13,0,0,0,0,0,0,11,2,0,1,8,0
111,1,私立,一般大學,1020,南華大學,博士班,女,18,1,0,0,0,0,0,0,0,0,1,0,0,0,1,0
111,1,私立,一般大學,1020,南華大學,碩士班(日間),女,331,39,12,5,0,1,0,0,6,0,27,1,0,4,22,0
111,1,私立,一般大學,1020,南華大學,碩士在職專班,女,213,22,2,0,0,0,0,0,2,0,20,2,0,2,16,0
111,1,私立,一般大學,1020,南華大學,碩士在職專班,男,130,15,5,2,0,0,0,0,3,0,10,2,0,2,6,0
111,1,私立,一般大學,1020,南華大學,學士班(日間),女,2074,148,82,44,0,1,1,1,4,31,66,19,0,3,44,0
111,1,私立,一般大學,1020,南華大學,學士班(日間),男,1860,125,44,32,0,0,0,0,1,11,81,28,0,8,45,0
111,1,私立,一般大學,1020,南華大學,學士班(進修),男,180,16,5,5,0,0,0,0,0,0,11,1,0,2,8,0
111,1,私立,一般大學,1020,南華大學,博士班,男,29,2,0,0,0,0,0,0,0,0,2,1,0,1,0,0
111,1,私立,一般大學,1020,南華大學,碩士班(日間),男,183,22,4,0,0,0,1,1,2,0,18,3,0,0,15,0
111,2,私立,一般大學,1020,南華大學,學士班(日間),女,2074,43,19,19,0,0,0,0,0,0,24,9,0,2,13,0
111,2,私立,一般大學,1020,南華大學,學士班(日間),男,1860,50,17,15,0,0,2,0,0,0,33,12,1,1,19,0
111,2,私立,一般大學,1020,南華大學,學士班(進修),男,180,7,1,1,0,0,0,0,0,0,6,2,0,1,3,0
111,2,私立,一般大學,1020,南華大學,學士班(進修),女,118,5,2,0,0,0,0,0,2,0,3,1,0,1,1,0
111,2,私立,一般大學,1020,南華大學,博士班,女,18,0,0,0,0,0,0,0,0,0,0,0,0,0,0,0
111,2,私立,一般大學,1020,南華大學,博士班,男,29,4,0,0,0,0,0,0,0,0,4,0,0,1,3,0
111,2,私立,一般大學,1020,南華大學,碩士班(日間),女,331,28,7,1,0,0,0,0,6,0,21,4,0,5,12,0
111,2,私立,一般大學,1020,南華大學,碩士班(日間),男,183,23,7,3,0,0,1,0,3,0,16,4,0,2,10,0
111,2,私立,一般大學,1020,南華大學,碩士在職專班,女,213,16,3,1,0,0,0,0,2,0,13,0,0,4,9,0
111,2,私立,一般大學,1020,南華大學,碩士在職專班,男,130,10,0,0,0,0,0,0,0,0,10,0,0,3,7,0
111,1,私立,一般大學,1021,真理大學,學士班(日間),男,2155,149,76,74,0,0,0,0,2,0,73,2,0,38,33,0
111,1,私立,一般大學,1021,真理大學,學士班(進修),男,1,0,0,0,0,0,0,0,0,0,0,0,0,0,0,0
111,1,私立,一般大學,1021,真理大學,碩士在職專班,女,10,0,0,0,0,0,0,0,0,0,0,0,0,0,0,0
111,1,私立,一般大學,1021,真理大學,學士班(日間),女,2020,149,100,95,0,0,2,0,3,0,49,1,0,24,24,0
111,1,私立,一般大學,1021,真理大學,學士班(進修),女,0,0,0,0,0,0,0,0,0,0,0,0,0,0,0,0
111,1,私立,一般大學,1021,真理大學,碩士班(日間),女,60,2,1,0,0,0,0,0,1,0,1,0,0,1,0,0
111,1,私立,一般大學,1021,真理大學,碩士班(日間),男,64,3,0,0,0,0,0,0,0,0,3,0,0,1,2,0
111,1,私立,一般大學,1021,真理大學,碩士在職專班,男,4,1,0,0,0,0,0,0,0,0,1,0,0,0,1,0
111,2,私立,一般大學,1021,真理大學,學士班(日間),女,2020,68,32,32,0,0,0,0,0,0,36,2,0,14,20,0
111,2,私立,一般大學,1021,真理大學,學士班(進修),女,0,0,0,0,0,0,0,0,0,0,0,0,0,0,0,0
111,2,私立,一般大學,1021,真理大學,碩士班(日間),男,64,8,2,0,0,0,0,0,2,0,6,1,0,1,4,0
111,2,私立,一般大學,1021,真理大學,碩士在職專班,男,4,1,0,0,0,0,0,0,0,0,1,0,0,1,0,0
111,2,私立,一般大學,1021,真理大學,學士班(日間),男,2155,120,39,34,0,0,0,1,4,0,81,12,0,36,33,0
111,2,私立,一般大學,1021,真理大學,學士班(進修),男,1,0,0,0,0,0,0,0,0,0,0,0,0,0,0,0
111,2,私立,一般大學,1021,真理大學,碩士班(日間),女,60,2,0,0,0,0,0,0,0,0,2,0,0,2,0,0
111,2,私立,一般大學,1021,真理大學,碩士在職專班,女,10,0,0,0,0,0,0,0,0,0,0,0,0,0,0,0
111,1,私立,一般大學,1022,大同大學,學士班(日間),男,2102,59,22,20,0,0,0,0,2,0,37,11,0,5,21,0
111,1,私立,一般大學,1022,大同大學,博士班,男,62,5,1,0,0,0,0,0,1,0,4,0,0,1,3,0
111,1,私立,一般大學,1022,大同大學,碩士班(日間),女,83,3,0,0,0,0,0,0,0,0,3,0,0,1,2,0
111,1,私立,一般大學,1022,大同大學,碩士班(日間),男,140,3,0,0,0,0,0,0,0,0,3,0,0,0,3,0
111,1,私立,一般大學,1022,大同大學,碩士在職專班,女,35,4,0,0,0,0,0,0,0,0,4,0,0,2,2,0
111,1,私立,一般大學,1022,大同大學,學士班(日間),女,1249,43,24,22,0,0,0,1,1,0,19,7,0,3,9,0
111,1,私立,一般大學,1022,大同大學,博士班,女,33,1,0,0,0,0,0,0,0,0,1,0,0,0,1,0
111,1,私立,一般大學,1022,大同大學,碩士在職專班,男,114,12,1,1,0,0,0,0,0,0,11,0,0,2,9,0
111,2,私立,一般大學,1022,大同大學,學士班(日間),女,1249,32,22,22,0,0,0,0,0,0,10,3,0,2,5,0
111,2,私立,一般大學,1022,大同大學,博士班,女,33,2,1,0,0,0,0,0,1,0,1,0,0,1,0,0
111,2,私立,一般大學,1022,大同大學,博士班,男,62,4,0,0,0,0,0,0,0,0,4,3,0,0,1,0
111,2,私立,一般大學,1022,大同大學,碩士班(日間),男,140,7,2,1,0,0,1,0,0,0,5,1,0,0,4,0
111,2,私立,一般大學,1022,大同大學,學士班(日間),男,2102,72,29,28,0,0,0,1,0,0,43,27,0,6,10,0
111,2,私立,一般大學,1022,大同大學,碩士班(日間),女,83,0,0,0,0,0,0,0,0,0,0,0,0,0,0,0
111,2,私立,一般大學,1022,大同大學,碩士在職專班,女,35,2,0,0,0,0,0,0,0,0,2,0,0,2,0,0
111,2,私立,一般大學,1022,大同大學,碩士在職專班,男,114,15,3,0,0,0,1,0,2,0,12,3,0,7,2,0
111,1,私立,技專校院,1023,南臺學校財團法人南臺科技大學,學士班(日間),女,4917,180,111,101,0,0,3,2,5,0,69,9,0,26,34,0
111,1,私立,技專校院,1023,南臺學校財團法人南臺科技大學,學士班(進修),女,1060,103,29,19,0,0,0,3,7,0,74,1,0,35,38,0
111,1,私立,技專校院,1023,南臺學校財團法人南臺科技大學,博士班,女,26,2,0,0,0,0,0,0,0,0,2,0,0,1,1,0
111,1,私立,技專校院,1023,南臺學校財團法人南臺科技大學,博士班,男,53,10,0,0,0,0,0,0,0,0,10,2,0,6,2,0
111,1,私立,技專校院,1023,南臺學校財團法人南臺科技大學,碩士班(日間),女,317,23,2,1,0,0,0,0,1,0,21,5,0,5,11,0
111,1,私立,技專校院,1023,南臺學校財團法人南臺科技大學,碩士班(日間),男,424,24,2,2,0,0,0,0,0,0,22,7,0,6,8,1
111,1,私立,技專校院,1023,南臺學校財團法人南臺科技大學,碩士在職專班,男,160,14,1,0,0,0,0,1,0,0,13,2,0,8,3,0
111,1,私立,技專校院,1023,南臺學校財團法人南臺科技大學,學士班(日間),男,6801,275,154,141,0,0,2,1,9,1,121,15,0,45,61,0
111,1,私立,技專校院,1023,南臺學校財團法人南臺科技大學,學士班(進修),男,1773,163,39,28,0,0,0,0,11,0,124,2,0,63,59,0
111,1,私立,技專校院,1023,南臺學校財團法人南臺科技大學,五專,女,53,1,1,1,0,0,0,0,0,0,0,0,0,0,0,0
111,1,私立,技專校院,1023,南臺學校財團法人南臺科技大學,五專,男,361,5,5,5,0,0,0,0,0,0,0,0,0,0,0,0
111,1,私立,技專校院,1023,南臺學校財團法人南臺科技大學,碩士在職專班,女,161,7,0,0,0,0,0,0,0,0,7,0,0,2,5,0
111,2,私立,技專校院,1023,南臺學校財團法人南臺科技大學,學士班(日間),男,6801,193,56,53,0,0,0,1,2,0,137,46,0,46,45,0
111,2,私立,技專校院,1023,南臺學校財團法人南臺科技大學,五專,男,361,12,7,6,0,0,0,0,1,0,5,4,0,1,0,0
111,2,私立,技專校院,1023,南臺學校財團法人南臺科技大學,博士班,女,26,0,0,0,0,0,0,0,0,0,0,0,0,0,0,0
111,2,私立,技專校院,1023,南臺學校財團法人南臺科技大學,碩士班(日間),女,317,10,0,0,0,0,0,0,0,0,10,0,0,3,7,0
111,2,私立,技專校院,1023,南臺學校財團法人南臺科技大學,碩士在職專班,女,161,7,0,0,0,0,0,0,0,0,7,2,0,2,3,0
111,2,私立,技專校院,1023,南臺學校財團法人南臺科技大學,學士班(日間),女,4917,102,49,48,0,0,0,1,0,0,53,12,0,26,15,0
111,2,私立,技專校院,1023,南臺學校財團法人南臺科技大學,學士班(進修),女,1060,57,9,8,0,0,0,0,1,0,48,0,0,28,20,0
111,2,私立,技專校院,1023,南臺學校財團法人南臺科技大學,學士班(進修),男,1773,119,9,2,0,0,1,0,6,0,110,0,0,61,49,0
111,2,私立,技專校院,1023,南臺學校財團法人南臺科技大學,五專,女,53,1,1,1,0,0,0,0,0,0,0,0,0,0,0,0
111,2,私立,技專校院,1023,南臺學校財團法人南臺科技大學,博士班,男,53,3,0,0,0,0,0,0,0,0,3,0,0,0,3,0
111,2,私立,技專校院,1023,南臺學校財團法人南臺科技大學,碩士班(日間),男,424,16,1,1,0,0,0,0,0,0,15,1,0,6,8,0
111,2,私立,技專校院,1023,南臺學校財團法人南臺科技大學,碩士在職專班,男,160,14,0,0,0,0,0,0,0,0,14,0,0,5,9,0
111,1,私立,技專校院,1024,崑山科技大學,二專(日間),女,9,0,0,0,0,0,0,0,0,0,0,0,0,0,0,0
111,1,私立,技專校院,1024,崑山科技大學,二專(日間),男,3,0,0,0,0,0,0,0,0,0,0,0,0,0,0,0
111,1,私立,技專校院,1024,崑山科技大學,二專(進修),女,0,0,0,0,0,0,0,0,0,0,0,0,0,0,0,0
111,1,私立,技專校院,1024,崑山科技大學,二專(進修),男,1,6,0,0,0,0,0,0,0,0,6,0,0,0,6,0
111,1,私立,技專校院,1024,崑山科技大學,學士班(日間),女,2556,239,91,71,0,0,1,1,7,11,148,2,0,23,123,0
111,1,私立,技專校院,1024,崑山科技大學,學士班(日間),男,3797,516,145,113,0,0,0,2,20,10,371,6,0,45,320,0
111,1,私立,技專校院,1024,崑山科技大學,學士班(進修),女,788,109,42,32,0,2,1,3,3,1,67,0,0,0,67,0
111,1,私立,技專校院,1024,崑山科技大學,學士班(進修),男,1613,234,88,81,0,0,1,1,5,0,146,2,0,4,140,0
111,1,私立,技專校院,1024,崑山科技大學,博士班,女,6,0,0,0,0,0,0,0,0,0,0,0,0,0,0,0
111,1,私立,技專校院,1024,崑山科技大學,博士班,男,24,3,0,0,0,0,0,0,0,0,3,0,0,1,2,0
111,1,私立,技專校院,1024,崑山科技大學,碩士班(日間),女,115,18,1,0,0,0,0,0,1,0,17,1,0,1,15,0
111,1,私立,技專校院,1024,崑山科技大學,碩士班(日間),男,192,42,3,0,0,0,0,0,3,0,39,1,0,1,37,0
111,1,私立,技專校院,1024,崑山科技大學,碩士在職專班,女,58,2,0,0,0,0,0,0,0,0,2,0,0,0,2,0
111,1,私立,技專校院,1024,崑山科技大學,碩士在職專班,男,114,9,1,0,0,0,0,0,1,0,8,1,0,1,6,0
111,2,私立,技專校院,1024,崑山科技大學,二專(進修),女,0,0,0,0,0,0,0,0,0,0,0,0,0,0,0,0
111,2,私立,技專校院,1024,崑山科技大學,學士班(日間),女,2556,61,47,33,0,0,3,2,9,0,14,0,0,14,0,0
111,2,私立,技專校院,1024,崑山科技大學,學士班(進修),女,788,113,7,5,0,0,0,1,1,0,106,0,0,21,85,0
111,2,私立,技專校院,1024,崑山科技大學,學士班(進修),男,1613,205,20,14,0,0,0,0,6,0,185,0,0,45,140,0
111,2,私立,技專校院,1024,崑山科技大學,博士班,女,6,0,0,0,0,0,0,0,0,0,0,0,0,0,0,0
111,2,私立,技專校院,1024,崑山科技大學,碩士班(日間),女,115,3,0,0,0,0,0,0,0,0,3,1,0,2,0,0
111,2,私立,技專校院,1024,崑山科技大學,碩士班(日間),男,192,3,1,1,0,0,0,0,0,0,2,1,0,1,0,0
111,2,私立,技專校院,1024,崑山科技大學,碩士在職專班,男,114,14,3,0,0,0,0,0,3,0,11,0,0,2,9,0
111,2,私立,技專校院,1024,崑山科技大學,二專(日間),女,9,0,0,0,0,0,0,0,0,0,0,0,0,0,0,0
111,2,私立,技專校院,1024,崑山科技大學,二專(日間),男,3,0,0,0,0,0,0,0,0,0,0,0,0,0,0,0
111,2,私立,技專校院,1024,崑山科技大學,二專(進修),男,1,1,0,0,0,0,0,0,0,0,1,0,0,0,1,0
111,2,私立,技專校院,1024,崑山科技大學,學士班(日間),男,3797,97,67,61,0,0,0,1,5,0,30,5,0,25,0,0
111,2,私立,技專校院,1024,崑山科技大學,博士班,男,24,2,1,0,0,0,0,0,1,0,1,0,0,1,0,0
111,2,私立,技專校院,1024,崑山科技大學,碩士在職專班,女,58,4,0,0,0,0,0,0,0,0,4,0,0,2,2,0
111,1,私立,技專校院,1025,嘉藥學校財團法人嘉南藥理大學,學士班(進修),女,1038,74,22,14,0,0,0,1,4,3,52,0,0,16,36,0
111,1,私立,技專校院,1025,嘉藥學校財團法人嘉南藥理大學,學士班(進修),男,682,116,41,33,0,0,0,0,5,3,75,0,0,19,56,0
111,1,私立,技專校院,1025,嘉藥學校財團法人嘉南藥理大學,五專,女,61,0,0,0,0,0,0,0,0,0,0,0,0,0,0,0
111,1,私立,技專校院,1025,嘉藥學校財團法人嘉南藥理大學,碩士班(日間),女,93,9,2,0,0,0,0,0,1,1,7,0,0,0,7,0
111,1,私立,技專校院,1025,嘉藥學校財團法人嘉南藥理大學,碩士班(日間),男,71,7,1,0,0,0,0,0,1,0,6,2,0,0,4,0
111,1,私立,技專校院,1025,嘉藥學校財團法人嘉南藥理大學,碩士在職專班,女,108,7,0,0,0,0,0,0,0,0,7,0,0,1,6,0
111,1,私立,技專校院,1025,嘉藥學校財團法人嘉南藥理大學,碩士在職專班,男,84,10,0,0,0,0,0,0,0,0,10,0,0,3,7,0
111,1,私立,技專校院,1025,嘉藥學校財團法人嘉南藥理大學,學士班(日間),女,4912,171,120,103,0,0,0,4,4,9,51,8,0,9,34,0
111,1,私立,技專校院,1025,嘉藥學校財團法人嘉南藥理大學,學士班(日間),男,3516,140,72,59,0,0,0,3,4,6,68,7,1,21,39,0
111,1,私立,技專校院,1025,嘉藥學校財團法人嘉南藥理大學,五專,男,51,0,0,0,0,0,0,0,0,0,0,0,0,0,0,0
111,2,私立,技專校院,1025,嘉藥學校財團法人嘉南藥理大學,學士班(日間),女,4912,113,52,46,0,0,1,2,2,1,61,0,0,13,48,0
111,2,私立,技專校院,1025,嘉藥學校財團法人嘉南藥理大學,學士班(進修),女,1038,51,6,4,0,0,0,0,1,1,45,0,0,19,26,0
111,2,私立,技專校院,1025,嘉藥學校財團法人嘉南藥理大學,五專,男,51,1,1,1,0,0,0,0,0,0,0,0,0,0,0,0
111,2,私立,技專校院,1025,嘉藥學校財團法人嘉南藥理大學,碩士在職專班,男,84,4,0,0,0,0,0,0,0,0,4,0,0,0,4,0
111,2,私立,技專校院,1025,嘉藥學校財團法人嘉南藥理大學,學士班(日間),男,3516,125,39,32,0,0,0,1,5,1,86,0,0,25,61,0
111,2,私立,技專校院,1025,嘉藥學校財團法人嘉南藥理大學,學士班(進修),男,682,69,6,4,0,0,0,0,1,1,63,0,0,13,50,0
111,2,私立,技專校院,1025,嘉藥學校財團法人嘉南藥理大學,五專,女,61,3,3,3,0,0,0,0,0,0,0,0,0,0,0,0
111,2,私立,技專校院,1025,嘉藥學校財團法人嘉南藥理大學,碩士班(日間),女,93,4,0,0,0,0,0,0,0,0,4,0,0,0,4,0
111,2,私立,技專校院,1025,嘉藥學校財團法人嘉南藥理大學,碩士班(日間),男,71,8,0,0,0,0,0,0,0,0,8,1,0,1,6,0
111,2,私立,技專校院,1025,嘉藥學校財團法人嘉南藥理大學,碩士在職專班,女,108,5,0,0,0,0,0,0,0,0,5,0,0,1,4,0
111,1,私立,技專校院,1026,樹德科技大學,二專(進修),女,151,18,6,4,0,0,0,2,0,0,12,1,0,5,6,0
111,1,私立,技專校院,1026,樹德科技大學,學士班(日間),女,3740,163,81,66,0,0,2,8,5,0,82,10,0,26,46,0
111,1,私立,技專校院,1026,樹德科技大學,學士班(進修),女,745,57,28,25,0,0,0,3,0,0,29,5,0,13,11,0
111,1,私立,技專校院,1026,樹德科技大學,博士班,女,17,0,0,0,0,0,0,0,0,0,0,0,0,0,0,0
111,1,私立,技專校院,1026,樹德科技大學,碩士班(日間),男,87,3,0,0,0,0,0,0,0,0,3,1,0,1,1,0
111,1,私立,技專校院,1026,樹德科技大學,二專(進修),男,157,21,7,6,0,0,0,0,1,0,14,1,0,10,3,0
111,1,私立,技專校院,1026,樹德科技大學,學士班(日間),男,2892,185,68,62,0,0,0,5,1,0,117,37,0,32,48,0
111,1,私立,技專校院,1026,樹德科技大學,學士班(進修),男,857,79,33,27,0,0,0,4,2,0,46,5,0,21,20,0
111,1,私立,技專校院,1026,樹德科技大學,博士班,男,16,0,0,0,0,0,0,0,0,0,0,0,0,0,0,0
111,1,私立,技專校院,1026,樹德科技大學,碩士班(日間),女,146,10,3,0,0,0,1,2,0,0,7,1,0,0,6,0
111,1,私立,技專校院,1026,樹德科技大學,碩士在職專班,女,178,8,1,0,0,0,0,1,0,0,7,3,0,1,3,0
111,1,私立,技專校院,1026,樹德科技大學,碩士在職專班,男,145,7,1,0,0,0,0,0,1,0,6,1,0,1,4,0
111,2,私立,技專校院,1026,樹德科技大學,二專(進修),女,151,30,0,0,0,0,0,0,0,0,30,3,0,8,19,0
111,2,私立,技專校院,1026,樹德科技大學,二專(進修),男,157,30,1,1,0,0,0,0,0,0,29,4,0,15,10,0
111,2,私立,技專校院,1026,樹德科技大學,學士班(日間),女,3740,185,59,46,0,0,3,9,1,0,126,20,0,45,61,0
111,2,私立,技專校院,1026,樹德科技大學,學士班(日間),男,2892,159,29,19,0,0,3,4,3,0,130,34,0,40,56,0
111,2,私立,技專校院,1026,樹德科技大學,學士班(進修),男,857,93,15,8,0,0,0,2,5,0,78,12,0,38,28,0
111,2,私立,技專校院,1026,樹德科技大學,碩士班(日間),女,146,9,3,0,0,0,1,1,1,0,6,1,0,1,4,0
111,2,私立,技專校院,1026,樹德科技大學,碩士在職專班,男,145,12,2,0,0,0,0,0,2,0,10,1,0,7,2,0
111,2,私立,技專校院,1026,樹德科技大學,學士班(進修),女,745,52,9,6,0,0,0,1,2,0,43,6,0,25,12,0
111,2,私立,技專校院,1026,樹德科技大學,博士班,女,17,0,0,0,0,0,0,0,0,0,0,0,0,0,0,0
111,2,私立,技專校院,1026,樹德科技大學,博士班,男,16,0,0,0,0,0,0,0,0,0,0,0,0,0,0,0
111,2,私立,技專校院,1026,樹德科技大學,碩士班(日間),男,87,9,2,0,0,0,0,1,1,0,7,1,0,2,4,0
111,2,私立,技專校院,1026,樹德科技大學,碩士在職專班,女,178,6,2,0,0,0,1,0,1,0,4,1,0,1,2,0
111,1,私立,一般大學,1027,慈濟學校財團法人慈濟大學,學士班(日間),女,1517,64,47,45,0,0,0,0,0,2,17,0,0,5,12,0
111,1,私立,一般大學,1027,慈濟學校財團法人慈濟大學,學士班(日間),男,1041,40,25,23,0,0,1,0,0,1,15,0,0,3,12,0
111,1,私立,一般大學,1027,慈濟學校財團法人慈濟大學,博士班,女,49,5,1,0,0,0,0,0,0,1,4,0,0,1,3,0
111,1,私立,一般大學,1027,慈濟學校財團法人慈濟大學,碩士班(日間),男,119,7,1,1,0,0,0,0,0,0,6,0,0,1,5,0
111,1,私立,一般大學,1027,慈濟學校財團法人慈濟大學,博士班,男,48,3,0,0,0,0,0,0,0,0,3,0,0,0,3,0
111,1,私立,一般大學,1027,慈濟學校財團法人慈濟大學,碩士班(日間),女,264,14,5,3,0,0,0,0,0,2,9,1,0,2,6,0
111,1,私立,一般大學,1027,慈濟學校財團法人慈濟大學,碩士在職專班,女,14,1,0,0,0,0,0,0,0,0,1,0,0,0,1,0
111,1,私立,一般大學,1027,慈濟學校財團法人慈濟大學,碩士在職專班,男,5,0,0,0,0,0,0,0,0,0,0,0,0,0,0,0
111,2,私立,一般大學,1027,慈濟學校財團法人慈濟大學,學士班(日間),女,1517,30,21,21,0,0,0,0,0,0,9,0,0,3,6,0
111,2,私立,一般大學,1027,慈濟學校財團法人慈濟大學,學士班(日間),男,1041,17,10,10,0,0,0,0,0,0,7,0,1,4,2,0
111,2,私立,一般大學,1027,慈濟學校財團法人慈濟大學,博士班,女,49,4,0,0,0,0,0,0,0,0,4,4,0,0,0,0
111,2,私立,一般大學,1027,慈濟學校財團法人慈濟大學,博士班,男,48,4,1,0,0,0,0,0,0,1,3,0,0,2,1,0
111,2,私立,一般大學,1027,慈濟學校財團法人慈濟大學,碩士班(日間),女,264,15,5,1,0,0,0,2,0,2,10,5,0,3,2,0
111,2,私立,一般大學,1027,慈濟學校財團法人慈濟大學,碩士班(日間),男,119,8,3,1,0,0,0,0,0,2,5,3,0,0,2,0
111,2,私立,一般大學,1027,慈濟學校財團法人慈濟大學,碩士在職專班,女,14,1,0,0,0,0,0,0,0,0,1,1,0,0,0,0
111,2,私立,一般大學,1027,慈濟學校財團法人慈濟大學,碩士在職專班,男,5,0,0,0,0,0,0,0,0,0,0,0,0,0,0,0
111,1,私立,一般大學,1028,臺北醫學大學,學士班(日間),男,1909,80,39,39,0,0,0,0,0,0,41,1,0,2,38,0
111,1,私立,一般大學,1028,臺北醫學大學,博士班,女,288,5,2,1,0,0,0,0,1,0,3,0,0,0,3,0
111,1,私立,一般大學,1028,臺北醫學大學,學士班(日間),女,2634,86,46,44,0,0,0,0,2,0,40,0,0,3,37,0
111,1,私立,一般大學,1028,臺北醫學大學,博士班,男,324,5,0,0,0,0,0,0,0,0,5,0,0,2,3,0
111,1,私立,一般大學,1028,臺北醫學大學,碩士班(日間),女,471,11,1,1,0,0,0,0,0,0,10,2,0,2,6,0
111,1,私立,一般大學,1028,臺北醫學大學,碩士班(日間),男,228,14,2,0,0,0,0,0,2,0,12,1,0,1,10,0
111,1,私立,一般大學,1028,臺北醫學大學,碩士在職專班,女,208,5,0,0,0,0,0,0,0,0,5,1,0,0,4,0
111,1,私立,一般大學,1028,臺北醫學大學,碩士在職專班,男,92,2,0,0,0,0,0,0,0,0,2,0,0,0,2,0
111,2,私立,一般大學,1028,臺北醫學大學,學士班(日間),女,2634,32,19,16,0,0,0,1,1,1,13,1,0,5,7,0
111,2,私立,一般大學,1028,臺北醫學大學,學士班(日間),男,1909,20,7,7,0,0,0,0,0,0,13,6,0,1,6,0
111,2,私立,一般大學,1028,臺北醫學大學,博士班,男,324,10,2,1,0,0,0,0,1,0,8,3,0,2,3,0
111,2,私立,一般大學,1028,臺北醫學大學,碩士班(日間),女,471,17,5,2,0,1,0,0,1,1,12,5,0,1,6,0
111,2,私立,一般大學,1028,臺北醫學大學,碩士在職專班,女,208,11,4,1,0,0,1,0,1,1,7,6,0,1,0,0
111,2,私立,一般大學,1028,臺北醫學大學,博士班,女,288,6,2,0,0,0,1,0,1,0,4,3,0,0,1,0
111,2,私立,一般大學,1028,臺北醫學大學,碩士班(日間),男,228,9,1,0,0,0,1,0,0,0,8,2,0,2,4,0
111,2,私立,一般大學,1028,臺北醫學大學,碩士在職專班,男,92,1,0,0,0,0,0,0,0,0,1,0,0,0,1,0
111,1,私立,一般大學,1029,中山醫學大學,學士班(進修),女,73,1,0,0,0,0,0,0,0,0,1,0,0,0,1,0
111,1,私立,一般大學,1029,中山醫學大學,博士班,女,75,1,0,0,0,0,0,0,0,0,1,0,0,0,1,0
111,1,私立,一般大學,1029,中山醫學大學,博士班,男,106,5,1,0,0,0,0,0,1,0,4,1,0,0,3,0
111,1,私立,一般大學,1029,中山醫學大學,碩士班(日間),女,360,21,2,2,0,0,0,0,0,0,19,3,0,0,16,0
111,1,私立,一般大學,1029,中山醫學大學,碩士班(日間),男,177,11,2,2,0,0,0,0,0,0,9,2,0,2,5,0
111,1,私立,一般大學,1029,中山醫學大學,碩士在職專班,女,138,6,1,1,0,0,0,0,0,0,5,0,0,0,5,0
111,1,私立,一般大學,1029,中山醫學大學,學士班(日間),女,3858,137,50,49,0,0,0,0,1,0,87,2,0,6,79,0
111,1,私立,一般大學,1029,中山醫學大學,學士班(日間),男,2125,98,38,38,0,0,0,0,0,0,60,2,0,2,56,0
111,1,私立,一般大學,1029,中山醫學大學,學士班(進修),男,40,0,0,0,0,0,0,0,0,0,0,0,0,0,0,0
111,1,私立,一般大學,1029,中山醫學大學,碩士在職專班,男,30,4,0,0,0,0,0,0,0,0,4,0,0,0,4,0
111,2,私立,一般大學,1029,中山醫學大學,學士班(日間),女,3858,48,31,29,0,0,1,0,0,1,17,0,0,2,15,0
111,2,私立,一般大學,1029,中山醫學大學,學士班(日間),男,2125,29,11,11,0,0,0,0,0,0,18,0,0,3,15,0
111,2,私立,一般大學,1029,中山醫學大學,博士班,女,75,1,0,0,0,0,0,0,0,0,1,0,0,0,1,0
111,2,私立,一般大學,1029,中山醫學大學,碩士在職專班,男,30,1,0,0,0,0,0,0,0,0,1,0,0,1,0,0
111,2,私立,一般大學,1029,中山醫學大學,學士班(進修),女,73,1,0,0,0,0,0,0,0,0,1,0,0,0,1,0
111,2,私立,一般大學,1029,中山醫學大學,學士班(進修),男,40,3,0,0,0,0,0,0,0,0,3,0,0,0,3,0
111,2,私立,一般大學,1029,中山醫學大學,博士班,男,106,1,0,0,0,0,0,0,0,0,1,0,0,0,1,0
111,2,私立,一般大學,1029,中山醫學大學,碩士班(日間),女,360,11,1,0,0,0,0,0,1,0,10,0,0,2,8,0
111,2,私立,一般大學,1029,中山醫學大學,碩士班(日間),男,177,8,2,2,0,0,0,0,0,0,6,1,0,1,4,0
111,2,私立,一般大學,1029,中山醫學大學,碩士在職專班,女,138,11,3,0,0,0,0,0,3,0,8,0,0,2,6,0
111,1,私立,技專校院,1030,龍華科技大學,學士班(日間),男,5158,275,105,99,0,0,1,0,4,1,170,35,3,68,63,1
111,1,私立,技專校院,1030,龍華科技大學,五專,女,81,4,1,1,0,0,0,0,0,0,3,1,0,0,2,0
111,1,私立,技專校院,1030,龍華科技大學,碩士在職專班,女,31,1,0,0,0,0,0,0,0,0,1,0,0,0,1,0
111,1,私立,技專校院,1030,龍華科技大學,學士班(日間),女,2407,122,56,47,1,0,1,1,3,3,66,13,0,32,21,0
111,1,私立,技專校院,1030,龍華科技大學,學士班(進修),女,651,115,78,75,0,0,0,1,2,0,37,5,0,17,15,0
111,1,私立,技專校院,1030,龍華科技大學,學士班(進修),男,2200,379,217,204,0,0,0,2,10,1,162,24,0,69,69,0
111,1,私立,技專校院,1030,龍華科技大學,五專,男,742,23,17,17,0,0,0,0,0,0,6,0,0,3,3,0
111,1,私立,技專校院,1030,龍華科技大學,碩士班(日間),女,116,11,5,3,0,0,0,0,2,0,6,1,0,3,2,0
111,1,私立,技專校院,1030,龍華科技大學,碩士班(日間),男,243,24,2,0,0,0,1,0,1,0,22,8,0,6,8,0
111,1,私立,技專校院,1030,龍華科技大學,碩士在職專班,男,91,1,0,0,0,0,0,0,0,0,1,0,0,0,1,0
111,2,私立,技專校院,1030,龍華科技大學,學士班(日間),女,2407,96,36,32,0,0,0,1,0,3,60,17,0,19,24,0
111,2,私立,技專校院,1030,龍華科技大學,學士班(進修),女,651,63,29,27,0,0,0,1,1,0,34,5,0,13,16,0
111,2,私立,技專校院,1030,龍華科技大學,學士班(進修),男,2200,308,129,118,0,0,0,3,8,0,179,50,0,84,45,0
111,2,私立,技專校院,1030,龍華科技大學,五專,男,742,37,16,16,0,0,0,0,0,0,21,7,7,0,7,0
111,2,私立,技專校院,1030,龍華科技大學,碩士班(日間),男,243,19,0,0,0,0,0,0,0,0,19,1,0,8,10,0
111,2,私立,技專校院,1030,龍華科技大學,碩士在職專班,男,91,4,0,0,0,0,0,0,0,0,4,0,0,2,2,0
111,2,私立,技專校院,1030,龍華科技大學,學士班(日間),男,5158,236,67,52,0,0,0,3,6,6,169,55,0,57,57,0
111,2,私立,技專校院,1030,龍華科技大學,五專,女,81,3,2,2,0,0,0,0,0,0,1,1,0,0,0,0
111,2,私立,技專校院,1030,龍華科技大學,碩士班(日間),女,116,3,0,0,0,0,0,0,0,0,3,0,0,1,2,0
111,2,私立,技專校院,1030,龍華科技大學,碩士在職專班,女,31,2,1,0,0,0,0,1,0,0,1,0,0,0,1,0
111,1,私立,技專校院,1031,輔英科技大學,學士班(日間),女,3335,165,60,50,0,0,0,4,4,2,105,11,0,37,57,0
111,1,私立,技專校院,1031,輔英科技大學,學士班(進修),女,840,90,55,48,0,0,0,0,6,1,35,0,0,15,20,0
111,1,私立,技專校院,1031,輔英科技大學,學士班(進修),男,528,102,75,68,0,0,1,1,5,0,27,1,0,15,11,0
111,1,私立,技專校院,1031,輔英科技大學,五專,女,2324,72,56,52,0,0,1,0,3,0,16,2,0,2,12,0
111,1,私立,技專校院,1031,輔英科技大學,碩士班(日間),男,31,9,2,0,0,0,0,1,1,0,7,0,0,1,6,0
111,1,私立,技專校院,1031,輔英科技大學,碩士在職專班,女,77,6,2,1,0,0,0,0,1,0,4,1,0,2,1,0
111,1,私立,技專校院,1031,輔英科技大學,碩士在職專班,男,2,0,0,0,0,0,0,0,0,0,0,0,0,0,0,0
111,1,私立,技專校院,1031,輔英科技大學,學士班(日間),男,1510,141,49,32,0,0,2,6,8,1,92,16,0,31,45,0
111,1,私立,技專校院,1031,輔英科技大學,五專,男,328,27,21,20,0,0,0,0,1,0,6,0,0,2,4,0
111,1,私立,技專校院,1031,輔英科技大學,碩士班(日間),女,123,24,8,5,0,1,0,0,2,0,16,0,0,5,11,0
111,2,私立,技專校院,1031,輔英科技大學,學士班(日間),男,1510,68,25,14,0,0,1,2,4,4,43,6,0,16,21,0
111,2,私立,技專校院,1031,輔英科技大學,五專,男,328,6,4,3,0,0,0,0,0,1,2,0,0,1,1,0
111,2,私立,技專校院,1031,輔英科技大學,碩士班(日間),女,123,5,2,2,0,0,0,0,0,0,3,1,0,1,1,0
111,2,私立,技專校院,1031,輔英科技大學,學士班(日間),女,3335,101,48,30,1,1,0,4,9,3,53,4,0,28,21,0
111,2,私立,技專校院,1031,輔英科技大學,學士班(進修),女,840,36,25,13,0,0,0,0,12,0,11,0,0,6,5,0
111,2,私立,技專校院,1031,輔英科技大學,學士班(進修),男,528,44,19,13,0,0,0,1,5,0,25,4,0,13,8,0
111,2,私立,技專校院,1031,輔英科技大學,五專,女,2324,31,23,20,0,0,2,0,0,1,8,0,0,2,6,0
111,2,私立,技專校院,1031,輔英科技大學,碩士班(日間),男,31,4,1,0,0,0,0,0,1,0,3,0,0,1,2,0
111,2,私立,技專校院,1031,輔英科技大學,碩士在職專班,女,77,3,0,0,0,0,0,0,0,0,3,0,0,3,0,0
111,2,私立,技專校院,1031,輔英科技大學,碩士在職專班,男,2,0,0,0,0,0,0,0,0,0,0,0,0,0,0,0
111,1,私立,技專校院,1032,明新學校財團法人明新科技大學,二專(進修),女,72,14,5,4,0,0,0,0,1,0,9,0,0,2,7,0
111,1,私立,技專校院,1032,明新學校財團法人明新科技大學,學士班(日間),女,2630,171,74,63,0,0,2,2,1,6,97,2,0,63,32,0
111,1,私立,技專校院,1032,明新學校財團法人明新科技大學,學士班(進修),女,1213,80,28,11,0,0,1,0,16,0,52,1,0,22,29,0
111,1,私立,技專校院,1032,明新學校財團法人明新科技大學,學士班(進修),男,1904,150,44,23,0,0,0,0,21,0,106,3,0,57,46,0
111,1,私立,技專校院,1032,明新學校財團法人明新科技大學,碩士班(日間),男,197,12,2,1,0,0,0,1,0,0,10,0,0,4,6,0
111,1,私立,技專校院,1032,明新學校財團法人明新科技大學,碩士在職專班,男,199,19,2,0,0,0,0,0,2,0,17,0,0,2,15,0
111,1,私立,技專校院,1032,明新學校財團法人明新科技大學,二專(日間),女,2,0,0,0,0,0,0,0,0,0,0,0,0,0,0,0
111,1,私立,技專校院,1032,明新學校財團法人明新科技大學,二專(日間),男,21,3,2,1,0,0,0,0,1,0,1,0,0,0,1,0
111,1,私立,技專校院,1032,明新學校財團法人明新科技大學,二專(進修),男,135,28,12,9,0,0,0,0,3,0,16,0,0,3,13,0
111,1,私立,技專校院,1032,明新學校財團法人明新科技大學,學士班(日間),男,3932,244,82,62,0,0,0,5,3,12,162,14,0,74,74,0
111,1,私立,技專校院,1032,明新學校財團法人明新科技大學,碩士班(日間),女,146,7,0,0,0,0,0,0,0,0,7,1,0,3,3,0
111,1,私立,技專校院,1032,明新學校財團法人明新科技大學,碩士在職專班,女,105,8,1,0,0,0,0,1,0,0,7,0,0,0,7,0
111,2,私立,技專校院,1032,明新學校財團法人明新科技大學,二專(進修),女,72,6,1,1,0,0,0,0,0,0,5,0,0,4,1,0
111,2,私立,技專校院,1032,明新學校財團法人明新科技大學,學士班(日間),女,2630,101,29,25,0,0,0,1,0,3,72,3,0,43,26,0
111,2,私立,技專校院,1032,明新學校財團法人明新科技大學,學士班(進修),女,1213,68,16,8,0,0,0,0,8,0,52,0,0,35,17,0
111,2,私立,技專校院,1032,明新學校財團法人明新科技大學,碩士班(日間),男,197,7,1,0,0,0,0,0,1,0,6,2,0,3,1,0
111,2,私立,技專校院,1032,明新學校財團法人明新科技大學,碩士在職專班,男,199,15,6,0,0,0,0,0,6,0,9,2,0,2,5,0
111,2,私立,技專校院,1032,明新學校財團法人明新科技大學,二專(日間),女,2,0,0,0,0,0,0,0,0,0,0,0,0,0,0,0
111,2,私立,技專校院,1032,明新學校財團法人明新科技大學,二專(日間),男,21,0,0,0,0,0,0,0,0,0,0,0,0,0,0,0
111,2,私立,技專校院,1032,明新學校財團法人明新科技大學,二專(進修),男,135,15,3,1,0,0,0,0,2,0,12,0,0,7,5,0
111,2,私立,技專校院,1032,明新學校財團法人明新科技大學,學士班(日間),男,3932,161,47,44,0,0,1,1,1,0,114,23,0,49,42,0
111,2,私立,技專校院,1032,明新學校財團法人明新科技大學,學士班(進修),男,1904,86,19,5,0,0,0,0,14,0,67,0,0,44,23,0
111,2,私立,技專校院,1032,明新學校財團法人明新科技大學,碩士班(日間),女,146,6,1,1,0,0,0,0,0,0,5,0,0,2,3,0
111,2,私立,技專校院,1032,明新學校財團法人明新科技大學,碩士在職專班,女,105,5,0,0,0,0,0,0,0,0,5,0,0,1,4,0
111,1,私立,一般大學,1033,長榮大學,學士班(日間),男,2894,160,85,81,0,0,0,0,4,0,75,7,0,24,44,0
111,1,私立,一般大學,1033,長榮大學,博士班,女,14,0,0,0,0,0,0,0,0,0,0,0,0,0,0,0
111,1,私立,一般大學,1033,長榮大學,博士班,男,36,1,1,0,0,0,0,0,1,0,0,0,0,0,0,0
111,1,私立,一般大學,1033,長榮大學,碩士班(日間),女,146,11,4,3,0,0,1,0,0,0,7,5,0,0,2,0
111,1,私立,一般大學,1033,長榮大學,碩士在職專班,女,40,4,2,2,0,0,0,0,0,0,2,1,0,0,1,0
111,1,私立,一般大學,1033,長榮大學,學士班(日間),女,3239,135,83,82,0,0,1,0,0,0,52,1,0,8,43,0
111,1,私立,一般大學,1033,長榮大學,學士班(進修),女,66,16,11,9,0,0,0,0,2,0,5,0,0,3,2,0
111,1,私立,一般大學,1033,長榮大學,學士班(進修),男,194,25,17,16,0,0,0,1,0,0,8,2,0,2,4,0
111,1,私立,一般大學,1033,長榮大學,碩士班(日間),男,98,16,1,1,0,0,0,0,0,0,15,2,0,2,11,0
111,1,私立,一般大學,1033,長榮大學,碩士在職專班,男,56,4,2,1,0,0,0,0,1,0,2,0,0,2,0,0
111,2,私立,一般大學,1033,長榮大學,學士班(日間),女,3239,58,26,25,0,0,1,0,0,0,32,0,0,6,26,0
111,2,私立,一般大學,1033,長榮大學,學士班(進修),女,66,6,0,0,0,0,0,0,0,0,6,0,0,5,1,0
111,2,私立,一般大學,1033,長榮大學,碩士班(日間),男,98,2,0,0,0,0,0,0,0,0,2,0,0,0,2,0
111,2,私立,一般大學,1033,長榮大學,碩士在職專班,男,56,2,0,0,0,0,0,0,0,0,2,0,0,1,1,0
111,2,私立,一般大學,1033,長榮大學,學士班(日間),男,2894,71,28,27,0,0,0,0,1,0,43,5,0,13,25,0
111,2,私立,一般大學,1033,長榮大學,學士班(進修),男,194,11,5,2,0,0,0,3,0,0,6,0,0,1,5,0
111,2,私立,一般大學,1033,長榮大學,博士班,女,14,0,0,0,0,0,0,0,0,0,0,0,0,0,0,0
111,2,私立,一般大學,1033,長榮大學,博士班,男,36,2,0,0,0,0,0,0,0,0,2,0,0,2,0,0
111,2,私立,一般大學,1033,長榮大學,碩士班(日間),女,146,10,0,0,0,0,0,0,0,0,10,2,0,3,5,0
111,2,私立,一般大學,1033,長榮大學,碩士在職專班,女,40,3,0,0,0,0,0,0,0,0,3,0,0,2,1,0
111,1,私立,技專校院,1034,弘光科技大學,二專(日間),女,6,0,0,0,0,0,0,0,0,0,0,0,0,0,0,0
111,1,私立,技專校院,1034,弘光科技大學,二專(日間),男,5,0,0,0,0,0,0,0,0,0,0,0,0,0,0,0
111,1,私立,技專校院,1034,弘光科技大學,二專(進修),男,14,4,0,0,0,0,0,0,0,0,4,1,0,3,0,0
111,1,私立,技專校院,1034,弘光科技大學,學士班(日間),男,2511,133,58,51,0,0,0,5,2,0,75,10,0,33,32,0
111,1,私立,技專校院,1034,弘光科技大學,五專,女,235,1,0,0,0,0,0,0,0,0,1,0,0,0,1,0
111,1,私立,技專校院,1034,弘光科技大學,博士班,男,1,0,0,0,0,0,0,0,0,0,0,0,0,0,0,0
111,1,私立,技專校院,1034,弘光科技大學,二專(進修),女,108,29,2,1,0,0,0,0,1,0,27,1,0,11,15,0
111,1,私立,技專校院,1034,弘光科技大學,學士班(日間),女,5171,178,83,73,0,0,0,6,4,0,95,8,0,37,50,0
111,1,私立,技專校院,1034,弘光科技大學,學士班(進修),女,2295,176,43,34,0,0,1,4,4,0,133,7,0,51,75,0
111,1,私立,技專校院,1034,弘光科技大學,學士班(進修),男,1429,158,39,32,0,1,0,3,3,0,119,16,0,70,33,0
111,1,私立,技專校院,1034,弘光科技大學,五專,男,31,1,1,1,0,0,0,0,0,0,0,0,0,0,0,0
111,1,私立,技專校院,1034,弘光科技大學,博士班,女,14,0,0,0,0,0,0,0,0,0,0,0,0,0,0,0
111,1,私立,技專校院,1034,弘光科技大學,碩士班(日間),女,136,14,1,0,0,0,0,0,1,0,13,2,0,3,8,0
111,1,私立,技專校院,1034,弘光科技大學,碩士班(日間),男,48,7,0,0,0,0,0,0,0,0,7,2,0,2,3,0
111,1,私立,技專校院,1034,弘光科技大學,碩士在職專班,女,70,2,0,0,0,0,0,0,0,0,2,0,0,1,1,0
111,1,私立,技專校院,1034,弘光科技大學,碩士在職專班,男,32,5,0,0,0,0,0,0,0,0,5,1,0,0,4,0
111,2,私立,技專校院,1034,弘光科技大學,二專(日間),男,5,1,1,1,0,0,0,0,0,0,0,0,0,0,0,0
111,2,私立,技專校院,1034,弘光科技大學,二專(進修),女,108,15,0,0,0,0,0,0,0,0,15,1,0,11,3,0
111,2,私立,技專校院,1034,弘光科技大學,學士班(日間),女,5171,96,42,34,0,0,0,6,2,0,54,8,0,15,31,0
111,2,私立,技專校院,1034,弘光科技大學,學士班(進修),女,2295,107,14,11,0,1,0,0,2,0,93,10,0,40,43,0
111,2,私立,技專校院,1034,弘光科技大學,學士班(進修),男,1429,74,5,4,0,0,0,1,0,0,69,9,0,36,24,0
111,2,私立,技專校院,1034,弘光科技大學,五專,男,31,0,0,0,0,0,0,0,0,0,0,0,0,0,0,0
111,2,私立,技專校院,1034,弘光科技大學,碩士班(日間),男,48,0,0,0,0,0,0,0,0,0,0,0,0,0,0,0
111,2,私立,技專校院,1034,弘光科技大學,碩士在職專班,男,32,1,0,0,0,0,0,0,0,0,1,0,0,1,0,0
111,2,私立,技專校院,1034,弘光科技大學,二專(日間),女,6,1,1,1,0,0,0,0,0,0,0,0,0,0,0,0
111,2,私立,技專校院,1034,弘光科技大學,二專(進修),男,14,2,0,0,0,0,0,0,0,0,2,0,0,2,0,0
111,2,私立,技專校院,1034,弘光科技大學,學士班(日間),男,2511,66,28,25,0,0,0,3,0,0,38,9,0,15,14,0
111,2,私立,技專校院,1034,弘光科技大學,五專,女,235,1,1,1,0,0,0,0,0,0,0,0,0,0,0,0
111,2,私立,技專校院,1034,弘光科技大學,博士班,女,14,0,0,0,0,0,0,0,0,0,0,0,0,0,0,0
111,2,私立,技專校院,1034,弘光科技大學,博士班,男,1,0,0,0,0,0,0,0,0,0,0,0,0,0,0,0
111,2,私立,技專校院,1034,弘光科技大學,碩士班(日間),女,136,7,0,0,0,0,0,0,0,0,7,0,0,4,3,0
111,2,私立,技專校院,1034,弘光科技大學,碩士在職專班,女,70,4,0,0,0,0,0,0,0,0,4,0,0,2,2,0
111,1,私立,一般大學,1035,中國醫藥大學,學士班(日間),女,3627,85,58,57,0,0,0,0,1,0,27,1,0,0,26,0
111,1,私立,一般大學,1035,中國醫藥大學,博士班,男,230,12,4,1,0,1,0,0,0,2,8,0,0,0,8,0
111,1,私立,一般大學,1035,中國醫藥大學,碩士班(日間),男,183,15,5,4,0,0,0,0,1,0,10,0,0,0,10,0
111,1,私立,一般大學,1035,中國醫藥大學,碩士在職專班,男,18,3,0,0,0,0,0,0,0,0,3,0,0,1,2,0
111,1,私立,一般大學,1035,中國醫藥大學,學士班(日間),男,2677,53,27,25,0,0,0,1,0,1,26,3,0,0,23,0
111,1,私立,一般大學,1035,中國醫藥大學,博士班,女,182,8,1,0,0,0,1,0,0,0,7,1,0,2,4,0
111,1,私立,一般大學,1035,中國醫藥大學,碩士班(日間),女,318,19,2,1,0,0,0,0,0,1,17,1,0,0,16,0
111,1,私立,一般大學,1035,中國醫藥大學,碩士在職專班,女,65,3,1,0,0,0,0,0,1,0,2,0,0,0,2,0
111,2,私立,一般大學,1035,中國醫藥大學,學士班(日間),男,2677,30,18,18,0,0,0,0,0,0,12,0,0,0,12,0
111,2,私立,一般大學,1035,中國醫藥大學,博士班,女,182,4,4,4,0,0,0,0,0,0,0,0,0,0,0,0
111,2,私立,一般大學,1035,中國醫藥大學,碩士班(日間),女,318,12,4,3,0,0,0,0,0,1,8,1,0,1,6,0
111,2,私立,一般大學,1035,中國醫藥大學,碩士在職專班,女,65,3,0,0,0,0,0,0,0,0,3,0,0,0,3,0
111,2,私立,一般大學,1035,中國醫藥大學,學士班(日間),女,3627,30,20,19,0,0,0,0,0,1,10,0,0,0,10,0
111,2,私立,一般大學,1035,中國醫藥大學,博士班,男,230,7,4,3,0,0,0,0,0,1,3,0,0,1,2,0
111,2,私立,一般大學,1035,中國醫藥大學,碩士班(日間),男,183,12,6,5,0,0,0,0,1,0,6,1,0,1,4,0
111,2,私立,一般大學,1035,中國醫藥大學,碩士在職專班,男,18,2,0,0,0,0,0,0,0,0,2,0,0,0,2,0
111,1,私立,技專校院,1036,健行學校財團法人健行科技大學,學士班(日間),男,3834,250,73,68,0,0,2,2,1,0,177,34,0,67,76,0
111,1,私立,技專校院,1036,健行學校財團法人健行科技大學,學士班(進修),男,2318,182,14,11,0,0,0,1,2,0,168,14,1,47,106,0
111,1,私立,技專校院,1036,健行學校財團法人健行科技大學,碩士班(日間),女,142,10,3,2,1,0,0,0,0,0,7,2,0,5,0,0
111,1,私立,技專校院,1036,健行學校財團法人健行科技大學,學士班(日間),女,2081,113,47,33,1,0,2,9,0,2,66,8,0,33,25,0
111,1,私立,技專校院,1036,健行學校財團法人健行科技大學,學士班(進修),女,1476,125,19,18,0,0,0,0,1,0,106,11,3,24,68,0
111,1,私立,技專校院,1036,健行學校財團法人健行科技大學,碩士班(日間),男,205,24,9,4,0,0,0,5,0,0,15,1,0,3,11,0
111,1,私立,技專校院,1036,健行學校財團法人健行科技大學,碩士在職專班,女,16,0,0,0,0,0,0,0,0,0,0,0,0,0,0,0
111,1,私立,技專校院,1036,健行學校財團法人健行科技大學,碩士在職專班,男,20,1,0,0,0,0,0,0,0,0,1,0,0,1,0,0
111,2,私立,技專校院,1036,健行學校財團法人健行科技大學,學士班(日間),女,2081,92,23,15,1,0,1,6,0,0,69,23,0,22,24,0
111,2,私立,技專校院,1036,健行學校財團法人健行科技大學,學士班(進修),女,1476,83,4,2,0,0,0,0,2,0,79,12,1,25,41,0
111,2,私立,技專校院,1036,健行學校財團法人健行科技大學,學士班(進修),男,2318,159,9,9,0,0,0,0,0,0,150,31,7,45,67,0
111,2,私立,技專校院,1036,健行學校財團法人健行科技大學,碩士班(日間),男,205,14,0,0,0,0,0,0,0,0,14,2,0,8,4,0
111,2,私立,技專校院,1036,健行學校財團法人健行科技大學,碩士在職專班,女,16,0,0,0,0,0,0,0,0,0,0,0,0,0,0,0
111,2,私立,技專校院,1036,健行學校財團法人健行科技大學,碩士在職專班,男,20,2,0,0,0,0,0,0,0,0,2,1,0,1,0,0
111,2,私立,技專校院,1036,健行學校財團法人健行科技大學,學士班(日間),男,3834,182,35,26,0,0,0,8,1,0,147,46,0,65,36,0
111,2,私立,技專校院,1036,健行學校財團法人健行科技大學,碩士班(日間),女,142,10,5,1,0,0,0,2,1,1,5,2,0,2,1,0
111,1,私立,技專校院,1037,正修學校財團法人正修科技大學,學士班(進修),男,4111,233,77,66,0,0,0,4,6,1,156,59,3,69,25,0
111,1,私立,技專校院,1037,正修學校財團法人正修科技大學,博士班,男,14,1,0,0,0,0,0,0,0,0,1,0,0,0,1,0
111,1,私立,技專校院,1037,正修學校財團法人正修科技大學,碩士班(日間),女,169,10,3,0,0,0,0,1,2,0,7,1,0,1,5,0
111,1,私立,技專校院,1037,正修學校財團法人正修科技大學,碩士在職專班,女,68,1,0,0,0,0,0,0,0,0,1,0,0,0,1,0
111,1,私立,技專校院,1037,正修學校財團法人正修科技大學,碩士在職專班,男,137,14,1,1,0,0,0,0,0,0,13,2,0,5,6,0
111,1,私立,技專校院,1037,正修學校財團法人正修科技大學,二專(進修),女,334,28,8,6,0,0,0,0,2,0,20,8,0,7,5,0
111,1,私立,技專校院,1037,正修學校財團法人正修科技大學,二專(進修),男,493,49,10,7,0,0,0,0,3,0,39,14,0,15,10,0
111,1,私立,技專校院,1037,正修學校財團法人正修科技大學,學士班(日間),女,2865,192,110,72,0,0,5,5,2,26,82,4,0,16,62,0
111,1,私立,技專校院,1037,正修學校財團法人正修科技大學,學士班(日間),男,5236,344,187,130,0,0,2,1,8,46,157,22,3,37,95,0
111,1,私立,技專校院,1037,正修學校財團法人正修科技大學,學士班(進修),女,2792,141,39,31,0,0,0,1,5,2,102,19,6,47,30,0
111,1,私立,技專校院,1037,正修學校財團法人正修科技大學,五專,女,83,1,1,1,0,0,0,0,0,0,0,0,0,0,0,0
111,1,私立,技專校院,1037,正修學校財團法人正修科技大學,五專,男,257,12,7,7,0,0,0,0,0,0,5,2,0,2,1,0
111,1,私立,技專校院,1037,正修學校財團法人正修科技大學,博士班,女,0,0,0,0,0,0,0,0,0,0,0,0,0,0,0,0
111,1,私立,技專校院,1037,正修學校財團法人正修科技大學,碩士班(日間),男,208,16,2,1,0,0,0,0,1,0,14,2,0,2,10,0
111,2,私立,技專校院,1037,正修學校財團法人正修科技大學,學士班(進修),女,2792,132,25,20,0,0,1,2,2,0,107,12,1,51,31,12
111,2,私立,技專校院,1037,正修學校財團法人正修科技大學,學士班(進修),男,4111,240,37,27,0,0,0,2,8,0,203,44,5,90,62,2
111,2,私立,技專校院,1037,正修學校財團法人正修科技大學,碩士班(日間),女,169,12,2,1,0,0,0,0,1,0,10,0,0,6,4,0
111,2,私立,技專校院,1037,正修學校財團法人正修科技大學,碩士班(日間),男,208,7,0,0,0,0,0,0,0,0,7,0,0,6,1,0
111,2,私立,技專校院,1037,正修學校財團法人正修科技大學,碩士在職專班,女,68,3,0,0,0,0,0,0,0,0,3,1,0,0,2,0
111,2,私立,技專校院,1037,正修學校財團法人正修科技大學,碩士在職專班,男,137,8,2,0,0,0,0,0,1,1,6,0,0,5,1,0
111,2,私立,技專校院,1037,正修學校財團法人正修科技大學,二專(進修),女,334,55,3,2,0,0,0,0,1,0,52,5,0,18,29,0
111,2,私立,技專校院,1037,正修學校財團法人正修科技大學,二專(進修),男,493,87,4,3,0,0,0,0,1,0,83,6,0,35,42,0
111,2,私立,技專校院,1037,正修學校財團法人正修科技大學,學士班(日間),女,2865,119,46,32,0,0,2,3,3,6,73,12,2,34,25,0
111,2,私立,技專校院,1037,正修學校財團法人正修科技大學,學士班(日間),男,5236,245,77,41,0,0,3,4,16,13,168,57,4,73,34,0
111,2,私立,技專校院,1037,正修學校財團法人正修科技大學,五專,女,83,3,2,2,0,0,0,0,0,0,1,0,0,0,1,0
111,2,私立,技專校院,1037,正修學校財團法人正修科技大學,五專,男,257,13,5,3,0,0,0,0,1,1,8,4,0,1,3,0
111,2,私立,技專校院,1037,正修學校財團法人正修科技大學,博士班,女,0,0,0,0,0,0,0,0,0,0,0,0,0,0,0,0
111,2,私立,技專校院,1037,正修學校財團法人正修科技大學,博士班,男,14,0,0,0,0,0,0,0,0,0,0,0,0,0,0,0
111,1,私立,技專校院,1038,萬能學校財團法人萬能科技大學,二專(進修),女,6,0,0,0,0,0,0,0,0,0,0,0,0,0,0,0
111,1,私立,技專校院,1038,萬能學校財團法人萬能科技大學,學士班(日間),女,2383,160,69,51,0,0,1,11,6,0,91,4,19,33,35,0
111,1,私立,技專校院,1038,萬能學校財團法人萬能科技大學,學士班(進修),女,1134,96,10,5,0,0,0,1,4,0,86,11,0,46,29,0
111,1,私立,技專校院,1038,萬能學校財團法人萬能科技大學,碩士班(日間),男,77,2,0,0,0,0,0,0,0,0,2,1,0,1,0,0
111,1,私立,技專校院,1038,萬能學校財團法人萬能科技大學,碩士在職專班,男,73,2,0,0,0,0,0,0,0,0,2,0,0,1,1,0
111,1,私立,技專校院,1038,萬能學校財團法人萬能科技大學,二專(進修),男,0,0,0,0,0,0,0,0,0,0,0,0,0,0,0,0
111,1,私立,技專校院,1038,萬能學校財團法人萬能科技大學,學士班(日間),男,2929,183,79,73,0,0,2,2,2,0,104,13,15,41,35,0
111,1,私立,技專校院,1038,萬能學校財團法人萬能科技大學,學士班(進修),男,1478,182,26,20,0,0,0,5,1,0,156,35,0,68,52,1
111,1,私立,技專校院,1038,萬能學校財團法人萬能科技大學,碩士班(日間),女,70,1,0,0,0,0,0,0,0,0,1,1,0,0,0,0
111,1,私立,技專校院,1038,萬能學校財團法人萬能科技大學,碩士在職專班,女,73,3,1,1,0,0,0,0,0,0,2,0,0,0,2,0
111,2,私立,技專校院,1038,萬能學校財團法人萬能科技大學,二專(進修),男,0,0,0,0,0,0,0,0,0,0,0,0,0,0,0,0
111,2,私立,技專校院,1038,萬能學校財團法人萬能科技大學,學士班(日間),男,2929,158,44,35,0,0,0,5,4,0,114,46,1,31,36,0
111,2,私立,技專校院,1038,萬能學校財團法人萬能科技大學,學士班(進修),男,1478,133,5,4,0,0,0,0,1,0,128,33,0,81,14,0
111,2,私立,技專校院,1038,萬能學校財團法人萬能科技大學,碩士班(日間),女,70,2,0,0,0,0,0,0,0,0,2,0,0,1,1,0
111,2,私立,技專校院,1038,萬能學校財團法人萬能科技大學,碩士在職專班,女,73,5,0,0,0,0,0,0,0,0,5,0,0,4,1,0
111,2,私立,技專校院,1038,萬能學校財團法人萬能科技大學,二專(進修),女,6,0,0,0,0,0,0,0,0,0,0,0,0,0,0,0
111,2,私立,技專校院,1038,萬能學校財團法人萬能科技大學,學士班(日間),女,2383,119,32,19,1,0,0,10,2,0,87,24,0,26,37,0
111,2,私立,技專校院,1038,萬能學校財團法人萬能科技大學,學士班(進修),女,1134,90,3,1,0,0,0,2,0,0,87,15,0,58,14,0
111,2,私立,技專校院,1038,萬能學校財團法人萬能科技大學,碩士班(日間),男,77,7,0,0,0,0,0,0,0,0,7,2,0,2,3,0
111,2,私立,技專校院,1038,萬能學校財團法人萬能科技大學,碩士在職專班,男,73,2,0,0,0,0,0,0,0,0,2,0,0,1,1,0
111,1,私立,一般大學,1039,玄奘大學,學士班(日間),女,815,53,29,26,0,0,0,1,1,1,24,5,0,19,0,0
111,1,私立,一般大學,1039,玄奘大學,學士班(日間),男,561,38,20,15,0,0,0,1,4,0,18,8,0,10,0,0
111,1,私立,一般大學,1039,玄奘大學,學士班(進修),女,14,1,0,0,0,0,0,0,0,0,1,0,0,1,0,0
111,1,私立,一般大學,1039,玄奘大學,碩士班(日間),男,92,11,6,1,0,0,0,2,3,0,5,1,0,3,1,0
111,1,私立,一般大學,1039,玄奘大學,學士班(進修),男,5,3,1,0,0,0,0,0,1,0,2,0,0,2,0,0
111,1,私立,一般大學,1039,玄奘大學,博士班,女,0,1,0,0,0,0,0,0,0,0,1,1,0,0,0,0
111,1,私立,一般大學,1039,玄奘大學,博士班,男,0,1,0,0,0,0,0,0,0,0,1,1,0,0,0,0
111,1,私立,一般大學,1039,玄奘大學,碩士班(日間),女,169,20,11,2,0,0,1,1,6,1,9,3,0,6,0,0
111,1,私立,一般大學,1039,玄奘大學,碩士在職專班,女,105,7,4,1,0,0,0,0,3,0,3,2,0,1,0,0
111,1,私立,一般大學,1039,玄奘大學,碩士在職專班,男,44,4,1,0,0,0,0,0,0,1,3,0,0,2,1,0
111,2,私立,一般大學,1039,玄奘大學,學士班(進修),女,14,1,1,0,0,0,0,0,1,0,0,0,0,0,0,0
111,2,私立,一般大學,1039,玄奘大學,學士班(進修),男,5,2,0,0,0,0,0,0,0,0,2,1,0,0,1,0
111,2,私立,一般大學,1039,玄奘大學,碩士班(日間),女,169,4,1,0,0,0,1,0,0,0,3,1,0,1,1,0
111,2,私立,一般大學,1039,玄奘大學,碩士班(日間),男,92,5,1,1,0,0,0,0,0,0,4,1,0,2,1,0
111,2,私立,一般大學,1039,玄奘大學,碩士在職專班,女,105,9,4,0,0,0,0,0,3,1,5,3,0,2,0,0
111,2,私立,一般大學,1039,玄奘大學,碩士在職專班,男,44,2,1,0,0,0,0,0,0,1,1,0,0,1,0,0
111,2,私立,一般大學,1039,玄奘大學,學士班(日間),女,815,52,20,14,0,0,0,1,0,5,32,8,0,19,5,0
111,2,私立,一般大學,1039,玄奘大學,學士班(日間),男,561,29,7,3,0,0,0,0,2,2,22,5,0,12,5,0
111,1,私立,技專校院,1040,建國科技大學,二專(日間),男,8,0,0,0,0,0,0,0,0,0,0,0,0,0,0,0
111,1,私立,技專校院,1040,建國科技大學,二專(進修),女,18,4,0,0,0,0,0,0,0,0,4,3,0,0,1,0
111,1,私立,技專校院,1040,建國科技大學,學士班(日間),女,838,46,16,12,1,0,2,0,1,0,30,4,0,13,13,0
111,1,私立,技專校院,1040,建國科技大學,學士班(進修),女,523,42,18,14,0,0,0,1,2,1,24,2,0,8,14,0
111,1,私立,技專校院,1040,建國科技大學,碩士班(日間),男,77,6,0,0,0,0,0,0,0,0,6,0,0,2,4,0
111,1,私立,技專校院,1040,建國科技大學,二專(日間),女,1,0,0,0,0,0,0,0,0,0,0,0,0,0,0,0
111,1,私立,技專校院,1040,建國科技大學,二專(進修),男,30,6,1,1,0,0,0,0,0,0,5,0,0,2,3,0
111,1,私立,技專校院,1040,建國科技大學,學士班(日間),男,1841,101,38,34,0,0,1,1,2,0,63,7,0,26,30,0
111,1,私立,技專校院,1040,建國科技大學,學士班(進修),男,1405,88,32,25,0,0,0,0,7,0,56,9,0,27,20,0
111,1,私立,技專校院,1040,建國科技大學,碩士班(日間),女,55,0,0,0,0,0,0,0,0,0,0,0,0,0,0,0
111,2,私立,技專校院,1040,建國科技大學,二專(進修),男,30,3,1,0,0,0,0,0,1,0,2,0,0,2,0,0
111,2,私立,技專校院,1040,建國科技大學,學士班(日間),男,1841,74,7,7,0,0,0,0,0,0,67,26,0,18,20,3
111,2,私立,技專校院,1040,建國科技大學,學士班(進修),男,1405,92,7,5,0,0,0,1,1,0,85,26,0,40,19,0
111,2,私立,技專校院,1040,建國科技大學,碩士班(日間),女,55,3,1,0,0,0,0,0,1,0,2,0,0,1,1,0
111,2,私立,技專校院,1040,建國科技大學,二專(日間),女,1,0,0,0,0,0,0,0,0,0,0,0,0,0,0,0
111,2,私立,技專校院,1040,建國科技大學,二專(日間),男,8,0,0,0,0,0,0,0,0,0,0,0,0,0,0,0
111,2,私立,技專校院,1040,建國科技大學,二專(進修),女,18,2,0,0,0,0,0,0,0,0,2,1,0,1,0,0
111,2,私立,技專校院,1040,建國科技大學,學士班(日間),女,838,28,5,5,0,0,0,0,0,0,23,8,0,9,4,2
111,2,私立,技專校院,1040,建國科技大學,學士班(進修),女,523,43,7,1,0,0,0,0,5,1,36,3,0,23,10,0
111,2,私立,技專校院,1040,建國科技大學,碩士班(日間),男,77,6,2,0,0,0,0,2,0,0,4,2,0,1,1,0
111,1,私立,技專校院,1041,明志科技大學,學士班(日間),女,1021,27,14,13,0,0,0,0,1,0,13,0,0,9,4,0
111,1,私立,技專校院,1041,明志科技大學,學士班(日間),男,2577,88,41,37,0,0,0,0,3,1,47,5,1,27,14,0
111,1,私立,技專校院,1041,明志科技大學,碩士班(日間),男,363,28,3,2,0,0,0,0,0,1,25,2,0,14,9,0
111,1,私立,技專校院,1041,明志科技大學,學士班(進修),女,7,2,0,0,0,0,0,0,0,0,2,0,0,0,2,0
111,1,私立,技專校院,1041,明志科技大學,學士班(進修),男,191,9,0,0,0,0,0,0,0,0,9,1,1,2,5,0
111,1,私立,技專校院,1041,明志科技大學,博士班,女,13,1,1,1,0,0,0,0,0,0,0,0,0,0,0,0
111,1,私立,技專校院,1041,明志科技大學,博士班,男,34,0,0,0,0,0,0,0,0,0,0,0,0,0,0,0
111,1,私立,技專校院,1041,明志科技大學,碩士班(日間),女,116,6,1,1,0,0,0,0,0,0,5,0,0,1,4,0
111,1,私立,技專校院,1041,明志科技大學,碩士在職專班,女,5,1,0,0,0,0,0,0,0,0,1,0,0,1,0,0
111,1,私立,技專校院,1041,明志科技大學,碩士在職專班,男,17,3,0,0,0,0,0,0,0,0,3,0,0,1,2,0
111,2,私立,技專校院,1041,明志科技大學,學士班(日間),女,1021,9,7,7,0,0,0,0,0,0,2,0,0,0,2,0
111,2,私立,技專校院,1041,明志科技大學,學士班(日間),男,2577,32,13,11,0,0,0,0,2,0,19,1,0,0,18,0
111,2,私立,技專校院,1041,明志科技大學,博士班,男,34,1,1,0,0,0,1,0,0,0,0,0,0,0,0,0
111,2,私立,技專校院,1041,明志科技大學,學士班(進修),女,7,0,0,0,0,0,0,0,0,0,0,0,0,0,0,0
111,2,私立,技專校院,1041,明志科技大學,學士班(進修),男,191,4,2,1,0,0,0,0,1,0,2,0,0,2,0,0
111,2,私立,技專校院,1041,明志科技大學,博士班,女,13,0,0,0,0,0,0,0,0,0,0,0,0,0,0,0
111,2,私立,技專校院,1041,明志科技大學,碩士班(日間),女,116,0,0,0,0,0,0,0,0,0,0,0,0,0,0,0
111,2,私立,技專校院,1041,明志科技大學,碩士班(日間),男,363,6,1,0,0,0,0,0,1,0,5,1,0,0,4,0
111,2,私立,技專校院,1041,明志科技大學,碩士在職專班,女,5,0,0,0,0,0,0,0,0,0,0,0,0,0,0,0
111,2,私立,技專校院,1041,明志科技大學,碩士在職專班,男,17,1,1,1,0,0,0,0,0,0,0,0,0,0,0,0
111,1,私立,技專校院,1042,台鋼學校財團法人台鋼科技大學,學士班(進修),女,175,27,4,3,0,0,0,0,1,0,23,3,0,4,16,0
111,1,私立,技專校院,1042,台鋼學校財團法人台鋼科技大學,五專,男,7,0,0,0,0,0,0,0,0,0,0,0,0,0,0,0
111,1,私立,技專校院,1042,台鋼學校財團法人台鋼科技大學,碩士班(日間),女,33,8,3,0,0,0,0,0,3,0,5,0,0,5,0,0
111,1,私立,技專校院,1042,台鋼學校財團法人台鋼科技大學,碩士在職專班,男,84,12,4,0,0,0,0,0,4,0,8,1,0,2,5,0
111,1,私立,技專校院,1042,台鋼學校財團法人台鋼科技大學,二專(進修),女,30,11,1,1,0,0,0,0,0,0,10,0,0,1,9,0
111,1,私立,技專校院,1042,台鋼學校財團法人台鋼科技大學,二專(進修),男,29,27,1,1,0,0,0,0,0,0,26,0,0,20,6,0
111,1,私立,技專校院,1042,台鋼學校財團法人台鋼科技大學,學士班(日間),女,460,35,17,5,0,0,2,1,6,3,18,0,0,18,0,0
111,1,私立,技專校院,1042,台鋼學校財團法人台鋼科技大學,學士班(日間),男,672,57,26,19,0,0,0,4,3,0,31,0,3,25,3,0
111,1,私立,技專校院,1042,台鋼學校財團法人台鋼科技大學,學士班(進修),男,531,77,12,9,0,0,0,0,3,0,65,24,0,17,24,0
111,1,私立,技專校院,1042,台鋼學校財團法人台鋼科技大學,五專,女,1,0,0,0,0,0,0,0,0,0,0,0,0,0,0,0
111,1,私立,技專校院,1042,台鋼學校財團法人台鋼科技大學,碩士班(日間),男,57,12,4,0,0,0,0,1,3,0,8,1,0,4,3,0
111,1,私立,技專校院,1042,台鋼學校財團法人台鋼科技大學,碩士在職專班,女,26,5,1,1,0,0,0,0,0,0,4,0,0,1,3,0
111,2,私立,技專校院,1042,台鋼學校財團法人台鋼科技大學,二專(進修),男,29,2,0,0,0,0,0,0,0,0,2,0,0,1,1,0
111,2,私立,技專校院,1042,台鋼學校財團法人台鋼科技大學,學士班(日間),女,460,31,15,12,0,0,1,0,0,2,16,0,0,15,1,0
111,2,私立,技專校院,1042,台鋼學校財團法人台鋼科技大學,學士班(日間),男,672,53,21,17,0,0,1,1,1,1,32,3,4,21,4,0
111,2,私立,技專校院,1042,台鋼學校財團法人台鋼科技大學,學士班(進修),男,531,47,8,5,0,0,0,0,3,0,39,7,0,16,16,0
111,2,私立,技專校院,1042,台鋼學校財團法人台鋼科技大學,五專,女,1,1,1,1,0,0,0,0,0,0,0,0,0,0,0,0
111,2,私立,技專校院,1042,台鋼學校財團法人台鋼科技大學,五專,男,7,7,6,6,0,0,0,0,0,0,1,0,0,1,0,0
111,2,私立,技專校院,1042,台鋼學校財團法人台鋼科技大學,碩士在職專班,女,26,9,0,0,0,0,0,0,0,0,9,0,0,0,9,0
111,2,私立,技專校院,1042,台鋼學校財團法人台鋼科技大學,二專(進修),女,30,0,0,0,0,0,0,0,0,0,0,0,0,0,0,0
111,2,私立,技專校院,1042,台鋼學校財團法人台鋼科技大學,學士班(進修),女,175,23,3,3,0,0,0,0,0,0,20,1,0,2,17,0
111,2,私立,技專校院,1042,台鋼學校財團法人台鋼科技大學,碩士班(日間),女,33,3,1,0,0,0,0,0,0,1,2,0,0,0,2,0
111,2,私立,技專校院,1042,台鋼學校財團法人台鋼科技大學,碩士班(日間),男,57,3,1,0,0,0,0,0,1,0,2,0,0,2,0,0
111,2,私立,技專校院,1042,台鋼學校財團法人台鋼科技大學,碩士在職專班,男,84,9,0,0,0,0,0,0,0,0,9,0,0,0,9,0
111,1,私立,技專校院,1043,大仁科技大學,二專(進修),女,40,15,6,6,0,0,0,0,0,0,9,0,0,8,1,0
111,1,私立,技專校院,1043,大仁科技大學,學士班(日間),女,1453,82,41,36,0,0,0,3,2,0,41,2,1,29,9,0
111,1,私立,技專校院,1043,大仁科技大學,學士班(進修),女,913,64,17,8,0,0,0,1,8,0,47,1,0,32,14,0
111,1,私立,技專校院,1043,大仁科技大學,碩士班(日間),男,35,3,1,0,0,0,0,1,0,0,2,0,0,2,0,0
111,1,私立,技專校院,1043,大仁科技大學,碩士在職專班,女,63,8,3,2,0,0,0,0,1,0,5,0,0,4,1,0
111,1,私立,技專校院,1043,大仁科技大學,碩士在職專班,男,77,9,0,0,0,0,0,0,0,0,9,0,0,8,1,0
111,1,私立,技專校院,1043,大仁科技大學,二專(進修),男,49,11,1,1,0,0,0,0,0,0,10,0,0,9,1,0
111,1,私立,技專校院,1043,大仁科技大學,學士班(日間),男,1314,79,35,30,0,0,1,1,3,0,44,6,1,28,9,0
111,1,私立,技專校院,1043,大仁科技大學,學士班(進修),男,529,60,7,3,0,0,0,0,4,0,53,8,0,39,6,0
111,1,私立,技專校院,1043,大仁科技大學,碩士班(日間),女,49,7,3,3,0,0,0,0,0,0,4,0,0,4,0,0
111,2,私立,技專校院,1043,大仁科技大學,二專(進修),男,49,6,0,0,0,0,0,0,0,0,6,0,0,5,1,0
111,2,私立,技專校院,1043,大仁科技大學,學士班(日間),男,1314,24,10,8,0,0,0,2,0,0,14,1,0,11,2,0
111,2,私立,技專校院,1043,大仁科技大學,碩士班(日間),女,49,4,0,0,0,0,0,0,0,0,4,0,0,4,0,0
111,2,私立,技專校院,1043,大仁科技大學,二專(進修),女,40,2,0,0,0,0,0,0,0,0,2,0,0,2,0,0
111,2,私立,技專校院,1043,大仁科技大學,學士班(日間),女,1453,40,22,17,0,0,1,1,3,0,18,0,0,18,0,0
111,2,私立,技專校院,1043,大仁科技大學,學士班(進修),女,913,48,11,4,0,1,0,0,6,0,37,0,0,30,7,0
111,2,私立,技專校院,1043,大仁科技大學,學士班(進修),男,529,56,4,3,0,0,0,0,1,0,52,0,0,38,14,0
111,2,私立,技專校院,1043,大仁科技大學,碩士班(日間),男,35,3,0,0,0,0,0,0,0,0,3,0,0,3,0,0
111,2,私立,技專校院,1043,大仁科技大學,碩士在職專班,女,63,4,1,0,0,0,0,0,1,0,3,0,0,1,2,0
111,2,私立,技專校院,1043,大仁科技大學,碩士在職專班,男,77,10,0,0,0,0,0,0,0,0,10,0,0,5,5,0
111,1,私立,技專校院,1044,聖約翰科技大學,學士班(進修),女,31,4,2,2,0,0,0,0,0,0,2,0,0,0,2,0
111,1,私立,技專校院,1044,聖約翰科技大學,學士班(進修),男,207,22,5,3,0,0,0,0,2,0,17,5,0,4,8,0
111,1,私立,技專校院,1044,聖約翰科技大學,五專,男,79,13,7,5,0,0,0,1,1,0,6,0,0,0,6,0
111,1,私立,技專校院,1044,聖約翰科技大學,碩士班(日間),女,17,5,0,0,0,0,0,0,0,0,5,1,0,1,3,0
111,1,私立,技專校院,1044,聖約翰科技大學,碩士班(日間),男,54,4,0,0,0,0,0,0,0,0,4,0,0,0,4,0
111,1,私立,技專校院,1044,聖約翰科技大學,碩士在職專班,女,18,2,1,1,0,0,0,0,0,0,1,0,0,0,1,0
111,1,私立,技專校院,1044,聖約翰科技大學,碩士在職專班,男,51,12,2,1,0,0,0,0,1,0,10,0,0,0,10,0
111,1,私立,技專校院,1044,聖約翰科技大學,二專(進修),女,16,2,0,0,0,0,0,0,0,0,2,0,0,0,2,0
111,1,私立,技專校院,1044,聖約翰科技大學,二專(進修),男,33,1,1,0,0,0,0,0,1,0,0,0,0,0,0,0
111,1,私立,技專校院,1044,聖約翰科技大學,學士班(日間),女,213,17,7,6,0,0,0,0,1,0,10,3,0,0,7,0
111,1,私立,技專校院,1044,聖約翰科技大學,學士班(日間),男,381,51,16,15,0,0,0,1,0,0,35,5,1,0,29,0
111,1,私立,技專校院,1044,聖約翰科技大學,五專,女,19,4,3,3,0,0,0,0,0,0,1,0,0,0,1,0
111,2,私立,技專校院,1044,聖約翰科技大學,二專(進修),男,33,0,0,0,0,0,0,0,0,0,0,0,0,0,0,0
111,2,私立,技專校院,1044,聖約翰科技大學,學士班(日間),男,381,24,5,4,0,0,0,0,1,0,19,3,0,0,16,0
111,2,私立,技專校院,1044,聖約翰科技大學,五專,女,19,5,2,1,0,0,0,1,0,0,3,0,0,0,3,0
111,2,私立,技專校院,1044,聖約翰科技大學,五專,男,79,7,3,3,0,0,0,0,0,0,4,0,0,0,4,0
111,2,私立,技專校院,1044,聖約翰科技大學,碩士在職專班,女,18,2,0,0,0,0,0,0,0,0,2,1,0,0,1,0
111,2,私立,技專校院,1044,聖約翰科技大學,二專(進修),女,16,1,0,0,0,0,0,0,0,0,1,0,0,1,0,0
111,2,私立,技專校院,1044,聖約翰科技大學,學士班(日間),女,213,13,3,2,0,0,0,0,1,0,10,4,0,1,5,0
111,2,私立,技專校院,1044,聖約翰科技大學,學士班(進修),女,31,5,2,2,0,0,0,0,0,0,3,0,0,1,2,0
111,2,私立,技專校院,1044,聖約翰科技大學,學士班(進修),男,207,15,5,2,0,0,0,0,3,0,10,4,0,0,6,0
111,2,私立,技專校院,1044,聖約翰科技大學,碩士班(日間),女,17,1,0,0,0,0,0,0,0,0,1,0,0,0,1,0
111,2,私立,技專校院,1044,聖約翰科技大學,碩士班(日間),男,54,8,1,0,0,0,0,0,1,0,7,3,0,1,3,0
111,2,私立,技專校院,1044,聖約翰科技大學,碩士在職專班,男,51,7,0,0,0,0,0,0,0,0,7,2,0,2,3,0
111,1,私立,技專校院,1045,嶺東科技大學,學士班(日間),女,4143,230,127,127,0,0,0,0,0,0,103,4,0,44,55,0
111,1,私立,技專校院,1045,嶺東科技大學,學士班(進修),女,1169,126,40,38,0,0,0,0,2,0,86,18,0,25,43,0
111,1,私立,技專校院,1045,嶺東科技大學,學士班(進修),男,1314,187,49,47,0,0,0,0,2,0,138,30,0,50,58,0
111,1,私立,技專校院,1045,嶺東科技大學,碩士班(日間),男,97,18,0,0,0,0,0,0,0,0,18,4,0,1,13,0
111,1,私立,技專校院,1045,嶺東科技大學,碩士在職專班,男,82,24,1,0,0,0,0,0,1,0,23,6,0,6,11,0
111,1,私立,技專校院,1045,嶺東科技大學,學士班(日間),男,2467,122,58,58,0,0,0,0,0,0,64,17,0,24,23,0
111,1,私立,技專校院,1045,嶺東科技大學,碩士班(日間),女,122,22,0,0,0,0,0,0,0,0,22,4,0,0,18,0
111,1,私立,技專校院,1045,嶺東科技大學,碩士在職專班,女,72,9,1,0,0,0,0,0,1,0,8,1,0,1,6,0
111,2,私立,技專校院,1045,嶺東科技大學,學士班(日間),男,2467,134,39,36,0,0,1,2,0,0,95,43,0,30,22,0
111,2,私立,技專校院,1045,嶺東科技大學,學士班(進修),男,1314,99,3,3,0,0,0,0,0,0,96,10,0,55,31,0
111,2,私立,技專校院,1045,嶺東科技大學,碩士班(日間),女,122,15,0,0,0,0,0,0,0,0,15,7,0,4,4,0
111,2,私立,技專校院,1045,嶺東科技大學,碩士在職專班,女,72,4,0,0,0,0,0,0,0,0,4,0,0,3,1,0
111,2,私立,技專校院,1045,嶺東科技大學,學士班(日間),女,4143,164,57,55,0,0,0,1,0,1,107,41,0,30,36,0
111,2,私立,技專校院,1045,嶺東科技大學,學士班(進修),女,1169,92,5,4,0,0,0,0,1,0,87,5,0,51,31,0
111,2,私立,技專校院,1045,嶺東科技大學,碩士班(日間),男,97,15,1,0,0,0,1,0,0,0,14,9,0,2,3,0
111,2,私立,技專校院,1045,嶺東科技大學,碩士在職專班,男,82,4,0,0,0,0,0,0,0,0,4,0,0,3,1,0
111,1,私立,技專校院,1046,中國科技大學,二專(進修),女,148,31,7,6,0,0,0,0,0,1,24,0,0,11,13,0
111,1,私立,技專校院,1046,中國科技大學,學士班(日間),女,2890,186,78,74,0,0,0,1,2,1,108,15,0,41,52,0
111,1,私立,技專校院,1046,中國科技大學,學士班(進修),女,734,68,25,18,0,0,0,2,5,0,43,2,0,17,24,0
111,1,私立,技專校院,1046,中國科技大學,碩士班(日間),男,104,16,0,0,0,0,0,0,0,0,16,1,0,5,10,0
111,1,私立,技專校院,1046,中國科技大學,碩士在職專班,男,36,14,3,0,0,0,0,0,3,0,11,0,0,1,10,0
111,1,私立,技專校院,1046,中國科技大學,二專(進修),男,159,44,5,2,0,0,0,0,3,0,39,0,0,14,25,0
111,1,私立,技專校院,1046,中國科技大學,學士班(日間),男,2526,171,52,50,0,0,0,1,1,0,119,31,0,37,51,0
111,1,私立,技專校院,1046,中國科技大學,學士班(進修),男,916,97,30,28,0,0,0,0,2,0,67,3,0,27,37,0
111,1,私立,技專校院,1046,中國科技大學,碩士班(日間),女,81,13,1,0,0,0,0,0,1,0,12,0,0,5,7,0
111,1,私立,技專校院,1046,中國科技大學,碩士在職專班,女,24,3,0,0,0,0,0,0,0,0,3,0,0,1,2,0
111,2,私立,技專校院,1046,中國科技大學,學士班(進修),女,734,53,4,4,0,0,0,0,0,0,49,14,0,18,17,0
111,2,私立,技專校院,1046,中國科技大學,學士班(進修),男,916,73,10,4,0,0,0,1,4,1,63,19,0,24,20,0
111,2,私立,技專校院,1046,中國科技大學,碩士班(日間),女,81,12,0,0,0,0,0,0,0,0,12,3,0,6,3,0
111,2,私立,技專校院,1046,中國科技大學,碩士班(日間),男,104,9,0,0,0,0,0,0,0,0,9,1,0,3,5,0
111,2,私立,技專校院,1046,中國科技大學,碩士在職專班,女,24,0,0,0,0,0,0,0,0,0,0,0,0,0,0,0
111,2,私立,技專校院,1046,中國科技大學,碩士在職專班,男,36,6,0,0,0,0,0,0,0,0,6,0,0,1,5,0
111,2,私立,技專校院,1046,中國科技大學,二專(進修),女,148,22,1,1,0,0,0,0,0,0,21,1,0,13,7,0
111,2,私立,技專校院,1046,中國科技大學,二專(進修),男,159,24,0,0,0,0,0,0,0,0,24,2,0,11,11,0
111,2,私立,技專校院,1046,中國科技大學,學士班(日間),女,2890,103,26,25,0,0,0,0,0,1,77,32,0,14,31,0
111,2,私立,技專校院,1046,中國科技大學,學士班(日間),男,2526,139,26,25,0,0,0,0,1,0,113,59,0,28,26,0
111,1,私立,技專校院,1047,中臺科技大學,二專(日間),女,9,0,0,0,0,0,0,0,0,0,0,0,0,0,0,0
111,1,私立,技專校院,1047,中臺科技大學,二專(日間),男,5,0,0,0,0,0,0,0,0,0,0,0,0,0,0,0
111,1,私立,技專校院,1047,中臺科技大學,學士班(日間),男,1682,92,39,33,0,0,2,0,3,1,53,13,0,1,39,0
111,1,私立,技專校院,1047,中臺科技大學,學士班(進修),女,1595,98,39,32,0,0,0,1,5,1,59,1,0,1,57,0
111,1,私立,技專校院,1047,中臺科技大學,博士班,女,4,0,0,0,0,0,0,0,0,0,0,0,0,0,0,0
111,1,私立,技專校院,1047,中臺科技大學,博士班,男,4,1,1,0,0,0,0,0,1,0,0,0,0,0,0,0
111,1,私立,技專校院,1047,中臺科技大學,碩士在職專班,女,216,10,0,0,0,0,0,0,0,0,10,0,0,0,10,0
111,1,私立,技專校院,1047,中臺科技大學,學士班(日間),女,2645,78,37,34,0,0,1,0,1,1,41,3,0,0,38,0
111,1,私立,技專校院,1047,中臺科技大學,學士班(進修),男,587,47,19,17,0,0,0,0,2,0,28,4,0,0,24,0
111,1,私立,技專校院,1047,中臺科技大學,碩士班(日間),女,84,3,0,0,0,0,0,0,0,0,3,0,0,0,3,0
111,1,私立,技專校院,1047,中臺科技大學,碩士班(日間),男,35,6,0,0,0,0,0,0,0,0,6,1,0,0,5,0
111,1,私立,技專校院,1047,中臺科技大學,碩士在職專班,男,55,7,0,0,0,0,0,0,0,0,7,1,0,0,6,0
111,2,私立,技專校院,1047,中臺科技大學,二專(日間),男,5,0,0,0,0,0,0,0,0,0,0,0,0,0,0,0
111,2,私立,技專校院,1047,中臺科技大學,學士班(日間),女,2645,59,19,16,0,0,0,1,1,1,40,9,0,0,31,0
111,2,私立,技專校院,1047,中臺科技大學,學士班(進修),男,587,58,11,10,0,0,0,0,1,0,47,0,0,0,47,0
111,2,私立,技專校院,1047,中臺科技大學,博士班,女,4,0,0,0,0,0,0,0,0,0,0,0,0,0,0,0
111,2,私立,技專校院,1047,中臺科技大學,碩士班(日間),男,35,0,0,0,0,0,0,0,0,0,0,0,0,0,0,0
111,2,私立,技專校院,1047,中臺科技大學,碩士在職專班,男,55,6,1,0,0,0,0,0,1,0,5,0,0,1,4,0
111,2,私立,技專校院,1047,中臺科技大學,二專(日間),女,9,0,0,0,0,0,0,0,0,0,0,0,0,0,0,0
111,2,私立,技專校院,1047,中臺科技大學,學士班(日間),男,1682,54,11,9,0,0,0,0,2,0,43,7,0,0,36,0
111,2,私立,技專校院,1047,中臺科技大學,學士班(進修),女,1595,87,16,11,0,0,2,0,3,0,71,0,0,0,71,0
111,2,私立,技專校院,1047,中臺科技大學,博士班,男,4,0,0,0,0,0,0,0,0,0,0,0,0,0,0,0
111,2,私立,技專校院,1047,中臺科技大學,碩士班(日間),女,84,5,1,1,0,0,0,0,0,0,4,2,0,0,2,0
111,2,私立,技專校院,1047,中臺科技大學,碩士在職專班,女,216,10,2,2,0,0,0,0,0,0,8,0,0,0,8,0
111,1,私立,一般大學,1048,亞洲大學,學士班(日間),女,5868,203,116,111,0,0,1,2,1,1,87,9,0,31,47,0
111,1,私立,一般大學,1048,亞洲大學,學士班(進修),女,315,47,21,19,0,0,0,1,1,0,26,2,0,13,11,0
111,1,私立,一般大學,1048,亞洲大學,學士班(進修),男,238,35,14,13,0,0,0,0,1,0,21,5,0,9,7,0
111,1,私立,一般大學,1048,亞洲大學,博士班,女,92,7,2,2,0,0,0,0,0,0,5,0,0,3,2,0
111,1,私立,一般大學,1048,亞洲大學,碩士班(日間),女,402,42,8,5,0,0,0,0,2,1,34,11,0,10,13,0
111,1,私立,一般大學,1048,亞洲大學,碩士班(日間),男,229,35,6,4,0,0,0,0,2,0,29,10,0,11,8,0
111,1,私立,一般大學,1048,亞洲大學,碩士在職專班,男,193,18,0,0,0,0,0,0,0,0,18,2,0,11,5,0
111,1,私立,一般大學,1048,亞洲大學,學士班(日間),男,3211,139,60,58,0,0,0,1,1,0,79,23,0,33,23,0
111,1,私立,一般大學,1048,亞洲大學,博士班,男,138,8,1,0,0,0,0,0,1,0,7,3,0,1,3,0
111,1,私立,一般大學,1048,亞洲大學,碩士在職專班,女,227,17,5,1,0,0,1,0,1,2,12,2,0,4,6,0
111,2,私立,一般大學,1048,亞洲大學,學士班(日間),男,3211,69,36,33,0,0,0,2,1,0,33,5,0,12,16,0
111,2,私立,一般大學,1048,亞洲大學,博士班,女,92,5,0,0,0,0,0,0,0,0,5,1,0,3,1,0
111,2,私立,一般大學,1048,亞洲大學,博士班,男,138,14,0,0,0,0,0,0,0,0,14,3,0,10,1,0
111,2,私立,一般大學,1048,亞洲大學,碩士班(日間),女,402,28,1,1,0,0,0,0,0,0,27,7,0,10,10,0
111,2,私立,一般大學,1048,亞洲大學,碩士在職專班,女,227,12,2,1,0,0,0,0,1,0,10,2,0,3,5,0
111,2,私立,一般大學,1048,亞洲大學,學士班(日間),女,5868,107,71,68,0,0,0,3,0,0,36,4,0,9,23,0
111,2,私立,一般大學,1048,亞洲大學,學士班(進修),女,315,26,10,10,0,0,0,0,0,0,16,0,0,7,9,0
111,2,私立,一般大學,1048,亞洲大學,學士班(進修),男,238,14,5,5,0,0,0,0,0,0,9,0,0,7,2,0
111,2,私立,一般大學,1048,亞洲大學,碩士班(日間),男,229,19,3,2,0,0,0,0,1,0,16,2,0,6,8,0
111,2,私立,一般大學,1048,亞洲大學,碩士在職專班,男,193,16,2,2,0,0,0,0,0,0,14,2,0,4,8,0
111,1,私立,一般大學,1049,開南大學,學士班(進修),女,444,26,10,9,0,0,0,0,0,1,16,0,0,8,8,0
111,1,私立,一般大學,1049,開南大學,學士班(進修),男,558,35,11,9,0,0,0,0,2,0,24,0,0,11,13,0
111,1,私立,一般大學,1049,開南大學,碩士班(日間),女,144,7,1,0,0,0,0,0,1,0,6,0,0,2,4,0
111,1,私立,一般大學,1049,開南大學,碩士班(日間),男,84,7,2,1,0,0,0,0,1,0,5,1,0,1,3,0
111,1,私立,一般大學,1049,開南大學,碩士在職專班,女,125,11,1,0,0,0,1,0,0,0,10,0,0,4,6,0
111,1,私立,一般大學,1049,開南大學,碩士在職專班,男,174,13,0,0,0,0,0,0,0,0,13,0,0,5,8,0
111,1,私立,一般大學,1049,開南大學,學士班(日間),女,1647,110,61,61,0,0,0,0,0,0,49,1,0,19,29,0
111,1,私立,一般大學,1049,開南大學,學士班(日間),男,1602,107,50,48,0,0,0,2,0,0,57,5,0,21,31,0
111,2,私立,一般大學,1049,開南大學,學士班(日間),男,1602,70,13,13,0,0,0,0,0,0,57,15,0,23,19,0
111,2,私立,一般大學,1049,開南大學,學士班(日間),女,1647,61,19,19,0,0,0,0,0,0,42,7,0,17,18,0
111,2,私立,一般大學,1049,開南大學,學士班(進修),女,444,57,5,4,0,0,0,0,1,0,52,4,0,41,7,0
111,2,私立,一般大學,1049,開南大學,學士班(進修),男,558,53,6,4,0,0,0,0,2,0,47,4,0,28,15,0
111,2,私立,一般大學,1049,開南大學,碩士班(日間),女,144,12,2,0,0,0,1,0,1,0,10,5,0,1,4,0
111,2,私立,一般大學,1049,開南大學,碩士班(日間),男,84,13,2,2,0,0,0,0,0,0,11,7,0,1,3,0
111,2,私立,一般大學,1049,開南大學,碩士在職專班,女,125,5,0,0,0,0,0,0,0,0,5,1,0,2,2,0
111,2,私立,一般大學,1049,開南大學,碩士在職專班,男,174,18,2,2,0,0,0,0,0,0,16,6,0,7,3,0
111,1,私立,一般大學,1050,佛光大學,學士班(日間),女,1300,61,39,36,0,0,0,0,3,0,22,2,0,20,0,0
111,1,私立,一般大學,1050,佛光大學,博士班,女,44,2,0,0,0,0,0,0,0,0,2,0,0,2,0,0
111,1,私立,一般大學,1050,佛光大學,碩士班(日間),男,183,26,7,2,0,0,0,1,4,0,19,4,0,15,0,0
111,1,私立,一般大學,1050,佛光大學,碩士在職專班,男,56,13,1,0,0,0,0,0,1,0,12,6,0,6,0,0
111,1,私立,一般大學,1050,佛光大學,學士班(日間),男,1169,79,33,28,0,0,1,0,4,0,46,2,0,44,0,0
111,1,私立,一般大學,1050,佛光大學,博士班,男,20,2,0,0,0,0,0,0,0,0,2,2,0,0,0,0
111,1,私立,一般大學,1050,佛光大學,碩士班(日間),女,250,31,6,0,0,0,0,1,5,0,25,10,0,15,0,0
111,1,私立,一般大學,1050,佛光大學,碩士在職專班,女,46,7,0,0,0,0,0,0,0,0,7,3,0,4,0,0
111,2,私立,一般大學,1050,佛光大學,博士班,男,20,0,0,0,0,0,0,0,0,0,0,0,0,0,0,0
111,2,私立,一般大學,1050,佛光大學,碩士班(日間),女,250,14,4,0,0,0,0,0,3,1,10,1,0,9,0,0
111,2,私立,一般大學,1050,佛光大學,碩士在職專班,女,46,2,0,0,0,0,0,0,0,0,2,0,0,2,0,0
111,2,私立,一般大學,1050,佛光大學,碩士在職專班,男,56,7,0,0,0,0,0,0,0,0,7,0,0,7,0,0
111,2,私立,一般大學,1050,佛光大學,學士班(日間),女,1300,41,22,1,0,0,0,0,21,0,19,2,0,17,0,0
111,2,私立,一般大學,1050,佛光大學,學士班(日間),男,1169,27,7,4,0,0,0,0,3,0,20,2,0,18,0,0
111,2,私立,一般大學,1050,佛光大學,博士班,女,44,1,0,0,0,0,0,0,0,0,1,0,0,1,0,0
111,2,私立,一般大學,1050,佛光大學,碩士班(日間),男,183,17,3,0,0,0,0,0,3,0,14,6,0,8,0,0
111,1,私立,技專校院,1051,台南家專學校財團法人台南應用科技大學,學士班(日間),女,5328,152,129,109,0,0,2,3,9,6,23,11,0,12,0,0
111,1,私立,技專校院,1051,台南家專學校財團法人台南應用科技大學,學士班(日間),男,2166,90,65,56,0,0,0,2,4,3,25,13,0,12,0,0
111,1,私立,技專校院,1051,台南家專學校財團法人台南應用科技大學,學士班(進修),男,750,103,21,14,0,0,0,0,7,0,82,11,0,20,51,0
111,1,私立,技專校院,1051,台南家專學校財團法人台南應用科技大學,五專,女,681,34,28,26,0,0,0,0,2,0,6,2,0,4,0,0
111,1,私立,技專校院,1051,台南家專學校財團法人台南應用科技大學,學士班(進修),女,1376,147,43,18,0,0,1,3,21,0,104,11,0,24,69,0
111,1,私立,技專校院,1051,台南家專學校財團法人台南應用科技大學,五專,男,221,7,6,6,0,0,0,0,0,0,1,1,0,0,0,0
111,1,私立,技專校院,1051,台南家專學校財團法人台南應用科技大學,碩士班(日間),女,62,3,2,1,0,0,0,0,0,1,1,0,0,1,0,0
111,1,私立,技專校院,1051,台南家專學校財團法人台南應用科技大學,碩士班(日間),男,32,1,0,0,0,0,0,0,0,0,1,0,0,1,0,0
111,1,私立,技專校院,1051,台南家專學校財團法人台南應用科技大學,碩士在職專班,女,81,5,0,0,0,0,0,0,0,0,5,0,0,0,5,0
111,1,私立,技專校院,1051,台南家專學校財團法人台南應用科技大學,碩士在職專班,男,23,2,0,0,0,0,0,0,0,0,2,0,0,0,2,0
111,2,私立,技專校院,1051,台南家專學校財團法人台南應用科技大學,學士班(日間),女,5328,184,63,52,0,0,3,1,3,4,121,10,0,15,96,0
111,2,私立,技專校院,1051,台南家專學校財團法人台南應用科技大學,學士班(進修),女,1376,72,14,5,0,0,0,2,7,0,58,4,0,24,30,0
111,2,私立,技專校院,1051,台南家專學校財團法人台南應用科技大學,碩士班(日間),男,32,6,1,1,0,0,0,0,0,0,5,1,0,0,4,0
111,2,私立,技專校院,1051,台南家專學校財團法人台南應用科技大學,碩士在職專班,男,23,1,0,0,0,0,0,0,0,0,1,0,0,0,1,0
111,2,私立,技專校院,1051,台南家專學校財團法人台南應用科技大學,學士班(日間),男,2166,97,27,19,0,0,1,1,4,2,70,14,0,6,50,0
111,2,私立,技專校院,1051,台南家專學校財團法人台南應用科技大學,學士班(進修),男,750,58,8,4,0,0,0,1,3,0,50,14,0,17,19,0
111,2,私立,技專校院,1051,台南家專學校財團法人台南應用科技大學,五專,女,681,21,11,9,0,0,1,1,0,0,10,2,0,1,7,0
111,2,私立,技專校院,1051,台南家專學校財團法人台南應用科技大學,五專,男,221,8,2,2,0,0,0,0,0,0,6,0,0,1,5,0
111,2,私立,技專校院,1051,台南家專學校財團法人台南應用科技大學,碩士班(日間),女,62,7,1,0,0,0,0,0,0,1,6,1,0,0,5,0
111,2,私立,技專校院,1051,台南家專學校財團法人台南應用科技大學,碩士在職專班,女,81,3,1,0,0,0,1,0,0,0,2,1,0,1,0,0
111,1,私立,技專校院,1052,中信金學校財團法人中信科技大學,二專(進修),女,58,5,2,0,0,0,0,0,2,0,3,0,0,0,3,0
111,1,私立,技專校院,1052,中信金學校財團法人中信科技大學,學士班(日間),女,501,60,16,12,0,0,1,1,2,0,44,1,0,14,29,0
111,1,私立,技專校院,1052,中信金學校財團法人中信科技大學,學士班(進修),女,200,15,5,2,0,0,0,0,3,0,10,0,0,1,9,0
111,1,私立,技專校院,1052,中信金學校財團法人中信科技大學,學士班(進修),男,477,39,12,9,0,0,0,0,3,0,27,0,0,1,26,0
111,1,私立,技專校院,1052,中信金學校財團法人中信科技大學,碩士班(日間),男,121,11,2,1,0,0,0,0,0,1,9,0,0,5,4,0
111,1,私立,技專校院,1052,中信金學校財團法人中信科技大學,碩士在職專班,男,36,3,0,0,0,0,0,0,0,0,3,0,0,1,2,0
111,1,私立,技專校院,1052,中信金學校財團法人中信科技大學,二專(進修),男,135,22,5,3,0,0,0,0,2,0,17,0,0,0,15,2
111,1,私立,技專校院,1052,中信金學校財團法人中信科技大學,學士班(日間),男,1295,134,47,45,0,0,0,0,2,0,87,4,0,37,46,0
111,1,私立,技專校院,1052,中信金學校財團法人中信科技大學,碩士班(日間),女,107,9,0,0,0,0,0,0,0,0,9,0,0,3,6,0
111,1,私立,技專校院,1052,中信金學校財團法人中信科技大學,碩士在職專班,女,2,0,0,0,0,0,0,0,0,0,0,0,0,0,0,0
111,2,私立,技專校院,1052,中信金學校財團法人中信科技大學,學士班(進修),女,200,6,3,0,0,0,0,0,3,0,3,0,0,0,3,0
111,2,私立,技專校院,1052,中信金學校財團法人中信科技大學,碩士班(日間),女,107,8,2,1,0,0,1,0,0,0,6,0,0,4,2,0
111,2,私立,技專校院,1052,中信金學校財團法人中信科技大學,碩士在職專班,女,2,0,0,0,0,0,0,0,0,0,0,0,0,0,0,0
111,2,私立,技專校院,1052,中信金學校財團法人中信科技大學,碩士在職專班,男,36,0,0,0,0,0,0,0,0,0,0,0,0,0,0,0
111,2,私立,技專校院,1052,中信金學校財團法人中信科技大學,二專(進修),女,58,9,2,1,0,0,0,0,1,0,7,0,0,1,6,0
111,2,私立,技專校院,1052,中信金學校財團法人中信科技大學,二專(進修),男,135,23,8,1,0,0,0,1,6,0,15,0,0,2,13,0
111,2,私立,技專校院,1052,中信金學校財團法人中信科技大學,學士班(日間),女,501,46,19,16,0,0,0,1,0,2,27,2,0,11,14,0
111,2,私立,技專校院,1052,中信金學校財團法人中信科技大學,學士班(日間),男,1295,53,12,10,0,0,1,0,1,0,41,5,0,21,15,0
111,2,私立,技專校院,1052,中信金學校財團法人中信科技大學,學士班(進修),男,477,25,3,1,0,0,0,0,2,0,22,0,0,3,19,0
111,2,私立,技專校院,1052,中信金學校財團法人中信科技大學,碩士班(日間),男,121,13,3,2,0,0,0,0,1,0,10,0,0,4,6,0
111,1,私立,技專校院,1053,光宇學校財團法人元培醫事科技大學,學士班(日間),女,1865,76,29,29,0,0,0,0,0,0,47,6,0,22,19,0
111,1,私立,技專校院,1053,光宇學校財團法人元培醫事科技大學,學士班(日間),男,1272,97,28,27,0,0,0,1,0,0,69,16,0,31,22,0
111,1,私立,技專校院,1053,光宇學校財團法人元培醫事科技大學,學士班(進修),男,675,45,2,2,0,0,0,0,0,0,43,5,0,24,14,0
111,1,私立,技專校院,1053,光宇學校財團法人元培醫事科技大學,碩士班(日間),女,144,19,1,1,0,0,0,0,0,0,18,0,0,6,12,0
111,1,私立,技專校院,1053,光宇學校財團法人元培醫事科技大學,碩士在職專班,男,12,1,0,0,0,0,0,0,0,0,1,0,0,0,1,0
111,1,私立,技專校院,1053,光宇學校財團法人元培醫事科技大學,學士班(進修),女,960,77,9,5,0,0,1,0,3,0,68,2,0,49,17,0
111,1,私立,技專校院,1053,光宇學校財團法人元培醫事科技大學,博士班,女,0,0,0,0,0,0,0,0,0,0,0,0,0,0,0,0
111,1,私立,技專校院,1053,光宇學校財團法人元培醫事科技大學,博士班,男,2,0,0,0,0,0,0,0,0,0,0,0,0,0,0,0
111,1,私立,技專校院,1053,光宇學校財團法人元培醫事科技大學,碩士班(日間),男,101,18,0,0,0,0,0,0,0,0,18,0,0,9,9,0
111,1,私立,技專校院,1053,光宇學校財團法人元培醫事科技大學,碩士在職專班,女,29,3,1,1,0,0,0,0,0,0,2,0,0,1,1,0
111,2,私立,技專校院,1053,光宇學校財團法人元培醫事科技大學,學士班(進修),女,960,58,6,4,0,0,0,0,2,0,52,7,0,30,15,0
111,2,私立,技專校院,1053,光宇學校財團法人元培醫事科技大學,博士班,男,2,0,0,0,0,0,0,0,0,0,0,0,0,0,0,0
111,2,私立,技專校院,1053,光宇學校財團法人元培醫事科技大學,碩士班(日間),女,144,13,0,0,0,0,0,0,0,0,13,1,0,3,9,0
111,2,私立,技專校院,1053,光宇學校財團法人元培醫事科技大學,碩士班(日間),男,101,12,0,0,0,0,0,0,0,0,12,0,0,4,8,0
111,2,私立,技專校院,1053,光宇學校財團法人元培醫事科技大學,碩士在職專班,女,29,3,0,0,0,0,0,0,0,0,3,1,0,0,2,0
111,2,私立,技專校院,1053,光宇學校財團法人元培醫事科技大學,學士班(日間),女,1865,54,24,22,1,0,0,0,0,1,30,15,0,13,2,0
111,2,私立,技專校院,1053,光宇學校財團法人元培醫事科技大學,學士班(日間),男,1272,53,5,1,0,0,1,1,2,0,48,23,0,16,9,0
111,2,私立,技專校院,1053,光宇學校財團法人元培醫事科技大學,學士班(進修),男,675,40,3,2,0,0,0,1,0,0,37,7,0,13,17,0
111,2,私立,技專校院,1053,光宇學校財團法人元培醫事科技大學,博士班,女,0,0,0,0,0,0,0,0,0,0,0,0,0,0,0,0
111,2,私立,技專校院,1053,光宇學校財團法人元培醫事科技大學,碩士在職專班,男,12,1,0,0,0,0,0,0,0,0,1,0,0,1,0,0
111,1,私立,技專校院,1054,景文科技大學,二專(進修),男,44,16,6,6,0,0,0,0,0,0,10,0,0,7,3,0
111,1,私立,技專校院,1054,景文科技大學,學士班(日間),男,1917,117,45,33,0,0,1,1,10,0,72,7,0,23,42,0
111,1,私立,技專校院,1054,景文科技大學,學士班(進修),男,531,67,36,34,0,0,0,0,2,0,31,8,0,15,8,0
111,1,私立,技專校院,1054,景文科技大學,碩士班(日間),女,2,3,0,0,0,0,0,0,0,0,3,0,0,2,1,0
111,1,私立,技專校院,1054,景文科技大學,碩士在職專班,女,21,1,0,0,0,0,0,0,0,0,1,0,0,1,0,0
111,1,私立,技專校院,1054,景文科技大學,二專(進修),女,35,12,3,3,0,0,0,0,0,0,9,0,0,5,4,0
111,1,私立,技專校院,1054,景文科技大學,學士班(日間),女,2311,112,53,48,0,0,2,0,3,0,59,4,0,15,40,0
111,1,私立,技專校院,1054,景文科技大學,學士班(進修),女,440,55,28,24,0,0,0,1,3,0,27,1,0,10,16,0
111,1,私立,技專校院,1054,景文科技大學,碩士班(日間),男,5,4,1,0,0,0,0,0,1,0,3,0,0,1,2,0
111,1,私立,技專校院,1054,景文科技大學,碩士在職專班,男,36,5,2,1,0,0,0,0,1,0,3,0,0,1,2,0
111,2,私立,技專校院,1054,景文科技大學,二專(進修),女,35,7,3,3,0,0,0,0,0,0,4,0,0,3,1,0
111,2,私立,技專校院,1054,景文科技大學,學士班(日間),女,2311,77,24,19,0,0,0,3,2,0,53,14,0,15,24,0
111,2,私立,技專校院,1054,景文科技大學,學士班(進修),女,440,23,2,2,0,0,0,0,0,0,21,2,0,12,7,0
111,2,私立,技專校院,1054,景文科技大學,學士班(進修),男,531,44,3,1,0,0,0,0,2,0,41,5,0,29,7,0
111,2,私立,技專校院,1054,景文科技大學,碩士班(日間),男,5,0,0,0,0,0,0,0,0,0,0,0,0,0,0,0
111,2,私立,技專校院,1054,景文科技大學,碩士在職專班,男,36,3,1,1,0,0,0,0,0,0,2,1,0,1,0,0
111,2,私立,技專校院,1054,景文科技大學,二專(進修),男,44,9,3,2,0,0,0,0,1,0,6,1,0,4,1,0
111,2,私立,技專校院,1054,景文科技大學,學士班(日間),男,1917,82,16,13,0,0,1,0,2,0,66,29,0,17,20,0
111,2,私立,技專校院,1054,景文科技大學,碩士班(日間),女,2,0,0,0,0,0,0,0,0,0,0,0,0,0,0,0
111,2,私立,技專校院,1054,景文科技大學,碩士在職專班,女,21,0,0,0,0,0,0,0,0,0,0,0,0,0,0,0
111,1,私立,技專校院,1055,中華醫事科技大學,二專(進修),女,43,1,0,0,0,0,0,0,0,0,1,0,0,0,1,0
111,1,私立,技專校院,1055,中華醫事科技大學,學士班(日間),女,2312,92,45,36,0,0,0,3,1,5,47,5,1,1,40,0
111,1,私立,技專校院,1055,中華醫事科技大學,學士班(進修),女,825,62,22,16,0,0,0,6,0,0,40,3,0,0,37,0
111,1,私立,技專校院,1055,中華醫事科技大學,學士班(進修),男,464,40,10,8,0,0,0,2,0,0,30,6,0,1,23,0
111,1,私立,技專校院,1055,中華醫事科技大學,五專,女,2444,97,57,46,0,0,0,1,0,10,40,10,5,1,24,0
111,1,私立,技專校院,1055,中華醫事科技大學,碩士班(日間),男,44,1,0,0,0,0,0,0,0,0,1,0,0,0,1,0
111,1,私立,技專校院,1055,中華醫事科技大學,碩士在職專班,男,11,0,0,0,0,0,0,0,0,0,0,0,0,0,0,0
111,1,私立,技專校院,1055,中華醫事科技大學,二專(進修),男,34,2,0,0,0,0,0,0,0,0,2,0,0,0,2,0
111,1,私立,技專校院,1055,中華醫事科技大學,學士班(日間),男,1007,73,25,21,0,0,0,0,0,4,48,14,0,2,32,0
111,1,私立,技專校院,1055,中華醫事科技大學,五專,男,666,47,23,18,0,0,0,0,1,4,24,8,0,0,16,0
111,1,私立,技專校院,1055,中華醫事科技大學,碩士班(日間),女,56,5,0,0,0,0,0,0,0,0,5,0,0,0,5,0
111,1,私立,技專校院,1055,中華醫事科技大學,碩士在職專班,女,12,0,0,0,0,0,0,0,0,0,0,0,0,0,0,0
111,2,私立,技專校院,1055,中華醫事科技大學,學士班(進修),女,825,42,15,13,0,0,0,1,1,0,27,1,0,0,26,0
111,2,私立,技專校院,1055,中華醫事科技大學,五專,男,666,23,10,4,0,0,0,0,0,6,13,9,1,0,3,0
111,2,私立,技專校院,1055,中華醫事科技大學,碩士班(日間),女,56,3,0,0,0,0,0,0,0,0,3,1,0,0,2,0
111,2,私立,技專校院,1055,中華醫事科技大學,碩士班(日間),男,44,1,1,0,0,0,0,1,0,0,0,0,0,0,0,0
111,2,私立,技專校院,1055,中華醫事科技大學,碩士在職專班,女,12,2,0,0,0,0,0,0,0,0,2,0,0,1,1,0
111,2,私立,技專校院,1055,中華醫事科技大學,碩士在職專班,男,11,0,0,0,0,0,0,0,0,0,0,0,0,0,0,0
111,2,私立,技專校院,1055,中華醫事科技大學,二專(進修),女,43,1,1,0,0,0,0,1,0,0,0,0,0,0,0,0
111,2,私立,技專校院,1055,中華醫事科技大學,二專(進修),男,34,1,0,0,0,0,0,0,0,0,1,0,0,0,1,0
111,2,私立,技專校院,1055,中華醫事科技大學,學士班(日間),女,2312,65,30,21,0,0,1,3,1,4,35,2,0,1,32,0
111,2,私立,技專校院,1055,中華醫事科技大學,學士班(日間),男,1007,47,13,11,0,0,0,1,0,1,34,4,0,0,30,0
111,2,私立,技專校院,1055,中華醫事科技大學,學士班(進修),男,464,32,4,2,0,0,0,2,0,0,28,3,1,0,24,0
111,2,私立,技專校院,1055,中華醫事科技大學,五專,女,2444,51,26,18,0,0,1,0,3,4,25,8,1,0,16,0
111,1,私立,技專校院,1056,東南科技大學,學士班(日間),女,1325,97,30,29,0,0,0,1,0,0,67,3,9,12,43,0
111,1,私立,技專校院,1056,東南科技大學,學士班(進修),女,158,19,9,7,0,0,0,2,0,0,10,0,1,0,9,0
111,1,私立,技專校院,1056,東南科技大學,學士班(進修),男,382,41,4,3,0,0,0,0,1,0,37,0,5,0,32,0
111,1,私立,技專校院,1056,東南科技大學,碩士班(日間),男,80,5,0,0,0,0,0,0,0,0,5,0,0,1,4,0
111,1,私立,技專校院,1056,東南科技大學,碩士在職專班,男,53,2,0,0,0,0,0,0,0,0,2,0,0,0,2,0
111,1,私立,技專校院,1056,東南科技大學,學士班(日間),男,2320,162,28,22,0,0,0,1,3,2,134,10,24,17,83,0
111,1,私立,技專校院,1056,東南科技大學,碩士班(日間),女,51,3,2,0,0,0,0,0,0,2,1,0,0,0,1,0
111,1,私立,技專校院,1056,東南科技大學,碩士在職專班,女,7,0,0,0,0,0,0,0,0,0,0,0,0,0,0,0
111,2,私立,技專校院,1056,東南科技大學,碩士班(日間),女,51,1,1,0,0,0,0,0,1,0,0,0,0,0,0,0
111,2,私立,技專校院,1056,東南科技大學,碩士在職專班,女,7,1,0,0,0,0,0,0,0,0,1,0,0,0,1,0
111,2,私立,技專校院,1056,東南科技大學,學士班(日間),女,1325,71,15,12,0,0,0,0,1,2,56,8,10,18,20,0
111,2,私立,技專校院,1056,東南科技大學,學士班(日間),男,2320,124,14,8,0,0,0,0,4,2,110,16,20,26,48,0
111,2,私立,技專校院,1056,東南科技大學,學士班(進修),女,158,11,0,0,0,0,0,0,0,0,11,0,0,0,11,0
111,2,私立,技專校院,1056,東南科技大學,學士班(進修),男,382,25,2,1,0,0,0,0,1,0,23,0,2,0,21,0
111,2,私立,技專校院,1056,東南科技大學,碩士班(日間),男,80,10,1,0,0,0,0,0,1,0,9,0,0,1,8,0
111,2,私立,技專校院,1056,東南科技大學,碩士在職專班,男,53,4,0,0,0,0,0,0,0,0,4,0,0,0,4,0
111,1,私立,技專校院,1057,德明財經科技大學,學士班(日間),女,3375,126,63,59,0,0,1,0,2,1,63,19,1,4,39,0
111,1,私立,技專校院,1057,德明財經科技大學,學士班(日間),男,2517,129,55,51,0,0,0,0,3,1,74,19,0,9,46,0
111,1,私立,技專校院,1057,德明財經科技大學,碩士班(日間),男,21,3,0,0,0,0,0,0,0,0,3,2,0,1,0,0
111,1,私立,技專校院,1057,德明財經科技大學,學士班(進修),女,249,26,16,13,0,1,0,0,1,1,10,0,0,1,9,0
111,1,私立,技專校院,1057,德明財經科技大學,學士班(進修),男,217,27,10,10,0,0,0,0,0,0,17,4,0,1,12,0
111,1,私立,技專校院,1057,德明財經科技大學,碩士班(日間),女,20,3,0,0,0,0,0,0,0,0,3,1,0,1,1,0
111,1,私立,技專校院,1057,德明財經科技大學,碩士在職專班,女,11,0,0,0,0,0,0,0,0,0,0,0,0,0,0,0
111,1,私立,技專校院,1057,德明財經科技大學,碩士在職專班,男,15,4,0,0,0,0,0,0,0,0,4,3,0,0,1,0
111,2,私立,技專校院,1057,德明財經科技大學,學士班(進修),男,217,7,0,0,0,0,0,0,0,0,7,1,0,0,6,0
111,2,私立,技專校院,1057,德明財經科技大學,碩士班(日間),女,20,0,0,0,0,0,0,0,0,0,0,0,0,0,0,0
111,2,私立,技專校院,1057,德明財經科技大學,碩士班(日間),男,21,3,0,0,0,0,0,0,0,0,3,1,0,0,2,0
111,2,私立,技專校院,1057,德明財經科技大學,碩士在職專班,女,11,1,1,0,0,0,0,0,1,0,0,0,0,0,0,0
111,2,私立,技專校院,1057,德明財經科技大學,碩士在職專班,男,15,0,0,0,0,0,0,0,0,0,0,0,0,0,0,0
111,2,私立,技專校院,1057,德明財經科技大學,學士班(日間),女,3375,68,28,23,0,0,1,0,4,0,40,5,0,1,34,0
111,2,私立,技專校院,1057,德明財經科技大學,學士班(日間),男,2517,93,37,21,0,0,2,0,12,2,56,18,0,0,38,0
111,2,私立,技專校院,1057,德明財經科技大學,學士班(進修),女,249,10,0,0,0,0,0,0,0,0,10,1,0,1,8,0
111,1,私立,一般大學,1058,明道學校財團法人明道大學,學士班(進修),女,112,8,0,0,0,0,0,0,0,0,8,0,0,1,7,0
111,1,私立,一般大學,1058,明道學校財團法人明道大學,博士班,女,13,0,0,0,0,0,0,0,0,0,0,0,0,0,0,0
111,1,私立,一般大學,1058,明道學校財團法人明道大學,博士班,男,17,0,0,0,0,0,0,0,0,0,0,0,0,0,0,0
111,1,私立,一般大學,1058,明道學校財團法人明道大學,碩士班(日間),女,70,17,0,0,0,0,0,0,0,0,17,1,0,9,7,0
111,1,私立,一般大學,1058,明道學校財團法人明道大學,碩士班(日間),男,74,15,1,1,0,0,0,0,0,0,14,1,0,10,3,0
111,1,私立,一般大學,1058,明道學校財團法人明道大學,碩士在職專班,女,30,8,0,0,0,0,0,0,0,0,8,0,0,4,4,0
111,1,私立,一般大學,1058,明道學校財團法人明道大學,碩士在職專班,男,11,1,0,0,0,0,0,0,0,0,1,0,0,0,1,0
111,1,私立,一般大學,1058,明道學校財團法人明道大學,學士班(日間),女,366,32,11,11,0,0,0,0,0,0,21,2,0,6,13,0
111,1,私立,一般大學,1058,明道學校財團法人明道大學,學士班(日間),男,427,51,18,14,0,0,0,2,2,0,33,0,0,16,17,0
111,1,私立,一般大學,1058,明道學校財團法人明道大學,學士班(進修),男,256,16,6,4,0,0,0,1,1,0,10,0,0,1,9,0
111,2,私立,一般大學,1058,明道學校財團法人明道大學,學士班(日間),男,427,20,7,4,0,0,1,0,2,0,13,1,0,2,10,0
111,2,私立,一般大學,1058,明道學校財團法人明道大學,學士班(進修),男,256,13,3,2,0,0,0,0,1,0,10,2,0,3,5,0
111,2,私立,一般大學,1058,明道學校財團法人明道大學,碩士班(日間),女,70,5,0,0,0,0,0,0,0,0,5,1,0,0,4,0
111,2,私立,一般大學,1058,明道學校財團法人明道大學,碩士在職專班,女,30,2,0,0,0,0,0,0,0,0,2,0,0,1,1,0
111,2,私立,一般大學,1058,明道學校財團法人明道大學,學士班(日間),女,366,13,9,8,0,0,0,0,1,0,4,0,0,0,4,0
111,2,私立,一般大學,1058,明道學校財團法人明道大學,學士班(進修),女,112,8,2,1,0,0,0,0,1,0,6,0,0,1,5,0
111,2,私立,一般大學,1058,明道學校財團法人明道大學,博士班,女,13,0,0,0,0,0,0,0,0,0,0,0,0,0,0,0
111,2,私立,一般大學,1058,明道學校財團法人明道大學,博士班,男,17,0,0,0,0,0,0,0,0,0,0,0,0,0,0,0
111,2,私立,一般大學,1058,明道學校財團法人明道大學,碩士班(日間),男,74,6,0,0,0,0,0,0,0,0,6,0,0,3,3,0
111,2,私立,一般大學,1058,明道學校財團法人明道大學,碩士在職專班,男,11,4,0,0,0,0,0,0,0,0,4,0,0,0,4,0
111,1,私立,技專校院,1060,南開科技大學,二專(進修),女,25,2,0,0,0,0,0,0,0,0,2,0,0,1,1,0
111,1,私立,技專校院,1060,南開科技大學,學士班(日間),女,430,20,9,7,0,0,2,0,0,0,11,3,0,3,5,0
111,1,私立,技專校院,1060,南開科技大學,學士班(進修),女,281,13,1,1,0,0,0,0,0,0,12,0,0,4,8,0
111,1,私立,技專校院,1060,南開科技大學,碩士班(日間),女,35,4,0,0,0,0,0,0,0,0,4,1,0,0,3,0
111,1,私立,技專校院,1060,南開科技大學,碩士班(日間),男,38,8,0,0,0,0,0,0,0,0,8,0,0,0,8,0
111,1,私立,技專校院,1060,南開科技大學,碩士在職專班,女,32,6,0,0,0,0,0,0,0,0,6,1,0,0,5,0
111,1,私立,技專校院,1060,南開科技大學,碩士在職專班,男,19,3,1,1,0,0,0,0,0,0,2,1,0,0,1,0
111,1,私立,技專校院,1060,南開科技大學,二專(進修),男,28,9,0,0,0,0,0,0,0,0,9,0,0,5,4,0
111,1,私立,技專校院,1060,南開科技大學,學士班(日間),男,1045,57,24,18,0,0,1,0,5,0,33,6,0,10,17,0
111,1,私立,技專校院,1060,南開科技大學,學士班(進修),男,510,38,15,13,0,0,0,0,2,0,23,1,0,7,15,0
111,1,私立,技專校院,1060,南開科技大學,五專,女,44,7,5,4,0,0,1,0,0,0,2,0,0,1,1,0
111,1,私立,技專校院,1060,南開科技大學,五專,男,297,41,24,23,0,0,0,0,1,0,17,1,2,4,10,0
111,2,私立,技專校院,1060,南開科技大學,二專(進修),男,28,0,0,0,0,0,0,0,0,0,0,0,0,0,0,0
111,2,私立,技專校院,1060,南開科技大學,學士班(日間),男,1045,35,13,10,0,0,2,0,1,0,22,8,0,7,7,0
111,2,私立,技專校院,1060,南開科技大學,學士班(進修),男,510,18,2,0,0,0,0,1,0,1,16,4,0,5,7,0
111,2,私立,技專校院,1060,南開科技大學,五專,男,297,19,3,3,0,0,0,0,0,0,16,11,0,0,5,0
111,2,私立,技專校院,1060,南開科技大學,碩士班(日間),女,35,0,0,0,0,0,0,0,0,0,0,0,0,0,0,0
111,2,私立,技專校院,1060,南開科技大學,二專(進修),女,25,1,0,0,0,0,0,0,0,0,1,0,0,0,1,0
111,2,私立,技專校院,1060,南開科技大學,學士班(日間),女,430,19,7,3,0,0,0,0,4,0,12,2,0,5,5,0
111,2,私立,技專校院,1060,南開科技大學,學士班(進修),女,281,10,1,1,0,0,0,0,0,0,9,0,0,7,2,0
111,2,私立,技專校院,1060,南開科技大學,五專,女,44,0,0,0,0,0,0,0,0,0,0,0,0,0,0,0
111,2,私立,技專校院,1060,南開科技大學,碩士班(日間),男,38,2,0,0,0,0,0,0,0,0,2,0,0,1,1,0
111,2,私立,技專校院,1060,南開科技大學,碩士在職專班,女,32,2,0,0,0,0,0,0,0,0,2,0,0,0,2,0
111,2,私立,技專校院,1060,南開科技大學,碩士在職專班,男,19,1,0,0,0,0,0,0,0,0,1,0,0,1,0,0
111,1,私立,技專校院,1061,中華學校財團法人中華科技大學,二專(進修),女,41,6,0,0,0,0,0,0,0,0,6,0,0,0,6,0
111,1,私立,技專校院,1061,中華學校財團法人中華科技大學,二專(進修),男,80,14,0,0,0,0,0,0,0,0,14,0,0,0,14,0
111,1,私立,技專校院,1061,中華學校財團法人中華科技大學,學士班(日間),女,695,77,16,11,0,0,0,2,1,2,61,1,1,0,59,0
111,1,私立,技專校院,1061,中華學校財團法人中華科技大學,學士班(日間),男,1670,179,32,25,0,0,1,2,3,1,147,5,2,0,140,0
111,1,私立,技專校院,1061,中華學校財團法人中華科技大學,學士班(進修),男,795,34,5,3,0,0,0,0,2,0,29,5,0,0,24,0
111,1,私立,技專校院,1061,中華學校財團法人中華科技大學,碩士在職專班,女,21,0,0,0,0,0,0,0,0,0,0,0,0,0,0,0
111,1,私立,技專校院,1061,中華學校財團法人中華科技大學,學士班(進修),女,310,7,0,0,0,0,0,0,0,0,7,0,0,1,6,0
111,1,私立,技專校院,1061,中華學校財團法人中華科技大學,碩士班(日間),女,66,3,0,0,0,0,0,0,0,0,3,0,0,0,3,0
111,1,私立,技專校院,1061,中華學校財團法人中華科技大學,碩士班(日間),男,131,21,1,0,0,0,0,0,0,1,20,0,0,0,20,0
111,1,私立,技專校院,1061,中華學校財團法人中華科技大學,碩士在職專班,男,77,2,0,0,0,0,0,0,0,0,2,0,0,0,2,0
111,2,私立,技專校院,1061,中華學校財團法人中華科技大學,二專(進修),女,41,3,0,0,0,0,0,0,0,0,3,0,0,0,3,0
111,2,私立,技專校院,1061,中華學校財團法人中華科技大學,學士班(日間),女,695,45,14,13,0,0,0,0,1,0,31,8,1,2,20,0
111,2,私立,技專校院,1061,中華學校財團法人中華科技大學,學士班(進修),女,310,10,2,0,0,0,0,0,0,2,8,2,0,0,6,0
111,2,私立,技專校院,1061,中華學校財團法人中華科技大學,碩士班(日間),女,66,3,1,0,0,0,0,0,1,0,2,0,0,0,2,0
111,2,私立,技專校院,1061,中華學校財團法人中華科技大學,碩士班(日間),男,131,8,0,0,0,0,0,0,0,0,8,0,0,0,8,0
111,2,私立,技專校院,1061,中華學校財團法人中華科技大學,碩士在職專班,女,21,1,0,0,0,0,0,0,0,0,1,0,0,0,1,0
111,2,私立,技專校院,1061,中華學校財團法人中華科技大學,碩士在職專班,男,77,5,1,0,0,0,0,0,0,1,4,0,0,0,4,0
111,2,私立,技專校院,1061,中華學校財團法人中華科技大學,二專(進修),男,80,10,1,1,0,0,0,0,0,0,9,0,0,0,9,0
111,2,私立,技專校院,1061,中華學校財團法人中華科技大學,學士班(日間),男,1670,73,12,9,0,0,0,1,1,1,61,11,1,8,41,0
111,2,私立,技專校院,1061,中華學校財團法人中華科技大學,學士班(進修),男,795,35,5,2,0,0,0,0,3,0,30,4,0,0,26,0
111,1,私立,技專校院,1062,僑光科技大學,學士班(日間),男,2323,122,60,57,0,0,0,1,2,0,62,13,0,27,22,0
111,1,私立,技專校院,1062,僑光科技大學,碩士班(日間),女,31,3,0,0,0,0,0,0,0,0,3,0,0,0,3,0
111,1,私立,技專校院,1062,僑光科技大學,學士班(日間),女,2948,111,58,54,0,0,0,2,2,0,53,11,0,13,29,0
111,1,私立,技專校院,1062,僑光科技大學,學士班(進修),女,1411,106,41,28,0,0,0,3,10,0,65,11,0,37,17,0
111,1,私立,技專校院,1062,僑光科技大學,學士班(進修),男,2131,193,73,62,0,0,0,1,6,4,120,23,0,68,29,0
111,1,私立,技專校院,1062,僑光科技大學,碩士班(日間),男,23,1,1,1,0,0,0,0,0,0,0,0,0,0,0,0
111,1,私立,技專校院,1062,僑光科技大學,碩士在職專班,女,16,0,0,0,0,0,0,0,0,0,0,0,0,0,0,0
111,1,私立,技專校院,1062,僑光科技大學,碩士在職專班,男,17,1,0,0,0,0,0,0,0,0,1,0,0,1,0,0
111,2,私立,技專校院,1062,僑光科技大學,學士班(日間),女,2948,73,28,25,0,0,0,1,2,0,45,13,0,12,20,0
111,2,私立,技專校院,1062,僑光科技大學,學士班(日間),男,2323,93,36,29,0,0,0,0,6,1,57,25,0,11,21,0
111,2,私立,技專校院,1062,僑光科技大學,學士班(進修),男,2131,145,19,11,0,0,1,2,5,0,126,32,0,74,20,0
111,2,私立,技專校院,1062,僑光科技大學,碩士班(日間),男,23,3,0,0,0,0,0,0,0,0,3,0,0,2,1,0
111,2,私立,技專校院,1062,僑光科技大學,碩士在職專班,女,16,0,0,0,0,0,0,0,0,0,0,0,0,0,0,0
111,2,私立,技專校院,1062,僑光科技大學,學士班(進修),女,1411,88,11,7,0,0,0,1,3,0,77,12,0,50,15,0
111,2,私立,技專校院,1062,僑光科技大學,碩士班(日間),女,31,1,0,0,0,0,0,0,0,0,1,0,0,0,1,0
111,2,私立,技專校院,1062,僑光科技大學,碩士在職專班,男,17,2,0,0,0,0,0,0,0,0,2,0,0,1,1,0
111,1,私立,技專校院,1063,廣亞學校財團法人育達科技大學,學士班(進修),女,1046,60,23,14,0,0,0,0,5,4,37,1,0,20,16,0
111,1,私立,技專校院,1063,廣亞學校財團法人育達科技大學,碩士班(日間),男,58,6,1,0,0,0,0,0,0,1,5,0,0,3,2,0
111,1,私立,技專校院,1063,廣亞學校財團法人育達科技大學,碩士在職專班,女,80,2,0,0,0,0,0,0,0,0,2,0,0,1,1,0
111,1,私立,技專校院,1063,廣亞學校財團法人育達科技大學,學士班(日間),女,589,41,21,15,0,0,1,3,2,0,20,3,0,10,7,0
111,1,私立,技專校院,1063,廣亞學校財團法人育達科技大學,學士班(日間),男,673,50,13,12,0,0,0,1,0,0,37,3,0,18,16,0
111,1,私立,技專校院,1063,廣亞學校財團法人育達科技大學,學士班(進修),男,801,63,28,17,0,0,1,0,8,2,35,0,0,26,9,0
111,1,私立,技專校院,1063,廣亞學校財團法人育達科技大學,碩士班(日間),女,92,3,2,0,0,0,1,0,0,1,1,0,0,1,0,0
111,1,私立,技專校院,1063,廣亞學校財團法人育達科技大學,碩士在職專班,男,95,10,0,0,0,0,0,0,0,0,10,0,0,6,4,0
111,2,私立,技專校院,1063,廣亞學校財團法人育達科技大學,學士班(日間),女,589,29,9,2,0,0,1,1,2,3,20,4,0,9,7,0
111,2,私立,技專校院,1063,廣亞學校財團法人育達科技大學,學士班(日間),男,673,25,5,4,0,0,0,0,1,0,20,6,0,12,2,0
111,2,私立,技專校院,1063,廣亞學校財團法人育達科技大學,學士班(進修),男,801,48,4,0,0,0,0,0,4,0,44,5,0,28,11,0
111,2,私立,技專校院,1063,廣亞學校財團法人育達科技大學,碩士在職專班,男,95,12,1,0,0,0,0,0,0,1,11,0,0,8,3,0
111,2,私立,技專校院,1063,廣亞學校財團法人育達科技大學,學士班(進修),女,1046,34,3,1,0,0,0,0,1,1,31,1,0,19,11,0
111,2,私立,技專校院,1063,廣亞學校財團法人育達科技大學,碩士班(日間),女,92,6,0,0,0,0,0,0,0,0,6,1,0,5,0,0
111,2,私立,技專校院,1063,廣亞學校財團法人育達科技大學,碩士班(日間),男,58,6,0,0,0,0,0,0,0,0,6,2,0,2,2,0
111,2,私立,技專校院,1063,廣亞學校財團法人育達科技大學,碩士在職專班,女,80,3,1,0,0,0,0,0,1,0,2,0,0,1,1,0
111,1,私立,技專校院,1064,美和學校財團法人美和科技大學,二專(進修),女,51,2,0,0,0,0,0,0,0,0,2,0,0,0,2,0
111,1,私立,技專校院,1064,美和學校財團法人美和科技大學,二專(進修),男,58,12,1,1,0,0,0,0,0,0,11,2,0,5,4,0
111,1,私立,技專校院,1064,美和學校財團法人美和科技大學,學士班(日間),女,1148,57,21,19,0,0,1,0,1,0,36,4,0,6,26,0
111,1,私立,技專校院,1064,美和學校財團法人美和科技大學,學士班(日間),男,739,51,8,8,0,0,0,0,0,0,43,4,0,10,29,0
111,1,私立,技專校院,1064,美和學校財團法人美和科技大學,學士班(進修),男,364,28,7,7,0,0,0,0,0,0,21,3,0,5,13,0
111,1,私立,技專校院,1064,美和學校財團法人美和科技大學,五專,女,1396,60,34,28,0,0,1,3,1,1,26,5,1,4,16,0
111,1,私立,技專校院,1064,美和學校財團法人美和科技大學,五專,男,229,26,12,9,0,0,0,0,3,0,14,2,0,2,10,0
111,1,私立,技專校院,1064,美和學校財團法人美和科技大學,碩士在職專班,男,36,4,0,0,0,0,0,0,0,0,4,1,0,0,3,0
111,1,私立,技專校院,1064,美和學校財團法人美和科技大學,學士班(進修),女,1169,57,12,10,0,0,1,0,1,0,45,2,0,10,33,0
111,1,私立,技專校院,1064,美和學校財團法人美和科技大學,碩士班(日間),女,90,7,1,0,0,0,0,1,0,0,6,0,0,0,6,0
111,1,私立,技專校院,1064,美和學校財團法人美和科技大學,碩士班(日間),男,57,6,0,0,0,0,0,0,0,0,6,0,0,1,5,0
111,1,私立,技專校院,1064,美和學校財團法人美和科技大學,碩士在職專班,女,165,4,1,1,0,0,0,0,0,0,3,1,0,0,2,0
111,2,私立,技專校院,1064,美和學校財團法人美和科技大學,學士班(進修),女,1169,42,7,4,0,0,1,1,1,0,35,1,0,17,17,0
111,2,私立,技專校院,1064,美和學校財團法人美和科技大學,學士班(進修),男,364,23,0,0,0,0,0,0,0,0,23,1,0,13,9,0
111,2,私立,技專校院,1064,美和學校財團法人美和科技大學,五專,女,1396,39,13,12,0,0,0,1,0,0,26,5,6,11,4,0
111,2,私立,技專校院,1064,美和學校財團法人美和科技大學,碩士班(日間),女,90,2,0,0,0,0,0,0,0,0,2,0,0,2,0,0
111,2,私立,技專校院,1064,美和學校財團法人美和科技大學,碩士班(日間),男,57,3,0,0,0,0,0,0,0,0,3,0,0,1,2,0
111,2,私立,技專校院,1064,美和學校財團法人美和科技大學,碩士在職專班,女,165,3,0,0,0,0,0,0,0,0,3,0,0,1,2,0
111,2,私立,技專校院,1064,美和學校財團法人美和科技大學,二專(進修),女,51,2,0,0,0,0,0,0,0,0,2,0,0,2,0,0
111,2,私立,技專校院,1064,美和學校財團法人美和科技大學,二專(進修),男,58,9,1,0,0,0,0,0,1,0,8,1,0,6,1,0
111,2,私立,技專校院,1064,美和學校財團法人美和科技大學,學士班(日間),女,1148,36,11,11,0,0,0,0,0,0,25,2,0,8,15,0
111,2,私立,技專校院,1064,美和學校財團法人美和科技大學,學士班(日間),男,739,24,4,4,0,0,0,0,0,0,20,2,0,6,12,0
111,2,私立,技專校院,1064,美和學校財團法人美和科技大學,五專,男,229,12,7,6,0,0,0,0,1,0,5,3,2,0,0,0
111,2,私立,技專校院,1064,美和學校財團法人美和科技大學,碩士在職專班,男,36,1,0,0,0,0,0,0,0,0,1,0,0,1,0,0
111,1,私立,技專校院,1065,吳鳳科技大學,二專(進修),男,111,3,2,2,0,0,0,0,0,0,1,0,0,0,1,0
111,1,私立,技專校院,1065,吳鳳科技大學,學士班(日間),男,1754,112,84,45,0,0,1,3,32,3,28,4,0,12,12,0
111,1,私立,技專校院,1065,吳鳳科技大學,學士班(進修),男,808,52,18,13,0,0,0,0,4,1,34,1,0,4,29,0
111,1,私立,技專校院,1065,吳鳳科技大學,碩士班(日間),女,10,1,1,0,0,0,0,0,0,1,0,0,0,0,0,0
111,1,私立,技專校院,1065,吳鳳科技大學,二專(進修),女,95,13,5,2,0,0,1,0,2,0,8,0,0,0,8,0
111,1,私立,技專校院,1065,吳鳳科技大學,學士班(日間),女,896,56,37,13,0,0,1,2,13,8,19,3,0,6,10,0
111,1,私立,技專校院,1065,吳鳳科技大學,學士班(進修),女,566,35,14,10,0,0,0,0,4,0,21,0,0,0,21,0
111,1,私立,技專校院,1065,吳鳳科技大學,碩士班(日間),男,38,2,2,1,0,0,0,0,1,0,0,0,0,0,0,0
111,1,私立,技專校院,1065,吳鳳科技大學,碩士在職專班,女,19,0,0,0,0,0,0,0,0,0,0,0,0,0,0,0
111,1,私立,技專校院,1065,吳鳳科技大學,碩士在職專班,男,44,0,0,0,0,0,0,0,0,0,0,0,0,0,0,0
111,2,私立,技專校院,1065,吳鳳科技大學,二專(進修),女,95,0,0,0,0,0,0,0,0,0,0,0,0,0,0,0
111,2,私立,技專校院,1065,吳鳳科技大學,學士班(日間),女,896,34,30,3,0,0,0,1,26,0,4,2,0,2,0,0
111,2,私立,技專校院,1065,吳鳳科技大學,學士班(進修),女,566,11,3,1,0,0,0,1,1,0,8,2,0,1,5,0
111,2,私立,技專校院,1065,吳鳳科技大學,學士班(進修),男,808,33,4,1,0,0,0,0,3,0,29,2,0,6,21,0
111,2,私立,技專校院,1065,吳鳳科技大學,碩士班(日間),男,38,1,0,0,0,0,0,0,0,0,1,0,0,1,0,0
111,2,私立,技專校院,1065,吳鳳科技大學,碩士在職專班,女,19,0,0,0,0,0,0,0,0,0,0,0,0,0,0,0
111,2,私立,技專校院,1065,吳鳳科技大學,碩士在職專班,男,44,3,3,0,0,0,0,0,3,0,0,0,0,0,0,0
111,2,私立,技專校院,1065,吳鳳科技大學,二專(進修),男,111,8,4,0,0,0,0,0,4,0,4,0,0,0,4,0
111,2,私立,技專校院,1065,吳鳳科技大學,學士班(日間),男,1754,67,53,8,0,0,1,1,43,0,14,5,0,8,1,0
111,2,私立,技專校院,1065,吳鳳科技大學,碩士班(日間),女,10,0,0,0,0,0,0,0,0,0,0,0,0,0,0,0
111,1,私立,技專校院,1066,環球學校財團法人環球科技大學,二專(進修),男,67,8,2,2,0,0,0,0,0,0,6,3,0,2,1,0
111,1,私立,技專校院,1066,環球學校財團法人環球科技大學,學士班(日間),男,622,44,4,4,0,0,0,0,0,0,40,4,3,8,25,0
111,1,私立,技專校院,1066,環球學校財團法人環球科技大學,學士班(進修),男,273,39,14,11,0,0,0,0,1,2,25,2,0,16,7,0
111,1,私立,技專校院,1066,環球學校財團法人環球科技大學,碩士班(日間),女,56,5,0,0,0,0,0,0,0,0,5,0,0,2,3,0
111,1,私立,技專校院,1066,環球學校財團法人環球科技大學,碩士在職專班,女,42,10,0,0,0,0,0,0,0,0,10,1,0,8,1,0
111,1,私立,技專校院,1066,環球學校財團法人環球科技大學,二專(進修),女,37,6,2,2,0,0,0,0,0,0,4,1,0,2,1,0
111,1,私立,技專校院,1066,環球學校財團法人環球科技大學,學士班(日間),女,643,53,13,9,0,0,1,3,0,0,40,2,3,14,21,0
111,1,私立,技專校院,1066,環球學校財團法人環球科技大學,學士班(進修),女,306,28,15,12,0,0,0,0,2,1,13,0,0,9,4,0
111,1,私立,技專校院,1066,環球學校財團法人環球科技大學,碩士班(日間),男,43,6,0,0,0,0,0,0,0,0,6,0,0,1,5,0
111,1,私立,技專校院,1066,環球學校財團法人環球科技大學,碩士在職專班,男,22,3,0,0,0,0,0,0,0,0,3,0,0,1,2,0
111,2,私立,技專校院,1066,環球學校財團法人環球科技大學,二專(進修),女,37,3,0,0,0,0,0,0,0,0,3,1,0,1,1,0
111,2,私立,技專校院,1066,環球學校財團法人環球科技大學,學士班(日間),女,643,34,4,3,0,0,0,1,0,0,30,1,1,13,15,0
111,2,私立,技專校院,1066,環球學校財團法人環球科技大學,學士班(進修),女,306,14,3,1,0,0,0,2,0,0,11,0,0,7,4,0
111,2,私立,技專校院,1066,環球學校財團法人環球科技大學,學士班(進修),男,273,37,4,2,0,0,1,0,1,0,33,0,0,18,15,0
111,2,私立,技專校院,1066,環球學校財團法人環球科技大學,碩士班(日間),男,43,6,0,0,0,0,0,0,0,0,6,0,0,1,5,0
111,2,私立,技專校院,1066,環球學校財團法人環球科技大學,碩士在職專班,男,22,1,0,0,0,0,0,0,0,0,1,0,0,1,0,0
111,2,私立,技專校院,1066,環球學校財團法人環球科技大學,二專(進修),男,67,15,0,0,0,0,0,0,0,0,15,11,0,2,2,0
111,2,私立,技專校院,1066,環球學校財團法人環球科技大學,學士班(日間),男,622,42,7,6,0,0,0,1,0,0,35,2,4,11,18,0
111,2,私立,技專校院,1066,環球學校財團法人環球科技大學,碩士班(日間),女,56,7,1,0,0,0,1,0,0,0,6,0,0,5,1,0
111,2,私立,技專校院,1066,環球學校財團法人環球科技大學,碩士在職專班,女,42,3,0,0,0,0,0,0,0,0,3,0,0,2,1,0
111,1,私立,一般大學,1067,台灣首府學校財團法人台灣首府大學,學士班(日間),女,121,63,53,46,0,0,1,1,5,0,10,1,0,7,2,0
111,1,私立,一般大學,1067,台灣首府學校財團法人台灣首府大學,學士班(進修),女,35,11,4,2,1,0,0,0,1,0,7,0,0,3,4,0
111,1,私立,一般大學,1067,台灣首府學校財團法人台灣首府大學,碩士班(日間),女,24,3,1,1,0,0,0,0,0,0,2,0,0,1,1,0
111,1,私立,一般大學,1067,台灣首府學校財團法人台灣首府大學,碩士班(日間),男,9,7,3,1,0,0,0,0,2,0,4,0,0,1,3,0
111,1,私立,一般大學,1067,台灣首府學校財團法人台灣首府大學,學士班(日間),男,102,64,44,41,0,0,0,0,3,0,20,0,0,16,4,0
111,1,私立,一般大學,1067,台灣首府學校財團法人台灣首府大學,學士班(進修),男,46,20,8,4,0,0,0,0,4,0,12,2,0,7,3,0
111,2,私立,一般大學,1067,台灣首府學校財團法人台灣首府大學,學士班(日間),男,102,32,0,0,0,0,0,0,0,0,32,3,0,2,4,23
111,2,私立,一般大學,1067,台灣首府學校財團法人台灣首府大學,學士班(日間),女,121,40,3,2,0,0,0,0,1,0,37,2,0,2,2,31
111,2,私立,一般大學,1067,台灣首府學校財團法人台灣首府大學,學士班(進修),女,35,21,4,1,1,0,0,0,2,0,17,0,0,0,2,15
111,2,私立,一般大學,1067,台灣首府學校財團法人台灣首府大學,學士班(進修),男,46,25,5,4,0,0,0,0,1,0,20,0,0,0,2,18
111,2,私立,一般大學,1067,台灣首府學校財團法人台灣首府大學,碩士班(日間),女,24,16,1,0,0,0,0,0,1,0,15,1,0,1,1,12
111,2,私立,一般大學,1067,台灣首府學校財團法人台灣首府大學,碩士班(日間),男,9,5,0,0,0,0,0,0,0,0,5,4,0,0,0,1
111,1,私立,技專校院,1068,中州學校財團法人中州科技大學,二專(進修),男,1,1,0,0,0,0,0,0,0,0,1,0,0,1,0,0
111,1,私立,技專校院,1068,中州學校財團法人中州科技大學,學士班(日間),男,183,21,11,9,0,0,0,0,0,2,10,1,0,1,8,0
111,1,私立,技專校院,1068,中州學校財團法人中州科技大學,學士班(進修),女,295,11,1,0,0,0,0,0,0,1,10,1,0,6,3,0
111,1,私立,技專校院,1068,中州學校財團法人中州科技大學,學士班(進修),男,289,41,6,4,0,0,0,0,1,1,35,10,0,13,12,0
111,1,私立,技專校院,1068,中州學校財團法人中州科技大學,碩士班(日間),女,0,1,0,0,0,0,0,0,0,0,1,0,0,1,0,0
111,1,私立,技專校院,1068,中州學校財團法人中州科技大學,碩士在職專班,女,3,2,0,0,0,0,0,0,0,0,2,0,0,1,1,0
111,1,私立,技專校院,1068,中州學校財團法人中州科技大學,二專(進修),女,29,3,0,0,0,0,0,0,0,0,3,0,0,1,2,0
111,1,私立,技專校院,1068,中州學校財團法人中州科技大學,學士班(日間),女,105,8,5,2,0,0,0,0,3,0,3,1,0,1,1,0
111,1,私立,技專校院,1068,中州學校財團法人中州科技大學,碩士在職專班,男,2,0,0,0,0,0,0,0,0,0,0,0,0,0,0,0
111,2,私立,技專校院,1068,中州學校財團法人中州科技大學,學士班(進修),女,295,52,2,0,0,0,0,0,2,0,50,3,0,6,2,39
111,2,私立,技專校院,1068,中州學校財團法人中州科技大學,學士班(進修),男,289,133,7,3,0,0,0,0,4,0,126,10,0,6,5,105
111,2,私立,技專校院,1068,中州學校財團法人中州科技大學,碩士在職專班,女,3,0,0,0,0,0,0,0,0,0,0,0,0,0,0,0
111,2,私立,技專校院,1068,中州學校財團法人中州科技大學,二專(進修),女,29,1,0,0,0,0,0,0,0,0,1,0,0,0,0,1
111,2,私立,技專校院,1068,中州學校財團法人中州科技大學,二專(進修),男,1,0,0,0,0,0,0,0,0,0,0,0,0,0,0,0
111,2,私立,技專校院,1068,中州學校財團法人中州科技大學,學士班(日間),女,105,50,1,1,0,0,0,0,0,0,49,2,0,4,0,43
111,2,私立,技專校院,1068,中州學校財團法人中州科技大學,學士班(日間),男,183,89,3,2,0,0,0,0,1,0,86,4,0,1,0,81
111,2,私立,技專校院,1068,中州學校財團法人中州科技大學,碩士在職專班,男,2,0,0,0,0,0,0,0,0,0,0,0,0,0,0,0
111,1,私立,技專校院,1069,修平學校財團法人修平科技大學,二專(進修),男,2,3,0,0,0,0,0,0,0,0,3,0,0,3,0,0
111,1,私立,技專校院,1069,修平學校財團法人修平科技大學,學士班(日間),男,1785,130,63,58,0,0,0,1,4,0,67,17,3,18,29,0
111,1,私立,技專校院,1069,修平學校財團法人修平科技大學,學士班(進修),男,1517,137,49,41,0,0,0,1,7,0,88,14,1,39,34,0
111,1,私立,技專校院,1069,修平學校財團法人修平科技大學,碩士班(日間),女,40,0,0,0,0,0,0,0,0,0,0,0,0,0,0,0
111,1,私立,技專校院,1069,修平學校財團法人修平科技大學,碩士在職專班,女,17,0,0,0,0,0,0,0,0,0,0,0,0,0,0,0
111,1,私立,技專校院,1069,修平學校財團法人修平科技大學,碩士在職專班,男,44,0,0,0,0,0,0,0,0,0,0,0,0,0,0,0
111,1,私立,技專校院,1069,修平學校財團法人修平科技大學,二專(進修),女,0,1,0,0,0,0,0,0,0,0,1,0,0,1,0,0
111,1,私立,技專校院,1069,修平學校財團法人修平科技大學,學士班(日間),女,681,57,26,20,0,0,1,0,5,0,31,9,0,7,15,0
111,1,私立,技專校院,1069,修平學校財團法人修平科技大學,學士班(進修),女,275,22,6,6,0,0,0,0,0,0,16,0,0,11,5,0
111,1,私立,技專校院,1069,修平學校財團法人修平科技大學,碩士班(日間),男,50,3,1,0,0,0,0,0,1,0,2,0,0,1,1,0
111,2,私立,技專校院,1069,修平學校財團法人修平科技大學,學士班(進修),女,275,13,0,0,0,0,0,0,0,0,13,2,0,7,4,0
111,2,私立,技專校院,1069,修平學校財團法人修平科技大學,碩士班(日間),男,50,1,0,0,0,0,0,0,0,0,1,0,0,0,1,0
111,2,私立,技專校院,1069,修平學校財團法人修平科技大學,碩士在職專班,女,17,0,0,0,0,0,0,0,0,0,0,0,0,0,0,0
111,2,私立,技專校院,1069,修平學校財團法人修平科技大學,二專(進修),女,0,0,0,0,0,0,0,0,0,0,0,0,0,0,0,0
111,2,私立,技專校院,1069,修平學校財團法人修平科技大學,二專(進修),男,2,0,0,0,0,0,0,0,0,0,0,0,0,0,0,0
111,2,私立,技專校院,1069,修平學校財團法人修平科技大學,學士班(日間),女,681,33,6,5,0,1,0,0,0,0,27,9,3,9,6,0
111,2,私立,技專校院,1069,修平學校財團法人修平科技大學,學士班(日間),男,1785,62,14,10,0,0,0,1,3,0,48,8,1,21,18,0
111,2,私立,技專校院,1069,修平學校財團法人修平科技大學,學士班(進修),男,1517,77,7,3,0,0,0,0,4,0,70,4,1,39,26,0
111,2,私立,技專校院,1069,修平學校財團法人修平科技大學,碩士班(日間),女,40,3,0,0,0,0,0,0,0,0,3,0,0,3,0,0
111,2,私立,技專校院,1069,修平學校財團法人修平科技大學,碩士在職專班,男,44,4,1,1,0,0,0,0,0,0,3,0,0,3,0,0
111,1,私立,技專校院,1070,長庚學校財團法人長庚科技大學,學士班(日間),女,4247,66,56,49,0,0,2,1,4,0,10,2,0,0,8,0
111,1,私立,技專校院,1070,長庚學校財團法人長庚科技大學,學士班(日間),男,590,9,5,4,0,0,0,0,1,0,4,1,0,0,3,0
111,1,私立,技專校院,1070,長庚學校財團法人長庚科技大學,學士班(進修),男,89,0,0,0,0,0,0,0,0,0,0,0,0,0,0,0
111,1,私立,技專校院,1070,長庚學校財團法人長庚科技大學,學士班(進修),女,1114,23,12,5,0,0,1,0,6,0,11,0,0,0,11,0
111,1,私立,技專校院,1070,長庚學校財團法人長庚科技大學,碩士班(日間),女,65,4,4,2,0,0,1,0,1,0,0,0,0,0,0,0
111,1,私立,技專校院,1070,長庚學校財團法人長庚科技大學,碩士班(日間),男,5,0,0,0,0,0,0,0,0,0,0,0,0,0,0,0
111,1,私立,技專校院,1070,長庚學校財團法人長庚科技大學,碩士在職專班,女,157,4,3,1,0,0,2,0,0,0,1,0,0,0,1,0
111,1,私立,技專校院,1070,長庚學校財團法人長庚科技大學,碩士在職專班,男,4,1,1,0,0,0,0,0,0,1,0,0,0,0,0,0
111,2,私立,技專校院,1070,長庚學校財團法人長庚科技大學,學士班(日間),女,4247,29,19,16,0,1,0,0,2,0,10,3,0,1,6,0
111,2,私立,技專校院,1070,長庚學校財團法人長庚科技大學,學士班(進修),女,1114,11,7,3,0,0,2,0,2,0,4,1,0,1,2,0
111,2,私立,技專校院,1070,長庚學校財團法人長庚科技大學,碩士班(日間),男,5,0,0,0,0,0,0,0,0,0,0,0,0,0,0,0
111,2,私立,技專校院,1070,長庚學校財團法人長庚科技大學,碩士在職專班,男,4,0,0,0,0,0,0,0,0,0,0,0,0,0,0,0
111,2,私立,技專校院,1070,長庚學校財團法人長庚科技大學,學士班(日間),男,590,5,3,3,0,0,0,0,0,0,2,1,0,0,1,0
111,2,私立,技專校院,1070,長庚學校財團法人長庚科技大學,學士班(進修),男,89,0,0,0,0,0,0,0,0,0,0,0,0,0,0,0
111,2,私立,技專校院,1070,長庚學校財團法人長庚科技大學,碩士班(日間),女,65,3,3,1,0,0,0,0,2,0,0,0,0,0,0,0
111,2,私立,技專校院,1070,長庚學校財團法人長庚科技大學,碩士在職專班,女,157,5,1,1,0,0,0,0,0,0,4,2,0,0,2,0
111,1,私立,技專校院,1071,城市學校財團法人臺北城市科技大學,二專(日間),女,4,0,0,0,0,0,0,0,0,0,0,0,0,0,0,0
111,1,私立,技專校院,1071,城市學校財團法人臺北城市科技大學,二專(進修),女,148,37,8,7,0,0,0,0,1,0,29,1,0,0,28,0
111,1,私立,技專校院,1071,城市學校財團法人臺北城市科技大學,二專(進修),男,193,50,10,4,0,0,0,0,6,0,40,0,0,0,40,0
111,1,私立,技專校院,1071,城市學校財團法人臺北城市科技大學,學士班(日間),女,2453,142,66,54,0,0,1,2,5,4,76,10,0,19,47,0
111,1,私立,技專校院,1071,城市學校財團法人臺北城市科技大學,學士班(日間),男,4050,241,102,84,0,0,0,3,12,3,139,22,0,31,86,0
111,1,私立,技專校院,1071,城市學校財團法人臺北城市科技大學,學士班(進修),男,796,100,28,25,0,0,0,2,1,0,72,0,0,0,72,0
111,1,私立,技專校院,1071,城市學校財團法人臺北城市科技大學,五專,女,316,38,30,29,0,0,0,0,0,1,8,3,0,1,4,0
111,1,私立,技專校院,1071,城市學校財團法人臺北城市科技大學,五專,男,522,74,55,53,0,0,0,1,1,0,19,2,0,4,13,0
111,1,私立,技專校院,1071,城市學校財團法人臺北城市科技大學,碩士班(日間),女,22,2,0,0,0,0,0,0,0,0,2,2,0,0,0,0
111,1,私立,技專校院,1071,城市學校財團法人臺北城市科技大學,二專(日間),男,16,0,0,0,0,0,0,0,0,0,0,0,0,0,0,0
111,1,私立,技專校院,1071,城市學校財團法人臺北城市科技大學,學士班(進修),女,399,39,13,12,0,0,1,0,0,0,26,0,0,0,26,0
111,1,私立,技專校院,1071,城市學校財團法人臺北城市科技大學,碩士班(日間),男,66,6,0,0,0,0,0,0,0,0,6,0,0,0,6,0
111,2,私立,技專校院,1071,城市學校財團法人臺北城市科技大學,學士班(進修),女,399,11,4,3,0,0,0,0,1,0,7,0,0,0,7,0
111,2,私立,技專校院,1071,城市學校財團法人臺北城市科技大學,五專,女,316,33,21,21,0,0,0,0,0,0,12,6,0,2,4,0
111,2,私立,技專校院,1071,城市學校財團法人臺北城市科技大學,碩士班(日間),女,22,3,3,2,1,0,0,0,0,0,0,0,0,0,0,0
111,2,私立,技專校院,1071,城市學校財團法人臺北城市科技大學,碩士班(日間),男,66,4,2,1,0,0,0,0,1,0,2,0,0,1,1,0
111,2,私立,技專校院,1071,城市學校財團法人臺北城市科技大學,二專(日間),女,4,0,0,0,0,0,0,0,0,0,0,0,0,0,0,0
111,2,私立,技專校院,1071,城市學校財團法人臺北城市科技大學,二專(日間),男,16,1,1,0,0,0,0,0,0,1,0,0,0,0,0,0
111,2,私立,技專校院,1071,城市學校財團法人臺北城市科技大學,二專(進修),女,148,26,3,3,0,0,0,0,0,0,23,0,0,0,23,0
111,2,私立,技專校院,1071,城市學校財團法人臺北城市科技大學,二專(進修),男,193,47,4,1,0,0,0,0,3,0,43,0,0,1,42,0
111,2,私立,技專校院,1071,城市學校財團法人臺北城市科技大學,學士班(日間),女,2453,141,43,31,0,0,1,1,8,2,98,22,0,33,43,0
111,2,私立,技專校院,1071,城市學校財團法人臺北城市科技大學,學士班(日間),男,4050,201,64,51,0,0,0,3,10,0,137,47,0,49,41,0
111,2,私立,技專校院,1071,城市學校財團法人臺北城市科技大學,學士班(進修),男,796,40,13,9,0,0,0,0,4,0,27,0,0,1,26,0
111,2,私立,技專校院,1071,城市學校財團法人臺北城市科技大學,五專,男,522,48,17,13,0,0,0,0,4,0,31,12,0,10,9,0
111,1,私立,技專校院,1072,大華學校財團法人敏實科技大學,學士班(日間),男,235,11,4,2,0,0,0,0,2,0,7,1,0,1,5,0
111,1,私立,技專校院,1072,大華學校財團法人敏實科技大學,五專,男,59,28,22,15,0,0,0,1,6,0,6,0,3,3,0,0
111,1,私立,技專校院,1072,大華學校財團法人敏實科技大學,學士班(日間),女,113,7,2,1,0,0,0,0,1,0,5,2,0,0,3,0
111,1,私立,技專校院,1072,大華學校財團法人敏實科技大學,學士班(進修),女,52,4,1,0,0,0,0,1,0,0,3,0,0,2,1,0
111,1,私立,技專校院,1072,大華學校財團法人敏實科技大學,學士班(進修),男,49,11,4,3,0,0,0,1,0,0,7,0,0,3,4,0
111,1,私立,技專校院,1072,大華學校財團法人敏實科技大學,五專,女,55,24,21,19,0,0,0,0,2,0,3,0,0,3,0,0
111,2,私立,技專校院,1072,大華學校財團法人敏實科技大學,學士班(日間),女,113,5,0,0,0,0,0,0,0,0,5,1,0,3,1,0
111,2,私立,技專校院,1072,大華學校財團法人敏實科技大學,學士班(日間),男,235,7,0,0,0,0,0,0,0,0,7,0,0,4,3,0
111,2,私立,技專校院,1072,大華學校財團法人敏實科技大學,學士班(進修),女,52,1,0,0,0,0,0,0,0,0,1,1,0,0,0,0
111,2,私立,技專校院,1072,大華學校財團法人敏實科技大學,學士班(進修),男,49,1,0,0,0,0,0,0,0,0,1,0,0,1,0,0
111,2,私立,技專校院,1072,大華學校財團法人敏實科技大學,五專,女,55,6,4,4,0,0,0,0,0,0,2,0,0,1,1,0
111,2,私立,技專校院,1072,大華學校財團法人敏實科技大學,五專,男,59,3,1,0,0,0,0,0,1,0,2,0,0,0,2,0
111,1,私立,技專校院,1073,醒吾學校財團法人醒吾科技大學,二專(進修),女,37,11,5,5,0,0,0,0,0,0,6,0,0,0,6,0
111,1,私立,技專校院,1073,醒吾學校財團法人醒吾科技大學,學士班(日間),女,2932,176,97,88,0,0,2,1,6,0,79,28,4,22,25,0
111,1,私立,技專校院,1073,醒吾學校財團法人醒吾科技大學,學士班(進修),女,535,80,40,36,0,0,0,1,2,1,40,0,0,16,24,0
111,1,私立,技專校院,1073,醒吾學校財團法人醒吾科技大學,學士班(進修),男,437,74,53,52,0,0,0,0,1,0,21,0,0,9,12,0
111,1,私立,技專校院,1073,醒吾學校財團法人醒吾科技大學,五專,女,149,36,21,21,0,0,0,0,0,0,15,4,4,0,7,0
111,1,私立,技專校院,1073,醒吾學校財團法人醒吾科技大學,碩士班(日間),男,23,5,2,0,0,0,0,0,2,0,3,0,0,0,3,0
111,1,私立,技專校院,1073,醒吾學校財團法人醒吾科技大學,碩士在職專班,男,39,1,0,0,0,0,0,0,0,0,1,1,0,0,0,0
111,1,私立,技專校院,1073,醒吾學校財團法人醒吾科技大學,二專(進修),男,35,14,5,1,0,0,0,0,3,1,9,0,0,1,8,0
111,1,私立,技專校院,1073,醒吾學校財團法人醒吾科技大學,學士班(日間),男,2327,159,77,73,0,0,0,3,1,0,82,31,3,25,23,0
111,1,私立,技專校院,1073,醒吾學校財團法人醒吾科技大學,五專,男,92,41,23,23,0,0,0,0,0,0,18,4,6,1,7,0
111,1,私立,技專校院,1073,醒吾學校財團法人醒吾科技大學,碩士班(日間),女,38,3,1,1,0,0,0,0,0,0,2,0,0,1,1,0
111,1,私立,技專校院,1073,醒吾學校財團法人醒吾科技大學,碩士在職專班,女,43,4,0,0,0,0,0,0,0,0,4,0,0,1,3,0
111,2,私立,技專校院,1073,醒吾學校財團法人醒吾科技大學,學士班(進修),女,535,71,6,6,0,0,0,0,0,0,65,0,0,15,50,0
111,2,私立,技專校院,1073,醒吾學校財團法人醒吾科技大學,五專,男,92,8,2,2,0,0,0,0,0,0,6,1,4,1,0,0
111,2,私立,技專校院,1073,醒吾學校財團法人醒吾科技大學,碩士班(日間),女,38,6,6,6,0,0,0,0,0,0,0,0,0,0,0,0
111,2,私立,技專校院,1073,醒吾學校財團法人醒吾科技大學,碩士班(日間),男,23,3,3,3,0,0,0,0,0,0,0,0,0,0,0,0
111,2,私立,技專校院,1073,醒吾學校財團法人醒吾科技大學,碩士在職專班,女,43,0,0,0,0,0,0,0,0,0,0,0,0,0,0,0
111,2,私立,技專校院,1073,醒吾學校財團法人醒吾科技大學,碩士在職專班,男,39,2,1,1,0,0,0,0,0,0,1,1,0,0,0,0
111,2,私立,技專校院,1073,醒吾學校財團法人醒吾科技大學,二專(進修),女,37,15,1,0,0,0,0,0,1,0,14,0,0,2,12,0
111,2,私立,技專校院,1073,醒吾學校財團法人醒吾科技大學,二專(進修),男,35,26,0,0,0,0,0,0,0,0,26,0,0,2,24,0
111,2,私立,技專校院,1073,醒吾學校財團法人醒吾科技大學,學士班(日間),女,2932,151,45,42,0,0,1,1,1,0,106,30,3,35,38,0
111,2,私立,技專校院,1073,醒吾學校財團法人醒吾科技大學,學士班(日間),男,2327,162,44,36,0,0,0,2,5,1,118,42,5,36,35,0
111,2,私立,技專校院,1073,醒吾學校財團法人醒吾科技大學,學士班(進修),男,437,57,5,4,0,0,0,0,1,0,52,0,0,14,38,0
111,2,私立,技專校院,1073,醒吾學校財團法人醒吾科技大學,五專,女,149,8,6,5,0,0,0,0,1,0,2,0,1,1,0,0
111,1,私立,技專校院,1075,文藻學校財團法人文藻外語大學,學士班(日間),男,1325,67,46,42,0,0,0,0,3,1,21,7,0,4,10,0
111,1,私立,技專校院,1075,文藻學校財團法人文藻外語大學,學士班(進修),女,803,110,30,24,0,0,1,0,5,0,80,7,0,14,59,0
111,1,私立,技專校院,1075,文藻學校財團法人文藻外語大學,學士班(進修),男,476,58,16,12,0,0,0,1,3,0,42,0,0,14,28,0
111,1,私立,技專校院,1075,文藻學校財團法人文藻外語大學,碩士班(日間),女,162,23,11,3,0,0,0,1,7,0,12,5,0,1,6,0
111,1,私立,技專校院,1075,文藻學校財團法人文藻外語大學,碩士在職專班,女,37,3,2,0,0,0,0,0,2,0,1,0,0,0,1,0
111,1,私立,技專校院,1075,文藻學校財團法人文藻外語大學,學士班(日間),女,3263,118,94,75,0,0,0,3,15,1,24,4,0,9,11,0
111,1,私立,技專校院,1075,文藻學校財團法人文藻外語大學,五專,女,1480,58,51,50,0,0,0,1,0,0,7,0,0,0,7,0
111,1,私立,技專校院,1075,文藻學校財團法人文藻外語大學,五專,男,305,17,12,11,0,0,0,0,0,1,5,2,0,0,3,0
111,1,私立,技專校院,1075,文藻學校財團法人文藻外語大學,碩士班(日間),男,60,8,3,0,0,0,0,0,3,0,5,1,0,2,2,0
111,1,私立,技專校院,1075,文藻學校財團法人文藻外語大學,碩士在職專班,男,19,3,0,0,0,0,0,0,0,0,3,1,0,1,0,1
111,2,私立,技專校院,1075,文藻學校財團法人文藻外語大學,學士班(日間),女,3263,70,37,34,0,0,0,0,3,0,33,9,0,9,15,0
111,2,私立,技專校院,1075,文藻學校財團法人文藻外語大學,五專,女,1480,15,14,12,0,0,0,1,0,1,1,1,0,0,0,0
111,2,私立,技專校院,1075,文藻學校財團法人文藻外語大學,五專,男,305,8,5,5,0,0,0,0,0,0,3,1,0,0,2,0
111,2,私立,技專校院,1075,文藻學校財團法人文藻外語大學,碩士班(日間),男,60,5,1,1,0,0,0,0,0,0,4,0,0,2,2,0
111,2,私立,技專校院,1075,文藻學校財團法人文藻外語大學,碩士在職專班,男,19,0,0,0,0,0,0,0,0,0,0,0,0,0,0,0
111,2,私立,技專校院,1075,文藻學校財團法人文藻外語大學,學士班(日間),男,1325,46,24,17,0,0,0,1,6,0,22,11,0,3,8,0
111,2,私立,技專校院,1075,文藻學校財團法人文藻外語大學,學士班(進修),女,803,52,8,5,0,0,0,0,3,0,44,1,0,17,26,0
111,2,私立,技專校院,1075,文藻學校財團法人文藻外語大學,學士班(進修),男,476,36,5,2,0,0,0,0,3,0,31,0,0,19,12,0
111,2,私立,技專校院,1075,文藻學校財團法人文藻外語大學,碩士班(日間),女,162,6,4,0,0,0,0,0,4,0,2,0,0,1,1,0
111,2,私立,技專校院,1075,文藻學校財團法人文藻外語大學,碩士在職專班,女,37,2,2,0,0,0,0,0,2,0,0,0,0,0,0,0
111,1,私立,技專校院,1076,華夏學校財團法人華夏科技大學,學士班(進修),女,442,42,16,11,0,0,0,0,4,1,26,2,0,5,19,0
111,1,私立,技專校院,1076,華夏學校財團法人華夏科技大學,碩士班(日間),男,25,2,0,0,0,0,0,0,0,0,2,0,0,0,2,0
111,1,私立,技專校院,1076,華夏學校財團法人華夏科技大學,碩士在職專班,女,13,2,0,0,0,0,0,0,0,0,2,0,0,1,1,0
111,1,私立,技專校院,1076,華夏學校財團法人華夏科技大學,二專(進修),女,32,9,2,2,0,0,0,0,0,0,7,0,0,1,6,0
111,1,私立,技專校院,1076,華夏學校財團法人華夏科技大學,二專(進修),男,4,8,1,1,0,0,0,0,0,0,7,0,0,0,7,0
111,1,私立,技專校院,1076,華夏學校財團法人華夏科技大學,學士班(日間),女,351,47,10,9,0,0,0,0,1,0,37,2,0,0,35,0
111,1,私立,技專校院,1076,華夏學校財團法人華夏科技大學,學士班(日間),男,747,70,27,25,0,0,1,0,1,0,43,6,0,6,31,0
111,1,私立,技專校院,1076,華夏學校財團法人華夏科技大學,學士班(進修),男,642,58,11,8,0,0,0,0,2,1,47,8,0,13,26,0
111,1,私立,技專校院,1076,華夏學校財團法人華夏科技大學,五專,女,108,13,6,5,0,0,0,0,1,0,7,0,0,2,5,0
111,1,私立,技專校院,1076,華夏學校財團法人華夏科技大學,五專,男,409,70,46,46,0,0,0,0,0,0,24,4,0,4,16,0
111,1,私立,技專校院,1076,華夏學校財團法人華夏科技大學,碩士班(日間),女,5,2,0,0,0,0,0,0,0,0,2,0,0,0,2,0
111,1,私立,技專校院,1076,華夏學校財團法人華夏科技大學,碩士在職專班,男,39,4,0,0,0,0,0,0,0,0,4,0,0,1,3,0
111,2,私立,技專校院,1076,華夏學校財團法人華夏科技大學,二專(進修),女,32,10,2,0,0,0,0,0,2,0,8,1,0,2,5,0
111,2,私立,技專校院,1076,華夏學校財團法人華夏科技大學,二專(進修),男,4,3,0,0,0,0,0,0,0,0,3,0,0,0,3,0
111,2,私立,技專校院,1076,華夏學校財團法人華夏科技大學,學士班(日間),女,351,28,6,6,0,0,0,0,0,0,22,2,0,6,14,0
111,2,私立,技專校院,1076,華夏學校財團法人華夏科技大學,學士班(日間),男,747,46,18,18,0,0,0,0,0,0,28,4,0,9,15,0
111,2,私立,技專校院,1076,華夏學校財團法人華夏科技大學,學士班(進修),男,642,55,7,6,0,0,0,0,1,0,48,5,0,25,18,0
111,2,私立,技專校院,1076,華夏學校財團法人華夏科技大學,五專,男,409,15,2,1,0,0,0,0,1,0,13,0,0,3,10,0
111,2,私立,技專校院,1076,華夏學校財團法人華夏科技大學,碩士在職專班,男,39,4,1,0,0,0,0,0,1,0,3,1,0,1,1,0
111,2,私立,技專校院,1076,華夏學校財團法人華夏科技大學,學士班(進修),女,442,42,8,5,0,0,0,0,3,0,34,4,0,19,11,0
111,2,私立,技專校院,1076,華夏學校財團法人華夏科技大學,五專,女,108,7,2,2,0,0,0,0,0,0,5,1,0,1,3,0
111,2,私立,技專校院,1076,華夏學校財團法人華夏科技大學,碩士班(日間),女,5,0,0,0,0,0,0,0,0,0,0,0,0,0,0,0
111,2,私立,技專校院,1076,華夏學校財團法人華夏科技大學,碩士班(日間),男,25,2,0,0,0,0,0,0,0,0,2,0,0,1,1,0
111,2,私立,技專校院,1076,華夏學校財團法人華夏科技大學,碩士在職專班,女,13,0,0,0,0,0,0,0,0,0,0,0,0,0,0,0
111,1,私立,技專校院,1077,慈濟學校財團法人慈濟科技大學,二專(日間),女,18,0,0,0,0,0,0,0,0,0,0,0,0,0,0,0
111,1,私立,技專校院,1077,慈濟學校財團法人慈濟科技大學,二專(日間),男,2,0,0,0,0,0,0,0,0,0,0,0,0,0,0,0
111,1,私立,技專校院,1077,慈濟學校財團法人慈濟科技大學,二專(進修),男,3,0,0,0,0,0,0,0,0,0,0,0,0,0,0,0
111,1,私立,技專校院,1077,慈濟學校財團法人慈濟科技大學,學士班(日間),男,484,25,8,6,0,0,0,1,0,1,17,0,3,2,12,0
111,1,私立,技專校院,1077,慈濟學校財團法人慈濟科技大學,五專,男,184,15,8,6,0,0,0,0,2,0,7,1,0,1,5,0
111,1,私立,技專校院,1077,慈濟學校財團法人慈濟科技大學,碩士班(日間),女,54,3,2,0,1,0,0,0,1,0,1,0,0,0,1,0
111,1,私立,技專校院,1077,慈濟學校財團法人慈濟科技大學,二專(進修),女,0,0,0,0,0,0,0,0,0,0,0,0,0,0,0,0
111,1,私立,技專校院,1077,慈濟學校財團法人慈濟科技大學,學士班(日間),女,960,36,14,11,0,0,0,0,3,0,22,0,2,2,18,0
111,1,私立,技專校院,1077,慈濟學校財團法人慈濟科技大學,學士班(進修),女,153,18,1,0,0,0,0,0,1,0,17,0,0,0,17,0
111,1,私立,技專校院,1077,慈濟學校財團法人慈濟科技大學,學士班(進修),男,22,1,0,0,0,0,0,0,0,0,1,0,0,1,0,0
111,1,私立,技專校院,1077,慈濟學校財團法人慈濟科技大學,五專,女,1116,45,25,23,0,0,2,0,0,0,20,12,0,0,8,0
111,1,私立,技專校院,1077,慈濟學校財團法人慈濟科技大學,碩士班(日間),男,26,1,0,0,0,0,0,0,0,0,1,1,0,0,0,0
111,2,私立,技專校院,1077,慈濟學校財團法人慈濟科技大學,二專(日間),女,18,0,0,0,0,0,0,0,0,0,0,0,0,0,0,0
111,2,私立,技專校院,1077,慈濟學校財團法人慈濟科技大學,二專(進修),女,0,0,0,0,0,0,0,0,0,0,0,0,0,0,0,0
111,2,私立,技專校院,1077,慈濟學校財團法人慈濟科技大學,二專(進修),男,3,0,0,0,0,0,0,0,0,0,0,0,0,0,0,0
111,2,私立,技專校院,1077,慈濟學校財團法人慈濟科技大學,學士班(日間),女,960,17,12,11,0,0,0,0,1,0,5,1,2,0,2,0
111,2,私立,技專校院,1077,慈濟學校財團法人慈濟科技大學,學士班(日間),男,484,16,5,4,0,0,0,0,1,0,11,1,4,2,4,0
111,2,私立,技專校院,1077,慈濟學校財團法人慈濟科技大學,學士班(進修),男,22,3,1,0,0,0,0,0,1,0,2,0,1,0,1,0
111,2,私立,技專校院,1077,慈濟學校財團法人慈濟科技大學,五專,女,1116,26,14,13,0,0,1,0,0,0,12,4,2,1,5,0
111,2,私立,技專校院,1077,慈濟學校財團法人慈濟科技大學,二專(日間),男,2,0,0,0,0,0,0,0,0,0,0,0,0,0,0,0
111,2,私立,技專校院,1077,慈濟學校財團法人慈濟科技大學,學士班(進修),女,153,1,0,0,0,0,0,0,0,0,1,0,0,0,1,0
111,2,私立,技專校院,1077,慈濟學校財團法人慈濟科技大學,五專,男,184,7,3,3,0,0,0,0,0,0,4,3,1,0,0,0
111,2,私立,技專校院,1077,慈濟學校財團法人慈濟科技大學,碩士班(日間),女,54,0,0,0,0,0,0,0,0,0,0,0,0,0,0,0
111,2,私立,技專校院,1077,慈濟學校財團法人慈濟科技大學,碩士班(日間),男,26,2,1,1,0,0,0,0,0,0,1,0,0,1,0,0
111,1,私立,技專校院,1078,致理學校財團法人致理科技大學,學士班(日間),女,4459,91,47,43,0,0,2,0,2,0,44,10,0,9,25,0
111,1,私立,技專校院,1078,致理學校財團法人致理科技大學,學士班(進修),女,1763,116,28,25,0,1,1,0,1,0,88,11,0,27,50,0
111,1,私立,技專校院,1078,致理學校財團法人致理科技大學,五專,女,1210,76,40,40,0,0,0,0,0,0,36,3,3,1,29,0
111,1,私立,技專校院,1078,致理學校財團法人致理科技大學,碩士班(日間),男,11,2,0,0,0,0,0,0,0,0,2,1,0,0,1,0
111,1,私立,技專校院,1078,致理學校財團法人致理科技大學,碩士在職專班,男,14,2,0,0,0,0,0,0,0,0,2,0,0,0,2,0
111,1,私立,技專校院,1078,致理學校財團法人致理科技大學,學士班(日間),男,2192,84,38,34,0,0,1,0,3,0,46,8,0,15,23,0
111,1,私立,技專校院,1078,致理學校財團法人致理科技大學,學士班(進修),男,1242,118,40,36,0,0,0,0,4,0,78,10,0,24,44,0
111,1,私立,技專校院,1078,致理學校財團法人致理科技大學,五專,男,366,35,20,18,0,0,0,0,2,0,15,2,2,4,7,0
111,1,私立,技專校院,1078,致理學校財團法人致理科技大學,碩士班(日間),女,36,7,0,0,0,0,0,0,0,0,7,0,0,3,4,0
111,1,私立,技專校院,1078,致理學校財團法人致理科技大學,碩士在職專班,女,33,0,0,0,0,0,0,0,0,0,0,0,0,0,0,0
111,2,私立,技專校院,1078,致理學校財團法人致理科技大學,學士班(日間),男,2192,42,8,8,0,0,0,0,0,0,34,11,0,11,12,0
111,2,私立,技專校院,1078,致理學校財團法人致理科技大學,學士班(進修),男,1242,95,15,13,0,0,0,0,2,0,80,29,0,34,17,0
111,2,私立,技專校院,1078,致理學校財團法人致理科技大學,五專,男,366,8,2,2,0,0,0,0,0,0,6,2,1,0,3,0
111,2,私立,技專校院,1078,致理學校財團法人致理科技大學,碩士班(日間),女,36,1,0,0,0,0,0,0,0,0,1,0,0,0,1,0
111,2,私立,技專校院,1078,致理學校財團法人致理科技大學,碩士在職專班,女,33,2,0,0,0,0,0,0,0,0,2,0,0,1,1,0
111,2,私立,技專校院,1078,致理學校財團法人致理科技大學,學士班(日間),女,4459,92,44,40,0,0,1,0,3,0,48,10,0,11,27,0
111,2,私立,技專校院,1078,致理學校財團法人致理科技大學,學士班(進修),女,1763,97,11,11,0,0,0,0,0,0,86,28,0,41,17,0
111,2,私立,技專校院,1078,致理學校財團法人致理科技大學,五專,女,1210,32,14,13,0,0,1,0,0,0,18,7,0,2,9,0
111,2,私立,技專校院,1078,致理學校財團法人致理科技大學,碩士班(日間),男,11,0,0,0,0,0,0,0,0,0,0,0,0,0,0,0
111,2,私立,技專校院,1078,致理學校財團法人致理科技大學,碩士在職專班,男,14,0,0,0,0,0,0,0,0,0,0,0,0,0,0,0
111,1,私立,一般大學,1079,康寧學校財團法人康寧大學,學士班(進修),女,170,9,1,0,0,0,0,0,0,1,8,0,0,1,7,0
111,1,私立,一般大學,1079,康寧學校財團法人康寧大學,碩士班(日間),男,0,1,0,0,0,0,0,0,0,0,1,0,0,1,0,0
111,1,私立,一般大學,1079,康寧學校財團法人康寧大學,碩士在職專班,女,3,2,1,0,0,0,0,0,1,0,1,0,0,0,1,0
111,1,私立,一般大學,1079,康寧學校財團法人康寧大學,二專(進修),女,133,6,2,0,0,1,1,0,0,0,4,0,2,2,0,0
111,1,私立,一般大學,1079,康寧學校財團法人康寧大學,二專(進修),男,44,3,1,0,0,0,0,0,1,0,2,0,0,0,2,0
111,1,私立,一般大學,1079,康寧學校財團法人康寧大學,學士班(日間),女,147,14,9,9,0,0,0,0,0,0,5,0,0,2,3,0
111,1,私立,一般大學,1079,康寧學校財團法人康寧大學,學士班(日間),男,36,5,1,1,0,0,0,0,0,0,4,0,0,1,3,0
111,1,私立,一般大學,1079,康寧學校財團法人康寧大學,學士班(進修),男,18,1,0,0,0,0,0,0,0,0,1,0,0,0,1,0
111,1,私立,一般大學,1079,康寧學校財團法人康寧大學,五專,女,2036,109,66,61,0,0,2,2,1,0,43,2,6,4,31,0
111,1,私立,一般大學,1079,康寧學校財團法人康寧大學,五專,男,599,56,30,30,0,0,0,0,0,0,26,0,8,7,11,0
111,1,私立,一般大學,1079,康寧學校財團法人康寧大學,碩士班(日間),女,2,1,1,0,0,0,0,0,1,0,0,0,0,0,0,0
111,1,私立,一般大學,1079,康寧學校財團法人康寧大學,碩士在職專班,男,4,0,0,0,0,0,0,0,0,0,0,0,0,0,0,0
111,2,私立,一般大學,1079,康寧學校財團法人康寧大學,二專(進修),女,133,2,0,0,0,0,0,0,0,0,2,0,0,0,2,0
111,2,私立,一般大學,1079,康寧學校財團法人康寧大學,二專(進修),男,44,2,0,0,0,0,0,0,0,0,2,0,0,1,1,0
111,2,私立,一般大學,1079,康寧學校財團法人康寧大學,學士班(日間),女,147,3,2,1,0,0,1,0,0,0,1,0,0,0,1,0
111,2,私立,一般大學,1079,康寧學校財團法人康寧大學,學士班(日間),男,36,2,1,1,0,0,0,0,0,0,1,0,0,1,0,0
111,2,私立,一般大學,1079,康寧學校財團法人康寧大學,學士班(進修),男,18,0,0,0,0,0,0,0,0,0,0,0,0,0,0,0
111,2,私立,一般大學,1079,康寧學校財團法人康寧大學,五專,男,599,22,7,5,0,0,1,0,1,0,15,0,7,0,8,0
111,2,私立,一般大學,1079,康寧學校財團法人康寧大學,碩士在職專班,男,4,0,0,0,0,0,0,0,0,0,0,0,0,0,0,0
111,2,私立,一般大學,1079,康寧學校財團法人康寧大學,學士班(進修),女,170,8,0,0,0,0,0,0,0,0,8,0,0,3,5,0
111,2,私立,一般大學,1079,康寧學校財團法人康寧大學,五專,女,2036,51,30,28,0,0,1,1,0,0,21,0,8,2,11,0
111,2,私立,一般大學,1079,康寧學校財團法人康寧大學,碩士班(日間),女,2,2,1,0,0,0,0,0,1,0,1,0,0,0,1,0
111,2,私立,一般大學,1079,康寧學校財團法人康寧大學,碩士班(日間),男,0,1,0,0,0,0,0,0,0,0,1,0,0,0,1,0
111,2,私立,一般大學,1079,康寧學校財團法人康寧大學,碩士在職專班,女,3,2,1,0,0,0,0,0,0,1,1,0,0,1,0,0
111,1,私立,技專校院,1080,宏國學校財團法人宏國德霖科技大學,二專(進修),男,0,1,0,0,0,0,0,0,0,0,1,0,0,1,0,0
111,1,私立,技專校院,1080,宏國學校財團法人宏國德霖科技大學,學士班(日間),男,1074,85,27,26,0,0,0,0,1,0,58,9,0,22,27,0
111,1,私立,技專校院,1080,宏國學校財團法人宏國德霖科技大學,學士班(進修),女,671,60,15,6,0,0,1,1,5,2,45,2,0,25,18,0
111,1,私立,技專校院,1080,宏國學校財團法人宏國德霖科技大學,碩士班(日間),女,21,2,1,0,0,0,0,0,0,1,1,0,0,0,1,0
111,1,私立,技專校院,1080,宏國學校財團法人宏國德霖科技大學,二專(進修),女,0,1,0,0,0,0,0,0,0,0,1,0,0,1,0,0
111,1,私立,技專校院,1080,宏國學校財團法人宏國德霖科技大學,學士班(日間),女,710,69,21,18,1,0,0,0,2,0,48,1,0,26,21,0
111,1,私立,技專校院,1080,宏國學校財團法人宏國德霖科技大學,學士班(進修),男,1071,101,25,19,0,0,0,1,4,1,76,6,0,48,22,0
111,1,私立,技專校院,1080,宏國學校財團法人宏國德霖科技大學,五專,女,458,36,12,12,0,0,0,0,0,0,24,3,1,9,11,0
111,1,私立,技專校院,1080,宏國學校財團法人宏國德霖科技大學,五專,男,649,65,21,21,0,0,0,0,0,0,44,4,3,18,19,0
111,1,私立,技專校院,1080,宏國學校財團法人宏國德霖科技大學,碩士班(日間),男,35,6,6,1,0,0,4,0,0,1,0,0,0,0,0,0
111,2,私立,技專校院,1080,宏國學校財團法人宏國德霖科技大學,學士班(日間),男,1074,69,14,14,0,0,0,0,0,0,55,11,0,27,17,0
111,2,私立,技專校院,1080,宏國學校財團法人宏國德霖科技大學,學士班(進修),女,671,42,8,6,0,0,0,0,1,1,34,1,0,27,6,0
111,2,私立,技專校院,1080,宏國學校財團法人宏國德霖科技大學,學士班(進修),男,1071,104,25,20,0,0,0,1,2,2,79,17,0,52,10,0
111,2,私立,技專校院,1080,宏國學校財團法人宏國德霖科技大學,碩士班(日間),女,21,1,1,1,0,0,0,0,0,0,0,0,0,0,0,0
111,2,私立,技專校院,1080,宏國學校財團法人宏國德霖科技大學,學士班(日間),女,710,45,13,10,0,0,0,0,3,0,32,2,0,23,6,1
111,2,私立,技專校院,1080,宏國學校財團法人宏國德霖科技大學,五專,女,458,27,9,9,0,0,0,0,0,0,18,7,0,3,8,0
111,2,私立,技專校院,1080,宏國學校財團法人宏國德霖科技大學,五專,男,649,38,9,9,0,0,0,0,0,0,29,12,2,6,9,0
111,2,私立,技專校院,1080,宏國學校財團法人宏國德霖科技大學,碩士班(日間),男,35,12,11,11,0,0,0,0,0,0,1,0,0,0,1,0
111,1,私立,技專校院,1081,東方學校財團法人東方設計大學,二專(進修),男,29,0,0,0,0,0,0,0,0,0,0,0,0,0,0,0
111,1,私立,技專校院,1081,東方學校財團法人東方設計大學,學士班(日間),男,184,16,6,1,0,0,1,0,3,1,10,0,0,10,0,0
111,1,私立,技專校院,1081,東方學校財團法人東方設計大學,五專,男,136,14,6,6,0,0,0,0,0,0,8,0,0,7,1,0
111,1,私立,技專校院,1081,東方學校財團法人東方設計大學,博士班,女,15,0,0,0,0,0,0,0,0,0,0,0,0,0,0,0
111,1,私立,技專校院,1081,東方學校財團法人東方設計大學,碩士班(日間),女,33,4,0,0,0,0,0,0,0,0,4,0,0,4,0,0
111,1,私立,技專校院,1081,東方學校財團法人東方設計大學,碩士在職專班,女,14,2,1,0,0,0,0,0,0,1,1,0,0,1,0,0
111,1,私立,技專校院,1081,東方學校財團法人東方設計大學,二專(進修),女,19,0,0,0,0,0,0,0,0,0,0,0,0,0,0,0
111,1,私立,技專校院,1081,東方學校財團法人東方設計大學,學士班(日間),女,147,14,3,1,0,0,0,0,2,0,11,0,0,11,0,0
111,1,私立,技專校院,1081,東方學校財團法人東方設計大學,學士班(進修),女,66,18,2,0,0,0,0,2,0,0,16,0,0,16,0,0
111,1,私立,技專校院,1081,東方學校財團法人東方設計大學,學士班(進修),男,101,27,4,1,0,0,0,1,2,0,23,0,0,23,0,0
111,1,私立,技專校院,1081,東方學校財團法人東方設計大學,五專,女,154,17,7,6,0,0,0,1,0,0,10,1,0,9,0,0
111,1,私立,技專校院,1081,東方學校財團法人東方設計大學,博士班,男,11,0,0,0,0,0,0,0,0,0,0,0,0,0,0,0
111,1,私立,技專校院,1081,東方學校財團法人東方設計大學,碩士班(日間),男,31,5,0,0,0,0,0,0,0,0,5,0,0,5,0,0
111,1,私立,技專校院,1081,東方學校財團法人東方設計大學,碩士在職專班,男,10,3,1,0,0,0,0,0,0,1,2,0,0,2,0,0
111,2,私立,技專校院,1081,東方學校財團法人東方設計大學,二專(進修),女,19,25,0,0,0,0,0,0,0,0,25,0,0,1,24,0
111,2,私立,技專校院,1081,東方學校財團法人東方設計大學,二專(進修),男,29,29,0,0,0,0,0,0,0,0,29,0,0,1,28,0
111,2,私立,技專校院,1081,東方學校財團法人東方設計大學,學士班(日間),女,147,27,4,3,0,0,0,1,0,0,23,0,0,0,23,0
111,2,私立,技專校院,1081,東方學校財團法人東方設計大學,學士班(日間),男,184,46,7,6,0,0,0,1,0,0,39,0,0,6,33,0
111,2,私立,技專校院,1081,東方學校財團法人東方設計大學,學士班(進修),女,66,18,0,0,0,0,0,0,0,0,18,0,0,2,16,0
111,2,私立,技專校院,1081,東方學校財團法人東方設計大學,學士班(進修),男,101,12,1,1,0,0,0,0,0,0,11,0,0,3,8,0
111,2,私立,技專校院,1081,東方學校財團法人東方設計大學,五專,女,154,43,19,16,0,0,0,3,0,0,24,1,0,3,20,0
111,2,私立,技專校院,1081,東方學校財團法人東方設計大學,博士班,男,11,0,0,0,0,0,0,0,0,0,0,0,0,0,0,0
111,2,私立,技專校院,1081,東方學校財團法人東方設計大學,碩士班(日間),男,31,22,1,0,0,0,0,0,1,0,21,0,0,0,21,0
111,2,私立,技專校院,1081,東方學校財團法人東方設計大學,碩士在職專班,男,10,1,0,0,0,0,0,0,0,0,1,0,0,0,1,0
111,2,私立,技專校院,1081,東方學校財團法人東方設計大學,五專,男,136,33,16,13,0,0,0,3,0,0,17,1,0,1,15,0
111,2,私立,技專校院,1081,東方學校財團法人東方設計大學,博士班,女,15,1,0,0,0,0,0,0,0,0,1,0,0,0,1,0
111,2,私立,技專校院,1081,東方學校財團法人東方設計大學,碩士班(日間),女,33,9,0,0,0,0,0,0,0,0,9,0,0,0,9,0
111,2,私立,技專校院,1081,東方學校財團法人東方設計大學,碩士在職專班,女,14,3,0,0,0,0,0,0,0,0,3,0,0,1,2,0
111,1,私立,技專校院,1082,崇右學校財團法人崇右影藝科技大學,學士班(進修),女,1,0,0,0,0,0,0,0,0,0,0,0,0,0,0,0
111,1,私立,技專校院,1082,崇右學校財團法人崇右影藝科技大學,學士班(進修),男,3,1,0,0,0,0,0,0,0,0,1,0,0,0,1,0
111,1,私立,技專校院,1082,崇右學校財團法人崇右影藝科技大學,五專,女,0,1,1,0,0,0,0,0,1,0,0,0,0,0,0,0
111,1,私立,技專校院,1082,崇右學校財團法人崇右影藝科技大學,碩士班(日間),女,19,1,0,0,0,0,0,0,0,0,1,0,0,1,0,0
111,1,私立,技專校院,1082,崇右學校財團法人崇右影藝科技大學,碩士班(日間),男,25,4,0,0,0,0,0,0,0,0,4,0,0,4,0,0
111,1,私立,技專校院,1082,崇右學校財團法人崇右影藝科技大學,二專(進修),女,1,8,6,6,0,0,0,0,0,0,2,0,0,1,1,0
111,1,私立,技專校院,1082,崇右學校財團法人崇右影藝科技大學,二專(進修),男,1,11,4,3,0,0,0,0,1,0,7,0,0,6,1,0
111,1,私立,技專校院,1082,崇右學校財團法人崇右影藝科技大學,學士班(日間),女,732,77,23,21,0,0,0,1,1,0,54,1,0,29,24,0
111,1,私立,技專校院,1082,崇右學校財團法人崇右影藝科技大學,學士班(日間),男,582,61,9,8,0,0,0,0,1,0,52,2,0,34,16,0
111,2,私立,技專校院,1082,崇右學校財團法人崇右影藝科技大學,二專(進修),女,1,0,0,0,0,0,0,0,0,0,0,0,0,0,0,0
111,2,私立,技專校院,1082,崇右學校財團法人崇右影藝科技大學,學士班(日間),女,732,34,5,3,0,0,1,1,0,0,29,0,0,21,8,0
111,2,私立,技專校院,1082,崇右學校財團法人崇右影藝科技大學,學士班(進修),女,1,0,0,0,0,0,0,0,0,0,0,0,0,0,0,0
111,2,私立,技專校院,1082,崇右學校財團法人崇右影藝科技大學,二專(進修),男,1,0,0,0,0,0,0,0,0,0,0,0,0,0,0,0
111,2,私立,技專校院,1082,崇右學校財團法人崇右影藝科技大學,學士班(日間),男,582,17,2,2,0,0,0,0,0,0,15,1,0,11,3,0
111,2,私立,技專校院,1082,崇右學校財團法人崇右影藝科技大學,學士班(進修),男,3,0,0,0,0,0,0,0,0,0,0,0,0,0,0,0
111,2,私立,技專校院,1082,崇右學校財團法人崇右影藝科技大學,碩士班(日間),女,19,4,0,0,0,0,0,0,0,0,4,0,0,2,2,0
111,2,私立,技專校院,1082,崇右學校財團法人崇右影藝科技大學,碩士班(日間),男,25,5,0,0,0,0,0,0,0,0,5,2,0,3,0,0
111,1,私立,技專校院,1083,台北海洋學校財團法人台北海洋科技大學,二專(日間),女,1,0,0,0,0,0,0,0,0,0,0,0,0,0,0,0
111,1,私立,技專校院,1083,台北海洋學校財團法人台北海洋科技大學,學士班(進修),男,371,21,6,4,0,0,1,0,1,0,15,0,0,6,9,0
111,1,私立,技專校院,1083,台北海洋學校財團法人台北海洋科技大學,五專,女,237,13,5,4,0,0,0,0,1,0,8,0,0,4,4,0
111,1,私立,技專校院,1083,台北海洋學校財團法人台北海洋科技大學,碩士班(日間),女,56,1,0,0,0,0,0,0,0,0,1,0,0,0,1,0
111,1,私立,技專校院,1083,台北海洋學校財團法人台北海洋科技大學,碩士班(日間),男,87,0,0,0,0,0,0,0,0,0,0,0,0,0,0,0
111,1,私立,技專校院,1083,台北海洋學校財團法人台北海洋科技大學,二專(日間),男,31,1,0,0,0,0,0,0,0,0,1,0,0,0,1,0
111,1,私立,技專校院,1083,台北海洋學校財團法人台北海洋科技大學,二專(進修),女,9,2,0,0,0,0,0,0,0,0,2,0,0,0,2,0
111,1,私立,技專校院,1083,台北海洋學校財團法人台北海洋科技大學,二專(進修),男,113,7,3,1,0,0,1,1,0,0,4,0,0,1,3,0
111,1,私立,技專校院,1083,台北海洋學校財團法人台北海洋科技大學,學士班(日間),女,948,56,33,31,0,0,0,0,2,0,23,2,0,9,12,0
111,1,私立,技專校院,1083,台北海洋學校財團法人台北海洋科技大學,學士班(日間),男,1314,58,28,22,0,0,0,3,3,0,30,1,0,9,20,0
111,1,私立,技專校院,1083,台北海洋學校財團法人台北海洋科技大學,學士班(進修),女,470,24,13,8,0,0,0,1,4,0,11,0,0,4,7,0
111,1,私立,技專校院,1083,台北海洋學校財團法人台北海洋科技大學,五專,男,370,27,13,8,0,0,0,1,3,1,14,0,0,8,6,0
111,2,私立,技專校院,1083,台北海洋學校財團法人台北海洋科技大學,二專(進修),男,113,4,1,0,0,0,0,0,1,0,3,0,0,1,2,0
111,2,私立,技專校院,1083,台北海洋學校財團法人台北海洋科技大學,學士班(日間),男,1314,96,49,35,0,0,3,3,8,0,47,6,0,17,24,0
111,2,私立,技專校院,1083,台北海洋學校財團法人台北海洋科技大學,學士班(進修),女,470,19,7,5,0,0,0,1,1,0,12,0,0,10,2,0
111,2,私立,技專校院,1083,台北海洋學校財團法人台北海洋科技大學,碩士班(日間),女,56,2,0,0,0,0,0,0,0,0,2,1,0,0,1,0
111,2,私立,技專校院,1083,台北海洋學校財團法人台北海洋科技大學,二專(日間),女,1,0,0,0,0,0,0,0,0,0,0,0,0,0,0,0
111,2,私立,技專校院,1083,台北海洋學校財團法人台北海洋科技大學,二專(日間),男,31,3,3,3,0,0,0,0,0,0,0,0,0,0,0,0
111,2,私立,技專校院,1083,台北海洋學校財團法人台北海洋科技大學,二專(進修),女,9,0,0,0,0,0,0,0,0,0,0,0,0,0,0,0
111,2,私立,技專校院,1083,台北海洋學校財團法人台北海洋科技大學,學士班(日間),女,948,53,30,23,0,0,2,2,3,0,23,1,0,11,11,0
111,2,私立,技專校院,1083,台北海洋學校財團法人台北海洋科技大學,學士班(進修),男,371,24,9,9,0,0,0,0,0,0,15,0,0,8,7,0
111,2,私立,技專校院,1083,台北海洋學校財團法人台北海洋科技大學,五專,女,237,26,19,17,0,0,0,0,2,0,7,0,0,4,3,0
111,2,私立,技專校院,1083,台北海洋學校財團法人台北海洋科技大學,五專,男,370,54,32,29,0,0,0,0,3,0,22,0,1,9,12,0
111,2,私立,技專校院,1083,台北海洋學校財團法人台北海洋科技大學,碩士班(日間),男,87,12,2,0,0,0,0,0,2,0,10,0,0,2,8,0
111,1,私立,技專校院,1084,亞東學校財團法人亞東科技大學,學士班(日間),女,1138,25,12,11,0,0,0,0,1,0,13,1,0,2,10,0
111,1,私立,技專校院,1084,亞東學校財團法人亞東科技大學,學士班(日間),男,2579,79,31,27,0,0,0,0,4,0,48,8,0,4,36,0
111,1,私立,技專校院,1084,亞東學校財團法人亞東科技大學,學士班(進修),男,4,0,0,0,0,0,0,0,0,0,0,0,0,0,0,0
111,1,私立,技專校院,1084,亞東學校財團法人亞東科技大學,學士班(進修),女,147,1,1,1,0,0,0,0,0,0,0,0,0,0,0,0
111,1,私立,技專校院,1084,亞東學校財團法人亞東科技大學,碩士班(日間),女,14,0,0,0,0,0,0,0,0,0,0,0,0,0,0,0
111,1,私立,技專校院,1084,亞東學校財團法人亞東科技大學,碩士班(日間),男,39,2,1,0,0,0,0,0,1,0,1,0,0,0,1,0
111,2,私立,技專校院,1084,亞東學校財團法人亞東科技大學,學士班(日間),女,1138,22,9,5,0,0,0,3,1,0,13,6,0,1,6,0
111,2,私立,技專校院,1084,亞東學校財團法人亞東科技大學,學士班(進修),女,147,1,0,0,0,0,0,0,0,0,1,0,0,0,1,0
111,2,私立,技專校院,1084,亞東學校財團法人亞東科技大學,碩士班(日間),男,39,0,0,0,0,0,0,0,0,0,0,0,0,0,0,0
111,2,私立,技專校院,1084,亞東學校財團法人亞東科技大學,學士班(日間),男,2579,83,19,14,0,0,0,0,5,0,64,34,0,5,25,0
111,2,私立,技專校院,1084,亞東學校財團法人亞東科技大學,學士班(進修),男,4,0,0,0,0,0,0,0,0,0,0,0,0,0,0,0
111,2,私立,技專校院,1084,亞東學校財團法人亞東科技大學,碩士班(日間),女,14,1,0,0,0,0,0,0,0,0,1,0,0,0,1,0
111,1,私立,一般大學,1125,中信學校財團法人中信金融管理學院,學士班(日間),女,319,11,7,6,0,0,0,0,0,1,4,2,0,2,0,0
111,1,私立,一般大學,1125,中信學校財團法人中信金融管理學院,碩士班(日間),男,50,7,0,0,0,0,0,0,0,0,7,0,0,6,1,0
111,1,私立,一般大學,1125,中信學校財團法人中信金融管理學院,碩士在職專班,男,25,3,0,0,0,0,0,0,0,0,3,0,0,2,1,0
111,1,私立,一般大學,1125,中信學校財團法人中信金融管理學院,學士班(日間),男,457,32,18,13,0,0,0,0,0,5,14,3,1,9,1,0
111,1,私立,一般大學,1125,中信學校財團法人中信金融管理學院,碩士班(日間),女,57,4,0,0,0,0,0,0,0,0,4,0,0,4,0,0
111,1,私立,一般大學,1125,中信學校財團法人中信金融管理學院,碩士在職專班,女,17,2,0,0,0,0,0,0,0,0,2,0,0,0,2,0
111,2,私立,一般大學,1125,中信學校財團法人中信金融管理學院,碩士班(日間),女,57,8,0,0,0,0,0,0,0,0,8,0,0,6,2,0
111,2,私立,一般大學,1125,中信學校財團法人中信金融管理學院,碩士在職專班,女,17,2,0,0,0,0,0,0,0,0,2,0,0,2,0,0
111,2,私立,一般大學,1125,中信學校財團法人中信金融管理學院,碩士在職專班,男,25,2,0,0,0,0,0,0,0,0,2,0,0,1,1,0
111,2,私立,一般大學,1125,中信學校財團法人中信金融管理學院,學士班(日間),女,319,3,2,2,0,0,0,0,0,0,1,0,0,1,0,0
111,2,私立,一般大學,1125,中信學校財團法人中信金融管理學院,學士班(日間),男,457,22,10,8,0,0,0,0,2,0,12,1,0,8,3,0
111,2,私立,一般大學,1125,中信學校財團法人中信金融管理學院,碩士班(日間),男,50,5,0,0,0,0,0,0,0,0,5,0,0,2,3,0
111,1,私立,技專校院,1148,大漢技術學院,二專(進修),男,40,9,3,1,0,0,0,0,2,0,6,0,0,0,6,0
111,1,私立,技專校院,1148,大漢技術學院,學士班(日間),男,83,16,7,6,0,0,0,1,0,0,9,0,0,3,6,0
111,1,私立,技專校院,1148,大漢技術學院,學士班(進修),男,283,31,7,2,0,0,0,0,5,0,24,0,0,10,14,0
111,1,私立,技專校院,1148,大漢技術學院,碩士班(日間),女,30,3,0,0,0,0,0,0,0,0,3,0,0,2,1,0
111,1,私立,技專校院,1148,大漢技術學院,二專(進修),女,52,4,1,1,0,0,0,0,0,0,3,0,0,1,2,0
111,1,私立,技專校院,1148,大漢技術學院,學士班(日間),女,58,8,1,0,0,0,0,0,1,0,7,0,0,4,3,0
111,1,私立,技專校院,1148,大漢技術學院,學士班(進修),女,191,25,5,3,0,0,0,0,2,0,20,0,0,8,12,0
111,1,私立,技專校院,1148,大漢技術學院,碩士班(日間),男,47,5,0,0,0,0,0,0,0,0,5,1,0,0,4,0
111,2,私立,技專校院,1148,大漢技術學院,學士班(日間),女,58,1,0,0,0,0,0,0,0,0,1,1,0,0,0,0
111,2,私立,技專校院,1148,大漢技術學院,學士班(進修),女,191,16,0,0,0,0,0,0,0,0,16,0,0,12,4,0
111,2,私立,技專校院,1148,大漢技術學院,碩士班(日間),男,47,8,0,0,0,0,0,0,0,0,8,3,0,3,2,0
111,2,私立,技專校院,1148,大漢技術學院,二專(進修),女,52,4,0,0,0,0,0,0,0,0,4,0,0,4,0,0
111,2,私立,技專校院,1148,大漢技術學院,二專(進修),男,40,2,0,0,0,0,0,0,0,0,2,0,0,2,0,0
111,2,私立,技專校院,1148,大漢技術學院,學士班(日間),男,83,10,0,0,0,0,0,0,0,0,10,4,0,2,4,0
111,2,私立,技專校院,1148,大漢技術學院,學士班(進修),男,283,24,2,2,0,0,0,0,0,0,22,0,0,17,5,0
111,2,私立,技專校院,1148,大漢技術學院,碩士班(日間),女,30,2,0,0,0,0,0,0,0,0,2,1,0,0,1,0
111,1,私立,技專校院,1159,和春技術學院,二專(進修),女,2,2,0,0,0,0,0,0,0,0,2,0,0,2,0,0
111,1,私立,技專校院,1159,和春技術學院,學士班(日間),女,5,5,4,0,0,0,0,0,3,1,1,0,0,0,1,0
111,1,私立,技專校院,1159,和春技術學院,學士班(進修),女,5,2,1,0,0,0,0,0,1,0,1,0,0,1,0,0
111,1,私立,技專校院,1159,和春技術學院,學士班(進修),男,25,9,3,1,0,0,0,0,2,0,6,0,0,4,2,0
111,1,私立,技專校院,1159,和春技術學院,五專,男,6,3,1,0,0,0,1,0,0,0,2,0,0,0,2,0
111,1,私立,技專校院,1159,和春技術學院,二專(進修),男,5,8,4,2,0,0,0,0,1,1,4,0,0,1,3,0
111,1,私立,技專校院,1159,和春技術學院,學士班(日間),男,19,9,5,1,0,0,2,0,1,1,4,1,0,1,2,0
111,1,私立,技專校院,1159,和春技術學院,五專,女,2,0,0,0,0,0,0,0,0,0,0,0,0,0,0,0
111,2,私立,技專校院,1159,和春技術學院,二專(進修),男,5,1,1,1,0,0,0,0,0,0,0,0,0,0,0,0
111,2,私立,技專校院,1159,和春技術學院,學士班(日間),男,19,10,9,0,0,0,0,0,1,8,1,1,0,0,0,0
111,2,私立,技專校院,1159,和春技術學院,學士班(進修),男,25,9,9,0,0,0,0,0,1,8,0,0,0,0,0,0
111,2,私立,技專校院,1159,和春技術學院,二專(進修),女,2,0,0,0,0,0,0,0,0,0,0,0,0,0,0,0
111,2,私立,技專校院,1159,和春技術學院,學士班(日間),女,5,1,1,0,0,0,0,0,0,1,0,0,0,0,0,0
111,2,私立,技專校院,1159,和春技術學院,學士班(進修),女,5,0,0,0,0,0,0,0,0,0,0,0,0,0,0,0
111,2,私立,技專校院,1159,和春技術學院,五專,女,2,0,0,0,0,0,0,0,0,0,0,0,0,0,0,0
111,2,私立,技專校院,1159,和春技術學院,五專,男,6,4,4,0,0,0,0,0,1,3,0,0,0,0,0,0
111,1,私立,技專校院,1168,南亞科技學校財團法人南亞技術學院,二專(進修),女,1,1,0,0,0,0,0,0,0,0,1,0,0,0,1,0
111,1,私立,技專校院,1168,南亞科技學校財團法人南亞技術學院,學士班(日間),女,339,20,5,3,0,0,1,0,1,0,15,5,0,3,7,0
111,1,私立,技專校院,1168,南亞科技學校財團法人南亞技術學院,學士班(進修),女,739,27,4,3,1,0,0,0,0,0,23,1,0,3,19,0
111,1,私立,技專校院,1168,南亞科技學校財團法人南亞技術學院,碩士班(日間),男,3,0,0,0,0,0,0,0,0,0,0,0,0,0,0,0
111,1,私立,技專校院,1168,南亞科技學校財團法人南亞技術學院,二專(進修),男,2,5,0,0,0,0,0,0,0,0,5,0,0,0,5,0
111,1,私立,技專校院,1168,南亞科技學校財團法人南亞技術學院,學士班(日間),男,728,68,19,17,0,0,1,1,0,0,49,4,0,10,35,0
111,1,私立,技專校院,1168,南亞科技學校財團法人南亞技術學院,學士班(進修),男,375,50,4,0,0,0,0,1,3,0,46,8,0,8,30,0
111,1,私立,技專校院,1168,南亞科技學校財團法人南亞技術學院,五專,女,56,4,3,3,0,0,0,0,0,0,1,0,0,0,1,0
111,1,私立,技專校院,1168,南亞科技學校財團法人南亞技術學院,五專,男,76,23,11,9,0,0,0,0,2,0,12,1,0,1,10,0
111,1,私立,技專校院,1168,南亞科技學校財團法人南亞技術學院,碩士班(日間),女,1,0,0,0,0,0,0,0,0,0,0,0,0,0,0,0
111,2,私立,技專校院,1168,南亞科技學校財團法人南亞技術學院,二專(進修),女,1,1,0,0,0,0,0,0,0,0,1,0,0,1,0,0
111,2,私立,技專校院,1168,南亞科技學校財團法人南亞技術學院,學士班(日間),女,339,16,3,3,0,0,0,0,0,0,13,1,0,4,8,0
111,2,私立,技專校院,1168,南亞科技學校財團法人南亞技術學院,學士班(進修),女,739,24,1,0,0,0,0,1,0,0,23,1,0,7,15,0
111,2,私立,技專校院,1168,南亞科技學校財團法人南亞技術學院,學士班(進修),男,375,35,1,0,0,0,0,0,1,0,34,5,0,7,22,0
111,2,私立,技專校院,1168,南亞科技學校財團法人南亞技術學院,五專,女,56,5,1,1,0,0,0,0,0,0,4,0,0,0,4,0
111,2,私立,技專校院,1168,南亞科技學校財團法人南亞技術學院,碩士班(日間),男,3,2,0,0,0,0,0,0,0,0,2,2,0,0,0,0
111,2,私立,技專校院,1168,南亞科技學校財團法人南亞技術學院,二專(進修),男,2,0,0,0,0,0,0,0,0,0,0,0,0,0,0,0
111,2,私立,技專校院,1168,南亞科技學校財團法人南亞技術學院,學士班(日間),男,728,43,7,4,0,0,0,3,0,0,36,8,0,4,24,0
111,2,私立,技專校院,1168,南亞科技學校財團法人南亞技術學院,五專,男,76,1,1,1,0,0,0,0,0,0,0,0,0,0,0,0
111,2,私立,技專校院,1168,南亞科技學校財團法人南亞技術學院,碩士班(日間),女,1,1,0,0,0,0,0,0,0,0,1,0,0,1,0,0
111,1,私立,技專校院,1183,黎明技術學院,學士班(日間),女,1655,93,38,17,0,0,1,2,8,10,55,5,0,21,29,0
111,1,私立,技專校院,1183,黎明技術學院,學士班(日間),男,1738,133,49,21,0,0,0,3,21,4,84,17,1,26,40,0
111,1,私立,技專校院,1183,黎明技術學院,五專,男,285,43,30,23,0,0,0,0,2,5,13,3,1,2,7,0
111,1,私立,技專校院,1183,黎明技術學院,學士班(進修),女,451,68,39,39,0,0,0,0,0,0,29,4,0,13,12,0
111,1,私立,技專校院,1183,黎明技術學院,學士班(進修),男,864,101,50,46,0,0,0,2,2,0,51,10,0,16,25,0
111,1,私立,技專校院,1183,黎明技術學院,五專,女,68,2,1,1,0,0,0,0,0,0,1,0,0,0,1,0
111,2,私立,技專校院,1183,黎明技術學院,學士班(日間),女,1655,117,42,12,0,1,0,1,7,21,75,18,0,35,22,0
111,2,私立,技專校院,1183,黎明技術學院,學士班(進修),女,451,63,1,1,0,0,0,0,0,0,62,8,0,45,9,0
111,2,私立,技專校院,1183,黎明技術學院,學士班(進修),男,864,85,5,5,0,0,0,0,0,0,80,11,0,56,13,0
111,2,私立,技專校院,1183,黎明技術學院,五專,女,68,9,3,1,0,0,0,0,0,2,6,5,0,1,0,0
111,2,私立,技專校院,1183,黎明技術學院,學士班(日間),男,1738,132,40,12,0,0,1,0,1,26,92,27,2,38,25,0
111,2,私立,技專校院,1183,黎明技術學院,五專,男,285,41,35,29,0,0,0,1,1,4,6,2,1,2,1,0
111,1,私立,技專校院,1185,德育學校財團法人德育護理健康學院,二專(進修),男,27,7,2,2,0,0,0,0,0,0,5,1,1,2,1,0
111,1,私立,技專校院,1185,德育學校財團法人德育護理健康學院,學士班(日間),男,550,51,25,16,0,0,1,0,6,2,26,4,7,6,9,0
111,1,私立,技專校院,1185,德育學校財團法人德育護理健康學院,二專(進修),女,163,14,7,4,0,1,0,1,1,0,7,0,1,4,2,0
111,1,私立,技專校院,1185,德育學校財團法人德育護理健康學院,學士班(日間),女,1023,55,40,30,1,0,0,3,4,2,15,3,1,3,8,0
111,1,私立,技專校院,1185,德育學校財團法人德育護理健康學院,五專,男,243,28,19,16,0,0,0,0,3,0,9,1,0,1,7,0
111,1,私立,技專校院,1185,德育學校財團法人德育護理健康學院,碩士在職專班,男,13,0,0,0,0,0,0,0,0,0,0,0,0,0,0,0
111,1,私立,技專校院,1185,德育學校財團法人德育護理健康學院,學士班(進修),女,703,20,9,4,0,0,4,1,0,0,11,0,0,9,2,0
111,1,私立,技專校院,1185,德育學校財團法人德育護理健康學院,學士班(進修),男,154,13,6,6,0,0,0,0,0,0,7,1,2,2,2,0
111,1,私立,技專校院,1185,德育學校財團法人德育護理健康學院,五專,女,716,58,47,37,1,0,1,2,6,0,11,4,0,0,7,0
111,1,私立,技專校院,1185,德育學校財團法人德育護理健康學院,碩士班(日間),女,36,2,2,1,0,0,0,1,0,0,0,0,0,0,0,0
111,1,私立,技專校院,1185,德育學校財團法人德育護理健康學院,碩士班(日間),男,3,0,0,0,0,0,0,0,0,0,0,0,0,0,0,0
111,1,私立,技專校院,1185,德育學校財團法人德育護理健康學院,碩士在職專班,女,28,2,0,0,0,0,0,0,0,0,2,0,0,1,1,0
111,2,私立,技專校院,1185,德育學校財團法人德育護理健康學院,二專(進修),女,163,3,2,1,0,0,0,1,0,0,1,0,0,1,0,0
111,2,私立,技專校院,1185,德育學校財團法人德育護理健康學院,學士班(日間),女,1023,58,32,24,0,0,1,1,4,2,26,6,2,12,6,0
111,2,私立,技專校院,1185,德育學校財團法人德育護理健康學院,學士班(進修),女,703,19,7,5,0,0,2,0,0,0,12,1,1,5,5,0
111,2,私立,技專校院,1185,德育學校財團法人德育護理健康學院,五專,男,243,16,5,4,0,0,0,1,0,0,11,5,0,4,2,0
111,2,私立,技專校院,1185,德育學校財團法人德育護理健康學院,碩士班(日間),男,3,2,2,1,0,0,1,0,0,0,0,0,0,0,0,0
111,2,私立,技專校院,1185,德育學校財團法人德育護理健康學院,二專(進修),男,27,0,0,0,0,0,0,0,0,0,0,0,0,0,0,0
111,2,私立,技專校院,1185,德育學校財團法人德育護理健康學院,學士班(日間),男,550,28,11,7,0,0,0,1,3,0,17,6,5,1,5,0
111,2,私立,技專校院,1185,德育學校財團法人德育護理健康學院,學士班(進修),男,154,13,6,4,0,0,0,1,0,1,7,4,1,2,0,0
111,2,私立,技專校院,1185,德育學校財團法人德育護理健康學院,五專,女,716,31,16,14,0,0,0,0,2,0,15,8,1,3,3,0
111,2,私立,技專校院,1185,德育學校財團法人德育護理健康學院,碩士班(日間),女,36,3,3,2,0,0,0,0,0,1,0,0,0,0,0,0
111,2,私立,技專校院,1185,德育學校財團法人德育護理健康學院,碩士在職專班,女,28,4,0,0,0,0,0,0,0,0,4,0,0,2,2,0
111,2,私立,技專校院,1185,德育學校財團法人德育護理健康學院,碩士在職專班,男,13,2,0,0,0,0,0,0,0,0,2,0,0,2,0,0
111,1,私立,技專校院,1188,大同技術學院,五專,男,23,5,3,0,0,0,0,0,3,0,2,0,0,0,2,0
111,1,私立,技專校院,1188,大同技術學院,二專(進修),女,6,2,2,0,0,0,0,0,2,0,0,0,0,0,0,0
111,1,私立,技專校院,1188,大同技術學院,二專(進修),男,13,3,0,0,0,0,0,0,0,0,3,0,0,0,3,0
111,1,私立,技專校院,1188,大同技術學院,學士班(日間),女,91,12,9,7,0,0,0,0,1,1,3,0,0,0,3,0
111,1,私立,技專校院,1188,大同技術學院,學士班(日間),男,87,19,2,2,0,0,0,0,0,0,17,0,0,4,13,0
111,1,私立,技專校院,1188,大同技術學院,學士班(進修),女,177,18,8,0,0,0,3,0,2,3,10,1,0,1,8,0
111,1,私立,技專校院,1188,大同技術學院,學士班(進修),男,52,14,6,0,0,0,0,0,6,0,8,2,0,0,6,0
111,1,私立,技專校院,1188,大同技術學院,五專,女,23,4,2,1,0,0,0,0,1,0,2,1,0,1,0,0
111,2,私立,技專校院,1188,大同技術學院,二專(進修),女,6,1,1,1,0,0,0,0,0,0,0,0,0,0,0,0
111,2,私立,技專校院,1188,大同技術學院,二專(進修),男,13,7,4,4,0,0,0,0,0,0,3,1,0,0,2,0
111,2,私立,技專校院,1188,大同技術學院,學士班(日間),女,91,8,0,0,0,0,0,0,0,0,8,1,0,0,7,0
111,2,私立,技專校院,1188,大同技術學院,學士班(日間),男,87,13,3,3,0,0,0,0,0,0,10,5,0,0,5,0
111,2,私立,技專校院,1188,大同技術學院,學士班(進修),男,52,13,3,2,0,0,0,0,1,0,10,0,0,4,6,0
111,2,私立,技專校院,1188,大同技術學院,五專,女,23,2,0,0,0,0,0,0,0,0,2,0,0,1,1,0
111,2,私立,技專校院,1188,大同技術學院,學士班(進修),女,177,22,4,3,0,0,0,0,0,1,18,1,0,1,16,0
111,2,私立,技專校院,1188,大同技術學院,五專,男,23,8,1,1,0,0,0,0,0,0,7,4,0,3,0,0
111,1,私立,一般大學,1195,馬偕學校財團法人馬偕醫學院,學士班(進修),女,54,1,1,0,0,0,0,0,1,0,0,0,0,0,0,0
111,1,私立,一般大學,1195,馬偕學校財團法人馬偕醫學院,學士班(進修),男,0,0,0,0,0,0,0,0,0,0,0,0,0,0,0,0
111,1,私立,一般大學,1195,馬偕學校財團法人馬偕醫學院,博士班,女,0,0,0,0,0,0,0,0,0,0,0,0,0,0,0,0
111,1,私立,一般大學,1195,馬偕學校財團法人馬偕醫學院,博士班,男,10,0,0,0,0,0,0,0,0,0,0,0,0,0,0,0
111,1,私立,一般大學,1195,馬偕學校財團法人馬偕醫學院,碩士班(日間),女,41,2,0,0,0,0,0,0,0,0,2,0,0,0,2,0
111,1,私立,一般大學,1195,馬偕學校財團法人馬偕醫學院,碩士班(日間),男,22,3,2,1,0,0,0,0,1,0,1,0,0,0,1,0
111,1,私立,一般大學,1195,馬偕學校財團法人馬偕醫學院,碩士在職專班,女,25,0,0,0,0,0,0,0,0,0,0,0,0,0,0,0
111,1,私立,一般大學,1195,馬偕學校財團法人馬偕醫學院,碩士在職專班,男,6,0,0,0,0,0,0,0,0,0,0,0,0,0,0,0
111,1,私立,一般大學,1195,馬偕學校財團法人馬偕醫學院,學士班(日間),女,446,13,7,7,0,0,0,0,0,0,6,0,0,0,6,0
111,1,私立,一般大學,1195,馬偕學校財團法人馬偕醫學院,學士班(日間),男,258,8,3,2,0,0,0,0,1,0,5,0,0,0,5,0
111,2,私立,一般大學,1195,馬偕學校財團法人馬偕醫學院,學士班(日間),男,258,2,2,2,0,0,0,0,0,0,0,0,0,0,0,0
111,2,私立,一般大學,1195,馬偕學校財團法人馬偕醫學院,博士班,男,10,0,0,0,0,0,0,0,0,0,0,0,0,0,0,0
111,2,私立,一般大學,1195,馬偕學校財團法人馬偕醫學院,碩士在職專班,女,25,2,1,0,0,0,0,0,1,0,1,0,0,0,1,0
111,2,私立,一般大學,1195,馬偕學校財團法人馬偕醫學院,學士班(日間),女,446,6,5,5,0,0,0,0,0,0,1,0,0,0,1,0
111,2,私立,一般大學,1195,馬偕學校財團法人馬偕醫學院,學士班(進修),女,54,1,0,0,0,0,0,0,0,0,1,0,0,1,0,0
111,2,私立,一般大學,1195,馬偕學校財團法人馬偕醫學院,學士班(進修),男,0,0,0,0,0,0,0,0,0,0,0,0,0,0,0,0
111,2,私立,一般大學,1195,馬偕學校財團法人馬偕醫學院,博士班,女,0,0,0,0,0,0,0,0,0,0,0,0,0,0,0,0
111,2,私立,一般大學,1195,馬偕學校財團法人馬偕醫學院,碩士班(日間),女,41,1,0,0,0,0,0,0,0,0,1,0,0,0,1,0
111,2,私立,一般大學,1195,馬偕學校財團法人馬偕醫學院,碩士班(日間),男,22,1,0,0,0,0,0,0,0,0,1,0,0,0,1,0
111,2,私立,一般大學,1195,馬偕學校財團法人馬偕醫學院,碩士在職專班,男,6,0,0,0,0,0,0,0,0,0,0,0,0,0,0,0
111,1,私立,一般大學,1196,法鼓學校財團法人法鼓文理學院,學士班(日間),男,25,1,1,0,0,0,0,0,0,1,0,0,0,0,0,0
111,1,私立,一般大學,1196,法鼓學校財團法人法鼓文理學院,博士班,女,12,0,0,0,0,0,0,0,0,0,0,0,0,0,0,0
111,1,私立,一般大學,1196,法鼓學校財團法人法鼓文理學院,博士班,男,8,0,0,0,0,0,0,0,0,0,0,0,0,0,0,0
111,1,私立,一般大學,1196,法鼓學校財團法人法鼓文理學院,碩士班(日間),女,198,7,7,0,0,0,1,0,4,2,0,0,0,0,0,0
111,1,私立,一般大學,1196,法鼓學校財團法人法鼓文理學院,學士班(日間),女,32,2,2,0,0,0,0,0,1,1,0,0,0,0,0,0
111,1,私立,一般大學,1196,法鼓學校財團法人法鼓文理學院,碩士班(日間),男,63,6,6,0,0,0,1,0,3,2,0,0,0,0,0,0
111,2,私立,一般大學,1196,法鼓學校財團法人法鼓文理學院,學士班(日間),女,32,0,0,0,0,0,0,0,0,0,0,0,0,0,0,0
111,2,私立,一般大學,1196,法鼓學校財團法人法鼓文理學院,學士班(日間),男,25,1,1,0,0,0,0,0,1,0,0,0,0,0,0,0
111,2,私立,一般大學,1196,法鼓學校財團法人法鼓文理學院,博士班,女,12,2,1,0,0,0,0,0,0,1,1,1,0,0,0,0
111,2,私立,一般大學,1196,法鼓學校財團法人法鼓文理學院,博士班,男,8,0,0,0,0,0,0,0,0,0,0,0,0,0,0,0
111,2,私立,一般大學,1196,法鼓學校財團法人法鼓文理學院,碩士班(日間),女,198,11,11,0,0,0,1,1,2,7,0,0,0,0,0,0
111,2,私立,一般大學,1196,法鼓學校財團法人法鼓文理學院,碩士班(日間),男,63,4,4,2,0,0,1,0,1,0,0,0,0,0,0,0
111,1,私立,技專校院,1282,馬偕學校財團法人馬偕醫護管理專科學校,二專(進修),男,71,4,1,1,0,0,0,0,0,0,3,0,0,3,0,0
111,1,私立,技專校院,1282,馬偕學校財團法人馬偕醫護管理專科學校,五專,女,3359,93,57,53,0,0,1,3,0,0,36,16,5,15,0,0
111,1,私立,技專校院,1282,馬偕學校財團法人馬偕醫護管理專科學校,五專,男,514,23,11,11,0,0,0,0,0,0,12,6,3,3,0,0
111,1,私立,技專校院,1282,馬偕學校財團法人馬偕醫護管理專科學校,二專(進修),女,74,3,0,0,0,0,0,0,0,0,3,0,0,2,1,0
111,2,私立,技專校院,1282,馬偕學校財團法人馬偕醫護管理專科學校,二專(進修),女,74,2,0,0,0,0,0,0,0,0,2,0,0,1,1,0
111,2,私立,技專校院,1282,馬偕學校財團法人馬偕醫護管理專科學校,五專,女,3359,103,44,41,0,0,1,0,2,0,59,6,13,8,32,0
111,2,私立,技專校院,1282,馬偕學校財團法人馬偕醫護管理專科學校,二專(日間),女,0,2,0,0,0,0,0,0,0,0,2,0,0,0,2,0
111,2,私立,技專校院,1282,馬偕學校財團法人馬偕醫護管理專科學校,二專(進修),男,71,1,0,0,0,0,0,0,0,0,1,0,0,1,0,0
111,2,私立,技專校院,1282,馬偕學校財團法人馬偕醫護管理專科學校,五專,男,514,31,6,6,0,0,0,0,0,0,25,6,5,1,13,0
111,1,私立,技專校院,1283,仁德醫護管理專科學校,二專(進修),女,192,14,5,3,0,1,0,0,1,0,9,0,0,8,1,0
111,1,私立,技專校院,1283,仁德醫護管理專科學校,二專(進修),男,182,15,1,1,0,0,0,0,0,0,14,0,0,14,0,0
111,1,私立,技專校院,1283,仁德醫護管理專科學校,五專,女,4474,225,171,154,1,0,2,8,6,0,54,0,1,28,25,0
111,1,私立,技專校院,1283,仁德醫護管理專科學校,五專,男,1308,142,107,101,0,0,1,3,2,0,35,0,5,17,13,0
111,2,私立,技專校院,1283,仁德醫護管理專科學校,二專(進修),男,182,13,2,0,0,0,1,1,0,0,11,1,0,9,1,0
111,2,私立,技專校院,1283,仁德醫護管理專科學校,五專,男,1308,73,42,38,0,0,0,1,3,0,31,9,0,9,13,0
111,2,私立,技專校院,1283,仁德醫護管理專科學校,二專(進修),女,192,5,2,1,0,0,1,0,0,0,3,0,0,0,3,0
111,2,私立,技專校院,1283,仁德醫護管理專科學校,五專,女,4474,138,98,86,0,0,0,8,4,0,40,2,0,18,20,0
111,1,私立,技專校院,1284,樹人醫護管理專科學校,二專(進修),男,274,26,2,1,0,0,0,0,1,0,24,0,0,5,19,0
111,1,私立,技專校院,1284,樹人醫護管理專科學校,五專,女,5319,206,130,116,0,0,3,0,3,8,76,7,7,12,50,0
111,1,私立,技專校院,1284,樹人醫護管理專科學校,二專(進修),女,273,10,1,0,0,0,0,0,0,1,9,0,0,0,9,0
111,1,私立,技專校院,1284,樹人醫護管理專科學校,五專,男,1408,99,59,50,0,0,0,0,2,7,40,8,7,6,19,0
111,2,私立,技專校院,1284,樹人醫護管理專科學校,二專(進修),女,273,9,3,1,0,0,0,0,1,1,6,0,0,3,3,0
111,2,私立,技專校院,1284,樹人醫護管理專科學校,五專,男,1408,60,23,22,0,0,0,0,1,0,37,8,18,2,9,0
111,2,私立,技專校院,1284,樹人醫護管理專科學校,二專(進修),男,274,4,0,0,0,0,0,0,0,0,4,0,1,3,0,0
111,2,私立,技專校院,1284,樹人醫護管理專科學校,五專,女,5319,140,84,76,0,0,0,0,1,7,56,9,15,3,29,0
111,1,私立,技專校院,1285,慈惠醫護管理專科學校,二專(日間),女,65,4,1,0,0,0,0,0,1,0,3,0,0,3,0,0
111,1,私立,技專校院,1285,慈惠醫護管理專科學校,二專(日間),男,19,1,1,0,0,0,0,1,0,0,0,0,0,0,0,0
111,1,私立,技專校院,1285,慈惠醫護管理專科學校,二專(進修),男,77,7,0,0,0,0,0,0,0,0,7,2,0,0,5,0
111,1,私立,技專校院,1285,慈惠醫護管理專科學校,五專,女,1955,141,67,55,0,0,1,7,4,0,74,17,1,18,38,0
111,1,私立,技專校院,1285,慈惠醫護管理專科學校,五專,男,506,65,23,22,0,0,0,1,0,0,42,8,6,5,23,0
111,1,私立,技專校院,1285,慈惠醫護管理專科學校,二專(進修),女,126,14,0,0,0,0,0,0,0,0,14,5,0,0,9,0
111,2,私立,技專校院,1285,慈惠醫護管理專科學校,二專(進修),女,126,8,4,0,0,0,0,0,2,2,4,3,0,1,0,0
111,2,私立,技專校院,1285,慈惠醫護管理專科學校,五專,女,1955,117,59,54,0,0,0,3,2,0,58,20,5,5,28,0
111,2,私立,技專校院,1285,慈惠醫護管理專科學校,二專(日間),女,65,4,2,1,0,0,0,1,0,0,2,0,0,2,0,0
111,2,私立,技專校院,1285,慈惠醫護管理專科學校,二專(日間),男,19,1,1,0,0,0,0,1,0,0,0,0,0,0,0,0
111,2,私立,技專校院,1285,慈惠醫護管理專科學校,二專(進修),男,77,5,4,0,0,0,0,0,3,1,1,0,0,1,0,0
111,2,私立,技專校院,1285,慈惠醫護管理專科學校,五專,男,506,30,11,10,0,0,1,0,0,0,19,11,0,0,8,0
111,1,私立,技專校院,1286,耕莘健康管理專科學校,二專(進修),女,91,7,1,0,0,0,0,0,1,0,6,0,0,0,6,0
111,1,私立,技專校院,1286,耕莘健康管理專科學校,五專,女,3718,136,91,84,0,0,2,0,3,2,45,4,4,1,36,0
111,1,私立,技專校院,1286,耕莘健康管理專科學校,二專(進修),男,6,1,0,0,0,0,0,0,0,0,1,0,0,0,1,0
111,1,私立,技專校院,1286,耕莘健康管理專科學校,五專,男,399,27,15,12,0,0,0,0,0,3,12,3,4,0,5,0
111,2,私立,技專校院,1286,耕莘健康管理專科學校,二專(進修),男,6,0,0,0,0,0,0,0,0,0,0,0,0,0,0,0
111,2,私立,技專校院,1286,耕莘健康管理專科學校,五專,男,399,15,11,9,0,0,1,0,0,1,4,0,1,1,2,0
111,2,私立,技專校院,1286,耕莘健康管理專科學校,二專(進修),女,91,3,0,0,0,0,0,0,0,0,3,0,0,1,2,0
111,2,私立,技專校院,1286,耕莘健康管理專科學校,五專,女,3718,107,76,72,0,0,2,0,2,0,31,4,2,3,22,0
111,1,私立,技專校院,1287,敏惠醫護管理專科學校,二專(進修),女,48,1,0,0,0,0,0,0,0,0,1,0,0,0,1,0
111,1,私立,技專校院,1287,敏惠醫護管理專科學校,二專(進修),男,23,2,1,0,0,0,0,0,1,0,1,0,0,0,1,0
111,1,私立,技專校院,1287,敏惠醫護管理專科學校,五專,女,3242,106,69,61,0,1,1,1,4,1,37,0,0,4,33,0
111,1,私立,技專校院,1287,敏惠醫護管理專科學校,五專,男,484,24,14,12,0,0,0,1,1,0,10,1,1,1,7,0
111,2,私立,技專校院,1287,敏惠醫護管理專科學校,二專(進修),男,23,0,0,0,0,0,0,0,0,0,0,0,0,0,0,0
111,2,私立,技專校院,1287,敏惠醫護管理專科學校,五專,男,484,17,11,11,0,0,0,0,0,0,6,4,2,0,0,0
111,2,私立,技專校院,1287,敏惠醫護管理專科學校,二專(進修),女,48,5,1,1,0,0,0,0,0,0,4,0,0,0,4,0
111,2,私立,技專校院,1287,敏惠醫護管理專科學校,五專,女,3242,80,52,49,0,0,2,0,1,0,28,1,1,0,26,0
111,1,私立,技專校院,1289,育英醫護管理專科學校,五專,女,1685,36,17,17,0,0,0,0,0,0,19,7,0,1,11,0
111,1,私立,技專校院,1289,育英醫護管理專科學校,五專,男,206,4,1,1,0,0,0,0,0,0,3,1,0,0,2,0
111,2,私立,技專校院,1289,育英醫護管理專科學校,五專,女,1685,52,32,32,0,0,0,0,0,0,20,0,0,2,18,0
111,2,私立,技專校院,1289,育英醫護管理專科學校,五專,男,206,5,5,5,0,0,0,0,0,0,0,0,0,0,0,0
111,1,私立,技專校院,1291,聖母醫護管理專科學校,二專(日間),女,6,2,1,0,0,0,0,0,1,0,1,1,0,0,0,0
111,1,私立,技專校院,1291,聖母醫護管理專科學校,二專(進修),女,21,2,0,0,0,0,0,0,0,0,2,0,0,1,1,0
111,1,私立,技專校院,1291,聖母醫護管理專科學校,二專(進修),男,23,3,0,0,0,0,0,0,0,0,3,0,0,1,2,0
111,1,私立,技專校院,1291,聖母醫護管理專科學校,五專,女,1337,81,29,25,0,0,0,1,2,1,52,5,3,10,34,0
111,1,私立,技專校院,1291,聖母醫護管理專科學校,二專(日間),男,9,0,0,0,0,0,0,0,0,0,0,0,0,0,0,0
111,1,私立,技專校院,1291,聖母醫護管理專科學校,五專,男,240,34,12,12,0,0,0,0,0,0,22,3,1,1,17,0
111,2,私立,技專校院,1291,聖母醫護管理專科學校,二專(日間),男,9,0,0,0,0,0,0,0,0,0,0,0,0,0,0,0
111,2,私立,技專校院,1291,聖母醫護管理專科學校,二專(進修),女,21,1,0,0,0,0,0,0,0,0,1,0,0,0,1,0
111,2,私立,技專校院,1291,聖母醫護管理專科學校,二專(日間),女,6,0,0,0,0,0,0,0,0,0,0,0,0,0,0,0
111,2,私立,技專校院,1291,聖母醫護管理專科學校,二專(進修),男,23,2,0,0,0,0,0,0,0,0,2,0,0,0,2,0
111,2,私立,技專校院,1291,聖母醫護管理專科學校,五專,女,1337,48,21,19,0,0,1,0,1,0,27,2,6,1,18,0
111,2,私立,技專校院,1291,聖母醫護管理專科學校,五專,男,240,13,8,8,0,0,0,0,0,0,5,0,2,0,3,0
111,1,私立,技專校院,1292,新生醫護管理專科學校,二專(進修),男,10,0,0,0,0,0,0,0,0,0,0,0,0,0,0,0
111,1,私立,技專校院,1292,新生醫護管理專科學校,五專,女,5212,149,70,64,0,0,3,2,1,0,79,38,10,4,27,0
111,1,私立,技專校院,1292,新生醫護管理專科學校,二專(進修),女,65,3,0,0,0,0,0,0,0,0,3,0,0,1,2,0
111,1,私立,技專校院,1292,新生醫護管理專科學校,五專,男,703,42,24,21,0,0,0,2,1,0,18,5,3,2,8,0
111,2,私立,技專校院,1292,新生醫護管理專科學校,二專(進修),女,65,2,0,0,0,0,0,0,0,0,2,0,0,1,1,0
111,2,私立,技專校院,1292,新生醫護管理專科學校,五專,男,703,23,18,18,0,0,0,0,0,0,5,1,2,0,2,0
111,2,私立,技專校院,1292,新生醫護管理專科學校,二專(進修),男,10,0,0,0,0,0,0,0,0,0,0,0,0,0,0,0
111,2,私立,技專校院,1292,新生醫護管理專科學校,五專,女,5212,123,58,54,0,0,2,2,0,0,65,3,23,11,28,0
111,1,私立,技專校院,1293,崇仁醫護管理專科學校,五專,男,431,16,5,3,0,0,0,1,1,0,11,3,2,0,6,0
111,1,私立,技專校院,1293,崇仁醫護管理專科學校,五專,女,2620,44,17,16,0,0,0,1,0,0,27,1,0,0,26,0
111,2,私立,技專校院,1293,崇仁醫護管理專科學校,五專,女,2620,60,33,32,0,0,0,0,1,0,27,2,2,1,22,0
111,2,私立,技專校院,1293,崇仁醫護管理專科學校,五專,男,431,22,10,10,0,0,0,0,0,0,12,0,5,0,7,0
111,1,私立,宗教研修學院,1R02,學校財團法人中華浸信會基督教台灣浸會神學院,碩士班(日間),男,29,0,0,0,0,0,0,0,0,0,0,0,0,0,0,0
111,1,私立,宗教研修學院,1R02,學校財團法人中華浸信會基督教台灣浸會神學院,碩士班(日間),女,19,0,0,0,0,0,0,0,0,0,0,0,0,0,0,0
111,2,私立,宗教研修學院,1R02,學校財團法人中華浸信會基督教台灣浸會神學院,碩士班(日間),女,19,1,1,0,0,0,0,0,0,1,0,0,0,0,0,0
111,2,私立,宗教研修學院,1R02,學校財團法人中華浸信會基督教台灣浸會神學院,碩士班(日間),男,29,0,0,0,0,0,0,0,0,0,0,0,0,0,0,0
111,1,私立,宗教研修學院,1R03,臺北基督學院,學士班(日間),女,31,1,0,0,0,0,0,0,0,0,1,0,0,0,1,0
111,1,私立,宗教研修學院,1R03,臺北基督學院,學士班(日間),男,38,0,0,0,0,0,0,0,0,0,0,0,0,0,0,0
111,2,私立,宗教研修學院,1R03,臺北基督學院,學士班(日間),女,31,0,0,0,0,0,0,0,0,0,0,0,0,0,0,0
111,2,私立,宗教研修學院,1R03,臺北基督學院,學士班(日間),男,38,2,0,0,0,0,0,0,0,0,2,0,0,0,2,0
111,1,私立,宗教研修學院,1R04,財團法人一貫道天皇基金會一貫道天皇學院,學士班(日間),男,19,4,2,0,0,0,0,0,2,0,2,0,0,0,2,0
111,1,私立,宗教研修學院,1R04,財團法人一貫道天皇基金會一貫道天皇學院,碩士班(日間),女,10,2,2,0,0,0,0,0,1,1,0,0,0,0,0,0
111,1,私立,宗教研修學院,1R04,財團法人一貫道天皇基金會一貫道天皇學院,碩士在職專班,女,28,4,1,0,0,0,1,0,0,0,3,0,0,0,3,0
111,1,私立,宗教研修學院,1R04,財團法人一貫道天皇基金會一貫道天皇學院,學士班(日間),女,32,6,6,0,0,0,1,3,1,1,0,0,0,0,0,0
111,1,私立,宗教研修學院,1R04,財團法人一貫道天皇基金會一貫道天皇學院,碩士班(日間),男,13,2,1,0,0,0,0,0,1,0,1,0,0,0,1,0
111,1,私立,宗教研修學院,1R04,財團法人一貫道天皇基金會一貫道天皇學院,碩士在職專班,男,16,1,0,0,0,0,0,0,0,0,1,0,0,0,1,0
111,2,私立,宗教研修學院,1R04,財團法人一貫道天皇基金會一貫道天皇學院,學士班(日間),女,32,12,10,2,0,0,1,2,4,1,2,0,0,0,2,0
111,2,私立,宗教研修學院,1R04,財團法人一貫道天皇基金會一貫道天皇學院,碩士班(日間),男,13,10,6,3,0,0,0,2,1,0,4,1,0,0,3,0
111,2,私立,宗教研修學院,1R04,財團法人一貫道天皇基金會一貫道天皇學院,碩士在職專班,男,16,3,2,0,0,0,0,0,0,2,1,0,0,0,1,0
111,2,私立,宗教研修學院,1R04,財團法人一貫道天皇基金會一貫道天皇學院,學士班(日間),男,19,10,8,4,0,0,0,1,3,0,2,0,0,0,2,0
111,2,私立,宗教研修學院,1R04,財團法人一貫道天皇基金會一貫道天皇學院,碩士班(日間),女,10,5,4,1,0,0,0,1,1,1,1,0,0,0,1,0
111,2,私立,宗教研修學院,1R04,財團法人一貫道天皇基金會一貫道天皇學院,碩士在職專班,女,28,7,4,1,0,0,1,1,1,0,3,0,0,0,3,0
111,1,私立,宗教研修學院,1R05,台神學校財團法人台灣神學研究學院,碩士在職專班,女,3,0,0,0,0,0,0,0,0,0,0,0,0,0,0,0
111,1,私立,宗教研修學院,1R05,台神學校財團法人台灣神學研究學院,碩士班(日間),女,81,2,1,1,0,0,0,0,0,0,1,0,0,0,1,0
111,1,私立,宗教研修學院,1R05,台神學校財團法人台灣神學研究學院,碩士班(日間),男,42,3,3,0,0,0,0,0,3,0,0,0,0,0,0,0
111,1,私立,宗教研修學院,1R05,台神學校財團法人台灣神學研究學院,碩士在職專班,男,1,0,0,0,0,0,0,0,0,0,0,0,0,0,0,0
111,2,私立,宗教研修學院,1R05,台神學校財團法人台灣神學研究學院,碩士班(日間),女,81,1,0,0,0,0,0,0,0,0,1,0,0,0,1,0
111,2,私立,宗教研修學院,1R05,台神學校財團法人台灣神學研究學院,碩士班(日間),男,42,0,0,0,0,0,0,0,0,0,0,0,0,0,0,0
111,2,私立,宗教研修學院,1R05,台神學校財團法人台灣神學研究學院,碩士在職專班,女,3,0,0,0,0,0,0,0,0,0,0,0,0,0,0,0
111,2,私立,宗教研修學院,1R05,台神學校財團法人台灣神學研究學院,碩士在職專班,男,1,0,0,0,0,0,0,0,0,0,0,0,0,0,0,0
111,1,私立,宗教研修學院,1R06,一貫道崇德學院,碩士班(日間),女,38,1,0,0,0,0,0,0,0,0,1,0,0,0,1,0
111,1,私立,宗教研修學院,1R06,一貫道崇德學院,碩士班(日間),男,18,1,0,0,0,0,0,0,0,0,1,0,0,0,1,0
111,2,私立,宗教研修學院,1R06,一貫道崇德學院,碩士班(日間),女,38,5,4,0,0,0,0,0,4,0,1,1,0,0,0,0
111,2,私立,宗教研修學院,1R06,一貫道崇德學院,碩士班(日間),男,18,7,4,0,0,0,1,0,3,0,3,3,0,0,0,0
111,1,私立,宗教研修學院,1R07,台灣基督長老教會南神神學院,碩士班(日間),男,28,5,0,0,0,0,0,0,0,0,5,0,0,0,5,0
111,1,私立,宗教研修學院,1R07,台灣基督長老教會南神神學院,碩士班(日間),女,40,3,0,0,0,0,0,0,0,0,3,0,0,0,3,0
111,2,私立,宗教研修學院,1R07,台灣基督長老教會南神神學院,碩士班(日間),女,40,1,1,0,0,0,0,0,1,0,0,0,0,0,0,0
111,2,私立,宗教研修學院,1R07,台灣基督長老教會南神神學院,碩士班(日間),男,28,2,1,0,0,0,0,0,1,0,1,0,0,0,1,0
111,1,私立,宗教研修學院,1R08,中華福音神學研究學院,碩士班(日間),男,23,0,0,0,0,0,0,0,0,0,0,0,0,0,0,0
111,1,私立,宗教研修學院,1R08,中華福音神學研究學院,碩士班(日間),女,20,0,0,0,0,0,0,0,0,0,0,0,0,0,0,0
111,2,私立,宗教研修學院,1R08,中華福音神學研究學院,碩士班(日間),女,20,1,1,0,0,1,0,0,0,0,0,0,0,0,0,0
111,2,私立,宗教研修學院,1R08,中華福音神學研究學院,碩士班(日間),男,23,0,0,0,0,0,0,0,0,0,0,0,0,0,0,0
111,1,私立,宗教研修學院,1R09,唯心聖教學院,碩士班(日間),男,14,0,0,0,0,0,0,0,0,0,0,0,0,0,0,0
111,1,私立,宗教研修學院,1R09,唯心聖教學院,碩士班(日間),女,16,0,0,0,0,0,0,0,0,0,0,0,0,0,0,0
111,2,私立,宗教研修學院,1R09,唯心聖教學院,碩士班(日間),女,16,0,0,0,0,0,0,0,0,0,0,0,0,0,0,0
111,2,私立,宗教研修學院,1R09,唯心聖教學院,碩士班(日間),男,14,0,0,0,0,0,0,0,0,0,0,0,0,0,0,0
111,1,公立,一般大學,3002,臺北市立大學,學士班(日間),女,2955,69,40,38,0,0,1,0,1,0,29,6,0,22,1,0
111,1,公立,一般大學,3002,臺北市立大學,博士班,男,95,3,0,0,0,0,0,0,0,0,3,2,0,1,0,0
111,1,公立,一般大學,3002,臺北市立大學,碩士班(日間),男,414,22,8,4,0,0,0,0,4,0,14,1,0,13,0,0
111,1,公立,一般大學,3002,臺北市立大學,碩士在職專班,男,328,21,8,4,0,0,0,0,4,0,13,1,0,12,0,0
111,1,公立,一般大學,3002,臺北市立大學,學士班(日間),男,2332,90,51,48,0,0,0,1,1,1,39,8,0,30,1,0
111,1,公立,一般大學,3002,臺北市立大學,博士班,女,116,9,3,2,0,0,0,0,1,0,6,2,0,4,0,0
111,1,公立,一般大學,3002,臺北市立大學,碩士班(日間),女,928,48,21,13,0,0,0,0,7,1,27,2,0,25,0,0
111,1,公立,一般大學,3002,臺北市立大學,碩士在職專班,女,863,39,16,7,0,0,1,0,7,1,23,4,0,19,0,0
111,2,公立,一般大學,3002,臺北市立大學,博士班,女,116,6,1,0,0,0,1,0,0,0,5,0,0,5,0,0
111,2,公立,一般大學,3002,臺北市立大學,碩士班(日間),女,928,35,19,6,0,0,2,0,11,0,16,0,0,16,0,0
111,2,公立,一般大學,3002,臺北市立大學,碩士班(日間),男,414,20,6,0,0,0,1,0,5,0,14,4,0,10,0,0
111,2,公立,一般大學,3002,臺北市立大學,碩士在職專班,女,863,16,8,1,0,0,0,0,7,0,8,1,0,7,0,0
111,2,公立,一般大學,3002,臺北市立大學,碩士在職專班,男,328,9,1,0,0,0,0,0,1,0,8,0,0,8,0,0
111,2,公立,一般大學,3002,臺北市立大學,學士班(日間),女,2955,24,16,12,0,0,0,0,4,0,8,4,0,4,0,0
111,2,公立,一般大學,3002,臺北市立大學,學士班(日間),男,2332,51,14,12,0,0,0,2,0,0,37,15,0,22,0,0
111,2,公立,一般大學,3002,臺北市立大學,博士班,男,95,5,2,0,0,0,0,0,2,0,3,2,0,1,0,0
112,1,公立,一般大學,0001,國立政治大學,博士班,女,404,9,3,3,0,0,0,0,0,0,6,1,0,1,4,0
112,1,公立,一般大學,0001,國立政治大學,碩士班(日間),女,2396,67,14,8,0,0,2,3,1,0,53,1,0,1,51,0
112,1,公立,一般大學,0001,國立政治大學,碩士班(日間),男,1835,70,12,6,0,0,1,0,5,0,58,3,0,4,51,0
112,1,公立,一般大學,0001,國立政治大學,碩士在職專班,女,965,28,2,2,0,0,0,0,0,0,26,1,0,2,23,0
112,1,公立,一般大學,0001,國立政治大學,碩士在職專班,男,938,29,3,1,0,0,0,0,2,0,26,1,0,0,25,0
112,1,公立,一般大學,0001,國立政治大學,學士班(日間),女,5835,82,30,29,0,0,1,0,0,0,52,0,0,0,52,0
112,1,公立,一般大學,0001,國立政治大學,學士班(日間),男,3928,83,27,26,0,0,0,0,1,0,56,1,0,1,54,0
112,1,公立,一般大學,0001,國立政治大學,博士班,男,517,17,3,2,0,0,0,0,1,0,14,4,0,3,7,0
112,2,公立,一般大學,0001,國立政治大學,學士班(日間),男,3928,23,5,4,0,0,0,0,1,0,18,5,0,0,13,0
112,2,公立,一般大學,0001,國立政治大學,博士班,女,404,16,6,2,0,0,0,0,2,2,10,7,0,1,2,0
112,2,公立,一般大學,0001,國立政治大學,博士班,男,517,23,4,3,0,0,1,0,0,0,19,12,0,3,4,0
112,2,公立,一般大學,0001,國立政治大學,碩士班(日間),女,2396,60,12,8,0,0,1,0,2,1,48,13,0,4,31,0
112,2,公立,一般大學,0001,國立政治大學,碩士在職專班,女,965,27,6,3,0,0,1,0,2,0,21,7,0,2,12,0
112,2,公立,一般大學,0001,國立政治大學,學士班(日間),女,5835,25,14,13,0,0,0,1,0,0,11,1,0,0,10,0
112,2,公立,一般大學,0001,國立政治大學,碩士班(日間),男,1835,67,11,7,0,0,0,0,2,2,56,15,0,7,34,0
112,2,公立,一般大學,0001,國立政治大學,碩士在職專班,男,938,43,0,0,0,0,0,0,0,0,43,12,0,9,22,0
112,1,公立,一般大學,0002,國立清華大學,學士班(日間),男,5039,125,38,31,0,0,1,2,4,0,87,8,0,41,38,0
112,1,公立,一般大學,0002,國立清華大學,博士班,男,1131,46,13,4,0,0,0,2,5,2,33,6,0,22,5,0
112,1,公立,一般大學,0002,國立清華大學,碩士班(日間),女,2341,67,20,5,0,0,1,0,8,6,47,5,0,27,15,0
112,1,公立,一般大學,0002,國立清華大學,碩士在職專班,女,904,28,5,2,0,0,0,0,2,1,23,1,0,15,6,1
112,1,公立,一般大學,0002,國立清華大學,碩士在職專班,男,509,14,3,1,0,0,0,0,1,1,11,1,0,8,2,0
112,1,公立,一般大學,0002,國立清華大學,學士班(日間),女,4236,75,18,15,0,0,2,0,1,0,57,4,0,24,29,0
112,1,公立,一般大學,0002,國立清華大學,博士班,女,505,18,6,3,0,0,2,0,1,0,12,1,0,6,5,0
112,1,公立,一般大學,0002,國立清華大學,碩士班(日間),男,3526,89,18,11,0,0,0,1,5,1,71,9,0,42,20,0
112,2,公立,一般大學,0002,國立清華大學,博士班,女,505,17,9,3,0,1,0,0,3,2,8,3,0,4,1,0
112,2,公立,一般大學,0002,國立清華大學,博士班,男,1131,33,10,3,0,0,2,3,1,1,23,6,0,11,4,2
112,2,公立,一般大學,0002,國立清華大學,碩士班(日間),男,3526,51,18,14,0,0,0,0,2,2,33,14,0,14,5,0
112,2,公立,一般大學,0002,國立清華大學,碩士在職專班,女,904,20,5,1,0,1,0,0,1,2,15,13,0,1,1,0
112,2,公立,一般大學,0002,國立清華大學,學士班(日間),女,4236,25,12,11,0,0,1,0,0,0,13,4,0,6,3,0
112,2,公立,一般大學,0002,國立清華大學,學士班(日間),男,5039,48,20,17,0,0,2,0,1,0,28,12,0,12,4,0
112,2,公立,一般大學,0002,國立清華大學,碩士班(日間),女,2341,45,12,7,0,0,0,0,4,1,33,11,0,16,6,0
112,2,公立,一般大學,0002,國立清華大學,碩士在職專班,男,509,13,6,1,0,0,0,0,3,2,7,4,0,2,1,0
112,1,公立,一般大學,0003,國立臺灣大學,學士班(日間),女,7671,160,54,31,0,0,0,0,0,23,106,11,0,94,1,0
112,1,公立,一般大學,0003,國立臺灣大學,學士班(日間),男,9652,266,91,54,0,0,0,0,0,37,175,18,0,157,0,0
112,1,公立,一般大學,0003,國立臺灣大學,博士班,女,1200,44,10,1,0,0,0,1,1,7,34,9,0,2,23,0
112,1,公立,一般大學,0003,國立臺灣大學,碩士班(日間),男,6742,225,27,5,0,0,0,1,6,15,198,34,0,19,145,0
112,1,公立,一般大學,0003,國立臺灣大學,博士班,男,2454,105,20,4,0,0,0,0,5,11,85,30,1,20,34,0
112,1,公立,一般大學,0003,國立臺灣大學,碩士班(日間),女,4586,149,24,5,0,0,1,1,5,12,125,18,0,12,95,0
112,1,公立,一般大學,0003,國立臺灣大學,碩士在職專班,女,629,18,4,0,0,0,0,0,2,2,14,2,0,3,9,0
112,1,公立,一般大學,0003,國立臺灣大學,碩士在職專班,男,948,30,3,0,0,0,1,0,0,2,27,4,0,6,17,0
112,2,公立,一般大學,0003,國立臺灣大學,碩士班(日間),女,4586,64,10,2,0,0,0,0,4,4,54,4,0,50,0,0
112,2,公立,一般大學,0003,國立臺灣大學,碩士班(日間),男,6742,105,19,1,0,0,1,1,4,12,86,7,0,79,0,0
112,2,公立,一般大學,0003,國立臺灣大學,碩士在職專班,女,629,9,2,0,0,0,0,0,1,1,7,1,0,6,0,0
112,2,公立,一般大學,0003,國立臺灣大學,碩士在職專班,男,948,10,1,1,0,0,0,0,0,0,9,1,0,8,0,0
112,2,公立,一般大學,0003,國立臺灣大學,學士班(日間),女,7671,24,10,8,0,0,0,0,0,2,14,2,0,12,0,0
112,2,公立,一般大學,0003,國立臺灣大學,學士班(日間),男,9652,41,13,5,0,0,0,0,0,8,28,12,0,16,0,0
112,2,公立,一般大學,0003,國立臺灣大學,博士班,女,1200,34,5,0,0,0,0,0,0,5,29,4,0,25,0,0
112,2,公立,一般大學,0003,國立臺灣大學,博士班,男,2454,64,12,0,0,0,1,1,5,5,52,13,0,39,0,0
112,1,公立,一般大學,0004,國立臺灣師範大學,博士班,男,630,33,1,1,0,0,0,0,0,0,32,3,0,29,0,0
112,1,公立,一般大學,0004,國立臺灣師範大學,碩士班(日間),女,2506,126,24,11,0,0,0,1,10,2,102,6,0,96,0,0
112,1,公立,一般大學,0004,國立臺灣師範大學,碩士在職專班,女,1592,41,2,1,0,0,0,0,0,1,39,2,0,37,0,0
112,1,公立,一般大學,0004,國立臺灣師範大學,碩士在職專班,男,680,18,1,1,0,0,0,0,0,0,17,1,0,16,0,0
112,1,公立,一般大學,0004,國立臺灣師範大學,學士班(日間),女,4657,69,25,23,0,0,1,1,0,0,44,0,0,44,0,0
112,1,公立,一般大學,0004,國立臺灣師範大學,學士班(日間),男,3846,80,33,32,0,0,0,0,1,0,47,3,0,44,0,0
112,1,公立,一般大學,0004,國立臺灣師範大學,博士班,女,707,31,9,3,1,0,2,0,2,1,22,2,0,20,0,0
112,1,公立,一般大學,0004,國立臺灣師範大學,碩士班(日間),男,1878,85,12,6,0,0,0,0,5,1,73,9,0,64,0,0
112,2,公立,一般大學,0004,國立臺灣師範大學,學士班(日間),女,4657,25,14,13,0,0,0,0,0,1,11,1,0,10,0,0
112,2,公立,一般大學,0004,國立臺灣師範大學,學士班(日間),男,3846,34,13,13,0,0,0,0,0,0,21,4,0,17,0,0
112,2,公立,一般大學,0004,國立臺灣師範大學,博士班,女,707,29,5,0,0,1,1,0,2,1,24,13,0,11,0,0
112,2,公立,一般大學,0004,國立臺灣師範大學,博士班,男,630,26,6,3,0,0,0,1,2,0,20,12,0,8,0,0
112,2,公立,一般大學,0004,國立臺灣師範大學,碩士班(日間),女,2506,81,15,4,0,0,1,1,8,1,66,21,0,45,0,0
112,2,公立,一般大學,0004,國立臺灣師範大學,碩士班(日間),男,1878,86,18,10,0,0,1,0,5,2,68,22,0,46,0,0
112,2,公立,一般大學,0004,國立臺灣師範大學,碩士在職專班,女,1592,63,9,3,0,0,0,0,3,3,54,13,0,41,0,0
112,2,公立,一般大學,0004,國立臺灣師範大學,碩士在職專班,男,680,34,0,0,0,0,0,0,0,0,34,6,0,28,0,0
112,1,公立,一般大學,0005,國立成功大學,學士班(日間),男,7451,229,79,73,0,0,2,1,3,0,150,31,0,12,107,0
112,1,公立,一般大學,0005,國立成功大學,博士班,男,1228,59,5,2,0,0,1,1,1,0,54,11,1,16,26,0
112,1,公立,一般大學,0005,國立成功大學,碩士班(日間),女,2714,82,18,14,0,0,0,0,2,2,64,1,0,6,57,0
112,1,公立,一般大學,0005,國立成功大學,碩士在職專班,女,650,28,3,2,0,0,0,0,1,0,25,0,0,5,20,0
112,1,公立,一般大學,0005,國立成功大學,學士班(日間),女,4708,108,34,33,0,0,1,0,0,0,74,4,0,1,69,0
112,1,公立,一般大學,0005,國立成功大學,博士班,女,660,32,9,8,0,0,0,0,1,0,23,3,0,5,14,1
112,1,公立,一般大學,0005,國立成功大學,碩士班(日間),男,4739,126,27,24,0,0,1,0,1,1,99,5,0,12,82,0
112,1,公立,一般大學,0005,國立成功大學,碩士在職專班,男,932,50,4,1,0,0,2,0,1,0,46,1,0,12,33,0
112,2,公立,一般大學,0005,國立成功大學,學士班(日間),女,4708,45,25,25,0,0,0,0,0,0,20,8,0,2,10,0
112,2,公立,一般大學,0005,國立成功大學,博士班,女,660,23,8,6,0,0,0,0,1,1,15,6,0,2,7,0
112,2,公立,一般大學,0005,國立成功大學,碩士班(日間),男,4739,79,22,14,0,0,3,1,1,3,57,18,0,9,30,0
112,2,公立,一般大學,0005,國立成功大學,碩士在職專班,男,932,59,2,0,0,0,0,0,1,1,57,15,0,22,20,0
112,2,公立,一般大學,0005,國立成功大學,學士班(日間),男,7451,54,16,15,0,0,0,0,1,0,38,22,0,6,10,0
112,2,公立,一般大學,0005,國立成功大學,博士班,男,1228,67,12,7,0,0,1,0,3,1,55,19,0,18,18,0
112,2,公立,一般大學,0005,國立成功大學,碩士班(日間),女,2714,37,7,5,0,0,1,1,0,0,30,3,0,7,20,0
112,2,公立,一般大學,0005,國立成功大學,碩士在職專班,女,650,23,0,0,0,0,0,0,0,0,23,8,0,3,12,0
112,1,公立,一般大學,0006,國立中興大學,學士班(進修),女,459,26,12,9,0,0,1,0,0,2,14,2,0,4,8,0
112,1,公立,一般大學,0006,國立中興大學,博士班,女,348,12,5,1,0,0,0,0,3,1,7,1,0,3,3,0
112,1,公立,一般大學,0006,國立中興大學,碩士班(日間),女,1555,61,19,6,0,0,1,0,11,1,42,3,0,7,32,0
112,1,公立,一般大學,0006,國立中興大學,碩士班(日間),男,2242,104,31,24,0,0,1,1,4,1,73,7,0,31,35,0
112,1,公立,一般大學,0006,國立中興大學,碩士在職專班,男,1143,83,12,3,0,0,0,0,5,4,71,9,0,42,20,0
112,1,公立,一般大學,0006,國立中興大學,學士班(日間),女,3557,94,50,50,0,0,0,0,0,0,44,2,0,8,34,0
112,1,公立,一般大學,0006,國立中興大學,學士班(日間),男,4621,152,72,68,0,0,1,1,1,1,80,21,0,16,43,0
112,1,公立,一般大學,0006,國立中興大學,學士班(進修),男,369,16,6,5,0,0,0,0,1,0,10,7,0,2,1,0
112,1,公立,一般大學,0006,國立中興大學,博士班,男,652,32,1,0,0,0,0,0,1,0,31,8,0,14,9,0
112,1,公立,一般大學,0006,國立中興大學,碩士在職專班,女,651,25,3,1,0,0,0,1,1,0,22,2,0,5,15,0
112,2,公立,一般大學,0006,國立中興大學,學士班(日間),男,4621,53,22,21,0,0,0,0,0,1,31,18,0,5,8,0
112,2,公立,一般大學,0006,國立中興大學,學士班(進修),男,369,19,9,7,0,0,0,0,2,0,10,4,0,5,1,0
112,2,公立,一般大學,0006,國立中興大學,學士班(日間),女,3557,18,14,12,0,0,1,0,0,1,4,3,0,1,0,0
112,2,公立,一般大學,0006,國立中興大學,學士班(進修),女,459,16,7,5,0,0,0,1,1,0,9,2,0,5,2,0
112,2,公立,一般大學,0006,國立中興大學,博士班,女,348,15,7,1,0,0,0,0,3,3,8,1,0,3,4,0
112,2,公立,一般大學,0006,國立中興大學,博士班,男,652,17,7,3,0,0,0,1,3,0,10,1,0,3,6,0
112,2,公立,一般大學,0006,國立中興大學,碩士班(日間),女,1555,26,9,6,0,0,0,0,3,0,17,0,0,5,12,0
112,2,公立,一般大學,0006,國立中興大學,碩士班(日間),男,2242,41,13,8,0,0,1,0,4,0,28,8,0,3,17,0
112,2,公立,一般大學,0006,國立中興大學,碩士在職專班,女,651,18,6,2,0,0,0,0,3,1,12,1,0,7,4,0
112,2,公立,一般大學,0006,國立中興大學,碩士在職專班,男,1143,41,6,1,0,0,0,0,5,0,35,1,0,19,15,0
112,1,公立,一般大學,0007,國立陽明交通大學,學士班(日間),女,3084,65,35,34,0,1,0,0,0,0,30,0,0,30,0,0
112,1,公立,一般大學,0007,國立陽明交通大學,學士班(日間),男,5528,124,64,64,0,0,0,0,0,0,60,1,0,58,1,0
112,1,公立,一般大學,0007,國立陽明交通大學,博士班,女,832,31,6,4,0,0,1,0,1,0,25,2,0,22,1,0
112,1,公立,一般大學,0007,國立陽明交通大學,博士班,男,1772,71,14,8,0,0,0,0,6,0,57,10,0,44,3,0
112,1,公立,一般大學,0007,國立陽明交通大學,碩士班(日間),女,3125,68,13,10,0,1,1,0,1,0,55,2,0,51,2,0
112,1,公立,一般大學,0007,國立陽明交通大學,碩士班(日間),男,5150,99,24,22,0,0,0,1,1,0,75,7,0,65,3,0
112,1,公立,一般大學,0007,國立陽明交通大學,碩士在職專班,女,727,23,2,0,0,1,1,0,0,0,21,5,0,16,0,0
112,1,公立,一般大學,0007,國立陽明交通大學,碩士在職專班,男,1210,54,9,5,0,1,0,0,3,0,45,3,0,42,0,0
112,2,公立,一般大學,0007,國立陽明交通大學,學士班(日間),女,3084,16,8,6,0,0,1,1,0,0,8,2,0,6,0,0
112,2,公立,一般大學,0007,國立陽明交通大學,博士班,女,832,29,5,2,0,0,0,0,3,0,24,6,0,17,1,0
112,2,公立,一般大學,0007,國立陽明交通大學,博士班,男,1772,67,8,8,0,0,0,0,0,0,59,21,0,38,0,0
112,2,公立,一般大學,0007,國立陽明交通大學,碩士班(日間),女,3125,65,25,22,0,0,2,0,1,0,40,15,0,25,0,0
112,2,公立,一般大學,0007,國立陽明交通大學,碩士班(日間),男,5150,62,13,13,0,0,0,0,0,0,49,17,0,32,0,0
112,2,公立,一般大學,0007,國立陽明交通大學,碩士在職專班,男,1210,63,9,7,0,0,0,0,2,0,54,22,0,32,0,0
112,2,公立,一般大學,0007,國立陽明交通大學,學士班(日間),男,5528,41,22,20,0,0,2,0,0,0,19,8,0,11,0,0
112,2,公立,一般大學,0007,國立陽明交通大學,碩士在職專班,女,727,25,3,2,0,0,1,0,0,0,22,11,0,11,0,0
112,1,公立,一般大學,0008,國立中央大學,博士班,女,300,16,6,2,0,1,0,0,3,0,10,2,0,3,5,0
112,1,公立,一般大學,0008,國立中央大學,博士班,男,637,37,10,3,0,1,1,0,5,0,27,4,0,8,15,0
112,1,公立,一般大學,0008,國立中央大學,碩士班(日間),女,1280,37,7,6,0,0,0,0,1,0,30,1,0,3,26,0
112,1,公立,一般大學,0008,國立中央大學,碩士在職專班,女,597,13,1,0,0,0,0,0,1,0,12,2,0,1,9,0
112,1,公立,一般大學,0008,國立中央大學,碩士在職專班,男,919,40,5,1,0,1,0,0,3,0,35,3,0,11,21,0
112,1,公立,一般大學,0008,國立中央大學,學士班(日間),女,2422,55,22,22,0,0,0,0,0,0,33,3,0,2,28,0
112,1,公立,一般大學,0008,國立中央大學,學士班(日間),男,3852,101,26,26,0,0,0,0,0,0,75,17,0,5,53,0
112,1,公立,一般大學,0008,國立中央大學,碩士班(日間),男,2490,67,13,9,0,0,0,0,4,0,54,2,0,5,47,0
112,2,公立,一般大學,0008,國立中央大學,學士班(日間),女,2422,15,12,12,0,0,0,0,0,0,3,1,0,1,1,0
112,2,公立,一般大學,0008,國立中央大學,學士班(日間),男,3852,42,17,17,0,0,0,0,0,0,25,17,0,3,5,0
112,2,公立,一般大學,0008,國立中央大學,博士班,男,637,35,2,1,0,0,0,0,1,0,33,12,0,7,14,0
112,2,公立,一般大學,0008,國立中央大學,博士班,女,300,12,3,0,0,0,0,0,3,0,9,1,0,3,5,0
112,2,公立,一般大學,0008,國立中央大學,碩士班(日間),女,1280,17,4,4,0,0,0,0,0,0,13,2,0,3,8,0
112,2,公立,一般大學,0008,國立中央大學,碩士班(日間),男,2490,56,17,15,0,0,1,0,1,0,39,13,0,10,16,0
112,2,公立,一般大學,0008,國立中央大學,碩士在職專班,女,597,14,2,0,0,0,0,0,2,0,12,0,0,5,7,0
112,2,公立,一般大學,0008,國立中央大學,碩士在職專班,男,919,42,4,0,0,0,0,1,3,0,38,9,0,16,13,0
112,1,公立,一般大學,0009,國立中山大學,學士班(日間),男,3051,70,29,28,0,0,0,0,1,0,41,16,0,4,21,0
112,1,公立,一般大學,0009,國立中山大學,博士班,女,319,10,3,1,0,0,1,0,1,0,7,0,0,3,4,0
112,1,公立,一般大學,0009,國立中山大學,碩士班(日間),女,1330,35,12,7,0,0,1,0,4,0,23,3,0,4,16,0
112,1,公立,一般大學,0009,國立中山大學,學士班(日間),女,1989,41,23,21,0,0,1,0,1,0,18,2,0,2,14,0
112,1,公立,一般大學,0009,國立中山大學,博士班,男,520,27,15,5,0,1,1,0,6,2,12,3,0,4,5,0
112,1,公立,一般大學,0009,國立中山大學,碩士班(日間),男,2085,85,43,33,0,0,0,0,7,3,42,4,0,7,31,0
112,1,公立,一般大學,0009,國立中山大學,碩士在職專班,女,542,15,7,2,0,1,0,0,4,0,8,0,0,2,6,0
112,1,公立,一般大學,0009,國立中山大學,碩士在職專班,男,510,33,9,4,0,0,0,0,3,2,24,0,0,10,14,0
112,2,公立,一般大學,0009,國立中山大學,學士班(日間),女,1989,15,6,6,0,0,0,0,0,0,9,4,0,2,3,0
112,2,公立,一般大學,0009,國立中山大學,博士班,男,520,29,10,3,0,0,3,0,4,0,19,6,0,6,7,0
112,2,公立,一般大學,0009,國立中山大學,碩士班(日間),男,2085,68,32,23,0,0,0,1,7,1,36,11,0,5,20,0
112,2,公立,一般大學,0009,國立中山大學,碩士在職專班,女,542,18,8,2,0,0,1,0,2,3,10,1,0,3,6,0
112,2,公立,一般大學,0009,國立中山大學,碩士在職專班,男,510,19,5,0,0,0,1,0,3,1,14,0,0,6,8,0
112,2,公立,一般大學,0009,國立中山大學,學士班(日間),男,3051,38,20,19,0,0,0,0,1,0,18,9,0,3,6,0
112,2,公立,一般大學,0009,國立中山大學,博士班,女,319,13,5,3,0,0,0,0,2,0,8,1,0,1,6,0
112,2,公立,一般大學,0009,國立中山大學,碩士班(日間),女,1330,37,15,10,0,0,1,0,3,1,22,3,0,2,17,0
112,1,公立,一般大學,0012,國立臺灣海洋大學,學士班(進修),女,171,24,7,6,0,0,0,0,1,0,17,0,0,6,11,0
112,1,公立,一般大學,0012,國立臺灣海洋大學,學士班(進修),男,380,35,15,10,0,0,0,0,5,0,20,0,0,4,16,0
112,1,公立,一般大學,0012,國立臺灣海洋大學,博士班,男,229,14,4,1,0,0,0,0,3,0,10,1,0,5,4,0
112,1,公立,一般大學,0012,國立臺灣海洋大學,碩士班(日間),女,547,22,13,7,0,0,0,2,4,0,9,3,0,1,5,0
112,1,公立,一般大學,0012,國立臺灣海洋大學,碩士班(日間),男,1044,53,27,13,0,0,2,2,10,0,26,1,0,5,20,0
112,1,公立,一般大學,0012,國立臺灣海洋大學,碩士在職專班,女,271,10,0,0,0,0,0,0,0,0,10,0,0,2,8,0
112,1,公立,一般大學,0012,國立臺灣海洋大學,學士班(日間),女,1935,34,22,21,0,0,1,0,0,0,12,0,0,2,10,0
112,1,公立,一般大學,0012,國立臺灣海洋大學,學士班(日間),男,4176,120,82,76,0,0,0,2,4,0,38,5,0,10,23,0
112,1,公立,一般大學,0012,國立臺灣海洋大學,博士班,女,98,7,5,3,0,0,1,0,1,0,2,1,0,1,0,0
112,1,公立,一般大學,0012,國立臺灣海洋大學,碩士在職專班,男,363,28,2,2,0,0,0,0,0,0,26,0,0,6,20,0
112,2,公立,一般大學,0012,國立臺灣海洋大學,學士班(日間),女,1935,18,14,11,0,0,1,1,1,0,4,0,0,1,3,0
112,2,公立,一般大學,0012,國立臺灣海洋大學,博士班,女,98,2,1,1,0,0,0,0,0,0,1,0,0,0,1,0
112,2,公立,一般大學,0012,國立臺灣海洋大學,碩士在職專班,男,363,29,1,0,0,0,0,0,1,0,28,0,0,16,12,0
112,2,公立,一般大學,0012,國立臺灣海洋大學,學士班(日間),男,4176,47,33,31,0,0,0,0,2,0,14,3,0,8,3,0
112,2,公立,一般大學,0012,國立臺灣海洋大學,學士班(進修),女,171,10,3,3,0,0,0,0,0,0,7,2,0,1,4,0
112,2,公立,一般大學,0012,國立臺灣海洋大學,學士班(進修),男,380,21,6,5,0,0,0,0,1,0,15,5,0,3,7,0
112,2,公立,一般大學,0012,國立臺灣海洋大學,博士班,男,229,10,4,1,0,0,1,1,1,0,6,1,0,4,1,0
112,2,公立,一般大學,0012,國立臺灣海洋大學,碩士班(日間),女,547,17,11,6,0,0,0,0,5,0,6,0,0,2,4,0
112,2,公立,一般大學,0012,國立臺灣海洋大學,碩士班(日間),男,1044,20,14,6,0,0,0,1,7,0,6,0,0,2,4,0
112,2,公立,一般大學,0012,國立臺灣海洋大學,碩士在職專班,女,271,6,1,1,0,0,0,0,0,0,5,0,0,2,3,0
112,1,公立,一般大學,0013,國立中正大學,學士班(日間),女,3098,46,21,18,0,0,0,1,0,2,25,1,0,2,22,0
112,1,公立,一般大學,0013,國立中正大學,學士班(日間),男,3555,103,47,41,0,0,1,1,4,0,56,13,0,3,39,1
112,1,公立,一般大學,0013,國立中正大學,博士班,男,332,23,2,0,0,0,0,0,1,1,21,6,0,6,9,0
112,1,公立,一般大學,0013,國立中正大學,博士班,女,205,9,2,0,0,0,0,0,1,1,7,1,0,1,5,0
112,1,公立,一般大學,0013,國立中正大學,碩士班(日間),女,1210,58,7,4,0,0,0,0,1,2,51,15,0,2,34,0
112,1,公立,一般大學,0013,國立中正大學,碩士班(日間),男,1672,75,17,7,0,0,1,1,5,3,58,12,0,8,38,0
112,1,公立,一般大學,0013,國立中正大學,碩士在職專班,女,868,46,7,2,0,1,1,0,0,3,39,7,0,9,23,0
112,1,公立,一般大學,0013,國立中正大學,碩士在職專班,男,600,49,3,0,0,0,0,0,3,0,46,10,0,10,26,0
112,2,公立,一般大學,0013,國立中正大學,學士班(日間),女,3098,21,15,15,0,0,0,0,0,0,6,1,0,0,5,0
112,2,公立,一般大學,0013,國立中正大學,博士班,女,205,6,3,2,0,0,0,0,0,1,3,0,0,1,2,0
112,2,公立,一般大學,0013,國立中正大學,博士班,男,332,15,4,3,0,0,0,0,0,1,11,0,0,5,6,0
112,2,公立,一般大學,0013,國立中正大學,碩士班(日間),女,1210,35,12,10,0,0,0,0,0,2,23,3,0,3,17,0
112,2,公立,一般大學,0013,國立中正大學,碩士班(日間),男,1672,47,20,12,0,0,1,0,5,2,27,6,0,5,16,0
112,2,公立,一般大學,0013,國立中正大學,碩士在職專班,男,600,18,1,0,0,0,0,0,0,1,17,1,0,7,9,0
112,2,公立,一般大學,0013,國立中正大學,學士班(日間),男,3555,46,23,21,0,0,0,0,2,0,23,13,0,4,6,0
112,2,公立,一般大學,0013,國立中正大學,碩士在職專班,女,868,27,6,1,0,0,0,0,2,3,21,0,0,8,13,0
112,1,公立,一般大學,0014,國立高雄師範大學,學士班(日間),女,2043,60,52,48,0,1,0,1,0,2,8,2,0,6,0,0
112,1,公立,一般大學,0014,國立高雄師範大學,學士班(日間),男,1945,70,56,54,0,0,0,0,1,1,14,4,0,10,0,0
112,1,公立,一般大學,0014,國立高雄師範大學,博士班,女,218,8,1,0,0,0,1,0,0,0,7,2,0,5,0,0
112,1,公立,一般大學,0014,國立高雄師範大學,博士班,男,204,11,1,0,0,0,0,0,1,0,10,7,0,3,0,0
112,1,公立,一般大學,0014,國立高雄師範大學,碩士班(日間),女,999,68,32,21,0,0,1,1,9,0,36,10,0,26,0,0
112,1,公立,一般大學,0014,國立高雄師範大學,碩士班(日間),男,567,52,27,14,0,0,0,2,11,0,25,7,0,18,0,0
112,1,公立,一般大學,0014,國立高雄師範大學,碩士在職專班,女,924,26,10,6,0,0,3,0,1,0,16,5,0,10,1,0
112,1,公立,一般大學,0014,國立高雄師範大學,碩士在職專班,男,496,16,2,0,0,0,0,0,2,0,14,6,0,8,0,0
112,2,公立,一般大學,0014,國立高雄師範大學,學士班(日間),女,2043,28,18,17,0,0,0,0,1,0,10,4,0,6,0,0
112,2,公立,一般大學,0014,國立高雄師範大學,碩士班(日間),男,567,23,12,9,0,0,0,0,3,0,11,2,0,9,0,0
112,2,公立,一般大學,0014,國立高雄師範大學,碩士在職專班,男,496,27,4,3,0,0,0,0,1,0,23,0,0,4,19,0
112,2,公立,一般大學,0014,國立高雄師範大學,學士班(日間),男,1945,22,18,18,0,0,0,0,0,0,4,3,0,1,0,0
112,2,公立,一般大學,0014,國立高雄師範大學,博士班,女,218,5,4,1,0,0,0,0,3,0,1,0,0,1,0,0
112,2,公立,一般大學,0014,國立高雄師範大學,博士班,男,204,5,5,4,0,0,0,0,1,0,0,0,0,0,0,0
112,2,公立,一般大學,0014,國立高雄師範大學,碩士班(日間),女,999,26,18,10,0,0,1,1,6,0,8,3,0,5,0,0
112,2,公立,一般大學,0014,國立高雄師範大學,碩士在職專班,女,924,33,12,6,0,0,1,0,5,0,21,7,0,1,13,0
112,1,公立,一般大學,0015,國立彰化師範大學,博士班,男,273,13,1,1,0,0,0,0,0,0,12,4,0,8,0,0
112,1,公立,一般大學,0015,國立彰化師範大學,碩士班(日間),女,839,65,14,6,0,1,1,0,6,0,51,7,0,44,0,0
112,1,公立,一般大學,0015,國立彰化師範大學,碩士班(日間),男,882,68,13,8,0,0,0,0,5,0,55,11,0,44,0,0
112,1,公立,一般大學,0015,國立彰化師範大學,碩士在職專班,女,831,36,17,2,0,0,0,2,7,6,19,6,0,13,0,0
112,1,公立,一般大學,0015,國立彰化師範大學,碩士在職專班,男,540,44,9,1,0,0,0,0,7,1,35,10,0,25,0,0
112,1,公立,一般大學,0015,國立彰化師範大學,學士班(日間),女,2346,50,22,21,0,0,0,1,0,0,28,0,0,28,0,0
112,1,公立,一般大學,0015,國立彰化師範大學,學士班(日間),男,2698,81,39,36,0,0,0,0,3,0,42,5,0,37,0,0
112,1,公立,一般大學,0015,國立彰化師範大學,博士班,女,202,6,3,0,0,0,0,0,3,0,3,2,0,1,0,0
112,2,公立,一般大學,0015,國立彰化師範大學,學士班(日間),女,2346,24,9,9,0,0,0,0,0,0,15,0,0,15,0,0
112,2,公立,一般大學,0015,國立彰化師範大學,博士班,女,202,2,1,1,0,0,0,0,0,0,1,0,0,1,0,0
112,2,公立,一般大學,0015,國立彰化師範大學,碩士班(日間),男,882,30,7,5,0,0,1,0,0,1,23,1,0,22,0,0
112,2,公立,一般大學,0015,國立彰化師範大學,碩士在職專班,男,540,16,8,2,0,0,0,1,5,0,8,0,0,8,0,0
112,2,公立,一般大學,0015,國立彰化師範大學,學士班(日間),男,2698,21,11,10,0,0,0,1,0,0,10,0,0,10,0,0
112,2,公立,一般大學,0015,國立彰化師範大學,博士班,男,273,9,3,1,0,0,1,0,1,0,6,0,0,6,0,0
112,2,公立,一般大學,0015,國立彰化師範大學,碩士班(日間),女,839,28,5,4,0,0,0,0,1,0,23,2,0,21,0,0
112,2,公立,一般大學,0015,國立彰化師範大學,碩士在職專班,女,831,20,12,1,0,0,0,0,10,1,8,1,0,7,0,0
112,1,公立,一般大學,0017,國立臺北大學,學士班(日間),男,2732,73,24,5,0,0,0,0,0,19,49,21,0,3,25,0
112,1,公立,一般大學,0017,國立臺北大學,學士班(進修),女,1063,62,34,12,0,0,2,0,8,12,28,11,0,7,10,0
112,1,公立,一般大學,0017,國立臺北大學,學士班(進修),男,811,64,32,13,0,0,2,1,7,9,32,14,0,8,10,0
112,1,公立,一般大學,0017,國立臺北大學,博士班,男,135,4,2,0,0,0,0,1,1,0,2,1,0,0,1,0
112,1,公立,一般大學,0017,國立臺北大學,碩士班(日間),女,752,25,4,1,0,0,0,0,0,3,21,7,0,3,11,0
112,1,公立,一般大學,0017,國立臺北大學,碩士在職專班,女,348,8,7,0,0,0,0,0,4,3,1,1,0,0,0,0
112,1,公立,一般大學,0017,國立臺北大學,學士班(日間),女,3268,36,16,5,0,0,0,0,0,11,20,1,0,2,17,0
112,1,公立,一般大學,0017,國立臺北大學,博士班,女,60,1,0,0,0,0,0,0,0,0,1,0,0,1,0,0
112,1,公立,一般大學,0017,國立臺北大學,碩士班(日間),男,753,36,9,1,0,0,0,0,1,7,27,8,0,5,14,0
112,1,公立,一般大學,0017,國立臺北大學,碩士在職專班,男,283,9,7,1,0,0,0,0,3,3,2,1,0,0,1,0
112,2,公立,一般大學,0017,國立臺北大學,學士班(日間),女,3268,12,8,5,0,0,0,0,0,3,4,0,0,0,4,0
112,2,公立,一般大學,0017,國立臺北大學,學士班(日間),男,2732,23,4,2,0,0,0,0,0,2,19,15,1,0,3,0
112,2,公立,一般大學,0017,國立臺北大學,學士班(進修),女,1063,28,14,6,0,0,1,0,6,1,14,11,0,0,3,0
112,2,公立,一般大學,0017,國立臺北大學,博士班,女,60,2,0,0,0,0,0,0,0,0,2,2,0,0,0,0
112,2,公立,一般大學,0017,國立臺北大學,學士班(進修),男,811,28,12,3,0,0,0,0,7,2,16,10,0,4,2,0
112,2,公立,一般大學,0017,國立臺北大學,博士班,男,135,3,0,0,0,0,0,0,0,0,3,0,0,2,1,0
112,2,公立,一般大學,0017,國立臺北大學,碩士班(日間),女,752,11,5,1,0,0,0,0,1,3,6,0,0,0,6,0
112,2,公立,一般大學,0017,國立臺北大學,碩士班(日間),男,753,19,4,1,0,0,0,0,1,2,15,5,0,4,6,0
112,2,公立,一般大學,0017,國立臺北大學,碩士在職專班,女,348,6,6,0,0,0,1,0,4,1,0,0,0,0,0,0
112,2,公立,一般大學,0017,國立臺北大學,碩士在職專班,男,283,14,12,0,0,0,0,0,11,1,2,0,0,2,0,0
112,1,公立,一般大學,0018,國立嘉義大學,學士班(日間),男,3869,138,81,75,0,0,2,1,3,0,57,24,0,4,29,0
112,1,公立,一般大學,0018,國立嘉義大學,博士班,男,108,4,2,0,0,0,0,0,2,0,2,0,0,1,1,0
112,1,公立,一般大學,0018,國立嘉義大學,碩士班(日間),女,683,40,16,5,0,0,0,0,11,0,24,2,0,4,18,0
112,1,公立,一般大學,0018,國立嘉義大學,碩士在職專班,女,554,28,9,0,0,1,1,0,7,0,19,2,0,1,16,0
112,1,公立,一般大學,0018,國立嘉義大學,學士班(日間),女,3658,89,63,61,0,0,1,0,1,0,26,6,0,3,17,0
112,1,公立,一般大學,0018,國立嘉義大學,學士班(進修),女,635,47,22,16,0,0,0,0,6,0,25,7,0,3,15,0
112,1,公立,一般大學,0018,國立嘉義大學,學士班(進修),男,1056,87,31,22,0,0,1,0,8,0,56,19,0,18,19,0
112,1,公立,一般大學,0018,國立嘉義大學,博士班,女,76,0,0,0,0,0,0,0,0,0,0,0,0,0,0,0
112,1,公立,一般大學,0018,國立嘉義大學,碩士班(日間),男,576,37,13,5,0,0,2,0,6,0,24,5,0,4,15,0
112,1,公立,一般大學,0018,國立嘉義大學,碩士在職專班,男,367,32,6,0,0,0,1,0,5,0,26,5,0,7,14,0
112,2,公立,一般大學,0018,國立嘉義大學,學士班(日間),女,3658,57,38,35,0,0,1,0,2,0,19,6,0,2,11,0
112,2,公立,一般大學,0018,國立嘉義大學,學士班(進修),女,635,20,5,4,0,0,0,1,0,0,15,1,0,7,7,0
112,2,公立,一般大學,0018,國立嘉義大學,碩士班(日間),男,576,31,10,5,0,0,0,0,5,0,21,2,0,6,13,0
112,2,公立,一般大學,0018,國立嘉義大學,碩士在職專班,男,367,9,2,0,0,0,0,0,1,1,7,0,0,1,6,0
112,2,公立,一般大學,0018,國立嘉義大學,學士班(日間),男,3869,62,29,29,0,0,0,0,0,0,33,13,0,1,19,0
112,2,公立,一般大學,0018,國立嘉義大學,學士班(進修),男,1056,47,13,10,0,0,0,1,2,0,34,8,0,9,17,0
112,2,公立,一般大學,0018,國立嘉義大學,博士班,女,76,0,0,0,0,0,0,0,0,0,0,0,0,0,0,0
112,2,公立,一般大學,0018,國立嘉義大學,博士班,男,108,6,1,0,0,0,0,0,1,0,5,0,0,3,2,0
112,2,公立,一般大學,0018,國立嘉義大學,碩士班(日間),女,683,21,4,2,0,0,0,0,2,0,17,1,0,6,10,0
112,2,公立,一般大學,0018,國立嘉義大學,碩士在職專班,女,554,20,4,0,0,2,0,1,1,0,16,3,0,2,11,0
112,1,公立,一般大學,0019,國立高雄大學,學士班(日間),女,1975,57,35,35,0,0,0,0,0,0,22,4,0,2,16,0
112,1,公立,一般大學,0019,國立高雄大學,學士班(進修),女,66,6,2,1,0,0,0,0,1,0,4,0,0,0,4,0
112,1,公立,一般大學,0019,國立高雄大學,博士班,女,5,0,0,0,0,0,0,0,0,0,0,0,0,0,0,0
112,1,公立,一般大學,0019,國立高雄大學,博士班,男,26,3,2,0,0,0,0,0,2,0,1,0,0,0,1,0
112,1,公立,一般大學,0019,國立高雄大學,碩士班(日間),女,249,10,1,1,0,0,0,0,0,0,9,0,0,1,8,0
112,1,公立,一般大學,0019,國立高雄大學,碩士班(日間),男,477,13,4,2,0,0,0,0,0,2,9,1,0,3,5,0
112,1,公立,一般大學,0019,國立高雄大學,碩士在職專班,男,335,22,3,2,0,0,0,0,1,0,19,3,0,4,12,0
112,1,公立,一般大學,0019,國立高雄大學,學士班(日間),男,2743,69,34,31,0,0,0,0,3,0,35,11,0,5,19,0
112,1,公立,一般大學,0019,國立高雄大學,學士班(進修),男,56,8,2,1,0,0,0,0,1,0,6,0,0,1,5,0
112,1,公立,一般大學,0019,國立高雄大學,碩士在職專班,女,213,12,3,0,0,0,1,0,2,0,9,0,0,1,8,0
112,2,公立,一般大學,0019,國立高雄大學,學士班(日間),男,2743,48,18,16,0,0,1,0,1,0,30,13,0,3,14,0
112,2,公立,一般大學,0019,國立高雄大學,學士班(進修),男,56,4,0,0,0,0,0,0,0,0,4,0,0,1,3,0
112,2,公立,一般大學,0019,國立高雄大學,博士班,女,5,0,0,0,0,0,0,0,0,0,0,0,0,0,0,0
112,2,公立,一般大學,0019,國立高雄大學,碩士班(日間),女,249,10,3,1,0,0,0,0,1,1,7,0,0,0,7,0
112,2,公立,一般大學,0019,國立高雄大學,碩士在職專班,女,213,6,2,0,0,0,0,0,0,2,4,2,0,2,0,0
112,2,公立,一般大學,0019,國立高雄大學,學士班(日間),女,1975,16,12,12,0,0,0,0,0,0,4,2,0,2,0,0
112,2,公立,一般大學,0019,國立高雄大學,學士班(進修),女,66,5,3,2,0,0,0,0,1,0,2,0,0,1,1,0
112,2,公立,一般大學,0019,國立高雄大學,博士班,男,26,2,0,0,0,0,0,0,0,0,2,1,0,0,1,0
112,2,公立,一般大學,0019,國立高雄大學,碩士班(日間),男,477,26,10,7,0,0,0,1,2,0,16,8,0,4,4,0
112,2,公立,一般大學,0019,國立高雄大學,碩士在職專班,男,335,16,1,1,0,0,0,0,0,0,15,4,0,3,8,0
112,1,公立,一般大學,0020,國立東華大學,學士班(日間),女,4150,100,55,50,0,1,3,0,0,1,45,4,0,13,28,0
112,1,公立,一般大學,0020,國立東華大學,學士班(日間),男,3825,102,50,48,0,0,1,0,0,1,52,3,0,16,33,0
112,1,公立,一般大學,0020,國立東華大學,碩士在職專班,女,326,22,7,1,0,2,0,0,1,3,15,1,0,4,10,0
112,1,公立,一般大學,0020,國立東華大學,博士班,女,179,11,4,2,0,1,1,0,0,0,7,0,0,3,4,0
112,1,公立,一般大學,0020,國立東華大學,博士班,男,233,13,6,2,0,1,0,0,2,1,7,1,0,5,1,0
112,1,公立,一般大學,0020,國立東華大學,碩士班(日間),女,763,45,21,13,0,1,0,0,5,2,24,3,0,5,16,0
112,1,公立,一般大學,0020,國立東華大學,碩士班(日間),男,688,53,22,13,0,0,1,0,8,0,31,3,0,12,16,0
112,1,公立,一般大學,0020,國立東華大學,碩士在職專班,男,186,25,2,1,0,0,0,0,1,0,23,0,0,10,13,0
112,2,公立,一般大學,0020,國立東華大學,學士班(日間),女,4150,40,18,12,0,0,1,3,2,0,22,4,0,6,12,0
112,2,公立,一般大學,0020,國立東華大學,博士班,女,179,5,2,0,0,0,1,0,1,0,3,1,0,1,1,0
112,2,公立,一般大學,0020,國立東華大學,博士班,男,233,9,5,1,0,0,0,0,3,1,4,1,0,2,1,0
112,2,公立,一般大學,0020,國立東華大學,碩士班(日間),男,688,38,7,4,0,1,0,1,1,0,31,10,0,9,12,0
112,2,公立,一般大學,0020,國立東華大學,碩士在職專班,女,326,26,3,2,0,0,0,0,0,1,23,4,0,13,6,0
112,2,公立,一般大學,0020,國立東華大學,碩士在職專班,男,186,14,3,1,0,0,0,0,2,0,11,2,0,3,6,0
112,2,公立,一般大學,0020,國立東華大學,學士班(日間),男,3825,66,22,19,0,0,1,1,1,0,44,14,0,14,16,0
112,2,公立,一般大學,0020,國立東華大學,碩士班(日間),女,763,33,6,3,0,0,0,0,3,0,27,3,0,8,16,0
112,1,公立,一般大學,0021,國立暨南國際大學,學士班(日間),女,2465,57,30,30,0,0,0,0,0,0,27,6,0,3,18,0
112,1,公立,一般大學,0021,國立暨南國際大學,博士班,男,179,3,0,0,0,0,0,0,0,0,3,0,0,1,2,0
112,1,公立,一般大學,0021,國立暨南國際大學,碩士班(日間),男,392,8,1,0,0,0,0,0,1,0,7,1,0,2,4,0
112,1,公立,一般大學,0021,國立暨南國際大學,碩士在職專班,女,346,14,0,0,0,0,0,0,0,0,14,3,0,6,5,0
112,1,公立,一般大學,0021,國立暨南國際大學,碩士在職專班,男,180,13,0,0,0,0,0,0,0,0,13,0,0,6,7,0
112,1,公立,一般大學,0021,國立暨南國際大學,學士班(日間),男,2337,54,26,26,0,0,0,0,0,0,28,6,1,4,17,0
112,1,公立,一般大學,0021,國立暨南國際大學,博士班,女,167,8,0,0,0,0,0,0,0,0,8,2,0,3,3,0
112,1,公立,一般大學,0021,國立暨南國際大學,碩士班(日間),女,490,21,2,0,0,0,0,0,2,0,19,3,0,1,15,0
112,2,公立,一般大學,0021,國立暨南國際大學,博士班,女,167,5,1,1,0,0,0,0,0,0,4,0,0,2,2,0
112,2,公立,一般大學,0021,國立暨南國際大學,碩士班(日間),女,490,14,1,1,0,0,0,0,0,0,13,0,0,3,10,0
112,2,公立,一般大學,0021,國立暨南國際大學,碩士班(日間),男,392,16,6,4,0,0,0,0,2,0,10,0,0,3,7,0
112,2,公立,一般大學,0021,國立暨南國際大學,碩士在職專班,男,180,3,1,1,0,0,0,0,0,0,2,1,0,1,0,0
112,2,公立,一般大學,0021,國立暨南國際大學,學士班(日間),女,2465,25,12,12,0,0,0,0,0,0,13,3,0,1,9,0
112,2,公立,一般大學,0021,國立暨南國際大學,學士班(日間),男,2337,39,12,12,0,0,0,0,0,0,27,8,0,5,14,0
112,2,公立,一般大學,0021,國立暨南國際大學,博士班,男,179,9,1,1,0,0,0,0,0,0,8,0,0,2,6,0
112,2,公立,一般大學,0021,國立暨南國際大學,碩士在職專班,女,346,12,0,0,0,0,0,0,0,0,12,0,0,7,5,0
112,2,公立,技專校院,0022,國立臺灣科技大學,學士班(日間),男,3895,28,13,12,0,0,0,1,0,0,15,8,0,6,1,0
112,2,公立,技專校院,0022,國立臺灣科技大學,博士班,女,302,8,5,1,0,0,0,1,1,2,3,0,0,3,0,0
112,2,公立,技專校院,0022,國立臺灣科技大學,碩士班(日間),女,1319,17,8,1,0,0,1,0,2,4,9,0,0,8,1,0
112,2,公立,技專校院,0022,國立臺灣科技大學,學士班(日間),女,1698,12,6,5,0,0,0,1,0,0,6,1,0,1,4,0
112,2,公立,技專校院,0022,國立臺灣科技大學,博士班,男,782,46,14,1,0,0,2,1,6,4,32,5,0,21,6,0
112,2,公立,技專校院,0022,國立臺灣科技大學,碩士班(日間),男,2815,38,14,9,0,0,0,2,1,2,24,3,0,19,2,0
112,2,公立,技專校院,0022,國立臺灣科技大學,碩士在職專班,女,323,9,1,0,0,0,0,0,0,1,8,1,0,4,3,0
112,2,公立,技專校院,0022,國立臺灣科技大學,碩士在職專班,男,538,17,7,2,0,0,2,0,1,2,10,0,0,9,1,0
112,1,公立,技專校院,0022,國立臺灣科技大學,學士班(日間),女,1698,28,12,11,0,0,0,0,1,0,16,3,0,1,12,0
112,1,公立,技專校院,0022,國立臺灣科技大學,博士班,女,302,15,3,0,0,0,0,0,1,2,12,4,0,4,4,0
112,1,公立,技專校院,0022,國立臺灣科技大學,博士班,男,782,45,11,1,0,0,1,0,6,3,34,18,0,8,8,0
112,1,公立,技專校院,0022,國立臺灣科技大學,碩士班(日間),女,1319,45,19,4,0,0,1,0,7,7,26,4,0,16,6,0
112,1,公立,技專校院,0022,國立臺灣科技大學,碩士班(日間),男,2815,70,27,8,0,0,1,0,2,16,43,9,0,24,10,0
112,1,公立,技專校院,0022,國立臺灣科技大學,碩士在職專班,女,323,12,4,0,0,0,1,0,1,2,8,3,0,4,1,0
112,1,公立,技專校院,0022,國立臺灣科技大學,學士班(日間),男,3895,57,18,14,0,0,0,1,3,0,39,13,0,5,21,0
112,1,公立,技專校院,0022,國立臺灣科技大學,碩士在職專班,男,538,22,3,0,0,0,0,0,2,1,19,6,0,5,8,0
112,2,公立,技專校院,0023,國立雲林科技大學,學士班(日間),男,4126,33,6,5,0,0,0,0,1,0,27,15,0,12,0,0
112,2,公立,技專校院,0023,國立雲林科技大學,博士班,男,264,4,1,1,0,0,0,0,0,0,3,0,0,3,0,0
112,2,公立,技專校院,0023,國立雲林科技大學,碩士班(日間),女,782,21,9,5,0,0,1,0,3,0,12,1,0,11,0,0
112,2,公立,技專校院,0023,國立雲林科技大學,碩士在職專班,女,339,10,4,1,0,0,1,1,1,0,6,0,0,6,0,0
112,2,公立,技專校院,0023,國立雲林科技大學,學士班(日間),女,2595,16,9,8,0,0,1,0,0,0,7,3,0,4,0,0
112,2,公立,技專校院,0023,國立雲林科技大學,學士班(進修),女,129,3,0,0,0,0,0,0,0,0,3,1,0,2,0,0
112,2,公立,技專校院,0023,國立雲林科技大學,學士班(進修),男,119,4,3,2,0,0,0,1,0,0,1,0,0,1,0,0
112,2,公立,技專校院,0023,國立雲林科技大學,博士班,女,161,4,2,1,0,0,0,0,1,0,2,1,0,1,0,0
112,2,公立,技專校院,0023,國立雲林科技大學,碩士班(日間),男,1362,25,6,6,0,0,0,0,0,0,19,1,0,18,0,0
112,2,公立,技專校院,0023,國立雲林科技大學,碩士在職專班,男,461,21,4,3,0,0,0,0,1,0,17,4,0,13,0,0
112,1,公立,技專校院,0023,國立雲林科技大學,學士班(進修),女,129,8,5,5,0,0,0,0,0,0,3,0,0,3,0,0
112,1,公立,技專校院,0023,國立雲林科技大學,學士班(進修),男,119,6,4,1,0,0,0,0,3,0,2,0,0,2,0,0
112,1,公立,技專校院,0023,國立雲林科技大學,博士班,女,161,8,1,0,0,0,0,0,1,0,7,3,0,4,0,0
112,1,公立,技專校院,0023,國立雲林科技大學,碩士班(日間),女,782,26,8,2,0,0,1,2,3,0,18,3,0,15,0,0
112,1,公立,技專校院,0023,國立雲林科技大學,碩士班(日間),男,1362,58,21,17,0,0,0,1,3,0,37,7,0,30,0,0
112,1,公立,技專校院,0023,國立雲林科技大學,碩士在職專班,女,339,12,3,2,0,0,0,0,1,0,9,1,0,8,0,0
112,1,公立,技專校院,0023,國立雲林科技大學,碩士在職專班,男,461,18,1,0,0,0,0,1,0,0,17,3,0,14,0,0
112,1,公立,技專校院,0023,國立雲林科技大學,學士班(日間),女,2595,35,21,20,0,0,0,1,0,0,14,4,0,10,0,0
112,1,公立,技專校院,0023,國立雲林科技大學,學士班(日間),男,4126,78,31,27,0,0,0,1,3,0,47,25,0,22,0,0
112,1,公立,技專校院,0023,國立雲林科技大學,博士班,男,264,15,4,1,0,0,0,1,2,0,11,4,0,7,0,0
112,2,公立,技專校院,0024,國立屏東科技大學,學士班(日間),男,4184,66,23,21,0,0,0,0,2,0,43,19,0,8,16,0
112,2,公立,技專校院,0024,國立屏東科技大學,學士班(進修),男,823,42,10,7,0,0,0,0,3,0,32,17,0,7,8,0
112,2,公立,技專校院,0024,國立屏東科技大學,碩士在職專班,女,95,4,0,0,0,0,0,0,0,0,4,0,0,1,3,0
112,2,公立,技專校院,0024,國立屏東科技大學,學士班(日間),女,3378,55,27,27,0,0,0,0,0,0,28,13,0,1,14,0
112,2,公立,技專校院,0024,國立屏東科技大學,學士班(進修),女,391,12,1,1,0,0,0,0,0,0,11,3,0,1,7,0
112,2,公立,技專校院,0024,國立屏東科技大學,博士班,女,84,7,1,0,0,0,0,0,1,0,6,4,0,1,1,0
112,2,公立,技專校院,0024,國立屏東科技大學,博士班,男,161,10,3,2,0,0,1,0,0,0,7,2,0,4,1,0
112,2,公立,技專校院,0024,國立屏東科技大學,碩士班(日間),女,485,12,2,1,0,0,1,0,0,0,10,1,0,0,9,0
112,2,公立,技專校院,0024,國立屏東科技大學,碩士班(日間),男,645,19,2,2,0,0,0,0,0,0,17,2,0,6,9,0
112,2,公立,技專校院,0024,國立屏東科技大學,碩士在職專班,男,148,9,1,0,0,0,0,0,1,0,8,1,0,2,5,0
112,1,公立,技專校院,0024,國立屏東科技大學,學士班(進修),女,391,35,14,14,0,0,0,0,0,0,21,4,0,6,11,0
112,1,公立,技專校院,0024,國立屏東科技大學,博士班,女,84,4,0,0,0,0,0,0,0,0,4,0,0,0,4,0
112,1,公立,技專校院,0024,國立屏東科技大學,碩士班(日間),女,485,33,8,5,0,0,2,0,1,0,25,0,0,2,23,0
112,1,公立,技專校院,0024,國立屏東科技大學,碩士班(日間),男,645,45,6,4,0,0,0,0,2,0,39,3,0,4,32,0
112,1,公立,技專校院,0024,國立屏東科技大學,碩士在職專班,女,95,7,2,2,0,0,0,0,0,0,5,1,0,1,3,0
112,1,公立,技專校院,0024,國立屏東科技大學,碩士在職專班,男,148,8,2,0,0,0,0,0,2,0,6,1,0,2,3,0
112,1,公立,技專校院,0024,國立屏東科技大學,學士班(日間),女,3378,78,57,55,0,0,0,0,2,0,21,4,0,2,15,0
112,1,公立,技專校院,0024,國立屏東科技大學,學士班(日間),男,4184,137,67,66,0,0,0,0,1,0,70,36,0,6,28,0
112,1,公立,技專校院,0024,國立屏東科技大學,學士班(進修),男,823,47,20,18,0,0,1,0,1,0,27,3,0,13,11,0
112,1,公立,技專校院,0024,國立屏東科技大學,博士班,男,161,4,1,1,0,0,0,0,0,0,3,0,0,1,2,0
112,2,公立,技專校院,0025,國立臺北科技大學,學士班(日間),男,4457,50,6,5,0,0,0,0,1,0,44,23,0,7,14,0
112,2,公立,技專校院,0025,國立臺北科技大學,五專,女,27,0,0,0,0,0,0,0,0,0,0,0,0,0,0,0
112,2,公立,技專校院,0025,國立臺北科技大學,博士班,男,558,22,2,0,0,0,0,0,2,0,20,10,0,5,5,0
112,2,公立,技專校院,0025,國立臺北科技大學,碩士在職專班,女,494,22,2,0,0,0,0,0,2,0,20,4,0,7,9,0
112,2,公立,技專校院,0025,國立臺北科技大學,學士班(日間),女,1936,13,2,0,0,0,2,0,0,0,11,5,1,2,3,0
112,2,公立,技專校院,0025,國立臺北科技大學,學士班(進修),女,213,2,1,1,0,0,0,0,0,0,1,1,0,0,0,0
112,2,公立,技專校院,0025,國立臺北科技大學,學士班(進修),男,984,10,5,5,0,0,0,0,0,0,5,2,0,1,2,0
112,2,公立,技專校院,0025,國立臺北科技大學,五專,男,126,3,1,1,0,0,0,0,0,0,2,1,0,0,1,0
112,2,公立,技專校院,0025,國立臺北科技大學,博士班,女,196,8,1,1,0,0,0,0,0,0,7,2,0,4,1,0
112,2,公立,技專校院,0025,國立臺北科技大學,碩士班(日間),女,1023,24,4,3,0,0,0,0,1,0,20,4,0,5,11,0
112,2,公立,技專校院,0025,國立臺北科技大學,碩士班(日間),男,2535,54,11,8,0,0,2,1,0,0,43,13,0,13,17,0
112,2,公立,技專校院,0025,國立臺北科技大學,碩士在職專班,男,1110,58,3,0,0,0,0,0,3,0,55,14,0,14,27,0
112,1,公立,技專校院,0025,國立臺北科技大學,學士班(進修),女,213,3,1,1,0,0,0,0,0,0,2,0,0,2,0,0
112,1,公立,技專校院,0025,國立臺北科技大學,學士班(進修),男,984,17,3,2,0,0,1,0,0,0,14,6,0,4,4,0
112,1,公立,技專校院,0025,國立臺北科技大學,博士班,女,196,6,2,1,0,0,0,0,1,0,4,0,0,2,2,0
112,1,公立,技專校院,0025,國立臺北科技大學,博士班,男,558,30,6,1,0,0,1,0,4,0,24,1,0,8,15,0
112,1,公立,技專校院,0025,國立臺北科技大學,碩士班(日間),女,1023,26,9,7,0,0,1,1,0,0,17,0,0,3,14,0
112,1,公立,技專校院,0025,國立臺北科技大學,碩士班(日間),男,2535,78,20,10,0,0,3,2,5,0,58,0,0,13,45,0
112,1,公立,技專校院,0025,國立臺北科技大學,碩士在職專班,女,494,29,6,2,0,0,0,0,4,0,23,0,0,9,14,0
112,1,公立,技專校院,0025,國立臺北科技大學,碩士在職專班,男,1110,65,6,2,0,0,0,1,3,0,59,2,0,21,36,0
112,1,公立,技專校院,0025,國立臺北科技大學,學士班(日間),女,1936,32,15,12,0,0,2,0,0,1,17,1,0,3,13,0
112,1,公立,技專校院,0025,國立臺北科技大學,學士班(日間),男,4457,59,15,14,0,0,1,0,0,0,44,19,0,7,18,0
112,1,公立,技專校院,0025,國立臺北科技大學,五專,女,27,0,0,0,0,0,0,0,0,0,0,0,0,0,0,0
112,1,公立,技專校院,0025,國立臺北科技大學,五專,男,126,1,1,1,0,0,0,0,0,0,0,0,0,0,0,0
112,2,公立,一般大學,0028,國立臺北藝術大學,學士班(日間),男,661,10,4,3,0,0,0,0,1,0,6,2,0,1,3,0
112,2,公立,一般大學,0028,國立臺北藝術大學,五專,女,44,0,0,0,0,0,0,0,0,0,0,0,0,0,0,0
112,2,公立,一般大學,0028,國立臺北藝術大學,五專,男,39,1,1,1,0,0,0,0,0,0,0,0,0,0,0,0
112,2,公立,一般大學,0028,國立臺北藝術大學,碩士班(日間),女,644,21,8,5,0,0,0,0,3,0,13,6,0,3,4,0
112,2,公立,一般大學,0028,國立臺北藝術大學,碩士在職專班,女,129,3,2,2,0,0,0,0,0,0,1,0,0,1,0,0
112,2,公立,一般大學,0028,國立臺北藝術大學,碩士在職專班,男,64,1,0,0,0,0,0,0,0,0,1,0,0,1,0,0
112,1,公立,一般大學,0028,國立臺北藝術大學,學士班(日間),女,1136,22,10,10,0,0,0,0,0,0,12,5,0,0,7,0
112,1,公立,一般大學,0028,國立臺北藝術大學,五專,男,39,1,1,1,0,0,0,0,0,0,0,0,0,0,0,0
112,1,公立,一般大學,0028,國立臺北藝術大學,博士班,女,72,2,1,1,0,0,0,0,0,0,1,0,0,0,1,0
112,1,公立,一般大學,0028,國立臺北藝術大學,碩士班(日間),男,378,22,7,6,0,0,0,0,1,0,15,0,0,3,12,0
112,1,公立,一般大學,0028,國立臺北藝術大學,學士班(日間),男,661,12,5,4,0,0,1,0,0,0,7,6,0,0,1,0
112,1,公立,一般大學,0028,國立臺北藝術大學,五專,女,44,1,1,1,0,0,0,0,0,0,0,0,0,0,0,0
112,1,公立,一般大學,0028,國立臺北藝術大學,博士班,男,46,3,1,1,0,0,0,0,0,0,2,0,0,1,1,0
112,1,公立,一般大學,0028,國立臺北藝術大學,碩士班(日間),女,644,29,12,9,0,1,0,0,2,0,17,2,0,3,12,0
112,1,公立,一般大學,0028,國立臺北藝術大學,碩士在職專班,女,129,4,1,1,0,0,0,0,0,0,3,0,0,1,2,0
112,1,公立,一般大學,0028,國立臺北藝術大學,碩士在職專班,男,64,2,2,1,0,0,0,0,1,0,0,0,0,0,0,0
112,2,公立,一般大學,0028,國立臺北藝術大學,學士班(日間),女,1136,15,8,4,0,0,2,0,2,0,7,4,0,0,3,0
112,2,公立,一般大學,0028,國立臺北藝術大學,博士班,女,72,7,4,3,0,0,0,1,0,0,3,2,0,0,1,0
112,2,公立,一般大學,0028,國立臺北藝術大學,博士班,男,46,1,1,0,0,0,1,0,0,0,0,0,0,0,0,0
112,2,公立,一般大學,0028,國立臺北藝術大學,碩士班(日間),男,378,8,2,2,0,0,0,0,0,0,6,3,0,0,3,0
112,2,公立,一般大學,0029,國立臺灣藝術大學,博士班,女,76,1,0,0,0,0,0,0,0,0,1,0,0,0,1,0
112,2,公立,一般大學,0029,國立臺灣藝術大學,碩士班(日間),女,511,22,6,2,0,0,0,0,2,2,16,0,0,3,13,0
112,2,公立,一般大學,0029,國立臺灣藝術大學,碩士在職專班,女,232,4,1,0,0,0,0,1,0,0,3,0,0,0,3,0
112,2,公立,一般大學,0029,國立臺灣藝術大學,碩士在職專班,男,159,8,1,0,0,0,1,0,0,0,7,0,0,2,5,0
112,1,公立,一般大學,0029,國立臺灣藝術大學,學士班(日間),女,1726,44,16,13,0,0,0,0,1,2,28,2,0,9,17,0
112,1,公立,一般大學,0029,國立臺灣藝術大學,學士班(進修),女,1290,34,12,12,0,0,0,0,0,0,22,2,0,7,13,0
112,1,公立,一般大學,0029,國立臺灣藝術大學,學士班(進修),男,554,19,6,3,0,0,0,0,2,1,13,2,0,4,7,0
112,1,公立,一般大學,0029,國立臺灣藝術大學,博士班,男,82,3,0,0,0,0,0,0,0,0,3,1,0,1,1,0
112,1,公立,一般大學,0029,國立臺灣藝術大學,碩士班(日間),男,281,9,0,0,0,0,0,0,0,0,9,5,0,2,2,0
112,1,公立,一般大學,0029,國立臺灣藝術大學,碩士在職專班,男,159,7,0,0,0,0,0,0,0,0,7,1,0,2,4,0
112,1,公立,一般大學,0029,國立臺灣藝術大學,學士班(日間),男,681,18,4,4,0,0,0,0,0,0,14,2,0,2,10,0
112,1,公立,一般大學,0029,國立臺灣藝術大學,博士班,女,76,2,0,0,0,0,0,0,0,0,2,1,0,1,0,0
112,1,公立,一般大學,0029,國立臺灣藝術大學,碩士班(日間),女,511,24,5,1,0,0,0,0,2,2,19,2,0,4,13,0
112,1,公立,一般大學,0029,國立臺灣藝術大學,碩士在職專班,女,232,11,1,0,0,0,0,0,1,0,10,2,0,2,6,0
112,2,公立,一般大學,0029,國立臺灣藝術大學,學士班(日間),女,1726,17,7,5,0,0,0,1,0,1,10,1,0,2,7,0
112,2,公立,一般大學,0029,國立臺灣藝術大學,學士班(日間),男,681,9,1,1,0,0,0,0,0,0,8,0,0,4,4,0
112,2,公立,一般大學,0029,國立臺灣藝術大學,學士班(進修),女,1290,16,3,2,0,0,1,0,0,0,13,0,0,3,10,0
112,2,公立,一般大學,0029,國立臺灣藝術大學,學士班(進修),男,554,12,3,2,0,0,0,0,1,0,9,0,0,5,4,0
112,2,公立,一般大學,0029,國立臺灣藝術大學,博士班,男,82,1,1,0,0,0,0,0,0,1,0,0,0,0,0,0
112,2,公立,一般大學,0029,國立臺灣藝術大學,碩士班(日間),男,281,8,0,0,0,0,0,0,0,0,8,1,0,2,5,0
112,2,公立,一般大學,0030,國立臺東大學,學士班(日間),女,1817,49,35,34,0,0,0,1,0,0,14,1,0,1,12,0
112,2,公立,一般大學,0030,國立臺東大學,學士班(進修),女,220,4,2,1,0,0,0,0,1,0,2,0,0,0,2,0
112,2,公立,一般大學,0030,國立臺東大學,學士班(進修),男,142,7,0,0,0,0,0,0,0,0,7,0,0,0,7,0
112,2,公立,一般大學,0030,國立臺東大學,博士班,男,23,2,1,1,0,0,0,0,0,0,1,0,0,1,0,0
112,2,公立,一般大學,0030,國立臺東大學,碩士班(日間),男,138,7,4,1,0,0,0,1,2,0,3,1,0,0,2,0
112,2,公立,一般大學,0030,國立臺東大學,碩士在職專班,女,482,10,5,2,1,0,0,0,1,1,5,0,0,1,4,0
112,2,公立,一般大學,0030,國立臺東大學,碩士在職專班,男,182,7,4,1,0,0,0,0,3,0,3,0,0,2,1,0
112,1,公立,一般大學,0030,國立臺東大學,學士班(日間),男,1857,95,74,72,0,0,1,1,0,0,21,3,0,1,17,0
112,1,公立,一般大學,0030,國立臺東大學,學士班(進修),男,142,9,3,3,0,0,0,0,0,0,6,0,0,0,6,0
112,1,公立,一般大學,0030,國立臺東大學,博士班,女,27,1,0,0,0,0,0,0,0,0,1,0,0,1,0,0
112,1,公立,一般大學,0030,國立臺東大學,碩士班(日間),女,233,18,6,4,0,0,0,0,2,0,12,5,0,1,6,0
112,1,公立,一般大學,0030,國立臺東大學,學士班(日間),女,1817,98,81,79,0,0,1,0,0,1,17,0,0,1,16,0
112,1,公立,一般大學,0030,國立臺東大學,學士班(進修),女,220,14,6,3,0,0,1,0,1,1,8,0,0,0,8,0
112,1,公立,一般大學,0030,國立臺東大學,博士班,男,23,2,0,0,0,0,0,0,0,0,2,1,0,0,1,0
112,1,公立,一般大學,0030,國立臺東大學,碩士班(日間),男,138,17,9,5,0,0,0,0,4,0,8,4,0,1,3,0
112,1,公立,一般大學,0030,國立臺東大學,碩士在職專班,女,482,33,13,10,0,0,0,1,2,0,20,3,0,3,14,0
112,1,公立,一般大學,0030,國立臺東大學,碩士在職專班,男,182,17,4,2,0,0,0,0,2,0,13,0,0,3,10,0
112,2,公立,一般大學,0030,國立臺東大學,學士班(日間),男,1857,38,25,22,0,0,0,1,2,0,13,0,0,1,12,0
112,2,公立,一般大學,0030,國立臺東大學,博士班,女,27,0,0,0,0,0,0,0,0,0,0,0,0,0,0,0
112,2,公立,一般大學,0030,國立臺東大學,碩士班(日間),女,233,10,7,4,0,0,0,0,3,0,3,0,0,1,2,0
112,2,公立,一般大學,0031,國立宜蘭大學,學士班(日間),女,1612,30,12,12,0,0,0,0,0,0,18,7,0,4,7,0
112,2,公立,一般大學,0031,國立宜蘭大學,學士班(日間),男,2866,66,23,20,0,0,0,1,2,0,43,26,0,6,11,0
112,2,公立,一般大學,0031,國立宜蘭大學,學士班(進修),女,129,3,1,0,0,0,0,0,1,0,2,0,0,2,0,0
112,2,公立,一般大學,0031,國立宜蘭大學,博士班,女,6,1,1,0,0,0,0,1,0,0,0,0,0,0,0,0
112,2,公立,一般大學,0031,國立宜蘭大學,碩士班(日間),男,358,10,2,0,0,0,0,0,2,0,8,0,0,0,8,0
112,2,公立,一般大學,0031,國立宜蘭大學,碩士在職專班,男,116,7,0,0,0,0,0,0,0,0,7,0,0,3,4,0
112,1,公立,一般大學,0031,國立宜蘭大學,學士班(日間),男,2866,117,66,61,0,0,0,1,4,0,51,13,0,4,34,0
112,1,公立,一般大學,0031,國立宜蘭大學,學士班(進修),男,252,21,8,7,0,0,0,0,1,0,13,1,0,2,10,0
112,1,公立,一般大學,0031,國立宜蘭大學,博士班,男,10,0,0,0,0,0,0,0,0,0,0,0,0,0,0,0
112,1,公立,一般大學,0031,國立宜蘭大學,碩士班(日間),女,188,12,0,0,0,0,0,0,0,0,12,2,0,1,9,0
112,1,公立,一般大學,0031,國立宜蘭大學,碩士在職專班,女,55,4,0,0,0,0,0,0,0,0,4,0,0,1,3,0
112,1,公立,一般大學,0031,國立宜蘭大學,學士班(日間),女,1612,52,32,31,0,0,1,0,0,0,20,8,0,2,10,0
112,1,公立,一般大學,0031,國立宜蘭大學,學士班(進修),女,129,11,6,6,0,0,0,0,0,0,5,0,0,3,2,0
112,1,公立,一般大學,0031,國立宜蘭大學,博士班,女,6,1,0,0,0,0,0,0,0,0,1,0,0,0,1,0
112,1,公立,一般大學,0031,國立宜蘭大學,碩士班(日間),男,358,31,9,3,0,0,0,1,5,0,22,2,0,11,9,0
112,1,公立,一般大學,0031,國立宜蘭大學,碩士在職專班,男,116,9,1,1,0,0,0,0,0,0,8,0,0,3,5,0
112,2,公立,一般大學,0031,國立宜蘭大學,學士班(進修),男,252,13,3,2,0,0,1,0,0,0,10,3,0,3,4,0
112,2,公立,一般大學,0031,國立宜蘭大學,博士班,男,10,0,0,0,0,0,0,0,0,0,0,0,0,0,0,0
112,2,公立,一般大學,0031,國立宜蘭大學,碩士班(日間),女,188,9,1,1,0,0,0,0,0,0,8,0,0,3,5,0
112,2,公立,一般大學,0031,國立宜蘭大學,碩士在職專班,女,55,3,0,0,0,0,0,0,0,0,3,0,0,1,2,0
112,2,公立,一般大學,0032,國立聯合大學,學士班(日間),女,1855,42,21,20,0,0,0,0,1,0,21,9,1,1,10,0
112,2,公立,一般大學,0032,國立聯合大學,學士班(日間),男,4324,86,28,27,0,0,0,0,1,0,58,39,0,6,13,0
112,2,公立,一般大學,0032,國立聯合大學,博士班,男,17,0,0,0,0,0,0,0,0,0,0,0,0,0,0,0
112,1,公立,一般大學,0032,國立聯合大學,學士班(進修),女,262,19,11,9,0,0,1,0,0,1,8,2,0,0,6,0
112,1,公立,一般大學,0032,國立聯合大學,學士班(進修),男,758,58,20,18,0,0,0,0,2,0,38,14,0,9,15,0
112,1,公立,一般大學,0032,國立聯合大學,博士班,女,4,0,0,0,0,0,0,0,0,0,0,0,0,0,0,0
112,1,公立,一般大學,0032,國立聯合大學,博士班,男,17,0,0,0,0,0,0,0,0,0,0,0,0,0,0,0
112,1,公立,一般大學,0032,國立聯合大學,碩士班(日間),女,134,8,2,0,0,0,0,0,2,0,6,0,0,0,6,0
112,1,公立,一般大學,0032,國立聯合大學,碩士在職專班,女,18,2,0,0,0,0,0,0,0,0,2,0,0,0,2,0
112,1,公立,一般大學,0032,國立聯合大學,碩士在職專班,男,31,2,0,0,0,0,0,0,0,0,2,0,0,0,2,0
112,1,公立,一般大學,0032,國立聯合大學,學士班(日間),女,1855,70,42,42,0,0,0,0,0,0,28,8,0,1,19,0
112,1,公立,一般大學,0032,國立聯合大學,學士班(日間),男,4324,190,76,75,0,0,0,0,1,0,114,60,0,14,40,0
112,1,公立,一般大學,0032,國立聯合大學,碩士班(日間),男,308,9,0,0,0,0,0,0,0,0,9,0,0,3,6,0
112,2,公立,一般大學,0032,國立聯合大學,學士班(進修),女,262,12,2,2,0,0,0,0,0,0,10,2,0,4,4,0
112,2,公立,一般大學,0032,國立聯合大學,學士班(進修),男,758,37,5,3,0,0,0,0,2,0,32,7,0,9,16,0
112,2,公立,一般大學,0032,國立聯合大學,博士班,女,4,0,0,0,0,0,0,0,0,0,0,0,0,0,0,0
112,2,公立,一般大學,0032,國立聯合大學,碩士班(日間),女,134,8,3,3,0,0,0,0,0,0,5,0,0,2,3,0
112,2,公立,一般大學,0032,國立聯合大學,碩士班(日間),男,308,13,1,1,0,0,0,0,0,0,12,4,0,1,7,0
112,2,公立,一般大學,0032,國立聯合大學,碩士在職專班,女,18,1,0,0,0,0,0,0,0,0,1,0,0,1,0,0
112,2,公立,一般大學,0032,國立聯合大學,碩士在職專班,男,31,0,0,0,0,0,0,0,0,0,0,0,0,0,0,0
112,2,公立,技專校院,0033,國立虎尾科技大學,二專(日間),男,77,1,0,0,0,0,0,0,0,0,1,1,0,0,0,0
112,2,公立,技專校院,0033,國立虎尾科技大學,學士班(進修),女,404,18,12,4,0,0,0,1,7,0,6,0,0,6,0,0
112,2,公立,技專校院,0033,國立虎尾科技大學,學士班(進修),男,1822,71,45,25,0,0,2,4,14,0,26,0,0,26,0,0
112,2,公立,技專校院,0033,國立虎尾科技大學,五專,男,308,2,2,2,0,0,0,0,0,0,0,0,0,0,0,0
112,2,公立,技專校院,0033,國立虎尾科技大學,博士班,女,9,1,1,0,0,0,0,0,1,0,0,0,0,0,0,0
112,2,公立,技專校院,0033,國立虎尾科技大學,博士班,男,44,3,2,2,0,0,0,0,0,0,1,0,0,0,1,0
112,2,公立,技專校院,0033,國立虎尾科技大學,碩士班(日間),女,185,5,2,2,0,0,0,0,0,0,3,0,0,1,2,0
112,2,公立,技專校院,0033,國立虎尾科技大學,碩士班(日間),男,856,18,5,3,0,0,0,0,2,0,13,1,0,1,11,0
112,2,公立,技專校院,0033,國立虎尾科技大學,碩士在職專班,女,64,4,0,0,0,0,0,0,0,0,4,0,0,2,2,0
112,2,公立,技專校院,0033,國立虎尾科技大學,碩士在職專班,男,133,5,0,0,0,0,0,0,0,0,5,0,0,5,0,0
112,2,公立,技專校院,0033,國立虎尾科技大學,二專(日間),女,1,0,0,0,0,0,0,0,0,0,0,0,0,0,0,0
112,2,公立,技專校院,0033,國立虎尾科技大學,學士班(日間),女,1816,21,10,10,0,0,0,0,0,0,11,5,0,1,5,0
112,2,公立,技專校院,0033,國立虎尾科技大學,學士班(日間),男,5924,120,25,20,0,0,2,2,1,0,95,72,0,9,14,0
112,2,公立,技專校院,0033,國立虎尾科技大學,五專,女,50,1,0,0,0,0,0,0,0,0,1,0,0,0,1,0
112,1,公立,技專校院,0033,國立虎尾科技大學,學士班(日間),女,1816,31,18,17,0,0,0,0,1,0,13,3,0,2,8,0
112,1,公立,技專校院,0033,國立虎尾科技大學,學士班(進修),女,404,16,10,7,0,0,1,0,2,0,6,0,0,1,5,0
112,1,公立,技專校院,0033,國立虎尾科技大學,五專,女,50,0,0,0,0,0,0,0,0,0,0,0,0,0,0,0
112,1,公立,技專校院,0033,國立虎尾科技大學,碩士班(日間),男,856,30,4,4,0,0,0,0,0,0,26,6,0,3,17,0
112,1,公立,技專校院,0033,國立虎尾科技大學,碩士在職專班,男,133,10,1,1,0,0,0,0,0,0,9,0,0,5,4,0
112,1,公立,技專校院,0033,國立虎尾科技大學,二專(日間),女,1,0,0,0,0,0,0,0,0,0,0,0,0,0,0,0
112,1,公立,技專校院,0033,國立虎尾科技大學,二專(日間),男,77,19,13,13,0,0,0,0,0,0,6,3,0,2,1,0
112,1,公立,技專校院,0033,國立虎尾科技大學,學士班(日間),男,5924,152,70,66,0,0,2,0,2,0,82,45,0,9,28,0
112,1,公立,技專校院,0033,國立虎尾科技大學,學士班(進修),男,1822,106,69,58,0,0,1,0,10,0,37,0,0,18,19,0
112,1,公立,技專校院,0033,國立虎尾科技大學,五專,男,308,8,3,3,0,0,0,0,0,0,5,4,0,0,1,0
112,1,公立,技專校院,0033,國立虎尾科技大學,博士班,女,9,0,0,0,0,0,0,0,0,0,0,0,0,0,0,0
112,1,公立,技專校院,0033,國立虎尾科技大學,博士班,男,44,4,0,0,0,0,0,0,0,0,4,0,0,2,2,0
112,1,公立,技專校院,0033,國立虎尾科技大學,碩士班(日間),女,185,13,3,0,0,0,0,0,3,0,10,1,0,6,3,0
112,1,公立,技專校院,0033,國立虎尾科技大學,碩士在職專班,女,64,6,1,1,0,0,0,0,0,0,5,0,0,3,2,0
112,2,公立,一般大學,0035,國立臺南藝術大學,學士班(日間),男,280,3,1,1,0,0,0,0,0,0,2,0,0,1,1,0
112,2,公立,一般大學,0035,國立臺南藝術大學,博士班,女,41,2,1,1,0,0,0,0,0,0,1,0,0,0,1,0
112,2,公立,一般大學,0035,國立臺南藝術大學,博士班,男,26,0,0,0,0,0,0,0,0,0,0,0,0,0,0,0
112,2,公立,一般大學,0035,國立臺南藝術大學,碩士班(日間),女,350,13,2,1,0,0,0,0,1,0,11,0,0,2,9,0
112,2,公立,一般大學,0035,國立臺南藝術大學,碩士在職專班,女,43,1,0,0,0,0,0,0,0,0,1,0,0,1,0,0
112,1,公立,一般大學,0035,國立臺南藝術大學,學士班(日間),女,522,25,15,13,0,0,1,0,1,0,10,0,0,2,8,0
112,1,公立,一般大學,0035,國立臺南藝術大學,五專,女,103,4,3,3,0,0,0,0,0,0,1,0,0,0,1,0
112,1,公立,一般大學,0035,國立臺南藝術大學,五專,男,59,3,2,2,0,0,0,0,0,0,1,1,0,0,0,0
112,1,公立,一般大學,0035,國立臺南藝術大學,碩士班(日間),男,203,7,2,1,0,0,0,0,1,0,5,0,0,0,5,0
112,1,公立,一般大學,0035,國立臺南藝術大學,碩士在職專班,男,11,0,0,0,0,0,0,0,0,0,0,0,0,0,0,0
112,1,公立,一般大學,0035,國立臺南藝術大學,學士班(日間),男,280,17,11,11,0,0,0,0,0,0,6,0,1,2,3,0
112,1,公立,一般大學,0035,國立臺南藝術大學,博士班,女,41,1,1,1,0,0,0,0,0,0,0,0,0,0,0,0
112,1,公立,一般大學,0035,國立臺南藝術大學,博士班,男,26,1,1,0,0,0,0,0,1,0,0,0,0,0,0,0
112,1,公立,一般大學,0035,國立臺南藝術大學,碩士班(日間),女,350,23,13,5,0,1,1,0,3,3,10,2,0,2,6,0
112,1,公立,一般大學,0035,國立臺南藝術大學,碩士在職專班,女,43,3,2,0,0,0,0,0,2,0,1,0,0,0,1,0
112,2,公立,一般大學,0035,國立臺南藝術大學,學士班(日間),女,522,6,3,2,0,0,1,0,0,0,3,0,0,0,3,0
112,2,公立,一般大學,0035,國立臺南藝術大學,五專,女,103,2,1,1,0,0,0,0,0,0,1,0,0,0,1,0
112,2,公立,一般大學,0035,國立臺南藝術大學,五專,男,59,2,1,1,0,0,0,0,0,0,1,0,0,0,1,0
112,2,公立,一般大學,0035,國立臺南藝術大學,碩士班(日間),男,203,8,5,2,0,0,0,0,2,1,3,0,0,1,2,0
112,2,公立,一般大學,0035,國立臺南藝術大學,碩士在職專班,男,11,0,0,0,0,0,0,0,0,0,0,0,0,0,0,0
112,2,公立,一般大學,0036,國立臺南大學,學士班(進修),女,76,5,5,3,0,0,0,0,2,0,0,0,0,0,0,0
112,2,公立,一般大學,0036,國立臺南大學,學士班(進修),男,113,3,3,2,0,0,0,0,1,0,0,0,0,0,0,0
112,2,公立,一般大學,0036,國立臺南大學,博士班,男,58,1,1,0,0,0,1,0,0,0,0,0,0,0,0,0
112,2,公立,一般大學,0036,國立臺南大學,碩士班(日間),女,610,18,14,0,0,0,0,1,13,0,4,2,0,0,2,0
112,2,公立,一般大學,0036,國立臺南大學,碩士班(日間),男,424,19,12,0,0,0,0,3,9,0,7,2,0,2,3,0
112,2,公立,一般大學,0036,國立臺南大學,碩士在職專班,女,430,19,15,1,0,0,4,0,10,0,4,1,0,1,2,0
112,1,公立,一般大學,0036,國立臺南大學,學士班(日間),女,2168,61,49,46,0,0,0,1,2,0,12,2,0,1,9,0
112,1,公立,一般大學,0036,國立臺南大學,學士班(日間),男,1794,59,39,34,0,0,0,0,4,1,20,8,0,2,10,0
112,1,公立,一般大學,0036,國立臺南大學,博士班,女,83,2,2,0,0,0,1,0,1,0,0,0,0,0,0,0
112,1,公立,一般大學,0036,國立臺南大學,碩士在職專班,男,205,13,7,0,0,0,0,0,7,0,6,6,0,0,0,0
112,1,公立,一般大學,0036,國立臺南大學,學士班(進修),女,76,2,1,1,0,0,0,0,0,0,1,0,0,0,1,0
112,1,公立,一般大學,0036,國立臺南大學,學士班(進修),男,113,10,7,6,0,0,0,0,0,1,3,1,0,1,1,0
112,1,公立,一般大學,0036,國立臺南大學,博士班,男,58,7,6,1,0,0,1,0,4,0,1,1,0,0,0,0
112,1,公立,一般大學,0036,國立臺南大學,碩士班(日間),女,610,59,50,6,0,2,0,0,32,10,9,4,0,1,4,0
112,1,公立,一般大學,0036,國立臺南大學,碩士班(日間),男,424,36,22,7,0,0,0,0,12,3,14,5,0,0,9,0
112,1,公立,一般大學,0036,國立臺南大學,碩士在職專班,女,430,26,22,0,0,0,0,0,20,2,4,4,0,0,0,0
112,2,公立,一般大學,0036,國立臺南大學,學士班(日間),女,2168,22,19,17,0,0,0,0,2,0,3,1,0,0,2,0
112,2,公立,一般大學,0036,國立臺南大學,學士班(日間),男,1794,19,16,11,0,0,1,1,3,0,3,3,0,0,0,0
112,2,公立,一般大學,0036,國立臺南大學,博士班,女,83,3,2,0,0,0,0,0,2,0,1,1,0,0,0,0
112,2,公立,一般大學,0036,國立臺南大學,碩士在職專班,男,205,4,3,0,0,0,0,0,3,0,1,0,0,1,0,0
112,2,公立,一般大學,0037,國立臺北教育大學,學士班(日間),女,2233,11,7,5,0,0,0,0,2,0,4,0,0,4,0,0
112,2,公立,一般大學,0037,國立臺北教育大學,博士班,女,83,3,1,0,0,0,0,0,1,0,2,0,0,2,0,0
112,2,公立,一般大學,0037,國立臺北教育大學,博士班,男,55,1,0,0,0,0,0,0,0,0,1,0,0,1,0,0
112,2,公立,一般大學,0037,國立臺北教育大學,碩士班(日間),女,1048,27,16,9,0,0,0,1,3,3,11,2,0,9,0,0
112,2,公立,一般大學,0037,國立臺北教育大學,碩士班(日間),男,412,14,6,3,0,0,0,0,3,0,8,2,0,6,0,0
112,2,公立,一般大學,0037,國立臺北教育大學,碩士在職專班,女,870,26,16,2,0,0,2,0,6,6,10,3,0,7,0,0
112,2,公立,一般大學,0037,國立臺北教育大學,碩士在職專班,男,275,14,6,3,0,0,0,0,0,3,8,3,0,5,0,0
112,1,公立,一般大學,0037,國立臺北教育大學,學士班(日間),女,2233,33,27,27,0,0,0,0,0,0,6,0,0,6,0,0
112,1,公立,一般大學,0037,國立臺北教育大學,學士班(日間),男,1119,23,16,13,0,0,0,0,3,0,7,0,0,7,0,0
112,1,公立,一般大學,0037,國立臺北教育大學,博士班,男,55,4,3,1,0,0,0,0,1,1,1,1,0,0,0,0
112,1,公立,一般大學,0037,國立臺北教育大學,碩士在職專班,女,870,32,18,7,0,1,0,0,8,2,14,1,0,13,0,0
112,1,公立,一般大學,0037,國立臺北教育大學,博士班,女,83,2,1,0,0,0,0,0,1,0,1,0,0,1,0,0
112,1,公立,一般大學,0037,國立臺北教育大學,碩士班(日間),女,1048,39,20,10,0,0,0,1,9,0,19,6,0,13,0,0
112,1,公立,一般大學,0037,國立臺北教育大學,碩士班(日間),男,412,21,12,4,0,0,0,0,8,0,9,3,0,6,0,0
112,1,公立,一般大學,0037,國立臺北教育大學,碩士在職專班,男,275,14,7,1,0,0,0,0,3,3,7,0,0,7,0,0
112,2,公立,一般大學,0037,國立臺北教育大學,學士班(日間),男,1119,7,6,6,0,0,0,0,0,0,1,0,0,1,0,0
112,2,公立,一般大學,0039,國立臺中教育大學,博士班,男,43,2,0,0,0,0,0,0,0,0,2,0,0,2,0,0
112,2,公立,一般大學,0039,國立臺中教育大學,碩士班(日間),女,664,20,5,5,0,0,0,0,0,0,15,4,0,4,7,0
112,2,公立,一般大學,0039,國立臺中教育大學,碩士班(日間),男,279,18,7,5,0,0,1,0,1,0,11,4,0,2,5,0
112,2,公立,一般大學,0039,國立臺中教育大學,碩士在職專班,女,607,16,6,2,0,1,1,0,2,0,10,0,0,4,6,0
112,2,公立,一般大學,0039,國立臺中教育大學,博士班,女,65,0,0,0,0,0,0,0,0,0,0,0,0,0,0,0
112,2,公立,一般大學,0039,國立臺中教育大學,碩士在職專班,男,149,1,0,0,0,0,0,0,0,0,1,0,0,0,1,0
112,1,公立,一般大學,0039,國立臺中教育大學,學士班(日間),女,2142,34,24,23,0,0,1,0,0,0,10,2,0,0,8,0
112,1,公立,一般大學,0039,國立臺中教育大學,學士班(日間),男,1141,34,23,23,0,0,0,0,0,0,11,3,0,2,6,0
112,1,公立,一般大學,0039,國立臺中教育大學,碩士班(日間),女,664,43,20,13,0,0,1,1,5,0,23,3,0,3,17,0
112,1,公立,一般大學,0039,國立臺中教育大學,碩士在職專班,女,607,34,17,10,0,0,0,3,4,0,17,7,0,7,3,0
112,1,公立,一般大學,0039,國立臺中教育大學,碩士在職專班,男,149,16,6,3,0,0,0,0,3,0,10,2,0,0,8,0
112,1,公立,一般大學,0039,國立臺中教育大學,博士班,女,65,5,3,2,0,0,0,0,1,0,2,0,0,0,2,0
112,1,公立,一般大學,0039,國立臺中教育大學,博士班,男,43,2,1,1,0,0,0,0,0,0,1,0,0,1,0,0
112,1,公立,一般大學,0039,國立臺中教育大學,碩士班(日間),男,279,13,7,4,0,0,0,2,1,0,6,0,0,1,5,0
112,2,公立,一般大學,0039,國立臺中教育大學,學士班(日間),女,2142,13,9,9,0,0,0,0,0,0,4,0,0,2,2,0
112,2,公立,一般大學,0039,國立臺中教育大學,學士班(日間),男,1141,11,4,4,0,0,0,0,0,0,7,1,0,0,6,0
112,2,公立,技專校院,0042,國立澎湖科技大學,學士班(日間),男,1441,33,10,10,0,0,0,0,0,0,23,10,0,1,12,0
112,2,公立,技專校院,0042,國立澎湖科技大學,五專,女,7,0,0,0,0,0,0,0,0,0,0,0,0,0,0,0
112,2,公立,技專校院,0042,國立澎湖科技大學,學士班(日間),女,829,10,5,4,0,0,0,0,1,0,5,1,0,0,4,0
112,2,公立,技專校院,0042,國立澎湖科技大學,學士班(進修),女,107,3,2,2,0,0,0,0,0,0,1,0,0,0,1,0
112,2,公立,技專校院,0042,國立澎湖科技大學,學士班(進修),男,108,3,0,0,0,0,0,0,0,0,3,1,0,0,2,0
112,2,公立,技專校院,0042,國立澎湖科技大學,五專,男,99,1,1,1,0,0,0,0,0,0,0,0,0,0,0,0
112,2,公立,技專校院,0042,國立澎湖科技大學,碩士班(日間),女,37,2,0,0,0,0,0,0,0,0,2,0,0,0,2,0
112,2,公立,技專校院,0042,國立澎湖科技大學,碩士班(日間),男,31,0,0,0,0,0,0,0,0,0,0,0,0,0,0,0
112,2,公立,技專校院,0042,國立澎湖科技大學,碩士在職專班,女,19,0,0,0,0,0,0,0,0,0,0,0,0,0,0,0
112,2,公立,技專校院,0042,國立澎湖科技大學,碩士在職專班,男,24,1,0,0,0,0,0,0,0,0,1,0,0,0,1,0
112,1,公立,技專校院,0042,國立澎湖科技大學,學士班(進修),女,107,4,3,3,0,0,0,0,0,0,1,0,0,0,1,0
112,1,公立,技專校院,0042,國立澎湖科技大學,學士班(進修),男,108,4,1,1,0,0,0,0,0,0,3,1,0,0,2,0
112,1,公立,技專校院,0042,國立澎湖科技大學,碩士班(日間),女,37,3,1,0,0,0,0,1,0,0,2,0,0,0,2,0
112,1,公立,技專校院,0042,國立澎湖科技大學,碩士班(日間),男,31,5,2,1,0,0,0,1,0,0,3,0,0,0,3,0
112,1,公立,技專校院,0042,國立澎湖科技大學,碩士在職專班,女,19,0,0,0,0,0,0,0,0,0,0,0,0,0,0,0
112,1,公立,技專校院,0042,國立澎湖科技大學,碩士在職專班,男,24,0,0,0,0,0,0,0,0,0,0,0,0,0,0,0
112,1,公立,技專校院,0042,國立澎湖科技大學,學士班(日間),女,829,34,27,25,0,0,0,1,1,0,7,2,0,0,5,0
112,1,公立,技專校院,0042,國立澎湖科技大學,學士班(日間),男,1441,93,60,60,0,0,0,0,0,0,33,11,0,0,22,0
112,1,公立,技專校院,0042,國立澎湖科技大學,五專,女,7,1,1,1,0,0,0,0,0,0,0,0,0,0,0,0
112,1,公立,技專校院,0042,國立澎湖科技大學,五專,男,99,5,3,3,0,0,0,0,0,0,2,0,0,0,2,0
112,2,公立,技專校院,0043,國立勤益科技大學,二專(進修),女,61,7,1,1,0,0,0,0,0,0,6,0,0,0,6,0
112,2,公立,技專校院,0043,國立勤益科技大學,二專(進修),男,180,15,1,0,0,0,0,0,1,0,14,4,0,1,9,0
112,2,公立,技專校院,0043,國立勤益科技大學,學士班(日間),女,2220,21,12,12,0,0,0,0,0,0,9,3,0,0,6,0
112,2,公立,技專校院,0043,國立勤益科技大學,學士班(進修),女,633,33,6,5,0,1,0,0,0,0,27,1,2,1,23,0
112,2,公立,技專校院,0043,國立勤益科技大學,學士班(進修),男,3427,195,50,43,0,0,1,0,5,1,145,56,6,5,78,0
112,2,公立,技專校院,0043,國立勤益科技大學,碩士班(日間),男,514,4,1,1,0,0,0,0,0,0,3,1,0,2,0,0
112,2,公立,技專校院,0043,國立勤益科技大學,碩士在職專班,男,248,7,0,0,0,0,0,0,0,0,7,0,0,1,6,0
112,2,公立,技專校院,0043,國立勤益科技大學,學士班(日間),男,5003,107,17,14,0,0,1,0,2,0,90,61,0,0,29,0
112,2,公立,技專校院,0043,國立勤益科技大學,博士班,女,9,0,0,0,0,0,0,0,0,0,0,0,0,0,0,0
112,2,公立,技專校院,0043,國立勤益科技大學,博士班,男,54,0,0,0,0,0,0,0,0,0,0,0,0,0,0,0
112,2,公立,技專校院,0043,國立勤益科技大學,碩士班(日間),女,188,2,1,1,0,0,0,0,0,0,1,0,0,1,0,0
112,2,公立,技專校院,0043,國立勤益科技大學,碩士在職專班,女,66,1,1,1,0,0,0,0,0,0,0,0,0,0,0,0
112,1,公立,技專校院,0043,國立勤益科技大學,二專(進修),男,180,27,5,4,0,0,0,0,1,0,22,2,0,0,20,0
112,1,公立,技專校院,0043,國立勤益科技大學,學士班(日間),男,5003,130,48,37,0,0,2,1,7,1,82,43,2,0,37,0
112,1,公立,技專校院,0043,國立勤益科技大學,博士班,女,9,0,0,0,0,0,0,0,0,0,0,0,0,0,0,0
112,1,公立,技專校院,0043,國立勤益科技大學,博士班,男,54,1,1,1,0,0,0,0,0,0,0,0,0,0,0,0
112,1,公立,技專校院,0043,國立勤益科技大學,碩士班(日間),女,188,9,1,0,0,0,0,1,0,0,8,0,0,0,8,0
112,1,公立,技專校院,0043,國立勤益科技大學,碩士在職專班,女,66,1,0,0,0,0,0,0,0,0,1,0,0,0,1,0
112,1,公立,技專校院,0043,國立勤益科技大學,二專(進修),女,61,8,1,1,0,0,0,0,0,0,7,0,0,0,7,0
112,1,公立,技專校院,0043,國立勤益科技大學,學士班(日間),女,2220,41,23,20,0,0,0,0,2,1,18,6,2,0,10,0
112,1,公立,技專校院,0043,國立勤益科技大學,學士班(進修),女,633,41,17,12,0,0,2,0,2,1,24,6,3,0,15,0
112,1,公立,技專校院,0043,國立勤益科技大學,學士班(進修),男,3427,190,79,69,0,0,1,0,7,2,111,20,30,6,55,0
112,1,公立,技專校院,0043,國立勤益科技大學,碩士班(日間),男,514,20,3,0,0,0,0,1,2,0,17,5,0,0,12,0
112,1,公立,技專校院,0043,國立勤益科技大學,碩士在職專班,男,248,12,5,2,0,0,1,0,1,1,7,1,0,1,5,0
112,2,公立,一般大學,0044,國立體育大學,學士班(日間),女,764,16,6,6,0,0,0,0,0,0,10,1,0,3,6,0
112,2,公立,一般大學,0044,國立體育大學,學士班(日間),男,1178,46,13,9,0,0,0,0,4,0,33,4,0,13,16,0
112,2,公立,一般大學,0044,國立體育大學,學士班(進修),男,45,2,0,0,0,0,0,0,0,0,2,1,0,1,0,0
112,2,公立,一般大學,0044,國立體育大學,博士班,女,47,1,1,0,0,0,0,0,1,0,0,0,0,0,0,0
112,2,公立,一般大學,0044,國立體育大學,碩士在職專班,男,125,6,1,0,0,0,0,0,1,0,5,0,0,0,5,0
112,2,公立,一般大學,0044,國立體育大學,學士班(進修),女,25,2,0,0,0,0,0,0,0,0,2,0,0,1,1,0
112,2,公立,一般大學,0044,國立體育大學,博士班,男,92,2,2,1,0,0,0,0,1,0,0,0,0,0,0,0
112,2,公立,一般大學,0044,國立體育大學,碩士班(日間),女,163,8,1,1,0,0,0,0,0,0,7,1,0,3,3,0
112,2,公立,一般大學,0044,國立體育大學,碩士班(日間),男,208,8,1,0,0,0,0,0,1,0,7,1,0,0,6,0
112,2,公立,一般大學,0044,國立體育大學,碩士在職專班,女,112,6,0,0,0,0,0,0,0,0,6,0,0,0,6,0
112,1,公立,一般大學,0044,國立體育大學,學士班(進修),女,25,2,2,0,0,0,0,0,2,0,0,0,0,0,0,0
112,1,公立,一般大學,0044,國立體育大學,博士班,女,47,1,1,0,0,0,0,0,1,0,0,0,0,0,0,0
112,1,公立,一般大學,0044,國立體育大學,博士班,男,92,2,1,0,0,0,0,0,1,0,1,0,0,0,1,0
112,1,公立,一般大學,0044,國立體育大學,碩士班(日間),男,208,7,2,0,0,0,0,0,2,0,5,1,0,1,3,0
112,1,公立,一般大學,0044,國立體育大學,學士班(日間),女,764,18,8,5,0,0,0,0,3,0,10,2,0,4,4,0
112,1,公立,一般大學,0044,國立體育大學,學士班(日間),男,1178,37,10,9,0,0,0,0,1,0,27,6,0,5,16,0
112,1,公立,一般大學,0044,國立體育大學,學士班(進修),男,45,5,1,0,0,0,0,0,1,0,4,0,0,0,4,0
112,1,公立,一般大學,0044,國立體育大學,碩士班(日間),女,163,12,2,0,0,0,0,0,2,0,10,2,0,2,6,0
112,1,公立,一般大學,0044,國立體育大學,碩士在職專班,女,112,2,1,0,0,0,0,0,1,0,1,0,0,0,1,0
112,1,公立,一般大學,0044,國立體育大學,碩士在職專班,男,125,7,0,0,0,0,0,0,0,0,7,0,0,0,7,0
112,2,公立,技專校院,0046,國立臺北護理健康大學,學士班(日間),女,2924,27,21,15,0,0,0,1,4,1,6,0,0,0,6,0
112,2,公立,技專校院,0046,國立臺北護理健康大學,學士班(進修),女,645,5,1,0,0,0,0,0,1,0,4,0,0,2,2,0
112,2,公立,技專校院,0046,國立臺北護理健康大學,學士班(進修),男,48,2,1,0,0,0,0,0,1,0,1,1,0,0,0,0
112,2,公立,技專校院,0046,國立臺北護理健康大學,碩士班(日間),女,471,16,4,1,0,0,1,0,1,1,12,0,0,3,9,0
112,2,公立,技專校院,0046,國立臺北護理健康大學,碩士班(日間),男,92,3,0,0,0,0,0,0,0,0,3,0,0,0,3,0
112,2,公立,技專校院,0046,國立臺北護理健康大學,碩士在職專班,女,164,8,2,0,0,0,0,0,1,1,6,2,0,2,2,0
112,2,公立,技專校院,0046,國立臺北護理健康大學,碩士在職專班,男,33,0,0,0,0,0,0,0,0,0,0,0,0,0,0,0
112,2,公立,技專校院,0046,國立臺北護理健康大學,學士班(日間),男,819,13,6,6,0,0,0,0,0,0,7,1,0,3,3,0
112,2,公立,技專校院,0046,國立臺北護理健康大學,博士班,女,74,1,1,0,0,0,0,0,0,1,0,0,0,0,0,0
112,2,公立,技專校院,0046,國立臺北護理健康大學,博士班,男,5,0,0,0,0,0,0,0,0,0,0,0,0,0,0,0
112,1,公立,技專校院,0046,國立臺北護理健康大學,學士班(進修),女,645,21,4,1,0,0,0,0,3,0,17,0,0,5,12,0
112,1,公立,技專校院,0046,國立臺北護理健康大學,學士班(進修),男,48,1,0,0,0,0,0,0,0,0,1,0,0,1,0,0
112,1,公立,技專校院,0046,國立臺北護理健康大學,博士班,男,5,1,1,0,0,0,0,1,0,0,0,0,0,0,0,0
112,1,公立,技專校院,0046,國立臺北護理健康大學,學士班(日間),女,2924,74,51,37,0,1,2,0,9,2,23,2,0,4,17,0
112,1,公立,技專校院,0046,國立臺北護理健康大學,學士班(日間),男,819,26,10,9,0,0,0,0,1,0,16,5,0,3,8,0
112,1,公立,技專校院,0046,國立臺北護理健康大學,博士班,女,74,4,0,0,0,0,0,0,0,0,4,2,0,0,2,0
112,1,公立,技專校院,0046,國立臺北護理健康大學,碩士班(日間),女,471,26,9,0,0,0,1,1,4,3,17,2,0,2,13,0
112,1,公立,技專校院,0046,國立臺北護理健康大學,碩士班(日間),男,92,2,1,0,0,0,0,0,1,0,1,0,0,0,1,0
112,1,公立,技專校院,0046,國立臺北護理健康大學,碩士在職專班,女,164,6,1,0,0,0,0,0,0,1,5,1,0,1,3,0
112,1,公立,技專校院,0046,國立臺北護理健康大學,碩士在職專班,男,33,2,0,0,0,0,0,0,0,0,2,0,0,0,2,0
112,2,公立,技專校院,0047,國立高雄餐旅大學,學士班(日間),女,1928,9,7,6,0,0,1,0,0,0,2,0,0,0,2,0
112,2,公立,技專校院,0047,國立高雄餐旅大學,學士班(日間),男,963,9,0,0,0,0,0,0,0,0,9,1,1,2,5,0
112,2,公立,技專校院,0047,國立高雄餐旅大學,學士班(進修),女,607,4,0,0,0,0,0,0,0,0,4,0,2,0,2,0
112,2,公立,技專校院,0047,國立高雄餐旅大學,五專,女,157,3,2,2,0,0,0,0,0,0,1,0,0,0,1,0
112,2,公立,技專校院,0047,國立高雄餐旅大學,五專,男,94,1,1,1,0,0,0,0,0,0,0,0,0,0,0,0
112,2,公立,技專校院,0047,國立高雄餐旅大學,碩士班(日間),男,46,2,0,0,0,0,0,0,0,0,2,0,0,0,2,0
112,2,公立,技專校院,0047,國立高雄餐旅大學,學士班(進修),男,366,2,2,2,0,0,0,0,0,0,0,0,0,0,0,0
112,2,公立,技專校院,0047,國立高雄餐旅大學,博士班,女,15,0,0,0,0,0,0,0,0,0,0,0,0,0,0,0
112,2,公立,技專校院,0047,國立高雄餐旅大學,博士班,男,22,1,1,0,0,0,1,0,0,0,0,0,0,0,0,0
112,2,公立,技專校院,0047,國立高雄餐旅大學,碩士班(日間),女,83,11,2,0,0,0,0,0,2,0,9,0,0,0,9,0
112,2,公立,技專校院,0047,國立高雄餐旅大學,碩士在職專班,女,16,2,0,0,0,0,0,0,0,0,2,0,0,0,2,0
112,2,公立,技專校院,0047,國立高雄餐旅大學,碩士在職專班,男,6,0,0,0,0,0,0,0,0,0,0,0,0,0,0,0
112,1,公立,技專校院,0047,國立高雄餐旅大學,學士班(日間),男,963,14,11,8,0,0,0,1,0,2,3,0,1,0,2,0
112,1,公立,技專校院,0047,國立高雄餐旅大學,學士班(進修),男,366,5,2,2,0,0,0,0,0,0,3,0,1,0,2,0
112,1,公立,技專校院,0047,國立高雄餐旅大學,博士班,女,15,0,0,0,0,0,0,0,0,0,0,0,0,0,0,0
112,1,公立,技專校院,0047,國立高雄餐旅大學,博士班,男,22,0,0,0,0,0,0,0,0,0,0,0,0,0,0,0
112,1,公立,技專校院,0047,國立高雄餐旅大學,碩士班(日間),女,83,5,4,2,0,0,0,0,2,0,1,0,0,0,1,0
112,1,公立,技專校院,0047,國立高雄餐旅大學,碩士在職專班,女,16,3,0,0,0,0,0,0,0,0,3,0,0,3,0,0
112,1,公立,技專校院,0047,國立高雄餐旅大學,學士班(日間),女,1928,25,16,13,0,0,2,0,1,0,9,2,0,0,7,0
112,1,公立,技專校院,0047,國立高雄餐旅大學,學士班(進修),女,607,8,3,0,0,1,0,2,0,0,5,0,0,0,5,0
112,1,公立,技專校院,0047,國立高雄餐旅大學,五專,女,157,3,3,3,0,0,0,0,0,0,0,0,0,0,0,0
112,1,公立,技專校院,0047,國立高雄餐旅大學,五專,男,94,2,1,1,0,0,0,0,0,0,1,0,0,0,1,0
112,1,公立,技專校院,0047,國立高雄餐旅大學,碩士班(日間),男,46,9,3,0,0,0,0,1,2,0,6,1,0,0,5,0
112,1,公立,技專校院,0047,國立高雄餐旅大學,碩士在職專班,男,6,1,0,0,0,0,0,0,0,0,1,0,0,0,1,0
112,2,公立,一般大學,0048,國立金門大學,學士班(日間),女,1438,17,14,10,0,0,3,0,1,0,3,2,0,0,1,0
112,2,公立,一般大學,0048,國立金門大學,學士班(進修),女,324,24,4,2,0,0,0,0,2,0,20,1,0,10,9,0
112,2,公立,一般大學,0048,國立金門大學,學士班(進修),男,377,30,2,0,0,0,0,0,2,0,28,0,0,8,20,0
112,2,公立,一般大學,0048,國立金門大學,博士班,男,2,0,0,0,0,0,0,0,0,0,0,0,0,0,0,0
112,2,公立,一般大學,0048,國立金門大學,碩士班(日間),男,126,8,1,0,0,0,0,0,1,0,7,2,0,1,4,0
112,2,公立,一般大學,0048,國立金門大學,碩士在職專班,男,44,4,0,0,0,0,0,0,0,0,4,0,0,0,4,0
112,2,公立,一般大學,0048,國立金門大學,學士班(日間),男,1605,27,13,12,0,0,0,0,1,0,14,3,0,3,8,0
112,2,公立,一般大學,0048,國立金門大學,博士班,女,2,0,0,0,0,0,0,0,0,0,0,0,0,0,0,0
112,2,公立,一般大學,0048,國立金門大學,碩士班(日間),女,99,6,2,1,0,0,0,0,1,0,4,0,0,2,2,0
112,2,公立,一般大學,0048,國立金門大學,碩士在職專班,女,33,1,0,0,0,0,0,0,0,0,1,0,0,1,0,0
112,1,公立,一般大學,0048,國立金門大學,學士班(日間),男,1605,89,61,58,0,0,0,1,2,0,28,17,0,0,11,0
112,1,公立,一般大學,0048,國立金門大學,學士班(進修),男,377,40,16,13,0,1,1,0,1,0,24,4,0,15,5,0
112,1,公立,一般大學,0048,國立金門大學,碩士班(日間),女,99,7,1,0,0,0,1,0,0,0,6,0,0,2,4,0
112,1,公立,一般大學,0048,國立金門大學,碩士在職專班,女,33,4,1,0,1,0,0,0,0,0,3,0,0,1,2,0
112,1,公立,一般大學,0048,國立金門大學,學士班(日間),女,1438,75,58,58,0,0,0,0,0,0,17,7,0,1,9,0
112,1,公立,一般大學,0048,國立金門大學,學士班(進修),女,324,30,13,11,0,0,0,0,1,1,17,1,0,11,5,0
112,1,公立,一般大學,0048,國立金門大學,博士班,女,2,0,0,0,0,0,0,0,0,0,0,0,0,0,0,0
112,1,公立,一般大學,0048,國立金門大學,博士班,男,2,0,0,0,0,0,0,0,0,0,0,0,0,0,0,0
112,1,公立,一般大學,0048,國立金門大學,碩士班(日間),男,126,10,4,3,0,0,0,1,0,0,6,0,0,1,5,0
112,1,公立,一般大學,0048,國立金門大學,碩士在職專班,男,44,7,1,1,0,0,0,0,0,0,6,1,0,4,1,0
112,2,公立,一般大學,0049,國立臺灣體育運動大學,學士班(進修),女,106,5,0,0,0,0,0,0,0,0,5,3,0,1,1,0
112,2,公立,一般大學,0049,國立臺灣體育運動大學,學士班(進修),男,242,28,5,4,0,0,0,1,0,0,23,11,0,7,5,0
112,2,公立,一般大學,0049,國立臺灣體育運動大學,博士班,女,9,0,0,0,0,0,0,0,0,0,0,0,0,0,0,0
112,2,公立,一般大學,0049,國立臺灣體育運動大學,博士班,男,10,0,0,0,0,0,0,0,0,0,0,0,0,0,0,0
112,2,公立,一般大學,0049,國立臺灣體育運動大學,碩士班(日間),女,141,7,1,1,0,0,0,0,0,0,6,2,0,2,2,0
112,2,公立,一般大學,0049,國立臺灣體育運動大學,碩士班(日間),男,146,17,0,0,0,0,0,0,0,0,17,3,0,5,9,0
112,2,公立,一般大學,0049,國立臺灣體育運動大學,碩士在職專班,女,50,2,0,0,0,0,0,0,0,0,2,0,0,1,1,0
112,2,公立,一般大學,0049,國立臺灣體育運動大學,碩士在職專班,男,89,2,0,0,0,0,0,0,0,0,2,1,0,0,1,0
112,2,公立,一般大學,0049,國立臺灣體育運動大學,學士班(日間),女,970,21,4,3,0,0,0,0,1,0,17,4,0,6,7,0
112,2,公立,一般大學,0049,國立臺灣體育運動大學,學士班(日間),男,1386,53,9,5,0,0,0,2,2,0,44,19,0,12,13,0
112,1,公立,一般大學,0049,國立臺灣體育運動大學,學士班(日間),女,970,38,18,17,0,0,0,0,1,0,20,0,0,11,9,0
112,1,公立,一般大學,0049,國立臺灣體育運動大學,學士班(進修),女,106,7,1,1,0,0,0,0,0,0,6,1,0,2,3,0
112,1,公立,一般大學,0049,國立臺灣體育運動大學,碩士班(日間),男,146,13,2,0,0,0,0,0,2,0,11,1,0,2,8,0
112,1,公立,一般大學,0049,國立臺灣體育運動大學,碩士在職專班,男,89,8,0,0,0,0,0,0,0,0,8,2,0,2,4,0
112,1,公立,一般大學,0049,國立臺灣體育運動大學,學士班(日間),男,1386,63,15,13,0,0,0,2,0,0,48,12,0,13,23,0
112,1,公立,一般大學,0049,國立臺灣體育運動大學,學士班(進修),男,242,21,3,3,0,0,0,0,0,0,18,4,0,6,8,0
112,1,公立,一般大學,0049,國立臺灣體育運動大學,博士班,女,9,0,0,0,0,0,0,0,0,0,0,0,0,0,0,0
112,1,公立,一般大學,0049,國立臺灣體育運動大學,博士班,男,10,0,0,0,0,0,0,0,0,0,0,0,0,0,0,0
112,1,公立,一般大學,0049,國立臺灣體育運動大學,碩士班(日間),女,141,16,1,1,0,0,0,0,0,0,15,2,0,1,12,0
112,1,公立,一般大學,0049,國立臺灣體育運動大學,碩士在職專班,女,50,0,0,0,0,0,0,0,0,0,0,0,0,0,0,0
112,2,公立,技專校院,0050,國立臺中科技大學,學士班(進修),女,2481,96,17,11,0,0,4,0,2,0,79,12,0,48,19,0
112,2,公立,技專校院,0050,國立臺中科技大學,學士班(進修),男,1326,73,11,10,0,0,0,0,1,0,62,27,0,26,8,1
112,2,公立,技專校院,0050,國立臺中科技大學,五專,女,2635,65,24,24,0,0,0,0,0,0,41,12,3,2,24,0
112,2,公立,技專校院,0050,國立臺中科技大學,博士班,男,3,0,0,0,0,0,0,0,0,0,0,0,0,0,0,0
112,2,公立,技專校院,0050,國立臺中科技大學,碩士班(日間),女,259,16,3,2,0,0,0,0,1,0,13,4,0,2,7,0
112,2,公立,技專校院,0050,國立臺中科技大學,碩士班(日間),男,160,12,1,1,0,0,0,0,0,0,11,4,0,1,6,0
112,2,公立,技專校院,0050,國立臺中科技大學,碩士在職專班,女,176,6,1,1,0,0,0,0,0,0,5,0,0,3,2,0
112,2,公立,技專校院,0050,國立臺中科技大學,二專(進修),女,513,48,12,4,0,0,1,1,6,0,36,10,0,6,20,0
112,2,公立,技專校院,0050,國立臺中科技大學,二專(進修),男,292,23,5,3,0,0,1,0,1,0,18,2,0,1,15,0
112,2,公立,技專校院,0050,國立臺中科技大學,學士班(日間),女,4636,48,13,12,0,0,0,0,1,0,35,5,0,3,27,0
112,2,公立,技專校院,0050,國立臺中科技大學,學士班(日間),男,2331,39,13,11,0,0,1,0,1,0,26,9,5,1,11,0
112,2,公立,技專校院,0050,國立臺中科技大學,五專,男,1069,18,5,5,0,0,0,0,0,0,13,9,0,0,4,0
112,2,公立,技專校院,0050,國立臺中科技大學,博士班,女,2,0,0,0,0,0,0,0,0,0,0,0,0,0,0,0
112,2,公立,技專校院,0050,國立臺中科技大學,碩士在職專班,男,106,2,0,0,0,0,0,0,0,0,2,0,0,1,1,0
112,1,公立,技專校院,0050,國立臺中科技大學,二專(進修),女,513,106,29,15,0,0,1,0,13,0,77,5,0,24,48,0
112,1,公立,技專校院,0050,國立臺中科技大學,二專(進修),男,292,79,10,7,0,0,0,0,3,0,69,5,0,21,43,0
112,1,公立,技專校院,0050,國立臺中科技大學,學士班(日間),女,4636,56,26,23,0,0,1,0,2,0,30,0,2,0,28,0
112,1,公立,技專校院,0050,國立臺中科技大學,學士班(日間),男,2331,56,18,18,0,0,0,0,0,0,38,3,3,3,29,0
112,1,公立,技專校院,0050,國立臺中科技大學,學士班(進修),男,1326,139,35,23,0,0,1,2,9,0,104,14,0,68,22,0
112,1,公立,技專校院,0050,國立臺中科技大學,五專,女,2635,99,66,64,0,0,1,1,0,0,33,5,1,0,27,0
112,1,公立,技專校院,0050,國立臺中科技大學,五專,男,1069,37,13,13,0,0,0,0,0,0,24,7,1,3,13,0
112,1,公立,技專校院,0050,國立臺中科技大學,碩士在職專班,男,106,11,0,0,0,0,0,0,0,0,11,0,0,0,11,0
112,1,公立,技專校院,0050,國立臺中科技大學,學士班(進修),女,2481,210,67,51,0,0,1,0,14,1,143,8,0,82,53,0
112,1,公立,技專校院,0050,國立臺中科技大學,博士班,女,2,0,0,0,0,0,0,0,0,0,0,0,0,0,0,0
112,1,公立,技專校院,0050,國立臺中科技大學,博士班,男,3,0,0,0,0,0,0,0,0,0,0,0,0,0,0,0
112,1,公立,技專校院,0050,國立臺中科技大學,碩士班(日間),女,259,25,2,0,0,0,0,0,2,0,23,0,0,5,18,0
112,1,公立,技專校院,0050,國立臺中科技大學,碩士班(日間),男,160,11,2,1,0,0,0,0,1,0,9,1,1,1,6,0
112,1,公立,技專校院,0050,國立臺中科技大學,碩士在職專班,女,176,9,2,0,0,0,0,0,2,0,7,0,0,1,6,0
112,2,公立,技專校院,0051,國立臺北商業大學,二專(進修),男,57,1,0,0,0,0,0,0,0,0,1,1,0,0,0,0
112,2,公立,技專校院,0051,國立臺北商業大學,學士班(日間),男,944,11,7,6,0,0,0,1,0,0,4,0,0,2,2,0
112,2,公立,技專校院,0051,國立臺北商業大學,五專,男,518,9,7,6,0,0,0,0,1,0,2,0,0,0,2,0
112,2,公立,技專校院,0051,國立臺北商業大學,博士班,女,3,0,0,0,0,0,0,0,0,0,0,0,0,0,0,0
112,2,公立,技專校院,0051,國立臺北商業大學,博士班,男,7,0,0,0,0,0,0,0,0,0,0,0,0,0,0,0
112,2,公立,技專校院,0051,國立臺北商業大學,碩士班(日間),女,195,1,0,0,0,0,0,0,0,0,1,0,0,0,1,0
112,2,公立,技專校院,0051,國立臺北商業大學,碩士在職專班,女,78,3,0,0,0,0,0,0,0,0,3,0,0,1,2,0
112,2,公立,技專校院,0051,國立臺北商業大學,二專(進修),女,81,2,1,1,0,0,0,0,0,0,1,1,0,0,0,0
112,2,公立,技專校院,0051,國立臺北商業大學,學士班(日間),女,1994,14,8,8,0,0,0,0,0,0,6,1,0,0,5,0
112,2,公立,技專校院,0051,國立臺北商業大學,學士班(進修),女,1081,13,8,4,0,0,1,0,3,0,5,2,0,0,3,0
112,2,公立,技專校院,0051,國立臺北商業大學,學士班(進修),男,632,25,11,9,0,0,0,0,2,0,14,10,0,0,4,0
112,2,公立,技專校院,0051,國立臺北商業大學,五專,女,1227,22,16,15,0,0,0,0,1,0,6,3,1,0,2,0
112,2,公立,技專校院,0051,國立臺北商業大學,碩士班(日間),男,125,5,3,2,0,0,0,0,1,0,2,1,0,0,1,0
112,2,公立,技專校院,0051,國立臺北商業大學,碩士在職專班,男,57,1,0,0,0,0,0,0,0,0,1,0,0,0,1,0
112,1,公立,技專校院,0051,國立臺北商業大學,二專(進修),女,81,13,7,3,0,0,0,0,4,0,6,0,0,0,6,0
112,1,公立,技專校院,0051,國立臺北商業大學,學士班(日間),女,1994,37,26,22,0,0,2,0,2,0,11,3,0,3,5,0
112,1,公立,技專校院,0051,國立臺北商業大學,學士班(進修),女,1081,70,22,18,0,0,0,0,4,0,48,6,0,1,41,0
112,1,公立,技專校院,0051,國立臺北商業大學,博士班,女,3,0,0,0,0,0,0,0,0,0,0,0,0,0,0,0
112,1,公立,技專校院,0051,國立臺北商業大學,碩士班(日間),男,125,15,6,3,0,0,0,0,3,0,9,0,0,2,7,0
112,1,公立,技專校院,0051,國立臺北商業大學,碩士在職專班,男,57,2,0,0,0,0,0,0,0,0,2,0,0,0,2,0
112,1,公立,技專校院,0051,國立臺北商業大學,二專(進修),男,57,7,5,2,0,0,0,0,3,0,2,0,0,1,1,0
112,1,公立,技專校院,0051,國立臺北商業大學,學士班(日間),男,944,11,7,7,0,0,0,0,0,0,4,1,0,2,1,0
112,1,公立,技專校院,0051,國立臺北商業大學,學士班(進修),男,632,45,15,13,0,0,0,0,2,0,30,2,0,2,26,0
112,1,公立,技專校院,0051,國立臺北商業大學,五專,女,1227,50,41,39,0,1,1,0,0,0,9,2,0,4,3,0
112,1,公立,技專校院,0051,國立臺北商業大學,五專,男,518,26,19,18,0,0,1,0,0,0,7,2,1,3,1,0
112,1,公立,技專校院,0051,國立臺北商業大學,博士班,男,7,1,0,0,0,0,0,0,0,0,1,0,0,1,0,0
112,1,公立,技專校院,0051,國立臺北商業大學,碩士班(日間),女,195,10,2,2,0,0,0,0,0,0,8,0,0,3,5,0
112,1,公立,技專校院,0051,國立臺北商業大學,碩士在職專班,女,78,4,0,0,0,0,0,0,0,0,4,0,0,1,3,0
112,2,公立,一般大學,0052,國立屏東大學,學士班(日間),男,2918,31,13,12,0,0,0,0,1,0,18,0,0,9,9,0
112,2,公立,一般大學,0052,國立屏東大學,學士班(進修),男,315,20,3,3,0,0,0,0,0,0,17,0,0,10,7,0
112,2,公立,一般大學,0052,國立屏東大學,博士班,男,23,3,0,0,0,0,0,0,0,0,3,0,0,1,2,0
112,2,公立,一般大學,0052,國立屏東大學,碩士班(日間),女,590,17,7,2,0,1,0,0,4,0,10,3,0,2,5,0
112,2,公立,一般大學,0052,國立屏東大學,碩士在職專班,女,499,21,5,4,0,0,0,0,1,0,16,2,0,7,7,0
112,2,公立,一般大學,0052,國立屏東大學,學士班(日間),女,3644,45,25,23,0,0,0,1,1,0,20,0,0,8,12,0
112,2,公立,一般大學,0052,國立屏東大學,學士班(進修),女,319,14,4,4,0,0,0,0,0,0,10,0,0,6,4,0
112,2,公立,一般大學,0052,國立屏東大學,博士班,女,23,1,1,0,0,0,0,0,1,0,0,0,0,0,0,0
112,2,公立,一般大學,0052,國立屏東大學,碩士班(日間),男,330,16,1,0,0,0,0,0,1,0,15,1,0,4,10,0
112,2,公立,一般大學,0052,國立屏東大學,碩士在職專班,男,198,13,1,0,0,0,0,0,1,0,12,0,0,8,4,0
112,1,公立,一般大學,0052,國立屏東大學,學士班(日間),女,3644,87,50,48,0,0,0,1,1,0,37,1,0,11,25,0
112,1,公立,一般大學,0052,國立屏東大學,學士班(進修),女,319,18,10,9,0,0,0,0,1,0,8,0,0,2,6,0
112,1,公立,一般大學,0052,國立屏東大學,學士班(進修),男,315,26,10,8,0,0,0,0,2,0,16,0,0,8,8,0
112,1,公立,一般大學,0052,國立屏東大學,博士班,女,23,0,0,0,0,0,0,0,0,0,0,0,0,0,0,0
112,1,公立,一般大學,0052,國立屏東大學,碩士班(日間),男,330,27,7,5,0,0,0,0,2,0,20,3,0,6,11,0
112,1,公立,一般大學,0052,國立屏東大學,碩士在職專班,男,198,17,3,0,0,0,2,0,1,0,14,0,0,7,7,0
112,1,公立,一般大學,0052,國立屏東大學,學士班(日間),男,2918,85,45,40,0,0,3,0,2,0,40,6,0,13,21,0
112,1,公立,一般大學,0052,國立屏東大學,博士班,男,23,3,2,0,0,0,2,0,0,0,1,0,0,1,0,0
112,1,公立,一般大學,0052,國立屏東大學,碩士班(日間),女,590,45,5,2,0,0,0,0,3,0,40,8,0,3,29,0
112,1,公立,一般大學,0052,國立屏東大學,碩士在職專班,女,499,32,7,2,0,0,1,0,2,2,25,3,0,8,14,0
112,2,公立,技專校院,0053,國立高雄科技大學,學士班(日間),女,6713,64,20,15,0,0,2,0,3,0,44,22,0,5,17,0
112,2,公立,技專校院,0053,國立高雄科技大學,學士班(日間),男,11212,175,47,38,0,0,2,1,6,0,128,49,0,20,59,0
112,2,公立,技專校院,0053,國立高雄科技大學,五專,女,169,2,0,0,0,0,0,0,0,0,2,2,0,0,0,0
112,2,公立,技專校院,0053,國立高雄科技大學,五專,男,705,17,6,5,0,0,0,0,1,0,11,5,0,1,5,0
112,2,公立,技專校院,0053,國立高雄科技大學,博士班,女,146,9,2,1,0,0,0,0,1,0,7,1,0,2,4,0
112,2,公立,技專校院,0053,國立高雄科技大學,碩士班(日間),男,1733,62,18,12,0,0,0,0,6,0,44,7,0,12,25,0
112,2,公立,技專校院,0053,國立高雄科技大學,學士班(進修),女,1286,46,13,11,0,0,0,0,2,0,33,1,0,17,15,0
112,2,公立,技專校院,0053,國立高雄科技大學,學士班(進修),男,2583,135,32,24,0,0,1,0,7,0,103,11,0,34,58,0
112,2,公立,技專校院,0053,國立高雄科技大學,博士班,男,418,29,8,5,0,0,0,0,3,0,21,5,0,6,10,0
112,2,公立,技專校院,0053,國立高雄科技大學,碩士班(日間),女,875,33,14,9,0,0,0,0,5,0,19,5,0,3,11,0
112,2,公立,技專校院,0053,國立高雄科技大學,碩士在職專班,女,731,26,9,4,1,1,0,0,3,0,17,1,0,8,8,0
112,2,公立,技專校院,0053,國立高雄科技大學,碩士在職專班,男,1212,65,15,7,0,0,0,1,7,0,50,7,0,21,22,0
112,1,公立,技專校院,0053,國立高雄科技大學,學士班(日間),男,11212,237,113,97,0,0,2,0,14,0,124,29,0,16,79,0
112,1,公立,技專校院,0053,國立高雄科技大學,學士班(進修),男,2583,163,81,58,0,0,2,1,20,0,82,5,0,37,40,0
112,1,公立,技專校院,0053,國立高雄科技大學,博士班,男,418,20,11,2,0,0,0,2,7,0,9,1,0,4,4,0
112,1,公立,技專校院,0053,國立高雄科技大學,碩士班(日間),女,875,57,23,4,0,1,1,7,10,0,34,0,0,17,17,0
112,1,公立,技專校院,0053,國立高雄科技大學,碩士在職專班,女,731,54,15,3,0,1,0,1,10,0,39,4,0,20,15,0
112,1,公立,技專校院,0053,國立高雄科技大學,學士班(日間),女,6713,136,80,74,0,0,1,1,4,0,56,10,0,8,38,0
112,1,公立,技專校院,0053,國立高雄科技大學,學士班(進修),女,1286,67,30,21,0,1,1,1,6,0,37,3,0,18,16,0
112,1,公立,技專校院,0053,國立高雄科技大學,五專,女,169,5,4,4,0,0,0,0,0,0,1,1,0,0,0,0
112,1,公立,技專校院,0053,國立高雄科技大學,五專,男,705,13,7,7,0,0,0,0,0,0,6,2,0,0,4,0
112,1,公立,技專校院,0053,國立高雄科技大學,博士班,女,146,2,1,0,0,0,0,0,1,0,1,0,0,0,1,0
112,1,公立,技專校院,0053,國立高雄科技大學,碩士班(日間),男,1733,92,33,16,0,0,1,3,13,0,59,3,0,21,35,0
112,1,公立,技專校院,0053,國立高雄科技大學,碩士在職專班,男,1212,129,43,10,0,0,0,1,32,0,86,3,0,42,41,0
112,2,公立,技專校院,0144,國立臺灣戲曲學院,學士班(日間),男,189,6,1,0,0,0,0,0,1,0,5,0,0,3,2,0
112,2,公立,技專校院,0144,國立臺灣戲曲學院,學士班(日間),女,312,4,3,3,0,0,0,0,0,0,1,0,0,0,1,0
112,1,公立,技專校院,0144,國立臺灣戲曲學院,學士班(日間),女,312,16,2,2,0,0,0,0,0,0,14,0,3,4,7,0
112,1,公立,技專校院,0144,國立臺灣戲曲學院,學士班(日間),男,189,18,4,4,0,0,0,0,0,0,14,0,3,3,8,0
112,2,公立,技專校院,0221,國立臺南護理專科學校,二專(進修),女,33,2,0,0,0,0,0,0,0,0,2,0,0,0,2,0
112,2,公立,技專校院,0221,國立臺南護理專科學校,五專,男,195,3,2,2,0,0,0,0,0,0,1,0,0,1,0,0
112,2,公立,技專校院,0221,國立臺南護理專科學校,二專(日間),女,63,4,2,2,0,0,0,0,0,0,2,0,2,0,0,0
112,2,公立,技專校院,0221,國立臺南護理專科學校,二專(日間),男,4,0,0,0,0,0,0,0,0,0,0,0,0,0,0,0
112,2,公立,技專校院,0221,國立臺南護理專科學校,二專(進修),男,5,2,0,0,0,0,0,0,0,0,2,0,0,2,0,0
112,2,公立,技專校院,0221,國立臺南護理專科學校,五專,女,1683,22,15,15,0,0,0,0,0,0,7,0,0,1,6,0
112,1,公立,技專校院,0221,國立臺南護理專科學校,二專(日間),女,63,3,0,0,0,0,0,0,0,0,3,0,0,1,2,0
112,1,公立,技專校院,0221,國立臺南護理專科學校,二專(日間),男,4,0,0,0,0,0,0,0,0,0,0,0,0,0,0,0
112,1,公立,技專校院,0221,國立臺南護理專科學校,二專(進修),女,33,1,0,0,0,0,0,0,0,0,1,0,0,0,1,0
112,1,公立,技專校院,0221,國立臺南護理專科學校,二專(進修),男,5,1,0,0,0,0,0,0,0,0,1,0,1,0,0,0
112,1,公立,技專校院,0221,國立臺南護理專科學校,五專,女,1683,21,12,12,0,0,0,0,0,0,9,0,3,0,6,0
112,1,公立,技專校院,0221,國立臺南護理專科學校,五專,男,195,8,6,6,0,0,0,0,0,0,2,1,0,0,1,0
112,2,公立,技專校院,0222,國立臺東專科學校,二專(進修),女,42,1,0,0,0,0,0,0,0,0,1,1,0,0,0,0
112,2,公立,技專校院,0222,國立臺東專科學校,五專,女,85,6,2,2,0,0,0,0,0,0,4,0,1,0,3,0
112,2,公立,技專校院,0222,國立臺東專科學校,二專(日間),女,109,3,0,0,0,0,0,0,0,0,3,0,0,0,3,0
112,2,公立,技專校院,0222,國立臺東專科學校,二專(日間),男,303,12,0,0,0,0,0,0,0,0,12,5,3,0,4,0
112,2,公立,技專校院,0222,國立臺東專科學校,二專(進修),男,45,0,0,0,0,0,0,0,0,0,0,0,0,0,0,0
112,2,公立,技專校院,0222,國立臺東專科學校,五專,男,102,6,1,1,0,0,0,0,0,0,5,1,0,2,2,0
112,1,公立,技專校院,0222,國立臺東專科學校,二專(日間),女,109,13,8,7,0,0,0,0,1,0,5,0,0,1,4,0
112,1,公立,技專校院,0222,國立臺東專科學校,二專(日間),男,303,38,18,15,0,0,0,0,3,0,20,1,0,7,12,0
112,1,公立,技專校院,0222,國立臺東專科學校,二專(進修),男,45,9,2,1,0,0,1,0,0,0,7,3,0,1,3,0
112,1,公立,技專校院,0222,國立臺東專科學校,五專,女,85,13,3,2,0,0,0,0,1,0,10,2,0,3,5,0
112,1,公立,技專校院,0222,國立臺東專科學校,五專,男,102,8,2,2,0,0,0,0,0,0,6,1,0,1,4,0
112,1,公立,技專校院,0222,國立臺東專科學校,二專(進修),女,42,1,1,0,0,0,1,0,0,0,0,0,0,0,0,0
112,2,私立,一般大學,1001,東海大學,學士班(日間),女,7055,88,47,45,0,0,0,0,1,1,41,4,0,1,36,0
112,2,私立,一般大學,1001,東海大學,學士班(日間),男,5896,102,44,38,0,0,0,1,4,1,58,7,0,0,51,0
112,2,私立,一般大學,1001,東海大學,博士班,女,101,4,2,0,0,0,1,0,1,0,2,1,0,0,1,0
112,2,私立,一般大學,1001,東海大學,碩士在職專班,男,355,16,4,1,0,0,0,0,1,2,12,3,0,0,9,0
112,2,私立,一般大學,1001,東海大學,學士班(進修),女,143,4,1,0,0,0,1,0,0,0,3,0,0,0,3,0
112,2,私立,一般大學,1001,東海大學,學士班(進修),男,107,7,2,1,0,0,0,0,1,0,5,1,0,0,4,0
112,2,私立,一般大學,1001,東海大學,博士班,男,148,7,0,0,0,0,0,0,0,0,7,3,0,1,3,0
112,2,私立,一般大學,1001,東海大學,碩士班(日間),女,692,41,13,3,0,1,0,0,8,1,28,6,0,0,22,0
112,2,私立,一般大學,1001,東海大學,碩士班(日間),男,687,39,10,5,0,0,0,0,2,3,29,11,0,2,16,0
112,2,私立,一般大學,1001,東海大學,碩士在職專班,女,398,9,4,1,0,0,1,0,2,0,5,0,0,1,4,0
112,1,私立,一般大學,1001,東海大學,學士班(進修),女,143,9,3,3,0,0,0,0,0,0,6,0,0,0,6,0
112,1,私立,一般大學,1001,東海大學,博士班,男,148,8,0,0,0,0,0,0,0,0,8,0,0,0,8,0
112,1,私立,一般大學,1001,東海大學,碩士班(日間),女,692,32,9,5,0,0,0,0,4,0,23,0,0,0,23,0
112,1,私立,一般大學,1001,東海大學,碩士班(日間),男,687,33,5,3,0,0,0,0,2,0,28,3,0,0,25,0
112,1,私立,一般大學,1001,東海大學,碩士在職專班,女,398,23,5,1,0,0,2,0,2,0,18,0,0,0,18,0
112,1,私立,一般大學,1001,東海大學,學士班(日間),女,7055,213,156,149,0,0,3,0,2,2,57,1,0,0,56,0
112,1,私立,一般大學,1001,東海大學,學士班(日間),男,5896,210,141,134,0,0,2,1,2,2,69,2,1,0,66,0
112,1,私立,一般大學,1001,東海大學,學士班(進修),男,107,17,3,2,0,0,0,0,1,0,14,0,0,0,14,0
112,1,私立,一般大學,1001,東海大學,博士班,女,101,6,1,1,0,0,0,0,0,0,5,0,0,0,5,0
112,1,私立,一般大學,1001,東海大學,碩士在職專班,男,355,48,3,1,0,0,0,0,2,0,45,0,0,0,45,0
112,2,私立,一般大學,1002,輔仁大學,學士班(日間),女,10716,114,48,43,0,0,0,1,1,3,66,3,0,28,35,0
112,2,私立,一般大學,1002,輔仁大學,學士班(日間),男,7332,122,49,47,0,0,0,0,2,0,73,11,0,32,30,0
112,2,私立,一般大學,1002,輔仁大學,博士班,男,235,7,2,1,0,0,0,0,1,0,5,1,0,1,3,0
112,2,私立,一般大學,1002,輔仁大學,學士班(進修),女,2218,81,14,10,0,0,0,0,2,2,67,3,0,34,30,0
112,2,私立,一般大學,1002,輔仁大學,學士班(進修),男,1501,89,18,15,0,0,0,0,3,0,71,7,0,38,26,0
112,2,私立,一般大學,1002,輔仁大學,博士班,女,193,9,0,0,0,0,0,0,0,0,9,4,0,1,4,0
112,2,私立,一般大學,1002,輔仁大學,碩士班(日間),女,1193,59,12,10,0,0,0,0,2,0,47,10,0,8,29,0
112,2,私立,一般大學,1002,輔仁大學,碩士班(日間),男,746,34,4,3,0,0,0,0,1,0,30,5,0,11,14,0
112,2,私立,一般大學,1002,輔仁大學,碩士在職專班,女,914,46,1,1,0,0,0,0,0,0,45,8,0,13,24,0
112,2,私立,一般大學,1002,輔仁大學,碩士在職專班,男,584,28,1,0,0,0,0,0,1,0,27,5,0,11,11,0
112,1,私立,一般大學,1002,輔仁大學,學士班(進修),女,2218,185,78,71,0,0,0,0,6,1,107,2,0,48,57,0
112,1,私立,一般大學,1002,輔仁大學,學士班(進修),男,1501,142,63,54,0,0,0,0,4,5,79,1,0,41,37,0
112,1,私立,一般大學,1002,輔仁大學,博士班,女,193,6,0,0,0,0,0,0,0,0,6,1,0,1,4,0
112,1,私立,一般大學,1002,輔仁大學,博士班,男,235,1,0,0,0,0,0,0,0,0,1,0,0,0,1,0
112,1,私立,一般大學,1002,輔仁大學,碩士班(日間),女,1193,52,14,10,0,0,0,0,2,2,38,1,0,3,34,0
112,1,私立,一般大學,1002,輔仁大學,碩士在職專班,女,914,51,2,1,0,0,0,0,0,1,49,3,0,5,41,0
112,1,私立,一般大學,1002,輔仁大學,碩士在職專班,男,584,35,5,2,0,0,0,0,1,2,30,0,0,6,24,0
112,1,私立,一般大學,1002,輔仁大學,學士班(日間),女,10716,258,124,120,0,0,0,0,2,2,134,3,0,33,98,0
112,1,私立,一般大學,1002,輔仁大學,學士班(日間),男,7332,237,98,92,0,0,0,1,4,1,139,5,0,46,88,0
112,1,私立,一般大學,1002,輔仁大學,碩士班(日間),男,746,51,14,6,0,0,0,0,6,2,37,4,0,5,28,0
112,2,私立,一般大學,1003,東吳大學,學士班(日間),女,7179,55,28,25,0,0,1,0,2,0,27,2,0,11,14,0
112,2,私立,一般大學,1003,東吳大學,學士班(日間),男,4730,67,23,22,0,0,0,0,0,1,44,9,0,17,18,0
112,2,私立,一般大學,1003,東吳大學,學士班(進修),女,374,13,3,3,0,0,0,0,0,0,10,1,0,5,4,0
112,2,私立,一般大學,1003,東吳大學,博士班,女,50,5,0,0,0,0,0,0,0,0,5,5,0,0,0,0
112,2,私立,一般大學,1003,東吳大學,博士班,男,63,6,0,0,0,0,0,0,0,0,6,5,0,1,0,0
112,2,私立,一般大學,1003,東吳大學,學士班(進修),男,227,16,3,3,0,0,0,0,0,0,13,1,0,7,5,0
112,2,私立,一般大學,1003,東吳大學,碩士班(日間),女,717,16,1,1,0,0,0,0,0,0,15,6,0,7,2,0
112,2,私立,一般大學,1003,東吳大學,碩士班(日間),男,590,25,0,0,0,0,0,0,0,0,25,10,0,5,10,0
112,2,私立,一般大學,1003,東吳大學,碩士在職專班,女,684,24,1,1,0,0,0,0,0,0,23,10,0,7,6,0
112,2,私立,一般大學,1003,東吳大學,碩士在職專班,男,595,37,0,0,0,0,0,0,0,0,37,14,0,10,13,0
112,1,私立,一般大學,1003,東吳大學,學士班(日間),男,4730,133,46,45,0,0,1,0,0,0,87,2,0,26,59,0
112,1,私立,一般大學,1003,東吳大學,學士班(進修),女,374,22,3,3,0,0,0,0,0,0,19,1,0,6,12,0
112,1,私立,一般大學,1003,東吳大學,學士班(進修),男,227,21,5,5,0,0,0,0,0,0,16,0,0,5,11,0
112,1,私立,一般大學,1003,東吳大學,博士班,男,63,1,0,0,0,0,0,0,0,0,1,0,0,0,1,0
112,1,私立,一般大學,1003,東吳大學,碩士班(日間),女,717,25,2,0,0,0,0,0,2,0,23,3,0,3,17,0
112,1,私立,一般大學,1003,東吳大學,碩士在職專班,女,684,28,2,2,0,0,0,0,0,0,26,2,0,4,20,0
112,1,私立,一般大學,1003,東吳大學,學士班(日間),女,7179,155,68,64,0,0,0,1,2,1,87,1,0,13,73,0
112,1,私立,一般大學,1003,東吳大學,博士班,女,50,0,0,0,0,0,0,0,0,0,0,0,0,0,0,0
112,1,私立,一般大學,1003,東吳大學,碩士班(日間),男,590,25,1,0,0,0,0,0,1,0,24,2,0,8,14,0
112,1,私立,一般大學,1003,東吳大學,碩士在職專班,男,595,32,2,1,0,0,0,0,1,0,30,3,0,6,21,0
112,2,私立,一般大學,1004,中原大學,學士班(日間),男,7135,162,44,34,0,0,0,4,6,0,118,28,0,21,69,0
112,2,私立,一般大學,1004,中原大學,博士班,女,122,10,1,1,0,0,0,0,0,0,9,1,0,3,5,0
112,2,私立,一般大學,1004,中原大學,碩士班(日間),女,736,39,6,3,0,0,0,0,3,0,33,9,0,6,18,0
112,2,私立,一般大學,1004,中原大學,碩士在職專班,女,377,18,1,1,0,0,0,0,0,0,17,0,0,3,14,0
112,2,私立,一般大學,1004,中原大學,學士班(日間),女,6597,101,51,49,0,0,0,1,1,0,50,9,0,10,31,0
112,2,私立,一般大學,1004,中原大學,博士班,男,210,17,1,0,0,0,0,0,1,0,16,2,0,6,8,0
112,2,私立,一般大學,1004,中原大學,碩士班(日間),男,932,33,3,2,0,0,0,1,0,0,30,7,0,4,19,0
112,2,私立,一般大學,1004,中原大學,碩士在職專班,男,587,38,5,0,0,0,0,0,5,0,33,6,0,10,17,0
112,1,私立,一般大學,1004,中原大學,學士班(日間),女,6597,136,88,83,1,0,1,1,2,0,48,1,0,14,33,0
112,1,私立,一般大學,1004,中原大學,博士班,男,210,14,4,3,0,0,0,0,1,0,10,1,0,4,5,0
112,1,私立,一般大學,1004,中原大學,碩士班(日間),男,932,39,12,2,0,0,1,0,9,0,27,3,0,4,20,0
112,1,私立,一般大學,1004,中原大學,碩士在職專班,男,587,40,4,0,0,0,1,0,3,0,36,0,0,8,28,0
112,1,私立,一般大學,1004,中原大學,學士班(日間),男,7135,194,93,84,0,0,2,2,5,0,101,7,0,20,74,0
112,1,私立,一般大學,1004,中原大學,博士班,女,122,6,3,2,0,0,1,0,0,0,3,1,0,2,0,0
112,1,私立,一般大學,1004,中原大學,碩士班(日間),女,736,30,13,1,0,0,0,2,10,0,17,1,0,1,15,0
112,1,私立,一般大學,1004,中原大學,碩士在職專班,女,377,10,1,0,0,0,0,0,1,0,9,3,0,1,5,0
112,2,私立,一般大學,1005,淡江大學學校財團法人淡江大學,學士班(日間),女,9040,140,83,78,0,0,2,0,3,0,57,3,0,0,54,0
112,2,私立,一般大學,1005,淡江大學學校財團法人淡江大學,學士班(進修),女,324,15,6,5,0,0,0,0,1,0,9,1,0,0,8,0
112,2,私立,一般大學,1005,淡江大學學校財團法人淡江大學,博士班,女,122,4,0,0,0,0,0,0,0,0,4,1,0,0,3,0
112,2,私立,一般大學,1005,淡江大學學校財團法人淡江大學,博士班,男,229,16,2,1,0,0,0,0,0,1,14,1,0,0,13,0
112,2,私立,一般大學,1005,淡江大學學校財團法人淡江大學,碩士班(日間),女,654,26,2,1,0,0,0,0,1,0,24,1,0,0,23,0
112,2,私立,一般大學,1005,淡江大學學校財團法人淡江大學,碩士班(日間),男,765,19,6,2,0,0,0,0,4,0,13,0,0,0,13,0
112,2,私立,一般大學,1005,淡江大學學校財團法人淡江大學,碩士在職專班,男,309,16,0,0,0,0,0,0,0,0,16,1,0,0,15,0
112,2,私立,一般大學,1005,淡江大學學校財團法人淡江大學,學士班(日間),男,10426,208,110,105,0,0,1,0,4,0,98,4,0,0,94,0
112,2,私立,一般大學,1005,淡江大學學校財團法人淡江大學,學士班(進修),男,492,35,7,7,0,0,0,0,0,0,28,0,0,0,28,0
112,2,私立,一般大學,1005,淡江大學學校財團法人淡江大學,碩士在職專班,女,313,10,0,0,0,0,0,0,0,0,10,0,0,0,10,0
112,1,私立,一般大學,1005,淡江大學學校財團法人淡江大學,學士班(日間),女,9040,264,178,173,0,0,1,1,0,3,86,11,0,0,75,0
112,1,私立,一般大學,1005,淡江大學學校財團法人淡江大學,學士班(日間),男,10426,416,265,255,0,0,2,0,3,5,151,14,0,0,137,0
112,1,私立,一般大學,1005,淡江大學學校財團法人淡江大學,學士班(進修),男,492,69,38,35,0,0,0,0,3,0,31,3,0,0,28,0
112,1,私立,一般大學,1005,淡江大學學校財團法人淡江大學,博士班,男,229,19,2,0,0,0,2,0,0,0,17,6,0,0,11,0
112,1,私立,一般大學,1005,淡江大學學校財團法人淡江大學,學士班(進修),女,324,47,34,30,0,0,2,1,1,0,13,2,0,0,11,0
112,1,私立,一般大學,1005,淡江大學學校財團法人淡江大學,博士班,女,122,9,1,1,0,0,0,0,0,0,8,3,0,0,5,0
112,1,私立,一般大學,1005,淡江大學學校財團法人淡江大學,碩士班(日間),女,654,27,4,1,0,0,0,0,2,1,23,1,0,0,22,0
112,1,私立,一般大學,1005,淡江大學學校財團法人淡江大學,碩士班(日間),男,765,38,5,3,0,0,0,1,1,0,33,6,0,0,27,0
112,1,私立,一般大學,1005,淡江大學學校財團法人淡江大學,碩士在職專班,女,313,20,4,2,0,0,1,0,1,0,16,5,0,0,11,0
112,1,私立,一般大學,1005,淡江大學學校財團法人淡江大學,碩士在職專班,男,309,24,1,0,0,0,1,0,0,0,23,6,0,0,17,0
112,2,私立,一般大學,1006,中國文化大學,學士班(進修),男,496,96,3,3,0,0,0,0,0,0,93,2,0,0,91,0
112,2,私立,一般大學,1006,中國文化大學,博士班,男,298,20,0,0,0,0,0,0,0,0,20,16,0,3,1,0
112,2,私立,一般大學,1006,中國文化大學,碩士班(日間),女,731,42,4,2,0,0,0,0,2,0,38,24,0,6,8,0
112,2,私立,一般大學,1006,中國文化大學,碩士在職專班,女,364,33,0,0,0,0,0,0,0,0,33,17,0,0,16,0
112,2,私立,一般大學,1006,中國文化大學,碩士在職專班,男,201,21,1,0,0,0,0,0,0,1,20,11,0,0,9,0
112,2,私立,一般大學,1006,中國文化大學,學士班(日間),女,7679,201,71,66,1,0,1,0,3,0,130,22,0,46,61,1
112,2,私立,一般大學,1006,中國文化大學,學士班(日間),男,8296,327,107,100,0,0,1,2,4,0,220,29,0,96,95,0
112,2,私立,一般大學,1006,中國文化大學,學士班(進修),女,818,108,7,5,0,0,0,0,1,1,101,0,0,0,101,0
112,2,私立,一般大學,1006,中國文化大學,博士班,女,196,14,1,0,0,0,0,0,1,0,13,10,0,0,3,0
112,2,私立,一般大學,1006,中國文化大學,碩士班(日間),男,787,56,6,2,0,0,0,1,3,0,50,43,0,4,3,0
112,1,私立,一般大學,1006,中國文化大學,學士班(日間),女,7679,447,291,281,0,0,2,4,3,1,156,5,0,70,81,0
112,1,私立,一般大學,1006,中國文化大學,博士班,女,196,2,0,0,0,0,0,0,0,0,2,1,0,0,1,0
112,1,私立,一般大學,1006,中國文化大學,碩士班(日間),男,787,41,3,3,0,0,0,0,0,0,38,19,0,4,15,0
112,1,私立,一般大學,1006,中國文化大學,碩士在職專班,男,201,17,0,0,0,0,0,0,0,0,17,6,0,0,11,0
112,1,私立,一般大學,1006,中國文化大學,學士班(日間),男,8296,531,277,259,0,1,0,5,10,2,254,10,0,128,116,0
112,1,私立,一般大學,1006,中國文化大學,學士班(進修),女,818,122,23,21,0,0,0,0,2,0,99,0,0,0,99,0
112,1,私立,一般大學,1006,中國文化大學,學士班(進修),男,496,121,21,14,0,0,1,0,5,1,100,0,0,0,100,0
112,1,私立,一般大學,1006,中國文化大學,博士班,男,298,9,2,1,0,0,0,1,0,0,7,2,0,1,4,0
112,1,私立,一般大學,1006,中國文化大學,碩士班(日間),女,731,35,6,3,0,0,1,0,2,0,29,4,0,2,23,0
112,1,私立,一般大學,1006,中國文化大學,碩士在職專班,女,364,30,2,1,0,0,0,0,0,1,28,3,0,0,25,0
112,2,私立,一般大學,1007,逢甲大學,學士班(日間),女,7280,58,21,18,0,0,1,0,2,0,37,6,0,27,4,0
112,2,私立,一般大學,1007,逢甲大學,學士班(日間),男,10092,148,41,41,0,0,0,0,0,0,107,33,0,66,8,0
112,2,私立,一般大學,1007,逢甲大學,學士班(進修),男,471,32,6,4,0,1,1,0,0,0,26,2,0,24,0,0
112,2,私立,一般大學,1007,逢甲大學,碩士在職專班,男,711,33,2,0,0,0,1,0,1,0,31,6,0,19,6,0
112,2,私立,一般大學,1007,逢甲大學,學士班(進修),女,305,23,5,4,0,0,0,0,1,0,18,2,0,15,1,0
112,2,私立,一般大學,1007,逢甲大學,博士班,女,126,2,0,0,0,0,0,0,0,0,2,1,0,1,0,0
112,2,私立,一般大學,1007,逢甲大學,博士班,男,278,15,2,0,0,0,0,0,2,0,13,1,0,8,4,0
112,2,私立,一般大學,1007,逢甲大學,碩士班(日間),女,591,21,4,3,0,0,0,0,1,0,17,1,0,13,3,0
112,2,私立,一般大學,1007,逢甲大學,碩士班(日間),男,1123,31,3,2,0,0,1,0,0,0,28,5,0,16,7,0
112,2,私立,一般大學,1007,逢甲大學,碩士在職專班,女,464,13,1,1,0,0,0,0,0,0,12,1,0,8,3,0
112,1,私立,一般大學,1007,逢甲大學,學士班(日間),女,7280,174,103,101,0,0,1,0,1,0,71,1,0,62,8,0
112,1,私立,一般大學,1007,逢甲大學,學士班(進修),女,305,38,14,14,0,0,0,0,0,0,24,1,0,20,3,0
112,1,私立,一般大學,1007,逢甲大學,博士班,女,126,1,0,0,0,0,0,0,0,0,1,0,0,1,0,0
112,1,私立,一般大學,1007,逢甲大學,博士班,男,278,8,1,0,0,0,1,0,0,0,7,2,0,4,1,0
112,1,私立,一般大學,1007,逢甲大學,碩士班(日間),男,1123,49,12,5,0,0,1,0,6,0,37,1,0,33,3,0
112,1,私立,一般大學,1007,逢甲大學,學士班(日間),男,10092,315,135,127,0,0,2,2,4,0,180,4,0,164,12,0
112,1,私立,一般大學,1007,逢甲大學,學士班(進修),男,471,59,23,22,0,0,0,0,1,0,36,1,0,35,0,0
112,1,私立,一般大學,1007,逢甲大學,碩士班(日間),女,591,31,4,2,0,0,0,0,2,0,27,1,0,25,1,0
112,1,私立,一般大學,1007,逢甲大學,碩士在職專班,女,464,22,3,0,0,0,0,0,3,0,19,2,0,12,5,0
112,1,私立,一般大學,1007,逢甲大學,碩士在職專班,男,711,41,4,0,0,0,2,0,2,0,37,2,0,31,4,0
112,2,私立,一般大學,1008,靜宜大學,碩士班(日間),女,430,13,8,4,0,0,1,0,3,0,5,0,0,2,3,0
112,2,私立,一般大學,1008,靜宜大學,碩士班(日間),男,248,14,3,0,0,0,0,1,2,0,11,1,0,3,7,0
112,2,私立,一般大學,1008,靜宜大學,碩士在職專班,女,234,6,0,0,0,0,0,0,0,0,6,0,0,1,5,0
112,2,私立,一般大學,1008,靜宜大學,碩士在職專班,男,142,4,1,0,0,0,0,0,1,0,3,0,0,1,2,0
112,2,私立,一般大學,1008,靜宜大學,學士班(日間),女,5979,119,55,51,0,0,3,0,1,0,64,1,0,11,52,0
112,2,私立,一般大學,1008,靜宜大學,學士班(日間),男,3893,125,64,57,0,0,1,1,5,0,61,4,0,18,39,0
112,2,私立,一般大學,1008,靜宜大學,博士班,女,36,0,0,0,0,0,0,0,0,0,0,0,0,0,0,0
112,2,私立,一般大學,1008,靜宜大學,博士班,男,25,0,0,0,0,0,0,0,0,0,0,0,0,0,0,0
112,1,私立,一般大學,1008,靜宜大學,學士班(日間),女,5979,294,219,216,0,0,1,0,2,0,75,12,0,13,50,0
112,1,私立,一般大學,1008,靜宜大學,學士班(日間),男,3893,214,120,115,0,0,1,0,4,0,94,7,0,20,67,0
112,1,私立,一般大學,1008,靜宜大學,博士班,女,36,0,0,0,0,0,0,0,0,0,0,0,0,0,0,0
112,1,私立,一般大學,1008,靜宜大學,碩士班(日間),男,248,15,3,0,0,0,0,0,3,0,12,6,0,2,4,0
112,1,私立,一般大學,1008,靜宜大學,博士班,男,25,2,0,0,0,0,0,0,0,0,2,2,0,0,0,0
112,1,私立,一般大學,1008,靜宜大學,碩士班(日間),女,430,24,5,1,0,2,0,0,2,0,19,3,0,0,16,0
112,1,私立,一般大學,1008,靜宜大學,碩士在職專班,女,234,16,2,0,0,0,0,0,2,0,14,4,0,3,7,0
112,1,私立,一般大學,1008,靜宜大學,碩士在職專班,男,142,16,0,0,0,0,0,0,0,0,16,5,0,4,7,0
112,2,私立,一般大學,1009,長庚大學,學士班(日間),男,2491,25,15,15,0,0,0,0,0,0,10,5,0,1,4,0
112,2,私立,一般大學,1009,長庚大學,博士班,女,179,4,1,0,0,0,0,0,1,0,3,0,0,1,2,0
112,2,私立,一般大學,1009,長庚大學,碩士班(日間),女,647,22,5,1,0,0,0,0,2,2,17,1,0,5,11,0
112,2,私立,一般大學,1009,長庚大學,學士班(日間),女,2781,39,31,30,0,0,0,0,1,0,8,0,0,2,6,0
112,2,私立,一般大學,1009,長庚大學,博士班,男,275,5,0,0,0,0,0,0,0,0,5,3,0,1,1,0
112,2,私立,一般大學,1009,長庚大學,碩士班(日間),男,552,19,10,4,0,0,0,0,2,4,9,5,0,0,4,0
112,2,私立,一般大學,1009,長庚大學,碩士在職專班,女,88,2,2,0,0,0,0,0,2,0,0,0,0,0,0,0
112,2,私立,一般大學,1009,長庚大學,碩士在職專班,男,90,4,2,1,0,0,0,0,1,0,2,0,0,0,2,0
112,1,私立,一般大學,1009,長庚大學,學士班(日間),女,2781,79,59,55,0,0,1,1,2,0,20,1,0,3,16,0
112,1,私立,一般大學,1009,長庚大學,博士班,男,275,13,5,3,0,0,0,1,1,0,8,0,0,2,6,0
112,1,私立,一般大學,1009,長庚大學,碩士班(日間),男,552,22,8,6,0,0,1,0,1,0,14,1,0,1,12,0
112,1,私立,一般大學,1009,長庚大學,碩士在職專班,女,88,7,1,0,0,0,0,0,0,1,6,0,0,0,6,0
112,1,私立,一般大學,1009,長庚大學,碩士在職專班,男,90,13,0,0,0,0,0,0,0,0,13,0,0,1,12,0
112,1,私立,一般大學,1009,長庚大學,學士班(日間),男,2491,63,42,41,0,0,0,0,1,0,21,7,0,2,12,0
112,1,私立,一般大學,1009,長庚大學,博士班,女,179,7,1,0,0,0,1,0,0,0,6,1,0,2,3,0
112,1,私立,一般大學,1009,長庚大學,碩士班(日間),女,647,25,5,5,0,0,0,0,0,0,20,0,0,0,20,0
112,2,私立,一般大學,1010,元智大學,學士班(日間),男,4023,46,11,10,0,0,0,0,1,0,35,12,0,9,14,0
112,2,私立,一般大學,1010,元智大學,博士班,女,62,1,0,0,0,0,0,0,0,0,1,1,0,0,0,0
112,2,私立,一般大學,1010,元智大學,博士班,男,176,7,2,1,0,0,0,0,1,0,5,3,0,2,0,0
112,2,私立,一般大學,1010,元智大學,碩士班(日間),女,308,11,4,2,0,0,1,0,0,1,7,3,0,1,3,0
112,2,私立,一般大學,1010,元智大學,碩士在職專班,女,213,7,2,1,0,0,0,0,1,0,5,1,0,0,4,0
112,2,私立,一般大學,1010,元智大學,學士班(日間),女,3157,41,22,20,0,0,0,1,1,0,19,9,0,7,3,0
112,2,私立,一般大學,1010,元智大學,碩士班(日間),男,512,14,2,1,0,0,0,1,0,0,12,7,0,1,4,0
112,2,私立,一般大學,1010,元智大學,碩士在職專班,男,312,17,5,1,0,0,0,1,3,0,12,3,0,2,7,0
112,1,私立,一般大學,1010,元智大學,學士班(日間),女,3157,53,36,36,0,0,0,0,0,0,17,2,0,3,12,0
112,1,私立,一般大學,1010,元智大學,碩士班(日間),男,512,17,5,4,0,0,0,0,1,0,12,2,0,1,9,0
112,1,私立,一般大學,1010,元智大學,碩士在職專班,男,312,25,4,1,0,0,0,0,3,0,21,1,0,7,13,0
112,1,私立,一般大學,1010,元智大學,學士班(日間),男,4023,89,49,48,0,0,1,0,0,0,40,5,0,6,29,0
112,1,私立,一般大學,1010,元智大學,博士班,女,62,2,1,1,0,0,0,0,0,0,1,1,0,0,0,0
112,1,私立,一般大學,1010,元智大學,博士班,男,176,10,7,5,0,0,0,0,1,1,3,0,0,3,0,0
112,1,私立,一般大學,1010,元智大學,碩士班(日間),女,308,8,2,2,0,0,0,0,0,0,6,0,0,1,5,0
112,1,私立,一般大學,1010,元智大學,碩士在職專班,女,213,13,1,1,0,0,0,0,0,0,12,0,0,3,9,0
112,2,私立,一般大學,1011,中華大學學校財團法人中華大學,學士班(日間),女,965,29,18,15,0,0,0,0,3,0,11,0,0,5,6,0
112,2,私立,一般大學,1011,中華大學學校財團法人中華大學,學士班(日間),男,2134,93,64,51,0,0,1,3,8,1,29,1,0,11,17,0
112,2,私立,一般大學,1011,中華大學學校財團法人中華大學,博士班,女,18,1,0,0,0,0,0,0,0,0,1,0,0,0,1,0
112,2,私立,一般大學,1011,中華大學學校財團法人中華大學,碩士在職專班,男,90,11,5,0,0,0,1,0,4,0,6,0,0,0,6,0
112,2,私立,一般大學,1011,中華大學學校財團法人中華大學,學士班(進修),女,120,9,7,2,1,1,1,0,2,0,2,0,0,0,2,0
112,2,私立,一般大學,1011,中華大學學校財團法人中華大學,學士班(進修),男,208,14,5,2,0,0,0,1,2,0,9,0,0,1,8,0
112,2,私立,一般大學,1011,中華大學學校財團法人中華大學,博士班,男,40,3,1,0,0,0,0,0,1,0,2,1,0,1,0,0
112,2,私立,一般大學,1011,中華大學學校財團法人中華大學,碩士班(日間),女,101,6,1,0,0,0,0,0,1,0,5,1,0,2,2,0
112,2,私立,一般大學,1011,中華大學學校財團法人中華大學,碩士班(日間),男,187,8,1,0,0,0,0,0,1,0,7,1,0,2,4,0
112,2,私立,一般大學,1011,中華大學學校財團法人中華大學,碩士在職專班,女,35,4,2,0,0,0,0,0,1,1,2,0,0,1,1,0
112,1,私立,一般大學,1011,中華大學學校財團法人中華大學,學士班(進修),女,120,16,8,6,0,0,0,0,2,0,8,0,0,5,3,0
112,1,私立,一般大學,1011,中華大學學校財團法人中華大學,博士班,男,40,1,0,0,0,0,0,0,0,0,1,1,0,0,0,0
112,1,私立,一般大學,1011,中華大學學校財團法人中華大學,碩士班(日間),女,101,9,4,1,0,0,0,0,3,0,5,0,0,1,4,0
112,1,私立,一般大學,1011,中華大學學校財團法人中華大學,碩士班(日間),男,187,14,5,0,0,0,0,1,4,0,9,2,0,2,5,0
112,1,私立,一般大學,1011,中華大學學校財團法人中華大學,碩士在職專班,女,35,11,3,0,0,0,0,0,3,0,8,2,0,4,2,0
112,1,私立,一般大學,1011,中華大學學校財團法人中華大學,學士班(日間),女,965,79,57,52,0,0,0,0,5,0,22,2,0,8,12,0
112,1,私立,一般大學,1011,中華大學學校財團法人中華大學,學士班(日間),男,2134,167,116,103,0,0,0,7,5,1,51,5,0,21,25,0
112,1,私立,一般大學,1011,中華大學學校財團法人中華大學,學士班(進修),男,208,32,13,11,0,0,0,0,2,0,19,2,0,9,8,0
112,1,私立,一般大學,1011,中華大學學校財團法人中華大學,博士班,女,18,1,1,0,0,0,1,0,0,0,0,0,0,0,0,0
112,1,私立,一般大學,1011,中華大學學校財團法人中華大學,碩士在職專班,男,90,16,5,1,0,0,2,0,2,0,11,2,0,1,8,0
112,2,私立,一般大學,1012,大葉大學,學士班(日間),男,2046,54,10,10,0,0,0,0,0,0,44,6,0,14,24,0
112,2,私立,一般大學,1012,大葉大學,學士班(進修),男,139,11,1,0,0,0,0,0,1,0,10,0,0,2,8,0
112,2,私立,一般大學,1012,大葉大學,碩士班(日間),女,194,10,1,0,0,0,0,0,1,0,9,0,0,1,8,0
112,2,私立,一般大學,1012,大葉大學,碩士在職專班,女,75,3,1,0,0,0,0,0,1,0,2,0,0,0,2,0
112,2,私立,一般大學,1012,大葉大學,碩士在職專班,男,66,5,0,0,0,0,0,0,0,0,5,1,0,1,3,0
112,2,私立,一般大學,1012,大葉大學,學士班(日間),女,1608,28,8,8,0,0,0,0,0,0,20,4,0,6,10,0
112,2,私立,一般大學,1012,大葉大學,學士班(進修),女,114,3,0,0,0,0,0,0,0,0,3,0,0,0,3,0
112,2,私立,一般大學,1012,大葉大學,博士班,女,37,3,0,0,0,0,0,0,0,0,3,0,0,2,1,0
112,2,私立,一般大學,1012,大葉大學,博士班,男,76,5,0,0,0,0,0,0,0,0,5,1,0,1,3,0
112,2,私立,一般大學,1012,大葉大學,碩士班(日間),男,206,21,1,1,0,0,0,0,0,0,20,2,0,2,16,0
112,1,私立,一般大學,1012,大葉大學,學士班(日間),女,1608,116,76,70,0,0,0,1,4,1,40,2,0,5,33,0
112,1,私立,一般大學,1012,大葉大學,博士班,女,37,4,1,0,0,0,0,0,1,0,3,0,0,2,1,0
112,1,私立,一般大學,1012,大葉大學,碩士在職專班,男,66,7,0,0,0,0,0,0,0,0,7,0,0,2,5,0
112,1,私立,一般大學,1012,大葉大學,學士班(日間),男,2046,166,87,80,0,0,1,1,5,0,79,0,0,21,58,0
112,1,私立,一般大學,1012,大葉大學,學士班(進修),女,114,13,1,0,0,0,0,0,1,0,12,0,0,4,8,0
112,1,私立,一般大學,1012,大葉大學,學士班(進修),男,139,12,2,1,0,0,0,0,1,0,10,0,0,2,8,0
112,1,私立,一般大學,1012,大葉大學,博士班,男,76,6,1,0,0,0,0,0,1,0,5,0,0,2,3,0
112,1,私立,一般大學,1012,大葉大學,碩士班(日間),女,194,25,4,2,0,0,0,0,1,1,21,0,0,2,19,0
112,1,私立,一般大學,1012,大葉大學,碩士班(日間),男,206,23,1,0,0,0,0,0,1,0,22,0,0,5,17,0
112,1,私立,一般大學,1012,大葉大學,碩士在職專班,女,75,5,1,1,0,0,0,0,0,0,4,0,0,1,3,0
112,2,私立,一般大學,1013,華梵學校財團法人華梵大學,學士班(日間),女,287,21,15,4,0,0,0,0,0,11,6,0,0,1,5,0
112,2,私立,一般大學,1013,華梵學校財團法人華梵大學,博士班,女,35,1,0,0,0,0,0,0,0,0,1,1,0,0,0,0
112,2,私立,一般大學,1013,華梵學校財團法人華梵大學,博士班,男,29,1,0,0,0,0,0,0,0,0,1,0,0,0,1,0
112,2,私立,一般大學,1013,華梵學校財團法人華梵大學,碩士班(日間),男,79,10,6,4,0,0,0,0,0,2,4,1,0,1,2,0
112,2,私立,一般大學,1013,華梵學校財團法人華梵大學,學士班(日間),男,257,15,3,0,0,0,0,0,0,3,12,1,0,5,6,0
112,2,私立,一般大學,1013,華梵學校財團法人華梵大學,碩士班(日間),女,105,5,3,1,0,0,0,0,0,2,2,0,0,0,2,0
112,2,私立,一般大學,1013,華梵學校財團法人華梵大學,碩士在職專班,女,137,4,0,0,0,0,0,0,0,0,4,0,0,2,2,0
112,2,私立,一般大學,1013,華梵學校財團法人華梵大學,碩士在職專班,男,94,6,0,0,0,0,0,0,0,0,6,0,0,3,3,0
112,1,私立,一般大學,1013,華梵學校財團法人華梵大學,學士班(日間),男,257,27,13,8,0,0,0,0,0,5,14,0,1,6,7,0
112,1,私立,一般大學,1013,華梵學校財團法人華梵大學,博士班,男,29,2,0,0,0,0,0,0,0,0,2,1,0,1,0,0
112,1,私立,一般大學,1013,華梵學校財團法人華梵大學,碩士班(日間),女,105,7,2,2,0,0,0,0,0,0,5,1,0,0,4,0
112,1,私立,一般大學,1013,華梵學校財團法人華梵大學,碩士班(日間),男,79,3,0,0,0,0,0,0,0,0,3,0,0,2,1,0
112,1,私立,一般大學,1013,華梵學校財團法人華梵大學,碩士在職專班,女,137,12,4,2,0,0,0,0,0,2,8,0,0,1,7,0
112,1,私立,一般大學,1013,華梵學校財團法人華梵大學,碩士在職專班,男,94,9,3,0,0,0,0,0,0,3,6,1,0,4,1,0
112,1,私立,一般大學,1013,華梵學校財團法人華梵大學,學士班(日間),女,287,26,21,13,0,0,0,0,0,8,5,0,0,1,4,0
112,1,私立,一般大學,1013,華梵學校財團法人華梵大學,博士班,女,35,0,0,0,0,0,0,0,0,0,0,0,0,0,0,0
112,2,私立,一般大學,1014,義守大學,學士班(日間),女,5027,103,51,48,0,0,0,2,1,0,52,5,0,32,15,0
112,2,私立,一般大學,1014,義守大學,學士班(日間),男,5140,132,45,41,0,0,0,1,1,2,87,18,0,36,33,0
112,2,私立,一般大學,1014,義守大學,學士班(進修),男,491,20,4,1,0,0,0,1,2,0,16,4,0,10,2,0
112,2,私立,一般大學,1014,義守大學,學士班(進修),女,251,7,2,2,0,0,0,0,0,0,5,0,0,4,1,0
112,2,私立,一般大學,1014,義守大學,博士班,女,42,1,0,0,0,0,0,0,0,0,1,1,0,0,0,0
112,2,私立,一般大學,1014,義守大學,博士班,男,89,6,2,1,0,0,0,0,1,0,4,0,0,2,2,0
112,2,私立,一般大學,1014,義守大學,碩士班(日間),女,198,5,1,1,0,0,0,0,0,0,4,1,0,2,1,0
112,2,私立,一般大學,1014,義守大學,碩士班(日間),男,179,4,1,1,0,0,0,0,0,0,3,1,0,1,1,0
112,2,私立,一般大學,1014,義守大學,碩士在職專班,女,101,3,0,0,0,0,0,0,0,0,3,0,0,0,3,0
112,2,私立,一般大學,1014,義守大學,碩士在職專班,男,203,19,2,0,0,0,0,0,2,0,17,4,0,6,7,0
112,1,私立,一般大學,1014,義守大學,學士班(進修),女,251,23,14,13,0,0,0,0,0,1,9,0,0,5,4,0
112,1,私立,一般大學,1014,義守大學,博士班,女,42,2,0,0,0,0,0,0,0,0,2,0,0,1,1,0
112,1,私立,一般大學,1014,義守大學,碩士班(日間),女,198,13,2,1,0,0,0,0,1,0,11,0,0,8,3,0
112,1,私立,一般大學,1014,義守大學,碩士在職專班,女,101,7,3,1,0,0,0,0,2,0,4,0,0,1,3,0
112,1,私立,一般大學,1014,義守大學,碩士在職專班,男,203,18,2,1,0,0,0,0,1,0,16,0,0,8,8,0
112,1,私立,一般大學,1014,義守大學,學士班(日間),女,5027,251,167,159,0,0,2,0,3,3,84,0,0,46,37,1
112,1,私立,一般大學,1014,義守大學,學士班(日間),男,5140,291,178,164,0,0,1,2,10,1,113,3,0,52,58,0
112,1,私立,一般大學,1014,義守大學,學士班(進修),男,491,60,29,27,0,0,0,0,1,1,31,0,0,20,11,0
112,1,私立,一般大學,1014,義守大學,博士班,男,89,1,1,0,0,0,0,0,1,0,0,0,0,0,0,0
112,1,私立,一般大學,1014,義守大學,碩士班(日間),男,179,9,2,1,0,0,0,0,1,0,7,1,0,2,4,0
112,2,私立,一般大學,1015,世新大學,學士班(日間),女,5975,67,37,35,0,0,0,0,2,0,30,1,0,11,18,0
112,2,私立,一般大學,1015,世新大學,學士班(進修),女,438,45,11,11,0,0,0,0,0,0,34,0,0,2,32,0
112,2,私立,一般大學,1015,世新大學,博士班,男,39,3,0,0,0,0,0,0,0,0,3,1,0,0,2,0
112,2,私立,一般大學,1015,世新大學,碩士班(日間),男,208,10,2,0,0,0,0,0,2,0,8,1,0,1,6,0
112,2,私立,一般大學,1015,世新大學,碩士在職專班,男,274,31,0,0,0,0,0,0,0,0,31,14,0,4,13,0
112,2,私立,一般大學,1015,世新大學,學士班(日間),男,3175,50,14,13,0,0,0,1,0,0,36,3,0,7,26,0
112,2,私立,一般大學,1015,世新大學,學士班(進修),男,235,26,1,1,0,0,0,0,0,0,25,0,0,5,20,0
112,2,私立,一般大學,1015,世新大學,博士班,女,42,3,1,0,1,0,0,0,0,0,2,1,0,0,1,0
112,2,私立,一般大學,1015,世新大學,碩士班(日間),女,265,12,2,2,0,0,0,0,0,0,10,1,0,1,8,0
112,2,私立,一般大學,1015,世新大學,碩士在職專班,女,269,25,0,0,0,0,0,0,0,0,25,9,0,6,10,0
112,1,私立,一般大學,1015,世新大學,學士班(日間),男,3175,113,54,53,0,0,0,0,0,1,59,0,0,14,45,0
112,1,私立,一般大學,1015,世新大學,學士班(進修),男,235,21,15,14,0,0,0,0,0,1,6,0,0,4,2,0
112,1,私立,一般大學,1015,世新大學,學士班(日間),女,5975,164,102,97,0,0,2,0,3,0,62,0,0,10,52,0
112,1,私立,一般大學,1015,世新大學,學士班(進修),女,438,52,36,35,0,0,0,0,1,0,16,0,0,5,11,0
112,1,私立,一般大學,1015,世新大學,博士班,女,42,1,0,0,0,0,0,0,0,0,1,0,0,0,1,0
112,1,私立,一般大學,1015,世新大學,博士班,男,39,2,1,0,0,0,0,0,1,0,1,0,0,0,1,0
112,1,私立,一般大學,1015,世新大學,碩士班(日間),女,265,10,1,0,0,0,1,0,0,0,9,0,0,1,8,0
112,1,私立,一般大學,1015,世新大學,碩士班(日間),男,208,11,1,1,0,0,0,0,0,0,10,0,0,1,9,0
112,1,私立,一般大學,1015,世新大學,碩士在職專班,女,269,19,0,0,0,0,0,0,0,0,19,1,0,0,18,0
112,1,私立,一般大學,1015,世新大學,碩士在職專班,男,274,21,1,1,0,0,0,0,0,0,20,3,0,4,13,0
112,2,私立,一般大學,1016,銘傳大學,博士班,女,43,0,0,0,0,0,0,0,0,0,0,0,0,0,0,0
112,2,私立,一般大學,1016,銘傳大學,碩士班(日間),女,477,8,4,2,0,0,0,0,2,0,4,1,0,2,1,0
112,2,私立,一般大學,1016,銘傳大學,碩士在職專班,女,420,7,0,0,0,0,0,0,0,0,7,1,0,4,2,0
112,2,私立,一般大學,1016,銘傳大學,學士班(日間),女,9540,164,80,67,0,0,5,0,7,1,84,8,0,28,47,1
112,2,私立,一般大學,1016,銘傳大學,學士班(日間),男,6409,155,46,37,0,0,2,0,7,0,109,14,0,41,54,0
112,2,私立,一般大學,1016,銘傳大學,博士班,男,35,1,0,0,0,0,0,0,0,0,1,0,0,1,0,0
112,2,私立,一般大學,1016,銘傳大學,碩士班(日間),男,292,12,2,1,0,0,0,0,1,0,10,1,0,3,6,0
112,2,私立,一般大學,1016,銘傳大學,碩士在職專班,男,282,9,0,0,0,0,0,0,0,0,9,0,0,5,4,0
112,1,私立,一般大學,1016,銘傳大學,學士班(日間),女,9540,338,196,186,0,0,2,0,7,1,142,14,0,22,106,0
112,1,私立,一般大學,1016,銘傳大學,博士班,男,35,3,1,1,0,0,0,0,0,0,2,0,0,1,1,0
112,1,私立,一般大學,1016,銘傳大學,碩士班(日間),男,292,20,2,1,0,0,0,0,1,0,18,3,0,1,14,0
112,1,私立,一般大學,1016,銘傳大學,碩士在職專班,男,282,27,0,0,0,0,0,0,0,0,27,11,0,1,15,0
112,1,私立,一般大學,1016,銘傳大學,學士班(日間),男,6409,301,162,145,0,0,1,0,16,0,139,16,0,34,89,0
112,1,私立,一般大學,1016,銘傳大學,博士班,女,43,2,1,0,0,0,0,0,0,1,1,0,0,0,1,0
112,1,私立,一般大學,1016,銘傳大學,碩士班(日間),女,477,32,4,1,0,0,0,0,2,1,28,10,0,3,15,0
112,1,私立,一般大學,1016,銘傳大學,碩士在職專班,女,420,28,1,1,0,0,0,0,0,0,27,7,0,2,18,0
112,2,私立,一般大學,1017,實踐大學,學士班(日間),女,6016,163,56,53,0,0,1,2,0,0,107,61,0,18,28,0
112,2,私立,一般大學,1017,實踐大學,博士班,女,14,0,0,0,0,0,0,0,0,0,0,0,0,0,0,0
112,2,私立,一般大學,1017,實踐大學,碩士班(日間),男,144,6,0,0,0,0,0,0,0,0,6,0,0,2,4,0
112,2,私立,一般大學,1017,實踐大學,碩士在職專班,男,20,2,0,0,0,0,0,0,0,0,2,1,0,1,0,0
112,2,私立,一般大學,1017,實踐大學,學士班(日間),男,3096,139,43,42,0,0,0,0,1,0,96,67,0,11,18,0
112,2,私立,一般大學,1017,實踐大學,學士班(進修),女,816,41,5,4,0,0,0,0,1,0,36,12,0,11,13,0
112,2,私立,一般大學,1017,實踐大學,學士班(進修),男,365,24,4,3,0,0,0,0,1,0,20,4,0,12,4,0
112,2,私立,一般大學,1017,實踐大學,博士班,男,11,0,0,0,0,0,0,0,0,0,0,0,0,0,0,0
112,2,私立,一般大學,1017,實踐大學,碩士班(日間),女,185,6,1,1,0,0,0,0,0,0,5,1,0,2,2,0
112,2,私立,一般大學,1017,實踐大學,碩士在職專班,女,87,0,0,0,0,0,0,0,0,0,0,0,0,0,0,0
112,1,私立,一般大學,1017,實踐大學,學士班(日間),男,3096,224,107,102,0,0,0,1,4,0,117,54,0,35,28,0
112,1,私立,一般大學,1017,實踐大學,學士班(進修),女,816,74,28,23,0,0,1,0,3,1,46,9,0,12,25,0
112,1,私立,一般大學,1017,實踐大學,博士班,男,11,0,0,0,0,0,0,0,0,0,0,0,0,0,0,0
112,1,私立,一般大學,1017,實踐大學,碩士班(日間),女,185,16,1,1,0,0,0,0,0,0,15,1,0,2,12,0
112,1,私立,一般大學,1017,實踐大學,碩士在職專班,女,87,8,2,0,0,0,0,0,2,0,6,1,0,2,3,0
112,1,私立,一般大學,1017,實踐大學,學士班(日間),女,6016,356,240,232,0,0,0,0,8,0,116,30,0,38,48,0
112,1,私立,一般大學,1017,實踐大學,學士班(進修),男,365,47,22,22,0,0,0,0,0,0,25,7,0,7,11,0
112,1,私立,一般大學,1017,實踐大學,博士班,女,14,0,0,0,0,0,0,0,0,0,0,0,0,0,0,0
112,1,私立,一般大學,1017,實踐大學,碩士班(日間),男,144,11,1,0,0,0,0,0,1,0,10,2,0,2,6,0
112,1,私立,一般大學,1017,實踐大學,碩士在職專班,男,20,4,0,0,0,0,0,0,0,0,4,2,0,0,2,0
112,2,私立,技專校院,1018,朝陽科技大學,學士班(進修),女,602,39,18,7,0,0,0,1,10,0,21,0,0,14,6,1
112,2,私立,技專校院,1018,朝陽科技大學,學士班(進修),男,566,51,21,9,0,0,0,3,8,1,30,1,0,11,18,0
112,2,私立,技專校院,1018,朝陽科技大學,博士班,女,31,3,3,1,0,0,0,0,1,1,0,0,0,0,0,0
112,2,私立,技專校院,1018,朝陽科技大學,博士班,男,68,2,1,0,0,0,0,0,0,1,1,0,0,0,1,0
112,2,私立,技專校院,1018,朝陽科技大學,碩士班(日間),女,288,11,4,1,0,0,1,0,2,0,7,3,0,3,1,0
112,2,私立,技專校院,1018,朝陽科技大學,碩士班(日間),男,321,13,5,1,0,0,0,0,3,1,8,0,0,7,1,0
112,2,私立,技專校院,1018,朝陽科技大學,學士班(日間),女,6179,75,46,38,0,1,0,2,3,2,29,0,0,20,9,0
112,2,私立,技專校院,1018,朝陽科技大學,學士班(日間),男,4927,119,60,49,0,0,2,2,5,2,59,1,0,32,26,0
112,2,私立,技專校院,1018,朝陽科技大學,碩士在職專班,女,134,10,7,1,0,0,1,0,3,2,3,1,0,0,2,0
112,2,私立,技專校院,1018,朝陽科技大學,碩士在職專班,男,117,10,5,0,0,0,0,0,5,0,5,0,0,0,5,0
112,1,私立,技專校院,1018,朝陽科技大學,學士班(日間),男,4927,241,154,142,0,0,1,1,8,2,87,0,0,50,37,0
112,1,私立,技專校院,1018,朝陽科技大學,學士班(進修),男,566,80,28,21,0,0,0,0,7,0,52,1,0,31,20,0
112,1,私立,技專校院,1018,朝陽科技大學,博士班,女,31,0,0,0,0,0,0,0,0,0,0,0,0,0,0,0
112,1,私立,技專校院,1018,朝陽科技大學,博士班,男,68,1,0,0,0,0,0,0,0,0,1,1,0,0,0,0
112,1,私立,技專校院,1018,朝陽科技大學,碩士班(日間),女,288,22,8,4,0,0,0,0,3,1,14,2,0,4,8,0
112,1,私立,技專校院,1018,朝陽科技大學,碩士在職專班,女,134,13,3,0,0,0,0,0,3,0,10,2,0,2,6,0
112,1,私立,技專校院,1018,朝陽科技大學,學士班(日間),女,6179,215,146,132,0,0,0,3,7,4,69,1,0,26,42,0
112,1,私立,技專校院,1018,朝陽科技大學,學士班(進修),女,602,78,37,24,0,2,0,2,9,0,41,0,0,21,20,0
112,1,私立,技專校院,1018,朝陽科技大學,碩士班(日間),男,321,27,8,3,0,0,0,1,4,0,19,1,0,7,11,0
112,1,私立,技專校院,1018,朝陽科技大學,碩士在職專班,男,117,15,3,0,0,0,0,0,3,0,12,5,0,1,6,0
112,2,私立,一般大學,1019,高雄醫學大學,博士班,女,142,6,5,2,0,0,1,0,2,0,1,0,0,1,0,0
112,2,私立,一般大學,1019,高雄醫學大學,碩士班(日間),女,477,9,3,0,0,0,0,0,3,0,6,0,0,1,5,0
112,2,私立,一般大學,1019,高雄醫學大學,碩士班(日間),男,226,6,2,0,0,0,0,1,1,0,4,0,0,0,4,0
112,2,私立,一般大學,1019,高雄醫學大學,碩士在職專班,女,129,5,1,0,0,0,1,0,0,0,4,0,0,2,2,0
112,2,私立,一般大學,1019,高雄醫學大學,碩士在職專班,男,92,4,1,0,0,0,0,0,1,0,3,0,0,2,1,0
112,2,私立,一般大學,1019,高雄醫學大學,學士班(日間),女,3146,35,26,25,0,0,1,0,0,0,9,0,0,1,8,0
112,2,私立,一般大學,1019,高雄醫學大學,學士班(日間),男,2242,16,10,10,0,0,0,0,0,0,6,0,0,1,5,0
112,2,私立,一般大學,1019,高雄醫學大學,博士班,男,167,5,3,3,0,0,0,0,0,0,2,1,0,0,1,0
112,1,私立,一般大學,1019,高雄醫學大學,學士班(日間),女,3146,106,54,53,0,0,0,0,1,0,52,5,0,3,44,0
112,1,私立,一般大學,1019,高雄醫學大學,學士班(日間),男,2242,89,54,53,0,0,0,0,1,0,35,8,0,1,26,0
112,1,私立,一般大學,1019,高雄醫學大學,碩士班(日間),男,226,10,3,0,0,0,0,1,2,0,7,0,0,3,4,0
112,1,私立,一般大學,1019,高雄醫學大學,博士班,女,142,6,1,1,0,0,0,0,0,0,5,0,0,1,4,0
112,1,私立,一般大學,1019,高雄醫學大學,博士班,男,167,9,3,2,0,0,0,0,1,0,6,1,0,1,4,0
112,1,私立,一般大學,1019,高雄醫學大學,碩士班(日間),女,477,32,9,2,0,0,0,0,7,0,23,1,0,1,21,0
112,1,私立,一般大學,1019,高雄醫學大學,碩士在職專班,女,129,10,4,0,0,0,1,0,3,0,6,2,0,0,4,0
112,1,私立,一般大學,1019,高雄醫學大學,碩士在職專班,男,92,5,2,0,0,0,0,0,2,0,3,0,0,1,2,0
112,2,私立,一般大學,1020,南華大學,學士班(日間),男,1682,57,15,15,0,0,0,0,0,0,42,18,0,4,20,0
112,2,私立,一般大學,1020,南華大學,學士班(進修),男,172,10,4,3,0,0,0,0,1,0,6,3,0,1,2,0
112,2,私立,一般大學,1020,南華大學,碩士班(日間),女,323,29,9,3,0,0,1,0,5,0,20,3,0,6,11,0
112,2,私立,一般大學,1020,南華大學,碩士在職專班,女,246,10,2,0,0,0,0,0,2,0,8,0,0,1,7,0
112,2,私立,一般大學,1020,南華大學,學士班(日間),女,1985,39,19,15,0,0,0,0,4,0,20,8,0,2,10,0
112,2,私立,一般大學,1020,南華大學,學士班(進修),女,103,8,1,0,0,0,0,0,1,0,7,5,0,0,2,0
112,2,私立,一般大學,1020,南華大學,博士班,女,17,0,0,0,0,0,0,0,0,0,0,0,0,0,0,0
112,2,私立,一般大學,1020,南華大學,博士班,男,30,2,1,0,0,0,1,0,0,0,1,1,0,0,0,0
112,2,私立,一般大學,1020,南華大學,碩士班(日間),男,194,14,7,3,0,0,1,0,3,0,7,0,0,2,5,0
112,2,私立,一般大學,1020,南華大學,碩士在職專班,男,142,8,1,0,0,0,0,0,1,0,7,0,0,2,5,0
112,1,私立,一般大學,1020,南華大學,學士班(進修),女,103,35,17,16,0,0,0,0,1,0,18,2,0,2,14,0
112,1,私立,一般大學,1020,南華大學,博士班,女,17,0,0,0,0,0,0,0,0,0,0,0,0,0,0,0
112,1,私立,一般大學,1020,南華大學,博士班,男,30,0,0,0,0,0,0,0,0,0,0,0,0,0,0,0
112,1,私立,一般大學,1020,南華大學,碩士班(日間),女,323,37,10,2,0,1,1,0,6,0,27,4,0,2,21,0
112,1,私立,一般大學,1020,南華大學,碩士班(日間),男,194,26,6,2,0,1,1,1,1,0,20,4,0,3,13,0
112,1,私立,一般大學,1020,南華大學,碩士在職專班,女,246,29,6,2,0,0,0,0,4,0,23,5,0,1,17,0
112,1,私立,一般大學,1020,南華大學,碩士在職專班,男,142,29,10,1,0,0,0,0,9,0,19,4,0,1,14,0
112,1,私立,一般大學,1020,南華大學,學士班(日間),女,1985,115,58,54,0,0,3,0,1,0,57,17,0,5,35,0
112,1,私立,一般大學,1020,南華大學,學士班(日間),男,1682,149,51,44,0,0,2,1,4,0,98,47,0,12,39,0
112,1,私立,一般大學,1020,南華大學,學士班(進修),男,172,31,11,11,0,0,0,0,0,0,20,4,0,3,13,0
112,2,私立,一般大學,1021,真理大學,學士班(日間),女,1499,71,37,33,0,0,1,1,2,0,34,6,0,21,7,0
112,2,私立,一般大學,1021,真理大學,學士班(進修),女,1,1,0,0,0,0,0,0,0,0,1,1,0,0,0,0
112,2,私立,一般大學,1021,真理大學,學士班(進修),男,0,0,0,0,0,0,0,0,0,0,0,0,0,0,0,0
112,2,私立,一般大學,1021,真理大學,碩士班(日間),男,65,8,1,0,0,0,0,1,0,0,7,4,0,0,3,0
112,2,私立,一般大學,1021,真理大學,碩士在職專班,男,5,1,0,0,0,0,0,0,0,0,1,0,0,0,1,0
112,2,私立,一般大學,1021,真理大學,學士班(日間),男,1647,91,41,38,0,0,0,0,3,0,50,10,0,21,19,0
112,2,私立,一般大學,1021,真理大學,碩士班(日間),女,59,5,0,0,0,0,0,0,0,0,5,3,0,1,1,0
112,2,私立,一般大學,1021,真理大學,碩士在職專班,女,5,1,0,0,0,0,0,0,0,0,1,0,0,0,1,0
112,1,私立,一般大學,1021,真理大學,學士班(日間),男,1647,185,106,102,0,0,1,1,2,0,79,1,0,47,31,0
112,1,私立,一般大學,1021,真理大學,學士班(進修),男,0,0,0,0,0,0,0,0,0,0,0,0,0,0,0,0
112,1,私立,一般大學,1021,真理大學,碩士班(日間),女,59,3,0,0,0,0,0,0,0,0,3,0,0,0,3,0
112,1,私立,一般大學,1021,真理大學,碩士在職專班,女,5,0,0,0,0,0,0,0,0,0,0,0,0,0,0,0
112,1,私立,一般大學,1021,真理大學,學士班(日間),女,1499,167,119,115,0,0,1,2,1,0,48,2,0,27,19,0
112,1,私立,一般大學,1021,真理大學,學士班(進修),女,1,0,0,0,0,0,0,0,0,0,0,0,0,0,0,0
112,1,私立,一般大學,1021,真理大學,碩士班(日間),男,65,5,0,0,0,0,0,0,0,0,5,0,0,2,3,0
112,1,私立,一般大學,1021,真理大學,碩士在職專班,男,5,0,0,0,0,0,0,0,0,0,0,0,0,0,0,0
112,2,私立,一般大學,1022,大同大學,博士班,女,29,5,0,0,0,0,0,0,0,0,5,0,0,0,5,0
112,2,私立,一般大學,1022,大同大學,博士班,男,72,3,0,0,0,0,0,0,0,0,3,1,0,0,2,0
112,2,私立,一般大學,1022,大同大學,碩士班(日間),女,93,1,0,0,0,0,0,0,0,0,1,0,0,0,1,0
112,2,私立,一般大學,1022,大同大學,碩士班(日間),男,139,8,0,0,0,0,0,0,0,0,8,1,0,0,7,0
112,2,私立,一般大學,1022,大同大學,碩士在職專班,女,32,4,0,0,0,0,0,0,0,0,4,0,0,1,3,0
112,2,私立,一般大學,1022,大同大學,學士班(日間),女,1146,42,14,13,0,0,0,1,0,0,28,3,0,2,23,0
112,2,私立,一般大學,1022,大同大學,學士班(日間),男,1997,96,22,21,0,0,0,0,1,0,74,35,1,5,33,0
112,2,私立,一般大學,1022,大同大學,碩士在職專班,男,95,7,1,1,0,0,0,0,0,0,6,0,0,2,4,0
112,1,私立,一般大學,1022,大同大學,學士班(日間),男,1997,71,50,50,0,0,0,0,0,0,21,15,0,4,2,0
112,1,私立,一般大學,1022,大同大學,碩士班(日間),女,93,1,0,0,0,0,0,0,0,0,1,0,0,1,0,0
112,1,私立,一般大學,1022,大同大學,碩士在職專班,女,32,1,1,0,0,0,0,0,1,0,0,0,0,0,0,0
112,1,私立,一般大學,1022,大同大學,碩士在職專班,男,95,6,1,0,0,0,0,0,1,0,5,0,0,5,0,0
112,1,私立,一般大學,1022,大同大學,學士班(日間),女,1146,38,26,26,0,0,0,0,0,0,12,6,0,4,2,0
112,1,私立,一般大學,1022,大同大學,博士班,女,29,3,0,0,0,0,0,0,0,0,3,2,0,0,1,0
112,1,私立,一般大學,1022,大同大學,博士班,男,72,0,0,0,0,0,0,0,0,0,0,0,0,0,0,0
112,1,私立,一般大學,1022,大同大學,碩士班(日間),男,139,0,0,0,0,0,0,0,0,0,0,0,0,0,0,0
112,2,私立,技專校院,1023,南臺學校財團法人南臺科技大學,學士班(日間),男,6358,185,57,54,0,0,1,0,2,0,128,61,0,28,39,0
112,2,私立,技專校院,1023,南臺學校財團法人南臺科技大學,五專,男,403,7,3,3,0,0,0,0,0,0,4,1,0,1,2,0
112,2,私立,技專校院,1023,南臺學校財團法人南臺科技大學,博士班,女,26,1,0,0,0,0,0,0,0,0,1,0,0,0,1,0
112,2,私立,技專校院,1023,南臺學校財團法人南臺科技大學,碩士班(日間),女,299,25,3,1,0,0,0,0,2,0,22,0,0,9,13,0
112,2,私立,技專校院,1023,南臺學校財團法人南臺科技大學,碩士在職專班,女,157,16,0,0,0,0,0,0,0,0,16,0,0,4,12,0
112,2,私立,技專校院,1023,南臺學校財團法人南臺科技大學,學士班(日間),女,4575,92,46,44,0,0,1,0,1,0,46,8,0,19,19,0
112,2,私立,技專校院,1023,南臺學校財團法人南臺科技大學,學士班(進修),女,901,53,7,5,0,0,0,0,2,0,46,0,0,22,24,0
112,2,私立,技專校院,1023,南臺學校財團法人南臺科技大學,學士班(進修),男,1513,110,13,5,0,0,0,2,6,0,97,0,0,59,38,0
112,2,私立,技專校院,1023,南臺學校財團法人南臺科技大學,五專,女,72,1,0,0,0,0,0,0,0,0,1,0,0,0,1,0
112,2,私立,技專校院,1023,南臺學校財團法人南臺科技大學,博士班,男,55,9,2,0,0,0,0,0,2,0,7,1,0,3,3,0
112,2,私立,技專校院,1023,南臺學校財團法人南臺科技大學,碩士班(日間),男,427,21,2,1,0,0,0,0,1,0,19,0,0,6,13,0
112,2,私立,技專校院,1023,南臺學校財團法人南臺科技大學,碩士在職專班,男,131,17,2,0,0,0,0,0,1,1,15,0,0,5,10,0
112,1,私立,技專校院,1023,南臺學校財團法人南臺科技大學,學士班(日間),女,4575,166,102,95,0,0,1,1,5,0,64,7,0,28,29,0
112,1,私立,技專校院,1023,南臺學校財團法人南臺科技大學,學士班(進修),女,901,99,12,7,0,0,1,1,3,0,87,3,0,37,47,0
112,1,私立,技專校院,1023,南臺學校財團法人南臺科技大學,學士班(進修),男,1513,188,34,24,0,0,0,1,9,0,154,2,0,90,62,0
112,1,私立,技專校院,1023,南臺學校財團法人南臺科技大學,五專,女,72,1,1,1,0,0,0,0,0,0,0,0,0,0,0,0
112,1,私立,技專校院,1023,南臺學校財團法人南臺科技大學,博士班,男,55,6,2,0,0,0,1,0,1,0,4,2,0,2,0,0
112,1,私立,技專校院,1023,南臺學校財團法人南臺科技大學,碩士班(日間),男,427,34,9,4,0,0,1,0,4,0,25,6,0,2,17,0
112,1,私立,技專校院,1023,南臺學校財團法人南臺科技大學,碩士在職專班,男,131,19,1,1,0,0,0,0,0,0,18,3,0,7,8,0
112,1,私立,技專校院,1023,南臺學校財團法人南臺科技大學,學士班(日間),男,6358,274,137,126,0,0,0,0,11,0,137,26,0,53,58,0
112,1,私立,技專校院,1023,南臺學校財團法人南臺科技大學,五專,男,403,20,13,13,0,0,0,0,0,0,7,3,0,2,2,0
112,1,私立,技專校院,1023,南臺學校財團法人南臺科技大學,博士班,女,26,1,0,0,0,0,0,0,0,0,1,0,0,0,1,0
112,1,私立,技專校院,1023,南臺學校財團法人南臺科技大學,碩士班(日間),女,299,25,5,4,0,0,0,0,1,0,20,2,0,7,11,0
112,1,私立,技專校院,1023,南臺學校財團法人南臺科技大學,碩士在職專班,女,157,8,0,0,0,0,0,0,0,0,8,1,0,4,3,0
112,2,私立,技專校院,1024,崑山科技大學,二專(日間),男,3,0,0,0,0,0,0,0,0,0,0,0,0,0,0,0
112,2,私立,技專校院,1024,崑山科技大學,學士班(日間),女,2341,66,41,35,1,0,2,1,2,0,25,2,0,23,0,0
112,2,私立,技專校院,1024,崑山科技大學,學士班(進修),女,664,48,13,9,0,0,0,0,4,0,35,0,0,16,19,0
112,2,私立,技專校院,1024,崑山科技大學,學士班(進修),男,1443,103,27,18,0,0,1,0,7,1,76,0,0,39,37,0
112,2,私立,技專校院,1024,崑山科技大學,碩士班(日間),男,185,6,2,1,0,0,0,0,1,0,4,0,0,4,0,0
112,2,私立,技專校院,1024,崑山科技大學,碩士在職專班,男,130,9,3,2,0,0,1,0,0,0,6,0,0,2,4,0
112,2,私立,技專校院,1024,崑山科技大學,二專(日間),女,9,0,0,0,0,0,0,0,0,0,0,0,0,0,0,0
112,2,私立,技專校院,1024,崑山科技大學,二專(進修),男,0,2,0,0,0,0,0,0,0,0,2,0,0,0,2,0
112,2,私立,技專校院,1024,崑山科技大學,學士班(日間),男,3443,91,54,50,0,0,0,0,4,0,37,3,0,33,1,0
112,2,私立,技專校院,1024,崑山科技大學,博士班,女,6,0,0,0,0,0,0,0,0,0,0,0,0,0,0,0
112,2,私立,技專校院,1024,崑山科技大學,博士班,男,23,0,0,0,0,0,0,0,0,0,0,0,0,0,0,0
112,2,私立,技專校院,1024,崑山科技大學,碩士班(日間),女,95,4,1,0,0,0,0,0,1,0,3,0,0,3,0,0
112,2,私立,技專校院,1024,崑山科技大學,碩士在職專班,女,71,4,2,1,0,0,0,0,1,0,2,0,0,0,2,0
112,1,私立,技專校院,1024,崑山科技大學,二專(日間),女,9,0,0,0,0,0,0,0,0,0,0,0,0,0,0,0
112,1,私立,技專校院,1024,崑山科技大學,二專(日間),男,3,0,0,0,0,0,0,0,0,0,0,0,0,0,0,0
112,1,私立,技專校院,1024,崑山科技大學,學士班(日間),男,3443,446,114,86,0,0,1,0,11,16,332,10,0,40,282,0
112,1,私立,技專校院,1024,崑山科技大學,博士班,男,23,5,0,0,0,0,0,0,0,0,5,0,0,0,5,0
112,1,私立,技專校院,1024,崑山科技大學,碩士在職專班,女,71,2,0,0,0,0,0,0,0,0,2,0,0,1,1,0
112,1,私立,技專校院,1024,崑山科技大學,學士班(日間),女,2341,217,83,67,0,0,0,3,6,7,134,7,0,13,114,0
112,1,私立,技專校院,1024,崑山科技大學,學士班(進修),女,664,80,26,20,0,0,1,0,4,1,54,0,0,20,34,0
112,1,私立,技專校院,1024,崑山科技大學,學士班(進修),男,1443,225,89,77,0,0,1,2,8,1,136,1,0,34,101,0
112,1,私立,技專校院,1024,崑山科技大學,博士班,女,6,0,0,0,0,0,0,0,0,0,0,0,0,0,0,0
112,1,私立,技專校院,1024,崑山科技大學,碩士班(日間),女,95,11,1,1,0,0,0,0,0,0,10,0,0,1,9,0
112,1,私立,技專校院,1024,崑山科技大學,碩士班(日間),男,185,35,3,1,0,0,0,0,2,0,32,0,0,1,30,1
112,1,私立,技專校院,1024,崑山科技大學,碩士在職專班,男,130,6,1,1,0,0,0,0,0,0,5,0,0,1,4,0
112,2,私立,技專校院,1025,嘉藥學校財團法人嘉南藥理大學,學士班(日間),女,4234,111,42,30,0,0,1,4,3,4,69,7,0,21,41,0
112,2,私立,技專校院,1025,嘉藥學校財團法人嘉南藥理大學,學士班(進修),女,906,40,3,3,0,0,0,0,0,0,37,1,0,15,21,0
112,2,私立,技專校院,1025,嘉藥學校財團法人嘉南藥理大學,五專,男,123,3,2,2,0,0,0,0,0,0,1,0,1,0,0,0
112,2,私立,技專校院,1025,嘉藥學校財團法人嘉南藥理大學,碩士班(日間),男,63,9,1,0,0,0,0,1,0,0,8,1,0,1,6,0
112,2,私立,技專校院,1025,嘉藥學校財團法人嘉南藥理大學,碩士在職專班,男,73,5,0,0,0,0,0,0,0,0,5,0,0,2,3,0
112,2,私立,技專校院,1025,嘉藥學校財團法人嘉南藥理大學,學士班(日間),男,3069,73,28,22,0,0,0,0,4,2,45,11,0,11,23,0
112,2,私立,技專校院,1025,嘉藥學校財團法人嘉南藥理大學,學士班(進修),男,621,39,3,1,0,0,1,0,1,0,36,0,0,15,21,0
112,2,私立,技專校院,1025,嘉藥學校財團法人嘉南藥理大學,五專,女,158,2,1,1,0,0,0,0,0,0,1,0,0,1,0,0
112,2,私立,技專校院,1025,嘉藥學校財團法人嘉南藥理大學,碩士班(日間),女,76,3,0,0,0,0,0,0,0,0,3,1,0,1,1,0
112,2,私立,技專校院,1025,嘉藥學校財團法人嘉南藥理大學,碩士在職專班,女,73,4,0,0,0,0,0,0,0,0,4,0,0,1,3,0
112,1,私立,技專校院,1025,嘉藥學校財團法人嘉南藥理大學,學士班(日間),男,3069,214,80,62,0,0,1,1,10,6,134,26,0,24,84,0
112,1,私立,技專校院,1025,嘉藥學校財團法人嘉南藥理大學,學士班(進修),男,621,126,26,22,0,0,2,0,2,0,100,17,0,11,72,0
112,1,私立,技專校院,1025,嘉藥學校財團法人嘉南藥理大學,五專,女,158,2,2,2,0,0,0,0,0,0,0,0,0,0,0,0
112,1,私立,技專校院,1025,嘉藥學校財團法人嘉南藥理大學,碩士班(日間),女,76,8,1,1,0,0,0,0,0,0,7,1,0,0,6,0
112,1,私立,技專校院,1025,嘉藥學校財團法人嘉南藥理大學,碩士班(日間),男,63,9,0,0,0,0,0,0,0,0,9,0,0,0,9,0
112,1,私立,技專校院,1025,嘉藥學校財團法人嘉南藥理大學,碩士在職專班,女,73,12,0,0,0,0,0,0,0,0,12,0,0,3,9,0
112,1,私立,技專校院,1025,嘉藥學校財團法人嘉南藥理大學,學士班(日間),女,4234,247,108,87,1,0,2,1,9,8,139,23,0,15,101,0
112,1,私立,技專校院,1025,嘉藥學校財團法人嘉南藥理大學,學士班(進修),女,906,104,36,23,0,0,2,1,8,2,68,3,0,15,50,0
112,1,私立,技專校院,1025,嘉藥學校財團法人嘉南藥理大學,五專,男,123,1,1,1,0,0,0,0,0,0,0,0,0,0,0,0
112,1,私立,技專校院,1025,嘉藥學校財團法人嘉南藥理大學,碩士在職專班,男,73,11,1,0,0,0,0,0,1,0,10,0,0,0,10,0
112,2,私立,技專校院,1026,樹德科技大學,二專(進修),女,141,15,0,0,0,0,0,0,0,0,15,1,0,12,2,0
112,2,私立,技專校院,1026,樹德科技大學,二專(進修),男,95,14,0,0,0,0,0,0,0,0,14,2,0,5,7,0
112,2,私立,技專校院,1026,樹德科技大學,學士班(日間),女,3345,153,45,33,0,0,2,4,6,0,108,27,0,35,46,0
112,2,私立,技專校院,1026,樹德科技大學,學士班(日間),男,2691,170,43,31,0,0,3,7,2,0,127,38,0,42,47,0
112,2,私立,技專校院,1026,樹德科技大學,學士班(進修),男,860,87,15,12,0,0,0,0,3,0,72,13,0,39,20,0
112,2,私立,技專校院,1026,樹德科技大學,博士班,女,12,1,0,0,0,0,0,0,0,0,1,0,0,0,1,0
112,2,私立,技專校院,1026,樹德科技大學,碩士在職專班,男,124,7,0,0,0,0,0,0,0,0,7,1,0,4,2,0
112,2,私立,技專校院,1026,樹德科技大學,學士班(進修),女,770,48,5,1,0,0,0,0,4,0,43,5,0,22,16,0
112,2,私立,技專校院,1026,樹德科技大學,博士班,男,9,0,0,0,0,0,0,0,0,0,0,0,0,0,0,0
112,2,私立,技專校院,1026,樹德科技大學,碩士班(日間),女,140,3,1,0,0,0,0,1,0,0,2,1,0,0,1,0
112,2,私立,技專校院,1026,樹德科技大學,碩士班(日間),男,101,7,1,0,0,0,0,0,1,0,6,0,0,3,3,0
112,2,私立,技專校院,1026,樹德科技大學,碩士在職專班,女,165,18,3,1,0,0,0,0,2,0,15,7,0,4,4,0
112,1,私立,技專校院,1026,樹德科技大學,學士班(進修),女,770,79,47,43,0,0,0,0,4,0,32,2,0,18,12,0
112,1,私立,技專校院,1026,樹德科技大學,博士班,女,12,2,0,0,0,0,0,0,0,0,2,1,0,1,0,0
112,1,私立,技專校院,1026,樹德科技大學,博士班,男,9,4,0,0,0,0,0,0,0,0,4,2,0,2,0,0
112,1,私立,技專校院,1026,樹德科技大學,碩士班(日間),男,101,7,4,0,0,0,0,2,2,0,3,0,0,2,1,0
112,1,私立,技專校院,1026,樹德科技大學,碩士在職專班,女,165,12,1,0,0,0,1,0,0,0,11,6,0,4,1,0
112,1,私立,技專校院,1026,樹德科技大學,二專(進修),女,141,14,3,2,0,0,0,1,0,0,11,0,0,8,3,0
112,1,私立,技專校院,1026,樹德科技大學,二專(進修),男,95,18,4,3,0,0,0,0,1,0,14,1,0,10,3,0
112,1,私立,技專校院,1026,樹德科技大學,學士班(日間),女,3345,191,92,77,0,0,6,5,3,1,99,26,0,29,44,0
112,1,私立,技專校院,1026,樹德科技大學,學士班(日間),男,2691,185,75,60,0,0,1,8,6,0,110,31,0,33,46,0
112,1,私立,技專校院,1026,樹德科技大學,學士班(進修),男,860,133,82,74,0,0,0,1,7,0,51,9,0,30,12,0
112,1,私立,技專校院,1026,樹德科技大學,碩士班(日間),女,140,9,1,1,0,0,0,0,0,0,8,4,0,1,3,0
112,1,私立,技專校院,1026,樹德科技大學,碩士在職專班,男,124,17,2,0,0,0,0,0,2,0,15,10,0,3,2,0
112,2,私立,一般大學,1027,慈濟學校財團法人慈濟大學,學士班(日間),男,958,9,6,6,0,0,0,0,0,0,3,0,0,0,3,0
112,2,私立,一般大學,1027,慈濟學校財團法人慈濟大學,博士班,女,45,1,0,0,0,0,0,0,0,0,1,1,0,0,0,0
112,2,私立,一般大學,1027,慈濟學校財團法人慈濟大學,博士班,男,47,1,0,0,0,0,0,0,0,0,1,0,0,1,0,0
112,2,私立,一般大學,1027,慈濟學校財團法人慈濟大學,碩士班(日間),女,253,12,2,2,0,0,0,0,0,0,10,2,0,3,5,0
112,2,私立,一般大學,1027,慈濟學校財團法人慈濟大學,碩士在職專班,女,20,1,0,0,0,0,0,0,0,0,1,1,0,0,0,0
112,2,私立,一般大學,1027,慈濟學校財團法人慈濟大學,學士班(日間),女,1390,35,25,24,0,0,0,0,1,0,10,0,0,3,7,0
112,2,私立,一般大學,1027,慈濟學校財團法人慈濟大學,碩士班(日間),男,116,11,2,0,0,0,0,0,0,2,9,3,0,2,4,0
112,2,私立,一般大學,1027,慈濟學校財團法人慈濟大學,碩士在職專班,男,6,0,0,0,0,0,0,0,0,0,0,0,0,0,0,0
112,1,私立,一般大學,1027,慈濟學校財團法人慈濟大學,碩士班(日間),女,253,13,7,3,0,0,1,1,0,2,6,1,0,0,5,0
112,1,私立,一般大學,1027,慈濟學校財團法人慈濟大學,碩士班(日間),男,116,11,2,2,0,0,0,0,0,0,9,1,0,0,8,0
112,1,私立,一般大學,1027,慈濟學校財團法人慈濟大學,碩士在職專班,女,20,2,2,2,0,0,0,0,0,0,0,0,0,0,0,0
112,1,私立,一般大學,1027,慈濟學校財團法人慈濟大學,碩士在職專班,男,6,1,0,0,0,0,0,0,0,0,1,0,0,0,1,0
112,1,私立,一般大學,1027,慈濟學校財團法人慈濟大學,學士班(日間),女,1390,51,39,37,0,0,1,0,0,1,12,0,0,6,6,0
112,1,私立,一般大學,1027,慈濟學校財團法人慈濟大學,學士班(日間),男,958,39,24,24,0,0,0,0,0,0,15,0,0,3,12,0
112,1,私立,一般大學,1027,慈濟學校財團法人慈濟大學,博士班,女,45,1,0,0,0,0,0,0,0,0,1,0,0,0,1,0
112,1,私立,一般大學,1027,慈濟學校財團法人慈濟大學,博士班,男,47,4,1,1,0,0,0,0,0,0,3,0,0,1,2,0
112,2,私立,一般大學,1028,臺北醫學大學,學士班(日間),男,1896,18,7,7,0,0,0,0,0,0,11,5,0,2,4,0
112,2,私立,一般大學,1028,臺北醫學大學,碩士班(日間),女,435,9,2,0,0,0,0,0,2,0,7,3,0,1,3,0
112,2,私立,一般大學,1028,臺北醫學大學,學士班(日間),女,2642,25,14,13,0,0,1,0,0,0,11,3,0,1,7,0
112,2,私立,一般大學,1028,臺北醫學大學,博士班,女,308,6,2,1,0,0,0,0,0,1,4,2,0,1,1,0
112,2,私立,一般大學,1028,臺北醫學大學,博士班,男,327,5,1,0,0,0,0,0,0,1,4,4,0,0,0,0
112,2,私立,一般大學,1028,臺北醫學大學,碩士班(日間),男,234,8,1,0,0,0,0,0,1,0,7,2,0,3,2,0
112,2,私立,一般大學,1028,臺北醫學大學,碩士在職專班,女,228,8,3,0,0,0,0,0,3,0,5,2,0,1,2,0
112,2,私立,一般大學,1028,臺北醫學大學,碩士在職專班,男,84,0,0,0,0,0,0,0,0,0,0,0,0,0,0,0
112,1,私立,一般大學,1028,臺北醫學大學,博士班,女,308,3,0,0,0,0,0,0,0,0,3,0,0,1,2,0
112,1,私立,一般大學,1028,臺北醫學大學,碩士班(日間),男,234,17,2,0,0,0,0,0,2,0,15,2,0,2,11,0
112,1,私立,一般大學,1028,臺北醫學大學,碩士在職專班,男,84,8,0,0,0,0,0,0,0,0,8,2,0,0,6,0
112,1,私立,一般大學,1028,臺北醫學大學,學士班(日間),女,2642,98,46,44,0,0,0,0,2,0,52,2,0,2,48,0
112,1,私立,一般大學,1028,臺北醫學大學,學士班(日間),男,1896,77,33,33,0,0,0,0,0,0,44,3,0,5,36,0
112,1,私立,一般大學,1028,臺北醫學大學,博士班,男,327,4,1,0,0,0,0,0,1,0,3,0,0,0,3,0
112,1,私立,一般大學,1028,臺北醫學大學,碩士班(日間),女,435,10,4,2,0,0,0,0,1,1,6,1,0,0,5,0
112,1,私立,一般大學,1028,臺北醫學大學,碩士在職專班,女,228,7,1,1,0,0,0,0,0,0,6,1,0,1,4,0
112,2,私立,一般大學,1029,中山醫學大學,學士班(日間),女,3979,64,38,38,0,0,0,0,0,0,26,0,0,4,22,0
112,2,私立,一般大學,1029,中山醫學大學,博士班,女,54,0,0,0,0,0,0,0,0,0,0,0,0,0,0,0
112,2,私立,一般大學,1029,中山醫學大學,學士班(日間),男,2124,21,9,9,0,0,0,0,0,0,12,0,0,4,8,0
112,2,私立,一般大學,1029,中山醫學大學,學士班(進修),女,73,1,0,0,0,0,0,0,0,0,1,0,0,0,1,0
112,2,私立,一般大學,1029,中山醫學大學,學士班(進修),男,43,1,0,0,0,0,0,0,0,0,1,0,0,0,1,0
112,2,私立,一般大學,1029,中山醫學大學,博士班,男,111,1,1,1,0,0,0,0,0,0,0,0,0,0,0,0
112,2,私立,一般大學,1029,中山醫學大學,碩士班(日間),女,377,9,3,2,0,0,0,0,1,0,6,0,0,1,5,0
112,2,私立,一般大學,1029,中山醫學大學,碩士班(日間),男,173,6,1,1,0,0,0,0,0,0,5,0,0,1,4,0
112,2,私立,一般大學,1029,中山醫學大學,碩士在職專班,女,120,2,0,0,0,0,0,0,0,0,2,0,0,1,1,0
112,2,私立,一般大學,1029,中山醫學大學,碩士在職專班,男,31,1,0,0,0,0,0,0,0,0,1,0,0,0,1,0
112,1,私立,一般大學,1029,中山醫學大學,學士班(進修),女,73,1,0,0,0,0,0,0,0,0,1,0,0,0,1,0
112,1,私立,一般大學,1029,中山醫學大學,學士班(進修),男,43,1,0,0,0,0,0,0,0,0,1,0,0,1,0,0
112,1,私立,一般大學,1029,中山醫學大學,博士班,男,111,1,0,0,0,0,0,0,0,0,1,0,0,1,0,0
112,1,私立,一般大學,1029,中山醫學大學,碩士班(日間),女,377,19,2,1,0,0,0,1,0,0,17,2,0,0,15,0
112,1,私立,一般大學,1029,中山醫學大學,碩士班(日間),男,173,8,2,1,0,0,0,0,1,0,6,0,0,1,5,0
112,1,私立,一般大學,1029,中山醫學大學,碩士在職專班,女,120,9,1,0,0,0,0,0,1,0,8,0,0,2,6,0
112,1,私立,一般大學,1029,中山醫學大學,學士班(日間),女,3979,116,37,33,0,0,3,1,0,0,79,0,0,5,74,0
112,1,私立,一般大學,1029,中山醫學大學,學士班(日間),男,2124,93,29,29,0,0,0,0,0,0,64,2,0,13,49,0
112,1,私立,一般大學,1029,中山醫學大學,博士班,女,54,4,1,0,0,0,1,0,0,0,3,1,0,0,2,0
112,1,私立,一般大學,1029,中山醫學大學,碩士在職專班,男,31,3,0,0,0,0,0,0,0,0,3,1,0,1,1,0
112,2,私立,技專校院,1030,龍華科技大學,二專(日間),女,10,0,0,0,0,0,0,0,0,0,0,0,0,0,0,0
112,2,私立,技專校院,1030,龍華科技大學,二專(日間),男,17,1,1,0,0,0,0,1,0,0,0,0,0,0,0,0
112,2,私立,技專校院,1030,龍華科技大學,學士班(日間),女,2203,109,24,21,0,0,0,0,0,3,85,13,0,28,44,0
112,2,私立,技專校院,1030,龍華科技大學,學士班(進修),女,581,84,44,40,0,0,0,0,4,0,40,7,0,24,9,0
112,2,私立,技專校院,1030,龍華科技大學,五專,女,80,5,4,4,0,0,0,0,0,0,1,0,0,0,1,0
112,2,私立,技專校院,1030,龍華科技大學,五專,男,814,24,16,15,0,0,0,0,1,0,8,0,1,4,3,0
112,2,私立,技專校院,1030,龍華科技大學,碩士班(日間),男,238,20,2,1,0,0,0,0,1,0,18,3,0,5,10,0
112,2,私立,技專校院,1030,龍華科技大學,碩士在職專班,男,82,6,1,0,0,0,0,1,0,0,5,0,0,1,4,0
112,2,私立,技專校院,1030,龍華科技大學,學士班(日間),男,5028,264,66,43,0,0,2,4,11,6,198,62,0,75,61,0
112,2,私立,技專校院,1030,龍華科技大學,學士班(進修),男,1931,362,195,183,0,0,1,1,10,0,167,58,0,73,36,0
112,2,私立,技專校院,1030,龍華科技大學,碩士班(日間),女,107,3,2,1,0,0,0,0,1,0,1,0,0,0,1,0
112,2,私立,技專校院,1030,龍華科技大學,碩士在職專班,女,31,2,0,0,0,0,0,0,0,0,2,0,0,1,1,0
112,1,私立,技專校院,1030,龍華科技大學,二專(日間),女,10,0,0,0,0,0,0,0,0,0,0,0,0,0,0,0
112,1,私立,技專校院,1030,龍華科技大學,學士班(日間),男,5028,341,95,87,0,0,2,2,3,1,246,35,1,76,134,0
112,1,私立,技專校院,1030,龍華科技大學,五專,女,80,5,2,2,0,0,0,0,0,0,3,1,0,1,1,0
112,1,私立,技專校院,1030,龍華科技大學,碩士班(日間),女,107,13,0,0,0,0,0,0,0,0,13,1,0,1,11,0
112,1,私立,技專校院,1030,龍華科技大學,碩士在職專班,女,31,4,0,0,0,0,0,0,0,0,4,0,0,0,4,0
112,1,私立,技專校院,1030,龍華科技大學,二專(日間),男,17,0,0,0,0,0,0,0,0,0,0,0,0,0,0,0
112,1,私立,技專校院,1030,龍華科技大學,學士班(日間),女,2203,166,60,52,1,0,1,3,1,2,106,15,0,29,62,0
112,1,私立,技專校院,1030,龍華科技大學,學士班(進修),女,581,73,23,20,0,0,0,0,3,0,50,5,0,19,26,0
112,1,私立,技專校院,1030,龍華科技大學,學士班(進修),男,1931,242,84,69,0,0,0,1,14,0,158,14,0,68,76,0
112,1,私立,技專校院,1030,龍華科技大學,五專,男,814,37,10,7,0,0,1,0,2,0,27,1,5,6,15,0
112,1,私立,技專校院,1030,龍華科技大學,碩士班(日間),男,238,27,4,2,0,0,1,0,1,0,23,3,0,6,14,0
112,1,私立,技專校院,1030,龍華科技大學,碩士在職專班,男,82,8,0,0,0,0,0,0,0,0,8,3,0,0,5,0
112,2,私立,技專校院,1031,輔英科技大學,學士班(進修),女,849,26,14,11,0,0,0,0,3,0,12,0,0,8,4,0
112,2,私立,技專校院,1031,輔英科技大學,五專,男,320,6,3,2,0,0,1,0,0,0,3,1,0,1,1,0
112,2,私立,技專校院,1031,輔英科技大學,碩士班(日間),女,121,4,2,1,0,0,0,0,1,0,2,0,0,2,0,0
112,2,私立,技專校院,1031,輔英科技大學,碩士班(日間),男,38,8,1,0,0,0,0,0,1,0,7,0,0,0,7,0
112,2,私立,技專校院,1031,輔英科技大學,碩士在職專班,男,1,0,0,0,0,0,0,0,0,0,0,0,0,0,0,0
112,2,私立,技專校院,1031,輔英科技大學,學士班(日間),女,2960,63,30,19,0,1,0,3,6,1,33,3,0,13,17,0
112,2,私立,技專校院,1031,輔英科技大學,學士班(日間),男,1362,74,33,24,0,0,2,0,6,1,41,8,0,14,19,0
112,2,私立,技專校院,1031,輔英科技大學,學士班(進修),男,421,23,7,1,0,0,0,0,6,0,16,1,0,8,7,0
112,2,私立,技專校院,1031,輔英科技大學,五專,女,2322,32,18,17,0,0,0,0,1,0,14,3,0,4,7,0
112,2,私立,技專校院,1031,輔英科技大學,碩士在職專班,女,68,4,4,1,0,0,2,0,1,0,0,0,0,0,0,0
112,1,私立,技專校院,1031,輔英科技大學,學士班(日間),女,2960,164,69,42,0,0,2,5,9,11,95,9,0,35,51,0
112,1,私立,技專校院,1031,輔英科技大學,學士班(進修),女,849,88,50,19,1,0,1,0,24,5,38,1,0,16,21,0
112,1,私立,技專校院,1031,輔英科技大學,學士班(進修),男,421,82,42,32,0,0,0,0,10,0,40,8,0,14,18,0
112,1,私立,技專校院,1031,輔英科技大學,五專,女,2322,66,43,39,0,0,0,0,0,4,23,0,0,6,17,0
112,1,私立,技專校院,1031,輔英科技大學,碩士班(日間),男,38,9,2,0,0,0,0,0,2,0,7,2,0,1,4,0
112,1,私立,技專校院,1031,輔英科技大學,碩士在職專班,女,68,11,5,3,0,0,0,0,2,0,6,1,0,1,4,0
112,1,私立,技專校院,1031,輔英科技大學,碩士在職專班,男,1,0,0,0,0,0,0,0,0,0,0,0,0,0,0,0
112,1,私立,技專校院,1031,輔英科技大學,學士班(日間),男,1362,97,45,28,0,0,1,2,12,2,52,11,0,17,24,0
112,1,私立,技專校院,1031,輔英科技大學,五專,男,320,12,8,5,0,0,0,0,0,3,4,0,0,0,4,0
112,1,私立,技專校院,1031,輔英科技大學,碩士班(日間),女,121,10,3,0,0,0,0,0,3,0,7,0,0,1,6,0
112,2,私立,技專校院,1032,明新學校財團法人明新科技大學,二專(日間),女,3,0,0,0,0,0,0,0,0,0,0,0,0,0,0,0
112,2,私立,技專校院,1032,明新學校財團法人明新科技大學,二專(進修),女,67,8,3,0,0,0,0,0,3,0,5,0,0,4,1,0
112,2,私立,技專校院,1032,明新學校財團法人明新科技大學,二專(進修),男,111,21,3,1,0,0,0,0,2,0,18,0,0,10,8,0
112,2,私立,技專校院,1032,明新學校財團法人明新科技大學,學士班(日間),女,2447,103,35,25,2,0,5,0,3,0,68,17,0,26,25,0
112,2,私立,技專校院,1032,明新學校財團法人明新科技大學,學士班(日間),男,3637,173,45,41,0,0,2,0,2,0,128,37,0,47,44,0
112,2,私立,技專校院,1032,明新學校財團法人明新科技大學,學士班(進修),女,1132,40,13,8,0,0,0,0,5,0,27,0,0,9,18,0
112,2,私立,技專校院,1032,明新學校財團法人明新科技大學,碩士班(日間),男,200,10,0,0,0,0,0,0,0,0,10,3,0,0,7,0
112,2,私立,技專校院,1032,明新學校財團法人明新科技大學,碩士在職專班,男,195,11,2,0,0,0,0,0,2,0,9,0,0,2,7,0
112,2,私立,技專校院,1032,明新學校財團法人明新科技大學,二專(日間),男,24,0,0,0,0,0,0,0,0,0,0,0,0,0,0,0
112,2,私立,技專校院,1032,明新學校財團法人明新科技大學,學士班(進修),男,1782,110,34,5,0,0,0,0,28,1,76,0,0,39,37,0
112,2,私立,技專校院,1032,明新學校財團法人明新科技大學,博士班,女,0,0,0,0,0,0,0,0,0,0,0,0,0,0,0,0
112,2,私立,技專校院,1032,明新學校財團法人明新科技大學,博士班,男,4,0,0,0,0,0,0,0,0,0,0,0,0,0,0,0
112,2,私立,技專校院,1032,明新學校財團法人明新科技大學,碩士班(日間),女,167,7,0,0,0,0,0,0,0,0,7,0,0,1,6,0
112,2,私立,技專校院,1032,明新學校財團法人明新科技大學,碩士在職專班,女,125,3,1,0,0,0,0,0,1,0,2,1,0,1,0,0
112,1,私立,技專校院,1032,明新學校財團法人明新科技大學,二專(日間),女,3,0,0,0,0,0,0,0,0,0,0,0,0,0,0,0
112,1,私立,技專校院,1032,明新學校財團法人明新科技大學,二專(日間),男,24,0,0,0,0,0,0,0,0,0,0,0,0,0,0,0
112,1,私立,技專校院,1032,明新學校財團法人明新科技大學,二專(進修),男,111,25,16,5,0,0,0,0,11,0,9,0,0,2,7,0
112,1,私立,技專校院,1032,明新學校財團法人明新科技大學,學士班(日間),男,3637,202,102,85,0,0,0,0,2,15,100,9,0,21,70,0
112,1,私立,技專校院,1032,明新學校財團法人明新科技大學,學士班(進修),男,1782,146,58,30,0,0,0,1,27,0,88,3,0,29,56,0
112,1,私立,技專校院,1032,明新學校財團法人明新科技大學,博士班,女,0,0,0,0,0,0,0,0,0,0,0,0,0,0,0,0
112,1,私立,技專校院,1032,明新學校財團法人明新科技大學,博士班,男,4,0,0,0,0,0,0,0,0,0,0,0,0,0,0,0
112,1,私立,技專校院,1032,明新學校財團法人明新科技大學,碩士班(日間),女,167,9,5,5,0,0,0,0,0,0,4,2,0,2,0,0
112,1,私立,技專校院,1032,明新學校財團法人明新科技大學,碩士在職專班,女,125,1,1,0,0,0,0,0,1,0,0,0,0,0,0,0
112,1,私立,技專校院,1032,明新學校財團法人明新科技大學,二專(進修),女,67,11,9,2,0,0,0,0,6,1,2,0,0,1,1,0
112,1,私立,技專校院,1032,明新學校財團法人明新科技大學,學士班(日間),女,2447,119,60,41,0,0,0,2,1,16,59,0,0,21,38,0
112,1,私立,技專校院,1032,明新學校財團法人明新科技大學,學士班(進修),女,1132,65,28,13,0,0,0,2,12,1,37,0,0,12,25,0
112,1,私立,技專校院,1032,明新學校財團法人明新科技大學,碩士班(日間),男,200,7,0,0,0,0,0,0,0,0,7,2,0,1,4,0
112,1,私立,技專校院,1032,明新學校財團法人明新科技大學,碩士在職專班,男,195,22,6,0,0,0,0,0,6,0,16,1,1,7,7,0
112,2,私立,一般大學,1033,長榮大學,學士班(日間),女,2586,51,25,24,0,0,1,0,0,0,26,1,0,4,21,0
112,2,私立,一般大學,1033,長榮大學,學士班(日間),男,2521,58,22,22,0,0,0,0,0,0,36,2,0,11,23,0
112,2,私立,一般大學,1033,長榮大學,碩士班(日間),男,85,11,3,3,0,0,0,0,0,0,8,1,0,1,6,0
112,2,私立,一般大學,1033,長榮大學,學士班(進修),女,37,4,0,0,0,0,0,0,0,0,4,0,0,1,3,0
112,2,私立,一般大學,1033,長榮大學,學士班(進修),男,158,12,4,4,0,0,0,0,0,0,8,0,0,2,6,0
112,2,私立,一般大學,1033,長榮大學,博士班,女,15,0,0,0,0,0,0,0,0,0,0,0,0,0,0,0
112,2,私立,一般大學,1033,長榮大學,博士班,男,31,1,0,0,0,0,0,0,0,0,1,0,0,0,1,0
112,2,私立,一般大學,1033,長榮大學,碩士班(日間),女,139,7,3,0,0,0,1,0,2,0,4,0,0,0,4,0
112,2,私立,一般大學,1033,長榮大學,碩士在職專班,女,37,3,1,0,0,0,1,0,0,0,2,0,0,0,2,0
112,2,私立,一般大學,1033,長榮大學,碩士在職專班,男,45,0,0,0,0,0,0,0,0,0,0,0,0,0,0,0
112,1,私立,一般大學,1033,長榮大學,學士班(日間),男,2521,158,72,70,0,0,1,0,1,0,86,8,0,15,63,0
112,1,私立,一般大學,1033,長榮大學,學士班(進修),男,158,31,16,14,0,0,1,0,1,0,15,0,0,6,9,0
112,1,私立,一般大學,1033,長榮大學,博士班,女,15,0,0,0,0,0,0,0,0,0,0,0,0,0,0,0
112,1,私立,一般大學,1033,長榮大學,博士班,男,31,2,0,0,0,0,0,0,0,0,2,0,0,0,2,0
112,1,私立,一般大學,1033,長榮大學,碩士班(日間),女,139,16,2,2,0,0,0,0,0,0,14,2,0,1,11,0
112,1,私立,一般大學,1033,長榮大學,碩士在職專班,女,37,0,0,0,0,0,0,0,0,0,0,0,0,0,0,0
112,1,私立,一般大學,1033,長榮大學,學士班(日間),女,2586,154,99,98,0,0,1,0,0,0,55,2,0,7,46,0
112,1,私立,一般大學,1033,長榮大學,學士班(進修),女,37,10,4,4,0,0,0,0,0,0,6,0,0,2,4,0
112,1,私立,一般大學,1033,長榮大學,碩士班(日間),男,85,16,2,1,0,0,0,0,1,0,14,2,0,0,12,0
112,1,私立,一般大學,1033,長榮大學,碩士在職專班,男,45,6,0,0,0,0,0,0,0,0,6,1,0,2,3,0
112,2,私立,技專校院,1034,弘光科技大學,二專(日間),男,12,1,1,1,0,0,0,0,0,0,0,0,0,0,0,0
112,2,私立,技專校院,1034,弘光科技大學,二專(進修),女,88,17,1,1,0,0,0,0,0,0,16,3,0,11,2,0
112,2,私立,技專校院,1034,弘光科技大學,學士班(日間),女,5000,100,39,34,0,0,1,2,2,0,61,4,0,21,36,0
112,2,私立,技專校院,1034,弘光科技大學,學士班(進修),女,2102,110,12,8,0,0,1,1,2,0,98,11,0,42,45,0
112,2,私立,技專校院,1034,弘光科技大學,五專,女,239,2,2,2,0,0,0,0,0,0,0,0,0,0,0,0
112,2,私立,技專校院,1034,弘光科技大學,五專,男,29,0,0,0,0,0,0,0,0,0,0,0,0,0,0,0
112,2,私立,技專校院,1034,弘光科技大學,碩士班(日間),男,46,3,1,0,0,0,0,0,1,0,2,0,0,0,2,0
112,2,私立,技專校院,1034,弘光科技大學,碩士在職專班,男,29,4,0,0,0,0,0,0,0,0,4,0,0,1,3,0
112,2,私立,技專校院,1034,弘光科技大學,二專(日間),女,16,1,1,1,0,0,0,0,0,0,0,0,0,0,0,0
112,2,私立,技專校院,1034,弘光科技大學,二專(進修),男,11,0,0,0,0,0,0,0,0,0,0,0,0,0,0,0
112,2,私立,技專校院,1034,弘光科技大學,學士班(日間),男,2442,75,22,18,0,0,0,3,1,0,53,12,0,10,31,0
112,2,私立,技專校院,1034,弘光科技大學,學士班(進修),男,1368,92,3,1,0,0,0,0,2,0,89,16,0,44,29,0
112,2,私立,技專校院,1034,弘光科技大學,博士班,女,15,0,0,0,0,0,0,0,0,0,0,0,0,0,0,0
112,2,私立,技專校院,1034,弘光科技大學,博士班,男,1,0,0,0,0,0,0,0,0,0,0,0,0,0,0,0
112,2,私立,技專校院,1034,弘光科技大學,碩士班(日間),女,135,6,0,0,0,0,0,0,0,0,6,0,0,0,6,0
112,2,私立,技專校院,1034,弘光科技大學,碩士在職專班,女,62,4,0,0,0,0,0,0,0,0,4,0,0,1,3,0
112,1,私立,技專校院,1034,弘光科技大學,二專(日間),男,12,0,0,0,0,0,0,0,0,0,0,0,0,0,0,0
112,1,私立,技專校院,1034,弘光科技大學,二專(進修),女,88,13,4,4,0,0,0,0,0,0,9,0,0,6,3,0
112,1,私立,技專校院,1034,弘光科技大學,學士班(日間),女,5000,206,113,94,0,0,2,12,5,0,93,4,0,39,50,0
112,1,私立,技專校院,1034,弘光科技大學,學士班(進修),女,2102,146,37,32,0,0,0,1,4,0,109,8,0,53,48,0
112,1,私立,技專校院,1034,弘光科技大學,學士班(進修),男,1368,149,33,26,0,0,0,1,6,0,116,8,0,75,33,0
112,1,私立,技專校院,1034,弘光科技大學,五專,男,29,0,0,0,0,0,0,0,0,0,0,0,0,0,0,0
112,1,私立,技專校院,1034,弘光科技大學,碩士班(日間),男,46,4,0,0,0,0,0,0,0,0,4,0,0,1,3,0
112,1,私立,技專校院,1034,弘光科技大學,碩士在職專班,男,29,1,0,0,0,0,0,0,0,0,1,0,0,1,0,0
112,1,私立,技專校院,1034,弘光科技大學,二專(日間),女,16,0,0,0,0,0,0,0,0,0,0,0,0,0,0,0
112,1,私立,技專校院,1034,弘光科技大學,二專(進修),男,11,2,1,1,0,0,0,0,0,0,1,0,0,1,0,0
112,1,私立,技專校院,1034,弘光科技大學,學士班(日間),男,2442,145,57,47,0,0,0,9,1,0,88,19,0,41,28,0
112,1,私立,技專校院,1034,弘光科技大學,五專,女,239,6,3,2,0,0,0,0,1,0,3,0,0,1,2,0
112,1,私立,技專校院,1034,弘光科技大學,博士班,女,15,0,0,0,0,0,0,0,0,0,0,0,0,0,0,0
112,1,私立,技專校院,1034,弘光科技大學,博士班,男,1,0,0,0,0,0,0,0,0,0,0,0,0,0,0,0
112,1,私立,技專校院,1034,弘光科技大學,碩士班(日間),女,135,16,1,0,0,0,0,0,1,0,15,0,0,4,11,0
112,1,私立,技專校院,1034,弘光科技大學,碩士在職專班,女,62,7,0,0,0,0,0,0,0,0,7,1,0,1,5,0
112,2,私立,一般大學,1035,中國醫藥大學,博士班,女,176,8,1,1,0,0,0,0,0,0,7,3,0,1,3,0
112,2,私立,一般大學,1035,中國醫藥大學,碩士班(日間),女,331,18,4,3,0,0,0,0,0,1,14,1,0,1,12,0
112,2,私立,一般大學,1035,中國醫藥大學,碩士班(日間),男,165,5,2,2,0,0,0,0,0,0,3,0,0,1,2,0
112,2,私立,一般大學,1035,中國醫藥大學,碩士在職專班,女,58,4,0,0,0,0,0,0,0,0,4,0,0,2,2,0
112,2,私立,一般大學,1035,中國醫藥大學,碩士在職專班,男,23,0,0,0,0,0,0,0,0,0,0,0,0,0,0,0
112,2,私立,一般大學,1035,中國醫藥大學,學士班(日間),女,3666,34,25,23,0,0,1,1,0,0,9,0,0,0,9,0
112,2,私立,一般大學,1035,中國醫藥大學,學士班(日間),男,2690,19,13,12,0,0,0,0,1,0,6,0,0,0,6,0
112,2,私立,一般大學,1035,中國醫藥大學,博士班,男,240,4,2,1,0,0,0,0,1,0,2,0,0,0,2,0
112,1,私立,一般大學,1035,中國醫藥大學,學士班(日間),女,3666,109,67,65,0,0,0,0,0,2,42,0,0,0,42,0
112,1,私立,一般大學,1035,中國醫藥大學,博士班,男,240,9,4,2,0,0,0,1,1,0,5,2,0,0,3,0
112,1,私立,一般大學,1035,中國醫藥大學,碩士班(日間),男,165,11,2,0,0,0,0,1,1,0,9,1,0,0,8,0
112,1,私立,一般大學,1035,中國醫藥大學,碩士在職專班,男,23,1,0,0,0,0,0,0,0,0,1,0,0,0,1,0
112,1,私立,一般大學,1035,中國醫藥大學,學士班(日間),男,2690,81,55,55,0,0,0,0,0,0,26,3,0,0,23,0
112,1,私立,一般大學,1035,中國醫藥大學,博士班,女,176,7,2,2,0,0,0,0,0,0,5,2,0,0,3,0
112,1,私立,一般大學,1035,中國醫藥大學,碩士班(日間),女,331,19,11,6,0,0,0,0,3,2,8,0,0,0,8,0
112,1,私立,一般大學,1035,中國醫藥大學,碩士在職專班,女,58,3,3,2,0,0,0,0,1,0,0,0,0,0,0,0
112,2,私立,技專校院,1036,健行學校財團法人健行科技大學,學士班(日間),女,2064,135,25,17,0,0,2,6,0,0,110,44,4,32,30,0
112,2,私立,技專校院,1036,健行學校財團法人健行科技大學,學士班(日間),男,3430,217,34,15,0,0,2,13,4,0,183,79,5,62,37,0
112,2,私立,技專校院,1036,健行學校財團法人健行科技大學,學士班(進修),男,2185,208,9,6,0,0,0,0,3,0,199,57,1,63,78,0
112,2,私立,技專校院,1036,健行學校財團法人健行科技大學,碩士班(日間),男,184,13,1,1,0,0,0,0,0,0,12,2,0,6,4,0
112,2,私立,技專校院,1036,健行學校財團法人健行科技大學,碩士在職專班,女,16,0,0,0,0,0,0,0,0,0,0,0,0,0,0,0
112,2,私立,技專校院,1036,健行學校財團法人健行科技大學,學士班(進修),女,1340,101,8,5,0,0,1,0,2,0,93,14,7,28,44,0
112,2,私立,技專校院,1036,健行學校財團法人健行科技大學,碩士班(日間),女,168,8,1,0,0,0,0,0,1,0,7,1,0,4,2,0
112,2,私立,技專校院,1036,健行學校財團法人健行科技大學,碩士在職專班,男,14,2,0,0,0,0,0,0,0,0,2,0,0,1,1,0
112,1,私立,技專校院,1036,健行學校財團法人健行科技大學,學士班(日間),男,3430,265,107,91,0,0,3,6,3,4,158,29,0,62,65,2
112,1,私立,技專校院,1036,健行學校財團法人健行科技大學,碩士班(日間),女,168,5,3,3,0,0,0,0,0,0,2,0,0,0,2,0
112,1,私立,技專校院,1036,健行學校財團法人健行科技大學,學士班(日間),女,2064,139,45,42,1,0,2,0,0,0,94,11,0,40,41,2
112,1,私立,技專校院,1036,健行學校財團法人健行科技大學,學士班(進修),女,1340,134,19,17,0,0,1,0,1,0,115,7,4,24,80,0
112,1,私立,技專校院,1036,健行學校財團法人健行科技大學,學士班(進修),男,2185,264,29,24,0,0,0,1,4,0,235,24,4,45,162,0
112,1,私立,技專校院,1036,健行學校財團法人健行科技大學,碩士班(日間),男,184,12,2,0,0,0,0,0,2,0,10,0,0,4,6,0
112,1,私立,技專校院,1036,健行學校財團法人健行科技大學,碩士在職專班,女,16,0,0,0,0,0,0,0,0,0,0,0,0,0,0,0
112,1,私立,技專校院,1036,健行學校財團法人健行科技大學,碩士在職專班,男,14,2,0,0,0,0,0,0,0,0,2,0,0,1,1,0
112,2,私立,技專校院,1037,正修學校財團法人正修科技大學,二專(進修),女,249,14,1,1,0,0,0,0,0,0,13,1,0,7,5,0
112,2,私立,技專校院,1037,正修學校財團法人正修科技大學,學士班(日間),女,2677,99,28,17,0,0,2,2,2,5,71,18,7,21,25,0
112,2,私立,技專校院,1037,正修學校財團法人正修科技大學,學士班(進修),女,2525,121,30,11,2,0,0,0,16,1,91,15,2,20,54,0
112,2,私立,技專校院,1037,正修學校財團法人正修科技大學,學士班(進修),男,3824,222,24,10,0,0,1,1,10,2,198,45,4,56,93,0
112,2,私立,技專校院,1037,正修學校財團法人正修科技大學,五專,男,277,14,1,1,0,0,0,0,0,0,13,11,0,1,1,0
112,2,私立,技專校院,1037,正修學校財團法人正修科技大學,碩士班(日間),男,183,8,0,0,0,0,0,0,0,0,8,0,0,2,6,0
112,2,私立,技專校院,1037,正修學校財團法人正修科技大學,碩士在職專班,男,114,6,0,0,0,0,0,0,0,0,6,1,0,3,2,0
112,2,私立,技專校院,1037,正修學校財團法人正修科技大學,二專(進修),男,402,47,1,0,0,0,0,0,0,1,46,8,1,23,14,0
112,2,私立,技專校院,1037,正修學校財團法人正修科技大學,學士班(日間),男,4892,246,63,38,0,0,1,7,12,5,183,66,14,51,52,0
112,2,私立,技專校院,1037,正修學校財團法人正修科技大學,五專,女,103,10,1,0,0,0,0,0,1,0,9,7,0,1,1,0
112,2,私立,技專校院,1037,正修學校財團法人正修科技大學,博士班,女,1,0,0,0,0,0,0,0,0,0,0,0,0,0,0,0
112,2,私立,技專校院,1037,正修學校財團法人正修科技大學,博士班,男,16,0,0,0,0,0,0,0,0,0,0,0,0,0,0,0
112,2,私立,技專校院,1037,正修學校財團法人正修科技大學,碩士班(日間),女,150,8,0,0,0,0,0,0,0,0,8,1,0,4,3,0
112,2,私立,技專校院,1037,正修學校財團法人正修科技大學,碩士在職專班,女,74,1,0,0,0,0,0,0,0,0,1,0,0,0,1,0
112,1,私立,技專校院,1037,正修學校財團法人正修科技大學,二專(進修),女,249,49,11,6,0,0,0,0,4,1,38,0,0,9,29,0
112,1,私立,技專校院,1037,正修學校財團法人正修科技大學,二專(進修),男,402,61,6,0,0,0,0,0,5,1,55,9,0,16,30,0
112,1,私立,技專校院,1037,正修學校財團法人正修科技大學,學士班(日間),女,2677,197,98,78,0,0,2,2,10,6,99,15,1,18,65,0
112,1,私立,技專校院,1037,正修學校財團法人正修科技大學,學士班(日間),男,4892,343,165,140,0,0,2,5,11,7,178,33,1,44,100,0
112,1,私立,技專校院,1037,正修學校財團法人正修科技大學,五專,女,103,3,1,1,0,0,0,0,0,0,2,0,0,1,1,0
112,1,私立,技專校院,1037,正修學校財團法人正修科技大學,五專,男,277,16,9,8,0,0,0,0,1,0,7,3,0,3,1,0
112,1,私立,技專校院,1037,正修學校財團法人正修科技大學,博士班,女,1,0,0,0,0,0,0,0,0,0,0,0,0,0,0,0
112,1,私立,技專校院,1037,正修學校財團法人正修科技大學,博士班,男,16,0,0,0,0,0,0,0,0,0,0,0,0,0,0,0
112,1,私立,技專校院,1037,正修學校財團法人正修科技大學,學士班(進修),女,2525,250,70,29,0,0,0,1,38,2,180,11,3,37,129,0
112,1,私立,技專校院,1037,正修學校財團法人正修科技大學,學士班(進修),男,3824,373,73,47,0,0,2,0,21,3,300,34,6,79,181,0
112,1,私立,技專校院,1037,正修學校財團法人正修科技大學,碩士班(日間),女,150,14,1,0,0,0,0,1,0,0,13,2,0,3,8,0
112,1,私立,技專校院,1037,正修學校財團法人正修科技大學,碩士班(日間),男,183,16,1,0,0,0,0,0,1,0,15,3,0,2,10,0
112,1,私立,技專校院,1037,正修學校財團法人正修科技大學,碩士在職專班,女,74,6,1,0,0,0,0,0,1,0,5,0,0,0,5,0
112,1,私立,技專校院,1037,正修學校財團法人正修科技大學,碩士在職專班,男,114,20,0,0,0,0,0,0,0,0,20,3,0,2,15,0
112,2,私立,技專校院,1038,萬能學校財團法人萬能科技大學,二專(進修),女,1,1,0,0,0,0,0,0,0,0,1,0,0,0,1,0
112,2,私立,技專校院,1038,萬能學校財團法人萬能科技大學,二專(進修),男,0,0,0,0,0,0,0,0,0,0,0,0,0,0,0,0
112,2,私立,技專校院,1038,萬能學校財團法人萬能科技大學,學士班(日間),女,2206,124,45,35,0,0,1,8,1,0,79,36,4,33,6,0
112,2,私立,技專校院,1038,萬能學校財團法人萬能科技大學,學士班(日間),男,2776,169,54,50,0,0,1,1,2,0,115,52,10,47,6,0
112,2,私立,技專校院,1038,萬能學校財團法人萬能科技大學,學士班(進修),女,1040,106,4,1,0,0,0,1,2,0,102,16,0,59,27,0
112,2,私立,技專校院,1038,萬能學校財團法人萬能科技大學,學士班(進修),男,1380,126,5,1,0,0,0,0,4,0,121,32,0,68,21,0
112,2,私立,技專校院,1038,萬能學校財團法人萬能科技大學,碩士班(日間),女,81,1,0,0,0,0,0,0,0,0,1,1,0,0,0,0
112,2,私立,技專校院,1038,萬能學校財團法人萬能科技大學,碩士班(日間),男,92,2,0,0,0,0,0,0,0,0,2,1,0,1,0,0
112,2,私立,技專校院,1038,萬能學校財團法人萬能科技大學,碩士在職專班,女,88,3,0,0,0,0,0,0,0,0,3,0,0,3,0,0
112,2,私立,技專校院,1038,萬能學校財團法人萬能科技大學,碩士在職專班,男,70,2,0,0,0,0,0,0,0,0,2,0,0,1,1,0
112,1,私立,技專校院,1038,萬能學校財團法人萬能科技大學,二專(進修),女,1,0,0,0,0,0,0,0,0,0,0,0,0,0,0,0
112,1,私立,技專校院,1038,萬能學校財團法人萬能科技大學,學士班(日間),女,2206,159,86,71,0,0,2,9,4,0,73,6,26,34,7,0
112,1,私立,技專校院,1038,萬能學校財團法人萬能科技大學,學士班(進修),女,1040,94,19,14,0,0,0,1,4,0,75,13,0,29,32,1
112,1,私立,技專校院,1038,萬能學校財團法人萬能科技大學,碩士班(日間),男,92,2,1,0,0,0,0,0,1,0,1,0,0,0,1,0
112,1,私立,技專校院,1038,萬能學校財團法人萬能科技大學,碩士在職專班,男,70,4,1,0,0,0,0,0,1,0,3,0,0,1,2,0
112,1,私立,技專校院,1038,萬能學校財團法人萬能科技大學,二專(進修),男,0,0,0,0,0,0,0,0,0,0,0,0,0,0,0,0
112,1,私立,技專校院,1038,萬能學校財團法人萬能科技大學,學士班(日間),男,2776,154,70,59,0,0,0,5,6,0,84,14,31,33,6,0
112,1,私立,技專校院,1038,萬能學校財團法人萬能科技大學,學士班(進修),男,1380,149,26,20,0,0,0,1,5,0,123,29,0,57,37,0
112,1,私立,技專校院,1038,萬能學校財團法人萬能科技大學,碩士班(日間),女,81,0,0,0,0,0,0,0,0,0,0,0,0,0,0,0
112,1,私立,技專校院,1038,萬能學校財團法人萬能科技大學,碩士在職專班,女,88,2,0,0,0,0,0,0,0,0,2,0,0,1,1,0
112,2,私立,一般大學,1039,玄奘大學,學士班(日間),女,662,33,17,4,0,0,4,0,8,1,16,5,0,8,3,0
112,2,私立,一般大學,1039,玄奘大學,學士班(進修),女,20,1,1,1,0,0,0,0,0,0,0,0,0,0,0,0
112,2,私立,一般大學,1039,玄奘大學,學士班(進修),男,8,0,0,0,0,0,0,0,0,0,0,0,0,0,0,0
112,2,私立,一般大學,1039,玄奘大學,碩士班(日間),男,97,6,2,1,0,0,0,0,1,0,4,1,0,3,0,0
112,2,私立,一般大學,1039,玄奘大學,碩士在職專班,男,51,2,0,0,0,0,0,0,0,0,2,0,0,1,1,0
112,2,私立,一般大學,1039,玄奘大學,學士班(日間),男,441,26,12,8,0,0,0,1,3,0,14,2,0,7,5,0
112,2,私立,一般大學,1039,玄奘大學,碩士班(日間),女,166,16,7,2,0,0,1,0,2,2,9,1,0,5,3,0
112,2,私立,一般大學,1039,玄奘大學,碩士在職專班,女,106,4,1,1,0,0,0,0,0,0,3,0,0,1,2,0
112,1,私立,一般大學,1039,玄奘大學,學士班(日間),女,662,74,46,41,0,0,1,0,3,1,28,6,0,7,15,0
112,1,私立,一般大學,1039,玄奘大學,學士班(日間),男,441,52,23,18,0,0,0,0,3,2,29,11,0,10,8,0
112,1,私立,一般大學,1039,玄奘大學,學士班(進修),女,20,2,1,0,0,0,0,0,1,0,1,1,0,0,0,0
112,1,私立,一般大學,1039,玄奘大學,學士班(進修),男,8,1,0,0,0,0,0,0,0,0,1,0,0,0,1,0
112,1,私立,一般大學,1039,玄奘大學,碩士班(日間),女,166,21,5,1,0,0,0,0,2,2,16,2,0,1,13,0
112,1,私立,一般大學,1039,玄奘大學,碩士班(日間),男,97,17,8,1,0,0,1,1,4,1,9,2,0,3,4,0
112,1,私立,一般大學,1039,玄奘大學,碩士在職專班,女,106,6,5,1,0,0,0,0,2,2,1,0,0,0,1,0
112,1,私立,一般大學,1039,玄奘大學,碩士在職專班,男,51,7,1,0,0,0,0,0,1,0,6,1,0,3,2,0
112,2,私立,技專校院,1040,建國科技大學,學士班(進修),女,455,34,3,2,0,0,0,0,1,0,31,7,0,15,9,0
112,2,私立,技專校院,1040,建國科技大學,學士班(進修),男,1118,57,5,3,0,0,1,0,1,0,52,17,0,21,14,0
112,2,私立,技專校院,1040,建國科技大學,碩士班(日間),女,47,4,1,0,0,0,0,0,1,0,3,0,0,2,1,0
112,2,私立,技專校院,1040,建國科技大學,碩士班(日間),男,51,1,0,0,0,0,0,0,0,0,1,1,0,0,0,0
112,2,私立,技專校院,1040,建國科技大學,二專(日間),女,1,1,1,1,0,0,0,0,0,0,0,0,0,0,0,0
112,2,私立,技專校院,1040,建國科技大學,二專(日間),男,8,0,0,0,0,0,0,0,0,0,0,0,0,0,0,0
112,2,私立,技專校院,1040,建國科技大學,二專(進修),女,20,3,0,0,0,0,0,0,0,0,3,0,0,1,2,0
112,2,私立,技專校院,1040,建國科技大學,二專(進修),男,46,7,0,0,0,0,0,0,0,0,7,1,0,5,1,0
112,2,私立,技專校院,1040,建國科技大學,學士班(日間),女,664,43,8,6,1,0,0,1,0,0,35,12,0,10,7,6
112,2,私立,技專校院,1040,建國科技大學,學士班(日間),男,1444,94,13,12,0,0,0,1,0,0,81,23,0,26,17,15
112,1,私立,技專校院,1040,建國科技大學,二專(日間),女,1,0,0,0,0,0,0,0,0,0,0,0,0,0,0,0
112,1,私立,技專校院,1040,建國科技大學,二專(日間),男,8,0,0,0,0,0,0,0,0,0,0,0,0,0,0,0
112,1,私立,技專校院,1040,建國科技大學,二專(進修),女,20,1,0,0,0,0,0,0,0,0,1,0,0,1,0,0
112,1,私立,技專校院,1040,建國科技大學,學士班(日間),女,664,62,17,13,0,0,0,1,1,2,45,9,0,19,17,0
112,1,私立,技專校院,1040,建國科技大學,學士班(進修),女,455,47,9,6,0,0,0,1,2,0,38,2,0,18,18,0
112,1,私立,技專校院,1040,建國科技大學,碩士班(日間),男,51,3,2,1,0,0,0,0,1,0,1,0,0,0,1,0
112,1,私立,技專校院,1040,建國科技大學,二專(進修),男,46,3,0,0,0,0,0,0,0,0,3,0,0,1,2,0
112,1,私立,技專校院,1040,建國科技大學,學士班(日間),男,1444,127,33,29,0,0,0,0,3,1,94,28,0,29,37,0
112,1,私立,技專校院,1040,建國科技大學,學士班(進修),男,1118,108,32,23,0,0,0,0,9,0,76,6,0,27,42,1
112,1,私立,技專校院,1040,建國科技大學,碩士班(日間),女,47,3,0,0,0,0,0,0,0,0,3,0,0,3,0,0
112,2,私立,技專校院,1041,明志科技大學,學士班(日間),男,2555,39,17,14,0,0,0,0,2,1,22,1,2,1,18,0
112,2,私立,技專校院,1041,明志科技大學,博士班,男,45,2,0,0,0,0,0,0,0,0,2,0,0,1,1,0
112,2,私立,技專校院,1041,明志科技大學,碩士班(日間),女,133,3,2,0,0,0,0,2,0,0,1,0,0,1,0,0
112,2,私立,技專校院,1041,明志科技大學,碩士在職專班,女,4,0,0,0,0,0,0,0,0,0,0,0,0,0,0,0
112,2,私立,技專校院,1041,明志科技大學,學士班(日間),女,1039,10,6,5,0,0,0,0,1,0,4,0,0,0,4,0
112,2,私立,技專校院,1041,明志科技大學,學士班(進修),女,6,2,0,0,0,0,0,0,0,0,2,0,1,1,0,0
112,2,私立,技專校院,1041,明志科技大學,學士班(進修),男,103,10,1,0,0,0,1,0,0,0,9,4,4,1,0,0
112,2,私立,技專校院,1041,明志科技大學,博士班,女,17,0,0,0,0,0,0,0,0,0,0,0,0,0,0,0
112,2,私立,技專校院,1041,明志科技大學,碩士班(日間),男,402,11,2,1,0,0,0,0,1,0,9,0,0,1,8,0
112,2,私立,技專校院,1041,明志科技大學,碩士在職專班,男,23,2,0,0,0,0,0,0,0,0,2,1,0,1,0,0
112,1,私立,技專校院,1041,明志科技大學,學士班(進修),女,6,0,0,0,0,0,0,0,0,0,0,0,0,0,0,0
112,1,私立,技專校院,1041,明志科技大學,學士班(進修),男,103,8,2,2,0,0,0,0,0,0,6,1,1,0,4,0
112,1,私立,技專校院,1041,明志科技大學,博士班,女,17,1,0,0,0,0,0,0,0,0,1,0,0,0,1,0
112,1,私立,技專校院,1041,明志科技大學,碩士班(日間),女,133,1,0,0,0,0,0,0,0,0,1,0,0,1,0,0
112,1,私立,技專校院,1041,明志科技大學,碩士班(日間),男,402,15,1,0,0,0,0,1,0,0,14,1,0,8,5,0
112,1,私立,技專校院,1041,明志科技大學,碩士在職專班,女,4,0,0,0,0,0,0,0,0,0,0,0,0,0,0,0
112,1,私立,技專校院,1041,明志科技大學,碩士在職專班,男,23,1,1,0,0,0,0,0,1,0,0,0,0,0,0,0
112,1,私立,技專校院,1041,明志科技大學,學士班(日間),女,1039,33,21,19,0,0,0,0,0,2,12,0,0,7,5,0
112,1,私立,技專校院,1041,明志科技大學,學士班(日間),男,2555,87,41,38,0,0,0,0,2,1,46,9,0,24,13,0
112,1,私立,技專校院,1041,明志科技大學,博士班,男,45,3,0,0,0,0,0,0,0,0,3,0,1,0,2,0
112,2,私立,技專校院,1042,台鋼學校財團法人台鋼科技大學,二專(進修),男,14,1,0,0,0,0,0,0,0,0,1,0,0,1,0,0
112,2,私立,技專校院,1042,台鋼學校財團法人台鋼科技大學,學士班(日間),男,403,15,5,2,0,0,0,0,3,0,10,3,0,5,2,0
112,2,私立,技專校院,1042,台鋼學校財團法人台鋼科技大學,學士班(進修),男,341,16,2,1,0,0,0,0,1,0,14,2,0,5,7,0
112,2,私立,技專校院,1042,台鋼學校財團法人台鋼科技大學,五專,女,1,0,0,0,0,0,0,0,0,0,0,0,0,0,0,0
112,2,私立,技專校院,1042,台鋼學校財團法人台鋼科技大學,五專,男,0,0,0,0,0,0,0,0,0,0,0,0,0,0,0,0
112,2,私立,技專校院,1042,台鋼學校財團法人台鋼科技大學,碩士班(日間),女,17,2,2,0,0,0,1,0,1,0,0,0,0,0,0,0
112,2,私立,技專校院,1042,台鋼學校財團法人台鋼科技大學,二專(進修),女,12,1,0,0,0,0,0,0,0,0,1,0,0,1,0,0
112,2,私立,技專校院,1042,台鋼學校財團法人台鋼科技大學,學士班(日間),女,276,10,3,0,0,0,3,0,0,0,7,0,0,7,0,0
112,2,私立,技專校院,1042,台鋼學校財團法人台鋼科技大學,學士班(進修),女,115,5,1,0,0,0,0,0,1,0,4,0,0,1,3,0
112,2,私立,技專校院,1042,台鋼學校財團法人台鋼科技大學,碩士班(日間),男,25,4,3,0,0,0,0,0,3,0,1,0,0,0,1,0
112,2,私立,技專校院,1042,台鋼學校財團法人台鋼科技大學,碩士在職專班,女,6,1,0,0,0,0,0,0,0,0,1,0,0,0,1,0
112,2,私立,技專校院,1042,台鋼學校財團法人台鋼科技大學,碩士在職專班,男,25,6,0,0,0,0,0,0,0,0,6,1,0,1,4,0
112,1,私立,技專校院,1042,台鋼學校財團法人台鋼科技大學,二專(進修),女,12,4,1,0,0,0,0,0,0,1,3,0,0,0,3,0
112,1,私立,技專校院,1042,台鋼學校財團法人台鋼科技大學,學士班(進修),女,115,8,3,2,0,0,0,0,1,0,5,0,0,1,4,0
112,1,私立,技專校院,1042,台鋼學校財團法人台鋼科技大學,碩士班(日間),女,17,5,3,0,0,0,0,1,1,1,2,1,0,1,0,0
112,1,私立,技專校院,1042,台鋼學校財團法人台鋼科技大學,碩士班(日間),男,25,6,4,0,0,0,0,0,3,1,2,0,0,2,0,0
112,1,私立,技專校院,1042,台鋼學校財團法人台鋼科技大學,碩士在職專班,男,25,4,0,0,0,0,0,0,0,0,4,0,0,0,4,0
112,1,私立,技專校院,1042,台鋼學校財團法人台鋼科技大學,二專(進修),男,14,22,2,2,0,0,0,0,0,0,20,0,0,0,20,0
112,1,私立,技專校院,1042,台鋼學校財團法人台鋼科技大學,學士班(日間),女,276,8,5,2,1,0,0,1,0,1,3,0,0,3,0,0
112,1,私立,技專校院,1042,台鋼學校財團法人台鋼科技大學,學士班(日間),男,403,36,7,4,0,0,0,0,2,1,29,2,5,22,0,0
112,1,私立,技專校院,1042,台鋼學校財團法人台鋼科技大學,學士班(進修),男,341,58,5,2,0,0,0,0,3,0,53,2,0,13,38,0
112,1,私立,技專校院,1042,台鋼學校財團法人台鋼科技大學,五專,女,1,0,0,0,0,0,0,0,0,0,0,0,0,0,0,0
112,1,私立,技專校院,1042,台鋼學校財團法人台鋼科技大學,五專,男,0,2,2,2,0,0,0,0,0,0,0,0,0,0,0,0
112,1,私立,技專校院,1042,台鋼學校財團法人台鋼科技大學,碩士在職專班,女,6,2,0,0,0,0,0,0,0,0,2,0,0,2,0,0
112,2,私立,技專校院,1043,大仁科技大學,碩士班(日間),女,46,3,0,0,0,0,0,0,0,0,3,0,0,3,0,0
112,2,私立,技專校院,1043,大仁科技大學,碩士在職專班,男,75,4,0,0,0,0,0,0,0,0,4,0,0,4,0,0
112,2,私立,技專校院,1043,大仁科技大學,二專(進修),女,34,5,0,0,0,0,0,0,0,0,5,0,0,4,1,0
112,2,私立,技專校院,1043,大仁科技大學,二專(進修),男,29,3,2,2,0,0,0,0,0,0,1,0,0,1,0,0
112,2,私立,技專校院,1043,大仁科技大學,學士班(日間),女,1267,31,17,15,0,0,0,0,2,0,14,1,0,11,2,0
112,2,私立,技專校院,1043,大仁科技大學,學士班(日間),男,1051,22,10,7,0,0,0,1,2,0,12,6,0,6,0,0
112,2,私立,技專校院,1043,大仁科技大學,學士班(進修),女,819,41,9,4,0,0,2,0,3,0,32,0,0,23,9,0
112,2,私立,技專校院,1043,大仁科技大學,學士班(進修),男,438,36,6,0,0,0,0,0,6,0,30,3,0,19,8,0
112,2,私立,技專校院,1043,大仁科技大學,碩士班(日間),男,34,4,1,0,0,0,0,1,0,0,3,0,0,3,0,0
112,2,私立,技專校院,1043,大仁科技大學,碩士在職專班,女,70,0,0,0,0,0,0,0,0,0,0,0,0,0,0,0
112,1,私立,技專校院,1043,大仁科技大學,二專(進修),女,34,6,0,0,0,0,0,0,0,0,6,0,0,6,0,0
112,1,私立,技專校院,1043,大仁科技大學,學士班(日間),女,1267,192,31,25,0,0,0,2,4,0,161,2,0,15,144,0
112,1,私立,技專校院,1043,大仁科技大學,學士班(進修),女,819,59,14,7,0,0,0,1,6,0,45,0,0,35,10,0
112,1,私立,技專校院,1043,大仁科技大學,學士班(進修),男,438,42,12,8,0,0,0,0,3,1,30,0,0,23,7,0
112,1,私立,技專校院,1043,大仁科技大學,碩士班(日間),男,34,6,0,0,0,0,0,0,0,0,6,0,0,3,3,0
112,1,私立,技專校院,1043,大仁科技大學,碩士在職專班,女,70,12,1,1,0,0,0,0,0,0,11,0,0,8,3,0
112,1,私立,技專校院,1043,大仁科技大學,碩士在職專班,男,75,9,1,1,0,0,0,0,0,0,8,0,0,7,1,0
112,1,私立,技專校院,1043,大仁科技大學,二專(進修),男,29,10,0,0,0,0,0,0,0,0,10,0,0,10,0,0
112,1,私立,技專校院,1043,大仁科技大學,學士班(日間),男,1051,273,34,30,0,0,0,1,3,0,239,1,0,23,215,0
112,1,私立,技專校院,1043,大仁科技大學,碩士班(日間),女,46,8,0,0,0,0,0,0,0,0,8,0,0,3,5,0
112,2,私立,技專校院,1044,聖約翰科技大學,二專(進修),男,17,0,0,0,0,0,0,0,0,0,0,0,0,0,0,0
112,2,私立,技專校院,1044,聖約翰科技大學,學士班(日間),男,199,13,0,0,0,0,0,0,0,0,13,5,0,2,6,0
112,2,私立,技專校院,1044,聖約翰科技大學,五專,女,5,2,0,0,0,0,0,0,0,0,2,0,0,0,2,0
112,2,私立,技專校院,1044,聖約翰科技大學,五專,男,41,3,1,1,0,0,0,0,0,0,2,0,0,0,2,0
112,2,私立,技專校院,1044,聖約翰科技大學,碩士班(日間),女,8,1,0,0,0,0,0,0,0,0,1,1,0,0,0,0
112,2,私立,技專校院,1044,聖約翰科技大學,碩士在職專班,女,14,3,1,0,0,0,0,0,1,0,2,1,0,0,1,0
112,2,私立,技專校院,1044,聖約翰科技大學,二專(進修),女,8,0,0,0,0,0,0,0,0,0,0,0,0,0,0,0
112,2,私立,技專校院,1044,聖約翰科技大學,學士班(日間),女,130,6,0,0,0,0,0,0,0,0,6,2,0,1,3,0
112,2,私立,技專校院,1044,聖約翰科技大學,學士班(進修),女,18,1,0,0,0,0,0,0,0,0,1,0,0,0,1,0
112,2,私立,技專校院,1044,聖約翰科技大學,學士班(進修),男,95,6,1,0,0,0,0,0,1,0,5,0,0,0,5,0
112,2,私立,技專校院,1044,聖約翰科技大學,碩士班(日間),男,29,7,0,0,0,0,0,0,0,0,7,2,0,1,4,0
112,2,私立,技專校院,1044,聖約翰科技大學,碩士在職專班,男,43,8,0,0,0,0,0,0,0,0,8,4,0,2,2,0
112,1,私立,技專校院,1044,聖約翰科技大學,二專(進修),女,8,1,0,0,0,0,0,0,0,0,1,0,0,0,1,0
112,1,私立,技專校院,1044,聖約翰科技大學,學士班(日間),女,130,9,3,2,0,0,1,0,0,0,6,1,0,0,5,0
112,1,私立,技專校院,1044,聖約翰科技大學,學士班(進修),女,18,1,0,0,0,0,0,0,0,0,1,0,0,1,0,0
112,1,私立,技專校院,1044,聖約翰科技大學,學士班(進修),男,95,8,1,0,0,0,0,0,1,0,7,1,0,0,6,0
112,1,私立,技專校院,1044,聖約翰科技大學,碩士班(日間),女,8,1,1,1,0,0,0,0,0,0,0,0,0,0,0,0
112,1,私立,技專校院,1044,聖約翰科技大學,碩士班(日間),男,29,6,1,0,0,0,0,0,1,0,5,2,0,0,3,0
112,1,私立,技專校院,1044,聖約翰科技大學,碩士在職專班,男,43,6,1,0,0,0,0,0,1,0,5,0,0,0,5,0
112,1,私立,技專校院,1044,聖約翰科技大學,二專(進修),男,17,0,0,0,0,0,0,0,0,0,0,0,0,0,0,0
112,1,私立,技專校院,1044,聖約翰科技大學,學士班(日間),男,199,18,8,7,0,0,0,1,0,0,10,1,0,0,9,0
112,1,私立,技專校院,1044,聖約翰科技大學,五專,女,5,1,1,1,0,0,0,0,0,0,0,0,0,0,0,0
112,1,私立,技專校院,1044,聖約翰科技大學,五專,男,41,4,4,2,0,0,0,0,2,0,0,0,0,0,0,0
112,1,私立,技專校院,1044,聖約翰科技大學,碩士在職專班,女,14,0,0,0,0,0,0,0,0,0,0,0,0,0,0,0
112,2,私立,技專校院,1045,嶺東科技大學,學士班(進修),女,1116,79,5,4,0,0,0,0,1,0,74,5,0,38,31,0
112,2,私立,技專校院,1045,嶺東科技大學,學士班(進修),男,1207,91,3,3,0,0,0,0,0,0,88,7,0,46,35,0
112,2,私立,技專校院,1045,嶺東科技大學,碩士班(日間),女,131,19,1,0,0,0,0,0,1,0,18,10,0,2,6,0
112,2,私立,技專校院,1045,嶺東科技大學,碩士在職專班,女,77,8,0,0,0,0,0,0,0,0,8,0,0,6,2,0
112,2,私立,技專校院,1045,嶺東科技大學,碩士在職專班,男,91,5,0,0,0,0,0,0,0,0,5,0,0,2,3,0
112,2,私立,技專校院,1045,嶺東科技大學,學士班(日間),女,3712,171,53,50,1,0,0,1,1,0,118,35,0,46,37,0
112,2,私立,技專校院,1045,嶺東科技大學,學士班(日間),男,2239,156,38,36,0,0,0,1,1,0,118,56,0,37,25,0
112,2,私立,技專校院,1045,嶺東科技大學,碩士班(日間),男,108,13,0,0,0,0,0,0,0,0,13,4,0,7,2,0
112,1,私立,技專校院,1045,嶺東科技大學,學士班(日間),男,2239,160,76,76,0,0,0,0,0,0,84,8,0,22,54,0
112,1,私立,技專校院,1045,嶺東科技大學,學士班(進修),男,1207,184,33,29,0,0,0,0,4,0,151,45,0,44,62,0
112,1,私立,技專校院,1045,嶺東科技大學,碩士班(日間),女,131,14,0,0,0,0,0,0,0,0,14,1,0,1,12,0
112,1,私立,技專校院,1045,嶺東科技大學,碩士在職專班,女,77,11,0,0,0,0,0,0,0,0,11,1,0,1,9,0
112,1,私立,技專校院,1045,嶺東科技大學,學士班(日間),女,3712,196,107,102,0,0,1,2,1,1,89,7,0,31,51,0
112,1,私立,技專校院,1045,嶺東科技大學,學士班(進修),女,1116,168,48,45,0,0,0,0,3,0,120,29,0,44,47,0
112,1,私立,技專校院,1045,嶺東科技大學,碩士班(日間),男,108,25,0,0,0,0,0,0,0,0,25,1,0,0,24,0
112,1,私立,技專校院,1045,嶺東科技大學,碩士在職專班,男,91,19,0,0,0,0,0,0,0,0,19,3,0,3,13,0
112,2,私立,技專校院,1046,中國科技大學,二專(進修),女,95,9,1,1,0,0,0,0,0,0,8,0,0,3,5,0
112,2,私立,技專校院,1046,中國科技大學,學士班(日間),女,2378,94,25,25,0,0,0,0,0,0,69,4,0,35,29,1
112,2,私立,技專校院,1046,中國科技大學,學士班(進修),女,575,36,3,1,0,0,0,1,1,0,33,5,0,11,17,0
112,2,私立,技專校院,1046,中國科技大學,學士班(進修),男,763,72,10,6,0,0,0,1,3,0,62,6,0,27,29,0
112,2,私立,技專校院,1046,中國科技大學,碩士班(日間),女,68,6,0,0,0,0,0,0,0,0,6,2,0,2,2,0
112,2,私立,技專校院,1046,中國科技大學,碩士班(日間),男,95,10,0,0,0,0,0,0,0,0,10,2,0,3,5,0
112,2,私立,技專校院,1046,中國科技大學,碩士在職專班,男,38,3,1,0,0,0,0,0,0,1,2,0,0,1,1,0
112,2,私立,技專校院,1046,中國科技大學,二專(進修),男,103,17,0,0,0,0,0,0,0,0,17,1,0,10,6,0
112,2,私立,技專校院,1046,中國科技大學,學士班(日間),男,2079,122,20,18,0,0,0,0,1,1,102,14,0,38,42,8
112,2,私立,技專校院,1046,中國科技大學,碩士在職專班,女,17,1,0,0,0,0,0,0,0,0,1,0,0,0,1,0
112,1,私立,技專校院,1046,中國科技大學,二專(進修),女,95,22,3,2,0,0,0,0,0,1,19,0,0,9,10,0
112,1,私立,技專校院,1046,中國科技大學,二專(進修),男,103,27,3,2,0,0,0,0,1,0,24,0,0,15,9,0
112,1,私立,技專校院,1046,中國科技大學,學士班(日間),女,2378,199,73,71,0,0,0,1,1,0,126,13,0,40,62,11
112,1,私立,技專校院,1046,中國科技大學,學士班(日間),男,2079,194,57,55,0,0,0,1,0,1,137,23,0,47,47,20
112,1,私立,技專校院,1046,中國科技大學,學士班(進修),女,575,47,15,12,0,0,0,0,2,1,32,0,0,19,13,0
112,1,私立,技專校院,1046,中國科技大學,學士班(進修),男,763,96,24,20,0,0,0,0,1,3,72,1,0,37,34,0
112,1,私立,技專校院,1046,中國科技大學,碩士班(日間),女,68,15,1,0,0,0,0,0,1,0,14,1,0,4,9,0
112,1,私立,技專校院,1046,中國科技大學,碩士班(日間),男,95,10,0,0,0,0,0,0,0,0,10,1,0,2,7,0
112,1,私立,技專校院,1046,中國科技大學,碩士在職專班,女,17,0,0,0,0,0,0,0,0,0,0,0,0,0,0,0
112,1,私立,技專校院,1046,中國科技大學,碩士在職專班,男,38,3,0,0,0,0,0,0,0,0,3,0,0,0,3,0
112,2,私立,技專校院,1047,中臺科技大學,二專(日間),女,2,0,0,0,0,0,0,0,0,0,0,0,0,0,0,0
112,2,私立,技專校院,1047,中臺科技大學,二專(日間),男,1,0,0,0,0,0,0,0,0,0,0,0,0,0,0,0
112,2,私立,技專校院,1047,中臺科技大學,學士班(日間),女,2364,73,23,18,0,0,0,4,1,0,50,4,0,0,46,0
112,2,私立,技專校院,1047,中臺科技大學,博士班,女,2,0,0,0,0,0,0,0,0,0,0,0,0,0,0,0
112,2,私立,技專校院,1047,中臺科技大學,碩士班(日間),男,33,2,1,0,0,0,1,0,0,0,1,0,0,0,1,0
112,2,私立,技專校院,1047,中臺科技大學,碩士在職專班,男,43,3,1,0,0,0,0,0,1,0,2,0,0,0,2,0
112,2,私立,技專校院,1047,中臺科技大學,學士班(日間),男,1469,41,12,9,0,0,0,1,2,0,29,6,0,0,23,0
112,2,私立,技專校院,1047,中臺科技大學,學士班(進修),女,1563,63,11,5,0,0,1,1,4,0,52,4,0,0,48,0
112,2,私立,技專校院,1047,中臺科技大學,學士班(進修),男,526,40,6,6,0,0,0,0,0,0,34,1,0,0,33,0
112,2,私立,技專校院,1047,中臺科技大學,博士班,男,7,0,0,0,0,0,0,0,0,0,0,0,0,0,0,0
112,2,私立,技專校院,1047,中臺科技大學,碩士班(日間),女,95,1,0,0,0,0,0,0,0,0,1,0,0,0,1,0
112,2,私立,技專校院,1047,中臺科技大學,碩士在職專班,女,235,8,0,0,0,0,0,0,0,0,8,0,0,0,8,0
112,1,私立,技專校院,1047,中臺科技大學,二專(日間),女,2,0,0,0,0,0,0,0,0,0,0,0,0,0,0,0
112,1,私立,技專校院,1047,中臺科技大學,學士班(日間),男,1469,91,45,42,0,0,1,0,2,0,46,12,0,0,34,0
112,1,私立,技專校院,1047,中臺科技大學,學士班(進修),女,1563,90,23,19,0,0,1,1,2,0,67,4,0,2,61,0
112,1,私立,技專校院,1047,中臺科技大學,博士班,男,7,0,0,0,0,0,0,0,0,0,0,0,0,0,0,0
112,1,私立,技專校院,1047,中臺科技大學,碩士班(日間),女,95,6,0,0,0,0,0,0,0,0,6,0,0,0,6,0
112,1,私立,技專校院,1047,中臺科技大學,碩士在職專班,女,235,13,0,0,0,0,0,0,0,0,13,5,0,0,8,0
112,1,私立,技專校院,1047,中臺科技大學,二專(日間),男,1,0,0,0,0,0,0,0,0,0,0,0,0,0,0,0
112,1,私立,技專校院,1047,中臺科技大學,學士班(日間),女,2364,120,59,55,0,0,1,0,3,0,61,9,0,0,52,0
112,1,私立,技專校院,1047,中臺科技大學,學士班(進修),男,526,63,21,15,0,0,1,1,4,0,42,1,0,2,39,0
112,1,私立,技專校院,1047,中臺科技大學,博士班,女,2,0,0,0,0,0,0,0,0,0,0,0,0,0,0,0
112,1,私立,技專校院,1047,中臺科技大學,碩士班(日間),男,33,3,1,0,0,0,0,0,1,0,2,0,0,0,2,0
112,1,私立,技專校院,1047,中臺科技大學,碩士在職專班,男,43,5,2,1,0,0,0,0,1,0,3,0,0,0,3,0
112,2,私立,一般大學,1048,亞洲大學,學士班(日間),男,3186,96,34,32,0,0,0,1,1,0,62,4,0,25,33,0
112,2,私立,一般大學,1048,亞洲大學,學士班(進修),男,206,11,1,1,0,0,0,0,0,0,10,1,0,6,3,0
112,2,私立,一般大學,1048,亞洲大學,博士班,女,90,5,0,0,0,0,0,0,0,0,5,2,0,2,1,0
112,2,私立,一般大學,1048,亞洲大學,博士班,男,134,6,4,3,0,0,0,0,1,0,2,2,0,0,0,0
112,2,私立,一般大學,1048,亞洲大學,碩士班(日間),女,432,20,2,2,0,0,0,0,0,0,18,5,0,7,6,0
112,2,私立,一般大學,1048,亞洲大學,碩士在職專班,女,230,13,4,3,0,0,0,0,1,0,9,0,0,5,4,0
112,2,私立,一般大學,1048,亞洲大學,學士班(日間),女,5883,72,31,29,0,0,0,1,1,0,41,4,0,16,21,0
112,2,私立,一般大學,1048,亞洲大學,學士班(進修),女,237,10,0,0,0,0,0,0,0,0,10,0,0,5,5,0
112,2,私立,一般大學,1048,亞洲大學,碩士班(日間),男,263,33,2,2,0,0,0,0,0,0,31,13,0,12,6,0
112,2,私立,一般大學,1048,亞洲大學,碩士在職專班,男,197,12,1,1,0,0,0,0,0,0,11,3,0,8,0,0
112,1,私立,一般大學,1048,亞洲大學,學士班(日間),女,5883,279,168,167,0,0,0,0,1,0,111,12,0,50,49,0
112,1,私立,一般大學,1048,亞洲大學,學士班(進修),女,237,59,23,21,0,0,0,1,1,0,36,2,0,24,10,0
112,1,私立,一般大學,1048,亞洲大學,學士班(進修),男,206,49,19,18,0,0,0,1,0,0,30,5,0,19,6,0
112,1,私立,一般大學,1048,亞洲大學,碩士班(日間),男,263,36,1,0,0,0,0,0,1,0,35,1,0,25,9,0
112,1,私立,一般大學,1048,亞洲大學,碩士在職專班,男,197,19,2,0,0,0,0,0,1,1,17,2,0,6,9,0
112,1,私立,一般大學,1048,亞洲大學,學士班(日間),男,3186,205,98,93,0,0,0,3,2,0,107,11,0,54,42,0
112,1,私立,一般大學,1048,亞洲大學,博士班,女,90,9,1,0,0,0,0,1,0,0,8,0,0,4,4,0
112,1,私立,一般大學,1048,亞洲大學,博士班,男,134,11,1,0,0,0,0,1,0,0,10,5,0,3,2,0
112,1,私立,一般大學,1048,亞洲大學,碩士班(日間),女,432,39,5,1,0,0,0,0,3,1,34,3,0,18,13,0
112,1,私立,一般大學,1048,亞洲大學,碩士在職專班,女,230,20,0,0,0,0,0,0,0,0,20,4,0,10,6,0
112,2,私立,一般大學,1049,開南大學,學士班(日間),男,1365,99,19,19,0,0,0,0,0,0,80,19,0,36,25,0
112,2,私立,一般大學,1049,開南大學,碩士班(日間),女,131,13,1,1,0,0,0,0,0,0,12,2,0,2,8,0
112,2,私立,一般大學,1049,開南大學,碩士在職專班,女,131,2,0,0,0,0,0,0,0,0,2,1,0,0,1,0
112,2,私立,一般大學,1049,開南大學,學士班(日間),女,1335,107,28,25,0,0,0,0,1,2,79,12,0,41,26,0
112,2,私立,一般大學,1049,開南大學,學士班(進修),女,433,39,8,4,0,0,0,0,3,1,31,0,0,26,5,0
112,2,私立,一般大學,1049,開南大學,學士班(進修),男,543,55,14,11,0,0,0,0,3,0,41,3,0,23,15,0
112,2,私立,一般大學,1049,開南大學,碩士班(日間),男,84,9,2,1,0,0,0,0,1,0,7,2,0,3,2,0
112,2,私立,一般大學,1049,開南大學,碩士在職專班,男,172,3,0,0,0,0,0,0,0,0,3,1,0,1,1,0
112,1,私立,一般大學,1049,開南大學,學士班(日間),女,1335,118,66,63,0,0,2,0,0,1,52,3,0,27,22,0
112,1,私立,一般大學,1049,開南大學,學士班(進修),女,433,45,17,3,0,0,1,0,13,0,28,0,0,11,17,0
112,1,私立,一般大學,1049,開南大學,學士班(進修),男,543,45,12,11,0,0,0,0,0,1,33,1,0,12,20,0
112,1,私立,一般大學,1049,開南大學,碩士班(日間),女,131,11,2,1,0,0,0,0,1,0,9,1,0,3,5,0
112,1,私立,一般大學,1049,開南大學,碩士班(日間),男,84,11,1,0,0,0,0,0,1,0,10,1,0,1,8,0
112,1,私立,一般大學,1049,開南大學,碩士在職專班,女,131,7,0,0,0,0,0,0,0,0,7,0,0,2,5,0
112,1,私立,一般大學,1049,開南大學,碩士在職專班,男,172,15,1,0,0,0,0,0,1,0,14,0,0,4,10,0
112,1,私立,一般大學,1049,開南大學,學士班(日間),男,1365,123,65,63,0,1,1,0,0,0,58,7,0,28,23,0
112,2,私立,一般大學,1050,佛光大學,碩士班(日間),女,263,17,3,1,0,0,0,0,2,0,14,1,0,13,0,0
112,2,私立,一般大學,1050,佛光大學,碩士班(日間),男,187,15,1,0,0,0,0,0,1,0,14,3,0,11,0,0
112,2,私立,一般大學,1050,佛光大學,碩士在職專班,女,65,1,0,0,0,0,0,0,0,0,1,0,0,1,0,0
112,2,私立,一般大學,1050,佛光大學,碩士在職專班,男,41,2,0,0,0,0,0,0,0,0,2,0,0,2,0,0
112,2,私立,一般大學,1050,佛光大學,學士班(日間),女,1090,29,15,12,0,0,0,0,2,1,14,0,0,13,1,0
112,2,私立,一般大學,1050,佛光大學,學士班(日間),男,1047,41,21,15,0,0,0,1,4,1,20,2,0,18,0,0
112,2,私立,一般大學,1050,佛光大學,博士班,女,47,0,0,0,0,0,0,0,0,0,0,0,0,0,0,0
112,2,私立,一般大學,1050,佛光大學,博士班,男,24,0,0,0,0,0,0,0,0,0,0,0,0,0,0,0
112,1,私立,一般大學,1050,佛光大學,學士班(日間),女,1090,80,46,44,0,0,1,0,1,0,34,3,0,31,0,0
112,1,私立,一般大學,1050,佛光大學,學士班(日間),男,1047,100,44,39,0,0,0,0,5,0,56,11,0,45,0,0
112,1,私立,一般大學,1050,佛光大學,博士班,女,47,0,0,0,0,0,0,0,0,0,0,0,0,0,0,0
112,1,私立,一般大學,1050,佛光大學,碩士班(日間),男,187,20,2,0,0,0,0,0,2,0,18,5,0,13,0,0
112,1,私立,一般大學,1050,佛光大學,博士班,男,24,2,1,0,0,0,0,0,1,0,1,1,0,0,0,0
112,1,私立,一般大學,1050,佛光大學,碩士班(日間),女,263,26,2,0,0,0,0,0,2,0,24,11,0,13,0,0
112,1,私立,一般大學,1050,佛光大學,碩士在職專班,女,65,2,0,0,0,0,0,0,0,0,2,2,0,0,0,0
112,1,私立,一般大學,1050,佛光大學,碩士在職專班,男,41,12,2,1,0,0,0,0,1,0,10,7,0,3,0,0
112,2,私立,技專校院,1051,台南家專學校財團法人台南應用科技大學,學士班(日間),女,4927,282,63,47,0,0,2,5,6,3,219,2,0,1,216,0
112,2,私立,技專校院,1051,台南家專學校財團法人台南應用科技大學,學士班(進修),女,1096,33,12,8,0,0,0,0,4,0,21,0,0,0,21,0
112,2,私立,技專校院,1051,台南家專學校財團法人台南應用科技大學,學士班(進修),男,592,24,18,9,0,0,1,0,8,0,6,0,0,0,6,0
112,2,私立,技專校院,1051,台南家專學校財團法人台南應用科技大學,五專,女,651,29,13,12,0,0,1,0,0,0,16,0,0,0,16,0
112,2,私立,技專校院,1051,台南家專學校財團法人台南應用科技大學,碩士班(日間),男,40,8,0,0,0,0,0,0,0,0,8,0,0,0,8,0
112,2,私立,技專校院,1051,台南家專學校財團法人台南應用科技大學,碩士在職專班,男,24,1,1,0,0,0,0,1,0,0,0,0,0,0,0,0
112,2,私立,技專校院,1051,台南家專學校財團法人台南應用科技大學,學士班(日間),男,1972,151,25,20,0,0,0,1,3,1,126,3,0,3,120,0
112,2,私立,技專校院,1051,台南家專學校財團法人台南應用科技大學,五專,男,200,8,3,2,0,0,0,0,0,1,5,0,0,0,5,0
112,2,私立,技專校院,1051,台南家專學校財團法人台南應用科技大學,碩士班(日間),女,79,8,1,0,0,0,0,0,1,0,7,0,0,0,7,0
112,2,私立,技專校院,1051,台南家專學校財團法人台南應用科技大學,碩士在職專班,女,79,1,0,0,0,0,0,0,0,0,1,0,0,0,1,0
112,1,私立,技專校院,1051,台南家專學校財團法人台南應用科技大學,學士班(日間),男,1972,113,87,76,0,0,0,1,6,4,26,15,0,11,0,0
112,1,私立,技專校院,1051,台南家專學校財團法人台南應用科技大學,學士班(進修),男,592,53,21,17,0,0,0,0,4,0,32,10,0,9,13,0
112,1,私立,技專校院,1051,台南家專學校財團法人台南應用科技大學,五專,女,651,22,20,19,0,0,1,0,0,0,2,2,0,0,0,0
112,1,私立,技專校院,1051,台南家專學校財團法人台南應用科技大學,五專,男,200,12,8,7,0,0,0,0,0,1,4,4,0,0,0,0
112,1,私立,技專校院,1051,台南家專學校財團法人台南應用科技大學,碩士班(日間),女,79,2,2,1,0,0,0,0,0,1,0,0,0,0,0,0
112,1,私立,技專校院,1051,台南家專學校財團法人台南應用科技大學,碩士在職專班,女,79,7,3,1,0,0,0,0,2,0,4,0,0,1,3,0
112,1,私立,技專校院,1051,台南家專學校財團法人台南應用科技大學,學士班(日間),女,4927,153,123,119,0,0,1,0,2,1,30,18,0,12,0,0
112,1,私立,技專校院,1051,台南家專學校財團法人台南應用科技大學,學士班(進修),女,1096,98,38,25,0,0,1,3,9,0,60,9,0,16,35,0
112,1,私立,技專校院,1051,台南家專學校財團法人台南應用科技大學,碩士班(日間),男,40,0,0,0,0,0,0,0,0,0,0,0,0,0,0,0
112,1,私立,技專校院,1051,台南家專學校財團法人台南應用科技大學,碩士在職專班,男,24,1,0,0,0,0,0,0,0,0,1,0,0,0,1,0
112,2,私立,技專校院,1052,中信金學校財團法人中信科技大學,學士班(進修),女,149,10,3,0,1,0,0,0,2,0,7,0,0,1,6,0
112,2,私立,技專校院,1052,中信金學校財團法人中信科技大學,碩士班(日間),女,94,2,0,0,0,0,0,0,0,0,2,0,0,0,2,0
112,2,私立,技專校院,1052,中信金學校財團法人中信科技大學,碩士班(日間),男,113,2,0,0,0,0,0,0,0,0,2,0,0,1,1,0
112,2,私立,技專校院,1052,中信金學校財團法人中信科技大學,碩士在職專班,女,2,0,0,0,0,0,0,0,0,0,0,0,0,0,0,0
112,2,私立,技專校院,1052,中信金學校財團法人中信科技大學,碩士在職專班,男,27,2,1,1,0,0,0,0,0,0,1,0,0,1,0,0
112,2,私立,技專校院,1052,中信金學校財團法人中信科技大學,二專(進修),女,39,2,0,0,0,0,0,0,0,0,2,0,0,0,2,0
112,2,私立,技專校院,1052,中信金學校財團法人中信科技大學,二專(進修),男,90,9,3,0,0,0,0,0,3,0,6,0,0,0,6,0
112,2,私立,技專校院,1052,中信金學校財團法人中信科技大學,學士班(日間),女,313,18,6,4,0,0,0,0,2,0,12,0,0,4,8,0
112,2,私立,技專校院,1052,中信金學校財團法人中信科技大學,學士班(日間),男,913,45,10,7,0,0,0,1,2,0,35,4,0,9,22,0
112,2,私立,技專校院,1052,中信金學校財團法人中信科技大學,學士班(進修),男,391,25,9,1,0,0,0,0,8,0,16,0,0,0,16,0
112,1,私立,技專校院,1052,中信金學校財團法人中信科技大學,二專(進修),女,39,1,0,0,0,0,0,0,0,0,1,0,0,0,1,0
112,1,私立,技專校院,1052,中信金學校財團法人中信科技大學,二專(進修),男,90,15,5,1,0,0,0,0,4,0,10,0,0,0,10,0
112,1,私立,技專校院,1052,中信金學校財團法人中信科技大學,學士班(日間),女,313,44,14,8,1,0,1,1,2,1,30,2,0,8,20,0
112,1,私立,技專校院,1052,中信金學校財團法人中信科技大學,學士班(日間),男,913,101,37,24,0,0,0,1,7,5,64,3,0,23,38,0
112,1,私立,技專校院,1052,中信金學校財團法人中信科技大學,學士班(進修),男,391,52,8,2,0,0,0,0,6,0,44,2,0,5,37,0
112,1,私立,技專校院,1052,中信金學校財團法人中信科技大學,碩士班(日間),男,113,14,2,1,0,0,0,0,1,0,12,0,0,9,3,0
112,1,私立,技專校院,1052,中信金學校財團法人中信科技大學,學士班(進修),女,149,10,1,0,0,0,0,0,1,0,9,0,0,1,8,0
112,1,私立,技專校院,1052,中信金學校財團法人中信科技大學,碩士班(日間),女,94,10,0,0,0,0,0,0,0,0,10,0,0,8,2,0
112,1,私立,技專校院,1052,中信金學校財團法人中信科技大學,碩士在職專班,女,2,0,0,0,0,0,0,0,0,0,0,0,0,0,0,0
112,1,私立,技專校院,1052,中信金學校財團法人中信科技大學,碩士在職專班,男,27,3,0,0,0,0,0,0,0,0,3,0,0,3,0,0
112,2,私立,技專校院,1053,光宇學校財團法人元培醫事科技大學,學士班(進修),女,693,29,2,1,0,0,0,0,1,0,27,7,0,13,7,0
112,2,私立,技專校院,1053,光宇學校財團法人元培醫事科技大學,學士班(進修),男,473,44,1,1,0,0,0,0,0,0,43,9,0,13,21,0
112,2,私立,技專校院,1053,光宇學校財團法人元培醫事科技大學,博士班,男,2,0,0,0,0,0,0,0,0,0,0,0,0,0,0,0
112,2,私立,技專校院,1053,光宇學校財團法人元培醫事科技大學,碩士班(日間),女,141,7,0,0,0,0,0,0,0,0,7,1,0,2,4,0
112,2,私立,技專校院,1053,光宇學校財團法人元培醫事科技大學,碩士班(日間),男,78,8,1,1,0,0,0,0,0,0,7,0,0,2,5,0
112,2,私立,技專校院,1053,光宇學校財團法人元培醫事科技大學,碩士在職專班,女,25,1,0,0,0,0,0,0,0,0,1,0,0,0,1,0
112,2,私立,技專校院,1053,光宇學校財團法人元培醫事科技大學,學士班(日間),女,1529,63,17,14,0,0,2,0,0,1,46,15,1,12,18,0
112,2,私立,技專校院,1053,光宇學校財團法人元培醫事科技大學,學士班(日間),男,1054,52,9,8,0,0,1,0,0,0,43,21,3,12,7,0
112,2,私立,技專校院,1053,光宇學校財團法人元培醫事科技大學,博士班,女,0,0,0,0,0,0,0,0,0,0,0,0,0,0,0,0
112,2,私立,技專校院,1053,光宇學校財團法人元培醫事科技大學,碩士在職專班,男,10,0,0,0,0,0,0,0,0,0,0,0,0,0,0,0
112,1,私立,技專校院,1053,光宇學校財團法人元培醫事科技大學,學士班(日間),女,1529,66,36,36,0,0,0,0,0,0,30,5,0,11,14,0
112,1,私立,技專校院,1053,光宇學校財團法人元培醫事科技大學,學士班(日間),男,1054,67,26,25,0,0,0,0,1,0,41,15,0,8,18,0
112,1,私立,技專校院,1053,光宇學校財團法人元培醫事科技大學,學士班(進修),男,473,47,7,3,0,0,2,0,2,0,40,4,0,13,23,0
112,1,私立,技專校院,1053,光宇學校財團法人元培醫事科技大學,博士班,女,0,0,0,0,0,0,0,0,0,0,0,0,0,0,0,0
112,1,私立,技專校院,1053,光宇學校財團法人元培醫事科技大學,碩士在職專班,男,10,1,0,0,0,0,0,0,0,0,1,0,0,0,1,0
112,1,私立,技專校院,1053,光宇學校財團法人元培醫事科技大學,學士班(進修),女,693,44,12,9,0,0,0,0,2,1,32,5,0,10,17,0
112,1,私立,技專校院,1053,光宇學校財團法人元培醫事科技大學,博士班,男,2,0,0,0,0,0,0,0,0,0,0,0,0,0,0,0
112,1,私立,技專校院,1053,光宇學校財團法人元培醫事科技大學,碩士班(日間),女,141,7,0,0,0,0,0,0,0,0,7,1,0,1,5,0
112,1,私立,技專校院,1053,光宇學校財團法人元培醫事科技大學,碩士班(日間),男,78,12,1,1,0,0,0,0,0,0,11,0,0,2,9,0
112,1,私立,技專校院,1053,光宇學校財團法人元培醫事科技大學,碩士在職專班,女,25,1,0,0,0,0,0,0,0,0,1,0,0,0,1,0
112,2,私立,技專校院,1054,景文科技大學,學士班(日間),男,1649,100,32,28,0,0,0,1,3,0,68,26,0,20,22,0
112,2,私立,技專校院,1054,景文科技大學,碩士班(日間),女,0,0,0,0,0,0,0,0,0,0,0,0,0,0,0,0
112,2,私立,技專校院,1054,景文科技大學,碩士在職專班,女,18,3,0,0,0,0,0,0,0,0,3,0,0,0,3,0
112,2,私立,技專校院,1054,景文科技大學,二專(進修),女,34,3,1,0,0,0,0,0,1,0,2,0,0,2,0,0
112,2,私立,技專校院,1054,景文科技大學,二專(進修),男,55,11,1,0,0,0,0,0,1,0,10,2,0,7,1,0
112,2,私立,技專校院,1054,景文科技大學,學士班(日間),女,1965,66,24,22,0,0,1,0,1,0,42,14,0,14,14,0
112,2,私立,技專校院,1054,景文科技大學,學士班(進修),女,414,22,6,5,0,0,1,0,0,0,16,1,0,15,0,0
112,2,私立,技專校院,1054,景文科技大學,學士班(進修),男,421,42,3,3,0,0,0,0,0,0,39,8,0,18,13,0
112,2,私立,技專校院,1054,景文科技大學,碩士班(日間),男,3,4,0,0,0,0,0,0,0,0,4,2,0,2,0,0
112,2,私立,技專校院,1054,景文科技大學,碩士在職專班,男,40,4,0,0,0,0,0,0,0,0,4,0,0,3,1,0
112,1,私立,技專校院,1054,景文科技大學,二專(進修),男,55,10,1,1,0,0,0,0,0,0,9,0,0,4,5,0
112,1,私立,技專校院,1054,景文科技大學,學士班(日間),男,1649,115,52,46,0,0,1,2,3,0,63,12,0,21,30,0
112,1,私立,技專校院,1054,景文科技大學,碩士班(日間),女,0,1,0,0,0,0,0,0,0,0,1,0,0,0,1,0
112,1,私立,技專校院,1054,景文科技大學,碩士在職專班,女,18,1,0,0,0,0,0,0,0,0,1,0,0,1,0,0
112,1,私立,技專校院,1054,景文科技大學,二專(進修),女,34,11,2,2,0,0,0,0,0,0,9,0,0,2,7,0
112,1,私立,技專校院,1054,景文科技大學,學士班(日間),女,1965,92,34,28,0,0,2,3,1,0,58,10,0,15,33,0
112,1,私立,技專校院,1054,景文科技大學,學士班(進修),女,414,51,16,15,0,0,0,0,1,0,35,4,0,11,20,0
112,1,私立,技專校院,1054,景文科技大學,學士班(進修),男,421,76,30,30,0,0,0,0,0,0,46,10,0,20,16,0
112,1,私立,技專校院,1054,景文科技大學,碩士班(日間),男,3,2,0,0,0,0,0,0,0,0,2,0,0,0,2,0
112,1,私立,技專校院,1054,景文科技大學,碩士在職專班,男,40,5,1,0,0,0,0,0,1,0,4,0,0,1,3,0
112,2,私立,技專校院,1055,中華醫事科技大學,二專(進修),女,36,2,0,0,0,0,0,0,0,0,2,0,0,0,2,0
112,2,私立,技專校院,1055,中華醫事科技大學,學士班(日間),女,1989,47,20,16,0,0,0,0,0,4,27,2,0,0,25,0
112,2,私立,技專校院,1055,中華醫事科技大學,學士班(進修),女,681,41,15,13,0,0,0,2,0,0,26,3,0,2,21,0
112,2,私立,技專校院,1055,中華醫事科技大學,碩士班(日間),女,49,2,0,0,0,0,0,0,0,0,2,0,0,1,1,0
112,2,私立,技專校院,1055,中華醫事科技大學,碩士班(日間),男,50,3,0,0,0,0,0,0,0,0,3,0,0,0,3,0
112,2,私立,技專校院,1055,中華醫事科技大學,碩士在職專班,女,16,0,0,0,0,0,0,0,0,0,0,0,0,0,0,0
112,2,私立,技專校院,1055,中華醫事科技大學,碩士在職專班,男,13,0,0,0,0,0,0,0,0,0,0,0,0,0,0,0
112,2,私立,技專校院,1055,中華醫事科技大學,二專(進修),男,27,5,0,0,0,0,0,0,0,0,5,0,0,0,5,0
112,2,私立,技專校院,1055,中華醫事科技大學,學士班(日間),男,907,27,5,3,0,0,0,2,0,0,22,2,0,1,19,0
112,2,私立,技專校院,1055,中華醫事科技大學,學士班(進修),男,378,20,3,3,0,0,0,0,0,0,17,3,0,0,14,0
112,2,私立,技專校院,1055,中華醫事科技大學,五專,女,2515,63,30,27,0,0,0,0,0,3,33,8,0,0,25,0
112,2,私立,技專校院,1055,中華醫事科技大學,五專,男,685,20,11,9,0,0,0,0,0,2,9,4,0,0,5,0
112,1,私立,技專校院,1055,中華醫事科技大學,二專(進修),女,36,3,2,2,0,0,0,0,0,0,1,0,0,0,1,0
112,1,私立,技專校院,1055,中華醫事科技大學,二專(進修),男,27,0,0,0,0,0,0,0,0,0,0,0,0,0,0,0
112,1,私立,技專校院,1055,中華醫事科技大學,學士班(日間),女,1989,91,37,31,0,0,0,1,1,4,54,7,0,0,47,0
112,1,私立,技專校院,1055,中華醫事科技大學,學士班(日間),男,907,68,24,18,0,0,0,0,0,6,44,5,0,3,36,0
112,1,私立,技專校院,1055,中華醫事科技大學,學士班(進修),男,378,61,29,26,0,0,0,1,1,1,32,7,0,1,24,0
112,1,私立,技專校院,1055,中華醫事科技大學,五專,女,2515,105,56,47,0,0,0,3,0,6,49,19,0,1,29,0
112,1,私立,技專校院,1055,中華醫事科技大學,二專(日間),男,0,1,0,0,0,0,0,0,0,0,1,0,0,0,1,0
112,1,私立,技專校院,1055,中華醫事科技大學,學士班(進修),女,681,59,20,15,0,0,0,2,1,2,39,2,0,0,37,0
112,1,私立,技專校院,1055,中華醫事科技大學,五專,男,685,48,24,17,0,0,0,0,0,7,24,10,1,0,13,0
112,1,私立,技專校院,1055,中華醫事科技大學,碩士班(日間),女,49,16,1,0,0,0,0,0,0,1,15,0,0,0,15,0
112,1,私立,技專校院,1055,中華醫事科技大學,碩士班(日間),男,50,6,0,0,0,0,0,0,0,0,6,0,0,0,6,0
112,1,私立,技專校院,1055,中華醫事科技大學,碩士在職專班,女,16,0,0,0,0,0,0,0,0,0,0,0,0,0,0,0
112,1,私立,技專校院,1055,中華醫事科技大學,碩士在職專班,男,13,0,0,0,0,0,0,0,0,0,0,0,0,0,0,0
112,2,私立,技專校院,1056,東南科技大學,學士班(進修),女,147,11,1,1,0,0,0,0,0,0,10,0,1,0,9,0
112,2,私立,技專校院,1056,東南科技大學,碩士班(日間),女,61,1,0,0,0,0,0,0,0,0,1,0,0,1,0,0
112,2,私立,技專校院,1056,東南科技大學,碩士班(日間),男,76,3,0,0,0,0,0,0,0,0,3,0,0,1,2,0
112,2,私立,技專校院,1056,東南科技大學,碩士在職專班,女,13,0,0,0,0,0,0,0,0,0,0,0,0,0,0,0
112,2,私立,技專校院,1056,東南科技大學,碩士在職專班,男,54,2,0,0,0,0,0,0,0,0,2,0,0,0,2,0
112,2,私立,技專校院,1056,東南科技大學,學士班(日間),女,1105,53,5,2,0,0,0,0,1,2,48,8,6,12,19,3
112,2,私立,技專校院,1056,東南科技大學,學士班(日間),男,1862,115,8,7,0,0,0,0,0,1,107,11,15,20,42,19
112,2,私立,技專校院,1056,東南科技大學,學士班(進修),男,329,22,0,0,0,0,0,0,0,0,22,0,2,0,20,0
112,1,私立,技專校院,1056,東南科技大學,碩士班(日間),女,61,2,0,0,0,0,0,0,0,0,2,0,0,0,2,0
112,1,私立,技專校院,1056,東南科技大學,碩士在職專班,女,13,0,0,0,0,0,0,0,0,0,0,0,0,0,0,0
112,1,私立,技專校院,1056,東南科技大學,學士班(日間),女,1105,80,23,19,0,0,0,0,1,3,57,3,7,14,33,0
112,1,私立,技專校院,1056,東南科技大學,學士班(日間),男,1862,167,35,28,0,0,0,1,5,1,132,7,18,29,78,0
112,1,私立,技專校院,1056,東南科技大學,學士班(進修),女,147,17,2,1,0,0,0,0,1,0,15,0,2,3,10,0
112,1,私立,技專校院,1056,東南科技大學,學士班(進修),男,329,45,11,8,0,0,0,0,3,0,34,1,8,2,23,0
112,1,私立,技專校院,1056,東南科技大學,碩士班(日間),男,76,11,0,0,0,0,0,0,0,0,11,1,0,1,9,0
112,1,私立,技專校院,1056,東南科技大學,碩士在職專班,男,54,2,0,0,0,0,0,0,0,0,2,0,0,0,2,0
112,2,私立,技專校院,1057,德明財經科技大學,學士班(日間),女,2852,62,27,21,0,0,2,0,3,1,35,8,0,1,26,0
112,2,私立,技專校院,1057,德明財經科技大學,學士班(進修),男,190,19,1,1,0,0,0,0,0,0,18,8,0,0,10,0
112,2,私立,技專校院,1057,德明財經科技大學,碩士班(日間),男,16,1,1,1,0,0,0,0,0,0,0,0,0,0,0,0
112,2,私立,技專校院,1057,德明財經科技大學,碩士在職專班,男,12,3,0,0,0,0,0,0,0,0,3,1,0,0,2,0
112,2,私立,技專校院,1057,德明財經科技大學,學士班(日間),男,2229,123,43,30,0,0,0,0,12,1,80,31,0,3,46,0
112,2,私立,技專校院,1057,德明財經科技大學,學士班(進修),女,206,8,0,0,0,0,0,0,0,0,8,3,0,0,5,0
112,2,私立,技專校院,1057,德明財經科技大學,碩士班(日間),女,24,1,0,0,0,0,0,0,0,0,1,1,0,0,0,0
112,2,私立,技專校院,1057,德明財經科技大學,碩士在職專班,女,14,1,0,0,0,0,0,0,0,0,1,0,0,0,1,0
112,1,私立,技專校院,1057,德明財經科技大學,學士班(日間),女,2852,146,84,78,1,0,0,1,2,2,62,17,0,4,41,0
112,1,私立,技專校院,1057,德明財經科技大學,學士班(日間),男,2229,144,72,67,0,0,1,1,3,0,72,19,1,2,50,0
112,1,私立,技專校院,1057,德明財經科技大學,學士班(進修),女,206,18,10,9,0,0,0,0,1,0,8,1,0,0,7,0
112,1,私立,技專校院,1057,德明財經科技大學,學士班(進修),男,190,19,11,10,0,0,0,0,1,0,8,2,0,0,6,0
112,1,私立,技專校院,1057,德明財經科技大學,碩士班(日間),女,24,1,1,0,0,0,0,0,1,0,0,0,0,0,0,0
112,1,私立,技專校院,1057,德明財經科技大學,碩士班(日間),男,16,1,0,0,0,0,0,0,0,0,1,1,0,0,0,0
112,1,私立,技專校院,1057,德明財經科技大學,碩士在職專班,女,14,0,0,0,0,0,0,0,0,0,0,0,0,0,0,0
112,1,私立,技專校院,1057,德明財經科技大學,碩士在職專班,男,12,1,0,0,0,0,0,0,0,0,1,0,0,0,1,0
112,2,私立,一般大學,1058,明道學校財團法人明道大學,學士班(日間),男,162,72,4,2,0,0,1,0,1,0,68,0,0,3,11,54
112,2,私立,一般大學,1058,明道學校財團法人明道大學,博士班,女,13,5,1,0,0,0,0,0,0,1,4,0,0,0,0,4
112,2,私立,一般大學,1058,明道學校財團法人明道大學,碩士班(日間),女,41,17,3,0,0,0,1,1,0,1,14,0,0,0,9,5
112,2,私立,一般大學,1058,明道學校財團法人明道大學,碩士在職專班,女,19,6,0,0,0,0,0,0,0,0,6,0,0,0,2,4
112,2,私立,一般大學,1058,明道學校財團法人明道大學,學士班(日間),女,168,64,2,1,0,0,0,0,1,0,62,0,0,1,8,53
112,2,私立,一般大學,1058,明道學校財團法人明道大學,學士班(進修),女,63,41,5,3,1,0,0,0,1,0,36,0,0,0,0,36
112,2,私立,一般大學,1058,明道學校財團法人明道大學,學士班(進修),男,162,96,16,10,0,0,0,0,2,4,80,0,0,1,4,75
112,2,私立,一般大學,1058,明道學校財團法人明道大學,博士班,男,16,3,0,0,0,0,0,0,0,0,3,0,0,0,0,3
112,2,私立,一般大學,1058,明道學校財團法人明道大學,碩士班(日間),男,46,19,2,0,0,0,0,0,1,1,17,2,0,2,4,9
112,2,私立,一般大學,1058,明道學校財團法人明道大學,碩士在職專班,男,6,2,0,0,0,0,0,0,0,0,2,0,0,0,1,1
112,1,私立,一般大學,1058,明道學校財團法人明道大學,學士班(日間),女,168,33,19,19,0,0,0,0,0,0,14,1,0,3,10,0
112,1,私立,一般大學,1058,明道學校財團法人明道大學,學士班(進修),女,63,13,9,6,0,0,0,0,3,0,4,0,0,4,0,0
112,1,私立,一般大學,1058,明道學校財團法人明道大學,博士班,女,13,1,0,0,0,0,0,0,0,0,1,0,0,0,1,0
112,1,私立,一般大學,1058,明道學校財團法人明道大學,博士班,男,16,1,0,0,0,0,0,0,0,0,1,0,0,1,0,0
112,1,私立,一般大學,1058,明道學校財團法人明道大學,碩士班(日間),男,46,14,1,0,0,0,0,1,0,0,13,1,0,5,7,0
112,1,私立,一般大學,1058,明道學校財團法人明道大學,碩士在職專班,男,6,1,0,0,0,0,0,0,0,0,1,0,0,1,0,0
112,1,私立,一般大學,1058,明道學校財團法人明道大學,學士班(日間),男,162,39,25,23,0,0,1,0,1,0,14,3,0,2,9,0
112,1,私立,一般大學,1058,明道學校財團法人明道大學,學士班(進修),男,162,35,21,17,0,0,0,0,4,0,14,0,0,5,9,0
112,1,私立,一般大學,1058,明道學校財團法人明道大學,碩士班(日間),女,41,9,2,0,0,0,0,0,2,0,7,0,0,0,7,0
112,1,私立,一般大學,1058,明道學校財團法人明道大學,碩士在職專班,女,19,3,1,1,0,0,0,0,0,0,2,1,0,0,1,0
112,2,私立,技專校院,1060,南開科技大學,二專(進修),男,25,0,0,0,0,0,0,0,0,0,0,0,0,0,0,0
112,2,私立,技專校院,1060,南開科技大學,學士班(日間),男,892,29,7,4,0,0,0,2,0,1,22,10,0,5,7,0
112,2,私立,技專校院,1060,南開科技大學,五專,男,230,11,1,1,0,0,0,0,0,0,10,5,0,1,4,0
112,2,私立,技專校院,1060,南開科技大學,碩士班(日間),女,31,2,0,0,0,0,0,0,0,0,2,0,0,0,2,0
112,2,私立,技專校院,1060,南開科技大學,二專(進修),女,27,0,0,0,0,0,0,0,0,0,0,0,0,0,0,0
112,2,私立,技專校院,1060,南開科技大學,學士班(日間),女,415,8,2,2,0,0,0,0,0,0,6,3,0,2,1,0
112,2,私立,技專校院,1060,南開科技大學,學士班(進修),女,268,13,0,0,0,0,0,0,0,0,13,2,0,5,6,0
112,2,私立,技專校院,1060,南開科技大學,學士班(進修),男,554,30,3,2,0,0,0,0,1,0,27,4,0,16,7,0
112,2,私立,技專校院,1060,南開科技大學,五專,女,36,2,1,1,0,0,0,0,0,0,1,0,0,0,1,0
112,2,私立,技專校院,1060,南開科技大學,碩士班(日間),男,40,4,0,0,0,0,0,0,0,0,4,0,0,2,2,0
112,2,私立,技專校院,1060,南開科技大學,碩士在職專班,女,32,1,0,0,0,0,0,0,0,0,1,0,0,0,1,0
112,2,私立,技專校院,1060,南開科技大學,碩士在職專班,男,16,1,0,0,0,0,0,0,0,0,1,0,0,0,1,0
112,1,私立,技專校院,1060,南開科技大學,二專(進修),女,27,4,0,0,0,0,0,0,0,0,4,0,0,2,2,0
112,1,私立,技專校院,1060,南開科技大學,學士班(日間),女,415,21,10,7,0,0,1,2,0,0,11,0,0,2,9,0
112,1,私立,技專校院,1060,南開科技大學,學士班(進修),女,268,16,6,5,0,0,0,0,1,0,10,0,0,4,6,0
112,1,私立,技專校院,1060,南開科技大學,五專,女,36,2,1,1,0,0,0,0,0,0,1,0,0,0,1,0
112,1,私立,技專校院,1060,南開科技大學,碩士班(日間),男,40,5,1,1,0,0,0,0,0,0,4,0,0,1,3,0
112,1,私立,技專校院,1060,南開科技大學,碩士在職專班,女,32,6,0,0,0,0,0,0,0,0,6,0,0,1,5,0
112,1,私立,技專校院,1060,南開科技大學,碩士在職專班,男,16,2,0,0,0,0,0,0,0,0,2,0,0,2,0,0
112,1,私立,技專校院,1060,南開科技大學,二專(進修),男,25,4,0,0,0,0,0,0,0,0,4,0,0,3,1,0
112,1,私立,技專校院,1060,南開科技大學,學士班(日間),男,892,63,29,28,0,0,0,0,1,0,34,9,0,12,13,0
112,1,私立,技專校院,1060,南開科技大學,學士班(進修),男,554,40,13,11,0,0,0,0,2,0,27,1,0,14,12,0
112,1,私立,技專校院,1060,南開科技大學,五專,男,230,33,20,19,0,0,0,0,1,0,13,2,0,2,9,0
112,1,私立,技專校院,1060,南開科技大學,碩士班(日間),女,31,4,0,0,0,0,0,0,0,0,4,0,0,0,4,0
112,2,私立,技專校院,1061,中華學校財團法人中華科技大學,二專(進修),女,42,13,1,0,0,0,0,0,1,0,12,1,0,9,2,0
112,2,私立,技專校院,1061,中華學校財團法人中華科技大學,學士班(日間),女,529,55,4,2,0,0,1,0,1,0,51,6,2,24,19,0
112,2,私立,技專校院,1061,中華學校財團法人中華科技大學,學士班(進修),女,278,22,0,0,0,0,0,0,0,0,22,0,0,16,6,0
112,2,私立,技專校院,1061,中華學校財團法人中華科技大學,碩士班(日間),男,114,23,0,0,0,0,0,0,0,0,23,0,0,6,17,0
112,2,私立,技專校院,1061,中華學校財團法人中華科技大學,碩士在職專班,女,25,4,0,0,0,0,0,0,0,0,4,0,0,4,0,0
112,2,私立,技專校院,1061,中華學校財團法人中華科技大學,碩士在職專班,男,61,10,0,0,0,0,0,0,0,0,10,0,0,2,8,0
112,2,私立,技專校院,1061,中華學校財團法人中華科技大學,二專(進修),男,55,5,0,0,0,0,0,0,0,0,5,1,0,1,3,0
112,2,私立,技專校院,1061,中華學校財團法人中華科技大學,學士班(日間),男,1180,75,5,4,0,0,0,0,1,0,70,11,2,20,37,0
112,2,私立,技專校院,1061,中華學校財團法人中華科技大學,學士班(進修),男,838,67,5,4,0,0,0,0,1,0,62,8,0,23,31,0
112,2,私立,技專校院,1061,中華學校財團法人中華科技大學,碩士班(日間),女,83,17,1,0,0,0,1,0,0,0,16,0,0,10,6,0
112,1,私立,技專校院,1061,中華學校財團法人中華科技大學,二專(進修),男,55,17,4,4,0,0,0,0,0,0,13,0,0,0,6,7
112,1,私立,技專校院,1061,中華學校財團法人中華科技大學,學士班(日間),男,1180,71,34,22,0,0,1,5,5,1,37,8,0,3,26,0
112,1,私立,技專校院,1061,中華學校財團法人中華科技大學,學士班(進修),男,838,41,25,9,0,0,1,0,15,0,16,1,0,0,15,0
112,1,私立,技專校院,1061,中華學校財團法人中華科技大學,二專(進修),女,42,6,2,2,0,0,0,0,0,0,4,0,0,0,4,0
112,1,私立,技專校院,1061,中華學校財團法人中華科技大學,學士班(日間),女,529,35,14,14,0,0,0,0,0,0,21,4,1,0,16,0
112,1,私立,技專校院,1061,中華學校財團法人中華科技大學,學士班(進修),女,278,7,4,4,0,0,0,0,0,0,3,0,0,0,3,0
112,1,私立,技專校院,1061,中華學校財團法人中華科技大學,碩士班(日間),女,83,0,0,0,0,0,0,0,0,0,0,0,0,0,0,0
112,1,私立,技專校院,1061,中華學校財團法人中華科技大學,碩士班(日間),男,114,9,1,0,0,0,0,1,0,0,8,0,0,1,7,0
112,1,私立,技專校院,1061,中華學校財團法人中華科技大學,碩士在職專班,女,25,0,0,0,0,0,0,0,0,0,0,0,0,0,0,0
112,1,私立,技專校院,1061,中華學校財團法人中華科技大學,碩士在職專班,男,61,3,1,0,0,0,0,0,1,0,2,0,0,0,2,0
112,2,私立,技專校院,1062,僑光科技大學,學士班(日間),女,2574,74,27,24,0,0,0,2,1,0,47,15,0,14,18,0
112,2,私立,技專校院,1062,僑光科技大學,學士班(日間),男,2282,98,26,23,0,0,0,0,2,1,72,29,0,25,18,0
112,2,私立,技專校院,1062,僑光科技大學,學士班(進修),男,2051,146,25,17,0,0,0,1,7,0,121,30,0,74,17,0
112,2,私立,技專校院,1062,僑光科技大學,碩士在職專班,女,34,0,0,0,0,0,0,0,0,0,0,0,0,0,0,0
112,2,私立,技專校院,1062,僑光科技大學,學士班(進修),女,1287,84,11,8,0,0,0,0,2,1,73,19,0,45,9,0
112,2,私立,技專校院,1062,僑光科技大學,碩士班(日間),女,33,0,0,0,0,0,0,0,0,0,0,0,0,0,0,0
112,2,私立,技專校院,1062,僑光科技大學,碩士班(日間),男,29,0,0,0,0,0,0,0,0,0,0,0,0,0,0,0
112,2,私立,技專校院,1062,僑光科技大學,碩士在職專班,男,24,1,0,0,0,0,0,0,0,0,1,0,0,1,0,0
112,1,私立,技專校院,1062,僑光科技大學,學士班(進修),女,1287,117,38,30,0,0,2,0,3,3,79,6,0,39,34,0
112,1,私立,技專校院,1062,僑光科技大學,碩士班(日間),女,33,2,0,0,0,0,0,0,0,0,2,0,0,1,1,0
112,1,私立,技專校院,1062,僑光科技大學,碩士在職專班,男,24,3,0,0,0,0,0,0,0,0,3,0,0,3,0,0
112,1,私立,技專校院,1062,僑光科技大學,學士班(日間),女,2574,130,70,58,0,0,0,2,8,2,60,10,0,23,27,0
112,1,私立,技專校院,1062,僑光科技大學,學士班(日間),男,2282,110,58,49,0,0,1,0,7,1,52,10,0,21,21,0
112,1,私立,技專校院,1062,僑光科技大學,學士班(進修),男,2051,190,53,45,0,0,0,2,5,1,137,13,0,82,42,0
112,1,私立,技專校院,1062,僑光科技大學,碩士班(日間),男,29,4,0,0,0,0,0,0,0,0,4,0,0,4,0,0
112,1,私立,技專校院,1062,僑光科技大學,碩士在職專班,女,34,1,0,0,0,0,0,0,0,0,1,0,0,1,0,0
112,2,私立,技專校院,1063,廣亞學校財團法人育達科技大學,學士班(日間),女,576,28,10,7,1,0,0,0,0,2,18,4,0,6,8,0
112,2,私立,技專校院,1063,廣亞學校財團法人育達科技大學,學士班(日間),男,530,24,8,6,0,0,0,0,0,2,16,6,0,1,9,0
112,2,私立,技專校院,1063,廣亞學校財團法人育達科技大學,碩士在職專班,男,115,11,2,0,0,0,0,0,1,1,9,1,0,7,1,0
112,2,私立,技專校院,1063,廣亞學校財團法人育達科技大學,學士班(進修),女,927,43,4,3,0,0,0,0,1,0,39,2,0,19,18,0
112,2,私立,技專校院,1063,廣亞學校財團法人育達科技大學,學士班(進修),男,696,53,6,2,0,0,0,1,3,0,47,6,0,24,17,0
112,2,私立,技專校院,1063,廣亞學校財團法人育達科技大學,碩士班(日間),女,70,6,2,1,0,0,0,0,1,0,4,3,0,0,1,0
112,2,私立,技專校院,1063,廣亞學校財團法人育達科技大學,碩士班(日間),男,53,9,2,1,0,0,0,0,1,0,7,1,0,3,3,0
112,2,私立,技專校院,1063,廣亞學校財團法人育達科技大學,碩士在職專班,女,71,3,2,0,0,0,0,0,2,0,1,0,0,0,1,0
112,1,私立,技專校院,1063,廣亞學校財團法人育達科技大學,學士班(進修),女,927,66,20,13,0,0,1,0,5,1,46,2,0,20,24,0
112,1,私立,技專校院,1063,廣亞學校財團法人育達科技大學,碩士班(日間),女,70,4,2,0,0,0,0,0,2,0,2,0,0,1,1,0
112,1,私立,技專校院,1063,廣亞學校財團法人育達科技大學,碩士班(日間),男,53,5,0,0,0,0,0,0,0,0,5,0,0,1,4,0
112,1,私立,技專校院,1063,廣亞學校財團法人育達科技大學,碩士在職專班,女,71,6,1,0,0,0,0,0,1,0,5,0,0,1,4,0
112,1,私立,技專校院,1063,廣亞學校財團法人育達科技大學,學士班(日間),女,576,43,20,17,0,0,1,0,1,1,23,0,0,15,8,0
112,1,私立,技專校院,1063,廣亞學校財團法人育達科技大學,學士班(日間),男,530,37,15,10,0,0,1,2,1,1,22,1,0,13,8,0
112,1,私立,技專校院,1063,廣亞學校財團法人育達科技大學,學士班(進修),男,696,77,29,17,0,0,0,1,11,0,48,2,0,19,27,0
112,1,私立,技專校院,1063,廣亞學校財團法人育達科技大學,碩士在職專班,男,115,10,1,0,0,0,0,0,0,1,9,0,0,5,4,0
112,2,私立,技專校院,1064,美和學校財團法人美和科技大學,二專(進修),男,54,7,0,0,0,0,0,0,0,0,7,0,0,6,1,0
112,2,私立,技專校院,1064,美和學校財團法人美和科技大學,學士班(進修),女,1064,43,4,2,0,0,0,0,2,0,39,2,0,16,21,0
112,2,私立,技專校院,1064,美和學校財團法人美和科技大學,學士班(進修),男,342,23,2,2,0,0,0,0,0,0,21,1,0,11,9,0
112,2,私立,技專校院,1064,美和學校財團法人美和科技大學,五專,女,1372,54,28,24,0,1,0,1,2,0,26,7,0,6,13,0
112,2,私立,技專校院,1064,美和學校財團法人美和科技大學,碩士班(日間),女,108,11,0,0,0,0,0,0,0,0,11,0,0,5,6,0
112,2,私立,技專校院,1064,美和學校財團法人美和科技大學,碩士班(日間),男,52,3,0,0,0,0,0,0,0,0,3,0,0,1,2,0
112,2,私立,技專校院,1064,美和學校財團法人美和科技大學,碩士在職專班,女,114,7,3,0,0,0,2,0,1,0,4,0,0,3,1,0
112,2,私立,技專校院,1064,美和學校財團法人美和科技大學,二專(進修),女,40,3,0,0,0,0,0,0,0,0,3,0,0,3,0,0
112,2,私立,技專校院,1064,美和學校財團法人美和科技大學,學士班(日間),女,858,29,9,7,0,0,0,0,2,0,20,4,0,8,8,0
112,2,私立,技專校院,1064,美和學校財團法人美和科技大學,學士班(日間),男,611,22,5,4,0,0,0,0,1,0,17,8,0,4,5,0
112,2,私立,技專校院,1064,美和學校財團法人美和科技大學,五專,男,231,6,3,3,0,0,0,0,0,0,3,2,0,0,1,0
112,2,私立,技專校院,1064,美和學校財團法人美和科技大學,碩士在職專班,男,40,2,0,0,0,0,0,0,0,0,2,0,0,0,2,0
112,1,私立,技專校院,1064,美和學校財團法人美和科技大學,二專(進修),女,40,7,1,1,0,0,0,0,0,0,6,0,0,3,3,0
112,1,私立,技專校院,1064,美和學校財團法人美和科技大學,二專(進修),男,54,4,0,0,0,0,0,0,0,0,4,0,0,1,3,0
112,1,私立,技專校院,1064,美和學校財團法人美和科技大學,學士班(日間),女,858,60,25,16,0,0,1,1,7,0,35,9,0,6,20,0
112,1,私立,技專校院,1064,美和學校財團法人美和科技大學,學士班(日間),男,611,42,8,5,0,0,1,0,2,0,34,5,0,13,16,0
112,1,私立,技專校院,1064,美和學校財團法人美和科技大學,五專,男,231,20,10,10,0,0,0,0,0,0,10,6,0,2,2,0
112,1,私立,技專校院,1064,美和學校財團法人美和科技大學,碩士在職專班,男,40,5,0,0,0,0,0,0,0,0,5,0,0,0,5,0
112,1,私立,技專校院,1064,美和學校財團法人美和科技大學,學士班(進修),女,1064,57,12,8,0,0,1,0,3,0,45,2,0,13,30,0
112,1,私立,技專校院,1064,美和學校財團法人美和科技大學,學士班(進修),男,342,38,8,4,0,0,0,0,4,0,30,2,0,8,20,0
112,1,私立,技專校院,1064,美和學校財團法人美和科技大學,五專,女,1372,68,32,31,0,0,0,0,1,0,36,12,0,7,17,0
112,1,私立,技專校院,1064,美和學校財團法人美和科技大學,碩士班(日間),女,108,12,2,2,0,0,0,0,0,0,10,1,0,2,7,0
112,1,私立,技專校院,1064,美和學校財團法人美和科技大學,碩士班(日間),男,52,6,0,0,0,0,0,0,0,0,6,0,1,0,5,0
112,1,私立,技專校院,1064,美和學校財團法人美和科技大學,碩士在職專班,女,114,6,2,0,0,0,0,1,1,0,4,1,0,0,3,0
112,2,私立,技專校院,1065,吳鳳科技大學,二專(進修),女,94,0,0,0,0,0,0,0,0,0,0,0,0,0,0,0
112,2,私立,技專校院,1065,吳鳳科技大學,二專(進修),男,82,1,0,0,0,0,0,0,0,0,1,0,0,0,1,0
112,2,私立,技專校院,1065,吳鳳科技大學,學士班(日間),女,791,33,24,4,0,0,0,1,14,5,9,7,0,2,0,0
112,2,私立,技專校院,1065,吳鳳科技大學,學士班(日間),男,1432,49,37,6,0,0,1,2,14,14,12,7,0,4,1,0
112,2,私立,技專校院,1065,吳鳳科技大學,學士班(進修),男,769,23,5,3,0,0,0,0,2,0,18,0,0,0,18,0
112,2,私立,技專校院,1065,吳鳳科技大學,碩士在職專班,女,24,0,0,0,0,0,0,0,0,0,0,0,0,0,0,0
112,2,私立,技專校院,1065,吳鳳科技大學,學士班(進修),女,518,15,1,1,0,0,0,0,0,0,14,0,0,0,14,0
112,2,私立,技專校院,1065,吳鳳科技大學,碩士班(日間),女,11,0,0,0,0,0,0,0,0,0,0,0,0,0,0,0
112,2,私立,技專校院,1065,吳鳳科技大學,碩士班(日間),男,24,0,0,0,0,0,0,0,0,0,0,0,0,0,0,0
112,2,私立,技專校院,1065,吳鳳科技大學,碩士在職專班,男,37,0,0,0,0,0,0,0,0,0,0,0,0,0,0,0
112,1,私立,技專校院,1065,吳鳳科技大學,二專(進修),男,82,5,3,3,0,0,0,0,0,0,2,0,0,0,2,0
112,1,私立,技專校院,1065,吳鳳科技大學,學士班(日間),男,1432,66,52,22,0,0,0,1,23,6,14,3,0,8,2,1
112,1,私立,技專校院,1065,吳鳳科技大學,碩士班(日間),女,11,0,0,0,0,0,0,0,0,0,0,0,0,0,0,0
112,1,私立,技專校院,1065,吳鳳科技大學,二專(進修),女,94,4,0,0,0,0,0,0,0,0,4,0,0,0,4,0
112,1,私立,技專校院,1065,吳鳳科技大學,學士班(日間),女,791,31,25,13,0,0,0,0,9,3,6,2,0,2,2,0
112,1,私立,技專校院,1065,吳鳳科技大學,學士班(進修),女,518,16,4,2,0,0,0,0,1,1,12,0,0,0,12,0
112,1,私立,技專校院,1065,吳鳳科技大學,學士班(進修),男,769,38,6,6,0,0,0,0,0,0,32,1,0,0,31,0
112,1,私立,技專校院,1065,吳鳳科技大學,碩士班(日間),男,24,1,0,0,0,0,0,0,0,0,1,1,0,0,0,0
112,1,私立,技專校院,1065,吳鳳科技大學,碩士在職專班,女,24,1,1,0,0,0,0,0,0,1,0,0,0,0,0,0
112,1,私立,技專校院,1065,吳鳳科技大學,碩士在職專班,男,37,0,0,0,0,0,0,0,0,0,0,0,0,0,0,0
112,2,私立,技專校院,1066,環球學校財團法人環球科技大學,二專(進修),女,14,2,0,0,0,0,0,0,0,0,2,0,0,0,1,1
112,2,私立,技專校院,1066,環球學校財團法人環球科技大學,二專(進修),男,24,1,0,0,0,0,0,0,0,0,1,1,0,0,0,0
112,2,私立,技專校院,1066,環球學校財團法人環球科技大學,學士班(日間),女,310,32,11,11,0,0,0,0,0,0,21,2,0,7,12,0
112,2,私立,技專校院,1066,環球學校財團法人環球科技大學,學士班(日間),男,354,29,9,8,0,0,0,1,0,0,20,2,0,6,12,0
112,2,私立,技專校院,1066,環球學校財團法人環球科技大學,學士班(進修),女,142,6,0,0,0,0,0,0,0,0,6,0,0,2,2,2
112,2,私立,技專校院,1066,環球學校財團法人環球科技大學,學士班(進修),男,101,8,0,0,0,0,0,0,0,0,8,0,0,3,1,4
112,2,私立,技專校院,1066,環球學校財團法人環球科技大學,碩士班(日間),男,22,2,0,0,0,0,0,0,0,0,2,0,0,0,2,0
112,2,私立,技專校院,1066,環球學校財團法人環球科技大學,碩士在職專班,男,10,2,0,0,0,0,0,0,0,0,2,0,0,2,0,0
112,2,私立,技專校院,1066,環球學校財團法人環球科技大學,碩士班(日間),女,23,5,0,0,0,0,0,0,0,0,5,0,0,0,5,0
112,2,私立,技專校院,1066,環球學校財團法人環球科技大學,碩士在職專班,女,18,3,0,0,0,0,0,0,0,0,3,0,0,2,1,0
112,1,私立,技專校院,1066,環球學校財團法人環球科技大學,二專(進修),女,14,1,1,0,0,0,0,0,1,0,0,0,0,0,0,0
112,1,私立,技專校院,1066,環球學校財團法人環球科技大學,學士班(日間),女,310,66,31,23,0,0,3,5,0,0,35,2,0,12,21,0
112,1,私立,技專校院,1066,環球學校財團法人環球科技大學,二專(進修),男,24,11,5,5,0,0,0,0,0,0,6,1,0,4,1,0
112,1,私立,技專校院,1066,環球學校財團法人環球科技大學,學士班(日間),男,354,81,27,20,0,0,0,1,6,0,54,6,0,16,32,0
112,1,私立,技專校院,1066,環球學校財團法人環球科技大學,碩士班(日間),女,23,5,0,0,0,0,0,0,0,0,5,0,0,2,3,0
112,1,私立,技專校院,1066,環球學校財團法人環球科技大學,碩士在職專班,女,18,8,0,0,0,0,0,0,0,0,8,0,0,6,2,0
112,1,私立,技專校院,1066,環球學校財團法人環球科技大學,學士班(進修),女,142,23,5,4,0,0,1,0,0,0,18,1,0,11,6,0
112,1,私立,技專校院,1066,環球學校財團法人環球科技大學,學士班(進修),男,101,75,47,46,0,0,0,0,1,0,28,7,0,8,13,0
112,1,私立,技專校院,1066,環球學校財團法人環球科技大學,碩士班(日間),男,22,8,0,0,0,0,0,0,0,0,8,2,0,5,1,0
112,1,私立,技專校院,1066,環球學校財團法人環球科技大學,碩士在職專班,男,10,1,0,0,0,0,0,0,0,0,1,1,0,0,0,0
112,2,私立,技專校院,1069,修平學校財團法人修平科技大學,二專(進修),女,0,0,0,0,0,0,0,0,0,0,0,0,0,0,0,0
112,2,私立,技專校院,1069,修平學校財團法人修平科技大學,二專(進修),男,2,0,0,0,0,0,0,0,0,0,0,0,0,0,0,0
112,2,私立,技專校院,1069,修平學校財團法人修平科技大學,學士班(日間),女,651,37,15,13,0,0,1,1,0,0,22,6,0,11,5,0
112,2,私立,技專校院,1069,修平學校財團法人修平科技大學,學士班(日間),男,1480,86,24,20,0,0,1,1,2,0,62,27,0,14,21,0
112,2,私立,技專校院,1069,修平學校財團法人修平科技大學,學士班(進修),男,1265,83,12,7,0,0,0,0,5,0,71,9,0,24,38,0
112,2,私立,技專校院,1069,修平學校財團法人修平科技大學,碩士在職專班,男,43,1,0,0,0,0,0,0,0,0,1,0,0,0,1,0
112,2,私立,技專校院,1069,修平學校財團法人修平科技大學,學士班(進修),女,286,22,8,6,0,0,0,2,0,0,14,1,0,5,8,0
112,2,私立,技專校院,1069,修平學校財團法人修平科技大學,碩士班(日間),女,39,4,1,1,0,0,0,0,0,0,3,1,0,1,1,0
112,2,私立,技專校院,1069,修平學校財團法人修平科技大學,碩士班(日間),男,54,5,1,0,0,0,0,0,1,0,4,2,0,1,1,0
112,2,私立,技專校院,1069,修平學校財團法人修平科技大學,碩士在職專班,女,12,2,0,0,0,0,0,0,0,0,2,0,0,0,2,0
112,1,私立,技專校院,1069,修平學校財團法人修平科技大學,二專(進修),女,0,0,0,0,0,0,0,0,0,0,0,0,0,0,0,0
112,1,私立,技專校院,1069,修平學校財團法人修平科技大學,二專(進修),男,2,0,0,0,0,0,0,0,0,0,0,0,0,0,0,0
112,1,私立,技專校院,1069,修平學校財團法人修平科技大學,學士班(日間),女,651,41,11,10,0,0,0,0,1,0,30,12,0,12,6,0
112,1,私立,技專校院,1069,修平學校財團法人修平科技大學,學士班(日間),男,1480,130,42,30,0,0,0,2,10,0,88,33,0,17,38,0
112,1,私立,技專校院,1069,修平學校財團法人修平科技大學,學士班(進修),男,1265,108,28,21,0,0,0,1,6,0,80,20,0,28,32,0
112,1,私立,技專校院,1069,修平學校財團法人修平科技大學,碩士班(日間),女,39,3,0,0,0,0,0,0,0,0,3,2,0,0,1,0
112,1,私立,技專校院,1069,修平學校財團法人修平科技大學,碩士在職專班,女,12,0,0,0,0,0,0,0,0,0,0,0,0,0,0,0
112,1,私立,技專校院,1069,修平學校財團法人修平科技大學,碩士在職專班,男,43,4,1,0,0,0,0,0,1,0,3,0,0,1,2,0
112,1,私立,技專校院,1069,修平學校財團法人修平科技大學,學士班(進修),女,286,27,12,11,0,0,0,0,1,0,15,1,0,6,8,0
112,1,私立,技專校院,1069,修平學校財團法人修平科技大學,碩士班(日間),男,54,10,0,0,0,0,0,0,0,0,10,0,0,4,6,0
112,2,私立,技專校院,1070,長庚學校財團法人長庚科技大學,學士班(日間),女,4135,56,42,40,0,0,2,0,0,0,14,2,0,0,12,0
112,2,私立,技專校院,1070,長庚學校財團法人長庚科技大學,學士班(進修),女,1060,6,2,1,0,0,1,0,0,0,4,0,0,0,4,0
112,2,私立,技專校院,1070,長庚學校財團法人長庚科技大學,學士班(進修),男,74,0,0,0,0,0,0,0,0,0,0,0,0,0,0,0
112,2,私立,技專校院,1070,長庚學校財團法人長庚科技大學,碩士班(日間),男,10,0,0,0,0,0,0,0,0,0,0,0,0,0,0,0
112,2,私立,技專校院,1070,長庚學校財團法人長庚科技大學,碩士在職專班,男,6,0,0,0,0,0,0,0,0,0,0,0,0,0,0,0
112,2,私立,技專校院,1070,長庚學校財團法人長庚科技大學,學士班(日間),男,599,12,9,9,0,0,0,0,0,0,3,2,0,0,1,0
112,2,私立,技專校院,1070,長庚學校財團法人長庚科技大學,碩士班(日間),女,70,5,2,1,0,0,1,0,0,0,3,0,0,0,3,0
112,2,私立,技專校院,1070,長庚學校財團法人長庚科技大學,碩士在職專班,女,159,5,4,2,0,0,1,0,1,0,1,1,0,0,0,0
112,1,私立,技專校院,1070,長庚學校財團法人長庚科技大學,學士班(日間),男,599,12,7,7,0,0,0,0,0,0,5,1,0,1,3,0
112,1,私立,技專校院,1070,長庚學校財團法人長庚科技大學,學士班(進修),男,74,2,2,1,0,0,0,0,1,0,0,0,0,0,0,0
112,1,私立,技專校院,1070,長庚學校財團法人長庚科技大學,學士班(日間),女,4135,91,62,61,0,0,0,0,1,0,29,3,0,0,26,0
112,1,私立,技專校院,1070,長庚學校財團法人長庚科技大學,學士班(進修),女,1060,28,13,4,0,0,1,0,8,0,15,0,0,1,14,0
112,1,私立,技專校院,1070,長庚學校財團法人長庚科技大學,碩士班(日間),男,10,0,0,0,0,0,0,0,0,0,0,0,0,0,0,0
112,1,私立,技專校院,1070,長庚學校財團法人長庚科技大學,碩士在職專班,男,6,0,0,0,0,0,0,0,0,0,0,0,0,0,0,0
112,1,私立,技專校院,1070,長庚學校財團法人長庚科技大學,碩士班(日間),女,70,5,4,1,0,0,0,0,3,0,1,0,0,0,1,0
112,1,私立,技專校院,1070,長庚學校財團法人長庚科技大學,碩士在職專班,女,159,5,5,0,0,0,1,0,2,2,0,0,0,0,0,0
112,2,私立,技專校院,1071,城市學校財團法人臺北城市科技大學,二專(日間),女,4,0,0,0,0,0,0,0,0,0,0,0,0,0,0,0
112,2,私立,技專校院,1071,城市學校財團法人臺北城市科技大學,學士班(進修),女,330,34,5,1,0,0,0,4,0,0,29,0,0,0,29,0
112,2,私立,技專校院,1071,城市學校財團法人臺北城市科技大學,學士班(進修),男,750,53,15,4,0,0,0,11,0,0,38,0,0,0,38,0
112,2,私立,技專校院,1071,城市學校財團法人臺北城市科技大學,五專,女,282,22,15,13,0,0,1,0,1,0,7,5,0,0,2,0
112,2,私立,技專校院,1071,城市學校財團法人臺北城市科技大學,碩士班(日間),女,33,3,1,1,0,0,0,0,0,0,2,0,0,0,2,0
112,2,私立,技專校院,1071,城市學校財團法人臺北城市科技大學,碩士班(日間),男,64,6,2,1,0,0,0,0,1,0,4,0,0,1,3,0
112,2,私立,技專校院,1071,城市學校財團法人臺北城市科技大學,二專(日間),男,15,0,0,0,0,0,0,0,0,0,0,0,0,0,0,0
112,2,私立,技專校院,1071,城市學校財團法人臺北城市科技大學,二專(進修),女,135,71,0,0,0,0,0,0,0,0,71,0,0,0,71,0
112,2,私立,技專校院,1071,城市學校財團法人臺北城市科技大學,二專(進修),男,172,66,1,1,0,0,0,0,0,0,65,0,0,0,65,0
112,2,私立,技專校院,1071,城市學校財團法人臺北城市科技大學,學士班(日間),女,2330,129,54,37,0,1,2,1,10,3,75,11,0,25,39,0
112,2,私立,技專校院,1071,城市學校財團法人臺北城市科技大學,學士班(日間),男,3686,193,63,47,0,0,3,4,7,2,130,25,0,43,62,0
112,2,私立,技專校院,1071,城市學校財團法人臺北城市科技大學,五專,男,463,48,26,25,0,0,0,0,1,0,22,11,0,3,8,0
112,1,私立,技專校院,1071,城市學校財團法人臺北城市科技大學,學士班(進修),女,330,5,5,4,0,0,1,0,0,0,0,0,0,0,0,0
112,1,私立,技專校院,1071,城市學校財團法人臺北城市科技大學,五專,女,282,42,37,35,0,0,0,1,1,0,5,1,0,1,3,0
112,1,私立,技專校院,1071,城市學校財團法人臺北城市科技大學,碩士班(日間),女,33,3,0,0,0,0,0,0,0,0,3,0,0,0,3,0
112,1,私立,技專校院,1071,城市學校財團法人臺北城市科技大學,碩士班(日間),男,64,10,2,1,0,0,0,0,1,0,8,2,0,1,5,0
112,1,私立,技專校院,1071,城市學校財團法人臺北城市科技大學,二專(日間),女,4,0,0,0,0,0,0,0,0,0,0,0,0,0,0,0
112,1,私立,技專校院,1071,城市學校財團法人臺北城市科技大學,二專(日間),男,15,0,0,0,0,0,0,0,0,0,0,0,0,0,0,0
112,1,私立,技專校院,1071,城市學校財團法人臺北城市科技大學,二專(進修),女,135,6,6,6,0,0,0,0,0,0,0,0,0,0,0,0
112,1,私立,技專校院,1071,城市學校財團法人臺北城市科技大學,二專(進修),男,172,2,1,1,0,0,0,0,0,0,1,0,0,1,0,0
112,1,私立,技專校院,1071,城市學校財團法人臺北城市科技大學,學士班(日間),女,2330,145,69,49,0,0,2,10,4,4,76,10,0,22,44,0
112,1,私立,技專校院,1071,城市學校財團法人臺北城市科技大學,學士班(日間),男,3686,257,102,93,0,0,0,0,7,2,155,16,0,45,94,0
112,1,私立,技專校院,1071,城市學校財團法人臺北城市科技大學,學士班(進修),男,750,34,34,27,0,0,0,0,7,0,0,0,0,0,0,0
112,1,私立,技專校院,1071,城市學校財團法人臺北城市科技大學,五專,男,463,80,50,41,0,0,0,0,9,0,30,4,3,10,13,0
112,2,私立,技專校院,1072,大華學校財團法人敏實科技大學,學士班(日間),女,166,16,2,1,0,0,0,1,0,0,14,1,0,4,1,8
112,2,私立,技專校院,1072,大華學校財團法人敏實科技大學,學士班(日間),男,313,22,1,1,0,0,0,0,0,0,21,2,0,6,2,11
112,2,私立,技專校院,1072,大華學校財團法人敏實科技大學,學士班(進修),男,75,1,0,0,0,0,0,0,0,0,1,0,0,1,0,0
112,2,私立,技專校院,1072,大華學校財團法人敏實科技大學,五專,女,57,2,2,2,0,0,0,0,0,0,0,0,0,0,0,0
112,2,私立,技專校院,1072,大華學校財團法人敏實科技大學,學士班(進修),女,47,4,0,0,0,0,0,0,0,0,4,1,0,2,1,0
112,2,私立,技專校院,1072,大華學校財團法人敏實科技大學,五專,男,44,2,1,1,0,0,0,0,0,0,1,0,0,0,1,0
112,1,私立,技專校院,1072,大華學校財團法人敏實科技大學,學士班(日間),男,313,20,6,5,0,0,0,0,1,0,14,3,0,5,6,0
112,1,私立,技專校院,1072,大華學校財團法人敏實科技大學,五專,男,44,7,5,5,0,0,0,0,0,0,2,0,0,0,2,0
112,1,私立,技專校院,1072,大華學校財團法人敏實科技大學,學士班(日間),女,166,6,4,1,0,0,0,0,3,0,2,0,0,2,0,0
112,1,私立,技專校院,1072,大華學校財團法人敏實科技大學,學士班(進修),女,47,5,2,2,0,0,0,0,0,0,3,0,0,3,0,0
112,1,私立,技專校院,1072,大華學校財團法人敏實科技大學,學士班(進修),男,75,5,0,0,0,0,0,0,0,0,5,1,0,0,4,0
112,1,私立,技專校院,1072,大華學校財團法人敏實科技大學,五專,女,57,3,1,1,0,0,0,0,0,0,2,0,0,1,1,0
112,2,私立,技專校院,1073,醒吾學校財團法人醒吾科技大學,二專(進修),女,28,9,0,0,0,0,0,0,0,0,9,0,0,0,9,0
112,2,私立,技專校院,1073,醒吾學校財團法人醒吾科技大學,學士班(日間),女,2926,130,45,37,1,0,1,1,5,0,85,19,0,26,40,0
112,2,私立,技專校院,1073,醒吾學校財團法人醒吾科技大學,學士班(進修),女,442,41,5,3,0,0,0,0,2,0,36,0,0,13,23,0
112,2,私立,技專校院,1073,醒吾學校財團法人醒吾科技大學,碩士班(日間),女,33,0,0,0,0,0,0,0,0,0,0,0,0,0,0,0
112,2,私立,技專校院,1073,醒吾學校財團法人醒吾科技大學,碩士班(日間),男,16,0,0,0,0,0,0,0,0,0,0,0,0,0,0,0
112,2,私立,技專校院,1073,醒吾學校財團法人醒吾科技大學,碩士在職專班,男,32,3,0,0,0,0,0,0,0,0,3,0,0,0,3,0
112,2,私立,技專校院,1073,醒吾學校財團法人醒吾科技大學,二專(進修),男,25,9,0,0,0,0,0,0,0,0,9,0,0,0,9,0
112,2,私立,技專校院,1073,醒吾學校財團法人醒吾科技大學,學士班(日間),男,2028,108,21,20,0,0,1,0,0,0,87,28,0,28,31,0
112,2,私立,技專校院,1073,醒吾學校財團法人醒吾科技大學,學士班(進修),男,385,43,6,4,0,0,0,0,2,0,37,0,0,12,25,0
112,2,私立,技專校院,1073,醒吾學校財團法人醒吾科技大學,五專,女,83,8,1,1,0,0,0,0,0,0,7,0,1,0,6,0
112,2,私立,技專校院,1073,醒吾學校財團法人醒吾科技大學,五專,男,55,12,4,4,0,0,0,0,0,0,8,0,0,0,8,0
112,2,私立,技專校院,1073,醒吾學校財團法人醒吾科技大學,碩士在職專班,女,47,0,0,0,0,0,0,0,0,0,0,0,0,0,0,0
112,1,私立,技專校院,1073,醒吾學校財團法人醒吾科技大學,學士班(進修),女,442,64,41,39,0,0,0,0,2,0,23,3,0,9,11,0
112,1,私立,技專校院,1073,醒吾學校財團法人醒吾科技大學,五專,男,55,15,9,9,0,0,0,0,0,0,6,3,2,0,1,0
112,1,私立,技專校院,1073,醒吾學校財團法人醒吾科技大學,碩士班(日間),女,33,7,0,0,0,0,0,0,0,0,7,5,0,0,2,0
112,1,私立,技專校院,1073,醒吾學校財團法人醒吾科技大學,碩士班(日間),男,16,9,2,0,0,0,0,0,2,0,7,6,0,0,1,0
112,1,私立,技專校院,1073,醒吾學校財團法人醒吾科技大學,碩士在職專班,女,47,2,0,0,0,0,0,0,0,0,2,2,0,0,0,0
112,1,私立,技專校院,1073,醒吾學校財團法人醒吾科技大學,碩士在職專班,男,32,1,0,0,0,0,0,0,0,0,1,0,0,0,1,0
112,1,私立,技專校院,1073,醒吾學校財團法人醒吾科技大學,二專(進修),女,28,10,2,2,0,0,0,0,0,0,8,0,0,2,6,0
112,1,私立,技專校院,1073,醒吾學校財團法人醒吾科技大學,二專(進修),男,25,4,1,1,0,0,0,0,0,0,3,0,0,1,2,0
112,1,私立,技專校院,1073,醒吾學校財團法人醒吾科技大學,學士班(日間),女,2926,201,97,89,0,0,3,1,4,0,104,54,0,21,29,0
112,1,私立,技專校院,1073,醒吾學校財團法人醒吾科技大學,學士班(日間),男,2028,186,68,62,0,0,0,2,4,0,118,72,2,21,23,0
112,1,私立,技專校院,1073,醒吾學校財團法人醒吾科技大學,學士班(進修),男,385,68,41,38,0,0,0,0,3,0,27,0,0,14,13,0
112,1,私立,技專校院,1073,醒吾學校財團法人醒吾科技大學,五專,女,83,30,25,25,0,0,0,0,0,0,5,2,2,0,1,0
112,2,私立,技專校院,1075,文藻學校財團法人文藻外語大學,學士班(日間),女,2866,68,29,22,0,0,1,1,5,0,39,12,0,5,22,0
112,2,私立,技專校院,1075,文藻學校財團法人文藻外語大學,學士班(日間),男,1218,64,23,19,0,0,0,1,2,1,41,17,0,8,16,0
112,2,私立,技專校院,1075,文藻學校財團法人文藻外語大學,學士班(進修),女,621,54,2,1,0,0,0,0,1,0,52,0,0,9,43,0
112,2,私立,技專校院,1075,文藻學校財團法人文藻外語大學,五專,女,1582,33,23,23,0,0,0,0,0,0,10,7,0,1,2,0
112,2,私立,技專校院,1075,文藻學校財團法人文藻外語大學,五專,男,337,6,4,4,0,0,0,0,0,0,2,1,0,0,1,0
112,2,私立,技專校院,1075,文藻學校財團法人文藻外語大學,學士班(進修),男,357,37,6,2,0,0,0,0,4,0,31,0,0,7,24,0
112,2,私立,技專校院,1075,文藻學校財團法人文藻外語大學,碩士班(日間),女,159,16,7,3,0,1,0,0,3,0,9,3,0,3,3,0
112,2,私立,技專校院,1075,文藻學校財團法人文藻外語大學,碩士班(日間),男,65,2,0,0,0,0,0,0,0,0,2,1,0,0,1,0
112,2,私立,技專校院,1075,文藻學校財團法人文藻外語大學,碩士在職專班,女,40,1,0,0,0,0,0,0,0,0,1,0,0,0,1,0
112,2,私立,技專校院,1075,文藻學校財團法人文藻外語大學,碩士在職專班,男,17,1,0,0,0,0,0,0,0,0,1,0,0,1,0,0
112,1,私立,技專校院,1075,文藻學校財團法人文藻外語大學,學士班(日間),男,1218,66,37,35,0,0,1,0,1,0,29,10,0,4,15,0
112,1,私立,技專校院,1075,文藻學校財團法人文藻外語大學,學士班(進修),女,621,102,15,9,0,0,0,0,6,0,87,5,0,15,67,0
112,1,私立,技專校院,1075,文藻學校財團法人文藻外語大學,學士班(進修),男,357,67,12,10,0,0,0,0,2,0,55,3,0,14,38,0
112,1,私立,技專校院,1075,文藻學校財團法人文藻外語大學,碩士班(日間),女,159,17,6,1,0,0,0,0,5,0,11,1,0,2,8,0
112,1,私立,技專校院,1075,文藻學校財團法人文藻外語大學,碩士在職專班,女,40,5,3,0,0,0,0,0,3,0,2,1,0,0,1,0
112,1,私立,技專校院,1075,文藻學校財團法人文藻外語大學,學士班(日間),女,2866,150,109,99,0,0,1,2,7,0,41,13,0,6,22,0
112,1,私立,技專校院,1075,文藻學校財團法人文藻外語大學,五專,女,1582,61,49,45,0,0,0,0,4,0,12,1,0,0,11,0
112,1,私立,技專校院,1075,文藻學校財團法人文藻外語大學,五專,男,337,15,12,12,0,0,0,0,0,0,3,1,0,0,2,0
112,1,私立,技專校院,1075,文藻學校財團法人文藻外語大學,碩士班(日間),男,65,11,3,0,0,0,0,0,3,0,8,0,0,4,4,0
112,1,私立,技專校院,1075,文藻學校財團法人文藻外語大學,碩士在職專班,男,17,2,1,0,0,0,0,1,0,0,1,0,0,1,0,0
112,2,私立,技專校院,1076,華夏學校財團法人華夏科技大學,學士班(進修),女,228,16,1,0,0,0,0,0,1,0,15,2,0,3,10,0
112,2,私立,技專校院,1076,華夏學校財團法人華夏科技大學,學士班(進修),男,392,27,1,1,0,0,0,0,0,0,26,8,0,8,10,0
112,2,私立,技專校院,1076,華夏學校財團法人華夏科技大學,五專,女,69,0,0,0,0,0,0,0,0,0,0,0,0,0,0,0
112,2,私立,技專校院,1076,華夏學校財團法人華夏科技大學,碩士班(日間),女,3,0,0,0,0,0,0,0,0,0,0,0,0,0,0,0
112,2,私立,技專校院,1076,華夏學校財團法人華夏科技大學,碩士班(日間),男,14,0,0,0,0,0,0,0,0,0,0,0,0,0,0,0
112,2,私立,技專校院,1076,華夏學校財團法人華夏科技大學,碩士在職專班,女,8,1,0,0,0,0,0,0,0,0,1,0,0,0,1,0
112,2,私立,技專校院,1076,華夏學校財團法人華夏科技大學,二專(進修),女,9,2,0,0,0,0,0,0,0,0,2,0,0,0,2,0
112,2,私立,技專校院,1076,華夏學校財團法人華夏科技大學,二專(進修),男,0,1,0,0,0,0,0,0,0,0,1,0,0,0,1,0
112,2,私立,技專校院,1076,華夏學校財團法人華夏科技大學,學士班(日間),女,201,10,1,1,0,0,0,0,0,0,9,0,0,2,7,0
112,2,私立,技專校院,1076,華夏學校財團法人華夏科技大學,學士班(日間),男,425,20,3,1,0,0,0,1,1,0,17,5,0,1,11,0
112,2,私立,技專校院,1076,華夏學校財團法人華夏科技大學,五專,男,280,17,2,1,0,0,0,0,1,0,15,8,0,0,7,0
112,2,私立,技專校院,1076,華夏學校財團法人華夏科技大學,碩士在職專班,男,21,1,0,0,0,0,0,0,0,0,1,0,0,0,1,0
112,1,私立,技專校院,1076,華夏學校財團法人華夏科技大學,學士班(進修),女,228,38,7,4,0,0,0,0,3,0,31,6,0,8,17,0
112,1,私立,技專校院,1076,華夏學校財團法人華夏科技大學,碩士班(日間),女,3,0,0,0,0,0,0,0,0,0,0,0,0,0,0,0
112,1,私立,技專校院,1076,華夏學校財團法人華夏科技大學,碩士班(日間),男,14,5,1,0,0,0,0,0,1,0,4,0,0,0,4,0
112,1,私立,技專校院,1076,華夏學校財團法人華夏科技大學,碩士在職專班,女,8,1,0,0,0,0,0,0,0,0,1,0,0,0,1,0
112,1,私立,技專校院,1076,華夏學校財團法人華夏科技大學,二專(進修),女,9,6,0,0,0,0,0,0,0,0,6,1,0,0,5,0
112,1,私立,技專校院,1076,華夏學校財團法人華夏科技大學,二專(進修),男,0,5,0,0,0,0,0,0,0,0,5,0,0,0,5,0
112,1,私立,技專校院,1076,華夏學校財團法人華夏科技大學,學士班(日間),女,201,22,2,1,0,0,0,0,0,1,20,6,0,0,14,0
112,1,私立,技專校院,1076,華夏學校財團法人華夏科技大學,學士班(日間),男,425,100,42,26,0,0,1,0,13,2,58,18,0,5,35,0
112,1,私立,技專校院,1076,華夏學校財團法人華夏科技大學,學士班(進修),男,392,54,8,5,0,0,0,0,3,0,46,21,0,7,18,0
112,1,私立,技專校院,1076,華夏學校財團法人華夏科技大學,五專,女,69,14,9,9,0,0,0,0,0,0,5,2,0,0,3,0
112,1,私立,技專校院,1076,華夏學校財團法人華夏科技大學,五專,男,280,72,31,29,0,0,0,0,2,0,41,16,2,3,20,0
112,1,私立,技專校院,1076,華夏學校財團法人華夏科技大學,碩士在職專班,男,21,1,0,0,0,0,0,0,0,0,1,0,0,0,1,0
112,2,私立,技專校院,1077,慈濟學校財團法人慈濟科技大學,二專(日間),女,15,0,0,0,0,0,0,0,0,0,0,0,0,0,0,0
112,2,私立,技專校院,1077,慈濟學校財團法人慈濟科技大學,學士班(日間),女,847,25,10,9,0,0,1,0,0,0,15,5,2,2,6,0
112,2,私立,技專校院,1077,慈濟學校財團法人慈濟科技大學,學士班(日間),男,430,14,3,3,0,0,0,0,0,0,11,2,4,0,5,0
112,2,私立,技專校院,1077,慈濟學校財團法人慈濟科技大學,學士班(進修),男,15,0,0,0,0,0,0,0,0,0,0,0,0,0,0,0
112,2,私立,技專校院,1077,慈濟學校財團法人慈濟科技大學,五專,女,1114,30,11,8,0,0,2,0,1,0,19,10,1,0,8,0
112,2,私立,技專校院,1077,慈濟學校財團法人慈濟科技大學,二專(日間),男,1,0,0,0,0,0,0,0,0,0,0,0,0,0,0,0
112,2,私立,技專校院,1077,慈濟學校財團法人慈濟科技大學,學士班(進修),女,152,4,0,0,0,0,0,0,0,0,4,0,0,1,3,0
112,2,私立,技專校院,1077,慈濟學校財團法人慈濟科技大學,碩士班(日間),女,65,3,2,0,0,0,0,0,2,0,1,0,0,1,0,0
112,2,私立,技專校院,1077,慈濟學校財團法人慈濟科技大學,碩士班(日間),男,20,2,1,1,0,0,0,0,0,0,1,0,0,0,1,0
112,2,私立,技專校院,1077,慈濟學校財團法人慈濟科技大學,五專,男,177,1,0,0,0,0,0,0,0,0,1,0,0,0,1,0
112,1,私立,技專校院,1077,慈濟學校財團法人慈濟科技大學,二專(日間),男,1,0,0,0,0,0,0,0,0,0,0,0,0,0,0,0
112,1,私立,技專校院,1077,慈濟學校財團法人慈濟科技大學,學士班(進修),女,152,25,4,2,0,0,0,0,2,0,21,0,0,2,19,0
112,1,私立,技專校院,1077,慈濟學校財團法人慈濟科技大學,五專,男,177,12,5,5,0,0,0,0,0,0,7,2,3,1,1,0
112,1,私立,技專校院,1077,慈濟學校財團法人慈濟科技大學,碩士班(日間),女,65,4,1,0,0,0,0,0,1,0,3,0,0,2,1,0
112,1,私立,技專校院,1077,慈濟學校財團法人慈濟科技大學,二專(日間),女,15,0,0,0,0,0,0,0,0,0,0,0,0,0,0,0
112,1,私立,技專校院,1077,慈濟學校財團法人慈濟科技大學,學士班(日間),女,847,37,25,22,0,0,1,0,1,1,12,2,1,0,9,0
112,1,私立,技專校院,1077,慈濟學校財團法人慈濟科技大學,學士班(日間),男,430,26,12,12,0,0,0,0,0,0,14,1,1,3,9,0
112,1,私立,技專校院,1077,慈濟學校財團法人慈濟科技大學,學士班(進修),男,15,6,1,1,0,0,0,0,0,0,5,0,0,1,4,0
112,1,私立,技專校院,1077,慈濟學校財團法人慈濟科技大學,五專,女,1114,37,20,17,0,0,2,0,1,0,17,4,2,1,10,0
112,1,私立,技專校院,1077,慈濟學校財團法人慈濟科技大學,碩士班(日間),男,20,3,1,1,0,0,0,0,0,0,2,0,0,0,2,0
112,2,私立,技專校院,1078,致理學校財團法人致理科技大學,學士班(進修),女,1595,135,8,5,0,0,0,0,3,0,127,27,0,36,64,0
112,2,私立,技專校院,1078,致理學校財團法人致理科技大學,學士班(進修),男,1230,145,12,8,0,0,0,1,3,0,133,35,0,47,51,0
112,2,私立,技專校院,1078,致理學校財團法人致理科技大學,五專,男,367,18,2,1,0,0,0,0,1,0,16,6,2,0,8,0
112,2,私立,技專校院,1078,致理學校財團法人致理科技大學,碩士班(日間),女,39,3,0,0,0,0,0,0,0,0,3,0,0,0,3,0
112,2,私立,技專校院,1078,致理學校財團法人致理科技大學,碩士班(日間),男,15,0,0,0,0,0,0,0,0,0,0,0,0,0,0,0
112,2,私立,技專校院,1078,致理學校財團法人致理科技大學,碩士在職專班,女,38,1,0,0,0,0,0,0,0,0,1,0,0,0,1,0
112,2,私立,技專校院,1078,致理學校財團法人致理科技大學,碩士在職專班,男,16,1,0,0,0,0,0,0,0,0,1,0,0,0,1,0
112,2,私立,技專校院,1078,致理學校財團法人致理科技大學,學士班(日間),女,4285,76,38,36,0,0,0,0,2,0,38,10,0,5,23,0
112,2,私立,技專校院,1078,致理學校財團法人致理科技大學,學士班(日間),男,2175,66,17,12,0,0,0,1,4,0,49,20,0,8,21,0
112,2,私立,技專校院,1078,致理學校財團法人致理科技大學,五專,女,1191,30,6,6,0,0,0,0,0,0,24,10,3,0,11,0
112,1,私立,技專校院,1078,致理學校財團法人致理科技大學,學士班(日間),女,4285,132,77,72,0,0,0,3,2,0,55,15,0,9,31,0
112,1,私立,技專校院,1078,致理學校財團法人致理科技大學,學士班(進修),女,1595,126,31,27,0,0,0,0,4,0,95,5,0,38,52,0
112,1,私立,技專校院,1078,致理學校財團法人致理科技大學,五專,女,1191,61,31,30,0,0,0,0,1,0,30,4,1,0,25,0
112,1,私立,技專校院,1078,致理學校財團法人致理科技大學,碩士班(日間),男,15,0,0,0,0,0,0,0,0,0,0,0,0,0,0,0
112,1,私立,技專校院,1078,致理學校財團法人致理科技大學,碩士在職專班,男,16,1,0,0,0,0,0,0,0,0,1,0,0,0,1,0
112,1,私立,技專校院,1078,致理學校財團法人致理科技大學,學士班(日間),男,2175,86,41,38,0,0,0,1,2,0,45,7,1,9,28,0
112,1,私立,技專校院,1078,致理學校財團法人致理科技大學,學士班(進修),男,1230,111,26,24,0,0,0,0,2,0,85,8,0,40,37,0
112,1,私立,技專校院,1078,致理學校財團法人致理科技大學,五專,男,367,42,23,23,0,0,0,0,0,0,19,0,2,3,14,0
112,1,私立,技專校院,1078,致理學校財團法人致理科技大學,碩士班(日間),女,39,3,0,0,0,0,0,0,0,0,3,0,0,1,2,0
112,1,私立,技專校院,1078,致理學校財團法人致理科技大學,碩士在職專班,女,38,4,0,0,0,0,0,0,0,0,4,0,0,1,3,0
112,2,私立,一般大學,1079,康寧學校財團法人康寧大學,二專(進修),女,158,6,4,4,0,0,0,0,0,0,2,0,0,2,0,0
112,2,私立,一般大學,1079,康寧學校財團法人康寧大學,二專(進修),男,53,1,0,0,0,0,0,0,0,0,1,0,0,1,0,0
112,2,私立,一般大學,1079,康寧學校財團法人康寧大學,學士班(日間),女,120,5,3,3,0,0,0,0,0,0,2,0,0,1,1,0
112,2,私立,一般大學,1079,康寧學校財團法人康寧大學,學士班(日間),男,36,1,0,0,0,0,0,0,0,0,1,0,0,0,1,0
112,2,私立,一般大學,1079,康寧學校財團法人康寧大學,五專,男,628,30,9,9,0,0,0,0,0,0,21,0,16,1,4,0
112,2,私立,一般大學,1079,康寧學校財團法人康寧大學,碩士在職專班,男,2,0,0,0,0,0,0,0,0,0,0,0,0,0,0,0
112,2,私立,一般大學,1079,康寧學校財團法人康寧大學,學士班(進修),女,173,2,0,0,0,0,0,0,0,0,2,0,0,0,2,0
112,2,私立,一般大學,1079,康寧學校財團法人康寧大學,學士班(進修),男,22,0,0,0,0,0,0,0,0,0,0,0,0,0,0,0
112,2,私立,一般大學,1079,康寧學校財團法人康寧大學,五專,女,2048,64,34,34,0,0,0,0,0,0,30,0,13,4,13,0
112,2,私立,一般大學,1079,康寧學校財團法人康寧大學,碩士在職專班,女,3,2,0,0,0,0,0,0,0,0,2,1,0,0,1,0
112,1,私立,一般大學,1079,康寧學校財團法人康寧大學,學士班(進修),女,173,4,1,0,0,0,1,0,0,0,3,0,0,0,3,0
112,1,私立,一般大學,1079,康寧學校財團法人康寧大學,五專,女,2048,82,62,61,0,0,1,0,0,0,20,2,0,3,15,0
112,1,私立,一般大學,1079,康寧學校財團法人康寧大學,碩士班(日間),女,0,5,0,0,0,0,0,0,0,0,5,1,0,0,4,0
112,1,私立,一般大學,1079,康寧學校財團法人康寧大學,碩士班(日間),男,0,1,0,0,0,0,0,0,0,0,1,0,0,0,1,0
112,1,私立,一般大學,1079,康寧學校財團法人康寧大學,碩士在職專班,女,3,2,0,0,0,0,0,0,0,0,2,0,0,0,2,0
112,1,私立,一般大學,1079,康寧學校財團法人康寧大學,二專(進修),女,158,3,1,0,0,0,0,0,1,0,2,0,0,0,2,0
112,1,私立,一般大學,1079,康寧學校財團法人康寧大學,二專(進修),男,53,4,1,0,0,0,0,1,0,0,3,0,0,0,3,0
112,1,私立,一般大學,1079,康寧學校財團法人康寧大學,學士班(日間),女,120,9,4,4,0,0,0,0,0,0,5,0,0,3,2,0
112,1,私立,一般大學,1079,康寧學校財團法人康寧大學,學士班(日間),男,36,0,0,0,0,0,0,0,0,0,0,0,0,0,0,0
112,1,私立,一般大學,1079,康寧學校財團法人康寧大學,學士班(進修),男,22,1,0,0,0,0,0,0,0,0,1,0,0,0,1,0
112,1,私立,一般大學,1079,康寧學校財團法人康寧大學,五專,男,628,34,24,24,0,0,0,0,0,0,10,0,0,1,9,0
112,1,私立,一般大學,1079,康寧學校財團法人康寧大學,碩士在職專班,男,2,3,0,0,0,0,0,0,0,0,3,1,0,1,1,0
112,2,私立,技專校院,1080,宏國學校財團法人宏國德霖科技大學,學士班(進修),男,914,74,8,5,0,0,0,0,3,0,66,17,0,45,4,0
112,2,私立,技專校院,1080,宏國學校財團法人宏國德霖科技大學,碩士班(日間),女,18,2,0,0,0,0,0,0,0,0,2,0,0,0,2,0
112,2,私立,技專校院,1080,宏國學校財團法人宏國德霖科技大學,碩士班(日間),男,21,2,0,0,0,0,0,0,0,0,2,0,0,2,0,0
112,2,私立,技專校院,1080,宏國學校財團法人宏國德霖科技大學,學士班(日間),女,571,30,6,5,0,0,0,1,0,0,24,5,0,13,6,0
112,2,私立,技專校院,1080,宏國學校財團法人宏國德霖科技大學,學士班(日間),男,838,50,8,7,0,0,0,0,1,0,42,7,0,12,23,0
112,2,私立,技專校院,1080,宏國學校財團法人宏國德霖科技大學,學士班(進修),女,558,32,2,0,1,0,0,0,1,0,30,3,0,23,4,0
112,2,私立,技專校院,1080,宏國學校財團法人宏國德霖科技大學,五專,女,436,43,9,8,0,0,0,0,1,0,34,2,1,7,24,0
112,2,私立,技專校院,1080,宏國學校財團法人宏國德霖科技大學,五專,男,634,41,7,7,0,0,0,0,0,0,34,5,2,6,21,0
112,1,私立,技專校院,1080,宏國學校財團法人宏國德霖科技大學,學士班(日間),女,571,36,10,10,0,0,0,0,0,0,26,0,0,19,7,0
112,1,私立,技專校院,1080,宏國學校財團法人宏國德霖科技大學,五專,女,436,25,11,11,0,0,0,0,0,0,14,1,2,6,5,0
112,1,私立,技專校院,1080,宏國學校財團法人宏國德霖科技大學,五專,男,634,49,13,13,0,0,0,0,0,0,36,1,1,20,14,0
112,1,私立,技專校院,1080,宏國學校財團法人宏國德霖科技大學,碩士班(日間),男,21,0,0,0,0,0,0,0,0,0,0,0,0,0,0,0
112,1,私立,技專校院,1080,宏國學校財團法人宏國德霖科技大學,學士班(日間),男,838,76,22,21,0,0,0,0,1,0,54,5,0,34,15,0
112,1,私立,技專校院,1080,宏國學校財團法人宏國德霖科技大學,學士班(進修),女,558,26,4,4,0,0,0,0,0,0,22,0,0,13,9,0
112,1,私立,技專校院,1080,宏國學校財團法人宏國德霖科技大學,學士班(進修),男,914,81,16,9,0,0,0,0,7,0,65,3,0,45,17,0
112,1,私立,技專校院,1080,宏國學校財團法人宏國德霖科技大學,碩士班(日間),女,18,0,0,0,0,0,0,0,0,0,0,0,0,0,0,0
112,2,私立,技專校院,1081,東方學校財團法人東方設計大學,二專(進修),女,1,1,0,0,0,0,0,0,0,0,1,0,0,1,0,0
112,2,私立,技專校院,1081,東方學校財團法人東方設計大學,二專(進修),男,10,1,0,0,0,0,0,0,0,0,1,0,0,0,0,1
112,2,私立,技專校院,1081,東方學校財團法人東方設計大學,學士班(日間),女,51,10,0,0,0,0,0,0,0,0,10,1,0,1,0,8
112,2,私立,技專校院,1081,東方學校財團法人東方設計大學,學士班(日間),男,55,13,1,1,0,0,0,0,0,0,12,1,0,3,1,7
112,2,私立,技專校院,1081,東方學校財團法人東方設計大學,學士班(進修),男,30,2,0,0,0,0,0,0,0,0,2,0,0,1,0,1
112,2,私立,技專校院,1081,東方學校財團法人東方設計大學,五專,女,63,38,5,4,0,0,0,0,1,0,33,0,0,0,5,28
112,2,私立,技專校院,1081,東方學校財團法人東方設計大學,學士班(進修),女,24,3,1,0,0,0,0,0,1,0,2,0,0,0,0,2
112,2,私立,技專校院,1081,東方學校財團法人東方設計大學,五專,男,58,40,4,4,0,0,0,0,0,0,36,0,0,0,2,34
112,2,私立,技專校院,1081,東方學校財團法人東方設計大學,博士班,女,9,0,0,0,0,0,0,0,0,0,0,0,0,0,0,0
112,2,私立,技專校院,1081,東方學校財團法人東方設計大學,博士班,男,11,0,0,0,0,0,0,0,0,0,0,0,0,0,0,0
112,2,私立,技專校院,1081,東方學校財團法人東方設計大學,碩士班(日間),女,15,8,3,0,0,0,0,0,3,0,5,2,0,0,0,3
112,2,私立,技專校院,1081,東方學校財團法人東方設計大學,碩士班(日間),男,12,7,1,0,0,0,0,0,1,0,6,0,0,0,1,5
112,2,私立,技專校院,1081,東方學校財團法人東方設計大學,碩士在職專班,女,3,1,0,0,0,0,0,0,0,0,1,0,0,1,0,0
112,2,私立,技專校院,1081,東方學校財團法人東方設計大學,碩士在職專班,男,3,1,0,0,0,0,0,0,0,0,1,0,0,0,0,1
112,1,私立,技專校院,1081,東方學校財團法人東方設計大學,五專,男,58,33,12,11,0,0,0,0,1,0,21,0,0,12,9,0
112,1,私立,技專校院,1081,東方學校財團法人東方設計大學,博士班,女,9,1,0,0,0,0,0,0,0,0,1,1,0,0,0,0
112,1,私立,技專校院,1081,東方學校財團法人東方設計大學,碩士班(日間),女,15,4,0,0,0,0,0,0,0,0,4,1,0,0,3,0
112,1,私立,技專校院,1081,東方學校財團法人東方設計大學,碩士在職專班,女,3,2,0,0,0,0,0,0,0,0,2,0,0,0,2,0
112,1,私立,技專校院,1081,東方學校財團法人東方設計大學,二專(進修),女,1,1,0,0,0,0,0,0,0,0,1,0,0,0,1,0
112,1,私立,技專校院,1081,東方學校財團法人東方設計大學,二專(進修),男,10,1,0,0,0,0,0,0,0,0,1,0,0,1,0,0
112,1,私立,技專校院,1081,東方學校財團法人東方設計大學,學士班(日間),女,51,33,10,9,0,0,0,0,1,0,23,0,0,14,9,0
112,1,私立,技專校院,1081,東方學校財團法人東方設計大學,學士班(日間),男,55,39,7,6,0,0,0,0,1,0,32,2,0,11,19,0
112,1,私立,技專校院,1081,東方學校財團法人東方設計大學,學士班(進修),女,24,3,0,0,0,0,0,0,0,0,3,0,0,2,1,0
112,1,私立,技專校院,1081,東方學校財團法人東方設計大學,學士班(進修),男,30,13,4,3,0,0,0,0,1,0,9,0,0,5,4,0
112,1,私立,技專校院,1081,東方學校財團法人東方設計大學,五專,女,63,38,28,28,0,0,0,0,0,0,10,0,0,5,5,0
112,1,私立,技專校院,1081,東方學校財團法人東方設計大學,博士班,男,11,1,0,0,0,0,0,0,0,0,1,0,0,0,1,0
112,1,私立,技專校院,1081,東方學校財團法人東方設計大學,碩士班(日間),男,12,7,2,0,0,0,0,0,2,0,5,0,0,2,3,0
112,1,私立,技專校院,1081,東方學校財團法人東方設計大學,碩士在職專班,男,3,0,0,0,0,0,0,0,0,0,0,0,0,0,0,0
112,2,私立,技專校院,1082,崇右學校財團法人崇右影藝科技大學,學士班(日間),女,610,27,5,3,0,0,0,0,2,0,22,0,0,12,10,0
112,2,私立,技專校院,1082,崇右學校財團法人崇右影藝科技大學,碩士班(日間),男,16,4,1,0,0,0,0,1,0,0,3,1,0,1,1,0
112,2,私立,技專校院,1082,崇右學校財團法人崇右影藝科技大學,學士班(日間),男,502,33,8,6,0,0,0,1,1,0,25,3,1,11,10,0
112,2,私立,技專校院,1082,崇右學校財團法人崇右影藝科技大學,碩士班(日間),女,17,1,0,0,0,0,0,0,0,0,1,0,0,1,0,0
112,1,私立,技專校院,1082,崇右學校財團法人崇右影藝科技大學,二專(進修),男,0,2,0,0,0,0,0,0,0,0,2,0,0,0,2,0
112,1,私立,技專校院,1082,崇右學校財團法人崇右影藝科技大學,學士班(日間),男,502,66,30,27,0,0,0,0,3,0,36,2,0,25,9,0
112,1,私立,技專校院,1082,崇右學校財團法人崇右影藝科技大學,碩士班(日間),女,17,2,0,0,0,0,0,0,0,0,2,0,0,1,1,0
112,1,私立,技專校院,1082,崇右學校財團法人崇右影藝科技大學,碩士班(日間),男,16,2,0,0,0,0,0,0,0,0,2,0,0,0,2,0
112,1,私立,技專校院,1082,崇右學校財團法人崇右影藝科技大學,學士班(日間),女,610,78,30,27,0,0,0,1,2,0,48,4,0,34,10,0
112,2,私立,技專校院,1083,台北海洋學校財團法人台北海洋科技大學,二專(進修),男,138,11,0,0,0,0,0,0,0,0,11,0,0,9,2,0
112,2,私立,技專校院,1083,台北海洋學校財團法人台北海洋科技大學,學士班(日間),男,1244,82,42,37,0,0,1,2,2,0,40,3,0,9,23,5
112,2,私立,技專校院,1083,台北海洋學校財團法人台北海洋科技大學,學士班(進修),女,463,32,7,6,0,0,0,1,0,0,25,0,0,11,14,0
112,2,私立,技專校院,1083,台北海洋學校財團法人台北海洋科技大學,學士班(進修),男,341,23,6,6,0,0,0,0,0,0,17,0,0,7,10,0
112,2,私立,技專校院,1083,台北海洋學校財團法人台北海洋科技大學,五專,女,212,29,24,22,0,0,1,0,1,0,5,0,0,0,5,0
112,2,私立,技專校院,1083,台北海洋學校財團法人台北海洋科技大學,碩士班(日間),女,54,9,2,0,0,0,0,0,2,0,7,0,0,3,4,0
112,2,私立,技專校院,1083,台北海洋學校財團法人台北海洋科技大學,二專(日間),女,0,0,0,0,0,0,0,0,0,0,0,0,0,0,0,0
112,2,私立,技專校院,1083,台北海洋學校財團法人台北海洋科技大學,二專(日間),男,10,0,0,0,0,0,0,0,0,0,0,0,0,0,0,0
112,2,私立,技專校院,1083,台北海洋學校財團法人台北海洋科技大學,二專(進修),女,12,0,0,0,0,0,0,0,0,0,0,0,0,0,0,0
112,2,私立,技專校院,1083,台北海洋學校財團法人台北海洋科技大學,學士班(日間),女,883,77,30,26,0,0,1,0,3,0,47,1,0,10,24,12
112,2,私立,技專校院,1083,台北海洋學校財團法人台北海洋科技大學,五專,男,346,35,28,24,0,0,1,0,3,0,7,0,0,2,5,0
112,2,私立,技專校院,1083,台北海洋學校財團法人台北海洋科技大學,碩士班(日間),男,72,12,1,0,0,0,0,0,1,0,11,0,0,5,6,0
112,1,私立,技專校院,1083,台北海洋學校財團法人台北海洋科技大學,二專(日間),女,0,0,0,0,0,0,0,0,0,0,0,0,0,0,0,0
112,1,私立,技專校院,1083,台北海洋學校財團法人台北海洋科技大學,二專(日間),男,10,1,0,0,0,0,0,0,0,0,1,0,0,0,1,0
112,1,私立,技專校院,1083,台北海洋學校財團法人台北海洋科技大學,二專(進修),女,12,1,1,1,0,0,0,0,0,0,0,0,0,0,0,0
112,1,私立,技專校院,1083,台北海洋學校財團法人台北海洋科技大學,學士班(日間),女,883,61,34,8,0,0,2,23,1,0,27,0,0,15,12,0
112,1,私立,技專校院,1083,台北海洋學校財團法人台北海洋科技大學,學士班(進修),男,341,17,1,1,0,0,0,0,0,0,16,0,0,6,10,0
112,1,私立,技專校院,1083,台北海洋學校財團法人台北海洋科技大學,五專,女,212,12,3,2,0,0,0,0,1,0,9,0,0,4,5,0
112,1,私立,技專校院,1083,台北海洋學校財團法人台北海洋科技大學,五專,男,346,21,10,9,0,0,0,0,1,0,11,0,0,7,4,0
112,1,私立,技專校院,1083,台北海洋學校財團法人台北海洋科技大學,碩士班(日間),男,72,8,2,0,0,0,0,0,2,0,6,0,0,1,5,0
112,1,私立,技專校院,1083,台北海洋學校財團法人台北海洋科技大學,二專(進修),男,138,7,3,2,0,0,0,0,1,0,4,0,0,3,1,0
112,1,私立,技專校院,1083,台北海洋學校財團法人台北海洋科技大學,學士班(日間),男,1244,97,57,23,0,0,1,29,4,0,40,0,0,17,23,0
112,1,私立,技專校院,1083,台北海洋學校財團法人台北海洋科技大學,學士班(進修),女,463,20,6,3,0,0,1,0,2,0,14,0,0,7,7,0
112,1,私立,技專校院,1083,台北海洋學校財團法人台北海洋科技大學,碩士班(日間),女,54,3,0,0,0,0,0,0,0,0,3,1,0,1,1,0
112,2,私立,技專校院,1084,亞東學校財團法人亞東科技大學,學士班(日間),女,1176,29,8,5,0,0,0,1,2,0,21,8,0,0,13,0
112,2,私立,技專校院,1084,亞東學校財團法人亞東科技大學,學士班(進修),女,137,2,0,0,0,0,0,0,0,0,2,0,0,0,2,0
112,2,私立,技專校院,1084,亞東學校財團法人亞東科技大學,學士班(進修),男,11,0,0,0,0,0,0,0,0,0,0,0,0,0,0,0
112,2,私立,技專校院,1084,亞東學校財團法人亞東科技大學,碩士班(日間),男,45,5,0,0,0,0,0,0,0,0,5,3,0,0,2,0
112,2,私立,技專校院,1084,亞東學校財團法人亞東科技大學,學士班(日間),男,2474,96,21,17,0,0,0,1,3,0,75,45,0,9,21,0
112,2,私立,技專校院,1084,亞東學校財團法人亞東科技大學,碩士班(日間),女,13,3,0,0,0,0,0,0,0,0,3,1,0,1,1,0
112,1,私立,技專校院,1084,亞東學校財團法人亞東科技大學,學士班(日間),男,2474,88,38,33,0,0,1,2,2,0,50,15,0,5,30,0
112,1,私立,技專校院,1084,亞東學校財團法人亞東科技大學,學士班(進修),男,11,0,0,0,0,0,0,0,0,0,0,0,0,0,0,0
112,1,私立,技專校院,1084,亞東學校財團法人亞東科技大學,碩士班(日間),女,13,0,0,0,0,0,0,0,0,0,0,0,0,0,0,0
112,1,私立,技專校院,1084,亞東學校財團法人亞東科技大學,學士班(日間),女,1176,34,25,20,0,0,0,1,4,0,9,4,0,1,4,0
112,1,私立,技專校院,1084,亞東學校財團法人亞東科技大學,學士班(進修),女,137,3,1,1,0,0,0,0,0,0,2,0,0,0,2,0
112,1,私立,技專校院,1084,亞東學校財團法人亞東科技大學,碩士班(日間),男,45,1,0,0,0,0,0,0,0,0,1,0,0,0,1,0
112,2,私立,一般大學,1125,中信學校財團法人中信金融管理學院,碩士班(日間),女,64,4,0,0,0,0,0,0,0,0,4,0,0,3,1,0
112,2,私立,一般大學,1125,中信學校財團法人中信金融管理學院,碩士班(日間),男,50,9,2,0,0,0,0,0,1,1,7,1,0,6,0,0
112,2,私立,一般大學,1125,中信學校財團法人中信金融管理學院,碩士在職專班,女,20,2,0,0,0,0,0,0,0,0,2,0,0,2,0,0
112,2,私立,一般大學,1125,中信學校財團法人中信金融管理學院,碩士在職專班,男,24,3,0,0,0,0,0,0,0,0,3,0,0,3,0,0
112,2,私立,一般大學,1125,中信學校財團法人中信金融管理學院,學士班(日間),女,353,7,4,3,0,0,1,0,0,0,3,1,0,1,1,0
112,2,私立,一般大學,1125,中信學校財團法人中信金融管理學院,學士班(日間),男,446,17,6,4,0,0,1,0,1,0,11,3,0,6,2,0
112,1,私立,一般大學,1125,中信學校財團法人中信金融管理學院,學士班(日間),女,353,31,10,7,0,0,0,0,0,3,21,1,0,18,2,0
112,1,私立,一般大學,1125,中信學校財團法人中信金融管理學院,學士班(日間),男,446,48,18,17,0,0,0,0,1,0,30,4,0,20,6,0
112,1,私立,一般大學,1125,中信學校財團法人中信金融管理學院,碩士班(日間),男,50,0,0,0,0,0,0,0,0,0,0,0,0,0,0,0
112,1,私立,一般大學,1125,中信學校財團法人中信金融管理學院,碩士班(日間),女,64,3,1,1,0,0,0,0,0,0,2,0,0,0,2,0
112,1,私立,一般大學,1125,中信學校財團法人中信金融管理學院,碩士在職專班,女,20,0,0,0,0,0,0,0,0,0,0,0,0,0,0,0
112,1,私立,一般大學,1125,中信學校財團法人中信金融管理學院,碩士在職專班,男,24,0,0,0,0,0,0,0,0,0,0,0,0,0,0,0
112,2,私立,技專校院,1148,大漢技術學院,學士班(進修),女,157,14,1,1,0,0,0,0,0,0,13,0,0,9,4,0
112,2,私立,技專校院,1148,大漢技術學院,碩士班(日間),女,29,4,0,0,0,0,0,0,0,0,4,0,0,3,1,0
112,2,私立,技專校院,1148,大漢技術學院,碩士班(日間),男,44,10,1,0,0,0,0,0,1,0,9,0,0,3,6,0
112,2,私立,技專校院,1148,大漢技術學院,二專(進修),女,32,4,0,0,0,0,0,0,0,0,4,0,0,1,3,0
112,2,私立,技專校院,1148,大漢技術學院,二專(進修),男,19,4,0,0,0,0,0,0,0,0,4,0,0,3,1,0
112,2,私立,技專校院,1148,大漢技術學院,學士班(日間),女,40,6,1,1,0,0,0,0,0,0,5,0,0,2,3,0
112,2,私立,技專校院,1148,大漢技術學院,學士班(日間),男,57,5,0,0,0,0,0,0,0,0,5,1,0,1,3,0
112,2,私立,技專校院,1148,大漢技術學院,學士班(進修),男,223,22,1,1,0,0,0,0,0,0,21,0,0,14,7,0
112,1,私立,技專校院,1148,大漢技術學院,二專(進修),女,32,4,0,0,0,0,0,0,0,0,4,0,0,2,2,0
112,1,私立,技專校院,1148,大漢技術學院,二專(進修),男,19,4,0,0,0,0,0,0,0,0,4,0,0,2,2,0
112,1,私立,技專校院,1148,大漢技術學院,學士班(日間),男,57,13,1,0,0,0,0,0,1,0,12,0,1,5,6,0
112,1,私立,技專校院,1148,大漢技術學院,學士班(進修),男,223,15,4,3,0,0,0,0,1,0,11,0,0,8,3,0
112,1,私立,技專校院,1148,大漢技術學院,碩士班(日間),女,29,4,0,0,0,0,0,0,0,0,4,0,0,0,4,0
112,1,私立,技專校院,1148,大漢技術學院,學士班(日間),女,40,4,0,0,0,0,0,0,0,0,4,0,0,2,2,0
112,1,私立,技專校院,1148,大漢技術學院,學士班(進修),女,157,16,3,2,0,0,0,0,1,0,13,1,0,8,4,0
112,1,私立,技專校院,1148,大漢技術學院,碩士班(日間),男,44,6,0,0,0,0,0,0,0,0,6,0,0,1,5,0
112,2,私立,技專校院,1168,南亞科技學校財團法人南亞技術學院,二專(進修),女,0,1,0,0,0,0,0,0,0,0,1,1,0,0,0,0
112,2,私立,技專校院,1168,南亞科技學校財團法人南亞技術學院,學士班(日間),女,261,9,0,0,0,0,0,0,0,0,9,1,0,4,4,0
112,2,私立,技專校院,1168,南亞科技學校財團法人南亞技術學院,學士班(進修),女,751,17,5,3,0,0,0,0,2,0,12,0,0,7,5,0
112,2,私立,技專校院,1168,南亞科技學校財團法人南亞技術學院,學士班(進修),男,317,14,1,0,0,0,0,0,1,0,13,1,0,4,8,0
112,2,私立,技專校院,1168,南亞科技學校財團法人南亞技術學院,五專,女,31,3,1,1,0,0,0,0,0,0,2,0,0,1,1,0
112,2,私立,技專校院,1168,南亞科技學校財團法人南亞技術學院,碩士班(日間),男,1,4,0,0,0,0,0,0,0,0,4,0,0,1,3,0
112,2,私立,技專校院,1168,南亞科技學校財團法人南亞技術學院,學士班(日間),男,592,26,5,4,0,0,0,1,0,0,21,5,0,7,9,0
112,2,私立,技專校院,1168,南亞科技學校財團法人南亞技術學院,五專,男,46,0,0,0,0,0,0,0,0,0,0,0,0,0,0,0
112,2,私立,技專校院,1168,南亞科技學校財團法人南亞技術學院,碩士班(日間),女,0,0,0,0,0,0,0,0,0,0,0,0,0,0,0,0
112,1,私立,技專校院,1168,南亞科技學校財團法人南亞技術學院,二專(進修),男,0,2,0,0,0,0,0,0,0,0,2,0,0,1,1,0
112,1,私立,技專校院,1168,南亞科技學校財團法人南亞技術學院,學士班(日間),男,592,62,23,17,0,0,0,3,3,0,39,8,0,11,20,0
112,1,私立,技專校院,1168,南亞科技學校財團法人南亞技術學院,五專,男,46,18,6,3,0,0,0,0,3,0,12,2,0,2,8,0
112,1,私立,技專校院,1168,南亞科技學校財團法人南亞技術學院,碩士班(日間),女,0,0,0,0,0,0,0,0,0,0,0,0,0,0,0,0
112,1,私立,技專校院,1168,南亞科技學校財團法人南亞技術學院,學士班(日間),女,261,24,10,8,0,0,0,1,1,0,14,0,0,3,11,0
112,1,私立,技專校院,1168,南亞科技學校財團法人南亞技術學院,學士班(進修),女,751,34,8,4,0,1,1,0,1,1,26,2,0,7,17,0
112,1,私立,技專校院,1168,南亞科技學校財團法人南亞技術學院,學士班(進修),男,317,40,3,3,0,0,0,0,0,0,37,6,0,7,24,0
112,1,私立,技專校院,1168,南亞科技學校財團法人南亞技術學院,五專,女,31,7,5,5,0,0,0,0,0,0,2,1,0,0,1,0
112,1,私立,技專校院,1168,南亞科技學校財團法人南亞技術學院,碩士班(日間),男,1,1,0,0,0,0,0,0,0,0,1,0,0,1,0,0
112,2,私立,技專校院,1183,黎明技術學院,學士班(日間),女,1529,102,40,22,1,0,4,3,9,1,62,23,0,22,17,0
112,2,私立,技專校院,1183,黎明技術學院,學士班(日間),男,1570,123,40,22,0,0,1,6,10,1,83,25,6,29,23,0
112,2,私立,技專校院,1183,黎明技術學院,學士班(進修),男,874,75,26,14,0,0,0,4,8,0,49,9,0,21,19,0
112,2,私立,技專校院,1183,黎明技術學院,五專,女,59,5,0,0,0,0,0,0,0,0,5,4,1,0,0,0
112,2,私立,技專校院,1183,黎明技術學院,學士班(進修),女,445,43,12,5,0,0,0,2,5,0,31,10,0,14,7,0
112,2,私立,技專校院,1183,黎明技術學院,五專,男,251,34,16,13,0,0,0,0,2,1,18,7,5,1,5,0
112,2,私立,技專校院,1183,黎明技術學院,碩士班(日間),女,9,0,0,0,0,0,0,0,0,0,0,0,0,0,0,0
112,2,私立,技專校院,1183,黎明技術學院,碩士班(日間),男,5,1,0,0,0,0,0,0,0,0,1,0,0,1,0,0
112,1,私立,技專校院,1183,黎明技術學院,學士班(日間),男,1570,145,59,13,0,0,1,3,16,26,86,21,1,29,35,0
112,1,私立,技專校院,1183,黎明技術學院,五專,男,251,33,23,9,0,0,1,2,2,9,10,2,0,3,5,0
112,1,私立,技專校院,1183,黎明技術學院,碩士班(日間),女,9,0,0,0,0,0,0,0,0,0,0,0,0,0,0,0
112,1,私立,技專校院,1183,黎明技術學院,學士班(日間),女,1529,139,74,38,0,0,5,2,5,24,65,13,0,19,33,0
112,1,私立,技專校院,1183,黎明技術學院,學士班(進修),女,445,71,41,32,0,0,0,4,5,0,30,1,0,11,18,0
112,1,私立,技專校院,1183,黎明技術學院,學士班(進修),男,874,139,92,77,0,0,1,8,6,0,47,3,1,22,21,0
112,1,私立,技專校院,1183,黎明技術學院,五專,女,59,6,4,1,0,0,0,0,1,2,2,2,0,0,0,0
112,1,私立,技專校院,1183,黎明技術學院,碩士班(日間),男,5,0,0,0,0,0,0,0,0,0,0,0,0,0,0,0
112,2,私立,技專校院,1185,德育學校財團法人德育護理健康學院,學士班(進修),女,639,12,5,0,0,0,1,1,2,1,7,0,0,5,2,0
112,2,私立,技專校院,1185,德育學校財團法人德育護理健康學院,碩士班(日間),女,39,4,2,1,0,0,0,0,1,0,2,0,0,1,1,0
112,2,私立,技專校院,1185,德育學校財團法人德育護理健康學院,碩士班(日間),男,6,1,0,0,0,0,0,0,0,0,1,0,0,1,0,0
112,2,私立,技專校院,1185,德育學校財團法人德育護理健康學院,碩士在職專班,女,40,2,1,0,0,0,0,0,0,1,1,0,0,1,0,0
112,2,私立,技專校院,1185,德育學校財團法人德育護理健康學院,二專(進修),女,136,7,3,0,0,1,0,0,1,1,4,2,0,2,0,0
112,2,私立,技專校院,1185,德育學校財團法人德育護理健康學院,二專(進修),男,28,3,0,0,0,0,0,0,0,0,3,0,0,2,1,0
112,2,私立,技專校院,1185,德育學校財團法人德育護理健康學院,學士班(日間),女,942,48,20,12,0,0,1,0,7,0,28,4,3,14,7,0
112,2,私立,技專校院,1185,德育學校財團法人德育護理健康學院,學士班(日間),男,550,29,7,4,0,0,0,0,3,0,22,9,4,7,2,0
112,2,私立,技專校院,1185,德育學校財團法人德育護理健康學院,學士班(進修),男,99,6,0,0,0,0,0,0,0,0,6,0,1,2,3,0
112,2,私立,技專校院,1185,德育學校財團法人德育護理健康學院,五專,女,723,41,23,18,0,0,0,0,5,0,18,9,3,4,2,0
112,2,私立,技專校院,1185,德育學校財團法人德育護理健康學院,五專,男,238,18,8,5,0,0,0,0,3,0,10,6,1,1,2,0
112,2,私立,技專校院,1185,德育學校財團法人德育護理健康學院,碩士在職專班,男,14,0,0,0,0,0,0,0,0,0,0,0,0,0,0,0
112,1,私立,技專校院,1185,德育學校財團法人德育護理健康學院,二專(進修),男,28,1,1,0,0,0,0,0,1,0,0,0,0,0,0,0
112,1,私立,技專校院,1185,德育學校財團法人德育護理健康學院,學士班(日間),男,550,35,11,8,0,0,0,2,1,0,24,5,0,9,10,0
112,1,私立,技專校院,1185,德育學校財團法人德育護理健康學院,學士班(進修),男,99,6,1,0,0,0,0,0,1,0,5,1,1,1,2,0
112,1,私立,技專校院,1185,德育學校財團法人德育護理健康學院,五專,女,723,64,37,28,0,0,2,1,5,1,27,5,2,3,17,0
112,1,私立,技專校院,1185,德育學校財團法人德育護理健康學院,碩士班(日間),女,39,1,1,1,0,0,0,0,0,0,0,0,0,0,0,0
112,1,私立,技專校院,1185,德育學校財團法人德育護理健康學院,碩士在職專班,女,40,1,1,0,0,0,0,0,1,0,0,0,0,0,0,0
112,1,私立,技專校院,1185,德育學校財團法人德育護理健康學院,碩士在職專班,男,14,1,0,0,0,0,0,0,0,0,1,0,0,0,1,0
112,1,私立,技專校院,1185,德育學校財團法人德育護理健康學院,二專(進修),女,136,10,6,5,0,0,0,0,1,0,4,0,0,2,2,0
112,1,私立,技專校院,1185,德育學校財團法人德育護理健康學院,學士班(日間),女,942,60,32,22,0,0,3,1,6,0,28,5,0,7,16,0
112,1,私立,技專校院,1185,德育學校財團法人德育護理健康學院,學士班(進修),女,639,19,11,4,0,0,0,0,6,1,8,0,0,3,5,0
112,1,私立,技專校院,1185,德育學校財團法人德育護理健康學院,五專,男,238,41,26,24,0,0,0,0,2,0,15,3,4,0,8,0
112,1,私立,技專校院,1185,德育學校財團法人德育護理健康學院,碩士班(日間),男,6,0,0,0,0,0,0,0,0,0,0,0,0,0,0,0
112,2,私立,技專校院,1188,大同技術學院,二專(進修),男,1,3,0,0,0,0,0,0,0,0,3,0,0,1,2,0
112,2,私立,技專校院,1188,大同技術學院,學士班(日間),男,30,28,2,0,0,0,0,1,1,0,26,0,0,0,6,20
112,2,私立,技專校院,1188,大同技術學院,學士班(進修),男,13,9,1,0,0,0,0,0,1,0,8,0,0,0,4,4
112,2,私立,技專校院,1188,大同技術學院,五專,女,8,8,1,1,0,0,0,0,0,0,7,1,0,0,1,5
112,2,私立,技專校院,1188,大同技術學院,五專,男,6,5,0,0,0,0,0,0,0,0,5,1,0,0,0,4
112,2,私立,技專校院,1188,大同技術學院,二專(進修),女,0,0,0,0,0,0,0,0,0,0,0,0,0,0,0,0
112,2,私立,技專校院,1188,大同技術學院,學士班(日間),女,41,24,1,1,0,0,0,0,0,0,23,0,0,1,1,21
112,2,私立,技專校院,1188,大同技術學院,學士班(進修),女,46,38,0,0,0,0,0,0,0,0,38,0,0,1,11,26
112,1,私立,技專校院,1188,大同技術學院,學士班(進修),女,46,12,5,3,0,0,0,0,2,0,7,0,0,1,6,0
112,1,私立,技專校院,1188,大同技術學院,五專,男,6,5,3,3,0,0,0,0,0,0,2,0,0,0,2,0
112,1,私立,技專校院,1188,大同技術學院,二專(進修),女,0,1,0,0,0,0,0,0,0,0,1,0,0,0,1,0
112,1,私立,技專校院,1188,大同技術學院,二專(進修),男,1,4,4,4,0,0,0,0,0,0,0,0,0,0,0,0
112,1,私立,技專校院,1188,大同技術學院,學士班(日間),女,41,6,5,3,0,0,0,2,0,0,1,0,0,0,1,0
112,1,私立,技專校院,1188,大同技術學院,學士班(日間),男,30,9,1,1,0,0,0,0,0,0,8,0,0,1,7,0
112,1,私立,技專校院,1188,大同技術學院,學士班(進修),男,13,2,0,0,0,0,0,0,0,0,2,0,0,0,2,0
112,1,私立,技專校院,1188,大同技術學院,五專,女,8,5,3,1,0,0,1,1,0,0,2,1,0,1,0,0
112,2,私立,一般大學,1195,馬偕學校財團法人馬偕醫學院,學士班(日間),男,282,3,3,3,0,0,0,0,0,0,0,0,0,0,0,0
112,2,私立,一般大學,1195,馬偕學校財團法人馬偕醫學院,博士班,女,2,0,0,0,0,0,0,0,0,0,0,0,0,0,0,0
112,2,私立,一般大學,1195,馬偕學校財團法人馬偕醫學院,博士班,男,10,0,0,0,0,0,0,0,0,0,0,0,0,0,0,0
112,2,私立,一般大學,1195,馬偕學校財團法人馬偕醫學院,碩士班(日間),女,43,1,1,0,0,0,0,0,1,0,0,0,0,0,0,0
112,2,私立,一般大學,1195,馬偕學校財團法人馬偕醫學院,碩士在職專班,女,26,0,0,0,0,0,0,0,0,0,0,0,0,0,0,0
112,2,私立,一般大學,1195,馬偕學校財團法人馬偕醫學院,學士班(日間),女,467,6,5,5,0,0,0,0,0,0,1,1,0,0,0,0
112,2,私立,一般大學,1195,馬偕學校財團法人馬偕醫學院,學士班(進修),女,45,0,0,0,0,0,0,0,0,0,0,0,0,0,0,0
112,2,私立,一般大學,1195,馬偕學校財團法人馬偕醫學院,學士班(進修),男,3,0,0,0,0,0,0,0,0,0,0,0,0,0,0,0
112,2,私立,一般大學,1195,馬偕學校財團法人馬偕醫學院,碩士班(日間),男,18,0,0,0,0,0,0,0,0,0,0,0,0,0,0,0
112,2,私立,一般大學,1195,馬偕學校財團法人馬偕醫學院,碩士在職專班,男,7,0,0,0,0,0,0,0,0,0,0,0,0,0,0,0
112,1,私立,一般大學,1195,馬偕學校財團法人馬偕醫學院,學士班(日間),女,467,17,11,11,0,0,0,0,0,0,6,2,0,0,4,0
112,1,私立,一般大學,1195,馬偕學校財團法人馬偕醫學院,學士班(進修),女,45,4,0,0,0,0,0,0,0,0,4,0,0,0,4,0
112,1,私立,一般大學,1195,馬偕學校財團法人馬偕醫學院,學士班(進修),男,3,0,0,0,0,0,0,0,0,0,0,0,0,0,0,0
112,1,私立,一般大學,1195,馬偕學校財團法人馬偕醫學院,博士班,女,2,0,0,0,0,0,0,0,0,0,0,0,0,0,0,0
112,1,私立,一般大學,1195,馬偕學校財團法人馬偕醫學院,碩士班(日間),女,43,4,3,1,0,0,1,0,0,1,1,0,0,0,1,0
112,1,私立,一般大學,1195,馬偕學校財團法人馬偕醫學院,碩士班(日間),男,18,5,1,1,0,0,0,0,0,0,4,0,0,0,4,0
112,1,私立,一般大學,1195,馬偕學校財團法人馬偕醫學院,碩士在職專班,男,7,0,0,0,0,0,0,0,0,0,0,0,0,0,0,0
112,1,私立,一般大學,1195,馬偕學校財團法人馬偕醫學院,學士班(日間),男,282,1,1,1,0,0,0,0,0,0,0,0,0,0,0,0
112,1,私立,一般大學,1195,馬偕學校財團法人馬偕醫學院,博士班,男,10,0,0,0,0,0,0,0,0,0,0,0,0,0,0,0
112,1,私立,一般大學,1195,馬偕學校財團法人馬偕醫學院,碩士在職專班,女,26,0,0,0,0,0,0,0,0,0,0,0,0,0,0,0
112,2,私立,一般大學,1196,法鼓學校財團法人法鼓文理學院,學士班(日間),男,25,1,0,0,0,0,0,0,0,0,1,1,0,0,0,0
112,2,私立,一般大學,1196,法鼓學校財團法人法鼓文理學院,博士班,男,12,0,0,0,0,0,0,0,0,0,0,0,0,0,0,0
112,2,私立,一般大學,1196,法鼓學校財團法人法鼓文理學院,碩士在職專班,女,16,0,0,0,0,0,0,0,0,0,0,0,0,0,0,0
112,2,私立,一般大學,1196,法鼓學校財團法人法鼓文理學院,學士班(日間),女,26,0,0,0,0,0,0,0,0,0,0,0,0,0,0,0
112,2,私立,一般大學,1196,法鼓學校財團法人法鼓文理學院,學士班(進修),女,16,1,1,0,0,0,0,0,0,1,0,0,0,0,0,0
112,2,私立,一般大學,1196,法鼓學校財團法人法鼓文理學院,學士班(進修),男,3,0,0,0,0,0,0,0,0,0,0,0,0,0,0,0
112,2,私立,一般大學,1196,法鼓學校財團法人法鼓文理學院,博士班,女,14,1,1,0,0,0,0,0,0,1,0,0,0,0,0,0
112,2,私立,一般大學,1196,法鼓學校財團法人法鼓文理學院,碩士班(日間),女,188,8,7,4,0,0,0,0,1,2,1,0,0,0,0,1
112,2,私立,一般大學,1196,法鼓學校財團法人法鼓文理學院,碩士班(日間),男,59,4,3,0,0,0,0,0,1,2,1,0,0,0,1,0
112,2,私立,一般大學,1196,法鼓學校財團法人法鼓文理學院,碩士在職專班,男,4,0,0,0,0,0,0,0,0,0,0,0,0,0,0,0
112,1,私立,一般大學,1196,法鼓學校財團法人法鼓文理學院,學士班(進修),女,16,0,0,0,0,0,0,0,0,0,0,0,0,0,0,0
112,1,私立,一般大學,1196,法鼓學校財團法人法鼓文理學院,學士班(進修),男,3,0,0,0,0,0,0,0,0,0,0,0,0,0,0,0
112,1,私立,一般大學,1196,法鼓學校財團法人法鼓文理學院,博士班,女,14,1,1,0,0,0,1,0,0,0,0,0,0,0,0,0
112,1,私立,一般大學,1196,法鼓學校財團法人法鼓文理學院,博士班,男,12,1,1,0,0,0,0,0,1,0,0,0,0,0,0,0
112,1,私立,一般大學,1196,法鼓學校財團法人法鼓文理學院,碩士班(日間),女,188,10,9,4,0,0,0,0,3,2,1,0,0,0,1,0
112,1,私立,一般大學,1196,法鼓學校財團法人法鼓文理學院,碩士班(日間),男,59,3,2,0,0,0,0,0,2,0,1,0,0,0,1,0
112,1,私立,一般大學,1196,法鼓學校財團法人法鼓文理學院,碩士在職專班,女,16,0,0,0,0,0,0,0,0,0,0,0,0,0,0,0
112,1,私立,一般大學,1196,法鼓學校財團法人法鼓文理學院,碩士在職專班,男,4,0,0,0,0,0,0,0,0,0,0,0,0,0,0,0
112,1,私立,一般大學,1196,法鼓學校財團法人法鼓文理學院,學士班(日間),女,26,5,5,2,0,0,0,0,1,2,0,0,0,0,0,0
112,1,私立,一般大學,1196,法鼓學校財團法人法鼓文理學院,學士班(日間),男,25,3,3,1,0,0,0,0,2,0,0,0,0,0,0,0
112,2,私立,技專校院,1282,馬偕學校財團法人馬偕醫護管理專科學校,二專(進修),女,78,2,0,0,0,0,0,0,0,0,2,0,0,2,0,0
112,2,私立,技專校院,1282,馬偕學校財團法人馬偕醫護管理專科學校,二專(進修),男,70,4,0,0,0,0,0,0,0,0,4,0,0,2,2,0
112,2,私立,技專校院,1282,馬偕學校財團法人馬偕醫護管理專科學校,五專,女,3374,83,47,44,0,0,1,1,1,0,36,7,7,8,14,0
112,2,私立,技專校院,1282,馬偕學校財團法人馬偕醫護管理專科學校,五專,男,558,23,7,7,0,0,0,0,0,0,16,5,6,3,2,0
112,1,私立,技專校院,1282,馬偕學校財團法人馬偕醫護管理專科學校,二專(進修),男,70,1,0,0,0,0,0,0,0,0,1,1,0,0,0,0
112,1,私立,技專校院,1282,馬偕學校財團法人馬偕醫護管理專科學校,五專,男,558,27,11,11,0,0,0,0,0,0,16,5,2,6,3,0
112,1,私立,技專校院,1282,馬偕學校財團法人馬偕醫護管理專科學校,二專(進修),女,78,5,0,0,0,0,0,0,0,0,5,0,0,3,2,0
112,1,私立,技專校院,1282,馬偕學校財團法人馬偕醫護管理專科學校,五專,女,3374,107,40,36,0,0,1,2,1,0,67,15,9,17,26,0
112,2,私立,技專校院,1283,仁德醫護管理專科學校,五專,男,1228,79,34,29,0,0,3,1,1,0,45,17,0,11,17,0
112,2,私立,技專校院,1283,仁德醫護管理專科學校,二專(進修),女,192,5,0,0,0,0,0,0,0,0,5,0,0,5,0,0
112,2,私立,技專校院,1283,仁德醫護管理專科學校,二專(進修),男,185,5,2,2,0,0,0,0,0,0,3,0,0,3,0,0
112,2,私立,技專校院,1283,仁德醫護管理專科學校,五專,女,4237,154,96,87,0,0,2,3,4,0,58,7,0,12,39,0
112,1,私立,技專校院,1283,仁德醫護管理專科學校,二專(進修),女,192,14,1,1,0,0,0,0,0,0,13,0,0,13,0,0
112,1,私立,技專校院,1283,仁德醫護管理專科學校,五專,女,4237,248,170,155,0,0,8,6,1,0,78,13,0,21,44,0
112,1,私立,技專校院,1283,仁德醫護管理專科學校,二專(進修),男,185,21,1,1,0,0,0,0,0,0,20,0,0,19,1,0
112,1,私立,技專校院,1283,仁德醫護管理專科學校,五專,男,1228,138,87,85,0,0,1,1,0,0,51,9,0,17,25,0
112,2,私立,技專校院,1284,樹人醫護管理專科學校,二專(進修),女,270,8,1,0,0,0,0,0,1,0,7,0,0,4,3,0
112,2,私立,技專校院,1284,樹人醫護管理專科學校,二專(進修),男,258,6,0,0,0,0,0,0,0,0,6,0,0,2,4,0
112,2,私立,技專校院,1284,樹人醫護管理專科學校,五專,女,5364,193,115,105,0,0,2,0,7,1,78,15,9,7,47,0
112,2,私立,技專校院,1284,樹人醫護管理專科學校,五專,男,1349,53,15,13,0,0,1,0,1,0,38,7,5,3,23,0
112,1,私立,技專校院,1284,樹人醫護管理專科學校,二專(進修),男,258,11,0,0,0,0,0,0,0,0,11,0,0,1,10,0
112,1,私立,技專校院,1284,樹人醫護管理專科學校,五專,女,5364,224,138,125,0,0,1,0,5,7,86,17,12,7,50,0
112,1,私立,技專校院,1284,樹人醫護管理專科學校,二專(進修),女,270,9,0,0,0,0,0,0,0,0,9,0,0,2,7,0
112,1,私立,技專校院,1284,樹人醫護管理專科學校,五專,男,1349,100,67,52,0,0,0,0,5,10,33,7,6,3,17,0
112,2,私立,技專校院,1285,慈惠醫護管理專科學校,二專(日間),女,52,1,0,0,0,0,0,0,0,0,1,0,0,0,1,0
112,2,私立,技專校院,1285,慈惠醫護管理專科學校,二專(進修),女,87,4,0,0,0,0,0,0,0,0,4,1,0,1,2,0
112,2,私立,技專校院,1285,慈惠醫護管理專科學校,二專(進修),男,70,9,0,0,0,0,0,0,0,0,9,8,0,0,1,0
112,2,私立,技專校院,1285,慈惠醫護管理專科學校,五專,女,1527,81,40,33,0,1,3,2,1,0,41,18,2,0,21,0
112,2,私立,技專校院,1285,慈惠醫護管理專科學校,二專(日間),男,8,3,0,0,0,0,0,0,0,0,3,0,0,0,3,0
112,2,私立,技專校院,1285,慈惠醫護管理專科學校,五專,男,411,29,9,9,0,0,0,0,0,0,20,10,1,1,8,0
112,1,私立,技專校院,1285,慈惠醫護管理專科學校,二專(日間),女,52,2,1,1,0,0,0,0,0,0,1,1,0,0,0,0
112,1,私立,技專校院,1285,慈惠醫護管理專科學校,二專(日間),男,8,3,0,0,0,0,0,0,0,0,3,1,0,0,2,0
112,1,私立,技專校院,1285,慈惠醫護管理專科學校,二專(進修),男,70,5,1,0,0,0,1,0,0,0,4,0,0,3,1,0
112,1,私立,技專校院,1285,慈惠醫護管理專科學校,五專,男,411,38,9,7,0,0,0,1,1,0,29,5,2,4,18,0
112,1,私立,技專校院,1285,慈惠醫護管理專科學校,二專(進修),女,87,4,1,0,0,0,0,0,1,0,3,0,0,1,2,0
112,1,私立,技專校院,1285,慈惠醫護管理專科學校,五專,女,1527,120,57,48,0,0,3,2,4,0,63,14,9,9,31,0
112,2,私立,技專校院,1286,耕莘健康管理專科學校,五專,男,404,21,7,5,0,0,0,1,0,1,14,0,2,0,12,0
112,2,私立,技專校院,1286,耕莘健康管理專科學校,二專(進修),女,99,1,0,0,0,0,0,0,0,0,1,0,0,1,0,0
112,2,私立,技專校院,1286,耕莘健康管理專科學校,二專(進修),男,5,0,0,0,0,0,0,0,0,0,0,0,0,0,0,0
112,2,私立,技專校院,1286,耕莘健康管理專科學校,五專,女,3536,105,54,52,0,0,1,0,1,0,51,0,4,0,47,0
112,1,私立,技專校院,1286,耕莘健康管理專科學校,二專(進修),女,99,5,1,1,0,0,0,0,0,0,4,0,0,0,4,0
112,1,私立,技專校院,1286,耕莘健康管理專科學校,五專,女,3536,147,97,90,0,0,3,2,2,0,50,4,9,2,35,0
112,1,私立,技專校院,1286,耕莘健康管理專科學校,二專(進修),男,5,1,0,0,0,0,0,0,0,0,1,0,0,0,1,0
112,1,私立,技專校院,1286,耕莘健康管理專科學校,五專,男,404,25,13,10,0,0,1,0,2,0,12,1,2,0,9,0
112,2,私立,技專校院,1287,敏惠醫護管理專科學校,五專,男,481,12,7,7,0,0,0,0,0,0,5,0,1,0,4,0
112,2,私立,技專校院,1287,敏惠醫護管理專科學校,二專(進修),女,63,2,0,0,0,0,0,0,0,0,2,0,0,1,1,0
112,2,私立,技專校院,1287,敏惠醫護管理專科學校,二專(進修),男,24,0,0,0,0,0,0,0,0,0,0,0,0,0,0,0
112,2,私立,技專校院,1287,敏惠醫護管理專科學校,五專,女,3005,67,34,31,0,0,0,1,2,0,33,1,0,2,30,0
112,1,私立,技專校院,1287,敏惠醫護管理專科學校,二專(進修),女,63,2,0,0,0,0,0,0,0,0,2,0,0,1,1,0
112,1,私立,技專校院,1287,敏惠醫護管理專科學校,五專,女,3005,102,63,54,0,0,1,2,6,0,39,0,2,5,32,0
112,1,私立,技專校院,1287,敏惠醫護管理專科學校,二專(進修),男,24,0,0,0,0,0,0,0,0,0,0,0,0,0,0,0
112,1,私立,技專校院,1287,敏惠醫護管理專科學校,五專,男,481,39,21,17,0,0,1,0,3,0,18,0,3,1,14,0
112,2,私立,技專校院,1289,育英醫護管理專科學校,五專,女,1633,44,23,23,0,0,0,0,0,0,21,8,2,2,9,0
112,2,私立,技專校院,1289,育英醫護管理專科學校,五專,男,200,8,4,4,0,0,0,0,0,0,4,0,0,0,4,0
112,1,私立,技專校院,1289,育英醫護管理專科學校,五專,男,200,6,3,3,0,0,0,0,0,0,3,1,0,0,2,0
112,1,私立,技專校院,1289,育英醫護管理專科學校,五專,女,1633,50,25,25,0,0,0,0,0,0,25,4,0,0,21,0
112,2,私立,技專校院,1291,聖母醫護管理專科學校,二專(進修),女,19,5,0,0,0,0,0,0,0,0,5,0,0,2,3,0
112,2,私立,技專校院,1291,聖母醫護管理專科學校,二專(日間),女,0,0,0,0,0,0,0,0,0,0,0,0,0,0,0,0
112,2,私立,技專校院,1291,聖母醫護管理專科學校,二專(日間),男,2,0,0,0,0,0,0,0,0,0,0,0,0,0,0,0
112,2,私立,技專校院,1291,聖母醫護管理專科學校,二專(進修),男,33,7,0,0,0,0,0,0,0,0,7,2,0,3,2,0
112,2,私立,技專校院,1291,聖母醫護管理專科學校,五專,女,1240,64,25,23,0,0,0,0,1,1,39,4,4,6,25,0
112,2,私立,技專校院,1291,聖母醫護管理專科學校,五專,男,226,9,2,1,0,0,0,0,1,0,7,0,1,0,6,0
112,1,私立,技專校院,1291,聖母醫護管理專科學校,二專(日間),女,0,0,0,0,0,0,0,0,0,0,0,0,0,0,0,0
112,1,私立,技專校院,1291,聖母醫護管理專科學校,二專(進修),男,33,3,1,0,0,0,0,0,0,1,2,0,0,0,2,0
112,1,私立,技專校院,1291,聖母醫護管理專科學校,五專,女,1240,78,24,19,0,0,0,2,3,0,54,3,2,7,42,0
112,1,私立,技專校院,1291,聖母醫護管理專科學校,五專,男,226,20,5,5,0,0,0,0,0,0,15,2,3,2,8,0
112,1,私立,技專校院,1291,聖母醫護管理專科學校,二專(日間),男,2,1,0,0,0,0,0,0,0,0,1,0,0,1,0,0
112,1,私立,技專校院,1291,聖母醫護管理專科學校,二專(進修),女,19,2,0,0,0,0,0,0,0,0,2,0,0,0,2,0
112,2,私立,技專校院,1292,新生醫護管理專科學校,二專(進修),女,67,0,0,0,0,0,0,0,0,0,0,0,0,0,0,0
112,2,私立,技專校院,1292,新生醫護管理專科學校,二專(進修),男,12,0,0,0,0,0,0,0,0,0,0,0,0,0,0,0
112,2,私立,技專校院,1292,新生醫護管理專科學校,五專,女,5216,122,82,73,0,0,3,5,1,0,40,0,19,2,19,0
112,2,私立,技專校院,1292,新生醫護管理專科學校,五專,男,762,28,18,15,0,0,1,2,0,0,10,0,6,0,4,0
112,1,私立,技專校院,1292,新生醫護管理專科學校,二專(進修),男,12,0,0,0,0,0,0,0,0,0,0,0,0,0,0,0
112,1,私立,技專校院,1292,新生醫護管理專科學校,五專,女,5216,169,88,81,0,0,4,3,0,0,81,24,29,3,25,0
112,1,私立,技專校院,1292,新生醫護管理專科學校,二專(進修),女,67,3,0,0,0,0,0,0,0,0,3,0,1,0,2,0
112,1,私立,技專校院,1292,新生醫護管理專科學校,五專,男,762,32,12,11,0,0,0,0,1,0,20,4,7,2,7,0
112,2,私立,技專校院,1293,崇仁醫護管理專科學校,五專,女,2557,61,27,27,0,0,0,0,0,0,34,0,2,0,32,0
112,2,私立,技專校院,1293,崇仁醫護管理專科學校,五專,男,460,9,2,2,0,0,0,0,0,0,7,2,0,0,5,0
112,1,私立,技專校院,1293,崇仁醫護管理專科學校,五專,男,460,14,6,6,0,0,0,0,0,0,8,0,2,0,6,0
112,1,私立,技專校院,1293,崇仁醫護管理專科學校,五專,女,2557,48,19,19,0,0,0,0,0,0,29,0,0,0,29,0
112,2,私立,宗教研修學院,1R02,學校財團法人中華浸信會基督教台灣浸會神學院,碩士班(日間),女,20,1,1,0,0,1,0,0,0,0,0,0,0,0,0,0
112,2,私立,宗教研修學院,1R02,學校財團法人中華浸信會基督教台灣浸會神學院,碩士班(日間),男,25,0,0,0,0,0,0,0,0,0,0,0,0,0,0,0
112,1,私立,宗教研修學院,1R02,學校財團法人中華浸信會基督教台灣浸會神學院,碩士班(日間),女,20,0,0,0,0,0,0,0,0,0,0,0,0,0,0,0
112,1,私立,宗教研修學院,1R02,學校財團法人中華浸信會基督教台灣浸會神學院,碩士班(日間),男,25,0,0,0,0,0,0,0,0,0,0,0,0,0,0,0
112,2,私立,宗教研修學院,1R03,臺北基督學院,學士班(日間),女,23,6,0,0,0,0,0,0,0,0,6,0,0,0,6,0
112,2,私立,宗教研修學院,1R03,臺北基督學院,學士班(日間),男,23,3,0,0,0,0,0,0,0,0,3,0,0,0,3,0
112,1,私立,宗教研修學院,1R03,臺北基督學院,學士班(日間),男,23,0,0,0,0,0,0,0,0,0,0,0,0,0,0,0
112,1,私立,宗教研修學院,1R03,臺北基督學院,學士班(日間),女,23,3,0,0,0,0,0,0,0,0,3,0,0,0,3,0
112,2,私立,宗教研修學院,1R04,財團法人一貫道天皇基金會一貫道天皇學院,學士班(日間),女,11,0,0,0,0,0,0,0,0,0,0,0,0,0,0,0
112,2,私立,宗教研修學院,1R04,財團法人一貫道天皇基金會一貫道天皇學院,學士班(日間),男,7,0,0,0,0,0,0,0,0,0,0,0,0,0,0,0
112,2,私立,宗教研修學院,1R04,財團法人一貫道天皇基金會一貫道天皇學院,碩士班(日間),女,8,1,1,0,0,0,0,0,1,0,0,0,0,0,0,0
112,2,私立,宗教研修學院,1R04,財團法人一貫道天皇基金會一貫道天皇學院,碩士班(日間),男,7,1,1,0,0,0,0,0,1,0,0,0,0,0,0,0
112,2,私立,宗教研修學院,1R04,財團法人一貫道天皇基金會一貫道天皇學院,碩士在職專班,女,26,2,2,0,1,0,0,0,0,1,0,0,0,0,0,0
112,2,私立,宗教研修學院,1R04,財團法人一貫道天皇基金會一貫道天皇學院,碩士在職專班,男,18,3,3,0,0,0,0,0,2,1,0,0,0,0,0,0
112,1,私立,宗教研修學院,1R04,財團法人一貫道天皇基金會一貫道天皇學院,學士班(日間),男,7,0,0,0,0,0,0,0,0,0,0,0,0,0,0,0
112,1,私立,宗教研修學院,1R04,財團法人一貫道天皇基金會一貫道天皇學院,碩士班(日間),女,8,2,2,1,0,0,1,0,0,0,0,0,0,0,0,0
112,1,私立,宗教研修學院,1R04,財團法人一貫道天皇基金會一貫道天皇學院,碩士在職專班,女,26,0,0,0,0,0,0,0,0,0,0,0,0,0,0,0
112,1,私立,宗教研修學院,1R04,財團法人一貫道天皇基金會一貫道天皇學院,學士班(日間),女,11,0,0,0,0,0,0,0,0,0,0,0,0,0,0,0
112,1,私立,宗教研修學院,1R04,財團法人一貫道天皇基金會一貫道天皇學院,碩士班(日間),男,7,0,0,0,0,0,0,0,0,0,0,0,0,0,0,0
112,1,私立,宗教研修學院,1R04,財團法人一貫道天皇基金會一貫道天皇學院,碩士在職專班,男,18,5,3,0,0,0,0,1,1,1,2,0,0,1,1,0
112,2,私立,宗教研修學院,1R05,台神學校財團法人台灣神學研究學院,碩士班(日間),男,35,1,1,0,0,0,0,0,1,0,0,0,0,0,0,0
112,2,私立,宗教研修學院,1R05,台神學校財團法人台灣神學研究學院,碩士在職專班,女,6,0,0,0,0,0,0,0,0,0,0,0,0,0,0,0
112,2,私立,宗教研修學院,1R05,台神學校財團法人台灣神學研究學院,碩士在職專班,男,2,0,0,0,0,0,0,0,0,0,0,0,0,0,0,0
112,2,私立,宗教研修學院,1R05,台神學校財團法人台灣神學研究學院,碩士班(日間),女,71,0,0,0,0,0,0,0,0,0,0,0,0,0,0,0
112,1,私立,宗教研修學院,1R05,台神學校財團法人台灣神學研究學院,碩士班(日間),女,71,2,0,0,0,0,0,0,0,0,2,1,0,0,1,0
112,1,私立,宗教研修學院,1R05,台神學校財團法人台灣神學研究學院,碩士班(日間),男,35,4,2,1,0,0,0,0,1,0,2,1,0,0,1,0
112,1,私立,宗教研修學院,1R05,台神學校財團法人台灣神學研究學院,碩士在職專班,女,6,0,0,0,0,0,0,0,0,0,0,0,0,0,0,0
112,1,私立,宗教研修學院,1R05,台神學校財團法人台灣神學研究學院,碩士在職專班,男,2,0,0,0,0,0,0,0,0,0,0,0,0,0,0,0
112,2,私立,宗教研修學院,1R06,一貫道崇德學院,碩士班(日間),男,17,2,0,0,0,0,0,0,0,0,2,2,0,0,0,0
112,2,私立,宗教研修學院,1R06,一貫道崇德學院,碩士班(日間),女,37,6,1,0,0,0,0,0,1,0,5,5,0,0,0,0
112,1,私立,宗教研修學院,1R06,一貫道崇德學院,碩士班(日間),女,37,0,0,0,0,0,0,0,0,0,0,0,0,0,0,0
112,1,私立,宗教研修學院,1R06,一貫道崇德學院,碩士班(日間),男,17,0,0,0,0,0,0,0,0,0,0,0,0,0,0,0
112,2,私立,宗教研修學院,1R07,台灣基督長老教會南神神學院,碩士班(日間),女,34,4,2,0,0,0,0,0,1,1,2,0,0,0,2,0
112,2,私立,宗教研修學院,1R07,台灣基督長老教會南神神學院,碩士班(日間),男,25,3,2,0,0,0,0,0,2,0,1,0,0,0,1,0
112,1,私立,宗教研修學院,1R07,台灣基督長老教會南神神學院,碩士班(日間),男,25,3,2,0,0,0,0,0,2,0,1,0,0,0,1,0
112,1,私立,宗教研修學院,1R07,台灣基督長老教會南神神學院,碩士班(日間),女,34,3,2,0,0,0,0,0,2,0,1,0,0,0,1,0
112,2,私立,宗教研修學院,1R08,中華福音神學研究學院,碩士班(日間),女,25,0,0,0,0,0,0,0,0,0,0,0,0,0,0,0
112,2,私立,宗教研修學院,1R08,中華福音神學研究學院,碩士班(日間),男,31,0,0,0,0,0,0,0,0,0,0,0,0,0,0,0
112,1,私立,宗教研修學院,1R08,中華福音神學研究學院,碩士班(日間),男,31,0,0,0,0,0,0,0,0,0,0,0,0,0,0,0
112,1,私立,宗教研修學院,1R08,中華福音神學研究學院,碩士班(日間),女,25,0,0,0,0,0,0,0,0,0,0,0,0,0,0,0
112,2,私立,宗教研修學院,1R09,唯心聖教學院,碩士班(日間),女,29,0,0,0,0,0,0,0,0,0,0,0,0,0,0,0
112,2,私立,宗教研修學院,1R09,唯心聖教學院,碩士班(日間),男,31,0,0,0,0,0,0,0,0,0,0,0,0,0,0,0
112,1,私立,宗教研修學院,1R09,唯心聖教學院,碩士班(日間),男,31,0,0,0,0,0,0,0,0,0,0,0,0,0,0,0
112,1,私立,宗教研修學院,1R09,唯心聖教學院,碩士班(日間),女,29,0,0,0,0,0,0,0,0,0,0,0,0,0,0,0
112,2,公立,一般大學,3002,臺北市立大學,博士班,女,114,5,2,0,0,0,0,0,2,0,3,1,0,1,1,0
112,2,公立,一般大學,3002,臺北市立大學,博士班,男,94,4,2,1,0,0,1,0,0,0,2,0,0,2,0,0
112,2,公立,一般大學,3002,臺北市立大學,碩士班(日間),女,917,33,15,6,0,0,1,0,8,0,18,1,0,16,1,0
112,2,公立,一般大學,3002,臺北市立大學,碩士班(日間),男,413,19,6,3,0,0,0,0,3,0,13,1,0,9,3,0
112,2,公立,一般大學,3002,臺北市立大學,碩士在職專班,女,907,22,13,4,0,5,1,0,3,0,9,3,0,6,0,0
112,2,公立,一般大學,3002,臺北市立大學,碩士在職專班,男,341,17,9,4,0,0,0,0,5,0,8,3,0,5,0,0
112,2,公立,一般大學,3002,臺北市立大學,學士班(日間),女,2988,29,17,15,0,0,0,0,2,0,12,2,0,10,0,0
112,2,公立,一般大學,3002,臺北市立大學,學士班(日間),男,2287,39,15,10,0,0,0,2,3,0,24,7,0,17,0,0
112,1,公立,一般大學,3002,臺北市立大學,學士班(日間),女,2988,77,52,47,0,0,0,2,0,3,25,3,0,21,1,0
112,1,公立,一般大學,3002,臺北市立大學,學士班(日間),男,2287,81,41,38,0,0,0,0,1,2,40,11,0,29,0,0
112,1,公立,一般大學,3002,臺北市立大學,博士班,男,94,5,2,1,0,0,0,0,1,0,3,1,0,2,0,0
112,1,公立,一般大學,3002,臺北市立大學,碩士班(日間),男,413,40,12,6,0,0,1,0,5,0,28,5,0,21,2,0
112,1,公立,一般大學,3002,臺北市立大學,博士班,女,114,2,0,0,0,0,0,0,0,0,2,1,0,1,0,0
112,1,公立,一般大學,3002,臺北市立大學,碩士班(日間),女,917,50,28,10,0,2,1,2,12,1,22,7,0,15,0,0
112,1,公立,一般大學,3002,臺北市立大學,碩士在職專班,女,907,45,22,6,1,1,1,0,12,1,23,3,0,18,2,0
112,1,公立,一般大學,3002,臺北市立大學,碩士在職專班,男,341,17,6,1,0,0,0,0,5,0,11,3,0,8,0,0
113,1,公立,一般大學,0001,國立政治大學,學士班(日間),女,5810,83,28,24,0,0,3,1,0,0,55,0,0,0,55,0
113,1,公立,一般大學,0001,國立政治大學,碩士班(日間),男,1904,65,14,9,0,0,1,0,4,0,51,1,0,1,49,0
113,1,公立,一般大學,0001,國立政治大學,碩士在職專班,男,902,40,3,1,0,0,0,0,2,0,37,5,0,3,28,1
113,1,公立,一般大學,0001,國立政治大學,學士班(日間),男,3991,72,27,27,0,0,0,0,0,0,45,1,0,1,43,0
113,1,公立,一般大學,0001,國立政治大學,博士班,女,415,15,2,0,0,0,0,0,2,0,13,0,0,4,9,0
113,1,公立,一般大學,0001,國立政治大學,博士班,男,482,28,5,2,0,0,1,0,1,1,23,4,0,1,18,0
113,1,公立,一般大學,0001,國立政治大學,碩士班(日間),女,2433,67,15,10,0,0,1,1,3,0,52,3,0,0,49,0
113,1,公立,一般大學,0001,國立政治大學,碩士在職專班,女,962,28,6,1,0,0,0,0,5,0,22,1,0,4,17,0
113,2,公立,一般大學,0001,國立政治大學,學士班(日間),女,5810,25,14,11,0,0,3,0,0,0,11,3,0,0,8,0
113,2,公立,一般大學,0001,國立政治大學,碩士班(日間),男,1904,69,8,6,0,0,1,0,1,0,61,14,0,3,44,0
113,2,公立,一般大學,0001,國立政治大學,碩士在職專班,男,902,46,6,0,0,0,0,0,6,0,40,10,0,10,20,0
113,2,公立,一般大學,0001,國立政治大學,學士班(日間),男,3991,25,15,15,0,0,0,0,0,0,10,1,0,0,9,0
113,2,公立,一般大學,0001,國立政治大學,博士班,女,415,16,4,2,0,0,0,0,0,2,12,5,0,1,6,0
113,2,公立,一般大學,0001,國立政治大學,博士班,男,482,36,4,0,0,0,0,0,4,0,32,13,0,3,16,0
113,2,公立,一般大學,0001,國立政治大學,碩士班(日間),女,2433,59,14,4,0,0,3,0,6,1,45,9,0,4,32,0
113,2,公立,一般大學,0001,國立政治大學,碩士在職專班,女,962,28,3,2,0,0,1,0,0,0,25,9,0,2,14,0
113,1,公立,一般大學,0002,國立清華大學,學士班(日間),女,4248,75,30,29,0,0,0,0,0,1,45,2,0,27,16,0
113,1,公立,一般大學,0002,國立清華大學,學士班(日間),男,5059,103,43,42,0,0,0,0,0,1,60,9,0,33,18,0
113,1,公立,一般大學,0002,國立清華大學,碩士班(日間),女,2373,49,11,7,0,0,1,0,2,1,38,2,0,25,11,0
113,1,公立,一般大學,0002,國立清華大學,碩士在職專班,男,517,10,4,2,0,0,0,0,2,0,6,0,0,6,0,0
113,1,公立,一般大學,0002,國立清華大學,博士班,女,503,20,8,4,0,0,0,0,3,1,12,0,0,7,5,0
113,1,公立,一般大學,0002,國立清華大學,博士班,男,1158,44,18,13,0,0,1,0,3,1,26,5,0,16,5,0
113,1,公立,一般大學,0002,國立清華大學,碩士班(日間),男,3513,61,20,14,0,0,2,1,3,0,41,5,0,28,8,0
113,1,公立,一般大學,0002,國立清華大學,碩士在職專班,女,898,19,5,1,0,0,2,0,1,1,14,1,0,10,2,1
113,2,公立,一般大學,0002,國立清華大學,學士班(日間),女,4248,25,14,13,0,0,1,0,0,0,11,4,0,7,0,0
113,2,公立,一般大學,0002,國立清華大學,學士班(日間),男,5059,44,13,13,0,0,0,0,0,0,31,21,0,8,2,0
113,2,公立,一般大學,0002,國立清華大學,博士班,女,503,15,5,3,0,0,0,0,1,1,10,2,0,8,0,0
113,2,公立,一般大學,0002,國立清華大學,碩士在職專班,男,517,19,3,1,0,0,0,0,1,1,16,11,0,4,1,0
113,2,公立,一般大學,0002,國立清華大學,博士班,男,1158,36,8,5,0,0,0,0,3,0,28,10,0,16,2,0
113,2,公立,一般大學,0002,國立清華大學,碩士班(日間),女,2373,42,11,9,0,0,0,0,1,1,31,9,0,12,10,0
113,2,公立,一般大學,0002,國立清華大學,碩士班(日間),男,3513,57,19,15,0,0,1,0,0,3,38,14,0,18,6,0
113,2,公立,一般大學,0002,國立清華大學,碩士在職專班,女,898,28,4,1,0,0,0,0,1,2,24,13,0,7,4,0
113,1,公立,一般大學,0003,國立臺灣大學,碩士班(日間),女,4754,128,19,3,0,0,1,0,4,11,109,19,0,90,0,0
113,1,公立,一般大學,0003,國立臺灣大學,碩士班(日間),男,6893,280,48,10,0,0,5,4,5,24,232,40,0,192,0,0
113,1,公立,一般大學,0003,國立臺灣大學,碩士在職專班,女,659,18,0,0,0,0,0,0,0,0,18,0,0,18,0,0
113,1,公立,一般大學,0003,國立臺灣大學,碩士在職專班,男,970,36,8,0,0,0,0,0,5,3,28,9,0,19,0,0
113,1,公立,一般大學,0003,國立臺灣大學,學士班(日間),女,7744,156,56,48,0,0,0,0,0,8,100,5,0,95,0,0
113,1,公立,一般大學,0003,國立臺灣大學,學士班(日間),男,9688,262,89,70,0,0,0,0,0,19,173,30,0,143,0,0
113,1,公立,一般大學,0003,國立臺灣大學,博士班,女,1285,44,9,3,0,0,1,0,0,5,35,10,0,25,0,0
113,1,公立,一般大學,0003,國立臺灣大學,博士班,男,2494,122,27,7,0,0,1,0,6,13,95,37,0,58,0,0
113,2,公立,一般大學,0003,國立臺灣大學,學士班(日間),男,9688,35,6,4,0,0,0,0,0,2,29,9,1,19,0,0
113,2,公立,一般大學,0003,國立臺灣大學,博士班,女,1285,34,8,1,0,0,1,0,2,4,26,4,0,22,0,0
113,2,公立,一般大學,0003,國立臺灣大學,博士班,男,2494,52,10,0,0,0,1,1,3,5,42,9,0,33,0,0
113,2,公立,一般大學,0003,國立臺灣大學,碩士班(日間),女,4754,61,14,3,0,0,1,0,4,6,47,7,0,40,0,0
113,2,公立,一般大學,0003,國立臺灣大學,碩士在職專班,女,659,14,2,0,0,0,0,0,0,2,12,0,0,12,0,0
113,2,公立,一般大學,0003,國立臺灣大學,學士班(日間),女,7744,29,8,6,0,0,0,0,0,2,21,3,0,18,0,0
113,2,公立,一般大學,0003,國立臺灣大學,碩士班(日間),男,6893,92,20,7,0,0,0,0,3,10,72,7,0,65,0,0
113,2,公立,一般大學,0003,國立臺灣大學,碩士在職專班,男,970,9,2,0,0,0,0,0,0,2,7,0,0,7,0,0
113,1,公立,一般大學,0004,國立臺灣師範大學,學士班(日間),女,4688,59,20,19,0,0,0,0,1,0,39,0,0,39,0,0
113,1,公立,一般大學,0004,國立臺灣師範大學,學士班(日間),男,3899,92,30,28,0,0,0,0,2,0,62,4,0,58,0,0
113,1,公立,一般大學,0004,國立臺灣師範大學,博士班,女,695,31,13,5,0,0,3,0,4,1,18,3,0,15,0,0
113,1,公立,一般大學,0004,國立臺灣師範大學,博士班,男,602,34,4,0,0,0,0,0,4,0,30,2,0,28,0,0
113,1,公立,一般大學,0004,國立臺灣師範大學,碩士班(日間),女,2539,97,21,10,0,1,1,2,6,1,76,5,0,71,0,0
113,1,公立,一般大學,0004,國立臺灣師範大學,碩士班(日間),男,1868,109,13,6,0,0,1,0,6,0,96,7,0,89,0,0
113,1,公立,一般大學,0004,國立臺灣師範大學,碩士在職專班,女,1617,32,4,0,0,0,2,0,2,0,28,2,0,26,0,0
113,1,公立,一般大學,0004,國立臺灣師範大學,碩士在職專班,男,716,12,2,1,0,0,0,1,0,0,10,0,0,10,0,0
113,2,公立,一般大學,0004,國立臺灣師範大學,學士班(日間),女,4688,40,18,16,0,0,0,1,0,1,22,1,0,21,0,0
113,2,公立,一般大學,0004,國立臺灣師範大學,博士班,女,695,24,5,1,0,0,2,0,2,0,19,3,0,16,0,0
113,2,公立,一般大學,0004,國立臺灣師範大學,碩士班(日間),男,1868,73,16,7,0,0,1,1,5,2,57,16,0,41,0,0
113,2,公立,一般大學,0004,國立臺灣師範大學,碩士在職專班,男,716,22,1,1,0,0,0,0,0,0,21,5,0,16,0,0
113,2,公立,一般大學,0004,國立臺灣師範大學,學士班(日間),男,3899,43,13,9,0,0,0,0,3,1,30,8,0,22,0,0
113,2,公立,一般大學,0004,國立臺灣師範大學,博士班,男,602,34,7,2,0,0,1,0,4,0,27,8,0,19,0,0
113,2,公立,一般大學,0004,國立臺灣師範大學,碩士班(日間),女,2539,72,8,5,0,0,0,0,3,0,64,15,0,49,0,0
113,2,公立,一般大學,0004,國立臺灣師範大學,碩士在職專班,女,1617,53,5,2,0,1,0,0,1,1,48,12,0,36,0,0
113,1,公立,一般大學,0005,國立成功大學,學士班(日間),女,4775,133,43,43,0,0,0,0,0,0,90,2,0,11,77,0
113,1,公立,一般大學,0005,國立成功大學,博士班,女,653,24,6,5,0,0,0,0,0,1,18,1,0,10,7,0
113,1,公立,一般大學,0005,國立成功大學,碩士班(日間),男,4909,107,23,21,0,0,1,0,0,1,84,0,0,11,73,0
113,1,公立,一般大學,0005,國立成功大學,碩士在職專班,男,915,42,4,1,0,0,0,0,1,2,38,1,0,8,29,0
113,1,公立,一般大學,0005,國立成功大學,學士班(日間),男,7449,215,87,86,0,0,0,1,0,0,128,21,0,11,96,0
113,1,公立,一般大學,0005,國立成功大學,博士班,男,1276,41,8,6,0,0,0,0,2,0,33,4,0,10,19,0
113,1,公立,一般大學,0005,國立成功大學,碩士班(日間),女,2716,65,13,8,0,0,2,2,0,1,52,1,0,7,44,0
113,1,公立,一般大學,0005,國立成功大學,碩士在職專班,女,688,25,2,1,0,0,0,0,1,0,23,0,0,5,18,0
113,2,公立,一般大學,0005,國立成功大學,學士班(日間),女,4775,39,22,21,0,0,1,0,0,0,17,3,0,4,10,0
113,2,公立,一般大學,0005,國立成功大學,學士班(日間),男,7449,73,27,27,0,0,0,0,0,0,46,25,0,6,15,0
113,2,公立,一般大學,0005,國立成功大學,博士班,女,653,14,5,5,0,0,0,0,0,0,9,3,0,2,4,0
113,2,公立,一般大學,0005,國立成功大學,博士班,男,1276,44,6,4,0,0,0,0,1,1,38,11,0,9,18,0
113,2,公立,一般大學,0005,國立成功大學,碩士班(日間),女,2716,45,10,9,0,0,0,0,1,0,35,7,0,7,21,0
113,2,公立,一般大學,0005,國立成功大學,碩士班(日間),男,4909,77,19,16,0,0,0,1,0,2,58,7,0,10,41,0
113,2,公立,一般大學,0005,國立成功大學,碩士在職專班,女,688,16,3,1,0,0,0,0,1,1,13,3,0,5,5,0
113,2,公立,一般大學,0005,國立成功大學,碩士在職專班,男,915,45,2,0,0,0,0,0,1,1,43,15,0,14,14,0
113,1,公立,一般大學,0006,國立中興大學,學士班(日間),男,4632,181,97,96,0,0,1,0,0,0,84,20,0,12,52,0
113,1,公立,一般大學,0006,國立中興大學,學士班(進修),男,342,32,9,7,0,0,1,0,1,0,23,9,0,7,7,0
113,1,公立,一般大學,0006,國立中興大學,學士班(日間),女,3600,103,62,62,0,0,0,0,0,0,41,4,0,5,32,0
113,1,公立,一般大學,0006,國立中興大學,學士班(進修),女,467,26,9,4,0,0,2,0,2,1,17,6,0,8,3,0
113,1,公立,一般大學,0006,國立中興大學,博士班,女,370,11,3,0,0,0,0,0,1,2,8,3,0,3,2,0
113,1,公立,一般大學,0006,國立中興大學,博士班,男,688,33,8,3,0,0,2,1,2,0,25,4,0,9,12,0
113,1,公立,一般大學,0006,國立中興大學,碩士班(日間),女,1621,53,17,7,0,0,0,0,7,3,36,4,0,4,28,0
113,1,公立,一般大學,0006,國立中興大學,碩士班(日間),男,2348,83,23,12,0,0,1,0,9,1,60,6,0,13,41,0
113,1,公立,一般大學,0006,國立中興大學,碩士在職專班,女,643,33,2,0,0,0,0,0,2,0,31,5,0,8,18,0
113,1,公立,一般大學,0006,國立中興大學,碩士在職專班,男,1134,99,15,3,0,0,2,1,7,2,84,13,0,37,34,0
113,2,公立,一般大學,0006,國立中興大學,學士班(日間),男,4632,54,12,10,0,0,0,0,0,2,42,29,0,7,6,0
113,2,公立,一般大學,0006,國立中興大學,學士班(進修),男,342,21,7,5,0,0,0,0,2,0,14,3,0,8,3,0
113,2,公立,一般大學,0006,國立中興大學,博士班,女,370,6,1,0,0,0,0,0,0,1,5,0,0,1,4,0
113,2,公立,一般大學,0006,國立中興大學,碩士班(日間),女,1621,26,8,5,0,0,0,0,2,1,18,2,0,7,9,0
113,2,公立,一般大學,0006,國立中興大學,學士班(日間),女,3600,11,6,6,0,0,0,0,0,0,5,1,0,2,2,0
113,2,公立,一般大學,0006,國立中興大學,學士班(進修),女,467,23,4,4,0,0,0,0,0,0,19,6,0,11,2,0
113,2,公立,一般大學,0006,國立中興大學,博士班,男,688,26,3,1,0,0,0,0,2,0,23,3,0,9,11,0
113,2,公立,一般大學,0006,國立中興大學,碩士班(日間),男,2348,45,19,12,0,0,0,1,6,0,26,4,0,9,13,0
113,2,公立,一般大學,0006,國立中興大學,碩士在職專班,女,643,18,5,1,0,0,0,0,3,1,13,1,0,7,5,0
113,2,公立,一般大學,0006,國立中興大學,碩士在職專班,男,1134,45,12,0,0,0,2,0,10,0,33,1,0,19,13,0
113,1,公立,一般大學,0007,國立陽明交通大學,學士班(日間),女,3171,72,32,32,0,0,0,0,0,0,40,1,0,29,10,0
113,1,公立,一般大學,0007,國立陽明交通大學,博士班,女,856,37,16,6,0,0,2,0,8,0,21,3,0,15,3,0
113,1,公立,一般大學,0007,國立陽明交通大學,博士班,男,1781,77,18,9,0,0,2,1,6,0,59,10,0,45,4,0
113,1,公立,一般大學,0007,國立陽明交通大學,碩士班(日間),女,3245,72,16,13,0,0,1,0,2,0,56,5,0,35,16,0
113,1,公立,一般大學,0007,國立陽明交通大學,碩士班(日間),男,5480,95,22,20,0,0,1,0,1,0,73,4,0,56,13,0
113,1,公立,一般大學,0007,國立陽明交通大學,碩士在職專班,男,1236,56,8,6,0,0,0,0,2,0,48,0,0,41,7,0
113,1,公立,一般大學,0007,國立陽明交通大學,學士班(日間),男,5600,159,92,90,0,0,1,1,0,0,67,8,0,51,8,0
113,1,公立,一般大學,0007,國立陽明交通大學,碩士在職專班,女,748,20,3,3,0,0,0,0,0,0,17,1,0,12,4,0
113,2,公立,一般大學,0007,國立陽明交通大學,學士班(日間),女,3171,34,22,20,0,0,1,0,1,0,12,4,0,8,0,0
113,2,公立,一般大學,0007,國立陽明交通大學,博士班,男,1781,64,10,7,0,0,1,0,2,0,54,15,0,39,0,0
113,2,公立,一般大學,0007,國立陽明交通大學,碩士班(日間),男,5480,60,21,18,0,0,0,1,2,0,39,14,0,25,0,0
113,2,公立,一般大學,0007,國立陽明交通大學,碩士在職專班,男,1236,60,8,5,0,0,0,0,3,0,52,16,0,35,1,0
113,2,公立,一般大學,0007,國立陽明交通大學,學士班(日間),男,5600,63,38,37,0,0,0,0,1,0,25,11,0,12,2,0
113,2,公立,一般大學,0007,國立陽明交通大學,博士班,女,856,31,12,9,0,0,0,0,3,0,19,7,0,12,0,0
113,2,公立,一般大學,0007,國立陽明交通大學,碩士班(日間),女,3245,58,14,9,0,0,3,0,2,0,44,13,0,31,0,0
113,2,公立,一般大學,0007,國立陽明交通大學,碩士在職專班,女,748,32,8,8,0,0,0,0,0,0,24,12,0,12,0,0
113,1,公立,一般大學,0008,國立中央大學,學士班(日間),女,2399,60,18,17,0,0,0,1,0,0,42,4,0,1,37,0
113,1,公立,一般大學,0008,國立中央大學,學士班(日間),男,3876,102,32,30,0,0,1,0,1,0,70,20,0,7,43,0
113,1,公立,一般大學,0008,國立中央大學,博士班,男,610,30,8,5,0,0,0,0,3,0,22,1,0,10,11,0
113,1,公立,一般大學,0008,國立中央大學,博士班,女,295,17,10,7,0,0,2,1,0,0,7,2,0,0,5,0
113,1,公立,一般大學,0008,國立中央大學,碩士班(日間),女,1355,45,9,6,0,0,1,1,1,0,36,1,0,2,33,0
113,1,公立,一般大學,0008,國立中央大學,碩士班(日間),男,2543,66,19,16,0,0,0,2,1,0,47,0,0,6,41,0
113,1,公立,一般大學,0008,國立中央大學,碩士在職專班,女,584,19,1,0,0,0,0,0,1,0,18,0,0,5,13,0
113,1,公立,一般大學,0008,國立中央大學,碩士在職專班,男,901,51,2,2,0,0,0,0,0,0,49,5,0,14,30,0
113,2,公立,一般大學,0008,國立中央大學,學士班(日間),男,3876,29,15,13,0,0,0,2,0,0,14,11,0,0,3,0
113,2,公立,一般大學,0008,國立中央大學,博士班,男,610,21,3,0,0,0,0,0,3,0,18,2,0,8,8,0
113,2,公立,一般大學,0008,國立中央大學,碩士班(日間),女,1355,24,10,9,0,0,0,0,1,0,14,3,0,3,8,0
113,2,公立,一般大學,0008,國立中央大學,碩士在職專班,女,584,13,1,0,0,0,0,0,1,0,12,6,0,3,3,0
113,2,公立,一般大學,0008,國立中央大學,學士班(日間),女,2399,14,13,11,0,0,1,0,1,0,1,0,0,0,1,0
113,2,公立,一般大學,0008,國立中央大學,博士班,女,295,12,2,0,0,0,2,0,0,0,10,4,0,4,2,0
113,2,公立,一般大學,0008,國立中央大學,碩士班(日間),男,2543,42,18,13,0,0,0,0,5,0,24,3,0,4,17,0
113,2,公立,一般大學,0008,國立中央大學,碩士在職專班,男,901,38,7,2,0,0,1,0,4,0,31,12,0,7,12,0
113,1,公立,一般大學,0009,國立中山大學,學士班(日間),女,2045,37,20,19,0,0,0,0,0,1,17,1,0,3,13,0
113,1,公立,一般大學,0009,國立中山大學,博士班,男,535,25,9,3,0,0,1,0,4,1,16,1,0,8,7,0
113,1,公立,一般大學,0009,國立中山大學,碩士班(日間),男,2485,80,27,21,0,0,0,1,4,1,53,3,0,10,40,0
113,1,公立,一般大學,0009,國立中山大學,碩士在職專班,女,489,15,7,1,0,0,0,0,6,0,8,0,0,6,2,0
113,1,公立,一般大學,0009,國立中山大學,碩士在職專班,男,489,22,5,3,0,0,0,0,1,1,17,1,0,7,9,0
113,1,公立,一般大學,0009,國立中山大學,學士班(日間),男,3088,80,35,32,0,0,1,0,2,0,45,13,0,6,26,0
113,1,公立,一般大學,0009,國立中山大學,博士班,女,324,4,0,0,0,0,0,0,0,0,4,0,0,0,4,0
113,1,公立,一般大學,0009,國立中山大學,碩士班(日間),女,1493,41,20,13,0,0,0,0,6,1,21,1,0,5,15,0
113,2,公立,一般大學,0009,國立中山大學,學士班(日間),女,2045,22,12,11,0,0,1,0,0,0,10,3,0,0,7,0
113,2,公立,一般大學,0009,國立中山大學,學士班(日間),男,3088,52,21,20,0,0,0,0,1,0,31,17,0,9,5,0
113,2,公立,一般大學,0009,國立中山大學,博士班,男,535,32,13,5,0,0,1,0,7,0,19,4,0,6,8,1
113,2,公立,一般大學,0009,國立中山大學,碩士班(日間),男,2485,67,37,19,0,0,1,1,12,4,30,9,0,7,14,0
113,2,公立,一般大學,0009,國立中山大學,碩士在職專班,女,489,26,8,3,0,0,2,0,3,0,18,7,0,5,6,0
113,2,公立,一般大學,0009,國立中山大學,博士班,女,324,20,3,1,0,0,1,0,0,1,17,2,0,4,11,0
113,2,公立,一般大學,0009,國立中山大學,碩士班(日間),女,1493,43,15,8,0,0,0,1,4,2,28,12,0,5,11,0
113,2,公立,一般大學,0009,國立中山大學,碩士在職專班,男,489,24,5,1,0,0,2,0,2,0,19,7,0,4,8,0
113,1,公立,一般大學,0012,國立臺灣海洋大學,學士班(日間),女,1953,52,34,30,0,0,0,1,3,0,18,1,0,5,12,0
113,1,公立,一般大學,0012,國立臺灣海洋大學,學士班(日間),男,4108,125,78,75,0,0,0,0,3,0,47,2,0,7,38,0
113,1,公立,一般大學,0012,國立臺灣海洋大學,博士班,女,108,4,1,1,0,0,0,0,0,0,3,2,0,0,1,0
113,1,公立,一般大學,0012,國立臺灣海洋大學,碩士在職專班,男,326,35,5,0,0,0,0,0,5,0,30,1,0,8,21,0
113,1,公立,一般大學,0012,國立臺灣海洋大學,學士班(進修),女,148,18,8,5,0,0,0,0,3,0,10,1,0,3,6,0
113,1,公立,一般大學,0012,國立臺灣海洋大學,學士班(進修),男,355,26,3,1,0,0,0,0,2,0,23,0,0,5,18,0
113,1,公立,一般大學,0012,國立臺灣海洋大學,博士班,男,233,14,2,0,0,0,0,0,2,0,12,4,0,3,5,0
113,1,公立,一般大學,0012,國立臺灣海洋大學,碩士班(日間),女,565,29,14,9,0,0,0,0,5,0,15,5,0,2,8,0
113,1,公立,一般大學,0012,國立臺灣海洋大學,碩士班(日間),男,1034,58,16,7,0,0,1,1,7,0,42,8,0,11,23,0
113,1,公立,一般大學,0012,國立臺灣海洋大學,碩士在職專班,女,272,24,4,0,0,0,0,1,3,0,20,0,0,5,15,0
113,2,公立,一般大學,0012,國立臺灣海洋大學,學士班(日間),女,1953,23,19,18,0,0,0,0,1,0,4,2,0,0,2,0
113,2,公立,一般大學,0012,國立臺灣海洋大學,學士班(進修),女,148,5,2,2,0,0,0,0,0,0,3,0,0,2,1,0
113,2,公立,一般大學,0012,國立臺灣海洋大學,博士班,女,108,10,4,0,0,0,0,0,4,0,6,0,0,3,3,0
113,2,公立,一般大學,0012,國立臺灣海洋大學,博士班,男,233,7,3,1,0,0,0,0,2,0,4,0,0,2,2,0
113,2,公立,一般大學,0012,國立臺灣海洋大學,碩士班(日間),男,1034,29,16,5,0,0,2,0,9,0,13,1,0,3,9,0
113,2,公立,一般大學,0012,國立臺灣海洋大學,學士班(日間),男,4108,64,47,42,0,0,0,3,2,0,17,4,0,6,7,0
113,2,公立,一般大學,0012,國立臺灣海洋大學,學士班(進修),男,355,16,3,1,0,0,0,0,2,0,13,1,0,8,4,0
113,2,公立,一般大學,0012,國立臺灣海洋大學,碩士班(日間),女,565,11,6,5,0,0,0,1,0,0,5,0,0,2,3,0
113,2,公立,一般大學,0012,國立臺灣海洋大學,碩士在職專班,女,272,8,2,1,0,0,1,0,0,0,6,0,0,4,2,0
113,2,公立,一般大學,0012,國立臺灣海洋大學,碩士在職專班,男,326,10,3,0,0,0,0,1,2,0,7,0,0,3,4,0
113,1,公立,一般大學,0013,國立中正大學,學士班(日間),女,3067,71,37,36,0,0,1,0,0,0,34,4,0,3,27,0
113,1,公立,一般大學,0013,國立中正大學,博士班,女,212,16,6,2,0,0,0,1,2,1,10,3,0,1,6,0
113,1,公立,一般大學,0013,國立中正大學,博士班,男,346,24,5,2,0,0,0,0,2,1,19,8,0,6,5,0
113,1,公立,一般大學,0013,國立中正大學,碩士班(日間),女,1207,52,13,4,1,0,1,0,3,4,39,11,0,1,27,0
113,1,公立,一般大學,0013,國立中正大學,碩士班(日間),男,1701,71,14,9,0,0,0,1,2,2,57,14,0,10,33,0
113,1,公立,一般大學,0013,國立中正大學,碩士在職專班,男,621,41,3,1,0,0,0,0,2,0,38,14,0,13,11,0
113,1,公立,一般大學,0013,國立中正大學,學士班(日間),男,3552,105,48,45,0,0,0,1,2,0,57,12,0,5,40,0
113,1,公立,一般大學,0013,國立中正大學,碩士在職專班,女,847,35,3,0,0,0,1,0,2,0,32,11,0,5,16,0
113,2,公立,一般大學,0013,國立中正大學,學士班(日間),女,3067,34,22,21,0,0,1,0,0,0,12,6,0,1,5,0
113,2,公立,一般大學,0013,國立中正大學,博士班,男,346,10,2,0,0,0,0,0,1,1,8,2,0,4,2,0
113,2,公立,一般大學,0013,國立中正大學,碩士班(日間),男,1701,37,13,5,0,0,1,0,4,3,24,6,0,7,11,0
113,2,公立,一般大學,0013,國立中正大學,碩士在職專班,男,621,26,7,2,0,0,1,0,2,2,19,2,0,6,11,0
113,2,公立,一般大學,0013,國立中正大學,學士班(日間),男,3552,43,21,21,0,0,0,0,0,0,22,12,0,2,8,0
113,2,公立,一般大學,0013,國立中正大學,博士班,女,212,3,0,0,0,0,0,0,0,0,3,0,0,3,0,0
113,2,公立,一般大學,0013,國立中正大學,碩士班(日間),女,1207,27,10,5,0,0,1,2,2,0,17,3,0,1,13,0
113,2,公立,一般大學,0013,國立中正大學,碩士在職專班,女,847,28,4,1,0,0,1,0,1,1,24,1,0,10,13,0
113,1,公立,一般大學,0014,國立高雄師範大學,學士班(日間),女,1979,68,61,60,0,0,0,0,1,0,7,0,0,7,0,0
113,1,公立,一般大學,0014,國立高雄師範大學,碩士班(日間),男,580,28,17,7,0,0,0,0,10,0,11,0,0,11,0,0
113,1,公立,一般大學,0014,國立高雄師範大學,碩士在職專班,男,486,21,8,6,0,0,1,0,1,0,13,1,0,7,5,0
113,1,公立,一般大學,0014,國立高雄師範大學,學士班(日間),男,1900,83,71,68,0,0,0,1,2,0,12,1,0,11,0,0
113,1,公立,一般大學,0014,國立高雄師範大學,博士班,女,222,5,3,1,0,0,0,0,2,0,2,1,0,1,0,0
113,1,公立,一般大學,0014,國立高雄師範大學,博士班,男,220,10,4,0,0,0,0,0,4,0,6,1,0,5,0,0
113,1,公立,一般大學,0014,國立高雄師範大學,碩士班(日間),女,1020,55,34,14,0,0,0,0,18,2,21,1,0,20,0,0
113,1,公立,一般大學,0014,國立高雄師範大學,碩士在職專班,女,855,24,15,7,0,0,2,0,6,0,9,1,0,5,3,0
113,2,公立,一般大學,0014,國立高雄師範大學,學士班(日間),女,1979,32,22,21,0,0,0,0,0,1,10,3,0,7,0,0
113,2,公立,一般大學,0014,國立高雄師範大學,博士班,女,222,9,6,2,0,0,0,0,4,0,3,1,0,2,0,0
113,2,公立,一般大學,0014,國立高雄師範大學,碩士班(日間),男,580,20,7,4,0,0,0,0,3,0,13,2,0,11,0,0
113,2,公立,一般大學,0014,國立高雄師範大學,碩士在職專班,男,486,16,1,0,0,0,1,0,0,0,15,1,0,11,3,0
113,2,公立,一般大學,0014,國立高雄師範大學,學士班(日間),男,1900,31,22,18,0,0,0,1,3,0,9,0,0,9,0,0
113,2,公立,一般大學,0014,國立高雄師範大學,博士班,男,220,1,0,0,0,0,0,0,0,0,1,0,0,1,0,0
113,2,公立,一般大學,0014,國立高雄師範大學,碩士班(日間),女,1020,32,17,10,0,0,0,0,7,0,15,1,0,14,0,0
113,2,公立,一般大學,0014,國立高雄師範大學,碩士在職專班,女,855,35,10,3,0,0,1,0,6,0,25,7,0,11,7,0
113,1,公立,一般大學,0015,國立彰化師範大學,學士班(日間),女,2345,82,41,41,0,0,0,0,0,0,41,1,0,40,0,0
113,1,公立,一般大學,0015,國立彰化師範大學,學士班(日間),男,2746,90,41,39,0,0,0,0,2,0,49,8,0,41,0,0
113,1,公立,一般大學,0015,國立彰化師範大學,博士班,男,267,12,1,0,0,0,0,0,1,0,11,0,0,11,0,0
113,1,公立,一般大學,0015,國立彰化師範大學,碩士班(日間),女,858,56,10,8,0,0,0,0,2,0,46,3,0,43,0,0
113,1,公立,一般大學,0015,國立彰化師範大學,碩士在職專班,女,792,53,22,4,0,0,1,0,15,2,31,11,0,20,0,0
113,1,公立,一般大學,0015,國立彰化師範大學,博士班,女,195,7,2,1,0,0,0,0,0,1,5,2,0,3,0,0
113,1,公立,一般大學,0015,國立彰化師範大學,碩士班(日間),男,909,51,9,3,0,0,0,0,4,2,42,11,0,31,0,0
113,1,公立,一般大學,0015,國立彰化師範大學,碩士在職專班,男,512,39,13,3,0,0,0,1,9,0,26,8,0,18,0,0
113,2,公立,一般大學,0015,國立彰化師範大學,博士班,女,195,3,0,0,0,0,0,0,0,0,3,0,0,3,0,0
113,2,公立,一般大學,0015,國立彰化師範大學,博士班,男,267,7,2,1,0,0,0,0,1,0,5,2,0,3,0,0
113,2,公立,一般大學,0015,國立彰化師範大學,碩士班(日間),男,909,30,5,4,0,0,0,0,1,0,25,4,0,21,0,0
113,2,公立,一般大學,0015,國立彰化師範大學,碩士在職專班,女,792,28,17,3,0,0,0,0,12,2,11,1,0,10,0,0
113,2,公立,一般大學,0015,國立彰化師範大學,碩士在職專班,男,512,23,11,1,0,0,2,0,8,0,12,0,0,12,0,0
113,2,公立,一般大學,0015,國立彰化師範大學,學士班(日間),女,2345,24,14,14,0,0,0,0,0,0,10,1,0,9,0,0
113,2,公立,一般大學,0015,國立彰化師範大學,學士班(日間),男,2746,35,19,15,0,0,0,0,4,0,16,0,0,16,0,0
113,2,公立,一般大學,0015,國立彰化師範大學,碩士班(日間),女,858,27,5,3,0,0,0,0,1,1,22,6,0,16,0,0
113,1,公立,一般大學,0017,國立臺北大學,學士班(進修),男,756,58,30,15,0,0,2,0,8,5,28,17,0,3,8,0
113,1,公立,一般大學,0017,國立臺北大學,博士班,男,138,10,2,2,0,0,0,0,0,0,8,2,0,0,6,0
113,1,公立,一般大學,0017,國立臺北大學,碩士班(日間),女,779,26,3,2,0,0,0,1,0,0,23,6,0,0,17,0
113,1,公立,一般大學,0017,國立臺北大學,碩士班(日間),男,764,33,5,3,0,0,0,1,1,0,28,8,0,4,16,0
113,1,公立,一般大學,0017,國立臺北大學,碩士在職專班,女,324,12,10,1,0,0,0,0,8,1,2,2,0,0,0,0
113,1,公立,一般大學,0017,國立臺北大學,碩士在職專班,男,290,9,6,0,0,0,1,0,5,0,3,1,0,1,1,0
113,1,公立,一般大學,0017,國立臺北大學,學士班(日間),女,3310,40,20,20,0,0,0,0,0,0,20,2,0,2,16,0
113,1,公立,一般大學,0017,國立臺北大學,學士班(日間),男,2758,78,27,26,0,0,0,1,0,0,51,20,0,7,24,0
113,1,公立,一般大學,0017,國立臺北大學,學士班(進修),女,955,78,49,31,0,1,3,0,11,3,29,18,0,4,7,0
113,1,公立,一般大學,0017,國立臺北大學,博士班,女,68,4,1,1,0,0,0,0,0,0,3,1,0,0,2,0
113,2,公立,一般大學,0017,國立臺北大學,學士班(日間),男,2758,27,5,4,0,0,1,0,0,0,22,16,0,3,3,0
113,2,公立,一般大學,0017,國立臺北大學,學士班(進修),女,955,43,20,5,0,0,0,0,14,1,23,11,0,5,7,0
113,2,公立,一般大學,0017,國立臺北大學,博士班,女,68,3,1,0,0,0,0,1,0,0,2,0,0,0,2,0
113,2,公立,一般大學,0017,國立臺北大學,博士班,男,138,9,2,1,0,0,0,0,1,0,7,0,0,1,6,0
113,2,公立,一般大學,0017,國立臺北大學,碩士在職專班,女,324,6,6,2,0,0,0,0,2,2,0,0,0,0,0,0
113,2,公立,一般大學,0017,國立臺北大學,學士班(日間),女,3310,13,6,5,0,0,1,0,0,0,7,4,0,0,3,0
113,2,公立,一般大學,0017,國立臺北大學,學士班(進修),男,756,45,18,6,0,0,1,1,9,1,27,11,0,3,13,0
113,2,公立,一般大學,0017,國立臺北大學,碩士班(日間),女,779,14,3,2,0,0,0,1,0,0,11,4,0,3,4,0
113,2,公立,一般大學,0017,國立臺北大學,碩士班(日間),男,764,27,9,8,0,0,0,1,0,0,18,2,0,6,10,0
113,2,公立,一般大學,0017,國立臺北大學,碩士在職專班,男,290,7,5,0,0,0,0,0,5,0,2,0,0,1,1,0
113,1,公立,一般大學,0018,國立嘉義大學,學士班(日間),男,3781,145,77,73,0,0,1,1,2,0,68,30,0,8,30,0
113,1,公立,一般大學,0018,國立嘉義大學,學士班(進修),男,923,82,23,20,0,0,0,0,3,0,59,12,0,9,38,0
113,1,公立,一般大學,0018,國立嘉義大學,博士班,女,78,3,0,0,0,0,0,0,0,0,3,1,0,1,1,0
113,1,公立,一般大學,0018,國立嘉義大學,博士班,男,118,3,1,0,0,0,0,0,1,0,2,0,0,2,0,0
113,1,公立,一般大學,0018,國立嘉義大學,碩士班(日間),女,651,34,13,6,0,0,1,0,6,0,21,5,0,2,14,0
113,1,公立,一般大學,0018,國立嘉義大學,碩士在職專班,女,540,28,9,4,0,0,0,0,4,1,19,6,0,5,8,0
113,1,公立,一般大學,0018,國立嘉義大學,學士班(日間),女,3738,144,101,101,0,0,0,0,0,0,43,9,0,4,30,0
113,1,公立,一般大學,0018,國立嘉義大學,學士班(進修),女,599,29,7,5,0,0,0,1,1,0,22,6,0,0,16,0
113,1,公立,一般大學,0018,國立嘉義大學,碩士班(日間),男,557,27,6,4,0,0,0,0,2,0,21,9,0,4,8,0
113,1,公立,一般大學,0018,國立嘉義大學,碩士在職專班,男,364,31,4,3,0,0,0,0,1,0,27,4,0,10,13,0
113,2,公立,一般大學,0018,國立嘉義大學,學士班(日間),女,3738,50,34,32,0,0,1,0,1,0,16,3,0,2,11,0
113,2,公立,一般大學,0018,國立嘉義大學,學士班(進修),女,599,31,9,8,0,0,0,0,1,0,22,1,0,10,11,0
113,2,公立,一般大學,0018,國立嘉義大學,碩士班(日間),男,557,34,9,5,0,0,0,0,4,0,25,2,0,6,17,0
113,2,公立,一般大學,0018,國立嘉義大學,碩士在職專班,男,364,12,0,0,0,0,0,0,0,0,12,0,0,3,9,0
113,2,公立,一般大學,0018,國立嘉義大學,學士班(日間),男,3781,69,33,32,0,0,0,0,1,0,36,13,0,5,18,0
113,2,公立,一般大學,0018,國立嘉義大學,學士班(進修),男,923,38,7,6,0,0,0,0,1,0,31,5,0,5,21,0
113,2,公立,一般大學,0018,國立嘉義大學,博士班,女,78,2,0,0,0,0,0,0,0,0,2,0,0,0,2,0
113,2,公立,一般大學,0018,國立嘉義大學,博士班,男,118,5,1,1,0,0,0,0,0,0,4,1,0,2,1,0
113,2,公立,一般大學,0018,國立嘉義大學,碩士班(日間),女,651,29,6,3,0,0,2,0,1,0,23,3,0,6,14,0
113,2,公立,一般大學,0018,國立嘉義大學,碩士在職專班,女,540,20,4,1,0,0,0,0,3,0,16,1,0,5,10,0
113,1,公立,一般大學,0019,國立高雄大學,學士班(日間),女,2009,68,36,34,0,0,1,0,1,0,32,4,0,5,23,0
113,1,公立,一般大學,0019,國立高雄大學,學士班(進修),女,59,6,3,1,0,0,0,0,1,1,3,0,0,1,2,0
113,1,公立,一般大學,0019,國立高雄大學,博士班,男,15,2,2,2,0,0,0,0,0,0,0,0,0,0,0,0
113,1,公立,一般大學,0019,國立高雄大學,碩士班(日間),男,438,29,12,6,0,0,1,2,3,0,17,1,0,2,14,0
113,1,公立,一般大學,0019,國立高雄大學,碩士在職專班,男,368,29,4,1,0,0,0,0,3,0,25,2,0,7,16,0
113,1,公立,一般大學,0019,國立高雄大學,學士班(日間),男,2751,99,51,48,0,0,0,1,2,0,48,9,0,4,35,0
113,1,公立,一般大學,0019,國立高雄大學,學士班(進修),男,69,5,1,0,0,1,0,0,0,0,4,0,0,0,4,0
113,1,公立,一般大學,0019,國立高雄大學,博士班,女,5,0,0,0,0,0,0,0,0,0,0,0,0,0,0,0
113,1,公立,一般大學,0019,國立高雄大學,碩士班(日間),女,255,15,8,2,0,0,0,0,6,0,7,2,0,1,4,0
113,1,公立,一般大學,0019,國立高雄大學,碩士在職專班,女,223,14,4,1,0,0,0,0,2,1,10,0,0,3,7,0
113,2,公立,一般大學,0019,國立高雄大學,學士班(日間),男,2751,69,25,24,0,0,0,0,1,0,44,33,0,4,7,0
113,2,公立,一般大學,0019,國立高雄大學,博士班,女,5,1,1,0,0,0,0,0,1,0,0,0,0,0,0,0
113,2,公立,一般大學,0019,國立高雄大學,碩士班(日間),女,255,12,5,2,0,0,0,0,3,0,7,1,0,1,5,0
113,2,公立,一般大學,0019,國立高雄大學,碩士在職專班,女,223,6,1,0,0,0,0,0,1,0,5,0,0,2,3,0
113,2,公立,一般大學,0019,國立高雄大學,學士班(日間),女,2009,24,11,9,0,0,0,0,1,1,13,8,0,3,2,0
113,2,公立,一般大學,0019,國立高雄大學,學士班(進修),女,59,4,2,0,0,0,0,0,2,0,2,0,0,2,0,0
113,2,公立,一般大學,0019,國立高雄大學,學士班(進修),男,69,2,1,0,0,0,0,0,1,0,1,0,0,0,1,0
113,2,公立,一般大學,0019,國立高雄大學,博士班,男,15,0,0,0,0,0,0,0,0,0,0,0,0,0,0,0
113,2,公立,一般大學,0019,國立高雄大學,碩士班(日間),男,438,14,4,3,0,0,0,0,1,0,10,4,0,2,4,0
113,2,公立,一般大學,0019,國立高雄大學,碩士在職專班,男,368,22,3,0,0,0,1,0,2,0,19,1,0,8,10,0
113,1,公立,一般大學,0020,國立東華大學,學士班(日間),男,3877,140,73,62,0,0,1,2,8,0,67,6,1,25,35,0
113,1,公立,一般大學,0020,國立東華大學,碩士班(日間),女,769,52,13,6,0,0,1,0,5,1,39,3,0,11,25,0
113,1,公立,一般大學,0020,國立東華大學,學士班(日間),女,3955,114,69,63,0,0,3,1,2,0,45,3,0,12,30,0
113,1,公立,一般大學,0020,國立東華大學,博士班,女,181,9,4,1,0,0,2,0,1,0,5,0,0,3,2,0
113,1,公立,一般大學,0020,國立東華大學,博士班,男,224,12,4,0,0,0,1,1,2,0,8,0,0,2,6,0
113,1,公立,一般大學,0020,國立東華大學,碩士班(日間),男,720,45,17,7,0,0,0,3,6,1,28,1,0,8,19,0
113,1,公立,一般大學,0020,國立東華大學,碩士在職專班,女,358,25,10,2,0,0,1,1,4,2,15,0,0,5,10,0
113,1,公立,一般大學,0020,國立東華大學,碩士在職專班,男,182,17,3,0,0,0,0,0,3,0,14,1,0,1,12,0
113,2,公立,一般大學,0020,國立東華大學,學士班(日間),女,3955,72,26,25,0,0,1,0,0,0,46,12,0,12,22,0
113,2,公立,一般大學,0020,國立東華大學,博士班,男,224,13,4,1,0,0,0,1,1,1,9,2,0,3,4,0
113,2,公立,一般大學,0020,國立東華大學,碩士班(日間),男,720,42,9,3,0,0,1,0,5,0,33,8,0,9,16,0
113,2,公立,一般大學,0020,國立東華大學,碩士在職專班,女,358,21,4,1,0,0,0,0,3,0,17,4,0,7,6,0
113,2,公立,一般大學,0020,國立東華大學,碩士在職專班,男,182,16,4,1,0,0,0,0,2,1,12,3,0,6,3,0
113,2,公立,一般大學,0020,國立東華大學,學士班(日間),男,3877,76,21,18,0,0,0,0,2,1,55,19,0,12,24,0
113,2,公立,一般大學,0020,國立東華大學,博士班,女,181,11,4,2,0,0,0,1,1,0,7,0,0,5,2,0
113,2,公立,一般大學,0020,國立東華大學,碩士班(日間),女,769,38,9,4,0,0,0,0,4,1,29,5,0,7,17,0
113,1,公立,一般大學,0021,國立暨南國際大學,學士班(日間),女,2517,64,40,40,0,0,0,0,0,0,24,2,0,5,17,0
113,1,公立,一般大學,0021,國立暨南國際大學,學士班(日間),男,2408,71,26,26,0,0,0,0,0,0,45,7,0,10,28,0
113,1,公立,一般大學,0021,國立暨南國際大學,博士班,男,175,7,1,1,0,0,0,0,0,0,6,1,0,1,4,0
113,1,公立,一般大學,0021,國立暨南國際大學,碩士在職專班,女,324,19,5,4,0,0,0,0,1,0,14,3,0,7,4,0
113,1,公立,一般大學,0021,國立暨南國際大學,博士班,女,173,3,2,1,0,0,0,0,1,0,1,0,0,1,0,0
113,1,公立,一般大學,0021,國立暨南國際大學,碩士班(日間),女,464,22,4,4,0,0,0,0,0,0,18,4,0,5,9,0
113,1,公立,一般大學,0021,國立暨南國際大學,碩士班(日間),男,413,18,1,1,0,0,0,0,0,0,17,3,0,7,7,0
113,1,公立,一般大學,0021,國立暨南國際大學,碩士在職專班,男,161,10,2,2,0,0,0,0,0,0,8,3,0,2,3,0
113,2,公立,一般大學,0021,國立暨南國際大學,學士班(日間),女,2517,46,31,31,0,0,0,0,0,0,15,0,0,5,10,0
113,2,公立,一般大學,0021,國立暨南國際大學,博士班,女,173,8,1,1,0,0,0,0,0,0,7,1,0,3,3,0
113,2,公立,一般大學,0021,國立暨南國際大學,博士班,男,175,4,0,0,0,0,0,0,0,0,4,0,0,2,2,0
113,2,公立,一般大學,0021,國立暨南國際大學,碩士班(日間),女,464,12,0,0,0,0,0,0,0,0,12,1,0,2,9,0
113,2,公立,一般大學,0021,國立暨南國際大學,碩士班(日間),男,413,15,2,2,0,0,0,0,0,0,13,2,0,2,9,0
113,2,公立,一般大學,0021,國立暨南國際大學,碩士在職專班,女,324,10,2,1,0,0,0,0,1,0,8,2,0,3,3,0
113,2,公立,一般大學,0021,國立暨南國際大學,碩士在職專班,男,161,3,0,0,0,0,0,0,0,0,3,0,0,1,2,0
113,2,公立,一般大學,0021,國立暨南國際大學,學士班(日間),男,2408,33,22,21,0,0,0,0,1,0,11,0,0,1,10,0
113,1,公立,技專校院,0022,國立臺灣科技大學,學士班(日間),女,1752,32,12,11,0,0,1,0,0,0,20,5,0,0,15,0
113,1,公立,技專校院,0022,國立臺灣科技大學,博士班,男,730,53,15,6,0,0,1,0,6,2,38,19,0,12,7,0
113,1,公立,技專校院,0022,國立臺灣科技大學,碩士班(日間),男,2889,88,45,34,0,0,0,1,10,0,43,3,0,28,12,0
113,1,公立,技專校院,0022,國立臺灣科技大學,碩士在職專班,女,329,12,6,3,0,0,0,0,2,1,6,0,0,2,4,0
113,1,公立,技專校院,0022,國立臺灣科技大學,碩士在職專班,男,508,19,5,4,0,0,0,0,1,0,14,5,0,5,4,0
113,1,公立,技專校院,0022,國立臺灣科技大學,學士班(日間),男,3939,51,17,15,0,0,1,0,1,0,34,18,0,1,15,0
113,1,公立,技專校院,0022,國立臺灣科技大學,博士班,女,293,21,7,4,0,0,0,0,2,1,14,5,0,5,4,0
113,1,公立,技專校院,0022,國立臺灣科技大學,碩士班(日間),女,1409,36,14,9,0,0,0,1,3,1,22,1,0,14,7,0
113,2,公立,技專校院,0022,國立臺灣科技大學,學士班(日間),男,3939,28,10,10,0,0,0,0,0,0,18,10,0,2,6,0
113,2,公立,技專校院,0022,國立臺灣科技大學,博士班,女,293,12,5,2,0,0,0,0,3,0,7,0,0,4,3,0
113,2,公立,技專校院,0022,國立臺灣科技大學,碩士班(日間),女,1409,23,8,7,0,0,0,0,0,1,15,1,0,7,7,0
113,2,公立,技專校院,0022,國立臺灣科技大學,學士班(日間),女,1752,6,4,3,0,0,1,0,0,0,2,0,0,0,2,0
113,2,公立,技專校院,0022,國立臺灣科技大學,博士班,男,730,42,14,8,0,0,0,0,4,2,28,2,0,20,6,0
113,2,公立,技專校院,0022,國立臺灣科技大學,碩士班(日間),男,2889,42,17,12,0,0,2,1,0,2,25,4,0,6,15,0
113,2,公立,技專校院,0022,國立臺灣科技大學,碩士在職專班,女,329,5,3,1,0,1,0,0,1,0,2,0,0,1,1,0
113,2,公立,技專校院,0022,國立臺灣科技大學,碩士在職專班,男,508,15,1,0,0,0,0,0,1,0,14,1,0,9,4,0
113,1,公立,技專校院,0023,國立雲林科技大學,學士班(日間),女,2661,44,28,24,1,0,0,1,2,0,16,3,0,13,0,0
113,1,公立,技專校院,0023,國立雲林科技大學,學士班(進修),女,135,2,1,1,0,0,0,0,0,0,1,0,0,1,0,0
113,1,公立,技專校院,0023,國立雲林科技大學,學士班(進修),男,128,9,2,2,0,0,0,0,0,0,7,2,0,5,0,0
113,1,公立,技專校院,0023,國立雲林科技大學,博士班,女,177,8,2,2,0,0,0,0,0,0,6,4,0,2,0,0
113,1,公立,技專校院,0023,國立雲林科技大學,碩士班(日間),男,1436,65,23,15,0,0,1,2,5,0,42,6,0,36,0,0
113,1,公立,技專校院,0023,國立雲林科技大學,碩士在職專班,男,426,29,4,1,0,0,0,0,3,0,25,2,0,23,0,0
113,1,公立,技專校院,0023,國立雲林科技大學,學士班(日間),男,4131,73,34,30,0,0,1,1,2,0,39,19,1,19,0,0
113,1,公立,技專校院,0023,國立雲林科技大學,博士班,男,266,19,6,4,0,0,0,0,2,0,13,4,0,9,0,0
113,1,公立,技專校院,0023,國立雲林科技大學,碩士班(日間),女,787,33,19,10,0,1,2,1,5,0,14,2,0,12,0,0
113,1,公立,技專校院,0023,國立雲林科技大學,碩士在職專班,女,323,20,10,4,0,0,0,2,4,0,10,5,0,5,0,0
113,2,公立,技專校院,0023,國立雲林科技大學,學士班(日間),男,4131,45,13,11,0,0,0,1,1,0,32,17,1,14,0,0
113,2,公立,技專校院,0023,國立雲林科技大學,學士班(進修),男,128,5,2,2,0,0,0,0,0,0,3,1,0,2,0,0
113,2,公立,技專校院,0023,國立雲林科技大學,博士班,女,177,11,2,1,0,0,0,0,1,0,9,3,0,6,0,0
113,2,公立,技專校院,0023,國立雲林科技大學,博士班,男,266,18,2,1,0,0,0,0,1,0,16,3,0,13,0,0
113,2,公立,技專校院,0023,國立雲林科技大學,碩士班(日間),女,787,17,7,5,0,0,0,2,0,0,10,3,0,7,0,0
113,2,公立,技專校院,0023,國立雲林科技大學,碩士在職專班,女,323,7,1,1,0,0,0,0,0,0,6,1,0,5,0,0
113,2,公立,技專校院,0023,國立雲林科技大學,學士班(日間),女,2661,19,11,11,0,0,0,0,0,0,8,1,0,7,0,0
113,2,公立,技專校院,0023,國立雲林科技大學,學士班(進修),女,135,5,2,0,0,0,1,0,1,0,3,0,0,3,0,0
113,2,公立,技專校院,0023,國立雲林科技大學,碩士班(日間),男,1436,32,13,9,0,0,0,0,3,1,19,1,0,18,0,0
113,2,公立,技專校院,0023,國立雲林科技大學,碩士在職專班,男,426,19,3,2,0,0,0,0,1,0,16,3,0,13,0,0
113,1,公立,技專校院,0024,國立屏東科技大學,學士班(日間),女,3273,78,50,48,0,0,1,0,1,0,28,4,0,5,19,0
113,1,公立,技專校院,0024,國立屏東科技大學,學士班(進修),女,322,27,11,10,0,0,0,1,0,0,16,2,0,4,10,0
113,1,公立,技專校院,0024,國立屏東科技大學,博士班,女,91,3,0,0,0,0,0,0,0,0,3,1,0,0,2,0
113,1,公立,技專校院,0024,國立屏東科技大學,博士班,男,165,4,0,0,0,0,0,0,0,0,4,0,0,1,3,0
113,1,公立,技專校院,0024,國立屏東科技大學,碩士班(日間),女,474,14,4,2,0,0,1,1,0,0,10,0,0,3,7,0
113,1,公立,技專校院,0024,國立屏東科技大學,碩士班(日間),男,595,31,0,0,0,0,0,0,0,0,31,2,0,3,26,0
113,1,公立,技專校院,0024,國立屏東科技大學,碩士在職專班,男,135,13,0,0,0,0,0,0,0,0,13,0,0,3,10,0
113,1,公立,技專校院,0024,國立屏東科技大學,學士班(日間),男,4097,143,80,78,0,0,0,0,2,0,63,21,0,10,32,0
113,1,公立,技專校院,0024,國立屏東科技大學,學士班(進修),男,751,37,16,14,0,0,1,0,1,0,21,3,0,5,13,0
113,1,公立,技專校院,0024,國立屏東科技大學,碩士在職專班,女,100,5,0,0,0,0,0,0,0,0,5,0,0,1,4,0
113,2,公立,技專校院,0024,國立屏東科技大學,學士班(日間),男,4097,83,23,21,0,0,2,0,0,0,60,39,0,5,16,0
113,2,公立,技專校院,0024,國立屏東科技大學,學士班(進修),男,751,33,8,7,0,0,0,1,0,0,25,16,0,6,3,0
113,2,公立,技專校院,0024,國立屏東科技大學,博士班,女,91,3,0,0,0,0,0,0,0,0,3,1,0,0,2,0
113,2,公立,技專校院,0024,國立屏東科技大學,碩士班(日間),女,474,15,3,1,0,1,0,0,1,0,12,2,0,1,9,0
113,2,公立,技專校院,0024,國立屏東科技大學,碩士在職專班,女,100,5,0,0,0,0,0,0,0,0,5,0,0,0,5,0
113,2,公立,技專校院,0024,國立屏東科技大學,學士班(日間),女,3273,49,25,25,0,0,0,0,0,0,24,10,0,7,7,0
113,2,公立,技專校院,0024,國立屏東科技大學,學士班(進修),女,322,19,5,4,0,0,0,0,1,0,14,2,0,3,9,0
113,2,公立,技專校院,0024,國立屏東科技大學,博士班,男,165,7,0,0,0,0,0,0,0,0,7,3,0,3,1,0
113,2,公立,技專校院,0024,國立屏東科技大學,碩士班(日間),男,595,27,5,3,0,0,0,0,2,0,22,4,0,4,14,0
113,2,公立,技專校院,0024,國立屏東科技大學,碩士在職專班,男,135,14,0,0,0,0,0,0,0,0,14,0,0,4,10,0
113,1,公立,技專校院,0025,國立臺北科技大學,學士班(日間),女,2001,29,15,14,0,0,1,0,0,0,14,6,0,2,6,0
113,1,公立,技專校院,0025,國立臺北科技大學,學士班(進修),女,145,5,0,0,0,0,0,0,0,0,5,2,0,0,3,0
113,1,公立,技專校院,0025,國立臺北科技大學,學士班(進修),男,747,12,2,2,0,0,0,0,0,0,10,4,0,2,4,0
113,1,公立,技專校院,0025,國立臺北科技大學,五專,男,131,6,4,4,0,0,0,0,0,0,2,0,0,0,2,0
113,1,公立,技專校院,0025,國立臺北科技大學,博士班,女,214,8,1,0,0,0,0,0,1,0,7,0,0,3,4,0
113,1,公立,技專校院,0025,國立臺北科技大學,碩士班(日間),女,1027,21,11,10,0,0,0,0,1,0,10,2,0,3,5,0
113,1,公立,技專校院,0025,國立臺北科技大學,碩士班(日間),男,2605,47,10,7,0,0,0,0,3,0,37,3,0,4,30,0
113,1,公立,技專校院,0025,國立臺北科技大學,碩士在職專班,男,1118,48,3,0,0,0,1,0,2,0,45,2,0,19,24,0
113,1,公立,技專校院,0025,國立臺北科技大學,學士班(日間),男,4403,67,22,21,0,0,0,1,0,0,45,18,0,10,17,0
113,1,公立,技專校院,0025,國立臺北科技大學,五專,女,28,0,0,0,0,0,0,0,0,0,0,0,0,0,0,0
113,1,公立,技專校院,0025,國立臺北科技大學,博士班,男,549,37,10,3,0,0,1,1,5,0,27,4,0,9,14,0
113,1,公立,技專校院,0025,國立臺北科技大學,碩士在職專班,女,525,21,4,0,0,0,0,0,4,0,17,0,0,5,12,0
113,2,公立,技專校院,0025,國立臺北科技大學,學士班(日間),男,4403,61,12,10,0,0,0,0,2,0,49,36,0,3,10,0
113,2,公立,技專校院,0025,國立臺北科技大學,學士班(進修),男,747,14,3,3,0,0,0,0,0,0,11,8,0,1,2,0
113,2,公立,技專校院,0025,國立臺北科技大學,博士班,女,214,10,5,3,0,0,0,0,1,1,5,2,0,2,1,0
113,2,公立,技專校院,0025,國立臺北科技大學,博士班,男,549,25,5,2,0,0,0,1,2,0,20,9,0,6,5,0
113,2,公立,技專校院,0025,國立臺北科技大學,碩士班(日間),女,1027,16,2,1,0,0,0,0,1,0,14,5,0,3,6,0
113,2,公立,技專校院,0025,國立臺北科技大學,碩士在職專班,女,525,11,0,0,0,0,0,0,0,0,11,5,0,5,1,0
113,2,公立,技專校院,0025,國立臺北科技大學,學士班(日間),女,2001,14,5,4,0,0,0,0,1,0,9,5,0,3,1,0
113,2,公立,技專校院,0025,國立臺北科技大學,學士班(進修),女,145,3,0,0,0,0,0,0,0,0,3,1,0,0,2,0
113,2,公立,技專校院,0025,國立臺北科技大學,五專,女,28,0,0,0,0,0,0,0,0,0,0,0,0,0,0,0
113,2,公立,技專校院,0025,國立臺北科技大學,五專,男,131,4,0,0,0,0,0,0,0,0,4,4,0,0,0,0
113,2,公立,技專校院,0025,國立臺北科技大學,碩士班(日間),男,2605,39,11,9,0,0,1,0,1,0,28,11,0,5,12,0
113,2,公立,技專校院,0025,國立臺北科技大學,碩士在職專班,男,1118,61,3,2,0,0,0,0,1,0,58,13,0,32,13,0
113,1,公立,一般大學,0028,國立臺北藝術大學,博士班,女,75,2,0,0,0,0,0,0,0,0,2,0,0,1,1,0
113,1,公立,一般大學,0028,國立臺北藝術大學,博士班,男,63,2,1,1,0,0,0,0,0,0,1,0,0,1,0,0
113,1,公立,一般大學,0028,國立臺北藝術大學,碩士班(日間),男,387,17,3,2,0,0,0,1,0,0,14,3,0,3,8,0
113,1,公立,一般大學,0028,國立臺北藝術大學,學士班(日間),女,1141,24,13,10,0,0,1,0,2,0,11,1,0,0,10,0
113,1,公立,一般大學,0028,國立臺北藝術大學,學士班(日間),男,648,15,4,3,0,0,0,0,1,0,11,3,0,0,8,0
113,1,公立,一般大學,0028,國立臺北藝術大學,五專,女,42,1,0,0,0,0,0,0,0,0,1,0,0,0,1,0
113,1,公立,一般大學,0028,國立臺北藝術大學,五專,男,34,4,3,3,0,0,0,0,0,0,1,0,0,0,1,0
113,1,公立,一般大學,0028,國立臺北藝術大學,碩士班(日間),女,634,34,11,7,0,0,0,1,3,0,23,1,0,8,14,0
113,1,公立,一般大學,0028,國立臺北藝術大學,碩士在職專班,女,128,7,2,1,0,0,0,0,1,0,5,0,0,1,4,0
113,1,公立,一般大學,0028,國立臺北藝術大學,碩士在職專班,男,61,1,0,0,0,0,0,0,0,0,1,0,0,0,1,0
113,2,公立,一般大學,0028,國立臺北藝術大學,學士班(日間),女,1141,17,10,9,0,0,0,0,1,0,7,2,0,0,5,0
113,2,公立,一般大學,0028,國立臺北藝術大學,學士班(日間),男,648,14,7,6,0,0,0,0,1,0,7,4,0,1,2,0
113,2,公立,一般大學,0028,國立臺北藝術大學,五專,女,42,1,1,1,0,0,0,0,0,0,0,0,0,0,0,0
113,2,公立,一般大學,0028,國立臺北藝術大學,五專,男,34,2,2,2,0,0,0,0,0,0,0,0,0,0,0,0
113,2,公立,一般大學,0028,國立臺北藝術大學,博士班,女,75,6,4,3,0,0,0,0,1,0,2,0,0,0,2,0
113,2,公立,一般大學,0028,國立臺北藝術大學,碩士在職專班,男,61,1,0,0,0,0,0,0,0,0,1,0,0,0,1,0
113,2,公立,一般大學,0028,國立臺北藝術大學,博士班,男,63,0,0,0,0,0,0,0,0,0,0,0,0,0,0,0
113,2,公立,一般大學,0028,國立臺北藝術大學,碩士班(日間),女,634,27,10,7,0,0,1,0,2,0,17,4,0,2,11,0
113,2,公立,一般大學,0028,國立臺北藝術大學,碩士班(日間),男,387,17,5,4,0,0,0,1,0,0,12,3,0,3,6,0
113,2,公立,一般大學,0028,國立臺北藝術大學,碩士在職專班,女,128,6,1,1,0,0,0,0,0,0,5,0,0,2,3,0
113,1,公立,一般大學,0029,國立臺灣藝術大學,學士班(日間),女,1726,45,23,19,0,0,1,0,2,1,22,1,0,10,11,0
113,1,公立,一般大學,0029,國立臺灣藝術大學,學士班(日間),男,693,22,9,7,0,0,0,1,0,1,13,0,0,7,6,0
113,1,公立,一般大學,0029,國立臺灣藝術大學,學士班(進修),女,1282,52,18,13,0,1,1,0,1,2,34,2,0,7,25,0
113,1,公立,一般大學,0029,國立臺灣藝術大學,學士班(進修),男,540,25,9,8,0,0,0,0,0,1,16,1,0,4,11,0
113,1,公立,一般大學,0029,國立臺灣藝術大學,博士班,男,80,1,0,0,0,0,0,0,0,0,1,0,0,0,1,0
113,1,公立,一般大學,0029,國立臺灣藝術大學,碩士班(日間),男,287,12,2,0,0,0,0,0,2,0,10,2,0,3,5,0
113,1,公立,一般大學,0029,國立臺灣藝術大學,博士班,女,81,6,0,0,0,0,0,0,0,0,6,1,0,2,3,0
113,1,公立,一般大學,0029,國立臺灣藝術大學,碩士班(日間),女,488,23,2,1,0,0,1,0,0,0,21,3,0,2,16,0
113,1,公立,一般大學,0029,國立臺灣藝術大學,碩士在職專班,女,223,9,1,0,0,0,0,0,1,0,8,0,0,3,5,0
113,1,公立,一般大學,0029,國立臺灣藝術大學,碩士在職專班,男,139,10,0,0,0,0,0,0,0,0,10,3,0,4,3,0
113,2,公立,一般大學,0029,國立臺灣藝術大學,學士班(進修),女,1282,16,4,3,0,0,0,0,1,0,12,0,0,4,8,0
113,2,公立,一般大學,0029,國立臺灣藝術大學,博士班,女,81,2,0,0,0,0,0,0,0,0,2,0,0,1,1,0
113,2,公立,一般大學,0029,國立臺灣藝術大學,博士班,男,80,2,0,0,0,0,0,0,0,0,2,0,0,2,0,0
113,2,公立,一般大學,0029,國立臺灣藝術大學,碩士班(日間),女,488,6,1,0,0,0,0,0,1,0,5,0,0,0,5,0
113,2,公立,一般大學,0029,國立臺灣藝術大學,碩士班(日間),男,287,8,2,2,0,0,0,0,0,0,6,1,0,1,4,0
113,2,公立,一般大學,0029,國立臺灣藝術大學,碩士在職專班,女,223,3,0,0,0,0,0,0,0,0,3,0,0,2,1,0
113,2,公立,一般大學,0029,國立臺灣藝術大學,碩士在職專班,男,139,5,2,0,0,0,0,1,0,1,3,0,0,3,0,0
113,2,公立,一般大學,0029,國立臺灣藝術大學,學士班(日間),女,1726,15,2,2,0,0,0,0,0,0,13,0,0,4,9,0
113,2,公立,一般大學,0029,國立臺灣藝術大學,學士班(日間),男,693,20,6,4,0,0,0,0,1,1,14,2,0,2,10,0
113,2,公立,一般大學,0029,國立臺灣藝術大學,學士班(進修),男,540,13,3,1,0,0,0,0,1,1,10,0,0,3,7,0
113,1,公立,一般大學,0030,國立臺東大學,學士班(日間),男,1873,80,63,60,0,0,0,2,1,0,17,0,0,1,16,0
113,1,公立,一般大學,0030,國立臺東大學,博士班,女,32,0,0,0,0,0,0,0,0,0,0,0,0,0,0,0
113,1,公立,一般大學,0030,國立臺東大學,碩士班(日間),女,211,21,7,1,0,0,0,1,4,1,14,3,0,2,9,0
113,1,公立,一般大學,0030,國立臺東大學,學士班(日間),女,1730,68,50,48,0,1,0,0,1,0,18,1,0,0,17,0
113,1,公立,一般大學,0030,國立臺東大學,學士班(進修),女,212,14,8,5,0,0,1,0,2,0,6,0,0,1,5,0
113,1,公立,一般大學,0030,國立臺東大學,學士班(進修),男,129,17,10,8,0,0,0,1,1,0,7,0,0,1,6,0
113,1,公立,一般大學,0030,國立臺東大學,博士班,男,22,0,0,0,0,0,0,0,0,0,0,0,0,0,0,0
113,1,公立,一般大學,0030,國立臺東大學,碩士班(日間),男,149,10,3,2,0,0,0,0,1,0,7,1,0,1,5,0
113,1,公立,一般大學,0030,國立臺東大學,碩士在職專班,女,511,35,23,8,1,1,5,0,8,0,12,2,0,2,8,0
113,1,公立,一般大學,0030,國立臺東大學,碩士在職專班,男,179,13,7,1,0,0,0,1,5,0,6,2,0,0,4,0
113,2,公立,一般大學,0030,國立臺東大學,學士班(日間),女,1730,42,31,28,0,0,0,0,3,0,11,0,0,0,11,0
113,2,公立,一般大學,0030,國立臺東大學,學士班(日間),男,1873,44,30,29,0,0,1,0,0,0,14,0,0,1,13,0
113,2,公立,一般大學,0030,國立臺東大學,學士班(進修),男,129,7,2,2,0,0,0,0,0,0,5,0,0,0,5,0
113,2,公立,一般大學,0030,國立臺東大學,博士班,男,22,0,0,0,0,0,0,0,0,0,0,0,0,0,0,0
113,2,公立,一般大學,0030,國立臺東大學,碩士在職專班,女,511,12,8,0,0,0,0,0,8,0,4,0,0,1,3,0
113,2,公立,一般大學,0030,國立臺東大學,學士班(進修),女,212,5,1,1,0,0,0,0,0,0,4,0,0,0,4,0
113,2,公立,一般大學,0030,國立臺東大學,博士班,女,32,1,0,0,0,0,0,0,0,0,1,0,0,1,0,0
113,2,公立,一般大學,0030,國立臺東大學,碩士班(日間),女,211,8,4,1,0,0,0,0,3,0,4,0,0,2,2,0
113,2,公立,一般大學,0030,國立臺東大學,碩士班(日間),男,149,13,1,0,0,0,0,0,1,0,12,5,0,2,5,0
113,2,公立,一般大學,0030,國立臺東大學,碩士在職專班,男,179,5,1,1,0,0,0,0,0,0,4,0,0,1,3,0
113,1,公立,一般大學,0031,國立宜蘭大學,學士班(日間),男,2808,142,58,52,0,0,2,0,4,0,84,27,0,9,48,0
113,1,公立,一般大學,0031,國立宜蘭大學,學士班(進修),男,237,19,1,1,0,0,0,0,0,0,18,4,0,4,10,0
113,1,公立,一般大學,0031,國立宜蘭大學,博士班,男,9,1,0,0,0,0,0,0,0,0,1,0,0,1,0,0
113,1,公立,一般大學,0031,國立宜蘭大學,碩士班(日間),女,200,7,0,0,0,0,0,0,0,0,7,0,0,0,7,0
113,1,公立,一般大學,0031,國立宜蘭大學,碩士在職專班,女,45,5,0,0,0,0,0,0,0,0,5,1,0,1,3,0
113,1,公立,一般大學,0031,國立宜蘭大學,學士班(日間),女,1567,65,41,38,0,0,0,0,3,0,24,5,0,2,17,0
113,1,公立,一般大學,0031,國立宜蘭大學,學士班(進修),女,123,12,3,2,0,0,0,0,1,0,9,0,0,4,5,0
113,1,公立,一般大學,0031,國立宜蘭大學,博士班,女,4,0,0,0,0,0,0,0,0,0,0,0,0,0,0,0
113,1,公立,一般大學,0031,國立宜蘭大學,碩士班(日間),男,345,14,2,0,0,0,0,0,2,0,12,5,0,1,6,0
113,1,公立,一般大學,0031,國立宜蘭大學,碩士在職專班,男,109,20,1,1,0,0,0,0,0,0,19,1,0,6,12,0
113,2,公立,一般大學,0031,國立宜蘭大學,學士班(日間),女,1567,35,19,18,0,0,0,0,1,0,16,6,0,2,8,0
113,2,公立,一般大學,0031,國立宜蘭大學,學士班(日間),男,2808,114,46,39,0,0,0,0,7,0,68,38,0,8,22,0
113,2,公立,一般大學,0031,國立宜蘭大學,博士班,女,4,0,0,0,0,0,0,0,0,0,0,0,0,0,0,0
113,2,公立,一般大學,0031,國立宜蘭大學,博士班,男,9,0,0,0,0,0,0,0,0,0,0,0,0,0,0,0
113,2,公立,一般大學,0031,國立宜蘭大學,學士班(進修),女,123,4,2,1,0,0,0,0,1,0,2,0,0,1,1,0
113,2,公立,一般大學,0031,國立宜蘭大學,學士班(進修),男,237,13,2,1,0,0,0,0,1,0,11,7,0,2,2,0
113,2,公立,一般大學,0031,國立宜蘭大學,碩士班(日間),女,200,3,2,1,0,0,0,0,1,0,1,0,0,1,0,0
113,2,公立,一般大學,0031,國立宜蘭大學,碩士班(日間),男,345,17,3,0,0,0,0,0,3,0,14,1,0,4,9,0
113,2,公立,一般大學,0031,國立宜蘭大學,碩士在職專班,女,45,1,0,0,0,0,0,0,0,0,1,0,0,0,1,0
113,2,公立,一般大學,0031,國立宜蘭大學,碩士在職專班,男,109,4,0,0,0,0,0,0,0,0,4,0,0,3,1,0
113,1,公立,一般大學,0032,國立聯合大學,學士班(進修),女,231,18,9,8,0,0,0,0,1,0,9,6,0,0,3,0
113,1,公立,一般大學,0032,國立聯合大學,學士班(進修),男,735,73,22,20,0,0,0,0,2,0,51,19,0,12,20,0
113,1,公立,一般大學,0032,國立聯合大學,博士班,女,5,0,0,0,0,0,0,0,0,0,0,0,0,0,0,0
113,1,公立,一般大學,0032,國立聯合大學,碩士班(日間),女,143,4,1,1,0,0,0,0,0,0,3,0,0,0,3,0
113,1,公立,一般大學,0032,國立聯合大學,碩士班(日間),男,335,8,2,2,0,0,0,0,0,0,6,0,0,2,4,0
113,1,公立,一般大學,0032,國立聯合大學,碩士在職專班,女,25,1,1,1,0,0,0,0,0,0,0,0,0,0,0,0
113,1,公立,一般大學,0032,國立聯合大學,碩士在職專班,男,32,2,1,0,0,0,0,0,1,0,1,0,0,1,0,0
113,1,公立,一般大學,0032,國立聯合大學,學士班(日間),女,1818,58,31,30,0,0,1,0,0,0,27,3,0,1,23,0
113,1,公立,一般大學,0032,國立聯合大學,學士班(日間),男,4249,226,86,84,0,0,0,0,2,0,140,68,0,19,53,0
113,1,公立,一般大學,0032,國立聯合大學,博士班,男,21,1,0,0,0,0,0,0,0,0,1,0,0,0,1,0
113,2,公立,一般大學,0032,國立聯合大學,學士班(日間),男,4249,68,30,29,0,0,0,0,1,0,38,6,0,11,21,0
113,2,公立,一般大學,0032,國立聯合大學,博士班,女,5,0,0,0,0,0,0,0,0,0,0,0,0,0,0,0
113,2,公立,一般大學,0032,國立聯合大學,博士班,男,21,0,0,0,0,0,0,0,0,0,0,0,0,0,0,0
113,2,公立,一般大學,0032,國立聯合大學,碩士班(日間),女,143,3,0,0,0,0,0,0,0,0,3,1,0,2,0,0
113,2,公立,一般大學,0032,國立聯合大學,碩士在職專班,女,25,1,1,0,0,0,0,0,1,0,0,0,0,0,0,0
113,2,公立,一般大學,0032,國立聯合大學,學士班(日間),女,1818,32,20,20,0,0,0,0,0,0,12,0,0,2,10,0
113,2,公立,一般大學,0032,國立聯合大學,學士班(進修),女,231,18,4,3,0,0,0,0,1,0,14,0,0,4,10,0
113,2,公立,一般大學,0032,國立聯合大學,學士班(進修),男,735,30,7,6,0,0,0,0,1,0,23,1,1,6,15,0
113,2,公立,一般大學,0032,國立聯合大學,碩士班(日間),男,335,11,2,2,0,0,0,0,0,0,9,2,0,2,5,0
113,2,公立,一般大學,0032,國立聯合大學,碩士在職專班,男,32,0,0,0,0,0,0,0,0,0,0,0,0,0,0,0
113,1,公立,技專校院,0033,國立虎尾科技大學,二專(日間),女,0,1,1,1,0,0,0,0,0,0,0,0,0,0,0,0
113,1,公立,技專校院,0033,國立虎尾科技大學,學士班(日間),女,1797,32,14,14,0,0,0,0,0,0,18,6,0,2,10,0
113,1,公立,技專校院,0033,國立虎尾科技大學,學士班(日間),男,5950,128,42,41,0,0,0,0,1,0,86,48,0,9,29,0
113,1,公立,技專校院,0033,國立虎尾科技大學,五專,女,55,1,1,1,0,0,0,0,0,0,0,0,0,0,0,0
113,1,公立,技專校院,0033,國立虎尾科技大學,碩士班(日間),男,991,26,4,2,0,0,1,1,0,0,22,6,0,3,13,0
113,1,公立,技專校院,0033,國立虎尾科技大學,二專(日間),男,80,12,5,5,0,0,0,0,0,0,7,0,0,3,4,0
113,1,公立,技專校院,0033,國立虎尾科技大學,學士班(進修),女,429,29,13,10,0,0,0,0,3,0,16,0,0,4,12,0
113,1,公立,技專校院,0033,國立虎尾科技大學,學士班(進修),男,1872,124,72,65,0,0,1,1,5,0,52,2,0,23,27,0
113,1,公立,技專校院,0033,國立虎尾科技大學,五專,男,349,4,4,4,0,0,0,0,0,0,0,0,0,0,0,0
113,1,公立,技專校院,0033,國立虎尾科技大學,博士班,女,14,0,0,0,0,0,0,0,0,0,0,0,0,0,0,0
113,1,公立,技專校院,0033,國立虎尾科技大學,博士班,男,44,2,0,0,0,0,0,0,0,0,2,0,0,1,1,0
113,1,公立,技專校院,0033,國立虎尾科技大學,碩士班(日間),女,199,6,0,0,0,0,0,0,0,0,6,1,0,3,2,0
113,1,公立,技專校院,0033,國立虎尾科技大學,碩士在職專班,女,72,3,0,0,0,0,0,0,0,0,3,0,0,1,2,0
113,1,公立,技專校院,0033,國立虎尾科技大學,碩士在職專班,男,123,13,1,0,0,0,0,0,1,0,12,0,0,7,5,0
113,2,公立,技專校院,0033,國立虎尾科技大學,二專(日間),男,80,6,1,1,0,0,0,0,0,0,5,3,0,1,1,0
113,2,公立,技專校院,0033,國立虎尾科技大學,學士班(進修),女,429,12,0,0,0,0,0,0,0,0,12,0,0,6,6,0
113,2,公立,技專校院,0033,國立虎尾科技大學,學士班(進修),男,1872,74,26,24,0,0,0,1,1,0,48,0,0,25,23,0
113,2,公立,技專校院,0033,國立虎尾科技大學,博士班,女,14,0,0,0,0,0,0,0,0,0,0,0,0,0,0,0
113,2,公立,技專校院,0033,國立虎尾科技大學,碩士班(日間),女,199,1,0,0,0,0,0,0,0,0,1,0,0,1,0,0
113,2,公立,技專校院,0033,國立虎尾科技大學,碩士班(日間),男,991,17,3,2,0,0,0,0,1,0,14,0,0,2,12,0
113,2,公立,技專校院,0033,國立虎尾科技大學,碩士在職專班,女,72,0,0,0,0,0,0,0,0,0,0,0,0,0,0,0
113,2,公立,技專校院,0033,國立虎尾科技大學,碩士在職專班,男,123,8,0,0,0,0,0,0,0,0,8,2,0,1,5,0
113,2,公立,技專校院,0033,國立虎尾科技大學,二專(日間),女,0,0,0,0,0,0,0,0,0,0,0,0,0,0,0,0
113,2,公立,技專校院,0033,國立虎尾科技大學,學士班(日間),女,1797,18,6,6,0,0,0,0,0,0,12,5,0,2,5,0
113,2,公立,技專校院,0033,國立虎尾科技大學,學士班(日間),男,5950,131,29,26,0,0,0,0,3,0,102,54,0,5,43,0
113,2,公立,技專校院,0033,國立虎尾科技大學,五專,女,55,4,2,2,0,0,0,0,0,0,2,2,0,0,0,0
113,2,公立,技專校院,0033,國立虎尾科技大學,五專,男,349,6,2,2,0,0,0,0,0,0,4,2,0,1,1,0
113,2,公立,技專校院,0033,國立虎尾科技大學,博士班,男,44,5,1,0,0,0,0,0,1,0,4,0,0,2,2,0
113,1,公立,一般大學,0035,國立臺南藝術大學,學士班(日間),女,477,28,22,21,0,0,0,0,1,0,6,0,0,0,6,0
113,1,公立,一般大學,0035,國立臺南藝術大學,五專,女,105,2,2,2,0,0,0,0,0,0,0,0,0,0,0,0
113,1,公立,一般大學,0035,國立臺南藝術大學,五專,男,55,1,1,1,0,0,0,0,0,0,0,0,0,0,0,0
113,1,公立,一般大學,0035,國立臺南藝術大學,碩士班(日間),男,215,5,4,3,0,0,0,0,1,0,1,0,0,0,1,0
113,1,公立,一般大學,0035,國立臺南藝術大學,碩士在職專班,男,8,2,1,1,0,0,0,0,0,0,1,0,0,1,0,0
113,1,公立,一般大學,0035,國立臺南藝術大學,學士班(日間),男,286,20,17,15,0,0,0,0,2,0,3,0,0,0,3,0
113,1,公立,一般大學,0035,國立臺南藝術大學,博士班,女,43,0,0,0,0,0,0,0,0,0,0,0,0,0,0,0
113,1,公立,一般大學,0035,國立臺南藝術大學,博士班,男,30,0,0,0,0,0,0,0,0,0,0,0,0,0,0,0
113,1,公立,一般大學,0035,國立臺南藝術大學,碩士班(日間),女,339,19,7,4,0,0,0,1,0,2,12,3,0,0,9,0
113,1,公立,一般大學,0035,國立臺南藝術大學,碩士在職專班,女,38,6,1,0,0,0,0,0,0,1,5,0,0,0,5,0
113,2,公立,一般大學,0035,國立臺南藝術大學,博士班,女,43,0,0,0,0,0,0,0,0,0,0,0,0,0,0,0
113,2,公立,一般大學,0035,國立臺南藝術大學,博士班,男,30,0,0,0,0,0,0,0,0,0,0,0,0,0,0,0
113,2,公立,一般大學,0035,國立臺南藝術大學,碩士班(日間),女,339,13,7,1,0,0,1,0,3,2,6,0,0,1,5,0
113,2,公立,一般大學,0035,國立臺南藝術大學,碩士班(日間),男,215,12,8,2,0,0,0,4,1,1,4,0,0,2,2,0
113,2,公立,一般大學,0035,國立臺南藝術大學,碩士在職專班,女,38,6,3,1,0,0,1,0,1,0,3,0,0,0,3,0
113,2,公立,一般大學,0035,國立臺南藝術大學,碩士在職專班,男,8,2,0,0,0,0,0,0,0,0,2,0,0,1,1,0
113,2,公立,一般大學,0035,國立臺南藝術大學,學士班(日間),女,477,7,5,5,0,0,0,0,0,0,2,0,0,0,2,0
113,2,公立,一般大學,0035,國立臺南藝術大學,學士班(日間),男,286,6,2,2,0,0,0,0,0,0,4,0,0,0,4,0
113,2,公立,一般大學,0035,國立臺南藝術大學,五專,女,105,0,0,0,0,0,0,0,0,0,0,0,0,0,0,0
113,2,公立,一般大學,0035,國立臺南藝術大學,五專,男,55,1,0,0,0,0,0,0,0,0,1,0,0,0,1,0
113,1,公立,一般大學,0036,國立臺南大學,學士班(日間),女,2219,55,51,49,0,0,1,0,1,0,4,0,0,2,2,0
113,1,公立,一般大學,0036,國立臺南大學,學士班(日間),男,1739,81,66,57,0,0,1,0,6,2,15,6,0,3,6,0
113,1,公立,一般大學,0036,國立臺南大學,博士班,女,96,4,4,0,0,0,0,0,4,0,0,0,0,0,0,0
113,1,公立,一般大學,0036,國立臺南大學,碩士在職專班,男,207,24,14,0,0,0,0,0,14,0,10,5,0,1,4,0
113,1,公立,一般大學,0036,國立臺南大學,學士班(進修),女,69,7,5,4,0,0,0,0,1,0,2,0,0,1,1,0
113,1,公立,一般大學,0036,國立臺南大學,學士班(進修),男,96,11,6,1,0,0,0,0,5,0,5,1,0,2,2,0
113,1,公立,一般大學,0036,國立臺南大學,博士班,男,50,3,1,0,0,0,0,0,1,0,2,1,0,0,1,0
113,1,公立,一般大學,0036,國立臺南大學,碩士班(日間),女,624,41,27,2,0,1,2,0,22,0,14,4,0,1,9,0
113,1,公立,一般大學,0036,國立臺南大學,碩士班(日間),男,424,50,32,6,0,0,2,0,24,0,18,9,0,1,8,0
113,1,公立,一般大學,0036,國立臺南大學,碩士在職專班,女,442,28,16,0,0,2,4,0,10,0,12,6,0,0,6,0
113,2,公立,一般大學,0036,國立臺南大學,學士班(日間),男,1739,29,21,16,0,0,2,0,2,1,8,4,0,0,4,0
113,2,公立,一般大學,0036,國立臺南大學,學士班(進修),男,96,3,1,1,0,0,0,0,0,0,2,1,0,0,1,0
113,2,公立,一般大學,0036,國立臺南大學,碩士班(日間),女,624,22,12,3,0,0,1,0,5,3,10,0,0,5,5,0
113,2,公立,一般大學,0036,國立臺南大學,碩士在職專班,女,442,18,9,0,0,1,0,0,4,4,9,0,0,5,4,0
113,2,公立,一般大學,0036,國立臺南大學,碩士在職專班,男,207,8,3,0,0,0,0,0,3,0,5,0,0,5,0,0
113,2,公立,一般大學,0036,國立臺南大學,學士班(日間),女,2219,19,12,11,0,0,0,0,0,1,7,0,0,1,6,0
113,2,公立,一般大學,0036,國立臺南大學,學士班(進修),女,69,1,1,0,0,0,0,0,1,0,0,0,0,0,0,0
113,2,公立,一般大學,0036,國立臺南大學,博士班,女,96,4,2,0,0,0,0,0,1,1,2,0,0,0,2,0
113,2,公立,一般大學,0036,國立臺南大學,博士班,男,50,2,0,0,0,0,0,0,0,0,2,0,0,1,1,0
113,2,公立,一般大學,0036,國立臺南大學,碩士班(日間),男,424,20,10,3,0,0,0,2,3,2,10,2,0,1,7,0
113,1,公立,一般大學,0037,國立臺北教育大學,學士班(日間),男,1100,36,27,25,0,0,1,0,1,0,9,1,0,8,0,0
113,1,公立,一般大學,0037,國立臺北教育大學,學士班(日間),女,2228,33,30,30,0,0,0,0,0,0,3,0,0,3,0,0
113,1,公立,一般大學,0037,國立臺北教育大學,博士班,女,89,3,1,0,0,0,1,0,0,0,2,0,0,2,0,0
113,1,公立,一般大學,0037,國立臺北教育大學,博士班,男,66,3,1,0,0,0,0,0,1,0,2,0,0,2,0,0
113,1,公立,一般大學,0037,國立臺北教育大學,碩士班(日間),女,1037,50,28,12,0,0,1,1,13,1,22,5,0,17,0,0
113,1,公立,一般大學,0037,國立臺北教育大學,碩士班(日間),男,429,34,13,3,0,0,0,0,8,2,21,2,0,19,0,0
113,1,公立,一般大學,0037,國立臺北教育大學,碩士在職專班,女,829,38,26,14,0,1,2,0,5,4,12,0,0,12,0,0
113,1,公立,一般大學,0037,國立臺北教育大學,碩士在職專班,男,261,17,15,6,0,1,1,2,3,2,2,0,0,2,0,0
113,2,公立,一般大學,0037,國立臺北教育大學,學士班(日間),女,2228,10,7,5,0,0,1,0,1,0,3,0,0,3,0,0
113,2,公立,一般大學,0037,國立臺北教育大學,博士班,男,66,2,1,0,0,0,1,0,0,0,1,0,0,1,0,0
113,2,公立,一般大學,0037,國立臺北教育大學,碩士班(日間),男,429,18,14,11,0,0,0,0,1,2,4,0,0,4,0,0
113,2,公立,一般大學,0037,國立臺北教育大學,碩士在職專班,女,829,26,17,4,0,0,0,0,2,11,9,1,0,8,0,0
113,2,公立,一般大學,0037,國立臺北教育大學,碩士在職專班,男,261,8,5,2,0,0,0,0,1,2,3,0,0,3,0,0
113,2,公立,一般大學,0037,國立臺北教育大學,學士班(日間),男,1100,16,4,4,0,0,0,0,0,0,12,1,0,11,0,0
113,2,公立,一般大學,0037,國立臺北教育大學,博士班,女,89,5,2,0,0,0,1,0,1,0,3,0,0,3,0,0
113,2,公立,一般大學,0037,國立臺北教育大學,碩士班(日間),女,1037,49,29,14,0,0,1,0,12,2,20,2,0,18,0,0
113,1,公立,一般大學,0039,國立臺中教育大學,學士班(日間),女,2145,46,31,29,0,0,0,1,1,0,15,1,0,4,10,0
113,1,公立,一般大學,0039,國立臺中教育大學,學士班(日間),男,1141,43,22,20,0,0,0,1,1,0,21,3,0,3,15,0
113,1,公立,一般大學,0039,國立臺中教育大學,博士班,女,76,1,0,0,0,0,0,0,0,0,1,0,0,0,1,0
113,1,公立,一般大學,0039,國立臺中教育大學,碩士在職專班,男,176,13,7,1,0,0,1,0,5,0,6,2,0,0,4,0
113,1,公立,一般大學,0039,國立臺中教育大學,博士班,男,35,1,0,0,0,0,0,0,0,0,1,1,0,0,0,0
113,1,公立,一般大學,0039,國立臺中教育大學,碩士班(日間),女,676,41,13,9,0,0,0,0,4,0,28,14,0,7,7,0
113,1,公立,一般大學,0039,國立臺中教育大學,碩士班(日間),男,281,28,12,8,0,0,0,0,4,0,16,4,0,2,10,0
113,1,公立,一般大學,0039,國立臺中教育大學,碩士在職專班,女,600,57,24,16,0,1,1,1,5,0,33,9,0,10,14,0
113,2,公立,一般大學,0039,國立臺中教育大學,博士班,男,35,2,0,0,0,0,0,0,0,0,2,1,0,1,0,0
113,2,公立,一般大學,0039,國立臺中教育大學,碩士班(日間),女,676,25,11,6,0,0,2,1,2,0,14,5,0,2,7,0
113,2,公立,一般大學,0039,國立臺中教育大學,碩士班(日間),男,281,9,6,5,0,0,0,0,1,0,3,0,0,1,2,0
113,2,公立,一般大學,0039,國立臺中教育大學,碩士在職專班,女,600,17,6,6,0,0,0,0,0,0,11,3,0,6,2,0
113,2,公立,一般大學,0039,國立臺中教育大學,學士班(日間),女,2145,19,9,9,0,0,0,0,0,0,10,3,0,2,5,0
113,2,公立,一般大學,0039,國立臺中教育大學,學士班(日間),男,1141,23,9,7,0,0,0,0,2,0,14,3,0,4,7,0
113,2,公立,一般大學,0039,國立臺中教育大學,博士班,女,76,1,0,0,0,0,0,0,0,0,1,0,0,1,0,0
113,2,公立,一般大學,0039,國立臺中教育大學,碩士在職專班,男,176,3,0,0,0,0,0,0,0,0,3,0,0,1,2,0
113,1,公立,技專校院,0042,國立澎湖科技大學,學士班(日間),女,740,26,11,10,0,0,0,1,0,0,15,1,0,1,13,0
113,1,公立,技專校院,0042,國立澎湖科技大學,學士班(進修),女,82,9,8,8,0,0,0,0,0,0,1,0,0,0,1,0
113,1,公立,技專校院,0042,國立澎湖科技大學,學士班(進修),男,98,7,4,4,0,0,0,0,0,0,3,0,0,0,3,0
113,1,公立,技專校院,0042,國立澎湖科技大學,五專,男,103,3,3,2,0,0,0,0,0,1,0,0,0,0,0,0
113,1,公立,技專校院,0042,國立澎湖科技大學,碩士班(日間),女,24,2,0,0,0,0,0,0,0,0,2,0,0,0,2,0
113,1,公立,技專校院,0042,國立澎湖科技大學,碩士班(日間),男,23,4,0,0,0,0,0,0,0,0,4,0,0,0,4,0
113,1,公立,技專校院,0042,國立澎湖科技大學,碩士在職專班,女,15,0,0,0,0,0,0,0,0,0,0,0,0,0,0,0
113,1,公立,技專校院,0042,國立澎湖科技大學,碩士在職專班,男,21,0,0,0,0,0,0,0,0,0,0,0,0,0,0,0
113,1,公立,技專校院,0042,國立澎湖科技大學,學士班(日間),男,1278,77,56,51,0,0,1,2,2,0,21,2,0,0,19,0
113,1,公立,技專校院,0042,國立澎湖科技大學,五專,女,4,2,2,2,0,0,0,0,0,0,0,0,0,0,0,0
113,2,公立,技專校院,0042,國立澎湖科技大學,學士班(日間),男,1278,36,21,20,0,0,0,0,0,1,15,0,0,1,14,0
113,2,公立,技專校院,0042,國立澎湖科技大學,五專,女,4,1,1,1,0,0,0,0,0,0,0,0,0,0,0,0
113,2,公立,技專校院,0042,國立澎湖科技大學,碩士班(日間),女,24,1,0,0,0,0,0,0,0,0,1,0,0,0,1,0
113,2,公立,技專校院,0042,國立澎湖科技大學,碩士在職專班,女,15,0,0,0,0,0,0,0,0,0,0,0,0,0,0,0
113,2,公立,技專校院,0042,國立澎湖科技大學,學士班(日間),女,740,7,4,3,0,0,0,0,0,1,3,0,0,0,3,0
113,2,公立,技專校院,0042,國立澎湖科技大學,學士班(進修),女,82,2,0,0,0,0,0,0,0,0,2,0,0,0,2,0
113,2,公立,技專校院,0042,國立澎湖科技大學,學士班(進修),男,98,9,2,2,0,0,0,0,0,0,7,0,0,5,2,0
113,2,公立,技專校院,0042,國立澎湖科技大學,五專,男,103,0,0,0,0,0,0,0,0,0,0,0,0,0,0,0
113,2,公立,技專校院,0042,國立澎湖科技大學,碩士班(日間),男,23,4,0,0,0,0,0,0,0,0,4,0,0,0,4,0
113,2,公立,技專校院,0042,國立澎湖科技大學,碩士在職專班,男,21,1,0,0,0,0,0,0,0,0,1,0,0,0,1,0
113,1,公立,技專校院,0043,國立勤益科技大學,二專(進修),男,160,28,8,6,0,0,0,0,2,0,20,0,5,0,14,1
113,1,公立,技專校院,0043,國立勤益科技大學,學士班(日間),男,5175,145,95,72,0,0,1,2,5,15,50,14,2,0,34,0
113,1,公立,技專校院,0043,國立勤益科技大學,博士班,女,10,0,0,0,0,0,0,0,0,0,0,0,0,0,0,0
113,1,公立,技專校院,0043,國立勤益科技大學,博士班,男,57,3,2,0,0,0,0,0,1,1,1,0,0,0,1,0
113,1,公立,技專校院,0043,國立勤益科技大學,碩士班(日間),女,192,19,3,1,0,0,1,0,0,1,16,1,0,0,15,0
113,1,公立,技專校院,0043,國立勤益科技大學,碩士在職專班,女,52,3,1,1,0,0,0,0,0,0,2,0,0,0,2,0
113,1,公立,技專校院,0043,國立勤益科技大學,二專(進修),女,54,11,2,2,0,0,0,0,0,0,9,0,1,1,7,0
113,1,公立,技專校院,0043,國立勤益科技大學,學士班(日間),女,2285,66,40,36,0,0,0,0,0,4,26,6,0,0,20,0
113,1,公立,技專校院,0043,國立勤益科技大學,學士班(進修),女,550,30,10,8,0,0,0,0,2,0,20,1,1,1,17,0
113,1,公立,技專校院,0043,國立勤益科技大學,學士班(進修),男,3230,198,81,66,0,0,3,0,10,2,117,19,15,4,77,2
113,1,公立,技專校院,0043,國立勤益科技大學,碩士班(日間),男,510,37,7,6,0,0,0,0,1,0,30,4,0,0,26,0
113,1,公立,技專校院,0043,國立勤益科技大學,碩士在職專班,男,235,12,3,0,0,0,1,0,2,0,9,2,0,0,7,0
113,2,公立,技專校院,0043,國立勤益科技大學,二專(進修),女,54,5,2,0,0,0,0,0,2,0,3,0,0,0,3,0
113,2,公立,技專校院,0043,國立勤益科技大學,二專(進修),男,160,26,2,2,0,0,0,0,0,0,24,6,0,1,17,0
113,2,公立,技專校院,0043,國立勤益科技大學,學士班(日間),女,2285,53,18,16,0,0,0,1,1,0,35,10,8,0,17,0
113,2,公立,技專校院,0043,國立勤益科技大學,學士班(日間),男,5175,163,23,20,0,0,0,1,2,0,140,59,12,0,69,0
113,2,公立,技專校院,0043,國立勤益科技大學,學士班(進修),男,3230,160,59,52,0,0,0,0,6,1,101,27,2,8,64,0
113,2,公立,技專校院,0043,國立勤益科技大學,博士班,男,57,1,0,0,0,0,0,0,0,0,1,1,0,0,0,0
113,2,公立,技專校院,0043,國立勤益科技大學,學士班(進修),女,550,27,11,7,0,0,1,0,2,1,16,1,1,0,14,0
113,2,公立,技專校院,0043,國立勤益科技大學,博士班,女,10,0,0,0,0,0,0,0,0,0,0,0,0,0,0,0
113,2,公立,技專校院,0043,國立勤益科技大學,碩士班(日間),女,192,8,2,1,0,0,0,0,0,1,6,1,0,0,5,0
113,2,公立,技專校院,0043,國立勤益科技大學,碩士班(日間),男,510,10,1,0,0,0,0,0,1,0,9,3,0,0,6,0
113,2,公立,技專校院,0043,國立勤益科技大學,碩士在職專班,女,52,3,0,0,0,0,0,0,0,0,3,0,0,0,3,0
113,2,公立,技專校院,0043,國立勤益科技大學,碩士在職專班,男,235,8,1,0,0,0,0,0,1,0,7,0,0,1,6,0
113,1,公立,一般大學,0044,國立體育大學,學士班(進修),女,23,1,0,0,0,0,0,0,0,0,1,0,0,0,1,0
113,1,公立,一般大學,0044,國立體育大學,博士班,男,95,6,4,0,0,0,0,0,4,0,2,1,0,1,0,0
113,1,公立,一般大學,0044,國立體育大學,碩士班(日間),女,148,17,2,0,0,0,0,0,2,0,15,2,0,2,11,0
113,1,公立,一般大學,0044,國立體育大學,碩士班(日間),男,212,23,2,1,0,0,0,0,1,0,21,5,0,3,13,0
113,1,公立,一般大學,0044,國立體育大學,碩士在職專班,女,107,7,1,1,0,0,0,0,0,0,6,2,0,1,3,0
113,1,公立,一般大學,0044,國立體育大學,學士班(日間),女,765,27,11,10,0,0,0,0,1,0,16,2,0,5,9,0
113,1,公立,一般大學,0044,國立體育大學,學士班(日間),男,1196,48,13,11,0,0,0,0,2,0,35,2,0,9,24,0
113,1,公立,一般大學,0044,國立體育大學,學士班(進修),男,55,6,1,0,0,0,0,0,1,0,5,0,0,2,3,0
113,1,公立,一般大學,0044,國立體育大學,博士班,女,46,3,2,0,0,0,1,0,1,0,1,0,0,0,1,0
113,1,公立,一般大學,0044,國立體育大學,碩士在職專班,男,135,12,4,1,0,0,0,0,3,0,8,0,0,3,5,0
113,2,公立,一般大學,0044,國立體育大學,學士班(日間),女,765,17,7,5,0,0,0,0,2,0,10,1,0,1,8,0
113,2,公立,一般大學,0044,國立體育大學,學士班(日間),男,1196,27,10,4,0,0,0,0,5,1,17,0,0,8,9,0
113,2,公立,一般大學,0044,國立體育大學,博士班,女,46,1,1,0,0,0,0,0,1,0,0,0,0,0,0,0
113,2,公立,一般大學,0044,國立體育大學,碩士在職專班,男,135,6,0,0,0,0,0,0,0,0,6,1,0,4,1,0
113,2,公立,一般大學,0044,國立體育大學,學士班(進修),女,23,0,0,0,0,0,0,0,0,0,0,0,0,0,0,0
113,2,公立,一般大學,0044,國立體育大學,學士班(進修),男,55,3,0,0,0,0,0,0,0,0,3,0,0,2,1,0
113,2,公立,一般大學,0044,國立體育大學,博士班,男,95,2,0,0,0,0,0,0,0,0,2,0,0,0,2,0
113,2,公立,一般大學,0044,國立體育大學,碩士班(日間),女,148,3,0,0,0,0,0,0,0,0,3,1,0,1,1,0
113,2,公立,一般大學,0044,國立體育大學,碩士班(日間),男,212,8,1,0,0,0,0,0,1,0,7,1,0,3,3,0
113,2,公立,一般大學,0044,國立體育大學,碩士在職專班,女,107,2,0,0,0,0,0,0,0,0,2,0,0,0,2,0
113,1,公立,技專校院,0046,國立臺北護理健康大學,學士班(日間),女,2933,67,41,39,0,0,0,1,0,1,26,0,0,4,22,0
113,1,公立,技專校院,0046,國立臺北護理健康大學,學士班(日間),男,809,21,8,7,0,0,0,0,1,0,13,0,0,2,11,0
113,1,公立,技專校院,0046,國立臺北護理健康大學,博士班,女,64,3,0,0,0,0,0,0,0,0,3,0,0,1,2,0
113,1,公立,技專校院,0046,國立臺北護理健康大學,博士班,男,10,0,0,0,0,0,0,0,0,0,0,0,0,0,0,0
113,1,公立,技專校院,0046,國立臺北護理健康大學,學士班(進修),女,582,22,5,1,0,0,0,0,4,0,17,0,0,3,14,0
113,1,公立,技專校院,0046,國立臺北護理健康大學,學士班(進修),男,60,2,0,0,0,0,0,0,0,0,2,0,0,2,0,0
113,1,公立,技專校院,0046,國立臺北護理健康大學,碩士班(日間),女,462,18,6,1,1,0,1,0,0,3,12,0,0,5,7,0
113,1,公立,技專校院,0046,國立臺北護理健康大學,碩士班(日間),男,99,6,2,1,0,0,0,0,0,1,4,0,0,2,2,0
113,1,公立,技專校院,0046,國立臺北護理健康大學,碩士在職專班,女,151,13,5,1,0,0,0,0,3,1,8,0,0,1,7,0
113,1,公立,技專校院,0046,國立臺北護理健康大學,碩士在職專班,男,31,3,1,0,0,0,0,0,0,1,2,0,0,1,1,0
113,2,公立,技專校院,0046,國立臺北護理健康大學,學士班(日間),女,2933,38,24,20,0,0,1,0,3,0,14,1,0,3,10,0
113,2,公立,技專校院,0046,國立臺北護理健康大學,學士班(進修),女,582,10,1,0,0,1,0,0,0,0,9,0,0,1,8,0
113,2,公立,技專校院,0046,國立臺北護理健康大學,學士班(進修),男,60,0,0,0,0,0,0,0,0,0,0,0,0,0,0,0
113,2,公立,技專校院,0046,國立臺北護理健康大學,博士班,女,64,0,0,0,0,0,0,0,0,0,0,0,0,0,0,0
113,2,公立,技專校院,0046,國立臺北護理健康大學,碩士班(日間),男,99,3,0,0,0,0,0,0,0,0,3,0,0,1,2,0
113,2,公立,技專校院,0046,國立臺北護理健康大學,碩士在職專班,男,31,2,0,0,0,0,0,0,0,0,2,0,0,1,1,0
113,2,公立,技專校院,0046,國立臺北護理健康大學,學士班(日間),男,809,17,8,6,0,0,0,0,1,1,9,3,0,1,5,0
113,2,公立,技專校院,0046,國立臺北護理健康大學,博士班,男,10,0,0,0,0,0,0,0,0,0,0,0,0,0,0,0
113,2,公立,技專校院,0046,國立臺北護理健康大學,碩士班(日間),女,462,13,2,0,0,0,0,0,1,1,11,3,0,1,7,0
113,2,公立,技專校院,0046,國立臺北護理健康大學,碩士在職專班,女,151,4,3,0,0,0,1,0,2,0,1,0,0,0,1,0
113,1,公立,技專校院,0047,國立高雄餐旅大學,學士班(進修),男,348,11,5,5,0,0,0,0,0,0,6,0,2,1,3,0
113,1,公立,技專校院,0047,國立高雄餐旅大學,博士班,女,19,0,0,0,0,0,0,0,0,0,0,0,0,0,0,0
113,1,公立,技專校院,0047,國立高雄餐旅大學,博士班,男,20,0,0,0,0,0,0,0,0,0,0,0,0,0,0,0
113,1,公立,技專校院,0047,國立高雄餐旅大學,碩士班(日間),女,82,11,3,1,0,0,0,0,2,0,8,1,0,1,6,0
113,1,公立,技專校院,0047,國立高雄餐旅大學,碩士在職專班,女,12,2,0,0,0,0,0,0,0,0,2,0,0,0,2,0
113,1,公立,技專校院,0047,國立高雄餐旅大學,碩士在職專班,男,10,1,1,0,0,0,0,0,0,1,0,0,0,0,0,0
113,1,公立,技專校院,0047,國立高雄餐旅大學,學士班(日間),女,1838,34,22,21,0,0,1,0,0,0,12,2,0,1,9,0
113,1,公立,技專校院,0047,國立高雄餐旅大學,學士班(日間),男,934,24,11,11,0,0,0,0,0,0,13,3,0,0,10,0
113,1,公立,技專校院,0047,國立高雄餐旅大學,學士班(進修),女,541,14,7,6,0,0,0,0,1,0,7,0,0,2,5,0
113,1,公立,技專校院,0047,國立高雄餐旅大學,五專,女,155,4,3,3,0,0,0,0,0,0,1,1,0,0,0,0
113,1,公立,技專校院,0047,國立高雄餐旅大學,五專,男,94,2,1,1,0,0,0,0,0,0,1,0,0,0,1,0
113,1,公立,技專校院,0047,國立高雄餐旅大學,碩士班(日間),男,48,9,2,2,0,0,0,0,0,0,7,1,0,1,5,0
113,2,公立,技專校院,0047,國立高雄餐旅大學,學士班(日間),女,1838,10,6,5,0,0,0,1,0,0,4,0,0,0,4,0
113,2,公立,技專校院,0047,國立高雄餐旅大學,學士班(日間),男,934,6,3,3,0,0,0,0,0,0,3,0,1,0,2,0
113,2,公立,技專校院,0047,國立高雄餐旅大學,五專,女,155,1,1,0,0,0,1,0,0,0,0,0,0,0,0,0
113,2,公立,技專校院,0047,國立高雄餐旅大學,五專,男,94,0,0,0,0,0,0,0,0,0,0,0,0,0,0,0
113,2,公立,技專校院,0047,國立高雄餐旅大學,博士班,男,20,0,0,0,0,0,0,0,0,0,0,0,0,0,0,0
113,2,公立,技專校院,0047,國立高雄餐旅大學,學士班(進修),女,541,5,0,0,0,0,0,0,0,0,5,0,0,0,5,0
113,2,公立,技專校院,0047,國立高雄餐旅大學,學士班(進修),男,348,2,1,0,0,0,0,0,0,1,1,0,0,0,1,0
113,2,公立,技專校院,0047,國立高雄餐旅大學,博士班,女,19,1,0,0,0,0,0,0,0,0,1,0,0,0,0,1
113,2,公立,技專校院,0047,國立高雄餐旅大學,碩士班(日間),女,82,5,2,1,0,0,0,0,1,0,3,0,0,2,1,0
113,2,公立,技專校院,0047,國立高雄餐旅大學,碩士班(日間),男,48,1,0,0,0,0,0,0,0,0,1,0,0,1,0,0
113,2,公立,技專校院,0047,國立高雄餐旅大學,碩士在職專班,女,12,0,0,0,0,0,0,0,0,0,0,0,0,0,0,0
113,2,公立,技專校院,0047,國立高雄餐旅大學,碩士在職專班,男,10,1,0,0,0,0,0,0,0,0,1,0,0,0,1,0
113,1,公立,一般大學,0048,國立金門大學,學士班(日間),男,1520,86,50,48,0,0,0,1,1,0,36,18,0,6,12,0
113,1,公立,一般大學,0048,國立金門大學,博士班,女,4,0,0,0,0,0,0,0,0,0,0,0,0,0,0,0
113,1,公立,一般大學,0048,國立金門大學,碩士班(日間),女,87,6,0,0,0,0,0,0,0,0,6,0,0,6,0,0
113,1,公立,一般大學,0048,國立金門大學,碩士在職專班,女,32,3,2,1,0,0,0,0,1,0,1,1,0,0,0,0
113,1,公立,一般大學,0048,國立金門大學,學士班(日間),女,1343,78,64,63,0,0,0,1,0,0,14,4,0,4,6,0
113,1,公立,一般大學,0048,國立金門大學,學士班(進修),女,288,23,5,3,0,1,0,0,1,0,18,2,0,10,6,0
113,1,公立,一般大學,0048,國立金門大學,學士班(進修),男,355,35,5,3,0,0,0,0,2,0,30,4,0,13,13,0
113,1,公立,一般大學,0048,國立金門大學,博士班,男,5,0,0,0,0,0,0,0,0,0,0,0,0,0,0,0
113,1,公立,一般大學,0048,國立金門大學,碩士班(日間),男,126,4,0,0,0,0,0,0,0,0,4,0,0,3,1,0
113,1,公立,一般大學,0048,國立金門大學,碩士在職專班,男,63,13,0,0,0,0,0,0,0,0,13,4,0,4,5,0
113,2,公立,一般大學,0048,國立金門大學,學士班(日間),女,1343,35,24,21,0,0,1,1,0,1,11,1,0,1,9,0
113,2,公立,一般大學,0048,國立金門大學,學士班(日間),男,1520,34,25,21,0,0,0,3,0,1,9,1,0,1,7,0
113,2,公立,一般大學,0048,國立金門大學,學士班(進修),男,355,22,0,0,0,0,0,0,0,0,22,0,0,13,9,0
113,2,公立,一般大學,0048,國立金門大學,博士班,男,5,0,0,0,0,0,0,0,0,0,0,0,0,0,0,0
113,2,公立,一般大學,0048,國立金門大學,碩士班(日間),男,126,3,0,0,0,0,0,0,0,0,3,0,0,1,2,0
113,2,公立,一般大學,0048,國立金門大學,學士班(進修),女,288,13,2,2,0,0,0,0,0,0,11,0,0,5,6,0
113,2,公立,一般大學,0048,國立金門大學,博士班,女,4,0,0,0,0,0,0,0,0,0,0,0,0,0,0,0
113,2,公立,一般大學,0048,國立金門大學,碩士班(日間),女,87,3,1,1,0,0,0,0,0,0,2,0,0,1,1,0
113,2,公立,一般大學,0048,國立金門大學,碩士在職專班,女,32,0,0,0,0,0,0,0,0,0,0,0,0,0,0,0
113,2,公立,一般大學,0048,國立金門大學,碩士在職專班,男,63,5,0,0,0,0,0,0,0,0,5,0,0,2,3,0
113,1,公立,一般大學,0049,國立臺灣體育運動大學,學士班(日間),女,919,37,16,14,0,0,0,2,0,0,21,3,0,6,12,0
113,1,公立,一般大學,0049,國立臺灣體育運動大學,學士班(日間),男,1419,81,30,27,0,0,0,0,3,0,51,16,0,10,25,0
113,1,公立,一般大學,0049,國立臺灣體育運動大學,學士班(進修),女,94,12,3,3,0,0,0,0,0,0,9,1,0,0,8,0
113,1,公立,一般大學,0049,國立臺灣體育運動大學,學士班(進修),男,229,33,12,11,0,0,0,1,0,0,21,9,0,4,8,0
113,1,公立,一般大學,0049,國立臺灣體育運動大學,博士班,女,11,0,0,0,0,0,0,0,0,0,0,0,0,0,0,0
113,1,公立,一般大學,0049,國立臺灣體育運動大學,博士班,男,12,1,0,0,0,0,0,0,0,0,1,0,0,1,0,0
113,1,公立,一般大學,0049,國立臺灣體育運動大學,碩士班(日間),女,134,13,0,0,0,0,0,0,0,0,13,1,0,2,10,0
113,1,公立,一般大學,0049,國立臺灣體育運動大學,碩士班(日間),男,144,12,1,1,0,0,0,0,0,0,11,3,0,4,4,0
113,1,公立,一般大學,0049,國立臺灣體育運動大學,碩士在職專班,女,50,4,2,0,0,0,0,0,2,0,2,1,0,1,0,0
113,1,公立,一般大學,0049,國立臺灣體育運動大學,碩士在職專班,男,78,5,0,0,0,0,0,0,0,0,5,1,0,1,3,0
113,2,公立,一般大學,0049,國立臺灣體育運動大學,學士班(日間),女,919,18,7,6,0,0,0,1,0,0,11,2,0,0,9,0
113,2,公立,一般大學,0049,國立臺灣體育運動大學,學士班(進修),女,94,2,0,0,0,0,0,0,0,0,2,0,0,1,1,0
113,2,公立,一般大學,0049,國立臺灣體育運動大學,學士班(進修),男,229,32,5,5,0,0,0,0,0,0,27,14,0,6,7,0
113,2,公立,一般大學,0049,國立臺灣體育運動大學,博士班,女,11,0,0,0,0,0,0,0,0,0,0,0,0,0,0,0
113,2,公立,一般大學,0049,國立臺灣體育運動大學,碩士班(日間),女,134,5,0,0,0,0,0,0,0,0,5,1,0,1,3,0
113,2,公立,一般大學,0049,國立臺灣體育運動大學,碩士班(日間),男,144,11,2,0,0,0,0,1,1,0,9,0,0,1,8,0
113,2,公立,一般大學,0049,國立臺灣體育運動大學,碩士在職專班,男,78,2,0,0,0,0,0,0,0,0,2,0,0,1,1,0
113,2,公立,一般大學,0049,國立臺灣體育運動大學,學士班(日間),男,1419,55,13,10,0,0,0,2,1,0,42,20,0,4,18,0
113,2,公立,一般大學,0049,國立臺灣體育運動大學,博士班,男,12,0,0,0,0,0,0,0,0,0,0,0,0,0,0,0
113,2,公立,一般大學,0049,國立臺灣體育運動大學,碩士在職專班,女,50,2,0,0,0,0,0,0,0,0,2,0,0,1,1,0
113,1,公立,技專校院,0050,國立臺中科技大學,二專(進修),女,341,91,30,18,0,0,1,0,11,0,61,4,0,17,40,0
113,1,公立,技專校院,0050,國立臺中科技大學,二專(進修),男,209,73,25,15,0,0,0,1,9,0,48,6,0,14,28,0
113,1,公立,技專校院,0050,國立臺中科技大學,學士班(日間),女,4726,95,48,45,0,0,1,1,1,0,47,2,4,3,38,0
113,1,公立,技專校院,0050,國立臺中科技大學,學士班(日間),男,2415,58,25,25,0,0,0,0,0,0,33,6,1,5,21,0
113,1,公立,技專校院,0050,國立臺中科技大學,五專,男,1108,61,30,29,0,0,1,0,0,0,31,8,0,2,21,0
113,1,公立,技專校院,0050,國立臺中科技大學,博士班,女,3,0,0,0,0,0,0,0,0,0,0,0,0,0,0,0
113,1,公立,技專校院,0050,國立臺中科技大學,碩士在職專班,男,122,8,1,0,0,0,0,0,1,0,7,1,0,0,6,0
113,1,公立,技專校院,0050,國立臺中科技大學,學士班(進修),女,2344,214,66,42,0,0,5,2,17,0,148,12,0,89,47,0
113,1,公立,技專校院,0050,國立臺中科技大學,學士班(進修),男,1317,114,37,31,0,0,2,0,4,0,77,18,0,45,14,0
113,1,公立,技專校院,0050,國立臺中科技大學,五專,女,2606,101,49,49,0,0,0,0,0,0,52,7,3,5,37,0
113,1,公立,技專校院,0050,國立臺中科技大學,博士班,男,5,0,0,0,0,0,0,0,0,0,0,0,0,0,0,0
113,1,公立,技專校院,0050,國立臺中科技大學,碩士班(日間),女,252,24,4,1,0,0,0,0,2,1,20,0,0,1,19,0
113,1,公立,技專校院,0050,國立臺中科技大學,碩士班(日間),男,147,5,0,0,0,0,0,0,0,0,5,0,0,1,4,0
113,1,公立,技專校院,0050,國立臺中科技大學,碩士在職專班,女,167,5,0,0,0,0,0,0,0,0,5,0,0,1,4,0
113,2,公立,技專校院,0050,國立臺中科技大學,二專(進修),男,209,19,2,0,0,0,1,0,1,0,17,3,0,7,7,0
113,2,公立,技專校院,0050,國立臺中科技大學,學士班(日間),男,2415,34,5,4,0,0,0,0,0,1,29,9,1,2,17,0
113,2,公立,技專校院,0050,國立臺中科技大學,學士班(進修),女,2344,113,33,19,0,0,2,1,11,0,80,17,0,40,23,0
113,2,公立,技專校院,0050,國立臺中科技大學,學士班(進修),男,1317,80,15,9,0,0,0,0,5,1,65,14,0,41,10,0
113,2,公立,技專校院,0050,國立臺中科技大學,五專,女,2606,38,18,15,0,0,2,1,0,0,20,9,1,0,10,0
113,2,公立,技專校院,0050,國立臺中科技大學,博士班,男,5,0,0,0,0,0,0,0,0,0,0,0,0,0,0,0
113,2,公立,技專校院,0050,國立臺中科技大學,碩士班(日間),女,252,12,3,1,0,0,1,0,1,0,9,2,0,0,7,0
113,2,公立,技專校院,0050,國立臺中科技大學,碩士班(日間),男,147,5,1,1,0,0,0,0,0,0,4,1,0,0,3,0
113,2,公立,技專校院,0050,國立臺中科技大學,碩士在職專班,女,167,5,2,0,0,0,1,0,0,1,3,3,0,0,0,0
113,2,公立,技專校院,0050,國立臺中科技大學,二專(進修),女,341,24,8,7,0,0,0,0,1,0,16,2,0,6,8,0
113,2,公立,技專校院,0050,國立臺中科技大學,學士班(日間),女,4726,59,17,15,0,0,0,1,1,0,42,9,2,3,28,0
113,2,公立,技專校院,0050,國立臺中科技大學,五專,男,1108,26,6,6,0,0,0,0,0,0,20,10,1,1,8,0
113,2,公立,技專校院,0050,國立臺中科技大學,博士班,女,3,0,0,0,0,0,0,0,0,0,0,0,0,0,0,0
113,2,公立,技專校院,0050,國立臺中科技大學,碩士在職專班,男,122,4,0,0,0,0,0,0,0,0,4,3,0,0,1,0
113,1,公立,技專校院,0051,國立臺北商業大學,二專(進修),女,44,11,3,2,0,0,0,0,1,0,8,0,0,1,7,0
113,1,公立,技專校院,0051,國立臺北商業大學,學士班(日間),女,1982,32,21,19,0,0,0,2,0,0,11,2,0,2,7,0
113,1,公立,技專校院,0051,國立臺北商業大學,學士班(進修),女,1069,59,20,16,0,0,1,0,3,0,39,4,0,5,30,0
113,1,公立,技專校院,0051,國立臺北商業大學,學士班(進修),男,604,36,10,8,0,0,0,0,2,0,26,3,0,7,16,0
113,1,公立,技專校院,0051,國立臺北商業大學,五專,女,1257,51,38,38,0,0,0,0,0,0,13,4,1,2,6,0
113,1,公立,技專校院,0051,國立臺北商業大學,碩士班(日間),男,116,12,8,5,0,0,0,0,3,0,4,0,0,1,3,0
113,1,公立,技專校院,0051,國立臺北商業大學,碩士在職專班,男,63,0,0,0,0,0,0,0,0,0,0,0,0,0,0,0
113,1,公立,技專校院,0051,國立臺北商業大學,二專(進修),男,36,11,1,0,0,0,1,0,0,0,10,3,0,0,7,0
113,1,公立,技專校院,0051,國立臺北商業大學,學士班(日間),男,960,32,24,20,0,0,0,0,4,0,8,1,0,0,7,0
113,1,公立,技專校院,0051,國立臺北商業大學,五專,男,514,25,18,18,0,0,0,0,0,0,7,2,0,0,5,0
113,1,公立,技專校院,0051,國立臺北商業大學,博士班,女,2,0,0,0,0,0,0,0,0,0,0,0,0,0,0,0
113,1,公立,技專校院,0051,國立臺北商業大學,博士班,男,10,1,1,0,0,0,0,0,1,0,0,0,0,0,0,0
113,1,公立,技專校院,0051,國立臺北商業大學,碩士班(日間),女,198,8,4,3,0,0,0,0,1,0,4,0,0,1,3,0
113,1,公立,技專校院,0051,國立臺北商業大學,碩士在職專班,女,93,1,0,0,0,0,0,0,0,0,1,1,0,0,0,0
113,2,公立,技專校院,0051,國立臺北商業大學,二專(進修),男,36,7,1,1,0,0,0,0,0,0,6,1,0,0,5,0
113,2,公立,技專校院,0051,國立臺北商業大學,學士班(日間),男,960,17,9,9,0,0,0,0,0,0,8,4,0,1,3,0
113,2,公立,技專校院,0051,國立臺北商業大學,五專,男,514,9,4,4,0,0,0,0,0,0,5,4,0,1,0,0
113,2,公立,技專校院,0051,國立臺北商業大學,博士班,女,2,0,0,0,0,0,0,0,0,0,0,0,0,0,0,0
113,2,公立,技專校院,0051,國立臺北商業大學,博士班,男,10,0,0,0,0,0,0,0,0,0,0,0,0,0,0,0
113,2,公立,技專校院,0051,國立臺北商業大學,碩士班(日間),女,198,3,1,1,0,0,0,0,0,0,2,0,0,0,2,0
113,2,公立,技專校院,0051,國立臺北商業大學,碩士在職專班,女,93,2,1,0,0,0,0,0,1,0,1,0,0,0,1,0
113,2,公立,技專校院,0051,國立臺北商業大學,二專(進修),女,44,3,0,0,0,0,0,0,0,0,3,1,0,0,2,0
113,2,公立,技專校院,0051,國立臺北商業大學,學士班(日間),女,1982,24,18,15,0,0,0,0,3,0,6,2,0,0,4,0
113,2,公立,技專校院,0051,國立臺北商業大學,學士班(進修),女,1069,28,11,9,0,1,0,0,1,0,17,3,0,2,12,0
113,2,公立,技專校院,0051,國立臺北商業大學,學士班(進修),男,604,27,11,9,0,0,0,0,2,0,16,3,0,4,9,0
113,2,公立,技專校院,0051,國立臺北商業大學,五專,女,1257,18,10,9,0,0,1,0,0,0,8,4,2,0,2,0
113,2,公立,技專校院,0051,國立臺北商業大學,碩士班(日間),男,116,7,1,0,0,0,1,0,0,0,6,2,0,2,2,0
113,2,公立,技專校院,0051,國立臺北商業大學,碩士在職專班,男,63,1,0,0,0,0,0,0,0,0,1,0,0,1,0,0
113,1,公立,一般大學,0052,國立屏東大學,學士班(日間),女,3648,83,45,42,0,0,1,0,2,0,38,3,0,5,30,0
113,1,公立,一般大學,0052,國立屏東大學,學士班(進修),女,239,15,6,4,0,0,0,0,2,0,9,0,0,4,5,0
113,1,公立,一般大學,0052,國立屏東大學,博士班,女,25,0,0,0,0,0,0,0,0,0,0,0,0,0,0,0
113,1,公立,一般大學,0052,國立屏東大學,碩士班(日間),男,334,34,5,1,0,0,1,0,3,0,29,3,0,5,21,0
113,1,公立,一般大學,0052,國立屏東大學,碩士在職專班,男,209,12,0,0,0,0,0,0,0,0,12,3,0,2,7,0
113,1,公立,一般大學,0052,國立屏東大學,學士班(日間),男,2949,122,55,53,0,0,0,1,1,0,67,3,0,20,44,0
113,1,公立,一般大學,0052,國立屏東大學,學士班(進修),男,245,22,7,6,0,0,0,0,1,0,15,0,0,6,9,0
113,1,公立,一般大學,0052,國立屏東大學,博士班,男,22,0,0,0,0,0,0,0,0,0,0,0,0,0,0,0
113,1,公立,一般大學,0052,國立屏東大學,碩士班(日間),女,583,58,9,2,0,0,1,1,5,0,49,6,0,8,35,0
113,1,公立,一般大學,0052,國立屏東大學,碩士在職專班,女,486,35,7,4,0,0,1,0,1,1,28,7,0,7,14,0
113,2,公立,一般大學,0052,國立屏東大學,學士班(進修),女,239,10,3,3,0,0,0,0,0,0,7,0,0,1,6,0
113,2,公立,一般大學,0052,國立屏東大學,學士班(進修),男,245,8,1,1,0,0,0,0,0,0,7,0,0,5,2,0
113,2,公立,一般大學,0052,國立屏東大學,博士班,男,22,0,0,0,0,0,0,0,0,0,0,0,0,0,0,0
113,2,公立,一般大學,0052,國立屏東大學,碩士班(日間),女,583,20,5,1,0,0,1,0,3,0,15,0,0,5,10,0
113,2,公立,一般大學,0052,國立屏東大學,碩士在職專班,女,486,16,2,1,0,0,0,0,1,0,14,1,0,4,9,0
113,2,公立,一般大學,0052,國立屏東大學,碩士在職專班,男,209,16,4,1,0,0,0,1,2,0,12,1,0,5,6,0
113,2,公立,一般大學,0052,國立屏東大學,學士班(日間),女,3648,35,11,9,1,0,0,1,0,0,24,0,0,12,12,0
113,2,公立,一般大學,0052,國立屏東大學,學士班(日間),男,2949,42,20,18,0,0,0,0,2,0,22,1,0,12,9,0
113,2,公立,一般大學,0052,國立屏東大學,博士班,女,25,0,0,0,0,0,0,0,0,0,0,0,0,0,0,0
113,2,公立,一般大學,0052,國立屏東大學,碩士班(日間),男,334,13,2,1,0,0,0,0,1,0,11,1,0,4,6,0
113,1,公立,技專校院,0053,國立高雄科技大學,學士班(進修),女,1206,86,35,24,0,0,1,2,8,0,51,0,0,20,31,0
113,1,公立,技專校院,0053,國立高雄科技大學,學士班(進修),男,2472,184,70,46,0,0,1,3,17,3,114,3,0,40,71,0
113,1,公立,技專校院,0053,國立高雄科技大學,博士班,男,411,27,8,5,0,0,0,0,2,1,19,1,0,7,11,0
113,1,公立,技專校院,0053,國立高雄科技大學,碩士班(日間),女,792,54,29,14,0,0,0,3,11,1,25,2,0,8,15,0
113,1,公立,技專校院,0053,國立高雄科技大學,碩士在職專班,女,731,48,16,9,0,0,2,0,5,0,32,0,0,15,17,0
113,1,公立,技專校院,0053,國立高雄科技大學,碩士在職專班,男,1225,125,35,16,0,1,0,1,17,0,90,1,0,40,49,0
113,1,公立,技專校院,0053,國立高雄科技大學,學士班(日間),女,6657,144,95,86,0,0,2,0,7,0,49,3,0,3,43,0
113,1,公立,技專校院,0053,國立高雄科技大學,學士班(日間),男,11116,275,147,121,0,0,3,3,19,1,128,18,0,15,95,0
113,1,公立,技專校院,0053,國立高雄科技大學,五專,女,154,2,1,1,0,0,0,0,0,0,1,0,0,0,1,0
113,1,公立,技專校院,0053,國立高雄科技大學,五專,男,699,19,11,9,0,0,0,0,2,0,8,0,0,1,7,0
113,1,公立,技專校院,0053,國立高雄科技大學,博士班,女,157,6,2,1,0,0,0,0,1,0,4,0,0,0,4,0
113,1,公立,技專校院,0053,國立高雄科技大學,碩士班(日間),男,1774,82,29,16,0,0,0,1,11,1,53,1,0,28,24,0
113,2,公立,技專校院,0053,國立高雄科技大學,學士班(日間),女,6657,56,21,20,0,0,1,0,0,0,35,5,0,3,27,0
113,2,公立,技專校院,0053,國立高雄科技大學,學士班(日間),男,11116,185,66,58,0,0,1,0,6,1,119,40,0,15,64,0
113,2,公立,技專校院,0053,國立高雄科技大學,五專,女,154,2,0,0,0,0,0,0,0,0,2,1,0,0,1,0
113,2,公立,技專校院,0053,國立高雄科技大學,博士班,女,157,5,1,1,0,0,0,0,0,0,4,2,0,1,1,0
113,2,公立,技專校院,0053,國立高雄科技大學,博士班,男,411,18,6,3,0,0,0,0,3,0,12,1,0,4,7,0
113,2,公立,技專校院,0053,國立高雄科技大學,學士班(進修),女,1206,57,16,6,0,1,2,1,6,0,41,2,0,8,31,0
113,2,公立,技專校院,0053,國立高雄科技大學,學士班(進修),男,2472,123,26,15,0,0,1,0,10,0,97,12,0,20,65,0
113,2,公立,技專校院,0053,國立高雄科技大學,五專,男,699,12,7,5,0,0,0,0,2,0,5,1,0,0,4,0
113,2,公立,技專校院,0053,國立高雄科技大學,碩士班(日間),女,792,31,10,5,0,0,0,2,3,0,21,5,0,4,12,0
113,2,公立,技專校院,0053,國立高雄科技大學,碩士班(日間),男,1774,42,16,10,0,0,0,0,5,1,26,5,0,4,17,0
113,2,公立,技專校院,0053,國立高雄科技大學,碩士在職專班,女,731,35,13,3,0,1,2,0,6,1,22,2,0,5,15,0
113,2,公立,技專校院,0053,國立高雄科技大學,碩士在職專班,男,1225,78,24,5,0,0,1,2,15,1,54,10,0,20,24,0
113,1,公立,技專校院,0144,國立臺灣戲曲學院,學士班(日間),女,279,29,21,20,0,0,1,0,0,0,8,1,0,4,3,0
113,1,公立,技專校院,0144,國立臺灣戲曲學院,學士班(日間),男,170,10,4,4,0,0,0,0,0,0,6,2,0,2,2,0
113,2,公立,技專校院,0144,國立臺灣戲曲學院,學士班(日間),女,279,10,4,4,0,0,0,0,0,0,6,2,0,3,1,0
113,2,公立,技專校院,0144,國立臺灣戲曲學院,學士班(日間),男,170,6,2,2,0,0,0,0,0,0,4,1,0,2,1,0
113,1,公立,技專校院,0221,國立臺南護理專科學校,二專(日間),女,40,3,1,1,0,0,0,0,0,0,2,0,1,0,1,0
113,1,公立,技專校院,0221,國立臺南護理專科學校,二專(日間),男,3,0,0,0,0,0,0,0,0,0,0,0,0,0,0,0
113,1,公立,技專校院,0221,國立臺南護理專科學校,二專(進修),男,10,0,0,0,0,0,0,0,0,0,0,0,0,0,0,0
113,1,公立,技專校院,0221,國立臺南護理專科學校,五專,女,1706,32,25,25,0,0,0,0,0,0,7,0,0,1,6,0
113,1,公立,技專校院,0221,國立臺南護理專科學校,二專(進修),女,32,0,0,0,0,0,0,0,0,0,0,0,0,0,0,0
113,1,公立,技專校院,0221,國立臺南護理專科學校,五專,男,201,4,4,4,0,0,0,0,0,0,0,0,0,0,0,0
113,2,公立,技專校院,0221,國立臺南護理專科學校,二專(日間),男,3,0,0,0,0,0,0,0,0,0,0,0,0,0,0,0
113,2,公立,技專校院,0221,國立臺南護理專科學校,二專(進修),女,32,1,0,0,0,0,0,0,0,0,1,0,0,0,1,0
113,2,公立,技專校院,0221,國立臺南護理專科學校,五專,女,1706,31,21,21,0,0,0,0,0,0,10,0,0,0,10,0
113,2,公立,技專校院,0221,國立臺南護理專科學校,五專,男,201,8,5,5,0,0,0,0,0,0,3,0,1,0,2,0
113,2,公立,技專校院,0221,國立臺南護理專科學校,二專(日間),女,40,2,0,0,0,0,0,0,0,0,2,0,1,0,1,0
113,2,公立,技專校院,0221,國立臺南護理專科學校,二專(進修),男,10,2,1,1,0,0,0,0,0,0,1,0,0,0,1,0
113,1,公立,技專校院,0222,國立臺東專科學校,二專(日間),女,91,20,10,9,0,0,0,0,1,0,10,0,0,3,7,0
113,1,公立,技專校院,0222,國立臺東專科學校,二專(日間),男,267,41,17,13,0,0,1,0,3,0,24,1,2,6,15,0
113,1,公立,技專校院,0222,國立臺東專科學校,二專(進修),男,46,4,1,1,0,0,0,0,0,0,3,0,0,0,3,0
113,1,公立,技專校院,0222,國立臺東專科學校,五專,男,80,13,6,5,0,0,0,1,0,0,7,1,0,1,5,0
113,1,公立,技專校院,0222,國立臺東專科學校,二專(進修),女,34,0,0,0,0,0,0,0,0,0,0,0,0,0,0,0
113,1,公立,技專校院,0222,國立臺東專科學校,五專,女,79,12,6,5,0,0,0,0,1,0,6,0,0,0,6,0
113,2,公立,技專校院,0222,國立臺東專科學校,二專(日間),女,91,5,0,0,0,0,0,0,0,0,5,1,1,0,3,0
113,2,公立,技專校院,0222,國立臺東專科學校,二專(進修),女,34,1,0,0,0,0,0,0,0,0,1,1,0,0,0,0
113,2,公立,技專校院,0222,國立臺東專科學校,二專(進修),男,46,2,0,0,0,0,0,0,0,0,2,0,0,1,1,0
113,2,公立,技專校院,0222,國立臺東專科學校,五專,女,79,5,4,4,0,0,0,0,0,0,1,1,0,0,0,0
113,2,公立,技專校院,0222,國立臺東專科學校,二專(日間),男,267,9,2,0,0,0,0,0,2,0,7,2,0,0,5,0
113,2,公立,技專校院,0222,國立臺東專科學校,五專,男,80,6,0,0,0,0,0,0,0,0,6,0,1,2,3,0
113,1,私立,一般大學,1001,東海大學,學士班(進修),女,139,5,3,3,0,0,0,0,0,0,2,0,0,0,2,0
113,1,私立,一般大學,1001,東海大學,學士班(進修),男,130,8,2,2,0,0,0,0,0,0,6,0,0,0,6,0
113,1,私立,一般大學,1001,東海大學,博士班,男,146,6,0,0,0,0,0,0,0,0,6,1,0,1,4,0
113,1,私立,一般大學,1001,東海大學,碩士班(日間),女,676,39,14,7,0,0,0,1,4,2,25,0,0,0,25,0
113,1,私立,一般大學,1001,東海大學,碩士班(日間),男,672,37,11,8,0,0,0,1,1,1,26,1,0,0,25,0
113,1,私立,一般大學,1001,東海大學,碩士在職專班,女,405,20,5,1,0,0,0,0,4,0,15,0,0,0,15,0
113,1,私立,一般大學,1001,東海大學,學士班(日間),女,7010,175,124,113,0,0,1,0,6,4,51,1,0,0,50,0
113,1,私立,一般大學,1001,東海大學,學士班(日間),男,5963,187,109,102,0,0,2,1,2,2,78,1,0,1,76,0
113,1,私立,一般大學,1001,東海大學,博士班,女,96,2,1,1,0,0,0,0,0,0,1,0,0,0,1,0
113,1,私立,一般大學,1001,東海大學,碩士在職專班,男,349,21,2,0,0,0,1,0,1,0,19,1,0,0,18,0
113,2,私立,一般大學,1001,東海大學,學士班(日間),女,7010,89,56,48,0,0,4,1,2,1,33,4,0,0,29,0
113,2,私立,一般大學,1001,東海大學,學士班(進修),女,139,9,3,2,0,0,0,0,1,0,6,1,0,0,5,0
113,2,私立,一般大學,1001,東海大學,博士班,女,96,5,2,1,0,0,0,0,1,0,3,3,0,0,0,0
113,2,私立,一般大學,1001,東海大學,學士班(日間),男,5963,109,49,45,0,0,0,0,3,1,60,11,0,0,49,0
113,2,私立,一般大學,1001,東海大學,學士班(進修),男,130,3,1,0,0,1,0,0,0,0,2,0,0,0,2,0
113,2,私立,一般大學,1001,東海大學,博士班,男,146,6,2,1,0,0,0,0,1,0,4,2,0,0,2,0
113,2,私立,一般大學,1001,東海大學,碩士班(日間),女,676,32,11,3,0,0,1,1,6,0,21,2,0,1,18,0
113,2,私立,一般大學,1001,東海大學,碩士班(日間),男,672,43,9,4,0,0,1,0,4,0,34,15,0,1,18,0
113,2,私立,一般大學,1001,東海大學,碩士在職專班,女,405,18,2,0,0,0,0,1,1,0,16,1,0,0,15,0
113,2,私立,一般大學,1001,東海大學,碩士在職專班,男,349,21,4,1,0,0,1,0,2,0,17,10,0,1,6,0
113,1,私立,一般大學,1002,輔仁大學,學士班(進修),女,2127,136,47,43,0,0,0,1,2,1,89,1,0,36,52,0
113,1,私立,一般大學,1002,輔仁大學,學士班(進修),男,1564,120,38,33,0,0,0,0,3,2,82,2,0,40,40,0
113,1,私立,一般大學,1002,輔仁大學,博士班,女,195,8,0,0,0,0,0,0,0,0,8,1,0,2,5,0
113,1,私立,一般大學,1002,輔仁大學,碩士班(日間),女,1113,77,8,5,0,0,0,0,3,0,69,2,0,7,60,0
113,1,私立,一般大學,1002,輔仁大學,碩士班(日間),男,747,56,9,8,0,0,0,0,1,0,47,6,0,10,31,0
113,1,私立,一般大學,1002,輔仁大學,碩士在職專班,女,918,48,7,7,0,0,0,0,0,0,41,2,0,13,26,0
113,1,私立,一般大學,1002,輔仁大學,碩士在職專班,男,576,44,1,0,0,0,0,0,1,0,43,2,0,16,25,0
113,1,私立,一般大學,1002,輔仁大學,學士班(日間),女,10693,248,100,95,0,0,0,1,3,1,148,2,0,30,116,0
113,1,私立,一般大學,1002,輔仁大學,學士班(日間),男,7494,271,110,107,0,0,0,0,3,0,161,5,0,51,105,0
113,1,私立,一般大學,1002,輔仁大學,博士班,男,254,5,2,1,0,0,0,0,1,0,3,2,0,0,1,0
113,2,私立,一般大學,1002,輔仁大學,學士班(日間),男,7494,176,53,50,0,0,0,0,3,0,123,11,0,58,54,0
113,2,私立,一般大學,1002,輔仁大學,博士班,男,254,9,0,0,0,0,0,0,0,0,9,3,0,2,4,0
113,2,私立,一般大學,1002,輔仁大學,碩士班(日間),女,1113,42,6,4,0,0,0,0,2,0,36,13,0,5,18,0
113,2,私立,一般大學,1002,輔仁大學,碩士在職專班,女,918,28,4,2,0,0,0,0,2,0,24,7,0,9,8,0
113,2,私立,一般大學,1002,輔仁大學,學士班(日間),女,10693,127,60,57,0,0,0,1,1,1,67,4,0,29,34,0
113,2,私立,一般大學,1002,輔仁大學,學士班(進修),女,2127,119,21,18,0,0,0,0,2,1,98,7,0,61,30,0
113,2,私立,一般大學,1002,輔仁大學,學士班(進修),男,1564,113,18,13,0,0,0,0,2,3,95,6,0,63,26,0
113,2,私立,一般大學,1002,輔仁大學,博士班,女,195,9,0,0,0,0,0,0,0,0,9,4,0,1,4,0
113,2,私立,一般大學,1002,輔仁大學,碩士班(日間),男,747,50,7,5,0,0,0,0,2,0,43,6,0,8,29,0
113,2,私立,一般大學,1002,輔仁大學,碩士在職專班,男,576,27,1,1,0,0,0,0,0,0,26,4,0,10,12,0
113,1,私立,一般大學,1003,東吳大學,學士班(進修),男,188,20,6,5,0,0,0,0,1,0,14,0,0,3,11,0
113,1,私立,一般大學,1003,東吳大學,碩士班(日間),女,690,43,1,0,0,0,0,0,1,0,42,2,0,3,37,0
113,1,私立,一般大學,1003,東吳大學,碩士班(日間),男,592,37,6,6,0,0,0,0,0,0,31,1,0,3,27,0
113,1,私立,一般大學,1003,東吳大學,碩士在職專班,女,671,29,4,2,0,0,0,1,1,0,25,2,0,6,17,0
113,1,私立,一般大學,1003,東吳大學,碩士在職專班,男,579,24,1,1,0,0,0,0,0,0,23,3,0,3,17,0
113,1,私立,一般大學,1003,東吳大學,學士班(日間),女,7103,147,56,53,0,0,1,0,2,0,91,1,0,18,72,0
113,1,私立,一般大學,1003,東吳大學,學士班(日間),男,4761,143,52,50,0,0,1,0,1,0,91,2,0,24,65,0
113,1,私立,一般大學,1003,東吳大學,學士班(進修),女,273,19,4,4,0,0,0,0,0,0,15,0,0,4,11,0
113,1,私立,一般大學,1003,東吳大學,博士班,女,40,0,0,0,0,0,0,0,0,0,0,0,0,0,0,0
113,1,私立,一般大學,1003,東吳大學,博士班,男,61,2,0,0,0,0,0,0,0,0,2,1,0,0,1,0
113,2,私立,一般大學,1003,東吳大學,學士班(日間),男,4761,72,19,16,0,0,0,0,3,0,53,8,0,18,27,0
113,2,私立,一般大學,1003,東吳大學,學士班(進修),女,273,13,1,1,0,0,0,0,0,0,12,1,0,4,7,0
113,2,私立,一般大學,1003,東吳大學,博士班,女,40,3,0,0,0,0,0,0,0,0,3,2,0,0,1,0
113,2,私立,一般大學,1003,東吳大學,博士班,男,61,4,2,2,0,0,0,0,0,0,2,0,0,0,2,0
113,2,私立,一般大學,1003,東吳大學,碩士在職專班,女,671,33,2,0,0,0,0,0,2,0,31,13,0,5,13,0
113,2,私立,一般大學,1003,東吳大學,學士班(日間),女,7103,60,23,20,0,1,0,0,2,0,37,9,0,9,19,0
113,2,私立,一般大學,1003,東吳大學,學士班(進修),男,188,15,4,3,0,0,0,0,1,0,11,1,0,3,7,0
113,2,私立,一般大學,1003,東吳大學,碩士班(日間),女,690,23,1,0,0,0,0,0,1,0,22,11,0,2,9,0
113,2,私立,一般大學,1003,東吳大學,碩士班(日間),男,592,31,2,2,0,0,0,0,0,0,29,8,0,7,14,0
113,2,私立,一般大學,1003,東吳大學,碩士在職專班,男,579,37,2,1,0,0,0,0,1,0,35,19,0,6,10,0
113,1,私立,一般大學,1004,中原大學,學士班(日間),女,6523,138,81,78,0,0,0,2,1,0,57,0,0,11,46,0
113,1,私立,一般大學,1004,中原大學,博士班,男,204,13,1,0,0,0,0,0,1,0,12,0,0,4,8,0
113,1,私立,一般大學,1004,中原大學,碩士班(日間),男,926,28,6,4,0,0,0,0,2,0,22,0,0,4,18,0
113,1,私立,一般大學,1004,中原大學,碩士在職專班,男,559,34,5,1,0,1,0,0,3,0,29,1,0,8,20,0
113,1,私立,一般大學,1004,中原大學,學士班(日間),男,7134,167,70,63,0,0,0,1,6,0,97,6,1,21,69,0
113,1,私立,一般大學,1004,中原大學,博士班,女,116,7,2,0,0,0,0,0,2,0,5,2,0,1,2,0
113,1,私立,一般大學,1004,中原大學,碩士班(日間),女,673,21,8,4,0,1,0,0,3,0,13,0,0,3,10,0
113,1,私立,一般大學,1004,中原大學,碩士在職專班,女,375,15,3,0,0,0,0,0,3,0,12,0,0,7,5,0
113,2,私立,一般大學,1004,中原大學,博士班,女,116,10,1,1,0,0,0,0,0,0,9,3,0,2,4,0
113,2,私立,一般大學,1004,中原大學,碩士班(日間),女,673,30,3,1,0,0,0,0,2,0,27,5,0,3,19,0
113,2,私立,一般大學,1004,中原大學,碩士在職專班,女,375,24,2,0,0,0,0,0,2,0,22,3,0,3,16,0
113,2,私立,一般大學,1004,中原大學,碩士在職專班,男,559,35,1,0,0,0,0,0,1,0,34,8,0,11,15,0
113,2,私立,一般大學,1004,中原大學,學士班(日間),女,6523,119,46,34,0,0,2,5,5,0,73,5,0,17,51,0
113,2,私立,一般大學,1004,中原大學,學士班(日間),男,7134,155,48,44,0,0,0,0,4,0,107,21,0,20,66,0
113,2,私立,一般大學,1004,中原大學,博士班,男,204,18,2,1,0,0,0,1,0,0,16,4,0,4,8,0
113,2,私立,一般大學,1004,中原大學,碩士班(日間),男,926,40,11,6,0,0,1,2,2,0,29,7,0,1,21,0
113,1,私立,一般大學,1005,淡江大學學校財團法人淡江大學,學士班(日間),男,10405,385,198,183,0,0,1,1,9,4,187,28,0,0,159,0
113,1,私立,一般大學,1005,淡江大學學校財團法人淡江大學,學士班(進修),男,397,59,23,21,0,0,0,0,2,0,36,5,0,0,31,0
113,1,私立,一般大學,1005,淡江大學學校財團法人淡江大學,學士班(日間),女,8910,270,175,165,0,0,3,0,5,2,95,6,0,0,89,0
113,1,私立,一般大學,1005,淡江大學學校財團法人淡江大學,學士班(進修),女,248,27,12,10,0,0,0,0,1,1,15,1,0,0,14,0
113,1,私立,一般大學,1005,淡江大學學校財團法人淡江大學,博士班,女,120,6,1,0,0,0,0,0,0,1,5,1,0,0,4,0
113,1,私立,一般大學,1005,淡江大學學校財團法人淡江大學,博士班,男,239,16,1,1,0,0,0,0,0,0,15,6,0,0,9,0
113,1,私立,一般大學,1005,淡江大學學校財團法人淡江大學,碩士班(日間),女,619,37,9,2,0,0,1,0,5,1,28,5,0,0,23,0
113,1,私立,一般大學,1005,淡江大學學校財團法人淡江大學,碩士班(日間),男,758,51,5,2,0,0,0,0,3,0,46,7,0,0,38,1
113,1,私立,一般大學,1005,淡江大學學校財團法人淡江大學,碩士在職專班,女,290,14,1,0,0,0,0,0,0,1,13,2,0,0,11,0
113,1,私立,一般大學,1005,淡江大學學校財團法人淡江大學,碩士在職專班,男,290,28,3,1,0,0,0,0,1,1,25,3,0,0,22,0
113,2,私立,一般大學,1005,淡江大學學校財團法人淡江大學,學士班(日間),女,8910,128,70,60,0,0,4,1,5,0,58,4,0,0,54,0
113,2,私立,一般大學,1005,淡江大學學校財團法人淡江大學,學士班(進修),女,248,20,7,6,0,0,0,0,1,0,13,0,0,0,13,0
113,2,私立,一般大學,1005,淡江大學學校財團法人淡江大學,博士班,男,239,12,1,1,0,0,0,0,0,0,11,0,0,0,11,0
113,2,私立,一般大學,1005,淡江大學學校財團法人淡江大學,碩士班(日間),男,758,29,6,4,0,0,0,0,2,0,23,3,0,0,20,0
113,2,私立,一般大學,1005,淡江大學學校財團法人淡江大學,碩士在職專班,男,290,14,0,0,0,0,0,0,0,0,14,2,0,0,12,0
113,2,私立,一般大學,1005,淡江大學學校財團法人淡江大學,學士班(日間),男,10405,238,110,95,0,0,2,0,7,6,128,6,0,0,122,0
113,2,私立,一般大學,1005,淡江大學學校財團法人淡江大學,學士班(進修),男,397,32,8,6,0,0,0,0,2,0,24,1,0,0,23,0
113,2,私立,一般大學,1005,淡江大學學校財團法人淡江大學,博士班,女,120,5,0,0,0,0,0,0,0,0,5,0,0,0,5,0
113,2,私立,一般大學,1005,淡江大學學校財團法人淡江大學,碩士班(日間),女,619,18,5,3,0,0,0,0,2,0,13,2,0,0,11,0
113,2,私立,一般大學,1005,淡江大學學校財團法人淡江大學,碩士在職專班,女,290,14,0,0,0,0,0,0,0,0,14,1,0,0,13,0
113,1,私立,一般大學,1006,中國文化大學,學士班(日間),女,6727,296,158,150,0,0,2,1,4,1,138,9,0,41,88,0
113,1,私立,一般大學,1006,中國文化大學,學士班(日間),男,7471,424,217,199,0,0,2,6,7,3,207,10,0,68,129,0
113,1,私立,一般大學,1006,中國文化大學,學士班(進修),女,756,166,22,17,0,0,0,0,4,1,144,3,0,3,138,0
113,1,私立,一般大學,1006,中國文化大學,博士班,女,183,4,2,0,0,0,0,0,2,0,2,1,0,0,1,0
113,1,私立,一般大學,1006,中國文化大學,碩士班(日間),男,756,45,8,6,0,0,0,0,2,0,37,18,0,1,18,0
113,1,私立,一般大學,1006,中國文化大學,學士班(進修),男,442,120,16,16,0,0,0,0,0,0,104,3,0,5,96,0
113,1,私立,一般大學,1006,中國文化大學,博士班,男,306,9,2,0,0,0,0,0,2,0,7,2,0,2,3,0
113,1,私立,一般大學,1006,中國文化大學,碩士班(日間),女,749,36,7,1,0,1,1,1,3,0,29,11,0,4,14,0
113,1,私立,一般大學,1006,中國文化大學,碩士在職專班,女,341,46,4,3,0,0,0,0,1,0,42,1,0,0,41,0
113,1,私立,一般大學,1006,中國文化大學,碩士在職專班,男,173,36,2,1,0,0,0,0,0,1,34,1,0,0,33,0
113,2,私立,一般大學,1006,中國文化大學,學士班(進修),男,442,67,7,6,0,0,0,0,0,1,60,1,0,10,49,0
113,2,私立,一般大學,1006,中國文化大學,碩士班(日間),女,749,36,6,2,0,0,1,0,3,0,30,20,0,6,4,0
113,2,私立,一般大學,1006,中國文化大學,碩士班(日間),男,756,63,9,5,0,0,1,1,2,0,54,42,0,4,8,0
113,2,私立,一般大學,1006,中國文化大學,碩士在職專班,女,341,24,4,2,0,0,0,0,0,2,20,12,0,0,8,0
113,2,私立,一般大學,1006,中國文化大學,碩士在職專班,男,173,17,2,2,0,0,0,0,0,0,15,13,0,0,2,0
113,2,私立,一般大學,1006,中國文化大學,學士班(日間),女,6727,166,66,59,1,0,0,3,2,1,100,18,0,36,45,1
113,2,私立,一般大學,1006,中國文化大學,學士班(日間),男,7471,252,80,71,0,0,0,1,8,0,172,31,0,69,72,0
113,2,私立,一般大學,1006,中國文化大學,學士班(進修),女,756,112,4,3,0,0,1,0,0,0,108,1,0,14,93,0
113,2,私立,一般大學,1006,中國文化大學,博士班,女,183,10,0,0,0,0,0,0,0,0,10,8,0,0,2,0
113,2,私立,一般大學,1006,中國文化大學,博士班,男,306,12,0,0,0,0,0,0,0,0,12,11,0,0,1,0
113,1,私立,一般大學,1007,逢甲大學,學士班(進修),女,280,35,13,11,0,1,0,0,1,0,22,1,0,20,1,0
113,1,私立,一般大學,1007,逢甲大學,博士班,女,123,3,0,0,0,0,0,0,0,0,3,0,0,3,0,0
113,1,私立,一般大學,1007,逢甲大學,博士班,男,262,13,2,1,0,0,0,0,1,0,11,1,0,6,4,0
113,1,私立,一般大學,1007,逢甲大學,碩士班(日間),女,603,23,3,0,0,0,0,0,3,0,20,1,0,17,2,0
113,1,私立,一般大學,1007,逢甲大學,碩士班(日間),男,1104,51,9,8,0,0,1,0,0,0,42,1,0,37,4,0
113,1,私立,一般大學,1007,逢甲大學,碩士在職專班,女,466,28,3,1,0,0,0,0,2,0,25,1,0,18,6,0
113,1,私立,一般大學,1007,逢甲大學,學士班(日間),女,7302,143,74,71,0,0,2,1,0,0,69,3,0,62,4,0
113,1,私立,一般大學,1007,逢甲大學,學士班(日間),男,10154,281,124,121,0,0,2,1,0,0,157,3,0,144,10,0
113,1,私立,一般大學,1007,逢甲大學,學士班(進修),男,470,34,4,3,0,0,0,0,1,0,30,0,0,30,0,0
113,1,私立,一般大學,1007,逢甲大學,碩士在職專班,男,698,34,1,0,0,0,0,0,1,0,33,1,0,29,3,0
113,2,私立,一般大學,1007,逢甲大學,學士班(日間),女,7302,71,36,35,0,0,0,1,0,0,35,11,0,22,2,0
113,2,私立,一般大學,1007,逢甲大學,學士班(日間),男,10154,154,44,40,0,0,0,0,4,0,110,23,0,81,6,0
113,2,私立,一般大學,1007,逢甲大學,博士班,女,123,2,0,0,0,0,0,0,0,0,2,0,0,1,1,0
113,2,私立,一般大學,1007,逢甲大學,碩士在職專班,男,698,37,1,0,0,0,0,0,1,0,36,6,0,20,10,0
113,2,私立,一般大學,1007,逢甲大學,學士班(進修),女,280,22,6,6,0,0,0,0,0,0,16,0,0,16,0,0
113,2,私立,一般大學,1007,逢甲大學,學士班(進修),男,470,28,4,4,0,0,0,0,0,0,24,2,0,21,1,0
113,2,私立,一般大學,1007,逢甲大學,博士班,男,262,17,0,0,0,0,0,0,0,0,17,1,0,9,7,0
113,2,私立,一般大學,1007,逢甲大學,碩士班(日間),女,603,25,6,4,0,0,0,0,2,0,19,5,0,8,6,0
113,2,私立,一般大學,1007,逢甲大學,碩士班(日間),男,1104,44,7,4,0,0,0,0,3,0,37,12,0,17,8,0
113,2,私立,一般大學,1007,逢甲大學,碩士在職專班,女,466,24,2,1,0,0,0,0,1,0,22,6,0,10,6,0
113,1,私立,一般大學,1008,靜宜大學,學士班(日間),女,5658,202,121,109,0,0,3,1,8,0,81,8,0,10,63,0
113,1,私立,一般大學,1008,靜宜大學,學士班(日間),男,3772,200,94,91,0,0,1,0,2,0,106,11,0,16,79,0
113,1,私立,一般大學,1008,靜宜大學,學士班(進修),女,38,0,0,0,0,0,0,0,0,0,0,0,0,0,0,0
113,1,私立,一般大學,1008,靜宜大學,博士班,女,35,0,0,0,0,0,0,0,0,0,0,0,0,0,0,0
113,1,私立,一般大學,1008,靜宜大學,博士班,男,27,3,1,0,0,0,0,0,1,0,2,1,0,0,1,0
113,1,私立,一般大學,1008,靜宜大學,學士班(進修),男,3,0,0,0,0,0,0,0,0,0,0,0,0,0,0,0
113,1,私立,一般大學,1008,靜宜大學,碩士班(日間),女,461,25,3,1,0,0,0,0,2,0,22,6,0,3,13,0
113,1,私立,一般大學,1008,靜宜大學,碩士班(日間),男,231,31,5,3,0,0,0,0,2,0,26,8,0,4,14,0
113,1,私立,一般大學,1008,靜宜大學,碩士在職專班,女,262,19,1,1,0,0,0,0,0,0,18,5,0,2,11,0
113,1,私立,一般大學,1008,靜宜大學,碩士在職專班,男,143,20,3,1,0,0,0,0,2,0,17,6,0,3,8,0
113,2,私立,一般大學,1008,靜宜大學,學士班(日間),女,5658,100,57,51,0,2,0,1,3,0,43,4,0,10,29,0
113,2,私立,一般大學,1008,靜宜大學,學士班(進修),男,3,1,0,0,0,0,0,0,0,0,1,0,0,1,0,0
113,2,私立,一般大學,1008,靜宜大學,碩士班(日間),男,231,18,3,3,0,0,0,0,0,0,15,1,0,1,13,0
113,2,私立,一般大學,1008,靜宜大學,碩士在職專班,男,143,1,0,0,0,0,0,0,0,0,1,0,0,0,1,0
113,2,私立,一般大學,1008,靜宜大學,學士班(日間),男,3772,95,42,38,0,0,1,0,3,0,53,0,0,11,42,0
113,2,私立,一般大學,1008,靜宜大學,學士班(進修),女,38,0,0,0,0,0,0,0,0,0,0,0,0,0,0,0
113,2,私立,一般大學,1008,靜宜大學,博士班,女,35,1,0,0,0,0,0,0,0,0,1,1,0,0,0,0
113,2,私立,一般大學,1008,靜宜大學,博士班,男,27,1,0,0,0,0,0,0,0,0,1,0,0,0,1,0
113,2,私立,一般大學,1008,靜宜大學,碩士班(日間),女,461,12,3,1,0,0,0,0,2,0,9,1,0,0,8,0
113,2,私立,一般大學,1008,靜宜大學,碩士在職專班,女,262,7,1,0,0,0,0,0,1,0,6,1,0,1,4,0
113,1,私立,一般大學,1009,長庚大學,學士班(日間),女,2826,51,36,35,0,0,1,0,0,0,15,0,0,2,13,0
113,1,私立,一般大學,1009,長庚大學,博士班,男,273,13,1,0,0,0,0,0,0,1,12,1,0,5,6,0
113,1,私立,一般大學,1009,長庚大學,碩士班(日間),男,586,26,7,1,0,0,0,0,3,3,19,2,0,1,16,0
113,1,私立,一般大學,1009,長庚大學,碩士在職專班,女,88,4,3,1,0,0,0,0,1,1,1,0,0,0,1,0
113,1,私立,一般大學,1009,長庚大學,碩士在職專班,男,91,6,1,1,0,0,0,0,0,0,5,0,0,0,5,0
113,1,私立,一般大學,1009,長庚大學,學士班(日間),男,2502,62,40,39,0,0,0,0,1,0,22,2,0,4,16,0
113,1,私立,一般大學,1009,長庚大學,博士班,女,179,8,3,0,0,0,1,0,1,1,5,0,0,2,3,0
113,1,私立,一般大學,1009,長庚大學,碩士班(日間),女,696,32,10,3,0,0,0,2,3,2,22,1,0,4,17,0
113,2,私立,一般大學,1009,長庚大學,博士班,女,179,2,0,0,0,0,0,0,0,0,2,1,0,1,0,0
113,2,私立,一般大學,1009,長庚大學,博士班,男,273,8,3,2,0,0,0,0,0,1,5,1,0,3,1,0
113,2,私立,一般大學,1009,長庚大學,碩士班(日間),女,696,24,5,1,0,0,0,0,2,2,19,3,0,3,13,0
113,2,私立,一般大學,1009,長庚大學,碩士班(日間),男,586,31,10,4,0,0,0,1,0,5,21,3,0,3,15,0
113,2,私立,一般大學,1009,長庚大學,碩士在職專班,男,91,6,0,0,0,0,0,0,0,0,6,1,0,2,3,0
113,2,私立,一般大學,1009,長庚大學,學士班(日間),女,2826,51,41,39,0,0,1,0,1,0,10,4,0,1,5,0
113,2,私立,一般大學,1009,長庚大學,學士班(日間),男,2502,48,31,30,0,0,0,0,1,0,17,10,0,5,2,0
113,2,私立,一般大學,1009,長庚大學,碩士在職專班,女,88,5,0,0,0,0,0,0,0,0,5,1,0,3,1,0
113,1,私立,一般大學,1010,元智大學,學士班(日間),女,3348,67,47,46,0,0,0,0,1,0,20,1,0,13,6,0
113,1,私立,一般大學,1010,元智大學,碩士班(日間),男,543,9,3,1,0,0,0,0,2,0,6,0,0,2,4,0
113,1,私立,一般大學,1010,元智大學,碩士在職專班,男,304,15,4,1,0,0,0,0,3,0,11,2,0,6,3,0
113,1,私立,一般大學,1010,元智大學,學士班(日間),男,4099,112,69,63,0,0,0,3,3,0,43,7,0,21,15,0
113,1,私立,一般大學,1010,元智大學,博士班,女,76,2,1,0,0,0,0,0,1,0,1,1,0,0,0,0
113,1,私立,一般大學,1010,元智大學,博士班,男,161,13,3,1,0,0,0,0,2,0,10,3,0,6,1,0
113,1,私立,一般大學,1010,元智大學,碩士班(日間),女,375,5,0,0,0,0,0,0,0,0,5,1,0,2,2,0
113,1,私立,一般大學,1010,元智大學,碩士在職專班,女,208,10,6,2,0,0,0,0,2,2,4,0,0,3,1,0
113,2,私立,一般大學,1010,元智大學,博士班,女,76,0,0,0,0,0,0,0,0,0,0,0,0,0,0,0
113,2,私立,一般大學,1010,元智大學,博士班,男,161,13,1,1,0,0,0,0,0,0,12,1,0,8,3,0
113,2,私立,一般大學,1010,元智大學,碩士班(日間),女,375,18,5,1,0,0,0,1,2,1,13,2,0,3,8,0
113,2,私立,一般大學,1010,元智大學,碩士在職專班,女,208,11,0,0,0,0,0,0,0,0,11,1,0,3,7,0
113,2,私立,一般大學,1010,元智大學,碩士在職專班,男,304,43,5,1,0,0,0,1,3,0,38,8,0,18,12,0
113,2,私立,一般大學,1010,元智大學,學士班(日間),女,3348,45,19,18,0,0,0,0,1,0,26,5,0,11,10,0
113,2,私立,一般大學,1010,元智大學,學士班(日間),男,4099,65,20,15,0,0,0,1,4,0,45,7,0,18,20,0
113,2,私立,一般大學,1010,元智大學,碩士班(日間),男,543,20,3,0,0,0,0,1,1,1,17,3,0,1,13,0
113,1,私立,一般大學,1011,中華大學學校財團法人中華大學,學士班(進修),女,142,9,2,1,0,0,0,0,1,0,7,0,0,3,4,0
113,1,私立,一般大學,1011,中華大學學校財團法人中華大學,學士班(進修),男,284,14,8,5,0,0,0,2,1,0,6,0,0,3,3,0
113,1,私立,一般大學,1011,中華大學學校財團法人中華大學,博士班,男,40,3,3,0,0,0,1,1,1,0,0,0,0,0,0,0
113,1,私立,一般大學,1011,中華大學學校財團法人中華大學,碩士班(日間),女,65,12,4,0,0,0,0,0,4,0,8,2,0,5,1,0
113,1,私立,一般大學,1011,中華大學學校財團法人中華大學,碩士班(日間),男,164,24,5,1,0,0,0,0,4,0,19,2,0,5,12,0
113,1,私立,一般大學,1011,中華大學學校財團法人中華大學,碩士在職專班,女,35,8,4,1,1,0,0,0,2,0,4,0,0,1,3,0
113,1,私立,一般大學,1011,中華大學學校財團法人中華大學,學士班(日間),女,852,67,49,39,1,0,1,2,6,0,18,2,0,6,10,0
113,1,私立,一般大學,1011,中華大學學校財團法人中華大學,學士班(日間),男,1881,176,106,92,0,1,1,2,10,0,70,7,0,24,39,0
113,1,私立,一般大學,1011,中華大學學校財團法人中華大學,博士班,女,20,1,0,0,0,0,0,0,0,0,1,0,0,0,1,0
113,1,私立,一般大學,1011,中華大學學校財團法人中華大學,碩士在職專班,男,74,13,5,0,0,0,0,1,4,0,8,0,0,5,3,0
113,2,私立,一般大學,1011,中華大學學校財團法人中華大學,學士班(日間),女,852,28,25,20,1,0,0,0,4,0,3,0,0,1,2,0
113,2,私立,一般大學,1011,中華大學學校財團法人中華大學,學士班(進修),女,142,6,3,1,0,0,0,0,2,0,3,0,0,2,1,0
113,2,私立,一般大學,1011,中華大學學校財團法人中華大學,學士班(日間),男,1881,81,52,45,0,0,1,1,5,0,29,2,0,13,14,0
113,2,私立,一般大學,1011,中華大學學校財團法人中華大學,學士班(進修),男,284,14,5,3,0,0,0,0,2,0,9,0,0,5,4,0
113,2,私立,一般大學,1011,中華大學學校財團法人中華大學,博士班,男,40,1,0,0,0,0,0,0,0,0,1,0,0,0,1,0
113,2,私立,一般大學,1011,中華大學學校財團法人中華大學,碩士班(日間),女,65,5,2,1,0,0,0,0,1,0,3,0,0,1,2,0
113,2,私立,一般大學,1011,中華大學學校財團法人中華大學,碩士在職專班,女,35,0,0,0,0,0,0,0,0,0,0,0,0,0,0,0
113,2,私立,一般大學,1011,中華大學學校財團法人中華大學,碩士在職專班,男,74,2,0,0,0,0,0,0,0,0,2,0,0,2,0,0
113,2,私立,一般大學,1011,中華大學學校財團法人中華大學,博士班,女,20,2,0,0,0,0,0,0,0,0,2,1,0,1,0,0
113,2,私立,一般大學,1011,中華大學學校財團法人中華大學,碩士班(日間),男,164,10,2,0,0,0,0,0,2,0,8,1,0,1,6,0
113,1,私立,一般大學,1012,大葉大學,學士班(日間),女,1238,101,59,56,0,0,3,0,0,0,42,0,0,9,32,1
113,1,私立,一般大學,1012,大葉大學,學士班(進修),女,88,6,3,2,0,0,0,0,1,0,3,0,0,1,2,0
113,1,私立,一般大學,1012,大葉大學,博士班,女,27,4,1,0,0,0,0,0,1,0,3,0,0,2,1,0
113,1,私立,一般大學,1012,大葉大學,博士班,男,74,13,5,0,0,0,1,0,4,0,8,0,0,3,5,0
113,1,私立,一般大學,1012,大葉大學,碩士班(日間),男,177,23,3,1,0,0,1,1,0,0,20,0,0,2,18,0
113,1,私立,一般大學,1012,大葉大學,學士班(日間),男,1645,163,65,60,0,0,0,3,2,0,98,0,0,38,60,0
113,1,私立,一般大學,1012,大葉大學,學士班(進修),男,107,11,3,2,0,0,0,0,1,0,8,0,0,1,7,0
113,1,私立,一般大學,1012,大葉大學,碩士班(日間),女,185,18,0,0,0,0,0,0,0,0,18,0,0,2,16,0
113,1,私立,一般大學,1012,大葉大學,碩士在職專班,女,66,14,0,0,0,0,0,0,0,0,14,0,0,1,13,0
113,1,私立,一般大學,1012,大葉大學,碩士在職專班,男,59,7,0,0,0,0,0,0,0,0,7,0,0,1,6,0
113,2,私立,一般大學,1012,大葉大學,學士班(進修),女,88,6,0,0,0,0,0,0,0,0,6,0,0,4,2,0
113,2,私立,一般大學,1012,大葉大學,博士班,女,27,1,0,0,0,0,0,0,0,0,1,0,0,0,1,0
113,2,私立,一般大學,1012,大葉大學,博士班,男,74,6,4,3,0,0,0,1,0,0,2,1,0,1,0,0
113,2,私立,一般大學,1012,大葉大學,碩士班(日間),女,185,4,0,0,0,0,0,0,0,0,4,0,0,0,4,0
113,2,私立,一般大學,1012,大葉大學,碩士班(日間),男,177,11,3,1,0,0,1,0,1,0,8,1,0,4,3,0
113,2,私立,一般大學,1012,大葉大學,碩士在職專班,女,66,1,0,0,0,0,0,0,0,0,1,0,0,0,1,0
113,2,私立,一般大學,1012,大葉大學,學士班(日間),女,1238,51,24,20,0,0,0,1,2,1,27,2,0,10,15,0
113,2,私立,一般大學,1012,大葉大學,學士班(日間),男,1645,62,31,29,0,0,0,0,2,0,31,3,0,12,16,0
113,2,私立,一般大學,1012,大葉大學,學士班(進修),男,107,3,0,0,0,0,0,0,0,0,3,0,0,1,2,0
113,2,私立,一般大學,1012,大葉大學,碩士在職專班,男,59,1,0,0,0,0,0,0,0,0,1,0,0,1,0,0
113,1,私立,一般大學,1013,華梵學校財團法人華梵大學,學士班(日間),男,233,28,13,7,0,0,0,1,0,5,15,0,0,4,11,0
113,1,私立,一般大學,1013,華梵學校財團法人華梵大學,碩士班(日間),女,107,6,2,2,0,0,0,0,0,0,4,0,0,2,2,0
113,1,私立,一般大學,1013,華梵學校財團法人華梵大學,碩士在職專班,女,141,9,3,1,0,0,0,0,0,2,6,0,0,1,5,0
113,1,私立,一般大學,1013,華梵學校財團法人華梵大學,碩士在職專班,男,82,8,0,0,0,0,0,0,0,0,8,0,0,1,7,0
113,1,私立,一般大學,1013,華梵學校財團法人華梵大學,學士班(日間),女,335,27,8,5,0,0,0,0,0,3,19,0,0,2,17,0
113,1,私立,一般大學,1013,華梵學校財團法人華梵大學,博士班,女,41,0,0,0,0,0,0,0,0,0,0,0,0,0,0,0
113,1,私立,一般大學,1013,華梵學校財團法人華梵大學,博士班,男,27,0,0,0,0,0,0,0,0,0,0,0,0,0,0,0
113,1,私立,一般大學,1013,華梵學校財團法人華梵大學,碩士班(日間),男,97,9,0,0,0,0,0,0,0,0,9,0,0,5,4,0
113,2,私立,一般大學,1013,華梵學校財團法人華梵大學,學士班(日間),女,335,11,5,2,0,0,0,0,0,3,6,0,0,3,2,1
113,2,私立,一般大學,1013,華梵學校財團法人華梵大學,學士班(日間),男,233,13,7,2,0,0,0,0,0,5,6,1,0,2,3,0
113,2,私立,一般大學,1013,華梵學校財團法人華梵大學,碩士在職專班,男,82,8,1,0,0,0,0,0,0,1,7,2,0,2,3,0
113,2,私立,一般大學,1013,華梵學校財團法人華梵大學,博士班,女,41,0,0,0,0,0,0,0,0,0,0,0,0,0,0,0
113,2,私立,一般大學,1013,華梵學校財團法人華梵大學,博士班,男,27,1,0,0,0,0,0,0,0,0,1,0,0,0,1,0
113,2,私立,一般大學,1013,華梵學校財團法人華梵大學,碩士班(日間),女,107,8,0,0,0,0,0,0,0,0,8,6,0,1,1,0
113,2,私立,一般大學,1013,華梵學校財團法人華梵大學,碩士班(日間),男,97,6,1,1,0,0,0,0,0,0,5,4,0,0,1,0
113,2,私立,一般大學,1013,華梵學校財團法人華梵大學,碩士在職專班,女,141,3,1,0,0,0,0,0,0,1,2,0,0,0,2,0
113,1,私立,一般大學,1014,義守大學,學士班(進修),女,227,31,17,15,0,0,0,0,2,0,14,0,0,6,8,0
113,1,私立,一般大學,1014,義守大學,博士班,女,42,2,1,0,0,0,0,0,1,0,1,0,0,1,0,0
113,1,私立,一般大學,1014,義守大學,博士班,男,79,6,3,3,0,0,0,0,0,0,3,1,0,1,1,0
113,1,私立,一般大學,1014,義守大學,碩士班(日間),女,169,5,1,1,0,0,0,0,0,0,4,0,0,3,1,0
113,1,私立,一般大學,1014,義守大學,碩士班(日間),男,192,5,1,1,0,0,0,0,0,0,4,1,0,2,1,0
113,1,私立,一般大學,1014,義守大學,碩士在職專班,女,100,6,1,0,0,0,0,0,1,0,5,0,0,0,5,0
113,1,私立,一般大學,1014,義守大學,碩士在職專班,男,171,15,0,0,0,0,0,0,0,0,15,0,0,4,11,0
113,1,私立,一般大學,1014,義守大學,學士班(日間),女,4647,170,107,102,0,0,2,1,2,0,63,2,0,27,34,0
113,1,私立,一般大學,1014,義守大學,學士班(日間),男,4819,208,111,105,0,0,0,1,5,0,97,1,0,35,61,0
113,1,私立,一般大學,1014,義守大學,學士班(進修),男,486,50,20,20,0,0,0,0,0,0,30,1,0,18,11,0
113,2,私立,一般大學,1014,義守大學,學士班(日間),女,4647,103,50,48,0,0,0,1,1,0,53,11,0,22,20,0
113,2,私立,一般大學,1014,義守大學,學士班(進修),女,227,5,0,0,0,0,0,0,0,0,5,0,0,4,1,0
113,2,私立,一般大學,1014,義守大學,博士班,女,42,0,0,0,0,0,0,0,0,0,0,0,0,0,0,0
113,2,私立,一般大學,1014,義守大學,博士班,男,79,2,0,0,0,0,0,0,0,0,2,0,0,1,1,0
113,2,私立,一般大學,1014,義守大學,碩士班(日間),男,192,5,1,1,0,0,0,0,0,0,4,0,0,2,2,0
113,2,私立,一般大學,1014,義守大學,碩士在職專班,男,171,9,0,0,0,0,0,0,0,0,9,1,0,6,2,0
113,2,私立,一般大學,1014,義守大學,學士班(日間),男,4819,101,36,35,0,0,1,0,0,0,65,13,1,29,22,0
113,2,私立,一般大學,1014,義守大學,學士班(進修),男,486,35,4,2,0,0,0,0,2,0,31,0,0,25,6,0
113,2,私立,一般大學,1014,義守大學,碩士班(日間),女,169,9,2,0,0,0,0,0,2,0,7,1,0,1,5,0
113,2,私立,一般大學,1014,義守大學,碩士在職專班,女,100,5,0,0,0,0,0,0,0,0,5,0,0,4,1,0
113,1,私立,一般大學,1015,世新大學,學士班(日間),男,3137,109,54,53,0,0,1,0,0,0,55,1,0,12,42,0
113,1,私立,一般大學,1015,世新大學,學士班(進修),男,277,15,9,9,0,0,0,0,0,0,6,0,0,3,3,0
113,1,私立,一般大學,1015,世新大學,博士班,女,38,0,0,0,0,0,0,0,0,0,0,0,0,0,0,0
113,1,私立,一般大學,1015,世新大學,碩士班(日間),女,278,19,4,1,0,0,0,0,3,0,15,1,0,1,13,0
113,1,私立,一般大學,1015,世新大學,碩士在職專班,女,252,13,1,0,0,0,0,0,1,0,12,0,0,3,9,0
113,1,私立,一般大學,1015,世新大學,學士班(日間),女,6076,146,73,70,0,0,1,1,1,0,73,0,0,19,54,0
113,1,私立,一般大學,1015,世新大學,學士班(進修),女,473,42,25,25,0,0,0,0,0,0,17,0,0,9,8,0
113,1,私立,一般大學,1015,世新大學,博士班,男,40,2,0,0,0,0,0,0,0,0,2,0,0,0,2,0
113,1,私立,一般大學,1015,世新大學,碩士班(日間),男,224,20,4,3,0,0,0,0,1,0,16,1,0,1,14,0
113,1,私立,一般大學,1015,世新大學,碩士在職專班,男,233,12,0,0,0,0,0,0,0,0,12,0,0,2,10,0
113,2,私立,一般大學,1015,世新大學,學士班(日間),男,3137,51,15,15,0,0,0,0,0,0,36,1,0,9,26,0
113,2,私立,一般大學,1015,世新大學,博士班,女,38,0,0,0,0,0,0,0,0,0,0,0,0,0,0,0
113,2,私立,一般大學,1015,世新大學,碩士班(日間),女,278,19,4,0,0,0,1,0,3,0,15,3,0,6,6,0
113,2,私立,一般大學,1015,世新大學,碩士在職專班,女,252,20,3,0,1,0,0,0,2,0,17,2,0,3,12,0
113,2,私立,一般大學,1015,世新大學,學士班(日間),女,6076,67,34,32,0,0,2,0,0,0,33,1,0,8,24,0
113,2,私立,一般大學,1015,世新大學,學士班(進修),女,473,67,13,12,0,0,0,0,1,0,54,0,0,5,49,0
113,2,私立,一般大學,1015,世新大學,學士班(進修),男,277,47,1,1,0,0,0,0,0,0,46,0,0,4,42,0
113,2,私立,一般大學,1015,世新大學,博士班,男,40,1,0,0,0,0,0,0,0,0,1,0,0,1,0,0
113,2,私立,一般大學,1015,世新大學,碩士班(日間),男,224,14,1,0,0,0,1,0,0,0,13,5,0,1,7,0
113,2,私立,一般大學,1015,世新大學,碩士在職專班,男,233,14,0,0,0,0,0,0,0,0,14,8,0,1,5,0
113,1,私立,一般大學,1016,銘傳大學,學士班(日間),女,9174,309,168,147,0,0,4,0,12,5,141,16,0,34,91,0
113,1,私立,一般大學,1016,銘傳大學,學士班(日間),男,6639,241,119,101,0,0,1,1,15,1,122,16,0,40,66,0
113,1,私立,一般大學,1016,銘傳大學,博士班,男,32,3,0,0,0,0,0,0,0,0,3,1,0,1,1,0
113,1,私立,一般大學,1016,銘傳大學,碩士班(日間),男,290,20,0,0,0,0,0,0,0,0,20,5,0,2,13,0
113,1,私立,一般大學,1016,銘傳大學,碩士在職專班,男,268,23,0,0,0,0,0,0,0,0,23,8,0,1,14,0
113,1,私立,一般大學,1016,銘傳大學,博士班,女,41,0,0,0,0,0,0,0,0,0,0,0,0,0,0,0
113,1,私立,一般大學,1016,銘傳大學,碩士班(日間),女,453,25,3,1,0,0,0,0,2,0,22,8,0,3,11,0
113,1,私立,一般大學,1016,銘傳大學,碩士在職專班,女,390,23,2,1,0,0,0,0,1,0,21,2,0,2,17,0
113,2,私立,一般大學,1016,銘傳大學,學士班(日間),女,9174,156,72,61,0,0,2,0,9,0,84,4,0,30,50,0
113,2,私立,一般大學,1016,銘傳大學,學士班(日間),男,6639,156,67,52,0,0,1,0,14,0,89,2,0,37,50,0
113,2,私立,一般大學,1016,銘傳大學,博士班,女,41,2,0,0,0,0,0,0,0,0,2,0,0,1,1,0
113,2,私立,一般大學,1016,銘傳大學,博士班,男,32,1,0,0,0,0,0,0,0,0,1,0,0,0,1,0
113,2,私立,一般大學,1016,銘傳大學,碩士班(日間),女,453,10,1,1,0,0,0,0,0,0,9,1,0,2,6,0
113,2,私立,一般大學,1016,銘傳大學,碩士班(日間),男,290,9,3,0,0,0,0,0,3,0,6,0,0,5,1,0
113,2,私立,一般大學,1016,銘傳大學,碩士在職專班,女,390,6,1,0,0,0,1,0,0,0,5,0,0,1,4,0
113,2,私立,一般大學,1016,銘傳大學,碩士在職專班,男,268,8,1,0,0,0,1,0,0,0,7,0,0,2,5,0
113,1,私立,一般大學,1017,實踐大學,學士班(日間),男,3169,206,84,83,0,0,0,0,1,0,122,55,0,22,45,0
113,1,私立,一般大學,1017,實踐大學,學士班(進修),女,695,64,23,18,0,0,0,0,5,0,41,8,0,12,21,0
113,1,私立,一般大學,1017,實踐大學,學士班(進修),男,304,37,9,7,0,0,0,1,1,0,28,9,0,5,14,0
113,1,私立,一般大學,1017,實踐大學,博士班,男,10,1,0,0,0,0,0,0,0,0,1,1,0,0,0,0
113,1,私立,一般大學,1017,實踐大學,碩士班(日間),女,199,23,2,2,0,0,0,0,0,0,21,4,0,1,16,0
113,1,私立,一般大學,1017,實踐大學,碩士在職專班,女,80,10,1,0,0,0,0,0,1,0,9,3,0,0,6,0
113,1,私立,一般大學,1017,實踐大學,學士班(日間),女,5677,311,179,173,0,0,1,2,3,0,132,46,0,33,53,0
113,1,私立,一般大學,1017,實踐大學,博士班,女,15,0,0,0,0,0,0,0,0,0,0,0,0,0,0,0
113,1,私立,一般大學,1017,實踐大學,碩士班(日間),男,131,11,2,2,0,0,0,0,0,0,9,2,0,0,7,0
113,1,私立,一般大學,1017,實踐大學,碩士在職專班,男,25,2,0,0,0,0,0,0,0,0,2,1,0,1,0,0
113,2,私立,一般大學,1017,實踐大學,學士班(進修),男,304,27,2,1,0,0,0,0,1,0,25,12,0,8,5,0
113,2,私立,一般大學,1017,實踐大學,博士班,男,10,0,0,0,0,0,0,0,0,0,0,0,0,0,0,0
113,2,私立,一般大學,1017,實踐大學,碩士班(日間),女,199,7,2,1,0,0,0,1,0,0,5,1,0,2,2,0
113,2,私立,一般大學,1017,實踐大學,碩士班(日間),男,131,11,1,1,0,0,0,0,0,0,10,0,0,7,3,0
113,2,私立,一般大學,1017,實踐大學,碩士在職專班,女,80,0,0,0,0,0,0,0,0,0,0,0,0,0,0,0
113,2,私立,一般大學,1017,實踐大學,碩士在職專班,男,25,1,0,0,0,0,0,0,0,0,1,0,0,0,1,0
113,2,私立,一般大學,1017,實踐大學,學士班(日間),女,5677,182,56,52,0,0,2,1,1,0,126,79,0,23,24,0
113,2,私立,一般大學,1017,實踐大學,學士班(日間),男,3169,164,37,31,0,0,0,3,3,0,127,91,0,18,16,2
113,2,私立,一般大學,1017,實踐大學,學士班(進修),女,695,31,5,5,0,0,0,0,0,0,26,6,0,10,10,0
113,2,私立,一般大學,1017,實踐大學,博士班,女,15,0,0,0,0,0,0,0,0,0,0,0,0,0,0,0
113,1,私立,技專校院,1018,朝陽科技大學,學士班(進修),女,431,54,18,12,0,0,0,0,6,0,36,0,0,16,20,0
113,1,私立,技專校院,1018,朝陽科技大學,學士班(進修),男,492,63,29,18,0,0,0,1,10,0,34,0,0,19,15,0
113,1,私立,技專校院,1018,朝陽科技大學,博士班,女,30,2,1,1,0,0,0,0,0,0,1,0,0,0,1,0
113,1,私立,技專校院,1018,朝陽科技大學,博士班,男,71,4,1,0,0,0,1,0,0,0,3,1,0,0,2,0
113,1,私立,技專校院,1018,朝陽科技大學,碩士班(日間),女,310,19,5,2,0,0,1,0,1,1,14,2,0,4,8,0
113,1,私立,技專校院,1018,朝陽科技大學,碩士班(日間),男,322,24,2,1,0,0,0,0,0,1,22,4,0,5,13,0
113,1,私立,技專校院,1018,朝陽科技大學,碩士在職專班,女,133,8,3,1,0,0,0,0,1,1,5,3,0,0,2,0
113,1,私立,技專校院,1018,朝陽科技大學,碩士在職專班,男,105,9,1,0,0,0,0,0,1,0,8,0,0,4,4,0
113,1,私立,技專校院,1018,朝陽科技大學,學士班(日間),女,6221,204,130,123,0,0,1,2,3,1,74,3,0,31,40,0
113,1,私立,技專校院,1018,朝陽科技大學,學士班(日間),男,5037,250,127,113,0,0,1,5,7,1,123,8,0,52,63,0
113,2,私立,技專校院,1018,朝陽科技大學,學士班(日間),男,5037,155,43,30,0,0,0,1,7,5,112,65,0,29,18,0
113,2,私立,技專校院,1018,朝陽科技大學,博士班,男,71,3,1,1,0,0,0,0,0,0,2,0,0,2,0,0
113,2,私立,技專校院,1018,朝陽科技大學,學士班(日間),女,6221,129,66,50,0,0,1,2,7,6,63,19,0,20,24,0
113,2,私立,技專校院,1018,朝陽科技大學,學士班(進修),女,431,27,9,6,0,0,1,1,1,0,18,3,0,9,6,0
113,2,私立,技專校院,1018,朝陽科技大學,學士班(進修),男,492,39,10,9,0,0,0,0,1,0,29,3,0,20,6,0
113,2,私立,技專校院,1018,朝陽科技大學,博士班,女,30,1,1,0,0,0,0,0,1,0,0,0,0,0,0,0
113,2,私立,技專校院,1018,朝陽科技大學,碩士班(日間),女,310,5,1,1,0,0,0,0,0,0,4,0,0,3,1,0
113,2,私立,技專校院,1018,朝陽科技大學,碩士班(日間),男,322,13,4,2,0,0,0,1,1,0,9,1,0,5,3,0
113,2,私立,技專校院,1018,朝陽科技大學,碩士在職專班,女,133,5,0,0,0,0,0,0,0,0,5,0,0,3,2,0
113,2,私立,技專校院,1018,朝陽科技大學,碩士在職專班,男,105,9,1,1,0,0,0,0,0,0,8,0,0,2,6,0
113,1,私立,一般大學,1019,高雄醫學大學,學士班(日間),女,3129,130,63,60,0,0,2,0,1,0,67,4,0,0,63,0
113,1,私立,一般大學,1019,高雄醫學大學,學士班(日間),男,2292,75,30,29,0,0,1,0,0,0,45,2,0,0,43,0
113,1,私立,一般大學,1019,高雄醫學大學,博士班,男,168,4,0,0,0,0,0,0,0,0,4,0,0,0,4,0
113,1,私立,一般大學,1019,高雄醫學大學,博士班,女,156,9,2,1,0,0,0,1,0,0,7,4,0,0,3,0
113,1,私立,一般大學,1019,高雄醫學大學,碩士班(日間),女,483,25,3,3,0,0,0,0,0,0,22,2,0,2,18,0
113,1,私立,一般大學,1019,高雄醫學大學,碩士班(日間),男,228,16,3,2,0,0,0,0,1,0,13,0,0,4,9,0
113,1,私立,一般大學,1019,高雄醫學大學,碩士在職專班,女,124,16,3,0,0,0,0,0,3,0,13,0,0,0,13,0
113,1,私立,一般大學,1019,高雄醫學大學,碩士在職專班,男,87,8,3,1,0,0,0,0,2,0,5,0,0,0,5,0
113,2,私立,一般大學,1019,高雄醫學大學,學士班(日間),男,2292,27,18,16,0,0,1,0,1,0,9,3,0,2,4,0
113,2,私立,一般大學,1019,高雄醫學大學,博士班,男,168,5,2,1,0,0,0,0,0,1,3,0,0,3,0,0
113,2,私立,一般大學,1019,高雄醫學大學,碩士班(日間),女,483,11,3,2,0,1,0,0,0,0,8,0,0,0,8,0
113,2,私立,一般大學,1019,高雄醫學大學,碩士在職專班,女,124,4,0,0,0,0,0,0,0,0,4,0,0,1,3,0
113,2,私立,一般大學,1019,高雄醫學大學,學士班(日間),女,3129,49,33,33,0,0,0,0,0,0,16,3,0,1,12,0
113,2,私立,一般大學,1019,高雄醫學大學,博士班,女,156,3,1,0,0,0,0,0,1,0,2,0,0,1,1,0
113,2,私立,一般大學,1019,高雄醫學大學,碩士班(日間),男,228,7,0,0,0,0,0,0,0,0,7,1,0,2,4,0
113,2,私立,一般大學,1019,高雄醫學大學,碩士在職專班,男,87,4,0,0,0,0,0,0,0,0,4,0,0,3,1,0
113,1,私立,一般大學,1020,南華大學,學士班(日間),女,1914,96,45,41,0,0,2,0,2,0,51,11,0,4,36,0
113,1,私立,一般大學,1020,南華大學,學士班(進修),女,88,24,8,6,0,0,0,0,2,0,16,4,0,1,11,0
113,1,私立,一般大學,1020,南華大學,博士班,女,19,1,1,0,0,0,0,0,1,0,0,0,0,0,0,0
113,1,私立,一般大學,1020,南華大學,博士班,男,28,1,1,0,0,0,0,0,1,0,0,0,0,0,0,0
113,1,私立,一般大學,1020,南華大學,碩士班(日間),男,191,37,8,2,0,0,0,0,6,0,29,3,0,1,25,0
113,1,私立,一般大學,1020,南華大學,碩士在職專班,男,146,15,2,0,0,0,0,0,2,0,13,2,0,4,7,0
113,1,私立,一般大學,1020,南華大學,學士班(日間),男,1557,115,40,36,0,0,0,0,4,0,75,16,0,7,52,0
113,1,私立,一般大學,1020,南華大學,學士班(進修),男,130,32,15,15,0,0,0,0,0,0,17,8,0,1,8,0
113,1,私立,一般大學,1020,南華大學,碩士班(日間),女,345,43,11,3,0,0,1,0,6,1,32,2,0,5,25,0
113,1,私立,一般大學,1020,南華大學,碩士在職專班,女,272,23,4,1,0,0,0,0,3,0,19,2,0,2,15,0
113,2,私立,一般大學,1020,南華大學,學士班(日間),女,1914,48,19,16,0,0,0,1,1,1,29,13,0,1,15,0
113,2,私立,一般大學,1020,南華大學,學士班(進修),女,88,4,1,0,0,0,0,0,1,0,3,2,0,1,0,0
113,2,私立,一般大學,1020,南華大學,學士班(進修),男,130,9,3,2,0,0,0,0,1,0,6,2,0,0,4,0
113,2,私立,一般大學,1020,南華大學,博士班,男,28,0,0,0,0,0,0,0,0,0,0,0,0,0,0,0
113,2,私立,一般大學,1020,南華大學,碩士班(日間),男,191,18,3,0,0,0,0,0,3,0,15,0,0,4,11,0
113,2,私立,一般大學,1020,南華大學,碩士在職專班,男,146,5,4,2,0,0,0,0,2,0,1,0,0,1,0,0
113,2,私立,一般大學,1020,南華大學,學士班(日間),男,1557,66,17,16,0,0,1,0,0,0,49,25,0,9,15,0
113,2,私立,一般大學,1020,南華大學,博士班,女,19,1,1,0,0,0,0,0,1,0,0,0,0,0,0,0
113,2,私立,一般大學,1020,南華大學,碩士班(日間),女,345,21,8,1,0,0,0,0,7,0,13,1,0,4,8,0
113,2,私立,一般大學,1020,南華大學,碩士在職專班,女,272,11,3,1,0,0,0,0,2,0,8,0,0,2,6,0
113,1,私立,一般大學,1021,真理大學,學士班(日間),男,1159,157,72,68,0,0,0,1,3,0,85,4,0,41,40,0
113,1,私立,一般大學,1021,真理大學,碩士班(日間),女,59,2,0,0,0,0,0,0,0,0,2,0,0,1,1,0
113,1,私立,一般大學,1021,真理大學,碩士在職專班,女,3,0,0,0,0,0,0,0,0,0,0,0,0,0,0,0
113,1,私立,一般大學,1021,真理大學,學士班(日間),女,1034,116,57,56,0,0,0,1,0,0,59,1,0,30,28,0
113,1,私立,一般大學,1021,真理大學,碩士班(日間),男,62,2,0,0,0,0,0,0,0,0,2,0,0,1,1,0
113,1,私立,一般大學,1021,真理大學,碩士在職專班,男,5,0,0,0,0,0,0,0,0,0,0,0,0,0,0,0
113,2,私立,一般大學,1021,真理大學,碩士班(日間),女,59,5,1,1,0,0,0,0,0,0,4,0,0,1,3,0
113,2,私立,一般大學,1021,真理大學,碩士班(日間),男,62,7,0,0,0,0,0,0,0,0,7,3,0,4,0,0
113,2,私立,一般大學,1021,真理大學,碩士在職專班,女,3,1,0,0,0,0,0,0,0,0,1,0,0,1,0,0
113,2,私立,一般大學,1021,真理大學,碩士在職專班,男,5,1,0,0,0,0,0,0,0,0,1,0,0,1,0,0
113,2,私立,一般大學,1021,真理大學,學士班(日間),女,1034,43,19,18,0,0,0,1,0,0,24,5,0,8,11,0
113,2,私立,一般大學,1021,真理大學,學士班(日間),男,1159,71,21,18,0,0,1,0,2,0,50,11,0,21,18,0
113,1,私立,一般大學,1022,大同大學,學士班(日間),女,1104,33,17,17,0,0,0,0,0,0,16,1,0,4,11,0
113,1,私立,一般大學,1022,大同大學,學士班(日間),男,1951,86,32,32,0,0,0,0,0,0,54,7,0,8,39,0
113,1,私立,一般大學,1022,大同大學,碩士在職專班,男,93,8,1,0,0,0,0,0,1,0,7,2,0,1,4,0
113,1,私立,一般大學,1022,大同大學,博士班,女,29,3,0,0,0,0,0,0,0,0,3,1,0,1,1,0
113,1,私立,一般大學,1022,大同大學,博士班,男,68,4,0,0,0,0,0,0,0,0,4,2,0,0,2,0
113,1,私立,一般大學,1022,大同大學,碩士班(日間),女,87,4,0,0,0,0,0,0,0,0,4,2,0,0,2,0
113,1,私立,一般大學,1022,大同大學,碩士班(日間),男,131,8,1,0,0,0,0,1,0,0,7,3,0,1,3,0
113,1,私立,一般大學,1022,大同大學,碩士在職專班,女,27,4,0,0,0,0,0,0,0,0,4,4,0,0,0,0
113,2,私立,一般大學,1022,大同大學,學士班(日間),女,1104,25,7,7,0,0,0,0,0,0,18,4,0,3,11,0
113,2,私立,一般大學,1022,大同大學,學士班(日間),男,1951,65,19,19,0,0,0,0,0,0,46,25,0,7,14,0
113,2,私立,一般大學,1022,大同大學,博士班,女,29,2,0,0,0,0,0,0,0,0,2,0,0,1,1,0
113,2,私立,一般大學,1022,大同大學,碩士在職專班,男,93,4,0,0,0,0,0,0,0,0,4,1,0,2,1,0
113,2,私立,一般大學,1022,大同大學,博士班,男,68,3,0,0,0,0,0,0,0,0,3,0,0,0,3,0
113,2,私立,一般大學,1022,大同大學,碩士班(日間),女,87,3,0,0,0,0,0,0,0,0,3,0,0,2,1,0
113,2,私立,一般大學,1022,大同大學,碩士班(日間),男,131,5,1,0,0,0,0,0,1,0,4,1,0,1,2,0
113,2,私立,一般大學,1022,大同大學,碩士在職專班,女,27,3,0,0,0,0,0,0,0,0,3,0,0,1,2,0
113,1,私立,技專校院,1023,南臺學校財團法人南臺科技大學,學士班(日間),女,4532,199,104,97,0,1,0,1,5,0,95,14,0,28,53,0
113,1,私立,技專校院,1023,南臺學校財團法人南臺科技大學,學士班(進修),女,816,106,16,10,0,1,0,0,5,0,90,5,0,38,47,0
113,1,私立,技專校院,1023,南臺學校財團法人南臺科技大學,學士班(進修),男,1252,166,27,24,0,1,0,0,2,0,139,7,0,64,68,0
113,1,私立,技專校院,1023,南臺學校財團法人南臺科技大學,五專,女,91,3,0,0,0,0,0,0,0,0,3,1,0,1,1,0
113,1,私立,技專校院,1023,南臺學校財團法人南臺科技大學,博士班,男,44,11,0,0,0,0,0,0,0,0,11,6,0,5,0,0
113,1,私立,技專校院,1023,南臺學校財團法人南臺科技大學,碩士班(日間),男,405,35,9,5,0,0,0,0,4,0,26,2,0,5,19,0
113,1,私立,技專校院,1023,南臺學校財團法人南臺科技大學,碩士在職專班,男,114,13,1,1,0,0,0,0,0,0,12,1,0,4,7,0
113,1,私立,技專校院,1023,南臺學校財團法人南臺科技大學,學士班(日間),男,6276,261,115,107,0,0,0,0,8,0,146,32,0,59,55,0
113,1,私立,技專校院,1023,南臺學校財團法人南臺科技大學,五專,男,499,29,27,26,0,0,0,1,0,0,2,0,0,1,1,0
113,1,私立,技專校院,1023,南臺學校財團法人南臺科技大學,博士班,女,31,0,0,0,0,0,0,0,0,0,0,0,0,0,0,0
113,1,私立,技專校院,1023,南臺學校財團法人南臺科技大學,碩士班(日間),女,279,18,3,2,0,0,0,0,1,0,15,2,0,6,7,0
113,1,私立,技專校院,1023,南臺學校財團法人南臺科技大學,碩士在職專班,女,168,6,1,0,0,0,0,0,1,0,5,0,0,4,1,0
113,2,私立,技專校院,1023,南臺學校財團法人南臺科技大學,學士班(進修),女,816,65,6,2,0,0,0,0,4,0,59,0,0,28,31,0
113,2,私立,技專校院,1023,南臺學校財團法人南臺科技大學,五專,男,499,18,10,9,0,0,0,0,1,0,8,3,0,3,2,0
113,2,私立,技專校院,1023,南臺學校財團法人南臺科技大學,博士班,女,31,3,0,0,0,0,0,0,0,0,3,2,0,0,1,0
113,2,私立,技專校院,1023,南臺學校財團法人南臺科技大學,碩士班(日間),女,279,24,3,2,0,0,0,0,1,0,21,1,0,3,17,0
113,2,私立,技專校院,1023,南臺學校財團法人南臺科技大學,碩士班(日間),男,405,17,3,2,0,0,0,1,0,0,14,1,0,7,6,0
113,2,私立,技專校院,1023,南臺學校財團法人南臺科技大學,碩士在職專班,女,168,6,0,0,0,0,0,0,0,0,6,1,0,2,3,0
113,2,私立,技專校院,1023,南臺學校財團法人南臺科技大學,碩士在職專班,男,114,6,0,0,0,0,0,0,0,0,6,1,0,1,4,0
113,2,私立,技專校院,1023,南臺學校財團法人南臺科技大學,學士班(日間),女,4532,94,37,35,0,0,1,0,1,0,57,13,0,22,22,0
113,2,私立,技專校院,1023,南臺學校財團法人南臺科技大學,學士班(日間),男,6276,176,42,38,0,0,0,0,4,0,134,42,0,52,40,0
113,2,私立,技專校院,1023,南臺學校財團法人南臺科技大學,學士班(進修),男,1252,98,11,3,0,0,0,0,8,0,87,0,0,50,37,0
113,2,私立,技專校院,1023,南臺學校財團法人南臺科技大學,五專,女,91,2,2,2,0,0,0,0,0,0,0,0,0,0,0,0
113,2,私立,技專校院,1023,南臺學校財團法人南臺科技大學,博士班,男,44,6,1,1,0,0,0,0,0,0,5,2,0,2,1,0
113,1,私立,技專校院,1024,崑山科技大學,學士班(日間),女,2467,223,72,63,1,1,1,0,0,6,151,19,0,31,101,0
113,1,私立,技專校院,1024,崑山科技大學,學士班(進修),女,568,44,15,13,0,0,1,0,1,0,29,0,0,7,22,0
113,1,私立,技專校院,1024,崑山科技大學,學士班(進修),男,1320,139,47,35,0,0,0,0,10,2,92,4,0,26,62,0
113,1,私立,技專校院,1024,崑山科技大學,碩士班(日間),男,173,23,4,3,0,0,0,0,1,0,19,0,0,0,19,0
113,1,私立,技專校院,1024,崑山科技大學,碩士在職專班,男,131,5,0,0,0,0,0,0,0,0,5,0,0,1,4,0
113,1,私立,技專校院,1024,崑山科技大學,學士班(日間),男,3320,379,141,97,0,0,2,1,13,28,238,31,0,56,151,0
113,1,私立,技專校院,1024,崑山科技大學,博士班,女,3,0,0,0,0,0,0,0,0,0,0,0,0,0,0,0
113,1,私立,技專校院,1024,崑山科技大學,博士班,男,18,6,2,2,0,0,0,0,0,0,4,0,0,2,2,0
113,1,私立,技專校院,1024,崑山科技大學,碩士班(日間),女,100,15,0,0,0,0,0,0,0,0,15,1,0,0,14,0
113,1,私立,技專校院,1024,崑山科技大學,碩士在職專班,女,73,2,1,0,0,0,0,0,1,0,1,0,0,0,1,0
113,2,私立,技專校院,1024,崑山科技大學,學士班(日間),男,3320,96,60,53,0,0,0,1,6,0,36,12,0,24,0,0
113,2,私立,技專校院,1024,崑山科技大學,學士班(進修),男,1320,63,15,9,0,0,1,0,5,0,48,1,0,30,17,0
113,2,私立,技專校院,1024,崑山科技大學,博士班,女,3,0,0,0,0,0,0,0,0,0,0,0,0,0,0,0
113,2,私立,技專校院,1024,崑山科技大學,博士班,男,18,0,0,0,0,0,0,0,0,0,0,0,0,0,0,0
113,2,私立,技專校院,1024,崑山科技大學,碩士班(日間),女,100,7,1,1,0,0,0,0,0,0,6,0,0,6,0,0
113,2,私立,技專校院,1024,崑山科技大學,碩士在職專班,女,73,1,1,1,0,0,0,0,0,0,0,0,0,0,0,0
113,2,私立,技專校院,1024,崑山科技大學,學士班(日間),女,2467,52,36,30,0,0,3,0,3,0,16,2,0,14,0,0
113,2,私立,技專校院,1024,崑山科技大學,學士班(進修),女,568,39,12,5,0,0,1,1,5,0,27,0,0,20,7,0
113,2,私立,技專校院,1024,崑山科技大學,碩士班(日間),男,173,5,0,0,0,0,0,0,0,0,5,1,0,4,0,0
113,2,私立,技專校院,1024,崑山科技大學,碩士在職專班,男,131,7,1,0,0,0,0,0,1,0,6,0,0,4,2,0
113,1,私立,技專校院,1025,嘉藥學校財團法人嘉南藥理大學,學士班(日間),男,2846,189,48,42,0,0,1,2,3,0,141,39,0,10,92,0
113,1,私立,技專校院,1025,嘉藥學校財團法人嘉南藥理大學,學士班(進修),男,594,96,21,15,0,0,0,0,5,1,75,10,0,16,49,0
113,1,私立,技專校院,1025,嘉藥學校財團法人嘉南藥理大學,五專,女,268,3,3,3,0,0,0,0,0,0,0,0,0,0,0,0
113,1,私立,技專校院,1025,嘉藥學校財團法人嘉南藥理大學,碩士班(日間),女,82,10,1,0,0,0,0,0,0,1,9,0,0,1,8,0
113,1,私立,技專校院,1025,嘉藥學校財團法人嘉南藥理大學,碩士在職專班,女,70,7,0,0,0,0,0,0,0,0,7,0,0,1,6,0
113,1,私立,技專校院,1025,嘉藥學校財團法人嘉南藥理大學,學士班(日間),女,3860,177,72,60,0,0,1,4,5,2,105,22,0,12,71,0
113,1,私立,技專校院,1025,嘉藥學校財團法人嘉南藥理大學,學士班(進修),女,893,87,23,13,0,0,1,1,7,1,64,8,0,16,40,0
113,1,私立,技專校院,1025,嘉藥學校財團法人嘉南藥理大學,五專,男,164,5,5,4,0,0,0,0,1,0,0,0,0,0,0,0
113,1,私立,技專校院,1025,嘉藥學校財團法人嘉南藥理大學,碩士班(日間),男,52,7,0,0,0,0,0,0,0,0,7,0,0,1,6,0
113,1,私立,技專校院,1025,嘉藥學校財團法人嘉南藥理大學,碩士在職專班,男,81,12,1,1,0,0,0,0,0,0,11,1,0,3,7,0
113,2,私立,技專校院,1025,嘉藥學校財團法人嘉南藥理大學,學士班(進修),女,893,47,3,1,0,0,0,0,2,0,44,2,0,19,23,0
113,2,私立,技專校院,1025,嘉藥學校財團法人嘉南藥理大學,碩士班(日間),女,82,3,0,0,0,0,0,0,0,0,3,0,0,1,2,0
113,2,私立,技專校院,1025,嘉藥學校財團法人嘉南藥理大學,碩士班(日間),男,52,4,2,0,0,0,1,0,1,0,2,0,0,0,2,0
113,2,私立,技專校院,1025,嘉藥學校財團法人嘉南藥理大學,碩士在職專班,女,70,7,1,1,0,0,0,0,0,0,6,0,0,0,6,0
113,2,私立,技專校院,1025,嘉藥學校財團法人嘉南藥理大學,碩士在職專班,男,81,9,0,0,0,0,0,0,0,0,9,0,0,1,8,0
113,2,私立,技專校院,1025,嘉藥學校財團法人嘉南藥理大學,學士班(日間),女,3860,91,30,22,0,0,2,0,2,4,61,2,0,15,44,0
113,2,私立,技專校院,1025,嘉藥學校財團法人嘉南藥理大學,學士班(日間),男,2846,104,33,19,0,0,1,8,3,2,71,6,0,17,48,0
113,2,私立,技專校院,1025,嘉藥學校財團法人嘉南藥理大學,學士班(進修),男,594,29,3,1,0,0,0,0,2,0,26,0,0,10,16,0
113,2,私立,技專校院,1025,嘉藥學校財團法人嘉南藥理大學,五專,女,268,6,5,5,0,0,0,0,0,0,1,1,0,0,0,0
113,2,私立,技專校院,1025,嘉藥學校財團法人嘉南藥理大學,五專,男,164,5,4,4,0,0,0,0,0,0,1,0,0,1,0,0
113,1,私立,技專校院,1026,樹德科技大學,學士班(進修),女,820,71,46,36,0,1,1,1,7,0,25,4,0,13,8,0
113,1,私立,技專校院,1026,樹德科技大學,博士班,男,12,1,0,0,0,0,0,0,0,0,1,0,0,0,1,0
113,1,私立,技專校院,1026,樹德科技大學,碩士班(日間),女,108,8,0,0,0,0,0,0,0,0,8,1,0,2,5,0
113,1,私立,技專校院,1026,樹德科技大學,碩士班(日間),男,93,5,1,0,0,0,0,1,0,0,4,0,0,0,4,0
113,1,私立,技專校院,1026,樹德科技大學,碩士在職專班,女,162,9,3,1,0,0,0,1,1,0,6,3,0,3,0,0
113,1,私立,技專校院,1026,樹德科技大學,二專(進修),女,151,14,4,4,0,0,0,0,0,0,10,3,0,4,3,0
113,1,私立,技專校院,1026,樹德科技大學,二專(進修),男,129,12,3,2,0,0,0,1,0,0,9,1,0,5,3,0
113,1,私立,技專校院,1026,樹德科技大學,學士班(日間),女,3211,161,87,59,0,0,3,11,13,1,74,16,0,21,37,0
113,1,私立,技專校院,1026,樹德科技大學,學士班(日間),男,2504,171,74,59,0,0,1,6,8,0,97,29,0,30,38,0
113,1,私立,技專校院,1026,樹德科技大學,學士班(進修),男,894,67,26,19,0,1,0,1,4,1,41,6,0,23,12,0
113,1,私立,技專校院,1026,樹德科技大學,五專,女,5,0,0,0,0,0,0,0,0,0,0,0,0,0,0,0
113,1,私立,技專校院,1026,樹德科技大學,五專,男,7,0,0,0,0,0,0,0,0,0,0,0,0,0,0,0
113,1,私立,技專校院,1026,樹德科技大學,博士班,女,15,1,0,0,0,0,0,0,0,0,1,1,0,0,0,0
113,1,私立,技專校院,1026,樹德科技大學,碩士在職專班,男,115,9,1,1,0,0,0,0,0,0,8,4,0,3,1,0
113,2,私立,技專校院,1026,樹德科技大學,二專(進修),女,151,29,1,0,0,0,0,1,0,0,28,3,0,14,11,0
113,2,私立,技專校院,1026,樹德科技大學,二專(進修),男,129,32,0,0,0,0,0,0,0,0,32,7,0,15,10,0
113,2,私立,技專校院,1026,樹德科技大學,學士班(日間),女,3211,138,38,21,0,0,2,6,9,0,100,28,0,39,33,0
113,2,私立,技專校院,1026,樹德科技大學,學士班(日間),男,2504,145,29,11,0,0,0,10,8,0,116,38,0,40,35,3
113,2,私立,技專校院,1026,樹德科技大學,五專,男,7,1,0,0,0,0,0,0,0,0,1,1,0,0,0,0
113,2,私立,技專校院,1026,樹德科技大學,博士班,女,15,0,0,0,0,0,0,0,0,0,0,0,0,0,0,0
113,2,私立,技專校院,1026,樹德科技大學,碩士在職專班,男,115,9,2,0,0,0,0,1,1,0,7,0,0,3,4,0
113,2,私立,技專校院,1026,樹德科技大學,學士班(進修),女,820,70,18,16,0,0,0,0,2,0,52,6,1,28,17,0
113,2,私立,技專校院,1026,樹德科技大學,學士班(進修),男,894,77,7,2,0,0,0,1,4,0,70,14,0,36,20,0
113,2,私立,技專校院,1026,樹德科技大學,五專,女,5,0,0,0,0,0,0,0,0,0,0,0,0,0,0,0
113,2,私立,技專校院,1026,樹德科技大學,博士班,男,12,0,0,0,0,0,0,0,0,0,0,0,0,0,0,0
113,2,私立,技專校院,1026,樹德科技大學,碩士班(日間),女,108,10,3,1,0,0,0,1,1,0,7,1,0,2,3,1
113,2,私立,技專校院,1026,樹德科技大學,碩士班(日間),男,93,10,2,2,0,0,0,0,0,0,8,1,0,3,4,0
113,2,私立,技專校院,1026,樹德科技大學,碩士在職專班,女,162,9,1,0,0,0,0,0,1,0,8,0,0,6,2,0
113,1,私立,一般大學,1027,慈濟學校財團法人慈濟大學,學士班(日間),女,2047,84,51,49,0,0,0,1,1,0,33,0,1,6,26,0
113,1,私立,一般大學,1027,慈濟學校財團法人慈濟大學,學士班(進修),男,8,0,0,0,0,0,0,0,0,0,0,0,0,0,0,0
113,1,私立,一般大學,1027,慈濟學校財團法人慈濟大學,五專,男,167,14,8,6,0,0,0,0,2,0,6,2,0,1,3,0
113,1,私立,一般大學,1027,慈濟學校財團法人慈濟大學,碩士班(日間),男,131,13,3,1,0,0,0,0,1,1,10,0,0,2,8,0
113,1,私立,一般大學,1027,慈濟學校財團法人慈濟大學,碩士在職專班,男,5,1,0,0,0,0,0,0,0,0,1,0,0,1,0,0
113,1,私立,一般大學,1027,慈濟學校財團法人慈濟大學,學士班(日間),男,1319,52,22,19,0,0,0,0,0,3,30,1,5,8,16,0
113,1,私立,一般大學,1027,慈濟學校財團法人慈濟大學,學士班(進修),女,126,11,0,0,0,0,0,0,0,0,11,0,1,0,10,0
113,1,私立,一般大學,1027,慈濟學校財團法人慈濟大學,五專,女,1071,47,28,26,0,0,1,0,1,0,19,2,2,4,11,0
113,1,私立,一般大學,1027,慈濟學校財團法人慈濟大學,博士班,女,53,5,2,1,0,0,0,0,1,0,3,0,0,0,3,0
113,1,私立,一般大學,1027,慈濟學校財團法人慈濟大學,博士班,男,40,1,1,0,0,0,0,0,1,0,0,0,0,0,0,0
113,1,私立,一般大學,1027,慈濟學校財團法人慈濟大學,碩士班(日間),女,297,21,4,4,0,0,0,0,0,0,17,0,0,2,15,0
113,1,私立,一般大學,1027,慈濟學校財團法人慈濟大學,碩士在職專班,女,21,0,0,0,0,0,0,0,0,0,0,0,0,0,0,0
113,2,私立,一般大學,1027,慈濟學校財團法人慈濟大學,學士班(日間),女,2047,33,21,21,0,0,0,0,0,0,12,1,1,6,4,0
113,2,私立,一般大學,1027,慈濟學校財團法人慈濟大學,五專,女,1071,37,18,15,0,0,1,2,0,0,19,6,3,4,6,0
113,2,私立,一般大學,1027,慈濟學校財團法人慈濟大學,五專,男,167,7,3,2,0,0,0,0,0,1,4,2,1,1,0,0
113,2,私立,一般大學,1027,慈濟學校財團法人慈濟大學,博士班,女,53,1,0,0,0,0,0,0,0,0,1,1,0,0,0,0
113,2,私立,一般大學,1027,慈濟學校財團法人慈濟大學,碩士班(日間),男,131,10,3,0,0,0,0,0,0,3,7,0,0,1,6,0
113,2,私立,一般大學,1027,慈濟學校財團法人慈濟大學,碩士在職專班,男,5,1,0,0,0,0,0,0,0,0,1,1,0,0,0,0
113,2,私立,一般大學,1027,慈濟學校財團法人慈濟大學,學士班(日間),男,1319,27,11,10,0,0,0,0,1,0,16,2,3,4,7,0
113,2,私立,一般大學,1027,慈濟學校財團法人慈濟大學,學士班(進修),女,126,4,3,3,0,0,0,0,0,0,1,0,0,0,1,0
113,2,私立,一般大學,1027,慈濟學校財團法人慈濟大學,學士班(進修),男,8,0,0,0,0,0,0,0,0,0,0,0,0,0,0,0
113,2,私立,一般大學,1027,慈濟學校財團法人慈濟大學,博士班,男,40,1,0,0,0,0,0,0,0,0,1,0,0,0,1,0
113,2,私立,一般大學,1027,慈濟學校財團法人慈濟大學,碩士班(日間),女,297,14,7,2,0,0,0,0,1,4,7,3,0,1,3,0
113,2,私立,一般大學,1027,慈濟學校財團法人慈濟大學,碩士在職專班,女,21,3,1,1,0,0,0,0,0,0,2,1,0,1,0,0
113,1,私立,一般大學,1028,臺北醫學大學,學士班(日間),女,2660,99,53,52,0,0,0,0,1,0,46,5,0,0,41,0
113,1,私立,一般大學,1028,臺北醫學大學,博士班,女,326,8,4,2,0,0,1,0,1,0,4,2,0,0,2,0
113,1,私立,一般大學,1028,臺北醫學大學,學士班(日間),男,1864,72,34,34,0,0,0,0,0,0,38,0,0,7,31,0
113,1,私立,一般大學,1028,臺北醫學大學,碩士班(日間),女,461,12,3,2,0,0,0,0,0,1,9,1,0,0,8,0
113,1,私立,一般大學,1028,臺北醫學大學,博士班,男,343,12,1,1,0,0,0,0,0,0,11,1,0,3,7,0
113,1,私立,一般大學,1028,臺北醫學大學,碩士班(日間),男,253,9,3,2,0,0,0,0,1,0,6,1,0,0,5,0
113,1,私立,一般大學,1028,臺北醫學大學,碩士在職專班,女,229,8,2,1,0,0,0,0,1,0,6,0,0,0,6,0
113,1,私立,一般大學,1028,臺北醫學大學,碩士在職專班,男,68,5,3,1,0,0,1,0,1,0,2,0,0,0,2,0
113,2,私立,一般大學,1028,臺北醫學大學,學士班(日間),女,2660,23,15,13,0,0,0,0,2,0,8,1,0,1,6,0
113,2,私立,一般大學,1028,臺北醫學大學,博士班,男,343,6,0,0,0,0,0,0,0,0,6,6,0,0,0,0
113,2,私立,一般大學,1028,臺北醫學大學,碩士班(日間),女,461,15,4,3,0,0,0,0,0,1,11,4,0,1,6,0
113,2,私立,一般大學,1028,臺北醫學大學,碩士班(日間),男,253,13,3,3,0,0,0,0,0,0,10,4,0,1,5,0
113,2,私立,一般大學,1028,臺北醫學大學,碩士在職專班,女,229,2,0,0,0,0,0,0,0,0,2,1,0,0,1,0
113,2,私立,一般大學,1028,臺北醫學大學,碩士在職專班,男,68,3,2,0,0,0,1,0,1,0,1,1,0,0,0,0
113,2,私立,一般大學,1028,臺北醫學大學,學士班(日間),男,1864,27,6,6,0,0,0,0,0,0,21,7,0,4,10,0
113,2,私立,一般大學,1028,臺北醫學大學,博士班,女,326,4,1,0,0,0,0,0,0,1,3,3,0,0,0,0
113,1,私立,一般大學,1029,中山醫學大學,學士班(日間),女,3998,157,47,46,0,0,1,0,0,0,110,3,0,4,103,0
113,1,私立,一般大學,1029,中山醫學大學,博士班,女,59,3,0,0,0,0,0,0,0,0,3,1,0,0,2,0
113,1,私立,一般大學,1029,中山醫學大學,學士班(日間),男,2210,95,26,26,0,0,0,0,0,0,69,0,0,9,60,0
113,1,私立,一般大學,1029,中山醫學大學,學士班(進修),女,69,3,1,1,0,0,0,0,0,0,2,0,0,1,1,0
113,1,私立,一般大學,1029,中山醫學大學,學士班(進修),男,37,2,0,0,0,0,0,0,0,0,2,0,0,0,2,0
113,1,私立,一般大學,1029,中山醫學大學,博士班,男,103,2,1,0,0,0,0,0,1,0,1,0,0,0,1,0
113,1,私立,一般大學,1029,中山醫學大學,碩士班(日間),女,356,16,3,1,0,0,0,0,2,0,13,0,0,1,12,0
113,1,私立,一般大學,1029,中山醫學大學,碩士班(日間),男,167,12,0,0,0,0,0,0,0,0,12,1,0,0,11,0
113,1,私立,一般大學,1029,中山醫學大學,碩士在職專班,女,123,9,3,0,0,0,1,0,2,0,6,2,0,1,3,0
113,1,私立,一般大學,1029,中山醫學大學,碩士在職專班,男,35,2,0,0,0,0,0,0,0,0,2,0,0,0,2,0
113,2,私立,一般大學,1029,中山醫學大學,學士班(日間),男,2210,25,11,11,0,0,0,0,0,0,14,1,0,3,10,0
113,2,私立,一般大學,1029,中山醫學大學,學士班(進修),男,37,2,0,0,0,0,0,0,0,0,2,0,0,1,1,0
113,2,私立,一般大學,1029,中山醫學大學,碩士班(日間),女,356,7,0,0,0,0,0,0,0,0,7,1,0,0,6,0
113,2,私立,一般大學,1029,中山醫學大學,碩士在職專班,女,123,4,1,1,0,0,0,0,0,0,3,0,0,2,1,0
113,2,私立,一般大學,1029,中山醫學大學,碩士在職專班,男,35,1,0,0,0,0,0,0,0,0,1,0,0,1,0,0
113,2,私立,一般大學,1029,中山醫學大學,學士班(日間),女,3998,54,35,33,0,0,0,1,1,0,19,0,0,4,15,0
113,2,私立,一般大學,1029,中山醫學大學,學士班(進修),女,69,1,0,0,0,0,0,0,0,0,1,0,0,0,1,0
113,2,私立,一般大學,1029,中山醫學大學,博士班,女,59,1,0,0,0,0,0,0,0,0,1,0,0,0,1,0
113,2,私立,一般大學,1029,中山醫學大學,博士班,男,103,0,0,0,0,0,0,0,0,0,0,0,0,0,0,0
113,2,私立,一般大學,1029,中山醫學大學,碩士班(日間),男,167,4,0,0,0,0,0,0,0,0,4,0,0,3,1,0
113,1,私立,技專校院,1030,龍華科技大學,學士班(日間),男,5360,315,110,92,0,0,1,4,12,1,205,62,0,66,77,0
113,1,私立,技專校院,1030,龍華科技大學,學士班(進修),男,1549,293,171,164,0,0,0,0,7,0,122,13,0,57,52,0
113,1,私立,技專校院,1030,龍華科技大學,博士班,男,2,0,0,0,0,0,0,0,0,0,0,0,0,0,0,0
113,1,私立,技專校院,1030,龍華科技大學,碩士班(日間),女,98,14,0,0,0,0,0,0,0,0,14,3,0,4,7,0
113,1,私立,技專校院,1030,龍華科技大學,碩士在職專班,女,55,5,1,0,0,0,0,0,1,0,4,0,0,2,2,0
113,1,私立,技專校院,1030,龍華科技大學,二專(日間),女,19,0,0,0,0,0,0,0,0,0,0,0,0,0,0,0
113,1,私立,技專校院,1030,龍華科技大學,二專(日間),男,28,1,1,0,0,0,0,1,0,0,0,0,0,0,0,0
113,1,私立,技專校院,1030,龍華科技大學,學士班(日間),女,2492,110,46,37,0,0,2,1,6,0,64,10,0,24,29,1
113,1,私立,技專校院,1030,龍華科技大學,學士班(進修),女,480,100,62,56,0,0,2,0,4,0,38,1,0,12,25,0
113,1,私立,技專校院,1030,龍華科技大學,五專,女,77,4,3,3,0,0,0,0,0,0,1,0,0,1,0,0
113,1,私立,技專校院,1030,龍華科技大學,五專,男,845,37,21,18,0,0,0,1,2,0,16,0,0,3,13,0
113,1,私立,技專校院,1030,龍華科技大學,博士班,女,0,0,0,0,0,0,0,0,0,0,0,0,0,0,0,0
113,1,私立,技專校院,1030,龍華科技大學,碩士班(日間),男,228,15,1,0,0,0,0,0,1,0,14,6,0,4,4,0
113,1,私立,技專校院,1030,龍華科技大學,碩士在職專班,男,107,6,0,0,0,0,0,0,0,0,6,0,0,3,3,0
113,2,私立,技專校院,1030,龍華科技大學,二專(日間),女,19,0,0,0,0,0,0,0,0,0,0,0,0,0,0,0
113,2,私立,技專校院,1030,龍華科技大學,二專(日間),男,28,1,0,0,0,0,0,0,0,0,1,0,0,1,0,0
113,2,私立,技專校院,1030,龍華科技大學,學士班(日間),女,2492,84,28,25,1,0,0,1,1,0,56,22,0,24,10,0
113,2,私立,技專校院,1030,龍華科技大學,學士班(日間),男,5360,251,58,45,0,0,2,3,7,1,193,84,0,71,38,0
113,2,私立,技專校院,1030,龍華科技大學,五專,女,77,4,2,2,0,0,0,0,0,0,2,0,1,0,1,0
113,2,私立,技專校院,1030,龍華科技大學,五專,男,845,18,7,7,0,0,0,0,0,0,11,2,1,3,5,0
113,2,私立,技專校院,1030,龍華科技大學,博士班,女,0,0,0,0,0,0,0,0,0,0,0,0,0,0,0,0
113,2,私立,技專校院,1030,龍華科技大學,學士班(進修),女,480,42,6,3,0,0,1,0,2,0,36,6,0,20,10,0
113,2,私立,技專校院,1030,龍華科技大學,學士班(進修),男,1549,155,15,12,0,0,0,1,2,0,140,42,0,68,30,0
113,2,私立,技專校院,1030,龍華科技大學,博士班,男,2,0,0,0,0,0,0,0,0,0,0,0,0,0,0,0
113,2,私立,技專校院,1030,龍華科技大學,碩士班(日間),女,98,6,1,1,0,0,0,0,0,0,5,2,0,1,2,0
113,2,私立,技專校院,1030,龍華科技大學,碩士班(日間),男,228,18,2,2,0,0,0,0,0,0,16,2,0,6,8,0
113,2,私立,技專校院,1030,龍華科技大學,碩士在職專班,女,55,0,0,0,0,0,0,0,0,0,0,0,0,0,0,0
113,2,私立,技專校院,1030,龍華科技大學,碩士在職專班,男,107,2,1,0,0,0,0,0,1,0,1,1,0,0,0,0
113,1,私立,技專校院,1031,輔英科技大學,二專(日間),女,3,1,0,0,0,0,0,0,0,0,1,0,1,0,0,0
113,1,私立,技專校院,1031,輔英科技大學,學士班(日間),女,2707,132,59,43,0,1,1,5,9,0,73,4,0,20,48,1
113,1,私立,技專校院,1031,輔英科技大學,學士班(日間),男,1387,99,42,32,0,0,0,2,7,1,57,6,0,22,27,2
113,1,私立,技專校院,1031,輔英科技大學,學士班(進修),男,394,61,26,21,0,0,0,0,4,1,35,9,0,12,14,0
113,1,私立,技專校院,1031,輔英科技大學,五專,女,2305,68,48,47,0,0,0,0,0,1,20,1,0,3,16,0
113,1,私立,技專校院,1031,輔英科技大學,碩士在職專班,女,78,4,3,1,0,0,1,0,1,0,1,1,0,0,0,0
113,1,私立,技專校院,1031,輔英科技大學,二專(日間),男,1,0,0,0,0,0,0,0,0,0,0,0,0,0,0,0
113,1,私立,技專校院,1031,輔英科技大學,學士班(進修),女,921,47,23,15,0,0,0,0,8,0,24,1,0,10,13,0
113,1,私立,技專校院,1031,輔英科技大學,五專,男,303,20,11,11,0,0,0,0,0,0,9,1,0,0,8,0
113,1,私立,技專校院,1031,輔英科技大學,碩士班(日間),女,134,23,5,1,0,0,0,0,3,1,18,4,0,3,11,0
113,1,私立,技專校院,1031,輔英科技大學,碩士班(日間),男,45,8,1,0,0,0,0,0,1,0,7,0,0,0,7,0
113,1,私立,技專校院,1031,輔英科技大學,碩士在職專班,男,2,0,0,0,0,0,0,0,0,0,0,0,0,0,0,0
113,2,私立,技專校院,1031,輔英科技大學,二專(日間),男,1,0,0,0,0,0,0,0,0,0,0,0,0,0,0,0
113,2,私立,技專校院,1031,輔英科技大學,學士班(日間),女,2707,54,15,7,0,0,0,0,4,4,39,3,0,16,16,4
113,2,私立,技專校院,1031,輔英科技大學,學士班(進修),女,921,40,18,8,1,0,1,0,8,0,22,1,0,16,5,0
113,2,私立,技專校院,1031,輔英科技大學,碩士班(日間),女,134,12,7,1,0,0,0,1,4,1,5,0,0,3,2,0
113,2,私立,技專校院,1031,輔英科技大學,碩士班(日間),男,45,3,1,0,0,0,0,0,1,0,2,0,0,0,2,0
113,2,私立,技專校院,1031,輔英科技大學,碩士在職專班,女,78,4,2,0,0,0,0,0,2,0,2,2,0,0,0,0
113,2,私立,技專校院,1031,輔英科技大學,碩士在職專班,男,2,0,0,0,0,0,0,0,0,0,0,0,0,0,0,0
113,2,私立,技專校院,1031,輔英科技大學,二專(日間),女,3,1,0,0,0,0,0,0,0,0,1,0,0,1,0,0
113,2,私立,技專校院,1031,輔英科技大學,學士班(日間),男,1387,80,20,14,0,0,0,0,4,2,60,4,2,23,12,19
113,2,私立,技專校院,1031,輔英科技大學,學士班(進修),男,394,20,8,3,0,0,0,0,5,0,12,1,0,5,6,0
113,2,私立,技專校院,1031,輔英科技大學,五專,女,2305,39,25,22,0,0,1,0,0,2,14,0,0,4,10,0
113,2,私立,技專校院,1031,輔英科技大學,五專,男,303,2,0,0,0,0,0,0,0,0,2,0,0,1,1,0
113,1,私立,技專校院,1032,明新學校財團法人明新科技大學,二專(日間),男,12,1,0,0,0,0,0,0,0,0,1,0,0,1,0,0
113,1,私立,技專校院,1032,明新學校財團法人明新科技大學,學士班(進修),男,1731,202,60,18,0,0,0,0,42,0,142,5,0,30,107,0
113,1,私立,技專校院,1032,明新學校財團法人明新科技大學,博士班,女,0,0,0,0,0,0,0,0,0,0,0,0,0,0,0,0
113,1,私立,技專校院,1032,明新學校財團法人明新科技大學,博士班,男,8,0,0,0,0,0,0,0,0,0,0,0,0,0,0,0
113,1,私立,技專校院,1032,明新學校財團法人明新科技大學,碩士班(日間),女,167,4,0,0,0,0,0,0,0,0,4,1,0,2,1,0
113,1,私立,技專校院,1032,明新學校財團法人明新科技大學,碩士在職專班,女,119,1,1,1,0,0,0,0,0,0,0,0,0,0,0,0
113,1,私立,技專校院,1032,明新學校財團法人明新科技大學,二專(日間),女,1,1,0,0,0,0,0,0,0,0,1,0,0,1,0,0
113,1,私立,技專校院,1032,明新學校財團法人明新科技大學,二專(進修),女,37,10,4,3,0,0,0,0,1,0,6,0,0,1,5,0
113,1,私立,技專校院,1032,明新學校財團法人明新科技大學,二專(進修),男,89,23,14,12,0,0,0,0,2,0,9,0,0,3,6,0
113,1,私立,技專校院,1032,明新學校財團法人明新科技大學,學士班(日間),女,2564,144,50,39,2,0,3,4,2,0,94,4,0,18,44,28
113,1,私立,技專校院,1032,明新學校財團法人明新科技大學,學士班(日間),男,3698,252,80,76,0,0,0,2,2,0,172,5,0,34,81,52
113,1,私立,技專校院,1032,明新學校財團法人明新科技大學,學士班(進修),女,1089,91,25,9,0,0,0,2,14,0,66,2,0,12,52,0
113,1,私立,技專校院,1032,明新學校財團法人明新科技大學,碩士班(日間),男,208,4,0,0,0,0,0,0,0,0,4,0,0,3,1,0
113,1,私立,技專校院,1032,明新學校財團法人明新科技大學,碩士在職專班,男,186,10,3,0,0,0,0,1,2,0,7,0,0,2,5,0
113,2,私立,技專校院,1032,明新學校財團法人明新科技大學,二專(日間),男,12,1,0,0,0,0,0,0,0,0,1,0,0,1,0,0
113,2,私立,技專校院,1032,明新學校財團法人明新科技大學,學士班(進修),女,1089,64,14,2,1,0,0,1,9,1,50,0,0,19,31,0
113,2,私立,技專校院,1032,明新學校財團法人明新科技大學,學士班(進修),男,1731,113,39,5,0,0,0,0,33,1,74,0,0,42,32,0
113,2,私立,技專校院,1032,明新學校財團法人明新科技大學,博士班,女,0,0,0,0,0,0,0,0,0,0,0,0,0,0,0,0
113,2,私立,技專校院,1032,明新學校財團法人明新科技大學,碩士班(日間),女,167,4,1,1,0,0,0,0,0,0,3,0,0,2,1,0
113,2,私立,技專校院,1032,明新學校財團法人明新科技大學,碩士班(日間),男,208,9,0,0,0,0,0,0,0,0,9,3,0,0,6,0
113,2,私立,技專校院,1032,明新學校財團法人明新科技大學,碩士在職專班,女,119,4,1,0,0,0,0,0,1,0,3,0,0,1,2,0
113,2,私立,技專校院,1032,明新學校財團法人明新科技大學,碩士在職專班,男,186,9,3,0,0,0,0,0,3,0,6,0,0,3,3,0
113,2,私立,技專校院,1032,明新學校財團法人明新科技大學,二專(日間),女,1,0,0,0,0,0,0,0,0,0,0,0,0,0,0,0
113,2,私立,技專校院,1032,明新學校財團法人明新科技大學,二專(進修),女,37,5,2,1,0,0,0,0,1,0,3,0,0,3,0,0
113,2,私立,技專校院,1032,明新學校財團法人明新科技大學,二專(進修),男,89,7,2,0,0,0,0,0,2,0,5,0,0,5,0,0
113,2,私立,技專校院,1032,明新學校財團法人明新科技大學,學士班(日間),女,2564,128,32,20,0,0,1,2,0,9,96,28,0,25,21,22
113,2,私立,技專校院,1032,明新學校財團法人明新科技大學,學士班(日間),男,3698,253,65,41,0,0,1,6,3,14,188,76,0,43,39,30
113,2,私立,技專校院,1032,明新學校財團法人明新科技大學,博士班,男,8,0,0,0,0,0,0,0,0,0,0,0,0,0,0,0
113,1,私立,一般大學,1033,長榮大學,學士班(日間),女,2124,119,57,55,0,0,0,0,2,0,62,3,0,5,54,0
113,1,私立,一般大學,1033,長榮大學,學士班(日間),男,2117,153,76,70,0,0,0,1,5,0,77,4,0,27,46,0
113,1,私立,一般大學,1033,長榮大學,碩士班(日間),男,74,4,0,0,0,0,0,0,0,0,4,1,0,0,3,0
113,1,私立,一般大學,1033,長榮大學,學士班(進修),女,39,6,4,2,0,0,0,0,2,0,2,0,0,1,1,0
113,1,私立,一般大學,1033,長榮大學,學士班(進修),男,141,28,21,14,0,0,1,5,1,0,7,2,0,3,2,0
113,1,私立,一般大學,1033,長榮大學,博士班,女,17,0,0,0,0,0,0,0,0,0,0,0,0,0,0,0
113,1,私立,一般大學,1033,長榮大學,博士班,男,29,3,0,0,0,0,0,0,0,0,3,0,0,0,3,0
113,1,私立,一般大學,1033,長榮大學,碩士班(日間),女,134,8,1,0,0,0,0,0,1,0,7,1,0,0,6,0
113,1,私立,一般大學,1033,長榮大學,碩士在職專班,女,37,4,3,0,0,0,0,0,3,0,1,0,0,1,0,0
113,1,私立,一般大學,1033,長榮大學,碩士在職專班,男,57,1,0,0,0,0,0,0,0,0,1,0,0,1,0,0
113,2,私立,一般大學,1033,長榮大學,學士班(進修),女,39,11,2,0,0,0,0,0,2,0,9,0,0,9,0,0
113,2,私立,一般大學,1033,長榮大學,學士班(進修),男,141,12,4,2,0,0,1,1,0,0,8,2,0,4,2,0
113,2,私立,一般大學,1033,長榮大學,博士班,女,17,0,0,0,0,0,0,0,0,0,0,0,0,0,0,0
113,2,私立,一般大學,1033,長榮大學,碩士班(日間),女,134,8,1,1,0,0,0,0,0,0,7,0,0,5,2,0
113,2,私立,一般大學,1033,長榮大學,碩士班(日間),男,74,3,0,0,0,0,0,0,0,0,3,1,0,0,2,0
113,2,私立,一般大學,1033,長榮大學,碩士在職專班,女,37,0,0,0,0,0,0,0,0,0,0,0,0,0,0,0
113,2,私立,一般大學,1033,長榮大學,學士班(日間),女,2124,48,21,20,0,0,0,0,1,0,27,1,0,8,18,0
113,2,私立,一般大學,1033,長榮大學,學士班(日間),男,2117,55,21,21,0,0,0,0,0,0,34,1,0,10,23,0
113,2,私立,一般大學,1033,長榮大學,博士班,男,29,1,0,0,0,0,0,0,0,0,1,0,0,0,1,0
113,2,私立,一般大學,1033,長榮大學,碩士在職專班,男,57,0,0,0,0,0,0,0,0,0,0,0,0,0,0,0
113,1,私立,技專校院,1034,弘光科技大學,二專(日間),女,24,1,1,0,0,0,0,1,0,0,0,0,0,0,0,0
113,1,私立,技專校院,1034,弘光科技大學,二專(進修),男,18,5,3,2,0,0,0,0,1,0,2,0,0,1,1,0
113,1,私立,技專校院,1034,弘光科技大學,學士班(日間),男,2439,137,48,45,0,0,0,3,0,0,89,11,0,45,33,0
113,1,私立,技專校院,1034,弘光科技大學,學士班(進修),男,1284,174,39,34,0,0,0,1,4,0,135,16,0,60,59,0
113,1,私立,技專校院,1034,弘光科技大學,博士班,女,16,0,0,0,0,0,0,0,0,0,0,0,0,0,0,0
113,1,私立,技專校院,1034,弘光科技大學,博士班,男,1,0,0,0,0,0,0,0,0,0,0,0,0,0,0,0
113,1,私立,技專校院,1034,弘光科技大學,碩士班(日間),女,134,14,0,0,0,0,0,0,0,0,14,1,0,3,10,0
113,1,私立,技專校院,1034,弘光科技大學,碩士在職專班,女,57,10,1,0,0,0,0,0,1,0,9,1,0,3,5,0
113,1,私立,技專校院,1034,弘光科技大學,二專(日間),男,17,1,1,0,0,0,0,1,0,0,0,0,0,0,0,0
113,1,私立,技專校院,1034,弘光科技大學,二專(進修),女,67,22,5,3,0,0,0,0,2,0,17,0,0,9,8,0
113,1,私立,技專校院,1034,弘光科技大學,學士班(日間),女,4886,269,120,107,0,0,4,8,1,0,149,14,0,43,92,0
113,1,私立,技專校院,1034,弘光科技大學,學士班(進修),女,2043,176,40,33,0,0,2,4,1,0,136,10,0,60,66,0
113,1,私立,技專校院,1034,弘光科技大學,五專,女,242,4,4,4,0,0,0,0,0,0,0,0,0,0,0,0
113,1,私立,技專校院,1034,弘光科技大學,五專,男,22,1,1,1,0,0,0,0,0,0,0,0,0,0,0,0
113,1,私立,技專校院,1034,弘光科技大學,碩士班(日間),男,45,5,0,0,0,0,0,0,0,0,5,0,0,1,4,0
113,1,私立,技專校院,1034,弘光科技大學,碩士在職專班,男,25,3,0,0,0,0,0,0,0,0,3,0,0,0,3,0
113,2,私立,技專校院,1034,弘光科技大學,二專(日間),女,24,0,0,0,0,0,0,0,0,0,0,0,0,0,0,0
113,2,私立,技專校院,1034,弘光科技大學,二專(日間),男,17,1,0,0,0,0,0,0,0,0,1,0,0,1,0,0
113,2,私立,技專校院,1034,弘光科技大學,二專(進修),女,67,11,1,1,0,0,0,0,0,0,10,0,0,6,4,0
113,2,私立,技專校院,1034,弘光科技大學,二專(進修),男,18,5,0,0,0,0,0,0,0,0,5,0,0,1,4,0
113,2,私立,技專校院,1034,弘光科技大學,學士班(日間),女,4886,114,46,37,0,0,1,7,1,0,68,9,0,23,36,0
113,2,私立,技專校院,1034,弘光科技大學,學士班(日間),男,2439,98,27,25,0,0,0,1,1,0,71,23,0,25,23,0
113,2,私立,技專校院,1034,弘光科技大學,五專,女,242,2,1,1,0,0,0,0,0,0,1,0,0,0,1,0
113,2,私立,技專校院,1034,弘光科技大學,五專,男,22,0,0,0,0,0,0,0,0,0,0,0,0,0,0,0
113,2,私立,技專校院,1034,弘光科技大學,碩士班(日間),男,45,2,0,0,0,0,0,0,0,0,2,0,0,0,2,0
113,2,私立,技專校院,1034,弘光科技大學,學士班(進修),女,2043,98,12,10,0,0,1,0,1,0,86,10,0,26,50,0
113,2,私立,技專校院,1034,弘光科技大學,學士班(進修),男,1284,98,12,7,0,0,0,0,5,0,86,21,0,40,25,0
113,2,私立,技專校院,1034,弘光科技大學,博士班,女,16,0,0,0,0,0,0,0,0,0,0,0,0,0,0,0
113,2,私立,技專校院,1034,弘光科技大學,博士班,男,1,0,0,0,0,0,0,0,0,0,0,0,0,0,0,0
113,2,私立,技專校院,1034,弘光科技大學,碩士班(日間),女,134,6,0,0,0,0,0,0,0,0,6,2,0,2,2,0
113,2,私立,技專校院,1034,弘光科技大學,碩士在職專班,女,57,2,1,0,0,0,0,0,1,0,1,0,0,1,0,0
113,2,私立,技專校院,1034,弘光科技大學,碩士在職專班,男,25,1,0,0,0,0,0,0,0,0,1,0,0,1,0,0
113,1,私立,一般大學,1035,中國醫藥大學,博士班,女,197,5,1,0,0,0,1,0,0,0,4,1,0,0,3,0
113,1,私立,一般大學,1035,中國醫藥大學,碩士班(日間),女,371,31,11,6,0,0,0,1,3,1,20,2,0,1,17,0
113,1,私立,一般大學,1035,中國醫藥大學,碩士在職專班,女,60,12,5,4,0,0,0,0,1,0,7,0,0,0,7,0
113,1,私立,一般大學,1035,中國醫藥大學,碩士在職專班,男,25,2,0,0,0,0,0,0,0,0,2,0,0,1,1,0
113,1,私立,一般大學,1035,中國醫藥大學,學士班(日間),女,3744,98,42,41,0,0,0,0,0,1,56,2,0,0,54,0
113,1,私立,一般大學,1035,中國醫藥大學,學士班(日間),男,2696,79,38,37,0,0,0,0,0,1,41,2,0,1,38,0
113,1,私立,一般大學,1035,中國醫藥大學,博士班,男,245,14,5,2,0,1,0,0,1,1,9,2,0,0,7,0
113,1,私立,一般大學,1035,中國醫藥大學,碩士班(日間),男,154,16,6,1,0,0,0,0,3,2,10,0,0,0,10,0
113,2,私立,一般大學,1035,中國醫藥大學,博士班,女,197,3,1,0,0,0,0,0,0,1,2,0,0,1,1,0
113,2,私立,一般大學,1035,中國醫藥大學,博士班,男,245,8,2,0,0,0,0,0,1,1,6,1,0,0,5,0
113,2,私立,一般大學,1035,中國醫藥大學,碩士班(日間),女,371,19,9,7,0,0,0,0,2,0,10,0,0,1,9,0
113,2,私立,一般大學,1035,中國醫藥大學,碩士班(日間),男,154,5,1,1,0,0,0,0,0,0,4,0,0,0,4,0
113,2,私立,一般大學,1035,中國醫藥大學,碩士在職專班,女,60,3,1,0,0,0,1,0,0,0,2,0,0,1,1,0
113,2,私立,一般大學,1035,中國醫藥大學,碩士在職專班,男,25,1,0,0,0,0,0,0,0,0,1,0,0,0,1,0
113,2,私立,一般大學,1035,中國醫藥大學,學士班(日間),女,3744,43,32,30,0,0,0,1,0,1,11,0,0,1,10,0
113,2,私立,一般大學,1035,中國醫藥大學,學士班(日間),男,2696,34,20,20,0,0,0,0,0,0,14,2,0,0,12,0
113,1,私立,技專校院,1036,健行學校財團法人健行科技大學,學士班(日間),女,1990,125,44,32,0,0,2,8,2,0,81,23,4,20,34,0
113,1,私立,技專校院,1036,健行學校財團法人健行科技大學,學士班(日間),男,3110,228,76,60,0,0,0,10,6,0,152,43,3,57,49,0
113,1,私立,技專校院,1036,健行學校財團法人健行科技大學,學士班(進修),男,2055,186,19,9,0,0,1,0,9,0,167,21,6,36,104,0
113,1,私立,技專校院,1036,健行學校財團法人健行科技大學,碩士班(日間),男,173,18,5,2,0,0,0,0,3,0,13,2,0,8,3,0
113,1,私立,技專校院,1036,健行學校財團法人健行科技大學,碩士在職專班,女,16,0,0,0,0,0,0,0,0,0,0,0,0,0,0,0
113,1,私立,技專校院,1036,健行學校財團法人健行科技大學,學士班(進修),女,1264,127,12,9,0,0,0,1,2,0,115,5,7,24,79,0
113,1,私立,技專校院,1036,健行學校財團法人健行科技大學,碩士班(日間),女,151,12,3,0,0,0,0,0,3,0,9,4,0,4,1,0
113,1,私立,技專校院,1036,健行學校財團法人健行科技大學,碩士在職專班,男,18,2,0,0,0,0,0,0,0,0,2,1,0,1,0,0
113,2,私立,技專校院,1036,健行學校財團法人健行科技大學,學士班(進修),女,1264,86,6,3,0,0,0,0,3,0,80,11,3,34,32,0
113,2,私立,技專校院,1036,健行學校財團法人健行科技大學,碩士班(日間),女,151,11,0,0,0,0,0,0,0,0,11,6,0,2,3,0
113,2,私立,技專校院,1036,健行學校財團法人健行科技大學,碩士班(日間),男,173,20,0,0,0,0,0,0,0,0,20,6,0,8,6,0
113,2,私立,技專校院,1036,健行學校財團法人健行科技大學,碩士在職專班,男,18,0,0,0,0,0,0,0,0,0,0,0,0,0,0,0
113,2,私立,技專校院,1036,健行學校財團法人健行科技大學,學士班(日間),女,1990,90,12,10,0,0,0,2,0,0,78,19,0,30,29,0
113,2,私立,技專校院,1036,健行學校財團法人健行科技大學,學士班(日間),男,3110,170,26,21,0,0,1,2,1,1,144,54,1,50,39,0
113,2,私立,技專校院,1036,健行學校財團法人健行科技大學,學士班(進修),男,2055,218,9,5,0,0,1,0,2,1,209,63,5,69,72,0
113,2,私立,技專校院,1036,健行學校財團法人健行科技大學,碩士在職專班,女,16,0,0,0,0,0,0,0,0,0,0,0,0,0,0,0
113,1,私立,技專校院,1037,正修學校財團法人正修科技大學,二專(進修),男,376,65,4,2,0,0,0,0,2,0,61,23,0,10,28,0
113,1,私立,技專校院,1037,正修學校財團法人正修科技大學,學士班(日間),男,4857,315,99,78,0,0,0,3,16,2,216,55,7,35,119,0
113,1,私立,技專校院,1037,正修學校財團法人正修科技大學,五專,女,117,6,2,2,0,0,0,0,0,0,4,2,1,0,1,0
113,1,私立,技專校院,1037,正修學校財團法人正修科技大學,博士班,女,2,0,0,0,0,0,0,0,0,0,0,0,0,0,0,0
113,1,私立,技專校院,1037,正修學校財團法人正修科技大學,博士班,男,19,0,0,0,0,0,0,0,0,0,0,0,0,0,0,0
113,1,私立,技專校院,1037,正修學校財團法人正修科技大學,碩士班(日間),女,131,13,3,0,0,0,0,1,1,1,10,0,0,1,9,0
113,1,私立,技專校院,1037,正修學校財團法人正修科技大學,碩士在職專班,女,88,8,0,0,0,0,0,0,0,0,8,1,0,1,6,0
113,1,私立,技專校院,1037,正修學校財團法人正修科技大學,二專(進修),女,226,32,4,4,0,0,0,0,0,0,28,5,0,3,20,0
113,1,私立,技專校院,1037,正修學校財團法人正修科技大學,學士班(日間),女,2620,188,74,65,0,0,1,0,7,1,114,17,4,8,85,0
113,1,私立,技專校院,1037,正修學校財團法人正修科技大學,學士班(進修),女,2322,206,49,27,1,0,2,1,15,3,157,34,4,28,91,0
113,1,私立,技專校院,1037,正修學校財團法人正修科技大學,學士班(進修),男,3578,378,70,38,0,0,0,1,29,2,308,77,4,62,165,0
113,1,私立,技專校院,1037,正修學校財團法人正修科技大學,五專,男,283,26,11,10,0,0,0,0,1,0,15,8,0,3,4,0
113,1,私立,技專校院,1037,正修學校財團法人正修科技大學,碩士班(日間),男,198,19,1,1,0,0,0,0,0,0,18,2,0,9,7,0
113,1,私立,技專校院,1037,正修學校財團法人正修科技大學,碩士在職專班,男,140,13,2,0,0,0,0,0,2,0,11,0,0,2,9,0
113,2,私立,技專校院,1037,正修學校財團法人正修科技大學,二專(進修),男,376,44,3,0,0,0,0,0,3,0,41,2,3,20,16,0
113,2,私立,技專校院,1037,正修學校財團法人正修科技大學,學士班(日間),男,4857,211,40,25,0,0,1,2,11,1,171,66,7,33,65,0
113,2,私立,技專校院,1037,正修學校財團法人正修科技大學,學士班(進修),男,3578,259,26,9,0,0,0,2,15,0,233,57,5,58,113,0
113,2,私立,技專校院,1037,正修學校財團法人正修科技大學,博士班,男,19,0,0,0,0,0,0,0,0,0,0,0,0,0,0,0
113,2,私立,技專校院,1037,正修學校財團法人正修科技大學,碩士班(日間),女,131,12,0,0,0,0,0,0,0,0,12,1,0,8,3,0
113,2,私立,技專校院,1037,正修學校財團法人正修科技大學,碩士在職專班,女,88,2,1,0,0,0,0,0,1,0,1,0,0,0,1,0
113,2,私立,技專校院,1037,正修學校財團法人正修科技大學,二專(進修),女,226,21,3,0,0,0,0,0,3,0,18,1,0,7,10,0
113,2,私立,技專校院,1037,正修學校財團法人正修科技大學,學士班(日間),女,2620,115,28,20,0,0,1,0,7,0,87,34,5,13,35,0
113,2,私立,技專校院,1037,正修學校財團法人正修科技大學,學士班(進修),女,2322,134,25,10,0,0,1,2,11,1,109,12,1,32,64,0
113,2,私立,技專校院,1037,正修學校財團法人正修科技大學,五專,女,117,8,3,3,0,0,0,0,0,0,5,5,0,0,0,0
113,2,私立,技專校院,1037,正修學校財團法人正修科技大學,五專,男,283,23,5,5,0,0,0,0,0,0,18,14,1,1,2,0
113,2,私立,技專校院,1037,正修學校財團法人正修科技大學,博士班,女,2,0,0,0,0,0,0,0,0,0,0,0,0,0,0,0
113,2,私立,技專校院,1037,正修學校財團法人正修科技大學,碩士班(日間),男,198,15,1,0,0,0,0,0,1,0,14,0,0,8,6,0
113,2,私立,技專校院,1037,正修學校財團法人正修科技大學,碩士在職專班,男,140,12,0,0,0,0,0,0,0,0,12,0,0,6,6,0
113,1,私立,技專校院,1038,萬能學校財團法人萬能科技大學,學士班(日間),女,2294,109,57,48,0,0,0,9,0,0,52,22,1,26,3,0
113,1,私立,技專校院,1038,萬能學校財團法人萬能科技大學,學士班(日間),男,2921,147,79,72,0,0,2,3,2,0,68,19,1,44,4,0
113,1,私立,技專校院,1038,萬能學校財團法人萬能科技大學,學士班(進修),女,979,69,12,7,0,0,0,0,5,0,57,7,0,16,34,0
113,1,私立,技專校院,1038,萬能學校財團法人萬能科技大學,學士班(進修),男,1356,131,26,23,0,0,0,0,3,0,105,27,0,45,33,0
113,1,私立,技專校院,1038,萬能學校財團法人萬能科技大學,碩士班(日間),女,88,5,2,0,0,0,0,0,2,0,3,0,0,3,0,0
113,1,私立,技專校院,1038,萬能學校財團法人萬能科技大學,碩士班(日間),男,90,9,1,1,0,0,0,0,0,0,8,6,0,1,1,0
113,1,私立,技專校院,1038,萬能學校財團法人萬能科技大學,碩士在職專班,女,99,3,2,0,0,1,0,0,1,0,1,0,0,0,1,0
113,1,私立,技專校院,1038,萬能學校財團法人萬能科技大學,碩士在職專班,男,54,2,0,0,0,0,0,0,0,0,2,0,0,1,1,0
113,2,私立,技專校院,1038,萬能學校財團法人萬能科技大學,學士班(日間),女,2294,85,17,15,0,0,0,2,0,0,68,29,0,38,1,0
113,2,私立,技專校院,1038,萬能學校財團法人萬能科技大學,學士班(進修),女,979,88,1,0,0,0,0,1,0,0,87,9,0,66,12,0
113,2,私立,技專校院,1038,萬能學校財團法人萬能科技大學,學士班(進修),男,1356,128,5,4,0,0,0,1,0,0,123,37,0,74,12,0
113,2,私立,技專校院,1038,萬能學校財團法人萬能科技大學,碩士班(日間),女,88,7,0,0,0,0,0,0,0,0,7,1,0,4,2,0
113,2,私立,技專校院,1038,萬能學校財團法人萬能科技大學,碩士班(日間),男,90,5,1,0,0,0,0,0,1,0,4,0,0,2,2,0
113,2,私立,技專校院,1038,萬能學校財團法人萬能科技大學,碩士在職專班,男,54,1,0,0,0,0,0,0,0,0,1,0,0,1,0,0
113,2,私立,技專校院,1038,萬能學校財團法人萬能科技大學,學士班(日間),男,2921,131,26,24,0,0,1,1,0,0,105,64,1,39,1,0
113,2,私立,技專校院,1038,萬能學校財團法人萬能科技大學,碩士在職專班,女,99,2,0,0,0,0,0,0,0,0,2,0,0,2,0,0
113,1,私立,一般大學,1039,玄奘大學,學士班(日間),女,539,36,19,12,0,1,1,1,3,1,17,6,0,5,6,0
113,1,私立,一般大學,1039,玄奘大學,學士班(進修),女,48,3,2,0,0,0,0,0,2,0,1,0,0,0,1,0
113,1,私立,一般大學,1039,玄奘大學,學士班(進修),男,23,4,3,0,0,0,0,2,1,0,1,0,0,1,0,0
113,1,私立,一般大學,1039,玄奘大學,碩士班(日間),男,96,14,2,1,0,0,1,0,0,0,12,2,0,6,4,0
113,1,私立,一般大學,1039,玄奘大學,碩士在職專班,男,44,6,2,0,0,0,0,0,1,1,4,1,0,0,3,0
113,1,私立,一般大學,1039,玄奘大學,學士班(日間),男,357,31,12,10,0,0,0,0,1,1,19,8,0,3,8,0
113,1,私立,一般大學,1039,玄奘大學,碩士班(日間),女,166,8,4,2,1,0,0,0,1,0,4,2,0,2,0,0
113,1,私立,一般大學,1039,玄奘大學,碩士在職專班,女,114,10,2,0,0,0,1,0,1,0,8,3,0,1,4,0
113,2,私立,一般大學,1039,玄奘大學,學士班(日間),女,539,22,11,7,0,0,0,1,3,0,11,5,0,5,1,0
113,2,私立,一般大學,1039,玄奘大學,學士班(進修),女,48,1,0,0,0,0,0,0,0,0,1,0,0,1,0,0
113,2,私立,一般大學,1039,玄奘大學,碩士班(日間),男,96,7,3,1,0,0,0,0,2,0,4,1,0,3,0,0
113,2,私立,一般大學,1039,玄奘大學,碩士在職專班,男,44,2,2,1,0,0,1,0,0,0,0,0,0,0,0,0
113,2,私立,一般大學,1039,玄奘大學,學士班(日間),男,357,24,9,5,0,0,0,0,4,0,15,5,0,10,0,0
113,2,私立,一般大學,1039,玄奘大學,學士班(進修),男,23,1,0,0,0,0,0,0,0,0,1,0,0,1,0,0
113,2,私立,一般大學,1039,玄奘大學,碩士班(日間),女,166,15,11,2,0,0,3,1,4,1,4,1,0,3,0,0
113,2,私立,一般大學,1039,玄奘大學,碩士在職專班,女,114,6,4,0,0,0,2,0,1,1,2,0,0,2,0,0
113,1,私立,技專校院,1040,建國科技大學,二專(進修),女,15,3,0,0,0,0,0,0,0,0,3,0,0,2,1,0
113,1,私立,技專校院,1040,建國科技大學,二專(進修),男,35,6,3,2,0,0,0,0,1,0,3,0,0,1,2,0
113,1,私立,技專校院,1040,建國科技大學,學士班(日間),女,664,43,9,8,0,0,0,0,1,0,34,12,0,6,12,4
113,1,私立,技專校院,1040,建國科技大學,學士班(日間),男,1363,84,26,23,0,0,0,0,2,1,58,10,0,16,24,8
113,1,私立,技專校院,1040,建國科技大學,學士班(進修),女,415,29,10,7,0,0,0,0,3,0,19,1,0,8,10,0
113,1,私立,技專校院,1040,建國科技大學,學士班(進修),男,923,86,25,21,0,0,0,1,2,1,61,12,0,23,26,0
113,1,私立,技專校院,1040,建國科技大學,碩士班(日間),女,39,8,1,0,0,0,0,0,1,0,7,0,0,2,5,0
113,1,私立,技專校院,1040,建國科技大學,碩士班(日間),男,43,2,0,0,0,0,0,0,0,0,2,0,0,0,2,0
113,2,私立,技專校院,1040,建國科技大學,二專(進修),女,15,2,0,0,0,0,0,0,0,0,2,0,0,1,1,0
113,2,私立,技專校院,1040,建國科技大學,學士班(日間),女,664,50,12,6,0,0,0,0,1,5,38,10,0,10,5,13
113,2,私立,技專校院,1040,建國科技大學,學士班(進修),女,415,31,6,5,0,0,0,0,1,0,25,4,0,15,6,0
113,2,私立,技專校院,1040,建國科技大學,學士班(進修),男,923,66,8,7,0,0,0,0,1,0,58,18,0,24,16,0
113,2,私立,技專校院,1040,建國科技大學,碩士班(日間),女,39,1,0,0,0,0,0,0,0,0,1,0,0,1,0,0
113,2,私立,技專校院,1040,建國科技大學,碩士班(日間),男,43,4,0,0,0,0,0,0,0,0,4,2,0,2,0,0
113,2,私立,技專校院,1040,建國科技大學,二專(進修),男,35,3,0,0,0,0,0,0,0,0,3,0,0,1,2,0
113,2,私立,技專校院,1040,建國科技大學,學士班(日間),男,1363,94,8,6,0,0,0,0,2,0,86,21,0,24,23,18
113,1,私立,技專校院,1041,明志科技大學,學士班(日間),女,1104,23,13,13,0,0,0,0,0,0,10,0,1,6,3,0
113,1,私立,技專校院,1041,明志科技大學,學士班(進修),女,2,0,0,0,0,0,0,0,0,0,0,0,0,0,0,0
113,1,私立,技專校院,1041,明志科技大學,學士班(進修),男,68,9,8,2,0,0,0,0,6,0,1,0,0,1,0,0
113,1,私立,技專校院,1041,明志科技大學,博士班,女,21,0,0,0,0,0,0,0,0,0,0,0,0,0,0,0
113,1,私立,技專校院,1041,明志科技大學,碩士班(日間),男,413,20,6,5,0,0,1,0,0,0,14,0,0,8,6,0
113,1,私立,技專校院,1041,明志科技大學,碩士在職專班,男,19,0,0,0,0,0,0,0,0,0,0,0,0,0,0,0
113,1,私立,技專校院,1041,明志科技大學,學士班(日間),男,2555,81,32,30,0,0,1,0,1,0,49,3,1,21,24,0
113,1,私立,技專校院,1041,明志科技大學,博士班,男,64,5,1,1,0,0,0,0,0,0,4,0,0,1,3,0
113,1,私立,技專校院,1041,明志科技大學,碩士班(日間),女,135,4,1,1,0,0,0,0,0,0,3,1,0,1,1,0
113,1,私立,技專校院,1041,明志科技大學,碩士在職專班,女,2,1,1,0,0,0,0,0,1,0,0,0,0,0,0,0
113,2,私立,技專校院,1041,明志科技大學,學士班(日間),女,1104,5,3,3,0,0,0,0,0,0,2,1,0,0,1,0
113,2,私立,技專校院,1041,明志科技大學,學士班(進修),女,2,0,0,0,0,0,0,0,0,0,0,0,0,0,0,0
113,2,私立,技專校院,1041,明志科技大學,碩士班(日間),男,413,10,2,2,0,0,0,0,0,0,8,0,0,2,6,0
113,2,私立,技專校院,1041,明志科技大學,碩士在職專班,男,19,0,0,0,0,0,0,0,0,0,0,0,0,0,0,0
113,2,私立,技專校院,1041,明志科技大學,學士班(日間),男,2555,23,12,12,0,0,0,0,0,0,11,0,0,0,11,0
113,2,私立,技專校院,1041,明志科技大學,學士班(進修),男,68,1,1,0,0,0,0,0,1,0,0,0,0,0,0,0
113,2,私立,技專校院,1041,明志科技大學,博士班,女,21,0,0,0,0,0,0,0,0,0,0,0,0,0,0,0
113,2,私立,技專校院,1041,明志科技大學,博士班,男,64,2,0,0,0,0,0,0,0,0,2,0,0,1,1,0
113,2,私立,技專校院,1041,明志科技大學,碩士班(日間),女,135,0,0,0,0,0,0,0,0,0,0,0,0,0,0,0
113,2,私立,技專校院,1041,明志科技大學,碩士在職專班,女,2,0,0,0,0,0,0,0,0,0,0,0,0,0,0,0
113,1,私立,技專校院,1042,台鋼學校財團法人台鋼科技大學,二專(進修),男,16,2,1,1,0,0,0,0,0,0,1,0,0,1,0,0
113,1,私立,技專校院,1042,台鋼學校財團法人台鋼科技大學,學士班(日間),男,542,33,20,2,0,0,4,12,2,0,13,5,1,7,0,0
113,1,私立,技專校院,1042,台鋼學校財團法人台鋼科技大學,學士班(進修),男,268,30,8,2,0,0,0,1,5,0,22,4,0,6,12,0
113,1,私立,技專校院,1042,台鋼學校財團法人台鋼科技大學,五專,女,0,1,1,1,0,0,0,0,0,0,0,0,0,0,0,0
113,1,私立,技專校院,1042,台鋼學校財團法人台鋼科技大學,碩士班(日間),女,9,1,0,0,0,0,0,0,0,0,1,1,0,0,0,0
113,1,私立,技專校院,1042,台鋼學校財團法人台鋼科技大學,二專(進修),女,16,1,0,0,0,0,0,0,0,0,1,0,0,0,1,0
113,1,私立,技專校院,1042,台鋼學校財團法人台鋼科技大學,學士班(日間),女,264,10,9,0,0,0,2,7,0,0,1,0,0,0,1,0
113,1,私立,技專校院,1042,台鋼學校財團法人台鋼科技大學,學士班(進修),女,71,8,5,3,0,0,0,0,2,0,3,0,0,0,3,0
113,1,私立,技專校院,1042,台鋼學校財團法人台鋼科技大學,碩士班(日間),男,18,2,1,0,0,0,0,0,1,0,1,0,0,1,0,0
113,1,私立,技專校院,1042,台鋼學校財團法人台鋼科技大學,碩士在職專班,女,4,2,0,0,0,0,0,0,0,0,2,1,0,0,1,0
113,1,私立,技專校院,1042,台鋼學校財團法人台鋼科技大學,碩士在職專班,男,32,2,1,0,0,0,0,0,1,0,1,1,0,0,0,0
113,2,私立,技專校院,1042,台鋼學校財團法人台鋼科技大學,二專(進修),女,16,2,0,0,0,0,0,0,0,0,2,0,0,2,0,0
113,2,私立,技專校院,1042,台鋼學校財團法人台鋼科技大學,學士班(日間),女,264,11,10,3,0,0,4,2,1,0,1,0,0,1,0,0
113,2,私立,技專校院,1042,台鋼學校財團法人台鋼科技大學,學士班(進修),女,71,4,0,0,0,0,0,0,0,0,4,2,0,0,2,0
113,2,私立,技專校院,1042,台鋼學校財團法人台鋼科技大學,學士班(進修),男,268,20,6,4,0,0,0,0,2,0,14,4,0,6,4,0
113,2,私立,技專校院,1042,台鋼學校財團法人台鋼科技大學,碩士班(日間),男,18,0,0,0,0,0,0,0,0,0,0,0,0,0,0,0
113,2,私立,技專校院,1042,台鋼學校財團法人台鋼科技大學,碩士在職專班,女,4,1,0,0,0,0,0,0,0,0,1,0,0,1,0,0
113,2,私立,技專校院,1042,台鋼學校財團法人台鋼科技大學,碩士在職專班,男,32,1,0,0,0,0,0,0,0,0,1,0,0,0,1,0
113,2,私立,技專校院,1042,台鋼學校財團法人台鋼科技大學,二專(進修),男,16,2,0,0,0,0,0,0,0,0,2,0,0,1,1,0
113,2,私立,技專校院,1042,台鋼學校財團法人台鋼科技大學,學士班(日間),男,542,46,26,19,0,0,4,0,3,0,20,8,2,8,2,0
113,2,私立,技專校院,1042,台鋼學校財團法人台鋼科技大學,碩士班(日間),女,9,1,1,0,0,0,0,0,1,0,0,0,0,0,0,0
113,1,私立,技專校院,1043,大仁科技大學,二專(進修),女,33,8,2,2,0,0,0,0,0,0,6,0,0,3,3,0
113,1,私立,技專校院,1043,大仁科技大學,二專(進修),男,20,4,0,0,0,0,0,0,0,0,4,0,0,1,3,0
113,1,私立,技專校院,1043,大仁科技大學,學士班(日間),女,1209,97,27,19,0,0,2,4,2,0,70,15,0,15,40,0
113,1,私立,技專校院,1043,大仁科技大學,學士班(日間),男,988,103,29,19,0,0,3,2,5,0,74,11,0,9,54,0
113,1,私立,技專校院,1043,大仁科技大學,學士班(進修),女,841,45,6,1,0,1,0,0,4,0,39,2,0,18,19,0
113,1,私立,技專校院,1043,大仁科技大學,學士班(進修),男,437,42,8,6,0,0,0,0,2,0,34,1,0,23,10,0
113,1,私立,技專校院,1043,大仁科技大學,五專,女,43,1,0,0,0,0,0,0,0,0,1,0,0,1,0,0
113,1,私立,技專校院,1043,大仁科技大學,碩士班(日間),男,28,12,0,0,0,0,0,0,0,0,12,2,0,0,10,0
113,1,私立,技專校院,1043,大仁科技大學,碩士在職專班,女,82,10,1,0,0,0,0,0,1,0,9,0,0,5,4,0
113,1,私立,技專校院,1043,大仁科技大學,碩士在職專班,男,66,8,0,0,0,0,0,0,0,0,8,0,0,4,4,0
113,1,私立,技專校院,1043,大仁科技大學,五專,男,24,0,0,0,0,0,0,0,0,0,0,0,0,0,0,0
113,1,私立,技專校院,1043,大仁科技大學,碩士班(日間),女,38,12,1,0,0,0,0,0,1,0,11,0,0,0,11,0
113,2,私立,技專校院,1043,大仁科技大學,學士班(進修),女,841,28,2,1,0,0,1,0,0,0,26,0,0,20,6,0
113,2,私立,技專校院,1043,大仁科技大學,五專,男,24,0,0,0,0,0,0,0,0,0,0,0,0,0,0,0
113,2,私立,技專校院,1043,大仁科技大學,碩士班(日間),女,38,1,0,0,0,0,0,0,0,0,1,0,0,1,0,0
113,2,私立,技專校院,1043,大仁科技大學,碩士班(日間),男,28,3,0,0,0,0,0,0,0,0,3,0,0,3,0,0
113,2,私立,技專校院,1043,大仁科技大學,碩士在職專班,男,66,5,0,0,0,0,0,0,0,0,5,0,0,5,0,0
113,2,私立,技專校院,1043,大仁科技大學,二專(進修),女,33,3,0,0,0,0,0,0,0,0,3,0,0,3,0,0
113,2,私立,技專校院,1043,大仁科技大學,二專(進修),男,20,2,0,0,0,0,0,0,0,0,2,1,0,1,0,0
113,2,私立,技專校院,1043,大仁科技大學,學士班(日間),女,1209,38,16,12,0,0,1,1,2,0,22,6,1,15,0,0
113,2,私立,技專校院,1043,大仁科技大學,學士班(日間),男,988,29,10,6,0,0,0,2,2,0,19,4,1,14,0,0
113,2,私立,技專校院,1043,大仁科技大學,學士班(進修),男,437,21,2,0,0,0,0,1,1,0,19,3,0,15,1,0
113,2,私立,技專校院,1043,大仁科技大學,五專,女,43,1,1,1,0,0,0,0,0,0,0,0,0,0,0,0
113,2,私立,技專校院,1043,大仁科技大學,碩士在職專班,女,82,1,0,0,0,0,0,0,0,0,1,0,0,1,0,0
113,1,私立,技專校院,1044,聖約翰科技大學,二專(進修),女,8,1,1,0,0,0,0,1,0,0,0,0,0,0,0,0
113,1,私立,技專校院,1044,聖約翰科技大學,學士班(日間),女,91,12,2,1,0,0,0,0,1,0,10,0,0,0,10,0
113,1,私立,技專校院,1044,聖約翰科技大學,學士班(進修),女,25,1,0,0,0,0,0,0,0,0,1,0,0,0,1,0
113,1,私立,技專校院,1044,聖約翰科技大學,學士班(進修),男,84,6,0,0,0,0,0,0,0,0,6,1,0,0,5,0
113,1,私立,技專校院,1044,聖約翰科技大學,碩士班(日間),男,13,5,1,0,0,0,0,0,1,0,4,1,0,0,3,0
113,1,私立,技專校院,1044,聖約翰科技大學,碩士在職專班,男,38,4,0,0,0,0,0,0,0,0,4,0,0,0,4,0
113,1,私立,技專校院,1044,聖約翰科技大學,二專(進修),男,13,2,0,0,0,0,0,0,0,0,2,0,0,0,2,0
113,1,私立,技專校院,1044,聖約翰科技大學,學士班(日間),男,158,26,3,2,0,0,0,0,1,0,23,1,0,2,20,0
113,1,私立,技專校院,1044,聖約翰科技大學,五專,女,1,1,0,0,0,0,0,0,0,0,1,0,0,0,1,0
113,1,私立,技專校院,1044,聖約翰科技大學,五專,男,14,2,1,0,0,0,0,1,0,0,1,0,0,0,1,0
113,1,私立,技專校院,1044,聖約翰科技大學,碩士班(日間),女,3,1,0,0,0,0,0,0,0,0,1,0,0,0,1,0
113,1,私立,技專校院,1044,聖約翰科技大學,碩士在職專班,女,19,4,0,0,0,0,0,0,0,0,4,0,0,0,4,0
113,2,私立,技專校院,1044,聖約翰科技大學,二專(進修),男,13,2,0,0,0,0,0,0,0,0,2,1,0,0,1,0
113,2,私立,技專校院,1044,聖約翰科技大學,學士班(日間),男,158,23,2,1,0,0,0,0,1,0,21,5,0,3,13,0
113,2,私立,技專校院,1044,聖約翰科技大學,學士班(進修),男,84,13,2,0,0,0,0,0,2,0,11,1,0,2,8,0
113,2,私立,技專校院,1044,聖約翰科技大學,五專,男,14,2,0,0,0,0,0,0,0,0,2,1,0,1,0,0
113,2,私立,技專校院,1044,聖約翰科技大學,碩士班(日間),女,3,1,0,0,0,0,0,0,0,0,1,1,0,0,0,0
113,2,私立,技專校院,1044,聖約翰科技大學,碩士在職專班,女,19,1,0,0,0,0,0,0,0,0,1,0,0,1,0,0
113,2,私立,技專校院,1044,聖約翰科技大學,二專(進修),女,8,4,1,0,0,0,0,0,1,0,3,0,0,1,2,0
113,2,私立,技專校院,1044,聖約翰科技大學,學士班(日間),女,91,5,0,0,0,0,0,0,0,0,5,0,0,3,2,0
113,2,私立,技專校院,1044,聖約翰科技大學,學士班(進修),女,25,1,1,0,0,0,0,0,1,0,0,0,0,0,0,0
113,2,私立,技專校院,1044,聖約翰科技大學,五專,女,1,0,0,0,0,0,0,0,0,0,0,0,0,0,0,0
113,2,私立,技專校院,1044,聖約翰科技大學,碩士班(日間),男,13,7,1,0,0,0,0,1,0,0,6,2,0,1,3,0
113,2,私立,技專校院,1044,聖約翰科技大學,碩士在職專班,男,38,9,0,0,0,0,0,0,0,0,9,4,0,3,2,0
113,1,私立,技專校院,1045,嶺東科技大學,學士班(日間),女,3447,186,79,77,0,0,1,0,1,0,107,11,0,32,64,0
113,1,私立,技專校院,1045,嶺東科技大學,學士班(日間),男,2297,137,61,59,0,0,0,0,2,0,76,7,0,24,45,0
113,1,私立,技專校院,1045,嶺東科技大學,碩士班(日間),男,112,25,1,0,0,0,0,0,1,0,24,0,0,3,21,0
113,1,私立,技專校院,1045,嶺東科技大學,學士班(進修),女,1076,153,26,26,0,0,0,0,0,0,127,21,0,30,76,0
113,1,私立,技專校院,1045,嶺東科技大學,學士班(進修),男,1109,184,42,39,0,0,0,0,3,0,142,42,0,38,62,0
113,1,私立,技專校院,1045,嶺東科技大學,碩士班(日間),女,137,15,1,1,0,0,0,0,0,0,14,0,0,3,11,0
113,1,私立,技專校院,1045,嶺東科技大學,碩士在職專班,女,71,7,0,0,0,0,0,0,0,0,7,2,0,0,5,0
113,1,私立,技專校院,1045,嶺東科技大學,碩士在職專班,男,106,9,0,0,0,0,0,0,0,0,9,5,0,3,1,0
113,2,私立,技專校院,1045,嶺東科技大學,學士班(進修),女,1076,70,4,1,0,0,1,0,2,0,66,6,0,39,21,0
113,2,私立,技專校院,1045,嶺東科技大學,學士班(進修),男,1109,120,8,5,0,0,0,0,3,0,112,26,0,70,16,0
113,2,私立,技專校院,1045,嶺東科技大學,碩士班(日間),女,137,13,0,0,0,0,0,0,0,0,13,8,0,1,4,0
113,2,私立,技專校院,1045,嶺東科技大學,碩士班(日間),男,112,10,0,0,0,0,0,0,0,0,10,5,0,1,4,0
113,2,私立,技專校院,1045,嶺東科技大學,碩士在職專班,女,71,1,0,0,0,0,0,0,0,0,1,0,0,1,0,0
113,2,私立,技專校院,1045,嶺東科技大學,碩士在職專班,男,106,7,1,0,0,0,0,0,1,0,6,0,0,3,3,0
113,2,私立,技專校院,1045,嶺東科技大學,學士班(日間),女,3447,142,33,33,0,0,0,0,0,0,109,40,0,40,29,0
113,2,私立,技專校院,1045,嶺東科技大學,學士班(日間),男,2297,128,14,13,0,0,1,0,0,0,114,50,0,36,28,0
113,1,私立,技專校院,1046,中國科技大學,二專(進修),男,61,18,6,6,0,0,0,0,0,0,12,0,0,7,5,0
113,1,私立,技專校院,1046,中國科技大學,學士班(日間),男,1934,142,38,37,0,0,0,0,0,1,104,5,0,45,54,0
113,1,私立,技專校院,1046,中國科技大學,碩士在職專班,女,25,2,0,0,0,0,0,0,0,0,2,0,0,0,2,0
113,1,私立,技專校院,1046,中國科技大學,二專(進修),女,51,15,2,2,0,0,0,0,0,0,13,0,0,6,7,0
113,1,私立,技專校院,1046,中國科技大學,學士班(日間),女,2152,120,49,46,0,0,0,0,2,1,71,3,0,32,36,0
113,1,私立,技專校院,1046,中國科技大學,學士班(進修),女,494,56,8,7,0,0,0,0,1,0,48,0,0,25,23,0
113,1,私立,技專校院,1046,中國科技大學,學士班(進修),男,671,72,14,11,0,0,0,0,3,0,58,3,0,21,34,0
113,1,私立,技專校院,1046,中國科技大學,碩士班(日間),女,61,11,0,0,0,0,0,0,0,0,11,0,0,1,10,0
113,1,私立,技專校院,1046,中國科技大學,碩士班(日間),男,73,4,0,0,0,0,0,0,0,0,4,0,0,1,3,0
113,1,私立,技專校院,1046,中國科技大學,碩士在職專班,男,39,3,0,0,0,0,0,0,0,0,3,0,0,0,3,0
113,2,私立,技專校院,1046,中國科技大學,二專(進修),女,51,3,0,0,0,0,0,0,0,0,3,0,0,1,2,0
113,2,私立,技專校院,1046,中國科技大學,學士班(日間),女,2152,96,23,21,0,0,0,0,1,1,73,15,0,24,32,2
113,2,私立,技專校院,1046,中國科技大學,學士班(進修),女,494,34,12,11,0,0,0,1,0,0,22,0,0,13,9,0
113,2,私立,技專校院,1046,中國科技大學,碩士班(日間),男,73,9,0,0,0,0,0,0,0,0,9,3,0,1,5,0
113,2,私立,技專校院,1046,中國科技大學,碩士在職專班,男,39,5,1,1,0,0,0,0,0,0,4,0,0,1,3,0
113,2,私立,技專校院,1046,中國科技大學,二專(進修),男,61,5,1,0,0,0,1,0,0,0,4,0,0,0,4,0
113,2,私立,技專校院,1046,中國科技大學,學士班(日間),男,1934,106,17,15,0,0,0,0,1,1,89,33,0,18,33,5
113,2,私立,技專校院,1046,中國科技大學,學士班(進修),男,671,62,5,3,0,0,0,0,2,0,57,10,0,26,21,0
113,2,私立,技專校院,1046,中國科技大學,碩士班(日間),女,61,6,1,1,0,0,0,0,0,0,5,1,0,0,4,0
113,2,私立,技專校院,1046,中國科技大學,碩士在職專班,女,25,2,0,0,0,0,0,0,0,0,2,0,0,0,2,0
113,1,私立,技專校院,1047,中臺科技大學,學士班(日間),男,1413,96,36,33,0,0,0,2,1,0,60,18,0,0,42,0
113,1,私立,技專校院,1047,中臺科技大學,學士班(進修),女,1397,125,52,40,0,1,0,0,9,2,73,4,0,3,66,0
113,1,私立,技專校院,1047,中臺科技大學,學士班(進修),男,477,73,35,27,0,0,0,0,7,1,38,5,0,1,32,0
113,1,私立,技專校院,1047,中臺科技大學,博士班,男,7,0,0,0,0,0,0,0,0,0,0,0,0,0,0,0
113,1,私立,技專校院,1047,中臺科技大學,碩士班(日間),女,109,6,0,0,0,0,0,0,0,0,6,1,0,0,5,0
113,1,私立,技專校院,1047,中臺科技大學,碩士在職專班,女,241,12,2,1,0,0,0,0,1,0,10,3,0,1,6,0
113,1,私立,技專校院,1047,中臺科技大學,二專(日間),男,0,1,1,1,0,0,0,0,0,0,0,0,0,0,0,0
113,1,私立,技專校院,1047,中臺科技大學,學士班(日間),女,2334,124,48,43,0,0,1,0,4,0,76,13,0,2,61,0
113,1,私立,技專校院,1047,中臺科技大學,五專,女,35,0,0,0,0,0,0,0,0,0,0,0,0,0,0,0
113,1,私立,技專校院,1047,中臺科技大學,五專,男,7,0,0,0,0,0,0,0,0,0,0,0,0,0,0,0
113,1,私立,技專校院,1047,中臺科技大學,博士班,女,3,0,0,0,0,0,0,0,0,0,0,0,0,0,0,0
113,1,私立,技專校院,1047,中臺科技大學,碩士班(日間),男,34,0,0,0,0,0,0,0,0,0,0,0,0,0,0,0
113,1,私立,技專校院,1047,中臺科技大學,碩士在職專班,男,45,5,0,0,0,0,0,0,0,0,5,0,0,0,5,0
113,2,私立,技專校院,1047,中臺科技大學,學士班(進修),男,477,36,5,5,0,0,0,0,0,0,31,3,0,0,28,0
113,2,私立,技專校院,1047,中臺科技大學,博士班,男,7,0,0,0,0,0,0,0,0,0,0,0,0,0,0,0
113,2,私立,技專校院,1047,中臺科技大學,碩士班(日間),女,109,2,0,0,0,0,0,0,0,0,2,0,0,0,2,0
113,2,私立,技專校院,1047,中臺科技大學,碩士班(日間),男,34,1,0,0,0,0,0,0,0,0,1,0,0,0,1,0
113,2,私立,技專校院,1047,中臺科技大學,碩士在職專班,女,241,15,4,4,0,0,0,0,0,0,11,0,0,0,11,0
113,2,私立,技專校院,1047,中臺科技大學,碩士在職專班,男,45,3,0,0,0,0,0,0,0,0,3,0,0,1,2,0
113,2,私立,技專校院,1047,中臺科技大學,學士班(日間),女,2334,86,27,19,0,0,0,0,8,0,59,8,0,0,51,0
113,2,私立,技專校院,1047,中臺科技大學,學士班(日間),男,1413,58,20,15,0,0,1,0,4,0,38,6,0,0,32,0
113,2,私立,技專校院,1047,中臺科技大學,學士班(進修),女,1397,61,11,6,0,0,0,0,5,0,50,1,0,1,48,0
113,2,私立,技專校院,1047,中臺科技大學,五專,女,35,0,0,0,0,0,0,0,0,0,0,0,0,0,0,0
113,2,私立,技專校院,1047,中臺科技大學,五專,男,7,0,0,0,0,0,0,0,0,0,0,0,0,0,0,0
113,2,私立,技專校院,1047,中臺科技大學,博士班,女,3,0,0,0,0,0,0,0,0,0,0,0,0,0,0,0
113,1,私立,一般大學,1048,亞洲大學,學士班(日間),男,3277,156,62,58,0,0,0,1,3,0,94,14,0,29,51,0
113,1,私立,一般大學,1048,亞洲大學,學士班(進修),男,158,34,15,15,0,0,0,0,0,0,19,4,0,4,11,0
113,1,私立,一般大學,1048,亞洲大學,博士班,女,85,7,3,3,0,0,0,0,0,0,4,0,0,2,2,0
113,1,私立,一般大學,1048,亞洲大學,博士班,男,128,8,2,1,0,0,0,0,1,0,6,5,0,0,1,0
113,1,私立,一般大學,1048,亞洲大學,碩士班(日間),女,396,32,7,6,0,0,0,0,0,1,25,6,0,8,11,0
113,1,私立,一般大學,1048,亞洲大學,碩士在職專班,女,213,21,4,2,0,0,0,1,1,0,17,3,0,2,12,0
113,1,私立,一般大學,1048,亞洲大學,學士班(日間),女,5984,226,133,128,0,0,1,2,2,0,93,8,0,18,66,1
113,1,私立,一般大學,1048,亞洲大學,學士班(進修),女,170,26,15,14,0,0,0,1,0,0,11,1,0,0,10,0
113,1,私立,一般大學,1048,亞洲大學,碩士班(日間),男,228,28,7,5,0,0,0,0,1,1,21,12,0,4,5,0
113,1,私立,一般大學,1048,亞洲大學,碩士在職專班,男,137,4,1,0,0,0,0,1,0,0,3,1,0,1,1,0
113,2,私立,一般大學,1048,亞洲大學,學士班(進修),女,170,9,1,1,0,0,0,0,0,0,8,1,0,2,5,0
113,2,私立,一般大學,1048,亞洲大學,學士班(進修),男,158,3,0,0,0,0,0,0,0,0,3,0,0,3,0,0
113,2,私立,一般大學,1048,亞洲大學,博士班,女,85,5,0,0,0,0,0,0,0,0,5,0,0,3,2,0
113,2,私立,一般大學,1048,亞洲大學,博士班,男,128,7,0,0,0,0,0,0,0,0,7,0,0,2,5,0
113,2,私立,一般大學,1048,亞洲大學,碩士班(日間),女,396,12,1,1,0,0,0,0,0,0,11,2,0,4,5,0
113,2,私立,一般大學,1048,亞洲大學,碩士班(日間),男,228,12,1,0,0,0,0,0,1,0,11,0,0,7,4,0
113,2,私立,一般大學,1048,亞洲大學,碩士在職專班,女,213,10,1,1,0,0,0,0,0,0,9,0,0,4,5,0
113,2,私立,一般大學,1048,亞洲大學,碩士在職專班,男,137,7,1,0,0,0,0,0,1,0,6,0,0,3,3,0
113,2,私立,一般大學,1048,亞洲大學,學士班(日間),女,5984,90,47,43,0,0,4,0,0,0,43,2,0,17,24,0
113,2,私立,一般大學,1048,亞洲大學,學士班(日間),男,3277,64,27,26,0,0,1,0,0,0,37,2,0,10,24,1
113,1,私立,一般大學,1049,開南大學,學士班(日間),男,1403,130,69,69,0,0,0,0,0,0,61,2,0,29,30,0
113,1,私立,一般大學,1049,開南大學,碩士班(日間),女,114,6,0,0,0,0,0,0,0,0,6,0,0,0,6,0
113,1,私立,一般大學,1049,開南大學,碩士在職專班,女,160,13,3,3,0,0,0,0,0,0,10,0,0,2,8,0
113,1,私立,一般大學,1049,開南大學,學士班(日間),女,1694,100,45,40,0,0,1,0,3,1,55,2,0,18,35,0
113,1,私立,一般大學,1049,開南大學,學士班(進修),女,508,41,6,3,0,0,1,0,1,1,35,0,0,18,17,0
113,1,私立,一般大學,1049,開南大學,學士班(進修),男,559,52,20,17,0,0,0,0,3,0,32,2,0,13,17,0
113,1,私立,一般大學,1049,開南大學,碩士班(日間),男,78,12,4,3,0,0,0,0,1,0,8,0,0,1,7,0
113,1,私立,一般大學,1049,開南大學,碩士在職專班,男,187,16,4,4,0,0,0,0,0,0,12,0,0,7,5,0
113,2,私立,一般大學,1049,開南大學,學士班(日間),男,1403,124,22,19,0,0,0,0,3,0,102,13,0,59,30,0
113,2,私立,一般大學,1049,開南大學,學士班(進修),男,559,50,12,7,0,0,0,0,4,1,38,5,0,19,14,0
113,2,私立,一般大學,1049,開南大學,碩士班(日間),女,114,15,1,1,0,0,0,0,0,0,14,1,0,5,8,0
113,2,私立,一般大學,1049,開南大學,碩士在職專班,女,160,4,0,0,0,0,0,0,0,0,4,0,0,1,3,0
113,2,私立,一般大學,1049,開南大學,學士班(日間),女,1694,137,31,28,0,0,0,0,3,0,106,8,0,75,23,0
113,2,私立,一般大學,1049,開南大學,學士班(進修),女,508,52,17,3,0,0,2,0,11,1,35,1,0,23,11,0
113,2,私立,一般大學,1049,開南大學,碩士班(日間),男,78,7,0,0,0,0,0,0,0,0,7,3,0,1,3,0
113,2,私立,一般大學,1049,開南大學,碩士在職專班,男,187,7,3,3,0,0,0,0,0,0,4,1,0,2,1,0
113,1,私立,一般大學,1050,佛光大學,碩士班(日間),女,278,26,3,0,0,0,0,0,3,0,23,6,0,17,0,0
113,1,私立,一般大學,1050,佛光大學,碩士班(日間),男,175,13,2,1,0,0,1,0,0,0,11,1,0,10,0,0
113,1,私立,一般大學,1050,佛光大學,碩士在職專班,女,52,8,1,0,0,0,0,0,1,0,7,3,0,4,0,0
113,1,私立,一般大學,1050,佛光大學,碩士在職專班,男,59,4,1,0,0,0,0,0,1,0,3,1,0,2,0,0
113,1,私立,一般大學,1050,佛光大學,學士班(日間),女,955,57,30,24,0,0,2,1,3,0,27,1,0,26,0,0
113,1,私立,一般大學,1050,佛光大學,學士班(日間),男,931,62,24,21,0,0,0,0,3,0,38,6,0,32,0,0
113,1,私立,一般大學,1050,佛光大學,博士班,女,51,1,0,0,0,0,0,0,0,0,1,0,0,1,0,0
113,1,私立,一般大學,1050,佛光大學,博士班,男,24,3,1,0,0,0,1,0,0,0,2,1,0,1,0,0
113,2,私立,一般大學,1050,佛光大學,學士班(日間),女,955,19,5,4,0,0,1,0,0,0,14,0,0,14,0,0
113,2,私立,一般大學,1050,佛光大學,碩士班(日間),男,175,19,2,1,0,0,0,0,1,0,17,0,0,17,0,0
113,2,私立,一般大學,1050,佛光大學,碩士在職專班,男,59,6,0,0,0,0,0,0,0,0,6,0,0,6,0,0
113,2,私立,一般大學,1050,佛光大學,學士班(日間),男,931,23,4,1,0,0,0,0,3,0,19,0,0,19,0,0
113,2,私立,一般大學,1050,佛光大學,博士班,女,51,2,1,0,0,0,0,0,1,0,1,0,0,1,0,0
113,2,私立,一般大學,1050,佛光大學,博士班,男,24,1,0,0,0,0,0,0,0,0,1,0,0,1,0,0
113,2,私立,一般大學,1050,佛光大學,碩士班(日間),女,278,25,4,2,0,0,0,0,2,0,21,4,0,17,0,0
113,2,私立,一般大學,1050,佛光大學,碩士在職專班,女,52,0,0,0,0,0,0,0,0,0,0,0,0,0,0,0
113,1,私立,技專校院,1051,台南家專學校財團法人台南應用科技大學,學士班(日間),男,1949,80,66,58,0,0,1,3,2,2,14,8,0,0,6,0
113,1,私立,技專校院,1051,台南家專學校財團法人台南應用科技大學,五專,男,206,9,9,9,0,0,0,0,0,0,0,0,0,0,0,0
113,1,私立,技專校院,1051,台南家專學校財團法人台南應用科技大學,碩士班(日間),女,84,1,1,0,0,0,0,0,1,0,0,0,0,0,0,0
113,1,私立,技專校院,1051,台南家專學校財團法人台南應用科技大學,碩士在職專班,女,76,5,0,0,0,0,0,0,0,0,5,0,0,0,5,0
113,1,私立,技專校院,1051,台南家專學校財團法人台南應用科技大學,學士班(日間),女,4711,131,115,99,0,0,2,4,4,6,16,3,0,1,12,0
113,1,私立,技專校院,1051,台南家專學校財團法人台南應用科技大學,學士班(進修),女,907,87,25,22,0,0,0,1,2,0,62,4,0,0,58,0
113,1,私立,技專校院,1051,台南家專學校財團法人台南應用科技大學,學士班(進修),男,459,60,22,16,0,0,0,0,6,0,38,8,0,0,30,0
113,1,私立,技專校院,1051,台南家專學校財團法人台南應用科技大學,五專,女,637,24,23,22,0,0,0,0,0,1,1,0,0,0,1,0
113,1,私立,技專校院,1051,台南家專學校財團法人台南應用科技大學,碩士班(日間),男,36,1,1,0,0,0,0,0,1,0,0,0,0,0,0,0
113,1,私立,技專校院,1051,台南家專學校財團法人台南應用科技大學,碩士在職專班,男,23,3,1,0,0,0,0,0,1,0,2,0,0,0,2,0
113,2,私立,技專校院,1051,台南家專學校財團法人台南應用科技大學,五專,男,206,9,4,4,0,0,0,0,0,0,5,0,0,0,5,0
113,2,私立,技專校院,1051,台南家專學校財團法人台南應用科技大學,碩士班(日間),女,84,11,0,0,0,0,0,0,0,0,11,1,0,0,10,0
113,2,私立,技專校院,1051,台南家專學校財團法人台南應用科技大學,碩士在職專班,女,76,3,2,1,0,0,0,0,1,0,1,0,0,0,1,0
113,2,私立,技專校院,1051,台南家專學校財團法人台南應用科技大學,學士班(日間),女,4711,178,40,30,0,0,2,2,5,1,138,1,0,0,137,0
113,2,私立,技專校院,1051,台南家專學校財團法人台南應用科技大學,學士班(日間),男,1949,135,29,24,0,0,0,0,5,0,106,1,0,1,104,0
113,2,私立,技專校院,1051,台南家專學校財團法人台南應用科技大學,學士班(進修),女,907,60,7,2,1,0,1,0,3,0,53,0,0,0,53,0
113,2,私立,技專校院,1051,台南家專學校財團法人台南應用科技大學,學士班(進修),男,459,31,7,2,0,0,0,1,4,0,24,0,0,1,23,0
113,2,私立,技專校院,1051,台南家專學校財團法人台南應用科技大學,五專,女,637,10,0,0,0,0,0,0,0,0,10,0,0,0,10,0
113,2,私立,技專校院,1051,台南家專學校財團法人台南應用科技大學,碩士班(日間),男,36,3,0,0,0,0,0,0,0,0,3,0,0,0,3,0
113,2,私立,技專校院,1051,台南家專學校財團法人台南應用科技大學,碩士在職專班,男,23,3,1,0,0,0,0,0,1,0,2,0,0,0,2,0
113,1,私立,技專校院,1052,中信金學校財團法人中信科技大學,二專(進修),女,37,4,2,0,0,0,0,0,2,0,2,0,0,0,2,0
113,1,私立,技專校院,1052,中信金學校財團法人中信科技大學,二專(進修),男,63,14,3,2,0,0,0,0,1,0,11,0,0,0,11,0
113,1,私立,技專校院,1052,中信金學校財團法人中信科技大學,學士班(日間),女,214,34,6,5,0,0,0,1,0,0,28,0,0,8,20,0
113,1,私立,技專校院,1052,中信金學校財團法人中信科技大學,學士班(日間),男,706,78,21,18,0,0,0,0,1,2,57,3,0,22,32,0
113,1,私立,技專校院,1052,中信金學校財團法人中信科技大學,學士班(進修),男,363,45,17,6,0,0,0,0,11,0,28,0,0,4,24,0
113,1,私立,技專校院,1052,中信金學校財團法人中信科技大學,學士班(進修),女,139,10,7,2,0,0,0,0,5,0,3,0,0,0,3,0
113,1,私立,技專校院,1052,中信金學校財團法人中信科技大學,碩士班(日間),女,99,4,0,0,0,0,0,0,0,0,4,0,0,1,3,0
113,1,私立,技專校院,1052,中信金學校財團法人中信科技大學,碩士班(日間),男,122,13,1,1,0,0,0,0,0,0,12,0,0,6,6,0
113,1,私立,技專校院,1052,中信金學校財團法人中信科技大學,碩士在職專班,女,3,1,0,0,0,0,0,0,0,0,1,0,0,1,0,0
113,1,私立,技專校院,1052,中信金學校財團法人中信科技大學,碩士在職專班,男,28,4,0,0,0,0,0,0,0,0,4,1,0,0,3,0
113,2,私立,技專校院,1052,中信金學校財團法人中信科技大學,二專(進修),女,37,0,0,0,0,0,0,0,0,0,0,0,0,0,0,0
113,2,私立,技專校院,1052,中信金學校財團法人中信科技大學,學士班(日間),女,214,14,3,0,0,0,0,0,3,0,11,0,0,0,11,0
113,2,私立,技專校院,1052,中信金學校財團法人中信科技大學,學士班(進修),女,139,2,2,1,0,0,0,0,1,0,0,0,0,0,0,0
113,2,私立,技專校院,1052,中信金學校財團法人中信科技大學,碩士班(日間),男,122,11,2,1,0,0,0,0,1,0,9,0,0,6,3,0
113,2,私立,技專校院,1052,中信金學校財團法人中信科技大學,碩士在職專班,男,28,1,0,0,0,0,0,0,0,0,1,0,0,0,1,0
113,2,私立,技專校院,1052,中信金學校財團法人中信科技大學,二專(進修),男,63,6,3,1,0,0,0,0,2,0,3,0,0,0,3,0
113,2,私立,技專校院,1052,中信金學校財團法人中信科技大學,學士班(日間),男,706,46,6,3,0,0,0,0,1,2,40,2,0,12,26,0
113,2,私立,技專校院,1052,中信金學校財團法人中信科技大學,學士班(進修),男,363,18,3,0,0,0,0,0,3,0,15,0,0,4,11,0
113,2,私立,技專校院,1052,中信金學校財團法人中信科技大學,碩士班(日間),女,99,3,1,0,0,0,0,0,1,0,2,1,0,0,1,0
113,2,私立,技專校院,1052,中信金學校財團法人中信科技大學,碩士在職專班,女,3,0,0,0,0,0,0,0,0,0,0,0,0,0,0,0
113,1,私立,技專校院,1053,光宇學校財團法人元培醫事科技大學,學士班(日間),女,1420,78,31,28,0,0,2,0,1,0,47,14,0,9,24,0
113,1,私立,技專校院,1053,光宇學校財團法人元培醫事科技大學,學士班(日間),男,972,88,27,20,0,0,2,0,3,2,61,32,0,17,12,0
113,1,私立,技專校院,1053,光宇學校財團法人元培醫事科技大學,博士班,女,0,0,0,0,0,0,0,0,0,0,0,0,0,0,0,0
113,1,私立,技專校院,1053,光宇學校財團法人元培醫事科技大學,碩士在職專班,男,7,0,0,0,0,0,0,0,0,0,0,0,0,0,0,0
113,1,私立,技專校院,1053,光宇學校財團法人元培醫事科技大學,學士班(進修),女,601,27,5,3,0,0,1,1,0,0,22,1,0,4,17,0
113,1,私立,技專校院,1053,光宇學校財團法人元培醫事科技大學,學士班(進修),男,356,31,7,7,0,0,0,0,0,0,24,3,0,9,12,0
113,1,私立,技專校院,1053,光宇學校財團法人元培醫事科技大學,博士班,男,2,0,0,0,0,0,0,0,0,0,0,0,0,0,0,0
113,1,私立,技專校院,1053,光宇學校財團法人元培醫事科技大學,碩士班(日間),女,121,6,1,0,0,0,0,0,1,0,5,0,0,2,3,0
113,1,私立,技專校院,1053,光宇學校財團法人元培醫事科技大學,碩士班(日間),男,65,5,0,0,0,0,0,0,0,0,5,0,0,1,4,0
113,1,私立,技專校院,1053,光宇學校財團法人元培醫事科技大學,碩士在職專班,女,27,0,0,0,0,0,0,0,0,0,0,0,0,0,0,0
113,2,私立,技專校院,1053,光宇學校財團法人元培醫事科技大學,學士班(日間),男,972,58,11,6,0,0,2,3,0,0,47,24,0,7,15,1
113,2,私立,技專校院,1053,光宇學校財團法人元培醫事科技大學,學士班(進修),男,356,28,1,1,0,0,0,0,0,0,27,8,0,7,12,0
113,2,私立,技專校院,1053,光宇學校財團法人元培醫事科技大學,博士班,男,2,0,0,0,0,0,0,0,0,0,0,0,0,0,0,0
113,2,私立,技專校院,1053,光宇學校財團法人元培醫事科技大學,碩士班(日間),女,121,12,0,0,0,0,0,0,0,0,12,1,0,2,9,0
113,2,私立,技專校院,1053,光宇學校財團法人元培醫事科技大學,碩士在職專班,女,27,0,0,0,0,0,0,0,0,0,0,0,0,0,0,0
113,2,私立,技專校院,1053,光宇學校財團法人元培醫事科技大學,碩士在職專班,男,7,0,0,0,0,0,0,0,0,0,0,0,0,0,0,0
113,2,私立,技專校院,1053,光宇學校財團法人元培醫事科技大學,學士班(日間),女,1420,45,18,14,0,0,0,4,0,0,27,9,2,10,5,1
113,2,私立,技專校院,1053,光宇學校財團法人元培醫事科技大學,學士班(進修),女,601,24,1,0,0,0,0,1,0,0,23,1,0,9,13,0
113,2,私立,技專校院,1053,光宇學校財團法人元培醫事科技大學,博士班,女,0,0,0,0,0,0,0,0,0,0,0,0,0,0,0,0
113,2,私立,技專校院,1053,光宇學校財團法人元培醫事科技大學,碩士班(日間),男,65,12,2,2,0,0,0,0,0,0,10,2,0,5,3,0
113,1,私立,技專校院,1054,景文科技大學,學士班(日間),男,1498,88,29,26,0,0,0,0,3,0,59,7,0,16,36,0
113,1,私立,技專校院,1054,景文科技大學,碩士班(日間),女,1,0,0,0,0,0,0,0,0,0,0,0,0,0,0,0
113,1,私立,技專校院,1054,景文科技大學,碩士在職專班,女,14,2,1,1,0,0,0,0,0,0,1,0,0,0,1,0
113,1,私立,技專校院,1054,景文科技大學,二專(進修),女,21,4,2,1,0,0,0,1,0,0,2,0,0,0,2,0
113,1,私立,技專校院,1054,景文科技大學,二專(進修),男,41,14,7,7,0,0,0,0,0,0,7,1,0,1,5,0
113,1,私立,技專校院,1054,景文科技大學,學士班(日間),女,1906,80,37,32,0,0,2,1,2,0,43,12,0,4,27,0
113,1,私立,技專校院,1054,景文科技大學,學士班(進修),女,411,42,16,14,0,0,0,0,2,0,26,2,0,11,13,0
113,1,私立,技專校院,1054,景文科技大學,學士班(進修),男,425,48,22,21,0,0,0,0,1,0,26,6,0,11,9,0
113,1,私立,技專校院,1054,景文科技大學,碩士班(日間),男,0,0,0,0,0,0,0,0,0,0,0,0,0,0,0,0
113,1,私立,技專校院,1054,景文科技大學,碩士在職專班,男,37,2,0,0,0,0,0,0,0,0,2,0,0,0,2,0
113,2,私立,技專校院,1054,景文科技大學,二專(進修),女,21,3,0,0,0,0,0,0,0,0,3,0,0,2,1,0
113,2,私立,技專校院,1054,景文科技大學,二專(進修),男,41,6,0,0,0,0,0,0,0,0,6,2,0,3,1,0
113,2,私立,技專校院,1054,景文科技大學,學士班(日間),女,1906,76,19,11,0,0,1,7,0,0,57,19,0,23,15,0
113,2,私立,技專校院,1054,景文科技大學,學士班(日間),男,1498,89,20,15,0,0,0,3,2,0,69,26,0,23,20,0
113,2,私立,技專校院,1054,景文科技大學,學士班(進修),男,425,32,3,3,0,0,0,0,0,0,29,10,0,15,4,0
113,2,私立,技專校院,1054,景文科技大學,學士班(進修),女,411,44,5,4,0,0,0,0,1,0,39,5,0,20,14,0
113,2,私立,技專校院,1054,景文科技大學,碩士班(日間),女,1,0,0,0,0,0,0,0,0,0,0,0,0,0,0,0
113,2,私立,技專校院,1054,景文科技大學,碩士班(日間),男,0,1,0,0,0,0,0,0,0,0,1,0,0,0,1,0
113,2,私立,技專校院,1054,景文科技大學,碩士在職專班,女,14,5,4,4,0,0,0,0,0,0,1,1,0,0,0,0
113,2,私立,技專校院,1054,景文科技大學,碩士在職專班,男,37,1,1,1,0,0,0,0,0,0,0,0,0,0,0,0
113,1,私立,技專校院,1055,中華醫事科技大學,二專(進修),男,38,9,4,2,0,0,0,0,1,1,5,0,0,0,5,0
113,1,私立,技專校院,1055,中華醫事科技大學,學士班(日間),男,821,54,24,23,0,0,0,0,0,1,30,6,0,1,23,0
113,1,私立,技專校院,1055,中華醫事科技大學,學士班(進修),男,326,52,19,15,0,0,0,1,0,3,33,3,0,0,30,0
113,1,私立,技專校院,1055,中華醫事科技大學,五專,女,2527,121,59,46,0,0,0,1,0,12,62,19,1,1,41,0
113,1,私立,技專校院,1055,中華醫事科技大學,五專,男,724,49,18,15,0,0,0,0,0,3,31,16,2,0,13,0
113,1,私立,技專校院,1055,中華醫事科技大學,二專(進修),女,31,5,1,0,0,0,0,0,0,1,4,0,0,0,4,0
113,1,私立,技專校院,1055,中華醫事科技大學,學士班(日間),女,1761,95,39,35,0,0,1,0,0,3,56,10,0,2,44,0
113,1,私立,技專校院,1055,中華醫事科技大學,學士班(進修),女,626,53,15,13,0,0,0,1,0,1,38,0,0,0,38,0
113,1,私立,技專校院,1055,中華醫事科技大學,碩士班(日間),女,40,8,0,0,0,0,0,0,0,0,8,1,0,1,6,0
113,1,私立,技專校院,1055,中華醫事科技大學,碩士班(日間),男,47,7,0,0,0,0,0,0,0,0,7,0,0,0,7,0
113,1,私立,技專校院,1055,中華醫事科技大學,碩士在職專班,女,15,2,1,1,0,0,0,0,0,0,1,0,0,0,1,0
113,1,私立,技專校院,1055,中華醫事科技大學,碩士在職專班,男,12,1,0,0,0,0,0,0,0,0,1,0,0,0,1,0
113,2,私立,技專校院,1055,中華醫事科技大學,二專(進修),男,38,4,0,0,0,0,0,0,0,0,4,0,0,0,4,0
113,2,私立,技專校院,1055,中華醫事科技大學,學士班(日間),男,821,35,8,6,0,0,1,0,0,1,27,4,0,0,23,0
113,2,私立,技專校院,1055,中華醫事科技大學,學士班(進修),男,326,32,5,3,0,0,0,0,0,2,27,6,0,0,21,0
113,2,私立,技專校院,1055,中華醫事科技大學,五專,女,2527,65,38,36,0,0,0,0,0,2,27,10,1,2,14,0
113,2,私立,技專校院,1055,中華醫事科技大學,五專,男,724,35,12,10,0,0,0,0,0,2,23,9,5,0,9,0
113,2,私立,技專校院,1055,中華醫事科技大學,碩士班(日間),女,40,3,0,0,0,0,0,0,0,0,3,0,0,0,3,0
113,2,私立,技專校院,1055,中華醫事科技大學,碩士在職專班,女,15,0,0,0,0,0,0,0,0,0,0,0,0,0,0,0
113,2,私立,技專校院,1055,中華醫事科技大學,二專(進修),女,31,1,0,0,0,0,0,0,0,0,1,0,0,0,1,0
113,2,私立,技專校院,1055,中華醫事科技大學,學士班(日間),女,1761,46,19,16,0,0,0,0,0,3,27,5,1,0,21,0
113,2,私立,技專校院,1055,中華醫事科技大學,學士班(進修),女,626,46,11,10,0,0,0,0,0,1,35,1,0,1,33,0
113,2,私立,技專校院,1055,中華醫事科技大學,碩士班(日間),男,47,3,0,0,0,0,0,0,0,0,3,0,0,1,2,0
113,2,私立,技專校院,1055,中華醫事科技大學,碩士在職專班,男,12,0,0,0,0,0,0,0,0,0,0,0,0,0,0,0
113,1,私立,技專校院,1056,東南科技大學,學士班(日間),女,1132,96,16,13,0,0,1,0,0,2,80,4,15,9,52,0
113,1,私立,技專校院,1056,東南科技大學,學士班(日間),男,1766,149,19,16,0,0,1,0,0,2,130,14,11,21,84,0
113,1,私立,技專校院,1056,東南科技大學,學士班(進修),男,304,39,1,1,0,0,0,0,0,0,38,0,4,1,33,0
113,1,私立,技專校院,1056,東南科技大學,學士班(進修),女,135,11,0,0,0,0,0,0,0,0,11,0,3,0,8,0
113,1,私立,技專校院,1056,東南科技大學,碩士班(日間),女,68,7,1,0,0,0,0,0,0,1,6,0,0,2,4,0
113,1,私立,技專校院,1056,東南科技大學,碩士班(日間),男,86,11,0,0,0,0,0,0,0,0,11,1,0,3,7,0
113,1,私立,技專校院,1056,東南科技大學,碩士在職專班,女,12,0,0,0,0,0,0,0,0,0,0,0,0,0,0,0
113,1,私立,技專校院,1056,東南科技大學,碩士在職專班,男,53,5,2,0,0,0,0,0,2,0,3,0,0,0,3,0
113,2,私立,技專校院,1056,東南科技大學,學士班(日間),女,1132,64,8,6,0,0,0,1,0,1,56,7,15,12,15,7
113,2,私立,技專校院,1056,東南科技大學,學士班(進修),女,135,12,0,0,0,0,0,0,0,0,12,0,3,0,9,0
113,2,私立,技專校院,1056,東南科技大學,碩士班(日間),男,86,8,2,0,0,0,0,0,2,0,6,0,0,1,5,0
113,2,私立,技專校院,1056,東南科技大學,碩士在職專班,男,53,4,0,0,0,0,0,0,0,0,4,0,0,0,4,0
113,2,私立,技專校院,1056,東南科技大學,學士班(日間),男,1766,128,7,2,0,0,0,1,2,2,121,26,24,25,35,11
113,2,私立,技專校院,1056,東南科技大學,學士班(進修),男,304,32,1,1,0,0,0,0,0,0,31,0,2,2,27,0
113,2,私立,技專校院,1056,東南科技大學,碩士班(日間),女,68,5,1,0,0,0,0,0,1,0,4,0,0,1,3,0
113,2,私立,技專校院,1056,東南科技大學,碩士在職專班,女,12,1,0,0,0,0,0,0,0,0,1,0,0,0,1,0
113,1,私立,技專校院,1057,德明財經科技大學,學士班(日間),男,2029,141,40,33,0,0,3,1,3,0,101,32,0,6,59,4
113,1,私立,技專校院,1057,德明財經科技大學,學士班(進修),女,171,29,14,14,0,0,0,0,0,0,15,1,0,1,13,0
113,1,私立,技專校院,1057,德明財經科技大學,碩士班(日間),女,31,0,0,0,0,0,0,0,0,0,0,0,0,0,0,0
113,1,私立,技專校院,1057,德明財經科技大學,碩士在職專班,女,19,2,0,0,0,0,0,0,0,0,2,0,0,0,2,0
113,1,私立,技專校院,1057,德明財經科技大學,學士班(日間),女,2627,132,54,39,1,0,4,0,8,2,78,18,0,4,56,0
113,1,私立,技專校院,1057,德明財經科技大學,學士班(進修),男,184,38,20,19,0,0,0,0,1,0,18,3,0,1,14,0
113,1,私立,技專校院,1057,德明財經科技大學,碩士班(日間),男,15,1,0,0,0,0,0,0,0,0,1,0,0,0,1,0
113,1,私立,技專校院,1057,德明財經科技大學,碩士在職專班,男,10,0,0,0,0,0,0,0,0,0,0,0,0,0,0,0
113,2,私立,技專校院,1057,德明財經科技大學,學士班(日間),女,2627,98,23,17,0,0,2,0,4,0,75,10,0,6,59,0
113,2,私立,技專校院,1057,德明財經科技大學,碩士班(日間),男,15,3,1,1,0,0,0,0,0,0,2,0,0,0,2,0
113,2,私立,技專校院,1057,德明財經科技大學,碩士在職專班,男,10,4,0,0,0,0,0,0,0,0,4,0,0,0,4,0
113,2,私立,技專校院,1057,德明財經科技大學,學士班(日間),男,2029,101,27,24,0,0,0,0,2,1,74,27,1,6,40,0
113,2,私立,技專校院,1057,德明財經科技大學,學士班(進修),女,171,12,3,2,0,0,0,0,1,0,9,1,0,0,8,0
113,2,私立,技專校院,1057,德明財經科技大學,學士班(進修),男,184,23,4,3,0,0,1,0,0,0,19,9,0,0,10,0
113,2,私立,技專校院,1057,德明財經科技大學,碩士班(日間),女,31,3,0,0,0,0,0,0,0,0,3,0,0,0,3,0
113,2,私立,技專校院,1057,德明財經科技大學,碩士在職專班,女,19,0,0,0,0,0,0,0,0,0,0,0,0,0,0,0
113,1,私立,技專校院,1060,南開科技大學,二專(進修),女,18,2,1,1,0,0,0,0,0,0,1,0,0,0,0,1
113,1,私立,技專校院,1060,南開科技大學,學士班(日間),女,491,25,7,6,0,0,0,0,0,1,18,1,0,6,11,0
113,1,私立,技專校院,1060,南開科技大學,學士班(進修),女,250,18,1,1,0,0,0,0,0,0,17,3,0,6,8,0
113,1,私立,技專校院,1060,南開科技大學,學士班(進修),男,500,32,10,8,0,0,0,0,2,0,22,4,0,10,8,0
113,1,私立,技專校院,1060,南開科技大學,五專,女,24,3,1,1,0,0,0,0,0,0,2,2,0,0,0,0
113,1,私立,技專校院,1060,南開科技大學,碩士班(日間),男,30,15,3,2,0,0,0,0,1,0,12,1,0,2,9,0
113,1,私立,技專校院,1060,南開科技大學,碩士在職專班,女,30,4,0,0,0,0,0,0,0,0,4,2,0,0,2,0
113,1,私立,技專校院,1060,南開科技大學,碩士在職專班,男,16,5,0,0,0,0,0,0,0,0,5,1,0,1,3,0
113,1,私立,技專校院,1060,南開科技大學,二專(進修),男,27,5,1,1,0,0,0,0,0,0,4,0,0,2,2,0
113,1,私立,技專校院,1060,南開科技大學,學士班(日間),男,831,58,24,17,0,0,0,1,1,5,34,7,0,9,18,0
113,1,私立,技專校院,1060,南開科技大學,五專,男,187,30,15,15,0,0,0,0,0,0,15,3,0,1,11,0
113,1,私立,技專校院,1060,南開科技大學,碩士班(日間),女,34,10,0,0,0,0,0,0,0,0,10,0,0,0,10,0
113,2,私立,技專校院,1060,南開科技大學,學士班(進修),女,250,8,0,0,0,0,0,0,0,0,8,0,0,6,2,0
113,2,私立,技專校院,1060,南開科技大學,五專,男,187,10,1,1,0,0,0,0,0,0,9,3,0,2,4,0
113,2,私立,技專校院,1060,南開科技大學,碩士班(日間),女,34,1,0,0,0,0,0,0,0,0,1,0,0,1,0,0
113,2,私立,技專校院,1060,南開科技大學,碩士班(日間),男,30,2,1,0,0,0,0,0,1,0,1,0,0,0,1,0
113,2,私立,技專校院,1060,南開科技大學,碩士在職專班,男,16,0,0,0,0,0,0,0,0,0,0,0,0,0,0,0
113,2,私立,技專校院,1060,南開科技大學,二專(進修),女,18,0,0,0,0,0,0,0,0,0,0,0,0,0,0,0
113,2,私立,技專校院,1060,南開科技大學,二專(進修),男,27,1,0,0,0,0,0,0,0,0,1,0,0,1,0,0
113,2,私立,技專校院,1060,南開科技大學,學士班(日間),女,491,14,5,4,0,0,0,1,0,0,9,3,0,1,5,0
113,2,私立,技專校院,1060,南開科技大學,學士班(日間),男,831,31,7,4,0,0,0,2,1,0,24,6,0,10,8,0
113,2,私立,技專校院,1060,南開科技大學,學士班(進修),男,500,24,2,2,0,0,0,0,0,0,22,6,0,9,7,0
113,2,私立,技專校院,1060,南開科技大學,五專,女,24,1,0,0,0,0,0,0,0,0,1,1,0,0,0,0
113,2,私立,技專校院,1060,南開科技大學,碩士在職專班,女,30,0,0,0,0,0,0,0,0,0,0,0,0,0,0,0
113,1,私立,技專校院,1061,中華學校財團法人中華科技大學,二專(進修),男,53,7,3,3,0,0,0,0,0,0,4,0,0,0,4,0
113,1,私立,技專校院,1061,中華學校財團法人中華科技大學,學士班(日間),男,875,72,24,21,0,0,0,0,3,0,48,10,1,0,37,0
113,1,私立,技專校院,1061,中華學校財團法人中華科技大學,學士班(進修),男,771,53,5,4,0,0,0,0,1,0,48,4,0,17,27,0
113,1,私立,技專校院,1061,中華學校財團法人中華科技大學,五專,女,10,0,0,0,0,0,0,0,0,0,0,0,0,0,0,0
113,1,私立,技專校院,1061,中華學校財團法人中華科技大學,五專,男,34,0,0,0,0,0,0,0,0,0,0,0,0,0,0,0
113,1,私立,技專校院,1061,中華學校財團法人中華科技大學,碩士班(日間),女,65,2,0,0,0,0,0,0,0,0,2,0,0,0,2,0
113,1,私立,技專校院,1061,中華學校財團法人中華科技大學,二專(進修),女,46,2,2,2,0,0,0,0,0,0,0,0,0,0,0,0
113,1,私立,技專校院,1061,中華學校財團法人中華科技大學,學士班(日間),女,493,31,11,10,0,0,0,0,1,0,20,3,0,0,17,0
113,1,私立,技專校院,1061,中華學校財團法人中華科技大學,學士班(進修),女,323,20,7,5,0,0,0,0,2,0,13,2,0,2,9,0
113,1,私立,技專校院,1061,中華學校財團法人中華科技大學,碩士班(日間),男,118,11,3,0,0,0,0,0,2,1,8,0,0,0,8,0
113,1,私立,技專校院,1061,中華學校財團法人中華科技大學,碩士在職專班,女,22,0,0,0,0,0,0,0,0,0,0,0,0,0,0,0
113,1,私立,技專校院,1061,中華學校財團法人中華科技大學,碩士在職專班,男,56,5,0,0,0,0,0,0,0,0,5,0,0,0,5,0
113,2,私立,技專校院,1061,中華學校財團法人中華科技大學,二專(進修),女,46,3,0,0,0,0,0,0,0,0,3,0,0,0,3,0
113,2,私立,技專校院,1061,中華學校財團法人中華科技大學,學士班(日間),女,493,39,5,1,0,0,2,0,0,2,34,6,1,0,27,0
113,2,私立,技專校院,1061,中華學校財團法人中華科技大學,學士班(進修),女,323,25,2,2,0,0,0,0,0,0,23,2,0,0,21,0
113,2,私立,技專校院,1061,中華學校財團法人中華科技大學,學士班(進修),男,771,42,2,2,0,0,0,0,0,0,40,8,0,0,32,0
113,2,私立,技專校院,1061,中華學校財團法人中華科技大學,五專,女,10,1,1,1,0,0,0,0,0,0,0,0,0,0,0,0
113,2,私立,技專校院,1061,中華學校財團法人中華科技大學,碩士班(日間),男,118,13,0,0,0,0,0,0,0,0,13,1,0,0,12,0
113,2,私立,技專校院,1061,中華學校財團法人中華科技大學,碩士在職專班,女,22,1,0,0,0,0,0,0,0,0,1,0,0,0,1,0
113,2,私立,技專校院,1061,中華學校財團法人中華科技大學,碩士在職專班,男,56,3,0,0,0,0,0,0,0,0,3,0,0,0,3,0
113,2,私立,技專校院,1061,中華學校財團法人中華科技大學,二專(進修),男,53,5,2,1,0,0,1,0,0,0,3,0,0,0,3,0
113,2,私立,技專校院,1061,中華學校財團法人中華科技大學,學士班(日間),男,875,62,12,3,0,0,0,0,1,8,50,13,3,0,34,0
113,2,私立,技專校院,1061,中華學校財團法人中華科技大學,五專,男,34,0,0,0,0,0,0,0,0,0,0,0,0,0,0,0
113,2,私立,技專校院,1061,中華學校財團法人中華科技大學,碩士班(日間),女,65,2,1,0,0,0,0,0,1,0,1,0,0,0,1,0
113,1,私立,技專校院,1062,僑光科技大學,學士班(進修),女,1116,126,58,46,1,0,0,2,8,1,68,7,0,38,23,0
113,1,私立,技專校院,1062,僑光科技大學,碩士班(日間),女,30,1,0,0,0,0,0,0,0,0,1,0,0,1,0,0
113,1,私立,技專校院,1062,僑光科技大學,碩士班(日間),男,35,0,0,0,0,0,0,0,0,0,0,0,0,0,0,0
113,1,私立,技專校院,1062,僑光科技大學,碩士在職專班,男,50,5,0,0,0,0,0,0,0,0,5,0,0,3,2,0
113,1,私立,技專校院,1062,僑光科技大學,學士班(日間),女,2478,90,36,30,0,1,3,0,1,1,54,15,0,21,18,0
113,1,私立,技專校院,1062,僑光科技大學,學士班(日間),男,2315,110,48,42,0,0,0,0,6,0,62,15,0,24,23,0
113,1,私立,技專校院,1062,僑光科技大學,學士班(進修),男,1932,194,71,62,0,0,1,0,7,1,123,17,0,62,44,0
113,1,私立,技專校院,1062,僑光科技大學,碩士在職專班,女,39,2,0,0,0,0,0,0,0,0,2,0,0,2,0,0
113,2,私立,技專校院,1062,僑光科技大學,學士班(日間),男,2315,66,20,15,0,0,0,1,3,1,46,8,0,20,18,0
113,2,私立,技專校院,1062,僑光科技大學,學士班(進修),男,1932,145,15,13,0,0,0,0,2,0,130,13,0,97,20,0
113,2,私立,技專校院,1062,僑光科技大學,碩士班(日間),女,30,1,0,0,0,0,0,0,0,0,1,0,0,1,0,0
113,2,私立,技專校院,1062,僑光科技大學,學士班(日間),女,2478,64,21,17,0,0,1,0,1,2,43,7,0,20,16,0
113,2,私立,技專校院,1062,僑光科技大學,學士班(進修),女,1116,83,9,2,0,0,1,2,4,0,74,2,0,51,21,0
113,2,私立,技專校院,1062,僑光科技大學,碩士班(日間),男,35,1,0,0,0,0,0,0,0,0,1,0,0,0,1,0
113,2,私立,技專校院,1062,僑光科技大學,碩士在職專班,女,39,1,0,0,0,0,0,0,0,0,1,0,0,0,1,0
113,2,私立,技專校院,1062,僑光科技大學,碩士在職專班,男,50,2,0,0,0,0,0,0,0,0,2,0,0,1,1,0
113,1,私立,技專校院,1063,廣亞學校財團法人育達科技大學,學士班(進修),女,898,63,22,16,0,0,0,0,3,3,41,2,0,18,21,0
113,1,私立,技專校院,1063,廣亞學校財團法人育達科技大學,學士班(進修),男,631,64,20,13,0,0,0,0,6,1,44,4,0,18,22,0
113,1,私立,技專校院,1063,廣亞學校財團法人育達科技大學,碩士班(日間),女,61,6,0,0,0,0,0,0,0,0,6,0,0,1,5,0
113,1,私立,技專校院,1063,廣亞學校財團法人育達科技大學,碩士班(日間),男,56,5,0,0,0,0,0,0,0,0,5,0,0,0,5,0
113,1,私立,技專校院,1063,廣亞學校財團法人育達科技大學,碩士在職專班,女,73,6,1,0,0,0,0,0,0,1,5,0,0,2,3,0
113,1,私立,技專校院,1063,廣亞學校財團法人育達科技大學,學士班(日間),女,817,59,24,14,0,0,2,1,2,5,35,10,0,13,12,0
113,1,私立,技專校院,1063,廣亞學校財團法人育達科技大學,學士班(日間),男,772,92,31,23,0,0,0,2,1,5,61,30,2,17,12,0
113,1,私立,技專校院,1063,廣亞學校財團法人育達科技大學,碩士在職專班,男,78,8,0,0,0,0,0,0,0,0,8,0,0,7,1,0
113,2,私立,技專校院,1063,廣亞學校財團法人育達科技大學,學士班(日間),女,817,42,11,5,0,0,3,0,0,3,31,18,0,8,5,0
113,2,私立,技專校院,1063,廣亞學校財團法人育達科技大學,學士班(進修),女,898,44,9,1,0,0,0,1,7,0,35,1,0,19,15,0
113,2,私立,技專校院,1063,廣亞學校財團法人育達科技大學,碩士班(日間),男,56,7,1,0,0,0,0,0,1,0,6,0,0,4,2,0
113,2,私立,技專校院,1063,廣亞學校財團法人育達科技大學,學士班(日間),男,772,110,26,11,0,0,2,2,1,10,84,42,0,27,11,4
113,2,私立,技專校院,1063,廣亞學校財團法人育達科技大學,學士班(進修),男,631,50,11,4,0,0,0,1,4,2,39,6,0,20,13,0
113,2,私立,技專校院,1063,廣亞學校財團法人育達科技大學,碩士班(日間),女,61,4,0,0,0,0,0,0,0,0,4,1,0,1,2,0
113,2,私立,技專校院,1063,廣亞學校財團法人育達科技大學,碩士在職專班,女,73,1,0,0,0,0,0,0,0,0,1,1,0,0,0,0
113,2,私立,技專校院,1063,廣亞學校財團法人育達科技大學,碩士在職專班,男,78,8,0,0,0,0,0,0,0,0,8,4,0,1,3,0
113,1,私立,技專校院,1064,美和學校財團法人美和科技大學,二專(進修),女,27,5,2,2,0,0,0,0,0,0,3,0,0,1,2,0
113,1,私立,技專校院,1064,美和學校財團法人美和科技大學,二專(進修),男,53,3,0,0,0,0,0,0,0,0,3,0,0,0,3,0
113,1,私立,技專校院,1064,美和學校財團法人美和科技大學,學士班(日間),女,754,42,16,14,0,0,0,1,1,0,26,4,0,9,13,0
113,1,私立,技專校院,1064,美和學校財團法人美和科技大學,學士班(日間),男,567,39,8,7,0,0,0,1,0,0,31,6,0,12,13,0
113,1,私立,技專校院,1064,美和學校財團法人美和科技大學,五專,男,214,30,12,11,0,0,0,0,1,0,18,8,0,4,6,0
113,1,私立,技專校院,1064,美和學校財團法人美和科技大學,碩士在職專班,男,34,2,0,0,0,0,0,0,0,0,2,0,0,2,0,0
113,1,私立,技專校院,1064,美和學校財團法人美和科技大學,學士班(進修),女,942,58,12,7,0,0,0,0,5,0,46,2,0,9,35,0
113,1,私立,技專校院,1064,美和學校財團法人美和科技大學,學士班(進修),男,328,30,5,3,0,0,0,0,2,0,25,3,0,11,11,0
113,1,私立,技專校院,1064,美和學校財團法人美和科技大學,五專,女,1276,56,31,31,0,0,0,0,0,0,25,5,0,4,16,0
113,1,私立,技專校院,1064,美和學校財團法人美和科技大學,碩士班(日間),女,118,10,0,0,0,0,0,0,0,0,10,1,0,2,7,0
113,1,私立,技專校院,1064,美和學校財團法人美和科技大學,碩士班(日間),男,57,7,0,0,0,0,0,0,0,0,7,2,0,1,4,0
113,1,私立,技專校院,1064,美和學校財團法人美和科技大學,碩士在職專班,女,90,8,0,0,0,0,0,0,0,0,8,2,0,1,5,0
113,2,私立,技專校院,1064,美和學校財團法人美和科技大學,二專(進修),男,53,2,1,0,0,0,0,0,1,0,1,0,0,1,0,0
113,2,私立,技專校院,1064,美和學校財團法人美和科技大學,學士班(日間),男,567,17,5,5,0,0,0,0,0,0,12,1,1,3,7,0
113,2,私立,技專校院,1064,美和學校財團法人美和科技大學,學士班(進修),男,328,16,2,1,0,0,0,0,1,0,14,1,0,8,5,0
113,2,私立,技專校院,1064,美和學校財團法人美和科技大學,五專,女,1276,33,16,15,0,0,0,0,1,0,17,6,0,2,9,0
113,2,私立,技專校院,1064,美和學校財團法人美和科技大學,碩士班(日間),女,118,5,0,0,0,0,0,0,0,0,5,0,0,0,5,0
113,2,私立,技專校院,1064,美和學校財團法人美和科技大學,碩士在職專班,女,90,8,0,0,0,0,0,0,0,0,8,0,0,1,7,0
113,2,私立,技專校院,1064,美和學校財團法人美和科技大學,碩士在職專班,男,34,2,0,0,0,0,0,0,0,0,2,1,0,1,0,0
113,2,私立,技專校院,1064,美和學校財團法人美和科技大學,二專(進修),女,27,2,0,0,0,0,0,0,0,0,2,0,0,1,1,0
113,2,私立,技專校院,1064,美和學校財團法人美和科技大學,學士班(日間),女,754,16,6,3,1,0,0,0,2,0,10,2,0,2,6,0
113,2,私立,技專校院,1064,美和學校財團法人美和科技大學,學士班(進修),女,942,37,4,1,0,0,0,0,3,0,33,2,0,15,16,0
113,2,私立,技專校院,1064,美和學校財團法人美和科技大學,五專,男,214,9,3,1,0,0,0,0,2,0,6,3,0,1,2,0
113,2,私立,技專校院,1064,美和學校財團法人美和科技大學,碩士班(日間),男,57,5,0,0,0,0,0,0,0,0,5,0,0,3,2,0
113,1,私立,技專校院,1065,吳鳳科技大學,學士班(進修),女,522,20,7,3,0,0,0,0,3,1,13,0,0,0,13,0
113,1,私立,技專校院,1065,吳鳳科技大學,碩士班(日間),女,17,0,0,0,0,0,0,0,0,0,0,0,0,0,0,0
113,1,私立,技專校院,1065,吳鳳科技大學,碩士在職專班,男,34,1,1,0,0,0,0,0,1,0,0,0,0,0,0,0
113,1,私立,技專校院,1065,吳鳳科技大學,二專(進修),女,100,5,0,0,0,0,0,0,0,0,5,0,0,0,5,0
113,1,私立,技專校院,1065,吳鳳科技大學,二專(進修),男,81,8,3,1,0,0,0,0,2,0,5,0,0,0,5,0
113,1,私立,技專校院,1065,吳鳳科技大學,學士班(日間),女,911,69,45,12,0,0,3,0,17,13,24,21,0,1,2,0
113,1,私立,技專校院,1065,吳鳳科技大學,學士班(日間),男,1488,105,78,26,0,0,1,0,37,14,27,19,1,3,4,0
113,1,私立,技專校院,1065,吳鳳科技大學,學士班(進修),男,730,43,2,1,0,0,0,0,1,0,41,2,0,0,39,0
113,1,私立,技專校院,1065,吳鳳科技大學,碩士班(日間),男,20,1,1,0,0,0,0,0,1,0,0,0,0,0,0,0
113,1,私立,技專校院,1065,吳鳳科技大學,碩士在職專班,女,30,0,0,0,0,0,0,0,0,0,0,0,0,0,0,0
113,2,私立,技專校院,1065,吳鳳科技大學,二專(進修),男,81,5,0,0,0,0,0,0,0,0,5,0,1,0,4,0
113,2,私立,技專校院,1065,吳鳳科技大學,學士班(日間),女,911,29,16,7,0,0,1,0,2,6,13,6,0,4,3,0
113,2,私立,技專校院,1065,吳鳳科技大學,學士班(日間),男,1488,66,41,18,0,0,1,2,19,1,25,20,0,4,1,0
113,2,私立,技專校院,1065,吳鳳科技大學,學士班(進修),男,730,21,5,2,0,0,0,0,3,0,16,2,0,3,11,0
113,2,私立,技專校院,1065,吳鳳科技大學,碩士在職專班,女,30,0,0,0,0,0,0,0,0,0,0,0,0,0,0,0
113,2,私立,技專校院,1065,吳鳳科技大學,二專(進修),女,100,1,0,0,0,0,0,0,0,0,1,0,0,0,1,0
113,2,私立,技專校院,1065,吳鳳科技大學,學士班(進修),女,522,8,0,0,0,0,0,0,0,0,8,0,0,1,7,0
113,2,私立,技專校院,1065,吳鳳科技大學,碩士班(日間),女,17,0,0,0,0,0,0,0,0,0,0,0,0,0,0,0
113,2,私立,技專校院,1065,吳鳳科技大學,碩士班(日間),男,20,0,0,0,0,0,0,0,0,0,0,0,0,0,0,0
113,2,私立,技專校院,1065,吳鳳科技大學,碩士在職專班,男,34,0,0,0,0,0,0,0,0,0,0,0,0,0,0,0
113,1,私立,技專校院,1069,修平學校財團法人修平科技大學,二專(進修),女,0,0,0,0,0,0,0,0,0,0,0,0,0,0,0,0
113,1,私立,技專校院,1069,修平學校財團法人修平科技大學,二專(進修),男,2,0,0,0,0,0,0,0,0,0,0,0,0,0,0,0
113,1,私立,技專校院,1069,修平學校財團法人修平科技大學,學士班(日間),女,688,53,17,11,0,0,0,3,3,0,36,7,1,7,10,11
113,1,私立,技專校院,1069,修平學校財團法人修平科技大學,學士班(日間),男,1264,105,37,29,0,0,2,2,4,0,68,12,4,12,24,16
113,1,私立,技專校院,1069,修平學校財團法人修平科技大學,學士班(進修),男,994,83,14,9,0,0,0,2,3,0,69,11,4,25,29,0
113,1,私立,技專校院,1069,修平學校財團法人修平科技大學,碩士在職專班,男,31,3,0,0,0,0,0,0,0,0,3,0,0,2,1,0
113,1,私立,技專校院,1069,修平學校財團法人修平科技大學,學士班(進修),女,281,14,4,0,0,0,0,2,2,0,10,1,0,2,7,0
113,1,私立,技專校院,1069,修平學校財團法人修平科技大學,碩士班(日間),女,36,2,2,0,0,0,0,1,1,0,0,0,0,0,0,0
113,1,私立,技專校院,1069,修平學校財團法人修平科技大學,碩士班(日間),男,53,4,1,0,0,0,0,0,1,0,3,1,0,0,2,0
113,1,私立,技專校院,1069,修平學校財團法人修平科技大學,碩士在職專班,女,9,0,0,0,0,0,0,0,0,0,0,0,0,0,0,0
113,2,私立,技專校院,1069,修平學校財團法人修平科技大學,學士班(進修),女,281,8,2,0,0,0,0,0,2,0,6,1,0,0,5,0
113,2,私立,技專校院,1069,修平學校財團法人修平科技大學,學士班(進修),男,994,35,6,2,0,0,0,1,3,0,29,0,3,9,17,0
113,2,私立,技專校院,1069,修平學校財團法人修平科技大學,碩士班(日間),女,36,1,0,0,0,0,0,0,0,0,1,0,0,0,1,0
113,2,私立,技專校院,1069,修平學校財團法人修平科技大學,碩士班(日間),男,53,5,1,0,0,0,0,1,0,0,4,0,0,3,1,0
113,2,私立,技專校院,1069,修平學校財團法人修平科技大學,碩士在職專班,女,9,1,0,0,0,0,0,0,0,0,1,0,0,1,0,0
113,2,私立,技專校院,1069,修平學校財團法人修平科技大學,二專(進修),女,0,0,0,0,0,0,0,0,0,0,0,0,0,0,0,0
113,2,私立,技專校院,1069,修平學校財團法人修平科技大學,二專(進修),男,2,0,0,0,0,0,0,0,0,0,0,0,0,0,0,0
113,2,私立,技專校院,1069,修平學校財團法人修平科技大學,學士班(日間),女,688,38,9,2,0,0,0,6,1,0,29,3,2,11,13,0
113,2,私立,技專校院,1069,修平學校財團法人修平科技大學,學士班(日間),男,1264,55,11,7,0,0,0,2,2,0,44,4,6,24,10,0
113,2,私立,技專校院,1069,修平學校財團法人修平科技大學,碩士在職專班,男,31,1,0,0,0,0,0,0,0,0,1,0,0,1,0,0
113,1,私立,技專校院,1070,長庚學校財團法人長庚科技大學,學士班(日間),男,604,16,8,7,0,0,0,0,1,0,8,2,0,0,6,0
113,1,私立,技專校院,1070,長庚學校財團法人長庚科技大學,碩士班(日間),女,88,6,4,1,0,0,1,0,2,0,2,0,0,0,2,0
113,1,私立,技專校院,1070,長庚學校財團法人長庚科技大學,碩士在職專班,女,145,8,4,2,0,0,0,0,2,0,4,3,0,0,1,0
113,1,私立,技專校院,1070,長庚學校財團法人長庚科技大學,學士班(日間),女,4028,71,50,42,0,0,6,0,2,0,21,1,0,1,19,0
113,1,私立,技專校院,1070,長庚學校財團法人長庚科技大學,學士班(進修),女,1013,25,6,3,0,0,0,0,3,0,19,5,0,0,14,0
113,1,私立,技專校院,1070,長庚學校財團法人長庚科技大學,學士班(進修),男,89,3,1,1,0,0,0,0,0,0,2,0,0,0,2,0
113,1,私立,技專校院,1070,長庚學校財團法人長庚科技大學,碩士班(日間),男,14,0,0,0,0,0,0,0,0,0,0,0,0,0,0,0
113,1,私立,技專校院,1070,長庚學校財團法人長庚科技大學,碩士在職專班,男,7,0,0,0,0,0,0,0,0,0,0,0,0,0,0,0
113,2,私立,技專校院,1070,長庚學校財團法人長庚科技大學,學士班(日間),女,4028,47,27,21,0,1,2,0,3,0,20,3,0,1,16,0
113,2,私立,技專校院,1070,長庚學校財團法人長庚科技大學,學士班(日間),男,604,9,4,3,0,0,0,0,1,0,5,4,0,1,0,0
113,2,私立,技專校院,1070,長庚學校財團法人長庚科技大學,學士班(進修),女,1013,7,4,2,0,0,0,0,1,1,3,0,0,0,3,0
113,2,私立,技專校院,1070,長庚學校財團法人長庚科技大學,學士班(進修),男,89,1,1,1,0,0,0,0,0,0,0,0,0,0,0,0
113,2,私立,技專校院,1070,長庚學校財團法人長庚科技大學,碩士班(日間),男,14,1,1,1,0,0,0,0,0,0,0,0,0,0,0,0
113,2,私立,技專校院,1070,長庚學校財團法人長庚科技大學,碩士在職專班,男,7,0,0,0,0,0,0,0,0,0,0,0,0,0,0,0
113,2,私立,技專校院,1070,長庚學校財團法人長庚科技大學,碩士班(日間),女,88,1,1,0,0,0,1,0,0,0,0,0,0,0,0,0
113,2,私立,技專校院,1070,長庚學校財團法人長庚科技大學,碩士在職專班,女,145,3,2,2,0,0,0,0,0,0,1,0,0,1,0,0
113,1,私立,技專校院,1071,城市學校財團法人臺北城市科技大學,二專(日間),男,8,1,1,1,0,0,0,0,0,0,0,0,0,0,0,0
113,1,私立,技專校院,1071,城市學校財團法人臺北城市科技大學,二專(進修),女,153,6,6,0,0,0,0,0,6,0,0,0,0,0,0,0
113,1,私立,技專校院,1071,城市學校財團法人臺北城市科技大學,二專(進修),男,156,5,5,0,0,0,0,0,5,0,0,0,0,0,0,0
113,1,私立,技專校院,1071,城市學校財團法人臺北城市科技大學,學士班(日間),女,2797,181,70,52,1,0,2,1,12,2,111,5,1,44,54,7
113,1,私立,技專校院,1071,城市學校財團法人臺北城市科技大學,學士班(日間),男,3841,274,85,62,0,0,0,6,15,2,189,24,0,51,102,12
113,1,私立,技專校院,1071,城市學校財團法人臺北城市科技大學,五專,男,446,62,39,36,0,0,0,0,3,0,23,1,2,2,18,0
113,1,私立,技專校院,1071,城市學校財團法人臺北城市科技大學,二專(日間),女,1,1,1,1,0,0,0,0,0,0,0,0,0,0,0,0
113,1,私立,技專校院,1071,城市學校財團法人臺北城市科技大學,學士班(進修),女,328,7,7,2,0,0,0,0,5,0,0,0,0,0,0,0
113,1,私立,技專校院,1071,城市學校財團法人臺北城市科技大學,學士班(進修),男,693,32,31,7,0,0,0,0,24,0,1,0,0,1,0,0
113,1,私立,技專校院,1071,城市學校財團法人臺北城市科技大學,五專,女,265,29,18,15,0,0,0,1,2,0,11,1,0,3,7,0
113,1,私立,技專校院,1071,城市學校財團法人臺北城市科技大學,碩士班(日間),女,28,3,0,0,0,0,0,0,0,0,3,0,0,1,2,0
113,1,私立,技專校院,1071,城市學校財團法人臺北城市科技大學,碩士班(日間),男,62,9,0,0,0,0,0,0,0,0,9,1,0,1,7,0
113,2,私立,技專校院,1071,城市學校財團法人臺北城市科技大學,二專(日間),女,1,0,0,0,0,0,0,0,0,0,0,0,0,0,0,0
113,2,私立,技專校院,1071,城市學校財團法人臺北城市科技大學,二專(進修),男,156,2,2,0,0,0,0,0,2,0,0,0,0,0,0,0
113,2,私立,技專校院,1071,城市學校財團法人臺北城市科技大學,學士班(日間),男,3841,194,56,42,0,0,1,0,11,2,138,41,4,49,44,0
113,2,私立,技專校院,1071,城市學校財團法人臺北城市科技大學,學士班(進修),男,693,7,7,0,0,0,0,0,7,0,0,0,0,0,0,0
113,2,私立,技專校院,1071,城市學校財團法人臺北城市科技大學,五專,女,265,27,16,12,0,0,0,0,3,1,11,3,1,2,5,0
113,2,私立,技專校院,1071,城市學校財團法人臺北城市科技大學,碩士班(日間),女,28,1,0,0,0,0,0,0,0,0,1,0,0,0,1,0
113,2,私立,技專校院,1071,城市學校財團法人臺北城市科技大學,二專(日間),男,8,1,0,0,0,0,0,0,0,0,1,0,0,1,0,0
113,2,私立,技專校院,1071,城市學校財團法人臺北城市科技大學,二專(進修),女,153,1,1,0,0,0,0,0,1,0,0,0,0,0,0,0
113,2,私立,技專校院,1071,城市學校財團法人臺北城市科技大學,學士班(日間),女,2797,104,39,24,1,0,3,2,9,0,65,6,1,25,33,0
113,2,私立,技專校院,1071,城市學校財團法人臺北城市科技大學,學士班(進修),女,328,4,4,0,0,0,0,0,4,0,0,0,0,0,0,0
113,2,私立,技專校院,1071,城市學校財團法人臺北城市科技大學,五專,男,446,42,20,18,0,0,0,0,2,0,22,7,9,0,6,0
113,2,私立,技專校院,1071,城市學校財團法人臺北城市科技大學,碩士班(日間),男,62,4,0,0,0,0,0,0,0,0,4,0,0,1,3,0
113,1,私立,技專校院,1072,大華學校財團法人敏實科技大學,學士班(進修),女,50,3,1,1,0,0,0,0,0,0,2,0,0,1,1,0
113,1,私立,技專校院,1072,大華學校財團法人敏實科技大學,五專,男,34,3,3,3,0,0,0,0,0,0,0,0,0,0,0,0
113,1,私立,技專校院,1072,大華學校財團法人敏實科技大學,學士班(日間),女,320,12,5,5,0,0,0,0,0,0,7,0,0,1,3,3
113,1,私立,技專校院,1072,大華學校財團法人敏實科技大學,學士班(日間),男,475,27,12,9,0,0,0,2,1,0,15,5,2,2,3,3
113,1,私立,技專校院,1072,大華學校財團法人敏實科技大學,學士班(進修),男,146,15,6,5,0,0,0,0,1,0,9,6,0,0,3,0
113,1,私立,技專校院,1072,大華學校財團法人敏實科技大學,五專,女,46,3,3,3,0,0,0,0,0,0,0,0,0,0,0,0
113,2,私立,技專校院,1072,大華學校財團法人敏實科技大學,學士班(日間),男,475,76,11,8,0,0,0,0,1,2,65,21,0,8,1,35
113,2,私立,技專校院,1072,大華學校財團法人敏實科技大學,學士班(進修),男,146,9,0,0,0,0,0,0,0,0,9,1,0,8,0,0
113,2,私立,技專校院,1072,大華學校財團法人敏實科技大學,五專,女,46,3,2,2,0,0,0,0,0,0,1,0,0,0,1,0
113,2,私立,技專校院,1072,大華學校財團法人敏實科技大學,五專,男,34,3,3,3,0,0,0,0,0,0,0,0,0,0,0,0
113,2,私立,技專校院,1072,大華學校財團法人敏實科技大學,學士班(日間),女,320,31,7,3,0,0,0,0,1,3,24,2,0,2,1,19
113,2,私立,技專校院,1072,大華學校財團法人敏實科技大學,學士班(進修),女,50,1,0,0,0,0,0,0,0,0,1,0,0,0,1,0
113,1,私立,技專校院,1073,醒吾學校財團法人醒吾科技大學,二專(進修),男,19,2,0,0,0,0,0,0,0,0,2,0,0,0,2,0
113,1,私立,技專校院,1073,醒吾學校財團法人醒吾科技大學,學士班(日間),男,1811,155,55,47,0,0,0,1,7,0,100,37,1,16,46,0
113,1,私立,技專校院,1073,醒吾學校財團法人醒吾科技大學,學士班(進修),男,352,35,18,18,0,0,0,0,0,0,17,2,0,7,8,0
113,1,私立,技專校院,1073,醒吾學校財團法人醒吾科技大學,五專,女,57,13,7,7,0,0,0,0,0,0,6,0,5,0,1,0
113,1,私立,技專校院,1073,醒吾學校財團法人醒吾科技大學,五專,男,31,15,11,11,0,0,0,0,0,0,4,3,0,0,1,0
113,1,私立,技專校院,1073,醒吾學校財團法人醒吾科技大學,碩士在職專班,女,28,5,1,1,0,0,0,0,0,0,4,4,0,0,0,0
113,1,私立,技專校院,1073,醒吾學校財團法人醒吾科技大學,二專(進修),女,15,2,1,1,0,0,0,0,0,0,1,0,0,1,0,0
113,1,私立,技專校院,1073,醒吾學校財團法人醒吾科技大學,學士班(日間),女,2831,213,96,94,0,0,0,1,1,0,117,37,0,22,58,0
113,1,私立,技專校院,1073,醒吾學校財團法人醒吾科技大學,學士班(進修),女,431,32,14,12,0,0,1,1,0,0,18,0,0,5,13,0
113,1,私立,技專校院,1073,醒吾學校財團法人醒吾科技大學,碩士班(日間),女,24,7,0,0,0,0,0,0,0,0,7,6,0,0,1,0
113,1,私立,技專校院,1073,醒吾學校財團法人醒吾科技大學,碩士班(日間),男,17,6,1,1,0,0,0,0,0,0,5,3,0,1,1,0
113,1,私立,技專校院,1073,醒吾學校財團法人醒吾科技大學,碩士在職專班,男,18,8,1,1,0,0,0,0,0,0,7,7,0,0,0,0
113,2,私立,技專校院,1073,醒吾學校財團法人醒吾科技大學,二專(進修),女,15,4,0,0,0,0,0,0,0,0,4,0,0,2,2,0
113,2,私立,技專校院,1073,醒吾學校財團法人醒吾科技大學,學士班(日間),女,2831,103,23,20,0,0,3,0,0,0,80,18,1,21,40,0
113,2,私立,技專校院,1073,醒吾學校財團法人醒吾科技大學,學士班(進修),女,431,37,5,4,0,0,1,0,0,0,32,0,0,13,19,0
113,2,私立,技專校院,1073,醒吾學校財團法人醒吾科技大學,學士班(進修),男,352,23,4,3,0,0,0,0,1,0,19,0,0,10,9,0
113,2,私立,技專校院,1073,醒吾學校財團法人醒吾科技大學,五專,女,57,4,1,1,0,0,0,0,0,0,3,1,0,0,2,0
113,2,私立,技專校院,1073,醒吾學校財團法人醒吾科技大學,碩士班(日間),男,17,0,0,0,0,0,0,0,0,0,0,0,0,0,0,0
113,2,私立,技專校院,1073,醒吾學校財團法人醒吾科技大學,碩士在職專班,男,18,1,0,0,0,0,0,0,0,0,1,1,0,0,0,0
113,2,私立,技專校院,1073,醒吾學校財團法人醒吾科技大學,二專(進修),男,19,0,0,0,0,0,0,0,0,0,0,0,0,0,0,0
113,2,私立,技專校院,1073,醒吾學校財團法人醒吾科技大學,學士班(日間),男,1811,107,15,15,0,0,0,0,0,0,92,20,3,30,39,0
113,2,私立,技專校院,1073,醒吾學校財團法人醒吾科技大學,五專,男,31,3,1,1,0,0,0,0,0,0,2,1,0,0,1,0
113,2,私立,技專校院,1073,醒吾學校財團法人醒吾科技大學,碩士班(日間),女,24,0,0,0,0,0,0,0,0,0,0,0,0,0,0,0
113,2,私立,技專校院,1073,醒吾學校財團法人醒吾科技大學,碩士在職專班,女,28,1,0,0,0,0,0,0,0,0,1,1,0,0,0,0
113,1,私立,技專校院,1075,文藻學校財團法人文藻外語大學,學士班(進修),男,284,36,6,6,0,0,0,0,0,0,30,1,0,5,24,0
113,1,私立,技專校院,1075,文藻學校財團法人文藻外語大學,碩士班(日間),女,155,23,6,2,0,0,0,1,3,0,17,4,0,3,10,0
113,1,私立,技專校院,1075,文藻學校財團法人文藻外語大學,碩士班(日間),男,66,9,1,0,0,0,0,0,1,0,8,4,0,1,3,0
113,1,私立,技專校院,1075,文藻學校財團法人文藻外語大學,碩士在職專班,女,37,6,3,1,0,0,0,0,2,0,3,1,0,1,1,0
113,1,私立,技專校院,1075,文藻學校財團法人文藻外語大學,碩士在職專班,男,15,3,1,0,0,0,0,0,1,0,2,0,0,2,0,0
113,1,私立,技專校院,1075,文藻學校財團法人文藻外語大學,學士班(日間),女,2690,157,86,75,0,0,1,1,9,0,71,31,0,12,28,0
113,1,私立,技專校院,1075,文藻學校財團法人文藻外語大學,學士班(日間),男,1104,73,30,26,0,0,1,2,1,0,43,14,0,8,21,0
113,1,私立,技專校院,1075,文藻學校財團法人文藻外語大學,學士班(進修),女,472,58,12,6,0,0,0,0,6,0,46,3,0,9,34,0
113,1,私立,技專校院,1075,文藻學校財團法人文藻外語大學,五專,女,1661,89,60,58,0,0,0,0,2,0,29,9,0,2,18,0
113,1,私立,技專校院,1075,文藻學校財團法人文藻外語大學,五專,男,365,20,15,14,0,0,0,1,0,0,5,2,0,1,2,0
113,2,私立,技專校院,1075,文藻學校財團法人文藻外語大學,學士班(日間),男,1104,53,14,8,0,0,0,2,4,0,39,13,0,9,17,0
113,2,私立,技專校院,1075,文藻學校財團法人文藻外語大學,學士班(進修),女,472,41,1,1,0,0,0,0,0,0,40,0,0,19,21,0
113,2,私立,技專校院,1075,文藻學校財團法人文藻外語大學,五專,女,1661,35,23,19,0,0,0,1,3,0,12,8,0,0,4,0
113,2,私立,技專校院,1075,文藻學校財團法人文藻外語大學,碩士在職專班,女,37,0,0,0,0,0,0,0,0,0,0,0,0,0,0,0
113,2,私立,技專校院,1075,文藻學校財團法人文藻外語大學,學士班(日間),女,2690,89,35,27,0,0,1,1,6,0,54,11,0,16,27,0
113,2,私立,技專校院,1075,文藻學校財團法人文藻外語大學,學士班(進修),男,284,33,3,3,0,0,0,0,0,0,30,0,0,14,16,0
113,2,私立,技專校院,1075,文藻學校財團法人文藻外語大學,五專,男,365,12,6,6,0,0,0,0,0,0,6,6,0,0,0,0
113,2,私立,技專校院,1075,文藻學校財團法人文藻外語大學,碩士班(日間),女,155,9,4,2,0,0,0,0,2,0,5,0,0,1,4,0
113,2,私立,技專校院,1075,文藻學校財團法人文藻外語大學,碩士班(日間),男,66,3,0,0,0,0,0,0,0,0,3,0,0,1,2,0
113,2,私立,技專校院,1075,文藻學校財團法人文藻外語大學,碩士在職專班,男,15,0,0,0,0,0,0,0,0,0,0,0,0,0,0,0
113,1,私立,技專校院,1076,華夏學校財團法人華夏科技大學,學士班(進修),女,93,12,1,0,0,0,0,0,1,0,11,0,0,0,11,0
113,1,私立,技專校院,1076,華夏學校財團法人華夏科技大學,學士班(進修),男,129,35,3,1,0,0,0,0,2,0,32,9,0,0,23,0
113,1,私立,技專校院,1076,華夏學校財團法人華夏科技大學,五專,女,52,1,0,0,0,0,0,0,0,0,1,0,0,0,1,0
113,1,私立,技專校院,1076,華夏學校財團法人華夏科技大學,碩士班(日間),女,2,2,0,0,0,0,0,0,0,0,2,1,0,0,1,0
113,1,私立,技專校院,1076,華夏學校財團法人華夏科技大學,碩士班(日間),男,8,2,0,0,0,0,0,0,0,0,2,0,0,0,2,0
113,1,私立,技專校院,1076,華夏學校財團法人華夏科技大學,碩士在職專班,女,5,3,0,0,0,0,0,0,0,0,3,2,0,0,1,0
113,1,私立,技專校院,1076,華夏學校財團法人華夏科技大學,二專(進修),女,0,2,0,0,0,0,0,0,0,0,2,0,0,0,2,0
113,1,私立,技專校院,1076,華夏學校財團法人華夏科技大學,二專(進修),男,1,0,0,0,0,0,0,0,0,0,0,0,0,0,0,0
113,1,私立,技專校院,1076,華夏學校財團法人華夏科技大學,學士班(日間),女,102,25,3,2,0,0,0,0,1,0,22,1,0,1,20,0
113,1,私立,技專校院,1076,華夏學校財團法人華夏科技大學,學士班(日間),男,231,29,1,1,0,0,0,0,0,0,28,5,0,4,19,0
113,1,私立,技專校院,1076,華夏學校財團法人華夏科技大學,五專,男,187,28,17,14,0,0,0,0,3,0,11,1,0,0,10,0
113,1,私立,技專校院,1076,華夏學校財團法人華夏科技大學,碩士在職專班,男,12,2,0,0,0,0,0,0,0,0,2,0,0,0,2,0
113,2,私立,技專校院,1076,華夏學校財團法人華夏科技大學,二專(進修),女,0,3,0,0,0,0,0,0,0,0,3,0,0,0,3,0
113,2,私立,技專校院,1076,華夏學校財團法人華夏科技大學,學士班(日間),女,102,6,1,0,0,0,0,0,1,0,5,0,0,0,5,0
113,2,私立,技專校院,1076,華夏學校財團法人華夏科技大學,學士班(進修),女,93,11,0,0,0,0,0,0,0,0,11,1,0,1,9,0
113,2,私立,技專校院,1076,華夏學校財團法人華夏科技大學,五專,男,187,9,1,1,0,0,0,0,0,0,8,0,0,0,8,0
113,2,私立,技專校院,1076,華夏學校財團法人華夏科技大學,碩士班(日間),男,8,2,0,0,0,0,0,0,0,0,2,0,0,1,1,0
113,2,私立,技專校院,1076,華夏學校財團法人華夏科技大學,二專(進修),男,1,0,0,0,0,0,0,0,0,0,0,0,0,0,0,0
113,2,私立,技專校院,1076,華夏學校財團法人華夏科技大學,學士班(日間),男,231,19,0,0,0,0,0,0,0,0,19,1,0,0,18,0
113,2,私立,技專校院,1076,華夏學校財團法人華夏科技大學,學士班(進修),男,129,13,0,0,0,0,0,0,0,0,13,2,0,1,10,0
113,2,私立,技專校院,1076,華夏學校財團法人華夏科技大學,五專,女,52,3,0,0,0,0,0,0,0,0,3,0,0,0,3,0
113,2,私立,技專校院,1076,華夏學校財團法人華夏科技大學,碩士班(日間),女,2,1,0,0,0,0,0,0,0,0,1,0,0,0,1,0
113,2,私立,技專校院,1076,華夏學校財團法人華夏科技大學,碩士在職專班,女,5,1,0,0,0,0,0,0,0,0,1,0,0,0,1,0
113,2,私立,技專校院,1076,華夏學校財團法人華夏科技大學,碩士在職專班,男,12,3,0,0,0,0,0,0,0,0,3,0,0,0,3,0
113,1,私立,技專校院,1078,致理學校財團法人致理科技大學,學士班(日間),女,4298,104,48,42,0,0,2,0,4,0,56,11,0,11,34,0
113,1,私立,技專校院,1078,致理學校財團法人致理科技大學,學士班(日間),男,2255,87,34,33,0,0,0,0,1,0,53,20,0,5,28,0
113,1,私立,技專校院,1078,致理學校財團法人致理科技大學,五專,女,1171,59,40,35,0,0,0,1,4,0,19,1,1,1,16,0
113,1,私立,技專校院,1078,致理學校財團法人致理科技大學,學士班(進修),女,1460,112,25,22,0,0,0,0,3,0,87,11,0,21,55,0
113,1,私立,技專校院,1078,致理學校財團法人致理科技大學,學士班(進修),男,1157,112,26,23,0,0,0,0,3,0,86,7,0,31,48,0
113,1,私立,技專校院,1078,致理學校財團法人致理科技大學,五專,男,383,35,23,23,0,0,0,0,0,0,12,4,0,1,7,0
113,1,私立,技專校院,1078,致理學校財團法人致理科技大學,碩士班(日間),女,62,6,2,1,0,0,0,0,0,1,4,0,0,0,4,0
113,1,私立,技專校院,1078,致理學校財團法人致理科技大學,碩士班(日間),男,16,1,0,0,0,0,0,0,0,0,1,0,0,0,1,0
113,1,私立,技專校院,1078,致理學校財團法人致理科技大學,碩士在職專班,女,39,0,0,0,0,0,0,0,0,0,0,0,0,0,0,0
113,1,私立,技專校院,1078,致理學校財團法人致理科技大學,碩士在職專班,男,16,0,0,0,0,0,0,0,0,0,0,0,0,0,0,0
113,2,私立,技專校院,1078,致理學校財團法人致理科技大學,學士班(日間),女,4298,85,30,28,0,0,0,1,1,0,55,14,0,13,28,0
113,2,私立,技專校院,1078,致理學校財團法人致理科技大學,學士班(進修),女,1460,102,15,7,0,0,1,0,7,0,87,25,0,35,27,0
113,2,私立,技專校院,1078,致理學校財團法人致理科技大學,學士班(進修),男,1157,132,12,8,0,0,0,0,4,0,120,38,0,43,39,0
113,2,私立,技專校院,1078,致理學校財團法人致理科技大學,碩士班(日間),女,62,2,0,0,0,0,0,0,0,0,2,0,0,0,2,0
113,2,私立,技專校院,1078,致理學校財團法人致理科技大學,碩士班(日間),男,16,1,0,0,0,0,0,0,0,0,1,0,0,0,1,0
113,2,私立,技專校院,1078,致理學校財團法人致理科技大學,碩士在職專班,男,16,2,0,0,0,0,0,0,0,0,2,1,0,0,1,0
113,2,私立,技專校院,1078,致理學校財團法人致理科技大學,學士班(日間),男,2255,88,17,14,0,0,0,0,3,0,71,39,0,11,21,0
113,2,私立,技專校院,1078,致理學校財團法人致理科技大學,五專,女,1171,31,8,8,0,0,0,0,0,0,23,8,2,2,11,0
113,2,私立,技專校院,1078,致理學校財團法人致理科技大學,五專,男,383,9,2,2,0,0,0,0,0,0,7,4,0,1,2,0
113,2,私立,技專校院,1078,致理學校財團法人致理科技大學,碩士在職專班,女,39,2,0,0,0,0,0,0,0,0,2,1,0,0,1,0
113,1,私立,一般大學,1079,康寧學校財團法人康寧大學,二專(進修),女,151,2,1,1,0,0,0,0,0,0,1,0,0,0,1,0
113,1,私立,一般大學,1079,康寧學校財團法人康寧大學,二專(進修),男,56,2,0,0,0,0,0,0,0,0,2,0,0,0,2,0
113,1,私立,一般大學,1079,康寧學校財團法人康寧大學,學士班(日間),女,100,5,4,4,0,0,0,0,0,0,1,0,0,1,0,0
113,1,私立,一般大學,1079,康寧學校財團法人康寧大學,學士班(日間),男,37,7,2,2,0,0,0,0,0,0,5,0,0,4,1,0
113,1,私立,一般大學,1079,康寧學校財團法人康寧大學,五專,男,645,50,32,32,0,0,0,0,0,0,18,1,6,3,8,0
113,1,私立,一般大學,1079,康寧學校財團法人康寧大學,碩士在職專班,男,2,1,0,0,0,0,0,0,0,0,1,1,0,0,0,0
113,1,私立,一般大學,1079,康寧學校財團法人康寧大學,學士班(進修),女,172,8,1,1,0,0,0,0,0,0,7,0,0,1,6,0
113,1,私立,一般大學,1079,康寧學校財團法人康寧大學,學士班(進修),男,23,0,0,0,0,0,0,0,0,0,0,0,0,0,0,0
113,1,私立,一般大學,1079,康寧學校財團法人康寧大學,五專,女,2053,116,75,73,0,0,2,0,0,0,41,0,7,5,29,0
113,1,私立,一般大學,1079,康寧學校財團法人康寧大學,碩士班(日間),男,0,1,0,0,0,0,0,0,0,0,1,0,0,0,1,0
113,1,私立,一般大學,1079,康寧學校財團法人康寧大學,碩士在職專班,女,0,2,0,0,0,0,0,0,0,0,2,0,0,2,0,0
113,2,私立,一般大學,1079,康寧學校財團法人康寧大學,二專(進修),女,151,2,0,0,0,0,0,0,0,0,2,0,1,0,1,0
113,2,私立,一般大學,1079,康寧學校財團法人康寧大學,學士班(日間),女,100,5,2,2,0,0,0,0,0,0,3,0,0,0,3,0
113,2,私立,一般大學,1079,康寧學校財團法人康寧大學,學士班(進修),女,172,0,0,0,0,0,0,0,0,0,0,0,0,0,0,0
113,2,私立,一般大學,1079,康寧學校財團法人康寧大學,五專,男,645,27,9,9,0,0,0,0,0,0,18,0,14,0,4,0
113,2,私立,一般大學,1079,康寧學校財團法人康寧大學,二專(進修),男,56,3,0,0,0,0,0,0,0,0,3,0,1,2,0,0
113,2,私立,一般大學,1079,康寧學校財團法人康寧大學,學士班(日間),男,37,1,0,0,0,0,0,0,0,0,1,1,0,0,0,0
113,2,私立,一般大學,1079,康寧學校財團法人康寧大學,學士班(進修),男,23,0,0,0,0,0,0,0,0,0,0,0,0,0,0,0
113,2,私立,一般大學,1079,康寧學校財團法人康寧大學,五專,女,2053,58,29,29,0,0,0,0,0,0,29,0,14,3,12,0
113,2,私立,一般大學,1079,康寧學校財團法人康寧大學,碩士在職專班,女,0,0,0,0,0,0,0,0,0,0,0,0,0,0,0,0
113,2,私立,一般大學,1079,康寧學校財團法人康寧大學,碩士在職專班,男,2,0,0,0,0,0,0,0,0,0,0,0,0,0,0,0
113,1,私立,技專校院,1080,宏國學校財團法人宏國德霖科技大學,學士班(日間),女,780,34,14,13,0,0,0,0,0,1,20,6,0,4,10,0
113,1,私立,技專校院,1080,宏國學校財團法人宏國德霖科技大學,學士班(日間),男,986,98,18,15,0,0,0,1,2,0,80,31,0,26,23,0
113,1,私立,技專校院,1080,宏國學校財團法人宏國德霖科技大學,學士班(進修),女,576,28,3,2,0,0,0,0,1,0,25,6,0,14,5,0
113,1,私立,技專校院,1080,宏國學校財團法人宏國德霖科技大學,五專,女,396,33,11,10,0,0,0,0,1,0,22,4,1,6,11,0
113,1,私立,技專校院,1080,宏國學校財團法人宏國德霖科技大學,五專,男,635,44,25,24,0,0,0,0,1,0,19,3,1,7,8,0
113,1,私立,技專校院,1080,宏國學校財團法人宏國德霖科技大學,學士班(進修),男,885,64,11,9,0,0,0,0,2,0,53,17,0,27,9,0
113,1,私立,技專校院,1080,宏國學校財團法人宏國德霖科技大學,碩士班(日間),女,17,0,0,0,0,0,0,0,0,0,0,0,0,0,0,0
113,1,私立,技專校院,1080,宏國學校財團法人宏國德霖科技大學,碩士班(日間),男,17,0,0,0,0,0,0,0,0,0,0,0,0,0,0,0
113,2,私立,技專校院,1080,宏國學校財團法人宏國德霖科技大學,學士班(日間),男,986,63,9,5,0,0,0,0,4,0,54,26,0,24,4,0
113,2,私立,技專校院,1080,宏國學校財團法人宏國德霖科技大學,學士班(進修),女,576,21,3,2,0,0,0,1,0,0,18,5,0,11,2,0
113,2,私立,技專校院,1080,宏國學校財團法人宏國德霖科技大學,五專,女,396,30,22,20,0,0,0,0,2,0,8,3,2,2,1,0
113,2,私立,技專校院,1080,宏國學校財團法人宏國德霖科技大學,學士班(日間),女,780,45,10,6,1,0,0,2,1,0,35,20,0,11,4,0
113,2,私立,技專校院,1080,宏國學校財團法人宏國德霖科技大學,學士班(進修),男,885,71,7,3,0,0,0,0,4,0,64,13,1,43,7,0
113,2,私立,技專校院,1080,宏國學校財團法人宏國德霖科技大學,五專,男,635,49,29,24,0,0,0,0,5,0,20,8,4,6,2,0
113,2,私立,技專校院,1080,宏國學校財團法人宏國德霖科技大學,碩士班(日間),女,17,0,0,0,0,0,0,0,0,0,0,0,0,0,0,0
113,2,私立,技專校院,1080,宏國學校財團法人宏國德霖科技大學,碩士班(日間),男,17,1,0,0,0,0,0,0,0,0,1,0,0,0,1,0
113,1,私立,技專校院,1082,崇右學校財團法人崇右影藝科技大學,學士班(日間),男,489,35,6,6,0,0,0,0,0,0,29,1,0,15,13,0
113,1,私立,技專校院,1082,崇右學校財團法人崇右影藝科技大學,碩士班(日間),女,12,1,0,0,0,0,0,0,0,0,1,0,0,0,1,0
113,1,私立,技專校院,1082,崇右學校財團法人崇右影藝科技大學,學士班(日間),女,601,52,7,7,0,0,0,0,0,0,45,0,0,26,19,0
113,1,私立,技專校院,1082,崇右學校財團法人崇右影藝科技大學,碩士班(日間),男,12,2,0,0,0,0,0,0,0,0,2,0,1,0,1,0
113,2,私立,技專校院,1082,崇右學校財團法人崇右影藝科技大學,碩士班(日間),女,12,0,0,0,0,0,0,0,0,0,0,0,0,0,0,0
113,2,私立,技專校院,1082,崇右學校財團法人崇右影藝科技大學,碩士班(日間),男,12,2,1,1,0,0,0,0,0,0,1,0,0,0,1,0
113,2,私立,技專校院,1082,崇右學校財團法人崇右影藝科技大學,學士班(日間),女,601,25,10,6,0,0,2,1,1,0,15,0,0,6,9,0
113,2,私立,技專校院,1082,崇右學校財團法人崇右影藝科技大學,學士班(日間),男,489,17,6,4,0,0,1,0,1,0,11,1,0,5,5,0
113,1,私立,技專校院,1083,台北海洋學校財團法人台北海洋科技大學,二專(日間),男,0,2,0,0,0,0,0,0,0,0,2,0,0,1,1,0
113,1,私立,技專校院,1083,台北海洋學校財團法人台北海洋科技大學,二專(進修),女,6,1,0,0,0,0,0,0,0,0,1,0,0,0,1,0
113,1,私立,技專校院,1083,台北海洋學校財團法人台北海洋科技大學,學士班(日間),女,805,61,12,11,0,0,0,0,1,0,49,2,0,16,31,0
113,1,私立,技專校院,1083,台北海洋學校財團法人台北海洋科技大學,五專,男,343,48,5,4,0,0,0,0,1,0,43,0,0,15,28,0
113,1,私立,技專校院,1083,台北海洋學校財團法人台北海洋科技大學,碩士班(日間),男,53,14,7,4,0,0,0,2,1,0,7,1,0,1,5,0
113,1,私立,技專校院,1083,台北海洋學校財團法人台北海洋科技大學,二專(進修),男,96,10,1,0,0,0,0,0,1,0,9,0,0,5,4,0
113,1,私立,技專校院,1083,台北海洋學校財團法人台北海洋科技大學,學士班(日間),男,1140,91,21,15,0,0,1,0,5,0,70,3,0,22,45,0
113,1,私立,技專校院,1083,台北海洋學校財團法人台北海洋科技大學,學士班(進修),女,507,15,6,1,0,0,1,0,4,0,9,0,0,1,8,0
113,1,私立,技專校院,1083,台北海洋學校財團法人台北海洋科技大學,學士班(進修),男,426,14,3,1,0,0,0,1,1,0,11,0,0,6,5,0
113,1,私立,技專校院,1083,台北海洋學校財團法人台北海洋科技大學,五專,女,190,21,0,0,0,0,0,0,0,0,21,0,0,9,12,0
113,1,私立,技專校院,1083,台北海洋學校財團法人台北海洋科技大學,碩士班(日間),女,55,2,2,1,0,0,0,1,0,0,0,0,0,0,0,0
113,2,私立,技專校院,1083,台北海洋學校財團法人台北海洋科技大學,學士班(進修),女,507,20,8,4,0,0,0,0,4,0,12,0,0,5,7,0
113,2,私立,技專校院,1083,台北海洋學校財團法人台北海洋科技大學,學士班(進修),男,426,23,7,7,0,0,0,0,0,0,16,0,0,9,7,0
113,2,私立,技專校院,1083,台北海洋學校財團法人台北海洋科技大學,五專,女,190,25,19,19,0,0,0,0,0,0,6,0,0,4,2,0
113,2,私立,技專校院,1083,台北海洋學校財團法人台北海洋科技大學,碩士班(日間),女,55,3,0,0,0,0,0,0,0,0,3,1,0,1,1,0
113,2,私立,技專校院,1083,台北海洋學校財團法人台北海洋科技大學,二專(進修),女,6,0,0,0,0,0,0,0,0,0,0,0,0,0,0,0
113,2,私立,技專校院,1083,台北海洋學校財團法人台北海洋科技大學,二專(進修),男,96,9,1,1,0,0,0,0,0,0,8,0,0,6,2,0
113,2,私立,技專校院,1083,台北海洋學校財團法人台北海洋科技大學,學士班(日間),女,805,67,30,26,0,0,1,1,2,0,37,3,0,22,12,0
113,2,私立,技專校院,1083,台北海洋學校財團法人台北海洋科技大學,學士班(日間),男,1140,78,42,36,0,0,2,1,3,0,36,5,0,16,15,0
113,2,私立,技專校院,1083,台北海洋學校財團法人台北海洋科技大學,五專,男,343,46,38,36,0,0,0,0,2,0,8,0,0,3,5,0
113,2,私立,技專校院,1083,台北海洋學校財團法人台北海洋科技大學,碩士班(日間),男,53,7,0,0,0,0,0,0,0,0,7,1,0,4,2,0
113,1,私立,技專校院,1084,亞東學校財團法人亞東科技大學,學士班(日間),女,1214,38,25,22,1,0,1,0,1,0,13,2,0,0,11,0
113,1,私立,技專校院,1084,亞東學校財團法人亞東科技大學,學士班(進修),女,115,0,0,0,0,0,0,0,0,0,0,0,0,0,0,0
113,1,私立,技專校院,1084,亞東學校財團法人亞東科技大學,學士班(進修),男,14,0,0,0,0,0,0,0,0,0,0,0,0,0,0,0
113,1,私立,技專校院,1084,亞東學校財團法人亞東科技大學,碩士班(日間),男,43,2,0,0,0,0,0,0,0,0,2,0,0,0,2,0
113,1,私立,技專校院,1084,亞東學校財團法人亞東科技大學,學士班(日間),男,2546,105,55,46,0,0,2,3,4,0,50,16,0,8,26,0
113,1,私立,技專校院,1084,亞東學校財團法人亞東科技大學,碩士班(日間),女,18,0,0,0,0,0,0,0,0,0,0,0,0,0,0,0
113,2,私立,技專校院,1084,亞東學校財團法人亞東科技大學,學士班(日間),女,1214,35,11,9,0,0,0,1,1,0,24,6,0,5,13,0
113,2,私立,技專校院,1084,亞東學校財團法人亞東科技大學,學士班(日間),男,2546,99,19,15,0,0,1,1,2,0,80,44,0,12,24,0
113,2,私立,技專校院,1084,亞東學校財團法人亞東科技大學,學士班(進修),女,115,2,0,0,0,0,0,0,0,0,2,0,0,1,1,0
113,2,私立,技專校院,1084,亞東學校財團法人亞東科技大學,學士班(進修),男,14,0,0,0,0,0,0,0,0,0,0,0,0,0,0,0
113,2,私立,技專校院,1084,亞東學校財團法人亞東科技大學,碩士班(日間),男,43,2,0,0,0,0,0,0,0,0,2,1,0,0,1,0
113,2,私立,技專校院,1084,亞東學校財團法人亞東科技大學,碩士班(日間),女,18,2,1,0,0,0,0,0,1,0,1,0,0,0,1,0
113,1,私立,一般大學,1125,中信學校財團法人中信金融管理學院,碩士班(日間),女,61,3,0,0,0,0,0,0,0,0,3,0,0,3,0,0
113,1,私立,一般大學,1125,中信學校財團法人中信金融管理學院,碩士班(日間),男,73,5,0,0,0,0,0,0,0,0,5,0,0,4,1,0
113,1,私立,一般大學,1125,中信學校財團法人中信金融管理學院,碩士在職專班,女,29,0,0,0,0,0,0,0,0,0,0,0,0,0,0,0
113,1,私立,一般大學,1125,中信學校財團法人中信金融管理學院,碩士在職專班,男,20,3,0,0,0,0,0,0,0,0,3,0,0,2,1,0
113,1,私立,一般大學,1125,中信學校財團法人中信金融管理學院,學士班(日間),女,332,17,10,7,0,0,0,0,0,3,7,5,0,0,2,0
113,1,私立,一般大學,1125,中信學校財團法人中信金融管理學院,學士班(日間),男,399,38,26,19,0,0,0,0,1,6,12,3,0,3,6,0
113,1,私立,一般大學,1125,中信學校財團法人中信金融管理學院,博士班,女,2,0,0,0,0,0,0,0,0,0,0,0,0,0,0,0
113,1,私立,一般大學,1125,中信學校財團法人中信金融管理學院,博士班,男,1,0,0,0,0,0,0,0,0,0,0,0,0,0,0,0
113,2,私立,一般大學,1125,中信學校財團法人中信金融管理學院,學士班(日間),女,332,8,8,5,0,0,2,0,0,1,0,0,0,0,0,0
113,2,私立,一般大學,1125,中信學校財團法人中信金融管理學院,碩士班(日間),男,73,0,0,0,0,0,0,0,0,0,0,0,0,0,0,0
113,2,私立,一般大學,1125,中信學校財團法人中信金融管理學院,碩士在職專班,男,20,0,0,0,0,0,0,0,0,0,0,0,0,0,0,0
113,2,私立,一般大學,1125,中信學校財團法人中信金融管理學院,學士班(日間),男,399,29,28,25,0,0,0,0,0,3,1,0,0,0,1,0
113,2,私立,一般大學,1125,中信學校財團法人中信金融管理學院,博士班,女,2,0,0,0,0,0,0,0,0,0,0,0,0,0,0,0
113,2,私立,一般大學,1125,中信學校財團法人中信金融管理學院,博士班,男,1,0,0,0,0,0,0,0,0,0,0,0,0,0,0,0
113,2,私立,一般大學,1125,中信學校財團法人中信金融管理學院,碩士班(日間),女,61,0,0,0,0,0,0,0,0,0,0,0,0,0,0,0
113,2,私立,一般大學,1125,中信學校財團法人中信金融管理學院,碩士在職專班,女,29,0,0,0,0,0,0,0,0,0,0,0,0,0,0,0
113,1,私立,技專校院,1148,大漢技術學院,學士班(進修),女,85,18,4,2,0,0,0,0,2,0,14,2,0,6,6,0
113,1,私立,技專校院,1148,大漢技術學院,碩士班(日間),女,17,1,0,0,0,0,0,0,0,0,1,1,0,0,0,0
113,1,私立,技專校院,1148,大漢技術學院,碩士班(日間),男,23,13,0,0,0,0,0,0,0,0,13,3,0,2,8,0
113,1,私立,技專校院,1148,大漢技術學院,二專(進修),女,9,7,1,0,0,0,0,0,1,0,6,0,0,3,3,0
113,1,私立,技專校院,1148,大漢技術學院,二專(進修),男,5,8,1,1,0,0,0,0,0,0,7,0,0,3,4,0
113,1,私立,技專校院,1148,大漢技術學院,學士班(日間),女,18,7,1,1,0,0,0,0,0,0,6,1,0,2,3,0
113,1,私立,技專校院,1148,大漢技術學院,學士班(日間),男,37,6,0,0,0,0,0,0,0,0,6,0,0,3,3,0
113,1,私立,技專校院,1148,大漢技術學院,學士班(進修),男,116,37,5,3,0,0,0,0,2,0,32,2,0,13,17,0
113,2,私立,技專校院,1148,大漢技術學院,學士班(進修),女,85,24,2,0,0,0,0,0,2,0,22,0,0,0,0,22
113,2,私立,技專校院,1148,大漢技術學院,學士班(進修),男,116,39,5,2,0,0,0,0,3,0,34,2,0,0,0,32
113,2,私立,技專校院,1148,大漢技術學院,碩士班(日間),女,17,8,0,0,0,0,0,0,0,0,8,0,0,3,3,2
113,2,私立,技專校院,1148,大漢技術學院,碩士班(日間),男,23,14,1,0,0,0,0,1,0,0,13,1,0,1,6,5
113,2,私立,技專校院,1148,大漢技術學院,二專(進修),女,9,0,0,0,0,0,0,0,0,0,0,0,0,0,0,0
113,2,私立,技專校院,1148,大漢技術學院,二專(進修),男,5,0,0,0,0,0,0,0,0,0,0,0,0,0,0,0
113,2,私立,技專校院,1148,大漢技術學院,學士班(日間),女,18,10,1,1,0,0,0,0,0,0,9,0,0,0,1,8
113,2,私立,技專校院,1148,大漢技術學院,學士班(日間),男,37,21,0,0,0,0,0,0,0,0,21,1,0,1,3,16
113,1,私立,技專校院,1168,南亞科技學校財團法人南亞技術學院,二專(進修),男,2,1,0,0,0,0,0,0,0,0,1,0,0,0,1,0
113,1,私立,技專校院,1168,南亞科技學校財團法人南亞技術學院,學士班(日間),男,527,60,25,24,0,0,0,0,1,0,35,6,0,12,17,0
113,1,私立,技專校院,1168,南亞科技學校財團法人南亞技術學院,五專,男,25,17,5,4,0,0,0,0,1,0,12,1,0,2,9,0
113,1,私立,技專校院,1168,南亞科技學校財團法人南亞技術學院,二專(進修),女,87,2,2,1,0,0,0,0,1,0,0,0,0,0,0,0
113,1,私立,技專校院,1168,南亞科技學校財團法人南亞技術學院,學士班(日間),女,212,19,6,6,0,0,0,0,0,0,13,3,0,0,10,0
113,1,私立,技專校院,1168,南亞科技學校財團法人南亞技術學院,學士班(進修),女,715,20,5,1,0,0,0,0,4,0,15,4,0,4,7,0
113,1,私立,技專校院,1168,南亞科技學校財團法人南亞技術學院,學士班(進修),男,240,27,5,2,0,0,0,0,3,0,22,1,0,3,18,0
113,1,私立,技專校院,1168,南亞科技學校財團法人南亞技術學院,五專,女,16,8,1,1,0,0,0,0,0,0,7,0,0,1,6,0
113,2,私立,技專校院,1168,南亞科技學校財團法人南亞技術學院,學士班(進修),女,715,21,4,2,1,0,0,0,1,0,17,1,0,3,13,0
113,2,私立,技專校院,1168,南亞科技學校財團法人南亞技術學院,五專,男,25,6,2,2,0,0,0,0,0,0,4,1,0,0,3,0
113,2,私立,技專校院,1168,南亞科技學校財團法人南亞技術學院,碩士班(日間),男,0,1,0,0,0,0,0,0,0,0,1,0,0,0,1,0
113,2,私立,技專校院,1168,南亞科技學校財團法人南亞技術學院,二專(進修),女,87,3,1,0,0,0,0,0,0,1,2,0,0,2,0,0
113,2,私立,技專校院,1168,南亞科技學校財團法人南亞技術學院,二專(進修),男,2,1,0,0,0,0,0,0,0,0,1,0,1,0,0,0
113,2,私立,技專校院,1168,南亞科技學校財團法人南亞技術學院,學士班(日間),女,212,14,3,0,1,0,0,0,2,0,11,3,0,1,7,0
113,2,私立,技專校院,1168,南亞科技學校財團法人南亞技術學院,學士班(日間),男,527,36,6,2,0,1,0,0,3,0,30,3,0,9,18,0
113,2,私立,技專校院,1168,南亞科技學校財團法人南亞技術學院,學士班(進修),男,240,23,0,0,0,0,0,0,0,0,23,5,0,4,14,0
113,2,私立,技專校院,1168,南亞科技學校財團法人南亞技術學院,五專,女,16,1,0,0,0,0,0,0,0,0,1,1,0,0,0,0
113,1,私立,技專校院,1183,黎明技術學院,學士班(進修),女,441,74,29,25,0,0,0,0,4,0,45,2,0,7,36,0
113,1,私立,技專校院,1183,黎明技術學院,五專,男,238,23,15,6,0,0,0,0,0,9,8,0,1,1,6,0
113,1,私立,技專校院,1183,黎明技術學院,碩士班(日間),女,15,1,0,0,0,0,0,0,0,0,1,0,0,1,0,0
113,1,私立,技專校院,1183,黎明技術學院,學士班(日間),女,1553,142,53,29,0,0,1,4,8,11,89,15,1,23,50,0
113,1,私立,技專校院,1183,黎明技術學院,學士班(日間),男,1700,183,76,35,0,0,1,3,9,28,107,20,8,34,40,5
113,1,私立,技專校院,1183,黎明技術學院,學士班(進修),男,904,133,59,50,0,0,0,1,8,0,74,10,1,27,36,0
113,1,私立,技專校院,1183,黎明技術學院,五專,女,64,7,6,3,0,0,0,0,1,2,1,1,0,0,0,0
113,1,私立,技專校院,1183,黎明技術學院,碩士班(日間),男,9,1,0,0,0,0,0,0,0,0,1,0,0,1,0,0
113,2,私立,技專校院,1183,黎明技術學院,學士班(日間),女,1553,110,35,14,1,0,1,4,10,5,75,21,2,18,34,0
113,2,私立,技專校院,1183,黎明技術學院,學士班(進修),女,441,46,4,2,0,0,0,1,1,0,42,4,0,31,7,0
113,2,私立,技專校院,1183,黎明技術學院,碩士班(日間),女,15,0,0,0,0,0,0,0,0,0,0,0,0,0,0,0
113,2,私立,技專校院,1183,黎明技術學院,碩士班(日間),男,9,1,0,0,0,0,0,0,0,0,1,0,0,1,0,0
113,2,私立,技專校院,1183,黎明技術學院,學士班(日間),男,1700,164,34,11,0,0,1,0,8,14,130,34,22,33,41,0
113,2,私立,技專校院,1183,黎明技術學院,學士班(進修),男,904,83,7,6,0,0,1,0,0,0,76,23,0,38,15,0
113,2,私立,技專校院,1183,黎明技術學院,五專,女,64,3,3,3,0,0,0,0,0,0,0,0,0,0,0,0
113,2,私立,技專校院,1183,黎明技術學院,五專,男,238,12,8,7,0,0,0,0,0,1,4,1,0,1,2,0
113,1,私立,技專校院,1185,德育學校財團法人德育護理健康學院,二專(進修),女,123,10,2,0,0,0,0,0,1,1,8,0,0,3,5,0
113,1,私立,技專校院,1185,德育學校財團法人德育護理健康學院,二專(進修),男,30,2,0,0,0,0,0,0,0,0,2,0,0,1,1,0
113,1,私立,技專校院,1185,德育學校財團法人德育護理健康學院,學士班(日間),女,858,69,29,24,0,0,0,1,4,0,40,16,1,11,12,0
113,1,私立,技專校院,1185,德育學校財團法人德育護理健康學院,學士班(日間),男,494,54,19,9,0,0,1,1,8,0,35,14,3,10,8,0
113,1,私立,技專校院,1185,德育學校財團法人德育護理健康學院,學士班(進修),男,111,8,5,1,0,0,0,0,4,0,3,0,2,0,1,0
113,1,私立,技專校院,1185,德育學校財團法人德育護理健康學院,五專,女,683,72,41,32,0,2,0,1,6,0,31,7,2,9,13,0
113,1,私立,技專校院,1185,德育學校財團法人德育護理健康學院,五專,男,213,33,19,12,0,0,0,0,7,0,14,2,4,3,5,0
113,1,私立,技專校院,1185,德育學校財團法人德育護理健康學院,碩士在職專班,男,17,1,0,0,0,0,0,0,0,0,1,0,0,0,1,0
113,1,私立,技專校院,1185,德育學校財團法人德育護理健康學院,學士班(進修),女,558,30,15,5,0,0,0,0,7,3,15,1,1,0,13,0
113,1,私立,技專校院,1185,德育學校財團法人德育護理健康學院,碩士班(日間),女,31,7,5,2,0,0,0,2,1,0,2,1,0,0,1,0
113,1,私立,技專校院,1185,德育學校財團法人德育護理健康學院,碩士班(日間),男,6,0,0,0,0,0,0,0,0,0,0,0,0,0,0,0
113,1,私立,技專校院,1185,德育學校財團法人德育護理健康學院,碩士在職專班,女,43,1,0,0,0,0,0,0,0,0,1,0,0,0,1,0
113,2,私立,技專校院,1185,德育學校財團法人德育護理健康學院,二專(進修),女,123,9,3,1,0,0,0,0,1,1,6,0,0,4,2,0
113,2,私立,技專校院,1185,德育學校財團法人德育護理健康學院,二專(進修),男,30,5,2,0,0,0,0,0,2,0,3,0,0,3,0,0
113,2,私立,技專校院,1185,德育學校財團法人德育護理健康學院,學士班(日間),女,858,45,12,8,0,0,1,0,2,1,33,1,1,17,14,0
113,2,私立,技專校院,1185,德育學校財團法人德育護理健康學院,學士班(日間),男,494,30,8,7,0,0,0,1,0,0,22,3,3,8,8,0
113,2,私立,技專校院,1185,德育學校財團法人德育護理健康學院,五專,男,213,12,4,3,0,0,0,0,1,0,8,3,1,0,4,0
113,2,私立,技專校院,1185,德育學校財團法人德育護理健康學院,碩士在職專班,男,17,0,0,0,0,0,0,0,0,0,0,0,0,0,0,0
113,2,私立,技專校院,1185,德育學校財團法人德育護理健康學院,學士班(進修),女,558,15,7,0,0,0,0,0,7,0,8,0,0,3,5,0
113,2,私立,技專校院,1185,德育學校財團法人德育護理健康學院,學士班(進修),男,111,11,6,2,0,0,0,0,4,0,5,1,0,2,2,0
113,2,私立,技專校院,1185,德育學校財團法人德育護理健康學院,五專,女,683,31,14,8,1,1,1,1,2,0,17,7,0,7,3,0
113,2,私立,技專校院,1185,德育學校財團法人德育護理健康學院,碩士班(日間),女,31,4,2,0,0,0,0,0,2,0,2,1,0,0,1,0
113,2,私立,技專校院,1185,德育學校財團法人德育護理健康學院,碩士班(日間),男,6,1,0,0,0,0,0,0,0,0,1,1,0,0,0,0
113,2,私立,技專校院,1185,德育學校財團法人德育護理健康學院,碩士在職專班,女,43,0,0,0,0,0,0,0,0,0,0,0,0,0,0,0
113,1,私立,一般大學,1195,馬偕學校財團法人馬偕醫學院,學士班(日間),男,295,12,6,6,0,0,0,0,0,0,6,0,0,0,6,0
113,1,私立,一般大學,1195,馬偕學校財團法人馬偕醫學院,博士班,女,3,0,0,0,0,0,0,0,0,0,0,0,0,0,0,0
113,1,私立,一般大學,1195,馬偕學校財團法人馬偕醫學院,博士班,男,10,0,0,0,0,0,0,0,0,0,0,0,0,0,0,0
113,1,私立,一般大學,1195,馬偕學校財團法人馬偕醫學院,碩士班(日間),女,53,8,4,0,0,0,3,0,1,0,4,0,0,0,4,0
113,1,私立,一般大學,1195,馬偕學校財團法人馬偕醫學院,學士班(日間),女,519,19,12,11,0,0,0,0,0,1,7,0,0,0,7,0
113,1,私立,一般大學,1195,馬偕學校財團法人馬偕醫學院,學士班(進修),女,53,1,0,0,0,0,0,0,0,0,1,0,0,0,1,0
113,1,私立,一般大學,1195,馬偕學校財團法人馬偕醫學院,學士班(進修),男,4,0,0,0,0,0,0,0,0,0,0,0,0,0,0,0
113,1,私立,一般大學,1195,馬偕學校財團法人馬偕醫學院,碩士班(日間),男,16,3,2,0,0,0,0,0,1,1,1,0,0,0,1,0
113,1,私立,一般大學,1195,馬偕學校財團法人馬偕醫學院,碩士在職專班,男,7,2,0,0,0,0,0,0,0,0,2,0,0,1,1,0
113,1,私立,一般大學,1195,馬偕學校財團法人馬偕醫學院,碩士在職專班,女,26,2,0,0,0,0,0,0,0,0,2,0,0,0,2,0
113,2,私立,一般大學,1195,馬偕學校財團法人馬偕醫學院,學士班(日間),男,295,1,0,0,0,0,0,0,0,0,1,0,0,0,1,0
113,2,私立,一般大學,1195,馬偕學校財團法人馬偕醫學院,學士班(進修),男,4,0,0,0,0,0,0,0,0,0,0,0,0,0,0,0
113,2,私立,一般大學,1195,馬偕學校財團法人馬偕醫學院,博士班,女,3,0,0,0,0,0,0,0,0,0,0,0,0,0,0,0
113,2,私立,一般大學,1195,馬偕學校財團法人馬偕醫學院,博士班,男,10,1,0,0,0,0,0,0,0,0,1,0,0,0,1,0
113,2,私立,一般大學,1195,馬偕學校財團法人馬偕醫學院,碩士班(日間),女,53,5,2,0,0,0,1,0,1,0,3,0,0,0,3,0
113,2,私立,一般大學,1195,馬偕學校財團法人馬偕醫學院,碩士在職專班,女,26,0,0,0,0,0,0,0,0,0,0,0,0,0,0,0
113,2,私立,一般大學,1195,馬偕學校財團法人馬偕醫學院,學士班(日間),女,519,13,11,11,0,0,0,0,0,0,2,0,0,1,1,0
113,2,私立,一般大學,1195,馬偕學校財團法人馬偕醫學院,學士班(進修),女,53,1,0,0,0,0,0,0,0,0,1,0,0,0,1,0
113,2,私立,一般大學,1195,馬偕學校財團法人馬偕醫學院,碩士班(日間),男,16,2,0,0,0,0,0,0,0,0,2,0,0,0,2,0
113,2,私立,一般大學,1195,馬偕學校財團法人馬偕醫學院,碩士在職專班,男,7,1,1,0,0,0,0,0,1,0,0,0,0,0,0,0
113,1,私立,一般大學,1196,法鼓學校財團法人法鼓文理學院,學士班(日間),男,24,4,4,2,0,0,0,0,1,1,0,0,0,0,0,0
113,1,私立,一般大學,1196,法鼓學校財團法人法鼓文理學院,博士班,男,14,0,0,0,0,0,0,0,0,0,0,0,0,0,0,0
113,1,私立,一般大學,1196,法鼓學校財團法人法鼓文理學院,碩士在職專班,女,23,1,1,1,0,0,0,0,0,0,0,0,0,0,0,0
113,1,私立,一般大學,1196,法鼓學校財團法人法鼓文理學院,學士班(日間),女,27,3,3,1,0,0,0,0,1,1,0,0,0,0,0,0
113,1,私立,一般大學,1196,法鼓學校財團法人法鼓文理學院,學士班(進修),女,30,2,2,0,0,0,1,1,0,0,0,0,0,0,0,0
113,1,私立,一般大學,1196,法鼓學校財團法人法鼓文理學院,學士班(進修),男,5,0,0,0,0,0,0,0,0,0,0,0,0,0,0,0
113,1,私立,一般大學,1196,法鼓學校財團法人法鼓文理學院,博士班,女,15,0,0,0,0,0,0,0,0,0,0,0,0,0,0,0
113,1,私立,一般大學,1196,法鼓學校財團法人法鼓文理學院,碩士班(日間),女,180,15,12,5,0,0,2,0,2,3,3,1,0,0,2,0
113,1,私立,一般大學,1196,法鼓學校財團法人法鼓文理學院,碩士班(日間),男,63,7,7,0,0,0,0,1,6,0,0,0,0,0,0,0
113,1,私立,一般大學,1196,法鼓學校財團法人法鼓文理學院,碩士在職專班,男,9,1,1,0,0,0,0,0,1,0,0,0,0,0,0,0
113,2,私立,一般大學,1196,法鼓學校財團法人法鼓文理學院,學士班(日間),男,24,0,0,0,0,0,0,0,0,0,0,0,0,0,0,0
113,2,私立,一般大學,1196,法鼓學校財團法人法鼓文理學院,博士班,女,15,0,0,0,0,0,0,0,0,0,0,0,0,0,0,0
113,2,私立,一般大學,1196,法鼓學校財團法人法鼓文理學院,博士班,男,14,1,1,0,0,0,0,0,1,0,0,0,0,0,0,0
113,2,私立,一般大學,1196,法鼓學校財團法人法鼓文理學院,碩士班(日間),女,180,8,6,2,0,0,1,1,1,1,2,1,1,0,0,0
113,2,私立,一般大學,1196,法鼓學校財團法人法鼓文理學院,碩士在職專班,女,23,0,0,0,0,0,0,0,0,0,0,0,0,0,0,0
113,2,私立,一般大學,1196,法鼓學校財團法人法鼓文理學院,學士班(日間),女,27,1,1,0,0,0,0,0,1,0,0,0,0,0,0,0
113,2,私立,一般大學,1196,法鼓學校財團法人法鼓文理學院,學士班(進修),女,30,0,0,0,0,0,0,0,0,0,0,0,0,0,0,0
113,2,私立,一般大學,1196,法鼓學校財團法人法鼓文理學院,學士班(進修),男,5,0,0,0,0,0,0,0,0,0,0,0,0,0,0,0
113,2,私立,一般大學,1196,法鼓學校財團法人法鼓文理學院,碩士班(日間),男,63,8,5,0,0,0,0,1,2,2,3,3,0,0,0,0
113,2,私立,一般大學,1196,法鼓學校財團法人法鼓文理學院,碩士在職專班,男,9,0,0,0,0,0,0,0,0,0,0,0,0,0,0,0
113,1,私立,技專校院,1282,馬偕學校財團法人馬偕醫護管理專科學校,二專(進修),女,53,1,0,0,0,0,0,0,0,0,1,0,0,1,0,0
113,1,私立,技專校院,1282,馬偕學校財團法人馬偕醫護管理專科學校,二專(進修),男,55,5,0,0,0,0,0,0,0,0,5,0,0,1,4,0
113,1,私立,技專校院,1282,馬偕學校財團法人馬偕醫護管理專科學校,五專,女,3333,126,67,65,0,0,0,1,1,0,59,12,11,13,23,0
113,1,私立,技專校院,1282,馬偕學校財團法人馬偕醫護管理專科學校,五專,男,605,27,15,15,0,0,0,0,0,0,12,2,1,6,3,0
113,2,私立,技專校院,1282,馬偕學校財團法人馬偕醫護管理專科學校,五專,男,605,18,6,6,0,0,0,0,0,0,12,3,4,2,3,0
113,2,私立,技專校院,1282,馬偕學校財團法人馬偕醫護管理專科學校,二專(進修),女,53,1,0,0,0,0,0,0,0,0,1,1,0,0,0,0
113,2,私立,技專校院,1282,馬偕學校財團法人馬偕醫護管理專科學校,二專(進修),男,55,2,1,0,0,0,0,0,1,0,1,1,0,0,0,0
113,2,私立,技專校院,1282,馬偕學校財團法人馬偕醫護管理專科學校,五專,女,3333,98,53,50,0,0,2,0,1,0,45,9,7,8,21,0
113,1,私立,技專校院,1283,仁德醫護管理專科學校,五專,男,1141,95,57,48,0,0,0,3,6,0,38,5,0,16,17,0
113,1,私立,技專校院,1283,仁德醫護管理專科學校,二專(進修),女,203,18,3,1,0,0,0,0,2,0,15,0,0,14,1,0
113,1,私立,技專校院,1283,仁德醫護管理專科學校,二專(進修),男,198,14,2,0,0,0,0,0,2,0,12,0,0,12,0,0
113,1,私立,技專校院,1283,仁德醫護管理專科學校,五專,女,3916,198,125,110,0,1,3,5,6,0,73,0,0,23,50,0
113,2,私立,技專校院,1283,仁德醫護管理專科學校,二專(進修),女,203,11,2,1,0,0,0,0,1,0,9,0,0,8,1,0
113,2,私立,技專校院,1283,仁德醫護管理專科學校,二專(進修),男,198,5,2,2,0,0,0,0,0,0,3,0,0,3,0,0
113,2,私立,技專校院,1283,仁德醫護管理專科學校,五專,女,3916,114,65,55,0,0,4,1,5,0,49,3,0,16,30,0
113,2,私立,技專校院,1283,仁德醫護管理專科學校,五專,男,1141,62,39,32,0,0,1,1,5,0,23,9,0,3,11,0
113,1,私立,技專校院,1284,樹人醫護管理專科學校,二專(進修),女,268,17,0,0,0,0,0,0,0,0,17,0,0,1,16,0
113,1,私立,技專校院,1284,樹人醫護管理專科學校,二專(進修),男,276,18,1,1,0,0,0,0,0,0,17,0,0,1,16,0
113,1,私立,技專校院,1284,樹人醫護管理專科學校,五專,女,5285,236,134,128,0,0,3,0,3,0,102,20,9,15,58,0
113,1,私立,技專校院,1284,樹人醫護管理專科學校,五專,男,1384,116,60,57,0,0,0,0,2,1,56,14,12,6,24,0
113,2,私立,技專校院,1284,樹人醫護管理專科學校,五專,女,5285,177,82,78,0,0,1,0,2,1,95,24,14,6,51,0
113,2,私立,技專校院,1284,樹人醫護管理專科學校,二專(進修),女,268,17,0,0,0,0,0,0,0,0,17,0,0,1,16,0
113,2,私立,技專校院,1284,樹人醫護管理專科學校,二專(進修),男,276,15,2,1,0,0,0,0,1,0,13,0,0,2,11,0
113,2,私立,技專校院,1284,樹人醫護管理專科學校,五專,男,1384,62,24,24,0,0,0,0,0,0,38,8,14,2,14,0
113,1,私立,技專校院,1285,慈惠醫護管理專科學校,二專(日間),男,7,2,0,0,0,0,0,0,0,0,2,0,0,1,1,0
113,1,私立,技專校院,1285,慈惠醫護管理專科學校,五專,男,349,40,14,12,0,0,1,0,1,0,26,7,1,0,18,0
113,1,私立,技專校院,1285,慈惠醫護管理專科學校,二專(日間),女,46,4,0,0,0,0,0,0,0,0,4,2,0,2,0,0
113,1,私立,技專校院,1285,慈惠醫護管理專科學校,二專(進修),女,82,14,3,0,0,0,0,0,3,0,11,7,0,2,2,0
113,1,私立,技專校院,1285,慈惠醫護管理專科學校,二專(進修),男,64,9,0,0,0,0,0,0,0,0,9,5,0,1,3,0
113,1,私立,技專校院,1285,慈惠醫護管理專科學校,五專,女,1250,89,31,21,0,0,2,1,7,0,58,17,3,4,34,0
113,2,私立,技專校院,1285,慈惠醫護管理專科學校,二專(日間),女,46,4,1,0,0,0,0,0,1,0,3,0,0,0,3,0
113,2,私立,技專校院,1285,慈惠醫護管理專科學校,二專(進修),女,82,4,2,1,0,0,0,0,0,1,2,2,0,0,0,0
113,2,私立,技專校院,1285,慈惠醫護管理專科學校,二專(進修),男,64,7,2,0,0,0,0,0,1,1,5,5,0,0,0,0
113,2,私立,技專校院,1285,慈惠醫護管理專科學校,五專,女,1250,73,43,38,0,0,1,1,3,0,30,13,0,1,16,0
113,2,私立,技專校院,1285,慈惠醫護管理專科學校,二專(日間),男,7,2,0,0,0,0,0,0,0,0,2,0,0,0,2,0
113,2,私立,技專校院,1285,慈惠醫護管理專科學校,五專,男,349,35,14,12,0,0,0,0,2,0,21,9,1,1,10,0
113,1,私立,技專校院,1286,耕莘健康管理專科學校,二專(進修),女,141,2,0,0,0,0,0,0,0,0,2,0,0,0,2,0
113,1,私立,技專校院,1286,耕莘健康管理專科學校,二專(進修),男,16,0,0,0,0,0,0,0,0,0,0,0,0,0,0,0
113,1,私立,技專校院,1286,耕莘健康管理專科學校,五專,女,3370,115,75,69,0,0,1,0,4,1,40,10,1,0,29,0
113,1,私立,技專校院,1286,耕莘健康管理專科學校,五專,男,404,23,13,12,0,0,1,0,0,0,10,0,0,0,10,0
113,2,私立,技專校院,1286,耕莘健康管理專科學校,二專(進修),男,16,0,0,0,0,0,0,0,0,0,0,0,0,0,0,0
113,2,私立,技專校院,1286,耕莘健康管理專科學校,五專,女,3370,70,38,35,0,0,2,0,1,0,32,4,4,3,21,0
113,2,私立,技專校院,1286,耕莘健康管理專科學校,五專,男,404,19,7,7,0,0,0,0,0,0,12,0,1,1,10,0
113,2,私立,技專校院,1286,耕莘健康管理專科學校,二專(進修),女,141,1,0,0,0,0,0,0,0,0,1,0,0,0,1,0
113,1,私立,技專校院,1287,敏惠醫護管理專科學校,五專,男,446,42,32,30,0,0,0,0,1,1,10,0,1,0,9,0
113,1,私立,技專校院,1287,敏惠醫護管理專科學校,二專(進修),女,70,4,1,0,0,0,0,0,0,1,3,0,0,2,1,0
113,1,私立,技專校院,1287,敏惠醫護管理專科學校,二專(進修),男,27,1,0,0,0,0,0,0,0,0,1,0,0,0,1,0
113,1,私立,技專校院,1287,敏惠醫護管理專科學校,五專,女,2763,114,63,52,0,0,4,2,5,0,51,3,0,8,40,0
113,2,私立,技專校院,1287,敏惠醫護管理專科學校,二專(進修),女,70,3,0,0,0,0,0,0,0,0,3,0,0,1,2,0
113,2,私立,技專校院,1287,敏惠醫護管理專科學校,二專(進修),男,27,0,0,0,0,0,0,0,0,0,0,0,0,0,0,0
113,2,私立,技專校院,1287,敏惠醫護管理專科學校,五專,女,2763,86,43,39,0,0,4,0,0,0,43,5,4,3,31,0
113,2,私立,技專校院,1287,敏惠醫護管理專科學校,五專,男,446,12,6,6,0,0,0,0,0,0,6,1,1,0,4,0
113,1,私立,技專校院,1289,育英醫護管理專科學校,五專,女,1535,43,21,21,0,0,0,0,0,0,22,1,0,1,20,0
113,1,私立,技專校院,1289,育英醫護管理專科學校,五專,男,169,3,3,3,0,0,0,0,0,0,0,0,0,0,0,0
113,2,私立,技專校院,1289,育英醫護管理專科學校,五專,女,1535,47,25,23,0,0,1,0,0,1,22,1,0,1,20,0
113,2,私立,技專校院,1289,育英醫護管理專科學校,五專,男,169,13,5,5,0,0,0,0,0,0,8,1,3,0,4,0
113,1,私立,技專校院,1291,聖母醫護管理專科學校,二專(進修),女,85,10,3,1,0,0,0,0,1,1,7,1,0,5,1,0
113,1,私立,技專校院,1291,聖母醫護管理專科學校,二專(日間),女,0,1,0,0,0,0,0,0,0,0,1,0,0,0,1,0
113,1,私立,技專校院,1291,聖母醫護管理專科學校,二專(日間),男,0,1,0,0,0,0,0,0,0,0,1,0,0,0,1,0
113,1,私立,技專校院,1291,聖母醫護管理專科學校,二專(進修),男,36,12,2,0,0,0,1,0,1,0,10,1,0,5,4,0
113,1,私立,技專校院,1291,聖母醫護管理專科學校,五專,女,1085,69,26,20,0,0,1,1,3,1,43,11,0,7,25,0
113,1,私立,技專校院,1291,聖母醫護管理專科學校,五專,男,210,18,4,4,0,0,0,0,0,0,14,1,3,3,7,0
113,2,私立,技專校院,1291,聖母醫護管理專科學校,二專(進修),女,85,1,1,1,0,0,0,0,0,0,0,0,0,0,0,0
113,2,私立,技專校院,1291,聖母醫護管理專科學校,五專,女,1085,39,15,12,0,0,0,1,2,0,24,2,2,4,16,0
113,2,私立,技專校院,1291,聖母醫護管理專科學校,二專(進修),男,36,3,2,2,0,0,0,0,0,0,1,0,0,1,0,0
113,2,私立,技專校院,1291,聖母醫護管理專科學校,五專,男,210,11,4,3,0,0,0,0,1,0,7,0,2,0,5,0
113,1,私立,技專校院,1292,新生醫護管理專科學校,二專(進修),女,73,2,1,1,0,0,0,0,0,0,1,0,0,0,1,0
113,1,私立,技專校院,1292,新生醫護管理專科學校,二專(進修),男,10,0,0,0,0,0,0,0,0,0,0,0,0,0,0,0
113,1,私立,技專校院,1292,新生醫護管理專科學校,五專,女,5115,163,84,76,0,0,2,2,4,0,79,24,9,1,45,0
113,1,私立,技專校院,1292,新生醫護管理專科學校,五專,男,763,41,20,20,0,0,0,0,0,0,21,5,1,1,14,0
113,2,私立,技專校院,1292,新生醫護管理專科學校,二專(進修),女,73,1,0,0,0,0,0,0,0,0,1,0,0,0,1,0
113,2,私立,技專校院,1292,新生醫護管理專科學校,二專(進修),男,10,3,0,0,0,0,0,0,0,0,3,0,0,0,3,0
113,2,私立,技專校院,1292,新生醫護管理專科學校,五專,男,763,41,21,21,0,0,0,0,0,0,20,2,13,0,5,0
113,2,私立,技專校院,1292,新生醫護管理專科學校,五專,女,5115,130,66,61,0,0,0,2,3,0,64,11,13,6,34,0
113,1,私立,技專校院,1293,崇仁醫護管理專科學校,五專,女,2488,45,13,10,0,0,2,0,1,0,32,0,1,1,30,0
113,1,私立,技專校院,1293,崇仁醫護管理專科學校,五專,男,469,8,3,2,0,0,0,0,1,0,5,0,0,0,5,0
113,2,私立,技專校院,1293,崇仁醫護管理專科學校,五專,女,2488,35,23,23,0,0,0,0,0,0,12,0,1,0,11,0
113,2,私立,技專校院,1293,崇仁醫護管理專科學校,五專,男,469,7,6,6,0,0,0,0,0,0,1,0,0,0,1,0
113,1,私立,宗教研修學院,1R02,學校財團法人中華浸信會基督教台灣浸會神學院,碩士班(日間),女,16,0,0,0,0,0,0,0,0,0,0,0,0,0,0,0
113,1,私立,宗教研修學院,1R02,學校財團法人中華浸信會基督教台灣浸會神學院,碩士班(日間),男,31,0,0,0,0,0,0,0,0,0,0,0,0,0,0,0
113,1,私立,宗教研修學院,1R02,學校財團法人中華浸信會基督教台灣浸會神學院,碩士在職專班,女,7,0,0,0,0,0,0,0,0,0,0,0,0,0,0,0
113,1,私立,宗教研修學院,1R02,學校財團法人中華浸信會基督教台灣浸會神學院,碩士在職專班,男,6,0,0,0,0,0,0,0,0,0,0,0,0,0,0,0
113,2,私立,宗教研修學院,1R02,學校財團法人中華浸信會基督教台灣浸會神學院,碩士在職專班,男,6,0,0,0,0,0,0,0,0,0,0,0,0,0,0,0
113,2,私立,宗教研修學院,1R02,學校財團法人中華浸信會基督教台灣浸會神學院,碩士班(日間),女,16,0,0,0,0,0,0,0,0,0,0,0,0,0,0,0
113,2,私立,宗教研修學院,1R02,學校財團法人中華浸信會基督教台灣浸會神學院,碩士班(日間),男,31,1,1,1,0,0,0,0,0,0,0,0,0,0,0,0
113,2,私立,宗教研修學院,1R02,學校財團法人中華浸信會基督教台灣浸會神學院,碩士在職專班,女,7,0,0,0,0,0,0,0,0,0,0,0,0,0,0,0
113,1,私立,宗教研修學院,1R03,臺北基督學院,學士班(日間),男,15,1,0,0,0,0,0,0,0,0,1,0,0,0,1,0
113,1,私立,宗教研修學院,1R03,臺北基督學院,學士班(日間),女,13,1,0,0,0,0,0,0,0,0,1,0,0,0,1,0
113,2,私立,宗教研修學院,1R03,臺北基督學院,學士班(日間),女,13,3,0,0,0,0,0,0,0,0,3,0,0,0,3,0
113,2,私立,宗教研修學院,1R03,臺北基督學院,學士班(日間),男,15,4,0,0,0,0,0,0,0,0,4,0,0,0,4,0
113,1,私立,宗教研修學院,1R04,財團法人一貫道天皇基金會一貫道天皇學院,碩士班(日間),女,2,0,0,0,0,0,0,0,0,0,0,0,0,0,0,0
113,1,私立,宗教研修學院,1R04,財團法人一貫道天皇基金會一貫道天皇學院,碩士班(日間),男,4,2,2,0,0,0,0,0,0,2,0,0,0,0,0,0
113,1,私立,宗教研修學院,1R04,財團法人一貫道天皇基金會一貫道天皇學院,碩士在職專班,女,20,4,3,0,0,0,0,0,0,3,1,1,0,0,0,0
113,1,私立,宗教研修學院,1R04,財團法人一貫道天皇基金會一貫道天皇學院,碩士在職專班,男,10,4,4,0,0,0,0,0,1,3,0,0,0,0,0,0
113,1,私立,宗教研修學院,1R04,財團法人一貫道天皇基金會一貫道天皇學院,學士班(日間),女,5,0,0,0,0,0,0,0,0,0,0,0,0,0,0,0
113,1,私立,宗教研修學院,1R04,財團法人一貫道天皇基金會一貫道天皇學院,學士班(日間),男,2,0,0,0,0,0,0,0,0,0,0,0,0,0,0,0
113,2,私立,宗教研修學院,1R04,財團法人一貫道天皇基金會一貫道天皇學院,學士班(日間),男,2,0,0,0,0,0,0,0,0,0,0,0,0,0,0,0
113,2,私立,宗教研修學院,1R04,財團法人一貫道天皇基金會一貫道天皇學院,碩士在職專班,女,20,0,0,0,0,0,0,0,0,0,0,0,0,0,0,0
113,2,私立,宗教研修學院,1R04,財團法人一貫道天皇基金會一貫道天皇學院,學士班(日間),女,5,0,0,0,0,0,0,0,0,0,0,0,0,0,0,0
113,2,私立,宗教研修學院,1R04,財團法人一貫道天皇基金會一貫道天皇學院,碩士班(日間),女,2,0,0,0,0,0,0,0,0,0,0,0,0,0,0,0
113,2,私立,宗教研修學院,1R04,財團法人一貫道天皇基金會一貫道天皇學院,碩士班(日間),男,4,1,1,0,0,0,0,0,0,1,0,0,0,0,0,0
113,2,私立,宗教研修學院,1R04,財團法人一貫道天皇基金會一貫道天皇學院,碩士在職專班,男,10,1,1,0,0,0,0,0,0,1,0,0,0,0,0,0
113,1,私立,宗教研修學院,1R05,台神學校財團法人台灣神學研究學院,碩士班(日間),女,69,3,1,1,0,0,0,0,0,0,2,1,0,0,1,0
113,1,私立,宗教研修學院,1R05,台神學校財團法人台灣神學研究學院,碩士班(日間),男,32,2,1,1,0,0,0,0,0,0,1,0,0,1,0,0
113,1,私立,宗教研修學院,1R05,台神學校財團法人台灣神學研究學院,碩士在職專班,女,8,0,0,0,0,0,0,0,0,0,0,0,0,0,0,0
113,1,私立,宗教研修學院,1R05,台神學校財團法人台灣神學研究學院,碩士在職專班,男,3,0,0,0,0,0,0,0,0,0,0,0,0,0,0,0
113,2,私立,宗教研修學院,1R05,台神學校財團法人台灣神學研究學院,碩士班(日間),男,32,2,0,0,0,0,0,0,0,0,2,0,0,0,2,0
113,2,私立,宗教研修學院,1R05,台神學校財團法人台灣神學研究學院,碩士在職專班,女,8,0,0,0,0,0,0,0,0,0,0,0,0,0,0,0
113,2,私立,宗教研修學院,1R05,台神學校財團法人台灣神學研究學院,碩士在職專班,男,3,0,0,0,0,0,0,0,0,0,0,0,0,0,0,0
113,2,私立,宗教研修學院,1R05,台神學校財團法人台灣神學研究學院,碩士班(日間),女,69,0,0,0,0,0,0,0,0,0,0,0,0,0,0,0
113,1,私立,宗教研修學院,1R06,一貫道崇德學院,碩士班(日間),女,40,0,0,0,0,0,0,0,0,0,0,0,0,0,0,0
113,1,私立,宗教研修學院,1R06,一貫道崇德學院,碩士班(日間),男,26,4,4,0,0,0,0,0,4,0,0,0,0,0,0,0
113,2,私立,宗教研修學院,1R06,一貫道崇德學院,碩士班(日間),女,40,6,0,0,0,0,0,0,0,0,6,6,0,0,0,0
113,2,私立,宗教研修學院,1R06,一貫道崇德學院,碩士班(日間),男,26,3,0,0,0,0,0,0,0,0,3,3,0,0,0,0
113,1,私立,宗教研修學院,1R07,台灣基督長老教會南神神學院,碩士班(日間),女,33,2,1,0,0,0,0,0,1,0,1,1,0,0,0,0
113,1,私立,宗教研修學院,1R07,台灣基督長老教會南神神學院,碩士班(日間),男,20,1,1,0,0,0,0,0,1,0,0,0,0,0,0,0
113,2,私立,宗教研修學院,1R07,台灣基督長老教會南神神學院,碩士班(日間),男,20,1,1,1,0,0,0,0,0,0,0,0,0,0,0,0
113,2,私立,宗教研修學院,1R07,台灣基督長老教會南神神學院,碩士班(日間),女,33,2,2,0,0,0,0,0,1,1,0,0,0,0,0,0
113,1,私立,宗教研修學院,1R08,中華福音神學研究學院,碩士班(日間),男,34,0,0,0,0,0,0,0,0,0,0,0,0,0,0,0
113,1,私立,宗教研修學院,1R08,中華福音神學研究學院,碩士班(日間),女,20,0,0,0,0,0,0,0,0,0,0,0,0,0,0,0
113,2,私立,宗教研修學院,1R08,中華福音神學研究學院,碩士班(日間),女,20,0,0,0,0,0,0,0,0,0,0,0,0,0,0,0
113,2,私立,宗教研修學院,1R08,中華福音神學研究學院,碩士班(日間),男,34,0,0,0,0,0,0,0,0,0,0,0,0,0,0,0
113,1,私立,宗教研修學院,1R09,唯心聖教學院,碩士班(日間),女,38,0,0,0,0,0,0,0,0,0,0,0,0,0,0,0
113,1,私立,宗教研修學院,1R09,唯心聖教學院,碩士班(日間),男,43,0,0,0,0,0,0,0,0,0,0,0,0,0,0,0
113,2,私立,宗教研修學院,1R09,唯心聖教學院,碩士班(日間),男,43,0,0,0,0,0,0,0,0,0,0,0,0,0,0,0
113,2,私立,宗教研修學院,1R09,唯心聖教學院,碩士班(日間),女,38,0,0,0,0,0,0,0,0,0,0,0,0,0,0,0
113,1,公立,一般大學,3002,臺北市立大學,學士班(日間),女,2979,93,56,50,0,0,0,3,3,0,37,4,0,31,2,0
113,1,公立,一般大學,3002,臺北市立大學,學士班(日間),男,2272,95,38,29,0,0,0,3,5,1,57,10,0,47,0,0
113,1,公立,一般大學,3002,臺北市立大學,博士班,女,109,5,5,0,0,0,0,0,5,0,0,0,0,0,0,0
113,1,公立,一般大學,3002,臺北市立大學,博士班,男,95,5,2,0,0,0,0,0,2,0,3,1,0,2,0,0
113,1,公立,一般大學,3002,臺北市立大學,碩士班(日間),女,958,61,32,8,0,0,1,2,20,1,29,5,0,24,0,0
113,1,公立,一般大學,3002,臺北市立大學,碩士班(日間),男,400,28,13,5,0,0,0,0,8,0,15,4,0,11,0,0
113,1,公立,一般大學,3002,臺北市立大學,碩士在職專班,女,916,37,15,4,1,3,0,0,7,0,22,5,0,15,2,0
113,1,公立,一般大學,3002,臺北市立大學,碩士在職專班,男,370,22,8,2,0,0,0,0,5,1,14,0,0,14,0,0
113,2,公立,一般大學,3002,臺北市立大學,學士班(日間),女,2979,23,10,10,0,0,0,0,0,0,13,0,0,13,0,0
113,2,公立,一般大學,3002,臺北市立大學,博士班,男,95,2,2,0,0,0,1,0,1,0,0,0,0,0,0,0
113,2,公立,一般大學,3002,臺北市立大學,碩士班(日間),男,400,18,6,0,0,0,0,0,6,0,12,5,0,7,0,0
113,2,公立,一般大學,3002,臺北市立大學,碩士在職專班,男,370,14,2,0,0,0,0,0,2,0,12,3,0,9,0,0
113,2,公立,一般大學,3002,臺北市立大學,學士班(日間),男,2272,39,10,10,0,0,0,0,0,0,29,9,1,18,1,0
113,2,公立,一般大學,3002,臺北市立大學,博士班,女,109,4,1,0,0,0,0,0,1,0,3,0,0,3,0,0
113,2,公立,一般大學,3002,臺北市立大學,碩士班(日間),女,958,35,18,5,0,0,1,1,11,0,17,1,0,15,1,0
113,2,公立,一般大學,3002,臺北市立大學,碩士在職專班,女,916,25,10,1,0,0,2,0,6,1,15,2,0,13,0,0
