學年度,設立別,學校類別,學校統計處代碼,學校名稱,學制班別,在學學生數小計,在學學生數男,在學學生數女
106,公立,一般大學,0001,國立政治大學,碩士班(日間),4028,1846,2182
106,公立,一般大學,0001,國立政治大學,碩士在職專班,1741,871,870
106,公立,一般大學,0001,國立政治大學,學士班(日間),9632,3934,5698
106,公立,一般大學,0001,國立政治大學,博士班,952,565,387
106,公立,一般大學,0002,國立清華大學,博士班,1687,1253,434
106,公立,一般大學,0002,國立清華大學,碩士班(日間),4955,3100,1855
106,公立,一般大學,0002,國立清華大學,學士班(日間),8892,4758,4134
106,公立,一般大學,0002,國立清華大學,碩士在職專班,1130,423,707
106,公立,一般大學,0003,國立臺灣大學,學士班(日間),16557,9393,7164
106,公立,一般大學,0003,國立臺灣大學,博士班,3616,2542,1074
106,公立,一般大學,0003,國立臺灣大學,學士班(進修),1,1,0
106,公立,一般大學,0003,國立臺灣大學,碩士班(日間),10201,6188,4013
106,公立,一般大學,0003,國立臺灣大學,碩士在職專班,1427,930,497
106,公立,一般大學,0004,國立臺灣師範大學,碩士在職專班,1992,584,1408
106,公立,一般大學,0004,國立臺灣師範大學,學士班(日間),8085,3584,4501
106,公立,一般大學,0004,國立臺灣師範大學,博士班,1393,711,682
106,公立,一般大學,0004,國立臺灣師範大學,碩士班(日間),3956,1635,2321
106,公立,一般大學,0005,國立成功大學,學士班(日間),11481,7210,4271
106,公立,一般大學,0005,國立成功大學,博士班,1833,1287,546
106,公立,一般大學,0005,國立成功大學,碩士班(日間),6595,4138,2457
106,公立,一般大學,0005,國立成功大學,碩士在職專班,1343,855,488
106,公立,一般大學,0006,國立中興大學,學士班(進修),950,401,549
106,公立,一般大學,0006,國立中興大學,碩士班(日間),3321,1994,1327
106,公立,一般大學,0006,國立中興大學,碩士在職專班,1544,1028,516
106,公立,一般大學,0006,國立中興大學,學士班(日間),8073,4733,3340
106,公立,一般大學,0006,國立中興大學,博士班,989,703,286
106,公立,一般大學,0007,國立陽明交通大學,博士班,1701,1359,342
106,公立,一般大學,0007,國立陽明交通大學,碩士班(日間),5543,3815,1728
106,公立,一般大學,0007,國立陽明交通大學,碩士在職專班,1470,1029,441
106,公立,一般大學,0007,國立陽明交通大學,學士班(日間),5455,3815,1640
106,公立,一般大學,0008,國立中央大學,博士班,1034,760,274
106,公立,一般大學,0008,國立中央大學,碩士班(日間),3448,2289,1159
106,公立,一般大學,0008,國立中央大學,學士班(日間),6117,3917,2200
106,公立,一般大學,0008,國立中央大學,碩士在職專班,1325,831,494
106,公立,一般大學,0009,國立中山大學,碩士班(日間),2901,1818,1083
106,公立,一般大學,0009,國立中山大學,碩士在職專班,1027,522,505
106,公立,一般大學,0009,國立中山大學,學士班(日間),4740,2952,1788
106,公立,一般大學,0009,國立中山大學,博士班,798,545,253
106,公立,一般大學,0012,國立臺灣海洋大學,博士班,292,223,69
106,公立,一般大學,0012,國立臺灣海洋大學,碩士班(日間),1393,920,473
106,公立,一般大學,0012,國立臺灣海洋大學,碩士在職專班,566,350,216
106,公立,一般大學,0012,國立臺灣海洋大學,學士班(日間),5737,3986,1751
106,公立,一般大學,0012,國立臺灣海洋大學,學士班(進修),664,410,254
106,公立,一般大學,0013,國立中正大學,碩士班(日間),2826,1764,1062
106,公立,一般大學,0013,國立中正大學,碩士在職專班,1370,658,712
106,公立,一般大學,0013,國立中正大學,學士班(日間),6728,3670,3058
106,公立,一般大學,0013,國立中正大學,博士班,588,400,188
106,公立,一般大學,0014,國立高雄師範大學,博士班,450,225,225
106,公立,一般大學,0014,國立高雄師範大學,碩士班(日間),1378,505,873
106,公立,一般大學,0014,國立高雄師範大學,碩士在職專班,1339,463,876
106,公立,一般大學,0014,國立高雄師範大學,學士班(日間),3487,1657,1830
106,公立,一般大學,0015,國立彰化師範大學,學士班(日間),4895,2540,2355
106,公立,一般大學,0015,國立彰化師範大學,博士班,477,286,191
106,公立,一般大學,0015,國立彰化師範大學,碩士班(日間),1510,762,748
106,公立,一般大學,0015,國立彰化師範大學,碩士在職專班,1353,594,759
106,公立,一般大學,0016,國立陽明大學,學士班(日間),2107,1160,947
106,公立,一般大學,0016,國立陽明大學,碩士在職專班,135,43,92
106,公立,一般大學,0016,國立陽明大學,博士班,864,503,361
106,公立,一般大學,0016,國立陽明大學,碩士班(日間),1226,493,733
106,公立,一般大學,0017,國立臺北大學,學士班(日間),5878,2674,3204
106,公立,一般大學,0017,國立臺北大學,學士班(進修),1959,752,1207
106,公立,一般大學,0017,國立臺北大學,博士班,214,142,72
106,公立,一般大學,0017,國立臺北大學,碩士班(日間),1346,667,679
106,公立,一般大學,0017,國立臺北大學,碩士在職專班,456,205,251
106,公立,一般大學,0018,國立嘉義大學,學士班(日間),7830,4036,3794
106,公立,一般大學,0018,國立嘉義大學,碩士在職專班,938,386,552
106,公立,一般大學,0018,國立嘉義大學,學士班(進修),2095,1264,831
106,公立,一般大學,0018,國立嘉義大學,博士班,181,98,83
106,公立,一般大學,0018,國立嘉義大學,碩士班(日間),1355,621,734
106,公立,一般大學,0019,國立高雄大學,學士班(日間),4193,2379,1814
106,公立,一般大學,0019,國立高雄大學,學士班(進修),170,106,64
106,公立,一般大學,0019,國立高雄大學,博士班,24,22,2
106,公立,一般大學,0019,國立高雄大學,碩士班(日間),646,420,226
106,公立,一般大學,0019,國立高雄大學,碩士在職專班,473,303,170
106,公立,一般大學,0020,國立東華大學,學士班(日間),7659,3747,3912
106,公立,一般大學,0020,國立東華大學,博士班,346,224,122
106,公立,一般大學,0020,國立東華大學,碩士班(日間),1582,826,756
106,公立,一般大學,0020,國立東華大學,碩士在職專班,567,261,306
106,公立,一般大學,0021,國立暨南國際大學,碩士班(日間),903,462,441
106,公立,一般大學,0021,國立暨南國際大學,碩士在職專班,437,202,235
106,公立,一般大學,0021,國立暨南國際大學,學士班(日間),4675,2194,2481
106,公立,一般大學,0021,國立暨南國際大學,博士班,346,196,150
106,公立,技專校院,0022,國立臺灣科技大學,學士班(進修),11,1,10
106,公立,技專校院,0022,國立臺灣科技大學,博士班,1024,816,208
106,公立,技專校院,0022,國立臺灣科技大學,碩士班(日間),3469,2442,1027
106,公立,技專校院,0022,國立臺灣科技大學,碩士在職專班,786,531,255
106,公立,技專校院,0022,國立臺灣科技大學,學士班(日間),5729,3955,1774
106,公立,技專校院,0023,國立雲林科技大學,碩士班(日間),1973,1271,702
106,公立,技專校院,0023,國立雲林科技大學,碩士在職專班,727,414,313
106,公立,技專校院,0023,國立雲林科技大學,學士班(日間),6541,3877,2664
106,公立,技專校院,0023,國立雲林科技大學,學士班(進修),45,22,23
106,公立,技專校院,0023,國立雲林科技大學,博士班,429,285,144
106,公立,技專校院,0024,國立屏東科技大學,學士班(進修),1521,807,714
106,公立,技專校院,0024,國立屏東科技大學,碩士班(日間),1153,689,464
106,公立,技專校院,0024,國立屏東科技大學,碩士在職專班,475,329,146
106,公立,技專校院,0024,國立屏東科技大學,學士班(日間),7786,4052,3734
106,公立,技專校院,0024,國立屏東科技大學,博士班,252,167,85
106,公立,技專校院,0025,國立臺北科技大學,學士班(日間),6067,4200,1867
106,公立,技專校院,0025,國立臺北科技大學,學士班(進修),1927,1546,381
106,公立,技專校院,0025,國立臺北科技大學,博士班,722,576,146
106,公立,技專校院,0025,國立臺北科技大學,碩士班(日間),2783,2097,686
106,公立,技專校院,0025,國立臺北科技大學,碩士在職專班,1474,1071,403
106,公立,技專校院,0026,國立高雄第一科技大學,學士班(日間),5811,2942,2869
106,公立,技專校院,0026,國立高雄第一科技大學,博士班,227,175,52
106,公立,技專校院,0026,國立高雄第一科技大學,碩士班(日間),1052,645,407
106,公立,技專校院,0026,國立高雄第一科技大學,碩士在職專班,714,502,212
106,公立,技專校院,0027,國立高雄應用科技大學,博士班,290,239,51
106,公立,技專校院,0027,國立高雄應用科技大學,碩士班(日間),1171,831,340
106,公立,技專校院,0027,國立高雄應用科技大學,學士班(日間),7380,4777,2603
106,公立,技專校院,0027,國立高雄應用科技大學,學士班(進修),1849,1156,693
106,公立,技專校院,0027,國立高雄應用科技大學,碩士在職專班,1132,717,415
106,公立,一般大學,0028,國立臺北藝術大學,博士班,86,27,59
106,公立,一般大學,0028,國立臺北藝術大學,碩士班(日間),956,350,606
106,公立,一般大學,0028,國立臺北藝術大學,碩士在職專班,193,66,127
106,公立,一般大學,0028,國立臺北藝術大學,學士班(日間),1821,642,1179
106,公立,一般大學,0028,國立臺北藝術大學,七年一貫,75,34,41
106,公立,一般大學,0029,國立臺灣藝術大學,學士班(日間),2438,699,1739
106,公立,一般大學,0029,國立臺灣藝術大學,博士班,112,54,58
106,公立,一般大學,0029,國立臺灣藝術大學,學士班(進修),1950,596,1354
106,公立,一般大學,0029,國立臺灣藝術大學,碩士班(日間),754,273,481
106,公立,一般大學,0029,國立臺灣藝術大學,碩士在職專班,429,171,258
106,公立,一般大學,0030,國立臺東大學,學士班(日間),3526,1732,1794
106,公立,一般大學,0030,國立臺東大學,學士班(進修),173,78,95
106,公立,一般大學,0030,國立臺東大學,博士班,41,14,27
106,公立,一般大學,0030,國立臺東大學,碩士班(日間),334,136,198
106,公立,一般大學,0030,國立臺東大學,碩士在職專班,542,158,384
106,公立,一般大學,0031,國立宜蘭大學,學士班(日間),4450,2886,1564
106,公立,一般大學,0031,國立宜蘭大學,學士班(進修),378,255,123
106,公立,一般大學,0031,國立宜蘭大學,博士班,12,10,2
106,公立,一般大學,0031,國立宜蘭大學,碩士班(日間),474,329,145
106,公立,一般大學,0031,國立宜蘭大學,碩士在職專班,197,141,56
106,公立,一般大學,0032,國立聯合大學,碩士班(日間),410,289,121
106,公立,一般大學,0032,國立聯合大學,學士班(日間),6051,4169,1882
106,公立,一般大學,0032,國立聯合大學,學士班(進修),1253,746,507
106,公立,一般大學,0032,國立聯合大學,博士班,12,12,0
106,公立,一般大學,0032,國立聯合大學,碩士在職專班,3,1,2
106,公立,技專校院,0033,國立虎尾科技大學,學士班(日間),7416,5597,1819
106,公立,技專校院,0033,國立虎尾科技大學,碩士班(日間),855,683,172
106,公立,技專校院,0033,國立虎尾科技大學,學士班(進修),1685,1321,364
106,公立,技專校院,0033,國立虎尾科技大學,博士班,33,25,8
106,公立,技專校院,0033,國立虎尾科技大學,碩士在職專班,199,142,57
106,公立,技專校院,0034,國立高雄海洋科技大學,博士班,28,22,6
106,公立,技專校院,0034,國立高雄海洋科技大學,碩士班(日間),317,204,113
106,公立,技專校院,0034,國立高雄海洋科技大學,學士班(日間),4835,3171,1664
106,公立,技專校院,0034,國立高雄海洋科技大學,學士班(進修),1837,1282,555
106,公立,技專校院,0034,國立高雄海洋科技大學,五專,508,422,86
106,公立,技專校院,0034,國立高雄海洋科技大學,碩士在職專班,169,124,45
106,公立,一般大學,0035,國立臺南藝術大學,博士班,38,19,19
106,公立,一般大學,0035,國立臺南藝術大學,碩士班(日間),540,196,344
106,公立,一般大學,0035,國立臺南藝術大學,碩士在職專班,48,16,32
106,公立,一般大學,0035,國立臺南藝術大學,學士班(日間),784,235,549
106,公立,一般大學,0035,國立臺南藝術大學,七年一貫,170,67,103
106,公立,一般大學,0036,國立臺南大學,學士班(日間),3879,1786,2093
106,公立,一般大學,0036,國立臺南大學,學士班(進修),70,20,50
106,公立,一般大學,0036,國立臺南大學,博士班,173,80,93
106,公立,一般大學,0036,國立臺南大學,碩士班(日間),940,427,513
106,公立,一般大學,0036,國立臺南大學,碩士在職專班,683,233,450
106,公立,一般大學,0037,國立臺北教育大學,碩士班(日間),1256,417,839
106,公立,一般大學,0037,國立臺北教育大學,碩士在職專班,1019,237,782
106,公立,一般大學,0037,國立臺北教育大學,學士班(日間),3383,1180,2203
106,公立,一般大學,0037,國立臺北教育大學,博士班,150,70,80
106,公立,一般大學,0039,國立臺中教育大學,學士班(日間),3351,1194,2157
106,公立,一般大學,0039,國立臺中教育大學,博士班,124,57,67
106,公立,一般大學,0039,國立臺中教育大學,碩士班(日間),818,281,537
106,公立,一般大學,0039,國立臺中教育大學,碩士在職專班,713,176,537
106,公立,技專校院,0042,國立澎湖科技大學,學士班(進修),304,138,166
106,公立,技專校院,0042,國立澎湖科技大學,碩士班(日間),86,46,40
106,公立,技專校院,0042,國立澎湖科技大學,碩士在職專班,49,28,21
106,公立,技專校院,0042,國立澎湖科技大學,學士班(日間),2569,1506,1063
106,公立,技專校院,0043,國立勤益科技大學,二專(日間),1,1,0
106,公立,技專校院,0043,國立勤益科技大學,學士班(進修),3599,2948,651
106,公立,技專校院,0043,國立勤益科技大學,學士班(日間),6727,4613,2114
106,公立,技專校院,0043,國立勤益科技大學,博士班,18,16,2
106,公立,技專校院,0043,國立勤益科技大學,碩士班(日間),546,423,123
106,公立,技專校院,0043,國立勤益科技大學,碩士在職專班,285,236,49
106,公立,一般大學,0044,國立體育大學,學士班(日間),1659,1035,624
106,公立,一般大學,0044,國立體育大學,博士班,145,96,49
106,公立,一般大學,0044,國立體育大學,碩士班(日間),356,179,177
106,公立,一般大學,0044,國立體育大學,碩士在職專班,204,110,94
106,公立,一般大學,0044,國立體育大學,學士班(進修),100,70,30
106,公立,技專校院,0046,國立臺北護理健康大學,學士班(日間),3530,685,2845
106,公立,技專校院,0046,國立臺北護理健康大學,碩士在職專班,192,26,166
106,公立,技專校院,0046,國立臺北護理健康大學,學士班(進修),717,18,699
106,公立,技專校院,0046,國立臺北護理健康大學,博士班,67,3,64
106,公立,技專校院,0046,國立臺北護理健康大學,碩士班(日間),571,107,464
106,公立,技專校院,0047,國立高雄餐旅大學,五專,229,86,143
106,公立,技專校院,0047,國立高雄餐旅大學,碩士班(日間),139,41,98
106,公立,技專校院,0047,國立高雄餐旅大學,碩士在職專班,55,33,22
106,公立,技專校院,0047,國立高雄餐旅大學,二專(進修),141,52,89
106,公立,技專校院,0047,國立高雄餐旅大學,學士班(日間),3280,912,2368
106,公立,技專校院,0047,國立高雄餐旅大學,學士班(進修),1393,369,1024
106,公立,技專校院,0047,國立高雄餐旅大學,博士班,30,17,13
106,公立,一般大學,0048,國立金門大學,學士班(日間),3367,1748,1619
106,公立,一般大學,0048,國立金門大學,學士班(進修),846,488,358
106,公立,一般大學,0048,國立金門大學,碩士在職專班,86,61,25
106,公立,一般大學,0048,國立金門大學,碩士班(日間),202,130,72
106,公立,一般大學,0049,國立臺灣體育運動大學,學士班(日間),2455,1475,980
106,公立,一般大學,0049,國立臺灣體育運動大學,學士班(進修),344,250,94
106,公立,一般大學,0049,國立臺灣體育運動大學,碩士班(日間),252,137,115
106,公立,一般大學,0049,國立臺灣體育運動大學,碩士在職專班,103,59,44
106,公立,技專校院,0050,國立臺中科技大學,二專(進修),80,5,75
106,公立,技專校院,0050,國立臺中科技大學,學士班(日間),6860,1831,5029
106,公立,技專校院,0050,國立臺中科技大學,學士班(進修),2594,842,1752
106,公立,技專校院,0050,國立臺中科技大學,二專(日間),2,0,2
106,公立,技專校院,0050,國立臺中科技大學,五專,3504,711,2793
106,公立,技專校院,0050,國立臺中科技大學,碩士班(日間),365,160,205
106,公立,技專校院,0050,國立臺中科技大學,碩士在職專班,194,83,111
106,公立,技專校院,0051,國立臺北商業大學,學士班(進修),1500,451,1049
106,公立,技專校院,0051,國立臺北商業大學,五專,1911,490,1421
106,公立,技專校院,0051,國立臺北商業大學,碩士班(日間),174,79,95
106,公立,技專校院,0051,國立臺北商業大學,碩士在職專班,39,19,20
106,公立,技專校院,0051,國立臺北商業大學,二專(進修),8,4,4
106,公立,技專校院,0051,國立臺北商業大學,學士班(日間),3098,813,2285
106,公立,一般大學,0052,國立屏東大學,學士班(日間),6776,2704,4072
106,公立,一般大學,0052,國立屏東大學,學士班(進修),651,304,347
106,公立,一般大學,0052,國立屏東大學,博士班,48,27,21
106,公立,一般大學,0052,國立屏東大學,碩士班(日間),932,394,538
106,公立,一般大學,0052,國立屏東大學,碩士在職專班,556,149,407
106,公立,技專校院,0144,國立臺灣戲曲學院,學士班(日間),555,190,365
106,公立,技專校院,0144,國立臺灣戲曲學院,學士班(進修),59,28,31
106,公立,技專校院,0221,國立臺南護理專科學校,二專(日間),97,5,92
106,公立,技專校院,0221,國立臺南護理專科學校,二專(進修),61,7,54
106,公立,技專校院,0221,國立臺南護理專科學校,五專,1797,128,1669
106,公立,技專校院,0222,國立臺東專科學校,二專(進修),78,41,37
106,公立,技專校院,0222,國立臺東專科學校,二專(日間),579,439,140
106,公立,技專校院,0222,國立臺東專科學校,五專,587,267,320
106,私立,一般大學,1001,東海大學,學士班(日間),13588,6192,7396
106,私立,一般大學,1001,東海大學,學士班(進修),548,297,251
106,私立,一般大學,1001,東海大學,博士班,240,136,104
106,私立,一般大學,1001,東海大學,碩士班(日間),1308,666,642
106,私立,一般大學,1001,東海大學,碩士在職專班,745,371,374
106,私立,一般大學,1002,輔仁大學,學士班(日間),18105,7746,10359
106,私立,一般大學,1002,輔仁大學,學士班(進修),4630,1698,2932
106,私立,一般大學,1002,輔仁大學,碩士在職專班,1653,688,965
106,私立,一般大學,1002,輔仁大學,博士班,473,252,221
106,私立,一般大學,1002,輔仁大學,碩士班(日間),2156,903,1253
106,私立,一般大學,1003,東吳大學,博士班,122,65,57
106,私立,一般大學,1003,東吳大學,碩士班(日間),1269,577,692
106,私立,一般大學,1003,東吳大學,碩士在職專班,1170,537,633
106,私立,一般大學,1003,東吳大學,學士班(日間),12185,4845,7340
106,私立,一般大學,1003,東吳大學,學士班(進修),1104,345,759
106,私立,一般大學,1004,中原大學,博士班,336,241,95
106,私立,一般大學,1004,中原大學,學士班(日間),13524,7480,6044
106,私立,一般大學,1004,中原大學,碩士班(日間),1620,993,627
106,私立,一般大學,1004,中原大學,碩士在職專班,862,547,315
106,私立,一般大學,1005,淡江大學學校財團法人淡江大學,學士班(進修),1746,931,815
106,私立,一般大學,1005,淡江大學學校財團法人淡江大學,碩士班(日間),1873,1067,806
106,私立,一般大學,1005,淡江大學學校財團法人淡江大學,碩士在職專班,1082,559,523
106,私立,一般大學,1005,淡江大學學校財團法人淡江大學,學士班(日間),20889,10624,10265
106,私立,一般大學,1005,淡江大學學校財團法人淡江大學,博士班,442,295,147
106,私立,一般大學,1006,中國文化大學,博士班,524,337,187
106,私立,一般大學,1006,中國文化大學,碩士班(日間),1596,885,711
106,私立,一般大學,1006,中國文化大學,碩士在職專班,509,205,304
106,私立,一般大學,1006,中國文化大學,學士班(日間),21364,10102,11262
106,私立,一般大學,1006,中國文化大學,學士班(進修),1892,802,1090
106,私立,一般大學,1007,逢甲大學,學士班(日間),17029,10582,6447
106,私立,一般大學,1007,逢甲大學,學士班(進修),915,502,413
106,私立,一般大學,1007,逢甲大學,博士班,440,325,115
106,私立,一般大學,1007,逢甲大學,碩士班(日間),1642,1133,509
106,私立,一般大學,1007,逢甲大學,碩士在職專班,1120,706,414
106,私立,一般大學,1008,靜宜大學,學士班(日間),11371,4379,6992
106,私立,一般大學,1008,靜宜大學,學士班(進修),4,1,3
106,私立,一般大學,1008,靜宜大學,博士班,42,26,16
106,私立,一般大學,1008,靜宜大學,碩士班(日間),546,200,346
106,私立,一般大學,1008,靜宜大學,碩士在職專班,326,139,187
106,私立,一般大學,1009,長庚大學,博士班,525,361,164
106,私立,一般大學,1009,長庚大學,碩士在職專班,198,95,103
106,私立,一般大學,1009,長庚大學,學士班(日間),5304,2750,2554
106,私立,一般大學,1009,長庚大學,碩士班(日間),1160,601,559
106,私立,一般大學,1010,元智大學,學士班(日間),7209,4094,3115
106,私立,一般大學,1010,元智大學,碩士在職專班,686,448,238
106,私立,一般大學,1010,元智大學,博士班,285,206,79
106,私立,一般大學,1010,元智大學,碩士班(日間),955,631,324
106,私立,一般大學,1011,中華大學學校財團法人中華大學,學士班(進修),408,254,154
106,私立,一般大學,1011,中華大學學校財團法人中華大學,博士班,95,73,22
106,私立,一般大學,1011,中華大學學校財團法人中華大學,碩士班(日間),550,334,216
106,私立,一般大學,1011,中華大學學校財團法人中華大學,碩士在職專班,242,146,96
106,私立,一般大學,1011,中華大學學校財團法人中華大學,學士班(日間),5427,3366,2061
106,私立,一般大學,1012,大葉大學,學士班(日間),8623,4520,4103
106,私立,一般大學,1012,大葉大學,學士班(進修),1218,686,532
106,私立,一般大學,1012,大葉大學,博士班,134,108,26
106,私立,一般大學,1012,大葉大學,碩士班(日間),672,401,271
106,私立,一般大學,1012,大葉大學,碩士在職專班,500,172,328
106,私立,一般大學,1013,華梵學校財團法人華梵大學,學士班(日間),1864,1002,862
106,私立,一般大學,1013,華梵學校財團法人華梵大學,博士班,58,34,24
106,私立,一般大學,1013,華梵學校財團法人華梵大學,碩士班(日間),262,141,121
106,私立,一般大學,1013,華梵學校財團法人華梵大學,碩士在職專班,136,52,84
106,私立,一般大學,1014,義守大學,學士班(日間),12853,6580,6273
106,私立,一般大學,1014,義守大學,碩士在職專班,519,378,141
106,私立,一般大學,1014,義守大學,學士班(進修),2258,1398,860
106,私立,一般大學,1014,義守大學,博士班,137,105,32
106,私立,一般大學,1014,義守大學,碩士班(日間),442,277,165
106,私立,一般大學,1015,世新大學,碩士班(日間),617,308,309
106,私立,一般大學,1015,世新大學,碩士在職專班,806,459,347
106,私立,一般大學,1015,世新大學,學士班(日間),9873,3504,6369
106,私立,一般大學,1015,世新大學,學士班(進修),338,132,206
106,私立,一般大學,1015,世新大學,博士班,89,44,45
106,私立,一般大學,1016,銘傳大學,學士班(日間),17521,6920,10601
106,私立,一般大學,1016,銘傳大學,碩士在職專班,809,359,450
106,私立,一般大學,1016,銘傳大學,博士班,69,29,40
106,私立,一般大學,1016,銘傳大學,碩士班(日間),730,326,404
106,私立,一般大學,1017,實踐大學,博士班,24,11,13
106,私立,一般大學,1017,實踐大學,碩士班(日間),351,162,189
106,私立,一般大學,1017,實踐大學,碩士在職專班,165,74,91
106,私立,一般大學,1017,實踐大學,學士班(日間),11783,3967,7816
106,私立,一般大學,1017,實踐大學,學士班(進修),2256,680,1576
106,私立,技專校院,1018,朝陽科技大學,博士班,90,72,18
106,私立,技專校院,1018,朝陽科技大學,碩士班(日間),674,384,290
106,私立,技專校院,1018,朝陽科技大學,學士班(日間),11448,4780,6668
106,私立,技專校院,1018,朝陽科技大學,學士班(進修),3138,1599,1539
106,私立,技專校院,1018,朝陽科技大學,碩士在職專班,442,235,207
106,私立,一般大學,1019,高雄醫學大學,學士班(日間),5605,2536,3069
106,私立,一般大學,1019,高雄醫學大學,學士班(進修),45,1,44
106,私立,一般大學,1019,高雄醫學大學,博士班,323,174,149
106,私立,一般大學,1019,高雄醫學大學,碩士班(日間),678,236,442
106,私立,一般大學,1019,高雄醫學大學,碩士在職專班,230,86,144
106,私立,一般大學,1020,南華大學,學士班(進修),336,198,138
106,私立,一般大學,1020,南華大學,碩士班(日間),592,254,338
106,私立,一般大學,1020,南華大學,碩士在職專班,356,144,212
106,私立,一般大學,1020,南華大學,學士班(日間),4284,2028,2256
106,私立,一般大學,1020,南華大學,博士班,32,20,12
106,私立,一般大學,1021,真理大學,學士班(日間),6321,3060,3261
106,私立,一般大學,1021,真理大學,碩士班(日間),152,87,65
106,私立,一般大學,1021,真理大學,學士班(進修),280,163,117
106,私立,一般大學,1021,真理大學,碩士在職專班,20,10,10
106,私立,一般大學,1022,大同大學,博士班,104,64,40
106,私立,一般大學,1022,大同大學,碩士班(日間),362,242,120
106,私立,一般大學,1022,大同大學,碩士在職專班,287,221,66
106,私立,一般大學,1022,大同大學,學士班(日間),3744,2345,1399
106,私立,技專校院,1023,南臺學校財團法人南臺科技大學,學士班(日間),13194,7307,5887
106,私立,技專校院,1023,南臺學校財團法人南臺科技大學,博士班,85,72,13
106,私立,技專校院,1023,南臺學校財團法人南臺科技大學,學士班(進修),4302,2537,1765
106,私立,技專校院,1023,南臺學校財團法人南臺科技大學,碩士班(日間),871,502,369
106,私立,技專校院,1023,南臺學校財團法人南臺科技大學,碩士在職專班,403,216,187
106,私立,技專校院,1024,崑山科技大學,學士班(進修),3498,2303,1195
106,私立,技專校院,1024,崑山科技大學,博士班,34,25,9
106,私立,技專校院,1024,崑山科技大學,碩士在職專班,176,133,43
106,私立,技專校院,1024,崑山科技大學,學士班(日間),8042,4756,3286
106,私立,技專校院,1024,崑山科技大學,碩士班(日間),424,287,137
106,私立,技專校院,1025,嘉藥學校財團法人嘉南藥理大學,學士班(進修),2961,1376,1585
106,私立,技專校院,1025,嘉藥學校財團法人嘉南藥理大學,學士班(日間),12260,5072,7188
106,私立,技專校院,1025,嘉藥學校財團法人嘉南藥理大學,碩士班(日間),237,115,122
106,私立,技專校院,1025,嘉藥學校財團法人嘉南藥理大學,碩士在職專班,244,121,123
106,私立,技專校院,1026,樹德科技大學,學士班(日間),7981,3413,4568
106,私立,技專校院,1026,樹德科技大學,學士班(進修),1957,946,1011
106,私立,技專校院,1026,樹德科技大學,博士班,27,9,18
106,私立,技專校院,1026,樹德科技大學,碩士班(日間),295,158,137
106,私立,技專校院,1026,樹德科技大學,碩士在職專班,439,221,218
106,私立,一般大學,1027,慈濟學校財團法人慈濟大學,學士班(日間),2963,1136,1827
106,私立,一般大學,1027,慈濟學校財團法人慈濟大學,博士班,110,59,51
106,私立,一般大學,1027,慈濟學校財團法人慈濟大學,碩士班(日間),350,124,226
106,私立,一般大學,1027,慈濟學校財團法人慈濟大學,碩士在職專班,37,6,31
106,私立,一般大學,1028,臺北醫學大學,博士班,453,260,193
106,私立,一般大學,1028,臺北醫學大學,碩士班(日間),620,225,395
106,私立,一般大學,1028,臺北醫學大學,碩士在職專班,259,63,196
106,私立,一般大學,1028,臺北醫學大學,學士班(日間),4779,2038,2741
106,私立,一般大學,1028,臺北醫學大學,學士班(進修),1,0,1
106,私立,一般大學,1029,中山醫學大學,學士班(日間),6265,2519,3746
106,私立,一般大學,1029,中山醫學大學,學士班(進修),159,66,93
106,私立,一般大學,1029,中山醫學大學,博士班,213,142,71
106,私立,一般大學,1029,中山醫學大學,碩士班(日間),452,157,295
106,私立,一般大學,1029,中山醫學大學,碩士在職專班,148,39,109
106,私立,技專校院,1030,龍華科技大學,學士班(進修),3959,2847,1112
106,私立,技專校院,1030,龍華科技大學,碩士班(日間),309,222,87
106,私立,技專校院,1030,龍華科技大學,碩士在職專班,212,152,60
106,私立,技專校院,1030,龍華科技大學,二專(日間),1,0,1
106,私立,技專校院,1030,龍華科技大學,學士班(日間),6497,4178,2319
106,私立,技專校院,1030,龍華科技大學,五專,108,87,21
106,私立,技專校院,1031,輔英科技大學,學士班(日間),5294,1770,3524
106,私立,技專校院,1031,輔英科技大學,學士班(進修),1133,460,673
106,私立,技專校院,1031,輔英科技大學,五專,2702,270,2432
106,私立,技專校院,1031,輔英科技大學,碩士班(日間),128,47,81
106,私立,技專校院,1031,輔英科技大學,碩士在職專班,49,2,47
106,私立,技專校院,1032,明新學校財團法人明新科技大學,二專(進修),28,17,11
106,私立,技專校院,1032,明新學校財團法人明新科技大學,學士班(日間),8201,4996,3205
106,私立,技專校院,1032,明新學校財團法人明新科技大學,學士班(進修),3505,2101,1404
106,私立,技專校院,1032,明新學校財團法人明新科技大學,碩士班(日間),310,212,98
106,私立,技專校院,1032,明新學校財團法人明新科技大學,碩士在職專班,275,224,51
106,私立,一般大學,1033,長榮大學,學士班(進修),505,298,207
106,私立,一般大學,1033,長榮大學,博士班,38,25,13
106,私立,一般大學,1033,長榮大學,碩士班(日間),407,165,242
106,私立,一般大學,1033,長榮大學,碩士在職專班,125,61,64
106,私立,一般大學,1033,長榮大學,學士班(日間),8605,3935,4670
106,私立,技專校院,1034,弘光科技大學,二專(進修),110,15,95
106,私立,技專校院,1034,弘光科技大學,學士班(日間),8115,2776,5339
106,私立,技專校院,1034,弘光科技大學,學士班(進修),4171,1482,2689
106,私立,技專校院,1034,弘光科技大學,博士班,7,1,6
106,私立,技專校院,1034,弘光科技大學,五專,264,18,246
106,私立,技專校院,1034,弘光科技大學,碩士班(日間),191,55,136
106,私立,技專校院,1034,弘光科技大學,碩士在職專班,101,29,72
106,私立,一般大學,1035,中國醫藥大學,學士班(日間),6395,2901,3494
106,私立,一般大學,1035,中國醫藥大學,學士班(進修),66,11,55
106,私立,一般大學,1035,中國醫藥大學,博士班,373,228,145
106,私立,一般大學,1035,中國醫藥大學,碩士班(日間),560,214,346
106,私立,一般大學,1035,中國醫藥大學,碩士在職專班,74,29,45
106,私立,技專校院,1036,健行學校財團法人健行科技大學,學士班(日間),6998,4519,2479
106,私立,技專校院,1036,健行學校財團法人健行科技大學,學士班(進修),3419,2181,1238
106,私立,技專校院,1036,健行學校財團法人健行科技大學,碩士班(日間),279,199,80
106,私立,技專校院,1036,健行學校財團法人健行科技大學,二專(日間),1,1,0
106,私立,技專校院,1036,健行學校財團法人健行科技大學,五專,26,25,1
106,私立,技專校院,1036,健行學校財團法人健行科技大學,碩士在職專班,42,32,10
106,私立,技專校院,1037,正修學校財團法人正修科技大學,學士班(進修),6886,4085,2801
106,私立,技專校院,1037,正修學校財團法人正修科技大學,碩士班(日間),385,229,156
106,私立,技專校院,1037,正修學校財團法人正修科技大學,碩士在職專班,172,108,64
106,私立,技專校院,1037,正修學校財團法人正修科技大學,二專(進修),225,176,49
106,私立,技專校院,1037,正修學校財團法人正修科技大學,學士班(日間),9223,5281,3942
106,私立,技專校院,1037,正修學校財團法人正修科技大學,博士班,12,12,0
106,私立,技專校院,1038,萬能學校財團法人萬能科技大學,學士班(日間),6136,3218,2918
106,私立,技專校院,1038,萬能學校財團法人萬能科技大學,碩士班(日間),140,80,60
106,私立,技專校院,1038,萬能學校財團法人萬能科技大學,學士班(進修),4087,2243,1844
106,私立,技專校院,1038,萬能學校財團法人萬能科技大學,碩士在職專班,109,63,46
106,私立,一般大學,1039,玄奘大學,學士班(進修),491,223,268
106,私立,一般大學,1039,玄奘大學,碩士班(日間),305,141,164
106,私立,一般大學,1039,玄奘大學,碩士在職專班,175,66,109
106,私立,一般大學,1039,玄奘大學,學士班(日間),3389,1473,1916
106,私立,一般大學,1039,玄奘大學,博士班,7,5,2
106,私立,技專校院,1040,建國科技大學,學士班(日間),5579,3548,2031
106,私立,技專校院,1040,建國科技大學,碩士班(日間),166,90,76
106,私立,技專校院,1040,建國科技大學,學士班(進修),2094,1514,580
106,私立,技專校院,1041,明志科技大學,學士班(進修),489,363,126
106,私立,技專校院,1041,明志科技大學,博士班,5,4,1
106,私立,技專校院,1041,明志科技大學,碩士班(日間),432,319,113
106,私立,技專校院,1041,明志科技大學,碩士在職專班,31,29,2
106,私立,技專校院,1041,明志科技大學,學士班(日間),3604,2552,1052
106,私立,技專校院,1042,台鋼學校財團法人台鋼科技大學,學士班(日間),3834,2739,1095
106,私立,技專校院,1042,台鋼學校財團法人台鋼科技大學,學士班(進修),1407,1014,393
106,私立,技專校院,1042,台鋼學校財團法人台鋼科技大學,碩士班(日間),126,89,37
106,私立,技專校院,1042,台鋼學校財團法人台鋼科技大學,碩士在職專班,220,158,62
106,私立,技專校院,1043,大仁科技大學,碩士班(日間),67,38,29
106,私立,技專校院,1043,大仁科技大學,碩士在職專班,153,85,68
106,私立,技專校院,1043,大仁科技大學,學士班(日間),4587,2167,2420
106,私立,技專校院,1043,大仁科技大學,學士班(進修),1808,680,1128
106,私立,技專校院,1044,聖約翰科技大學,學士班(日間),3348,2283,1065
106,私立,技專校院,1044,聖約翰科技大學,學士班(進修),138,77,61
106,私立,技專校院,1044,聖約翰科技大學,五專,278,212,66
106,私立,技專校院,1044,聖約翰科技大學,碩士在職專班,69,47,22
106,私立,技專校院,1044,聖約翰科技大學,碩士班(日間),134,116,18
106,私立,技專校院,1045,嶺東科技大學,學士班(進修),2622,1361,1261
106,私立,技專校院,1045,嶺東科技大學,碩士班(日間),232,108,124
106,私立,技專校院,1045,嶺東科技大學,碩士在職專班,123,84,39
106,私立,技專校院,1045,嶺東科技大學,學士班(日間),7335,2794,4541
106,私立,技專校院,1046,中國科技大學,學士班(日間),8710,3697,5013
106,私立,技專校院,1046,中國科技大學,學士班(進修),2057,1104,953
106,私立,技專校院,1046,中國科技大學,碩士班(日間),156,89,67
106,私立,技專校院,1046,中國科技大學,碩士在職專班,46,32,14
106,私立,技專校院,1047,中臺科技大學,學士班(進修),2746,771,1975
106,私立,技專校院,1047,中臺科技大學,碩士班(日間),138,48,90
106,私立,技專校院,1047,中臺科技大學,碩士在職專班,243,41,202
106,私立,技專校院,1047,中臺科技大學,學士班(日間),5860,2234,3626
106,私立,技專校院,1047,中臺科技大學,博士班,20,18,2
106,私立,一般大學,1048,亞洲大學,學士班(日間),9893,3778,6115
106,私立,一般大學,1048,亞洲大學,學士班(進修),1051,497,554
106,私立,一般大學,1048,亞洲大學,碩士在職專班,397,225,172
106,私立,一般大學,1048,亞洲大學,博士班,182,114,68
106,私立,一般大學,1048,亞洲大學,碩士班(日間),600,264,336
106,私立,一般大學,1049,開南大學,學士班(日間),5627,2761,2866
106,私立,一般大學,1049,開南大學,學士班(進修),1139,626,513
106,私立,一般大學,1049,開南大學,碩士班(日間),221,121,100
106,私立,一般大學,1049,開南大學,碩士在職專班,343,225,118
106,私立,一般大學,1050,佛光大學,學士班(日間),3050,1447,1603
106,私立,一般大學,1050,佛光大學,博士班,56,25,31
106,私立,一般大學,1050,佛光大學,碩士班(日間),529,220,309
106,私立,一般大學,1050,佛光大學,碩士在職專班,187,109,78
106,私立,技專校院,1051,台南家專學校財團法人台南應用科技大學,學士班(進修),2530,843,1687
106,私立,技專校院,1051,台南家專學校財團法人台南應用科技大學,碩士班(日間),118,27,91
106,私立,技專校院,1051,台南家專學校財團法人台南應用科技大學,碩士在職專班,120,28,92
106,私立,技專校院,1051,台南家專學校財團法人台南應用科技大學,學士班(日間),8784,2471,6313
106,私立,技專校院,1051,台南家專學校財團法人台南應用科技大學,五專,1181,237,944
106,私立,技專校院,1052,中信金學校財團法人中信科技大學,學士班(進修),664,465,199
106,私立,技專校院,1052,中信金學校財團法人中信科技大學,碩士班(日間),210,146,64
106,私立,技專校院,1052,中信金學校財團法人中信科技大學,碩士在職專班,29,28,1
106,私立,技專校院,1052,中信金學校財團法人中信科技大學,二專(進修),40,38,2
106,私立,技專校院,1052,中信金學校財團法人中信科技大學,學士班(日間),5304,3386,1918
106,私立,技專校院,1053,光宇學校財團法人元培醫事科技大學,學士班(進修),1310,561,749
106,私立,技專校院,1053,光宇學校財團法人元培醫事科技大學,碩士班(日間),217,101,116
106,私立,技專校院,1053,光宇學校財團法人元培醫事科技大學,碩士在職專班,32,12,20
106,私立,技專校院,1053,光宇學校財團法人元培醫事科技大學,學士班(日間),4878,2243,2635
106,私立,技專校院,1054,景文科技大學,學士班(進修),1813,861,952
106,私立,技專校院,1054,景文科技大學,碩士班(日間),61,41,20
106,私立,技專校院,1054,景文科技大學,碩士在職專班,97,61,36
106,私立,技專校院,1054,景文科技大學,學士班(日間),5328,2379,2949
106,私立,技專校院,1055,中華醫事科技大學,碩士班(日間),112,58,54
106,私立,技專校院,1055,中華醫事科技大學,碩士在職專班,18,9,9
106,私立,技專校院,1055,中華醫事科技大學,二專(日間),110,62,48
106,私立,技專校院,1055,中華醫事科技大學,學士班(日間),4777,1944,2833
106,私立,技專校院,1055,中華醫事科技大學,學士班(進修),1554,528,1026
106,私立,技專校院,1055,中華醫事科技大學,五專,2669,573,2096
106,私立,技專校院,1056,東南科技大學,學士班(進修),448,353,95
106,私立,技專校院,1056,東南科技大學,碩士班(日間),155,126,29
106,私立,技專校院,1056,東南科技大學,碩士在職專班,58,48,10
106,私立,技專校院,1056,東南科技大學,學士班(日間),5580,3705,1875
106,私立,技專校院,1057,德明財經科技大學,學士班(日間),7218,2769,4449
106,私立,技專校院,1057,德明財經科技大學,碩士班(日間),54,35,19
106,私立,技專校院,1057,德明財經科技大學,碩士在職專班,62,35,27
106,私立,技專校院,1057,德明財經科技大學,學士班(進修),1086,524,562
106,私立,一般大學,1058,明道學校財團法人明道大學,碩士班(日間),206,106,100
106,私立,一般大學,1058,明道學校財團法人明道大學,碩士在職專班,74,25,49
106,私立,一般大學,1058,明道學校財團法人明道大學,學士班(日間),3214,1824,1390
106,私立,一般大學,1058,明道學校財團法人明道大學,學士班(進修),955,608,347
106,私立,一般大學,1058,明道學校財團法人明道大學,博士班,20,11,9
106,私立,技專校院,1060,南開科技大學,學士班(進修),865,552,313
106,私立,技專校院,1060,南開科技大學,碩士班(日間),109,74,35
106,私立,技專校院,1060,南開科技大學,學士班(日間),3233,2154,1079
106,私立,技專校院,1060,南開科技大學,五專,906,730,176
106,私立,技專校院,1060,南開科技大學,碩士在職專班,104,41,63
106,私立,技專校院,1061,中華學校財團法人中華科技大學,二專(進修),15,2,13
106,私立,技專校院,1061,中華學校財團法人中華科技大學,學士班(進修),1136,839,297
106,私立,技專校院,1061,中華學校財團法人中華科技大學,碩士班(日間),228,170,58
106,私立,技專校院,1061,中華學校財團法人中華科技大學,碩士在職專班,100,76,24
106,私立,技專校院,1061,中華學校財團法人中華科技大學,學士班(日間),5059,3332,1727
106,私立,技專校院,1062,僑光科技大學,二專(進修),17,9,8
106,私立,技專校院,1062,僑光科技大學,學士班(日間),6549,2569,3980
106,私立,技專校院,1062,僑光科技大學,學士班(進修),4206,2218,1988
106,私立,技專校院,1062,僑光科技大學,五專,1,1,0
106,私立,技專校院,1062,僑光科技大學,碩士班(日間),50,24,26
106,私立,技專校院,1062,僑光科技大學,碩士在職專班,33,24,9
106,私立,技專校院,1063,廣亞學校財團法人育達科技大學,學士班(日間),2678,1279,1399
106,私立,技專校院,1063,廣亞學校財團法人育達科技大學,學士班(進修),1597,808,789
106,私立,技專校院,1063,廣亞學校財團法人育達科技大學,碩士班(日間),127,71,56
106,私立,技專校院,1063,廣亞學校財團法人育達科技大學,碩士在職專班,180,102,78
106,私立,技專校院,1064,美和學校財團法人美和科技大學,五專,1770,217,1553
106,私立,技專校院,1064,美和學校財團法人美和科技大學,二專(進修),24,19,5
106,私立,技專校院,1064,美和學校財團法人美和科技大學,學士班(日間),3658,1478,2180
106,私立,技專校院,1064,美和學校財團法人美和科技大學,學士班(進修),1668,419,1249
106,私立,技專校院,1064,美和學校財團法人美和科技大學,碩士在職專班,212,75,137
106,私立,技專校院,1064,美和學校財團法人美和科技大學,碩士班(日間),134,55,79
106,私立,技專校院,1065,吳鳳科技大學,學士班(日間),3624,2474,1150
106,私立,技專校院,1065,吳鳳科技大學,學士班(進修),954,713,241
106,私立,技專校院,1065,吳鳳科技大學,碩士班(日間),61,37,24
106,私立,技專校院,1065,吳鳳科技大學,碩士在職專班,70,41,29
106,私立,技專校院,1066,環球學校財團法人環球科技大學,碩士在職專班,49,34,15
106,私立,技專校院,1066,環球學校財團法人環球科技大學,二專(進修),242,131,111
106,私立,技專校院,1066,環球學校財團法人環球科技大學,學士班(日間),3555,1692,1863
106,私立,技專校院,1066,環球學校財團法人環球科技大學,學士班(進修),1308,600,708
106,私立,技專校院,1066,環球學校財團法人環球科技大學,碩士班(日間),141,72,69
106,私立,一般大學,1067,台灣首府學校財團法人台灣首府大學,學士班(日間),2172,1123,1049
106,私立,一般大學,1067,台灣首府學校財團法人台灣首府大學,學士班(進修),498,303,195
106,私立,一般大學,1067,台灣首府學校財團法人台灣首府大學,碩士班(日間),60,23,37
106,私立,技專校院,1068,中州學校財團法人中州科技大學,學士班(日間),1964,1152,812
106,私立,技專校院,1068,中州學校財團法人中州科技大學,學士班(進修),1425,728,697
106,私立,技專校院,1068,中州學校財團法人中州科技大學,碩士班(日間),53,39,14
106,私立,技專校院,1068,中州學校財團法人中州科技大學,碩士在職專班,31,26,5
106,私立,技專校院,1069,修平學校財團法人修平科技大學,碩士班(日間),48,35,13
106,私立,技專校院,1069,修平學校財團法人修平科技大學,碩士在職專班,12,10,2
106,私立,技專校院,1069,修平學校財團法人修平科技大學,二專(進修),6,6,0
106,私立,技專校院,1069,修平學校財團法人修平科技大學,學士班(日間),4339,2771,1568
106,私立,技專校院,1069,修平學校財團法人修平科技大學,學士班(進修),806,692,114
106,私立,技專校院,1070,長庚學校財團法人長庚科技大學,碩士班(日間),58,0,58
106,私立,技專校院,1070,長庚學校財團法人長庚科技大學,學士班(日間),4630,440,4190
106,私立,技專校院,1070,長庚學校財團法人長庚科技大學,學士班(進修),1384,82,1302
106,私立,技專校院,1070,長庚學校財團法人長庚科技大學,五專,557,40,517
106,私立,技專校院,1070,長庚學校財團法人長庚科技大學,碩士在職專班,83,1,82
106,私立,技專校院,1071,城市學校財團法人臺北城市科技大學,學士班(進修),857,641,216
106,私立,技專校院,1071,城市學校財團法人臺北城市科技大學,碩士班(日間),104,83,21
106,私立,技專校院,1071,城市學校財團法人臺北城市科技大學,二專(日間),1,1,0
106,私立,技專校院,1071,城市學校財團法人臺北城市科技大學,二專(進修),50,26,24
106,私立,技專校院,1071,城市學校財團法人臺北城市科技大學,學士班(日間),7274,4451,2823
106,私立,技專校院,1071,城市學校財團法人臺北城市科技大學,五專,1391,968,423
106,私立,技專校院,1072,大華學校財團法人敏實科技大學,碩士班(日間),22,22,0
106,私立,技專校院,1072,大華學校財團法人敏實科技大學,二專(進修),83,60,23
106,私立,技專校院,1072,大華學校財團法人敏實科技大學,學士班(日間),800,511,289
106,私立,技專校院,1072,大華學校財團法人敏實科技大學,學士班(進修),1273,946,327
106,私立,技專校院,1072,大華學校財團法人敏實科技大學,五專,762,457,305
106,私立,技專校院,1073,醒吾學校財團法人醒吾科技大學,學士班(日間),5888,2361,3527
106,私立,技專校院,1073,醒吾學校財團法人醒吾科技大學,學士班(進修),1158,550,608
106,私立,技專校院,1073,醒吾學校財團法人醒吾科技大學,五專,1006,365,641
106,私立,技專校院,1073,醒吾學校財團法人醒吾科技大學,碩士班(日間),60,41,19
106,私立,技專校院,1073,醒吾學校財團法人醒吾科技大學,碩士在職專班,86,55,31
106,私立,技專校院,1074,南榮學校財團法人南榮科技大學,五專,175,128,47
106,私立,技專校院,1074,南榮學校財團法人南榮科技大學,碩士在職專班,24,14,10
106,私立,技專校院,1074,南榮學校財團法人南榮科技大學,二專(進修),157,106,51
106,私立,技專校院,1074,南榮學校財團法人南榮科技大學,學士班(日間),1145,699,446
106,私立,技專校院,1074,南榮學校財團法人南榮科技大學,學士班(進修),679,433,246
106,私立,技專校院,1074,南榮學校財團法人南榮科技大學,碩士班(日間),31,17,14
106,私立,技專校院,1075,文藻學校財團法人文藻外語大學,學士班(日間),5502,1205,4297
106,私立,技專校院,1075,文藻學校財團法人文藻外語大學,學士班(進修),2020,600,1420
106,私立,技專校院,1075,文藻學校財團法人文藻外語大學,五專,1672,284,1388
106,私立,技專校院,1075,文藻學校財團法人文藻外語大學,碩士在職專班,62,19,43
106,私立,技專校院,1075,文藻學校財團法人文藻外語大學,碩士班(日間),163,43,120
106,私立,技專校院,1076,華夏學校財團法人華夏科技大學,五專,595,516,79
106,私立,技專校院,1076,華夏學校財團法人華夏科技大學,碩士班(日間),40,38,2
106,私立,技專校院,1076,華夏學校財團法人華夏科技大學,碩士在職專班,65,47,18
106,私立,技專校院,1076,華夏學校財團法人華夏科技大學,二專(進修),227,105,122
106,私立,技專校院,1076,華夏學校財團法人華夏科技大學,學士班(日間),2794,1804,990
106,私立,技專校院,1076,華夏學校財團法人華夏科技大學,學士班(進修),1078,672,406
106,私立,技專校院,1077,慈濟學校財團法人慈濟科技大學,學士班(日間),1561,600,961
106,私立,技專校院,1077,慈濟學校財團法人慈濟科技大學,學士班(進修),108,8,100
106,私立,技專校院,1077,慈濟學校財團法人慈濟科技大學,五專,1249,149,1100
106,私立,技專校院,1077,慈濟學校財團法人慈濟科技大學,碩士班(日間),29,12,17
106,私立,技專校院,1078,致理學校財團法人致理科技大學,學士班(日間),6649,2077,4572
106,私立,技專校院,1078,致理學校財團法人致理科技大學,學士班(進修),3261,1135,2126
106,私立,技專校院,1078,致理學校財團法人致理科技大學,五專,1619,296,1323
106,私立,技專校院,1078,致理學校財團法人致理科技大學,二專(日間),3,1,2
106,私立,技專校院,1078,致理學校財團法人致理科技大學,碩士班(日間),50,10,40
106,私立,技專校院,1078,致理學校財團法人致理科技大學,碩士在職專班,42,7,35
106,私立,一般大學,1079,康寧學校財團法人康寧大學,二專(進修),342,76,266
106,私立,一般大學,1079,康寧學校財團法人康寧大學,學士班(日間),926,480,446
106,私立,一般大學,1079,康寧學校財團法人康寧大學,學士班(進修),500,302,198
106,私立,一般大學,1079,康寧學校財團法人康寧大學,五專,2889,656,2233
106,私立,一般大學,1079,康寧學校財團法人康寧大學,二專(日間),19,5,14
106,私立,一般大學,1079,康寧學校財團法人康寧大學,碩士班(日間),153,54,99
106,私立,一般大學,1079,康寧學校財團法人康寧大學,碩士在職專班,139,55,84
106,私立,技專校院,1080,宏國學校財團法人宏國德霖科技大學,二專(進修),259,150,109
106,私立,技專校院,1080,宏國學校財團法人宏國德霖科技大學,學士班(日間),2938,1710,1228
106,私立,技專校院,1080,宏國學校財團法人宏國德霖科技大學,學士班(進修),1882,1159,723
106,私立,技專校院,1080,宏國學校財團法人宏國德霖科技大學,五專,1489,945,544
106,私立,技專校院,1081,東方學校財團法人東方設計大學,學士班(日間),1415,744,671
106,私立,技專校院,1081,東方學校財團法人東方設計大學,學士班(進修),164,68,96
106,私立,技專校院,1081,東方學校財團法人東方設計大學,博士班,30,16,14
106,私立,技專校院,1081,東方學校財團法人東方設計大學,五專,1432,615,817
106,私立,技專校院,1081,東方學校財團法人東方設計大學,碩士班(日間),119,51,68
106,私立,技專校院,1081,東方學校財團法人東方設計大學,碩士在職專班,32,18,14
106,私立,技專校院,1082,崇右學校財團法人崇右影藝科技大學,碩士班(日間),82,41,41
106,私立,技專校院,1082,崇右學校財團法人崇右影藝科技大學,學士班(日間),2283,1046,1237
106,私立,技專校院,1082,崇右學校財團法人崇右影藝科技大學,五專,320,139,181
106,私立,技專校院,1083,台北海洋學校財團法人台北海洋科技大學,二專(日間),104,96,8
106,私立,技專校院,1083,台北海洋學校財團法人台北海洋科技大學,二專(進修),94,86,8
106,私立,技專校院,1083,台北海洋學校財團法人台北海洋科技大學,學士班(日間),3596,1933,1663
106,私立,技專校院,1083,台北海洋學校財團法人台北海洋科技大學,五專,1238,768,470
106,私立,技專校院,1083,台北海洋學校財團法人台北海洋科技大學,學士班(進修),212,77,135
106,私立,技專校院,1083,台北海洋學校財團法人台北海洋科技大學,碩士班(日間),86,50,36
106,私立,一般大學,1125,中信學校財團法人中信金融管理學院,學士班(日間),438,206,232
106,私立,一般大學,1125,中信學校財團法人中信金融管理學院,學士班(進修),2,1,1
106,私立,一般大學,1125,中信學校財團法人中信金融管理學院,碩士班(日間),45,20,25
106,私立,技專校院,1148,大漢技術學院,二專(進修),178,91,87
106,私立,技專校院,1148,大漢技術學院,學士班(日間),384,257,127
106,私立,技專校院,1148,大漢技術學院,學士班(進修),658,395,263
106,私立,技專校院,1148,大漢技術學院,碩士班(日間),85,66,19
106,私立,技專校院,1159,和春技術學院,二專(進修),491,346,145
106,私立,技專校院,1159,和春技術學院,學士班(日間),743,464,279
106,私立,技專校院,1159,和春技術學院,學士班(進修),892,607,285
106,私立,技專校院,1159,和春技術學院,五專,308,172,136
106,私立,技專校院,1159,和春技術學院,碩士班(日間),41,35,6
106,私立,技專校院,1166,亞東技術學院,學士班(日間),4347,2976,1371
106,私立,技專校院,1166,亞東技術學院,學士班(進修),102,3,99
106,私立,技專校院,1166,亞東技術學院,碩士班(日間),35,26,9
106,私立,技專校院,1168,南亞科技學校財團法人南亞技術學院,二專(進修),92,77,15
106,私立,技專校院,1168,南亞科技學校財團法人南亞技術學院,學士班(日間),2178,1200,978
106,私立,技專校院,1168,南亞科技學校財團法人南亞技術學院,學士班(進修),939,651,288
106,私立,技專校院,1168,南亞科技學校財團法人南亞技術學院,五專,296,167,129
106,私立,技專校院,1168,南亞科技學校財團法人南亞技術學院,碩士班(日間),37,21,16
106,私立,一般大學,1176,稻江科技暨管理學院,學士班(日間),1371,733,638
106,私立,一般大學,1176,稻江科技暨管理學院,碩士在職專班,53,35,18
106,私立,一般大學,1176,稻江科技暨管理學院,學士班(進修),764,271,493
106,私立,一般大學,1176,稻江科技暨管理學院,碩士班(日間),79,37,42
106,私立,技專校院,1182,蘭陽技術學院,五專,496,289,207
106,私立,技專校院,1182,蘭陽技術學院,學士班(日間),562,317,245
106,私立,技專校院,1183,黎明技術學院,二專(進修),73,12,61
106,私立,技專校院,1183,黎明技術學院,學士班(日間),2985,1536,1449
106,私立,技專校院,1183,黎明技術學院,學士班(進修),823,528,295
106,私立,技專校院,1183,黎明技術學院,五專,695,598,97
106,私立,技專校院,1185,德育學校財團法人德育護理健康學院,學士班(日間),1957,688,1269
106,私立,技專校院,1185,德育學校財團法人德育護理健康學院,學士班(進修),380,110,270
106,私立,技專校院,1185,德育學校財團法人德育護理健康學院,碩士在職專班,46,12,34
106,私立,技專校院,1185,德育學校財團法人德育護理健康學院,五專,1465,376,1089
106,私立,技專校院,1185,德育學校財團法人德育護理健康學院,碩士班(日間),26,11,15
106,私立,技專校院,1188,大同技術學院,二專(進修),18,9,9
106,私立,技專校院,1188,大同技術學院,學士班(日間),1323,590,733
106,私立,技專校院,1188,大同技術學院,學士班(進修),568,187,381
106,私立,技專校院,1188,大同技術學院,五專,203,112,91
106,私立,技專校院,1189,亞太學校財團法人亞太創意技術學院,學士班(進修),508,72,436
106,私立,技專校院,1189,亞太學校財團法人亞太創意技術學院,碩士班(日間),88,34,54
106,私立,技專校院,1189,亞太學校財團法人亞太創意技術學院,二專(進修),43,0,43
106,私立,技專校院,1189,亞太學校財團法人亞太創意技術學院,學士班(日間),255,172,83
106,私立,技專校院,1192,臺灣觀光學院,碩士班(日間),17,9,8
106,私立,技專校院,1192,臺灣觀光學院,二專(日間),1,1,0
106,私立,技專校院,1192,臺灣觀光學院,二專(進修),41,9,32
106,私立,技專校院,1192,臺灣觀光學院,學士班(日間),508,255,253
106,私立,技專校院,1192,臺灣觀光學院,學士班(進修),127,54,73
106,私立,技專校院,1192,臺灣觀光學院,五專,202,76,126
106,私立,一般大學,1195,馬偕學校財團法人馬偕醫學院,碩士班(日間),41,12,29
106,私立,一般大學,1195,馬偕學校財團法人馬偕醫學院,學士班(日間),625,254,371
106,私立,一般大學,1196,法鼓學校財團法人法鼓文理學院,碩士班(日間),188,51,137
106,私立,一般大學,1196,法鼓學校財團法人法鼓文理學院,學士班(日間),63,23,40
106,私立,一般大學,1196,法鼓學校財團法人法鼓文理學院,博士班,16,5,11
106,私立,技專校院,1282,馬偕學校財團法人馬偕醫護管理專科學校,五專,4058,471,3587
106,私立,技專校院,1282,馬偕學校財團法人馬偕醫護管理專科學校,二專(日間),19,7,12
106,私立,技專校院,1282,馬偕學校財團法人馬偕醫護管理專科學校,二專(進修),304,154,150
106,私立,技專校院,1283,仁德醫護管理專科學校,二專(進修),362,184,178
106,私立,技專校院,1283,仁德醫護管理專科學校,五專,6239,1364,4875
106,私立,技專校院,1284,樹人醫護管理專科學校,二專(進修),519,332,187
106,私立,技專校院,1284,樹人醫護管理專科學校,五專,6578,1566,5012
106,私立,技專校院,1285,慈惠醫護管理專科學校,二專(日間),127,54,73
106,私立,技專校院,1285,慈惠醫護管理專科學校,二專(進修),306,115,191
106,私立,技專校院,1285,慈惠醫護管理專科學校,五專,5123,1203,3920
106,私立,技專校院,1286,耕莘健康管理專科學校,五專,5129,532,4597
106,私立,技專校院,1286,耕莘健康管理專科學校,二專(進修),88,0,88
106,私立,技專校院,1287,敏惠醫護管理專科學校,五專,3858,466,3392
106,私立,技專校院,1288,高美醫護管理專科學校,二專(進修),107,52,55
106,私立,技專校院,1288,高美醫護管理專科學校,五專,483,118,365
106,私立,技專校院,1289,育英醫護管理專科學校,五專,1969,175,1794
106,私立,技專校院,1290,崇仁醫護管理專科學校,五專,3503,428,3075
106,私立,技專校院,1291,聖母醫護管理專科學校,五專,3155,715,2440
106,私立,技專校院,1292,新生醫護管理專科學校,五專,5937,740,5197
106,私立,技專校院,1292,新生醫護管理專科學校,二專(進修),87,31,56
106,私立,宗教研修學院,1R02,學校財團法人中華浸信會基督教台灣浸會神學院,碩士班(日間),27,15,12
106,私立,宗教研修學院,1R03,臺北基督學院,學士班(日間),116,52,64
106,私立,宗教研修學院,1R04,財團法人一貫道天皇基金會一貫道天皇學院,學士班(日間),40,16,24
106,私立,宗教研修學院,1R04,財團法人一貫道天皇基金會一貫道天皇學院,碩士班(日間),32,11,21
106,私立,宗教研修學院,1R05,台神學校財團法人台灣神學研究學院,碩士班(日間),54,23,31
106,私立,宗教研修學院,1R06,一貫道崇德學院,碩士班(日間),28,15,13
106,公立,一般大學,3002,臺北市立大學,學士班(日間),5276,2385,2891
106,公立,一般大學,3002,臺北市立大學,博士班,228,98,130
106,公立,一般大學,3002,臺北市立大學,碩士班(日間),1193,383,810
106,公立,一般大學,3002,臺北市立大學,碩士在職專班,978,302,676
107,公立,一般大學,0001,國立政治大學,碩士班(日間),3998,1854,2144
107,公立,一般大學,0001,國立政治大學,碩士在職專班,1750,896,854
107,公立,一般大學,0001,國立政治大學,學士班(日間),9630,3983,5647
107,公立,一般大學,0001,國立政治大學,博士班,965,551,414
107,公立,一般大學,0002,國立清華大學,博士班,1664,1221,443
107,公立,一般大學,0002,國立清華大學,碩士班(日間),5018,3141,1877
107,公立,一般大學,0002,國立清華大學,學士班(日間),8754,4737,4017
107,公立,一般大學,0002,國立清華大學,碩士在職專班,1221,459,762
107,公立,一般大學,0003,國立臺灣大學,學士班(日間),16604,9447,7157
107,公立,一般大學,0003,國立臺灣大學,博士班,3459,2405,1054
107,公立,一般大學,0003,國立臺灣大學,碩士班(日間),10197,6178,4019
107,公立,一般大學,0003,國立臺灣大學,碩士在職專班,1485,904,581
107,公立,一般大學,0004,國立臺灣師範大學,博士班,1378,685,693
107,公立,一般大學,0004,國立臺灣師範大學,碩士班(日間),4083,1714,2369
107,公立,一般大學,0004,國立臺灣師範大學,碩士在職專班,2042,596,1446
107,公立,一般大學,0004,國立臺灣師範大學,學士班(日間),8079,3583,4496
107,公立,一般大學,0005,國立成功大學,學士班(日間),11390,7123,4267
107,公立,一般大學,0005,國立成功大學,博士班,1780,1241,539
107,公立,一般大學,0005,國立成功大學,碩士班(日間),6720,4244,2476
107,公立,一般大學,0005,國立成功大學,碩士在職專班,1386,873,513
107,公立,一般大學,0006,國立中興大學,學士班(進修),946,399,547
107,公立,一般大學,0006,國立中興大學,碩士班(日間),3401,2049,1352
107,公立,一般大學,0006,國立中興大學,碩士在職專班,1506,1006,500
107,公立,一般大學,0006,國立中興大學,學士班(日間),8090,4685,3405
107,公立,一般大學,0006,國立中興大學,博士班,941,662,279
107,公立,一般大學,0007,國立陽明交通大學,碩士班(日間),5611,3843,1768
107,公立,一般大學,0007,國立陽明交通大學,碩士在職專班,1533,1029,504
107,公立,一般大學,0007,國立陽明交通大學,學士班(日間),5398,3735,1663
107,公立,一般大學,0007,國立陽明交通大學,博士班,1729,1380,349
107,公立,一般大學,0008,國立中央大學,博士班,1046,763,283
107,公立,一般大學,0008,國立中央大學,碩士班(日間),3509,2349,1160
107,公立,一般大學,0008,國立中央大學,學士班(日間),6057,3872,2185
107,公立,一般大學,0008,國立中央大學,碩士在職專班,1348,883,465
107,公立,一般大學,0009,國立中山大學,碩士班(日間),2889,1841,1048
107,公立,一般大學,0009,國立中山大學,碩士在職專班,1025,523,502
107,公立,一般大學,0009,國立中山大學,學士班(日間),4726,2953,1773
107,公立,一般大學,0009,國立中山大學,博士班,785,534,251
107,公立,一般大學,0012,國立臺灣海洋大學,博士班,301,230,71
107,公立,一般大學,0012,國立臺灣海洋大學,碩士班(日間),1416,911,505
107,公立,一般大學,0012,國立臺灣海洋大學,碩士在職專班,552,334,218
107,公立,一般大學,0012,國立臺灣海洋大學,學士班(日間),5769,4002,1767
107,公立,一般大學,0012,國立臺灣海洋大學,學士班(進修),617,391,226
107,公立,一般大學,0013,國立中正大學,學士班(日間),6579,3591,2988
107,公立,一般大學,0013,國立中正大學,碩士班(日間),2799,1739,1060
107,公立,一般大學,0013,國立中正大學,碩士在職專班,1350,640,710
107,公立,一般大學,0013,國立中正大學,博士班,600,407,193
107,公立,一般大學,0014,國立高雄師範大學,博士班,441,216,225
107,公立,一般大學,0014,國立高雄師範大學,碩士班(日間),1393,531,862
107,公立,一般大學,0014,國立高雄師範大學,碩士在職專班,1352,477,875
107,公立,一般大學,0014,國立高雄師範大學,學士班(日間),3492,1676,1816
107,公立,一般大學,0015,國立彰化師範大學,學士班(日間),4924,2587,2337
107,公立,一般大學,0015,國立彰化師範大學,博士班,498,305,193
107,公立,一般大學,0015,國立彰化師範大學,碩士班(日間),1525,751,774
107,公立,一般大學,0015,國立彰化師範大學,碩士在職專班,1386,602,784
107,公立,一般大學,0016,國立陽明大學,學士班(日間),2084,1167,917
107,公立,一般大學,0016,國立陽明大學,碩士在職專班,141,44,97
107,公立,一般大學,0016,國立陽明大學,博士班,852,495,357
107,公立,一般大學,0016,國立陽明大學,碩士班(日間),1257,517,740
107,公立,一般大學,0017,國立臺北大學,碩士在職專班,487,236,251
107,公立,一般大學,0017,國立臺北大學,學士班(日間),5822,2655,3167
107,公立,一般大學,0017,國立臺北大學,學士班(進修),2087,791,1296
107,公立,一般大學,0017,國立臺北大學,博士班,197,126,71
107,公立,一般大學,0017,國立臺北大學,碩士班(日間),1330,652,678
107,公立,一般大學,0018,國立嘉義大學,學士班(日間),7674,3928,3746
107,公立,一般大學,0018,國立嘉義大學,學士班(進修),2081,1295,786
107,公立,一般大學,0018,國立嘉義大學,博士班,193,109,84
107,公立,一般大學,0018,國立嘉義大學,碩士班(日間),1306,619,687
107,公立,一般大學,0018,國立嘉義大學,碩士在職專班,965,396,569
107,公立,一般大學,0019,國立高雄大學,學士班(日間),4277,2465,1812
107,公立,一般大學,0019,國立高雄大學,學士班(進修),174,106,68
107,公立,一般大學,0019,國立高雄大學,博士班,24,21,3
107,公立,一般大學,0019,國立高雄大學,碩士班(日間),636,404,232
107,公立,一般大學,0019,國立高雄大學,碩士在職專班,454,297,157
107,公立,一般大學,0020,國立東華大學,博士班,375,231,144
107,公立,一般大學,0020,國立東華大學,碩士在職專班,521,226,295
107,公立,一般大學,0020,國立東華大學,學士班(日間),7531,3616,3915
107,公立,一般大學,0020,國立東華大學,碩士班(日間),1501,766,735
107,公立,一般大學,0021,國立暨南國際大學,碩士班(日間),848,422,426
107,公立,一般大學,0021,國立暨南國際大學,碩士在職專班,429,191,238
107,公立,一般大學,0021,國立暨南國際大學,學士班(日間),4599,2102,2497
107,公立,一般大學,0021,國立暨南國際大學,博士班,324,163,161
107,公立,技專校院,0022,國立臺灣科技大學,學士班(日間),5828,4050,1778
107,公立,技專校院,0022,國立臺灣科技大學,學士班(進修),3,0,3
107,公立,技專校院,0022,國立臺灣科技大學,博士班,1008,798,210
107,公立,技專校院,0022,國立臺灣科技大學,碩士班(日間),3500,2409,1091
107,公立,技專校院,0022,國立臺灣科技大學,碩士在職專班,798,533,265
107,公立,技專校院,0023,國立雲林科技大學,學士班(日間),6579,3872,2707
107,公立,技專校院,0023,國立雲林科技大學,博士班,419,262,157
107,公立,技專校院,0023,國立雲林科技大學,學士班(進修),86,36,50
107,公立,技專校院,0023,國立雲林科技大學,碩士班(日間),1934,1219,715
107,公立,技專校院,0023,國立雲林科技大學,碩士在職專班,714,402,312
107,公立,技專校院,0024,國立屏東科技大學,學士班(進修),1471,799,672
107,公立,技專校院,0024,國立屏東科技大學,碩士班(日間),1160,668,492
107,公立,技專校院,0024,國立屏東科技大學,碩士在職專班,404,284,120
107,公立,技專校院,0024,國立屏東科技大學,學士班(日間),7839,4136,3703
107,公立,技專校院,0024,國立屏東科技大學,博士班,248,165,83
107,公立,技專校院,0025,國立臺北科技大學,學士班(進修),1946,1624,322
107,公立,技專校院,0025,國立臺北科技大學,附設進院,22,21,1
107,公立,技專校院,0025,國立臺北科技大學,博士班,689,537,152
107,公立,技專校院,0025,國立臺北科技大學,碩士在職專班,1538,1105,433
107,公立,技專校院,0025,國立臺北科技大學,學士班(日間),6050,4200,1850
107,公立,技專校院,0025,國立臺北科技大學,五專,32,26,6
107,公立,技專校院,0025,國立臺北科技大學,碩士班(日間),2842,2130,712
107,公立,一般大學,0028,國立臺北藝術大學,學士班(日間),1766,630,1136
107,公立,一般大學,0028,國立臺北藝術大學,七年一貫,72,26,46
107,公立,一般大學,0028,國立臺北藝術大學,博士班,94,30,64
107,公立,一般大學,0028,國立臺北藝術大學,碩士班(日間),971,347,624
107,公立,一般大學,0028,國立臺北藝術大學,碩士在職專班,169,52,117
107,公立,一般大學,0029,國立臺灣藝術大學,學士班(日間),2459,707,1752
107,公立,一般大學,0029,國立臺灣藝術大學,博士班,126,64,62
107,公立,一般大學,0029,國立臺灣藝術大學,學士班(進修),1982,605,1377
107,公立,一般大學,0029,國立臺灣藝術大學,碩士班(日間),725,286,439
107,公立,一般大學,0029,國立臺灣藝術大學,碩士在職專班,422,167,255
107,公立,一般大學,0030,國立臺東大學,學士班(進修),193,86,107
107,公立,一般大學,0030,國立臺東大學,博士班,44,17,27
107,公立,一般大學,0030,國立臺東大學,學士班(日間),3473,1705,1768
107,公立,一般大學,0030,國立臺東大學,碩士班(日間),337,129,208
107,公立,一般大學,0030,國立臺東大學,碩士在職專班,536,152,384
107,公立,一般大學,0031,國立宜蘭大學,學士班(日間),4409,2865,1544
107,公立,一般大學,0031,國立宜蘭大學,學士班(進修),372,252,120
107,公立,一般大學,0031,國立宜蘭大學,博士班,11,8,3
107,公立,一般大學,0031,國立宜蘭大學,碩士班(日間),456,298,158
107,公立,一般大學,0031,國立宜蘭大學,碩士在職專班,222,163,59
107,公立,一般大學,0032,國立聯合大學,博士班,15,15,0
107,公立,一般大學,0032,國立聯合大學,碩士班(日間),456,332,124
107,公立,一般大學,0032,國立聯合大學,學士班(日間),5901,4022,1879
107,公立,一般大學,0032,國立聯合大學,學士班(進修),1244,773,471
107,公立,一般大學,0032,國立聯合大學,碩士在職專班,6,2,4
107,公立,技專校院,0033,國立虎尾科技大學,學士班(日間),7379,5640,1739
107,公立,技專校院,0033,國立虎尾科技大學,五專,52,45,7
107,公立,技專校院,0033,國立虎尾科技大學,博士班,39,31,8
107,公立,技專校院,0033,國立虎尾科技大學,學士班(進修),1815,1398,417
107,公立,技專校院,0033,國立虎尾科技大學,附設進院,158,105,53
107,公立,技專校院,0033,國立虎尾科技大學,碩士班(日間),852,670,182
107,公立,技專校院,0033,國立虎尾科技大學,碩士在職專班,191,136,55
107,公立,一般大學,0035,國立臺南藝術大學,博士班,37,20,17
107,公立,一般大學,0035,國立臺南藝術大學,碩士班(日間),535,185,350
107,公立,一般大學,0035,國立臺南藝術大學,碩士在職專班,51,14,37
107,公立,一般大學,0035,國立臺南藝術大學,學士班(日間),774,240,534
107,公立,一般大學,0035,國立臺南藝術大學,七年一貫,167,58,109
107,公立,一般大學,0036,國立臺南大學,學士班(日間),3885,1820,2065
107,公立,一般大學,0036,國立臺南大學,學士班(進修),90,39,51
107,公立,一般大學,0036,國立臺南大學,博士班,176,77,99
107,公立,一般大學,0036,國立臺南大學,碩士班(日間),879,394,485
107,公立,一般大學,0036,國立臺南大學,碩士在職專班,662,218,444
107,公立,一般大學,0037,國立臺北教育大學,碩士班(日間),1321,445,876
107,公立,一般大學,0037,國立臺北教育大學,碩士在職專班,937,199,738
107,公立,一般大學,0037,國立臺北教育大學,學士班(日間),3408,1174,2234
107,公立,一般大學,0037,國立臺北教育大學,博士班,148,73,75
107,公立,一般大學,0039,國立臺中教育大學,學士班(日間),3275,1171,2104
107,公立,一般大學,0039,國立臺中教育大學,博士班,115,55,60
107,公立,一般大學,0039,國立臺中教育大學,碩士班(日間),822,288,534
107,公立,一般大學,0039,國立臺中教育大學,碩士在職專班,754,189,565
107,公立,技專校院,0042,國立澎湖科技大學,學士班(進修),284,134,150
107,公立,技專校院,0042,國立澎湖科技大學,五專,13,11,2
107,公立,技專校院,0042,國立澎湖科技大學,碩士班(日間),69,40,29
107,公立,技專校院,0042,國立澎湖科技大學,碩士在職專班,43,23,20
107,公立,技專校院,0042,國立澎湖科技大學,學士班(日間),2616,1541,1075
107,公立,技專校院,0043,國立勤益科技大學,附設進專,429,310,119
107,公立,技專校院,0043,國立勤益科技大學,附設進院,366,285,81
107,公立,技專校院,0043,國立勤益科技大學,碩士班(日間),555,429,126
107,公立,技專校院,0043,國立勤益科技大學,碩士在職專班,281,224,57
107,公立,技專校院,0043,國立勤益科技大學,學士班(日間),6749,4591,2158
107,公立,技專校院,0043,國立勤益科技大學,學士班(進修),3498,2872,626
107,公立,技專校院,0043,國立勤益科技大學,博士班,18,16,2
107,公立,一般大學,0044,國立體育大學,學士班(進修),73,55,18
107,公立,一般大學,0044,國立體育大學,博士班,158,108,50
107,公立,一般大學,0044,國立體育大學,碩士班(日間),343,189,154
107,公立,一般大學,0044,國立體育大學,碩士在職專班,216,132,84
107,公立,一般大學,0044,國立體育大學,學士班(日間),1675,1075,600
107,公立,技專校院,0046,國立臺北護理健康大學,碩士班(日間),568,94,474
107,公立,技專校院,0046,國立臺北護理健康大學,學士班(日間),3693,768,2925
107,公立,技專校院,0046,國立臺北護理健康大學,學士班(進修),714,24,690
107,公立,技專校院,0046,國立臺北護理健康大學,博士班,69,6,63
107,公立,技專校院,0046,國立臺北護理健康大學,碩士在職專班,203,30,173
107,公立,技專校院,0047,國立高雄餐旅大學,二專(進修),12,5,7
107,公立,技專校院,0047,國立高雄餐旅大學,學士班(日間),3268,936,2332
107,公立,技專校院,0047,國立高雄餐旅大學,五專,244,96,148
107,公立,技專校院,0047,國立高雄餐旅大學,學士班(進修),1444,411,1033
107,公立,技專校院,0047,國立高雄餐旅大學,博士班,29,12,17
107,公立,技專校院,0047,國立高雄餐旅大學,碩士班(日間),150,50,100
107,公立,技專校院,0047,國立高雄餐旅大學,碩士在職專班,50,28,22
107,公立,一般大學,0048,國立金門大學,學士班(日間),3153,1593,1560
107,公立,一般大學,0048,國立金門大學,學士班(進修),852,487,365
107,公立,一般大學,0048,國立金門大學,碩士在職專班,91,69,22
107,公立,一般大學,0048,國立金門大學,碩士班(日間),207,127,80
107,公立,一般大學,0049,國立臺灣體育運動大學,學士班(日間),2379,1400,979
107,公立,一般大學,0049,國立臺灣體育運動大學,學士班(進修),365,259,106
107,公立,一般大學,0049,國立臺灣體育運動大學,碩士班(日間),251,122,129
107,公立,一般大學,0049,國立臺灣體育運動大學,碩士在職專班,105,61,44
107,公立,技專校院,0050,國立臺中科技大學,二專(進修),12,0,12
107,公立,技專校院,0050,國立臺中科技大學,附設進專,1326,492,834
107,公立,技專校院,0050,國立臺中科技大學,學士班(日間),6932,1883,5049
107,公立,技專校院,0050,國立臺中科技大學,學士班(進修),2550,824,1726
107,公立,技專校院,0050,國立臺中科技大學,五專,3484,759,2725
107,公立,技專校院,0050,國立臺中科技大學,附設進院,1321,437,884
107,公立,技專校院,0050,國立臺中科技大學,碩士班(日間),369,166,203
107,公立,技專校院,0050,國立臺中科技大學,碩士在職專班,218,100,118
107,公立,技專校院,0051,國立臺北商業大學,附設進專,1040,354,686
107,公立,技專校院,0051,國立臺北商業大學,學士班(進修),1427,423,1004
107,公立,技專校院,0051,國立臺北商業大學,五專,1874,523,1351
107,公立,技專校院,0051,國立臺北商業大學,碩士班(日間),238,96,142
107,公立,技專校院,0051,國立臺北商業大學,碩士在職專班,43,23,20
107,公立,技專校院,0051,國立臺北商業大學,二專(進修),2,2,0
107,公立,技專校院,0051,國立臺北商業大學,學士班(日間),3145,859,2286
107,公立,一般大學,0052,國立屏東大學,學士班(日間),6731,2672,4059
107,公立,一般大學,0052,國立屏東大學,學士班(進修),670,320,350
107,公立,一般大學,0052,國立屏東大學,博士班,46,24,22
107,公立,一般大學,0052,國立屏東大學,碩士班(日間),889,381,508
107,公立,一般大學,0052,國立屏東大學,碩士在職專班,633,188,445
107,公立,技專校院,0053,國立高雄科技大學,學士班(日間),17789,10873,6916
107,公立,技專校院,0053,國立高雄科技大學,學士班(進修),3740,2500,1240
107,公立,技專校院,0053,國立高雄科技大學,附設進院,736,411,325
107,公立,技專校院,0053,國立高雄科技大學,五專,639,529,110
107,公立,技專校院,0053,國立高雄科技大學,博士班,551,440,111
107,公立,技專校院,0053,國立高雄科技大學,碩士班(日間),2523,1676,847
107,公立,技專校院,0053,國立高雄科技大學,碩士在職專班,2032,1376,656
107,公立,技專校院,0144,國立臺灣戲曲學院,學士班(日間),568,200,368
107,公立,技專校院,0144,國立臺灣戲曲學院,學士班(進修),39,19,20
107,公立,技專校院,0221,國立臺南護理專科學校,五專,1795,129,1666
107,公立,技專校院,0221,國立臺南護理專科學校,二專(日間),110,2,108
107,公立,技專校院,0221,國立臺南護理專科學校,二專(進修),53,4,49
107,公立,技專校院,0222,國立臺東專科學校,二專(進修),89,53,36
107,公立,技專校院,0222,國立臺東專科學校,二專(日間),581,438,143
107,公立,技專校院,0222,國立臺東專科學校,五專,504,219,285
107,私立,一般大學,1001,東海大學,學士班(日間),13279,5983,7296
107,私立,一般大學,1001,東海大學,學士班(進修),604,323,281
107,私立,一般大學,1001,東海大學,博士班,243,147,96
107,私立,一般大學,1001,東海大學,碩士班(日間),1234,625,609
107,私立,一般大學,1001,東海大學,碩士在職專班,720,350,370
107,私立,一般大學,1002,輔仁大學,學士班(日間),17839,7598,10241
107,私立,一般大學,1002,輔仁大學,學士班(進修),4487,1700,2787
107,私立,一般大學,1002,輔仁大學,碩士在職專班,1423,604,819
107,私立,一般大學,1002,輔仁大學,博士班,420,233,187
107,私立,一般大學,1002,輔仁大學,碩士班(日間),2007,847,1160
107,私立,一般大學,1003,東吳大學,博士班,124,66,58
107,私立,一般大學,1003,東吳大學,碩士班(日間),1256,572,684
107,私立,一般大學,1003,東吳大學,碩士在職專班,1175,539,636
107,私立,一般大學,1003,東吳大學,學士班(日間),12039,4766,7273
107,私立,一般大學,1003,東吳大學,學士班(進修),1071,356,715
107,私立,一般大學,1004,中原大學,碩士班(日間),1611,973,638
107,私立,一般大學,1004,中原大學,碩士在職專班,869,542,327
107,私立,一般大學,1004,中原大學,學士班(日間),13361,7271,6090
107,私立,一般大學,1004,中原大學,博士班,348,243,105
107,私立,一般大學,1005,淡江大學學校財團法人淡江大學,學士班(進修),1661,885,776
107,私立,一般大學,1005,淡江大學學校財團法人淡江大學,碩士班(日間),1790,1018,772
107,私立,一般大學,1005,淡江大學學校財團法人淡江大學,碩士在職專班,988,514,474
107,私立,一般大學,1005,淡江大學學校財團法人淡江大學,學士班(日間),20476,10374,10102
107,私立,一般大學,1005,淡江大學學校財團法人淡江大學,博士班,428,283,145
107,私立,一般大學,1006,中國文化大學,學士班(進修),1696,713,983
107,私立,一般大學,1006,中國文化大學,博士班,547,350,197
107,私立,一般大學,1006,中國文化大學,碩士班(日間),1673,895,778
107,私立,一般大學,1006,中國文化大學,碩士在職專班,560,215,345
107,私立,一般大學,1006,中國文化大學,學士班(日間),20749,9846,10903
107,私立,一般大學,1007,逢甲大學,學士班(日間),16832,10363,6469
107,私立,一般大學,1007,逢甲大學,學士班(進修),872,495,377
107,私立,一般大學,1007,逢甲大學,博士班,420,315,105
107,私立,一般大學,1007,逢甲大學,碩士班(日間),1608,1078,530
107,私立,一般大學,1007,逢甲大學,碩士在職專班,1080,661,419
107,私立,一般大學,1008,靜宜大學,碩士在職專班,323,127,196
107,私立,一般大學,1008,靜宜大學,學士班(日間),11205,4315,6890
107,私立,一般大學,1008,靜宜大學,博士班,46,24,22
107,私立,一般大學,1008,靜宜大學,碩士班(日間),530,192,338
107,私立,一般大學,1009,長庚大學,碩士班(日間),1096,556,540
107,私立,一般大學,1009,長庚大學,碩士在職專班,199,96,103
107,私立,一般大學,1009,長庚大學,學士班(日間),5260,2652,2608
107,私立,一般大學,1009,長庚大學,博士班,497,334,163
107,私立,一般大學,1010,元智大學,學士班(日間),7113,4053,3060
107,私立,一般大學,1010,元智大學,碩士在職專班,644,420,224
107,私立,一般大學,1010,元智大學,博士班,279,203,76
107,私立,一般大學,1010,元智大學,碩士班(日間),846,550,296
107,私立,一般大學,1011,中華大學學校財團法人中華大學,學士班(日間),5020,3121,1899
107,私立,一般大學,1011,中華大學學校財團法人中華大學,學士班(進修),432,280,152
107,私立,一般大學,1011,中華大學學校財團法人中華大學,博士班,88,62,26
107,私立,一般大學,1011,中華大學學校財團法人中華大學,碩士班(日間),516,283,233
107,私立,一般大學,1011,中華大學學校財團法人中華大學,碩士在職專班,211,111,100
107,私立,一般大學,1012,大葉大學,學士班(日間),8019,4191,3828
107,私立,一般大學,1012,大葉大學,學士班(進修),1104,588,516
107,私立,一般大學,1012,大葉大學,博士班,134,102,32
107,私立,一般大學,1012,大葉大學,碩士班(日間),670,369,301
107,私立,一般大學,1012,大葉大學,碩士在職專班,384,172,212
107,私立,一般大學,1013,華梵學校財團法人華梵大學,學士班(日間),1447,788,659
107,私立,一般大學,1013,華梵學校財團法人華梵大學,博士班,61,39,22
107,私立,一般大學,1013,華梵學校財團法人華梵大學,碩士班(日間),213,114,99
107,私立,一般大學,1013,華梵學校財團法人華梵大學,碩士在職專班,150,44,106
107,私立,一般大學,1014,義守大學,碩士班(日間),402,249,153
107,私立,一般大學,1014,義守大學,學士班(日間),12546,6278,6268
107,私立,一般大學,1014,義守大學,學士班(進修),1964,1257,707
107,私立,一般大學,1014,義守大學,博士班,147,113,34
107,私立,一般大學,1014,義守大學,碩士在職專班,473,339,134
107,私立,一般大學,1015,世新大學,碩士班(日間),612,294,318
107,私立,一般大學,1015,世新大學,碩士在職專班,785,422,363
107,私立,一般大學,1015,世新大學,學士班(日間),9671,3409,6262
107,私立,一般大學,1015,世新大學,學士班(進修),425,163,262
107,私立,一般大學,1015,世新大學,博士班,97,45,52
107,私立,一般大學,1016,銘傳大學,學士班(日間),17333,6868,10465
107,私立,一般大學,1016,銘傳大學,碩士在職專班,828,382,446
107,私立,一般大學,1016,銘傳大學,博士班,73,30,43
107,私立,一般大學,1016,銘傳大學,碩士班(日間),741,330,411
107,私立,一般大學,1017,實踐大學,學士班(進修),2161,664,1497
107,私立,一般大學,1017,實踐大學,博士班,25,10,15
107,私立,一般大學,1017,實踐大學,碩士班(日間),380,161,219
107,私立,一般大學,1017,實踐大學,碩士在職專班,144,56,88
107,私立,一般大學,1017,實踐大學,學士班(日間),11258,3713,7545
107,私立,技專校院,1018,朝陽科技大學,學士班(進修),3014,1573,1441
107,私立,技專校院,1018,朝陽科技大學,博士班,91,69,22
107,私立,技專校院,1018,朝陽科技大學,碩士班(日間),642,349,293
107,私立,技專校院,1018,朝陽科技大學,學士班(日間),11461,4783,6678
107,私立,技專校院,1018,朝陽科技大學,碩士在職專班,404,212,192
107,私立,一般大學,1019,高雄醫學大學,學士班(日間),5546,2445,3101
107,私立,一般大學,1019,高雄醫學大學,學士班(進修),40,0,40
107,私立,一般大學,1019,高雄醫學大學,碩士在職專班,230,85,145
107,私立,一般大學,1019,高雄醫學大學,博士班,305,161,144
107,私立,一般大學,1019,高雄醫學大學,碩士班(日間),681,231,450
107,私立,一般大學,1020,南華大學,學士班(進修),325,186,139
107,私立,一般大學,1020,南華大學,碩士班(日間),644,271,373
107,私立,一般大學,1020,南華大學,碩士在職專班,392,159,233
107,私立,一般大學,1020,南華大學,學士班(日間),4489,2160,2329
107,私立,一般大學,1020,南華大學,博士班,48,27,21
107,私立,一般大學,1021,真理大學,學士班(進修),218,123,95
107,私立,一般大學,1021,真理大學,碩士班(日間),135,84,51
107,私立,一般大學,1021,真理大學,碩士在職專班,21,10,11
107,私立,一般大學,1021,真理大學,學士班(日間),5830,2834,2996
107,私立,一般大學,1022,大同大學,學士班(日間),3689,2226,1463
107,私立,一般大學,1022,大同大學,博士班,116,66,50
107,私立,一般大學,1022,大同大學,碩士班(日間),353,264,89
107,私立,一般大學,1022,大同大學,碩士在職專班,232,178,54
107,私立,技專校院,1023,南臺學校財團法人南臺科技大學,學士班(日間),12892,7178,5714
107,私立,技專校院,1023,南臺學校財團法人南臺科技大學,五專,66,61,5
107,私立,技專校院,1023,南臺學校財團法人南臺科技大學,博士班,99,83,16
107,私立,技專校院,1023,南臺學校財團法人南臺科技大學,學士班(進修),4345,2665,1680
107,私立,技專校院,1023,南臺學校財團法人南臺科技大學,碩士班(日間),830,474,356
107,私立,技專校院,1023,南臺學校財團法人南臺科技大學,碩士在職專班,390,192,198
107,私立,技專校院,1024,崑山科技大學,附設進專,117,62,55
107,私立,技專校院,1024,崑山科技大學,學士班(日間),7795,4613,3182
107,私立,技專校院,1024,崑山科技大學,博士班,36,27,9
107,私立,技專校院,1024,崑山科技大學,學士班(進修),3323,2245,1078
107,私立,技專校院,1024,崑山科技大學,碩士班(日間),353,230,123
107,私立,技專校院,1024,崑山科技大學,碩士在職專班,170,121,49
107,私立,技專校院,1025,嘉藥學校財團法人嘉南藥理大學,附設進院,1,1,0
107,私立,技專校院,1025,嘉藥學校財團法人嘉南藥理大學,碩士班(日間),207,94,113
107,私立,技專校院,1025,嘉藥學校財團法人嘉南藥理大學,碩士在職專班,238,99,139
107,私立,技專校院,1025,嘉藥學校財團法人嘉南藥理大學,學士班(日間),11115,4622,6493
107,私立,技專校院,1025,嘉藥學校財團法人嘉南藥理大學,學士班(進修),2787,1260,1527
107,私立,技專校院,1026,樹德科技大學,附設進專,497,195,302
107,私立,技專校院,1026,樹德科技大學,學士班(日間),7881,3332,4549
107,私立,技專校院,1026,樹德科技大學,學士班(進修),2023,977,1046
107,私立,技專校院,1026,樹德科技大學,博士班,35,17,18
107,私立,技專校院,1026,樹德科技大學,碩士班(日間),249,130,119
107,私立,技專校院,1026,樹德科技大學,碩士在職專班,438,190,248
107,私立,一般大學,1027,慈濟學校財團法人慈濟大學,學士班(日間),2968,1148,1820
107,私立,一般大學,1027,慈濟學校財團法人慈濟大學,博士班,101,53,48
107,私立,一般大學,1027,慈濟學校財團法人慈濟大學,碩士班(日間),336,121,215
107,私立,一般大學,1027,慈濟學校財團法人慈濟大學,碩士在職專班,43,7,36
107,私立,一般大學,1028,臺北醫學大學,學士班(進修),1,0,1
107,私立,一般大學,1028,臺北醫學大學,博士班,489,275,214
107,私立,一般大學,1028,臺北醫學大學,碩士班(日間),621,222,399
107,私立,一般大學,1028,臺北醫學大學,碩士在職專班,267,65,202
107,私立,一般大學,1028,臺北醫學大學,學士班(日間),4762,2000,2762
107,私立,一般大學,1029,中山醫學大學,學士班(日間),6099,2355,3744
107,私立,一般大學,1029,中山醫學大學,學士班(進修),120,42,78
107,私立,一般大學,1029,中山醫學大學,博士班,207,138,69
107,私立,一般大學,1029,中山醫學大學,碩士班(日間),476,142,334
107,私立,一般大學,1029,中山醫學大學,碩士在職專班,194,47,147
107,私立,技專校院,1030,龍華科技大學,學士班(日間),6787,4403,2384
107,私立,技專校院,1030,龍華科技大學,學士班(進修),3738,2773,965
107,私立,技專校院,1030,龍華科技大學,碩士班(日間),288,208,80
107,私立,技專校院,1030,龍華科技大學,碩士在職專班,170,109,61
107,私立,技專校院,1030,龍華科技大學,五專,246,209,37
107,私立,技專校院,1031,輔英科技大學,學士班(日間),5249,1715,3534
107,私立,技專校院,1031,輔英科技大學,五專,2693,284,2409
107,私立,技專校院,1031,輔英科技大學,學士班(進修),1216,515,701
107,私立,技專校院,1031,輔英科技大學,碩士班(日間),132,43,89
107,私立,技專校院,1031,輔英科技大學,碩士在職專班,111,10,101
107,私立,技專校院,1032,明新學校財團法人明新科技大學,二專(日間),8,7,1
107,私立,技專校院,1032,明新學校財團法人明新科技大學,學士班(進修),3404,2099,1305
107,私立,技專校院,1032,明新學校財團法人明新科技大學,附設進院,240,119,121
107,私立,技專校院,1032,明新學校財團法人明新科技大學,碩士班(日間),267,179,88
107,私立,技專校院,1032,明新學校財團法人明新科技大學,碩士在職專班,330,257,73
107,私立,技專校院,1032,明新學校財團法人明新科技大學,二專(進修),43,23,20
107,私立,技專校院,1032,明新學校財團法人明新科技大學,附設進專,154,89,65
107,私立,技專校院,1032,明新學校財團法人明新科技大學,學士班(日間),8340,5152,3188
107,私立,一般大學,1033,長榮大學,學士班(進修),539,314,225
107,私立,一般大學,1033,長榮大學,碩士班(日間),379,149,230
107,私立,一般大學,1033,長榮大學,碩士在職專班,94,39,55
107,私立,一般大學,1033,長榮大學,學士班(日間),8210,3594,4616
107,私立,一般大學,1033,長榮大學,博士班,37,26,11
107,私立,技專校院,1034,弘光科技大學,學士班(進修),4177,1508,2669
107,私立,技專校院,1034,弘光科技大學,博士班,10,1,9
107,私立,技專校院,1034,弘光科技大學,二專(進修),160,28,132
107,私立,技專校院,1034,弘光科技大學,學士班(日間),8067,2752,5315
107,私立,技專校院,1034,弘光科技大學,五專,265,23,242
107,私立,技專校院,1034,弘光科技大學,碩士班(日間),194,55,139
107,私立,技專校院,1034,弘光科技大學,碩士在職專班,98,24,74
107,私立,一般大學,1035,中國醫藥大學,學士班(進修),38,5,33
107,私立,一般大學,1035,中國醫藥大學,博士班,385,227,158
107,私立,一般大學,1035,中國醫藥大學,碩士班(日間),508,203,305
107,私立,一般大學,1035,中國醫藥大學,碩士在職專班,74,27,47
107,私立,一般大學,1035,中國醫藥大學,學士班(日間),6420,2866,3554
107,私立,技專校院,1036,健行學校財團法人健行科技大學,學士班(日間),7228,4703,2525
107,私立,技專校院,1036,健行學校財團法人健行科技大學,學士班(進修),3728,2399,1329
107,私立,技專校院,1036,健行學校財團法人健行科技大學,五專,26,25,1
107,私立,技專校院,1036,健行學校財團法人健行科技大學,碩士班(日間),296,207,89
107,私立,技專校院,1036,健行學校財團法人健行科技大學,碩士在職專班,55,34,21
107,私立,技專校院,1037,正修學校財團法人正修科技大學,附設進專,1333,727,606
107,私立,技專校院,1037,正修學校財團法人正修科技大學,學士班(進修),7029,4246,2783
107,私立,技專校院,1037,正修學校財團法人正修科技大學,五專,66,51,15
107,私立,技專校院,1037,正修學校財團法人正修科技大學,碩士班(日間),349,204,145
107,私立,技專校院,1037,正修學校財團法人正修科技大學,碩士在職專班,210,131,79
107,私立,技專校院,1037,正修學校財團法人正修科技大學,二專(進修),314,239,75
107,私立,技專校院,1037,正修學校財團法人正修科技大學,學士班(日間),8959,5200,3759
107,私立,技專校院,1037,正修學校財團法人正修科技大學,博士班,12,12,0
107,私立,技專校院,1038,萬能學校財團法人萬能科技大學,附設進專,146,37,109
107,私立,技專校院,1038,萬能學校財團法人萬能科技大學,學士班(日間),6270,3360,2910
107,私立,技專校院,1038,萬能學校財團法人萬能科技大學,學士班(進修),3845,2100,1745
107,私立,技專校院,1038,萬能學校財團法人萬能科技大學,碩士班(日間),144,72,72
107,私立,技專校院,1038,萬能學校財團法人萬能科技大學,碩士在職專班,121,49,72
107,私立,一般大學,1039,玄奘大學,學士班(進修),348,141,207
107,私立,一般大學,1039,玄奘大學,碩士班(日間),290,116,174
107,私立,一般大學,1039,玄奘大學,碩士在職專班,172,62,110
107,私立,一般大學,1039,玄奘大學,學士班(日間),2859,1186,1673
107,私立,一般大學,1039,玄奘大學,博士班,5,3,2
107,私立,技專校院,1040,建國科技大學,學士班(日間),5205,3379,1826
107,私立,技專校院,1040,建國科技大學,附設進專,264,171,93
107,私立,技專校院,1040,建國科技大學,學士班(進修),2172,1597,575
107,私立,技專校院,1040,建國科技大學,附設進院,112,77,35
107,私立,技專校院,1040,建國科技大學,碩士班(日間),168,94,74
107,私立,技專校院,1041,明志科技大學,學士班(進修),484,394,90
107,私立,技專校院,1041,明志科技大學,碩士班(日間),439,314,125
107,私立,技專校院,1041,明志科技大學,碩士在職專班,35,27,8
107,私立,技專校院,1041,明志科技大學,學士班(日間),3587,2580,1007
107,私立,技專校院,1041,明志科技大學,博士班,14,12,2
107,私立,技專校院,1042,台鋼學校財團法人台鋼科技大學,附設進專,228,136,92
107,私立,技專校院,1042,台鋼學校財團法人台鋼科技大學,附設進院,327,204,123
107,私立,技專校院,1042,台鋼學校財團法人台鋼科技大學,碩士在職專班,180,124,56
107,私立,技專校院,1042,台鋼學校財團法人台鋼科技大學,學士班(日間),3067,2257,810
107,私立,技專校院,1042,台鋼學校財團法人台鋼科技大學,學士班(進修),1347,986,361
107,私立,技專校院,1042,台鋼學校財團法人台鋼科技大學,碩士班(日間),98,74,24
107,私立,技專校院,1043,大仁科技大學,附設進專,144,70,74
107,私立,技專校院,1043,大仁科技大學,學士班(日間),4238,2000,2238
107,私立,技專校院,1043,大仁科技大學,碩士班(日間),66,36,30
107,私立,技專校院,1043,大仁科技大學,學士班(進修),1826,688,1138
107,私立,技專校院,1043,大仁科技大學,碩士在職專班,130,60,70
107,私立,技專校院,1044,聖約翰科技大學,碩士班(日間),139,116,23
107,私立,技專校院,1044,聖約翰科技大學,學士班(日間),2980,2038,942
107,私立,技專校院,1044,聖約翰科技大學,學士班(進修),285,203,82
107,私立,技專校院,1044,聖約翰科技大學,五專,327,246,81
107,私立,技專校院,1044,聖約翰科技大學,碩士在職專班,76,57,19
107,私立,技專校院,1045,嶺東科技大學,附設進專,12,7,5
107,私立,技專校院,1045,嶺東科技大學,學士班(進修),2679,1386,1293
107,私立,技專校院,1045,嶺東科技大學,碩士班(日間),231,108,123
107,私立,技專校院,1045,嶺東科技大學,碩士在職專班,146,98,48
107,私立,技專校院,1045,嶺東科技大學,學士班(日間),7280,2797,4483
107,私立,技專校院,1046,中國科技大學,二專(進修),24,23,1
107,私立,技專校院,1046,中國科技大學,學士班(日間),7977,3490,4487
107,私立,技專校院,1046,中國科技大學,附設進專,586,298,288
107,私立,技專校院,1046,中國科技大學,學士班(進修),1739,948,791
107,私立,技專校院,1046,中國科技大學,附設進院,612,308,304
107,私立,技專校院,1046,中國科技大學,碩士班(日間),156,92,64
107,私立,技專校院,1046,中國科技大學,碩士在職專班,76,58,18
107,私立,技專校院,1047,中臺科技大學,二專(日間),27,13,14
107,私立,技專校院,1047,中臺科技大學,學士班(進修),2617,711,1906
107,私立,技專校院,1047,中臺科技大學,碩士班(日間),110,35,75
107,私立,技專校院,1047,中臺科技大學,碩士在職專班,304,62,242
107,私立,技專校院,1047,中臺科技大學,學士班(日間),5610,2155,3455
107,私立,技專校院,1047,中臺科技大學,博士班,17,14,3
107,私立,一般大學,1048,亞洲大學,學士班(日間),9616,3524,6092
107,私立,一般大學,1048,亞洲大學,碩士在職專班,401,190,211
107,私立,一般大學,1048,亞洲大學,學士班(進修),970,446,524
107,私立,一般大學,1048,亞洲大學,博士班,211,132,79
107,私立,一般大學,1048,亞洲大學,碩士班(日間),581,252,329
107,私立,一般大學,1049,開南大學,學士班(進修),991,581,410
107,私立,一般大學,1049,開南大學,碩士班(日間),240,122,118
107,私立,一般大學,1049,開南大學,碩士在職專班,315,183,132
107,私立,一般大學,1049,開南大學,學士班(日間),5119,2508,2611
107,私立,一般大學,1050,佛光大學,碩士班(日間),492,213,279
107,私立,一般大學,1050,佛光大學,碩士在職專班,175,90,85
107,私立,一般大學,1050,佛光大學,學士班(日間),2970,1380,1590
107,私立,一般大學,1050,佛光大學,博士班,59,24,35
107,私立,技專校院,1051,台南家專學校財團法人台南應用科技大學,碩士班(日間),113,28,85
107,私立,技專校院,1051,台南家專學校財團法人台南應用科技大學,碩士在職專班,109,37,72
107,私立,技專校院,1051,台南家專學校財團法人台南應用科技大學,學士班(日間),8613,2454,6159
107,私立,技專校院,1051,台南家專學校財團法人台南應用科技大學,學士班(進修),2781,946,1835
107,私立,技專校院,1051,台南家專學校財團法人台南應用科技大學,五專,1115,227,888
107,私立,技專校院,1052,中信金學校財團法人中信科技大學,附設進專,175,92,83
107,私立,技專校院,1052,中信金學校財團法人中信科技大學,附設進院,210,124,86
107,私立,技專校院,1052,中信金學校財團法人中信科技大學,碩士班(日間),217,120,97
107,私立,技專校院,1052,中信金學校財團法人中信科技大學,碩士在職專班,33,31,2
107,私立,技專校院,1052,中信金學校財團法人中信科技大學,二專(進修),37,35,2
107,私立,技專校院,1052,中信金學校財團法人中信科技大學,學士班(日間),4552,2920,1632
107,私立,技專校院,1052,中信金學校財團法人中信科技大學,學士班(進修),714,509,205
107,私立,技專校院,1053,光宇學校財團法人元培醫事科技大學,學士班(日間),4453,1979,2474
107,私立,技專校院,1053,光宇學校財團法人元培醫事科技大學,學士班(進修),1533,643,890
107,私立,技專校院,1053,光宇學校財團法人元培醫事科技大學,碩士班(日間),225,109,116
107,私立,技專校院,1053,光宇學校財團法人元培醫事科技大學,碩士在職專班,42,14,28
107,私立,技專校院,1053,光宇學校財團法人元培醫事科技大學,二專(日間),39,31,8
107,私立,技專校院,1053,光宇學校財團法人元培醫事科技大學,附設進專,105,68,37
107,私立,技專校院,1054,景文科技大學,附設進專,222,129,93
107,私立,技專校院,1054,景文科技大學,碩士班(日間),53,38,15
107,私立,技專校院,1054,景文科技大學,碩士在職專班,67,47,20
107,私立,技專校院,1054,景文科技大學,學士班(日間),5181,2351,2830
107,私立,技專校院,1054,景文科技大學,學士班(進修),1760,844,916
107,私立,技專校院,1055,中華醫事科技大學,學士班(進修),1442,500,942
107,私立,技專校院,1055,中華醫事科技大學,碩士班(日間),95,46,49
107,私立,技專校院,1055,中華醫事科技大學,碩士在職專班,20,13,7
107,私立,技專校院,1055,中華醫事科技大學,二專(日間),85,56,29
107,私立,技專校院,1055,中華醫事科技大學,學士班(日間),4643,1888,2755
107,私立,技專校院,1055,中華醫事科技大學,五專,2877,612,2265
107,私立,技專校院,1056,東南科技大學,學士班(進修),538,434,104
107,私立,技專校院,1056,東南科技大學,碩士班(日間),133,98,35
107,私立,技專校院,1056,東南科技大學,碩士在職專班,55,47,8
107,私立,技專校院,1056,東南科技大學,附設進專,3,3,0
107,私立,技專校院,1056,東南科技大學,學士班(日間),5209,3459,1750
107,私立,技專校院,1057,德明財經科技大學,附設進專,19,7,12
107,私立,技專校院,1057,德明財經科技大學,學士班(日間),7233,2878,4355
107,私立,技專校院,1057,德明財經科技大學,學士班(進修),841,412,429
107,私立,技專校院,1057,德明財經科技大學,附設進院,84,29,55
107,私立,技專校院,1057,德明財經科技大學,碩士班(日間),57,31,26
107,私立,技專校院,1057,德明財經科技大學,碩士在職專班,55,32,23
107,私立,一般大學,1058,明道學校財團法人明道大學,學士班(日間),2819,1608,1211
107,私立,一般大學,1058,明道學校財團法人明道大學,學士班(進修),806,514,292
107,私立,一般大學,1058,明道學校財團法人明道大學,博士班,26,14,12
107,私立,一般大學,1058,明道學校財團法人明道大學,碩士班(日間),182,98,84
107,私立,一般大學,1058,明道學校財團法人明道大學,碩士在職專班,80,28,52
107,私立,技專校院,1060,南開科技大學,學士班(進修),756,483,273
107,私立,技專校院,1060,南開科技大學,碩士班(日間),105,66,39
107,私立,技專校院,1060,南開科技大學,碩士在職專班,99,33,66
107,私立,技專校院,1060,南開科技大學,附設進專,150,80,70
107,私立,技專校院,1060,南開科技大學,學士班(日間),2953,1969,984
107,私立,技專校院,1060,南開科技大學,附設進院,121,61,60
107,私立,技專校院,1060,南開科技大學,五專,813,662,151
107,私立,技專校院,1061,中華學校財團法人中華科技大學,附設進專,167,93,74
107,私立,技專校院,1061,中華學校財團法人中華科技大學,碩士班(日間),200,144,56
107,私立,技專校院,1061,中華學校財團法人中華科技大學,碩士在職專班,97,75,22
107,私立,技專校院,1061,中華學校財團法人中華科技大學,學士班(日間),4371,2915,1456
107,私立,技專校院,1061,中華學校財團法人中華科技大學,學士班(進修),1142,840,302
107,私立,技專校院,1062,僑光科技大學,碩士班(日間),50,26,24
107,私立,技專校院,1062,僑光科技大學,碩士在職專班,35,22,13
107,私立,技專校院,1062,僑光科技大學,二專(進修),5,3,2
107,私立,技專校院,1062,僑光科技大學,學士班(日間),6531,2633,3898
107,私立,技專校院,1062,僑光科技大學,學士班(進修),4349,2364,1985
107,私立,技專校院,1063,廣亞學校財團法人育達科技大學,二專(進修),15,0,15
107,私立,技專校院,1063,廣亞學校財團法人育達科技大學,學士班(日間),2446,1164,1282
107,私立,技專校院,1063,廣亞學校財團法人育達科技大學,學士班(進修),1991,945,1046
107,私立,技專校院,1063,廣亞學校財團法人育達科技大學,碩士班(日間),183,91,92
107,私立,技專校院,1063,廣亞學校財團法人育達科技大學,碩士在職專班,205,115,90
107,私立,技專校院,1064,美和學校財團法人美和科技大學,二專(進修),33,10,23
107,私立,技專校院,1064,美和學校財團法人美和科技大學,附設進專,269,136,133
107,私立,技專校院,1064,美和學校財團法人美和科技大學,學士班(日間),3392,1337,2055
107,私立,技專校院,1064,美和學校財團法人美和科技大學,學士班(進修),1620,409,1211
107,私立,技專校院,1064,美和學校財團法人美和科技大學,附設進院,641,276,365
107,私立,技專校院,1064,美和學校財團法人美和科技大學,五專,1992,264,1728
107,私立,技專校院,1064,美和學校財團法人美和科技大學,碩士在職專班,226,78,148
107,私立,技專校院,1064,美和學校財團法人美和科技大學,碩士班(日間),140,52,88
107,私立,技專校院,1065,吳鳳科技大學,學士班(日間),3388,2333,1055
107,私立,技專校院,1065,吳鳳科技大學,學士班(進修),841,612,229
107,私立,技專校院,1065,吳鳳科技大學,附設進專,192,122,70
107,私立,技專校院,1065,吳鳳科技大學,附設進院,686,318,368
107,私立,技專校院,1065,吳鳳科技大學,碩士班(日間),64,37,27
107,私立,技專校院,1065,吳鳳科技大學,碩士在職專班,67,29,38
107,私立,技專校院,1066,環球學校財團法人環球科技大學,附設進專,312,86,226
107,私立,技專校院,1066,環球學校財團法人環球科技大學,附設進院,206,54,152
107,私立,技專校院,1066,環球學校財團法人環球科技大學,碩士班(日間),149,61,88
107,私立,技專校院,1066,環球學校財團法人環球科技大學,碩士在職專班,50,29,21
107,私立,技專校院,1066,環球學校財團法人環球科技大學,二專(進修),206,104,102
107,私立,技專校院,1066,環球學校財團法人環球科技大學,學士班(日間),3010,1449,1561
107,私立,技專校院,1066,環球學校財團法人環球科技大學,學士班(進修),1361,603,758
107,私立,一般大學,1067,台灣首府學校財團法人台灣首府大學,學士班(日間),1758,877,881
107,私立,一般大學,1067,台灣首府學校財團法人台灣首府大學,學士班(進修),369,231,138
107,私立,一般大學,1067,台灣首府學校財團法人台灣首府大學,碩士班(日間),67,25,42
107,私立,技專校院,1068,中州學校財團法人中州科技大學,學士班(日間),1485,851,634
107,私立,技專校院,1068,中州學校財團法人中州科技大學,附設進專,109,28,81
107,私立,技專校院,1068,中州學校財團法人中州科技大學,學士班(進修),1715,813,902
107,私立,技專校院,1068,中州學校財團法人中州科技大學,碩士班(日間),32,23,9
107,私立,技專校院,1068,中州學校財團法人中州科技大學,碩士在職專班,42,30,12
107,私立,技專校院,1069,修平學校財團法人修平科技大學,學士班(進修),1065,932,133
107,私立,技專校院,1069,修平學校財團法人修平科技大學,附設進院,298,215,83
107,私立,技專校院,1069,修平學校財團法人修平科技大學,碩士班(日間),57,41,16
107,私立,技專校院,1069,修平學校財團法人修平科技大學,碩士在職專班,9,8,1
107,私立,技專校院,1069,修平學校財團法人修平科技大學,附設進專,110,88,22
107,私立,技專校院,1069,修平學校財團法人修平科技大學,學士班(日間),3746,2480,1266
107,私立,技專校院,1070,長庚學校財團法人長庚科技大學,學士班(進修),1251,84,1167
107,私立,技專校院,1070,長庚學校財團法人長庚科技大學,碩士班(日間),59,2,57
107,私立,技專校院,1070,長庚學校財團法人長庚科技大學,學士班(日間),4884,526,4358
107,私立,技專校院,1070,長庚學校財團法人長庚科技大學,五專,335,25,310
107,私立,技專校院,1070,長庚學校財團法人長庚科技大學,碩士在職專班,106,3,103
107,私立,技專校院,1071,城市學校財團法人臺北城市科技大學,二專(進修),12,7,5
107,私立,技專校院,1071,城市學校財團法人臺北城市科技大學,學士班(日間),7162,4423,2739
107,私立,技專校院,1071,城市學校財團法人臺北城市科技大學,學士班(進修),852,622,230
107,私立,技專校院,1071,城市學校財團法人臺北城市科技大學,附設進院,535,279,256
107,私立,技專校院,1071,城市學校財團法人臺北城市科技大學,附設進專,538,275,263
107,私立,技專校院,1071,城市學校財團法人臺北城市科技大學,五專,1249,878,371
107,私立,技專校院,1071,城市學校財團法人臺北城市科技大學,碩士班(日間),83,69,14
107,私立,技專校院,1072,大華學校財團法人敏實科技大學,學士班(進修),797,543,254
107,私立,技專校院,1072,大華學校財團法人敏實科技大學,碩士班(日間),9,9,0
107,私立,技專校院,1072,大華學校財團法人敏實科技大學,二專(進修),66,48,18
107,私立,技專校院,1072,大華學校財團法人敏實科技大學,學士班(日間),629,390,239
107,私立,技專校院,1072,大華學校財團法人敏實科技大學,五專,518,307,211
107,私立,技專校院,1073,醒吾學校財團法人醒吾科技大學,學士班(日間),5795,2425,3370
107,私立,技專校院,1073,醒吾學校財團法人醒吾科技大學,附設進專,398,204,194
107,私立,技專校院,1073,醒吾學校財團法人醒吾科技大學,學士班(進修),1325,569,756
107,私立,技專校院,1073,醒吾學校財團法人醒吾科技大學,附設進院,779,290,489
107,私立,技專校院,1073,醒吾學校財團法人醒吾科技大學,五專,806,303,503
107,私立,技專校院,1073,醒吾學校財團法人醒吾科技大學,碩士班(日間),65,39,26
107,私立,技專校院,1073,醒吾學校財團法人醒吾科技大學,碩士在職專班,106,66,40
107,私立,技專校院,1074,南榮學校財團法人南榮科技大學,五專,108,79,29
107,私立,技專校院,1074,南榮學校財團法人南榮科技大學,碩士班(日間),27,18,9
107,私立,技專校院,1074,南榮學校財團法人南榮科技大學,碩士在職專班,28,12,16
107,私立,技專校院,1074,南榮學校財團法人南榮科技大學,二專(進修),61,39,22
107,私立,技專校院,1074,南榮學校財團法人南榮科技大學,學士班(日間),706,440,266
107,私立,技專校院,1074,南榮學校財團法人南榮科技大學,學士班(進修),720,503,217
107,私立,技專校院,1075,文藻學校財團法人文藻外語大學,學士班(日間),5553,1336,4217
107,私立,技專校院,1075,文藻學校財團法人文藻外語大學,五專,1625,280,1345
107,私立,技專校院,1075,文藻學校財團法人文藻外語大學,碩士在職專班,53,15,38
107,私立,技專校院,1075,文藻學校財團法人文藻外語大學,學士班(進修),2032,650,1382
107,私立,技專校院,1075,文藻學校財團法人文藻外語大學,碩士班(日間),174,43,131
107,私立,技專校院,1076,華夏學校財團法人華夏科技大學,附設進院,132,82,50
107,私立,技專校院,1076,華夏學校財團法人華夏科技大學,碩士班(日間),41,35,6
107,私立,技專校院,1076,華夏學校財團法人華夏科技大學,碩士在職專班,66,48,18
107,私立,技專校院,1076,華夏學校財團法人華夏科技大學,二專(進修),234,102,132
107,私立,技專校院,1076,華夏學校財團法人華夏科技大學,附設進專,77,40,37
107,私立,技專校院,1076,華夏學校財團法人華夏科技大學,學士班(日間),2271,1449,822
107,私立,技專校院,1076,華夏學校財團法人華夏科技大學,學士班(進修),1151,660,491
107,私立,技專校院,1076,華夏學校財團法人華夏科技大學,五專,603,525,78
107,私立,技專校院,1077,慈濟學校財團法人慈濟科技大學,學士班(進修),96,9,87
107,私立,技專校院,1077,慈濟學校財團法人慈濟科技大學,附設進院,62,5,57
107,私立,技專校院,1077,慈濟學校財團法人慈濟科技大學,學士班(日間),1551,566,985
107,私立,技專校院,1077,慈濟學校財團法人慈濟科技大學,五專,1293,166,1127
107,私立,技專校院,1077,慈濟學校財團法人慈濟科技大學,碩士班(日間),39,16,23
107,私立,技專校院,1078,致理學校財團法人致理科技大學,二專(日間),1,0,1
107,私立,技專校院,1078,致理學校財團法人致理科技大學,學士班(日間),6584,2033,4551
107,私立,技專校院,1078,致理學校財團法人致理科技大學,學士班(進修),3213,1234,1979
107,私立,技專校院,1078,致理學校財團法人致理科技大學,五專,1614,325,1289
107,私立,技專校院,1078,致理學校財團法人致理科技大學,附設進專,2,1,1
107,私立,技專校院,1078,致理學校財團法人致理科技大學,附設進院,2,2,0
107,私立,技專校院,1078,致理學校財團法人致理科技大學,碩士班(日間),47,10,37
107,私立,技專校院,1078,致理學校財團法人致理科技大學,碩士在職專班,50,15,35
107,私立,一般大學,1079,康寧學校財團法人康寧大學,二專(日間),1,0,1
107,私立,一般大學,1079,康寧學校財團法人康寧大學,二專(進修),273,61,212
107,私立,一般大學,1079,康寧學校財團法人康寧大學,學士班(日間),607,287,320
107,私立,一般大學,1079,康寧學校財團法人康寧大學,五專,2863,637,2226
107,私立,一般大學,1079,康寧學校財團法人康寧大學,學士班(進修),343,222,121
107,私立,一般大學,1079,康寧學校財團法人康寧大學,碩士班(日間),96,28,68
107,私立,一般大學,1079,康寧學校財團法人康寧大學,碩士在職專班,121,42,79
107,私立,技專校院,1080,宏國學校財團法人宏國德霖科技大學,二專(進修),185,89,96
107,私立,技專校院,1080,宏國學校財團法人宏國德霖科技大學,學士班(日間),2685,1597,1088
107,私立,技專校院,1080,宏國學校財團法人宏國德霖科技大學,學士班(進修),2142,1323,819
107,私立,技專校院,1080,宏國學校財團法人宏國德霖科技大學,五專,1332,812,520
107,私立,技專校院,1081,東方學校財團法人東方設計大學,附設進專,459,225,234
107,私立,技專校院,1081,東方學校財團法人東方設計大學,學士班(日間),1262,681,581
107,私立,技專校院,1081,東方學校財團法人東方設計大學,學士班(進修),182,87,95
107,私立,技專校院,1081,東方學校財團法人東方設計大學,五專,1193,547,646
107,私立,技專校院,1081,東方學校財團法人東方設計大學,附設進院,309,142,167
107,私立,技專校院,1081,東方學校財團法人東方設計大學,博士班,31,18,13
107,私立,技專校院,1081,東方學校財團法人東方設計大學,碩士班(日間),125,53,72
107,私立,技專校院,1081,東方學校財團法人東方設計大學,碩士在職專班,39,12,27
107,私立,技專校院,1082,崇右學校財團法人崇右影藝科技大學,附設進專,466,249,217
107,私立,技專校院,1082,崇右學校財團法人崇右影藝科技大學,學士班(日間),2174,985,1189
107,私立,技專校院,1082,崇右學校財團法人崇右影藝科技大學,附設進院,536,230,306
107,私立,技專校院,1082,崇右學校財團法人崇右影藝科技大學,五專,155,71,84
107,私立,技專校院,1082,崇右學校財團法人崇右影藝科技大學,碩士班(日間),86,45,41
107,私立,技專校院,1083,台北海洋學校財團法人台北海洋科技大學,二專(日間),73,69,4
107,私立,技專校院,1083,台北海洋學校財團法人台北海洋科技大學,二專(進修),85,78,7
107,私立,技專校院,1083,台北海洋學校財團法人台北海洋科技大學,學士班(日間),3244,1776,1468
107,私立,技專校院,1083,台北海洋學校財團法人台北海洋科技大學,附設進專,51,15,36
107,私立,技專校院,1083,台北海洋學校財團法人台北海洋科技大學,學士班(進修),263,107,156
107,私立,技專校院,1083,台北海洋學校財團法人台北海洋科技大學,附設進院,40,8,32
107,私立,技專校院,1083,台北海洋學校財團法人台北海洋科技大學,五專,1058,645,413
107,私立,技專校院,1083,台北海洋學校財團法人台北海洋科技大學,碩士班(日間),133,74,59
107,私立,一般大學,1125,中信學校財團法人中信金融管理學院,碩士班(日間),73,38,35
107,私立,一般大學,1125,中信學校財團法人中信金融管理學院,學士班(日間),588,292,296
107,私立,技專校院,1148,大漢技術學院,二專(進修),142,74,68
107,私立,技專校院,1148,大漢技術學院,學士班(日間),326,197,129
107,私立,技專校院,1148,大漢技術學院,學士班(進修),609,363,246
107,私立,技專校院,1148,大漢技術學院,碩士班(日間),86,62,24
107,私立,技專校院,1159,和春技術學院,二專(進修),241,171,70
107,私立,技專校院,1159,和春技術學院,學士班(日間),398,274,124
107,私立,技專校院,1159,和春技術學院,學士班(進修),602,381,221
107,私立,技專校院,1159,和春技術學院,附設進專,53,32,21
107,私立,技專校院,1159,和春技術學院,附設進院,54,33,21
107,私立,技專校院,1159,和春技術學院,五專,190,106,84
107,私立,技專校院,1159,和春技術學院,碩士班(日間),15,14,1
107,私立,技專校院,1166,亞東技術學院,學士班(日間),4367,3032,1335
107,私立,技專校院,1166,亞東技術學院,學士班(進修),112,2,110
107,私立,技專校院,1166,亞東技術學院,碩士班(日間),43,31,12
107,私立,技專校院,1168,南亞科技學校財團法人南亞技術學院,二專(進修),37,29,8
107,私立,技專校院,1168,南亞科技學校財團法人南亞技術學院,附設進專,146,91,55
107,私立,技專校院,1168,南亞科技學校財團法人南亞技術學院,學士班(日間),1763,1015,748
107,私立,技專校院,1168,南亞科技學校財團法人南亞技術學院,學士班(進修),857,598,259
107,私立,技專校院,1168,南亞科技學校財團法人南亞技術學院,五專,327,181,146
107,私立,技專校院,1168,南亞科技學校財團法人南亞技術學院,附設進院,813,319,494
107,私立,技專校院,1168,南亞科技學校財團法人南亞技術學院,碩士班(日間),26,21,5
107,私立,一般大學,1176,稻江科技暨管理學院,碩士班(日間),85,42,43
107,私立,一般大學,1176,稻江科技暨管理學院,學士班(日間),1455,773,682
107,私立,一般大學,1176,稻江科技暨管理學院,學士班(進修),739,253,486
107,私立,一般大學,1176,稻江科技暨管理學院,碩士在職專班,55,34,21
107,私立,技專校院,1182,蘭陽技術學院,附設進專,124,78,46
107,私立,技專校院,1182,蘭陽技術學院,附設進院,268,147,121
107,私立,技專校院,1182,蘭陽技術學院,五專,405,239,166
107,私立,技專校院,1182,蘭陽技術學院,學士班(日間),516,302,214
107,私立,技專校院,1183,黎明技術學院,學士班(進修),954,576,378
107,私立,技專校院,1183,黎明技術學院,二專(進修),62,2,60
107,私立,技專校院,1183,黎明技術學院,學士班(日間),3326,1771,1555
107,私立,技專校院,1183,黎明技術學院,五專,583,494,89
107,私立,技專校院,1185,德育學校財團法人德育護理健康學院,附設進專,277,62,215
107,私立,技專校院,1185,德育學校財團法人德育護理健康學院,學士班(日間),2059,703,1356
107,私立,技專校院,1185,德育學校財團法人德育護理健康學院,學士班(進修),297,78,219
107,私立,技專校院,1185,德育學校財團法人德育護理健康學院,附設進院,605,113,492
107,私立,技專校院,1185,德育學校財團法人德育護理健康學院,五專,1305,346,959
107,私立,技專校院,1185,德育學校財團法人德育護理健康學院,碩士在職專班,45,8,37
107,私立,技專校院,1185,德育學校財團法人德育護理健康學院,碩士班(日間),26,6,20
107,私立,技專校院,1188,大同技術學院,二專(進修),6,3,3
107,私立,技專校院,1188,大同技術學院,附設進專,88,26,62
107,私立,技專校院,1188,大同技術學院,學士班(日間),1110,519,591
107,私立,技專校院,1188,大同技術學院,學士班(進修),552,177,375
107,私立,技專校院,1188,大同技術學院,五專,135,76,59
107,私立,技專校院,1192,臺灣觀光學院,學士班(進修),137,54,83
107,私立,技專校院,1192,臺灣觀光學院,碩士班(日間),28,13,15
107,私立,技專校院,1192,臺灣觀光學院,二專(日間),1,1,0
107,私立,技專校院,1192,臺灣觀光學院,二專(進修),39,15,24
107,私立,技專校院,1192,臺灣觀光學院,學士班(日間),413,217,196
107,私立,技專校院,1192,臺灣觀光學院,五專,133,51,82
107,私立,一般大學,1195,馬偕學校財團法人馬偕醫學院,學士班(日間),661,254,407
107,私立,一般大學,1195,馬偕學校財團法人馬偕醫學院,碩士班(日間),47,19,28
107,私立,一般大學,1196,法鼓學校財團法人法鼓文理學院,碩士班(日間),206,54,152
107,私立,一般大學,1196,法鼓學校財團法人法鼓文理學院,學士班(日間),57,21,36
107,私立,一般大學,1196,法鼓學校財團法人法鼓文理學院,博士班,17,7,10
107,私立,技專校院,1282,馬偕學校財團法人馬偕醫護管理專科學校,二專(進修),302,148,154
107,私立,技專校院,1282,馬偕學校財團法人馬偕醫護管理專科學校,五專,3932,448,3484
107,私立,技專校院,1282,馬偕學校財團法人馬偕醫護管理專科學校,二專(日間),42,19,23
107,私立,技專校院,1283,仁德醫護管理專科學校,二專(進修),352,202,150
107,私立,技專校院,1283,仁德醫護管理專科學校,五專,6073,1308,4765
107,私立,技專校院,1284,樹人醫護管理專科學校,二專(進修),529,340,189
107,私立,技專校院,1284,樹人醫護管理專科學校,五專,6620,1548,5072
107,私立,技專校院,1285,慈惠醫護管理專科學校,二專(日間),96,36,60
107,私立,技專校院,1285,慈惠醫護管理專科學校,二專(進修),267,97,170
107,私立,技專校院,1285,慈惠醫護管理專科學校,五專,4677,1059,3618
107,私立,技專校院,1286,耕莘健康管理專科學校,五專,4987,506,4481
107,私立,技專校院,1286,耕莘健康管理專科學校,二專(進修),106,1,105
107,私立,技專校院,1287,敏惠醫護管理專科學校,五專,3869,470,3399
107,私立,技專校院,1289,育英醫護管理專科學校,五專,2013,202,1811
107,私立,技專校院,1291,聖母醫護管理專科學校,五專,2777,588,2189
107,私立,技專校院,1292,新生醫護管理專科學校,二專(進修),94,35,59
107,私立,技專校院,1292,新生醫護管理專科學校,五專,5964,723,5241
107,私立,技專校院,1293,崇仁醫護管理專科學校,五專,3392,418,2974
107,私立,宗教研修學院,1R02,學校財團法人中華浸信會基督教台灣浸會神學院,碩士班(日間),31,13,18
107,私立,宗教研修學院,1R03,臺北基督學院,學士班(日間),89,37,52
107,私立,宗教研修學院,1R04,財團法人一貫道天皇基金會一貫道天皇學院,碩士在職專班,30,14,16
107,私立,宗教研修學院,1R04,財團法人一貫道天皇基金會一貫道天皇學院,學士班(日間),61,26,35
107,私立,宗教研修學院,1R04,財團法人一貫道天皇基金會一貫道天皇學院,碩士班(日間),37,13,24
107,私立,宗教研修學院,1R05,台神學校財團法人台灣神學研究學院,碩士班(日間),93,39,54
107,私立,宗教研修學院,1R06,一貫道崇德學院,碩士班(日間),50,24,26
107,私立,宗教研修學院,1R07,台灣基督長老教會南神神學院,碩士班(日間),47,16,31
107,公立,一般大學,3002,臺北市立大學,碩士班(日間),1187,388,799
107,公立,一般大學,3002,臺北市立大學,碩士在職專班,1036,287,749
107,公立,一般大學,3002,臺北市立大學,學士班(日間),5304,2373,2931
107,公立,一般大學,3002,臺北市立大學,博士班,247,103,144
108,公立,一般大學,0001,國立政治大學,碩士班(日間),4023,1861,2162
108,公立,一般大學,0001,國立政治大學,碩士在職專班,1787,929,858
108,公立,一般大學,0001,國立政治大學,學士班(日間),9585,3912,5673
108,公立,一般大學,0001,國立政治大學,博士班,995,561,434
108,公立,一般大學,0002,國立清華大學,學士班(日間),8539,4683,3856
108,公立,一般大學,0002,國立清華大學,博士班,1656,1211,445
108,公立,一般大學,0002,國立清華大學,碩士班(日間),5190,3221,1969
108,公立,一般大學,0002,國立清華大學,碩士在職專班,1293,479,814
108,公立,一般大學,0003,國立臺灣大學,學士班(日間),16614,9431,7183
108,公立,一般大學,0003,國立臺灣大學,碩士班(日間),10335,6241,4094
108,公立,一般大學,0003,國立臺灣大學,碩士在職專班,1562,949,613
108,公立,一般大學,0003,國立臺灣大學,學士班(進修),1,1,0
108,公立,一般大學,0003,國立臺灣大學,博士班,3433,2405,1028
108,公立,一般大學,0004,國立臺灣師範大學,學士班(日間),8104,3603,4501
108,公立,一般大學,0004,國立臺灣師範大學,博士班,1353,662,691
108,公立,一般大學,0004,國立臺灣師範大學,碩士班(日間),4196,1794,2402
108,公立,一般大學,0004,國立臺灣師範大學,碩士在職專班,2063,599,1464
108,公立,一般大學,0005,國立成功大學,博士班,1829,1261,568
108,公立,一般大學,0005,國立成功大學,碩士班(日間),6833,4290,2543
108,公立,一般大學,0005,國立成功大學,碩士在職專班,1446,900,546
108,公立,一般大學,0005,國立成功大學,學士班(日間),11348,7046,4302
108,公立,一般大學,0006,國立中興大學,學士班(日間),8020,4619,3401
108,公立,一般大學,0006,國立中興大學,學士班(進修),947,416,531
108,公立,一般大學,0006,國立中興大學,博士班,944,658,286
108,公立,一般大學,0006,國立中興大學,碩士班(日間),3447,2054,1393
108,公立,一般大學,0006,國立中興大學,碩士在職專班,1625,1106,519
108,公立,一般大學,0007,國立陽明交通大學,學士班(日間),5627,3840,1787
108,公立,一般大學,0007,國立陽明交通大學,博士班,1765,1379,386
108,公立,一般大學,0007,國立陽明交通大學,碩士班(日間),5754,3913,1841
108,公立,一般大學,0007,國立陽明交通大學,碩士在職專班,1596,1053,543
108,公立,一般大學,0008,國立中央大學,博士班,1019,730,289
108,公立,一般大學,0008,國立中央大學,碩士班(日間),3504,2324,1180
108,公立,一般大學,0008,國立中央大學,學士班(日間),5956,3755,2201
108,公立,一般大學,0008,國立中央大學,碩士在職專班,1343,854,489
108,公立,一般大學,0009,國立中山大學,碩士班(日間),2975,1906,1069
108,公立,一般大學,0009,國立中山大學,碩士在職專班,1068,539,529
108,公立,一般大學,0009,國立中山大學,學士班(日間),4741,2919,1822
108,公立,一般大學,0009,國立中山大學,博士班,779,542,237
108,公立,一般大學,0012,國立臺灣海洋大學,學士班(進修),617,390,227
108,公立,一般大學,0012,國立臺灣海洋大學,博士班,332,247,85
108,公立,一般大學,0012,國立臺灣海洋大學,碩士班(日間),1462,947,515
108,公立,一般大學,0012,國立臺灣海洋大學,碩士在職專班,577,353,224
108,公立,一般大學,0012,國立臺灣海洋大學,學士班(日間),5850,4039,1811
108,公立,一般大學,0013,國立中正大學,學士班(日間),6433,3504,2929
108,公立,一般大學,0013,國立中正大學,博士班,607,403,204
108,公立,一般大學,0013,國立中正大學,碩士班(日間),2796,1744,1052
108,公立,一般大學,0013,國立中正大學,碩士在職專班,1369,625,744
108,公立,一般大學,0014,國立高雄師範大學,學士班(日間),3524,1731,1793
108,公立,一般大學,0014,國立高雄師範大學,博士班,450,215,235
108,公立,一般大學,0014,國立高雄師範大學,碩士班(日間),1385,517,868
108,公立,一般大學,0014,國立高雄師範大學,碩士在職專班,1331,449,882
108,公立,一般大學,0015,國立彰化師範大學,博士班,494,297,197
108,公立,一般大學,0015,國立彰化師範大學,碩士班(日間),1600,815,785
108,公立,一般大學,0015,國立彰化師範大學,碩士在職專班,1362,565,797
108,公立,一般大學,0015,國立彰化師範大學,學士班(日間),4929,2591,2338
108,公立,一般大學,0016,國立陽明大學,學士班(日間),2004,1095,909
108,公立,一般大學,0016,國立陽明大學,碩士在職專班,150,46,104
108,公立,一般大學,0016,國立陽明大學,博士班,878,516,362
108,公立,一般大學,0016,國立陽明大學,碩士班(日間),1304,532,772
108,公立,一般大學,0017,國立臺北大學,學士班(日間),5819,2629,3190
108,公立,一般大學,0017,國立臺北大學,學士班(進修),2045,766,1279
108,公立,一般大學,0017,國立臺北大學,博士班,214,142,72
108,公立,一般大學,0017,國立臺北大學,碩士班(日間),1354,708,646
108,公立,一般大學,0017,國立臺北大學,碩士在職專班,522,268,254
108,公立,一般大學,0018,國立嘉義大學,學士班(日間),7495,3787,3708
108,公立,一般大學,0018,國立嘉義大學,學士班(進修),1986,1249,737
108,公立,一般大學,0018,國立嘉義大學,碩士在職專班,890,338,552
108,公立,一般大學,0018,國立嘉義大學,博士班,205,117,88
108,公立,一般大學,0018,國立嘉義大學,碩士班(日間),1309,624,685
108,公立,一般大學,0019,國立高雄大學,學士班(日間),4345,2526,1819
108,公立,一般大學,0019,國立高雄大學,學士班(進修),167,110,57
108,公立,一般大學,0019,國立高雄大學,博士班,30,27,3
108,公立,一般大學,0019,國立高雄大學,碩士班(日間),635,417,218
108,公立,一般大學,0019,國立高雄大學,碩士在職專班,486,299,187
108,公立,一般大學,0020,國立東華大學,碩士班(日間),1422,718,704
108,公立,一般大學,0020,國立東華大學,碩士在職專班,536,237,299
108,公立,一般大學,0020,國立東華大學,學士班(日間),7559,3600,3959
108,公立,一般大學,0020,國立東華大學,博士班,390,238,152
108,公立,一般大學,0021,國立暨南國際大學,碩士班(日間),858,411,447
108,公立,一般大學,0021,國立暨南國際大學,碩士在職專班,424,175,249
108,公立,一般大學,0021,國立暨南國際大學,學士班(日間),4490,2037,2453
108,公立,一般大學,0021,國立暨南國際大學,博士班,336,170,166
108,公立,技專校院,0022,國立臺灣科技大學,學士班(日間),5806,4033,1773
108,公立,技專校院,0022,國立臺灣科技大學,博士班,1038,806,232
108,公立,技專校院,0022,國立臺灣科技大學,碩士班(日間),3632,2486,1146
108,公立,技專校院,0022,國立臺灣科技大學,碩士在職專班,798,517,281
108,公立,技專校院,0023,國立雲林科技大學,學士班(日間),6504,3857,2647
108,公立,技專校院,0023,國立雲林科技大學,博士班,407,261,146
108,公立,技專校院,0023,國立雲林科技大學,學士班(進修),126,52,74
108,公立,技專校院,0023,國立雲林科技大學,碩士班(日間),1933,1227,706
108,公立,技專校院,0023,國立雲林科技大學,碩士在職專班,746,412,334
108,公立,技專校院,0024,國立屏東科技大學,學士班(日間),7728,4114,3614
108,公立,技專校院,0024,國立屏東科技大學,學士班(進修),1445,852,593
108,公立,技專校院,0024,國立屏東科技大學,博士班,259,168,91
108,公立,技專校院,0024,國立屏東科技大學,碩士班(日間),1128,645,483
108,公立,技專校院,0024,國立屏東科技大學,碩士在職專班,303,210,93
108,公立,技專校院,0025,國立臺北科技大學,學士班(日間),6225,4293,1932
108,公立,技專校院,0025,國立臺北科技大學,五專,64,50,14
108,公立,技專校院,0025,國立臺北科技大學,博士班,760,596,164
108,公立,技專校院,0025,國立臺北科技大學,學士班(進修),1962,1646,316
108,公立,技專校院,0025,國立臺北科技大學,附設進院,21,20,1
108,公立,技專校院,0025,國立臺北科技大學,碩士班(日間),2950,2144,806
108,公立,技專校院,0025,國立臺北科技大學,碩士在職專班,1503,1067,436
108,公立,一般大學,0028,國立臺北藝術大學,學士班(日間),1779,670,1109
108,公立,一般大學,0028,國立臺北藝術大學,七年一貫,74,27,47
108,公立,一般大學,0028,國立臺北藝術大學,博士班,96,36,60
108,公立,一般大學,0028,國立臺北藝術大學,碩士班(日間),979,354,625
108,公立,一般大學,0028,國立臺北藝術大學,碩士在職專班,170,58,112
108,公立,一般大學,0029,國立臺灣藝術大學,學士班(日間),2402,674,1728
108,公立,一般大學,0029,國立臺灣藝術大學,學士班(進修),1946,590,1356
108,公立,一般大學,0029,國立臺灣藝術大學,博士班,141,67,74
108,公立,一般大學,0029,國立臺灣藝術大學,碩士班(日間),727,266,461
108,公立,一般大學,0029,國立臺灣藝術大學,碩士在職專班,385,150,235
108,公立,一般大學,0030,國立臺東大學,學士班(日間),3489,1731,1758
108,公立,一般大學,0030,國立臺東大學,博士班,49,19,30
108,公立,一般大學,0030,國立臺東大學,學士班(進修),292,133,159
108,公立,一般大學,0030,國立臺東大學,碩士班(日間),343,144,199
108,公立,一般大學,0030,國立臺東大學,碩士在職專班,549,136,413
108,公立,一般大學,0031,國立宜蘭大學,學士班(日間),4356,2791,1565
108,公立,一般大學,0031,國立宜蘭大學,學士班(進修),384,252,132
108,公立,一般大學,0031,國立宜蘭大學,博士班,8,5,3
108,公立,一般大學,0031,國立宜蘭大學,碩士班(日間),454,295,159
108,公立,一般大學,0031,國立宜蘭大學,碩士在職專班,217,154,63
108,公立,一般大學,0032,國立聯合大學,博士班,14,14,0
108,公立,一般大學,0032,國立聯合大學,碩士班(日間),453,330,123
108,公立,一般大學,0032,國立聯合大學,學士班(日間),5881,4020,1861
108,公立,一般大學,0032,國立聯合大學,學士班(進修),1218,790,428
108,公立,一般大學,0032,國立聯合大學,碩士在職專班,22,8,14
108,公立,技專校院,0033,國立虎尾科技大學,學士班(日間),7428,5691,1737
108,公立,技專校院,0033,國立虎尾科技大學,博士班,37,33,4
108,公立,技專校院,0033,國立虎尾科技大學,二專(日間),30,28,2
108,公立,技專校院,0033,國立虎尾科技大學,學士班(進修),2122,1668,454
108,公立,技專校院,0033,國立虎尾科技大學,附設進院,165,98,67
108,公立,技專校院,0033,國立虎尾科技大學,五專,91,79,12
108,公立,技專校院,0033,國立虎尾科技大學,碩士班(日間),859,693,166
108,公立,技專校院,0033,國立虎尾科技大學,碩士在職專班,182,125,57
108,公立,一般大學,0035,國立臺南藝術大學,學士班(日間),789,248,541
108,公立,一般大學,0035,國立臺南藝術大學,七年一貫,165,60,105
108,公立,一般大學,0035,國立臺南藝術大學,博士班,40,20,20
108,公立,一般大學,0035,國立臺南藝術大學,碩士班(日間),560,184,376
108,公立,一般大學,0035,國立臺南藝術大學,碩士在職專班,53,17,36
108,公立,一般大學,0036,國立臺南大學,學士班(日間),3826,1783,2043
108,公立,一般大學,0036,國立臺南大學,學士班(進修),112,58,54
108,公立,一般大學,0036,國立臺南大學,博士班,172,73,99
108,公立,一般大學,0036,國立臺南大學,碩士班(日間),896,386,510
108,公立,一般大學,0036,國立臺南大學,碩士在職專班,661,219,442
108,公立,一般大學,0037,國立臺北教育大學,博士班,147,71,76
108,公立,一般大學,0037,國立臺北教育大學,碩士班(日間),1286,417,869
108,公立,一般大學,0037,國立臺北教育大學,碩士在職專班,970,230,740
108,公立,一般大學,0037,國立臺北教育大學,學士班(日間),3387,1118,2269
108,公立,一般大學,0039,國立臺中教育大學,碩士班(日間),821,273,548
108,公立,一般大學,0039,國立臺中教育大學,碩士在職專班,765,180,585
108,公立,一般大學,0039,國立臺中教育大學,學士班(日間),3229,1169,2060
108,公立,一般大學,0039,國立臺中教育大學,博士班,114,45,69
108,公立,技專校院,0042,國立澎湖科技大學,五專,25,21,4
108,公立,技專校院,0042,國立澎湖科技大學,學士班(日間),2639,1559,1080
108,公立,技專校院,0042,國立澎湖科技大學,學士班(進修),283,143,140
108,公立,技專校院,0042,國立澎湖科技大學,碩士班(日間),66,37,29
108,公立,技專校院,0042,國立澎湖科技大學,碩士在職專班,38,22,16
108,公立,技專校院,0043,國立勤益科技大學,學士班(進修),3517,2926,591
108,公立,技專校院,0043,國立勤益科技大學,附設進院,410,305,105
108,公立,技專校院,0043,國立勤益科技大學,博士班,27,22,5
108,公立,技專校院,0043,國立勤益科技大學,碩士班(日間),583,460,123
108,公立,技專校院,0043,國立勤益科技大學,附設進專,442,335,107
108,公立,技專校院,0043,國立勤益科技大學,學士班(日間),6706,4612,2094
108,公立,技專校院,0043,國立勤益科技大學,碩士在職專班,297,240,57
108,公立,一般大學,0044,國立體育大學,學士班(日間),1736,1075,661
108,公立,一般大學,0044,國立體育大學,學士班(進修),87,57,30
108,公立,一般大學,0044,國立體育大學,博士班,149,109,40
108,公立,一般大學,0044,國立體育大學,碩士班(日間),349,187,162
108,公立,一般大學,0044,國立體育大學,碩士在職專班,204,131,73
108,公立,技專校院,0046,國立臺北護理健康大學,博士班,67,7,60
108,公立,技專校院,0046,國立臺北護理健康大學,碩士班(日間),537,91,446
108,公立,技專校院,0046,國立臺北護理健康大學,學士班(日間),3707,804,2903
108,公立,技專校院,0046,國立臺北護理健康大學,學士班(進修),721,32,689
108,公立,技專校院,0046,國立臺北護理健康大學,碩士在職專班,195,29,166
108,公立,技專校院,0047,國立高雄餐旅大學,二專(進修),1,1,0
108,公立,技專校院,0047,國立高雄餐旅大學,學士班(日間),3191,949,2242
108,公立,技專校院,0047,國立高雄餐旅大學,博士班,38,18,20
108,公立,技專校院,0047,國立高雄餐旅大學,學士班(進修),1346,404,942
108,公立,技專校院,0047,國立高雄餐旅大學,五專,250,103,147
108,公立,技專校院,0047,國立高雄餐旅大學,碩士班(日間),167,56,111
108,公立,技專校院,0047,國立高雄餐旅大學,碩士在職專班,43,20,23
108,公立,一般大學,0048,國立金門大學,學士班(進修),884,521,363
108,公立,一般大學,0048,國立金門大學,碩士班(日間),210,136,74
108,公立,一般大學,0048,國立金門大學,學士班(日間),3194,1640,1554
108,公立,一般大學,0048,國立金門大學,碩士在職專班,99,77,22
108,公立,一般大學,0049,國立臺灣體育運動大學,碩士班(日間),245,128,117
108,公立,一般大學,0049,國立臺灣體育運動大學,碩士在職專班,117,67,50
108,公立,一般大學,0049,國立臺灣體育運動大學,學士班(日間),2371,1363,1008
108,公立,一般大學,0049,國立臺灣體育運動大學,學士班(進修),374,269,105
108,公立,技專校院,0050,國立臺中科技大學,二專(進修),1,0,1
108,公立,技專校院,0050,國立臺中科技大學,附設進專,1341,495,846
108,公立,技專校院,0050,國立臺中科技大學,學士班(日間),6789,1942,4847
108,公立,技專校院,0050,國立臺中科技大學,學士班(進修),2523,814,1709
108,公立,技專校院,0050,國立臺中科技大學,五專,3453,839,2614
108,公立,技專校院,0050,國立臺中科技大學,附設進院,1363,448,915
108,公立,技專校院,0050,國立臺中科技大學,碩士班(日間),400,176,224
108,公立,技專校院,0050,國立臺中科技大學,碩士在職專班,201,91,110
108,公立,技專校院,0051,國立臺北商業大學,附設進專,1021,368,653
108,公立,技專校院,0051,國立臺北商業大學,五專,1828,500,1328
108,公立,技專校院,0051,國立臺北商業大學,碩士班(日間),256,98,158
108,公立,技專校院,0051,國立臺北商業大學,碩士在職專班,44,21,23
108,公立,技專校院,0051,國立臺北商業大學,學士班(日間),3227,929,2298
108,公立,技專校院,0051,國立臺北商業大學,學士班(進修),1403,437,966
108,公立,技專校院,0051,國立臺北商業大學,博士班,3,3,0
108,公立,一般大學,0052,國立屏東大學,學士班(日間),6658,2712,3946
108,公立,一般大學,0052,國立屏東大學,學士班(進修),749,339,410
108,公立,一般大學,0052,國立屏東大學,博士班,48,21,27
108,公立,一般大學,0052,國立屏東大學,碩士班(日間),832,342,490
108,公立,一般大學,0052,國立屏東大學,碩士在職專班,677,228,449
108,公立,技專校院,0053,國立高雄科技大學,學士班(日間),17690,10887,6803
108,公立,技專校院,0053,國立高雄科技大學,學士班(進修),3822,2576,1246
108,公立,技專校院,0053,國立高雄科技大學,五專,701,583,118
108,公立,技專校院,0053,國立高雄科技大學,附設進院,728,365,363
108,公立,技專校院,0053,國立高雄科技大學,博士班,548,447,101
108,公立,技專校院,0053,國立高雄科技大學,碩士班(日間),2409,1613,796
108,公立,技專校院,0053,國立高雄科技大學,碩士在職專班,2132,1422,710
108,公立,技專校院,0144,國立臺灣戲曲學院,學士班(日間),576,191,385
108,公立,技專校院,0144,國立臺灣戲曲學院,學士班(進修),19,9,10
108,公立,技專校院,0221,國立臺南護理專科學校,二專(日間),117,6,111
108,公立,技專校院,0221,國立臺南護理專科學校,五專,1797,135,1662
108,公立,技專校院,0221,國立臺南護理專科學校,二專(進修),25,2,23
108,公立,技專校院,0222,國立臺東專科學校,二專(日間),589,434,155
108,公立,技專校院,0222,國立臺東專科學校,二專(進修),117,68,49
108,公立,技專校院,0222,國立臺東專科學校,五專,414,187,227
108,私立,一般大學,1001,東海大學,博士班,264,153,111
108,私立,一般大學,1001,東海大學,碩士班(日間),1234,614,620
108,私立,一般大學,1001,東海大學,碩士在職專班,741,359,382
108,私立,一般大學,1001,東海大學,學士班(日間),12993,5742,7251
108,私立,一般大學,1001,東海大學,學士班(進修),519,266,253
108,私立,一般大學,1002,輔仁大學,學士班(日間),17528,7402,10126
108,私立,一般大學,1002,輔仁大學,碩士在職專班,1412,583,829
108,私立,一般大學,1002,輔仁大學,學士班(進修),4332,1644,2688
108,私立,一般大學,1002,輔仁大學,博士班,429,236,193
108,私立,一般大學,1002,輔仁大學,碩士班(日間),2008,842,1166
108,私立,一般大學,1003,東吳大學,學士班(進修),1066,365,701
108,私立,一般大學,1003,東吳大學,博士班,121,64,57
108,私立,一般大學,1003,東吳大學,碩士班(日間),1252,541,711
108,私立,一般大學,1003,東吳大學,碩士在職專班,1194,553,641
108,私立,一般大學,1003,東吳大學,學士班(日間),11811,4648,7163
108,私立,一般大學,1004,中原大學,碩士班(日間),1591,912,679
108,私立,一般大學,1004,中原大學,碩士在職專班,843,501,342
108,私立,一般大學,1004,中原大學,學士班(日間),13421,7183,6238
108,私立,一般大學,1004,中原大學,博士班,362,248,114
108,私立,一般大學,1005,淡江大學學校財團法人淡江大學,碩士班(日間),1671,976,695
108,私立,一般大學,1005,淡江大學學校財團法人淡江大學,碩士在職專班,849,443,406
108,私立,一般大學,1005,淡江大學學校財團法人淡江大學,學士班(日間),20273,10310,9963
108,私立,一般大學,1005,淡江大學學校財團法人淡江大學,學士班(進修),1429,761,668
108,私立,一般大學,1005,淡江大學學校財團法人淡江大學,博士班,413,275,138
108,私立,一般大學,1006,中國文化大學,學士班(日間),20411,9930,10481
108,私立,一般大學,1006,中國文化大學,學士班(進修),1901,814,1087
108,私立,一般大學,1006,中國文化大學,博士班,529,336,193
108,私立,一般大學,1006,中國文化大學,碩士班(日間),1625,874,751
108,私立,一般大學,1006,中國文化大學,碩士在職專班,720,281,439
108,私立,一般大學,1007,逢甲大學,博士班,413,309,104
108,私立,一般大學,1007,逢甲大學,碩士班(日間),1505,1021,484
108,私立,一般大學,1007,逢甲大學,碩士在職專班,1033,665,368
108,私立,一般大學,1007,逢甲大學,學士班(日間),16756,10042,6714
108,私立,一般大學,1007,逢甲大學,學士班(進修),837,505,332
108,私立,一般大學,1008,靜宜大學,博士班,48,22,26
108,私立,一般大學,1008,靜宜大學,碩士班(日間),576,216,360
108,私立,一般大學,1008,靜宜大學,碩士在職專班,315,122,193
108,私立,一般大學,1008,靜宜大學,學士班(日間),11067,4197,6870
108,私立,一般大學,1008,靜宜大學,學士班(進修),1,1,0
108,私立,一般大學,1009,長庚大學,碩士班(日間),1074,551,523
108,私立,一般大學,1009,長庚大學,碩士在職專班,193,95,98
108,私立,一般大學,1009,長庚大學,學士班(日間),5095,2510,2585
108,私立,一般大學,1009,長庚大學,博士班,472,325,147
108,私立,一般大學,1010,元智大學,碩士班(日間),807,533,274
108,私立,一般大學,1010,元智大學,學士班(日間),7000,3956,3044
108,私立,一般大學,1010,元智大學,博士班,271,194,77
108,私立,一般大學,1010,元智大學,碩士在職專班,625,410,215
108,私立,一般大學,1011,中華大學學校財團法人中華大學,學士班(日間),4397,2818,1579
108,私立,一般大學,1011,中華大學學校財團法人中華大學,學士班(進修),387,272,115
108,私立,一般大學,1011,中華大學學校財團法人中華大學,博士班,87,61,26
108,私立,一般大學,1011,中華大學學校財團法人中華大學,碩士班(日間),438,263,175
108,私立,一般大學,1011,中華大學學校財團法人中華大學,碩士在職專班,162,106,56
108,私立,一般大學,1012,大葉大學,學士班(日間),7122,3755,3367
108,私立,一般大學,1012,大葉大學,學士班(進修),932,460,472
108,私立,一般大學,1012,大葉大學,博士班,126,92,34
108,私立,一般大學,1012,大葉大學,碩士班(日間),610,336,274
108,私立,一般大學,1012,大葉大學,碩士在職專班,376,140,236
108,私立,一般大學,1013,華梵學校財團法人華梵大學,學士班(日間),1056,591,465
108,私立,一般大學,1013,華梵學校財團法人華梵大學,博士班,69,42,27
108,私立,一般大學,1013,華梵學校財團法人華梵大學,碩士班(日間),226,113,113
108,私立,一般大學,1013,華梵學校財團法人華梵大學,碩士在職專班,167,84,83
108,私立,一般大學,1014,義守大學,學士班(日間),12238,6148,6090
108,私立,一般大學,1014,義守大學,學士班(進修),1784,1150,634
108,私立,一般大學,1014,義守大學,碩士在職專班,369,264,105
108,私立,一般大學,1014,義守大學,博士班,154,114,40
108,私立,一般大學,1014,義守大學,碩士班(日間),388,227,161
108,私立,一般大學,1015,世新大學,學士班(日間),9548,3406,6142
108,私立,一般大學,1015,世新大學,博士班,102,49,53
108,私立,一般大學,1015,世新大學,學士班(進修),448,174,274
108,私立,一般大學,1015,世新大學,碩士班(日間),545,257,288
108,私立,一般大學,1015,世新大學,碩士在職專班,744,396,348
108,私立,一般大學,1016,銘傳大學,學士班(日間),17200,6759,10441
108,私立,一般大學,1016,銘傳大學,博士班,74,31,43
108,私立,一般大學,1016,銘傳大學,碩士班(日間),711,298,413
108,私立,一般大學,1016,銘傳大學,碩士在職專班,806,371,435
108,私立,一般大學,1017,實踐大學,學士班(進修),2136,668,1468
108,私立,一般大學,1017,實踐大學,博士班,25,8,17
108,私立,一般大學,1017,實踐大學,碩士班(日間),410,188,222
108,私立,一般大學,1017,實踐大學,碩士在職專班,117,43,74
108,私立,一般大學,1017,實踐大學,學士班(日間),10867,3498,7369
108,私立,技專校院,1018,朝陽科技大學,學士班(日間),11337,4783,6554
108,私立,技專校院,1018,朝陽科技大學,學士班(進修),2888,1536,1352
108,私立,技專校院,1018,朝陽科技大學,博士班,113,81,32
108,私立,技專校院,1018,朝陽科技大學,碩士班(日間),658,363,295
108,私立,技專校院,1018,朝陽科技大學,碩士在職專班,368,193,175
108,私立,一般大學,1019,高雄醫學大學,博士班,321,171,150
108,私立,一般大學,1019,高雄醫學大學,碩士班(日間),669,207,462
108,私立,一般大學,1019,高雄醫學大學,學士班(日間),5259,2266,2993
108,私立,一般大學,1019,高雄醫學大學,學士班(進修),25,0,25
108,私立,一般大學,1019,高雄醫學大學,碩士在職專班,213,79,134
108,私立,一般大學,1020,南華大學,碩士班(日間),621,255,366
108,私立,一般大學,1020,南華大學,碩士在職專班,396,142,254
108,私立,一般大學,1020,南華大學,學士班(日間),4297,2050,2247
108,私立,一般大學,1020,南華大學,學士班(進修),330,204,126
108,私立,一般大學,1020,南華大學,博士班,46,28,18
108,私立,一般大學,1021,真理大學,學士班(進修),102,71,31
108,私立,一般大學,1021,真理大學,碩士班(日間),121,83,38
108,私立,一般大學,1021,真理大學,碩士在職專班,19,12,7
108,私立,一般大學,1021,真理大學,學士班(日間),5345,2595,2750
108,私立,一般大學,1022,大同大學,學士班(日間),3572,2128,1444
108,私立,一般大學,1022,大同大學,博士班,109,65,44
108,私立,一般大學,1022,大同大學,碩士班(日間),289,230,59
108,私立,一般大學,1022,大同大學,碩士在職專班,197,146,51
108,私立,技專校院,1023,南臺學校財團法人南臺科技大學,學士班(日間),12843,7225,5618
108,私立,技專校院,1023,南臺學校財團法人南臺科技大學,五專,177,160,17
108,私立,技專校院,1023,南臺學校財團法人南臺科技大學,碩士班(日間),847,487,360
108,私立,技專校院,1023,南臺學校財團法人南臺科技大學,碩士在職專班,356,177,179
108,私立,技專校院,1023,南臺學校財團法人南臺科技大學,學士班(進修),4241,2643,1598
108,私立,技專校院,1023,南臺學校財團法人南臺科技大學,博士班,99,77,22
108,私立,技專校院,1024,崑山科技大學,學士班(日間),7610,4552,3058
108,私立,技專校院,1024,崑山科技大學,博士班,37,29,8
108,私立,技專校院,1024,崑山科技大學,附設進專,87,52,35
108,私立,技專校院,1024,崑山科技大學,學士班(進修),3134,2073,1061
108,私立,技專校院,1024,崑山科技大學,碩士班(日間),327,200,127
108,私立,技專校院,1024,崑山科技大學,碩士在職專班,162,114,48
108,私立,技專校院,1025,嘉藥學校財團法人嘉南藥理大學,學士班(日間),10233,4251,5982
108,私立,技專校院,1025,嘉藥學校財團法人嘉南藥理大學,學士班(進修),2468,1116,1352
108,私立,技專校院,1025,嘉藥學校財團法人嘉南藥理大學,五專,4,2,2
108,私立,技專校院,1025,嘉藥學校財團法人嘉南藥理大學,碩士班(日間),205,96,109
108,私立,技專校院,1025,嘉藥學校財團法人嘉南藥理大學,碩士在職專班,229,97,132
108,私立,技專校院,1026,樹德科技大學,附設進專,492,211,281
108,私立,技專校院,1026,樹德科技大學,碩士班(日間),242,114,128
108,私立,技專校院,1026,樹德科技大學,碩士在職專班,446,202,244
108,私立,技專校院,1026,樹德科技大學,學士班(日間),7677,3220,4457
108,私立,技專校院,1026,樹德科技大學,學士班(進修),2091,1108,983
108,私立,技專校院,1026,樹德科技大學,博士班,36,16,20
108,私立,一般大學,1027,慈濟學校財團法人慈濟大學,學士班(日間),2895,1109,1786
108,私立,一般大學,1027,慈濟學校財團法人慈濟大學,博士班,107,56,51
108,私立,一般大學,1027,慈濟學校財團法人慈濟大學,碩士班(日間),332,106,226
108,私立,一般大學,1027,慈濟學校財團法人慈濟大學,碩士在職專班,39,7,32
108,私立,一般大學,1028,臺北醫學大學,學士班(日間),4505,1890,2615
108,私立,一般大學,1028,臺北醫學大學,博士班,512,285,227
108,私立,一般大學,1028,臺北醫學大學,碩士班(日間),642,240,402
108,私立,一般大學,1028,臺北醫學大學,碩士在職專班,287,90,197
108,私立,一般大學,1029,中山醫學大學,學士班(日間),5910,2155,3755
108,私立,一般大學,1029,中山醫學大學,學士班(進修),116,35,81
108,私立,一般大學,1029,中山醫學大學,博士班,189,115,74
108,私立,一般大學,1029,中山醫學大學,碩士班(日間),496,163,333
108,私立,一般大學,1029,中山醫學大學,碩士在職專班,202,48,154
108,私立,技專校院,1030,龍華科技大學,學士班(日間),6871,4464,2407
108,私立,技專校院,1030,龍華科技大學,學士班(進修),3685,2777,908
108,私立,技專校院,1030,龍華科技大學,五專,397,344,53
108,私立,技專校院,1030,龍華科技大學,碩士班(日間),267,196,71
108,私立,技專校院,1030,龍華科技大學,碩士在職專班,110,85,25
108,私立,技專校院,1031,輔英科技大學,五專,2659,305,2354
108,私立,技專校院,1031,輔英科技大學,碩士班(日間),138,47,91
108,私立,技專校院,1031,輔英科技大學,碩士在職專班,117,8,109
108,私立,技專校院,1031,輔英科技大學,學士班(日間),5233,1650,3583
108,私立,技專校院,1031,輔英科技大學,學士班(進修),1385,580,805
108,私立,技專校院,1032,明新學校財團法人明新科技大學,二專(日間),34,31,3
108,私立,技專校院,1032,明新學校財團法人明新科技大學,附設進專,152,103,49
108,私立,技專校院,1032,明新學校財團法人明新科技大學,學士班(進修),3366,2054,1312
108,私立,技專校院,1032,明新學校財團法人明新科技大學,附設進院,265,134,131
108,私立,技專校院,1032,明新學校財團法人明新科技大學,碩士班(日間),236,157,79
108,私立,技專校院,1032,明新學校財團法人明新科技大學,碩士在職專班,345,253,92
108,私立,技專校院,1032,明新學校財團法人明新科技大學,二專(進修),38,24,14
108,私立,技專校院,1032,明新學校財團法人明新科技大學,學士班(日間),8138,5021,3117
108,私立,一般大學,1033,長榮大學,學士班(進修),572,362,210
108,私立,一般大學,1033,長榮大學,碩士班(日間),324,112,212
108,私立,一般大學,1033,長榮大學,碩士在職專班,99,50,49
108,私立,一般大學,1033,長榮大學,學士班(日間),7576,3202,4374
108,私立,一般大學,1033,長榮大學,博士班,38,27,11
108,私立,技專校院,1034,弘光科技大學,學士班(進修),4079,1544,2535
108,私立,技專校院,1034,弘光科技大學,碩士班(日間),184,53,131
108,私立,技專校院,1034,弘光科技大學,碩士在職專班,96,18,78
108,私立,技專校院,1034,弘光科技大學,二專(進修),150,24,126
108,私立,技專校院,1034,弘光科技大學,學士班(日間),8001,2694,5307
108,私立,技專校院,1034,弘光科技大學,五專,256,27,229
108,私立,技專校院,1034,弘光科技大學,博士班,13,1,12
108,私立,一般大學,1035,中國醫藥大學,學士班(進修),13,1,12
108,私立,一般大學,1035,中國醫藥大學,碩士班(日間),491,186,305
108,私立,一般大學,1035,中國醫藥大學,碩士在職專班,90,31,59
108,私立,一般大學,1035,中國醫藥大學,學士班(日間),6228,2730,3498
108,私立,一般大學,1035,中國醫藥大學,博士班,390,228,162
108,私立,技專校院,1036,健行學校財團法人健行科技大學,學士班(日間),6990,4674,2316
108,私立,技專校院,1036,健行學校財團法人健行科技大學,學士班(進修),3922,2480,1442
108,私立,技專校院,1036,健行學校財團法人健行科技大學,五專,25,24,1
108,私立,技專校院,1036,健行學校財團法人健行科技大學,碩士班(日間),287,193,94
108,私立,技專校院,1036,健行學校財團法人健行科技大學,碩士在職專班,45,30,15
108,私立,技專校院,1037,正修學校財團法人正修科技大學,附設進專,1132,632,500
108,私立,技專校院,1037,正修學校財團法人正修科技大學,五專,129,103,26
108,私立,技專校院,1037,正修學校財團法人正修科技大學,碩士班(日間),365,209,156
108,私立,技專校院,1037,正修學校財團法人正修科技大學,碩士在職專班,208,140,68
108,私立,技專校院,1037,正修學校財團法人正修科技大學,二專(進修),210,145,65
108,私立,技專校院,1037,正修學校財團法人正修科技大學,學士班(日間),8716,5190,3526
108,私立,技專校院,1037,正修學校財團法人正修科技大學,學士班(進修),7349,4548,2801
108,私立,技專校院,1037,正修學校財團法人正修科技大學,博士班,12,12,0
108,私立,技專校院,1038,萬能學校財團法人萬能科技大學,學士班(日間),6150,3319,2831
108,私立,技專校院,1038,萬能學校財團法人萬能科技大學,附設進專,85,17,68
108,私立,技專校院,1038,萬能學校財團法人萬能科技大學,學士班(進修),3723,2065,1658
108,私立,技專校院,1038,萬能學校財團法人萬能科技大學,碩士班(日間),144,68,76
108,私立,技專校院,1038,萬能學校財團法人萬能科技大學,碩士在職專班,102,49,53
108,私立,一般大學,1039,玄奘大學,碩士班(日間),258,94,164
108,私立,一般大學,1039,玄奘大學,碩士在職專班,142,48,94
108,私立,一般大學,1039,玄奘大學,學士班(日間),2327,991,1336
108,私立,一般大學,1039,玄奘大學,學士班(進修),159,67,92
108,私立,一般大學,1039,玄奘大學,博士班,3,1,2
108,私立,技專校院,1040,建國科技大學,學士班(日間),4684,3121,1563
108,私立,技專校院,1040,建國科技大學,附設進專,136,99,37
108,私立,技專校院,1040,建國科技大學,學士班(進修),2415,1796,619
108,私立,技專校院,1040,建國科技大學,附設進院,128,88,40
108,私立,技專校院,1040,建國科技大學,碩士班(日間),174,104,70
108,私立,技專校院,1041,明志科技大學,學士班(進修),488,421,67
108,私立,技專校院,1041,明志科技大學,碩士班(日間),463,337,126
108,私立,技專校院,1041,明志科技大學,碩士在職專班,29,21,8
108,私立,技專校院,1041,明志科技大學,學士班(日間),3574,2581,993
108,私立,技專校院,1041,明志科技大學,博士班,18,15,3
108,私立,技專校院,1042,台鋼學校財團法人台鋼科技大學,學士班(日間),2342,1669,673
108,私立,技專校院,1042,台鋼學校財團法人台鋼科技大學,學士班(進修),1152,910,242
108,私立,技專校院,1042,台鋼學校財團法人台鋼科技大學,附設進專,191,124,67
108,私立,技專校院,1042,台鋼學校財團法人台鋼科技大學,附設進院,296,173,123
108,私立,技專校院,1042,台鋼學校財團法人台鋼科技大學,碩士班(日間),60,42,18
108,私立,技專校院,1042,台鋼學校財團法人台鋼科技大學,碩士在職專班,162,122,40
108,私立,技專校院,1043,大仁科技大學,學士班(進修),1767,719,1048
108,私立,技專校院,1043,大仁科技大學,碩士班(日間),66,29,37
108,私立,技專校院,1043,大仁科技大學,碩士在職專班,143,65,78
108,私立,技專校院,1043,大仁科技大學,附設進專,99,52,47
108,私立,技專校院,1043,大仁科技大學,學士班(日間),3801,1788,2013
108,私立,技專校院,1044,聖約翰科技大學,二專(進修),29,8,21
108,私立,技專校院,1044,聖約翰科技大學,學士班(進修),352,277,75
108,私立,技專校院,1044,聖約翰科技大學,碩士班(日間),109,86,23
108,私立,技專校院,1044,聖約翰科技大學,學士班(日間),2113,1430,683
108,私立,技專校院,1044,聖約翰科技大學,五專,340,267,73
108,私立,技專校院,1044,聖約翰科技大學,碩士在職專班,130,92,38
108,私立,技專校院,1045,嶺東科技大學,附設進專,3,3,0
108,私立,技專校院,1045,嶺東科技大學,碩士班(日間),229,98,131
108,私立,技專校院,1045,嶺東科技大學,碩士在職專班,160,111,49
108,私立,技專校院,1045,嶺東科技大學,學士班(日間),7336,2770,4566
108,私立,技專校院,1045,嶺東科技大學,學士班(進修),2726,1398,1328
108,私立,技專校院,1046,中國科技大學,二專(進修),22,21,1
108,私立,技專校院,1046,中國科技大學,學士班(日間),7251,3203,4048
108,私立,技專校院,1046,中國科技大學,學士班(進修),1568,914,654
108,私立,技專校院,1046,中國科技大學,附設進專,518,270,248
108,私立,技專校院,1046,中國科技大學,附設進院,627,299,328
108,私立,技專校院,1046,中國科技大學,碩士班(日間),155,89,66
108,私立,技專校院,1046,中國科技大學,碩士在職專班,88,64,24
108,私立,技專校院,1047,中臺科技大學,二專(日間),43,19,24
108,私立,技專校院,1047,中臺科技大學,碩士班(日間),107,28,79
108,私立,技專校院,1047,中臺科技大學,碩士在職專班,286,60,226
108,私立,技專校院,1047,中臺科技大學,學士班(日間),5409,2115,3294
108,私立,技專校院,1047,中臺科技大學,學士班(進修),2543,687,1856
108,私立,技專校院,1047,中臺科技大學,博士班,14,10,4
108,私立,一般大學,1048,亞洲大學,學士班(日間),9490,3376,6114
108,私立,一般大學,1048,亞洲大學,學士班(進修),910,426,484
108,私立,一般大學,1048,亞洲大學,博士班,241,152,89
108,私立,一般大學,1048,亞洲大學,碩士班(日間),640,281,359
108,私立,一般大學,1048,亞洲大學,碩士在職專班,408,193,215
108,私立,一般大學,1049,開南大學,學士班(進修),1053,590,463
108,私立,一般大學,1049,開南大學,碩士班(日間),220,89,131
108,私立,一般大學,1049,開南大學,碩士在職專班,321,173,148
108,私立,一般大學,1049,開南大學,學士班(日間),4300,2060,2240
108,私立,一般大學,1050,佛光大學,博士班,65,27,38
108,私立,一般大學,1050,佛光大學,碩士班(日間),441,166,275
108,私立,一般大學,1050,佛光大學,碩士在職專班,154,90,64
108,私立,一般大學,1050,佛光大學,學士班(日間),2890,1338,1552
108,私立,技專校院,1051,台南家專學校財團法人台南應用科技大學,碩士班(日間),99,28,71
108,私立,技專校院,1051,台南家專學校財團法人台南應用科技大學,碩士在職專班,115,26,89
108,私立,技專校院,1051,台南家專學校財團法人台南應用科技大學,學士班(日間),8532,2498,6034
108,私立,技專校院,1051,台南家專學校財團法人台南應用科技大學,學士班(進修),2888,1029,1859
108,私立,技專校院,1051,台南家專學校財團法人台南應用科技大學,五專,1080,240,840
108,私立,技專校院,1052,中信金學校財團法人中信科技大學,二專(進修),36,31,5
108,私立,技專校院,1052,中信金學校財團法人中信科技大學,附設進專,252,142,110
108,私立,技專校院,1052,中信金學校財團法人中信科技大學,學士班(日間),3748,2504,1244
108,私立,技專校院,1052,中信金學校財團法人中信科技大學,學士班(進修),874,649,225
108,私立,技專校院,1052,中信金學校財團法人中信科技大學,附設進院,297,200,97
108,私立,技專校院,1052,中信金學校財團法人中信科技大學,碩士班(日間),245,134,111
108,私立,技專校院,1052,中信金學校財團法人中信科技大學,碩士在職專班,39,37,2
108,私立,技專校院,1053,光宇學校財團法人元培醫事科技大學,學士班(日間),4017,1755,2262
108,私立,技專校院,1053,光宇學校財團法人元培醫事科技大學,學士班(進修),1857,839,1018
108,私立,技專校院,1053,光宇學校財團法人元培醫事科技大學,二專(日間),35,27,8
108,私立,技專校院,1053,光宇學校財團法人元培醫事科技大學,附設進專,33,23,10
108,私立,技專校院,1053,光宇學校財團法人元培醫事科技大學,碩士班(日間),249,122,127
108,私立,技專校院,1053,光宇學校財團法人元培醫事科技大學,碩士在職專班,48,14,34
108,私立,技專校院,1054,景文科技大學,附設進專,185,98,87
108,私立,技專校院,1054,景文科技大學,學士班(日間),5072,2282,2790
108,私立,技專校院,1054,景文科技大學,學士班(進修),1685,845,840
108,私立,技專校院,1054,景文科技大學,碩士班(日間),45,32,13
108,私立,技專校院,1054,景文科技大學,碩士在職專班,47,29,18
108,私立,技專校院,1055,中華醫事科技大學,學士班(日間),4291,1633,2658
108,私立,技專校院,1055,中華醫事科技大學,學士班(進修),1426,494,932
108,私立,技專校院,1055,中華醫事科技大學,碩士班(日間),96,48,48
108,私立,技專校院,1055,中華醫事科技大學,碩士在職專班,27,14,13
108,私立,技專校院,1055,中華醫事科技大學,二專(日間),93,58,35
108,私立,技專校院,1055,中華醫事科技大學,五專,3057,685,2372
108,私立,技專校院,1056,東南科技大學,學士班(日間),4757,3141,1616
108,私立,技專校院,1056,東南科技大學,學士班(進修),641,497,144
108,私立,技專校院,1056,東南科技大學,附設進專,1,1,0
108,私立,技專校院,1056,東南科技大學,碩士班(日間),129,91,38
108,私立,技專校院,1056,東南科技大學,碩士在職專班,48,40,8
108,私立,技專校院,1057,德明財經科技大學,學士班(日間),7032,2884,4148
108,私立,技專校院,1057,德明財經科技大學,附設進專,4,4,0
108,私立,技專校院,1057,德明財經科技大學,學士班(進修),702,371,331
108,私立,技專校院,1057,德明財經科技大學,附設進院,73,27,46
108,私立,技專校院,1057,德明財經科技大學,碩士班(日間),44,27,17
108,私立,技專校院,1057,德明財經科技大學,碩士在職專班,48,30,18
108,私立,一般大學,1058,明道學校財團法人明道大學,學士班(日間),2250,1310,940
108,私立,一般大學,1058,明道學校財團法人明道大學,博士班,29,19,10
108,私立,一般大學,1058,明道學校財團法人明道大學,學士班(進修),761,482,279
108,私立,一般大學,1058,明道學校財團法人明道大學,碩士班(日間),162,90,72
108,私立,一般大學,1058,明道學校財團法人明道大學,碩士在職專班,60,25,35
108,私立,技專校院,1060,南開科技大學,學士班(日間),2477,1642,835
108,私立,技專校院,1060,南開科技大學,學士班(進修),723,481,242
108,私立,技專校院,1060,南開科技大學,附設進專,149,77,72
108,私立,技專校院,1060,南開科技大學,附設進院,127,67,60
108,私立,技專校院,1060,南開科技大學,五專,715,586,129
108,私立,技專校院,1060,南開科技大學,碩士班(日間),99,56,43
108,私立,技專校院,1060,南開科技大學,碩士在職專班,92,30,62
108,私立,技專校院,1061,中華學校財團法人中華科技大學,碩士班(日間),205,161,44
108,私立,技專校院,1061,中華學校財團法人中華科技大學,碩士在職專班,105,80,25
108,私立,技專校院,1061,中華學校財團法人中華科技大學,附設進專,176,89,87
108,私立,技專校院,1061,中華學校財團法人中華科技大學,學士班(日間),3712,2528,1184
108,私立,技專校院,1061,中華學校財團法人中華科技大學,學士班(進修),1154,844,310
108,私立,技專校院,1062,僑光科技大學,學士班(進修),4520,2530,1990
108,私立,技專校院,1062,僑光科技大學,碩士班(日間),54,26,28
108,私立,技專校院,1062,僑光科技大學,碩士在職專班,30,18,12
108,私立,技專校院,1062,僑光科技大學,學士班(日間),6452,2618,3834
108,私立,技專校院,1063,廣亞學校財團法人育達科技大學,學士班(日間),1980,992,988
108,私立,技專校院,1063,廣亞學校財團法人育達科技大學,學士班(進修),1898,877,1021
108,私立,技專校院,1063,廣亞學校財團法人育達科技大學,碩士班(日間),141,68,73
108,私立,技專校院,1063,廣亞學校財團法人育達科技大學,碩士在職專班,206,127,79
108,私立,技專校院,1064,美和學校財團法人美和科技大學,二專(進修),14,3,11
108,私立,技專校院,1064,美和學校財團法人美和科技大學,附設進專,158,83,75
108,私立,技專校院,1064,美和學校財團法人美和科技大學,學士班(日間),3065,1186,1879
108,私立,技專校院,1064,美和學校財團法人美和科技大學,附設進院,594,251,343
108,私立,技專校院,1064,美和學校財團法人美和科技大學,五專,1857,252,1605
108,私立,技專校院,1064,美和學校財團法人美和科技大學,碩士在職專班,190,57,133
108,私立,技專校院,1064,美和學校財團法人美和科技大學,學士班(進修),1385,366,1019
108,私立,技專校院,1064,美和學校財團法人美和科技大學,碩士班(日間),115,45,70
108,私立,技專校院,1065,吳鳳科技大學,附設進專,245,148,97
108,私立,技專校院,1065,吳鳳科技大學,學士班(日間),3266,2268,998
108,私立,技專校院,1065,吳鳳科技大學,學士班(進修),843,609,234
108,私立,技專校院,1065,吳鳳科技大學,五專,3,0,3
108,私立,技專校院,1065,吳鳳科技大學,附設進院,708,307,401
108,私立,技專校院,1065,吳鳳科技大學,碩士班(日間),53,33,20
108,私立,技專校院,1065,吳鳳科技大學,碩士在職專班,64,34,30
108,私立,技專校院,1066,環球學校財團法人環球科技大學,附設進院,113,35,78
108,私立,技專校院,1066,環球學校財團法人環球科技大學,碩士班(日間),149,53,96
108,私立,技專校院,1066,環球學校財團法人環球科技大學,碩士在職專班,56,20,36
108,私立,技專校院,1066,環球學校財團法人環球科技大學,二專(進修),185,83,102
108,私立,技專校院,1066,環球學校財團法人環球科技大學,附設進專,237,72,165
108,私立,技專校院,1066,環球學校財團法人環球科技大學,學士班(日間),2555,1209,1346
108,私立,技專校院,1066,環球學校財團法人環球科技大學,學士班(進修),1193,515,678
108,私立,一般大學,1067,台灣首府學校財團法人台灣首府大學,碩士班(日間),45,18,27
108,私立,一般大學,1067,台灣首府學校財團法人台灣首府大學,學士班(日間),1224,605,619
108,私立,一般大學,1067,台灣首府學校財團法人台灣首府大學,學士班(進修),270,162,108
108,私立,技專校院,1068,中州學校財團法人中州科技大學,學士班(日間),1405,849,556
108,私立,技專校院,1068,中州學校財團法人中州科技大學,附設進專,112,19,93
108,私立,技專校院,1068,中州學校財團法人中州科技大學,學士班(進修),1580,745,835
108,私立,技專校院,1068,中州學校財團法人中州科技大學,碩士班(日間),26,14,12
108,私立,技專校院,1068,中州學校財團法人中州科技大學,碩士在職專班,50,33,17
108,私立,技專校院,1069,修平學校財團法人修平科技大學,學士班(日間),3244,2233,1011
108,私立,技專校院,1069,修平學校財團法人修平科技大學,學士班(進修),1276,1132,144
108,私立,技專校院,1069,修平學校財團法人修平科技大學,碩士班(日間),58,36,22
108,私立,技專校院,1069,修平學校財團法人修平科技大學,碩士在職專班,6,6,0
108,私立,技專校院,1069,修平學校財團法人修平科技大學,附設進專,101,82,19
108,私立,技專校院,1069,修平學校財團法人修平科技大學,附設進院,385,256,129
108,私立,技專校院,1070,長庚學校財團法人長庚科技大學,學士班(日間),4970,552,4418
108,私立,技專校院,1070,長庚學校財團法人長庚科技大學,學士班(進修),1160,89,1071
108,私立,技專校院,1070,長庚學校財團法人長庚科技大學,碩士班(日間),59,3,56
108,私立,技專校院,1070,長庚學校財團法人長庚科技大學,碩士在職專班,129,2,127
108,私立,技專校院,1070,長庚學校財團法人長庚科技大學,五專,119,7,112
108,私立,技專校院,1071,城市學校財團法人臺北城市科技大學,二專(進修),12,10,2
108,私立,技專校院,1071,城市學校財團法人臺北城市科技大學,附設進專,480,233,247
108,私立,技專校院,1071,城市學校財團法人臺北城市科技大學,學士班(日間),7200,4449,2751
108,私立,技專校院,1071,城市學校財團法人臺北城市科技大學,學士班(進修),851,631,220
108,私立,技專校院,1071,城市學校財團法人臺北城市科技大學,附設進院,535,269,266
108,私立,技專校院,1071,城市學校財團法人臺北城市科技大學,五專,1227,850,377
108,私立,技專校院,1071,城市學校財團法人臺北城市科技大學,碩士班(日間),88,72,16
108,私立,技專校院,1072,大華學校財團法人敏實科技大學,學士班(進修),343,238,105
108,私立,技專校院,1072,大華學校財團法人敏實科技大學,碩士班(日間),3,3,0
108,私立,技專校院,1072,大華學校財團法人敏實科技大學,學士班(日間),403,252,151
108,私立,技專校院,1072,大華學校財團法人敏實科技大學,五專,408,233,175
108,私立,技專校院,1073,醒吾學校財團法人醒吾科技大學,學士班(日間),5666,2438,3228
108,私立,技專校院,1073,醒吾學校財團法人醒吾科技大學,學士班(進修),1044,432,612
108,私立,技專校院,1073,醒吾學校財團法人醒吾科技大學,附設進專,294,152,142
108,私立,技專校院,1073,醒吾學校財團法人醒吾科技大學,附設進院,573,232,341
108,私立,技專校院,1073,醒吾學校財團法人醒吾科技大學,五專,698,271,427
108,私立,技專校院,1073,醒吾學校財團法人醒吾科技大學,碩士班(日間),59,29,30
108,私立,技專校院,1073,醒吾學校財團法人醒吾科技大學,碩士在職專班,96,47,49
108,私立,技專校院,1075,文藻學校財團法人文藻外語大學,五專,1611,277,1334
108,私立,技專校院,1075,文藻學校財團法人文藻外語大學,碩士班(日間),175,46,129
108,私立,技專校院,1075,文藻學校財團法人文藻外語大學,學士班(日間),5460,1381,4079
108,私立,技專校院,1075,文藻學校財團法人文藻外語大學,學士班(進修),2021,674,1347
108,私立,技專校院,1075,文藻學校財團法人文藻外語大學,碩士在職專班,54,11,43
108,私立,技專校院,1076,華夏學校財團法人華夏科技大學,學士班(進修),1254,718,536
108,私立,技專校院,1076,華夏學校財團法人華夏科技大學,附設進院,53,33,20
108,私立,技專校院,1076,華夏學校財團法人華夏科技大學,碩士班(日間),39,30,9
108,私立,技專校院,1076,華夏學校財團法人華夏科技大學,碩士在職專班,73,52,21
108,私立,技專校院,1076,華夏學校財團法人華夏科技大學,二專(進修),242,117,125
108,私立,技專校院,1076,華夏學校財團法人華夏科技大學,附設進專,29,16,13
108,私立,技專校院,1076,華夏學校財團法人華夏科技大學,學士班(日間),1841,1133,708
108,私立,技專校院,1076,華夏學校財團法人華夏科技大學,五專,587,504,83
108,私立,技專校院,1077,慈濟學校財團法人慈濟科技大學,二專(日間),21,9,12
108,私立,技專校院,1077,慈濟學校財團法人慈濟科技大學,學士班(進修),99,6,93
108,私立,技專校院,1077,慈濟學校財團法人慈濟科技大學,附設進院,72,4,68
108,私立,技專校院,1077,慈濟學校財團法人慈濟科技大學,五專,1304,170,1134
108,私立,技專校院,1077,慈濟學校財團法人慈濟科技大學,碩士班(日間),37,19,18
108,私立,技專校院,1077,慈濟學校財團法人慈濟科技大學,學士班(日間),1603,562,1041
108,私立,技專校院,1078,致理學校財團法人致理科技大學,學士班(日間),6481,1993,4488
108,私立,技專校院,1078,致理學校財團法人致理科技大學,附設進院,2,2,0
108,私立,技專校院,1078,致理學校財團法人致理科技大學,五專,1578,330,1248
108,私立,技專校院,1078,致理學校財團法人致理科技大學,附設進專,2,1,1
108,私立,技專校院,1078,致理學校財團法人致理科技大學,學士班(進修),3204,1264,1940
108,私立,技專校院,1078,致理學校財團法人致理科技大學,碩士班(日間),49,10,39
108,私立,技專校院,1078,致理學校財團法人致理科技大學,碩士在職專班,57,18,39
108,私立,一般大學,1079,康寧學校財團法人康寧大學,二專(進修),204,45,159
108,私立,一般大學,1079,康寧學校財團法人康寧大學,學士班(日間),342,121,221
108,私立,一般大學,1079,康寧學校財團法人康寧大學,五專,2814,645,2169
108,私立,一般大學,1079,康寧學校財團法人康寧大學,學士班(進修),175,69,106
108,私立,一般大學,1079,康寧學校財團法人康寧大學,碩士班(日間),50,17,33
108,私立,一般大學,1079,康寧學校財團法人康寧大學,碩士在職專班,56,18,38
108,私立,技專校院,1080,宏國學校財團法人宏國德霖科技大學,二專(進修),100,46,54
108,私立,技專校院,1080,宏國學校財團法人宏國德霖科技大學,學士班(日間),2320,1383,937
108,私立,技專校院,1080,宏國學校財團法人宏國德霖科技大學,學士班(進修),2086,1302,784
108,私立,技專校院,1080,宏國學校財團法人宏國德霖科技大學,五專,1226,740,486
108,私立,技專校院,1081,東方學校財團法人東方設計大學,附設進專,279,145,134
108,私立,技專校院,1081,東方學校財團法人東方設計大學,學士班(日間),933,517,416
108,私立,技專校院,1081,東方學校財團法人東方設計大學,學士班(進修),156,74,82
108,私立,技專校院,1081,東方學校財團法人東方設計大學,五專,1009,462,547
108,私立,技專校院,1081,東方學校財團法人東方設計大學,附設進院,305,153,152
108,私立,技專校院,1081,東方學校財團法人東方設計大學,博士班,32,14,18
108,私立,技專校院,1081,東方學校財團法人東方設計大學,碩士班(日間),102,45,57
108,私立,技專校院,1081,東方學校財團法人東方設計大學,碩士在職專班,41,15,26
108,私立,技專校院,1082,崇右學校財團法人崇右影藝科技大學,學士班(日間),1854,833,1021
108,私立,技專校院,1082,崇右學校財團法人崇右影藝科技大學,五專,84,39,45
108,私立,技專校院,1082,崇右學校財團法人崇右影藝科技大學,附設進專,462,276,186
108,私立,技專校院,1082,崇右學校財團法人崇右影藝科技大學,附設進院,473,242,231
108,私立,技專校院,1082,崇右學校財團法人崇右影藝科技大學,碩士班(日間),76,40,36
108,私立,技專校院,1083,台北海洋學校財團法人台北海洋科技大學,二專(進修),123,112,11
108,私立,技專校院,1083,台北海洋學校財團法人台北海洋科技大學,學士班(日間),2827,1596,1231
108,私立,技專校院,1083,台北海洋學校財團法人台北海洋科技大學,二專(日間),54,53,1
108,私立,技專校院,1083,台北海洋學校財團法人台北海洋科技大學,附設進專,22,11,11
108,私立,技專校院,1083,台北海洋學校財團法人台北海洋科技大學,學士班(進修),357,139,218
108,私立,技專校院,1083,台北海洋學校財團法人台北海洋科技大學,附設進院,29,7,22
108,私立,技專校院,1083,台北海洋學校財團法人台北海洋科技大學,五專,943,583,360
108,私立,技專校院,1083,台北海洋學校財團法人台北海洋科技大學,碩士班(日間),136,70,66
108,私立,一般大學,1125,中信學校財團法人中信金融管理學院,碩士班(日間),83,41,42
108,私立,一般大學,1125,中信學校財團法人中信金融管理學院,學士班(日間),635,350,285
108,私立,技專校院,1148,大漢技術學院,二專(進修),164,89,75
108,私立,技專校院,1148,大漢技術學院,學士班(日間),282,165,117
108,私立,技專校院,1148,大漢技術學院,學士班(進修),552,340,212
108,私立,技專校院,1148,大漢技術學院,碩士班(日間),77,50,27
108,私立,技專校院,1159,和春技術學院,學士班(進修),394,253,141
108,私立,技專校院,1159,和春技術學院,附設進院,2,2,0
108,私立,技專校院,1159,和春技術學院,二專(進修),181,126,55
108,私立,技專校院,1159,和春技術學院,附設進專,9,5,4
108,私立,技專校院,1159,和春技術學院,學士班(日間),270,194,76
108,私立,技專校院,1159,和春技術學院,五專,126,72,54
108,私立,技專校院,1159,和春技術學院,碩士班(日間),8,7,1
108,私立,技專校院,1166,亞東技術學院,學士班(日間),4316,3000,1316
108,私立,技專校院,1166,亞東技術學院,學士班(進修),136,1,135
108,私立,技專校院,1166,亞東技術學院,碩士班(日間),45,35,10
108,私立,技專校院,1168,南亞科技學校財團法人南亞技術學院,二專(進修),9,8,1
108,私立,技專校院,1168,南亞科技學校財團法人南亞技術學院,附設進專,99,71,28
108,私立,技專校院,1168,南亞科技學校財團法人南亞技術學院,學士班(日間),1403,850,553
108,私立,技專校院,1168,南亞科技學校財團法人南亞技術學院,五專,331,186,145
108,私立,技專校院,1168,南亞科技學校財團法人南亞技術學院,學士班(進修),928,650,278
108,私立,技專校院,1168,南亞科技學校財團法人南亞技術學院,附設進院,940,382,558
108,私立,技專校院,1168,南亞科技學校財團法人南亞技術學院,碩士班(日間),18,15,3
108,私立,一般大學,1176,稻江科技暨管理學院,碩士班(日間),76,32,44
108,私立,一般大學,1176,稻江科技暨管理學院,學士班(日間),1106,593,513
108,私立,一般大學,1176,稻江科技暨管理學院,學士班(進修),628,254,374
108,私立,一般大學,1176,稻江科技暨管理學院,碩士在職專班,45,31,14
108,私立,技專校院,1182,蘭陽技術學院,附設進專,68,45,23
108,私立,技專校院,1182,蘭陽技術學院,附設進院,199,104,95
108,私立,技專校院,1182,蘭陽技術學院,五專,321,184,137
108,私立,技專校院,1182,蘭陽技術學院,學士班(日間),346,189,157
108,私立,技專校院,1183,黎明技術學院,二專(進修),4,1,3
108,私立,技專校院,1183,黎明技術學院,學士班(日間),3421,1797,1624
108,私立,技專校院,1183,黎明技術學院,學士班(進修),1171,687,484
108,私立,技專校院,1183,黎明技術學院,五專,464,397,67
108,私立,技專校院,1185,德育學校財團法人德育護理健康學院,附設進專,230,40,190
108,私立,技專校院,1185,德育學校財團法人德育護理健康學院,學士班(日間),2196,778,1418
108,私立,技專校院,1185,德育學校財團法人德育護理健康學院,學士班(進修),206,44,162
108,私立,技專校院,1185,德育學校財團法人德育護理健康學院,附設進院,589,105,484
108,私立,技專校院,1185,德育學校財團法人德育護理健康學院,五專,1227,360,867
108,私立,技專校院,1185,德育學校財團法人德育護理健康學院,碩士在職專班,45,8,37
108,私立,技專校院,1185,德育學校財團法人德育護理健康學院,碩士班(日間),35,6,29
108,私立,技專校院,1188,大同技術學院,附設進專,73,22,51
108,私立,技專校院,1188,大同技術學院,學士班(日間),792,348,444
108,私立,技專校院,1188,大同技術學院,五專,94,44,50
108,私立,技專校院,1188,大同技術學院,學士班(進修),451,122,329
108,私立,技專校院,1192,臺灣觀光學院,二專(進修),60,21,39
108,私立,技專校院,1192,臺灣觀光學院,學士班(日間),263,138,125
108,私立,技專校院,1192,臺灣觀光學院,學士班(進修),172,71,101
108,私立,技專校院,1192,臺灣觀光學院,碩士班(日間),26,12,14
108,私立,技專校院,1192,臺灣觀光學院,五專,87,41,46
108,私立,一般大學,1195,馬偕學校財團法人馬偕醫學院,學士班(日間),641,220,421
108,私立,一般大學,1195,馬偕學校財團法人馬偕醫學院,博士班,2,2,0
108,私立,一般大學,1195,馬偕學校財團法人馬偕醫學院,碩士班(日間),41,15,26
108,私立,一般大學,1196,法鼓學校財團法人法鼓文理學院,碩士班(日間),224,66,158
108,私立,一般大學,1196,法鼓學校財團法人法鼓文理學院,學士班(日間),61,24,37
108,私立,一般大學,1196,法鼓學校財團法人法鼓文理學院,博士班,20,8,12
108,私立,技專校院,1282,馬偕學校財團法人馬偕醫護管理專科學校,二專(進修),242,108,134
108,私立,技專校院,1282,馬偕學校財團法人馬偕醫護管理專科學校,五專,3927,469,3458
108,私立,技專校院,1282,馬偕學校財團法人馬偕醫護管理專科學校,二專(日間),54,15,39
108,私立,技專校院,1283,仁德醫護管理專科學校,二專(進修),391,198,193
108,私立,技專校院,1283,仁德醫護管理專科學校,五專,6042,1294,4748
108,私立,技專校院,1284,樹人醫護管理專科學校,二專(進修),545,316,229
108,私立,技專校院,1284,樹人醫護管理專科學校,五專,6741,1551,5190
108,私立,技專校院,1285,慈惠醫護管理專科學校,二專(日間),103,36,67
108,私立,技專校院,1285,慈惠醫護管理專科學校,五專,4130,896,3234
108,私立,技專校院,1285,慈惠醫護管理專科學校,二專(進修),271,94,177
108,私立,技專校院,1286,耕莘健康管理專科學校,二專(進修),119,3,116
108,私立,技專校院,1286,耕莘健康管理專科學校,五專,4792,454,4338
108,私立,技專校院,1287,敏惠醫護管理專科學校,五專,3904,467,3437
108,私立,技專校院,1289,育英醫護管理專科學校,五專,1996,227,1769
108,私立,技專校院,1291,聖母醫護管理專科學校,二專(日間),22,17,5
108,私立,技專校院,1291,聖母醫護管理專科學校,二專(進修),18,8,10
108,私立,技專校院,1291,聖母醫護管理專科學校,五專,2521,516,2005
108,私立,技專校院,1292,新生醫護管理專科學校,二專(進修),76,23,53
108,私立,技專校院,1292,新生醫護管理專科學校,五專,5955,722,5233
108,私立,技專校院,1293,崇仁醫護管理專科學校,五專,3330,410,2920
108,私立,宗教研修學院,1R02,學校財團法人中華浸信會基督教台灣浸會神學院,碩士班(日間),41,19,22
108,私立,宗教研修學院,1R03,臺北基督學院,學士班(日間),81,39,42
108,私立,宗教研修學院,1R04,財團法人一貫道天皇基金會一貫道天皇學院,碩士班(日間),34,13,21
108,私立,宗教研修學院,1R04,財團法人一貫道天皇基金會一貫道天皇學院,碩士在職專班,62,29,33
108,私立,宗教研修學院,1R04,財團法人一貫道天皇基金會一貫道天皇學院,學士班(日間),75,30,45
108,私立,宗教研修學院,1R05,台神學校財團法人台灣神學研究學院,碩士班(日間),107,40,67
108,私立,宗教研修學院,1R06,一貫道崇德學院,碩士班(日間),58,25,33
108,私立,宗教研修學院,1R07,台灣基督長老教會南神神學院,碩士班(日間),67,24,43
108,公立,一般大學,3002,臺北市立大學,博士班,234,101,133
108,公立,一般大學,3002,臺北市立大學,碩士班(日間),1215,420,795
108,公立,一般大學,3002,臺北市立大學,碩士在職專班,1090,298,792
108,公立,一般大學,3002,臺北市立大學,學士班(日間),5270,2335,2935
109,公立,一般大學,0001,國立政治大學,學士班(日間),9632,4019,5613
109,公立,一般大學,0001,國立政治大學,博士班,949,526,423
109,公立,一般大學,0001,國立政治大學,碩士班(日間),4004,1832,2172
109,公立,一般大學,0001,國立政治大學,碩士在職專班,1766,905,861
109,公立,一般大學,0002,國立清華大學,學士班(日間),8628,4696,3932
109,公立,一般大學,0002,國立清華大學,碩士在職專班,1316,447,869
109,公立,一般大學,0002,國立清華大學,博士班,1615,1170,445
109,公立,一般大學,0002,國立清華大學,碩士班(日間),5358,3295,2063
109,公立,一般大學,0003,國立臺灣大學,博士班,3545,2471,1074
109,公立,一般大學,0003,國立臺灣大學,碩士在職專班,1675,1037,638
109,公立,一般大學,0003,國立臺灣大學,學士班(日間),16756,9444,7312
109,公立,一般大學,0003,國立臺灣大學,碩士班(日間),10551,6301,4250
109,公立,一般大學,0004,國立臺灣師範大學,博士班,1363,641,722
109,公立,一般大學,0004,國立臺灣師範大學,碩士班(日間),4255,1847,2408
109,公立,一般大學,0004,國立臺灣師範大學,碩士在職專班,2129,632,1497
109,公立,一般大學,0004,國立臺灣師範大學,學士班(日間),8173,3625,4548
109,公立,一般大學,0005,國立成功大學,碩士在職專班,1499,933,566
109,公立,一般大學,0005,國立成功大學,學士班(日間),11441,7079,4362
109,公立,一般大學,0005,國立成功大學,博士班,1818,1235,583
109,公立,一般大學,0005,國立成功大學,碩士班(日間),7015,4417,2598
109,公立,一般大學,0006,國立中興大學,學士班(日間),7990,4565,3425
109,公立,一般大學,0006,國立中興大學,學士班(進修),933,413,520
109,公立,一般大學,0006,國立中興大學,博士班,935,657,278
109,公立,一般大學,0006,國立中興大學,碩士班(日間),3453,2018,1435
109,公立,一般大學,0006,國立中興大學,碩士在職專班,1663,1073,590
109,公立,一般大學,0007,國立陽明交通大學,碩士班(日間),5955,4074,1881
109,公立,一般大學,0007,國立陽明交通大學,碩士在職專班,1600,1077,523
109,公立,一般大學,0007,國立陽明交通大學,學士班(日間),5905,4036,1869
109,公立,一般大學,0007,國立陽明交通大學,博士班,1722,1332,390
109,公立,一般大學,0008,國立中央大學,學士班(日間),6016,3748,2268
109,公立,一般大學,0008,國立中央大學,博士班,1031,729,302
109,公立,一般大學,0008,國立中央大學,碩士班(日間),3516,2331,1185
109,公立,一般大學,0008,國立中央大學,碩士在職專班,1375,853,522
109,公立,一般大學,0009,國立中山大學,學士班(日間),4793,2937,1856
109,公立,一般大學,0009,國立中山大學,博士班,811,540,271
109,公立,一般大學,0009,國立中山大學,碩士班(日間),2997,1902,1095
109,公立,一般大學,0009,國立中山大學,碩士在職專班,1105,549,556
109,公立,一般大學,0012,國立臺灣海洋大學,學士班(日間),5929,4072,1857
109,公立,一般大學,0012,國立臺灣海洋大學,學士班(進修),603,379,224
109,公立,一般大學,0012,國立臺灣海洋大學,博士班,333,246,87
109,公立,一般大學,0012,國立臺灣海洋大學,碩士班(日間),1445,944,501
109,公立,一般大學,0012,國立臺灣海洋大學,碩士在職專班,595,368,227
109,公立,一般大學,0013,國立中正大學,學士班(日間),6311,3429,2882
109,公立,一般大學,0013,國立中正大學,博士班,574,376,198
109,公立,一般大學,0013,國立中正大學,碩士班(日間),2831,1759,1072
109,公立,一般大學,0013,國立中正大學,碩士在職專班,1412,621,791
109,公立,一般大學,0014,國立高雄師範大學,學士班(日間),3659,1750,1909
109,公立,一般大學,0014,國立高雄師範大學,博士班,463,223,240
109,公立,一般大學,0014,國立高雄師範大學,碩士班(日間),1409,489,920
109,公立,一般大學,0014,國立高雄師範大學,碩士在職專班,1314,468,846
109,公立,一般大學,0015,國立彰化師範大學,學士班(日間),4898,2615,2283
109,公立,一般大學,0015,國立彰化師範大學,博士班,495,300,195
109,公立,一般大學,0015,國立彰化師範大學,碩士班(日間),1648,849,799
109,公立,一般大學,0015,國立彰化師範大學,碩士在職專班,1412,603,809
109,公立,一般大學,0016,國立陽明大學,碩士班(日間),1364,525,839
109,公立,一般大學,0016,國立陽明大學,學士班(日間),2108,1143,965
109,公立,一般大學,0016,國立陽明大學,博士班,907,515,392
109,公立,一般大學,0016,國立陽明大學,碩士在職專班,155,50,105
109,公立,一般大學,0017,國立臺北大學,博士班,210,139,71
109,公立,一般大學,0017,國立臺北大學,碩士班(日間),1393,734,659
109,公立,一般大學,0017,國立臺北大學,碩士在職專班,583,280,303
109,公立,一般大學,0017,國立臺北大學,學士班(日間),5812,2628,3184
109,公立,一般大學,0017,國立臺北大學,學士班(進修),2082,810,1272
109,公立,一般大學,0018,國立嘉義大學,博士班,197,112,85
109,公立,一般大學,0018,國立嘉義大學,碩士班(日間),1292,619,673
109,公立,一般大學,0018,國立嘉義大學,學士班(日間),7374,3780,3594
109,公立,一般大學,0018,國立嘉義大學,學士班(進修),1940,1220,720
109,公立,一般大學,0018,國立嘉義大學,碩士在職專班,886,338,548
109,公立,一般大學,0019,國立高雄大學,學士班(進修),160,98,62
109,公立,一般大學,0019,國立高雄大學,碩士班(日間),646,424,222
109,公立,一般大學,0019,國立高雄大學,碩士在職專班,515,314,201
109,公立,一般大學,0019,國立高雄大學,學士班(日間),4388,2526,1862
109,公立,一般大學,0019,國立高雄大學,博士班,32,28,4
109,公立,一般大學,0020,國立東華大學,碩士班(日間),1379,693,686
109,公立,一般大學,0020,國立東華大學,碩士在職專班,549,238,311
109,公立,一般大學,0020,國立東華大學,學士班(日間),7660,3612,4048
109,公立,一般大學,0020,國立東華大學,博士班,420,242,178
109,公立,一般大學,0021,國立暨南國際大學,學士班(日間),4442,2058,2384
109,公立,一般大學,0021,國立暨南國際大學,碩士班(日間),789,375,414
109,公立,一般大學,0021,國立暨南國際大學,博士班,323,170,153
109,公立,一般大學,0021,國立暨南國際大學,碩士在職專班,462,173,289
109,公立,技專校院,0022,國立臺灣科技大學,學士班(日間),5726,3991,1735
109,公立,技專校院,0022,國立臺灣科技大學,博士班,1033,795,238
109,公立,技專校院,0022,國立臺灣科技大學,碩士班(日間),3600,2495,1105
109,公立,技專校院,0022,國立臺灣科技大學,碩士在職專班,812,506,306
109,公立,技專校院,0023,國立雲林科技大學,學士班(日間),6460,3881,2579
109,公立,技專校院,0023,國立雲林科技大學,學士班(進修),179,72,107
109,公立,技專校院,0023,國立雲林科技大學,博士班,432,269,163
109,公立,技專校院,0023,國立雲林科技大學,碩士班(日間),1930,1194,736
109,公立,技專校院,0023,國立雲林科技大學,碩士在職專班,807,463,344
109,公立,技專校院,0024,國立屏東科技大學,學士班(日間),7704,4123,3581
109,公立,技專校院,0024,國立屏東科技大學,碩士班(日間),1086,606,480
109,公立,技專校院,0024,國立屏東科技大學,學士班(進修),1494,919,575
109,公立,技專校院,0024,國立屏東科技大學,博士班,246,155,91
109,公立,技專校院,0024,國立屏東科技大學,碩士在職專班,288,191,97
109,公立,技專校院,0025,國立臺北科技大學,學士班(進修),1932,1630,302
109,公立,技專校院,0025,國立臺北科技大學,附設進院,15,15,0
109,公立,技專校院,0025,國立臺北科技大學,五專,96,78,18
109,公立,技專校院,0025,國立臺北科技大學,碩士班(日間),3081,2258,823
109,公立,技專校院,0025,國立臺北科技大學,碩士在職專班,1622,1142,480
109,公立,技專校院,0025,國立臺北科技大學,學士班(日間),6366,4446,1920
109,公立,技專校院,0025,國立臺北科技大學,博士班,740,578,162
109,公立,一般大學,0028,國立臺北藝術大學,學士班(日間),1767,656,1111
109,公立,一般大學,0028,國立臺北藝術大學,七年一貫,82,35,47
109,公立,一般大學,0028,國立臺北藝術大學,博士班,112,49,63
109,公立,一般大學,0028,國立臺北藝術大學,碩士班(日間),1004,359,645
109,公立,一般大學,0028,國立臺北藝術大學,碩士在職專班,179,54,125
109,公立,一般大學,0029,國立臺灣藝術大學,學士班(進修),1948,596,1352
109,公立,一般大學,0029,國立臺灣藝術大學,博士班,134,62,72
109,公立,一般大學,0029,國立臺灣藝術大學,學士班(日間),2365,657,1708
109,公立,一般大學,0029,國立臺灣藝術大學,碩士班(日間),718,257,461
109,公立,一般大學,0029,國立臺灣藝術大學,碩士在職專班,380,157,223
109,公立,一般大學,0030,國立臺東大學,學士班(進修),358,149,209
109,公立,一般大學,0030,國立臺東大學,碩士班(日間),360,148,212
109,公立,一般大學,0030,國立臺東大學,碩士在職專班,575,158,417
109,公立,一般大學,0030,國立臺東大學,學士班(日間),3598,1785,1813
109,公立,一般大學,0030,國立臺東大學,博士班,48,21,27
109,公立,一般大學,0031,國立宜蘭大學,博士班,12,9,3
109,公立,一般大學,0031,國立宜蘭大學,碩士班(日間),469,320,149
109,公立,一般大學,0031,國立宜蘭大學,碩士在職專班,216,155,61
109,公立,一般大學,0031,國立宜蘭大學,學士班(日間),4373,2765,1608
109,公立,一般大學,0031,國立宜蘭大學,學士班(進修),406,270,136
109,公立,一般大學,0032,國立聯合大學,學士班(進修),1134,760,374
109,公立,一般大學,0032,國立聯合大學,博士班,17,16,1
109,公立,一般大學,0032,國立聯合大學,碩士班(日間),405,294,111
109,公立,一般大學,0032,國立聯合大學,學士班(日間),5965,4094,1871
109,公立,一般大學,0032,國立聯合大學,碩士在職專班,38,19,19
109,公立,技專校院,0033,國立虎尾科技大學,學士班(日間),7539,5786,1753
109,公立,技專校院,0033,國立虎尾科技大學,學士班(進修),2230,1772,458
109,公立,技專校院,0033,國立虎尾科技大學,博士班,48,42,6
109,公立,技專校院,0033,國立虎尾科技大學,二專(日間),56,50,6
109,公立,技專校院,0033,國立虎尾科技大學,附設進院,96,54,42
109,公立,技專校院,0033,國立虎尾科技大學,五專,174,153,21
109,公立,技專校院,0033,國立虎尾科技大學,碩士班(日間),800,658,142
109,公立,技專校院,0033,國立虎尾科技大學,碩士在職專班,191,134,57
109,公立,一般大學,0035,國立臺南藝術大學,學士班(日間),781,252,529
109,公立,一般大學,0035,國立臺南藝術大學,七年一貫,170,73,97
109,公立,一般大學,0035,國立臺南藝術大學,博士班,52,25,27
109,公立,一般大學,0035,國立臺南藝術大學,碩士班(日間),539,182,357
109,公立,一般大學,0035,國立臺南藝術大學,碩士在職專班,57,19,38
109,公立,一般大學,0036,國立臺南大學,學士班(日間),3885,1829,2056
109,公立,一般大學,0036,國立臺南大學,學士班(進修),153,87,66
109,公立,一般大學,0036,國立臺南大學,博士班,163,74,89
109,公立,一般大學,0036,國立臺南大學,碩士班(日間),915,401,514
109,公立,一般大學,0036,國立臺南大學,碩士在職專班,657,212,445
109,公立,一般大學,0037,國立臺北教育大學,學士班(日間),3349,1119,2230
109,公立,一般大學,0037,國立臺北教育大學,博士班,153,64,89
109,公立,一般大學,0037,國立臺北教育大學,碩士班(日間),1362,427,935
109,公立,一般大學,0037,國立臺北教育大學,碩士在職專班,1021,250,771
109,公立,一般大學,0039,國立臺中教育大學,博士班,112,43,69
109,公立,一般大學,0039,國立臺中教育大學,碩士班(日間),831,279,552
109,公立,一般大學,0039,國立臺中教育大學,碩士在職專班,763,161,602
109,公立,一般大學,0039,國立臺中教育大學,學士班(日間),3196,1142,2054
109,公立,技專校院,0042,國立澎湖科技大學,學士班(日間),2599,1564,1035
109,公立,技專校院,0042,國立澎湖科技大學,五專,34,31,3
109,公立,技專校院,0042,國立澎湖科技大學,碩士班(日間),74,38,36
109,公立,技專校院,0042,國立澎湖科技大學,學士班(進修),301,149,152
109,公立,技專校院,0042,國立澎湖科技大學,碩士在職專班,39,24,15
109,公立,技專校院,0043,國立勤益科技大學,二專(進修),479,363,116
109,公立,技專校院,0043,國立勤益科技大學,學士班(日間),6724,4619,2105
109,公立,技專校院,0043,國立勤益科技大學,博士班,34,30,4
109,公立,技專校院,0043,國立勤益科技大學,學士班(進修),4029,3358,671
109,公立,技專校院,0043,國立勤益科技大學,碩士班(日間),584,444,140
109,公立,技專校院,0043,國立勤益科技大學,碩士在職專班,284,225,59
109,公立,一般大學,0044,國立體育大學,學士班(日間),1772,1113,659
109,公立,一般大學,0044,國立體育大學,學士班(進修),92,58,34
109,公立,一般大學,0044,國立體育大學,博士班,158,112,46
109,公立,一般大學,0044,國立體育大學,碩士班(日間),341,190,151
109,公立,一般大學,0044,國立體育大學,碩士在職專班,223,140,83
109,公立,技專校院,0046,國立臺北護理健康大學,博士班,74,7,67
109,公立,技專校院,0046,國立臺北護理健康大學,碩士班(日間),574,98,476
109,公立,技專校院,0046,國立臺北護理健康大學,學士班(日間),3773,821,2952
109,公立,技專校院,0046,國立臺北護理健康大學,學士班(進修),723,36,687
109,公立,技專校院,0046,國立臺北護理健康大學,碩士在職專班,194,28,166
109,公立,技專校院,0047,國立高雄餐旅大學,二專(進修),1,0,1
109,公立,技專校院,0047,國立高雄餐旅大學,學士班(日間),3140,965,2175
109,公立,技專校院,0047,國立高雄餐旅大學,博士班,35,18,17
109,公立,技專校院,0047,國立高雄餐旅大學,學士班(進修),1299,398,901
109,公立,技專校院,0047,國立高雄餐旅大學,五專,249,101,148
109,公立,技專校院,0047,國立高雄餐旅大學,碩士班(日間),168,57,111
109,公立,技專校院,0047,國立高雄餐旅大學,碩士在職專班,37,13,24
109,公立,一般大學,0048,國立金門大學,學士班(日間),2977,1566,1411
109,公立,一般大學,0048,國立金門大學,碩士在職專班,103,72,31
109,公立,一般大學,0048,國立金門大學,學士班(進修),842,481,361
109,公立,一般大學,0048,國立金門大學,碩士班(日間),209,128,81
109,公立,一般大學,0049,國立臺灣體育運動大學,學士班(日間),2362,1336,1026
109,公立,一般大學,0049,國立臺灣體育運動大學,學士班(進修),380,273,107
109,公立,一般大學,0049,國立臺灣體育運動大學,博士班,7,3,4
109,公立,一般大學,0049,國立臺灣體育運動大學,碩士班(日間),261,134,127
109,公立,一般大學,0049,國立臺灣體育運動大學,碩士在職專班,112,72,40
109,公立,技專校院,0050,國立臺中科技大學,二專(進修),1285,497,788
109,公立,技專校院,0050,國立臺中科技大學,學士班(日間),6739,1946,4793
109,公立,技專校院,0050,國立臺中科技大學,五專,3473,891,2582
109,公立,技專校院,0050,國立臺中科技大學,學士班(進修),3956,1342,2614
109,公立,技專校院,0050,國立臺中科技大學,碩士班(日間),417,178,239
109,公立,技專校院,0050,國立臺中科技大學,碩士在職專班,221,99,122
109,公立,技專校院,0051,國立臺北商業大學,二專(進修),738,281,457
109,公立,技專校院,0051,國立臺北商業大學,學士班(日間),3155,932,2223
109,公立,技專校院,0051,國立臺北商業大學,五專,1752,473,1279
109,公立,技專校院,0051,國立臺北商業大學,碩士班(日間),281,116,165
109,公立,技專校院,0051,國立臺北商業大學,學士班(進修),1647,562,1085
109,公立,技專校院,0051,國立臺北商業大學,博士班,6,5,1
109,公立,技專校院,0051,國立臺北商業大學,碩士在職專班,53,26,27
109,公立,一般大學,0052,國立屏東大學,博士班,44,22,22
109,公立,一般大學,0052,國立屏東大學,碩士班(日間),840,319,521
109,公立,一般大學,0052,國立屏東大學,碩士在職專班,688,228,460
109,公立,一般大學,0052,國立屏東大學,學士班(日間),6655,2748,3907
109,公立,一般大學,0052,國立屏東大學,學士班(進修),800,364,436
109,公立,技專校院,0053,國立高雄科技大學,學士班(日間),17688,10953,6735
109,公立,技專校院,0053,國立高雄科技大學,五專,739,602,137
109,公立,技專校院,0053,國立高雄科技大學,學士班(進修),4059,2747,1312
109,公立,技專校院,0053,國立高雄科技大學,附設進院,690,371,319
109,公立,技專校院,0053,國立高雄科技大學,博士班,563,437,126
109,公立,技專校院,0053,國立高雄科技大學,碩士班(日間),2379,1646,733
109,公立,技專校院,0053,國立高雄科技大學,碩士在職專班,2010,1317,693
109,公立,技專校院,0144,國立臺灣戲曲學院,學士班(日間),546,184,362
109,公立,技專校院,0221,國立臺南護理專科學校,二專(日間),115,9,106
109,公立,技專校院,0221,國立臺南護理專科學校,五專,1801,152,1649
109,公立,技專校院,0221,國立臺南護理專科學校,二專(進修),1,1,0
109,公立,技專校院,0222,國立臺東專科學校,二專(日間),595,435,160
109,公立,技專校院,0222,國立臺東專科學校,二專(進修),125,77,48
109,公立,技專校院,0222,國立臺東專科學校,五專,321,143,178
109,私立,一般大學,1001,東海大學,博士班,250,145,105
109,私立,一般大學,1001,東海大學,碩士班(日間),1224,609,615
109,私立,一般大學,1001,東海大學,碩士在職專班,767,378,389
109,私立,一般大學,1001,東海大學,學士班(日間),13024,5714,7310
109,私立,一般大學,1001,東海大學,學士班(進修),445,228,217
109,私立,一般大學,1002,輔仁大學,碩士班(日間),1943,817,1126
109,私立,一般大學,1002,輔仁大學,學士班(日間),17584,7279,10305
109,私立,一般大學,1002,輔仁大學,學士班(進修),4259,1633,2626
109,私立,一般大學,1002,輔仁大學,博士班,432,245,187
109,私立,一般大學,1002,輔仁大學,碩士在職專班,1433,549,884
109,私立,一般大學,1003,東吳大學,學士班(進修),997,359,638
109,私立,一般大學,1003,東吳大學,博士班,118,64,54
109,私立,一般大學,1003,東吳大學,碩士班(日間),1294,577,717
109,私立,一般大學,1003,東吳大學,碩士在職專班,1205,559,646
109,私立,一般大學,1003,東吳大學,學士班(日間),11760,4613,7147
109,私立,一般大學,1004,中原大學,碩士班(日間),1605,910,695
109,私立,一般大學,1004,中原大學,碩士在職專班,895,532,363
109,私立,一般大學,1004,中原大學,學士班(日間),13560,7250,6310
109,私立,一般大學,1004,中原大學,博士班,345,236,109
109,私立,一般大學,1005,淡江大學學校財團法人淡江大學,學士班(日間),20239,10446,9793
109,私立,一般大學,1005,淡江大學學校財團法人淡江大學,碩士班(日間),1572,895,677
109,私立,一般大學,1005,淡江大學學校財團法人淡江大學,學士班(進修),1249,702,547
109,私立,一般大學,1005,淡江大學學校財團法人淡江大學,博士班,394,260,134
109,私立,一般大學,1005,淡江大學學校財團法人淡江大學,碩士在職專班,755,392,363
109,私立,一般大學,1006,中國文化大學,學士班(日間),20402,10041,10361
109,私立,一般大學,1006,中國文化大學,學士班(進修),1653,709,944
109,私立,一般大學,1006,中國文化大學,博士班,511,329,182
109,私立,一般大學,1006,中國文化大學,碩士班(日間),1588,839,749
109,私立,一般大學,1006,中國文化大學,碩士在職專班,634,257,377
109,私立,一般大學,1007,逢甲大學,博士班,425,308,117
109,私立,一般大學,1007,逢甲大學,碩士班(日間),1494,1030,464
109,私立,一般大學,1007,逢甲大學,碩士在職專班,1056,650,406
109,私立,一般大學,1007,逢甲大學,學士班(日間),17208,10206,7002
109,私立,一般大學,1007,逢甲大學,學士班(進修),876,523,353
109,私立,一般大學,1008,靜宜大學,博士班,47,21,26
109,私立,一般大學,1008,靜宜大學,碩士班(日間),597,215,382
109,私立,一般大學,1008,靜宜大學,碩士在職專班,324,157,167
109,私立,一般大學,1008,靜宜大學,學士班(日間),11050,4192,6858
109,私立,一般大學,1009,長庚大學,碩士班(日間),1088,539,549
109,私立,一般大學,1009,長庚大學,碩士在職專班,181,88,93
109,私立,一般大學,1009,長庚大學,學士班(日間),5099,2532,2567
109,私立,一般大學,1009,長庚大學,博士班,443,308,135
109,私立,一般大學,1010,元智大學,博士班,267,197,70
109,私立,一般大學,1010,元智大學,碩士班(日間),794,521,273
109,私立,一般大學,1010,元智大學,學士班(日間),7092,4020,3072
109,私立,一般大學,1010,元智大學,碩士在職專班,586,376,210
109,私立,一般大學,1011,中華大學學校財團法人中華大學,學士班(日間),4048,2623,1425
109,私立,一般大學,1011,中華大學學校財團法人中華大學,學士班(進修),366,247,119
109,私立,一般大學,1011,中華大學學校財團法人中華大學,博士班,72,53,19
109,私立,一般大學,1011,中華大學學校財團法人中華大學,碩士班(日間),309,178,131
109,私立,一般大學,1011,中華大學學校財團法人中華大學,碩士在職專班,153,95,58
109,私立,一般大學,1012,大葉大學,學士班(日間),6238,3383,2855
109,私立,一般大學,1012,大葉大學,學士班(進修),613,312,301
109,私立,一般大學,1012,大葉大學,博士班,121,85,36
109,私立,一般大學,1012,大葉大學,碩士班(日間),467,248,219
109,私立,一般大學,1012,大葉大學,碩士在職專班,331,135,196
109,私立,一般大學,1013,華梵學校財團法人華梵大學,碩士班(日間),186,97,89
109,私立,一般大學,1013,華梵學校財團法人華梵大學,碩士在職專班,172,74,98
109,私立,一般大學,1013,華梵學校財團法人華梵大學,學士班(日間),746,396,350
109,私立,一般大學,1013,華梵學校財團法人華梵大學,博士班,61,33,28
109,私立,一般大學,1014,義守大學,博士班,156,109,47
109,私立,一般大學,1014,義守大學,碩士班(日間),359,199,160
109,私立,一般大學,1014,義守大學,學士班(日間),12112,6089,6023
109,私立,一般大學,1014,義守大學,學士班(進修),1364,901,463
109,私立,一般大學,1014,義守大學,碩士在職專班,360,241,119
109,私立,一般大學,1015,世新大學,學士班(日間),9431,3325,6106
109,私立,一般大學,1015,世新大學,博士班,99,49,50
109,私立,一般大學,1015,世新大學,學士班(進修),472,178,294
109,私立,一般大學,1015,世新大學,碩士班(日間),566,268,298
109,私立,一般大學,1015,世新大學,碩士在職專班,655,355,300
109,私立,一般大學,1016,銘傳大學,博士班,77,38,39
109,私立,一般大學,1016,銘傳大學,碩士班(日間),713,304,409
109,私立,一般大學,1016,銘傳大學,學士班(日間),17052,6598,10454
109,私立,一般大學,1016,銘傳大學,碩士在職專班,772,355,417
109,私立,一般大學,1017,實踐大學,學士班(日間),10683,3442,7241
109,私立,一般大學,1017,實踐大學,學士班(進修),1983,649,1334
109,私立,一般大學,1017,實踐大學,博士班,30,12,18
109,私立,一般大學,1017,實踐大學,碩士班(日間),401,168,233
109,私立,一般大學,1017,實踐大學,碩士在職專班,119,40,79
109,私立,技專校院,1018,朝陽科技大學,學士班(日間),11491,4890,6601
109,私立,技專校院,1018,朝陽科技大學,學士班(進修),2457,1286,1171
109,私立,技專校院,1018,朝陽科技大學,碩士在職專班,366,170,196
109,私立,技專校院,1018,朝陽科技大學,博士班,107,73,34
109,私立,技專校院,1018,朝陽科技大學,碩士班(日間),629,333,296
109,私立,一般大學,1019,高雄醫學大學,學士班(日間),5221,2190,3031
109,私立,一般大學,1019,高雄醫學大學,碩士在職專班,215,90,125
109,私立,一般大學,1019,高雄醫學大學,學士班(進修),12,0,12
109,私立,一般大學,1019,高雄醫學大學,博士班,330,166,164
109,私立,一般大學,1019,高雄醫學大學,碩士班(日間),712,201,511
109,私立,一般大學,1020,南華大學,碩士班(日間),601,246,355
109,私立,一般大學,1020,南華大學,碩士在職專班,398,141,257
109,私立,一般大學,1020,南華大學,學士班(日間),4324,2018,2306
109,私立,一般大學,1020,南華大學,學士班(進修),321,207,114
109,私立,一般大學,1020,南華大學,博士班,57,36,21
109,私立,一般大學,1021,真理大學,碩士班(日間),118,73,45
109,私立,一般大學,1021,真理大學,碩士在職專班,21,12,9
109,私立,一般大學,1021,真理大學,學士班(日間),5072,2510,2562
109,私立,一般大學,1021,真理大學,學士班(進修),44,33,11
109,私立,一般大學,1022,大同大學,碩士班(日間),228,164,64
109,私立,一般大學,1022,大同大學,碩士在職專班,129,99,30
109,私立,一般大學,1022,大同大學,學士班(日間),3545,2164,1381
109,私立,一般大學,1022,大同大學,博士班,110,67,43
109,私立,技專校院,1023,南臺學校財團法人南臺科技大學,碩士班(日間),793,443,350
109,私立,技專校院,1023,南臺學校財團法人南臺科技大學,碩士在職專班,352,178,174
109,私立,技專校院,1023,南臺學校財團法人南臺科技大學,學士班(日間),12640,7211,5429
109,私立,技專校院,1023,南臺學校財團法人南臺科技大學,學士班(進修),3892,2422,1470
109,私立,技專校院,1023,南臺學校財團法人南臺科技大學,五專,250,222,28
109,私立,技專校院,1023,南臺學校財團法人南臺科技大學,博士班,97,71,26
109,私立,技專校院,1024,崑山科技大學,二專(進修),35,17,18
109,私立,技專校院,1024,崑山科技大學,學士班(日間),7065,4268,2797
109,私立,技專校院,1024,崑山科技大學,學士班(進修),2940,1902,1038
109,私立,技專校院,1024,崑山科技大學,博士班,36,29,7
109,私立,技專校院,1024,崑山科技大學,碩士班(日間),305,187,118
109,私立,技專校院,1024,崑山科技大學,碩士在職專班,156,109,47
109,私立,技專校院,1025,嘉藥學校財團法人嘉南藥理大學,碩士班(日間),188,87,101
109,私立,技專校院,1025,嘉藥學校財團法人嘉南藥理大學,碩士在職專班,194,80,114
109,私立,技專校院,1025,嘉藥學校財團法人嘉南藥理大學,學士班(日間),9512,4011,5501
109,私立,技專校院,1025,嘉藥學校財團法人嘉南藥理大學,學士班(進修),2337,1012,1325
109,私立,技專校院,1025,嘉藥學校財團法人嘉南藥理大學,五專,3,2,1
109,私立,技專校院,1026,樹德科技大學,博士班,34,16,18
109,私立,技專校院,1026,樹德科技大學,碩士班(日間),249,112,137
109,私立,技專校院,1026,樹德科技大學,碩士在職專班,424,194,230
109,私立,技專校院,1026,樹德科技大學,二專(進修),450,201,249
109,私立,技專校院,1026,樹德科技大學,學士班(日間),7438,3142,4296
109,私立,技專校院,1026,樹德科技大學,學士班(進修),1901,1013,888
109,私立,一般大學,1027,慈濟學校財團法人慈濟大學,學士班(日間),2896,1111,1785
109,私立,一般大學,1027,慈濟學校財團法人慈濟大學,博士班,114,62,52
109,私立,一般大學,1027,慈濟學校財團法人慈濟大學,碩士班(日間),344,105,239
109,私立,一般大學,1027,慈濟學校財團法人慈濟大學,碩士在職專班,29,6,23
109,私立,一般大學,1028,臺北醫學大學,學士班(日間),4479,1850,2629
109,私立,一般大學,1028,臺北醫學大學,博士班,563,311,252
109,私立,一般大學,1028,臺北醫學大學,碩士班(日間),644,222,422
109,私立,一般大學,1028,臺北醫學大學,碩士在職專班,307,79,228
109,私立,一般大學,1029,中山醫學大學,博士班,180,108,72
109,私立,一般大學,1029,中山醫學大學,碩士班(日間),514,179,335
109,私立,一般大學,1029,中山醫學大學,碩士在職專班,162,36,126
109,私立,一般大學,1029,中山醫學大學,學士班(日間),5853,2071,3782
109,私立,一般大學,1029,中山醫學大學,學士班(進修),124,39,85
109,私立,技專校院,1030,龍華科技大學,學士班(日間),6975,4597,2378
109,私立,技專校院,1030,龍華科技大學,學士班(進修),3674,2820,854
109,私立,技專校院,1030,龍華科技大學,五專,555,486,69
109,私立,技專校院,1030,龍華科技大學,碩士班(日間),290,206,84
109,私立,技專校院,1030,龍華科技大學,碩士在職專班,112,84,28
109,私立,技專校院,1031,輔英科技大學,碩士班(日間),159,43,116
109,私立,技專校院,1031,輔英科技大學,碩士在職專班,103,6,97
109,私立,技專校院,1031,輔英科技大學,學士班(日間),5159,1615,3544
109,私立,技專校院,1031,輔英科技大學,學士班(進修),1619,649,970
109,私立,技專校院,1031,輔英科技大學,五專,2751,299,2452
109,私立,技專校院,1032,明新學校財團法人明新科技大學,學士班(進修),3672,2230,1442
109,私立,技專校院,1032,明新學校財團法人明新科技大學,碩士班(日間),223,146,77
109,私立,技專校院,1032,明新學校財團法人明新科技大學,碩士在職專班,286,208,78
109,私立,技專校院,1032,明新學校財團法人明新科技大學,二專(日間),37,35,2
109,私立,技專校院,1032,明新學校財團法人明新科技大學,二專(進修),214,149,65
109,私立,技專校院,1032,明新學校財團法人明新科技大學,學士班(日間),7454,4546,2908
109,私立,一般大學,1033,長榮大學,碩士班(日間),308,111,197
109,私立,一般大學,1033,長榮大學,碩士在職專班,122,78,44
109,私立,一般大學,1033,長榮大學,學士班(日間),7387,3233,4154
109,私立,一般大學,1033,長榮大學,學士班(進修),385,256,129
109,私立,一般大學,1033,長榮大學,博士班,46,33,13
109,私立,技專校院,1034,弘光科技大學,學士班(進修),4098,1596,2502
109,私立,技專校院,1034,弘光科技大學,五專,260,29,231
109,私立,技專校院,1034,弘光科技大學,碩士班(日間),186,57,129
109,私立,技專校院,1034,弘光科技大學,碩士在職專班,92,20,72
109,私立,技專校院,1034,弘光科技大學,二專(進修),130,16,114
109,私立,技專校院,1034,弘光科技大學,學士班(日間),7920,2678,5242
109,私立,技專校院,1034,弘光科技大學,博士班,14,2,12
109,私立,一般大學,1035,中國醫藥大學,學士班(進修),1,0,1
109,私立,一般大學,1035,中國醫藥大學,碩士班(日間),482,175,307
109,私立,一般大學,1035,中國醫藥大學,碩士在職專班,94,28,66
109,私立,一般大學,1035,中國醫藥大學,學士班(日間),6241,2662,3579
109,私立,一般大學,1035,中國醫藥大學,博士班,385,220,165
109,私立,技專校院,1036,健行學校財團法人健行科技大學,學士班(日間),6670,4502,2168
109,私立,技專校院,1036,健行學校財團法人健行科技大學,五專,1,1,0
109,私立,技專校院,1036,健行學校財團法人健行科技大學,學士班(進修),4279,2688,1591
109,私立,技專校院,1036,健行學校財團法人健行科技大學,碩士班(日間),283,182,101
109,私立,技專校院,1036,健行學校財團法人健行科技大學,碩士在職專班,46,28,18
109,私立,技專校院,1037,正修學校財團法人正修科技大學,二專(進修),1123,654,469
109,私立,技專校院,1037,正修學校財團法人正修科技大學,學士班(日間),8497,5198,3299
109,私立,技專校院,1037,正修學校財團法人正修科技大學,五專,200,156,44
109,私立,技專校院,1037,正修學校財團法人正修科技大學,碩士班(日間),362,203,159
109,私立,技專校院,1037,正修學校財團法人正修科技大學,學士班(進修),7093,4421,2672
109,私立,技專校院,1037,正修學校財團法人正修科技大學,博士班,13,13,0
109,私立,技專校院,1037,正修學校財團法人正修科技大學,碩士在職專班,185,127,58
109,私立,技專校院,1038,萬能學校財團法人萬能科技大學,二專(進修),62,7,55
109,私立,技專校院,1038,萬能學校財團法人萬能科技大學,學士班(日間),6098,3321,2777
109,私立,技專校院,1038,萬能學校財團法人萬能科技大學,學士班(進修),3273,1842,1431
109,私立,技專校院,1038,萬能學校財團法人萬能科技大學,碩士班(日間),152,73,79
109,私立,技專校院,1038,萬能學校財團法人萬能科技大學,碩士在職專班,106,60,46
109,私立,一般大學,1039,玄奘大學,學士班(日間),1945,818,1127
109,私立,一般大學,1039,玄奘大學,碩士班(日間),247,83,164
109,私立,一般大學,1039,玄奘大學,學士班(進修),72,29,43
109,私立,一般大學,1039,玄奘大學,博士班,2,0,2
109,私立,一般大學,1039,玄奘大學,碩士在職專班,142,48,94
109,私立,技專校院,1040,建國科技大學,二專(進修),120,86,34
109,私立,技專校院,1040,建國科技大學,學士班(日間),4003,2696,1307
109,私立,技專校院,1040,建國科技大學,學士班(進修),2346,1722,624
109,私立,技專校院,1040,建國科技大學,碩士班(日間),151,100,51
109,私立,技專校院,1041,明志科技大學,碩士班(日間),468,338,130
109,私立,技專校院,1041,明志科技大學,碩士在職專班,18,14,4
109,私立,技專校院,1041,明志科技大學,學士班(日間),3607,2636,971
109,私立,技專校院,1041,明志科技大學,學士班(進修),377,348,29
109,私立,技專校院,1041,明志科技大學,博士班,22,18,4
109,私立,技專校院,1042,台鋼學校財團法人台鋼科技大學,碩士班(日間),69,38,31
109,私立,技專校院,1042,台鋼學校財團法人台鋼科技大學,碩士在職專班,170,125,45
109,私立,技專校院,1042,台鋼學校財團法人台鋼科技大學,二專(進修),201,126,75
109,私立,技專校院,1042,台鋼學校財團法人台鋼科技大學,學士班(日間),1807,1222,585
109,私立,技專校院,1042,台鋼學校財團法人台鋼科技大學,學士班(進修),1263,955,308
109,私立,技專校院,1043,大仁科技大學,二專(進修),100,48,52
109,私立,技專校院,1043,大仁科技大學,學士班(日間),3400,1631,1769
109,私立,技專校院,1043,大仁科技大學,學士班(進修),1659,622,1037
109,私立,技專校院,1043,大仁科技大學,碩士班(日間),69,32,37
109,私立,技專校院,1043,大仁科技大學,碩士在職專班,161,82,79
109,私立,技專校院,1044,聖約翰科技大學,二專(進修),59,33,26
109,私立,技專校院,1044,聖約翰科技大學,學士班(日間),1484,969,515
109,私立,技專校院,1044,聖約翰科技大學,學士班(進修),389,306,83
109,私立,技專校院,1044,聖約翰科技大學,碩士在職專班,114,82,32
109,私立,技專校院,1044,聖約翰科技大學,五專,252,197,55
109,私立,技專校院,1044,聖約翰科技大學,碩士班(日間),93,68,25
109,私立,技專校院,1045,嶺東科技大學,學士班(日間),7301,2706,4595
109,私立,技專校院,1045,嶺東科技大學,碩士班(日間),255,118,137
109,私立,技專校院,1045,嶺東科技大學,碩士在職專班,166,110,56
109,私立,技專校院,1045,嶺東科技大學,學士班(進修),2788,1495,1293
109,私立,技專校院,1046,中國科技大學,學士班(進修),1740,1008,732
109,私立,技專校院,1046,中國科技大學,附設進院,314,153,161
109,私立,技專校院,1046,中國科技大學,二專(進修),473,238,235
109,私立,技專校院,1046,中國科技大學,學士班(日間),6374,2918,3456
109,私立,技專校院,1046,中國科技大學,碩士班(日間),151,86,65
109,私立,技專校院,1046,中國科技大學,碩士在職專班,77,55,22
109,私立,技專校院,1047,中臺科技大學,二專(日間),18,8,10
109,私立,技專校院,1047,中臺科技大學,學士班(日間),5167,2018,3149
109,私立,技專校院,1047,中臺科技大學,碩士班(日間),124,34,90
109,私立,技專校院,1047,中臺科技大學,學士班(進修),2600,688,1912
109,私立,技專校院,1047,中臺科技大學,博士班,15,11,4
109,私立,技專校院,1047,中臺科技大學,碩士在職專班,246,50,196
109,私立,一般大學,1048,亞洲大學,博士班,243,153,90
109,私立,一般大學,1048,亞洲大學,碩士班(日間),629,287,342
109,私立,一般大學,1048,亞洲大學,學士班(日間),9388,3314,6074
109,私立,一般大學,1048,亞洲大學,學士班(進修),774,374,400
109,私立,一般大學,1048,亞洲大學,碩士在職專班,387,194,193
109,私立,一般大學,1049,開南大學,學士班(進修),1000,562,438
109,私立,一般大學,1049,開南大學,碩士班(日間),222,84,138
109,私立,一般大學,1049,開南大學,碩士在職專班,333,196,137
109,私立,一般大學,1049,開南大學,學士班(日間),4032,1971,2061
109,私立,一般大學,1050,佛光大學,博士班,62,23,39
109,私立,一般大學,1050,佛光大學,碩士班(日間),449,175,274
109,私立,一般大學,1050,佛光大學,碩士在職專班,122,60,62
109,私立,一般大學,1050,佛光大學,學士班(日間),2825,1310,1515
109,私立,技專校院,1051,台南家專學校財團法人台南應用科技大學,學士班(日間),8394,2459,5935
109,私立,技專校院,1051,台南家專學校財團法人台南應用科技大學,學士班(進修),2766,988,1778
109,私立,技專校院,1051,台南家專學校財團法人台南應用科技大學,五專,1002,230,772
109,私立,技專校院,1051,台南家專學校財團法人台南應用科技大學,碩士班(日間),96,34,62
109,私立,技專校院,1051,台南家專學校財團法人台南應用科技大學,碩士在職專班,105,31,74
109,私立,技專校院,1052,中信金學校財團法人中信科技大學,二專(進修),263,160,103
109,私立,技專校院,1052,中信金學校財團法人中信科技大學,學士班(日間),3142,2166,976
109,私立,技專校院,1052,中信金學校財團法人中信科技大學,學士班(進修),1002,739,263
109,私立,技專校院,1052,中信金學校財團法人中信科技大學,碩士班(日間),274,154,120
109,私立,技專校院,1052,中信金學校財團法人中信科技大學,碩士在職專班,43,42,1
109,私立,技專校院,1053,光宇學校財團法人元培醫事科技大學,二專(進修),7,4,3
109,私立,技專校院,1053,光宇學校財團法人元培醫事科技大學,學士班(日間),3773,1646,2127
109,私立,技專校院,1053,光宇學校財團法人元培醫事科技大學,學士班(進修),2091,934,1157
109,私立,技專校院,1053,光宇學校財團法人元培醫事科技大學,博士班,1,1,0
109,私立,技專校院,1053,光宇學校財團法人元培醫事科技大學,碩士班(日間),270,128,142
109,私立,技專校院,1053,光宇學校財團法人元培醫事科技大學,碩士在職專班,44,10,34
109,私立,技專校院,1054,景文科技大學,二專(進修),154,88,66
109,私立,技專校院,1054,景文科技大學,學士班(日間),5058,2286,2772
109,私立,技專校院,1054,景文科技大學,學士班(進修),1358,679,679
109,私立,技專校院,1054,景文科技大學,碩士班(日間),41,28,13
109,私立,技專校院,1054,景文科技大學,碩士在職專班,45,27,18
109,私立,技專校院,1055,中華醫事科技大學,二專(進修),40,21,19
109,私立,技專校院,1055,中華醫事科技大學,學士班(日間),4066,1444,2622
109,私立,技專校院,1055,中華醫事科技大學,學士班(進修),1309,455,854
109,私立,技專校院,1055,中華醫事科技大學,二專(日間),39,19,20
109,私立,技專校院,1055,中華醫事科技大學,五專,3155,696,2459
109,私立,技專校院,1055,中華醫事科技大學,碩士班(日間),88,43,45
109,私立,技專校院,1055,中華醫事科技大學,碩士在職專班,27,12,15
109,私立,技專校院,1056,東南科技大學,學士班(日間),4392,2904,1488
109,私立,技專校院,1056,東南科技大學,學士班(進修),604,463,141
109,私立,技專校院,1056,東南科技大學,碩士班(日間),126,89,37
109,私立,技專校院,1056,東南科技大學,碩士在職專班,46,37,9
109,私立,技專校院,1057,德明財經科技大學,學士班(日間),6710,2815,3895
109,私立,技專校院,1057,德明財經科技大學,學士班(進修),603,329,274
109,私立,技專校院,1057,德明財經科技大學,附設進院,35,13,22
109,私立,技專校院,1057,德明財經科技大學,碩士班(日間),32,16,16
109,私立,技專校院,1057,德明財經科技大學,碩士在職專班,39,21,18
109,私立,一般大學,1058,明道學校財團法人明道大學,學士班(日間),1727,1002,725
109,私立,一般大學,1058,明道學校財團法人明道大學,博士班,28,16,12
109,私立,一般大學,1058,明道學校財團法人明道大學,學士班(進修),556,371,185
109,私立,一般大學,1058,明道學校財團法人明道大學,碩士班(日間),148,79,69
109,私立,一般大學,1058,明道學校財團法人明道大學,碩士在職專班,66,32,34
109,私立,技專校院,1060,南開科技大學,二專(進修),94,55,39
109,私立,技專校院,1060,南開科技大學,學士班(日間),2121,1428,693
109,私立,技專校院,1060,南開科技大學,學士班(進修),838,538,300
109,私立,技專校院,1060,南開科技大學,五專,545,455,90
109,私立,技專校院,1060,南開科技大學,碩士班(日間),84,40,44
109,私立,技專校院,1060,南開科技大學,碩士在職專班,73,29,44
109,私立,技專校院,1061,中華學校財團法人中華科技大學,學士班(進修),1012,749,263
109,私立,技專校院,1061,中華學校財團法人中華科技大學,碩士班(日間),226,171,55
109,私立,技專校院,1061,中華學校財團法人中華科技大學,碩士在職專班,126,107,19
109,私立,技專校院,1061,中華學校財團法人中華科技大學,二專(進修),156,84,72
109,私立,技專校院,1061,中華學校財團法人中華科技大學,學士班(日間),3253,2255,998
109,私立,技專校院,1062,僑光科技大學,學士班(日間),6247,2603,3644
109,私立,技專校院,1062,僑光科技大學,學士班(進修),4298,2445,1853
109,私立,技專校院,1062,僑光科技大學,碩士班(日間),45,21,24
109,私立,技專校院,1062,僑光科技大學,碩士在職專班,20,12,8
109,私立,技專校院,1063,廣亞學校財團法人育達科技大學,碩士在職專班,220,139,81
109,私立,技專校院,1063,廣亞學校財團法人育達科技大學,學士班(日間),1710,856,854
109,私立,技專校院,1063,廣亞學校財團法人育達科技大學,學士班(進修),1879,853,1026
109,私立,技專校院,1063,廣亞學校財團法人育達科技大學,碩士班(日間),153,78,75
109,私立,技專校院,1064,美和學校財團法人美和科技大學,五專,1789,242,1547
109,私立,技專校院,1064,美和學校財團法人美和科技大學,二專(進修),134,75,59
109,私立,技專校院,1064,美和學校財團法人美和科技大學,學士班(日間),2580,993,1587
109,私立,技專校院,1064,美和學校財團法人美和科技大學,學士班(進修),1483,415,1068
109,私立,技專校院,1064,美和學校財團法人美和科技大學,附設進院,260,100,160
109,私立,技專校院,1064,美和學校財團法人美和科技大學,碩士班(日間),116,45,71
109,私立,技專校院,1064,美和學校財團法人美和科技大學,碩士在職專班,198,41,157
109,私立,技專校院,1065,吳鳳科技大學,二專(進修),229,129,100
109,私立,技專校院,1065,吳鳳科技大學,學士班(日間),3179,2178,1001
109,私立,技專校院,1065,吳鳳科技大學,學士班(進修),1542,950,592
109,私立,技專校院,1065,吳鳳科技大學,碩士班(日間),49,32,17
109,私立,技專校院,1065,吳鳳科技大學,碩士在職專班,59,35,24
109,私立,技專校院,1066,環球學校財團法人環球科技大學,學士班(進修),968,472,496
109,私立,技專校院,1066,環球學校財團法人環球科技大學,碩士班(日間),171,79,92
109,私立,技專校院,1066,環球學校財團法人環球科技大學,碩士在職專班,69,26,43
109,私立,技專校院,1066,環球學校財團法人環球科技大學,二專(進修),224,110,114
109,私立,技專校院,1066,環球學校財團法人環球科技大學,學士班(日間),2241,1076,1165
109,私立,一般大學,1067,台灣首府學校財團法人台灣首府大學,碩士班(日間),48,15,33
109,私立,一般大學,1067,台灣首府學校財團法人台灣首府大學,學士班(日間),870,415,455
109,私立,一般大學,1067,台灣首府學校財團法人台灣首府大學,學士班(進修),212,139,73
109,私立,技專校院,1068,中州學校財團法人中州科技大學,二專(進修),110,15,95
109,私立,技專校院,1068,中州學校財團法人中州科技大學,學士班(日間),926,560,366
109,私立,技專校院,1068,中州學校財團法人中州科技大學,學士班(進修),1600,781,819
109,私立,技專校院,1068,中州學校財團法人中州科技大學,碩士班(日間),11,7,4
109,私立,技專校院,1068,中州學校財團法人中州科技大學,碩士在職專班,21,12,9
109,私立,技專校院,1069,修平學校財團法人修平科技大學,二專(進修),25,15,10
109,私立,技專校院,1069,修平學校財團法人修平科技大學,學士班(日間),2970,2130,840
109,私立,技專校院,1069,修平學校財團法人修平科技大學,學士班(進修),1393,1251,142
109,私立,技專校院,1069,修平學校財團法人修平科技大學,附設進院,561,384,177
109,私立,技專校院,1069,修平學校財團法人修平科技大學,碩士班(日間),62,40,22
109,私立,技專校院,1069,修平學校財團法人修平科技大學,碩士在職專班,19,16,3
109,私立,技專校院,1070,長庚學校財團法人長庚科技大學,學士班(日間),4956,555,4401
109,私立,技專校院,1070,長庚學校財團法人長庚科技大學,學士班(進修),1179,85,1094
109,私立,技專校院,1070,長庚學校財團法人長庚科技大學,五專,7,0,7
109,私立,技專校院,1070,長庚學校財團法人長庚科技大學,碩士在職專班,123,2,121
109,私立,技專校院,1070,長庚學校財團法人長庚科技大學,碩士班(日間),68,3,65
109,私立,技專校院,1071,城市學校財團法人臺北城市科技大學,二專(進修),418,192,226
109,私立,技專校院,1071,城市學校財團法人臺北城市科技大學,學士班(日間),7015,4374,2641
109,私立,技專校院,1071,城市學校財團法人臺北城市科技大學,學士班(進修),1280,860,420
109,私立,技專校院,1071,城市學校財團法人臺北城市科技大學,五專,1056,719,337
109,私立,技專校院,1071,城市學校財團法人臺北城市科技大學,碩士班(日間),89,73,16
109,私立,技專校院,1072,大華學校財團法人敏實科技大學,學士班(日間),294,203,91
109,私立,技專校院,1072,大華學校財團法人敏實科技大學,學士班(進修),203,138,65
109,私立,技專校院,1072,大華學校財團法人敏實科技大學,五專,272,144,128
109,私立,技專校院,1072,大華學校財團法人敏實科技大學,碩士班(日間),2,2,0
109,私立,技專校院,1073,醒吾學校財團法人醒吾科技大學,學士班(進修),1431,617,814
109,私立,技專校院,1073,醒吾學校財團法人醒吾科技大學,碩士在職專班,96,58,38
109,私立,技專校院,1073,醒吾學校財團法人醒吾科技大學,二專(進修),218,100,118
109,私立,技專校院,1073,醒吾學校財團法人醒吾科技大學,學士班(日間),5643,2513,3130
109,私立,技專校院,1073,醒吾學校財團法人醒吾科技大學,五專,498,186,312
109,私立,技專校院,1073,醒吾學校財團法人醒吾科技大學,碩士班(日間),57,25,32
109,私立,技專校院,1075,文藻學校財團法人文藻外語大學,碩士班(日間),197,50,147
109,私立,技專校院,1075,文藻學校財團法人文藻外語大學,學士班(日間),5304,1424,3880
109,私立,技專校院,1075,文藻學校財團法人文藻外語大學,學士班(進修),1854,648,1206
109,私立,技專校院,1075,文藻學校財團法人文藻外語大學,五專,1607,269,1338
109,私立,技專校院,1075,文藻學校財團法人文藻外語大學,碩士在職專班,50,12,38
109,私立,技專校院,1076,華夏學校財團法人華夏科技大學,學士班(進修),1578,874,704
109,私立,技專校院,1076,華夏學校財團法人華夏科技大學,碩士班(日間),37,31,6
109,私立,技專校院,1076,華夏學校財團法人華夏科技大學,碩士在職專班,70,48,22
109,私立,技專校院,1076,華夏學校財團法人華夏科技大學,二專(進修),206,96,110
109,私立,技專校院,1076,華夏學校財團法人華夏科技大學,學士班(日間),1551,986,565
109,私立,技專校院,1076,華夏學校財團法人華夏科技大學,五專,601,508,93
109,私立,技專校院,1077,慈濟學校財團法人慈濟科技大學,學士班(進修),172,10,162
109,私立,技專校院,1077,慈濟學校財團法人慈濟科技大學,五專,1362,194,1168
109,私立,技專校院,1077,慈濟學校財團法人慈濟科技大學,碩士班(日間),41,16,25
109,私立,技專校院,1077,慈濟學校財團法人慈濟科技大學,二專(日間),32,12,20
109,私立,技專校院,1077,慈濟學校財團法人慈濟科技大學,學士班(日間),1556,527,1029
109,私立,技專校院,1078,致理學校財團法人致理科技大學,附設進院,1,1,0
109,私立,技專校院,1078,致理學校財團法人致理科技大學,五專,1580,334,1246
109,私立,技專校院,1078,致理學校財團法人致理科技大學,碩士班(日間),50,9,41
109,私立,技專校院,1078,致理學校財團法人致理科技大學,碩士在職專班,44,14,30
109,私立,技專校院,1078,致理學校財團法人致理科技大學,學士班(日間),6607,2142,4465
109,私立,技專校院,1078,致理學校財團法人致理科技大學,學士班(進修),3294,1340,1954
109,私立,一般大學,1079,康寧學校財團法人康寧大學,二專(日間),1,0,1
109,私立,一般大學,1079,康寧學校財團法人康寧大學,五專,2783,679,2104
109,私立,一般大學,1079,康寧學校財團法人康寧大學,碩士班(日間),24,9,15
109,私立,一般大學,1079,康寧學校財團法人康寧大學,碩士在職專班,26,7,19
109,私立,一般大學,1079,康寧學校財團法人康寧大學,二專(進修),178,47,131
109,私立,一般大學,1079,康寧學校財團法人康寧大學,學士班(日間),269,79,190
109,私立,一般大學,1079,康寧學校財團法人康寧大學,學士班(進修),184,34,150
109,私立,技專校院,1080,宏國學校財團法人宏國德霖科技大學,學士班(進修),2006,1217,789
109,私立,技專校院,1080,宏國學校財團法人宏國德霖科技大學,碩士班(日間),13,7,6
109,私立,技專校院,1080,宏國學校財團法人宏國德霖科技大學,二專(進修),57,21,36
109,私立,技專校院,1080,宏國學校財團法人宏國德霖科技大學,學士班(日間),2136,1280,856
109,私立,技專校院,1080,宏國學校財團法人宏國德霖科技大學,五專,1158,701,457
109,私立,技專校院,1081,東方學校財團法人東方設計大學,二專(進修),132,68,64
109,私立,技專校院,1081,東方學校財團法人東方設計大學,學士班(日間),726,426,300
109,私立,技專校院,1081,東方學校財團法人東方設計大學,五專,715,311,404
109,私立,技專校院,1081,東方學校財團法人東方設計大學,學士班(進修),341,185,156
109,私立,技專校院,1081,東方學校財團法人東方設計大學,博士班,32,15,17
109,私立,技專校院,1081,東方學校財團法人東方設計大學,碩士班(日間),80,29,51
109,私立,技專校院,1081,東方學校財團法人東方設計大學,碩士在職專班,46,22,24
109,私立,技專校院,1082,崇右學校財團法人崇右影藝科技大學,二專(進修),333,195,138
109,私立,技專校院,1082,崇右學校財團法人崇右影藝科技大學,學士班(日間),1650,725,925
109,私立,技專校院,1082,崇右學校財團法人崇右影藝科技大學,學士班(進修),510,250,260
109,私立,技專校院,1082,崇右學校財團法人崇右影藝科技大學,五專,36,19,17
109,私立,技專校院,1082,崇右學校財團法人崇右影藝科技大學,碩士班(日間),80,45,35
109,私立,技專校院,1083,台北海洋學校財團法人台北海洋科技大學,二專(進修),120,94,26
109,私立,技專校院,1083,台北海洋學校財團法人台北海洋科技大學,學士班(日間),2467,1404,1063
109,私立,技專校院,1083,台北海洋學校財團法人台北海洋科技大學,學士班(進修),561,228,333
109,私立,技專校院,1083,台北海洋學校財團法人台北海洋科技大學,二專(日間),51,50,1
109,私立,技專校院,1083,台北海洋學校財團法人台北海洋科技大學,五專,846,522,324
109,私立,技專校院,1083,台北海洋學校財團法人台北海洋科技大學,碩士班(日間),147,82,65
109,私立,一般大學,1125,中信學校財團法人中信金融管理學院,碩士班(日間),102,47,55
109,私立,一般大學,1125,中信學校財團法人中信金融管理學院,碩士在職專班,29,21,8
109,私立,一般大學,1125,中信學校財團法人中信金融管理學院,學士班(日間),694,392,302
109,私立,技專校院,1148,大漢技術學院,二專(進修),129,73,56
109,私立,技專校院,1148,大漢技術學院,學士班(日間),255,152,103
109,私立,技專校院,1148,大漢技術學院,學士班(進修),534,327,207
109,私立,技專校院,1148,大漢技術學院,碩士班(日間),81,53,28
109,私立,技專校院,1159,和春技術學院,學士班(進修),312,215,97
109,私立,技專校院,1159,和春技術學院,碩士班(日間),3,2,1
109,私立,技專校院,1159,和春技術學院,二專(進修),140,108,32
109,私立,技專校院,1159,和春技術學院,學士班(日間),153,121,32
109,私立,技專校院,1159,和春技術學院,五專,80,47,33
109,私立,技專校院,1166,亞東技術學院,學士班(日間),4196,2916,1280
109,私立,技專校院,1166,亞東技術學院,學士班(進修),142,1,141
109,私立,技專校院,1166,亞東技術學院,碩士班(日間),50,42,8
109,私立,技專校院,1168,南亞科技學校財團法人南亞技術學院,五專,263,151,112
109,私立,技專校院,1168,南亞科技學校財團法人南亞技術學院,二專(進修),60,44,16
109,私立,技專校院,1168,南亞科技學校財團法人南亞技術學院,學士班(日間),1312,831,481
109,私立,技專校院,1168,南亞科技學校財團法人南亞技術學院,學士班(進修),1715,879,836
109,私立,技專校院,1168,南亞科技學校財團法人南亞技術學院,碩士班(日間),13,11,2
109,私立,一般大學,1176,稻江科技暨管理學院,碩士班(日間),21,7,14
109,私立,一般大學,1176,稻江科技暨管理學院,學士班(日間),122,70,52
109,私立,一般大學,1176,稻江科技暨管理學院,學士班(進修),122,42,80
109,私立,一般大學,1176,稻江科技暨管理學院,碩士在職專班,11,9,2
109,私立,技專校院,1182,蘭陽技術學院,二專(進修),5,1,4
109,私立,技專校院,1182,蘭陽技術學院,學士班(日間),226,124,102
109,私立,技專校院,1182,蘭陽技術學院,五專,216,126,90
109,私立,技專校院,1182,蘭陽技術學院,學士班(進修),66,35,31
109,私立,技專校院,1182,蘭陽技術學院,附設進院,64,28,36
109,私立,技專校院,1183,黎明技術學院,學士班(日間),3498,1879,1619
109,私立,技專校院,1183,黎明技術學院,學士班(進修),1270,748,522
109,私立,技專校院,1183,黎明技術學院,五專,423,352,71
109,私立,技專校院,1185,德育學校財團法人德育護理健康學院,二專(進修),215,43,172
109,私立,技專校院,1185,德育學校財團法人德育護理健康學院,學士班(日間),2042,732,1310
109,私立,技專校院,1185,德育學校財團法人德育護理健康學院,五專,1064,301,763
109,私立,技專校院,1185,德育學校財團法人德育護理健康學院,碩士在職專班,43,5,38
109,私立,技專校院,1185,德育學校財團法人德育護理健康學院,學士班(進修),813,149,664
109,私立,技專校院,1185,德育學校財團法人德育護理健康學院,碩士班(日間),44,4,40
109,私立,技專校院,1188,大同技術學院,五專,89,48,41
109,私立,技專校院,1188,大同技術學院,二專(進修),62,27,35
109,私立,技專校院,1188,大同技術學院,學士班(日間),545,244,301
109,私立,技專校院,1188,大同技術學院,學士班(進修),441,133,308
109,私立,技專校院,1192,臺灣觀光學院,二專(進修),34,15,19
109,私立,技專校院,1192,臺灣觀光學院,學士班(日間),93,52,41
109,私立,技專校院,1192,臺灣觀光學院,學士班(進修),70,26,44
109,私立,技專校院,1192,臺灣觀光學院,五專,55,23,32
109,私立,技專校院,1192,臺灣觀光學院,碩士班(日間),16,9,7
109,私立,一般大學,1195,馬偕學校財團法人馬偕醫學院,學士班(日間),691,247,444
109,私立,一般大學,1195,馬偕學校財團法人馬偕醫學院,學士班(進修),39,2,37
109,私立,一般大學,1195,馬偕學校財團法人馬偕醫學院,博士班,5,5,0
109,私立,一般大學,1195,馬偕學校財團法人馬偕醫學院,碩士班(日間),66,19,47
109,私立,一般大學,1195,馬偕學校財團法人馬偕醫學院,碩士在職專班,15,4,11
109,私立,一般大學,1196,法鼓學校財團法人法鼓文理學院,學士班(日間),51,19,32
109,私立,一般大學,1196,法鼓學校財團法人法鼓文理學院,碩士班(日間),231,68,163
109,私立,一般大學,1196,法鼓學校財團法人法鼓文理學院,博士班,20,9,11
109,私立,技專校院,1282,馬偕學校財團法人馬偕醫護管理專科學校,二專(進修),222,103,119
109,私立,技專校院,1282,馬偕學校財團法人馬偕醫護管理專科學校,二專(日間),32,5,27
109,私立,技專校院,1282,馬偕學校財團法人馬偕醫護管理專科學校,五專,3852,480,3372
109,私立,技專校院,1283,仁德醫護管理專科學校,二專(進修),398,188,210
109,私立,技專校院,1283,仁德醫護管理專科學校,五專,6117,1358,4759
109,私立,技專校院,1284,樹人醫護管理專科學校,二專(進修),552,307,245
109,私立,技專校院,1284,樹人醫護管理專科學校,五專,6727,1478,5249
109,私立,技專校院,1285,慈惠醫護管理專科學校,二專(日間),97,30,67
109,私立,技專校院,1285,慈惠醫護管理專科學校,二專(進修),266,100,166
109,私立,技專校院,1285,慈惠醫護管理專科學校,五專,3614,781,2833
109,私立,技專校院,1286,耕莘健康管理專科學校,二專(進修),124,4,120
109,私立,技專校院,1286,耕莘健康管理專科學校,五專,4574,442,4132
109,私立,技專校院,1287,敏惠醫護管理專科學校,二專(進修),33,7,26
109,私立,技專校院,1287,敏惠醫護管理專科學校,五專,3903,495,3408
109,私立,技專校院,1289,育英醫護管理專科學校,五專,1991,224,1767
109,私立,技專校院,1291,聖母醫護管理專科學校,二專(日間),39,25,14
109,私立,技專校院,1291,聖母醫護管理專科學校,五專,2150,406,1744
109,私立,技專校院,1291,聖母醫護管理專科學校,二專(進修),38,18,20
109,私立,技專校院,1292,新生醫護管理專科學校,二專(進修),60,9,51
109,私立,技專校院,1292,新生醫護管理專科學校,五專,6004,763,5241
109,私立,技專校院,1293,崇仁醫護管理專科學校,五專,3293,425,2868
109,私立,宗教研修學院,1R02,學校財團法人中華浸信會基督教台灣浸會神學院,碩士班(日間),43,22,21
109,私立,宗教研修學院,1R03,臺北基督學院,學士班(日間),74,32,42
109,私立,宗教研修學院,1R04,財團法人一貫道天皇基金會一貫道天皇學院,碩士班(日間),29,15,14
109,私立,宗教研修學院,1R04,財團法人一貫道天皇基金會一貫道天皇學院,碩士在職專班,61,30,31
109,私立,宗教研修學院,1R04,財團法人一貫道天皇基金會一貫道天皇學院,學士班(日間),88,32,56
109,私立,宗教研修學院,1R05,台神學校財團法人台灣神學研究學院,碩士班(日間),111,42,69
109,私立,宗教研修學院,1R06,一貫道崇德學院,碩士班(日間),69,30,39
109,私立,宗教研修學院,1R07,台灣基督長老教會南神神學院,碩士班(日間),75,32,43
109,公立,一般大學,3002,臺北市立大學,博士班,225,99,126
109,公立,一般大學,3002,臺北市立大學,碩士班(日間),1288,457,831
109,公立,一般大學,3002,臺北市立大學,碩士在職專班,1122,313,809
109,公立,一般大學,3002,臺北市立大學,學士班(日間),5351,2355,2996
110,公立,一般大學,0001,國立政治大學,學士班(日間),9556,3920,5636
110,公立,一般大學,0001,國立政治大學,博士班,948,537,411
110,公立,一般大學,0001,國立政治大學,碩士班(日間),3974,1828,2146
110,公立,一般大學,0001,國立政治大學,碩士在職專班,1632,779,853
110,公立,一般大學,0002,國立清華大學,學士班(日間),8889,4884,4005
110,公立,一般大學,0002,國立清華大學,碩士在職專班,1366,507,859
110,公立,一般大學,0002,國立清華大學,博士班,1663,1192,471
110,公立,一般大學,0002,國立清華大學,碩士班(日間),5570,3372,2198
110,公立,一般大學,0003,國立臺灣大學,碩士班(日間),10720,6451,4269
110,公立,一般大學,0003,國立臺灣大學,碩士在職專班,1631,1009,622
110,公立,一般大學,0003,國立臺灣大學,學士班(日間),16906,9525,7381
110,公立,一般大學,0003,國立臺灣大學,博士班,3666,2510,1156
110,公立,一般大學,0004,國立臺灣師範大學,博士班,1358,619,739
110,公立,一般大學,0004,國立臺灣師範大學,碩士班(日間),4359,1873,2486
110,公立,一般大學,0004,國立臺灣師範大學,碩士在職專班,2134,627,1507
110,公立,一般大學,0004,國立臺灣師範大學,學士班(日間),8313,3723,4590
110,公立,一般大學,0005,國立成功大學,博士班,1872,1267,605
110,公立,一般大學,0005,國立成功大學,碩士班(日間),7239,4614,2625
110,公立,一般大學,0005,國立成功大學,碩士在職專班,1537,947,590
110,公立,一般大學,0005,國立成功大學,學士班(日間),11758,7307,4451
110,公立,一般大學,0006,國立中興大學,學士班(日間),8069,4599,3470
110,公立,一般大學,0006,國立中興大學,博士班,966,659,307
110,公立,一般大學,0006,國立中興大學,學士班(進修),936,413,523
110,公立,一般大學,0006,國立中興大學,碩士班(日間),3477,2053,1424
110,公立,一般大學,0006,國立中興大學,碩士在職專班,1706,1111,595
110,公立,一般大學,0007,國立陽明交通大學,學士班(日間),8431,5430,3001
110,公立,一般大學,0007,國立陽明交通大學,博士班,2653,1831,822
110,公立,一般大學,0007,國立陽明交通大學,碩士班(日間),7547,4783,2764
110,公立,一般大學,0007,國立陽明交通大學,碩士在職專班,1781,1142,639
110,公立,一般大學,0008,國立中央大學,學士班(日間),6068,3792,2276
110,公立,一般大學,0008,國立中央大學,碩士在職專班,1433,896,537
110,公立,一般大學,0008,國立中央大學,博士班,1007,705,302
110,公立,一般大學,0008,國立中央大學,碩士班(日間),3620,2430,1190
110,公立,一般大學,0009,國立中山大學,學士班(日間),4804,2926,1878
110,公立,一般大學,0009,國立中山大學,博士班,823,540,283
110,公立,一般大學,0009,國立中山大學,碩士班(日間),3180,1974,1206
110,公立,一般大學,0009,國立中山大學,碩士在職專班,1090,534,556
110,公立,一般大學,0012,國立臺灣海洋大學,學士班(日間),6072,4156,1916
110,公立,一般大學,0012,國立臺灣海洋大學,學士班(進修),589,379,210
110,公立,一般大學,0012,國立臺灣海洋大學,博士班,330,237,93
110,公立,一般大學,0012,國立臺灣海洋大學,碩士班(日間),1430,943,487
110,公立,一般大學,0012,國立臺灣海洋大學,碩士在職專班,647,403,244
110,公立,一般大學,0013,國立中正大學,學士班(日間),6414,3483,2931
110,公立,一般大學,0013,國立中正大學,博士班,549,365,184
110,公立,一般大學,0013,國立中正大學,碩士班(日間),2821,1730,1091
110,公立,一般大學,0013,國立中正大學,碩士在職專班,1428,616,812
110,公立,一般大學,0014,國立高雄師範大學,學士班(日間),3793,1874,1919
110,公立,一般大學,0014,國立高雄師範大學,博士班,458,222,236
110,公立,一般大學,0014,國立高雄師範大學,碩士班(日間),1442,519,923
110,公立,一般大學,0014,國立高雄師範大學,碩士在職專班,1454,520,934
110,公立,一般大學,0015,國立彰化師範大學,學士班(日間),4942,2655,2287
110,公立,一般大學,0015,國立彰化師範大學,博士班,506,300,206
110,公立,一般大學,0015,國立彰化師範大學,碩士班(日間),1655,828,827
110,公立,一般大學,0015,國立彰化師範大學,碩士在職專班,1356,568,788
110,公立,一般大學,0017,國立臺北大學,學士班(進修),2069,823,1246
110,公立,一般大學,0017,國立臺北大學,博士班,212,142,70
110,公立,一般大學,0017,國立臺北大學,碩士班(日間),1404,710,694
110,公立,一般大學,0017,國立臺北大學,碩士在職專班,595,279,316
110,公立,一般大學,0017,國立臺北大學,學士班(日間),5956,2733,3223
110,公立,一般大學,0018,國立嘉義大學,學士班(進修),1887,1184,703
110,公立,一般大學,0018,國立嘉義大學,博士班,195,111,84
110,公立,一般大學,0018,國立嘉義大學,碩士班(日間),1278,609,669
110,公立,一般大學,0018,國立嘉義大學,學士班(日間),7516,3825,3691
110,公立,一般大學,0018,國立嘉義大學,碩士在職專班,929,352,577
110,公立,一般大學,0019,國立高雄大學,學士班(進修),146,76,70
110,公立,一般大學,0019,國立高雄大學,碩士班(日間),656,427,229
110,公立,一般大學,0019,國立高雄大學,碩士在職專班,550,339,211
110,公立,一般大學,0019,國立高雄大學,學士班(日間),4534,2644,1890
110,公立,一般大學,0019,國立高雄大學,博士班,30,24,6
110,公立,一般大學,0020,國立東華大學,碩士班(日間),1418,719,699
110,公立,一般大學,0020,國立東華大學,碩士在職專班,563,223,340
110,公立,一般大學,0020,國立東華大學,學士班(日間),7847,3689,4158
110,公立,一般大學,0020,國立東華大學,博士班,423,242,181
110,公立,一般大學,0021,國立暨南國際大學,學士班(日間),4606,2197,2409
110,公立,一般大學,0021,國立暨南國際大學,博士班,342,180,162
110,公立,一般大學,0021,國立暨南國際大學,碩士班(日間),808,353,455
110,公立,一般大學,0021,國立暨南國際大學,碩士在職專班,486,174,312
110,公立,技專校院,0022,國立臺灣科技大學,學士班(日間),5642,3930,1712
110,公立,技專校院,0022,國立臺灣科技大學,博士班,1063,803,260
110,公立,技專校院,0022,國立臺灣科技大學,碩士班(日間),3738,2598,1140
110,公立,技專校院,0022,國立臺灣科技大學,碩士在職專班,786,483,303
110,公立,技專校院,0023,國立雲林科技大學,學士班(日間),6482,3967,2515
110,公立,技專校院,0023,國立雲林科技大學,學士班(進修),217,96,121
110,公立,技專校院,0023,國立雲林科技大學,博士班,427,260,167
110,公立,技專校院,0023,國立雲林科技大學,碩士班(日間),1955,1223,732
110,公立,技專校院,0023,國立雲林科技大學,碩士在職專班,804,467,337
110,公立,技專校院,0024,國立屏東科技大學,學士班(日間),7640,4117,3523
110,公立,技專校院,0024,國立屏東科技大學,博士班,256,158,98
110,公立,技專校院,0024,國立屏東科技大學,學士班(進修),1415,908,507
110,公立,技專校院,0024,國立屏東科技大學,碩士班(日間),1094,608,486
110,公立,技專校院,0024,國立屏東科技大學,碩士在職專班,282,178,104
110,公立,技專校院,0025,國立臺北科技大學,附設進院,8,8,0
110,公立,技專校院,0025,國立臺北科技大學,五專,121,100,21
110,公立,技專校院,0025,國立臺北科技大學,碩士班(日間),3190,2326,864
110,公立,技專校院,0025,國立臺北科技大學,碩士在職專班,1604,1100,504
110,公立,技專校院,0025,國立臺北科技大學,學士班(日間),6258,4432,1826
110,公立,技專校院,0025,國立臺北科技大學,學士班(進修),1698,1432,266
110,公立,技專校院,0025,國立臺北科技大學,博士班,750,578,172
110,公立,一般大學,0028,國立臺北藝術大學,學士班(日間),1747,644,1103
110,公立,一般大學,0028,國立臺北藝術大學,七年一貫,84,41,43
110,公立,一般大學,0028,國立臺北藝術大學,博士班,109,52,57
110,公立,一般大學,0028,國立臺北藝術大學,碩士班(日間),943,320,623
110,公立,一般大學,0028,國立臺北藝術大學,碩士在職專班,180,53,127
110,公立,一般大學,0029,國立臺灣藝術大學,學士班(進修),1952,591,1361
110,公立,一般大學,0029,國立臺灣藝術大學,碩士班(日間),756,279,477
110,公立,一般大學,0029,國立臺灣藝術大學,碩士在職專班,403,171,232
110,公立,一般大學,0029,國立臺灣藝術大學,學士班(日間),2353,684,1669
110,公立,一般大學,0029,國立臺灣藝術大學,博士班,150,67,83
110,公立,一般大學,0030,國立臺東大學,碩士班(日間),399,165,234
110,公立,一般大學,0030,國立臺東大學,碩士在職專班,609,174,435
110,公立,一般大學,0030,國立臺東大學,學士班(日間),3690,1837,1853
110,公立,一般大學,0030,國立臺東大學,學士班(進修),399,171,228
110,公立,一般大學,0030,國立臺東大學,博士班,43,17,26
110,公立,一般大學,0031,國立宜蘭大學,博士班,17,11,6
110,公立,一般大學,0031,國立宜蘭大學,碩士班(日間),500,333,167
110,公立,一般大學,0031,國立宜蘭大學,碩士在職專班,218,159,59
110,公立,一般大學,0031,國立宜蘭大學,學士班(日間),4476,2826,1650
110,公立,一般大學,0031,國立宜蘭大學,學士班(進修),426,272,154
110,公立,一般大學,0032,國立聯合大學,學士班(日間),6104,4202,1902
110,公立,一般大學,0032,國立聯合大學,學士班(進修),1083,748,335
110,公立,一般大學,0032,國立聯合大學,博士班,19,18,1
110,公立,一般大學,0032,國立聯合大學,碩士班(日間),407,289,118
110,公立,一般大學,0032,國立聯合大學,碩士在職專班,42,26,16
110,公立,技專校院,0033,國立虎尾科技大學,學士班(進修),2369,1903,466
110,公立,技專校院,0033,國立虎尾科技大學,附設進院,14,12,2
110,公立,技專校院,0033,國立虎尾科技大學,博士班,57,49,8
110,公立,技專校院,0033,國立虎尾科技大學,二專(日間),64,60,4
110,公立,技專校院,0033,國立虎尾科技大學,學士班(日間),7575,5790,1785
110,公立,技專校院,0033,國立虎尾科技大學,五專,238,207,31
110,公立,技專校院,0033,國立虎尾科技大學,碩士班(日間),912,747,165
110,公立,技專校院,0033,國立虎尾科技大學,碩士在職專班,193,142,51
110,公立,一般大學,0035,國立臺南藝術大學,學士班(日間),786,251,535
110,公立,一般大學,0035,國立臺南藝術大學,七年一貫,173,77,96
110,公立,一般大學,0035,國立臺南藝術大學,博士班,58,25,33
110,公立,一般大學,0035,國立臺南藝術大學,碩士班(日間),548,196,352
110,公立,一般大學,0035,國立臺南藝術大學,碩士在職專班,51,16,35
110,公立,一般大學,0036,國立臺南大學,碩士在職專班,662,208,454
110,公立,一般大學,0036,國立臺南大學,學士班(日間),3955,1840,2115
110,公立,一般大學,0036,國立臺南大學,學士班(進修),181,107,74
110,公立,一般大學,0036,國立臺南大學,博士班,153,64,89
110,公立,一般大學,0036,國立臺南大學,碩士班(日間),988,414,574
110,公立,一般大學,0037,國立臺北教育大學,學士班(日間),3318,1101,2217
110,公立,一般大學,0037,國立臺北教育大學,博士班,154,69,85
110,公立,一般大學,0037,國立臺北教育大學,碩士班(日間),1418,440,978
110,公立,一般大學,0037,國立臺北教育大學,碩士在職專班,1048,262,786
110,公立,一般大學,0039,國立臺中教育大學,博士班,106,40,66
110,公立,一般大學,0039,國立臺中教育大學,碩士班(日間),882,284,598
110,公立,一般大學,0039,國立臺中教育大學,碩士在職專班,783,167,616
110,公立,一般大學,0039,國立臺中教育大學,學士班(日間),3234,1158,2076
110,公立,技專校院,0042,國立澎湖科技大學,學士班(日間),2583,1583,1000
110,公立,技專校院,0042,國立澎湖科技大學,五專,68,65,3
110,公立,技專校院,0042,國立澎湖科技大學,學士班(進修),285,139,146
110,公立,技專校院,0042,國立澎湖科技大學,碩士班(日間),87,45,42
110,公立,技專校院,0042,國立澎湖科技大學,碩士在職專班,40,26,14
110,公立,技專校院,0043,國立勤益科技大學,二專(進修),408,295,113
110,公立,技專校院,0043,國立勤益科技大學,學士班(日間),6955,4811,2144
110,公立,技專校院,0043,國立勤益科技大學,博士班,45,39,6
110,公立,技專校院,0043,國立勤益科技大學,學士班(進修),4124,3460,664
110,公立,技專校院,0043,國立勤益科技大學,碩士班(日間),618,465,153
110,公立,技專校院,0043,國立勤益科技大學,碩士在職專班,292,228,64
110,公立,一般大學,0044,國立體育大學,學士班(日間),1822,1152,670
110,公立,一般大學,0044,國立體育大學,學士班(進修),93,58,35
110,公立,一般大學,0044,國立體育大學,博士班,153,105,48
110,公立,一般大學,0044,國立體育大學,碩士班(日間),339,189,150
110,公立,一般大學,0044,國立體育大學,碩士在職專班,236,141,95
110,公立,技專校院,0046,國立臺北護理健康大學,學士班(進修),739,32,707
110,公立,技專校院,0046,國立臺北護理健康大學,博士班,77,8,69
110,公立,技專校院,0046,國立臺北護理健康大學,碩士班(日間),559,94,465
110,公立,技專校院,0046,國立臺北護理健康大學,學士班(日間),3785,843,2942
110,公立,技專校院,0046,國立臺北護理健康大學,碩士在職專班,205,27,178
110,公立,技專校院,0047,國立高雄餐旅大學,學士班(日間),3106,1001,2105
110,公立,技專校院,0047,國立高雄餐旅大學,學士班(進修),1207,410,797
110,公立,技專校院,0047,國立高雄餐旅大學,博士班,32,16,16
110,公立,技專校院,0047,國立高雄餐旅大學,五專,249,97,152
110,公立,技專校院,0047,國立高雄餐旅大學,碩士班(日間),168,58,110
110,公立,技專校院,0047,國立高雄餐旅大學,碩士在職專班,36,15,21
110,公立,一般大學,0048,國立金門大學,碩士班(日間),200,112,88
110,公立,一般大學,0048,國立金門大學,學士班(日間),3074,1623,1451
110,公立,一般大學,0048,國立金門大學,學士班(進修),829,467,362
110,公立,一般大學,0048,國立金門大學,碩士在職專班,112,74,38
110,公立,一般大學,0049,國立臺灣體育運動大學,碩士在職專班,114,72,42
110,公立,一般大學,0049,國立臺灣體育運動大學,學士班(日間),2346,1349,997
110,公立,一般大學,0049,國立臺灣體育運動大學,學士班(進修),388,273,115
110,公立,一般大學,0049,國立臺灣體育運動大學,博士班,13,5,8
110,公立,一般大學,0049,國立臺灣體育運動大學,碩士班(日間),260,133,127
110,公立,技專校院,0050,國立臺中科技大學,五專,3564,966,2598
110,公立,技專校院,0050,國立臺中科技大學,碩士在職專班,244,102,142
110,公立,技專校院,0050,國立臺中科技大學,二專(進修),1196,456,740
110,公立,技專校院,0050,國立臺中科技大學,學士班(日間),6770,2022,4748
110,公立,技專校院,0050,國立臺中科技大學,學士班(進修),3987,1357,2630
110,公立,技專校院,0050,國立臺中科技大學,碩士班(日間),430,178,252
110,公立,技專校院,0051,國立臺北商業大學,二專(進修),493,159,334
110,公立,技專校院,0051,國立臺北商業大學,學士班(日間),3106,924,2182
110,公立,技專校院,0051,國立臺北商業大學,五專,1704,482,1222
110,公立,技專校院,0051,國立臺北商業大學,博士班,8,7,1
110,公立,技專校院,0051,國立臺北商業大學,學士班(進修),1810,635,1175
110,公立,技專校院,0051,國立臺北商業大學,碩士班(日間),301,129,172
110,公立,技專校院,0051,國立臺北商業大學,碩士在職專班,68,28,40
110,公立,一般大學,0052,國立屏東大學,博士班,47,24,23
110,公立,一般大學,0052,國立屏東大學,碩士班(日間),910,340,570
110,公立,一般大學,0052,國立屏東大學,碩士在職專班,727,227,500
110,公立,一般大學,0052,國立屏東大學,學士班(日間),6630,2786,3844
110,公立,一般大學,0052,國立屏東大學,學士班(進修),823,388,435
110,公立,技專校院,0053,國立高雄科技大學,附設進院,687,368,319
110,公立,技專校院,0053,國立高雄科技大學,五專,798,650,148
110,公立,技專校院,0053,國立高雄科技大學,碩士在職專班,2010,1290,720
110,公立,技專校院,0053,國立高雄科技大學,學士班(日間),17892,11059,6833
110,公立,技專校院,0053,國立高雄科技大學,學士班(進修),4051,2709,1342
110,公立,技專校院,0053,國立高雄科技大學,博士班,621,465,156
110,公立,技專校院,0053,國立高雄科技大學,碩士班(日間),2530,1722,808
110,公立,技專校院,0144,國立臺灣戲曲學院,學士班(進修),2,1,1
110,公立,技專校院,0144,國立臺灣戲曲學院,學士班(日間),539,186,353
110,公立,技專校院,0221,國立臺南護理專科學校,二專(日間),99,7,92
110,公立,技專校院,0221,國立臺南護理專科學校,二專(進修),23,6,17
110,公立,技專校院,0221,國立臺南護理專科學校,五專,1804,163,1641
110,公立,技專校院,0222,國立臺東專科學校,二專(日間),573,407,166
110,公立,技專校院,0222,國立臺東專科學校,五專,266,127,139
110,公立,技專校院,0222,國立臺東專科學校,二專(進修),116,65,51
110,私立,一般大學,1001,東海大學,學士班(進修),404,209,195
110,私立,一般大學,1001,東海大學,博士班,253,152,101
110,私立,一般大學,1001,東海大學,碩士班(日間),1300,631,669
110,私立,一般大學,1001,東海大學,碩士在職專班,763,380,383
110,私立,一般大學,1001,東海大學,學士班(日間),13147,5830,7317
110,私立,一般大學,1002,輔仁大學,博士班,427,228,199
110,私立,一般大學,1002,輔仁大學,碩士班(日間),1969,799,1170
110,私立,一般大學,1002,輔仁大學,學士班(日間),17751,7282,10469
110,私立,一般大學,1002,輔仁大學,學士班(進修),4121,1567,2554
110,私立,一般大學,1002,輔仁大學,碩士在職專班,1492,553,939
110,私立,一般大學,1003,東吳大學,學士班(日間),11851,4621,7230
110,私立,一般大學,1003,東吳大學,學士班(進修),954,358,596
110,私立,一般大學,1003,東吳大學,博士班,127,70,57
110,私立,一般大學,1003,東吳大學,碩士班(日間),1317,587,730
110,私立,一般大學,1003,東吳大學,碩士在職專班,1209,567,642
110,私立,一般大學,1004,中原大學,碩士班(日間),1612,937,675
110,私立,一般大學,1004,中原大學,碩士在職專班,906,528,378
110,私立,一般大學,1004,中原大學,學士班(日間),13658,7180,6478
110,私立,一般大學,1004,中原大學,博士班,353,244,109
110,私立,一般大學,1005,淡江大學學校財團法人淡江大學,學士班(日間),20763,10875,9888
110,私立,一般大學,1005,淡江大學學校財團法人淡江大學,博士班,374,257,117
110,私立,一般大學,1005,淡江大學學校財團法人淡江大學,學士班(進修),1146,661,485
110,私立,一般大學,1005,淡江大學學校財團法人淡江大學,碩士班(日間),1528,843,685
110,私立,一般大學,1005,淡江大學學校財團法人淡江大學,碩士在職專班,723,376,347
110,私立,一般大學,1006,中國文化大學,學士班(日間),20203,10196,10007
110,私立,一般大學,1006,中國文化大學,學士班(進修),1597,667,930
110,私立,一般大學,1006,中國文化大學,博士班,505,315,190
110,私立,一般大學,1006,中國文化大學,碩士班(日間),1582,838,744
110,私立,一般大學,1006,中國文化大學,碩士在職專班,616,232,384
110,私立,一般大學,1007,逢甲大學,學士班(進修),886,526,360
110,私立,一般大學,1007,逢甲大學,博士班,417,300,117
110,私立,一般大學,1007,逢甲大學,碩士班(日間),1647,1078,569
110,私立,一般大學,1007,逢甲大學,碩士在職專班,1122,669,453
110,私立,一般大學,1007,逢甲大學,學士班(日間),17321,10121,7200
110,私立,一般大學,1008,靜宜大學,博士班,50,22,28
110,私立,一般大學,1008,靜宜大學,碩士班(日間),652,250,402
110,私立,一般大學,1008,靜宜大學,碩士在職專班,333,157,176
110,私立,一般大學,1008,靜宜大學,學士班(日間),11138,4339,6799
110,私立,一般大學,1009,長庚大學,學士班(日間),5236,2553,2683
110,私立,一般大學,1009,長庚大學,碩士班(日間),1062,510,552
110,私立,一般大學,1009,長庚大學,博士班,443,292,151
110,私立,一般大學,1009,長庚大學,碩士在職專班,189,94,95
110,私立,一般大學,1010,元智大學,博士班,261,196,65
110,私立,一般大學,1010,元智大學,碩士班(日間),770,476,294
110,私立,一般大學,1010,元智大學,學士班(日間),7165,4012,3153
110,私立,一般大學,1010,元智大學,碩士在職專班,603,390,213
110,私立,一般大學,1011,中華大學學校財團法人中華大學,學士班(日間),4113,2725,1388
110,私立,一般大學,1011,中華大學學校財團法人中華大學,學士班(進修),416,288,128
110,私立,一般大學,1011,中華大學學校財團法人中華大學,博士班,76,55,21
110,私立,一般大學,1011,中華大學學校財團法人中華大學,碩士班(日間),285,183,102
110,私立,一般大學,1011,中華大學學校財團法人中華大學,碩士在職專班,155,89,66
110,私立,一般大學,1012,大葉大學,學士班(日間),5638,3018,2620
110,私立,一般大學,1012,大葉大學,學士班(進修),414,215,199
110,私立,一般大學,1012,大葉大學,博士班,115,83,32
110,私立,一般大學,1012,大葉大學,碩士班(日間),392,236,156
110,私立,一般大學,1012,大葉大學,碩士在職專班,216,82,134
110,私立,一般大學,1013,華梵學校財團法人華梵大學,碩士班(日間),167,74,93
110,私立,一般大學,1013,華梵學校財團法人華梵大學,碩士在職專班,190,79,111
110,私立,一般大學,1013,華梵學校財團法人華梵大學,學士班(日間),668,347,321
110,私立,一般大學,1013,華梵學校財團法人華梵大學,博士班,65,31,34
110,私立,一般大學,1014,義守大學,學士班(進修),1041,665,376
110,私立,一般大學,1014,義守大學,博士班,155,107,48
110,私立,一般大學,1014,義守大學,碩士班(日間),360,200,160
110,私立,一般大學,1014,義守大學,學士班(日間),12061,6091,5970
110,私立,一般大學,1014,義守大學,碩士在職專班,342,221,121
110,私立,一般大學,1015,世新大學,學士班(日間),9517,3421,6096
110,私立,一般大學,1015,世新大學,學士班(進修),592,218,374
110,私立,一般大學,1015,世新大學,博士班,87,45,42
110,私立,一般大學,1015,世新大學,碩士班(日間),582,273,309
110,私立,一般大學,1015,世新大學,碩士在職專班,656,337,319
110,私立,一般大學,1016,銘傳大學,博士班,69,33,36
110,私立,一般大學,1016,銘傳大學,碩士班(日間),765,329,436
110,私立,一般大學,1016,銘傳大學,學士班(日間),17355,6893,10462
110,私立,一般大學,1016,銘傳大學,碩士在職專班,781,343,438
110,私立,一般大學,1017,實踐大學,學士班(日間),10582,3452,7130
110,私立,一般大學,1017,實踐大學,學士班(進修),1780,567,1213
110,私立,一般大學,1017,實踐大學,博士班,32,13,19
110,私立,一般大學,1017,實踐大學,碩士班(日間),383,170,213
110,私立,一般大學,1017,實踐大學,碩士在職專班,117,42,75
110,私立,技專校院,1018,朝陽科技大學,學士班(日間),11522,4989,6533
110,私立,技專校院,1018,朝陽科技大學,學士班(進修),2071,1051,1020
110,私立,技專校院,1018,朝陽科技大學,碩士在職專班,339,152,187
110,私立,技專校院,1018,朝陽科技大學,博士班,110,72,38
110,私立,技專校院,1018,朝陽科技大學,碩士班(日間),613,321,292
110,私立,一般大學,1019,高雄醫學大學,碩士在職專班,208,87,121
110,私立,一般大學,1019,高雄醫學大學,學士班(日間),5247,2199,3048
110,私立,一般大學,1019,高雄醫學大學,博士班,319,151,168
110,私立,一般大學,1019,高雄醫學大學,碩士班(日間),754,233,521
110,私立,一般大學,1020,南華大學,學士班(日間),4199,1986,2213
110,私立,一般大學,1020,南華大學,學士班(進修),297,182,115
110,私立,一般大學,1020,南華大學,博士班,54,33,21
110,私立,一般大學,1020,南華大學,碩士班(日間),552,219,333
110,私立,一般大學,1020,南華大學,碩士在職專班,370,140,230
110,私立,一般大學,1021,真理大學,學士班(日間),4861,2404,2457
110,私立,一般大學,1021,真理大學,碩士班(日間),118,69,49
110,私立,一般大學,1021,真理大學,學士班(進修),11,8,3
110,私立,一般大學,1021,真理大學,碩士在職專班,20,8,12
110,私立,一般大學,1022,大同大學,博士班,94,61,33
110,私立,一般大學,1022,大同大學,碩士班(日間),221,149,72
110,私立,一般大學,1022,大同大學,碩士在職專班,140,114,26
110,私立,一般大學,1022,大同大學,學士班(日間),3525,2176,1349
110,私立,技專校院,1023,南臺學校財團法人南臺科技大學,學士班(進修),3346,2124,1222
110,私立,技專校院,1023,南臺學校財團法人南臺科技大學,碩士班(日間),753,428,325
110,私立,技專校院,1023,南臺學校財團法人南臺科技大學,碩士在職專班,311,153,158
110,私立,技專校院,1023,南臺學校財團法人南臺科技大學,學士班(日間),12403,7083,5320
110,私立,技專校院,1023,南臺學校財團法人南臺科技大學,五專,316,285,31
110,私立,技專校院,1023,南臺學校財團法人南臺科技大學,博士班,93,63,30
110,私立,技專校院,1024,崑山科技大學,學士班(進修),2675,1788,887
110,私立,技專校院,1024,崑山科技大學,博士班,32,26,6
110,私立,技專校院,1024,崑山科技大學,二專(進修),13,7,6
110,私立,技專校院,1024,崑山科技大學,學士班(日間),6805,4159,2646
110,私立,技專校院,1024,崑山科技大學,碩士班(日間),299,179,120
110,私立,技專校院,1024,崑山科技大學,碩士在職專班,146,94,52
110,私立,技專校院,1025,嘉藥學校財團法人嘉南藥理大學,學士班(進修),1982,818,1164
110,私立,技專校院,1025,嘉藥學校財團法人嘉南藥理大學,碩士班(日間),174,82,92
110,私立,技專校院,1025,嘉藥學校財團法人嘉南藥理大學,碩士在職專班,198,85,113
110,私立,技專校院,1025,嘉藥學校財團法人嘉南藥理大學,學士班(日間),9104,3819,5285
110,私立,技專校院,1026,樹德科技大學,博士班,32,13,19
110,私立,技專校院,1026,樹德科技大學,碩士班(日間),214,89,125
110,私立,技專校院,1026,樹德科技大學,碩士在職專班,365,170,195
110,私立,技專校院,1026,樹德科技大學,二專(進修),395,204,191
110,私立,技專校院,1026,樹德科技大學,學士班(日間),7385,3226,4159
110,私立,技專校院,1026,樹德科技大學,學士班(進修),1652,868,784
110,私立,一般大學,1027,慈濟學校財團法人慈濟大學,學士班(日間),2844,1117,1727
110,私立,一般大學,1027,慈濟學校財團法人慈濟大學,博士班,111,53,58
110,私立,一般大學,1027,慈濟學校財團法人慈濟大學,碩士班(日間),374,111,263
110,私立,一般大學,1027,慈濟學校財團法人慈濟大學,碩士在職專班,19,4,15
110,私立,一般大學,1028,臺北醫學大學,學士班(日間),4551,1867,2684
110,私立,一般大學,1028,臺北醫學大學,博士班,581,317,264
110,私立,一般大學,1028,臺北醫學大學,碩士班(日間),691,224,467
110,私立,一般大學,1028,臺北醫學大學,碩士在職專班,314,87,227
110,私立,一般大學,1029,中山醫學大學,博士班,178,109,69
110,私立,一般大學,1029,中山醫學大學,碩士班(日間),532,175,357
110,私立,一般大學,1029,中山醫學大學,碩士在職專班,165,29,136
110,私立,一般大學,1029,中山醫學大學,學士班(日間),6055,2158,3897
110,私立,一般大學,1029,中山醫學大學,學士班(進修),122,39,83
110,私立,技專校院,1030,龍華科技大學,學士班(日間),7658,5146,2512
110,私立,技專校院,1030,龍華科技大學,五專,679,604,75
110,私立,技專校院,1030,龍華科技大學,學士班(進修),3234,2512,722
110,私立,技專校院,1030,龍華科技大學,碩士班(日間),322,219,103
110,私立,技專校院,1030,龍華科技大學,碩士在職專班,111,89,22
110,私立,技專校院,1031,輔英科技大學,碩士班(日間),170,42,128
110,私立,技專校院,1031,輔英科技大學,碩士在職專班,95,3,92
110,私立,技專校院,1031,輔英科技大學,學士班(日間),5247,1643,3604
110,私立,技專校院,1031,輔英科技大學,學士班(進修),1534,613,921
110,私立,技專校院,1031,輔英科技大學,五專,2682,308,2374
110,私立,技專校院,1032,明新學校財團法人明新科技大學,碩士班(日間),269,158,111
110,私立,技專校院,1032,明新學校財團法人明新科技大學,碩士在職專班,280,195,85
110,私立,技專校院,1032,明新學校財團法人明新科技大學,二專(日間),21,21,0
110,私立,技專校院,1032,明新學校財團法人明新科技大學,二專(進修),223,138,85
110,私立,技專校院,1032,明新學校財團法人明新科技大學,學士班(日間),7132,4296,2836
110,私立,技專校院,1032,明新學校財團法人明新科技大學,學士班(進修),3452,2107,1345
110,私立,一般大學,1033,長榮大學,學士班(日間),7106,3203,3903
110,私立,一般大學,1033,長榮大學,學士班(進修),312,217,95
110,私立,一般大學,1033,長榮大學,博士班,48,35,13
110,私立,一般大學,1033,長榮大學,碩士班(日間),268,96,172
110,私立,一般大學,1033,長榮大學,碩士在職專班,115,79,36
110,私立,技專校院,1034,弘光科技大學,五專,260,32,228
110,私立,技專校院,1034,弘光科技大學,碩士班(日間),197,58,139
110,私立,技專校院,1034,弘光科技大學,碩士在職專班,107,24,83
110,私立,技專校院,1034,弘光科技大學,二專(進修),133,20,113
110,私立,技專校院,1034,弘光科技大學,學士班(日間),7950,2667,5283
110,私立,技專校院,1034,弘光科技大學,學士班(進修),4006,1570,2436
110,私立,技專校院,1034,弘光科技大學,博士班,13,2,11
110,私立,一般大學,1035,中國醫藥大學,碩士班(日間),496,184,312
110,私立,一般大學,1035,中國醫藥大學,碩士在職專班,86,17,69
110,私立,一般大學,1035,中國醫藥大學,學士班(日間),6254,2647,3607
110,私立,一般大學,1035,中國醫藥大學,博士班,407,242,165
110,私立,技專校院,1036,健行學校財團法人健行科技大學,碩士在職專班,33,21,12
110,私立,技專校院,1036,健行學校財團法人健行科技大學,學士班(日間),6610,4476,2134
110,私立,技專校院,1036,健行學校財團法人健行科技大學,學士班(進修),4234,2594,1640
110,私立,技專校院,1036,健行學校財團法人健行科技大學,碩士班(日間),290,186,104
110,私立,技專校院,1037,正修學校財團法人正修科技大學,二專(進修),948,573,375
110,私立,技專校院,1037,正修學校財團法人正修科技大學,學士班(日間),8731,5567,3164
110,私立,技專校院,1037,正修學校財團法人正修科技大學,五專,274,211,63
110,私立,技專校院,1037,正修學校財團法人正修科技大學,博士班,14,14,0
110,私立,技專校院,1037,正修學校財團法人正修科技大學,學士班(進修),7072,4336,2736
110,私立,技專校院,1037,正修學校財團法人正修科技大學,碩士班(日間),327,189,138
110,私立,技專校院,1037,正修學校財團法人正修科技大學,碩士在職專班,202,140,62
110,私立,技專校院,1038,萬能學校財團法人萬能科技大學,學士班(日間),5793,3179,2614
110,私立,技專校院,1038,萬能學校財團法人萬能科技大學,學士班(進修),2908,1655,1253
110,私立,技專校院,1038,萬能學校財團法人萬能科技大學,二專(進修),32,1,31
110,私立,技專校院,1038,萬能學校財團法人萬能科技大學,碩士班(日間),134,68,66
110,私立,技專校院,1038,萬能學校財團法人萬能科技大學,碩士在職專班,146,67,79
110,私立,一般大學,1039,玄奘大學,學士班(日間),1630,681,949
110,私立,一般大學,1039,玄奘大學,博士班,1,1,0
110,私立,一般大學,1039,玄奘大學,學士班(進修),30,13,17
110,私立,一般大學,1039,玄奘大學,碩士班(日間),246,89,157
110,私立,一般大學,1039,玄奘大學,碩士在職專班,142,45,97
110,私立,技專校院,1040,建國科技大學,學士班(進修),2133,1547,586
110,私立,技專校院,1040,建國科技大學,二專(進修),69,41,28
110,私立,技專校院,1040,建國科技大學,學士班(日間),3535,2421,1114
110,私立,技專校院,1040,建國科技大學,碩士班(日間),134,85,49
110,私立,技專校院,1041,明志科技大學,學士班(日間),3625,2626,999
110,私立,技專校院,1041,明志科技大學,學士班(進修),283,268,15
110,私立,技專校院,1041,明志科技大學,博士班,37,29,8
110,私立,技專校院,1041,明志科技大學,碩士班(日間),473,348,125
110,私立,技專校院,1041,明志科技大學,碩士在職專班,20,17,3
110,私立,技專校院,1042,台鋼學校財團法人台鋼科技大學,學士班(進修),1072,799,273
110,私立,技專校院,1042,台鋼學校財團法人台鋼科技大學,碩士班(日間),83,45,38
110,私立,技專校院,1042,台鋼學校財團法人台鋼科技大學,碩士在職專班,178,117,61
110,私立,技專校院,1042,台鋼學校財團法人台鋼科技大學,二專(進修),167,91,76
110,私立,技專校院,1042,台鋼學校財團法人台鋼科技大學,學士班(日間),1640,1043,597
110,私立,技專校院,1043,大仁科技大學,二專(進修),92,47,45
110,私立,技專校院,1043,大仁科技大學,學士班(日間),3110,1483,1627
110,私立,技專校院,1043,大仁科技大學,學士班(進修),1487,566,921
110,私立,技專校院,1043,大仁科技大學,碩士班(日間),78,35,43
110,私立,技專校院,1043,大仁科技大學,碩士在職專班,167,87,80
110,私立,技專校院,1044,聖約翰科技大學,二專(進修),79,53,26
110,私立,技專校院,1044,聖約翰科技大學,學士班(日間),1020,641,379
110,私立,技專校院,1044,聖約翰科技大學,學士班(進修),388,306,82
110,私立,技專校院,1044,聖約翰科技大學,五專,158,125,33
110,私立,技專校院,1044,聖約翰科技大學,碩士在職專班,105,78,27
110,私立,技專校院,1044,聖約翰科技大學,碩士班(日間),88,62,26
110,私立,技專校院,1045,嶺東科技大學,學士班(日間),7206,2689,4517
110,私立,技專校院,1045,嶺東科技大學,學士班(進修),2651,1476,1175
110,私立,技專校院,1045,嶺東科技大學,碩士班(日間),239,118,121
110,私立,技專校院,1045,嶺東科技大學,碩士在職專班,157,98,59
110,私立,技專校院,1046,中國科技大學,學士班(進修),1892,1068,824
110,私立,技專校院,1046,中國科技大學,碩士班(日間),183,102,81
110,私立,技專校院,1046,中國科技大學,碩士在職專班,82,56,26
110,私立,技專校院,1046,中國科技大學,二專(進修),390,196,194
110,私立,技專校院,1046,中國科技大學,學士班(日間),6065,2802,3263
110,私立,技專校院,1047,中臺科技大學,二專(日間),16,6,10
110,私立,技專校院,1047,中臺科技大學,學士班(日間),4919,1930,2989
110,私立,技專校院,1047,中臺科技大學,博士班,9,6,3
110,私立,技專校院,1047,中臺科技大學,學士班(進修),2276,631,1645
110,私立,技專校院,1047,中臺科技大學,碩士班(日間),118,35,83
110,私立,技專校院,1047,中臺科技大學,碩士在職專班,266,57,209
110,私立,一般大學,1048,亞洲大學,博士班,235,146,89
110,私立,一般大學,1048,亞洲大學,碩士班(日間),603,242,361
110,私立,一般大學,1048,亞洲大學,學士班(日間),9443,3320,6123
110,私立,一般大學,1048,亞洲大學,學士班(進修),724,330,394
110,私立,一般大學,1048,亞洲大學,碩士在職專班,426,197,229
110,私立,一般大學,1049,開南大學,碩士班(日間),216,79,137
110,私立,一般大學,1049,開南大學,碩士在職專班,317,177,140
110,私立,一般大學,1049,開南大學,學士班(日間),3648,1733,1915
110,私立,一般大學,1049,開南大學,學士班(進修),927,534,393
110,私立,一般大學,1050,佛光大學,博士班,63,21,42
110,私立,一般大學,1050,佛光大學,碩士班(日間),429,172,257
110,私立,一般大學,1050,佛光大學,碩士在職專班,113,57,56
110,私立,一般大學,1050,佛光大學,學士班(日間),2637,1229,1408
110,私立,技專校院,1051,台南家專學校財團法人台南應用科技大學,學士班(日間),8153,2399,5754
110,私立,技專校院,1051,台南家專學校財團法人台南應用科技大學,五專,950,231,719
110,私立,技專校院,1051,台南家專學校財團法人台南應用科技大學,學士班(進修),2412,869,1543
110,私立,技專校院,1051,台南家專學校財團法人台南應用科技大學,碩士班(日間),101,29,72
110,私立,技專校院,1051,台南家專學校財團法人台南應用科技大學,碩士在職專班,100,24,76
110,私立,技專校院,1052,中信金學校財團法人中信科技大學,二專(進修),197,125,72
110,私立,技專校院,1052,中信金學校財團法人中信科技大學,學士班(日間),2438,1716,722
110,私立,技專校院,1052,中信金學校財團法人中信科技大學,學士班(進修),807,569,238
110,私立,技專校院,1052,中信金學校財團法人中信科技大學,碩士班(日間),276,147,129
110,私立,技專校院,1052,中信金學校財團法人中信科技大學,碩士在職專班,39,37,2
110,私立,技專校院,1053,光宇學校財團法人元培醫事科技大學,學士班(日間),3604,1482,2122
110,私立,技專校院,1053,光宇學校財團法人元培醫事科技大學,學士班(進修),1839,790,1049
110,私立,技專校院,1053,光宇學校財團法人元培醫事科技大學,博士班,2,2,0
110,私立,技專校院,1053,光宇學校財團法人元培醫事科技大學,碩士班(日間),265,120,145
110,私立,技專校院,1053,光宇學校財團法人元培醫事科技大學,碩士在職專班,41,9,32
110,私立,技專校院,1054,景文科技大學,二專(進修),122,71,51
110,私立,技專校院,1054,景文科技大學,學士班(日間),4667,2078,2589
110,私立,技專校院,1054,景文科技大學,學士班(進修),1049,538,511
110,私立,技專校院,1054,景文科技大學,碩士班(日間),18,13,5
110,私立,技專校院,1054,景文科技大學,碩士在職專班,47,32,15
110,私立,技專校院,1055,中華醫事科技大學,二專(進修),81,42,39
110,私立,技專校院,1055,中華醫事科技大學,學士班(日間),3889,1303,2586
110,私立,技專校院,1055,中華醫事科技大學,學士班(進修),1279,437,842
110,私立,技專校院,1055,中華醫事科技大學,五專,3147,702,2445
110,私立,技專校院,1055,中華醫事科技大學,二專(日間),1,1,0
110,私立,技專校院,1055,中華醫事科技大學,碩士班(日間),91,42,49
110,私立,技專校院,1055,中華醫事科技大學,碩士在職專班,23,12,11
110,私立,技專校院,1056,東南科技大學,學士班(日間),4050,2616,1434
110,私立,技專校院,1056,東南科技大學,學士班(進修),625,461,164
110,私立,技專校院,1056,東南科技大學,碩士班(日間),127,80,47
110,私立,技專校院,1056,東南科技大學,碩士在職專班,48,42,6
110,私立,技專校院,1057,德明財經科技大學,學士班(日間),6691,2840,3851
110,私立,技專校院,1057,德明財經科技大學,學士班(進修),533,270,263
110,私立,技專校院,1057,德明財經科技大學,附設進院,1,0,1
110,私立,技專校院,1057,德明財經科技大學,碩士班(日間),42,23,19
110,私立,技專校院,1057,德明財經科技大學,碩士在職專班,26,15,11
110,私立,一般大學,1058,明道學校財團法人明道大學,學士班(日間),1324,750,574
110,私立,一般大學,1058,明道學校財團法人明道大學,學士班(進修),456,307,149
110,私立,一般大學,1058,明道學校財團法人明道大學,博士班,32,19,13
110,私立,一般大學,1058,明道學校財團法人明道大學,碩士班(日間),148,80,68
110,私立,一般大學,1058,明道學校財團法人明道大學,碩士在職專班,53,24,29
110,私立,技專校院,1060,南開科技大學,二專(進修),64,39,25
110,私立,技專校院,1060,南開科技大學,學士班(日間),1790,1213,577
110,私立,技專校院,1060,南開科技大學,五專,415,353,62
110,私立,技專校院,1060,南開科技大學,學士班(進修),822,529,293
110,私立,技專校院,1060,南開科技大學,碩士班(日間),77,41,36
110,私立,技專校院,1060,南開科技大學,碩士在職專班,67,23,44
110,私立,技專校院,1061,中華學校財團法人中華科技大學,學士班(進修),1033,736,297
110,私立,技專校院,1061,中華學校財團法人中華科技大學,碩士班(日間),206,141,65
110,私立,技專校院,1061,中華學校財團法人中華科技大學,碩士在職專班,129,105,24
110,私立,技專校院,1061,中華學校財團法人中華科技大學,二專(進修),118,77,41
110,私立,技專校院,1061,中華學校財團法人中華科技大學,學士班(日間),2879,2003,876
110,私立,技專校院,1062,僑光科技大學,學士班(日間),5899,2477,3422
110,私立,技專校院,1062,僑光科技大學,學士班(進修),3892,2296,1596
110,私立,技專校院,1062,僑光科技大學,碩士班(日間),32,15,17
110,私立,技專校院,1062,僑光科技大學,碩士在職專班,18,10,8
110,私立,技專校院,1063,廣亞學校財團法人育達科技大學,碩士班(日間),164,72,92
110,私立,技專校院,1063,廣亞學校財團法人育達科技大學,碩士在職專班,161,89,72
110,私立,技專校院,1063,廣亞學校財團法人育達科技大學,學士班(日間),1558,796,762
110,私立,技專校院,1063,廣亞學校財團法人育達科技大學,學士班(進修),1901,826,1075
110,私立,技專校院,1064,美和學校財團法人美和科技大學,五專,1637,223,1414
110,私立,技專校院,1064,美和學校財團法人美和科技大學,碩士班(日間),147,60,87
110,私立,技專校院,1064,美和學校財團法人美和科技大學,二專(進修),127,65,62
110,私立,技專校院,1064,美和學校財團法人美和科技大學,學士班(日間),2214,859,1355
110,私立,技專校院,1064,美和學校財團法人美和科技大學,學士班(進修),1593,427,1166
110,私立,技專校院,1064,美和學校財團法人美和科技大學,附設進院,13,7,6
110,私立,技專校院,1064,美和學校財團法人美和科技大學,碩士在職專班,217,49,168
110,私立,技專校院,1065,吳鳳科技大學,二專(進修),224,129,95
110,私立,技專校院,1065,吳鳳科技大學,學士班(日間),3040,2073,967
110,私立,技專校院,1065,吳鳳科技大學,學士班(進修),1539,948,591
110,私立,技專校院,1065,吳鳳科技大學,碩士班(日間),50,30,20
110,私立,技專校院,1065,吳鳳科技大學,碩士在職專班,62,40,22
110,私立,技專校院,1066,環球學校財團法人環球科技大學,二專(進修),128,92,36
110,私立,技專校院,1066,環球學校財團法人環球科技大學,學士班(進修),777,376,401
110,私立,技專校院,1066,環球學校財團法人環球科技大學,碩士班(日間),127,58,69
110,私立,技專校院,1066,環球學校財團法人環球科技大學,碩士在職專班,71,27,44
110,私立,技專校院,1066,環球學校財團法人環球科技大學,學士班(日間),1728,827,901
110,私立,一般大學,1067,台灣首府學校財團法人台灣首府大學,碩士班(日間),53,11,42
110,私立,一般大學,1067,台灣首府學校財團法人台灣首府大學,學士班(日間),590,278,312
110,私立,一般大學,1067,台灣首府學校財團法人台灣首府大學,學士班(進修),168,104,64
110,私立,技專校院,1068,中州學校財團法人中州科技大學,學士班(進修),1289,581,708
110,私立,技專校院,1068,中州學校財團法人中州科技大學,碩士在職專班,10,3,7
110,私立,技專校院,1068,中州學校財團法人中州科技大學,二專(進修),76,7,69
110,私立,技專校院,1068,中州學校財團法人中州科技大學,學士班(日間),554,334,220
110,私立,技專校院,1068,中州學校財團法人中州科技大學,碩士班(日間),2,1,1
110,私立,技專校院,1069,修平學校財團法人修平科技大學,二專(進修),3,3,0
110,私立,技專校院,1069,修平學校財團法人修平科技大學,學士班(日間),2833,2086,747
110,私立,技專校院,1069,修平學校財團法人修平科技大學,學士班(進修),2071,1748,323
110,私立,技專校院,1069,修平學校財團法人修平科技大學,碩士班(日間),77,50,27
110,私立,技專校院,1069,修平學校財團法人修平科技大學,碩士在職專班,40,31,9
110,私立,技專校院,1070,長庚學校財團法人長庚科技大學,學士班(日間),4979,580,4399
110,私立,技專校院,1070,長庚學校財團法人長庚科技大學,學士班(進修),1197,88,1109
110,私立,技專校院,1070,長庚學校財團法人長庚科技大學,碩士在職專班,150,3,147
110,私立,技專校院,1070,長庚學校財團法人長庚科技大學,碩士班(日間),71,7,64
110,私立,技專校院,1071,城市學校財團法人臺北城市科技大學,二專(進修),374,174,200
110,私立,技專校院,1071,城市學校財團法人臺北城市科技大學,學士班(日間),6821,4334,2487
110,私立,技專校院,1071,城市學校財團法人臺北城市科技大學,五專,933,603,330
110,私立,技專校院,1071,城市學校財團法人臺北城市科技大學,學士班(進修),1244,843,401
110,私立,技專校院,1071,城市學校財團法人臺北城市科技大學,碩士班(日間),87,66,21
110,私立,技專校院,1072,大華學校財團法人敏實科技大學,學士班(日間),262,197,65
110,私立,技專校院,1072,大華學校財團法人敏實科技大學,學士班(進修),114,61,53
110,私立,技專校院,1072,大華學校財團法人敏實科技大學,五專,203,106,97
110,私立,技專校院,1073,醒吾學校財團法人醒吾科技大學,學士班(進修),1150,493,657
110,私立,技專校院,1073,醒吾學校財團法人醒吾科技大學,碩士班(日間),65,27,38
110,私立,技專校院,1073,醒吾學校財團法人醒吾科技大學,碩士在職專班,73,41,32
110,私立,技專校院,1073,醒吾學校財團法人醒吾科技大學,二專(進修),123,59,64
110,私立,技專校院,1073,醒吾學校財團法人醒吾科技大學,學士班(日間),5773,2565,3208
110,私立,技專校院,1073,醒吾學校財團法人醒吾科技大學,五專,333,127,206
110,私立,技專校院,1075,文藻學校財團法人文藻外語大學,碩士班(日間),221,54,167
110,私立,技專校院,1075,文藻學校財團法人文藻外語大學,學士班(日間),5048,1449,3599
110,私立,技專校院,1075,文藻學校財團法人文藻外語大學,學士班(進修),1664,605,1059
110,私立,技專校院,1075,文藻學校財團法人文藻外語大學,五專,1698,290,1408
110,私立,技專校院,1075,文藻學校財團法人文藻外語大學,碩士在職專班,52,15,37
110,私立,技專校院,1076,華夏學校財團法人華夏科技大學,二專(進修),112,46,66
110,私立,技專校院,1076,華夏學校財團法人華夏科技大學,學士班(日間),1356,889,467
110,私立,技專校院,1076,華夏學校財團法人華夏科技大學,學士班(進修),1377,777,600
110,私立,技專校院,1076,華夏學校財團法人華夏科技大學,五專,558,450,108
110,私立,技專校院,1076,華夏學校財團法人華夏科技大學,碩士班(日間),35,30,5
110,私立,技專校院,1076,華夏學校財團法人華夏科技大學,碩士在職專班,62,42,20
110,私立,技專校院,1077,慈濟學校財團法人慈濟科技大學,五專,1349,206,1143
110,私立,技專校院,1077,慈濟學校財團法人慈濟科技大學,碩士班(日間),61,18,43
110,私立,技專校院,1077,慈濟學校財團法人慈濟科技大學,二專(日間),14,4,10
110,私立,技專校院,1077,慈濟學校財團法人慈濟科技大學,二專(進修),11,5,6
110,私立,技專校院,1077,慈濟學校財團法人慈濟科技大學,學士班(日間),1562,524,1038
110,私立,技專校院,1077,慈濟學校財團法人慈濟科技大學,學士班(進修),214,25,189
110,私立,技專校院,1078,致理學校財團法人致理科技大學,碩士班(日間),50,10,40
110,私立,技專校院,1078,致理學校財團法人致理科技大學,碩士在職專班,45,13,32
110,私立,技專校院,1078,致理學校財團法人致理科技大學,學士班(日間),6656,2146,4510
110,私立,技專校院,1078,致理學校財團法人致理科技大學,學士班(進修),3179,1311,1868
110,私立,技專校院,1078,致理學校財團法人致理科技大學,五專,1556,348,1208
110,私立,一般大學,1079,康寧學校財團法人康寧大學,碩士班(日間),8,3,5
110,私立,一般大學,1079,康寧學校財團法人康寧大學,碩士在職專班,13,5,8
110,私立,一般大學,1079,康寧學校財團法人康寧大學,二專(進修),182,45,137
110,私立,一般大學,1079,康寧學校財團法人康寧大學,學士班(日間),236,59,177
110,私立,一般大學,1079,康寧學校財團法人康寧大學,學士班(進修),188,18,170
110,私立,一般大學,1079,康寧學校財團法人康寧大學,五專,2653,636,2017
110,私立,技專校院,1080,宏國學校財團法人宏國德霖科技大學,學士班(進修),1848,1145,703
110,私立,技專校院,1080,宏國學校財團法人宏國德霖科技大學,五專,1090,657,433
110,私立,技專校院,1080,宏國學校財團法人宏國德霖科技大學,碩士班(日間),31,16,15
110,私立,技專校院,1080,宏國學校財團法人宏國德霖科技大學,二專(進修),25,7,18
110,私立,技專校院,1080,宏國學校財團法人宏國德霖科技大學,學士班(日間),2002,1223,779
110,私立,技專校院,1081,東方學校財團法人東方設計大學,五專,459,213,246
110,私立,技專校院,1081,東方學校財團法人東方設計大學,碩士在職專班,42,19,23
110,私立,技專校院,1081,東方學校財團法人東方設計大學,二專(進修),75,43,32
110,私立,技專校院,1081,東方學校財團法人東方設計大學,學士班(日間),500,282,218
110,私立,技專校院,1081,東方學校財團法人東方設計大學,學士班(進修),286,173,113
110,私立,技專校院,1081,東方學校財團法人東方設計大學,博士班,28,14,14
110,私立,技專校院,1081,東方學校財團法人東方設計大學,碩士班(日間),81,30,51
110,私立,技專校院,1082,崇右學校財團法人崇右影藝科技大學,二專(進修),140,78,62
110,私立,技專校院,1082,崇右學校財團法人崇右影藝科技大學,學士班(日間),1573,699,874
110,私立,技專校院,1082,崇右學校財團法人崇右影藝科技大學,五專,6,3,3
110,私立,技專校院,1082,崇右學校財團法人崇右影藝科技大學,學士班(進修),142,80,62
110,私立,技專校院,1082,崇右學校財團法人崇右影藝科技大學,附設進院,2,1,1
110,私立,技專校院,1082,崇右學校財團法人崇右影藝科技大學,碩士班(日間),63,36,27
110,私立,技專校院,1083,台北海洋學校財團法人台北海洋科技大學,學士班(進修),732,329,403
110,私立,技專校院,1083,台北海洋學校財團法人台北海洋科技大學,二專(日間),51,49,2
110,私立,技專校院,1083,台北海洋學校財團法人台北海洋科技大學,二專(進修),81,73,8
110,私立,技專校院,1083,台北海洋學校財團法人台北海洋科技大學,學士班(日間),2421,1399,1022
110,私立,技專校院,1083,台北海洋學校財團法人台北海洋科技大學,五專,696,426,270
110,私立,技專校院,1083,台北海洋學校財團法人台北海洋科技大學,碩士班(日間),143,82,61
110,私立,技專校院,1084,亞東學校財團法人亞東科技大學,碩士班(日間),51,43,8
110,私立,技專校院,1084,亞東學校財團法人亞東科技大學,學士班(日間),4025,2813,1212
110,私立,技專校院,1084,亞東學校財團法人亞東科技大學,學士班(進修),147,1,146
110,私立,一般大學,1125,中信學校財團法人中信金融管理學院,學士班(日間),765,470,295
110,私立,一般大學,1125,中信學校財團法人中信金融管理學院,碩士班(日間),117,58,59
110,私立,一般大學,1125,中信學校財團法人中信金融管理學院,碩士在職專班,37,15,22
110,私立,技專校院,1148,大漢技術學院,碩士班(日間),87,51,36
110,私立,技專校院,1148,大漢技術學院,二專(進修),107,55,52
110,私立,技專校院,1148,大漢技術學院,學士班(日間),197,112,85
110,私立,技專校院,1148,大漢技術學院,學士班(進修),513,306,207
110,私立,技專校院,1159,和春技術學院,學士班(進修),138,102,36
110,私立,技專校院,1159,和春技術學院,五專,34,18,16
110,私立,技專校院,1159,和春技術學院,二專(進修),52,43,9
110,私立,技專校院,1159,和春技術學院,學士班(日間),77,61,16
110,私立,技專校院,1168,南亞科技學校財團法人南亞技術學院,五專,196,118,78
110,私立,技專校院,1168,南亞科技學校財團法人南亞技術學院,碩士班(日間),11,9,2
110,私立,技專校院,1168,南亞科技學校財團法人南亞技術學院,二專(進修),30,20,10
110,私立,技專校院,1168,南亞科技學校財團法人南亞技術學院,學士班(日間),1168,748,420
110,私立,技專校院,1168,南亞科技學校財團法人南亞技術學院,學士班(進修),1357,577,780
110,私立,技專校院,1182,蘭陽技術學院,學士班(日間),132,79,53
110,私立,技專校院,1182,蘭陽技術學院,學士班(進修),63,34,29
110,私立,技專校院,1182,蘭陽技術學院,五專,130,71,59
110,私立,技專校院,1183,黎明技術學院,學士班(日間),3550,1877,1673
110,私立,技專校院,1183,黎明技術學院,學士班(進修),1324,801,523
110,私立,技專校院,1183,黎明技術學院,五專,380,316,64
110,私立,技專校院,1185,德育學校財團法人德育護理健康學院,五專,1012,259,753
110,私立,技專校院,1185,德育學校財團法人德育護理健康學院,碩士班(日間),48,4,44
110,私立,技專校院,1185,德育學校財團法人德育護理健康學院,二專(進修),214,42,172
110,私立,技專校院,1185,德育學校財團法人德育護理健康學院,學士班(日間),1816,636,1180
110,私立,技專校院,1185,德育學校財團法人德育護理健康學院,學士班(進修),878,165,713
110,私立,技專校院,1185,德育學校財團法人德育護理健康學院,碩士在職專班,40,12,28
110,私立,技專校院,1188,大同技術學院,五專,80,44,36
110,私立,技專校院,1188,大同技術學院,二專(進修),45,22,23
110,私立,技專校院,1188,大同技術學院,學士班(日間),397,185,212
110,私立,技專校院,1188,大同技術學院,學士班(進修),420,111,309
110,私立,一般大學,1195,馬偕學校財團法人馬偕醫學院,學士班(日間),727,254,473
110,私立,一般大學,1195,馬偕學校財團法人馬偕醫學院,學士班(進修),78,2,76
110,私立,一般大學,1195,馬偕學校財團法人馬偕醫學院,博士班,8,8,0
110,私立,一般大學,1195,馬偕學校財團法人馬偕醫學院,碩士班(日間),60,18,42
110,私立,一般大學,1195,馬偕學校財團法人馬偕醫學院,碩士在職專班,28,6,22
110,私立,一般大學,1196,法鼓學校財團法人法鼓文理學院,學士班(日間),52,22,30
110,私立,一般大學,1196,法鼓學校財團法人法鼓文理學院,博士班,18,8,10
110,私立,一般大學,1196,法鼓學校財團法人法鼓文理學院,碩士班(日間),259,70,189
110,私立,技專校院,1282,馬偕學校財團法人馬偕醫護管理專科學校,二專(日間),1,0,1
110,私立,技專校院,1282,馬偕學校財團法人馬偕醫護管理專科學校,二專(進修),144,72,72
110,私立,技專校院,1282,馬偕學校財團法人馬偕醫護管理專科學校,五專,3852,504,3348
110,私立,技專校院,1283,仁德醫護管理專科學校,二專(進修),416,212,204
110,私立,技專校院,1283,仁德醫護管理專科學校,五專,5970,1333,4637
110,私立,技專校院,1284,樹人醫護管理專科學校,五專,6743,1472,5271
110,私立,技專校院,1284,樹人醫護管理專科學校,二專(進修),562,301,261
110,私立,技專校院,1285,慈惠醫護管理專科學校,二專(日間),89,19,70
110,私立,技專校院,1285,慈惠醫護管理專科學校,二專(進修),251,88,163
110,私立,技專校院,1285,慈惠醫護管理專科學校,五專,3005,641,2364
110,私立,技專校院,1286,耕莘健康管理專科學校,二專(進修),120,9,111
110,私立,技專校院,1286,耕莘健康管理專科學校,五專,4272,422,3850
110,私立,技專校院,1287,敏惠醫護管理專科學校,五專,3841,486,3355
110,私立,技專校院,1287,敏惠醫護管理專科學校,二專(進修),64,19,45
110,私立,技專校院,1289,育英醫護管理專科學校,五專,1923,220,1703
110,私立,技專校院,1291,聖母醫護管理專科學校,二專(日間),34,17,17
110,私立,技專校院,1291,聖母醫護管理專科學校,五專,1787,292,1495
110,私立,技專校院,1291,聖母醫護管理專科學校,二專(進修),51,27,24
110,私立,技專校院,1292,新生醫護管理專科學校,二專(進修),70,9,61
110,私立,技專校院,1292,新生醫護管理專科學校,五專,5985,728,5257
110,私立,技專校院,1293,崇仁醫護管理專科學校,五專,3209,445,2764
110,私立,宗教研修學院,1R02,學校財團法人中華浸信會基督教台灣浸會神學院,碩士班(日間),49,26,23
110,私立,宗教研修學院,1R03,臺北基督學院,學士班(日間),65,32,33
110,私立,宗教研修學院,1R04,財團法人一貫道天皇基金會一貫道天皇學院,碩士班(日間),25,14,11
110,私立,宗教研修學院,1R04,財團法人一貫道天皇基金會一貫道天皇學院,碩士在職專班,56,24,32
110,私立,宗教研修學院,1R04,財團法人一貫道天皇基金會一貫道天皇學院,學士班(日間),69,33,36
110,私立,宗教研修學院,1R05,台神學校財團法人台灣神學研究學院,碩士班(日間),116,41,75
110,私立,宗教研修學院,1R06,一貫道崇德學院,碩士班(日間),74,30,44
110,私立,宗教研修學院,1R07,台灣基督長老教會南神神學院,碩士班(日間),73,28,45
110,私立,宗教研修學院,1R08,中華福音神學研究學院,碩士班(日間),18,8,10
110,私立,宗教研修學院,1R09,唯心聖教學院,碩士班(日間),15,5,10
110,公立,一般大學,3002,臺北市立大學,博士班,220,95,125
110,公立,一般大學,3002,臺北市立大學,碩士班(日間),1348,447,901
110,公立,一般大學,3002,臺北市立大學,碩士在職專班,1201,316,885
110,公立,一般大學,3002,臺北市立大學,學士班(日間),5345,2363,2982
111,公立,一般大學,0001,國立政治大學,學士班(日間),9732,3976,5756
111,公立,一般大學,0001,國立政治大學,博士班,922,530,392
111,公立,一般大學,0001,國立政治大學,碩士班(日間),4203,1907,2296
111,公立,一般大學,0001,國立政治大學,碩士在職專班,1870,921,949
111,公立,一般大學,0002,國立清華大學,學士班(日間),9119,4958,4161
111,公立,一般大學,0002,國立清華大學,碩士在職專班,1387,511,876
111,公立,一般大學,0002,國立清華大學,博士班,1669,1169,500
111,公立,一般大學,0002,國立清華大學,碩士班(日間),5859,3551,2308
111,公立,一般大學,0003,國立臺灣大學,碩士班(日間),11096,6651,4445
111,公立,一般大學,0003,國立臺灣大學,碩士在職專班,1623,1003,620
111,公立,一般大學,0003,國立臺灣大學,學士班(日間),17074,9514,7560
111,公立,一般大學,0003,國立臺灣大學,博士班,3629,2444,1185
111,公立,一般大學,0004,國立臺灣師範大學,學士班(日間),8394,3810,4584
111,公立,一般大學,0004,國立臺灣師範大學,博士班,1326,632,694
111,公立,一般大學,0004,國立臺灣師範大學,碩士班(日間),4360,1903,2457
111,公立,一般大學,0004,國立臺灣師範大學,碩士在職專班,2182,650,1532
111,公立,一般大學,0005,國立成功大學,博士班,1857,1231,626
111,公立,一般大學,0005,國立成功大學,碩士班(日間),7425,4776,2649
111,公立,一般大學,0005,國立成功大學,碩士在職專班,1533,932,601
111,公立,一般大學,0005,國立成功大學,學士班(日間),12010,7406,4604
111,公立,一般大學,0006,國立中興大學,學士班(日間),8201,4643,3558
111,公立,一般大學,0006,國立中興大學,博士班,969,655,314
111,公立,一般大學,0006,國立中興大學,學士班(進修),892,399,493
111,公立,一般大學,0006,國立中興大學,碩士班(日間),3668,2170,1498
111,公立,一般大學,0006,國立中興大學,碩士在職專班,1733,1114,619
111,公立,一般大學,0007,國立陽明交通大學,學士班(日間),8605,5489,3116
111,公立,一般大學,0007,國立陽明交通大學,博士班,2613,1790,823
111,公立,一般大學,0007,國立陽明交通大學,碩士班(日間),7617,4791,2826
111,公立,一般大學,0007,國立陽明交通大學,碩士在職專班,1872,1173,699
111,公立,一般大學,0008,國立中央大學,學士班(日間),6154,3823,2331
111,公立,一般大學,0008,國立中央大學,碩士在職專班,1465,923,542
111,公立,一般大學,0008,國立中央大學,博士班,1025,713,312
111,公立,一般大學,0008,國立中央大學,碩士班(日間),3650,2439,1211
111,公立,一般大學,0009,國立中山大學,學士班(日間),4945,2976,1969
111,公立,一般大學,0009,國立中山大學,博士班,854,558,296
111,公立,一般大學,0009,國立中山大學,碩士班(日間),3402,2072,1330
111,公立,一般大學,0009,國立中山大學,碩士在職專班,1095,537,558
111,公立,一般大學,0012,國立臺灣海洋大學,學士班(日間),6094,4188,1906
111,公立,一般大學,0012,國立臺灣海洋大學,學士班(進修),597,390,207
111,公立,一般大學,0012,國立臺灣海洋大學,博士班,328,240,88
111,公立,一般大學,0012,國立臺灣海洋大學,碩士班(日間),1478,976,502
111,公立,一般大學,0012,國立臺灣海洋大學,碩士在職專班,670,395,275
111,公立,一般大學,0013,國立中正大學,學士班(日間),6558,3537,3021
111,公立,一般大學,0013,國立中正大學,博士班,558,356,202
111,公立,一般大學,0013,國立中正大學,碩士班(日間),2858,1685,1173
111,公立,一般大學,0013,國立中正大學,碩士在職專班,1399,582,817
111,公立,一般大學,0014,國立高雄師範大學,學士班(日間),3870,1915,1955
111,公立,一般大學,0014,國立高雄師範大學,博士班,445,214,231
111,公立,一般大學,0014,國立高雄師範大學,碩士班(日間),1519,556,963
111,公立,一般大學,0014,國立高雄師範大學,碩士在職專班,1385,497,888
111,公立,一般大學,0015,國立彰化師範大學,碩士班(日間),1686,837,849
111,公立,一般大學,0015,國立彰化師範大學,碩士在職專班,1364,556,808
111,公立,一般大學,0015,國立彰化師範大學,學士班(日間),4988,2710,2278
111,公立,一般大學,0015,國立彰化師範大學,博士班,488,288,200
111,公立,一般大學,0017,國立臺北大學,學士班(日間),5959,2743,3216
111,公立,一般大學,0017,國立臺北大學,學士班(進修),1971,816,1155
111,公立,一般大學,0017,國立臺北大學,博士班,202,137,65
111,公立,一般大學,0017,國立臺北大學,碩士班(日間),1506,742,764
111,公立,一般大學,0017,國立臺北大學,碩士在職專班,639,307,332
111,公立,一般大學,0018,國立嘉義大學,學士班(日間),7338,3801,3537
111,公立,一般大學,0018,國立嘉義大學,學士班(進修),1831,1128,703
111,公立,一般大學,0018,國立嘉義大學,博士班,197,116,81
111,公立,一般大學,0018,國立嘉義大學,碩士班(日間),1210,553,657
111,公立,一般大學,0018,國立嘉義大學,碩士在職專班,910,349,561
111,公立,一般大學,0019,國立高雄大學,碩士班(日間),701,437,264
111,公立,一般大學,0019,國立高雄大學,碩士在職專班,539,340,199
111,公立,一般大學,0019,國立高雄大學,學士班(日間),4592,2684,1908
111,公立,一般大學,0019,國立高雄大學,學士班(進修),124,58,66
111,公立,一般大學,0019,國立高雄大學,博士班,30,26,4
111,公立,一般大學,0020,國立東華大學,學士班(日間),7878,3745,4133
111,公立,一般大學,0020,國立東華大學,碩士班(日間),1443,689,754
111,公立,一般大學,0020,國立東華大學,博士班,421,240,181
111,公立,一般大學,0020,國立東華大學,碩士在職專班,538,196,342
111,公立,一般大學,0021,國立暨南國際大學,學士班(日間),4666,2268,2398
111,公立,一般大學,0021,國立暨南國際大學,博士班,354,179,175
111,公立,一般大學,0021,國立暨南國際大學,碩士班(日間),867,375,492
111,公立,一般大學,0021,國立暨南國際大學,碩士在職專班,494,180,314
111,公立,技專校院,0022,國立臺灣科技大學,碩士班(日間),4055,2814,1241
111,公立,技專校院,0022,國立臺灣科技大學,碩士在職專班,836,513,323
111,公立,技專校院,0022,國立臺灣科技大學,學士班(日間),5682,3938,1744
111,公立,技專校院,0022,國立臺灣科技大學,博士班,1075,808,267
111,公立,技專校院,0023,國立雲林科技大學,學士班(進修),227,98,129
111,公立,技專校院,0023,國立雲林科技大學,博士班,433,269,164
111,公立,技專校院,0023,國立雲林科技大學,碩士班(日間),2018,1258,760
111,公立,技專校院,0023,國立雲林科技大學,碩士在職專班,815,480,335
111,公立,技專校院,0023,國立雲林科技大學,學士班(日間),6534,3983,2551
111,公立,技專校院,0024,國立屏東科技大學,學士班(日間),7627,4145,3482
111,公立,技專校院,0024,國立屏東科技大學,博士班,254,158,96
111,公立,技專校院,0024,國立屏東科技大學,學士班(進修),1318,855,463
111,公立,技專校院,0024,國立屏東科技大學,碩士班(日間),1150,655,495
111,公立,技專校院,0024,國立屏東科技大學,碩士在職專班,281,172,109
111,公立,技專校院,0025,國立臺北科技大學,學士班(日間),6345,4452,1893
111,公立,技專校院,0025,國立臺北科技大學,五專,150,123,27
111,公立,技專校院,0025,國立臺北科技大學,碩士班(日間),3376,2417,959
111,公立,技專校院,0025,國立臺北科技大學,學士班(進修),1439,1203,236
111,公立,技專校院,0025,國立臺北科技大學,附設進院,6,6,0
111,公立,技專校院,0025,國立臺北科技大學,博士班,737,554,183
111,公立,技專校院,0025,國立臺北科技大學,碩士在職專班,1586,1079,507
111,公立,一般大學,0028,國立臺北藝術大學,碩士在職專班,177,58,119
111,公立,一般大學,0028,國立臺北藝術大學,學士班(日間),1797,649,1148
111,公立,一般大學,0028,國立臺北藝術大學,七年一貫,85,41,44
111,公立,一般大學,0028,國立臺北藝術大學,博士班,109,46,63
111,公立,一般大學,0028,國立臺北藝術大學,碩士班(日間),1011,357,654
111,公立,一般大學,0029,國立臺灣藝術大學,學士班(進修),1929,574,1355
111,公立,一般大學,0029,國立臺灣藝術大學,碩士班(日間),773,274,499
111,公立,一般大學,0029,國立臺灣藝術大學,碩士在職專班,386,168,218
111,公立,一般大學,0029,國立臺灣藝術大學,學士班(日間),2374,669,1705
111,公立,一般大學,0029,國立臺灣藝術大學,博士班,152,71,81
111,公立,一般大學,0030,國立臺東大學,碩士班(日間),389,154,235
111,公立,一般大學,0030,國立臺東大學,碩士在職專班,627,165,462
111,公立,一般大學,0030,國立臺東大學,學士班(日間),3668,1837,1831
111,公立,一般大學,0030,國立臺東大學,學士班(進修),368,152,216
111,公立,一般大學,0030,國立臺東大學,博士班,47,20,27
111,公立,一般大學,0031,國立宜蘭大學,學士班(進修),403,264,139
111,公立,一般大學,0031,國立宜蘭大學,博士班,15,10,5
111,公立,一般大學,0031,國立宜蘭大學,碩士班(日間),521,345,176
111,公立,一般大學,0031,國立宜蘭大學,碩士在職專班,214,153,61
111,公立,一般大學,0031,國立宜蘭大學,學士班(日間),4488,2835,1653
111,公立,一般大學,0032,國立聯合大學,學士班(日間),6122,4264,1858
111,公立,一般大學,0032,國立聯合大學,學士班(進修),1053,751,302
111,公立,一般大學,0032,國立聯合大學,碩士在職專班,43,22,21
111,公立,一般大學,0032,國立聯合大學,博士班,18,15,3
111,公立,一般大學,0032,國立聯合大學,碩士班(日間),413,290,123
111,公立,技專校院,0033,國立虎尾科技大學,學士班(進修),2345,1892,453
111,公立,技專校院,0033,國立虎尾科技大學,附設進院,4,3,1
111,公立,技專校院,0033,國立虎尾科技大學,碩士班(日間),1014,830,184
111,公立,技專校院,0033,國立虎尾科技大學,碩士在職專班,191,138,53
111,公立,技專校院,0033,國立虎尾科技大學,二專(日間),70,69,1
111,公立,技專校院,0033,國立虎尾科技大學,學士班(日間),7688,5918,1770
111,公立,技專校院,0033,國立虎尾科技大學,五專,317,275,42
111,公立,技專校院,0033,國立虎尾科技大學,博士班,57,48,9
111,公立,一般大學,0035,國立臺南藝術大學,學士班(日間),789,259,530
111,公立,一般大學,0035,國立臺南藝術大學,七年一貫,174,70,104
111,公立,一般大學,0035,國立臺南藝術大學,博士班,62,25,37
111,公立,一般大學,0035,國立臺南藝術大學,碩士班(日間),579,225,354
111,公立,一般大學,0035,國立臺南藝術大學,碩士在職專班,58,14,44
111,公立,一般大學,0036,國立臺南大學,博士班,153,64,89
111,公立,一般大學,0036,國立臺南大學,碩士班(日間),1002,418,584
111,公立,一般大學,0036,國立臺南大學,碩士在職專班,632,205,427
111,公立,一般大學,0036,國立臺南大學,學士班(日間),3902,1833,2069
111,公立,一般大學,0036,國立臺南大學,學士班(進修),180,111,69
111,公立,一般大學,0037,國立臺北教育大學,學士班(日間),3325,1097,2228
111,公立,一般大學,0037,國立臺北教育大學,博士班,152,64,88
111,公立,一般大學,0037,國立臺北教育大學,碩士班(日間),1427,435,992
111,公立,一般大學,0037,國立臺北教育大學,碩士在職專班,1051,247,804
111,公立,一般大學,0039,國立臺中教育大學,博士班,108,37,71
111,公立,一般大學,0039,國立臺中教育大學,碩士班(日間),902,274,628
111,公立,一般大學,0039,國立臺中教育大學,碩士在職專班,779,166,613
111,公立,一般大學,0039,國立臺中教育大學,學士班(日間),3211,1151,2060
111,公立,技專校院,0042,國立澎湖科技大學,學士班(日間),2472,1543,929
111,公立,技專校院,0042,國立澎湖科技大學,學士班(進修),240,113,127
111,公立,技專校院,0042,國立澎湖科技大學,五專,94,88,6
111,公立,技專校院,0042,國立澎湖科技大學,碩士班(日間),80,43,37
111,公立,技專校院,0042,國立澎湖科技大學,碩士在職專班,41,24,17
111,公立,技專校院,0043,國立勤益科技大學,二專(進修),294,216,78
111,公立,技專校院,0043,國立勤益科技大學,學士班(日間),7005,4836,2169
111,公立,技專校院,0043,國立勤益科技大學,學士班(進修),4096,3452,644
111,公立,技專校院,0043,國立勤益科技大學,博士班,52,45,7
111,公立,技專校院,0043,國立勤益科技大學,碩士班(日間),678,493,185
111,公立,技專校院,0043,國立勤益科技大學,碩士在職專班,296,224,72
111,公立,一般大學,0044,國立體育大學,學士班(日間),1914,1175,739
111,公立,一般大學,0044,國立體育大學,學士班(進修),102,65,37
111,公立,一般大學,0044,國立體育大學,博士班,144,93,51
111,公立,一般大學,0044,國立體育大學,碩士班(日間),352,183,169
111,公立,一般大學,0044,國立體育大學,碩士在職專班,221,119,102
111,公立,技專校院,0046,國立臺北護理健康大學,學士班(日間),3760,820,2940
111,公立,技專校院,0046,國立臺北護理健康大學,學士班(進修),705,43,662
111,公立,技專校院,0046,國立臺北護理健康大學,博士班,77,8,69
111,公立,技專校院,0046,國立臺北護理健康大學,碩士班(日間),547,82,465
111,公立,技專校院,0046,國立臺北護理健康大學,碩士在職專班,208,31,177
111,公立,技專校院,0047,國立高雄餐旅大學,學士班(進修),1052,376,676
111,公立,技專校院,0047,國立高雄餐旅大學,博士班,31,17,14
111,公立,技專校院,0047,國立高雄餐旅大學,碩士班(日間),155,53,102
111,公立,技專校院,0047,國立高雄餐旅大學,碩士在職專班,23,11,12
111,公立,技專校院,0047,國立高雄餐旅大學,學士班(日間),3009,981,2028
111,公立,技專校院,0047,國立高雄餐旅大學,五專,251,100,151
111,公立,一般大學,0048,國立金門大學,博士班,2,1,1
111,公立,一般大學,0048,國立金門大學,碩士班(日間),222,123,99
111,公立,一般大學,0048,國立金門大學,學士班(日間),3091,1627,1464
111,公立,一般大學,0048,國立金門大學,學士班(進修),775,421,354
111,公立,一般大學,0048,國立金門大學,碩士在職專班,85,43,42
111,公立,一般大學,0049,國立臺灣體育運動大學,博士班,14,6,8
111,公立,一般大學,0049,國立臺灣體育運動大學,碩士班(日間),273,135,138
111,公立,一般大學,0049,國立臺灣體育運動大學,碩士在職專班,117,80,37
111,公立,一般大學,0049,國立臺灣體育運動大學,學士班(日間),2351,1368,983
111,公立,一般大學,0049,國立臺灣體育運動大學,學士班(進修),367,263,104
111,公立,技專校院,0050,國立臺中科技大學,五專,3694,1039,2655
111,公立,技專校院,0050,國立臺中科技大學,碩士班(日間),439,181,258
111,公立,技專校院,0050,國立臺中科技大學,碩士在職專班,272,94,178
111,公立,技專校院,0050,國立臺中科技大學,二專(進修),1007,382,625
111,公立,技專校院,0050,國立臺中科技大學,學士班(日間),6859,2217,4642
111,公立,技專校院,0050,國立臺中科技大學,學士班(進修),3824,1283,2541
111,公立,技專校院,0051,國立臺北商業大學,二專(進修),302,106,196
111,公立,技專校院,0051,國立臺北商業大學,學士班(日間),3034,924,2110
111,公立,技專校院,0051,國立臺北商業大學,博士班,9,8,1
111,公立,技專校院,0051,國立臺北商業大學,學士班(進修),1789,662,1127
111,公立,技專校院,0051,國立臺北商業大學,五專,1755,515,1240
111,公立,技專校院,0051,國立臺北商業大學,碩士班(日間),307,122,185
111,公立,技專校院,0051,國立臺北商業大學,碩士在職專班,94,33,61
111,公立,一般大學,0052,國立屏東大學,學士班(進修),715,339,376
111,公立,一般大學,0052,國立屏東大學,博士班,46,23,23
111,公立,一般大學,0052,國立屏東大學,碩士班(日間),912,349,563
111,公立,一般大學,0052,國立屏東大學,碩士在職專班,711,225,486
111,公立,一般大學,0052,國立屏東大學,學士班(日間),6538,2886,3652
111,公立,技專校院,0053,國立高雄科技大學,附設進院,595,320,275
111,公立,技專校院,0053,國立高雄科技大學,五專,867,703,164
111,公立,技專校院,0053,國立高雄科技大學,博士班,598,444,154
111,公立,技專校院,0053,國立高雄科技大學,碩士班(日間),2618,1753,865
111,公立,技專校院,0053,國立高雄科技大學,碩士在職專班,2010,1261,749
111,公立,技專校院,0053,國立高雄科技大學,學士班(日間),17899,11105,6794
111,公立,技專校院,0053,國立高雄科技大學,學士班(進修),3856,2597,1259
111,公立,技專校院,0144,國立臺灣戲曲學院,學士班(日間),516,194,322
111,公立,技專校院,0221,國立臺南護理專科學校,二專(日間),77,3,74
111,公立,技專校院,0221,國立臺南護理專科學校,二專(進修),43,9,34
111,公立,技專校院,0221,國立臺南護理專科學校,五專,1865,184,1681
111,公立,技專校院,0222,國立臺東專科學校,二專(日間),438,299,139
111,公立,技專校院,0222,國立臺東專科學校,五專,221,113,108
111,公立,技專校院,0222,國立臺東專科學校,二專(進修),96,43,53
111,私立,一般大學,1001,東海大學,學士班(進修),308,149,159
111,私立,一般大學,1001,東海大學,博士班,240,150,90
111,私立,一般大學,1001,東海大學,碩士班(日間),1368,656,712
111,私立,一般大學,1001,東海大學,碩士在職專班,760,373,387
111,私立,一般大學,1001,東海大學,學士班(日間),12607,5657,6950
111,私立,一般大學,1002,輔仁大學,博士班,423,218,205
111,私立,一般大學,1002,輔仁大學,碩士班(日間),2008,782,1226
111,私立,一般大學,1002,輔仁大學,學士班(日間),17908,7347,10561
111,私立,一般大學,1002,輔仁大學,學士班(進修),4141,1646,2495
111,私立,一般大學,1002,輔仁大學,碩士在職專班,1501,580,921
111,私立,一般大學,1003,東吳大學,學士班(日間),11772,4634,7138
111,私立,一般大學,1003,東吳大學,學士班(進修),772,296,476
111,私立,一般大學,1003,東吳大學,博士班,127,73,54
111,私立,一般大學,1003,東吳大學,碩士班(日間),1335,599,736
111,私立,一般大學,1003,東吳大學,碩士在職專班,1281,590,691
111,私立,一般大學,1004,中原大學,學士班(日間),13751,7176,6575
111,私立,一般大學,1004,中原大學,博士班,355,243,112
111,私立,一般大學,1004,中原大學,碩士班(日間),1596,902,694
111,私立,一般大學,1004,中原大學,碩士在職專班,927,545,382
111,私立,一般大學,1005,淡江大學學校財團法人淡江大學,學士班(日間),19799,10498,9301
111,私立,一般大學,1005,淡江大學學校財團法人淡江大學,博士班,366,242,124
111,私立,一般大學,1005,淡江大學學校財團法人淡江大學,學士班(進修),1002,592,410
111,私立,一般大學,1005,淡江大學學校財團法人淡江大學,碩士班(日間),1491,827,664
111,私立,一般大學,1005,淡江大學學校財團法人淡江大學,碩士在職專班,670,330,340
111,私立,一般大學,1006,中國文化大學,學士班(日間),18166,9218,8948
111,私立,一般大學,1006,中國文化大學,學士班(進修),1482,575,907
111,私立,一般大學,1006,中國文化大學,博士班,508,312,196
111,私立,一般大學,1006,中國文化大學,碩士班(日間),1536,826,710
111,私立,一般大學,1006,中國文化大學,碩士在職專班,573,207,366
111,私立,一般大學,1007,逢甲大學,學士班(進修),835,499,336
111,私立,一般大學,1007,逢甲大學,博士班,415,292,123
111,私立,一般大學,1007,逢甲大學,碩士班(日間),1694,1106,588
111,私立,一般大學,1007,逢甲大學,碩士在職專班,1156,705,451
111,私立,一般大學,1007,逢甲大學,學士班(日間),17341,10018,7323
111,私立,一般大學,1008,靜宜大學,學士班(日間),10642,4082,6560
111,私立,一般大學,1008,靜宜大學,博士班,59,29,30
111,私立,一般大學,1008,靜宜大學,碩士班(日間),671,248,423
111,私立,一般大學,1008,靜宜大學,碩士在職專班,334,129,205
111,私立,一般大學,1009,長庚大學,學士班(日間),5236,2535,2701
111,私立,一般大學,1009,長庚大學,博士班,424,270,154
111,私立,一般大學,1009,長庚大學,碩士班(日間),1144,534,610
111,私立,一般大學,1009,長庚大學,碩士在職專班,183,95,88
111,私立,一般大學,1010,元智大學,博士班,233,162,71
111,私立,一般大學,1010,元智大學,碩士班(日間),829,488,341
111,私立,一般大學,1010,元智大學,學士班(日間),7010,3928,3082
111,私立,一般大學,1010,元智大學,碩士在職專班,572,346,226
111,私立,一般大學,1011,中華大學學校財團法人中華大學,學士班(日間),3569,2436,1133
111,私立,一般大學,1011,中華大學學校財團法人中華大學,學士班(進修),405,264,141
111,私立,一般大學,1011,中華大學學校財團法人中華大學,博士班,65,48,17
111,私立,一般大學,1011,中華大學學校財團法人中華大學,碩士班(日間),288,176,112
111,私立,一般大學,1011,中華大學學校財團法人中華大學,碩士在職專班,134,88,46
111,私立,一般大學,1012,大葉大學,博士班,104,69,35
111,私立,一般大學,1012,大葉大學,碩士班(日間),397,221,176
111,私立,一般大學,1012,大葉大學,碩士在職專班,188,91,97
111,私立,一般大學,1012,大葉大學,學士班(日間),4717,2603,2114
111,私立,一般大學,1012,大葉大學,學士班(進修),288,151,137
111,私立,一般大學,1013,華梵學校財團法人華梵大學,碩士班(日間),181,76,105
111,私立,一般大學,1013,華梵學校財團法人華梵大學,碩士在職專班,184,71,113
111,私立,一般大學,1013,華梵學校財團法人華梵大學,學士班(日間),562,276,286
111,私立,一般大學,1013,華梵學校財團法人華梵大學,博士班,64,30,34
111,私立,一般大學,1014,義守大學,學士班(日間),11217,5694,5523
111,私立,一般大學,1014,義守大學,學士班(進修),881,560,321
111,私立,一般大學,1014,義守大學,博士班,143,100,43
111,私立,一般大學,1014,義守大學,碩士班(日間),347,181,166
111,私立,一般大學,1014,義守大學,碩士在職專班,353,233,120
111,私立,一般大學,1015,世新大學,學士班(日間),9019,3210,5809
111,私立,一般大學,1015,世新大學,學士班(進修),696,241,455
111,私立,一般大學,1015,世新大學,博士班,82,47,35
111,私立,一般大學,1015,世新大學,碩士班(日間),543,258,285
111,私立,一般大學,1015,世新大學,碩士在職專班,559,282,277
111,私立,一般大學,1016,銘傳大學,博士班,67,32,35
111,私立,一般大學,1016,銘傳大學,碩士班(日間),789,299,490
111,私立,一般大學,1016,銘傳大學,學士班(日間),16655,6628,10027
111,私立,一般大學,1016,銘傳大學,碩士在職專班,745,317,428
111,私立,一般大學,1017,實踐大學,學士班(日間),9896,3316,6580
111,私立,一般大學,1017,實踐大學,學士班(進修),1484,473,1011
111,私立,一般大學,1017,實踐大學,博士班,27,12,15
111,私立,一般大學,1017,實踐大學,碩士班(日間),357,162,195
111,私立,一般大學,1017,實踐大學,碩士在職專班,111,27,84
111,私立,技專校院,1018,朝陽科技大學,學士班(日間),11174,4927,6247
111,私立,技專校院,1018,朝陽科技大學,碩士在職專班,276,124,152
111,私立,技專校院,1018,朝陽科技大學,學士班(進修),1640,815,825
111,私立,技專校院,1018,朝陽科技大學,博士班,112,73,39
111,私立,技專校院,1018,朝陽科技大學,碩士班(日間),609,311,298
111,私立,一般大學,1019,高雄醫學大學,博士班,313,151,162
111,私立,一般大學,1019,高雄醫學大學,碩士班(日間),701,226,475
111,私立,一般大學,1019,高雄醫學大學,學士班(日間),5274,2242,3032
111,私立,一般大學,1019,高雄醫學大學,碩士在職專班,230,89,141
111,私立,一般大學,1020,南華大學,學士班(日間),3934,1860,2074
111,私立,一般大學,1020,南華大學,博士班,47,29,18
111,私立,一般大學,1020,南華大學,學士班(進修),298,180,118
111,私立,一般大學,1020,南華大學,碩士班(日間),514,183,331
111,私立,一般大學,1020,南華大學,碩士在職專班,343,130,213
111,私立,一般大學,1021,真理大學,學士班(日間),4175,2155,2020
111,私立,一般大學,1021,真理大學,學士班(進修),1,1,0
111,私立,一般大學,1021,真理大學,碩士班(日間),124,64,60
111,私立,一般大學,1021,真理大學,碩士在職專班,14,4,10
111,私立,一般大學,1022,大同大學,博士班,95,62,33
111,私立,一般大學,1022,大同大學,碩士班(日間),223,140,83
111,私立,一般大學,1022,大同大學,碩士在職專班,149,114,35
111,私立,一般大學,1022,大同大學,學士班(日間),3351,2102,1249
111,私立,技專校院,1023,南臺學校財團法人南臺科技大學,學士班(進修),2833,1773,1060
111,私立,技專校院,1023,南臺學校財團法人南臺科技大學,碩士班(日間),741,424,317
111,私立,技專校院,1023,南臺學校財團法人南臺科技大學,碩士在職專班,321,160,161
111,私立,技專校院,1023,南臺學校財團法人南臺科技大學,學士班(日間),11718,6801,4917
111,私立,技專校院,1023,南臺學校財團法人南臺科技大學,五專,414,361,53
111,私立,技專校院,1023,南臺學校財團法人南臺科技大學,博士班,79,53,26
111,私立,技專校院,1024,崑山科技大學,學士班(進修),2401,1613,788
111,私立,技專校院,1024,崑山科技大學,碩士班(日間),307,192,115
111,私立,技專校院,1024,崑山科技大學,碩士在職專班,172,114,58
111,私立,技專校院,1024,崑山科技大學,二專(日間),12,3,9
111,私立,技專校院,1024,崑山科技大學,二專(進修),1,1,0
111,私立,技專校院,1024,崑山科技大學,學士班(日間),6353,3797,2556
111,私立,技專校院,1024,崑山科技大學,博士班,30,24,6
111,私立,技專校院,1025,嘉藥學校財團法人嘉南藥理大學,學士班(日間),8428,3516,4912
111,私立,技專校院,1025,嘉藥學校財團法人嘉南藥理大學,學士班(進修),1720,682,1038
111,私立,技專校院,1025,嘉藥學校財團法人嘉南藥理大學,碩士班(日間),164,71,93
111,私立,技專校院,1025,嘉藥學校財團法人嘉南藥理大學,五專,112,51,61
111,私立,技專校院,1025,嘉藥學校財團法人嘉南藥理大學,碩士在職專班,192,84,108
111,私立,技專校院,1026,樹德科技大學,學士班(進修),1602,857,745
111,私立,技專校院,1026,樹德科技大學,博士班,33,16,17
111,私立,技專校院,1026,樹德科技大學,碩士班(日間),233,87,146
111,私立,技專校院,1026,樹德科技大學,碩士在職專班,323,145,178
111,私立,技專校院,1026,樹德科技大學,二專(進修),308,157,151
111,私立,技專校院,1026,樹德科技大學,學士班(日間),6632,2892,3740
111,私立,一般大學,1027,慈濟學校財團法人慈濟大學,博士班,97,48,49
111,私立,一般大學,1027,慈濟學校財團法人慈濟大學,碩士班(日間),383,119,264
111,私立,一般大學,1027,慈濟學校財團法人慈濟大學,碩士在職專班,19,5,14
111,私立,一般大學,1027,慈濟學校財團法人慈濟大學,學士班(日間),2558,1041,1517
111,私立,一般大學,1028,臺北醫學大學,學士班(日間),4543,1909,2634
111,私立,一般大學,1028,臺北醫學大學,博士班,612,324,288
111,私立,一般大學,1028,臺北醫學大學,碩士班(日間),699,228,471
111,私立,一般大學,1028,臺北醫學大學,碩士在職專班,300,92,208
111,私立,一般大學,1029,中山醫學大學,學士班(進修),113,40,73
111,私立,一般大學,1029,中山醫學大學,博士班,181,106,75
111,私立,一般大學,1029,中山醫學大學,碩士班(日間),537,177,360
111,私立,一般大學,1029,中山醫學大學,碩士在職專班,168,30,138
111,私立,一般大學,1029,中山醫學大學,學士班(日間),5983,2125,3858
111,私立,技專校院,1030,龍華科技大學,學士班(日間),7565,5158,2407
111,私立,技專校院,1030,龍華科技大學,五專,823,742,81
111,私立,技專校院,1030,龍華科技大學,學士班(進修),2851,2200,651
111,私立,技專校院,1030,龍華科技大學,碩士班(日間),359,243,116
111,私立,技專校院,1030,龍華科技大學,碩士在職專班,122,91,31
111,私立,技專校院,1031,輔英科技大學,學士班(進修),1368,528,840
111,私立,技專校院,1031,輔英科技大學,碩士班(日間),154,31,123
111,私立,技專校院,1031,輔英科技大學,碩士在職專班,79,2,77
111,私立,技專校院,1031,輔英科技大學,學士班(日間),4845,1510,3335
111,私立,技專校院,1031,輔英科技大學,五專,2652,328,2324
111,私立,技專校院,1032,明新學校財團法人明新科技大學,二專(進修),207,135,72
111,私立,技專校院,1032,明新學校財團法人明新科技大學,學士班(日間),6562,3932,2630
111,私立,技專校院,1032,明新學校財團法人明新科技大學,二專(日間),23,21,2
111,私立,技專校院,1032,明新學校財團法人明新科技大學,學士班(進修),3117,1904,1213
111,私立,技專校院,1032,明新學校財團法人明新科技大學,碩士班(日間),343,197,146
111,私立,技專校院,1032,明新學校財團法人明新科技大學,碩士在職專班,304,199,105
111,私立,一般大學,1033,長榮大學,學士班(日間),6133,2894,3239
111,私立,一般大學,1033,長榮大學,博士班,50,36,14
111,私立,一般大學,1033,長榮大學,學士班(進修),260,194,66
111,私立,一般大學,1033,長榮大學,碩士班(日間),244,98,146
111,私立,一般大學,1033,長榮大學,碩士在職專班,96,56,40
111,私立,技專校院,1034,弘光科技大學,二專(日間),11,5,6
111,私立,技專校院,1034,弘光科技大學,五專,266,31,235
111,私立,技專校院,1034,弘光科技大學,碩士班(日間),184,48,136
111,私立,技專校院,1034,弘光科技大學,碩士在職專班,102,32,70
111,私立,技專校院,1034,弘光科技大學,二專(進修),122,14,108
111,私立,技專校院,1034,弘光科技大學,學士班(日間),7682,2511,5171
111,私立,技專校院,1034,弘光科技大學,學士班(進修),3724,1429,2295
111,私立,技專校院,1034,弘光科技大學,博士班,15,1,14
111,私立,一般大學,1035,中國醫藥大學,學士班(日間),6304,2677,3627
111,私立,一般大學,1035,中國醫藥大學,碩士班(日間),501,183,318
111,私立,一般大學,1035,中國醫藥大學,博士班,412,230,182
111,私立,一般大學,1035,中國醫藥大學,碩士在職專班,83,18,65
111,私立,技專校院,1036,健行學校財團法人健行科技大學,碩士班(日間),347,205,142
111,私立,技專校院,1036,健行學校財團法人健行科技大學,碩士在職專班,36,20,16
111,私立,技專校院,1036,健行學校財團法人健行科技大學,學士班(日間),5915,3834,2081
111,私立,技專校院,1036,健行學校財團法人健行科技大學,學士班(進修),3794,2318,1476
111,私立,技專校院,1037,正修學校財團法人正修科技大學,二專(進修),827,493,334
111,私立,技專校院,1037,正修學校財團法人正修科技大學,學士班(日間),8101,5236,2865
111,私立,技專校院,1037,正修學校財團法人正修科技大學,博士班,14,14,0
111,私立,技專校院,1037,正修學校財團法人正修科技大學,學士班(進修),6903,4111,2792
111,私立,技專校院,1037,正修學校財團法人正修科技大學,五專,340,257,83
111,私立,技專校院,1037,正修學校財團法人正修科技大學,碩士班(日間),377,208,169
111,私立,技專校院,1037,正修學校財團法人正修科技大學,碩士在職專班,205,137,68
111,私立,技專校院,1038,萬能學校財團法人萬能科技大學,學士班(進修),2612,1478,1134
111,私立,技專校院,1038,萬能學校財團法人萬能科技大學,碩士班(日間),147,77,70
111,私立,技專校院,1038,萬能學校財團法人萬能科技大學,碩士在職專班,146,73,73
111,私立,技專校院,1038,萬能學校財團法人萬能科技大學,二專(進修),6,0,6
111,私立,技專校院,1038,萬能學校財團法人萬能科技大學,學士班(日間),5312,2929,2383
111,私立,一般大學,1039,玄奘大學,學士班(日間),1376,561,815
111,私立,一般大學,1039,玄奘大學,學士班(進修),19,5,14
111,私立,一般大學,1039,玄奘大學,碩士班(日間),261,92,169
111,私立,一般大學,1039,玄奘大學,碩士在職專班,149,44,105
111,私立,技專校院,1040,建國科技大學,學士班(進修),1928,1405,523
111,私立,技專校院,1040,建國科技大學,碩士班(日間),132,77,55
111,私立,技專校院,1040,建國科技大學,二專(日間),9,8,1
111,私立,技專校院,1040,建國科技大學,二專(進修),48,30,18
111,私立,技專校院,1040,建國科技大學,學士班(日間),2679,1841,838
111,私立,技專校院,1041,明志科技大學,學士班(日間),3598,2577,1021
111,私立,技專校院,1041,明志科技大學,博士班,47,34,13
111,私立,技專校院,1041,明志科技大學,學士班(進修),198,191,7
111,私立,技專校院,1041,明志科技大學,碩士班(日間),479,363,116
111,私立,技專校院,1041,明志科技大學,碩士在職專班,22,17,5
111,私立,技專校院,1042,台鋼學校財團法人台鋼科技大學,二專(進修),59,29,30
111,私立,技專校院,1042,台鋼學校財團法人台鋼科技大學,學士班(日間),1132,672,460
111,私立,技專校院,1042,台鋼學校財團法人台鋼科技大學,學士班(進修),706,531,175
111,私立,技專校院,1042,台鋼學校財團法人台鋼科技大學,碩士班(日間),90,57,33
111,私立,技專校院,1042,台鋼學校財團法人台鋼科技大學,碩士在職專班,110,84,26
111,私立,技專校院,1042,台鋼學校財團法人台鋼科技大學,五專,8,7,1
111,私立,技專校院,1043,大仁科技大學,學士班(日間),2767,1314,1453
111,私立,技專校院,1043,大仁科技大學,學士班(進修),1442,529,913
111,私立,技專校院,1043,大仁科技大學,二專(進修),89,49,40
111,私立,技專校院,1043,大仁科技大學,碩士班(日間),84,35,49
111,私立,技專校院,1043,大仁科技大學,碩士在職專班,140,77,63
111,私立,技專校院,1044,聖約翰科技大學,二專(進修),49,33,16
111,私立,技專校院,1044,聖約翰科技大學,學士班(日間),594,381,213
111,私立,技專校院,1044,聖約翰科技大學,學士班(進修),238,207,31
111,私立,技專校院,1044,聖約翰科技大學,五專,98,79,19
111,私立,技專校院,1044,聖約翰科技大學,碩士在職專班,69,51,18
111,私立,技專校院,1044,聖約翰科技大學,碩士班(日間),71,54,17
111,私立,技專校院,1045,嶺東科技大學,學士班(日間),6610,2467,4143
111,私立,技專校院,1045,嶺東科技大學,學士班(進修),2483,1314,1169
111,私立,技專校院,1045,嶺東科技大學,碩士班(日間),219,97,122
111,私立,技專校院,1045,嶺東科技大學,碩士在職專班,154,82,72
111,私立,技專校院,1046,中國科技大學,學士班(進修),1650,916,734
111,私立,技專校院,1046,中國科技大學,碩士班(日間),185,104,81
111,私立,技專校院,1046,中國科技大學,碩士在職專班,60,36,24
111,私立,技專校院,1046,中國科技大學,二專(進修),307,159,148
111,私立,技專校院,1046,中國科技大學,學士班(日間),5416,2526,2890
111,私立,技專校院,1047,中臺科技大學,學士班(日間),4327,1682,2645
111,私立,技專校院,1047,中臺科技大學,博士班,8,4,4
111,私立,技專校院,1047,中臺科技大學,二專(日間),14,5,9
111,私立,技專校院,1047,中臺科技大學,學士班(進修),2182,587,1595
111,私立,技專校院,1047,中臺科技大學,碩士班(日間),119,35,84
111,私立,技專校院,1047,中臺科技大學,碩士在職專班,271,55,216
111,私立,一般大學,1048,亞洲大學,學士班(進修),553,238,315
111,私立,一般大學,1048,亞洲大學,博士班,230,138,92
111,私立,一般大學,1048,亞洲大學,碩士班(日間),631,229,402
111,私立,一般大學,1048,亞洲大學,學士班(日間),9079,3211,5868
111,私立,一般大學,1048,亞洲大學,碩士在職專班,420,193,227
111,私立,一般大學,1049,開南大學,學士班(日間),3249,1602,1647
111,私立,一般大學,1049,開南大學,學士班(進修),1002,558,444
111,私立,一般大學,1049,開南大學,碩士班(日間),228,84,144
111,私立,一般大學,1049,開南大學,碩士在職專班,299,174,125
111,私立,一般大學,1050,佛光大學,學士班(日間),2469,1169,1300
111,私立,一般大學,1050,佛光大學,博士班,64,20,44
111,私立,一般大學,1050,佛光大學,碩士班(日間),433,183,250
111,私立,一般大學,1050,佛光大學,碩士在職專班,102,56,46
111,私立,技專校院,1051,台南家專學校財團法人台南應用科技大學,學士班(日間),7494,2166,5328
111,私立,技專校院,1051,台南家專學校財團法人台南應用科技大學,五專,902,221,681
111,私立,技專校院,1051,台南家專學校財團法人台南應用科技大學,學士班(進修),2126,750,1376
111,私立,技專校院,1051,台南家專學校財團法人台南應用科技大學,碩士班(日間),94,32,62
111,私立,技專校院,1051,台南家專學校財團法人台南應用科技大學,碩士在職專班,104,23,81
111,私立,技專校院,1052,中信金學校財團法人中信科技大學,二專(進修),193,135,58
111,私立,技專校院,1052,中信金學校財團法人中信科技大學,學士班(日間),1796,1295,501
111,私立,技專校院,1052,中信金學校財團法人中信科技大學,學士班(進修),677,477,200
111,私立,技專校院,1052,中信金學校財團法人中信科技大學,碩士班(日間),228,121,107
111,私立,技專校院,1052,中信金學校財團法人中信科技大學,碩士在職專班,38,36,2
111,私立,技專校院,1053,光宇學校財團法人元培醫事科技大學,學士班(日間),3137,1272,1865
111,私立,技專校院,1053,光宇學校財團法人元培醫事科技大學,學士班(進修),1635,675,960
111,私立,技專校院,1053,光宇學校財團法人元培醫事科技大學,博士班,2,2,0
111,私立,技專校院,1053,光宇學校財團法人元培醫事科技大學,碩士班(日間),245,101,144
111,私立,技專校院,1053,光宇學校財團法人元培醫事科技大學,碩士在職專班,41,12,29
111,私立,技專校院,1054,景文科技大學,二專(進修),79,44,35
111,私立,技專校院,1054,景文科技大學,學士班(日間),4228,1917,2311
111,私立,技專校院,1054,景文科技大學,學士班(進修),971,531,440
111,私立,技專校院,1054,景文科技大學,碩士班(日間),7,5,2
111,私立,技專校院,1054,景文科技大學,碩士在職專班,57,36,21
111,私立,技專校院,1055,中華醫事科技大學,二專(進修),77,34,43
111,私立,技專校院,1055,中華醫事科技大學,學士班(日間),3319,1007,2312
111,私立,技專校院,1055,中華醫事科技大學,五專,3110,666,2444
111,私立,技專校院,1055,中華醫事科技大學,學士班(進修),1289,464,825
111,私立,技專校院,1055,中華醫事科技大學,碩士班(日間),100,44,56
111,私立,技專校院,1055,中華醫事科技大學,碩士在職專班,23,11,12
111,私立,技專校院,1056,東南科技大學,學士班(日間),3645,2320,1325
111,私立,技專校院,1056,東南科技大學,學士班(進修),540,382,158
111,私立,技專校院,1056,東南科技大學,碩士班(日間),131,80,51
111,私立,技專校院,1056,東南科技大學,碩士在職專班,60,53,7
111,私立,技專校院,1057,德明財經科技大學,學士班(進修),466,217,249
111,私立,技專校院,1057,德明財經科技大學,碩士班(日間),41,21,20
111,私立,技專校院,1057,德明財經科技大學,碩士在職專班,26,15,11
111,私立,技專校院,1057,德明財經科技大學,學士班(日間),5892,2517,3375
111,私立,一般大學,1058,明道學校財團法人明道大學,學士班(進修),368,256,112
111,私立,一般大學,1058,明道學校財團法人明道大學,博士班,30,17,13
111,私立,一般大學,1058,明道學校財團法人明道大學,碩士班(日間),144,74,70
111,私立,一般大學,1058,明道學校財團法人明道大學,碩士在職專班,41,11,30
111,私立,一般大學,1058,明道學校財團法人明道大學,學士班(日間),793,427,366
111,私立,技專校院,1060,南開科技大學,二專(進修),53,28,25
111,私立,技專校院,1060,南開科技大學,學士班(日間),1475,1045,430
111,私立,技專校院,1060,南開科技大學,五專,341,297,44
111,私立,技專校院,1060,南開科技大學,學士班(進修),791,510,281
111,私立,技專校院,1060,南開科技大學,碩士班(日間),73,38,35
111,私立,技專校院,1060,南開科技大學,碩士在職專班,51,19,32
111,私立,技專校院,1061,中華學校財團法人中華科技大學,二專(進修),121,80,41
111,私立,技專校院,1061,中華學校財團法人中華科技大學,學士班(日間),2365,1670,695
111,私立,技專校院,1061,中華學校財團法人中華科技大學,學士班(進修),1105,795,310
111,私立,技專校院,1061,中華學校財團法人中華科技大學,碩士班(日間),197,131,66
111,私立,技專校院,1061,中華學校財團法人中華科技大學,碩士在職專班,98,77,21
111,私立,技專校院,1062,僑光科技大學,學士班(日間),5271,2323,2948
111,私立,技專校院,1062,僑光科技大學,學士班(進修),3542,2131,1411
111,私立,技專校院,1062,僑光科技大學,碩士班(日間),54,23,31
111,私立,技專校院,1062,僑光科技大學,碩士在職專班,33,17,16
111,私立,技專校院,1063,廣亞學校財團法人育達科技大學,碩士班(日間),150,58,92
111,私立,技專校院,1063,廣亞學校財團法人育達科技大學,碩士在職專班,175,95,80
111,私立,技專校院,1063,廣亞學校財團法人育達科技大學,學士班(日間),1262,673,589
111,私立,技專校院,1063,廣亞學校財團法人育達科技大學,學士班(進修),1847,801,1046
111,私立,技專校院,1064,美和學校財團法人美和科技大學,碩士班(日間),147,57,90
111,私立,技專校院,1064,美和學校財團法人美和科技大學,二專(進修),109,58,51
111,私立,技專校院,1064,美和學校財團法人美和科技大學,學士班(日間),1887,739,1148
111,私立,技專校院,1064,美和學校財團法人美和科技大學,學士班(進修),1533,364,1169
111,私立,技專校院,1064,美和學校財團法人美和科技大學,附設進院,4,2,2
111,私立,技專校院,1064,美和學校財團法人美和科技大學,五專,1625,229,1396
111,私立,技專校院,1064,美和學校財團法人美和科技大學,碩士在職專班,201,36,165
111,私立,技專校院,1065,吳鳳科技大學,碩士班(日間),48,38,10
111,私立,技專校院,1065,吳鳳科技大學,碩士在職專班,63,44,19
111,私立,技專校院,1065,吳鳳科技大學,二專(進修),206,111,95
111,私立,技專校院,1065,吳鳳科技大學,學士班(日間),2650,1754,896
111,私立,技專校院,1065,吳鳳科技大學,學士班(進修),1374,808,566
111,私立,技專校院,1066,環球學校財團法人環球科技大學,二專(進修),104,67,37
111,私立,技專校院,1066,環球學校財團法人環球科技大學,學士班(日間),1265,622,643
111,私立,技專校院,1066,環球學校財團法人環球科技大學,學士班(進修),579,273,306
111,私立,技專校院,1066,環球學校財團法人環球科技大學,碩士班(日間),99,43,56
111,私立,技專校院,1066,環球學校財團法人環球科技大學,碩士在職專班,64,22,42
111,私立,一般大學,1067,台灣首府學校財團法人台灣首府大學,學士班(進修),81,46,35
111,私立,一般大學,1067,台灣首府學校財團法人台灣首府大學,碩士班(日間),33,9,24
111,私立,一般大學,1067,台灣首府學校財團法人台灣首府大學,學士班(日間),223,102,121
111,私立,技專校院,1068,中州學校財團法人中州科技大學,學士班(進修),584,289,295
111,私立,技專校院,1068,中州學校財團法人中州科技大學,碩士在職專班,5,2,3
111,私立,技專校院,1068,中州學校財團法人中州科技大學,二專(進修),30,1,29
111,私立,技專校院,1068,中州學校財團法人中州科技大學,學士班(日間),288,183,105
111,私立,技專校院,1069,修平學校財團法人修平科技大學,二專(進修),2,2,0
111,私立,技專校院,1069,修平學校財團法人修平科技大學,學士班(日間),2466,1785,681
111,私立,技專校院,1069,修平學校財團法人修平科技大學,學士班(進修),1792,1517,275
111,私立,技專校院,1069,修平學校財團法人修平科技大學,碩士班(日間),90,50,40
111,私立,技專校院,1069,修平學校財團法人修平科技大學,碩士在職專班,61,44,17
111,私立,技專校院,1070,長庚學校財團法人長庚科技大學,學士班(日間),4837,590,4247
111,私立,技專校院,1070,長庚學校財團法人長庚科技大學,碩士在職專班,161,4,157
111,私立,技專校院,1070,長庚學校財團法人長庚科技大學,學士班(進修),1203,89,1114
111,私立,技專校院,1070,長庚學校財團法人長庚科技大學,碩士班(日間),70,5,65
111,私立,技專校院,1071,城市學校財團法人臺北城市科技大學,二專(日間),20,16,4
111,私立,技專校院,1071,城市學校財團法人臺北城市科技大學,五專,838,522,316
111,私立,技專校院,1071,城市學校財團法人臺北城市科技大學,二專(進修),341,193,148
111,私立,技專校院,1071,城市學校財團法人臺北城市科技大學,學士班(日間),6503,4050,2453
111,私立,技專校院,1071,城市學校財團法人臺北城市科技大學,學士班(進修),1195,796,399
111,私立,技專校院,1071,城市學校財團法人臺北城市科技大學,碩士班(日間),88,66,22
111,私立,技專校院,1072,大華學校財團法人敏實科技大學,學士班(日間),348,235,113
111,私立,技專校院,1072,大華學校財團法人敏實科技大學,學士班(進修),101,49,52
111,私立,技專校院,1072,大華學校財團法人敏實科技大學,五專,114,59,55
111,私立,技專校院,1073,醒吾學校財團法人醒吾科技大學,學士班(進修),972,437,535
111,私立,技專校院,1073,醒吾學校財團法人醒吾科技大學,五專,241,92,149
111,私立,技專校院,1073,醒吾學校財團法人醒吾科技大學,碩士班(日間),61,23,38
111,私立,技專校院,1073,醒吾學校財團法人醒吾科技大學,碩士在職專班,82,39,43
111,私立,技專校院,1073,醒吾學校財團法人醒吾科技大學,二專(進修),72,35,37
111,私立,技專校院,1073,醒吾學校財團法人醒吾科技大學,學士班(日間),5259,2327,2932
111,私立,技專校院,1075,文藻學校財團法人文藻外語大學,學士班(進修),1279,476,803
111,私立,技專校院,1075,文藻學校財團法人文藻外語大學,碩士班(日間),222,60,162
111,私立,技專校院,1075,文藻學校財團法人文藻外語大學,學士班(日間),4588,1325,3263
111,私立,技專校院,1075,文藻學校財團法人文藻外語大學,五專,1785,305,1480
111,私立,技專校院,1075,文藻學校財團法人文藻外語大學,碩士在職專班,56,19,37
111,私立,技專校院,1076,華夏學校財團法人華夏科技大學,二專(進修),36,4,32
111,私立,技專校院,1076,華夏學校財團法人華夏科技大學,學士班(日間),1098,747,351
111,私立,技專校院,1076,華夏學校財團法人華夏科技大學,學士班(進修),1084,642,442
111,私立,技專校院,1076,華夏學校財團法人華夏科技大學,五專,517,409,108
111,私立,技專校院,1076,華夏學校財團法人華夏科技大學,碩士班(日間),30,25,5
111,私立,技專校院,1076,華夏學校財團法人華夏科技大學,碩士在職專班,52,39,13
111,私立,技專校院,1077,慈濟學校財團法人慈濟科技大學,二專(進修),3,3,0
111,私立,技專校院,1077,慈濟學校財團法人慈濟科技大學,學士班(日間),1444,484,960
111,私立,技專校院,1077,慈濟學校財團法人慈濟科技大學,五專,1300,184,1116
111,私立,技專校院,1077,慈濟學校財團法人慈濟科技大學,碩士班(日間),80,26,54
111,私立,技專校院,1077,慈濟學校財團法人慈濟科技大學,二專(日間),20,2,18
111,私立,技專校院,1077,慈濟學校財團法人慈濟科技大學,學士班(進修),175,22,153
111,私立,技專校院,1078,致理學校財團法人致理科技大學,碩士班(日間),47,11,36
111,私立,技專校院,1078,致理學校財團法人致理科技大學,碩士在職專班,47,14,33
111,私立,技專校院,1078,致理學校財團法人致理科技大學,學士班(日間),6651,2192,4459
111,私立,技專校院,1078,致理學校財團法人致理科技大學,學士班(進修),3005,1242,1763
111,私立,技專校院,1078,致理學校財團法人致理科技大學,五專,1576,366,1210
111,私立,一般大學,1079,康寧學校財團法人康寧大學,學士班(進修),188,18,170
111,私立,一般大學,1079,康寧學校財團法人康寧大學,碩士班(日間),2,0,2
111,私立,一般大學,1079,康寧學校財團法人康寧大學,碩士在職專班,7,4,3
111,私立,一般大學,1079,康寧學校財團法人康寧大學,二專(進修),177,44,133
111,私立,一般大學,1079,康寧學校財團法人康寧大學,學士班(日間),183,36,147
111,私立,一般大學,1079,康寧學校財團法人康寧大學,五專,2635,599,2036
111,私立,技專校院,1080,宏國學校財團法人宏國德霖科技大學,學士班(進修),1742,1071,671
111,私立,技專校院,1080,宏國學校財團法人宏國德霖科技大學,五專,1107,649,458
111,私立,技專校院,1080,宏國學校財團法人宏國德霖科技大學,碩士班(日間),56,35,21
111,私立,技專校院,1080,宏國學校財團法人宏國德霖科技大學,學士班(日間),1784,1074,710
111,私立,技專校院,1081,東方學校財團法人東方設計大學,博士班,26,11,15
111,私立,技專校院,1081,東方學校財團法人東方設計大學,碩士班(日間),64,31,33
111,私立,技專校院,1081,東方學校財團法人東方設計大學,碩士在職專班,24,10,14
111,私立,技專校院,1081,東方學校財團法人東方設計大學,二專(進修),48,29,19
111,私立,技專校院,1081,東方學校財團法人東方設計大學,學士班(日間),331,184,147
111,私立,技專校院,1081,東方學校財團法人東方設計大學,學士班(進修),167,101,66
111,私立,技專校院,1081,東方學校財團法人東方設計大學,五專,290,136,154
111,私立,技專校院,1082,崇右學校財團法人崇右影藝科技大學,二專(進修),2,1,1
111,私立,技專校院,1082,崇右學校財團法人崇右影藝科技大學,學士班(日間),1314,582,732
111,私立,技專校院,1082,崇右學校財團法人崇右影藝科技大學,學士班(進修),4,3,1
111,私立,技專校院,1082,崇右學校財團法人崇右影藝科技大學,碩士班(日間),44,25,19
111,私立,技專校院,1083,台北海洋學校財團法人台北海洋科技大學,學士班(進修),841,371,470
111,私立,技專校院,1083,台北海洋學校財團法人台北海洋科技大學,五專,607,370,237
111,私立,技專校院,1083,台北海洋學校財團法人台北海洋科技大學,碩士班(日間),143,87,56
111,私立,技專校院,1083,台北海洋學校財團法人台北海洋科技大學,二專(日間),32,31,1
111,私立,技專校院,1083,台北海洋學校財團法人台北海洋科技大學,二專(進修),122,113,9
111,私立,技專校院,1083,台北海洋學校財團法人台北海洋科技大學,學士班(日間),2262,1314,948
111,私立,技專校院,1084,亞東學校財團法人亞東科技大學,學士班(進修),151,4,147
111,私立,技專校院,1084,亞東學校財團法人亞東科技大學,碩士班(日間),53,39,14
111,私立,技專校院,1084,亞東學校財團法人亞東科技大學,學士班(日間),3717,2579,1138
111,私立,一般大學,1125,中信學校財團法人中信金融管理學院,學士班(日間),776,457,319
111,私立,一般大學,1125,中信學校財團法人中信金融管理學院,碩士班(日間),107,50,57
111,私立,一般大學,1125,中信學校財團法人中信金融管理學院,碩士在職專班,42,25,17
111,私立,技專校院,1148,大漢技術學院,碩士班(日間),77,47,30
111,私立,技專校院,1148,大漢技術學院,二專(進修),92,40,52
111,私立,技專校院,1148,大漢技術學院,學士班(日間),141,83,58
111,私立,技專校院,1148,大漢技術學院,學士班(進修),474,283,191
111,私立,技專校院,1159,和春技術學院,五專,8,6,2
111,私立,技專校院,1159,和春技術學院,二專(進修),7,5,2
111,私立,技專校院,1159,和春技術學院,學士班(日間),24,19,5
111,私立,技專校院,1159,和春技術學院,學士班(進修),30,25,5
111,私立,技專校院,1168,南亞科技學校財團法人南亞技術學院,碩士班(日間),4,3,1
111,私立,技專校院,1168,南亞科技學校財團法人南亞技術學院,二專(進修),3,2,1
111,私立,技專校院,1168,南亞科技學校財團法人南亞技術學院,學士班(日間),1067,728,339
111,私立,技專校院,1168,南亞科技學校財團法人南亞技術學院,學士班(進修),1114,375,739
111,私立,技專校院,1168,南亞科技學校財團法人南亞技術學院,五專,132,76,56
111,私立,技專校院,1183,黎明技術學院,學士班(日間),3393,1738,1655
111,私立,技專校院,1183,黎明技術學院,五專,353,285,68
111,私立,技專校院,1183,黎明技術學院,學士班(進修),1315,864,451
111,私立,技專校院,1185,德育學校財團法人德育護理健康學院,碩士班(日間),39,3,36
111,私立,技專校院,1185,德育學校財團法人德育護理健康學院,二專(進修),190,27,163
111,私立,技專校院,1185,德育學校財團法人德育護理健康學院,學士班(日間),1573,550,1023
111,私立,技專校院,1185,德育學校財團法人德育護理健康學院,學士班(進修),857,154,703
111,私立,技專校院,1185,德育學校財團法人德育護理健康學院,五專,959,243,716
111,私立,技專校院,1185,德育學校財團法人德育護理健康學院,碩士在職專班,41,13,28
111,私立,技專校院,1188,大同技術學院,二專(進修),19,13,6
111,私立,技專校院,1188,大同技術學院,學士班(日間),178,87,91
111,私立,技專校院,1188,大同技術學院,學士班(進修),229,52,177
111,私立,技專校院,1188,大同技術學院,五專,46,23,23
111,私立,一般大學,1195,馬偕學校財團法人馬偕醫學院,碩士班(日間),63,22,41
111,私立,一般大學,1195,馬偕學校財團法人馬偕醫學院,碩士在職專班,31,6,25
111,私立,一般大學,1195,馬偕學校財團法人馬偕醫學院,學士班(日間),704,258,446
111,私立,一般大學,1195,馬偕學校財團法人馬偕醫學院,學士班(進修),54,0,54
111,私立,一般大學,1195,馬偕學校財團法人馬偕醫學院,博士班,10,10,0
111,私立,一般大學,1196,法鼓學校財團法人法鼓文理學院,學士班(日間),57,25,32
111,私立,一般大學,1196,法鼓學校財團法人法鼓文理學院,博士班,20,8,12
111,私立,一般大學,1196,法鼓學校財團法人法鼓文理學院,碩士班(日間),261,63,198
111,私立,技專校院,1282,馬偕學校財團法人馬偕醫護管理專科學校,二專(進修),145,71,74
111,私立,技專校院,1282,馬偕學校財團法人馬偕醫護管理專科學校,五專,3873,514,3359
111,私立,技專校院,1283,仁德醫護管理專科學校,五專,5782,1308,4474
111,私立,技專校院,1283,仁德醫護管理專科學校,二專(進修),374,182,192
111,私立,技專校院,1284,樹人醫護管理專科學校,二專(進修),547,274,273
111,私立,技專校院,1284,樹人醫護管理專科學校,五專,6727,1408,5319
111,私立,技專校院,1285,慈惠醫護管理專科學校,二專(日間),84,19,65
111,私立,技專校院,1285,慈惠醫護管理專科學校,二專(進修),203,77,126
111,私立,技專校院,1285,慈惠醫護管理專科學校,五專,2461,506,1955
111,私立,技專校院,1286,耕莘健康管理專科學校,二專(進修),97,6,91
111,私立,技專校院,1286,耕莘健康管理專科學校,五專,4117,399,3718
111,私立,技專校院,1287,敏惠醫護管理專科學校,二專(進修),71,23,48
111,私立,技專校院,1287,敏惠醫護管理專科學校,五專,3726,484,3242
111,私立,技專校院,1289,育英醫護管理專科學校,五專,1891,206,1685
111,私立,技專校院,1291,聖母醫護管理專科學校,二專(日間),15,9,6
111,私立,技專校院,1291,聖母醫護管理專科學校,二專(進修),44,23,21
111,私立,技專校院,1291,聖母醫護管理專科學校,五專,1577,240,1337
111,私立,技專校院,1292,新生醫護管理專科學校,二專(進修),75,10,65
111,私立,技專校院,1292,新生醫護管理專科學校,五專,5915,703,5212
111,私立,技專校院,1293,崇仁醫護管理專科學校,五專,3051,431,2620
111,私立,宗教研修學院,1R02,學校財團法人中華浸信會基督教台灣浸會神學院,碩士班(日間),48,29,19
111,私立,宗教研修學院,1R03,臺北基督學院,學士班(日間),69,38,31
111,私立,宗教研修學院,1R04,財團法人一貫道天皇基金會一貫道天皇學院,學士班(日間),51,19,32
111,私立,宗教研修學院,1R04,財團法人一貫道天皇基金會一貫道天皇學院,碩士班(日間),23,13,10
111,私立,宗教研修學院,1R04,財團法人一貫道天皇基金會一貫道天皇學院,碩士在職專班,44,16,28
111,私立,宗教研修學院,1R05,台神學校財團法人台灣神學研究學院,碩士班(日間),123,42,81
111,私立,宗教研修學院,1R05,台神學校財團法人台灣神學研究學院,碩士在職專班,4,1,3
111,私立,宗教研修學院,1R06,一貫道崇德學院,碩士班(日間),56,18,38
111,私立,宗教研修學院,1R07,台灣基督長老教會南神神學院,碩士班(日間),68,28,40
111,私立,宗教研修學院,1R08,中華福音神學研究學院,碩士班(日間),43,23,20
111,私立,宗教研修學院,1R09,唯心聖教學院,碩士班(日間),30,14,16
111,公立,一般大學,3002,臺北市立大學,學士班(日間),5287,2332,2955
111,公立,一般大學,3002,臺北市立大學,博士班,211,95,116
111,公立,一般大學,3002,臺北市立大學,碩士班(日間),1342,414,928
111,公立,一般大學,3002,臺北市立大學,碩士在職專班,1191,328,863
112,公立,一般大學,0001,國立政治大學,學士班(日間),9763,3928,5835
112,公立,一般大學,0001,國立政治大學,博士班,921,517,404
112,公立,一般大學,0001,國立政治大學,碩士班(日間),4231,1835,2396
112,公立,一般大學,0001,國立政治大學,碩士在職專班,1903,938,965
112,公立,一般大學,0002,國立清華大學,學士班(日間),9275,5039,4236
112,公立,一般大學,0002,國立清華大學,碩士在職專班,1413,509,904
112,公立,一般大學,0002,國立清華大學,博士班,1636,1131,505
112,公立,一般大學,0002,國立清華大學,碩士班(日間),5867,3526,2341
112,公立,一般大學,0003,國立臺灣大學,碩士班(日間),11328,6742,4586
112,公立,一般大學,0003,國立臺灣大學,碩士在職專班,1577,948,629
112,公立,一般大學,0003,國立臺灣大學,學士班(日間),17323,9652,7671
112,公立,一般大學,0003,國立臺灣大學,博士班,3654,2454,1200
112,公立,一般大學,0004,國立臺灣師範大學,學士班(日間),8503,3846,4657
112,公立,一般大學,0004,國立臺灣師範大學,博士班,1337,630,707
112,公立,一般大學,0004,國立臺灣師範大學,碩士班(日間),4384,1878,2506
112,公立,一般大學,0004,國立臺灣師範大學,碩士在職專班,2272,680,1592
112,公立,一般大學,0005,國立成功大學,博士班,1888,1228,660
112,公立,一般大學,0005,國立成功大學,碩士班(日間),7453,4739,2714
112,公立,一般大學,0005,國立成功大學,碩士在職專班,1582,932,650
112,公立,一般大學,0005,國立成功大學,學士班(日間),12159,7451,4708
112,公立,一般大學,0006,國立中興大學,學士班(日間),8178,4621,3557
112,公立,一般大學,0006,國立中興大學,學士班(進修),828,369,459
112,公立,一般大學,0006,國立中興大學,博士班,1000,652,348
112,公立,一般大學,0006,國立中興大學,碩士班(日間),3797,2242,1555
112,公立,一般大學,0006,國立中興大學,碩士在職專班,1794,1143,651
112,公立,一般大學,0007,國立陽明交通大學,學士班(日間),8612,5528,3084
112,公立,一般大學,0007,國立陽明交通大學,博士班,2604,1772,832
112,公立,一般大學,0007,國立陽明交通大學,碩士班(日間),8275,5150,3125
112,公立,一般大學,0007,國立陽明交通大學,碩士在職專班,1937,1210,727
112,公立,一般大學,0008,國立中央大學,學士班(日間),6274,3852,2422
112,公立,一般大學,0008,國立中央大學,碩士在職專班,1516,919,597
112,公立,一般大學,0008,國立中央大學,博士班,937,637,300
112,公立,一般大學,0008,國立中央大學,碩士班(日間),3770,2490,1280
112,公立,一般大學,0009,國立中山大學,學士班(日間),5040,3051,1989
112,公立,一般大學,0009,國立中山大學,博士班,839,520,319
112,公立,一般大學,0009,國立中山大學,碩士班(日間),3415,2085,1330
112,公立,一般大學,0009,國立中山大學,碩士在職專班,1052,510,542
112,公立,一般大學,0012,國立臺灣海洋大學,學士班(日間),6111,4176,1935
112,公立,一般大學,0012,國立臺灣海洋大學,學士班(進修),551,380,171
112,公立,一般大學,0012,國立臺灣海洋大學,博士班,327,229,98
112,公立,一般大學,0012,國立臺灣海洋大學,碩士班(日間),1591,1044,547
112,公立,一般大學,0012,國立臺灣海洋大學,碩士在職專班,634,363,271
112,公立,一般大學,0013,國立中正大學,博士班,537,332,205
112,公立,一般大學,0013,國立中正大學,碩士班(日間),2882,1672,1210
112,公立,一般大學,0013,國立中正大學,碩士在職專班,1468,600,868
112,公立,一般大學,0013,國立中正大學,學士班(日間),6653,3555,3098
112,公立,一般大學,0014,國立高雄師範大學,碩士班(日間),1566,567,999
112,公立,一般大學,0014,國立高雄師範大學,碩士在職專班,1420,496,924
112,公立,一般大學,0014,國立高雄師範大學,學士班(日間),3988,1945,2043
112,公立,一般大學,0014,國立高雄師範大學,博士班,422,204,218
112,公立,一般大學,0015,國立彰化師範大學,博士班,475,273,202
112,公立,一般大學,0015,國立彰化師範大學,碩士班(日間),1721,882,839
112,公立,一般大學,0015,國立彰化師範大學,碩士在職專班,1371,540,831
112,公立,一般大學,0015,國立彰化師範大學,學士班(日間),5044,2698,2346
112,公立,一般大學,0017,國立臺北大學,學士班(日間),6000,2732,3268
112,公立,一般大學,0017,國立臺北大學,學士班(進修),1874,811,1063
112,公立,一般大學,0017,國立臺北大學,博士班,195,135,60
112,公立,一般大學,0017,國立臺北大學,碩士班(日間),1505,753,752
112,公立,一般大學,0017,國立臺北大學,碩士在職專班,631,283,348
112,公立,一般大學,0018,國立嘉義大學,學士班(日間),7527,3869,3658
112,公立,一般大學,0018,國立嘉義大學,學士班(進修),1691,1056,635
112,公立,一般大學,0018,國立嘉義大學,碩士在職專班,921,367,554
112,公立,一般大學,0018,國立嘉義大學,博士班,184,108,76
112,公立,一般大學,0018,國立嘉義大學,碩士班(日間),1259,576,683
112,公立,一般大學,0019,國立高雄大學,學士班(日間),4718,2743,1975
112,公立,一般大學,0019,國立高雄大學,學士班(進修),122,56,66
112,公立,一般大學,0019,國立高雄大學,博士班,31,26,5
112,公立,一般大學,0019,國立高雄大學,碩士班(日間),726,477,249
112,公立,一般大學,0019,國立高雄大學,碩士在職專班,548,335,213
112,公立,一般大學,0020,國立東華大學,學士班(日間),7975,3825,4150
112,公立,一般大學,0020,國立東華大學,博士班,412,233,179
112,公立,一般大學,0020,國立東華大學,碩士班(日間),1451,688,763
112,公立,一般大學,0020,國立東華大學,碩士在職專班,512,186,326
112,公立,一般大學,0021,國立暨南國際大學,學士班(日間),4802,2337,2465
112,公立,一般大學,0021,國立暨南國際大學,博士班,346,179,167
112,公立,一般大學,0021,國立暨南國際大學,碩士班(日間),882,392,490
112,公立,一般大學,0021,國立暨南國際大學,碩士在職專班,526,180,346
112,公立,技專校院,0022,國立臺灣科技大學,博士班,1084,782,302
112,公立,技專校院,0022,國立臺灣科技大學,碩士班(日間),4134,2815,1319
112,公立,技專校院,0022,國立臺灣科技大學,碩士在職專班,861,538,323
112,公立,技專校院,0022,國立臺灣科技大學,學士班(日間),5593,3895,1698
112,公立,技專校院,0023,國立雲林科技大學,學士班(進修),248,119,129
112,公立,技專校院,0023,國立雲林科技大學,碩士班(日間),2144,1362,782
112,公立,技專校院,0023,國立雲林科技大學,碩士在職專班,800,461,339
112,公立,技專校院,0023,國立雲林科技大學,學士班(日間),6721,4126,2595
112,公立,技專校院,0023,國立雲林科技大學,博士班,425,264,161
112,公立,技專校院,0024,國立屏東科技大學,學士班(日間),7562,4184,3378
112,公立,技專校院,0024,國立屏東科技大學,學士班(進修),1214,823,391
112,公立,技專校院,0024,國立屏東科技大學,博士班,245,161,84
112,公立,技專校院,0024,國立屏東科技大學,碩士班(日間),1130,645,485
112,公立,技專校院,0024,國立屏東科技大學,碩士在職專班,243,148,95
112,公立,技專校院,0025,國立臺北科技大學,學士班(日間),6393,4457,1936
112,公立,技專校院,0025,國立臺北科技大學,五專,153,126,27
112,公立,技專校院,0025,國立臺北科技大學,博士班,754,558,196
112,公立,技專校院,0025,國立臺北科技大學,學士班(進修),1197,984,213
112,公立,技專校院,0025,國立臺北科技大學,附設進院,7,6,1
112,公立,技專校院,0025,國立臺北科技大學,碩士班(日間),3558,2535,1023
112,公立,技專校院,0025,國立臺北科技大學,碩士在職專班,1604,1110,494
112,公立,一般大學,0028,國立臺北藝術大學,博士班,118,46,72
112,公立,一般大學,0028,國立臺北藝術大學,碩士班(日間),1022,378,644
112,公立,一般大學,0028,國立臺北藝術大學,碩士在職專班,193,64,129
112,公立,一般大學,0028,國立臺北藝術大學,學士班(日間),1797,661,1136
112,公立,一般大學,0028,國立臺北藝術大學,七年一貫,83,39,44
112,公立,一般大學,0029,國立臺灣藝術大學,碩士班(日間),792,281,511
112,公立,一般大學,0029,國立臺灣藝術大學,碩士在職專班,391,159,232
112,公立,一般大學,0029,國立臺灣藝術大學,學士班(日間),2407,681,1726
112,公立,一般大學,0029,國立臺灣藝術大學,學士班(進修),1844,554,1290
112,公立,一般大學,0029,國立臺灣藝術大學,博士班,158,82,76
112,公立,一般大學,0030,國立臺東大學,學士班(日間),3674,1857,1817
112,公立,一般大學,0030,國立臺東大學,學士班(進修),362,142,220
112,公立,一般大學,0030,國立臺東大學,博士班,50,23,27
112,公立,一般大學,0030,國立臺東大學,碩士班(日間),371,138,233
112,公立,一般大學,0030,國立臺東大學,碩士在職專班,664,182,482
112,公立,一般大學,0031,國立宜蘭大學,學士班(日間),4478,2866,1612
112,公立,一般大學,0031,國立宜蘭大學,學士班(進修),381,252,129
112,公立,一般大學,0031,國立宜蘭大學,博士班,16,10,6
112,公立,一般大學,0031,國立宜蘭大學,碩士班(日間),546,358,188
112,公立,一般大學,0031,國立宜蘭大學,碩士在職專班,171,116,55
112,公立,一般大學,0032,國立聯合大學,學士班(日間),6179,4324,1855
112,公立,一般大學,0032,國立聯合大學,學士班(進修),1020,758,262
112,公立,一般大學,0032,國立聯合大學,碩士在職專班,49,31,18
112,公立,一般大學,0032,國立聯合大學,博士班,21,17,4
112,公立,一般大學,0032,國立聯合大學,碩士班(日間),442,308,134
112,公立,技專校院,0033,國立虎尾科技大學,學士班(進修),2226,1822,404
112,公立,技專校院,0033,國立虎尾科技大學,附設進院,1,1,0
112,公立,技專校院,0033,國立虎尾科技大學,五專,358,308,50
112,公立,技專校院,0033,國立虎尾科技大學,碩士班(日間),1041,856,185
112,公立,技專校院,0033,國立虎尾科技大學,碩士在職專班,197,133,64
112,公立,技專校院,0033,國立虎尾科技大學,二專(日間),78,77,1
112,公立,技專校院,0033,國立虎尾科技大學,學士班(日間),7740,5924,1816
112,公立,技專校院,0033,國立虎尾科技大學,博士班,53,44,9
112,公立,一般大學,0035,國立臺南藝術大學,學士班(日間),802,280,522
112,公立,一般大學,0035,國立臺南藝術大學,七年一貫,162,59,103
112,公立,一般大學,0035,國立臺南藝術大學,博士班,67,26,41
112,公立,一般大學,0035,國立臺南藝術大學,碩士班(日間),553,203,350
112,公立,一般大學,0035,國立臺南藝術大學,碩士在職專班,54,11,43
112,公立,一般大學,0036,國立臺南大學,博士班,141,58,83
112,公立,一般大學,0036,國立臺南大學,碩士班(日間),1034,424,610
112,公立,一般大學,0036,國立臺南大學,碩士在職專班,635,205,430
112,公立,一般大學,0036,國立臺南大學,學士班(日間),3962,1794,2168
112,公立,一般大學,0036,國立臺南大學,學士班(進修),189,113,76
112,公立,一般大學,0037,國立臺北教育大學,博士班,138,55,83
112,公立,一般大學,0037,國立臺北教育大學,碩士在職專班,1145,275,870
112,公立,一般大學,0037,國立臺北教育大學,學士班(日間),3352,1119,2233
112,公立,一般大學,0037,國立臺北教育大學,碩士班(日間),1460,412,1048
112,公立,一般大學,0039,國立臺中教育大學,學士班(日間),3283,1141,2142
112,公立,一般大學,0039,國立臺中教育大學,博士班,108,43,65
112,公立,一般大學,0039,國立臺中教育大學,碩士班(日間),943,279,664
112,公立,一般大學,0039,國立臺中教育大學,碩士在職專班,756,149,607
112,公立,技專校院,0042,國立澎湖科技大學,學士班(日間),2270,1441,829
112,公立,技專校院,0042,國立澎湖科技大學,學士班(進修),215,108,107
112,公立,技專校院,0042,國立澎湖科技大學,五專,106,99,7
112,公立,技專校院,0042,國立澎湖科技大學,碩士班(日間),68,31,37
112,公立,技專校院,0042,國立澎湖科技大學,碩士在職專班,43,24,19
112,公立,技專校院,0043,國立勤益科技大學,學士班(進修),4060,3427,633
112,公立,技專校院,0043,國立勤益科技大學,博士班,63,54,9
112,公立,技專校院,0043,國立勤益科技大學,碩士班(日間),702,514,188
112,公立,技專校院,0043,國立勤益科技大學,碩士在職專班,314,248,66
112,公立,技專校院,0043,國立勤益科技大學,二專(進修),241,180,61
112,公立,技專校院,0043,國立勤益科技大學,學士班(日間),7223,5003,2220
112,公立,一般大學,0044,國立體育大學,學士班(日間),1942,1178,764
112,公立,一般大學,0044,國立體育大學,學士班(進修),70,45,25
112,公立,一般大學,0044,國立體育大學,博士班,139,92,47
112,公立,一般大學,0044,國立體育大學,碩士班(日間),371,208,163
112,公立,一般大學,0044,國立體育大學,碩士在職專班,237,125,112
112,公立,技專校院,0046,國立臺北護理健康大學,學士班(日間),3743,819,2924
112,公立,技專校院,0046,國立臺北護理健康大學,學士班(進修),693,48,645
112,公立,技專校院,0046,國立臺北護理健康大學,碩士在職專班,197,33,164
112,公立,技專校院,0046,國立臺北護理健康大學,博士班,79,5,74
112,公立,技專校院,0046,國立臺北護理健康大學,碩士班(日間),563,92,471
112,公立,技專校院,0047,國立高雄餐旅大學,學士班(進修),973,366,607
112,公立,技專校院,0047,國立高雄餐旅大學,五專,251,94,157
112,公立,技專校院,0047,國立高雄餐旅大學,碩士班(日間),129,46,83
112,公立,技專校院,0047,國立高雄餐旅大學,碩士在職專班,22,6,16
112,公立,技專校院,0047,國立高雄餐旅大學,學士班(日間),2891,963,1928
112,公立,技專校院,0047,國立高雄餐旅大學,博士班,37,22,15
112,公立,一般大學,0048,國立金門大學,學士班(進修),701,377,324
112,公立,一般大學,0048,國立金門大學,博士班,4,2,2
112,公立,一般大學,0048,國立金門大學,碩士班(日間),225,126,99
112,公立,一般大學,0048,國立金門大學,學士班(日間),3043,1605,1438
112,公立,一般大學,0048,國立金門大學,碩士在職專班,77,44,33
112,公立,一般大學,0049,國立臺灣體育運動大學,博士班,19,10,9
112,公立,一般大學,0049,國立臺灣體育運動大學,碩士班(日間),287,146,141
112,公立,一般大學,0049,國立臺灣體育運動大學,碩士在職專班,139,89,50
112,公立,一般大學,0049,國立臺灣體育運動大學,學士班(日間),2356,1386,970
112,公立,一般大學,0049,國立臺灣體育運動大學,學士班(進修),348,242,106
112,公立,技專校院,0050,國立臺中科技大學,博士班,5,3,2
112,公立,技專校院,0050,國立臺中科技大學,碩士班(日間),419,160,259
112,公立,技專校院,0050,國立臺中科技大學,碩士在職專班,282,106,176
112,公立,技專校院,0050,國立臺中科技大學,二專(進修),805,292,513
112,公立,技專校院,0050,國立臺中科技大學,學士班(日間),6967,2331,4636
112,公立,技專校院,0050,國立臺中科技大學,學士班(進修),3807,1326,2481
112,公立,技專校院,0050,國立臺中科技大學,五專,3704,1069,2635
112,公立,技專校院,0051,國立臺北商業大學,二專(進修),138,57,81
112,公立,技專校院,0051,國立臺北商業大學,學士班(日間),2938,944,1994
112,公立,技專校院,0051,國立臺北商業大學,學士班(進修),1713,632,1081
112,公立,技專校院,0051,國立臺北商業大學,博士班,10,7,3
112,公立,技專校院,0051,國立臺北商業大學,五專,1745,518,1227
112,公立,技專校院,0051,國立臺北商業大學,碩士班(日間),320,125,195
112,公立,技專校院,0051,國立臺北商業大學,碩士在職專班,135,57,78
112,公立,一般大學,0052,國立屏東大學,學士班(進修),634,315,319
112,公立,一般大學,0052,國立屏東大學,博士班,46,23,23
112,公立,一般大學,0052,國立屏東大學,碩士班(日間),920,330,590
112,公立,一般大學,0052,國立屏東大學,碩士在職專班,697,198,499
112,公立,一般大學,0052,國立屏東大學,學士班(日間),6562,2918,3644
112,公立,技專校院,0053,國立高雄科技大學,附設進院,286,157,129
112,公立,技專校院,0053,國立高雄科技大學,博士班,564,418,146
112,公立,技專校院,0053,國立高雄科技大學,碩士班(日間),2608,1733,875
112,公立,技專校院,0053,國立高雄科技大學,碩士在職專班,1943,1212,731
112,公立,技專校院,0053,國立高雄科技大學,學士班(日間),17925,11212,6713
112,公立,技專校院,0053,國立高雄科技大學,學士班(進修),3869,2583,1286
112,公立,技專校院,0053,國立高雄科技大學,五專,874,705,169
112,公立,技專校院,0144,國立臺灣戲曲學院,學士班(日間),501,189,312
112,公立,技專校院,0221,國立臺南護理專科學校,二專(進修),38,5,33
112,公立,技專校院,0221,國立臺南護理專科學校,二專(日間),67,4,63
112,公立,技專校院,0221,國立臺南護理專科學校,五專,1878,195,1683
112,公立,技專校院,0222,國立臺東專科學校,二專(日間),412,303,109
112,公立,技專校院,0222,國立臺東專科學校,二專(進修),87,45,42
112,公立,技專校院,0222,國立臺東專科學校,五專,187,102,85
112,私立,一般大學,1001,東海大學,學士班(日間),12951,5896,7055
112,私立,一般大學,1001,東海大學,學士班(進修),250,107,143
112,私立,一般大學,1001,東海大學,博士班,249,148,101
112,私立,一般大學,1001,東海大學,碩士班(日間),1379,687,692
112,私立,一般大學,1001,東海大學,碩士在職專班,753,355,398
112,私立,一般大學,1002,輔仁大學,學士班(進修),3719,1501,2218
112,私立,一般大學,1002,輔仁大學,博士班,428,235,193
112,私立,一般大學,1002,輔仁大學,碩士班(日間),1939,746,1193
112,私立,一般大學,1002,輔仁大學,學士班(日間),18048,7332,10716
112,私立,一般大學,1002,輔仁大學,碩士在職專班,1498,584,914
112,私立,一般大學,1003,東吳大學,學士班(日間),11909,4730,7179
112,私立,一般大學,1003,東吳大學,學士班(進修),601,227,374
112,私立,一般大學,1003,東吳大學,博士班,113,63,50
112,私立,一般大學,1003,東吳大學,碩士班(日間),1307,590,717
112,私立,一般大學,1003,東吳大學,碩士在職專班,1279,595,684
112,私立,一般大學,1004,中原大學,學士班(日間),13732,7135,6597
112,私立,一般大學,1004,中原大學,博士班,332,210,122
112,私立,一般大學,1004,中原大學,碩士班(日間),1668,932,736
112,私立,一般大學,1004,中原大學,碩士在職專班,964,587,377
112,私立,一般大學,1005,淡江大學學校財團法人淡江大學,學士班(日間),19466,10426,9040
112,私立,一般大學,1005,淡江大學學校財團法人淡江大學,學士班(進修),816,492,324
112,私立,一般大學,1005,淡江大學學校財團法人淡江大學,博士班,351,229,122
112,私立,一般大學,1005,淡江大學學校財團法人淡江大學,碩士班(日間),1419,765,654
112,私立,一般大學,1005,淡江大學學校財團法人淡江大學,碩士在職專班,622,309,313
112,私立,一般大學,1006,中國文化大學,碩士在職專班,565,201,364
112,私立,一般大學,1006,中國文化大學,學士班(日間),15975,8296,7679
112,私立,一般大學,1006,中國文化大學,學士班(進修),1314,496,818
112,私立,一般大學,1006,中國文化大學,博士班,494,298,196
112,私立,一般大學,1006,中國文化大學,碩士班(日間),1518,787,731
112,私立,一般大學,1007,逢甲大學,學士班(日間),17372,10092,7280
112,私立,一般大學,1007,逢甲大學,學士班(進修),776,471,305
112,私立,一般大學,1007,逢甲大學,博士班,404,278,126
112,私立,一般大學,1007,逢甲大學,碩士班(日間),1714,1123,591
112,私立,一般大學,1007,逢甲大學,碩士在職專班,1175,711,464
112,私立,一般大學,1008,靜宜大學,學士班(日間),9872,3893,5979
112,私立,一般大學,1008,靜宜大學,博士班,61,25,36
112,私立,一般大學,1008,靜宜大學,碩士班(日間),678,248,430
112,私立,一般大學,1008,靜宜大學,碩士在職專班,376,142,234
112,私立,一般大學,1009,長庚大學,學士班(日間),5272,2491,2781
112,私立,一般大學,1009,長庚大學,博士班,454,275,179
112,私立,一般大學,1009,長庚大學,碩士班(日間),1199,552,647
112,私立,一般大學,1009,長庚大學,碩士在職專班,178,90,88
112,私立,一般大學,1010,元智大學,學士班(日間),7180,4023,3157
112,私立,一般大學,1010,元智大學,博士班,238,176,62
112,私立,一般大學,1010,元智大學,碩士在職專班,525,312,213
112,私立,一般大學,1010,元智大學,碩士班(日間),820,512,308
112,私立,一般大學,1011,中華大學學校財團法人中華大學,博士班,58,40,18
112,私立,一般大學,1011,中華大學學校財團法人中華大學,碩士班(日間),288,187,101
112,私立,一般大學,1011,中華大學學校財團法人中華大學,碩士在職專班,125,90,35
112,私立,一般大學,1011,中華大學學校財團法人中華大學,學士班(日間),3099,2134,965
112,私立,一般大學,1011,中華大學學校財團法人中華大學,學士班(進修),328,208,120
112,私立,一般大學,1012,大葉大學,博士班,113,76,37
112,私立,一般大學,1012,大葉大學,碩士班(日間),400,206,194
112,私立,一般大學,1012,大葉大學,碩士在職專班,141,66,75
112,私立,一般大學,1012,大葉大學,學士班(日間),3654,2046,1608
112,私立,一般大學,1012,大葉大學,學士班(進修),253,139,114
112,私立,一般大學,1013,華梵學校財團法人華梵大學,學士班(日間),544,257,287
112,私立,一般大學,1013,華梵學校財團法人華梵大學,碩士班(日間),184,79,105
112,私立,一般大學,1013,華梵學校財團法人華梵大學,博士班,64,29,35
112,私立,一般大學,1013,華梵學校財團法人華梵大學,碩士在職專班,231,94,137
112,私立,一般大學,1014,義守大學,學士班(日間),10167,5140,5027
112,私立,一般大學,1014,義守大學,學士班(進修),742,491,251
112,私立,一般大學,1014,義守大學,碩士在職專班,304,203,101
112,私立,一般大學,1014,義守大學,博士班,131,89,42
112,私立,一般大學,1014,義守大學,碩士班(日間),377,179,198
112,私立,一般大學,1015,世新大學,學士班(進修),673,235,438
112,私立,一般大學,1015,世新大學,博士班,81,39,42
112,私立,一般大學,1015,世新大學,碩士班(日間),473,208,265
112,私立,一般大學,1015,世新大學,碩士在職專班,543,274,269
112,私立,一般大學,1015,世新大學,學士班(日間),9150,3175,5975
112,私立,一般大學,1016,銘傳大學,學士班(日間),15949,6409,9540
112,私立,一般大學,1016,銘傳大學,博士班,78,35,43
112,私立,一般大學,1016,銘傳大學,碩士班(日間),769,292,477
112,私立,一般大學,1016,銘傳大學,碩士在職專班,702,282,420
112,私立,一般大學,1017,實踐大學,學士班(日間),9112,3096,6016
112,私立,一般大學,1017,實踐大學,學士班(進修),1181,365,816
112,私立,一般大學,1017,實踐大學,博士班,25,11,14
112,私立,一般大學,1017,實踐大學,碩士班(日間),329,144,185
112,私立,一般大學,1017,實踐大學,碩士在職專班,107,20,87
112,私立,技專校院,1018,朝陽科技大學,碩士在職專班,251,117,134
112,私立,技專校院,1018,朝陽科技大學,學士班(日間),11106,4927,6179
112,私立,技專校院,1018,朝陽科技大學,學士班(進修),1168,566,602
112,私立,技專校院,1018,朝陽科技大學,博士班,99,68,31
112,私立,技專校院,1018,朝陽科技大學,碩士班(日間),609,321,288
112,私立,一般大學,1019,高雄醫學大學,博士班,309,167,142
112,私立,一般大學,1019,高雄醫學大學,碩士班(日間),703,226,477
112,私立,一般大學,1019,高雄醫學大學,學士班(日間),5388,2242,3146
112,私立,一般大學,1019,高雄醫學大學,碩士在職專班,221,92,129
112,私立,一般大學,1020,南華大學,學士班(日間),3667,1682,1985
112,私立,一般大學,1020,南華大學,博士班,47,30,17
112,私立,一般大學,1020,南華大學,學士班(進修),275,172,103
112,私立,一般大學,1020,南華大學,碩士班(日間),517,194,323
112,私立,一般大學,1020,南華大學,碩士在職專班,388,142,246
112,私立,一般大學,1021,真理大學,學士班(日間),3146,1647,1499
112,私立,一般大學,1021,真理大學,學士班(進修),1,0,1
112,私立,一般大學,1021,真理大學,碩士班(日間),124,65,59
112,私立,一般大學,1021,真理大學,碩士在職專班,10,5,5
112,私立,一般大學,1022,大同大學,博士班,101,72,29
112,私立,一般大學,1022,大同大學,碩士班(日間),232,139,93
112,私立,一般大學,1022,大同大學,碩士在職專班,127,95,32
112,私立,一般大學,1022,大同大學,學士班(日間),3143,1997,1146
112,私立,技專校院,1023,南臺學校財團法人南臺科技大學,學士班(日間),10933,6358,4575
112,私立,技專校院,1023,南臺學校財團法人南臺科技大學,學士班(進修),2414,1513,901
112,私立,技專校院,1023,南臺學校財團法人南臺科技大學,五專,475,403,72
112,私立,技專校院,1023,南臺學校財團法人南臺科技大學,博士班,81,55,26
112,私立,技專校院,1023,南臺學校財團法人南臺科技大學,碩士班(日間),726,427,299
112,私立,技專校院,1023,南臺學校財團法人南臺科技大學,碩士在職專班,288,131,157
112,私立,技專校院,1024,崑山科技大學,學士班(進修),2107,1443,664
112,私立,技專校院,1024,崑山科技大學,碩士班(日間),280,185,95
112,私立,技專校院,1024,崑山科技大學,碩士在職專班,201,130,71
112,私立,技專校院,1024,崑山科技大學,二專(日間),12,3,9
112,私立,技專校院,1024,崑山科技大學,學士班(日間),5784,3443,2341
112,私立,技專校院,1024,崑山科技大學,博士班,29,23,6
112,私立,技專校院,1025,嘉藥學校財團法人嘉南藥理大學,學士班(日間),7303,3069,4234
112,私立,技專校院,1025,嘉藥學校財團法人嘉南藥理大學,學士班(進修),1527,621,906
112,私立,技專校院,1025,嘉藥學校財團法人嘉南藥理大學,五專,281,123,158
112,私立,技專校院,1025,嘉藥學校財團法人嘉南藥理大學,碩士班(日間),139,63,76
112,私立,技專校院,1025,嘉藥學校財團法人嘉南藥理大學,碩士在職專班,146,73,73
112,私立,技專校院,1026,樹德科技大學,二專(進修),236,95,141
112,私立,技專校院,1026,樹德科技大學,學士班(日間),6036,2691,3345
112,私立,技專校院,1026,樹德科技大學,學士班(進修),1630,860,770
112,私立,技專校院,1026,樹德科技大學,博士班,21,9,12
112,私立,技專校院,1026,樹德科技大學,碩士班(日間),241,101,140
112,私立,技專校院,1026,樹德科技大學,碩士在職專班,289,124,165
112,私立,一般大學,1027,慈濟學校財團法人慈濟大學,博士班,92,47,45
112,私立,一般大學,1027,慈濟學校財團法人慈濟大學,碩士班(日間),369,116,253
112,私立,一般大學,1027,慈濟學校財團法人慈濟大學,碩士在職專班,26,6,20
112,私立,一般大學,1027,慈濟學校財團法人慈濟大學,學士班(日間),2348,958,1390
112,私立,一般大學,1028,臺北醫學大學,碩士在職專班,312,84,228
112,私立,一般大學,1028,臺北醫學大學,學士班(日間),4538,1896,2642
112,私立,一般大學,1028,臺北醫學大學,博士班,635,327,308
112,私立,一般大學,1028,臺北醫學大學,碩士班(日間),669,234,435
112,私立,一般大學,1029,中山醫學大學,學士班(進修),116,43,73
112,私立,一般大學,1029,中山醫學大學,博士班,165,111,54
112,私立,一般大學,1029,中山醫學大學,碩士班(日間),550,173,377
112,私立,一般大學,1029,中山醫學大學,碩士在職專班,151,31,120
112,私立,一般大學,1029,中山醫學大學,學士班(日間),6103,2124,3979
112,私立,技專校院,1030,龍華科技大學,二專(日間),27,17,10
112,私立,技專校院,1030,龍華科技大學,五專,894,814,80
112,私立,技專校院,1030,龍華科技大學,碩士班(日間),345,238,107
112,私立,技專校院,1030,龍華科技大學,碩士在職專班,113,82,31
112,私立,技專校院,1030,龍華科技大學,學士班(日間),7231,5028,2203
112,私立,技專校院,1030,龍華科技大學,學士班(進修),2512,1931,581
112,私立,技專校院,1031,輔英科技大學,學士班(日間),4322,1362,2960
112,私立,技專校院,1031,輔英科技大學,學士班(進修),1270,421,849
112,私立,技專校院,1031,輔英科技大學,碩士班(日間),159,38,121
112,私立,技專校院,1031,輔英科技大學,五專,2642,320,2322
112,私立,技專校院,1031,輔英科技大學,碩士在職專班,69,1,68
112,私立,技專校院,1032,明新學校財團法人明新科技大學,二專(進修),178,111,67
112,私立,技專校院,1032,明新學校財團法人明新科技大學,學士班(日間),6084,3637,2447
112,私立,技專校院,1032,明新學校財團法人明新科技大學,博士班,4,4,0
112,私立,技專校院,1032,明新學校財團法人明新科技大學,二專(日間),27,24,3
112,私立,技專校院,1032,明新學校財團法人明新科技大學,學士班(進修),2914,1782,1132
112,私立,技專校院,1032,明新學校財團法人明新科技大學,碩士班(日間),367,200,167
112,私立,技專校院,1032,明新學校財團法人明新科技大學,碩士在職專班,320,195,125
112,私立,一般大學,1033,長榮大學,學士班(日間),5107,2521,2586
112,私立,一般大學,1033,長榮大學,博士班,46,31,15
112,私立,一般大學,1033,長榮大學,學士班(進修),195,158,37
112,私立,一般大學,1033,長榮大學,碩士班(日間),224,85,139
112,私立,一般大學,1033,長榮大學,碩士在職專班,82,45,37
112,私立,技專校院,1034,弘光科技大學,二專(日間),28,12,16
112,私立,技專校院,1034,弘光科技大學,二專(進修),99,11,88
112,私立,技專校院,1034,弘光科技大學,學士班(日間),7442,2442,5000
112,私立,技專校院,1034,弘光科技大學,五專,268,29,239
112,私立,技專校院,1034,弘光科技大學,學士班(進修),3470,1368,2102
112,私立,技專校院,1034,弘光科技大學,博士班,16,1,15
112,私立,技專校院,1034,弘光科技大學,碩士班(日間),181,46,135
112,私立,技專校院,1034,弘光科技大學,碩士在職專班,91,29,62
112,私立,一般大學,1035,中國醫藥大學,學士班(日間),6356,2690,3666
112,私立,一般大學,1035,中國醫藥大學,博士班,416,240,176
112,私立,一般大學,1035,中國醫藥大學,碩士班(日間),496,165,331
112,私立,一般大學,1035,中國醫藥大學,碩士在職專班,81,23,58
112,私立,技專校院,1036,健行學校財團法人健行科技大學,碩士班(日間),352,184,168
112,私立,技專校院,1036,健行學校財團法人健行科技大學,碩士在職專班,30,14,16
112,私立,技專校院,1036,健行學校財團法人健行科技大學,學士班(日間),5494,3430,2064
112,私立,技專校院,1036,健行學校財團法人健行科技大學,學士班(進修),3525,2185,1340
112,私立,技專校院,1037,正修學校財團法人正修科技大學,二專(進修),651,402,249
112,私立,技專校院,1037,正修學校財團法人正修科技大學,學士班(日間),7569,4892,2677
112,私立,技專校院,1037,正修學校財團法人正修科技大學,學士班(進修),6349,3824,2525
112,私立,技專校院,1037,正修學校財團法人正修科技大學,博士班,17,16,1
112,私立,技專校院,1037,正修學校財團法人正修科技大學,五專,380,277,103
112,私立,技專校院,1037,正修學校財團法人正修科技大學,碩士班(日間),333,183,150
112,私立,技專校院,1037,正修學校財團法人正修科技大學,碩士在職專班,188,114,74
112,私立,技專校院,1038,萬能學校財團法人萬能科技大學,學士班(進修),2420,1380,1040
112,私立,技專校院,1038,萬能學校財團法人萬能科技大學,碩士班(日間),173,92,81
112,私立,技專校院,1038,萬能學校財團法人萬能科技大學,碩士在職專班,158,70,88
112,私立,技專校院,1038,萬能學校財團法人萬能科技大學,二專(進修),1,0,1
112,私立,技專校院,1038,萬能學校財團法人萬能科技大學,學士班(日間),4982,2776,2206
112,私立,一般大學,1039,玄奘大學,學士班(日間),1103,441,662
112,私立,一般大學,1039,玄奘大學,學士班(進修),28,8,20
112,私立,一般大學,1039,玄奘大學,碩士班(日間),263,97,166
112,私立,一般大學,1039,玄奘大學,碩士在職專班,157,51,106
112,私立,技專校院,1040,建國科技大學,學士班(進修),1573,1118,455
112,私立,技專校院,1040,建國科技大學,碩士班(日間),98,51,47
112,私立,技專校院,1040,建國科技大學,二專(日間),9,8,1
112,私立,技專校院,1040,建國科技大學,二專(進修),66,46,20
112,私立,技專校院,1040,建國科技大學,學士班(日間),2108,1444,664
112,私立,技專校院,1041,明志科技大學,學士班(日間),3594,2555,1039
112,私立,技專校院,1041,明志科技大學,博士班,62,45,17
112,私立,技專校院,1041,明志科技大學,學士班(進修),109,103,6
112,私立,技專校院,1041,明志科技大學,碩士班(日間),535,402,133
112,私立,技專校院,1041,明志科技大學,碩士在職專班,27,23,4
112,私立,技專校院,1042,台鋼學校財團法人台鋼科技大學,二專(進修),26,14,12
112,私立,技專校院,1042,台鋼學校財團法人台鋼科技大學,學士班(日間),679,403,276
112,私立,技專校院,1042,台鋼學校財團法人台鋼科技大學,學士班(進修),456,341,115
112,私立,技專校院,1042,台鋼學校財團法人台鋼科技大學,五專,1,0,1
112,私立,技專校院,1042,台鋼學校財團法人台鋼科技大學,碩士班(日間),42,25,17
112,私立,技專校院,1042,台鋼學校財團法人台鋼科技大學,碩士在職專班,31,25,6
112,私立,技專校院,1043,大仁科技大學,學士班(進修),1257,438,819
112,私立,技專校院,1043,大仁科技大學,碩士班(日間),80,34,46
112,私立,技專校院,1043,大仁科技大學,碩士在職專班,145,75,70
112,私立,技專校院,1043,大仁科技大學,二專(進修),63,29,34
112,私立,技專校院,1043,大仁科技大學,學士班(日間),2318,1051,1267
112,私立,技專校院,1044,聖約翰科技大學,二專(進修),25,17,8
112,私立,技專校院,1044,聖約翰科技大學,學士班(日間),329,199,130
112,私立,技專校院,1044,聖約翰科技大學,五專,46,41,5
112,私立,技專校院,1044,聖約翰科技大學,碩士在職專班,57,43,14
112,私立,技專校院,1044,聖約翰科技大學,學士班(進修),113,95,18
112,私立,技專校院,1044,聖約翰科技大學,碩士班(日間),37,29,8
112,私立,技專校院,1045,嶺東科技大學,學士班(日間),5951,2239,3712
112,私立,技專校院,1045,嶺東科技大學,學士班(進修),2323,1207,1116
112,私立,技專校院,1045,嶺東科技大學,碩士班(日間),239,108,131
112,私立,技專校院,1045,嶺東科技大學,碩士在職專班,168,91,77
112,私立,技專校院,1046,中國科技大學,碩士班(日間),163,95,68
112,私立,技專校院,1046,中國科技大學,碩士在職專班,55,38,17
112,私立,技專校院,1046,中國科技大學,二專(進修),198,103,95
112,私立,技專校院,1046,中國科技大學,學士班(日間),4457,2079,2378
112,私立,技專校院,1046,中國科技大學,學士班(進修),1338,763,575
112,私立,技專校院,1047,中臺科技大學,學士班(日間),3833,1469,2364
112,私立,技專校院,1047,中臺科技大學,學士班(進修),2089,526,1563
112,私立,技專校院,1047,中臺科技大學,博士班,9,7,2
112,私立,技專校院,1047,中臺科技大學,二專(日間),3,1,2
112,私立,技專校院,1047,中臺科技大學,碩士班(日間),128,33,95
112,私立,技專校院,1047,中臺科技大學,碩士在職專班,278,43,235
112,私立,一般大學,1048,亞洲大學,學士班(日間),9069,3186,5883
112,私立,一般大學,1048,亞洲大學,學士班(進修),443,206,237
112,私立,一般大學,1048,亞洲大學,博士班,224,134,90
112,私立,一般大學,1048,亞洲大學,碩士班(日間),695,263,432
112,私立,一般大學,1048,亞洲大學,碩士在職專班,427,197,230
112,私立,一般大學,1049,開南大學,學士班(日間),2700,1365,1335
112,私立,一般大學,1049,開南大學,學士班(進修),976,543,433
112,私立,一般大學,1049,開南大學,碩士班(日間),215,84,131
112,私立,一般大學,1049,開南大學,碩士在職專班,303,172,131
112,私立,一般大學,1050,佛光大學,學士班(日間),2137,1047,1090
112,私立,一般大學,1050,佛光大學,博士班,71,24,47
112,私立,一般大學,1050,佛光大學,碩士班(日間),450,187,263
112,私立,一般大學,1050,佛光大學,碩士在職專班,106,41,65
112,私立,技專校院,1051,台南家專學校財團法人台南應用科技大學,學士班(日間),6899,1972,4927
112,私立,技專校院,1051,台南家專學校財團法人台南應用科技大學,學士班(進修),1688,592,1096
112,私立,技專校院,1051,台南家專學校財團法人台南應用科技大學,五專,851,200,651
112,私立,技專校院,1051,台南家專學校財團法人台南應用科技大學,碩士班(日間),119,40,79
112,私立,技專校院,1051,台南家專學校財團法人台南應用科技大學,碩士在職專班,103,24,79
112,私立,技專校院,1052,中信金學校財團法人中信科技大學,學士班(進修),540,391,149
112,私立,技專校院,1052,中信金學校財團法人中信科技大學,碩士班(日間),207,113,94
112,私立,技專校院,1052,中信金學校財團法人中信科技大學,碩士在職專班,29,27,2
112,私立,技專校院,1052,中信金學校財團法人中信科技大學,二專(進修),129,90,39
112,私立,技專校院,1052,中信金學校財團法人中信科技大學,學士班(日間),1226,913,313
112,私立,技專校院,1053,光宇學校財團法人元培醫事科技大學,碩士班(日間),219,78,141
112,私立,技專校院,1053,光宇學校財團法人元培醫事科技大學,碩士在職專班,35,10,25
112,私立,技專校院,1053,光宇學校財團法人元培醫事科技大學,學士班(日間),2583,1054,1529
112,私立,技專校院,1053,光宇學校財團法人元培醫事科技大學,學士班(進修),1166,473,693
112,私立,技專校院,1053,光宇學校財團法人元培醫事科技大學,博士班,2,2,0
112,私立,技專校院,1054,景文科技大學,學士班(進修),835,421,414
112,私立,技專校院,1054,景文科技大學,碩士在職專班,58,40,18
112,私立,技專校院,1054,景文科技大學,二專(進修),89,55,34
112,私立,技專校院,1054,景文科技大學,學士班(日間),3614,1649,1965
112,私立,技專校院,1054,景文科技大學,碩士班(日間),3,3,0
112,私立,技專校院,1055,中華醫事科技大學,二專(進修),63,27,36
112,私立,技專校院,1055,中華醫事科技大學,學士班(日間),2896,907,1989
112,私立,技專校院,1055,中華醫事科技大學,五專,3200,685,2515
112,私立,技專校院,1055,中華醫事科技大學,學士班(進修),1059,378,681
112,私立,技專校院,1055,中華醫事科技大學,碩士班(日間),99,50,49
112,私立,技專校院,1055,中華醫事科技大學,碩士在職專班,29,13,16
112,私立,技專校院,1056,東南科技大學,碩士班(日間),137,76,61
112,私立,技專校院,1056,東南科技大學,碩士在職專班,67,54,13
112,私立,技專校院,1056,東南科技大學,學士班(日間),2967,1862,1105
112,私立,技專校院,1056,東南科技大學,學士班(進修),476,329,147
112,私立,技專校院,1057,德明財經科技大學,學士班(進修),396,190,206
112,私立,技專校院,1057,德明財經科技大學,碩士班(日間),40,16,24
112,私立,技專校院,1057,德明財經科技大學,碩士在職專班,26,12,14
112,私立,技專校院,1057,德明財經科技大學,學士班(日間),5081,2229,2852
112,私立,一般大學,1058,明道學校財團法人明道大學,學士班(進修),225,162,63
112,私立,一般大學,1058,明道學校財團法人明道大學,碩士班(日間),87,46,41
112,私立,一般大學,1058,明道學校財團法人明道大學,碩士在職專班,25,6,19
112,私立,一般大學,1058,明道學校財團法人明道大學,學士班(日間),330,162,168
112,私立,一般大學,1058,明道學校財團法人明道大學,博士班,29,16,13
112,私立,技專校院,1060,南開科技大學,五專,266,230,36
112,私立,技專校院,1060,南開科技大學,碩士班(日間),71,40,31
112,私立,技專校院,1060,南開科技大學,碩士在職專班,48,16,32
112,私立,技專校院,1060,南開科技大學,二專(進修),52,25,27
112,私立,技專校院,1060,南開科技大學,學士班(日間),1307,892,415
112,私立,技專校院,1060,南開科技大學,學士班(進修),822,554,268
112,私立,技專校院,1061,中華學校財團法人中華科技大學,二專(進修),97,55,42
112,私立,技專校院,1061,中華學校財團法人中華科技大學,學士班(日間),1709,1180,529
112,私立,技專校院,1061,中華學校財團法人中華科技大學,學士班(進修),1116,838,278
112,私立,技專校院,1061,中華學校財團法人中華科技大學,碩士班(日間),197,114,83
112,私立,技專校院,1061,中華學校財團法人中華科技大學,碩士在職專班,86,61,25
112,私立,技專校院,1062,僑光科技大學,學士班(日間),4856,2282,2574
112,私立,技專校院,1062,僑光科技大學,學士班(進修),3338,2051,1287
112,私立,技專校院,1062,僑光科技大學,碩士班(日間),62,29,33
112,私立,技專校院,1062,僑光科技大學,碩士在職專班,58,24,34
112,私立,技專校院,1063,廣亞學校財團法人育達科技大學,學士班(進修),1623,696,927
112,私立,技專校院,1063,廣亞學校財團法人育達科技大學,碩士班(日間),123,53,70
112,私立,技專校院,1063,廣亞學校財團法人育達科技大學,碩士在職專班,186,115,71
112,私立,技專校院,1063,廣亞學校財團法人育達科技大學,學士班(日間),1106,530,576
112,私立,技專校院,1064,美和學校財團法人美和科技大學,學士班(進修),1406,342,1064
112,私立,技專校院,1064,美和學校財團法人美和科技大學,碩士班(日間),160,52,108
112,私立,技專校院,1064,美和學校財團法人美和科技大學,二專(進修),94,54,40
112,私立,技專校院,1064,美和學校財團法人美和科技大學,學士班(日間),1469,611,858
112,私立,技專校院,1064,美和學校財團法人美和科技大學,五專,1603,231,1372
112,私立,技專校院,1064,美和學校財團法人美和科技大學,碩士在職專班,154,40,114
112,私立,技專校院,1065,吳鳳科技大學,碩士班(日間),35,24,11
112,私立,技專校院,1065,吳鳳科技大學,碩士在職專班,61,37,24
112,私立,技專校院,1065,吳鳳科技大學,二專(進修),176,82,94
112,私立,技專校院,1065,吳鳳科技大學,學士班(日間),2223,1432,791
112,私立,技專校院,1065,吳鳳科技大學,學士班(進修),1287,769,518
112,私立,技專校院,1066,環球學校財團法人環球科技大學,二專(進修),38,24,14
112,私立,技專校院,1066,環球學校財團法人環球科技大學,學士班(日間),664,354,310
112,私立,技專校院,1066,環球學校財團法人環球科技大學,學士班(進修),243,101,142
112,私立,技專校院,1066,環球學校財團法人環球科技大學,碩士班(日間),45,22,23
112,私立,技專校院,1066,環球學校財團法人環球科技大學,碩士在職專班,28,10,18
112,私立,技專校院,1069,修平學校財團法人修平科技大學,二專(進修),2,2,0
112,私立,技專校院,1069,修平學校財團法人修平科技大學,學士班(日間),2131,1480,651
112,私立,技專校院,1069,修平學校財團法人修平科技大學,學士班(進修),1551,1265,286
112,私立,技專校院,1069,修平學校財團法人修平科技大學,碩士班(日間),93,54,39
112,私立,技專校院,1069,修平學校財團法人修平科技大學,碩士在職專班,55,43,12
112,私立,技專校院,1070,長庚學校財團法人長庚科技大學,學士班(日間),4734,599,4135
112,私立,技專校院,1070,長庚學校財團法人長庚科技大學,學士班(進修),1134,74,1060
112,私立,技專校院,1070,長庚學校財團法人長庚科技大學,碩士班(日間),80,10,70
112,私立,技專校院,1070,長庚學校財團法人長庚科技大學,碩士在職專班,165,6,159
112,私立,技專校院,1071,城市學校財團法人臺北城市科技大學,二專(日間),19,15,4
112,私立,技專校院,1071,城市學校財團法人臺北城市科技大學,碩士班(日間),97,64,33
112,私立,技專校院,1071,城市學校財團法人臺北城市科技大學,二專(進修),307,172,135
112,私立,技專校院,1071,城市學校財團法人臺北城市科技大學,學士班(日間),6016,3686,2330
112,私立,技專校院,1071,城市學校財團法人臺北城市科技大學,學士班(進修),1080,750,330
112,私立,技專校院,1071,城市學校財團法人臺北城市科技大學,五專,745,463,282
112,私立,技專校院,1072,大華學校財團法人敏實科技大學,學士班(日間),479,313,166
112,私立,技專校院,1072,大華學校財團法人敏實科技大學,五專,101,44,57
112,私立,技專校院,1072,大華學校財團法人敏實科技大學,學士班(進修),122,75,47
112,私立,技專校院,1073,醒吾學校財團法人醒吾科技大學,五專,138,55,83
112,私立,技專校院,1073,醒吾學校財團法人醒吾科技大學,碩士班(日間),49,16,33
112,私立,技專校院,1073,醒吾學校財團法人醒吾科技大學,碩士在職專班,79,32,47
112,私立,技專校院,1073,醒吾學校財團法人醒吾科技大學,二專(進修),53,25,28
112,私立,技專校院,1073,醒吾學校財團法人醒吾科技大學,學士班(日間),4954,2028,2926
112,私立,技專校院,1073,醒吾學校財團法人醒吾科技大學,學士班(進修),827,385,442
112,私立,技專校院,1075,文藻學校財團法人文藻外語大學,學士班(日間),4084,1218,2866
112,私立,技專校院,1075,文藻學校財團法人文藻外語大學,學士班(進修),978,357,621
112,私立,技專校院,1075,文藻學校財團法人文藻外語大學,碩士班(日間),224,65,159
112,私立,技專校院,1075,文藻學校財團法人文藻外語大學,碩士在職專班,57,17,40
112,私立,技專校院,1075,文藻學校財團法人文藻外語大學,五專,1919,337,1582
112,私立,技專校院,1076,華夏學校財團法人華夏科技大學,二專(進修),9,0,9
112,私立,技專校院,1076,華夏學校財團法人華夏科技大學,學士班(日間),626,425,201
112,私立,技專校院,1076,華夏學校財團法人華夏科技大學,學士班(進修),620,392,228
112,私立,技專校院,1076,華夏學校財團法人華夏科技大學,五專,349,280,69
112,私立,技專校院,1076,華夏學校財團法人華夏科技大學,碩士班(日間),17,14,3
112,私立,技專校院,1076,華夏學校財團法人華夏科技大學,碩士在職專班,29,21,8
112,私立,技專校院,1077,慈濟學校財團法人慈濟科技大學,學士班(日間),1277,430,847
112,私立,技專校院,1077,慈濟學校財團法人慈濟科技大學,五專,1291,177,1114
112,私立,技專校院,1077,慈濟學校財團法人慈濟科技大學,二專(日間),16,1,15
112,私立,技專校院,1077,慈濟學校財團法人慈濟科技大學,學士班(進修),167,15,152
112,私立,技專校院,1077,慈濟學校財團法人慈濟科技大學,碩士班(日間),85,20,65
112,私立,技專校院,1078,致理學校財團法人致理科技大學,學士班(進修),2825,1230,1595
112,私立,技專校院,1078,致理學校財團法人致理科技大學,碩士班(日間),54,15,39
112,私立,技專校院,1078,致理學校財團法人致理科技大學,碩士在職專班,54,16,38
112,私立,技專校院,1078,致理學校財團法人致理科技大學,學士班(日間),6460,2175,4285
112,私立,技專校院,1078,致理學校財團法人致理科技大學,五專,1558,367,1191
112,私立,一般大學,1079,康寧學校財團法人康寧大學,學士班(進修),195,22,173
112,私立,一般大學,1079,康寧學校財團法人康寧大學,碩士在職專班,5,2,3
112,私立,一般大學,1079,康寧學校財團法人康寧大學,二專(進修),211,53,158
112,私立,一般大學,1079,康寧學校財團法人康寧大學,學士班(日間),156,36,120
112,私立,一般大學,1079,康寧學校財團法人康寧大學,五專,2676,628,2048
112,私立,技專校院,1080,宏國學校財團法人宏國德霖科技大學,五專,1070,634,436
112,私立,技專校院,1080,宏國學校財團法人宏國德霖科技大學,碩士班(日間),39,21,18
112,私立,技專校院,1080,宏國學校財團法人宏國德霖科技大學,學士班(日間),1409,838,571
112,私立,技專校院,1080,宏國學校財團法人宏國德霖科技大學,學士班(進修),1472,914,558
112,私立,技專校院,1081,東方學校財團法人東方設計大學,博士班,20,11,9
112,私立,技專校院,1081,東方學校財團法人東方設計大學,碩士班(日間),27,12,15
112,私立,技專校院,1081,東方學校財團法人東方設計大學,碩士在職專班,6,3,3
112,私立,技專校院,1081,東方學校財團法人東方設計大學,二專(進修),11,10,1
112,私立,技專校院,1081,東方學校財團法人東方設計大學,學士班(日間),106,55,51
112,私立,技專校院,1081,東方學校財團法人東方設計大學,學士班(進修),54,30,24
112,私立,技專校院,1081,東方學校財團法人東方設計大學,五專,121,58,63
112,私立,技專校院,1082,崇右學校財團法人崇右影藝科技大學,碩士班(日間),33,16,17
112,私立,技專校院,1082,崇右學校財團法人崇右影藝科技大學,學士班(日間),1112,502,610
112,私立,技專校院,1083,台北海洋學校財團法人台北海洋科技大學,二專(日間),10,10,0
112,私立,技專校院,1083,台北海洋學校財團法人台北海洋科技大學,學士班(進修),804,341,463
112,私立,技專校院,1083,台北海洋學校財團法人台北海洋科技大學,五專,558,346,212
112,私立,技專校院,1083,台北海洋學校財團法人台北海洋科技大學,碩士班(日間),126,72,54
112,私立,技專校院,1083,台北海洋學校財團法人台北海洋科技大學,二專(進修),150,138,12
112,私立,技專校院,1083,台北海洋學校財團法人台北海洋科技大學,學士班(日間),2127,1244,883
112,私立,技專校院,1084,亞東學校財團法人亞東科技大學,學士班(日間),3650,2474,1176
112,私立,技專校院,1084,亞東學校財團法人亞東科技大學,學士班(進修),148,11,137
112,私立,技專校院,1084,亞東學校財團法人亞東科技大學,碩士班(日間),58,45,13
112,私立,一般大學,1125,中信學校財團法人中信金融管理學院,學士班(日間),799,446,353
112,私立,一般大學,1125,中信學校財團法人中信金融管理學院,碩士班(日間),114,50,64
112,私立,一般大學,1125,中信學校財團法人中信金融管理學院,碩士在職專班,44,24,20
112,私立,技專校院,1148,大漢技術學院,碩士班(日間),73,44,29
112,私立,技專校院,1148,大漢技術學院,二專(進修),51,19,32
112,私立,技專校院,1148,大漢技術學院,學士班(日間),97,57,40
112,私立,技專校院,1148,大漢技術學院,學士班(進修),380,223,157
112,私立,技專校院,1168,南亞科技學校財團法人南亞技術學院,學士班(進修),1068,317,751
112,私立,技專校院,1168,南亞科技學校財團法人南亞技術學院,碩士班(日間),1,1,0
112,私立,技專校院,1168,南亞科技學校財團法人南亞技術學院,學士班(日間),853,592,261
112,私立,技專校院,1168,南亞科技學校財團法人南亞技術學院,五專,77,46,31
112,私立,技專校院,1183,黎明技術學院,五專,310,251,59
112,私立,技專校院,1183,黎明技術學院,學士班(日間),3099,1570,1529
112,私立,技專校院,1183,黎明技術學院,學士班(進修),1319,874,445
112,私立,技專校院,1183,黎明技術學院,碩士班(日間),14,5,9
112,私立,技專校院,1185,德育學校財團法人德育護理健康學院,碩士班(日間),45,6,39
112,私立,技專校院,1185,德育學校財團法人德育護理健康學院,二專(進修),164,28,136
112,私立,技專校院,1185,德育學校財團法人德育護理健康學院,學士班(日間),1492,550,942
112,私立,技專校院,1185,德育學校財團法人德育護理健康學院,學士班(進修),738,99,639
112,私立,技專校院,1185,德育學校財團法人德育護理健康學院,五專,961,238,723
112,私立,技專校院,1185,德育學校財團法人德育護理健康學院,碩士在職專班,54,14,40
112,私立,技專校院,1188,大同技術學院,學士班(進修),59,13,46
112,私立,技專校院,1188,大同技術學院,二專(進修),1,1,0
112,私立,技專校院,1188,大同技術學院,學士班(日間),71,30,41
112,私立,技專校院,1188,大同技術學院,五專,14,6,8
112,私立,一般大學,1195,馬偕學校財團法人馬偕醫學院,博士班,12,10,2
112,私立,一般大學,1195,馬偕學校財團法人馬偕醫學院,碩士班(日間),61,18,43
112,私立,一般大學,1195,馬偕學校財團法人馬偕醫學院,碩士在職專班,33,7,26
112,私立,一般大學,1195,馬偕學校財團法人馬偕醫學院,學士班(日間),749,282,467
112,私立,一般大學,1195,馬偕學校財團法人馬偕醫學院,學士班(進修),48,3,45
112,私立,一般大學,1196,法鼓學校財團法人法鼓文理學院,學士班(日間),51,25,26
112,私立,一般大學,1196,法鼓學校財團法人法鼓文理學院,學士班(進修),19,3,16
112,私立,一般大學,1196,法鼓學校財團法人法鼓文理學院,博士班,26,12,14
112,私立,一般大學,1196,法鼓學校財團法人法鼓文理學院,碩士班(日間),247,59,188
112,私立,一般大學,1196,法鼓學校財團法人法鼓文理學院,碩士在職專班,20,4,16
112,私立,技專校院,1282,馬偕學校財團法人馬偕醫護管理專科學校,二專(進修),148,70,78
112,私立,技專校院,1282,馬偕學校財團法人馬偕醫護管理專科學校,五專,3932,558,3374
112,私立,技專校院,1283,仁德醫護管理專科學校,五專,5465,1228,4237
112,私立,技專校院,1283,仁德醫護管理專科學校,二專(進修),377,185,192
112,私立,技專校院,1284,樹人醫護管理專科學校,二專(進修),528,258,270
112,私立,技專校院,1284,樹人醫護管理專科學校,五專,6713,1349,5364
112,私立,技專校院,1285,慈惠醫護管理專科學校,二專(進修),157,70,87
112,私立,技專校院,1285,慈惠醫護管理專科學校,二專(日間),60,8,52
112,私立,技專校院,1285,慈惠醫護管理專科學校,五專,1938,411,1527
112,私立,技專校院,1286,耕莘健康管理專科學校,二專(進修),104,5,99
112,私立,技專校院,1286,耕莘健康管理專科學校,五專,3940,404,3536
112,私立,技專校院,1287,敏惠醫護管理專科學校,二專(進修),87,24,63
112,私立,技專校院,1287,敏惠醫護管理專科學校,五專,3486,481,3005
112,私立,技專校院,1289,育英醫護管理專科學校,五專,1833,200,1633
112,私立,技專校院,1291,聖母醫護管理專科學校,二專(日間),2,2,0
112,私立,技專校院,1291,聖母醫護管理專科學校,二專(進修),52,33,19
112,私立,技專校院,1291,聖母醫護管理專科學校,五專,1466,226,1240
112,私立,技專校院,1292,新生醫護管理專科學校,二專(進修),79,12,67
112,私立,技專校院,1292,新生醫護管理專科學校,五專,5978,762,5216
112,私立,技專校院,1293,崇仁醫護管理專科學校,五專,3017,460,2557
112,私立,宗教研修學院,1R02,學校財團法人中華浸信會基督教台灣浸會神學院,碩士班(日間),45,25,20
112,私立,宗教研修學院,1R03,臺北基督學院,學士班(日間),46,23,23
112,私立,宗教研修學院,1R04,財團法人一貫道天皇基金會一貫道天皇學院,學士班(日間),18,7,11
112,私立,宗教研修學院,1R04,財團法人一貫道天皇基金會一貫道天皇學院,碩士班(日間),15,7,8
112,私立,宗教研修學院,1R04,財團法人一貫道天皇基金會一貫道天皇學院,碩士在職專班,44,18,26
112,私立,宗教研修學院,1R05,台神學校財團法人台灣神學研究學院,碩士班(日間),106,35,71
112,私立,宗教研修學院,1R05,台神學校財團法人台灣神學研究學院,碩士在職專班,8,2,6
112,私立,宗教研修學院,1R06,一貫道崇德學院,碩士班(日間),54,17,37
112,私立,宗教研修學院,1R07,台灣基督長老教會南神神學院,碩士班(日間),59,25,34
112,私立,宗教研修學院,1R08,中華福音神學研究學院,碩士班(日間),56,31,25
112,私立,宗教研修學院,1R09,唯心聖教學院,碩士班(日間),60,31,29
112,公立,一般大學,3002,臺北市立大學,學士班(日間),5275,2287,2988
112,公立,一般大學,3002,臺北市立大學,博士班,208,94,114
112,公立,一般大學,3002,臺北市立大學,碩士班(日間),1330,413,917
112,公立,一般大學,3002,臺北市立大學,碩士在職專班,1248,341,907
113,公立,一般大學,0001,國立政治大學,博士班,897,482,415
113,公立,一般大學,0001,國立政治大學,碩士班(日間),4337,1904,2433
113,公立,一般大學,0001,國立政治大學,碩士在職專班,1864,902,962
113,公立,一般大學,0001,國立政治大學,學士班(日間),9801,3991,5810
113,公立,一般大學,0002,國立清華大學,碩士班(日間),5886,3513,2373
113,公立,一般大學,0002,國立清華大學,學士班(日間),9307,5059,4248
113,公立,一般大學,0002,國立清華大學,博士班,1661,1158,503
113,公立,一般大學,0002,國立清華大學,碩士在職專班,1415,517,898
113,公立,一般大學,0003,國立臺灣大學,碩士班(日間),11647,6893,4754
113,公立,一般大學,0003,國立臺灣大學,碩士在職專班,1629,970,659
113,公立,一般大學,0003,國立臺灣大學,學士班(日間),17432,9688,7744
113,公立,一般大學,0003,國立臺灣大學,博士班,3779,2494,1285
113,公立,一般大學,0004,國立臺灣師範大學,學士班(日間),8587,3899,4688
113,公立,一般大學,0004,國立臺灣師範大學,博士班,1297,602,695
113,公立,一般大學,0004,國立臺灣師範大學,碩士班(日間),4407,1868,2539
113,公立,一般大學,0004,國立臺灣師範大學,碩士在職專班,2333,716,1617
113,公立,一般大學,0005,國立成功大學,學士班(日間),12224,7449,4775
113,公立,一般大學,0005,國立成功大學,博士班,1929,1276,653
113,公立,一般大學,0005,國立成功大學,碩士班(日間),7625,4909,2716
113,公立,一般大學,0005,國立成功大學,碩士在職專班,1603,915,688
113,公立,一般大學,0006,國立中興大學,學士班(進修),809,342,467
113,公立,一般大學,0006,國立中興大學,博士班,1058,688,370
113,公立,一般大學,0006,國立中興大學,碩士在職專班,1777,1134,643
113,公立,一般大學,0006,國立中興大學,學士班(日間),8232,4632,3600
113,公立,一般大學,0006,國立中興大學,碩士班(日間),3969,2348,1621
113,公立,一般大學,0007,國立陽明交通大學,學士班(日間),8771,5600,3171
113,公立,一般大學,0007,國立陽明交通大學,博士班,2637,1781,856
113,公立,一般大學,0007,國立陽明交通大學,碩士班(日間),8725,5480,3245
113,公立,一般大學,0007,國立陽明交通大學,碩士在職專班,1984,1236,748
113,公立,一般大學,0008,國立中央大學,學士班(日間),6275,3876,2399
113,公立,一般大學,0008,國立中央大學,碩士在職專班,1485,901,584
113,公立,一般大學,0008,國立中央大學,博士班,905,610,295
113,公立,一般大學,0008,國立中央大學,碩士班(日間),3898,2543,1355
113,公立,一般大學,0009,國立中山大學,博士班,859,535,324
113,公立,一般大學,0009,國立中山大學,碩士班(日間),3978,2485,1493
113,公立,一般大學,0009,國立中山大學,碩士在職專班,978,489,489
113,公立,一般大學,0009,國立中山大學,學士班(日間),5133,3088,2045
113,公立,一般大學,0012,國立臺灣海洋大學,學士班(日間),6061,4108,1953
113,公立,一般大學,0012,國立臺灣海洋大學,學士班(進修),503,355,148
113,公立,一般大學,0012,國立臺灣海洋大學,博士班,341,233,108
113,公立,一般大學,0012,國立臺灣海洋大學,碩士班(日間),1599,1034,565
113,公立,一般大學,0012,國立臺灣海洋大學,碩士在職專班,598,326,272
113,公立,一般大學,0013,國立中正大學,碩士班(日間),2908,1701,1207
113,公立,一般大學,0013,國立中正大學,碩士在職專班,1468,621,847
113,公立,一般大學,0013,國立中正大學,學士班(日間),6619,3552,3067
113,公立,一般大學,0013,國立中正大學,博士班,558,346,212
113,公立,一般大學,0014,國立高雄師範大學,博士班,442,220,222
113,公立,一般大學,0014,國立高雄師範大學,碩士班(日間),1600,580,1020
113,公立,一般大學,0014,國立高雄師範大學,碩士在職專班,1341,486,855
113,公立,一般大學,0014,國立高雄師範大學,學士班(日間),3879,1900,1979
113,公立,一般大學,0015,國立彰化師範大學,博士班,462,267,195
113,公立,一般大學,0015,國立彰化師範大學,碩士班(日間),1767,909,858
113,公立,一般大學,0015,國立彰化師範大學,碩士在職專班,1304,512,792
113,公立,一般大學,0015,國立彰化師範大學,學士班(日間),5091,2746,2345
113,公立,一般大學,0017,國立臺北大學,學士班(日間),6068,2758,3310
113,公立,一般大學,0017,國立臺北大學,學士班(進修),1711,756,955
113,公立,一般大學,0017,國立臺北大學,博士班,206,138,68
113,公立,一般大學,0017,國立臺北大學,碩士班(日間),1543,764,779
113,公立,一般大學,0017,國立臺北大學,碩士在職專班,614,290,324
113,公立,一般大學,0018,國立嘉義大學,學士班(日間),7519,3781,3738
113,公立,一般大學,0018,國立嘉義大學,學士班(進修),1522,923,599
113,公立,一般大學,0018,國立嘉義大學,碩士在職專班,904,364,540
113,公立,一般大學,0018,國立嘉義大學,博士班,196,118,78
113,公立,一般大學,0018,國立嘉義大學,碩士班(日間),1208,557,651
113,公立,一般大學,0019,國立高雄大學,學士班(日間),4760,2751,2009
113,公立,一般大學,0019,國立高雄大學,博士班,20,15,5
113,公立,一般大學,0019,國立高雄大學,學士班(進修),128,69,59
113,公立,一般大學,0019,國立高雄大學,碩士班(日間),693,438,255
113,公立,一般大學,0019,國立高雄大學,碩士在職專班,591,368,223
113,公立,一般大學,0020,國立東華大學,學士班(日間),7832,3877,3955
113,公立,一般大學,0020,國立東華大學,博士班,405,224,181
113,公立,一般大學,0020,國立東華大學,碩士班(日間),1489,720,769
113,公立,一般大學,0020,國立東華大學,碩士在職專班,540,182,358
113,公立,一般大學,0021,國立暨南國際大學,博士班,348,175,173
113,公立,一般大學,0021,國立暨南國際大學,碩士在職專班,485,161,324
113,公立,一般大學,0021,國立暨南國際大學,學士班(日間),4925,2408,2517
113,公立,一般大學,0021,國立暨南國際大學,碩士班(日間),877,413,464
113,公立,技專校院,0022,國立臺灣科技大學,博士班,1023,730,293
113,公立,技專校院,0022,國立臺灣科技大學,碩士班(日間),4298,2889,1409
113,公立,技專校院,0022,國立臺灣科技大學,碩士在職專班,837,508,329
113,公立,技專校院,0022,國立臺灣科技大學,學士班(日間),5691,3939,1752
113,公立,技專校院,0023,國立雲林科技大學,學士班(進修),263,128,135
113,公立,技專校院,0023,國立雲林科技大學,碩士班(日間),2223,1436,787
113,公立,技專校院,0023,國立雲林科技大學,碩士在職專班,749,426,323
113,公立,技專校院,0023,國立雲林科技大學,學士班(日間),6792,4131,2661
113,公立,技專校院,0023,國立雲林科技大學,博士班,443,266,177
113,公立,技專校院,0024,國立屏東科技大學,學士班(日間),7370,4097,3273
113,公立,技專校院,0024,國立屏東科技大學,學士班(進修),1073,751,322
113,公立,技專校院,0024,國立屏東科技大學,博士班,256,165,91
113,公立,技專校院,0024,國立屏東科技大學,碩士班(日間),1069,595,474
113,公立,技專校院,0024,國立屏東科技大學,碩士在職專班,235,135,100
113,公立,技專校院,0025,國立臺北科技大學,學士班(日間),6404,4403,2001
113,公立,技專校院,0025,國立臺北科技大學,博士班,763,549,214
113,公立,技專校院,0025,國立臺北科技大學,學士班(進修),892,747,145
113,公立,技專校院,0025,國立臺北科技大學,附設進院,4,4,0
113,公立,技專校院,0025,國立臺北科技大學,五專,159,131,28
113,公立,技專校院,0025,國立臺北科技大學,碩士班(日間),3632,2605,1027
113,公立,技專校院,0025,國立臺北科技大學,碩士在職專班,1643,1118,525
113,公立,一般大學,0028,國立臺北藝術大學,博士班,138,63,75
113,公立,一般大學,0028,國立臺北藝術大學,碩士班(日間),1021,387,634
113,公立,一般大學,0028,國立臺北藝術大學,碩士在職專班,189,61,128
113,公立,一般大學,0028,國立臺北藝術大學,學士班(日間),1789,648,1141
113,公立,一般大學,0028,國立臺北藝術大學,七年一貫,76,34,42
113,公立,一般大學,0029,國立臺灣藝術大學,碩士班(日間),775,287,488
113,公立,一般大學,0029,國立臺灣藝術大學,碩士在職專班,362,139,223
113,公立,一般大學,0029,國立臺灣藝術大學,學士班(日間),2419,693,1726
113,公立,一般大學,0029,國立臺灣藝術大學,學士班(進修),1822,540,1282
113,公立,一般大學,0029,國立臺灣藝術大學,博士班,161,80,81
113,公立,一般大學,0030,國立臺東大學,學士班(日間),3603,1873,1730
113,公立,一般大學,0030,國立臺東大學,博士班,54,22,32
113,公立,一般大學,0030,國立臺東大學,學士班(進修),341,129,212
113,公立,一般大學,0030,國立臺東大學,碩士班(日間),360,149,211
113,公立,一般大學,0030,國立臺東大學,碩士在職專班,690,179,511
113,公立,一般大學,0031,國立宜蘭大學,學士班(日間),4375,2808,1567
113,公立,一般大學,0031,國立宜蘭大學,學士班(進修),360,237,123
113,公立,一般大學,0031,國立宜蘭大學,博士班,13,9,4
113,公立,一般大學,0031,國立宜蘭大學,碩士班(日間),545,345,200
113,公立,一般大學,0031,國立宜蘭大學,碩士在職專班,154,109,45
113,公立,一般大學,0032,國立聯合大學,學士班(日間),6067,4249,1818
113,公立,一般大學,0032,國立聯合大學,碩士在職專班,57,32,25
113,公立,一般大學,0032,國立聯合大學,學士班(進修),966,735,231
113,公立,一般大學,0032,國立聯合大學,博士班,26,21,5
113,公立,一般大學,0032,國立聯合大學,碩士班(日間),478,335,143
113,公立,技專校院,0033,國立虎尾科技大學,二專(日間),80,80,0
113,公立,技專校院,0033,國立虎尾科技大學,附設進院,1,1,0
113,公立,技專校院,0033,國立虎尾科技大學,五專,404,349,55
113,公立,技專校院,0033,國立虎尾科技大學,碩士班(日間),1190,991,199
113,公立,技專校院,0033,國立虎尾科技大學,碩士在職專班,195,123,72
113,公立,技專校院,0033,國立虎尾科技大學,學士班(日間),7747,5950,1797
113,公立,技專校院,0033,國立虎尾科技大學,學士班(進修),2301,1872,429
113,公立,技專校院,0033,國立虎尾科技大學,博士班,58,44,14
113,公立,一般大學,0035,國立臺南藝術大學,七年一貫,160,55,105
113,公立,一般大學,0035,國立臺南藝術大學,學士班(日間),763,286,477
113,公立,一般大學,0035,國立臺南藝術大學,博士班,73,30,43
113,公立,一般大學,0035,國立臺南藝術大學,碩士班(日間),554,215,339
113,公立,一般大學,0035,國立臺南藝術大學,碩士在職專班,46,8,38
113,公立,一般大學,0036,國立臺南大學,學士班(進修),165,96,69
113,公立,一般大學,0036,國立臺南大學,博士班,146,50,96
113,公立,一般大學,0036,國立臺南大學,碩士班(日間),1048,424,624
113,公立,一般大學,0036,國立臺南大學,碩士在職專班,649,207,442
113,公立,一般大學,0036,國立臺南大學,學士班(日間),3958,1739,2219
113,公立,一般大學,0037,國立臺北教育大學,碩士班(日間),1466,429,1037
113,公立,一般大學,0037,國立臺北教育大學,碩士在職專班,1090,261,829
113,公立,一般大學,0037,國立臺北教育大學,學士班(日間),3328,1100,2228
113,公立,一般大學,0037,國立臺北教育大學,博士班,155,66,89
113,公立,一般大學,0039,國立臺中教育大學,學士班(日間),3286,1141,2145
113,公立,一般大學,0039,國立臺中教育大學,博士班,111,35,76
113,公立,一般大學,0039,國立臺中教育大學,碩士班(日間),957,281,676
113,公立,一般大學,0039,國立臺中教育大學,碩士在職專班,776,176,600
113,公立,技專校院,0042,國立澎湖科技大學,學士班(進修),180,98,82
113,公立,技專校院,0042,國立澎湖科技大學,碩士在職專班,36,21,15
113,公立,技專校院,0042,國立澎湖科技大學,學士班(日間),2018,1278,740
113,公立,技專校院,0042,國立澎湖科技大學,五專,107,103,4
113,公立,技專校院,0042,國立澎湖科技大學,碩士班(日間),47,23,24
113,公立,技專校院,0043,國立勤益科技大學,學士班(進修),3780,3230,550
113,公立,技專校院,0043,國立勤益科技大學,碩士班(日間),702,510,192
113,公立,技專校院,0043,國立勤益科技大學,碩士在職專班,287,235,52
113,公立,技專校院,0043,國立勤益科技大學,二專(進修),214,160,54
113,公立,技專校院,0043,國立勤益科技大學,學士班(日間),7460,5175,2285
113,公立,技專校院,0043,國立勤益科技大學,博士班,67,57,10
113,公立,一般大學,0044,國立體育大學,碩士班(日間),360,212,148
113,公立,一般大學,0044,國立體育大學,碩士在職專班,242,135,107
113,公立,一般大學,0044,國立體育大學,學士班(日間),1961,1196,765
113,公立,一般大學,0044,國立體育大學,學士班(進修),78,55,23
113,公立,一般大學,0044,國立體育大學,博士班,141,95,46
113,公立,技專校院,0046,國立臺北護理健康大學,學士班(日間),3742,809,2933
113,公立,技專校院,0046,國立臺北護理健康大學,學士班(進修),642,60,582
113,公立,技專校院,0046,國立臺北護理健康大學,碩士在職專班,182,31,151
113,公立,技專校院,0046,國立臺北護理健康大學,博士班,74,10,64
113,公立,技專校院,0046,國立臺北護理健康大學,碩士班(日間),561,99,462
113,公立,技專校院,0047,國立高雄餐旅大學,學士班(進修),889,348,541
113,公立,技專校院,0047,國立高雄餐旅大學,五專,249,94,155
113,公立,技專校院,0047,國立高雄餐旅大學,碩士班(日間),130,48,82
113,公立,技專校院,0047,國立高雄餐旅大學,碩士在職專班,22,10,12
113,公立,技專校院,0047,國立高雄餐旅大學,學士班(日間),2772,934,1838
113,公立,技專校院,0047,國立高雄餐旅大學,博士班,39,20,19
113,公立,一般大學,0048,國立金門大學,學士班(進修),643,355,288
113,公立,一般大學,0048,國立金門大學,博士班,9,5,4
113,公立,一般大學,0048,國立金門大學,碩士班(日間),213,126,87
113,公立,一般大學,0048,國立金門大學,學士班(日間),2863,1520,1343
113,公立,一般大學,0048,國立金門大學,碩士在職專班,95,63,32
113,公立,一般大學,0049,國立臺灣體育運動大學,學士班(進修),323,229,94
113,公立,一般大學,0049,國立臺灣體育運動大學,博士班,23,12,11
113,公立,一般大學,0049,國立臺灣體育運動大學,碩士班(日間),278,144,134
113,公立,一般大學,0049,國立臺灣體育運動大學,碩士在職專班,128,78,50
113,公立,一般大學,0049,國立臺灣體育運動大學,學士班(日間),2338,1419,919
113,公立,技專校院,0050,國立臺中科技大學,學士班(進修),3661,1317,2344
113,公立,技專校院,0050,國立臺中科技大學,博士班,8,5,3
113,公立,技專校院,0050,國立臺中科技大學,碩士班(日間),399,147,252
113,公立,技專校院,0050,國立臺中科技大學,碩士在職專班,289,122,167
113,公立,技專校院,0050,國立臺中科技大學,二專(進修),550,209,341
113,公立,技專校院,0050,國立臺中科技大學,學士班(日間),7141,2415,4726
113,公立,技專校院,0050,國立臺中科技大學,五專,3714,1108,2606
113,公立,技專校院,0051,國立臺北商業大學,學士班(進修),1673,604,1069
113,公立,技專校院,0051,國立臺北商業大學,博士班,12,10,2
113,公立,技專校院,0051,國立臺北商業大學,二專(進修),80,36,44
113,公立,技專校院,0051,國立臺北商業大學,學士班(日間),2942,960,1982
113,公立,技專校院,0051,國立臺北商業大學,五專,1771,514,1257
113,公立,技專校院,0051,國立臺北商業大學,碩士班(日間),314,116,198
113,公立,技專校院,0051,國立臺北商業大學,碩士在職專班,156,63,93
113,公立,一般大學,0052,國立屏東大學,學士班(日間),6597,2949,3648
113,公立,一般大學,0052,國立屏東大學,學士班(進修),484,245,239
113,公立,一般大學,0052,國立屏東大學,博士班,47,22,25
113,公立,一般大學,0052,國立屏東大學,碩士班(日間),917,334,583
113,公立,一般大學,0052,國立屏東大學,碩士在職專班,695,209,486
113,公立,技專校院,0053,國立高雄科技大學,學士班(進修),3678,2472,1206
113,公立,技專校院,0053,國立高雄科技大學,附設進院,25,17,8
113,公立,技專校院,0053,國立高雄科技大學,博士班,568,411,157
113,公立,技專校院,0053,國立高雄科技大學,碩士班(日間),2566,1774,792
113,公立,技專校院,0053,國立高雄科技大學,碩士在職專班,1956,1225,731
113,公立,技專校院,0053,國立高雄科技大學,學士班(日間),17773,11116,6657
113,公立,技專校院,0053,國立高雄科技大學,五專,853,699,154
113,公立,技專校院,0144,國立臺灣戲曲學院,學士班(日間),449,170,279
113,公立,技專校院,0221,國立臺南護理專科學校,二專(進修),42,10,32
113,公立,技專校院,0221,國立臺南護理專科學校,二專(日間),43,3,40
113,公立,技專校院,0221,國立臺南護理專科學校,五專,1907,201,1706
113,公立,技專校院,0222,國立臺東專科學校,二專(日間),358,267,91
113,公立,技專校院,0222,國立臺東專科學校,二專(進修),80,46,34
113,公立,技專校院,0222,國立臺東專科學校,五專,159,80,79
113,私立,一般大學,1001,東海大學,學士班(日間),12973,5963,7010
113,私立,一般大學,1001,東海大學,學士班(進修),269,130,139
113,私立,一般大學,1001,東海大學,博士班,242,146,96
113,私立,一般大學,1001,東海大學,碩士班(日間),1348,672,676
113,私立,一般大學,1001,東海大學,碩士在職專班,754,349,405
113,私立,一般大學,1002,輔仁大學,學士班(日間),18187,7494,10693
113,私立,一般大學,1002,輔仁大學,學士班(進修),3691,1564,2127
113,私立,一般大學,1002,輔仁大學,博士班,449,254,195
113,私立,一般大學,1002,輔仁大學,碩士班(日間),1860,747,1113
113,私立,一般大學,1002,輔仁大學,碩士在職專班,1494,576,918
113,私立,一般大學,1003,東吳大學,學士班(日間),11864,4761,7103
113,私立,一般大學,1003,東吳大學,學士班(進修),461,188,273
113,私立,一般大學,1003,東吳大學,博士班,101,61,40
113,私立,一般大學,1003,東吳大學,碩士班(日間),1282,592,690
113,私立,一般大學,1003,東吳大學,碩士在職專班,1250,579,671
113,私立,一般大學,1004,中原大學,學士班(日間),13657,7134,6523
113,私立,一般大學,1004,中原大學,博士班,320,204,116
113,私立,一般大學,1004,中原大學,碩士班(日間),1599,926,673
113,私立,一般大學,1004,中原大學,碩士在職專班,934,559,375
113,私立,一般大學,1005,淡江大學學校財團法人淡江大學,學士班(日間),19315,10405,8910
113,私立,一般大學,1005,淡江大學學校財團法人淡江大學,學士班(進修),645,397,248
113,私立,一般大學,1005,淡江大學學校財團法人淡江大學,博士班,359,239,120
113,私立,一般大學,1005,淡江大學學校財團法人淡江大學,碩士班(日間),1377,758,619
113,私立,一般大學,1005,淡江大學學校財團法人淡江大學,碩士在職專班,580,290,290
113,私立,一般大學,1006,中國文化大學,博士班,489,306,183
113,私立,一般大學,1006,中國文化大學,碩士班(日間),1505,756,749
113,私立,一般大學,1006,中國文化大學,碩士在職專班,514,173,341
113,私立,一般大學,1006,中國文化大學,學士班(日間),14198,7471,6727
113,私立,一般大學,1006,中國文化大學,學士班(進修),1198,442,756
113,私立,一般大學,1007,逢甲大學,學士班(日間),17456,10154,7302
113,私立,一般大學,1007,逢甲大學,學士班(進修),750,470,280
113,私立,一般大學,1007,逢甲大學,博士班,385,262,123
113,私立,一般大學,1007,逢甲大學,碩士班(日間),1707,1104,603
113,私立,一般大學,1007,逢甲大學,碩士在職專班,1164,698,466
113,私立,一般大學,1008,靜宜大學,學士班(日間),9430,3772,5658
113,私立,一般大學,1008,靜宜大學,學士班(進修),41,3,38
113,私立,一般大學,1008,靜宜大學,博士班,62,27,35
113,私立,一般大學,1008,靜宜大學,碩士班(日間),692,231,461
113,私立,一般大學,1008,靜宜大學,碩士在職專班,405,143,262
113,私立,一般大學,1009,長庚大學,學士班(日間),5328,2502,2826
113,私立,一般大學,1009,長庚大學,博士班,452,273,179
113,私立,一般大學,1009,長庚大學,碩士班(日間),1282,586,696
113,私立,一般大學,1009,長庚大學,碩士在職專班,179,91,88
113,私立,一般大學,1010,元智大學,學士班(日間),7447,4099,3348
113,私立,一般大學,1010,元智大學,碩士在職專班,512,304,208
113,私立,一般大學,1010,元智大學,博士班,237,161,76
113,私立,一般大學,1010,元智大學,碩士班(日間),918,543,375
113,私立,一般大學,1011,中華大學學校財團法人中華大學,博士班,60,40,20
113,私立,一般大學,1011,中華大學學校財團法人中華大學,碩士班(日間),229,164,65
113,私立,一般大學,1011,中華大學學校財團法人中華大學,碩士在職專班,109,74,35
113,私立,一般大學,1011,中華大學學校財團法人中華大學,學士班(日間),2733,1881,852
113,私立,一般大學,1011,中華大學學校財團法人中華大學,學士班(進修),426,284,142
113,私立,一般大學,1012,大葉大學,學士班(進修),195,107,88
113,私立,一般大學,1012,大葉大學,博士班,101,74,27
113,私立,一般大學,1012,大葉大學,碩士班(日間),362,177,185
113,私立,一般大學,1012,大葉大學,碩士在職專班,125,59,66
113,私立,一般大學,1012,大葉大學,學士班(日間),2883,1645,1238
113,私立,一般大學,1013,華梵學校財團法人華梵大學,學士班(日間),568,233,335
113,私立,一般大學,1013,華梵學校財團法人華梵大學,博士班,68,27,41
113,私立,一般大學,1013,華梵學校財團法人華梵大學,碩士班(日間),204,97,107
113,私立,一般大學,1013,華梵學校財團法人華梵大學,碩士在職專班,223,82,141
113,私立,一般大學,1014,義守大學,學士班(日間),9466,4819,4647
113,私立,一般大學,1014,義守大學,學士班(進修),713,486,227
113,私立,一般大學,1014,義守大學,碩士在職專班,271,171,100
113,私立,一般大學,1014,義守大學,博士班,121,79,42
113,私立,一般大學,1014,義守大學,碩士班(日間),361,192,169
113,私立,一般大學,1015,世新大學,學士班(進修),750,277,473
113,私立,一般大學,1015,世新大學,碩士班(日間),502,224,278
113,私立,一般大學,1015,世新大學,碩士在職專班,485,233,252
113,私立,一般大學,1015,世新大學,學士班(日間),9213,3137,6076
113,私立,一般大學,1015,世新大學,博士班,78,40,38
113,私立,一般大學,1016,銘傳大學,學士班(日間),15813,6639,9174
113,私立,一般大學,1016,銘傳大學,碩士在職專班,658,268,390
113,私立,一般大學,1016,銘傳大學,博士班,73,32,41
113,私立,一般大學,1016,銘傳大學,碩士班(日間),743,290,453
113,私立,一般大學,1017,實踐大學,碩士班(日間),330,131,199
113,私立,一般大學,1017,實踐大學,碩士在職專班,105,25,80
113,私立,一般大學,1017,實踐大學,學士班(日間),8846,3169,5677
113,私立,一般大學,1017,實踐大學,學士班(進修),999,304,695
113,私立,一般大學,1017,實踐大學,博士班,25,10,15
113,私立,技專校院,1018,朝陽科技大學,博士班,101,71,30
113,私立,技專校院,1018,朝陽科技大學,碩士班(日間),632,322,310
113,私立,技專校院,1018,朝陽科技大學,學士班(日間),11258,5037,6221
113,私立,技專校院,1018,朝陽科技大學,學士班(進修),923,492,431
113,私立,技專校院,1018,朝陽科技大學,碩士在職專班,238,105,133
113,私立,一般大學,1019,高雄醫學大學,博士班,324,168,156
113,私立,一般大學,1019,高雄醫學大學,碩士班(日間),711,228,483
113,私立,一般大學,1019,高雄醫學大學,學士班(日間),5421,2292,3129
113,私立,一般大學,1019,高雄醫學大學,碩士在職專班,211,87,124
113,私立,一般大學,1020,南華大學,學士班(日間),3471,1557,1914
113,私立,一般大學,1020,南華大學,學士班(進修),218,130,88
113,私立,一般大學,1020,南華大學,博士班,47,28,19
113,私立,一般大學,1020,南華大學,碩士班(日間),536,191,345
113,私立,一般大學,1020,南華大學,碩士在職專班,418,146,272
113,私立,一般大學,1021,真理大學,學士班(日間),2193,1159,1034
113,私立,一般大學,1021,真理大學,碩士班(日間),121,62,59
113,私立,一般大學,1021,真理大學,碩士在職專班,8,5,3
113,私立,一般大學,1022,大同大學,學士班(日間),3055,1951,1104
113,私立,一般大學,1022,大同大學,博士班,97,68,29
113,私立,一般大學,1022,大同大學,碩士班(日間),218,131,87
113,私立,一般大學,1022,大同大學,碩士在職專班,120,93,27
113,私立,技專校院,1023,南臺學校財團法人南臺科技大學,學士班(日間),10808,6276,4532
113,私立,技專校院,1023,南臺學校財團法人南臺科技大學,學士班(進修),2068,1252,816
113,私立,技專校院,1023,南臺學校財團法人南臺科技大學,五專,590,499,91
113,私立,技專校院,1023,南臺學校財團法人南臺科技大學,博士班,75,44,31
113,私立,技專校院,1023,南臺學校財團法人南臺科技大學,碩士班(日間),684,405,279
113,私立,技專校院,1023,南臺學校財團法人南臺科技大學,碩士在職專班,282,114,168
113,私立,技專校院,1024,崑山科技大學,碩士班(日間),273,173,100
113,私立,技專校院,1024,崑山科技大學,碩士在職專班,204,131,73
113,私立,技專校院,1024,崑山科技大學,學士班(日間),5787,3320,2467
113,私立,技專校院,1024,崑山科技大學,學士班(進修),1888,1320,568
113,私立,技專校院,1024,崑山科技大學,博士班,21,18,3
113,私立,技專校院,1025,嘉藥學校財團法人嘉南藥理大學,學士班(日間),6706,2846,3860
113,私立,技專校院,1025,嘉藥學校財團法人嘉南藥理大學,學士班(進修),1487,594,893
113,私立,技專校院,1025,嘉藥學校財團法人嘉南藥理大學,五專,432,164,268
113,私立,技專校院,1025,嘉藥學校財團法人嘉南藥理大學,碩士班(日間),134,52,82
113,私立,技專校院,1025,嘉藥學校財團法人嘉南藥理大學,碩士在職專班,151,81,70
113,私立,技專校院,1026,樹德科技大學,二專(進修),280,129,151
113,私立,技專校院,1026,樹德科技大學,學士班(日間),5715,2504,3211
113,私立,技專校院,1026,樹德科技大學,學士班(進修),1714,894,820
113,私立,技專校院,1026,樹德科技大學,五專,12,7,5
113,私立,技專校院,1026,樹德科技大學,博士班,27,12,15
113,私立,技專校院,1026,樹德科技大學,碩士班(日間),201,93,108
113,私立,技專校院,1026,樹德科技大學,碩士在職專班,277,115,162
113,私立,一般大學,1027,慈濟學校財團法人慈濟大學,學士班(進修),134,8,126
113,私立,一般大學,1027,慈濟學校財團法人慈濟大學,博士班,93,40,53
113,私立,一般大學,1027,慈濟學校財團法人慈濟大學,碩士班(日間),428,131,297
113,私立,一般大學,1027,慈濟學校財團法人慈濟大學,碩士在職專班,26,5,21
113,私立,一般大學,1027,慈濟學校財團法人慈濟大學,學士班(日間),3366,1319,2047
113,私立,一般大學,1027,慈濟學校財團法人慈濟大學,五專,1238,167,1071
113,私立,一般大學,1028,臺北醫學大學,博士班,669,343,326
113,私立,一般大學,1028,臺北醫學大學,碩士班(日間),714,253,461
113,私立,一般大學,1028,臺北醫學大學,碩士在職專班,297,68,229
113,私立,一般大學,1028,臺北醫學大學,學士班(日間),4524,1864,2660
113,私立,一般大學,1029,中山醫學大學,學士班(日間),6208,2210,3998
113,私立,一般大學,1029,中山醫學大學,學士班(進修),106,37,69
113,私立,一般大學,1029,中山醫學大學,博士班,162,103,59
113,私立,一般大學,1029,中山醫學大學,碩士班(日間),523,167,356
113,私立,一般大學,1029,中山醫學大學,碩士在職專班,158,35,123
113,私立,技專校院,1030,龍華科技大學,二專(日間),47,28,19
113,私立,技專校院,1030,龍華科技大學,博士班,2,2,0
113,私立,技專校院,1030,龍華科技大學,碩士班(日間),326,228,98
113,私立,技專校院,1030,龍華科技大學,碩士在職專班,162,107,55
113,私立,技專校院,1030,龍華科技大學,學士班(日間),7852,5360,2492
113,私立,技專校院,1030,龍華科技大學,學士班(進修),2029,1549,480
113,私立,技專校院,1030,龍華科技大學,五專,922,845,77
113,私立,技專校院,1031,輔英科技大學,學士班(日間),4094,1387,2707
113,私立,技專校院,1031,輔英科技大學,學士班(進修),1315,394,921
113,私立,技專校院,1031,輔英科技大學,五專,2608,303,2305
113,私立,技專校院,1031,輔英科技大學,二專(日間),4,1,3
113,私立,技專校院,1031,輔英科技大學,碩士班(日間),179,45,134
113,私立,技專校院,1031,輔英科技大學,碩士在職專班,80,2,78
113,私立,技專校院,1032,明新學校財團法人明新科技大學,二專(日間),13,12,1
113,私立,技專校院,1032,明新學校財團法人明新科技大學,二專(進修),126,89,37
113,私立,技專校院,1032,明新學校財團法人明新科技大學,學士班(日間),6262,3698,2564
113,私立,技專校院,1032,明新學校財團法人明新科技大學,博士班,8,8,0
113,私立,技專校院,1032,明新學校財團法人明新科技大學,學士班(進修),2820,1731,1089
113,私立,技專校院,1032,明新學校財團法人明新科技大學,碩士班(日間),375,208,167
113,私立,技專校院,1032,明新學校財團法人明新科技大學,碩士在職專班,305,186,119
113,私立,一般大學,1033,長榮大學,學士班(日間),4241,2117,2124
113,私立,一般大學,1033,長榮大學,學士班(進修),180,141,39
113,私立,一般大學,1033,長榮大學,博士班,46,29,17
113,私立,一般大學,1033,長榮大學,碩士班(日間),208,74,134
113,私立,一般大學,1033,長榮大學,碩士在職專班,94,57,37
113,私立,技專校院,1034,弘光科技大學,二專(日間),41,17,24
113,私立,技專校院,1034,弘光科技大學,二專(進修),85,18,67
113,私立,技專校院,1034,弘光科技大學,學士班(日間),7325,2439,4886
113,私立,技專校院,1034,弘光科技大學,博士班,17,1,16
113,私立,技專校院,1034,弘光科技大學,學士班(進修),3327,1284,2043
113,私立,技專校院,1034,弘光科技大學,五專,264,22,242
113,私立,技專校院,1034,弘光科技大學,碩士班(日間),179,45,134
113,私立,技專校院,1034,弘光科技大學,碩士在職專班,82,25,57
113,私立,一般大學,1035,中國醫藥大學,學士班(日間),6440,2696,3744
113,私立,一般大學,1035,中國醫藥大學,博士班,442,245,197
113,私立,一般大學,1035,中國醫藥大學,碩士班(日間),525,154,371
113,私立,一般大學,1035,中國醫藥大學,碩士在職專班,85,25,60
113,私立,技專校院,1036,健行學校財團法人健行科技大學,學士班(進修),3319,2055,1264
113,私立,技專校院,1036,健行學校財團法人健行科技大學,碩士班(日間),324,173,151
113,私立,技專校院,1036,健行學校財團法人健行科技大學,碩士在職專班,34,18,16
113,私立,技專校院,1036,健行學校財團法人健行科技大學,學士班(日間),5100,3110,1990
113,私立,技專校院,1037,正修學校財團法人正修科技大學,學士班(日間),7477,4857,2620
113,私立,技專校院,1037,正修學校財團法人正修科技大學,學士班(進修),5900,3578,2322
113,私立,技專校院,1037,正修學校財團法人正修科技大學,博士班,21,19,2
113,私立,技專校院,1037,正修學校財團法人正修科技大學,二專(進修),602,376,226
113,私立,技專校院,1037,正修學校財團法人正修科技大學,五專,400,283,117
113,私立,技專校院,1037,正修學校財團法人正修科技大學,碩士班(日間),329,198,131
113,私立,技專校院,1037,正修學校財團法人正修科技大學,碩士在職專班,228,140,88
113,私立,技專校院,1038,萬能學校財團法人萬能科技大學,碩士班(日間),178,90,88
113,私立,技專校院,1038,萬能學校財團法人萬能科技大學,碩士在職專班,153,54,99
113,私立,技專校院,1038,萬能學校財團法人萬能科技大學,學士班(日間),5215,2921,2294
113,私立,技專校院,1038,萬能學校財團法人萬能科技大學,學士班(進修),2335,1356,979
113,私立,一般大學,1039,玄奘大學,學士班(進修),71,23,48
113,私立,一般大學,1039,玄奘大學,碩士在職專班,158,44,114
113,私立,一般大學,1039,玄奘大學,學士班(日間),896,357,539
113,私立,一般大學,1039,玄奘大學,碩士班(日間),262,96,166
113,私立,技專校院,1040,建國科技大學,碩士班(日間),82,43,39
113,私立,技專校院,1040,建國科技大學,二專(進修),50,35,15
113,私立,技專校院,1040,建國科技大學,學士班(日間),2027,1363,664
113,私立,技專校院,1040,建國科技大學,學士班(進修),1338,923,415
113,私立,技專校院,1041,明志科技大學,學士班(日間),3659,2555,1104
113,私立,技專校院,1041,明志科技大學,學士班(進修),70,68,2
113,私立,技專校院,1041,明志科技大學,博士班,85,64,21
113,私立,技專校院,1041,明志科技大學,碩士班(日間),548,413,135
113,私立,技專校院,1041,明志科技大學,碩士在職專班,21,19,2
113,私立,技專校院,1042,台鋼學校財團法人台鋼科技大學,二專(進修),32,16,16
113,私立,技專校院,1042,台鋼學校財團法人台鋼科技大學,學士班(日間),806,542,264
113,私立,技專校院,1042,台鋼學校財團法人台鋼科技大學,學士班(進修),339,268,71
113,私立,技專校院,1042,台鋼學校財團法人台鋼科技大學,碩士班(日間),27,18,9
113,私立,技專校院,1042,台鋼學校財團法人台鋼科技大學,碩士在職專班,36,32,4
113,私立,技專校院,1043,大仁科技大學,學士班(進修),1278,437,841
113,私立,技專校院,1043,大仁科技大學,五專,67,24,43
113,私立,技專校院,1043,大仁科技大學,碩士班(日間),66,28,38
113,私立,技專校院,1043,大仁科技大學,碩士在職專班,148,66,82
113,私立,技專校院,1043,大仁科技大學,二專(進修),53,20,33
113,私立,技專校院,1043,大仁科技大學,學士班(日間),2197,988,1209
113,私立,技專校院,1044,聖約翰科技大學,五專,15,14,1
113,私立,技專校院,1044,聖約翰科技大學,二專(進修),21,13,8
113,私立,技專校院,1044,聖約翰科技大學,學士班(日間),249,158,91
113,私立,技專校院,1044,聖約翰科技大學,學士班(進修),109,84,25
113,私立,技專校院,1044,聖約翰科技大學,碩士班(日間),16,13,3
113,私立,技專校院,1044,聖約翰科技大學,碩士在職專班,57,38,19
113,私立,技專校院,1045,嶺東科技大學,學士班(日間),5744,2297,3447
113,私立,技專校院,1045,嶺東科技大學,學士班(進修),2185,1109,1076
113,私立,技專校院,1045,嶺東科技大學,碩士班(日間),249,112,137
113,私立,技專校院,1045,嶺東科技大學,碩士在職專班,177,106,71
113,私立,技專校院,1046,中國科技大學,碩士班(日間),134,73,61
113,私立,技專校院,1046,中國科技大學,碩士在職專班,64,39,25
113,私立,技專校院,1046,中國科技大學,二專(進修),112,61,51
113,私立,技專校院,1046,中國科技大學,學士班(日間),4086,1934,2152
113,私立,技專校院,1046,中國科技大學,學士班(進修),1165,671,494
113,私立,技專校院,1047,中臺科技大學,學士班(進修),1874,477,1397
113,私立,技專校院,1047,中臺科技大學,博士班,10,7,3
113,私立,技專校院,1047,中臺科技大學,碩士在職專班,286,45,241
113,私立,技專校院,1047,中臺科技大學,學士班(日間),3747,1413,2334
113,私立,技專校院,1047,中臺科技大學,五專,42,7,35
113,私立,技專校院,1047,中臺科技大學,碩士班(日間),143,34,109
113,私立,一般大學,1048,亞洲大學,學士班(日間),9261,3277,5984
113,私立,一般大學,1048,亞洲大學,學士班(進修),328,158,170
113,私立,一般大學,1048,亞洲大學,碩士在職專班,350,137,213
113,私立,一般大學,1048,亞洲大學,博士班,213,128,85
113,私立,一般大學,1048,亞洲大學,碩士班(日間),624,228,396
113,私立,一般大學,1049,開南大學,學士班(日間),3097,1403,1694
113,私立,一般大學,1049,開南大學,學士班(進修),1067,559,508
113,私立,一般大學,1049,開南大學,碩士班(日間),192,78,114
113,私立,一般大學,1049,開南大學,碩士在職專班,347,187,160
113,私立,一般大學,1050,佛光大學,學士班(日間),1886,931,955
113,私立,一般大學,1050,佛光大學,博士班,75,24,51
113,私立,一般大學,1050,佛光大學,碩士班(日間),453,175,278
113,私立,一般大學,1050,佛光大學,碩士在職專班,111,59,52
113,私立,技專校院,1051,台南家專學校財團法人台南應用科技大學,學士班(進修),1366,459,907
113,私立,技專校院,1051,台南家專學校財團法人台南應用科技大學,五專,843,206,637
113,私立,技專校院,1051,台南家專學校財團法人台南應用科技大學,碩士班(日間),120,36,84
113,私立,技專校院,1051,台南家專學校財團法人台南應用科技大學,碩士在職專班,99,23,76
113,私立,技專校院,1051,台南家專學校財團法人台南應用科技大學,學士班(日間),6660,1949,4711
113,私立,技專校院,1052,中信金學校財團法人中信科技大學,學士班(進修),502,363,139
113,私立,技專校院,1052,中信金學校財團法人中信科技大學,碩士班(日間),221,122,99
113,私立,技專校院,1052,中信金學校財團法人中信科技大學,碩士在職專班,31,28,3
113,私立,技專校院,1052,中信金學校財團法人中信科技大學,二專(進修),100,63,37
113,私立,技專校院,1052,中信金學校財團法人中信科技大學,學士班(日間),920,706,214
113,私立,技專校院,1053,光宇學校財團法人元培醫事科技大學,博士班,2,2,0
113,私立,技專校院,1053,光宇學校財團法人元培醫事科技大學,碩士班(日間),186,65,121
113,私立,技專校院,1053,光宇學校財團法人元培醫事科技大學,碩士在職專班,34,7,27
113,私立,技專校院,1053,光宇學校財團法人元培醫事科技大學,學士班(日間),2392,972,1420
113,私立,技專校院,1053,光宇學校財團法人元培醫事科技大學,學士班(進修),957,356,601
113,私立,技專校院,1054,景文科技大學,學士班(進修),836,425,411
113,私立,技專校院,1054,景文科技大學,碩士班(日間),1,0,1
113,私立,技專校院,1054,景文科技大學,碩士在職專班,51,37,14
113,私立,技專校院,1054,景文科技大學,二專(進修),62,41,21
113,私立,技專校院,1054,景文科技大學,學士班(日間),3404,1498,1906
113,私立,技專校院,1055,中華醫事科技大學,五專,3251,724,2527
113,私立,技專校院,1055,中華醫事科技大學,碩士班(日間),87,47,40
113,私立,技專校院,1055,中華醫事科技大學,碩士在職專班,27,12,15
113,私立,技專校院,1055,中華醫事科技大學,二專(進修),69,38,31
113,私立,技專校院,1055,中華醫事科技大學,學士班(日間),2582,821,1761
113,私立,技專校院,1055,中華醫事科技大學,學士班(進修),952,326,626
113,私立,技專校院,1056,東南科技大學,碩士班(日間),154,86,68
113,私立,技專校院,1056,東南科技大學,碩士在職專班,65,53,12
113,私立,技專校院,1056,東南科技大學,學士班(日間),2898,1766,1132
113,私立,技專校院,1056,東南科技大學,學士班(進修),439,304,135
113,私立,技專校院,1057,德明財經科技大學,學士班(進修),355,184,171
113,私立,技專校院,1057,德明財經科技大學,碩士班(日間),46,15,31
113,私立,技專校院,1057,德明財經科技大學,碩士在職專班,29,10,19
113,私立,技專校院,1057,德明財經科技大學,學士班(日間),4656,2029,2627
113,私立,技專校院,1060,南開科技大學,碩士班(日間),64,30,34
113,私立,技專校院,1060,南開科技大學,碩士在職專班,46,16,30
113,私立,技專校院,1060,南開科技大學,二專(進修),45,27,18
113,私立,技專校院,1060,南開科技大學,學士班(日間),1322,831,491
113,私立,技專校院,1060,南開科技大學,學士班(進修),750,500,250
113,私立,技專校院,1060,南開科技大學,五專,211,187,24
113,私立,技專校院,1061,中華學校財團法人中華科技大學,二專(進修),99,53,46
113,私立,技專校院,1061,中華學校財團法人中華科技大學,學士班(日間),1368,875,493
113,私立,技專校院,1061,中華學校財團法人中華科技大學,學士班(進修),1094,771,323
113,私立,技專校院,1061,中華學校財團法人中華科技大學,五專,44,34,10
113,私立,技專校院,1061,中華學校財團法人中華科技大學,碩士班(日間),183,118,65
113,私立,技專校院,1061,中華學校財團法人中華科技大學,碩士在職專班,78,56,22
113,私立,技專校院,1062,僑光科技大學,學士班(日間),4793,2315,2478
113,私立,技專校院,1062,僑光科技大學,學士班(進修),3048,1932,1116
113,私立,技專校院,1062,僑光科技大學,碩士班(日間),65,35,30
113,私立,技專校院,1062,僑光科技大學,碩士在職專班,89,50,39
113,私立,技專校院,1063,廣亞學校財團法人育達科技大學,學士班(日間),1589,772,817
113,私立,技專校院,1063,廣亞學校財團法人育達科技大學,學士班(進修),1529,631,898
113,私立,技專校院,1063,廣亞學校財團法人育達科技大學,碩士班(日間),117,56,61
113,私立,技專校院,1063,廣亞學校財團法人育達科技大學,碩士在職專班,151,78,73
113,私立,技專校院,1064,美和學校財團法人美和科技大學,二專(進修),80,53,27
113,私立,技專校院,1064,美和學校財團法人美和科技大學,學士班(進修),1270,328,942
113,私立,技專校院,1064,美和學校財團法人美和科技大學,碩士班(日間),175,57,118
113,私立,技專校院,1064,美和學校財團法人美和科技大學,學士班(日間),1321,567,754
113,私立,技專校院,1064,美和學校財團法人美和科技大學,五專,1490,214,1276
113,私立,技專校院,1064,美和學校財團法人美和科技大學,碩士在職專班,124,34,90
113,私立,技專校院,1065,吳鳳科技大學,學士班(進修),1252,730,522
113,私立,技專校院,1065,吳鳳科技大學,碩士班(日間),37,20,17
113,私立,技專校院,1065,吳鳳科技大學,碩士在職專班,64,34,30
113,私立,技專校院,1065,吳鳳科技大學,二專(進修),181,81,100
113,私立,技專校院,1065,吳鳳科技大學,學士班(日間),2399,1488,911
113,私立,技專校院,1069,修平學校財團法人修平科技大學,碩士班(日間),89,53,36
113,私立,技專校院,1069,修平學校財團法人修平科技大學,碩士在職專班,40,31,9
113,私立,技專校院,1069,修平學校財團法人修平科技大學,二專(進修),2,2,0
113,私立,技專校院,1069,修平學校財團法人修平科技大學,學士班(日間),1952,1264,688
113,私立,技專校院,1069,修平學校財團法人修平科技大學,學士班(進修),1275,994,281
113,私立,技專校院,1070,長庚學校財團法人長庚科技大學,碩士班(日間),102,14,88
113,私立,技專校院,1070,長庚學校財團法人長庚科技大學,學士班(日間),4632,604,4028
113,私立,技專校院,1070,長庚學校財團法人長庚科技大學,學士班(進修),1102,89,1013
113,私立,技專校院,1070,長庚學校財團法人長庚科技大學,碩士在職專班,152,7,145
113,私立,技專校院,1071,城市學校財團法人臺北城市科技大學,碩士班(日間),90,62,28
113,私立,技專校院,1071,城市學校財團法人臺北城市科技大學,二專(日間),9,8,1
113,私立,技專校院,1071,城市學校財團法人臺北城市科技大學,二專(進修),309,156,153
113,私立,技專校院,1071,城市學校財團法人臺北城市科技大學,學士班(日間),6638,3841,2797
113,私立,技專校院,1071,城市學校財團法人臺北城市科技大學,學士班(進修),1021,693,328
113,私立,技專校院,1071,城市學校財團法人臺北城市科技大學,五專,711,446,265
113,私立,技專校院,1072,大華學校財團法人敏實科技大學,五專,80,34,46
113,私立,技專校院,1072,大華學校財團法人敏實科技大學,學士班(日間),795,475,320
113,私立,技專校院,1072,大華學校財團法人敏實科技大學,學士班(進修),196,146,50
113,私立,技專校院,1073,醒吾學校財團法人醒吾科技大學,二專(進修),34,19,15
113,私立,技專校院,1073,醒吾學校財團法人醒吾科技大學,學士班(日間),4642,1811,2831
113,私立,技專校院,1073,醒吾學校財團法人醒吾科技大學,五專,88,31,57
113,私立,技專校院,1073,醒吾學校財團法人醒吾科技大學,碩士班(日間),41,17,24
113,私立,技專校院,1073,醒吾學校財團法人醒吾科技大學,碩士在職專班,46,18,28
113,私立,技專校院,1073,醒吾學校財團法人醒吾科技大學,學士班(進修),783,352,431
113,私立,技專校院,1075,文藻學校財團法人文藻外語大學,學士班(日間),3794,1104,2690
113,私立,技專校院,1075,文藻學校財團法人文藻外語大學,學士班(進修),756,284,472
113,私立,技專校院,1075,文藻學校財團法人文藻外語大學,五專,2026,365,1661
113,私立,技專校院,1075,文藻學校財團法人文藻外語大學,碩士在職專班,52,15,37
113,私立,技專校院,1075,文藻學校財團法人文藻外語大學,碩士班(日間),221,66,155
113,私立,技專校院,1076,華夏學校財團法人華夏科技大學,二專(進修),1,1,0
113,私立,技專校院,1076,華夏學校財團法人華夏科技大學,學士班(日間),333,231,102
113,私立,技專校院,1076,華夏學校財團法人華夏科技大學,五專,239,187,52
113,私立,技專校院,1076,華夏學校財團法人華夏科技大學,學士班(進修),222,129,93
113,私立,技專校院,1076,華夏學校財團法人華夏科技大學,碩士班(日間),10,8,2
113,私立,技專校院,1076,華夏學校財團法人華夏科技大學,碩士在職專班,17,12,5
113,私立,技專校院,1078,致理學校財團法人致理科技大學,學士班(日間),6553,2255,4298
113,私立,技專校院,1078,致理學校財團法人致理科技大學,學士班(進修),2617,1157,1460
113,私立,技專校院,1078,致理學校財團法人致理科技大學,五專,1554,383,1171
113,私立,技專校院,1078,致理學校財團法人致理科技大學,碩士班(日間),78,16,62
113,私立,技專校院,1078,致理學校財團法人致理科技大學,碩士在職專班,55,16,39
113,私立,一般大學,1079,康寧學校財團法人康寧大學,二專(進修),207,56,151
113,私立,一般大學,1079,康寧學校財團法人康寧大學,學士班(日間),137,37,100
113,私立,一般大學,1079,康寧學校財團法人康寧大學,學士班(進修),195,23,172
113,私立,一般大學,1079,康寧學校財團法人康寧大學,五專,2698,645,2053
113,私立,一般大學,1079,康寧學校財團法人康寧大學,碩士在職專班,2,2,0
113,私立,技專校院,1080,宏國學校財團法人宏國德霖科技大學,學士班(日間),1766,986,780
113,私立,技專校院,1080,宏國學校財團法人宏國德霖科技大學,五專,1031,635,396
113,私立,技專校院,1080,宏國學校財團法人宏國德霖科技大學,學士班(進修),1461,885,576
113,私立,技專校院,1080,宏國學校財團法人宏國德霖科技大學,碩士班(日間),34,17,17
113,私立,技專校院,1082,崇右學校財團法人崇右影藝科技大學,碩士班(日間),24,12,12
113,私立,技專校院,1082,崇右學校財團法人崇右影藝科技大學,學士班(日間),1090,489,601
113,私立,技專校院,1083,台北海洋學校財團法人台北海洋科技大學,五專,533,343,190
113,私立,技專校院,1083,台北海洋學校財團法人台北海洋科技大學,碩士班(日間),108,53,55
113,私立,技專校院,1083,台北海洋學校財團法人台北海洋科技大學,二專(進修),102,96,6
113,私立,技專校院,1083,台北海洋學校財團法人台北海洋科技大學,學士班(日間),1945,1140,805
113,私立,技專校院,1083,台北海洋學校財團法人台北海洋科技大學,學士班(進修),933,426,507
113,私立,技專校院,1084,亞東學校財團法人亞東科技大學,學士班(日間),3760,2546,1214
113,私立,技專校院,1084,亞東學校財團法人亞東科技大學,學士班(進修),129,14,115
113,私立,技專校院,1084,亞東學校財團法人亞東科技大學,碩士班(日間),61,43,18
113,私立,一般大學,1125,中信學校財團法人中信金融管理學院,學士班(日間),731,399,332
113,私立,一般大學,1125,中信學校財團法人中信金融管理學院,博士班,3,1,2
113,私立,一般大學,1125,中信學校財團法人中信金融管理學院,碩士班(日間),134,73,61
113,私立,一般大學,1125,中信學校財團法人中信金融管理學院,碩士在職專班,49,20,29
113,私立,技專校院,1148,大漢技術學院,學士班(進修),201,116,85
113,私立,技專校院,1148,大漢技術學院,碩士班(日間),40,23,17
113,私立,技專校院,1148,大漢技術學院,二專(進修),14,5,9
113,私立,技專校院,1148,大漢技術學院,學士班(日間),55,37,18
113,私立,技專校院,1168,南亞科技學校財團法人南亞技術學院,二專(進修),89,2,87
113,私立,技專校院,1168,南亞科技學校財團法人南亞技術學院,學士班(日間),739,527,212
113,私立,技專校院,1168,南亞科技學校財團法人南亞技術學院,學士班(進修),955,240,715
113,私立,技專校院,1168,南亞科技學校財團法人南亞技術學院,五專,41,25,16
113,私立,技專校院,1183,黎明技術學院,五專,302,238,64
113,私立,技專校院,1183,黎明技術學院,碩士班(日間),24,9,15
113,私立,技專校院,1183,黎明技術學院,學士班(日間),3253,1700,1553
113,私立,技專校院,1183,黎明技術學院,學士班(進修),1345,904,441
113,私立,技專校院,1185,德育學校財團法人德育護理健康學院,學士班(進修),669,111,558
113,私立,技專校院,1185,德育學校財團法人德育護理健康學院,碩士班(日間),37,6,31
113,私立,技專校院,1185,德育學校財團法人德育護理健康學院,二專(進修),153,30,123
113,私立,技專校院,1185,德育學校財團法人德育護理健康學院,學士班(日間),1352,494,858
113,私立,技專校院,1185,德育學校財團法人德育護理健康學院,五專,896,213,683
113,私立,技專校院,1185,德育學校財團法人德育護理健康學院,碩士在職專班,60,17,43
113,私立,一般大學,1195,馬偕學校財團法人馬偕醫學院,博士班,13,10,3
113,私立,一般大學,1195,馬偕學校財團法人馬偕醫學院,碩士班(日間),69,16,53
113,私立,一般大學,1195,馬偕學校財團法人馬偕醫學院,碩士在職專班,33,7,26
113,私立,一般大學,1195,馬偕學校財團法人馬偕醫學院,學士班(日間),814,295,519
113,私立,一般大學,1195,馬偕學校財團法人馬偕醫學院,學士班(進修),57,4,53
113,私立,一般大學,1196,法鼓學校財團法人法鼓文理學院,學士班(進修),35,5,30
113,私立,一般大學,1196,法鼓學校財團法人法鼓文理學院,博士班,29,14,15
113,私立,一般大學,1196,法鼓學校財團法人法鼓文理學院,碩士在職專班,32,9,23
113,私立,一般大學,1196,法鼓學校財團法人法鼓文理學院,學士班(日間),51,24,27
113,私立,一般大學,1196,法鼓學校財團法人法鼓文理學院,碩士班(日間),243,63,180
113,私立,技專校院,1282,馬偕學校財團法人馬偕醫護管理專科學校,五專,3938,605,3333
113,私立,技專校院,1282,馬偕學校財團法人馬偕醫護管理專科學校,二專(進修),108,55,53
113,私立,技專校院,1283,仁德醫護管理專科學校,二專(進修),401,198,203
113,私立,技專校院,1283,仁德醫護管理專科學校,五專,5057,1141,3916
113,私立,技專校院,1284,樹人醫護管理專科學校,二專(進修),544,276,268
113,私立,技專校院,1284,樹人醫護管理專科學校,五專,6669,1384,5285
113,私立,技專校院,1285,慈惠醫護管理專科學校,二專(進修),146,64,82
113,私立,技專校院,1285,慈惠醫護管理專科學校,二專(日間),53,7,46
113,私立,技專校院,1285,慈惠醫護管理專科學校,五專,1599,349,1250
113,私立,技專校院,1286,耕莘健康管理專科學校,二專(進修),157,16,141
113,私立,技專校院,1286,耕莘健康管理專科學校,五專,3774,404,3370
113,私立,技專校院,1287,敏惠醫護管理專科學校,二專(進修),97,27,70
113,私立,技專校院,1287,敏惠醫護管理專科學校,五專,3209,446,2763
113,私立,技專校院,1289,育英醫護管理專科學校,五專,1704,169,1535
113,私立,技專校院,1291,聖母醫護管理專科學校,二專(進修),121,36,85
113,私立,技專校院,1291,聖母醫護管理專科學校,五專,1295,210,1085
113,私立,技專校院,1292,新生醫護管理專科學校,五專,5878,763,5115
113,私立,技專校院,1292,新生醫護管理專科學校,二專(進修),83,10,73
113,私立,技專校院,1293,崇仁醫護管理專科學校,五專,2957,469,2488
113,私立,宗教研修學院,1R02,學校財團法人中華浸信會基督教台灣浸會神學院,碩士班(日間),47,31,16
113,私立,宗教研修學院,1R02,學校財團法人中華浸信會基督教台灣浸會神學院,碩士在職專班,13,6,7
113,私立,宗教研修學院,1R03,臺北基督學院,學士班(日間),28,15,13
113,私立,宗教研修學院,1R04,財團法人一貫道天皇基金會一貫道天皇學院,學士班(日間),7,2,5
113,私立,宗教研修學院,1R04,財團法人一貫道天皇基金會一貫道天皇學院,碩士班(日間),6,4,2
113,私立,宗教研修學院,1R04,財團法人一貫道天皇基金會一貫道天皇學院,碩士在職專班,30,10,20
113,私立,宗教研修學院,1R05,台神學校財團法人台灣神學研究學院,碩士班(日間),101,32,69
113,私立,宗教研修學院,1R05,台神學校財團法人台灣神學研究學院,碩士在職專班,11,3,8
113,私立,宗教研修學院,1R06,一貫道崇德學院,碩士班(日間),66,26,40
113,私立,宗教研修學院,1R07,台灣基督長老教會南神神學院,碩士班(日間),53,20,33
113,私立,宗教研修學院,1R08,中華福音神學研究學院,碩士班(日間),54,34,20
113,私立,宗教研修學院,1R09,唯心聖教學院,碩士班(日間),81,43,38
113,公立,一般大學,3002,臺北市立大學,學士班(日間),5251,2272,2979
113,公立,一般大學,3002,臺北市立大學,博士班,204,95,109
113,公立,一般大學,3002,臺北市立大學,碩士班(日間),1358,400,958
113,公立,一般大學,3002,臺北市立大學,碩士在職專班,1286,370,916
114,公立,一般大學,0001,國立政治大學,碩士班(日間),4241,1863,2378
114,公立,一般大學,0001,國立政治大學,碩士在職專班,1915,966,949
114,公立,一般大學,0001,國立政治大學,學士班(日間),9752,3899,5853
114,公立,一般大學,0001,國立政治大學,博士班,876,488,388
114,公立,一般大學,0002,國立清華大學,博士班,1681,1139,542
114,公立,一般大學,0002,國立清華大學,碩士班(日間),5928,3576,2352
114,公立,一般大學,0002,國立清華大學,學士班(日間),9399,5085,4314
114,公立,一般大學,0002,國立清華大學,碩士在職專班,1385,499,886
114,公立,一般大學,0003,國立臺灣大學,學士班(日間),17568,9790,7778
114,公立,一般大學,0003,國立臺灣大學,博士班,3890,2569,1321
114,公立,一般大學,0003,國立臺灣大學,碩士班(日間),11814,7015,4799
114,公立,一般大學,0003,國立臺灣大學,碩士在職專班,1669,970,699
114,公立,一般大學,0004,國立臺灣師範大學,學士班(日間),8674,3903,4771
114,公立,一般大學,0004,國立臺灣師範大學,博士班,1334,629,705
114,公立,一般大學,0004,國立臺灣師範大學,碩士班(日間),4493,1880,2613
114,公立,一般大學,0004,國立臺灣師範大學,碩士在職專班,2307,716,1591
114,公立,一般大學,0005,國立成功大學,學士班(日間),12253,7445,4808
114,公立,一般大學,0005,國立成功大學,博士班,1936,1263,673
114,公立,一般大學,0005,國立成功大學,碩士班(日間),7634,4900,2734
114,公立,一般大學,0005,國立成功大學,碩士在職專班,1662,941,721
114,公立,一般大學,0006,國立中興大學,學士班(進修),741,311,430
114,公立,一般大學,0006,國立中興大學,碩士班(日間),4086,2393,1693
114,公立,一般大學,0006,國立中興大學,碩士在職專班,1789,1116,673
114,公立,一般大學,0006,國立中興大學,學士班(日間),8208,4588,3620
114,公立,一般大學,0006,國立中興大學,博士班,1075,693,382
114,公立,一般大學,0007,國立陽明交通大學,博士班,2721,1797,924
114,公立,一般大學,0007,國立陽明交通大學,碩士班(日間),8874,5585,3289
114,公立,一般大學,0007,國立陽明交通大學,碩士在職專班,2012,1241,771
114,公立,一般大學,0007,國立陽明交通大學,學士班(日間),8914,5696,3218
114,公立,一般大學,0008,國立中央大學,博士班,923,629,294
114,公立,一般大學,0008,國立中央大學,碩士班(日間),3996,2583,1413
114,公立,一般大學,0008,國立中央大學,學士班(日間),6214,3834,2380
114,公立,一般大學,0008,國立中央大學,碩士在職專班,1453,902,551
114,公立,一般大學,0009,國立中山大學,碩士班(日間),4103,2518,1585
114,公立,一般大學,0009,國立中山大學,碩士在職專班,964,484,480
114,公立,一般大學,0009,國立中山大學,學士班(日間),5209,3118,2091
114,公立,一般大學,0009,國立中山大學,博士班,928,581,347
114,公立,一般大學,0012,國立臺灣海洋大學,博士班,356,238,118
114,公立,一般大學,0012,國立臺灣海洋大學,碩士班(日間),1596,1047,549
114,公立,一般大學,0012,國立臺灣海洋大學,碩士在職專班,614,326,288
114,公立,一般大學,0012,國立臺灣海洋大學,學士班(日間),6029,4025,2004
114,公立,一般大學,0012,國立臺灣海洋大學,學士班(進修),474,336,138
114,公立,一般大學,0013,國立中正大學,碩士班(日間),2951,1730,1221
114,公立,一般大學,0013,國立中正大學,碩士在職專班,1420,614,806
114,公立,一般大學,0013,國立中正大學,學士班(日間),6451,3428,3023
114,公立,一般大學,0013,國立中正大學,博士班,575,369,206
114,公立,一般大學,0014,國立高雄師範大學,博士班,442,212,230
114,公立,一般大學,0014,國立高雄師範大學,碩士班(日間),1566,577,989
114,公立,一般大學,0014,國立高雄師範大學,碩士在職專班,1429,507,922
114,公立,一般大學,0014,國立高雄師範大學,學士班(日間),3873,1843,2030
114,公立,一般大學,0015,國立彰化師範大學,博士班,452,258,194
114,公立,一般大學,0015,國立彰化師範大學,碩士班(日間),1792,918,874
114,公立,一般大學,0015,國立彰化師範大學,碩士在職專班,1297,503,794
114,公立,一般大學,0015,國立彰化師範大學,學士班(日間),5194,2772,2422
114,公立,一般大學,0017,國立臺北大學,學士班(日間),6117,2728,3389
114,公立,一般大學,0017,國立臺北大學,學士班(進修),1577,689,888
114,公立,一般大學,0017,國立臺北大學,博士班,215,145,70
114,公立,一般大學,0017,國立臺北大學,碩士班(日間),1514,765,749
114,公立,一般大學,0017,國立臺北大學,碩士在職專班,616,284,332
114,公立,一般大學,0018,國立嘉義大學,學士班(日間),7440,3745,3695
114,公立,一般大學,0018,國立嘉義大學,碩士在職專班,926,348,578
114,公立,一般大學,0018,國立嘉義大學,學士班(進修),1410,899,511
114,公立,一般大學,0018,國立嘉義大學,博士班,184,110,74
114,公立,一般大學,0018,國立嘉義大學,碩士班(日間),1143,531,612
114,公立,一般大學,0019,國立高雄大學,學士班(日間),4634,2648,1986
114,公立,一般大學,0019,國立高雄大學,博士班,27,22,5
114,公立,一般大學,0019,國立高雄大學,學士班(進修),135,81,54
114,公立,一般大學,0019,國立高雄大學,碩士班(日間),678,414,264
114,公立,一般大學,0019,國立高雄大學,碩士在職專班,581,334,247
114,公立,一般大學,0020,國立東華大學,學士班(日間),7672,3880,3792
114,公立,一般大學,0020,國立東華大學,博士班,409,218,191
114,公立,一般大學,0020,國立東華大學,碩士班(日間),1439,712,727
114,公立,一般大學,0020,國立東華大學,碩士在職專班,515,176,339
114,公立,一般大學,0021,國立暨南國際大學,碩士班(日間),887,405,482
114,公立,一般大學,0021,國立暨南國際大學,碩士在職專班,433,140,293
114,公立,一般大學,0021,國立暨南國際大學,學士班(日間),4834,2362,2472
114,公立,一般大學,0021,國立暨南國際大學,博士班,358,179,179
114,公立,技專校院,0022,國立臺灣科技大學,博士班,1062,726,336
114,公立,技專校院,0022,國立臺灣科技大學,碩士班(日間),4451,3012,1439
114,公立,技專校院,0022,國立臺灣科技大學,碩士在職專班,829,516,313
114,公立,技專校院,0022,國立臺灣科技大學,學士班(日間),5838,3969,1869
114,公立,技專校院,0023,國立雲林科技大學,碩士班(日間),2312,1481,831
114,公立,技專校院,0023,國立雲林科技大學,碩士在職專班,683,401,282
114,公立,技專校院,0023,國立雲林科技大學,學士班(日間),6796,4090,2706
114,公立,技專校院,0023,國立雲林科技大學,學士班(進修),228,116,112
114,公立,技專校院,0023,國立雲林科技大學,博士班,431,260,171
114,公立,技專校院,0024,國立屏東科技大學,學士班(進修),954,701,253
114,公立,技專校院,0024,國立屏東科技大學,碩士班(日間),1063,595,468
114,公立,技專校院,0024,國立屏東科技大學,碩士在職專班,230,134,96
114,公立,技專校院,0024,國立屏東科技大學,學士班(日間),7206,4049,3157
114,公立,技專校院,0024,國立屏東科技大學,博士班,254,169,85
114,公立,技專校院,0025,國立臺北科技大學,學士班(日間),6389,4260,2129
114,公立,技專校院,0025,國立臺北科技大學,學士班(進修),731,632,99
114,公立,技專校院,0025,國立臺北科技大學,博士班,779,555,224
114,公立,技專校院,0025,國立臺北科技大學,附設進院,5,5,0
114,公立,技專校院,0025,國立臺北科技大學,五專,160,133,27
114,公立,技專校院,0025,國立臺北科技大學,碩士班(日間),3602,2532,1070
114,公立,技專校院,0025,國立臺北科技大學,碩士在職專班,1610,1104,506
114,公立,一般大學,0028,國立臺北藝術大學,博士班,137,61,76
114,公立,一般大學,0028,國立臺北藝術大學,碩士班(日間),999,381,618
114,公立,一般大學,0028,國立臺北藝術大學,碩士在職專班,194,55,139
114,公立,一般大學,0028,國立臺北藝術大學,學士班(日間),1769,620,1149
114,公立,一般大學,0028,國立臺北藝術大學,七年一貫,81,36,45
114,公立,一般大學,0029,國立臺灣藝術大學,學士班(日間),2456,694,1762
114,公立,一般大學,0029,國立臺灣藝術大學,學士班(進修),1775,542,1233
114,公立,一般大學,0029,國立臺灣藝術大學,博士班,144,66,78
114,公立,一般大學,0029,國立臺灣藝術大學,碩士班(日間),776,282,494
114,公立,一般大學,0029,國立臺灣藝術大學,碩士在職專班,372,141,231
114,公立,一般大學,0030,國立臺東大學,學士班(日間),3490,1838,1652
114,公立,一般大學,0030,國立臺東大學,博士班,60,20,40
114,公立,一般大學,0030,國立臺東大學,學士班(進修),324,122,202
114,公立,一般大學,0030,國立臺東大學,碩士班(日間),336,140,196
114,公立,一般大學,0030,國立臺東大學,碩士在職專班,710,163,547
114,公立,一般大學,0031,國立宜蘭大學,學士班(日間),4256,2740,1516
114,公立,一般大學,0031,國立宜蘭大學,學士班(進修),341,222,119
114,公立,一般大學,0031,國立宜蘭大學,博士班,13,7,6
114,公立,一般大學,0031,國立宜蘭大學,碩士班(日間),546,361,185
114,公立,一般大學,0031,國立宜蘭大學,碩士在職專班,162,113,49
114,公立,一般大學,0032,國立聯合大學,學士班(日間),5922,4175,1747
114,公立,一般大學,0032,國立聯合大學,學士班(進修),909,705,204
114,公立,一般大學,0032,國立聯合大學,博士班,29,23,6
114,公立,一般大學,0032,國立聯合大學,碩士班(日間),498,351,147
114,公立,一般大學,0032,國立聯合大學,碩士在職專班,60,34,26
114,公立,技專校院,0033,國立虎尾科技大學,二專(日間),74,71,3
114,公立,技專校院,0033,國立虎尾科技大學,五專,406,350,56
114,公立,技專校院,0033,國立虎尾科技大學,碩士班(日間),1343,1102,241
114,公立,技專校院,0033,國立虎尾科技大學,碩士在職專班,187,117,70
114,公立,技專校院,0033,國立虎尾科技大學,學士班(日間),7799,5997,1802
114,公立,技專校院,0033,國立虎尾科技大學,學士班(進修),2120,1701,419
114,公立,技專校院,0033,國立虎尾科技大學,博士班,74,58,16
114,公立,一般大學,0035,國立臺南藝術大學,博士班,83,34,49
114,公立,一般大學,0035,國立臺南藝術大學,碩士班(日間),565,191,374
114,公立,一般大學,0035,國立臺南藝術大學,碩士在職專班,51,9,42
114,公立,一般大學,0035,國立臺南藝術大學,學士班(日間),780,299,481
114,公立,一般大學,0035,國立臺南藝術大學,七年一貫,159,69,90
114,公立,一般大學,0036,國立臺南大學,學士班(日間),3989,1755,2234
114,公立,一般大學,0036,國立臺南大學,學士班(進修),151,99,52
114,公立,一般大學,0036,國立臺南大學,博士班,151,50,101
114,公立,一般大學,0036,國立臺南大學,碩士班(日間),1062,435,627
114,公立,一般大學,0036,國立臺南大學,碩士在職專班,623,197,426
114,公立,一般大學,0037,國立臺北教育大學,碩士班(日間),1453,418,1035
114,公立,一般大學,0037,國立臺北教育大學,碩士在職專班,1140,280,860
114,公立,一般大學,0037,國立臺北教育大學,學士班(日間),3287,1071,2216
114,公立,一般大學,0037,國立臺北教育大學,博士班,157,62,95
114,公立,一般大學,0039,國立臺中教育大學,學士班(日間),3294,1124,2170
114,公立,一般大學,0039,國立臺中教育大學,博士班,108,37,71
114,公立,一般大學,0039,國立臺中教育大學,碩士班(日間),980,289,691
114,公立,一般大學,0039,國立臺中教育大學,碩士在職專班,796,195,601
114,公立,技專校院,0042,國立澎湖科技大學,學士班(進修),168,91,77
114,公立,技專校院,0042,國立澎湖科技大學,碩士班(日間),65,34,31
114,公立,技專校院,0042,國立澎湖科技大學,碩士在職專班,37,22,15
114,公立,技專校院,0042,國立澎湖科技大學,學士班(日間),1833,1150,683
114,公立,技專校院,0042,國立澎湖科技大學,五專,99,94,5
114,公立,技專校院,0043,國立勤益科技大學,學士班(進修),3798,3247,551
114,公立,技專校院,0043,國立勤益科技大學,碩士班(日間),744,538,206
114,公立,技專校院,0043,國立勤益科技大學,碩士在職專班,273,224,49
114,公立,技專校院,0043,國立勤益科技大學,二專(進修),197,147,50
114,公立,技專校院,0043,國立勤益科技大學,學士班(日間),7590,5307,2283
114,公立,技專校院,0043,國立勤益科技大學,博士班,65,55,10
114,公立,一般大學,0044,國立體育大學,博士班,125,84,41
114,公立,一般大學,0044,國立體育大學,碩士班(日間),345,184,161
114,公立,一般大學,0044,國立體育大學,碩士在職專班,237,132,105
114,公立,一般大學,0044,國立體育大學,學士班(日間),1961,1168,793
114,公立,一般大學,0044,國立體育大學,學士班(進修),92,57,35
114,公立,技專校院,0046,國立臺北護理健康大學,學士班(日間),3809,827,2982
114,公立,技專校院,0046,國立臺北護理健康大學,碩士在職專班,198,30,168
114,公立,技專校院,0046,國立臺北護理健康大學,學士班(進修),597,55,542
114,公立,技專校院,0046,國立臺北護理健康大學,博士班,82,11,71
114,公立,技專校院,0046,國立臺北護理健康大學,碩士班(日間),552,109,443
114,公立,技專校院,0047,國立高雄餐旅大學,五專,252,94,158
114,公立,技專校院,0047,國立高雄餐旅大學,碩士班(日間),149,73,76
114,公立,技專校院,0047,國立高雄餐旅大學,碩士在職專班,28,15,13
114,公立,技專校院,0047,國立高雄餐旅大學,學士班(日間),2745,966,1779
114,公立,技專校院,0047,國立高雄餐旅大學,學士班(進修),759,297,462
114,公立,技專校院,0047,國立高雄餐旅大學,博士班,39,23,16
114,公立,一般大學,0048,國立金門大學,學士班(日間),2694,1451,1243
114,公立,一般大學,0048,國立金門大學,學士班(進修),594,325,269
114,公立,一般大學,0048,國立金門大學,博士班,15,9,6
114,公立,一般大學,0048,國立金門大學,碩士在職專班,123,76,47
114,公立,一般大學,0048,國立金門大學,碩士班(日間),234,128,106
114,公立,一般大學,0049,國立臺灣體育運動大學,學士班(日間),2321,1401,920
114,公立,一般大學,0049,國立臺灣體育運動大學,學士班(進修),298,214,84
114,公立,一般大學,0049,國立臺灣體育運動大學,博士班,21,12,9
114,公立,一般大學,0049,國立臺灣體育運動大學,碩士班(日間),270,151,119
114,公立,一般大學,0049,國立臺灣體育運動大學,碩士在職專班,138,80,58
114,公立,技專校院,0050,國立臺中科技大學,二專(進修),433,161,272
114,公立,技專校院,0050,國立臺中科技大學,學士班(日間),7284,2452,4832
114,公立,技專校院,0050,國立臺中科技大學,學士班(進修),3487,1232,2255
114,公立,技專校院,0050,國立臺中科技大學,博士班,13,7,6
114,公立,技專校院,0050,國立臺中科技大學,碩士班(日間),417,158,259
114,公立,技專校院,0050,國立臺中科技大學,五專,3696,1149,2547
114,公立,技專校院,0050,國立臺中科技大學,碩士在職專班,327,137,190
114,公立,技專校院,0051,國立臺北商業大學,學士班(進修),1542,567,975
114,公立,技專校院,0051,國立臺北商業大學,碩士班(日間),368,134,234
114,公立,技專校院,0051,國立臺北商業大學,碩士在職專班,157,53,104
114,公立,技專校院,0051,國立臺北商業大學,二專(進修),67,27,40
114,公立,技專校院,0051,國立臺北商業大學,學士班(日間),2935,961,1974
114,公立,技專校院,0051,國立臺北商業大學,五專,1764,528,1236
114,公立,技專校院,0051,國立臺北商業大學,博士班,13,11,2
114,公立,一般大學,0052,國立屏東大學,學士班(日間),6587,2981,3606
114,公立,一般大學,0052,國立屏東大學,學士班(進修),411,222,189
114,公立,一般大學,0052,國立屏東大學,博士班,55,26,29
114,公立,一般大學,0052,國立屏東大學,碩士班(日間),956,361,595
114,公立,一般大學,0052,國立屏東大學,碩士在職專班,688,204,484
114,公立,技專校院,0053,國立高雄科技大學,學士班(進修),3231,2172,1059
114,公立,技專校院,0053,國立高雄科技大學,博士班,554,400,154
114,公立,技專校院,0053,國立高雄科技大學,碩士班(日間),2658,1837,821
114,公立,技專校院,0053,國立高雄科技大學,碩士在職專班,1981,1267,714
114,公立,技專校院,0053,國立高雄科技大學,學士班(日間),17699,11025,6674
114,公立,技專校院,0053,國立高雄科技大學,附設進院,5,3,2
114,公立,技專校院,0053,國立高雄科技大學,五專,809,677,132
114,公立,技專校院,0144,國立臺灣戲曲學院,學士班(日間),410,157,253
114,公立,技專校院,0221,國立臺南護理專科學校,二專(日間),44,1,43
114,公立,技專校院,0221,國立臺南護理專科學校,二專(進修),40,15,25
114,公立,技專校院,0221,國立臺南護理專科學校,五專,1908,205,1703
114,公立,技專校院,0222,國立臺東專科學校,二專(日間),248,185,63
114,公立,技專校院,0222,國立臺東專科學校,二專(進修),72,38,34
114,公立,技專校院,0222,國立臺東專科學校,五專,151,69,82
114,私立,一般大學,1001,東海大學,學士班(日間),13013,6004,7009
114,私立,一般大學,1001,東海大學,學士班(進修),201,89,112
114,私立,一般大學,1001,東海大學,博士班,232,131,101
114,私立,一般大學,1001,東海大學,碩士班(日間),1400,701,699
114,私立,一般大學,1001,東海大學,碩士在職專班,792,352,440
114,私立,一般大學,1002,輔仁大學,學士班(日間),18315,7530,10785
114,私立,一般大學,1002,輔仁大學,學士班(進修),3353,1463,1890
114,私立,一般大學,1002,輔仁大學,碩士在職專班,1495,570,925
114,私立,一般大學,1002,輔仁大學,博士班,423,237,186
114,私立,一般大學,1002,輔仁大學,碩士班(日間),1868,758,1110
114,私立,一般大學,1003,東吳大學,碩士班(日間),1278,577,701
114,私立,一般大學,1003,東吳大學,碩士在職專班,1203,562,641
114,私立,一般大學,1003,東吳大學,學士班(日間),11900,4848,7052
114,私立,一般大學,1003,東吳大學,學士班(進修),240,95,145
114,私立,一般大學,1003,東吳大學,博士班,94,59,35
114,私立,一般大學,1004,中原大學,學士班(日間),13565,7130,6435
114,私立,一般大學,1004,中原大學,博士班,284,175,109
114,私立,一般大學,1004,中原大學,碩士班(日間),1669,930,739
114,私立,一般大學,1004,中原大學,碩士在職專班,886,514,372
114,私立,一般大學,1005,淡江大學學校財團法人淡江大學,學士班(進修),475,310,165
114,私立,一般大學,1005,淡江大學學校財團法人淡江大學,碩士班(日間),1384,778,606
114,私立,一般大學,1005,淡江大學學校財團法人淡江大學,碩士在職專班,540,275,265
114,私立,一般大學,1005,淡江大學學校財團法人淡江大學,學士班(日間),19128,10443,8685
114,私立,一般大學,1005,淡江大學學校財團法人淡江大學,博士班,355,242,113
114,私立,一般大學,1006,中國文化大學,博士班,492,307,185
114,私立,一般大學,1006,中國文化大學,碩士班(日間),1530,766,764
114,私立,一般大學,1006,中國文化大學,碩士在職專班,454,156,298
114,私立,一般大學,1006,中國文化大學,學士班(日間),13314,6995,6319
114,私立,一般大學,1006,中國文化大學,學士班(進修),1044,352,692
114,私立,一般大學,1007,逢甲大學,學士班(日間),17411,10067,7344
114,私立,一般大學,1007,逢甲大學,學士班(進修),749,486,263
114,私立,一般大學,1007,逢甲大學,博士班,361,243,118
114,私立,一般大學,1007,逢甲大學,碩士班(日間),1800,1119,681
114,私立,一般大學,1007,逢甲大學,碩士在職專班,1099,676,423
114,私立,一般大學,1008,靜宜大學,學士班(日間),9340,3820,5520
114,私立,一般大學,1008,靜宜大學,學士班(進修),100,20,80
114,私立,一般大學,1008,靜宜大學,博士班,63,29,34
114,私立,一般大學,1008,靜宜大學,碩士班(日間),671,196,475
114,私立,一般大學,1008,靜宜大學,碩士在職專班,399,127,272
114,私立,一般大學,1009,長庚大學,學士班(日間),5351,2538,2813
114,私立,一般大學,1009,長庚大學,博士班,456,278,178
114,私立,一般大學,1009,長庚大學,碩士班(日間),1298,607,691
114,私立,一般大學,1009,長庚大學,碩士在職專班,185,90,95
114,私立,一般大學,1010,元智大學,學士班(日間),7648,4193,3455
114,私立,一般大學,1010,元智大學,碩士在職專班,453,274,179
114,私立,一般大學,1010,元智大學,博士班,246,162,84
114,私立,一般大學,1010,元智大學,碩士班(日間),986,577,409
114,私立,一般大學,1011,中華大學學校財團法人中華大學,學士班(進修),282,182,100
114,私立,一般大學,1011,中華大學學校財團法人中華大學,博士班,53,35,18
114,私立,一般大學,1011,中華大學學校財團法人中華大學,碩士班(日間),220,142,78
114,私立,一般大學,1011,中華大學學校財團法人中華大學,碩士在職專班,126,83,43
114,私立,一般大學,1011,中華大學學校財團法人中華大學,學士班(日間),2664,1741,923
114,私立,一般大學,1012,大葉大學,學士班(進修),126,65,61
114,私立,一般大學,1012,大葉大學,博士班,91,61,30
114,私立,一般大學,1012,大葉大學,碩士班(日間),329,166,163
114,私立,一般大學,1012,大葉大學,碩士在職專班,106,31,75
114,私立,一般大學,1012,大葉大學,學士班(日間),2521,1512,1009
114,私立,一般大學,1013,華梵學校財團法人華梵大學,學士班(日間),564,210,354
114,私立,一般大學,1013,華梵學校財團法人華梵大學,博士班,67,28,39
114,私立,一般大學,1013,華梵學校財團法人華梵大學,碩士班(日間),218,94,124
114,私立,一般大學,1013,華梵學校財團法人華梵大學,碩士在職專班,219,81,138
114,私立,一般大學,1014,義守大學,學士班(日間),8907,4569,4338
114,私立,一般大學,1014,義守大學,碩士在職專班,205,120,85
114,私立,一般大學,1014,義守大學,學士班(進修),711,478,233
114,私立,一般大學,1014,義守大學,博士班,125,82,43
114,私立,一般大學,1014,義守大學,碩士班(日間),328,174,154
114,私立,一般大學,1015,世新大學,學士班(進修),586,212,374
114,私立,一般大學,1015,世新大學,碩士班(日間),450,193,257
114,私立,一般大學,1015,世新大學,碩士在職專班,451,230,221
114,私立,一般大學,1015,世新大學,學士班(日間),9242,3155,6087
114,私立,一般大學,1015,世新大學,博士班,77,33,44
114,私立,一般大學,1016,銘傳大學,學士班(日間),15732,6664,9068
114,私立,一般大學,1016,銘傳大學,學士班(進修),8,6,2
114,私立,一般大學,1016,銘傳大學,碩士在職專班,639,259,380
114,私立,一般大學,1016,銘傳大學,博士班,75,39,36
114,私立,一般大學,1016,銘傳大學,碩士班(日間),784,297,487
114,私立,一般大學,1017,實踐大學,博士班,24,11,13
114,私立,一般大學,1017,實踐大學,碩士班(日間),307,110,197
114,私立,一般大學,1017,實踐大學,碩士在職專班,114,36,78
114,私立,一般大學,1017,實踐大學,學士班(日間),8610,3198,5412
114,私立,一般大學,1017,實踐大學,學士班(進修),808,248,560
114,私立,技專校院,1018,朝陽科技大學,博士班,100,74,26
114,私立,技專校院,1018,朝陽科技大學,碩士班(日間),635,316,319
114,私立,技專校院,1018,朝陽科技大學,學士班(日間),11440,5249,6191
114,私立,技專校院,1018,朝陽科技大學,學士班(進修),684,381,303
114,私立,技專校院,1018,朝陽科技大學,碩士在職專班,224,90,134
114,私立,一般大學,1019,高雄醫學大學,博士班,344,181,163
114,私立,一般大學,1019,高雄醫學大學,碩士班(日間),653,208,445
114,私立,一般大學,1019,高雄醫學大學,學士班(日間),5364,2201,3163
114,私立,一般大學,1019,高雄醫學大學,碩士在職專班,177,71,106
114,私立,一般大學,1020,南華大學,學士班(進修),166,99,67
114,私立,一般大學,1020,南華大學,博士班,47,25,22
114,私立,一般大學,1020,南華大學,碩士班(日間),545,193,352
114,私立,一般大學,1020,南華大學,碩士在職專班,403,131,272
114,私立,一般大學,1020,南華大學,學士班(日間),3313,1535,1778
114,私立,一般大學,1021,真理大學,學士班(日間),1644,863,781
114,私立,一般大學,1021,真理大學,碩士班(日間),141,73,68
114,私立,一般大學,1021,真理大學,碩士在職專班,8,5,3
114,私立,一般大學,1022,大同大學,學士班(日間),2894,1870,1024
114,私立,一般大學,1022,大同大學,博士班,87,58,29
114,私立,一般大學,1022,大同大學,碩士班(日間),220,153,67
114,私立,一般大學,1022,大同大學,碩士在職專班,109,88,21
114,私立,技專校院,1023,南臺學校財團法人南臺科技大學,學士班(日間),10875,6374,4501
114,私立,技專校院,1023,南臺學校財團法人南臺科技大學,學士班(進修),1815,1103,712
114,私立,技專校院,1023,南臺學校財團法人南臺科技大學,五專,651,546,105
114,私立,技專校院,1023,南臺學校財團法人南臺科技大學,博士班,78,43,35
114,私立,技專校院,1023,南臺學校財團法人南臺科技大學,碩士班(日間),758,449,309
114,私立,技專校院,1023,南臺學校財團法人南臺科技大學,碩士在職專班,288,104,184
114,私立,技專校院,1024,崑山科技大學,碩士班(日間),286,169,117
114,私立,技專校院,1024,崑山科技大學,碩士在職專班,195,122,73
114,私立,技專校院,1024,崑山科技大學,學士班(日間),5751,3171,2580
114,私立,技專校院,1024,崑山科技大學,學士班(進修),1659,1152,507
114,私立,技專校院,1024,崑山科技大學,博士班,25,23,2
114,私立,技專校院,1025,嘉藥學校財團法人嘉南藥理大學,學士班(日間),6275,2620,3655
114,私立,技專校院,1025,嘉藥學校財團法人嘉南藥理大學,五專,559,220,339
114,私立,技專校院,1025,嘉藥學校財團法人嘉南藥理大學,學士班(進修),1296,544,752
114,私立,技專校院,1025,嘉藥學校財團法人嘉南藥理大學,碩士班(日間),133,51,82
114,私立,技專校院,1025,嘉藥學校財團法人嘉南藥理大學,碩士在職專班,174,88,86
114,私立,技專校院,1026,樹德科技大學,二專(進修),274,131,143
114,私立,技專校院,1026,樹德科技大學,學士班(日間),5266,2267,2999
114,私立,技專校院,1026,樹德科技大學,學士班(進修),1507,777,730
114,私立,技專校院,1026,樹德科技大學,五專,4,2,2
114,私立,技專校院,1026,樹德科技大學,博士班,31,10,21
114,私立,技專校院,1026,樹德科技大學,碩士班(日間),176,78,98
114,私立,技專校院,1026,樹德科技大學,碩士在職專班,234,128,106
114,私立,一般大學,1027,慈濟學校財團法人慈濟大學,學士班(進修),140,6,134
114,私立,一般大學,1027,慈濟學校財團法人慈濟大學,博士班,109,49,60
114,私立,一般大學,1027,慈濟學校財團法人慈濟大學,碩士班(日間),426,145,281
114,私立,一般大學,1027,慈濟學校財團法人慈濟大學,碩士在職專班,31,4,27
114,私立,一般大學,1027,慈濟學校財團法人慈濟大學,二專(日間),18,5,13
114,私立,一般大學,1027,慈濟學校財團法人慈濟大學,學士班(日間),3186,1280,1906
114,私立,一般大學,1027,慈濟學校財團法人慈濟大學,五專,1084,127,957
114,私立,一般大學,1028,臺北醫學大學,博士班,713,371,342
114,私立,一般大學,1028,臺北醫學大學,碩士班(日間),707,233,474
114,私立,一般大學,1028,臺北醫學大學,碩士在職專班,311,78,233
114,私立,一般大學,1028,臺北醫學大學,學士班(日間),4558,1825,2733
114,私立,一般大學,1029,中山醫學大學,學士班(日間),6127,2175,3952
114,私立,一般大學,1029,中山醫學大學,學士班(進修),109,33,76
114,私立,一般大學,1029,中山醫學大學,博士班,166,107,59
114,私立,一般大學,1029,中山醫學大學,碩士班(日間),530,175,355
114,私立,一般大學,1029,中山醫學大學,碩士在職專班,171,46,125
114,私立,技專校院,1030,龍華科技大學,學士班(進修),1704,1303,401
114,私立,技專校院,1030,龍華科技大學,博士班,3,3,0
114,私立,技專校院,1030,龍華科技大學,碩士班(日間),350,240,110
114,私立,技專校院,1030,龍華科技大學,碩士在職專班,142,103,39
114,私立,技專校院,1030,龍華科技大學,二專(日間),43,21,22
114,私立,技專校院,1030,龍華科技大學,學士班(日間),8013,5355,2658
114,私立,技專校院,1030,龍華科技大學,五專,946,867,79
114,私立,技專校院,1031,輔英科技大學,二專(日間),59,23,36
114,私立,技專校院,1031,輔英科技大學,學士班(日間),3854,1264,2590
114,私立,技專校院,1031,輔英科技大學,學士班(進修),1184,377,807
114,私立,技專校院,1031,輔英科技大學,五專,2474,300,2174
114,私立,技專校院,1031,輔英科技大學,碩士班(日間),195,48,147
114,私立,技專校院,1031,輔英科技大學,碩士在職專班,77,1,76
114,私立,技專校院,1032,明新學校財團法人明新科技大學,二專(日間),6,5,1
114,私立,技專校院,1032,明新學校財團法人明新科技大學,二專(進修),116,88,28
114,私立,技專校院,1032,明新學校財團法人明新科技大學,學士班(日間),6403,3716,2687
114,私立,技專校院,1032,明新學校財團法人明新科技大學,學士班(進修),2541,1531,1010
114,私立,技專校院,1032,明新學校財團法人明新科技大學,博士班,9,8,1
114,私立,技專校院,1032,明新學校財團法人明新科技大學,碩士班(日間),292,169,123
114,私立,技專校院,1032,明新學校財團法人明新科技大學,碩士在職專班,340,195,145
114,私立,一般大學,1033,長榮大學,學士班(進修),142,114,28
114,私立,一般大學,1033,長榮大學,博士班,55,32,23
114,私立,一般大學,1033,長榮大學,碩士在職專班,97,68,29
114,私立,一般大學,1033,長榮大學,學士班(日間),3613,1783,1830
114,私立,一般大學,1033,長榮大學,碩士班(日間),171,61,110
114,私立,技專校院,1034,弘光科技大學,二專(進修),99,16,83
114,私立,技專校院,1034,弘光科技大學,學士班(日間),7549,2549,5000
114,私立,技專校院,1034,弘光科技大學,博士班,18,1,17
114,私立,技專校院,1034,弘光科技大學,二專(日間),45,15,30
114,私立,技專校院,1034,弘光科技大學,學士班(進修),3250,1211,2039
114,私立,技專校院,1034,弘光科技大學,五專,270,19,251
114,私立,技專校院,1034,弘光科技大學,碩士班(日間),189,46,143
114,私立,技專校院,1034,弘光科技大學,碩士在職專班,132,43,89
114,私立,一般大學,1035,中國醫藥大學,學士班(日間),6455,2687,3768
114,私立,一般大學,1035,中國醫藥大學,博士班,511,271,240
114,私立,一般大學,1035,中國醫藥大學,碩士班(日間),475,139,336
114,私立,一般大學,1035,中國醫藥大學,碩士在職專班,73,26,47
114,私立,技專校院,1036,健行學校財團法人健行科技大學,學士班(日間),4752,2925,1827
114,私立,技專校院,1036,健行學校財團法人健行科技大學,學士班(進修),3104,1954,1150
114,私立,技專校院,1036,健行學校財團法人健行科技大學,碩士班(日間),287,158,129
114,私立,技專校院,1036,健行學校財團法人健行科技大學,碩士在職專班,40,21,19
114,私立,技專校院,1037,正修學校財團法人正修科技大學,學士班(進修),5679,3493,2186
114,私立,技專校院,1037,正修學校財團法人正修科技大學,碩士班(日間),337,194,143
114,私立,技專校院,1037,正修學校財團法人正修科技大學,碩士在職專班,259,146,113
114,私立,技專校院,1037,正修學校財團法人正修科技大學,二專(進修),537,332,205
114,私立,技專校院,1037,正修學校財團法人正修科技大學,學士班(日間),7427,4801,2626
114,私立,技專校院,1037,正修學校財團法人正修科技大學,五專,362,260,102
114,私立,技專校院,1037,正修學校財團法人正修科技大學,博士班,22,16,6
114,私立,技專校院,1038,萬能學校財團法人萬能科技大學,碩士班(日間),174,83,91
114,私立,技專校院,1038,萬能學校財團法人萬能科技大學,碩士在職專班,142,61,81
114,私立,技專校院,1038,萬能學校財團法人萬能科技大學,學士班(日間),5448,3025,2423
114,私立,技專校院,1038,萬能學校財團法人萬能科技大學,學士班(進修),2194,1300,894
114,私立,一般大學,1039,玄奘大學,學士班(進修),100,28,72
114,私立,一般大學,1039,玄奘大學,碩士班(日間),290,120,170
114,私立,一般大學,1039,玄奘大學,碩士在職專班,147,39,108
114,私立,一般大學,1039,玄奘大學,學士班(日間),836,330,506
114,私立,一般大學,1039,玄奘大學,博士班,3,1,2
114,私立,技專校院,1040,建國科技大學,碩士班(日間),81,45,36
114,私立,技專校院,1040,建國科技大學,二專(進修),46,39,7
114,私立,技專校院,1040,建國科技大學,學士班(日間),2187,1481,706
114,私立,技專校院,1040,建國科技大學,學士班(進修),1139,765,374
114,私立,技專校院,1041,明志科技大學,學士班(進修),34,32,2
114,私立,技專校院,1041,明志科技大學,博士班,101,76,25
114,私立,技專校院,1041,明志科技大學,碩士在職專班,15,13,2
114,私立,技專校院,1041,明志科技大學,學士班(日間),3793,2678,1115
114,私立,技專校院,1041,明志科技大學,碩士班(日間),536,395,141
114,私立,技專校院,1042,台鋼學校財團法人台鋼科技大學,二專(進修),47,35,12
114,私立,技專校院,1042,台鋼學校財團法人台鋼科技大學,學士班(日間),942,635,307
114,私立,技專校院,1042,台鋼學校財團法人台鋼科技大學,學士班(進修),294,238,56
114,私立,技專校院,1042,台鋼學校財團法人台鋼科技大學,碩士班(日間),35,25,10
114,私立,技專校院,1042,台鋼學校財團法人台鋼科技大學,碩士在職專班,24,23,1
114,私立,技專校院,1043,大仁科技大學,五專,141,47,94
114,私立,技專校院,1043,大仁科技大學,碩士班(日間),71,23,48
114,私立,技專校院,1043,大仁科技大學,碩士在職專班,134,61,73
114,私立,技專校院,1043,大仁科技大學,二專(進修),54,28,26
114,私立,技專校院,1043,大仁科技大學,學士班(日間),2032,892,1140
114,私立,技專校院,1043,大仁科技大學,學士班(進修),1348,468,880
114,私立,技專校院,1044,聖約翰科技大學,碩士班(日間),8,6,2
114,私立,技專校院,1044,聖約翰科技大學,二專(進修),39,30,9
114,私立,技專校院,1044,聖約翰科技大學,學士班(日間),440,267,173
114,私立,技專校院,1044,聖約翰科技大學,學士班(進修),98,74,24
114,私立,技專校院,1044,聖約翰科技大學,五專,1,1,0
114,私立,技專校院,1044,聖約翰科技大學,碩士在職專班,52,34,18
114,私立,技專校院,1045,嶺東科技大學,學士班(進修),2037,1042,995
114,私立,技專校院,1045,嶺東科技大學,碩士班(日間),231,102,129
114,私立,技專校院,1045,嶺東科技大學,碩士在職專班,170,106,64
114,私立,技專校院,1045,嶺東科技大學,學士班(日間),5658,2248,3410
114,私立,技專校院,1046,中國科技大學,二專(進修),90,48,42
114,私立,技專校院,1046,中國科技大學,學士班(日間),3962,1859,2103
114,私立,技專校院,1046,中國科技大學,學士班(進修),979,564,415
114,私立,技專校院,1046,中國科技大學,碩士班(日間),134,62,72
114,私立,技專校院,1046,中國科技大學,碩士在職專班,44,23,21
114,私立,技專校院,1047,中臺科技大學,學士班(進修),1768,442,1326
114,私立,技專校院,1047,中臺科技大學,碩士班(日間),150,42,108
114,私立,技專校院,1047,中臺科技大學,碩士在職專班,305,46,259
114,私立,技專校院,1047,中臺科技大學,學士班(日間),3700,1419,2281
114,私立,技專校院,1047,中臺科技大學,五專,83,20,63
114,私立,技專校院,1047,中臺科技大學,博士班,13,9,4
114,私立,一般大學,1048,亞洲大學,學士班(日間),9357,3213,6144
114,私立,一般大學,1048,亞洲大學,學士班(進修),311,132,179
114,私立,一般大學,1048,亞洲大學,碩士在職專班,312,97,215
114,私立,一般大學,1048,亞洲大學,博士班,203,120,83
114,私立,一般大學,1048,亞洲大學,碩士班(日間),546,205,341
114,私立,一般大學,1049,開南大學,學士班(日間),2844,1265,1579
114,私立,一般大學,1049,開南大學,學士班(進修),1064,575,489
114,私立,一般大學,1049,開南大學,碩士班(日間),217,82,135
114,私立,一般大學,1049,開南大學,碩士在職專班,340,163,177
114,私立,一般大學,1050,佛光大學,學士班(日間),1779,873,906
114,私立,一般大學,1050,佛光大學,學士班(進修),48,27,21
114,私立,一般大學,1050,佛光大學,博士班,61,19,42
114,私立,一般大學,1050,佛光大學,碩士班(日間),467,183,284
114,私立,一般大學,1050,佛光大學,碩士在職專班,110,54,56
114,私立,技專校院,1051,台南家專學校財團法人台南應用科技大學,學士班(進修),1188,394,794
114,私立,技專校院,1051,台南家專學校財團法人台南應用科技大學,碩士班(日間),118,42,76
114,私立,技專校院,1051,台南家專學校財團法人台南應用科技大學,碩士在職專班,94,23,71
114,私立,技專校院,1051,台南家專學校財團法人台南應用科技大學,學士班(日間),6414,1908,4506
114,私立,技專校院,1051,台南家專學校財團法人台南應用科技大學,五專,834,188,646
114,私立,技專校院,1052,中信金學校財團法人中信科技大學,學士班(進修),455,323,132
114,私立,技專校院,1052,中信金學校財團法人中信科技大學,碩士班(日間),218,114,104
114,私立,技專校院,1052,中信金學校財團法人中信科技大學,碩士在職專班,45,36,9
114,私立,技專校院,1052,中信金學校財團法人中信科技大學,二專(進修),107,68,39
114,私立,技專校院,1052,中信金學校財團法人中信科技大學,學士班(日間),944,736,208
114,私立,技專校院,1053,光宇學校財團法人元培醫事科技大學,博士班,2,2,0
114,私立,技專校院,1053,光宇學校財團法人元培醫事科技大學,碩士班(日間),182,64,118
114,私立,技專校院,1053,光宇學校財團法人元培醫事科技大學,碩士在職專班,37,6,31
114,私立,技專校院,1053,光宇學校財團法人元培醫事科技大學,學士班(日間),2469,975,1494
114,私立,技專校院,1053,光宇學校財團法人元培醫事科技大學,學士班(進修),714,255,459
114,私立,技專校院,1054,景文科技大學,學士班(進修),770,403,367
114,私立,技專校院,1054,景文科技大學,碩士在職專班,60,50,10
114,私立,技專校院,1054,景文科技大學,二專(進修),21,12,9
114,私立,技專校院,1054,景文科技大學,學士班(日間),3224,1394,1830
114,私立,技專校院,1055,中華醫事科技大學,碩士班(日間),73,38,35
114,私立,技專校院,1055,中華醫事科技大學,碩士在職專班,19,8,11
114,私立,技專校院,1055,中華醫事科技大學,二專(進修),68,29,39
114,私立,技專校院,1055,中華醫事科技大學,學士班(日間),2447,837,1610
114,私立,技專校院,1055,中華醫事科技大學,學士班(進修),890,294,596
114,私立,技專校院,1055,中華醫事科技大學,五專,3117,692,2425
114,私立,技專校院,1056,東南科技大學,碩士班(日間),170,105,65
114,私立,技專校院,1056,東南科技大學,碩士在職專班,56,43,13
114,私立,技專校院,1056,東南科技大學,學士班(日間),3082,1861,1221
114,私立,技專校院,1056,東南科技大學,學士班(進修),454,338,116
114,私立,技專校院,1057,德明財經科技大學,碩士班(日間),41,14,27
114,私立,技專校院,1057,德明財經科技大學,碩士在職專班,37,11,26
114,私立,技專校院,1057,德明財經科技大學,學士班(日間),4109,1825,2284
114,私立,技專校院,1057,德明財經科技大學,學士班(進修),317,157,160
114,私立,技專校院,1060,南開科技大學,碩士班(日間),61,32,29
114,私立,技專校院,1060,南開科技大學,碩士在職專班,47,18,29
114,私立,技專校院,1060,南開科技大學,二專(進修),46,31,15
114,私立,技專校院,1060,南開科技大學,學士班(日間),1398,800,598
114,私立,技專校院,1060,南開科技大學,學士班(進修),717,429,288
114,私立,技專校院,1060,南開科技大學,五專,166,147,19
114,私立,技專校院,1061,中華學校財團法人中華科技大學,二專(進修),84,40,44
114,私立,技專校院,1061,中華學校財團法人中華科技大學,學士班(日間),1211,724,487
114,私立,技專校院,1061,中華學校財團法人中華科技大學,五專,94,81,13
114,私立,技專校院,1061,中華學校財團法人中華科技大學,學士班(進修),931,652,279
114,私立,技專校院,1061,中華學校財團法人中華科技大學,碩士班(日間),208,120,88
114,私立,技專校院,1061,中華學校財團法人中華科技大學,碩士在職專班,78,53,25
114,私立,技專校院,1062,僑光科技大學,碩士班(日間),74,38,36
114,私立,技專校院,1062,僑光科技大學,碩士在職專班,69,36,33
114,私立,技專校院,1062,僑光科技大學,學士班(日間),4475,2245,2230
114,私立,技專校院,1062,僑光科技大學,學士班(進修),2714,1783,931
114,私立,技專校院,1063,廣亞學校財團法人育達科技大學,學士班(日間),1773,827,946
114,私立,技專校院,1063,廣亞學校財團法人育達科技大學,學士班(進修),1456,584,872
114,私立,技專校院,1063,廣亞學校財團法人育達科技大學,碩士班(日間),104,56,48
114,私立,技專校院,1063,廣亞學校財團法人育達科技大學,碩士在職專班,172,84,88
114,私立,技專校院,1064,美和學校財團法人美和科技大學,二專(進修),69,44,25
114,私立,技專校院,1064,美和學校財團法人美和科技大學,學士班(日間),1194,535,659
114,私立,技專校院,1064,美和學校財團法人美和科技大學,學士班(進修),1239,325,914
114,私立,技專校院,1064,美和學校財團法人美和科技大學,碩士在職專班,110,20,90
114,私立,技專校院,1064,美和學校財團法人美和科技大學,五專,1361,197,1164
114,私立,技專校院,1064,美和學校財團法人美和科技大學,碩士班(日間),175,64,111
114,私立,技專校院,1065,吳鳳科技大學,學士班(進修),1198,696,502
114,私立,技專校院,1065,吳鳳科技大學,碩士班(日間),55,32,23
114,私立,技專校院,1065,吳鳳科技大學,碩士在職專班,75,42,33
114,私立,技專校院,1065,吳鳳科技大學,二專(進修),191,83,108
114,私立,技專校院,1065,吳鳳科技大學,學士班(日間),2282,1365,917
114,私立,技專校院,1069,修平學校財團法人修平科技大學,碩士班(日間),86,56,30
114,私立,技專校院,1069,修平學校財團法人修平科技大學,碩士在職專班,40,29,11
114,私立,技專校院,1069,修平學校財團法人修平科技大學,二專(進修),1,1,0
114,私立,技專校院,1069,修平學校財團法人修平科技大學,學士班(日間),1950,1203,747
114,私立,技專校院,1069,修平學校財團法人修平科技大學,學士班(進修),1033,772,261
114,私立,技專校院,1070,長庚學校財團法人長庚科技大學,碩士班(日間),115,17,98
114,私立,技專校院,1070,長庚學校財團法人長庚科技大學,學士班(日間),4553,599,3954
114,私立,技專校院,1070,長庚學校財團法人長庚科技大學,學士班(進修),1109,97,1012
114,私立,技專校院,1070,長庚學校財團法人長庚科技大學,碩士在職專班,152,10,142
114,私立,技專校院,1071,城市學校財團法人臺北城市科技大學,學士班(進修),1001,681,320
114,私立,技專校院,1071,城市學校財團法人臺北城市科技大學,碩士班(日間),106,77,29
114,私立,技專校院,1071,城市學校財團法人臺北城市科技大學,二專(日間),3,3,0
114,私立,技專校院,1071,城市學校財團法人臺北城市科技大學,二專(進修),270,126,144
114,私立,技專校院,1071,城市學校財團法人臺北城市科技大學,學士班(日間),6325,3533,2792
114,私立,技專校院,1071,城市學校財團法人臺北城市科技大學,五專,669,425,244
114,私立,技專校院,1072,大華學校財團法人敏實科技大學,學士班(日間),1322,727,595
114,私立,技專校院,1072,大華學校財團法人敏實科技大學,學士班(進修),238,189,49
114,私立,技專校院,1072,大華學校財團法人敏實科技大學,五專,73,35,38
114,私立,技專校院,1073,醒吾學校財團法人醒吾科技大學,二專(進修),21,15,6
114,私立,技專校院,1073,醒吾學校財團法人醒吾科技大學,學士班(日間),4618,1708,2910
114,私立,技專校院,1073,醒吾學校財團法人醒吾科技大學,五專,32,15,17
114,私立,技專校院,1073,醒吾學校財團法人醒吾科技大學,學士班(進修),690,331,359
114,私立,技專校院,1073,醒吾學校財團法人醒吾科技大學,碩士班(日間),42,15,27
114,私立,技專校院,1073,醒吾學校財團法人醒吾科技大學,碩士在職專班,65,29,36
114,私立,技專校院,1075,文藻學校財團法人文藻外語大學,學士班(日間),3527,1054,2473
114,私立,技專校院,1075,文藻學校財團法人文藻外語大學,學士班(進修),633,235,398
114,私立,技專校院,1075,文藻學校財團法人文藻外語大學,五專,2126,389,1737
114,私立,技專校院,1075,文藻學校財團法人文藻外語大學,碩士在職專班,51,14,37
114,私立,技專校院,1075,文藻學校財團法人文藻外語大學,碩士班(日間),213,65,148
114,私立,技專校院,1076,華夏學校財團法人華夏科技大學,五專,128,101,27
114,私立,技專校院,1076,華夏學校財團法人華夏科技大學,碩士班(日間),1,1,0
114,私立,技專校院,1076,華夏學校財團法人華夏科技大學,碩士在職專班,9,7,2
114,私立,技專校院,1076,華夏學校財團法人華夏科技大學,學士班(日間),130,86,44
114,私立,技專校院,1076,華夏學校財團法人華夏科技大學,學士班(進修),100,56,44
114,私立,技專校院,1078,致理學校財團法人致理科技大學,學士班(日間),6673,2334,4339
114,私立,技專校院,1078,致理學校財團法人致理科技大學,學士班(進修),2491,1140,1351
114,私立,技專校院,1078,致理學校財團法人致理科技大學,五專,1553,413,1140
114,私立,技專校院,1078,致理學校財團法人致理科技大學,碩士班(日間),95,26,69
114,私立,技專校院,1078,致理學校財團法人致理科技大學,碩士在職專班,54,14,40
114,私立,一般大學,1079,康寧學校財團法人康寧大學,二專(進修),213,45,168
114,私立,一般大學,1079,康寧學校財團法人康寧大學,學士班(日間),106,26,80
114,私立,一般大學,1079,康寧學校財團法人康寧大學,學士班(進修),255,27,228
114,私立,一般大學,1079,康寧學校財團法人康寧大學,五專,2563,603,1960
114,私立,一般大學,1079,康寧學校財團法人康寧大學,碩士在職專班,1,1,0
114,私立,技專校院,1080,宏國學校財團法人宏國德霖科技大學,學士班(日間),1919,1032,887
114,私立,技專校院,1080,宏國學校財團法人宏國德霖科技大學,學士班(進修),1226,746,480
114,私立,技專校院,1080,宏國學校財團法人宏國德霖科技大學,五專,994,603,391
114,私立,技專校院,1080,宏國學校財團法人宏國德霖科技大學,碩士班(日間),41,15,26
114,私立,技專校院,1082,崇右學校財團法人崇右影藝科技大學,碩士班(日間),16,9,7
114,私立,技專校院,1082,崇右學校財團法人崇右影藝科技大學,學士班(日間),1038,443,595
114,私立,技專校院,1083,台北海洋學校財團法人台北海洋科技大學,二專(進修),94,82,12
114,私立,技專校院,1083,台北海洋學校財團法人台北海洋科技大學,學士班(日間),1800,1035,765
114,私立,技專校院,1083,台北海洋學校財團法人台北海洋科技大學,五專,509,320,189
114,私立,技專校院,1083,台北海洋學校財團法人台北海洋科技大學,碩士班(日間),93,47,46
114,私立,技專校院,1083,台北海洋學校財團法人台北海洋科技大學,學士班(進修),1034,470,564
114,私立,技專校院,1084,亞東學校財團法人亞東科技大學,學士班(日間),4004,2695,1309
114,私立,技專校院,1084,亞東學校財團法人亞東科技大學,學士班(進修),128,11,117
114,私立,技專校院,1084,亞東學校財團法人亞東科技大學,碩士班(日間),69,44,25
114,私立,一般大學,1085,馬偕學校財團法人馬偕醫學大學,學士班(進修),57,5,52
114,私立,一般大學,1085,馬偕學校財團法人馬偕醫學大學,博士班,13,10,3
114,私立,一般大學,1085,馬偕學校財團法人馬偕醫學大學,碩士班(日間),72,17,55
114,私立,一般大學,1085,馬偕學校財團法人馬偕醫學大學,碩士在職專班,41,8,33
114,私立,一般大學,1085,馬偕學校財團法人馬偕醫學大學,學士班(日間),871,316,555
114,私立,一般大學,1125,中信學校財團法人中信金融管理學院,學士班(日間),693,336,357
114,私立,一般大學,1125,中信學校財團法人中信金融管理學院,博士班,9,5,4
114,私立,一般大學,1125,中信學校財團法人中信金融管理學院,碩士班(日間),192,93,99
114,私立,一般大學,1125,中信學校財團法人中信金融管理學院,碩士在職專班,49,25,24
114,私立,技專校院,1168,南亞科技學校財團法人南亞技術學院,二專(進修),128,3,125
114,私立,技專校院,1168,南亞科技學校財團法人南亞技術學院,學士班(日間),793,553,240
114,私立,技專校院,1168,南亞科技學校財團法人南亞技術學院,學士班(進修),700,130,570
114,私立,技專校院,1168,南亞科技學校財團法人南亞技術學院,五專,25,17,8
114,私立,技專校院,1183,黎明技術學院,碩士班(日間),26,5,21
114,私立,技專校院,1183,黎明技術學院,學士班(日間),3539,1827,1712
114,私立,技專校院,1183,黎明技術學院,學士班(進修),1334,902,432
114,私立,技專校院,1183,黎明技術學院,五專,315,250,65
114,私立,技專校院,1185,德育學校財團法人德育護理健康學院,二專(進修),121,17,104
114,私立,技專校院,1185,德育學校財團法人德育護理健康學院,學士班(日間),1465,535,930
114,私立,技專校院,1185,德育學校財團法人德育護理健康學院,學士班(進修),563,97,466
114,私立,技專校院,1185,德育學校財團法人德育護理健康學院,碩士在職專班,60,11,49
114,私立,技專校院,1185,德育學校財團法人德育護理健康學院,五專,877,220,657
114,私立,技專校院,1185,德育學校財團法人德育護理健康學院,碩士班(日間),33,3,30
114,私立,一般大學,1196,法鼓學校財團法人法鼓文理學院,學士班(進修),54,7,47
114,私立,一般大學,1196,法鼓學校財團法人法鼓文理學院,碩士班(日間),236,66,170
114,私立,一般大學,1196,法鼓學校財團法人法鼓文理學院,碩士在職專班,43,14,29
114,私立,一般大學,1196,法鼓學校財團法人法鼓文理學院,學士班(日間),51,22,29
114,私立,一般大學,1196,法鼓學校財團法人法鼓文理學院,博士班,29,13,16
114,私立,技專校院,1282,馬偕學校財團法人馬偕醫護管理專科學校,五專,3959,610,3349
114,私立,技專校院,1282,馬偕學校財團法人馬偕醫護管理專科學校,二專(進修),103,51,52
114,私立,技專校院,1283,仁德醫護管理專科學校,二專(進修),434,201,233
114,私立,技專校院,1283,仁德醫護管理專科學校,五專,4593,1056,3537
114,私立,技專校院,1284,樹人醫護管理專科學校,二專(進修),525,264,261
114,私立,技專校院,1284,樹人醫護管理專科學校,五專,6374,1387,4987
114,私立,技專校院,1285,慈惠醫護管理專科學校,二專(日間),36,10,26
114,私立,技專校院,1285,慈惠醫護管理專科學校,二專(進修),128,42,86
114,私立,技專校院,1285,慈惠醫護管理專科學校,五專,1253,275,978
114,私立,技專校院,1286,耕莘健康管理專科學校,二專(進修),187,19,168
114,私立,技專校院,1286,耕莘健康管理專科學校,五專,3574,399,3175
114,私立,技專校院,1287,敏惠醫護管理專科學校,二專(進修),81,25,56
114,私立,技專校院,1287,敏惠醫護管理專科學校,五專,2821,409,2412
114,私立,技專校院,1289,育英醫護管理專科學校,五專,1495,153,1342
114,私立,技專校院,1291,聖母醫護管理專科學校,二專(進修),197,41,156
114,私立,技專校院,1291,聖母醫護管理專科學校,二專(日間),30,14,16
114,私立,技專校院,1291,聖母醫護管理專科學校,五專,1133,194,939
114,私立,技專校院,1292,新生醫護管理專科學校,五專,5628,784,4844
114,私立,技專校院,1292,新生醫護管理專科學校,二專(進修),79,10,69
114,私立,技專校院,1293,崇仁醫護管理專科學校,五專,2838,475,2363
114,私立,宗教研修學院,1R02,學校財團法人中華浸信會基督教台灣浸會神學院,碩士在職專班,22,4,18
114,私立,宗教研修學院,1R02,學校財團法人中華浸信會基督教台灣浸會神學院,碩士班(日間),42,25,17
114,私立,宗教研修學院,1R03,臺北基督學院,學士班(日間),42,21,21
114,私立,宗教研修學院,1R05,台神學校財團法人台灣神學研究學院,碩士班(日間),87,33,54
114,私立,宗教研修學院,1R05,台神學校財團法人台灣神學研究學院,碩士在職專班,11,4,7
114,私立,宗教研修學院,1R06,一貫道崇德學院,碩士班(日間),69,28,41
114,私立,宗教研修學院,1R07,台灣基督長老教會南神神學院,碩士班(日間),56,18,38
114,私立,宗教研修學院,1R08,中華福音神學研究學院,碩士班(日間),57,36,21
114,私立,宗教研修學院,1R09,唯心聖教學院,碩士班(日間),91,52,39
114,私立,宗教研修學院,1R10,福智學校財團法人福智佛教學院,碩士班(日間),30,8,22
114,公立,一般大學,3002,臺北市立大學,學士班(日間),5106,2215,2891
114,公立,一般大學,3002,臺北市立大學,博士班,188,82,106
114,公立,一般大學,3002,臺北市立大學,碩士班(日間),1291,384,907
114,公立,一般大學,3002,臺北市立大學,碩士在職專班,1255,380,875
