學年度,設立別,學校類別,學校統計處代碼,學校名稱,學制班別,性別,在學學生數,於學年底處於休學狀態之人數-總計,於學年底處於休學狀態之人數-因傷病,於學年底處於休學狀態之人數-因經濟困難,於學年底處於休學狀態之人數-因學業成績不佳,於學年底處於休學狀態之人數-因志趣不合,於學年底處於休學狀態之人數-因工作需求,於學年底處於休學狀態之人數-因懷孕,於學年底處於休學狀態之人數-因育嬰,於學年底處於休學狀態之人數-因兵役,於學年底處於休學狀態之人數-因出國,於學年底處於休學狀態之人數-因論文撰寫,於學年底處於休學狀態之人數-因適應不良,於學年底處於休學狀態之人數-因家人傷病,於學年底處於休學狀態之人數-因考試訓練,於學年底處於休學狀態之人數-因逾期未註冊、繳費、選課,於學年底處於休學狀態之人數-其他
105,公立,一般大學,0001,國立政治大學,學士班(日間),男,3912,148,6,0,2,60,8,0,1,...,...,...,...,...,...,...,71
105,公立,一般大學,0001,國立政治大學,碩士班(日間),男,1808,397,6,6,43,61,91,0,14,...,...,...,...,...,...,...,176
105,公立,一般大學,0001,國立政治大學,碩士在職專班,男,882,288,5,0,45,13,138,0,27,...,...,...,...,...,...,...,60
105,公立,一般大學,0001,國立政治大學,博士班,男,605,203,3,3,21,24,51,0,37,...,...,...,...,...,...,...,64
105,公立,一般大學,0001,國立政治大學,學士班(日間),女,5799,164,18,1,3,55,8,0,2,...,...,...,...,...,...,...,77
105,公立,一般大學,0001,國立政治大學,碩士班(日間),女,2154,455,13,8,50,74,140,5,41,...,...,...,...,...,...,...,124
105,公立,一般大學,0001,國立政治大學,碩士在職專班,女,836,276,13,1,47,7,86,9,58,...,...,...,...,...,...,...,55
105,公立,一般大學,0001,國立政治大學,博士班,女,376,156,9,0,17,9,35,4,41,...,...,...,...,...,...,...,41
105,公立,一般大學,0002,國立清華大學,學士班(日間),男,4843,191,11,9,28,114,4,0,0,...,...,...,...,...,...,...,25
105,公立,一般大學,0002,國立清華大學,碩士班(日間),男,3001,233,14,19,29,49,50,0,2,...,...,...,...,...,...,...,70
105,公立,一般大學,0002,國立清華大學,碩士在職專班,男,357,48,0,5,0,3,31,0,3,...,...,...,...,...,...,...,6
105,公立,一般大學,0002,國立清華大學,博士班,男,1306,269,16,22,47,45,72,0,32,...,...,...,...,...,...,...,35
105,公立,一般大學,0002,國立清華大學,學士班(日間),女,4163,108,12,3,10,51,7,1,2,...,...,...,...,...,...,...,22
105,公立,一般大學,0002,國立清華大學,碩士班(日間),女,1815,240,9,19,45,33,66,6,31,...,...,...,...,...,...,...,31
105,公立,一般大學,0002,國立清華大學,碩士在職專班,女,632,71,3,5,7,1,24,4,17,...,...,...,...,...,...,...,10
105,公立,一般大學,0002,國立清華大學,博士班,女,430,94,8,4,18,19,17,5,23,...,...,...,...,...,...,...,0
105,公立,一般大學,0003,國立臺灣大學,學士班(日間),男,9403,452,33,5,0,136,9,0,0,...,...,...,...,...,...,...,269
105,公立,一般大學,0003,國立臺灣大學,學士班(進修),男,0,2,0,0,0,0,0,0,0,...,...,...,...,...,...,...,2
105,公立,一般大學,0003,國立臺灣大學,碩士班(日間),男,6160,739,24,27,0,23,134,0,17,...,...,...,...,...,...,...,514
105,公立,一般大學,0003,國立臺灣大學,碩士在職專班,男,842,157,5,1,0,0,84,0,7,...,...,...,...,...,...,...,60
105,公立,一般大學,0003,國立臺灣大學,博士班,男,2679,760,28,31,0,0,149,0,66,...,...,...,...,...,...,...,486
105,公立,一般大學,0003,國立臺灣大學,學士班(日間),女,7096,262,29,1,0,84,4,0,0,...,...,...,...,...,...,...,144
105,公立,一般大學,0003,國立臺灣大學,碩士班(日間),女,3994,529,33,12,0,11,135,9,26,...,...,...,...,...,...,...,303
105,公立,一般大學,0003,國立臺灣大學,碩士在職專班,女,475,105,5,0,0,0,24,6,16,...,...,...,...,...,...,...,54
105,公立,一般大學,0003,國立臺灣大學,博士班,女,1134,369,20,3,0,1,47,12,54,...,...,...,...,...,...,...,232
105,公立,一般大學,0004,國立臺灣師範大學,學士班(日間),男,3523,166,8,5,5,77,10,0,0,...,...,...,...,...,...,...,61
105,公立,一般大學,0004,國立臺灣師範大學,碩士班(日間),男,1646,358,6,12,91,18,112,0,6,...,...,...,...,...,...,...,113
105,公立,一般大學,0004,國立臺灣師範大學,碩士在職專班,男,574,121,2,0,36,0,52,0,19,...,...,...,...,...,...,...,12
105,公立,一般大學,0004,國立臺灣師範大學,博士班,男,701,187,8,7,49,8,59,0,37,...,...,...,...,...,...,...,19
105,公立,一般大學,0004,國立臺灣師範大學,學士班(日間),女,4505,125,5,5,9,68,4,2,3,...,...,...,...,...,...,...,29
105,公立,一般大學,0004,國立臺灣師範大學,碩士班(日間),女,2280,503,15,15,112,37,222,13,44,...,...,...,...,...,...,...,45
105,公立,一般大學,0004,國立臺灣師範大學,碩士在職專班,女,1413,320,8,6,70,6,88,22,98,...,...,...,...,...,...,...,22
105,公立,一般大學,0004,國立臺灣師範大學,博士班,女,665,223,13,6,50,5,62,14,60,...,...,...,...,...,...,...,13
105,公立,一般大學,0005,國立成功大學,學士班(日間),男,7257,308,2,2,13,31,1,0,0,...,...,...,...,...,...,...,259
105,公立,一般大學,0005,國立成功大學,碩士班(日間),男,4085,287,5,7,0,2,19,0,7,...,...,...,...,...,...,...,247
105,公立,一般大學,0005,國立成功大學,碩士在職專班,男,818,138,1,1,0,0,38,0,20,...,...,...,...,...,...,...,78
105,公立,一般大學,0005,國立成功大學,博士班,男,1376,429,6,5,0,1,39,0,64,...,...,...,...,...,...,...,314
105,公立,一般大學,0005,國立成功大學,學士班(日間),女,4196,142,7,0,1,23,0,0,0,...,...,...,...,...,...,...,111
105,公立,一般大學,0005,國立成功大學,碩士班(日間),女,2363,255,8,8,0,3,28,5,10,...,...,...,...,...,...,...,193
105,公立,一般大學,0005,國立成功大學,碩士在職專班,女,461,87,1,0,0,0,14,9,21,...,...,...,...,...,...,...,42
105,公立,一般大學,0005,國立成功大學,博士班,女,563,164,2,4,0,0,8,14,34,...,...,...,...,...,...,...,102
105,公立,一般大學,0006,國立中興大學,學士班(日間),男,4792,143,8,2,18,67,7,0,0,...,...,...,...,...,...,...,41
105,公立,一般大學,0006,國立中興大學,學士班(進修),男,446,32,0,0,2,1,15,0,0,...,...,...,...,...,...,...,14
105,公立,一般大學,0006,國立中興大學,碩士班(日間),男,2000,246,13,25,2,29,50,0,5,...,...,...,...,...,...,...,122
105,公立,一般大學,0006,國立中興大學,碩士在職專班,男,1038,271,8,9,0,2,124,0,55,...,...,...,...,...,...,...,73
105,公立,一般大學,0006,國立中興大學,博士班,男,739,218,14,19,1,2,55,0,21,...,...,...,...,...,...,...,106
105,公立,一般大學,0006,國立中興大學,學士班(日間),女,3297,77,9,3,2,30,2,0,1,...,...,...,...,...,...,...,30
105,公立,一般大學,0006,國立中興大學,學士班(進修),女,621,29,1,4,2,4,12,0,0,...,...,...,...,...,...,...,6
105,公立,一般大學,0006,國立中興大學,碩士班(日間),女,1322,169,10,13,0,9,61,1,8,...,...,...,...,...,...,...,67
105,公立,一般大學,0006,國立中興大學,碩士在職專班,女,503,102,11,3,0,0,32,4,24,...,...,...,...,...,...,...,28
105,公立,一般大學,0006,國立中興大學,博士班,女,289,83,3,7,0,2,11,2,22,...,...,...,...,...,...,...,36
105,公立,一般大學,0007,國立陽明交通大學,學士班(日間),男,3849,158,10,1,12,95,3,0,0,...,...,...,...,...,...,...,37
105,公立,一般大學,0007,國立陽明交通大學,碩士班(日間),男,3752,215,9,11,3,55,59,0,2,...,...,...,...,...,...,...,76
105,公立,一般大學,0007,國立陽明交通大學,碩士在職專班,男,1029,250,14,0,0,1,164,0,66,...,...,...,...,...,...,...,5
105,公立,一般大學,0007,國立陽明交通大學,博士班,男,1425,329,7,10,10,34,144,0,41,...,...,...,...,...,...,...,83
105,公立,一般大學,0007,國立陽明交通大學,學士班(日間),女,1629,62,3,2,2,42,2,0,0,...,...,...,...,...,...,...,11
105,公立,一般大學,0007,國立陽明交通大學,碩士班(日間),女,1645,147,7,5,7,41,54,4,6,...,...,...,...,...,...,...,23
105,公立,一般大學,0007,國立陽明交通大學,碩士在職專班,女,434,94,6,0,0,0,43,6,33,...,...,...,...,...,...,...,6
105,公立,一般大學,0007,國立陽明交通大學,博士班,女,320,95,7,2,2,7,31,8,20,...,...,...,...,...,...,...,18
105,公立,一般大學,0008,國立中央大學,學士班(日間),男,3902,151,8,1,33,63,11,0,0,...,...,...,...,...,...,...,35
105,公立,一般大學,0008,國立中央大學,碩士班(日間),男,2315,168,4,18,23,9,54,0,0,...,...,...,...,...,...,...,60
105,公立,一般大學,0008,國立中央大學,碩士在職專班,男,856,167,4,4,31,0,92,0,33,...,...,...,...,...,...,...,3
105,公立,一般大學,0008,國立中央大學,博士班,男,798,208,3,8,89,0,48,0,39,...,...,...,...,...,...,...,21
105,公立,一般大學,0008,國立中央大學,學士班(日間),女,2205,48,0,2,5,23,4,0,0,...,...,...,...,...,...,...,14
105,公立,一般大學,0008,國立中央大學,碩士班(日間),女,1123,100,6,6,19,4,40,1,3,...,...,...,...,...,...,...,21
105,公立,一般大學,0008,國立中央大學,碩士在職專班,女,469,82,2,1,14,0,39,4,17,...,...,...,...,...,...,...,5
105,公立,一般大學,0008,國立中央大學,博士班,女,275,63,2,0,27,0,15,2,11,...,...,...,...,...,...,...,6
105,公立,一般大學,0009,國立中山大學,學士班(日間),男,2950,105,4,1,4,2,4,0,0,...,...,...,...,...,...,...,90
105,公立,一般大學,0009,國立中山大學,碩士班(日間),男,1838,215,6,3,37,5,41,0,5,...,...,...,...,...,...,...,118
105,公立,一般大學,0009,國立中山大學,碩士在職專班,男,475,104,2,0,13,0,64,0,5,...,...,...,...,...,...,...,20
105,公立,一般大學,0009,國立中山大學,博士班,男,588,136,4,2,47,0,33,0,11,...,...,...,...,...,...,...,39
105,公立,一般大學,0009,國立中山大學,學士班(日間),女,1806,40,2,0,0,0,3,0,0,...,...,...,...,...,...,...,35
105,公立,一般大學,0009,國立中山大學,碩士班(日間),女,1078,149,7,6,26,0,28,2,17,...,...,...,...,...,...,...,63
105,公立,一般大學,0009,國立中山大學,碩士在職專班,女,441,99,2,1,10,0,43,0,14,...,...,...,...,...,...,...,29
105,公立,一般大學,0009,國立中山大學,博士班,女,241,75,6,0,17,0,12,0,18,...,...,...,...,...,...,...,22
105,公立,一般大學,0012,國立臺灣海洋大學,學士班(日間),男,3931,142,7,0,44,9,3,0,0,...,...,...,...,...,...,...,79
105,公立,一般大學,0012,國立臺灣海洋大學,學士班(進修),男,456,59,1,4,2,2,16,0,1,...,...,...,...,...,...,...,33
105,公立,一般大學,0012,國立臺灣海洋大學,碩士班(日間),男,981,112,3,5,9,4,19,0,0,...,...,...,...,...,...,...,72
105,公立,一般大學,0012,國立臺灣海洋大學,碩士在職專班,男,380,74,2,3,0,1,37,0,2,...,...,...,...,...,...,...,29
105,公立,一般大學,0012,國立臺灣海洋大學,博士班,男,232,64,3,3,3,0,21,0,2,...,...,...,...,...,...,...,32
105,公立,一般大學,0012,國立臺灣海洋大學,學士班(日間),女,1741,34,3,1,10,4,2,1,0,...,...,...,...,...,...,...,13
105,公立,一般大學,0012,國立臺灣海洋大學,學士班(進修),女,245,23,0,0,1,1,5,0,1,...,...,...,...,...,...,...,15
105,公立,一般大學,0012,國立臺灣海洋大學,碩士班(日間),女,442,59,3,2,3,1,9,1,1,...,...,...,...,...,...,...,39
105,公立,一般大學,0012,國立臺灣海洋大學,碩士在職專班,女,235,35,0,1,0,1,14,1,3,...,...,...,...,...,...,...,15
105,公立,一般大學,0012,國立臺灣海洋大學,博士班,女,64,16,0,0,0,0,3,4,2,...,...,...,...,...,...,...,7
105,公立,一般大學,0013,國立中正大學,學士班(日間),男,3632,119,5,1,20,19,3,0,0,...,...,...,...,...,...,...,71
105,公立,一般大學,0013,國立中正大學,碩士班(日間),男,1756,216,9,14,7,16,30,0,6,...,...,...,...,...,...,...,134
105,公立,一般大學,0013,國立中正大學,碩士在職專班,男,759,152,5,5,1,0,58,0,14,...,...,...,...,...,...,...,69
105,公立,一般大學,0013,國立中正大學,博士班,男,395,103,2,0,1,2,29,0,10,...,...,...,...,...,...,...,59
105,公立,一般大學,0013,國立中正大學,學士班(日間),女,3040,53,5,2,3,12,0,0,2,...,...,...,...,...,...,...,29
105,公立,一般大學,0013,國立中正大學,碩士班(日間),女,1040,169,6,13,1,8,55,2,4,...,...,...,...,...,...,...,80
105,公立,一般大學,0013,國立中正大學,碩士在職專班,女,738,149,7,1,1,1,47,5,33,...,...,...,...,...,...,...,54
105,公立,一般大學,0013,國立中正大學,博士班,女,175,53,3,5,0,0,15,2,8,...,...,...,...,...,...,...,20
105,公立,一般大學,0014,國立高雄師範大學,學士班(日間),男,1693,34,2,0,2,15,4,0,0,...,...,...,...,...,...,...,11
105,公立,一般大學,0014,國立高雄師範大學,碩士班(日間),男,511,162,2,0,1,10,70,0,7,...,...,...,...,...,...,...,72
105,公立,一般大學,0014,國立高雄師範大學,碩士在職專班,男,429,69,5,1,0,0,17,0,8,...,...,...,...,...,...,...,38
105,公立,一般大學,0014,國立高雄師範大學,博士班,男,232,44,0,0,0,0,26,0,8,...,...,...,...,...,...,...,10
105,公立,一般大學,0014,國立高雄師範大學,學士班(日間),女,1832,29,0,1,3,15,0,0,0,...,...,...,...,...,...,...,10
105,公立,一般大學,0014,國立高雄師範大學,碩士班(日間),女,852,241,6,5,3,6,117,6,23,...,...,...,...,...,...,...,75
105,公立,一般大學,0014,國立高雄師範大學,碩士在職專班,女,824,197,12,0,1,0,40,12,36,...,...,...,...,...,...,...,96
105,公立,一般大學,0014,國立高雄師範大學,博士班,女,235,66,1,0,1,0,23,4,23,...,...,...,...,...,...,...,14
105,公立,一般大學,0015,國立彰化師範大學,學士班(日間),男,2518,85,6,1,5,17,9,0,0,...,...,...,...,...,...,...,47
105,公立,一般大學,0015,國立彰化師範大學,碩士班(日間),男,776,162,5,5,0,11,43,0,2,...,...,...,...,...,...,...,96
105,公立,一般大學,0015,國立彰化師範大學,碩士在職專班,男,569,88,0,2,0,0,61,0,8,...,...,...,...,...,...,...,17
105,公立,一般大學,0015,國立彰化師範大學,博士班,男,284,51,2,2,0,0,20,0,5,...,...,...,...,...,...,...,22
105,公立,一般大學,0015,國立彰化師範大學,學士班(日間),女,2346,45,6,2,1,10,1,2,0,...,...,...,...,...,...,...,23
105,公立,一般大學,0015,國立彰化師範大學,碩士班(日間),女,772,201,7,7,0,4,65,3,14,...,...,...,...,...,...,...,101
105,公立,一般大學,0015,國立彰化師範大學,碩士在職專班,女,729,98,4,0,0,0,47,10,27,...,...,...,...,...,...,...,10
105,公立,一般大學,0015,國立彰化師範大學,博士班,女,198,50,6,0,0,0,10,1,9,...,...,...,...,...,...,...,24
105,公立,一般大學,0016,國立陽明大學,學士班(日間),男,1165,53,1,0,0,12,0,0,0,...,...,...,...,...,...,...,40
105,公立,一般大學,0016,國立陽明大學,碩士班(日間),男,487,68,0,0,0,2,5,0,1,...,...,...,...,...,...,...,60
105,公立,一般大學,0016,國立陽明大學,碩士在職專班,男,43,7,0,0,0,1,2,0,0,...,...,...,...,...,...,...,4
105,公立,一般大學,0016,國立陽明大學,博士班,男,559,141,2,0,0,0,14,0,11,...,...,...,...,...,...,...,114
105,公立,一般大學,0016,國立陽明大學,學士班(日間),女,956,48,1,0,0,3,0,0,0,...,...,...,...,...,...,...,44
105,公立,一般大學,0016,國立陽明大學,碩士班(日間),女,661,119,10,0,0,3,7,1,5,...,...,...,...,...,...,...,93
105,公立,一般大學,0016,國立陽明大學,碩士在職專班,女,93,19,0,0,0,0,6,0,2,...,...,...,...,...,...,...,11
105,公立,一般大學,0016,國立陽明大學,博士班,女,371,93,2,0,0,1,9,2,8,...,...,...,...,...,...,...,71
105,公立,一般大學,0017,國立臺北大學,學士班(日間),男,2665,64,0,1,3,18,6,0,0,...,...,...,...,...,...,...,36
105,公立,一般大學,0017,國立臺北大學,學士班(進修),男,744,77,4,1,1,4,39,0,1,...,...,...,...,...,...,...,27
105,公立,一般大學,0017,國立臺北大學,碩士班(日間),男,669,107,1,4,2,0,32,0,0,...,...,...,...,...,...,...,68
105,公立,一般大學,0017,國立臺北大學,碩士在職專班,男,210,36,1,1,1,0,19,0,1,...,...,...,...,...,...,...,13
105,公立,一般大學,0017,國立臺北大學,博士班,男,128,36,2,0,0,0,12,0,0,...,...,...,...,...,...,...,22
105,公立,一般大學,0017,國立臺北大學,學士班(日間),女,3213,65,2,0,5,13,5,0,0,...,...,...,...,...,...,...,40
105,公立,一般大學,0017,國立臺北大學,學士班(進修),女,1158,96,7,5,5,7,30,2,0,...,...,...,...,...,...,...,40
105,公立,一般大學,0017,國立臺北大學,碩士班(日間),女,655,110,1,1,0,1,45,3,1,...,...,...,...,...,...,...,58
105,公立,一般大學,0017,國立臺北大學,碩士在職專班,女,260,34,1,0,0,0,17,1,5,...,...,...,...,...,...,...,10
105,公立,一般大學,0017,國立臺北大學,博士班,女,64,21,0,0,0,0,7,0,1,...,...,...,...,...,...,...,13
105,公立,一般大學,0018,國立嘉義大學,學士班(日間),男,4032,163,12,4,22,56,5,0,0,...,...,...,...,...,...,...,64
105,公立,一般大學,0018,國立嘉義大學,學士班(進修),男,1220,154,8,10,17,3,59,0,0,...,...,...,...,...,...,...,57
105,公立,一般大學,0018,國立嘉義大學,碩士班(日間),男,719,164,9,15,7,0,53,0,0,...,...,...,...,...,...,...,80
105,公立,一般大學,0018,國立嘉義大學,碩士在職專班,男,406,87,4,2,3,0,54,0,1,...,...,...,...,...,...,...,23
105,公立,一般大學,0018,國立嘉義大學,博士班,男,100,33,3,1,0,0,19,0,1,...,...,...,...,...,...,...,9
105,公立,一般大學,0018,國立嘉義大學,學士班(日間),女,3808,85,10,2,10,38,5,0,0,...,...,...,...,...,...,...,20
105,公立,一般大學,0018,國立嘉義大學,學士班(進修),女,881,73,5,10,15,4,20,3,3,...,...,...,...,...,...,...,13
105,公立,一般大學,0018,國立嘉義大學,碩士班(日間),女,723,174,9,12,2,4,70,4,15,...,...,...,...,...,...,...,58
105,公立,一般大學,0018,國立嘉義大學,碩士在職專班,女,565,142,19,5,2,0,62,12,26,...,...,...,...,...,...,...,16
105,公立,一般大學,0018,國立嘉義大學,博士班,女,91,24,5,0,0,0,9,1,0,...,...,...,...,...,...,...,9
105,公立,一般大學,0019,國立高雄大學,學士班(日間),男,2453,104,5,6,35,22,18,0,0,...,...,...,...,...,...,...,18
105,公立,一般大學,0019,國立高雄大學,學士班(進修),男,104,29,2,2,0,0,22,0,0,...,...,...,...,...,...,...,3
105,公立,一般大學,0019,國立高雄大學,碩士班(日間),男,445,93,5,13,12,11,29,0,1,...,...,...,...,...,...,...,22
105,公立,一般大學,0019,國立高雄大學,碩士在職專班,男,271,97,3,5,3,0,76,0,3,...,...,...,...,...,...,...,7
105,公立,一般大學,0019,國立高雄大學,博士班,男,20,3,2,0,0,0,1,0,0,...,...,...,...,...,...,...,0
105,公立,一般大學,0019,國立高雄大學,學士班(日間),女,1790,44,8,1,11,15,3,0,1,...,...,...,...,...,...,...,5
105,公立,一般大學,0019,國立高雄大學,學士班(進修),女,61,14,3,2,1,0,7,0,0,...,...,...,...,...,...,...,1
105,公立,一般大學,0019,國立高雄大學,碩士班(日間),女,194,39,2,6,3,0,20,0,2,...,...,...,...,...,...,...,6
105,公立,一般大學,0019,國立高雄大學,碩士在職專班,女,171,59,1,1,2,0,41,4,3,...,...,...,...,...,...,...,7
105,公立,一般大學,0020,國立東華大學,學士班(日間),男,3716,193,11,15,11,75,24,0,1,...,...,...,...,...,...,...,56
105,公立,一般大學,0020,國立東華大學,碩士班(日間),男,918,251,5,32,21,21,90,0,10,...,...,...,...,...,...,...,72
105,公立,一般大學,0020,國立東華大學,碩士在職專班,男,268,83,0,7,2,2,54,0,9,...,...,...,...,...,...,...,9
105,公立,一般大學,0020,國立東華大學,博士班,男,223,79,1,3,2,0,57,0,5,...,...,...,...,...,...,...,11
105,公立,一般大學,0020,國立東華大學,學士班(日間),女,3881,133,19,13,10,60,9,0,1,...,...,...,...,...,...,...,21
105,公立,一般大學,0020,國立東華大學,碩士班(日間),女,755,281,6,33,16,19,131,5,28,...,...,...,...,...,...,...,43
105,公立,一般大學,0020,國立東華大學,碩士在職專班,女,349,116,11,4,3,1,56,7,15,...,...,...,...,...,...,...,19
105,公立,一般大學,0020,國立東華大學,博士班,女,135,54,3,1,0,3,27,1,8,...,...,...,...,...,...,...,11
105,公立,一般大學,0021,國立暨南國際大學,學士班(日間),男,2168,65,4,2,13,29,8,0,0,...,...,...,...,...,...,...,9
105,公立,一般大學,0021,國立暨南國際大學,碩士班(日間),男,523,98,8,2,11,30,22,0,1,...,...,...,...,...,...,...,24
105,公立,一般大學,0021,國立暨南國際大學,碩士在職專班,男,225,33,1,0,1,3,24,0,0,...,...,...,...,...,...,...,4
105,公立,一般大學,0021,國立暨南國際大學,博士班,男,193,59,6,0,6,15,19,0,3,...,...,...,...,...,...,...,10
105,公立,一般大學,0021,國立暨南國際大學,學士班(日間),女,2404,54,15,1,6,31,1,0,0,...,...,...,...,...,...,...,0
105,公立,一般大學,0021,國立暨南國際大學,碩士班(日間),女,464,99,12,1,14,15,38,3,8,...,...,...,...,...,...,...,8
105,公立,一般大學,0021,國立暨南國際大學,碩士在職專班,女,222,27,3,0,2,5,13,0,2,...,...,...,...,...,...,...,2
105,公立,一般大學,0021,國立暨南國際大學,博士班,女,154,36,4,0,3,3,12,2,10,...,...,...,...,...,...,...,2
105,公立,技專校院,0022,國立臺灣科技大學,學士班(日間),男,3823,138,14,7,35,20,10,0,0,...,...,...,...,...,...,...,52
105,公立,技專校院,0022,國立臺灣科技大學,碩士班(日間),男,2361,159,10,6,1,5,39,0,3,...,...,...,...,...,...,...,95
105,公立,技專校院,0022,國立臺灣科技大學,碩士在職專班,男,507,123,2,0,4,0,78,0,17,...,...,...,...,...,...,...,22
105,公立,技專校院,0022,國立臺灣科技大學,博士班,男,780,189,5,5,17,0,71,0,18,...,...,...,...,...,...,...,73
105,公立,技專校院,0022,國立臺灣科技大學,學士班(日間),女,1754,58,5,2,22,10,1,0,1,...,...,...,...,...,...,...,17
105,公立,技專校院,0022,國立臺灣科技大學,學士班(進修),女,18,2,0,0,1,0,1,0,0,...,...,...,...,...,...,...,0
105,公立,技專校院,0022,國立臺灣科技大學,碩士班(日間),女,991,75,2,4,2,2,23,0,2,...,...,...,...,...,...,...,40
105,公立,技專校院,0022,國立臺灣科技大學,碩士在職專班,女,237,30,2,0,0,1,13,1,3,...,...,...,...,...,...,...,10
105,公立,技專校院,0022,國立臺灣科技大學,博士班,女,209,50,2,2,1,0,12,6,9,...,...,...,...,...,...,...,18
105,公立,技專校院,0023,國立雲林科技大學,學士班(日間),男,3866,118,5,16,33,31,13,0,0,...,...,...,...,...,...,...,20
105,公立,技專校院,0023,國立雲林科技大學,碩士班(日間),男,1273,162,0,29,25,16,46,0,1,...,...,...,...,...,...,...,45
105,公立,技專校院,0023,國立雲林科技大學,碩士在職專班,男,432,77,0,5,2,0,60,0,5,...,...,...,...,...,...,...,5
105,公立,技專校院,0023,國立雲林科技大學,博士班,男,297,94,3,10,11,0,47,0,12,...,...,...,...,...,...,...,11
105,公立,技專校院,0023,國立雲林科技大學,學士班(日間),女,2645,61,8,12,8,16,9,0,0,...,...,...,...,...,...,...,8
105,公立,技專校院,0023,國立雲林科技大學,碩士班(日間),女,750,94,2,26,17,5,24,4,6,...,...,...,...,...,...,...,10
105,公立,技專校院,0023,國立雲林科技大學,碩士在職專班,女,335,76,1,8,1,2,44,3,12,...,...,...,...,...,...,...,5
105,公立,技專校院,0023,國立雲林科技大學,博士班,女,154,38,1,2,2,1,20,2,7,...,...,...,...,...,...,...,3
105,公立,技專校院,0024,國立屏東科技大學,學士班(日間),男,4064,144,3,2,13,42,15,0,0,...,...,...,...,...,...,...,69
105,公立,技專校院,0024,國立屏東科技大學,學士班(進修),男,828,55,2,3,0,0,16,0,0,...,...,...,...,...,...,...,34
105,公立,技專校院,0024,國立屏東科技大學,碩士班(日間),男,720,135,0,8,0,4,34,0,0,...,...,...,...,...,...,...,89
105,公立,技專校院,0024,國立屏東科技大學,碩士在職專班,男,308,45,2,0,0,0,32,0,1,...,...,...,...,...,...,...,10
105,公立,技專校院,0024,國立屏東科技大學,博士班,男,170,39,0,0,0,0,18,0,3,...,...,...,...,...,...,...,18
105,公立,技專校院,0024,國立屏東科技大學,學士班(日間),女,3754,97,2,6,1,20,11,1,3,...,...,...,...,...,...,...,53
105,公立,技專校院,0024,國立屏東科技大學,學士班(進修),女,741,35,0,4,0,4,5,1,1,...,...,...,...,...,...,...,20
105,公立,技專校院,0024,國立屏東科技大學,碩士班(日間),女,510,100,0,7,0,1,29,2,8,...,...,...,...,...,...,...,53
105,公立,技專校院,0024,國立屏東科技大學,碩士在職專班,女,163,22,0,0,0,0,12,1,2,...,...,...,...,...,...,...,7
105,公立,技專校院,0024,國立屏東科技大學,博士班,女,85,18,1,0,0,0,5,0,0,...,...,...,...,...,...,...,12
105,公立,技專校院,0025,國立臺北科技大學,學士班(日間),男,4188,152,5,5,17,49,6,0,0,...,...,...,...,...,...,...,70
105,公立,技專校院,0025,國立臺北科技大學,學士班(進修),男,1345,44,2,0,2,2,28,0,2,...,...,...,...,...,...,...,8
105,公立,技專校院,0025,國立臺北科技大學,碩士班(日間),男,2067,136,8,14,2,13,14,0,2,...,...,...,...,...,...,...,83
105,公立,技專校院,0025,國立臺北科技大學,碩士在職專班,男,1056,148,3,5,2,0,110,0,21,...,...,...,...,...,...,...,7
105,公立,技專校院,0025,國立臺北科技大學,博士班,男,549,130,11,11,4,1,54,0,7,...,...,...,...,...,...,...,42
105,公立,技專校院,0025,國立臺北科技大學,學士班(日間),女,1801,52,5,0,1,16,3,0,0,...,...,...,...,...,...,...,27
105,公立,技專校院,0025,國立臺北科技大學,學士班(進修),女,381,16,0,0,1,2,5,1,0,...,...,...,...,...,...,...,7
105,公立,技專校院,0025,國立臺北科技大學,碩士班(日間),女,667,51,5,10,0,4,6,1,2,...,...,...,...,...,...,...,23
105,公立,技專校院,0025,國立臺北科技大學,碩士在職專班,女,368,57,3,0,2,0,31,3,11,...,...,...,...,...,...,...,7
105,公立,技專校院,0025,國立臺北科技大學,博士班,女,146,26,4,0,1,0,9,2,4,...,...,...,...,...,...,...,6
105,公立,技專校院,0026,國立高雄第一科技大學,學士班(日間),男,2850,101,1,5,15,37,10,0,0,...,...,...,...,...,...,...,33
105,公立,技專校院,0026,國立高雄第一科技大學,碩士班(日間),男,662,95,1,8,7,6,25,0,2,...,...,...,...,...,...,...,46
105,公立,技專校院,0026,國立高雄第一科技大學,碩士在職專班,男,504,79,0,3,1,1,52,0,11,...,...,...,...,...,...,...,11
105,公立,技專校院,0026,國立高雄第一科技大學,博士班,男,178,46,0,0,2,0,30,0,7,...,...,...,...,...,...,...,7
105,公立,技專校院,0026,國立高雄第一科技大學,學士班(日間),女,2872,62,3,4,10,19,9,0,0,...,...,...,...,...,...,...,17
105,公立,技專校院,0026,國立高雄第一科技大學,碩士班(日間),女,403,58,0,8,0,3,22,1,3,...,...,...,...,...,...,...,21
105,公立,技專校院,0026,國立高雄第一科技大學,碩士在職專班,女,212,28,0,0,1,0,16,1,5,...,...,...,...,...,...,...,5
105,公立,技專校院,0026,國立高雄第一科技大學,博士班,女,49,8,0,0,1,2,2,0,0,...,...,...,...,...,...,...,3
105,公立,技專校院,0027,國立高雄應用科技大學,學士班(日間),男,4835,132,6,3,12,24,11,0,0,...,...,...,...,...,...,...,76
105,公立,技專校院,0027,國立高雄應用科技大學,學士班(進修),男,1082,129,2,1,2,63,34,0,1,...,...,...,...,...,...,...,26
105,公立,技專校院,0027,國立高雄應用科技大學,碩士班(日間),男,962,105,7,3,0,11,18,0,1,...,...,...,...,...,...,...,65
105,公立,技專校院,0027,國立高雄應用科技大學,碩士在職專班,男,750,204,0,3,6,72,93,0,7,...,...,...,...,...,...,...,23
105,公立,技專校院,0027,國立高雄應用科技大學,博士班,男,230,29,1,0,1,0,19,0,1,...,...,...,...,...,...,...,7
105,公立,技專校院,0027,國立高雄應用科技大學,學士班(日間),女,2697,54,6,1,2,19,3,0,1,...,...,...,...,...,...,...,22
105,公立,技專校院,0027,國立高雄應用科技大學,學士班(進修),女,630,70,4,1,0,28,22,1,4,...,...,...,...,...,...,...,10
105,公立,技專校院,0027,國立高雄應用科技大學,碩士班(日間),女,340,31,0,2,4,5,7,0,2,...,...,...,...,...,...,...,11
105,公立,技專校院,0027,國立高雄應用科技大學,碩士在職專班,女,447,88,4,1,1,18,34,3,14,...,...,...,...,...,...,...,13
105,公立,技專校院,0027,國立高雄應用科技大學,博士班,女,46,9,2,0,0,0,4,0,0,...,...,...,...,...,...,...,3
105,公立,一般大學,0028,國立臺北藝術大學,五專,男,41,2,0,0,0,2,0,0,0,...,...,...,...,...,...,...,0
105,公立,一般大學,0028,國立臺北藝術大學,學士班(日間),男,609,26,1,0,8,8,4,0,0,...,...,...,...,...,...,...,5
105,公立,一般大學,0028,國立臺北藝術大學,碩士班(日間),男,316,111,3,2,51,9,24,0,5,...,...,...,...,...,...,...,17
105,公立,一般大學,0028,國立臺北藝術大學,碩士在職專班,男,65,15,1,2,2,0,3,0,3,...,...,...,...,...,...,...,4
105,公立,一般大學,0028,國立臺北藝術大學,博士班,男,24,5,1,0,1,1,1,0,1,...,...,...,...,...,...,...,0
105,公立,一般大學,0028,國立臺北藝術大學,五專,女,46,2,0,0,1,1,0,0,0,...,...,...,...,...,...,...,0
105,公立,一般大學,0028,國立臺北藝術大學,學士班(日間),女,1204,61,8,3,4,17,3,0,0,...,...,...,...,...,...,...,26
105,公立,一般大學,0028,國立臺北藝術大學,碩士班(日間),女,641,172,4,7,54,15,39,3,13,...,...,...,...,...,...,...,37
105,公立,一般大學,0028,國立臺北藝術大學,碩士在職專班,女,113,28,1,0,7,1,4,3,6,...,...,...,...,...,...,...,6
105,公立,一般大學,0028,國立臺北藝術大學,博士班,女,57,15,0,0,4,3,2,1,3,...,...,...,...,...,...,...,2
105,公立,一般大學,0029,國立臺灣藝術大學,學士班(日間),男,695,39,0,2,2,1,8,0,0,...,...,...,...,...,...,...,26
105,公立,一般大學,0029,國立臺灣藝術大學,學士班(進修),男,598,50,3,6,2,1,13,0,0,...,...,...,...,...,...,...,25
105,公立,一般大學,0029,國立臺灣藝術大學,碩士班(日間),男,288,100,2,1,22,0,31,0,1,...,...,...,...,...,...,...,43
105,公立,一般大學,0029,國立臺灣藝術大學,碩士在職專班,男,180,25,0,0,3,0,15,0,1,...,...,...,...,...,...,...,6
105,公立,一般大學,0029,國立臺灣藝術大學,博士班,男,48,8,0,0,2,0,3,0,1,...,...,...,...,...,...,...,2
105,公立,一般大學,0029,國立臺灣藝術大學,學士班(日間),女,1729,65,4,5,6,11,6,1,0,...,...,...,...,...,...,...,32
105,公立,一般大學,0029,國立臺灣藝術大學,學士班(進修),女,1341,109,8,1,7,6,35,4,4,...,...,...,...,...,...,...,44
105,公立,一般大學,0029,國立臺灣藝術大學,碩士班(日間),女,470,100,3,5,18,0,31,4,8,...,...,...,...,...,...,...,31
105,公立,一般大學,0029,國立臺灣藝術大學,碩士在職專班,女,281,45,3,1,9,0,14,3,5,...,...,...,...,...,...,...,10
105,公立,一般大學,0029,國立臺灣藝術大學,博士班,女,52,15,0,0,1,0,5,1,5,...,...,...,...,...,...,...,3
105,公立,一般大學,0030,國立臺東大學,學士班(日間),男,1728,104,6,1,26,19,6,0,0,...,...,...,...,...,...,...,46
105,公立,一般大學,0030,國立臺東大學,學士班(進修),男,91,19,0,1,0,0,3,0,0,...,...,...,...,...,...,...,15
105,公立,一般大學,0030,國立臺東大學,碩士班(日間),男,120,25,2,0,1,2,9,0,0,...,...,...,...,...,...,...,11
105,公立,一般大學,0030,國立臺東大學,碩士在職專班,男,174,54,1,0,3,1,17,0,2,...,...,...,...,...,...,...,30
105,公立,一般大學,0030,國立臺東大學,博士班,男,15,6,1,0,0,0,3,0,0,...,...,...,...,...,...,...,2
105,公立,一般大學,0030,國立臺東大學,學士班(日間),女,1818,68,10,2,4,15,8,0,0,...,...,...,...,...,...,...,29
105,公立,一般大學,0030,國立臺東大學,學士班(進修),女,84,12,1,0,0,1,2,0,0,...,...,...,...,...,...,...,8
105,公立,一般大學,0030,國立臺東大學,碩士班(日間),女,186,62,2,4,4,1,23,1,5,...,...,...,...,...,...,...,22
105,公立,一般大學,0030,國立臺東大學,碩士在職專班,女,406,80,4,2,1,3,21,1,6,...,...,...,...,...,...,...,42
105,公立,一般大學,0030,國立臺東大學,博士班,女,25,10,0,0,1,0,4,0,1,...,...,...,...,...,...,...,4
105,公立,一般大學,0031,國立宜蘭大學,學士班(日間),男,2825,113,2,3,26,32,13,0,0,...,...,...,...,...,...,...,37
105,公立,一般大學,0031,國立宜蘭大學,學士班(進修),男,267,56,4,3,6,1,20,0,0,...,...,...,...,...,...,...,22
105,公立,一般大學,0031,國立宜蘭大學,碩士班(日間),男,336,42,4,3,5,3,14,0,0,...,...,...,...,...,...,...,13
105,公立,一般大學,0031,國立宜蘭大學,碩士在職專班,男,144,26,0,1,0,1,22,0,0,...,...,...,...,...,...,...,2
105,公立,一般大學,0031,國立宜蘭大學,博士班,男,9,4,1,0,0,0,2,0,0,...,...,...,...,...,...,...,1
105,公立,一般大學,0031,國立宜蘭大學,學士班(日間),女,1579,36,5,3,6,14,3,0,0,...,...,...,...,...,...,...,5
105,公立,一般大學,0031,國立宜蘭大學,學士班(進修),女,131,17,1,1,1,1,6,1,2,...,...,...,...,...,...,...,4
105,公立,一般大學,0031,國立宜蘭大學,碩士班(日間),女,141,14,3,0,1,1,7,1,0,...,...,...,...,...,...,...,1
105,公立,一般大學,0031,國立宜蘭大學,碩士在職專班,女,54,11,0,0,0,0,11,0,0,...,...,...,...,...,...,...,0
105,公立,一般大學,0031,國立宜蘭大學,博士班,女,1,1,0,0,0,0,1,0,0,...,...,...,...,...,...,...,0
105,公立,一般大學,0032,國立聯合大學,學士班(日間),男,4260,159,9,8,42,27,10,0,0,...,...,...,...,...,...,...,63
105,公立,一般大學,0032,國立聯合大學,學士班(進修),男,798,72,3,3,8,0,14,0,0,...,...,...,...,...,...,...,44
105,公立,一般大學,0032,國立聯合大學,碩士班(日間),男,294,18,0,0,4,1,4,0,0,...,...,...,...,...,...,...,9
105,公立,一般大學,0032,國立聯合大學,博士班,男,9,2,0,0,0,0,1,0,1,...,...,...,...,...,...,...,0
105,公立,一般大學,0032,國立聯合大學,學士班(日間),女,1865,40,5,1,10,12,5,1,1,...,...,...,...,...,...,...,5
105,公立,一般大學,0032,國立聯合大學,學士班(進修),女,525,26,1,0,4,2,10,2,2,...,...,...,...,...,...,...,5
105,公立,一般大學,0032,國立聯合大學,碩士班(日間),女,124,14,4,0,1,0,8,1,0,...,...,...,...,...,...,...,0
105,公立,技專校院,0033,國立虎尾科技大學,學士班(日間),男,5608,210,21,72,32,58,14,0,0,...,...,...,...,...,...,...,13
105,公立,技專校院,0033,國立虎尾科技大學,學士班(進修),男,1171,80,3,20,2,13,11,0,0,...,...,...,...,...,...,...,31
105,公立,技專校院,0033,國立虎尾科技大學,碩士班(日間),男,707,81,7,62,1,7,2,0,0,...,...,...,...,...,...,...,2
105,公立,技專校院,0033,國立虎尾科技大學,碩士在職專班,男,149,37,0,1,0,0,31,0,4,...,...,...,...,...,...,...,1
105,公立,技專校院,0033,國立虎尾科技大學,博士班,男,21,2,0,2,0,0,0,0,0,...,...,...,...,...,...,...,0
105,公立,技專校院,0033,國立虎尾科技大學,學士班(日間),女,1878,49,9,14,5,13,2,2,2,...,...,...,...,...,...,...,2
105,公立,技專校院,0033,國立虎尾科技大學,學士班(進修),女,336,30,4,11,1,2,3,2,0,...,...,...,...,...,...,...,7
105,公立,技專校院,0033,國立虎尾科技大學,碩士班(日間),女,153,17,3,3,0,3,4,1,1,...,...,...,...,...,...,...,2
105,公立,技專校院,0033,國立虎尾科技大學,碩士在職專班,女,62,13,0,2,0,0,9,0,2,...,...,...,...,...,...,...,0
105,公立,技專校院,0034,國立高雄海洋科技大學,五專,男,441,11,1,1,0,5,1,0,0,...,...,...,...,...,...,...,3
105,公立,技專校院,0034,國立高雄海洋科技大學,學士班(日間),男,3139,147,2,4,8,26,31,0,0,...,...,...,...,...,...,...,76
105,公立,技專校院,0034,國立高雄海洋科技大學,學士班(進修),男,1183,139,3,12,2,30,47,0,0,...,...,...,...,...,...,...,45
105,公立,技專校院,0034,國立高雄海洋科技大學,碩士班(日間),男,220,44,2,2,0,2,18,0,0,...,...,...,...,...,...,...,20
105,公立,技專校院,0034,國立高雄海洋科技大學,碩士在職專班,男,116,31,0,0,0,0,26,0,0,...,...,...,...,...,...,...,5
105,公立,技專校院,0034,國立高雄海洋科技大學,博士班,男,16,1,0,0,0,0,0,0,0,...,...,...,...,...,...,...,1
105,公立,技專校院,0034,國立高雄海洋科技大學,五專,女,75,2,0,0,0,2,0,0,0,...,...,...,...,...,...,...,0
105,公立,技專校院,0034,國立高雄海洋科技大學,學士班(日間),女,1717,62,4,0,1,25,12,0,1,...,...,...,...,...,...,...,19
105,公立,技專校院,0034,國立高雄海洋科技大學,學士班(進修),女,624,53,1,5,0,16,22,0,0,...,...,...,...,...,...,...,9
105,公立,技專校院,0034,國立高雄海洋科技大學,碩士班(日間),女,118,21,0,0,1,1,11,1,1,...,...,...,...,...,...,...,6
105,公立,技專校院,0034,國立高雄海洋科技大學,碩士在職專班,女,50,23,0,2,0,0,16,0,2,...,...,...,...,...,...,...,3
105,公立,技專校院,0034,國立高雄海洋科技大學,博士班,女,4,1,0,0,0,0,1,0,0,...,...,...,...,...,...,...,0
105,公立,一般大學,0035,國立臺南藝術大學,五專,男,71,6,0,0,0,5,0,0,0,...,...,...,...,...,...,...,1
105,公立,一般大學,0035,國立臺南藝術大學,學士班(日間),男,213,17,0,0,0,5,2,0,0,...,...,...,...,...,...,...,10
105,公立,一般大學,0035,國立臺南藝術大學,碩士班(日間),男,188,54,0,2,0,1,6,0,0,...,...,...,...,...,...,...,45
105,公立,一般大學,0035,國立臺南藝術大學,碩士在職專班,男,14,11,0,0,0,0,5,0,2,...,...,...,...,...,...,...,4
105,公立,一般大學,0035,國立臺南藝術大學,博士班,男,18,7,0,0,0,1,2,0,2,...,...,...,...,...,...,...,2
105,公立,一般大學,0035,國立臺南藝術大學,五專,女,91,1,0,0,0,1,0,0,0,...,...,...,...,...,...,...,0
105,公立,一般大學,0035,國立臺南藝術大學,學士班(日間),女,542,27,0,0,0,7,2,0,1,...,...,...,...,...,...,...,17
105,公立,一般大學,0035,國立臺南藝術大學,碩士班(日間),女,346,104,0,2,0,7,24,1,11,...,...,...,...,...,...,...,59
105,公立,一般大學,0035,國立臺南藝術大學,碩士在職專班,女,29,23,0,0,0,0,10,1,6,...,...,...,...,...,...,...,6
105,公立,一般大學,0035,國立臺南藝術大學,博士班,女,17,3,0,0,0,0,1,1,0,...,...,...,...,...,...,...,1
105,公立,一般大學,0036,國立臺南大學,學士班(日間),男,1811,65,2,3,10,20,7,0,0,...,...,...,...,...,...,...,23
105,公立,一般大學,0036,國立臺南大學,學士班(進修),男,45,8,0,0,0,2,3,0,0,...,...,...,...,...,...,...,3
105,公立,一般大學,0036,國立臺南大學,碩士班(日間),男,454,111,6,9,1,2,36,0,0,...,...,...,...,...,...,...,57
105,公立,一般大學,0036,國立臺南大學,碩士在職專班,男,246,42,1,0,0,0,28,0,3,...,...,...,...,...,...,...,10
105,公立,一般大學,0036,國立臺南大學,博士班,男,78,21,1,0,0,0,13,0,1,...,...,...,...,...,...,...,6
105,公立,一般大學,0036,國立臺南大學,學士班(日間),女,2089,49,3,4,3,21,7,0,0,...,...,...,...,...,...,...,11
105,公立,一般大學,0036,國立臺南大學,學士班(進修),女,75,6,2,0,1,0,1,0,0,...,...,...,...,...,...,...,2
105,公立,一般大學,0036,國立臺南大學,碩士班(日間),女,536,155,4,5,5,4,58,2,7,...,...,...,...,...,...,...,70
105,公立,一般大學,0036,國立臺南大學,碩士在職專班,女,451,95,1,0,0,0,52,2,15,...,...,...,...,...,...,...,25
105,公立,一般大學,0036,國立臺南大學,博士班,女,94,20,1,0,0,1,11,1,2,...,...,...,...,...,...,...,4
105,公立,一般大學,0037,國立臺北教育大學,學士班(日間),男,1164,47,2,2,0,4,3,0,1,...,...,...,...,...,...,...,35
105,公立,一般大學,0037,國立臺北教育大學,碩士班(日間),男,388,119,2,12,0,3,34,0,6,...,...,...,...,...,...,...,62
105,公立,一般大學,0037,國立臺北教育大學,碩士在職專班,男,250,53,2,4,0,0,41,0,5,...,...,...,...,...,...,...,1
105,公立,一般大學,0037,國立臺北教育大學,博士班,男,63,24,1,1,0,0,12,0,3,...,...,...,...,...,...,...,7
105,公立,一般大學,0037,國立臺北教育大學,學士班(日間),女,2200,59,1,4,0,13,4,0,0,...,...,...,...,...,...,...,37
105,公立,一般大學,0037,國立臺北教育大學,碩士班(日間),女,754,206,4,6,0,3,91,4,21,...,...,...,...,...,...,...,77
105,公立,一般大學,0037,國立臺北教育大學,碩士在職專班,女,764,137,6,1,0,1,74,8,29,...,...,...,...,...,...,...,18
105,公立,一般大學,0037,國立臺北教育大學,博士班,女,74,25,0,1,0,0,11,0,5,...,...,...,...,...,...,...,8
105,公立,一般大學,0039,國立臺中教育大學,學士班(日間),男,1191,41,4,0,0,8,2,0,0,...,...,...,...,...,...,...,27
105,公立,一般大學,0039,國立臺中教育大學,碩士班(日間),男,279,56,2,1,0,0,16,0,2,...,...,...,...,...,...,...,35
105,公立,一般大學,0039,國立臺中教育大學,碩士在職專班,男,176,28,0,0,0,0,15,0,0,...,...,...,...,...,...,...,13
105,公立,一般大學,0039,國立臺中教育大學,博士班,男,56,18,0,0,0,0,11,0,0,...,...,...,...,...,...,...,7
105,公立,一般大學,0039,國立臺中教育大學,學士班(日間),女,2156,51,2,1,0,7,1,0,0,...,...,...,...,...,...,...,40
105,公立,一般大學,0039,國立臺中教育大學,碩士班(日間),女,544,97,6,1,0,0,26,2,12,...,...,...,...,...,...,...,50
105,公立,一般大學,0039,國立臺中教育大學,碩士在職專班,女,549,84,8,1,0,0,19,9,13,...,...,...,...,...,...,...,34
105,公立,一般大學,0039,國立臺中教育大學,博士班,女,70,9,0,0,0,0,5,1,2,...,...,...,...,...,...,...,1
105,公立,技專校院,0042,國立澎湖科技大學,學士班(日間),男,1480,54,1,2,0,4,4,0,0,...,...,...,...,...,...,...,43
105,公立,技專校院,0042,國立澎湖科技大學,學士班(進修),男,145,16,0,0,0,0,8,0,0,...,...,...,...,...,...,...,8
105,公立,技專校院,0042,國立澎湖科技大學,碩士班(日間),男,42,13,0,0,0,0,6,0,0,...,...,...,...,...,...,...,7
105,公立,技專校院,0042,國立澎湖科技大學,碩士在職專班,男,28,3,0,0,0,0,3,0,0,...,...,...,...,...,...,...,0
105,公立,技專校院,0042,國立澎湖科技大學,學士班(日間),女,1088,22,2,2,0,0,5,0,0,...,...,...,...,...,...,...,13
105,公立,技專校院,0042,國立澎湖科技大學,學士班(進修),女,184,14,1,0,0,2,6,0,0,...,...,...,...,...,...,...,5
105,公立,技專校院,0042,國立澎湖科技大學,碩士班(日間),女,37,5,0,0,0,0,3,0,0,...,...,...,...,...,...,...,2
105,公立,技專校院,0043,國立勤益科技大學,二專(日間),男,1,5,0,0,0,0,1,0,0,...,...,...,...,...,...,...,4
105,公立,技專校院,0043,國立勤益科技大學,學士班(日間),男,4673,282,12,17,39,12,28,0,0,...,...,...,...,...,...,...,174
105,公立,技專校院,0043,國立勤益科技大學,學士班(進修),男,2925,189,5,7,13,26,62,0,0,...,...,...,...,...,...,...,76
105,公立,技專校院,0043,國立勤益科技大學,碩士班(日間),男,495,68,0,8,3,8,21,0,0,...,...,...,...,...,...,...,28
105,公立,技專校院,0043,國立勤益科技大學,碩士在職專班,男,211,43,1,1,0,5,19,0,0,...,...,...,...,...,...,...,17
105,公立,技專校院,0043,國立勤益科技大學,二專(日間),女,0,2,0,0,0,0,0,0,0,...,...,...,...,...,...,...,2
105,公立,技專校院,0043,國立勤益科技大學,學士班(日間),女,2078,76,5,11,5,8,4,0,3,...,...,...,...,...,...,...,40
105,公立,技專校院,0043,國立勤益科技大學,學士班(進修),女,660,51,2,3,1,8,24,2,1,...,...,...,...,...,...,...,10
105,公立,技專校院,0043,國立勤益科技大學,碩士班(日間),女,119,32,1,2,3,3,8,0,1,...,...,...,...,...,...,...,14
105,公立,技專校院,0043,國立勤益科技大學,碩士在職專班,女,48,3,0,1,0,0,2,0,0,...,...,...,...,...,...,...,0
105,公立,一般大學,0044,國立體育大學,學士班(日間),男,1025,104,2,6,0,4,25,0,1,...,...,...,...,...,...,...,66
105,公立,一般大學,0044,國立體育大學,學士班(進修),男,67,11,1,1,0,0,7,0,0,...,...,...,...,...,...,...,2
105,公立,一般大學,0044,國立體育大學,碩士班(日間),男,195,60,0,0,0,0,29,0,2,...,...,...,...,...,...,...,29
105,公立,一般大學,0044,國立體育大學,碩士在職專班,男,100,31,0,0,0,0,28,0,0,...,...,...,...,...,...,...,3
105,公立,一般大學,0044,國立體育大學,博士班,男,86,24,1,0,0,0,11,0,6,...,...,...,...,...,...,...,6
105,公立,一般大學,0044,國立體育大學,學士班(日間),女,616,39,2,5,0,1,12,0,0,...,...,...,...,...,...,...,19
105,公立,一般大學,0044,國立體育大學,學士班(進修),女,39,3,0,0,0,0,3,0,0,...,...,...,...,...,...,...,0
105,公立,一般大學,0044,國立體育大學,碩士班(日間),女,165,31,0,1,0,0,20,0,2,...,...,...,...,...,...,...,8
105,公立,一般大學,0044,國立體育大學,碩士在職專班,女,96,17,0,0,0,0,10,1,3,...,...,...,...,...,...,...,3
105,公立,一般大學,0044,國立體育大學,博士班,女,48,15,0,1,0,0,9,0,2,...,...,...,...,...,...,...,3
105,公立,技專校院,0046,國立臺北護理健康大學,學士班(日間),男,645,25,3,0,5,10,4,0,0,...,...,...,...,...,...,...,3
105,公立,技專校院,0046,國立臺北護理健康大學,碩士班(日間),男,85,23,0,0,3,4,8,0,2,...,...,...,...,...,...,...,6
105,公立,技專校院,0046,國立臺北護理健康大學,碩士在職專班,男,30,13,0,0,0,2,10,0,0,...,...,...,...,...,...,...,1
105,公立,技專校院,0046,國立臺北護理健康大學,博士班,男,1,1,0,0,0,0,0,0,0,...,...,...,...,...,...,...,1
105,公立,技專校院,0046,國立臺北護理健康大學,學士班(日間),女,2632,105,9,4,22,34,18,0,3,...,...,...,...,...,...,...,15
105,公立,技專校院,0046,國立臺北護理健康大學,學士班(進修),女,711,72,6,0,1,5,26,1,18,...,...,...,...,...,...,...,15
105,公立,技專校院,0046,國立臺北護理健康大學,碩士班(日間),女,480,154,6,5,18,6,62,5,28,...,...,...,...,...,...,...,24
105,公立,技專校院,0046,國立臺北護理健康大學,碩士在職專班,女,145,53,4,0,1,0,27,3,14,...,...,...,...,...,...,...,4
105,公立,技專校院,0046,國立臺北護理健康大學,博士班,女,64,13,1,0,1,0,8,0,1,...,...,...,...,...,...,...,2
105,公立,技專校院,0047,國立高雄餐旅大學,二專(進修),男,90,8,0,0,8,0,0,0,0,...,...,...,...,...,...,...,0
105,公立,技專校院,0047,國立高雄餐旅大學,五專,男,80,4,1,0,0,1,0,0,0,...,...,...,...,...,...,...,2
105,公立,技專校院,0047,國立高雄餐旅大學,學士班(日間),男,889,43,6,4,1,10,1,0,0,...,...,...,...,...,...,...,21
105,公立,技專校院,0047,國立高雄餐旅大學,學士班(進修),男,321,24,1,4,5,3,5,0,1,...,...,...,...,...,...,...,5
105,公立,技專校院,0047,國立高雄餐旅大學,碩士班(日間),男,53,17,2,3,3,0,5,0,0,...,...,...,...,...,...,...,4
105,公立,技專校院,0047,國立高雄餐旅大學,碩士在職專班,男,37,20,0,2,0,1,13,0,1,...,...,...,...,...,...,...,3
105,公立,技專校院,0047,國立高雄餐旅大學,博士班,男,14,3,1,0,0,0,1,0,0,...,...,...,...,...,...,...,1
105,公立,技專校院,0047,國立高雄餐旅大學,二專(進修),女,186,9,1,0,8,0,0,0,0,...,...,...,...,...,...,...,0
105,公立,技專校院,0047,國立高雄餐旅大學,五專,女,129,3,1,1,0,0,0,0,0,...,...,...,...,...,...,...,1
105,公立,技專校院,0047,國立高雄餐旅大學,學士班(日間),女,2418,70,3,12,3,25,0,2,0,...,...,...,...,...,...,...,25
105,公立,技專校院,0047,國立高雄餐旅大學,學士班(進修),女,905,45,2,8,7,7,7,0,1,...,...,...,...,...,...,...,13
105,公立,技專校院,0047,國立高雄餐旅大學,碩士班(日間),女,120,20,0,3,2,1,9,0,4,...,...,...,...,...,...,...,1
105,公立,技專校院,0047,國立高雄餐旅大學,碩士在職專班,女,37,13,1,1,0,0,11,0,0,...,...,...,...,...,...,...,0
105,公立,技專校院,0047,國立高雄餐旅大學,博士班,女,11,1,0,0,0,0,0,0,1,...,...,...,...,...,...,...,0
105,公立,一般大學,0048,國立金門大學,學士班(日間),男,1725,73,0,4,6,24,11,0,0,...,...,...,...,...,...,...,28
105,公立,一般大學,0048,國立金門大學,學士班(進修),男,473,48,0,1,0,14,26,0,1,...,...,...,...,...,...,...,6
105,公立,一般大學,0048,國立金門大學,碩士班(日間),男,124,35,2,2,0,7,11,0,0,...,...,...,...,...,...,...,13
105,公立,一般大學,0048,國立金門大學,碩士在職專班,男,51,7,0,0,0,1,6,0,0,...,...,...,...,...,...,...,0
105,公立,一般大學,0048,國立金門大學,學士班(日間),女,1691,44,0,3,14,6,7,1,1,...,...,...,...,...,...,...,12
105,公立,一般大學,0048,國立金門大學,學士班(進修),女,360,17,1,1,0,3,6,2,0,...,...,...,...,...,...,...,4
105,公立,一般大學,0048,國立金門大學,碩士班(日間),女,77,20,0,2,1,3,11,1,2,...,...,...,...,...,...,...,0
105,公立,一般大學,0049,國立臺灣體育運動大學,學士班(日間),男,1434,115,4,41,29,18,17,0,2,...,...,...,...,...,...,...,4
105,公立,一般大學,0049,國立臺灣體育運動大學,學士班(進修),男,254,33,2,6,3,1,18,0,1,...,...,...,...,...,...,...,2
105,公立,一般大學,0049,國立臺灣體育運動大學,碩士班(日間),男,147,50,0,11,9,2,19,0,1,...,...,...,...,...,...,...,8
105,公立,一般大學,0049,國立臺灣體育運動大學,碩士在職專班,男,65,8,0,3,0,0,5,0,0,...,...,...,...,...,...,...,0
105,公立,一般大學,0049,國立臺灣體育運動大學,學士班(日間),女,969,52,5,22,9,13,3,0,0,...,...,...,...,...,...,...,0
105,公立,一般大學,0049,國立臺灣體育運動大學,學士班(進修),女,95,15,1,3,2,3,5,0,1,...,...,...,...,...,...,...,0
105,公立,一般大學,0049,國立臺灣體育運動大學,碩士班(日間),女,127,46,0,15,12,2,14,1,2,...,...,...,...,...,...,...,0
105,公立,一般大學,0049,國立臺灣體育運動大學,碩士在職專班,女,32,2,0,1,0,0,1,0,0,...,...,...,...,...,...,...,0
105,公立,技專校院,0050,國立臺中科技大學,五專,男,731,34,0,2,0,14,2,0,0,...,...,...,...,...,...,...,16
105,公立,技專校院,0050,國立臺中科技大學,學士班(日間),男,1794,65,4,5,1,20,7,0,0,...,...,...,...,...,...,...,28
105,公立,技專校院,0050,國立臺中科技大學,學士班(進修),男,842,88,3,3,6,1,27,0,0,...,...,...,...,...,...,...,48
105,公立,技專校院,0050,國立臺中科技大學,碩士班(日間),男,174,42,0,1,0,2,11,0,0,...,...,...,...,...,...,...,28
105,公立,技專校院,0050,國立臺中科技大學,碩士在職專班,男,72,16,0,0,0,1,11,0,0,...,...,...,...,...,...,...,4
105,公立,技專校院,0050,國立臺中科技大學,二專(日間),女,2,3,0,0,0,0,3,0,0,...,...,...,...,...,...,...,0
105,公立,技專校院,0050,國立臺中科技大學,二專(進修),女,149,16,0,0,0,2,4,0,0,...,...,...,...,...,...,...,10
105,公立,技專校院,0050,國立臺中科技大學,五專,女,2956,82,10,3,3,39,4,1,0,...,...,...,...,...,...,...,22
105,公立,技專校院,0050,國立臺中科技大學,學士班(日間),女,5011,131,14,8,2,51,26,3,1,...,...,...,...,...,...,...,26
105,公立,技專校院,0050,國立臺中科技大學,學士班(進修),女,1710,127,6,5,2,8,48,7,6,...,...,...,...,...,...,...,45
105,公立,技專校院,0050,國立臺中科技大學,碩士班(日間),女,210,21,2,0,0,5,7,1,1,...,...,...,...,...,...,...,5
105,公立,技專校院,0050,國立臺中科技大學,碩士在職專班,女,92,8,0,0,0,0,4,1,0,...,...,...,...,...,...,...,3
105,公立,技專校院,0051,國立臺北商業大學,二專(進修),男,24,1,0,0,0,0,0,0,0,...,...,...,...,...,...,...,1
105,公立,技專校院,0051,國立臺北商業大學,五專,男,509,64,5,6,8,8,9,0,0,...,...,...,...,...,...,...,28
105,公立,技專校院,0051,國立臺北商業大學,學士班(日間),男,756,56,7,4,5,10,7,0,0,...,...,...,...,...,...,...,23
105,公立,技專校院,0051,國立臺北商業大學,學士班(進修),男,453,36,3,7,0,6,14,0,1,...,...,...,...,...,...,...,5
105,公立,技專校院,0051,國立臺北商業大學,碩士班(日間),男,71,20,1,2,2,2,3,0,0,...,...,...,...,...,...,...,10
105,公立,技專校院,0051,國立臺北商業大學,碩士在職專班,男,12,1,0,1,0,0,0,0,0,...,...,...,...,...,...,...,0
105,公立,技專校院,0051,國立臺北商業大學,二專(進修),女,20,2,0,0,0,0,0,0,0,...,...,...,...,...,...,...,2
105,公立,技專校院,0051,國立臺北商業大學,五專,女,1476,104,11,13,13,12,17,0,1,...,...,...,...,...,...,...,37
105,公立,技專校院,0051,國立臺北商業大學,學士班(日間),女,2280,88,5,7,10,14,19,1,0,...,...,...,...,...,...,...,32
105,公立,技專校院,0051,國立臺北商業大學,學士班(進修),女,1116,60,4,11,1,5,24,6,2,...,...,...,...,...,...,...,7
105,公立,技專校院,0051,國立臺北商業大學,碩士班(日間),女,80,19,1,2,1,1,10,0,0,...,...,...,...,...,...,...,4
105,公立,技專校院,0051,國立臺北商業大學,碩士在職專班,女,13,3,1,0,0,0,1,0,0,...,...,...,...,...,...,...,1
105,公立,一般大學,0052,國立屏東大學,學士班(日間),男,2679,83,4,4,29,11,7,0,0,...,...,...,...,...,...,...,28
105,公立,一般大學,0052,國立屏東大學,學士班(進修),男,267,25,0,0,5,0,9,0,1,...,...,...,...,...,...,...,10
105,公立,一般大學,0052,國立屏東大學,碩士班(日間),男,371,91,3,6,6,2,43,0,2,...,...,...,...,...,...,...,29
105,公立,一般大學,0052,國立屏東大學,碩士在職專班,男,133,22,1,0,4,0,11,0,3,...,...,...,...,...,...,...,3
105,公立,一般大學,0052,國立屏東大學,博士班,男,28,6,1,0,0,0,4,0,1,...,...,...,...,...,...,...,0
105,公立,一般大學,0052,國立屏東大學,學士班(日間),女,4062,78,10,4,32,10,12,0,0,...,...,...,...,...,...,...,10
105,公立,一般大學,0052,國立屏東大學,學士班(進修),女,348,25,4,1,0,1,10,1,2,...,...,...,...,...,...,...,6
105,公立,一般大學,0052,國立屏東大學,碩士班(日間),女,552,136,2,7,14,4,66,3,13,...,...,...,...,...,...,...,27
105,公立,一般大學,0052,國立屏東大學,碩士在職專班,女,411,72,4,0,4,0,36,3,13,...,...,...,...,...,...,...,12
105,公立,一般大學,0052,國立屏東大學,博士班,女,19,2,0,0,0,1,0,0,0,...,...,...,...,...,...,...,1
105,公立,技專校院,0144,國立臺灣戲曲學院,學士班(日間),男,195,21,1,0,2,0,4,0,0,...,...,...,...,...,...,...,14
105,公立,技專校院,0144,國立臺灣戲曲學院,學士班(進修),男,36,6,0,0,0,0,6,0,0,...,...,...,...,...,...,...,0
105,公立,技專校院,0144,國立臺灣戲曲學院,學士班(日間),女,353,27,2,0,1,2,6,0,0,...,...,...,...,...,...,...,16
105,公立,技專校院,0144,國立臺灣戲曲學院,學士班(進修),女,43,14,0,0,0,0,6,0,2,...,...,...,...,...,...,...,6
105,公立,技專校院,0221,國立臺南護理專科學校,二專(日間),男,6,1,0,0,0,0,0,0,0,...,...,...,...,...,...,...,1
105,公立,技專校院,0221,國立臺南護理專科學校,二專(進修),男,9,4,0,0,0,1,2,0,0,...,...,...,...,...,...,...,1
105,公立,技專校院,0221,國立臺南護理專科學校,五專,男,112,2,0,0,1,1,0,0,0,...,...,...,...,...,...,...,0
105,公立,技專校院,0221,國立臺南護理專科學校,二專(日間),女,91,4,0,1,0,2,0,0,0,...,...,...,...,...,...,...,1
105,公立,技專校院,0221,國立臺南護理專科學校,二專(進修),女,64,9,1,3,0,1,1,0,1,...,...,...,...,...,...,...,2
105,公立,技專校院,0221,國立臺南護理專科學校,五專,女,1662,28,3,1,2,17,0,0,0,...,...,...,...,...,...,...,5
105,公立,技專校院,0222,國立臺東專科學校,二專(日間),男,376,19,1,3,0,8,0,0,0,...,...,...,...,...,...,...,7
105,公立,技專校院,0222,國立臺東專科學校,二專(進修),男,55,23,2,0,1,3,14,0,0,...,...,...,...,...,...,...,3
105,公立,技專校院,0222,國立臺東專科學校,五專,男,303,15,0,3,1,6,0,0,0,...,...,...,...,...,...,...,5
105,公立,技專校院,0222,國立臺東專科學校,二專(日間),女,163,16,3,2,0,10,0,0,0,...,...,...,...,...,...,...,1
105,公立,技專校院,0222,國立臺東專科學校,二專(進修),女,46,18,1,1,1,4,3,0,3,...,...,...,...,...,...,...,5
105,公立,技專校院,0222,國立臺東專科學校,五專,女,320,17,1,4,5,6,0,0,0,...,...,...,...,...,...,...,1
105,私立,一般大學,1001,東海大學,學士班(日間),男,6246,269,18,1,47,79,17,0,0,...,...,...,...,...,...,...,107
105,私立,一般大學,1001,東海大學,學士班(進修),男,306,42,2,1,2,2,18,0,0,...,...,...,...,...,...,...,17
105,私立,一般大學,1001,東海大學,碩士班(日間),男,730,139,4,5,35,6,38,0,2,...,...,...,...,...,...,...,49
105,私立,一般大學,1001,東海大學,碩士在職專班,男,344,83,1,0,19,1,48,0,5,...,...,...,...,...,...,...,9
105,私立,一般大學,1001,東海大學,博士班,男,133,43,2,1,14,0,17,0,5,...,...,...,...,...,...,...,4
105,私立,一般大學,1001,東海大學,學士班(日間),女,7492,203,20,1,21,72,8,1,2,...,...,...,...,...,...,...,78
105,私立,一般大學,1001,東海大學,學士班(進修),女,275,41,4,0,0,3,15,2,4,...,...,...,...,...,...,...,13
105,私立,一般大學,1001,東海大學,碩士班(日間),女,653,153,3,3,40,13,42,2,15,...,...,...,...,...,...,...,35
105,私立,一般大學,1001,東海大學,碩士在職專班,女,371,100,6,0,24,0,36,5,10,...,...,...,...,...,...,...,19
105,私立,一般大學,1001,東海大學,博士班,女,102,28,2,0,11,0,6,0,4,...,...,...,...,...,...,...,5
105,私立,一般大學,1002,輔仁大學,學士班(日間),男,7742,366,14,6,42,113,189,0,1,...,...,...,...,...,...,...,1
105,私立,一般大學,1002,輔仁大學,學士班(進修),男,1832,182,15,4,14,26,119,0,2,...,...,...,...,...,...,...,2
105,私立,一般大學,1002,輔仁大學,碩士班(日間),男,954,236,5,5,89,6,130,0,1,...,...,...,...,...,...,...,0
105,私立,一般大學,1002,輔仁大學,碩士在職專班,男,658,145,6,0,36,0,90,0,13,...,...,...,...,...,...,...,0
105,私立,一般大學,1002,輔仁大學,博士班,男,240,95,4,1,45,2,40,0,3,...,...,...,...,...,...,...,0
105,私立,一般大學,1002,輔仁大學,學士班(日間),女,10539,302,28,1,17,91,158,3,3,...,...,...,...,...,...,...,1
105,私立,一般大學,1002,輔仁大學,學士班(進修),女,3125,208,28,6,10,46,92,5,11,...,...,...,...,...,...,...,10
105,私立,一般大學,1002,輔仁大學,碩士班(日間),女,1284,314,10,1,104,13,139,9,38,...,...,...,...,...,...,...,0
105,私立,一般大學,1002,輔仁大學,碩士在職專班,女,972,178,7,0,45,0,86,8,32,...,...,...,...,...,...,...,0
105,私立,一般大學,1002,輔仁大學,博士班,女,198,78,7,0,30,0,31,2,8,...,...,...,...,...,...,...,0
105,私立,一般大學,1003,東吳大學,學士班(日間),男,4922,239,17,5,10,66,25,0,1,...,...,...,...,...,...,...,115
105,私立,一般大學,1003,東吳大學,學士班(進修),男,352,51,2,0,0,4,21,0,1,...,...,...,...,...,...,...,23
105,私立,一般大學,1003,東吳大學,碩士班(日間),男,569,152,1,4,5,1,44,0,9,...,...,...,...,...,...,...,88
105,私立,一般大學,1003,東吳大學,碩士在職專班,男,520,93,2,0,0,0,56,0,10,...,...,...,...,...,...,...,25
105,私立,一般大學,1003,東吳大學,博士班,男,63,12,0,0,1,0,6,0,1,...,...,...,...,...,...,...,4
105,私立,一般大學,1003,東吳大學,學士班(日間),女,7320,211,32,5,8,43,10,2,0,...,...,...,...,...,...,...,111
105,私立,一般大學,1003,東吳大學,學士班(進修),女,804,92,10,3,0,8,23,2,8,...,...,...,...,...,...,...,38
105,私立,一般大學,1003,東吳大學,碩士班(日間),女,677,133,8,8,1,1,50,4,10,...,...,...,...,...,...,...,51
105,私立,一般大學,1003,東吳大學,碩士在職專班,女,637,132,8,0,0,0,66,5,28,...,...,...,...,...,...,...,25
105,私立,一般大學,1003,東吳大學,博士班,女,53,7,0,0,0,0,2,1,0,...,...,...,...,...,...,...,4
105,私立,一般大學,1004,中原大學,學士班(日間),男,7506,379,13,29,0,131,2,0,0,...,...,...,...,...,...,...,204
105,私立,一般大學,1004,中原大學,碩士班(日間),男,1056,176,2,26,0,20,6,0,1,...,...,...,...,...,...,...,121
105,私立,一般大學,1004,中原大學,碩士在職專班,男,563,171,1,32,0,0,17,0,12,...,...,...,...,...,...,...,109
105,私立,一般大學,1004,中原大學,博士班,男,269,84,3,27,0,0,5,0,3,...,...,...,...,...,...,...,46
105,私立,一般大學,1004,中原大學,學士班(日間),女,6018,199,13,18,0,71,0,0,1,...,...,...,...,...,...,...,96
105,私立,一般大學,1004,中原大學,碩士班(日間),女,589,133,5,23,0,8,4,3,11,...,...,...,...,...,...,...,79
105,私立,一般大學,1004,中原大學,碩士在職專班,女,335,71,1,19,0,0,2,0,8,...,...,...,...,...,...,...,41
105,私立,一般大學,1004,中原大學,博士班,女,95,30,3,5,0,0,3,0,2,...,...,...,...,...,...,...,17
105,私立,一般大學,1005,淡江大學學校財團法人淡江大學,學士班(日間),男,10692,648,40,21,30,55,11,0,0,...,...,...,...,...,...,...,491
105,私立,一般大學,1005,淡江大學學校財團法人淡江大學,學士班(進修),男,1045,165,6,10,0,2,11,0,1,...,...,...,...,...,...,...,135
105,私立,一般大學,1005,淡江大學學校財團法人淡江大學,碩士班(日間),男,1108,208,9,13,0,2,15,0,3,...,...,...,...,...,...,...,166
105,私立,一般大學,1005,淡江大學學校財團法人淡江大學,碩士在職專班,男,609,117,2,1,0,0,33,0,6,...,...,...,...,...,...,...,75
105,私立,一般大學,1005,淡江大學學校財團法人淡江大學,博士班,男,325,98,8,2,0,0,12,0,5,...,...,...,...,...,...,...,71
105,私立,一般大學,1005,淡江大學學校財團法人淡江大學,學士班(日間),女,10356,364,45,17,4,32,4,0,3,...,...,...,...,...,...,...,259
105,私立,一般大學,1005,淡江大學學校財團法人淡江大學,學士班(進修),女,979,116,9,11,0,3,5,0,6,...,...,...,...,...,...,...,82
105,私立,一般大學,1005,淡江大學學校財團法人淡江大學,碩士班(日間),女,784,165,10,6,0,3,27,0,4,...,...,...,...,...,...,...,115
105,私立,一般大學,1005,淡江大學學校財團法人淡江大學,碩士在職專班,女,559,113,7,1,0,1,23,1,13,...,...,...,...,...,...,...,67
105,私立,一般大學,1005,淡江大學學校財團法人淡江大學,博士班,女,162,53,2,3,0,0,6,1,7,...,...,...,...,...,...,...,34
105,私立,一般大學,1006,中國文化大學,學士班(日間),男,10081,615,12,45,159,128,73,0,0,...,...,...,...,...,...,...,198
105,私立,一般大學,1006,中國文化大學,學士班(進修),男,962,282,0,0,13,0,72,0,0,...,...,...,...,...,...,...,197
105,私立,一般大學,1006,中國文化大學,碩士班(日間),男,858,154,0,8,5,9,56,0,3,...,...,...,...,...,...,...,73
105,私立,一般大學,1006,中國文化大學,碩士在職專班,男,208,82,0,0,0,0,37,0,2,...,...,...,...,...,...,...,43
105,私立,一般大學,1006,中國文化大學,博士班,男,327,54,0,3,0,0,22,0,3,...,...,...,...,...,...,...,26
105,私立,一般大學,1006,中國文化大學,學士班(日間),女,11341,343,23,25,65,103,41,2,4,...,...,...,...,...,...,...,80
105,私立,一般大學,1006,中國文化大學,學士班(進修),女,1337,265,0,0,15,2,73,2,8,...,...,...,...,...,...,...,165
105,私立,一般大學,1006,中國文化大學,碩士班(日間),女,688,125,1,9,3,9,55,2,3,...,...,...,...,...,...,...,43
105,私立,一般大學,1006,中國文化大學,碩士在職專班,女,316,73,0,0,0,0,20,0,6,...,...,...,...,...,...,...,47
105,私立,一般大學,1006,中國文化大學,博士班,女,186,29,1,1,0,0,9,5,4,...,...,...,...,...,...,...,9
105,私立,一般大學,1007,逢甲大學,學士班(日間),男,10630,361,17,6,45,47,14,0,0,...,...,...,...,...,...,...,232
105,私立,一般大學,1007,逢甲大學,學士班(進修),男,545,69,1,0,3,7,21,0,1,...,...,...,...,...,...,...,36
105,私立,一般大學,1007,逢甲大學,碩士班(日間),男,1151,126,4,1,8,5,19,0,0,...,...,...,...,...,...,...,89
105,私立,一般大學,1007,逢甲大學,碩士在職專班,男,712,111,1,0,2,0,55,0,3,...,...,...,...,...,...,...,50
105,私立,一般大學,1007,逢甲大學,博士班,男,315,56,1,0,1,0,27,0,1,...,...,...,...,...,...,...,26
105,私立,一般大學,1007,逢甲大學,學士班(日間),女,6411,96,17,2,4,13,9,1,1,...,...,...,...,...,...,...,49
105,私立,一般大學,1007,逢甲大學,學士班(進修),女,448,39,1,0,1,1,11,2,2,...,...,...,...,...,...,...,21
105,私立,一般大學,1007,逢甲大學,碩士班(日間),女,524,51,1,2,1,1,14,2,1,...,...,...,...,...,...,...,29
105,私立,一般大學,1007,逢甲大學,碩士在職專班,女,392,56,0,0,1,0,16,3,9,...,...,...,...,...,...,...,27
105,私立,一般大學,1007,逢甲大學,博士班,女,110,24,1,0,1,0,7,2,3,...,...,...,...,...,...,...,10
105,私立,一般大學,1008,靜宜大學,學士班(日間),男,4351,288,17,9,47,1,42,0,0,...,...,...,...,...,...,...,172
105,私立,一般大學,1008,靜宜大學,學士班(進修),男,5,1,0,0,0,0,1,0,0,...,...,...,...,...,...,...,0
105,私立,一般大學,1008,靜宜大學,碩士班(日間),男,222,46,1,0,14,0,14,0,1,...,...,...,...,...,...,...,16
105,私立,一般大學,1008,靜宜大學,碩士在職專班,男,145,24,1,1,1,0,16,0,0,...,...,...,...,...,...,...,5
105,私立,一般大學,1008,靜宜大學,博士班,男,24,1,0,0,0,0,1,0,0,...,...,...,...,...,...,...,0
105,私立,一般大學,1008,靜宜大學,學士班(日間),女,7059,182,28,10,29,4,28,0,0,...,...,...,...,...,...,...,83
105,私立,一般大學,1008,靜宜大學,碩士班(日間),女,346,61,2,6,16,0,16,1,3,...,...,...,...,...,...,...,17
105,私立,一般大學,1008,靜宜大學,碩士在職專班,女,178,33,2,1,4,0,11,0,1,...,...,...,...,...,...,...,14
105,私立,一般大學,1008,靜宜大學,博士班,女,15,1,0,0,0,0,0,0,0,...,...,...,...,...,...,...,1
105,私立,一般大學,1009,長庚大學,學士班(日間),男,2844,108,4,2,0,41,6,0,0,...,...,...,...,...,...,...,55
105,私立,一般大學,1009,長庚大學,碩士班(日間),男,678,62,0,4,0,4,10,0,0,...,...,...,...,...,...,...,44
105,私立,一般大學,1009,長庚大學,碩士在職專班,男,126,32,0,1,0,0,19,0,2,...,...,...,...,...,...,...,10
105,私立,一般大學,1009,長庚大學,博士班,男,387,56,0,1,0,0,16,0,2,...,...,...,...,...,...,...,37
105,私立,一般大學,1009,長庚大學,學士班(日間),女,2519,100,6,5,0,34,3,3,1,...,...,...,...,...,...,...,48
105,私立,一般大學,1009,長庚大學,碩士班(日間),女,587,110,1,6,0,3,29,4,2,...,...,...,...,...,...,...,65
105,私立,一般大學,1009,長庚大學,碩士在職專班,女,94,27,1,0,0,0,20,1,0,...,...,...,...,...,...,...,5
105,私立,一般大學,1009,長庚大學,博士班,女,171,35,1,1,0,0,5,1,2,...,...,...,...,...,...,...,25
105,私立,一般大學,1010,元智大學,學士班(日間),男,4091,116,8,2,56,7,10,0,1,...,...,...,...,...,...,...,32
105,私立,一般大學,1010,元智大學,碩士班(日間),男,723,54,2,1,12,1,12,0,0,...,...,...,...,...,...,...,26
105,私立,一般大學,1010,元智大學,碩士在職專班,男,509,90,0,0,0,0,83,0,2,...,...,...,...,...,...,...,5
105,私立,一般大學,1010,元智大學,博士班,男,220,33,0,0,3,0,23,0,2,...,...,...,...,...,...,...,5
105,私立,一般大學,1010,元智大學,學士班(日間),女,3156,55,1,2,17,4,11,0,0,...,...,...,...,...,...,...,20
105,私立,一般大學,1010,元智大學,碩士班(日間),女,332,29,1,0,3,1,13,0,1,...,...,...,...,...,...,...,10
105,私立,一般大學,1010,元智大學,碩士在職專班,女,256,40,0,0,1,0,25,3,5,...,...,...,...,...,...,...,6
105,私立,一般大學,1010,元智大學,博士班,女,77,14,0,0,1,0,10,0,1,...,...,...,...,...,...,...,2
105,私立,一般大學,1011,中華大學學校財團法人中華大學,學士班(日間),男,3863,244,11,9,16,82,39,0,1,...,...,...,...,...,...,...,86
105,私立,一般大學,1011,中華大學學校財團法人中華大學,學士班(進修),男,278,25,0,2,0,2,15,0,1,...,...,...,...,...,...,...,5
105,私立,一般大學,1011,中華大學學校財團法人中華大學,碩士班(日間),男,357,58,4,6,2,3,21,0,0,...,...,...,...,...,...,...,22
105,私立,一般大學,1011,中華大學學校財團法人中華大學,碩士在職專班,男,168,26,0,0,0,0,23,0,0,...,...,...,...,...,...,...,3
105,私立,一般大學,1011,中華大學學校財團法人中華大學,博士班,男,87,37,2,0,0,0,26,0,1,...,...,...,...,...,...,...,8
105,私立,一般大學,1011,中華大學學校財團法人中華大學,學士班(日間),女,2474,80,7,4,2,24,15,1,1,...,...,...,...,...,...,...,26
105,私立,一般大學,1011,中華大學學校財團法人中華大學,學士班(進修),女,90,7,0,1,0,2,4,0,0,...,...,...,...,...,...,...,0
105,私立,一般大學,1011,中華大學學校財團法人中華大學,碩士班(日間),女,242,13,1,2,0,0,8,0,1,...,...,...,...,...,...,...,1
105,私立,一般大學,1011,中華大學學校財團法人中華大學,碩士在職專班,女,89,9,0,1,0,0,7,0,0,...,...,...,...,...,...,...,1
105,私立,一般大學,1011,中華大學學校財團法人中華大學,博士班,女,27,6,1,0,0,0,3,0,1,...,...,...,...,...,...,...,1
105,私立,一般大學,1012,大葉大學,學士班(日間),男,4782,269,18,33,23,44,48,0,0,...,...,...,...,...,...,...,103
105,私立,一般大學,1012,大葉大學,學士班(進修),男,830,110,3,15,2,8,49,0,0,...,...,...,...,...,...,...,33
105,私立,一般大學,1012,大葉大學,碩士班(日間),男,432,79,3,3,7,3,30,0,1,...,...,...,...,...,...,...,32
105,私立,一般大學,1012,大葉大學,碩士在職專班,男,182,25,1,0,3,0,16,0,2,...,...,...,...,...,...,...,3
105,私立,一般大學,1012,大葉大學,博士班,男,102,36,0,1,10,0,22,0,1,...,...,...,...,...,...,...,2
105,私立,一般大學,1012,大葉大學,學士班(日間),女,4233,147,22,17,8,26,22,2,2,...,...,...,...,...,...,...,48
105,私立,一般大學,1012,大葉大學,學士班(進修),女,601,43,2,8,1,3,15,3,3,...,...,...,...,...,...,...,8
105,私立,一般大學,1012,大葉大學,碩士班(日間),女,303,64,9,5,6,1,22,0,4,...,...,...,...,...,...,...,17
105,私立,一般大學,1012,大葉大學,碩士在職專班,女,277,41,10,2,4,0,14,1,4,...,...,...,...,...,...,...,6
105,私立,一般大學,1012,大葉大學,博士班,女,26,22,0,1,3,0,9,0,4,...,...,...,...,...,...,...,5
105,私立,一般大學,1013,華梵大學,學士班(日間),男,1192,102,4,4,5,34,14,0,0,...,...,...,...,...,...,...,41
105,私立,一般大學,1013,華梵大學,碩士班(日間),男,131,42,2,0,9,0,13,0,1,...,...,...,...,...,...,...,17
105,私立,一般大學,1013,華梵大學,碩士在職專班,男,69,16,1,0,2,0,11,0,0,...,...,...,...,...,...,...,2
105,私立,一般大學,1013,華梵大學,博士班,男,28,7,2,0,1,0,4,0,0,...,...,...,...,...,...,...,0
105,私立,一般大學,1013,華梵大學,學士班(日間),女,1051,72,6,5,11,28,11,0,0,...,...,...,...,...,...,...,11
105,私立,一般大學,1013,華梵大學,碩士班(日間),女,126,30,3,0,7,0,13,0,0,...,...,...,...,...,...,...,7
105,私立,一般大學,1013,華梵大學,碩士在職專班,女,127,18,1,1,2,0,6,1,0,...,...,...,...,...,...,...,7
105,私立,一般大學,1013,華梵大學,博士班,女,22,4,1,0,2,0,0,0,0,...,...,...,...,...,...,...,1
105,私立,一般大學,1014,義守大學,學士班(日間),男,6778,191,5,21,6,53,33,0,0,...,...,...,...,...,...,...,73
105,私立,一般大學,1014,義守大學,學士班(進修),男,1229,246,21,19,0,0,127,0,2,...,...,...,...,...,...,...,77
105,私立,一般大學,1014,義守大學,碩士班(日間),男,326,29,1,2,1,2,9,0,1,...,...,...,...,...,...,...,13
105,私立,一般大學,1014,義守大學,碩士在職專班,男,322,45,1,0,0,0,36,0,5,...,...,...,...,...,...,...,3
105,私立,一般大學,1014,義守大學,博士班,男,94,8,0,1,1,0,5,0,0,...,...,...,...,...,...,...,1
105,私立,一般大學,1014,義守大學,學士班(日間),女,6372,100,9,14,5,47,8,2,3,...,...,...,...,...,...,...,12
105,私立,一般大學,1014,義守大學,學士班(進修),女,916,122,13,22,0,0,54,11,5,...,...,...,...,...,...,...,17
105,私立,一般大學,1014,義守大學,碩士班(日間),女,161,10,0,0,0,1,8,1,0,...,...,...,...,...,...,...,0
105,私立,一般大學,1014,義守大學,碩士在職專班,女,147,26,4,2,0,0,16,1,1,...,...,...,...,...,...,...,2
105,私立,一般大學,1014,義守大學,博士班,女,28,3,0,0,0,0,3,0,0,...,...,...,...,...,...,...,0
105,私立,一般大學,1015,世新大學,學士班(日間),男,3623,174,17,4,6,39,15,0,0,...,...,...,...,...,...,...,93
105,私立,一般大學,1015,世新大學,學士班(進修),男,79,11,1,0,0,1,7,0,0,...,...,...,...,...,...,...,2
105,私立,一般大學,1015,世新大學,碩士班(日間),男,335,94,2,2,0,1,17,0,1,...,...,...,...,...,...,...,71
105,私立,一般大學,1015,世新大學,碩士在職專班,男,492,171,9,1,0,0,129,0,3,...,...,...,...,...,...,...,29
105,私立,一般大學,1015,世新大學,博士班,男,38,13,0,0,0,0,7,0,0,...,...,...,...,...,...,...,6
105,私立,一般大學,1015,世新大學,學士班(日間),女,6368,174,24,5,4,54,16,0,4,...,...,...,...,...,...,...,67
105,私立,一般大學,1015,世新大學,學士班(進修),女,151,15,2,0,0,2,9,0,0,...,...,...,...,...,...,...,2
105,私立,一般大學,1015,世新大學,碩士班(日間),女,307,61,4,1,0,0,19,1,6,...,...,...,...,...,...,...,30
105,私立,一般大學,1015,世新大學,碩士在職專班,女,364,124,7,0,0,0,77,5,17,...,...,...,...,...,...,...,18
105,私立,一般大學,1015,世新大學,博士班,女,40,10,2,0,0,0,1,0,2,...,...,...,...,...,...,...,5
105,私立,一般大學,1016,銘傳大學,學士班(日間),男,7010,423,20,4,51,90,48,0,0,...,...,...,...,...,...,...,210
105,私立,一般大學,1016,銘傳大學,碩士班(日間),男,377,76,3,0,0,0,21,0,0,...,...,...,...,...,...,...,52
105,私立,一般大學,1016,銘傳大學,碩士在職專班,男,384,54,3,1,0,0,36,0,0,...,...,...,...,...,...,...,14
105,私立,一般大學,1016,銘傳大學,博士班,男,35,9,0,0,0,0,6,0,1,...,...,...,...,...,...,...,2
105,私立,一般大學,1016,銘傳大學,學士班(日間),女,10686,315,29,5,16,98,55,5,0,...,...,...,...,...,...,...,107
105,私立,一般大學,1016,銘傳大學,碩士班(日間),女,379,60,2,2,0,1,16,2,4,...,...,...,...,...,...,...,33
105,私立,一般大學,1016,銘傳大學,碩士在職專班,女,440,54,4,0,0,0,25,3,7,...,...,...,...,...,...,...,15
105,私立,一般大學,1016,銘傳大學,博士班,女,38,4,0,0,0,0,2,0,0,...,...,...,...,...,...,...,2
105,私立,一般大學,1017,實踐大學,學士班(日間),男,4260,200,12,14,21,52,19,0,0,...,...,...,...,...,...,...,82
105,私立,一般大學,1017,實踐大學,學士班(進修),男,715,72,9,1,3,8,47,0,0,...,...,...,...,...,...,...,4
105,私立,一般大學,1017,實踐大學,碩士班(日間),男,191,31,2,1,0,0,8,0,2,...,...,...,...,...,...,...,18
105,私立,一般大學,1017,實踐大學,碩士在職專班,男,104,27,2,0,3,0,16,0,5,...,...,...,...,...,...,...,1
105,私立,一般大學,1017,實踐大學,博士班,男,9,1,0,0,0,0,0,0,0,...,...,...,...,...,...,...,1
105,私立,一般大學,1017,實踐大學,學士班(日間),女,8144,261,33,24,26,77,15,0,3,...,...,...,...,...,...,...,83
105,私立,一般大學,1017,實踐大學,學士班(進修),女,1733,139,10,3,9,17,82,6,7,...,...,...,...,...,...,...,5
105,私立,一般大學,1017,實踐大學,碩士班(日間),女,194,36,3,1,0,1,8,3,3,...,...,...,...,...,...,...,17
105,私立,一般大學,1017,實踐大學,碩士在職專班,女,99,32,2,1,2,0,23,0,4,...,...,...,...,...,...,...,0
105,私立,一般大學,1017,實踐大學,博士班,女,11,1,0,0,0,0,1,0,0,...,...,...,...,...,...,...,0
105,私立,技專校院,1018,朝陽科技大學,學士班(日間),男,4811,202,9,11,29,51,20,0,0,...,...,...,...,...,...,...,82
105,私立,技專校院,1018,朝陽科技大學,學士班(進修),男,1627,185,4,14,7,35,47,0,0,...,...,...,...,...,...,...,78
105,私立,技專校院,1018,朝陽科技大學,碩士班(日間),男,413,60,1,5,6,3,16,0,1,...,...,...,...,...,...,...,28
105,私立,技專校院,1018,朝陽科技大學,碩士在職專班,男,222,33,2,3,0,0,22,0,4,...,...,...,...,...,...,...,2
105,私立,技專校院,1018,朝陽科技大學,博士班,男,74,12,0,0,2,0,7,0,0,...,...,...,...,...,...,...,3
105,私立,技專校院,1018,朝陽科技大學,學士班(日間),女,6831,174,12,14,16,55,31,4,2,...,...,...,...,...,...,...,40
105,私立,技專校院,1018,朝陽科技大學,學士班(進修),女,1574,151,13,20,1,28,35,10,9,...,...,...,...,...,...,...,35
105,私立,技專校院,1018,朝陽科技大學,碩士班(日間),女,316,59,2,4,8,2,22,3,6,...,...,...,...,...,...,...,12
105,私立,技專校院,1018,朝陽科技大學,碩士在職專班,女,232,51,1,2,5,1,19,3,6,...,...,...,...,...,...,...,14
105,私立,技專校院,1018,朝陽科技大學,博士班,女,14,3,1,0,0,0,2,0,0,...,...,...,...,...,...,...,0
105,私立,一般大學,1019,高雄醫學大學,學士班(日間),男,2535,110,0,2,2,66,0,0,0,...,...,...,...,...,...,...,40
105,私立,一般大學,1019,高雄醫學大學,學士班(進修),男,5,1,0,0,0,0,0,0,0,...,...,...,...,...,...,...,1
105,私立,一般大學,1019,高雄醫學大學,碩士班(日間),男,233,45,0,1,0,1,16,0,2,...,...,...,...,...,...,...,25
105,私立,一般大學,1019,高雄醫學大學,碩士在職專班,男,92,39,0,1,0,0,25,0,2,...,...,...,...,...,...,...,11
105,私立,一般大學,1019,高雄醫學大學,博士班,男,183,45,0,0,0,1,12,0,2,...,...,...,...,...,...,...,30
105,私立,一般大學,1019,高雄醫學大學,學士班(日間),女,3086,124,1,3,0,80,1,1,2,...,...,...,...,...,...,...,36
105,私立,一般大學,1019,高雄醫學大學,學士班(進修),女,71,8,1,0,0,0,5,0,0,...,...,...,...,...,...,...,2
105,私立,一般大學,1019,高雄醫學大學,碩士班(日間),女,407,76,1,2,0,5,18,5,2,...,...,...,...,...,...,...,43
105,私立,一般大學,1019,高雄醫學大學,碩士在職專班,女,123,27,0,0,0,0,11,4,2,...,...,...,...,...,...,...,10
105,私立,一般大學,1019,高雄醫學大學,博士班,女,151,32,3,0,0,0,11,2,1,...,...,...,...,...,...,...,15
105,私立,一般大學,1020,南華大學,學士班(日間),男,2055,193,11,15,8,90,13,0,0,...,...,...,...,...,...,...,56
105,私立,一般大學,1020,南華大學,學士班(進修),男,186,21,1,2,1,7,5,0,0,...,...,...,...,...,...,...,5
105,私立,一般大學,1020,南華大學,碩士班(日間),男,255,67,5,12,0,4,21,0,0,...,...,...,...,...,...,...,25
105,私立,一般大學,1020,南華大學,碩士在職專班,男,161,29,0,5,0,5,11,0,1,...,...,...,...,...,...,...,7
105,私立,一般大學,1020,南華大學,博士班,男,27,6,0,2,0,0,4,0,0,...,...,...,...,...,...,...,0
105,私立,一般大學,1020,南華大學,學士班(日間),女,2187,123,15,14,5,58,9,3,1,...,...,...,...,...,...,...,18
105,私立,一般大學,1020,南華大學,學士班(進修),女,117,7,0,1,0,4,2,0,0,...,...,...,...,...,...,...,0
105,私立,一般大學,1020,南華大學,碩士班(日間),女,383,74,9,13,1,4,21,9,0,...,...,...,...,...,...,...,17
105,私立,一般大學,1020,南華大學,碩士在職專班,女,211,23,1,0,1,1,10,2,2,...,...,...,...,...,...,...,6
105,私立,一般大學,1020,南華大學,博士班,女,11,4,1,2,0,0,0,1,0,...,...,...,...,...,...,...,0
105,私立,一般大學,1021,真理大學,學士班(日間),男,3378,179,6,60,8,33,9,0,0,...,...,...,...,...,...,...,63
105,私立,一般大學,1021,真理大學,學士班(進修),男,193,26,0,7,1,1,2,0,0,...,...,...,...,...,...,...,15
105,私立,一般大學,1021,真理大學,碩士班(日間),男,92,18,1,5,1,0,2,0,0,...,...,...,...,...,...,...,9
105,私立,一般大學,1021,真理大學,碩士在職專班,男,9,1,0,0,0,0,1,0,0,...,...,...,...,...,...,...,0
105,私立,一般大學,1021,真理大學,學士班(日間),女,3792,86,8,44,3,15,5,1,3,...,...,...,...,...,...,...,7
105,私立,一般大學,1021,真理大學,學士班(進修),女,163,15,0,4,2,1,1,3,0,...,...,...,...,...,...,...,4
105,私立,一般大學,1021,真理大學,碩士班(日間),女,90,12,3,4,2,0,1,0,0,...,...,...,...,...,...,...,2
105,私立,一般大學,1021,真理大學,碩士在職專班,女,5,1,0,0,0,0,0,0,0,...,...,...,...,...,...,...,1
105,私立,一般大學,1022,大同大學,學士班(日間),男,2422,100,8,8,2,60,13,0,0,...,...,...,...,...,...,...,9
105,私立,一般大學,1022,大同大學,碩士班(日間),男,277,27,0,2,2,7,8,0,0,...,...,...,...,...,...,...,8
105,私立,一般大學,1022,大同大學,碩士在職專班,男,279,61,1,1,0,1,54,0,4,...,...,...,...,...,...,...,0
105,私立,一般大學,1022,大同大學,博士班,男,77,35,3,3,0,0,21,0,1,...,...,...,...,...,...,...,7
105,私立,一般大學,1022,大同大學,學士班(日間),女,1348,27,5,1,1,16,1,0,0,...,...,...,...,...,...,...,3
105,私立,一般大學,1022,大同大學,碩士班(日間),女,131,13,0,3,0,6,2,0,0,...,...,...,...,...,...,...,2
105,私立,一般大學,1022,大同大學,碩士在職專班,女,89,10,0,0,0,0,4,2,2,...,...,...,...,...,...,...,2
105,私立,一般大學,1022,大同大學,博士班,女,44,10,1,0,0,0,8,1,0,...,...,...,...,...,...,...,0
105,私立,技專校院,1023,南臺學校財團法人南臺科技大學,學士班(日間),男,7245,295,12,36,9,56,59,0,0,...,...,...,...,...,...,...,123
105,私立,技專校院,1023,南臺學校財團法人南臺科技大學,學士班(進修),男,2504,261,9,42,1,3,95,0,0,...,...,...,...,...,...,...,111
105,私立,技專校院,1023,南臺學校財團法人南臺科技大學,碩士班(日間),男,543,106,5,14,0,2,27,0,0,...,...,...,...,...,...,...,58
105,私立,技專校院,1023,南臺學校財團法人南臺科技大學,碩士在職專班,男,243,48,2,6,0,0,35,0,0,...,...,...,...,...,...,...,5
105,私立,技專校院,1023,南臺學校財團法人南臺科技大學,博士班,男,70,12,0,2,0,0,5,0,0,...,...,...,...,...,...,...,5
105,私立,技專校院,1023,南臺學校財團法人南臺科技大學,學士班(日間),女,6074,183,18,37,5,33,58,1,5,...,...,...,...,...,...,...,26
105,私立,技專校院,1023,南臺學校財團法人南臺科技大學,學士班(進修),女,1886,181,7,55,0,9,88,1,3,...,...,...,...,...,...,...,18
105,私立,技專校院,1023,南臺學校財團法人南臺科技大學,碩士班(日間),女,361,59,3,12,0,0,20,1,4,...,...,...,...,...,...,...,19
105,私立,技專校院,1023,南臺學校財團法人南臺科技大學,碩士在職專班,女,197,40,6,5,0,0,24,2,2,...,...,...,...,...,...,...,1
105,私立,技專校院,1023,南臺學校財團法人南臺科技大學,博士班,女,12,1,0,1,0,0,0,0,0,...,...,...,...,...,...,...,0
105,私立,技專校院,1024,崑山科技大學,學士班(日間),男,4959,525,11,23,128,71,72,0,0,...,...,...,...,...,...,...,220
105,私立,技專校院,1024,崑山科技大學,學士班(進修),男,2297,488,6,4,0,2,110,0,0,...,...,...,...,...,...,...,366
105,私立,技專校院,1024,崑山科技大學,碩士班(日間),男,309,70,2,1,24,4,18,0,0,...,...,...,...,...,...,...,21
105,私立,技專校院,1024,崑山科技大學,碩士在職專班,男,116,27,0,0,0,0,16,0,0,...,...,...,...,...,...,...,11
105,私立,技專校院,1024,崑山科技大學,博士班,男,27,4,0,0,2,0,2,0,0,...,...,...,...,...,...,...,0
105,私立,技專校院,1024,崑山科技大學,學士班(日間),女,3434,197,15,16,48,43,44,1,0,...,...,...,...,...,...,...,30
105,私立,技專校院,1024,崑山科技大學,學士班(進修),女,1167,245,4,11,0,3,73,1,0,...,...,...,...,...,...,...,153
105,私立,技專校院,1024,崑山科技大學,碩士班(日間),女,108,23,1,1,8,1,11,0,0,...,...,...,...,...,...,...,1
105,私立,技專校院,1024,崑山科技大學,碩士在職專班,女,52,8,0,0,0,0,7,0,0,...,...,...,...,...,...,...,1
105,私立,技專校院,1025,嘉藥學校財團法人嘉南藥理大學,學士班(日間),男,5133,378,9,11,1,6,7,0,0,...,...,...,...,...,...,...,344
105,私立,技專校院,1025,嘉藥學校財團法人嘉南藥理大學,學士班(進修),男,1456,516,5,16,0,11,63,0,0,...,...,...,...,...,...,...,421
105,私立,技專校院,1025,嘉藥學校財團法人嘉南藥理大學,碩士班(日間),男,142,58,1,2,0,0,3,0,0,...,...,...,...,...,...,...,52
105,私立,技專校院,1025,嘉藥學校財團法人嘉南藥理大學,碩士在職專班,男,107,30,1,0,0,0,14,0,0,...,...,...,...,...,...,...,15
105,私立,技專校院,1025,嘉藥學校財團法人嘉南藥理大學,學士班(日間),女,7671,307,21,18,2,12,6,1,0,...,...,...,...,...,...,...,247
105,私立,技專校院,1025,嘉藥學校財團法人嘉南藥理大學,學士班(進修),女,1515,337,13,26,0,6,55,3,0,...,...,...,...,...,...,...,234
105,私立,技專校院,1025,嘉藥學校財團法人嘉南藥理大學,碩士班(日間),女,140,32,2,0,0,0,4,0,0,...,...,...,...,...,...,...,26
105,私立,技專校院,1025,嘉藥學校財團法人嘉南藥理大學,碩士在職專班,女,117,37,1,0,0,0,6,1,0,...,...,...,...,...,...,...,29
105,私立,技專校院,1026,樹德科技大學,學士班(日間),男,3526,155,14,16,16,13,30,0,0,...,...,...,...,...,...,...,66
105,私立,技專校院,1026,樹德科技大學,學士班(進修),男,942,52,1,4,6,3,14,0,1,...,...,...,...,...,...,...,23
105,私立,技專校院,1026,樹德科技大學,碩士班(日間),男,166,22,0,0,4,1,9,0,1,...,...,...,...,...,...,...,7
105,私立,技專校院,1026,樹德科技大學,碩士在職專班,男,193,26,0,0,4,1,15,0,3,...,...,...,...,...,...,...,3
105,私立,技專校院,1026,樹德科技大學,博士班,男,13,6,0,0,2,0,3,0,0,...,...,...,...,...,...,...,1
105,私立,技專校院,1026,樹德科技大學,學士班(日間),女,4705,106,11,18,16,19,21,0,0,...,...,...,...,...,...,...,21
105,私立,技專校院,1026,樹德科技大學,學士班(進修),女,1011,43,3,8,7,2,15,1,2,...,...,...,...,...,...,...,5
105,私立,技專校院,1026,樹德科技大學,碩士班(日間),女,150,21,1,3,7,1,7,0,1,...,...,...,...,...,...,...,1
105,私立,技專校院,1026,樹德科技大學,碩士在職專班,女,217,25,2,3,1,3,11,1,3,...,...,...,...,...,...,...,1
105,私立,技專校院,1026,樹德科技大學,博士班,女,15,5,1,0,1,0,1,0,1,...,...,...,...,...,...,...,1
105,私立,一般大學,1027,慈濟學校財團法人慈濟大學,學士班(日間),男,1173,50,1,1,3,13,2,0,0,...,...,...,...,...,...,...,30
105,私立,一般大學,1027,慈濟學校財團法人慈濟大學,碩士班(日間),男,121,26,0,4,2,2,5,0,1,...,...,...,...,...,...,...,12
105,私立,一般大學,1027,慈濟學校財團法人慈濟大學,碩士在職專班,男,5,4,0,0,0,0,2,0,2,...,...,...,...,...,...,...,0
105,私立,一般大學,1027,慈濟學校財團法人慈濟大學,博士班,男,62,16,0,2,1,0,2,0,5,...,...,...,...,...,...,...,6
105,私立,一般大學,1027,慈濟學校財團法人慈濟大學,學士班(日間),女,1810,54,5,0,7,14,1,0,0,...,...,...,...,...,...,...,27
105,私立,一般大學,1027,慈濟學校財團法人慈濟大學,碩士班(日間),女,211,52,0,0,4,3,10,1,4,...,...,...,...,...,...,...,30
105,私立,一般大學,1027,慈濟學校財團法人慈濟大學,碩士在職專班,女,23,7,0,0,0,0,3,0,2,...,...,...,...,...,...,...,2
105,私立,一般大學,1027,慈濟學校財團法人慈濟大學,博士班,女,55,23,0,1,0,0,3,0,5,...,...,...,...,...,...,...,14
105,私立,一般大學,1028,臺北醫學大學,學士班(日間),男,2010,99,3,0,0,84,0,0,0,...,...,...,...,...,...,...,12
105,私立,一般大學,1028,臺北醫學大學,碩士班(日間),男,232,31,0,0,0,7,10,0,2,...,...,...,...,...,...,...,12
105,私立,一般大學,1028,臺北醫學大學,碩士在職專班,男,61,15,0,0,0,1,9,0,1,...,...,...,...,...,...,...,4
105,私立,一般大學,1028,臺北醫學大學,博士班,男,254,36,1,0,0,2,9,0,4,...,...,...,...,...,...,...,20
105,私立,一般大學,1028,臺北醫學大學,學士班(日間),女,2651,122,3,0,0,104,1,1,0,...,...,...,...,...,...,...,13
105,私立,一般大學,1028,臺北醫學大學,學士班(進修),女,1,3,0,0,0,0,1,2,0,...,...,...,...,...,...,...,0
105,私立,一般大學,1028,臺北醫學大學,碩士班(日間),女,382,62,1,1,0,16,16,4,6,...,...,...,...,...,...,...,18
105,私立,一般大學,1028,臺北醫學大學,碩士在職專班,女,199,41,2,0,0,1,18,1,8,...,...,...,...,...,...,...,11
105,私立,一般大學,1028,臺北醫學大學,博士班,女,183,31,2,1,0,3,7,3,5,...,...,...,...,...,...,...,10
105,私立,一般大學,1029,中山醫學大學,學士班(日間),男,2635,93,4,0,0,60,2,0,0,...,...,...,...,...,...,...,27
105,私立,一般大學,1029,中山醫學大學,學士班(進修),男,80,6,0,0,0,2,1,0,0,...,...,...,...,...,...,...,3
105,私立,一般大學,1029,中山醫學大學,碩士班(日間),男,184,25,0,0,0,3,11,0,0,...,...,...,...,...,...,...,11
105,私立,一般大學,1029,中山醫學大學,碩士在職專班,男,37,5,0,0,0,0,4,0,0,...,...,...,...,...,...,...,1
105,私立,一般大學,1029,中山醫學大學,博士班,男,143,26,4,1,0,0,7,0,2,...,...,...,...,...,...,...,12
105,私立,一般大學,1029,中山醫學大學,學士班(日間),女,3742,154,10,0,0,108,2,1,0,...,...,...,...,...,...,...,33
105,私立,一般大學,1029,中山醫學大學,學士班(進修),女,100,5,0,0,0,0,2,0,1,...,...,...,...,...,...,...,2
105,私立,一般大學,1029,中山醫學大學,碩士班(日間),女,293,44,3,0,0,6,13,3,1,...,...,...,...,...,...,...,18
105,私立,一般大學,1029,中山醫學大學,碩士在職專班,女,103,12,1,0,0,0,4,0,1,...,...,...,...,...,...,...,6
105,私立,一般大學,1029,中山醫學大學,博士班,女,68,19,5,0,0,0,5,1,0,...,...,...,...,...,...,...,8
105,私立,技專校院,1030,龍華科技大學,二專(日間),男,3,1,0,0,0,0,0,0,0,...,...,...,...,...,...,...,1
105,私立,技專校院,1030,龍華科技大學,五專,男,70,3,0,0,0,1,1,0,0,...,...,...,...,...,...,...,1
105,私立,技專校院,1030,龍華科技大學,學士班(日間),男,4168,270,13,16,38,55,55,0,2,...,...,...,...,...,...,...,91
105,私立,技專校院,1030,龍華科技大學,學士班(進修),男,2796,207,7,20,11,23,86,0,0,...,...,...,...,...,...,...,60
105,私立,技專校院,1030,龍華科技大學,碩士班(日間),男,207,32,0,2,0,1,14,0,0,...,...,...,...,...,...,...,15
105,私立,技專校院,1030,龍華科技大學,碩士在職專班,男,137,8,1,1,0,0,6,0,0,...,...,...,...,...,...,...,0
105,私立,技專校院,1030,龍華科技大學,學士班(日間),女,2463,120,2,23,10,44,28,1,0,...,...,...,...,...,...,...,12
105,私立,技專校院,1030,龍華科技大學,學士班(進修),女,1118,72,4,13,2,15,28,1,0,...,...,...,...,...,...,...,9
105,私立,技專校院,1030,龍華科技大學,碩士班(日間),女,72,11,0,1,0,1,4,0,0,...,...,...,...,...,...,...,5
105,私立,技專校院,1030,龍華科技大學,碩士在職專班,女,39,2,1,0,0,0,1,0,0,...,...,...,...,...,...,...,0
105,私立,技專校院,1031,輔英科技大學,五專,男,272,10,0,0,4,3,1,0,0,...,...,...,...,...,...,...,2
105,私立,技專校院,1031,輔英科技大學,學士班(日間),男,1804,129,5,8,19,29,19,0,0,...,...,...,...,...,...,...,49
105,私立,技專校院,1031,輔英科技大學,學士班(進修),男,432,97,1,3,1,9,60,0,0,...,...,...,...,...,...,...,23
105,私立,技專校院,1031,輔英科技大學,碩士班(日間),男,36,12,1,1,0,1,4,0,0,...,...,...,...,...,...,...,5
105,私立,技專校院,1031,輔英科技大學,碩士在職專班,男,3,1,0,0,0,0,0,0,0,...,...,...,...,...,...,...,1
105,私立,技專校院,1031,輔英科技大學,五專,女,2502,46,8,2,9,15,2,1,3,...,...,...,...,...,...,...,6
105,私立,技專校院,1031,輔英科技大學,學士班(日間),女,3521,193,10,27,16,48,36,5,12,...,...,...,...,...,...,...,39
105,私立,技專校院,1031,輔英科技大學,學士班(進修),女,659,106,4,2,0,8,71,5,4,...,...,...,...,...,...,...,12
105,私立,技專校院,1031,輔英科技大學,碩士班(日間),女,73,18,3,1,0,0,10,1,2,...,...,...,...,...,...,...,1
105,私立,技專校院,1031,輔英科技大學,碩士在職專班,女,52,11,2,0,0,1,6,0,1,...,...,...,...,...,...,...,1
105,私立,技專校院,1032,明新學校財團法人明新科技大學,二專(進修),男,14,1,0,0,0,0,0,0,0,...,...,...,...,...,...,...,1
105,私立,技專校院,1032,明新學校財團法人明新科技大學,學士班(日間),男,5095,972,19,42,160,158,51,0,0,...,...,...,...,...,...,...,542
105,私立,技專校院,1032,明新學校財團法人明新科技大學,學士班(進修),男,2128,297,9,16,4,9,152,0,1,...,...,...,...,...,...,...,106
105,私立,技專校院,1032,明新學校財團法人明新科技大學,碩士班(日間),男,250,172,6,7,28,7,18,0,0,...,...,...,...,...,...,...,106
105,私立,技專校院,1032,明新學校財團法人明新科技大學,碩士在職專班,男,199,30,0,0,2,0,22,0,0,...,...,...,...,...,...,...,6
105,私立,技專校院,1032,明新學校財團法人明新科技大學,二專(進修),女,11,2,0,0,0,0,1,0,0,...,...,...,...,...,...,...,1
105,私立,技專校院,1032,明新學校財團法人明新科技大學,學士班(日間),女,3401,501,27,54,74,100,36,7,1,...,...,...,...,...,...,...,202
105,私立,技專校院,1032,明新學校財團法人明新科技大學,學士班(進修),女,1483,141,10,17,2,3,102,4,1,...,...,...,...,...,...,...,2
105,私立,技專校院,1032,明新學校財團法人明新科技大學,碩士班(日間),女,100,69,4,6,5,1,18,2,1,...,...,...,...,...,...,...,32
105,私立,技專校院,1032,明新學校財團法人明新科技大學,碩士在職專班,女,49,11,1,0,1,0,6,0,1,...,...,...,...,...,...,...,2
105,私立,一般大學,1033,長榮大學,學士班(日間),男,4221,471,25,93,0,104,73,0,0,...,...,...,...,...,...,...,176
105,私立,一般大學,1033,長榮大學,學士班(進修),男,304,55,4,11,0,11,19,0,0,...,...,...,...,...,...,...,10
105,私立,一般大學,1033,長榮大學,碩士班(日間),男,161,95,3,11,0,5,23,0,3,...,...,...,...,...,...,...,50
105,私立,一般大學,1033,長榮大學,碩士在職專班,男,75,39,3,3,0,0,25,0,0,...,...,...,...,...,...,...,8
105,私立,一般大學,1033,長榮大學,博士班,男,26,17,1,2,0,3,11,0,0,...,...,...,...,...,...,...,0
105,私立,一般大學,1033,長榮大學,學士班(日間),女,4928,215,11,49,0,89,27,6,4,...,...,...,...,...,...,...,29
105,私立,一般大學,1033,長榮大學,學士班(進修),女,231,22,1,6,0,6,7,0,0,...,...,...,...,...,...,...,2
105,私立,一般大學,1033,長榮大學,碩士班(日間),女,253,121,9,25,0,6,44,8,6,...,...,...,...,...,...,...,23
105,私立,一般大學,1033,長榮大學,碩士在職專班,女,71,39,1,2,0,1,21,0,2,...,...,...,...,...,...,...,12
105,私立,一般大學,1033,長榮大學,博士班,女,14,12,1,0,0,1,5,2,2,...,...,...,...,...,...,...,1
105,私立,技專校院,1034,弘光科技大學,二專(進修),男,8,1,0,0,0,0,0,0,0,...,...,...,...,...,...,...,1
105,私立,技專校院,1034,弘光科技大學,學士班(日間),男,2809,192,10,16,18,39,28,0,0,...,...,...,...,...,...,...,81
105,私立,技專校院,1034,弘光科技大學,學士班(進修),男,1480,228,7,14,9,36,75,0,1,...,...,...,...,...,...,...,86
105,私立,技專校院,1034,弘光科技大學,碩士班(日間),男,61,15,0,2,0,4,4,0,0,...,...,...,...,...,...,...,5
105,私立,技專校院,1034,弘光科技大學,碩士在職專班,男,31,10,0,0,0,0,5,0,0,...,...,...,...,...,...,...,5
105,私立,技專校院,1034,弘光科技大學,二專(進修),女,63,6,0,1,0,0,5,0,0,...,...,...,...,...,...,...,0
105,私立,技專校院,1034,弘光科技大學,五專,女,248,3,0,0,0,2,0,0,0,...,...,...,...,...,...,...,1
105,私立,技專校院,1034,弘光科技大學,學士班(日間),女,5338,193,11,20,8,56,36,8,5,...,...,...,...,...,...,...,49
105,私立,技專校院,1034,弘光科技大學,學士班(進修),女,2800,299,14,32,12,38,130,13,10,...,...,...,...,...,...,...,50
105,私立,技專校院,1034,弘光科技大學,碩士班(日間),女,151,41,5,2,0,2,19,1,1,...,...,...,...,...,...,...,11
105,私立,技專校院,1034,弘光科技大學,碩士在職專班,女,67,19,3,0,0,0,4,4,2,...,...,...,...,...,...,...,6
105,私立,一般大學,1035,中國醫藥大學,學士班(日間),男,2927,149,4,0,0,37,5,0,4,...,...,...,...,...,...,...,99
105,私立,一般大學,1035,中國醫藥大學,學士班(進修),男,14,2,0,0,0,0,0,0,1,...,...,...,...,...,...,...,1
105,私立,一般大學,1035,中國醫藥大學,碩士班(日間),男,186,34,2,0,0,2,5,0,5,...,...,...,...,...,...,...,20
105,私立,一般大學,1035,中國醫藥大學,碩士在職專班,男,26,6,0,0,0,0,3,0,0,...,...,...,...,...,...,...,3
105,私立,一般大學,1035,中國醫藥大學,博士班,男,225,52,3,2,1,0,13,0,4,...,...,...,...,...,...,...,29
105,私立,一般大學,1035,中國醫藥大學,學士班(日間),女,3453,145,6,0,1,44,3,2,0,...,...,...,...,...,...,...,89
105,私立,一般大學,1035,中國醫藥大學,學士班(進修),女,64,9,0,0,0,0,2,1,0,...,...,...,...,...,...,...,6
105,私立,一般大學,1035,中國醫藥大學,碩士班(日間),女,336,72,0,4,0,2,18,3,7,...,...,...,...,...,...,...,38
105,私立,一般大學,1035,中國醫藥大學,碩士在職專班,女,43,6,0,0,0,0,0,1,1,...,...,...,...,...,...,...,4
105,私立,一般大學,1035,中國醫藥大學,博士班,女,136,34,0,0,0,1,9,0,7,...,...,...,...,...,...,...,17
105,私立,技專校院,1036,健行學校財團法人健行科技大學,二專(日間),男,5,4,0,0,1,0,1,0,0,...,...,...,...,...,...,...,2
105,私立,技專校院,1036,健行學校財團法人健行科技大學,學士班(日間),男,4766,302,10,19,42,55,48,0,0,...,...,...,...,...,...,...,128
105,私立,技專校院,1036,健行學校財團法人健行科技大學,學士班(進修),男,1982,250,6,17,2,27,134,0,0,...,...,...,...,...,...,...,64
105,私立,技專校院,1036,健行學校財團法人健行科技大學,碩士班(日間),男,220,25,1,2,3,1,7,0,0,...,...,...,...,...,...,...,11
105,私立,技專校院,1036,健行學校財團法人健行科技大學,碩士在職專班,男,56,8,0,0,2,0,6,0,0,...,...,...,...,...,...,...,0
105,私立,技專校院,1036,健行學校財團法人健行科技大學,學士班(日間),女,2619,113,13,20,13,31,22,0,2,...,...,...,...,...,...,...,12
105,私立,技專校院,1036,健行學校財團法人健行科技大學,學士班(進修),女,1185,130,9,16,0,10,67,11,2,...,...,...,...,...,...,...,15
105,私立,技專校院,1036,健行學校財團法人健行科技大學,碩士班(日間),女,87,7,1,0,1,0,2,1,1,...,...,...,...,...,...,...,1
105,私立,技專校院,1036,健行學校財團法人健行科技大學,碩士在職專班,女,38,1,0,0,0,0,0,0,0,...,...,...,...,...,...,...,1
105,私立,技專校院,1037,正修學校財團法人正修科技大學,學士班(日間),男,5666,418,29,30,127,84,73,0,0,...,...,...,...,...,...,...,75
105,私立,技專校院,1037,正修學校財團法人正修科技大學,學士班(進修),男,4007,500,12,9,42,21,180,0,0,...,...,...,...,...,...,...,236
105,私立,技專校院,1037,正修學校財團法人正修科技大學,碩士班(日間),男,236,42,2,7,3,1,13,0,0,...,...,...,...,...,...,...,16
105,私立,技專校院,1037,正修學校財團法人正修科技大學,碩士在職專班,男,85,14,0,0,0,0,12,0,0,...,...,...,...,...,...,...,2
105,私立,技專校院,1037,正修學校財團法人正修科技大學,二專(進修),女,16,1,0,0,0,0,0,0,0,...,...,...,...,...,...,...,1
105,私立,技專校院,1037,正修學校財團法人正修科技大學,學士班(日間),女,4099,202,24,33,45,40,35,0,5,...,...,...,...,...,...,...,20
105,私立,技專校院,1037,正修學校財團法人正修科技大學,學士班(進修),女,2865,288,11,14,5,24,125,3,0,...,...,...,...,...,...,...,106
105,私立,技專校院,1037,正修學校財團法人正修科技大學,碩士班(日間),女,131,21,2,0,1,2,11,0,2,...,...,...,...,...,...,...,3
105,私立,技專校院,1037,正修學校財團法人正修科技大學,碩士在職專班,女,55,6,1,0,0,0,3,0,0,...,...,...,...,...,...,...,2
105,私立,技專校院,1038,萬能學校財團法人萬能科技大學,學士班(日間),男,3333,298,8,76,15,28,22,0,0,...,...,...,...,...,...,...,149
105,私立,技專校院,1038,萬能學校財團法人萬能科技大學,學士班(進修),男,2232,331,14,32,0,30,131,0,0,...,...,...,...,...,...,...,124
105,私立,技專校院,1038,萬能學校財團法人萬能科技大學,碩士班(日間),男,78,30,2,2,0,3,3,0,0,...,...,...,...,...,...,...,20
105,私立,技專校院,1038,萬能學校財團法人萬能科技大學,碩士在職專班,男,78,12,0,0,0,0,10,0,0,...,...,...,...,...,...,...,2
105,私立,技專校院,1038,萬能學校財團法人萬能科技大學,學士班(日間),女,3151,191,6,77,10,20,12,2,0,...,...,...,...,...,...,...,64
105,私立,技專校院,1038,萬能學校財團法人萬能科技大學,學士班(進修),女,1879,180,14,33,0,2,101,8,0,...,...,...,...,...,...,...,22
105,私立,技專校院,1038,萬能學校財團法人萬能科技大學,碩士班(日間),女,52,20,1,4,0,1,1,0,0,...,...,...,...,...,...,...,13
105,私立,技專校院,1038,萬能學校財團法人萬能科技大學,碩士在職專班,女,46,5,0,0,0,0,2,0,0,...,...,...,...,...,...,...,3
105,私立,一般大學,1039,玄奘大學,學士班(日間),男,1681,135,4,13,11,11,9,0,0,...,...,...,...,...,...,...,87
105,私立,一般大學,1039,玄奘大學,學士班(進修),男,343,86,4,4,3,1,21,0,1,...,...,...,...,...,...,...,52
105,私立,一般大學,1039,玄奘大學,碩士班(日間),男,154,41,2,2,14,0,8,0,0,...,...,...,...,...,...,...,15
105,私立,一般大學,1039,玄奘大學,碩士在職專班,男,74,23,2,0,4,2,7,0,0,...,...,...,...,...,...,...,8
105,私立,一般大學,1039,玄奘大學,博士班,男,5,1,0,0,1,0,0,0,0,...,...,...,...,...,...,...,0
105,私立,一般大學,1039,玄奘大學,學士班(日間),女,2154,142,7,25,13,13,12,0,1,...,...,...,...,...,...,...,71
105,私立,一般大學,1039,玄奘大學,學士班(進修),女,424,58,4,10,3,3,8,1,2,...,...,...,...,...,...,...,27
105,私立,一般大學,1039,玄奘大學,碩士班(日間),女,191,55,1,2,21,1,9,0,1,...,...,...,...,...,...,...,20
105,私立,一般大學,1039,玄奘大學,碩士在職專班,女,130,39,5,1,12,4,8,0,2,...,...,...,...,...,...,...,7
105,私立,一般大學,1039,玄奘大學,博士班,女,2,2,0,0,1,0,1,0,0,...,...,...,...,...,...,...,0
105,私立,技專校院,1040,建國科技大學,學士班(日間),男,4150,200,8,12,14,38,48,0,0,...,...,...,...,...,...,...,80
105,私立,技專校院,1040,建國科技大學,學士班(進修),男,1325,69,2,5,2,14,32,0,0,...,...,...,...,...,...,...,14
105,私立,技專校院,1040,建國科技大學,碩士班(日間),男,110,19,1,0,1,0,10,0,0,...,...,...,...,...,...,...,7
105,私立,技專校院,1040,建國科技大學,學士班(日間),女,2371,89,11,15,4,26,12,0,0,...,...,...,...,...,...,...,21
105,私立,技專校院,1040,建國科技大學,學士班(進修),女,542,28,1,3,0,5,14,0,1,...,...,...,...,...,...,...,4
105,私立,技專校院,1040,建國科技大學,碩士班(日間),女,73,7,0,0,0,0,4,0,0,...,...,...,...,...,...,...,3
105,私立,技專校院,1041,明志科技大學,五專,男,0,1,0,0,0,1,0,0,0,...,...,...,...,...,...,...,0
105,私立,技專校院,1041,明志科技大學,學士班(日間),男,2520,67,3,1,0,23,9,0,0,...,...,...,...,...,...,...,31
105,私立,技專校院,1041,明志科技大學,學士班(進修),男,322,25,3,0,0,7,8,0,0,...,...,...,...,...,...,...,7
105,私立,技專校院,1041,明志科技大學,碩士班(日間),男,303,34,1,6,0,1,10,0,0,...,...,...,...,...,...,...,16
105,私立,技專校院,1041,明志科技大學,碩士在職專班,男,40,10,0,0,0,0,10,0,0,...,...,...,...,...,...,...,0
105,私立,技專校院,1041,明志科技大學,博士班,男,3,1,0,0,0,0,1,0,0,...,...,...,...,...,...,...,0
105,私立,技專校院,1041,明志科技大學,學士班(日間),女,1097,16,4,1,0,5,1,0,1,...,...,...,...,...,...,...,4
105,私立,技專校院,1041,明志科技大學,學士班(進修),女,168,5,0,0,0,1,1,0,0,...,...,...,...,...,...,...,3
105,私立,技專校院,1041,明志科技大學,碩士班(日間),女,99,12,0,3,0,1,3,0,0,...,...,...,...,...,...,...,5
105,私立,技專校院,1041,明志科技大學,碩士在職專班,女,8,4,0,1,0,0,3,0,0,...,...,...,...,...,...,...,0
105,私立,技專校院,1041,明志科技大學,博士班,女,1,1,0,0,0,0,0,0,0,...,...,...,...,...,...,...,1
105,私立,技專校院,1042,高苑科技大學,學士班(日間),男,3410,107,6,5,7,16,33,0,0,...,...,...,...,...,...,...,40
105,私立,技專校院,1042,高苑科技大學,學士班(進修),男,1100,80,3,2,3,8,29,0,1,...,...,...,...,...,...,...,34
105,私立,技專校院,1042,高苑科技大學,碩士班(日間),男,108,7,0,0,0,0,5,0,0,...,...,...,...,...,...,...,2
105,私立,技專校院,1042,高苑科技大學,碩士在職專班,男,194,18,1,1,1,0,9,0,0,...,...,...,...,...,...,...,6
105,私立,技專校院,1042,高苑科技大學,學士班(日間),女,1435,43,2,4,0,2,25,1,0,...,...,...,...,...,...,...,9
105,私立,技專校院,1042,高苑科技大學,學士班(進修),女,442,27,0,1,0,3,14,1,0,...,...,...,...,...,...,...,8
105,私立,技專校院,1042,高苑科技大學,碩士班(日間),女,38,3,0,0,0,0,1,0,0,...,...,...,...,...,...,...,2
105,私立,技專校院,1042,高苑科技大學,碩士在職專班,女,82,6,0,0,0,0,4,0,1,...,...,...,...,...,...,...,1
105,私立,技專校院,1043,大仁科技大學,五專,男,0,1,0,0,0,1,0,0,0,...,...,...,...,...,...,...,0
105,私立,技專校院,1043,大仁科技大學,學士班(日間),男,2411,438,15,37,5,78,87,0,0,...,...,...,...,...,...,...,216
105,私立,技專校院,1043,大仁科技大學,學士班(進修),男,582,194,4,28,0,7,82,0,0,...,...,...,...,...,...,...,73
105,私立,技專校院,1043,大仁科技大學,碩士班(日間),男,35,22,1,1,0,2,5,0,0,...,...,...,...,...,...,...,13
105,私立,技專校院,1043,大仁科技大學,碩士在職專班,男,74,18,0,0,0,0,8,0,0,...,...,...,...,...,...,...,10
105,私立,技專校院,1043,大仁科技大學,五專,女,0,2,0,2,0,0,0,0,0,...,...,...,...,...,...,...,0
105,私立,技專校院,1043,大仁科技大學,學士班(日間),女,2672,282,15,44,0,53,67,2,4,...,...,...,...,...,...,...,97
105,私立,技專校院,1043,大仁科技大學,學士班(進修),女,1026,109,5,16,0,2,52,7,1,...,...,...,...,...,...,...,26
105,私立,技專校院,1043,大仁科技大學,碩士班(日間),女,29,8,1,1,0,0,4,0,0,...,...,...,...,...,...,...,2
105,私立,技專校院,1043,大仁科技大學,碩士在職專班,女,80,17,1,1,0,0,5,1,0,...,...,...,...,...,...,...,9
105,私立,技專校院,1044,聖約翰科技大學,五專,男,172,13,2,1,3,1,2,0,0,...,...,...,...,...,...,...,4
105,私立,技專校院,1044,聖約翰科技大學,學士班(日間),男,2844,261,12,24,10,14,56,0,0,...,...,...,...,...,...,...,145
105,私立,技專校院,1044,聖約翰科技大學,學士班(進修),男,139,50,1,3,3,1,3,0,0,...,...,...,...,...,...,...,39
105,私立,技專校院,1044,聖約翰科技大學,碩士班(日間),男,131,49,1,9,0,1,7,0,1,...,...,...,...,...,...,...,30
105,私立,技專校院,1044,聖約翰科技大學,碩士在職專班,男,40,6,2,0,0,0,1,0,0,...,...,...,...,...,...,...,3
105,私立,技專校院,1044,聖約翰科技大學,五專,女,49,2,1,0,0,1,0,0,0,...,...,...,...,...,...,...,0
105,私立,技專校院,1044,聖約翰科技大學,學士班(日間),女,1172,64,8,16,5,6,13,3,0,...,...,...,...,...,...,...,13
105,私立,技專校院,1044,聖約翰科技大學,學士班(進修),女,81,17,0,0,2,1,0,0,0,...,...,...,...,...,...,...,14
105,私立,技專校院,1044,聖約翰科技大學,碩士在職專班,女,23,3,0,0,0,0,0,0,0,...,...,...,...,...,...,...,3
105,私立,技專校院,1045,嶺東科技大學,學士班(日間),男,2857,111,4,9,5,22,9,0,0,...,...,...,...,...,...,...,62
105,私立,技專校院,1045,嶺東科技大學,學士班(進修),男,1334,161,4,10,0,21,60,0,0,...,...,...,...,...,...,...,66
105,私立,技專校院,1045,嶺東科技大學,碩士班(日間),男,125,13,1,1,0,1,5,0,0,...,...,...,...,...,...,...,5
105,私立,技專校院,1045,嶺東科技大學,碩士在職專班,男,73,11,0,2,0,0,6,0,0,...,...,...,...,...,...,...,3
105,私立,技專校院,1045,嶺東科技大學,學士班(日間),女,4584,107,12,17,5,34,9,3,1,...,...,...,...,...,...,...,26
105,私立,技專校院,1045,嶺東科技大學,學士班(進修),女,1242,93,3,10,0,17,36,3,5,...,...,...,...,...,...,...,19
105,私立,技專校院,1045,嶺東科技大學,碩士班(日間),女,136,22,0,3,1,0,10,1,0,...,...,...,...,...,...,...,7
105,私立,技專校院,1045,嶺東科技大學,碩士在職專班,女,37,2,0,0,0,1,1,0,0,...,...,...,...,...,...,...,0
105,私立,技專校院,1046,中國科技大學,學士班(日間),男,3785,221,7,12,3,56,31,0,0,...,...,...,...,...,...,...,112
105,私立,技專校院,1046,中國科技大學,學士班(進修),男,1227,167,1,6,0,11,89,0,1,...,...,...,...,...,...,...,59
105,私立,技專校院,1046,中國科技大學,碩士班(日間),男,84,28,2,0,0,1,18,0,1,...,...,...,...,...,...,...,6
105,私立,技專校院,1046,中國科技大學,碩士在職專班,男,17,3,0,0,0,0,3,0,0,...,...,...,...,...,...,...,0
105,私立,技專校院,1046,中國科技大學,學士班(日間),女,5583,224,18,19,0,68,43,5,1,...,...,...,...,...,...,...,70
105,私立,技專校院,1046,中國科技大學,學士班(進修),女,1101,102,5,10,0,12,42,5,3,...,...,...,...,...,...,...,25
105,私立,技專校院,1046,中國科技大學,碩士班(日間),女,56,9,2,0,0,1,4,0,0,...,...,...,...,...,...,...,2
105,私立,技專校院,1046,中國科技大學,碩士在職專班,女,18,2,0,1,0,0,1,0,0,...,...,...,...,...,...,...,0
105,私立,技專校院,1047,中臺科技大學,學士班(日間),男,2266,222,9,4,18,50,28,0,0,...,...,...,...,...,...,...,113
105,私立,技專校院,1047,中臺科技大學,學士班(進修),男,821,250,4,7,1,43,46,0,2,...,...,...,...,...,...,...,147
105,私立,技專校院,1047,中臺科技大學,碩士班(日間),男,57,18,1,1,1,0,6,0,0,...,...,...,...,...,...,...,9
105,私立,技專校院,1047,中臺科技大學,碩士在職專班,男,41,15,0,0,0,0,5,0,1,...,...,...,...,...,...,...,9
105,私立,技專校院,1047,中臺科技大學,博士班,男,18,4,0,0,0,0,4,0,0,...,...,...,...,...,...,...,0
105,私立,技專校院,1047,中臺科技大學,學士班(日間),女,3858,236,4,20,17,69,29,1,9,...,...,...,...,...,...,...,87
105,私立,技專校院,1047,中臺科技大學,學士班(進修),女,2038,287,14,21,1,30,75,0,43,...,...,...,...,...,...,...,103
105,私立,技專校院,1047,中臺科技大學,碩士班(日間),女,108,24,0,0,0,0,10,0,5,...,...,...,...,...,...,...,9
105,私立,技專校院,1047,中臺科技大學,碩士在職專班,女,229,49,3,0,0,0,6,0,8,...,...,...,...,...,...,...,32
105,私立,一般大學,1048,亞洲大學,學士班(日間),男,3886,656,51,29,163,0,87,0,0,...,...,...,...,...,...,...,326
105,私立,一般大學,1048,亞洲大學,學士班(進修),男,578,293,6,17,57,0,108,0,0,...,...,...,...,...,...,...,105
105,私立,一般大學,1048,亞洲大學,碩士班(日間),男,332,188,5,10,25,0,73,0,2,...,...,...,...,...,...,...,73
105,私立,一般大學,1048,亞洲大學,碩士在職專班,男,294,45,2,0,2,0,32,0,3,...,...,...,...,...,...,...,6
105,私立,一般大學,1048,亞洲大學,博士班,男,104,50,2,0,1,0,34,0,0,...,...,...,...,...,...,...,13
105,私立,一般大學,1048,亞洲大學,學士班(日間),女,5935,463,31,28,149,0,60,9,4,...,...,...,...,...,...,...,182
105,私立,一般大學,1048,亞洲大學,學士班(進修),女,610,201,18,15,36,0,82,7,7,...,...,...,...,...,...,...,36
105,私立,一般大學,1048,亞洲大學,碩士班(日間),女,296,161,15,10,20,0,69,9,10,...,...,...,...,...,...,...,28
105,私立,一般大學,1048,亞洲大學,碩士在職專班,女,193,72,7,2,1,0,43,3,3,...,...,...,...,...,...,...,13
105,私立,一般大學,1048,亞洲大學,博士班,女,60,23,2,0,0,0,20,0,0,...,...,...,...,...,...,...,1
105,私立,一般大學,1049,開南大學,學士班(日間),男,3203,241,5,15,6,51,40,0,0,...,...,...,...,...,...,...,124
105,私立,一般大學,1049,開南大學,學士班(進修),男,650,89,2,10,1,12,32,0,0,...,...,...,...,...,...,...,32
105,私立,一般大學,1049,開南大學,碩士班(日間),男,126,34,2,4,1,2,10,0,2,...,...,...,...,...,...,...,13
105,私立,一般大學,1049,開南大學,碩士在職專班,男,214,25,0,1,0,1,20,0,0,...,...,...,...,...,...,...,3
105,私立,一般大學,1049,開南大學,學士班(日間),女,3331,121,6,16,1,43,23,3,5,...,...,...,...,...,...,...,24
105,私立,一般大學,1049,開南大學,學士班(進修),女,485,48,0,11,0,4,24,3,1,...,...,...,...,...,...,...,5
105,私立,一般大學,1049,開南大學,碩士班(日間),女,100,28,2,7,0,1,13,0,3,...,...,...,...,...,...,...,2
105,私立,一般大學,1049,開南大學,碩士在職專班,女,156,15,0,0,0,1,8,0,4,...,...,...,...,...,...,...,2
105,私立,一般大學,1050,佛光大學,學士班(日間),男,1457,80,4,5,0,11,15,0,0,...,...,...,...,...,...,...,45
105,私立,一般大學,1050,佛光大學,碩士班(日間),男,243,72,6,4,0,2,29,0,1,...,...,...,...,...,...,...,30
105,私立,一般大學,1050,佛光大學,碩士在職專班,男,123,30,1,1,0,0,27,0,1,...,...,...,...,...,...,...,0
105,私立,一般大學,1050,佛光大學,博士班,男,27,4,0,1,0,0,3,0,0,...,...,...,...,...,...,...,0
105,私立,一般大學,1050,佛光大學,學士班(日間),女,1688,49,7,4,0,8,4,3,2,...,...,...,...,...,...,...,21
105,私立,一般大學,1050,佛光大學,碩士班(日間),女,324,102,5,3,0,1,58,2,3,...,...,...,...,...,...,...,30
105,私立,一般大學,1050,佛光大學,碩士在職專班,女,93,15,1,0,0,0,12,0,0,...,...,...,...,...,...,...,2
105,私立,一般大學,1050,佛光大學,博士班,女,28,5,0,1,0,0,3,0,0,...,...,...,...,...,...,...,1
105,私立,技專校院,1051,台南家專學校財團法人台南應用科技大學,五專,男,267,25,5,1,1,4,3,0,0,...,...,...,...,...,...,...,11
105,私立,技專校院,1051,台南家專學校財團法人台南應用科技大學,學士班(日間),男,2387,296,12,28,6,64,33,0,0,...,...,...,...,...,...,...,153
105,私立,技專校院,1051,台南家專學校財團法人台南應用科技大學,學士班(進修),男,888,186,6,15,23,64,74,0,0,...,...,...,...,...,...,...,4
105,私立,技專校院,1051,台南家專學校財團法人台南應用科技大學,碩士班(日間),男,32,22,1,0,1,0,3,0,0,...,...,...,...,...,...,...,17
105,私立,技專校院,1051,台南家專學校財團法人台南應用科技大學,碩士在職專班,男,35,8,0,1,1,0,6,0,0,...,...,...,...,...,...,...,0
105,私立,技專校院,1051,台南家專學校財團法人台南應用科技大學,五專,女,933,42,9,2,3,5,2,0,0,...,...,...,...,...,...,...,21
105,私立,技專校院,1051,台南家專學校財團法人台南應用科技大學,學士班(日間),女,6351,454,25,65,7,105,45,5,3,...,...,...,...,...,...,...,199
105,私立,技專校院,1051,台南家專學校財團法人台南應用科技大學,學士班(進修),女,1814,247,13,46,18,65,98,4,3,...,...,...,...,...,...,...,0
105,私立,技專校院,1051,台南家專學校財團法人台南應用科技大學,碩士班(日間),女,95,50,3,3,2,2,11,2,2,...,...,...,...,...,...,...,25
105,私立,技專校院,1051,台南家專學校財團法人台南應用科技大學,碩士在職專班,女,109,25,2,1,2,1,13,2,4,...,...,...,...,...,...,...,0
105,私立,技專校院,1052,遠東科技大學,二專(進修),男,35,6,0,2,0,0,2,0,0,...,...,...,...,...,...,...,2
105,私立,技專校院,1052,遠東科技大學,學士班(日間),男,3987,362,9,41,13,55,71,0,0,...,...,...,...,...,...,...,173
105,私立,技專校院,1052,遠東科技大學,學士班(進修),男,394,71,1,8,0,16,26,0,0,...,...,...,...,...,...,...,20
105,私立,技專校院,1052,遠東科技大學,碩士班(日間),男,147,32,0,2,0,4,14,0,0,...,...,...,...,...,...,...,12
105,私立,技專校院,1052,遠東科技大學,碩士在職專班,男,30,10,0,0,2,0,6,0,0,...,...,...,...,...,...,...,2
105,私立,技專校院,1052,遠東科技大學,學士班(日間),女,2455,154,16,39,4,32,36,2,0,...,...,...,...,...,...,...,25
105,私立,技專校院,1052,遠東科技大學,學士班(進修),女,192,28,0,3,0,4,13,0,3,...,...,...,...,...,...,...,5
105,私立,技專校院,1052,遠東科技大學,碩士班(日間),女,51,8,2,1,1,0,1,0,2,...,...,...,...,...,...,...,1
105,私立,技專校院,1053,光宇學校財團法人元培醫事科技大學,學士班(日間),男,2386,115,8,5,6,10,10,0,0,...,...,...,...,...,...,...,76
105,私立,技專校院,1053,光宇學校財團法人元培醫事科技大學,學士班(進修),男,517,34,3,2,1,1,15,0,0,...,...,...,...,...,...,...,12
105,私立,技專校院,1053,光宇學校財團法人元培醫事科技大學,碩士班(日間),男,120,15,1,1,1,0,10,0,0,...,...,...,...,...,...,...,2
105,私立,技專校院,1053,光宇學校財團法人元培醫事科技大學,碩士在職專班,男,15,2,1,0,0,0,0,0,0,...,...,...,...,...,...,...,1
105,私立,技專校院,1053,光宇學校財團法人元培醫事科技大學,學士班(日間),女,2682,62,3,6,2,17,9,6,0,...,...,...,...,...,...,...,19
105,私立,技專校院,1053,光宇學校財團法人元培醫事科技大學,學士班(進修),女,809,32,3,2,4,4,10,2,0,...,...,...,...,...,...,...,7
105,私立,技專校院,1053,光宇學校財團法人元培醫事科技大學,碩士班(日間),女,129,16,2,3,0,0,7,1,1,...,...,...,...,...,...,...,2
105,私立,技專校院,1053,光宇學校財團法人元培醫事科技大學,碩士在職專班,女,16,2,2,0,0,0,0,0,0,...,...,...,...,...,...,...,0
105,私立,技專校院,1054,景文科技大學,學士班(日間),男,2456,163,5,17,29,29,14,0,0,...,...,...,...,...,...,...,69
105,私立,技專校院,1054,景文科技大學,學士班(進修),男,958,93,1,9,10,13,30,0,0,...,...,...,...,...,...,...,30
105,私立,技專校院,1054,景文科技大學,碩士班(日間),男,42,8,2,0,1,0,0,0,0,...,...,...,...,...,...,...,5
105,私立,技專校院,1054,景文科技大學,碩士在職專班,男,63,7,0,0,1,0,6,0,0,...,...,...,...,...,...,...,0
105,私立,技專校院,1054,景文科技大學,學士班(日間),女,3101,102,10,12,15,22,10,2,1,...,...,...,...,...,...,...,30
105,私立,技專校院,1054,景文科技大學,學士班(進修),女,1017,56,5,5,2,9,23,2,2,...,...,...,...,...,...,...,8
105,私立,技專校院,1054,景文科技大學,碩士班(日間),女,15,4,1,0,0,0,1,0,0,...,...,...,...,...,...,...,2
105,私立,技專校院,1054,景文科技大學,碩士在職專班,女,41,4,0,0,2,0,2,0,0,...,...,...,...,...,...,...,0
105,私立,技專校院,1055,中華醫事科技大學,二專(日間),男,50,2,0,0,0,0,0,0,0,...,...,...,...,...,...,...,2
105,私立,技專校院,1055,中華醫事科技大學,五專,男,516,28,1,1,0,5,1,0,0,...,...,...,...,...,...,...,20
105,私立,技專校院,1055,中華醫事科技大學,學士班(日間),男,2080,155,5,4,0,14,11,0,0,...,...,...,...,...,...,...,121
105,私立,技專校院,1055,中華醫事科技大學,學士班(進修),男,595,164,1,4,0,2,21,0,0,...,...,...,...,...,...,...,136
105,私立,技專校院,1055,中華醫事科技大學,碩士班(日間),男,51,9,0,0,0,0,1,0,0,...,...,...,...,...,...,...,8
105,私立,技專校院,1055,中華醫事科技大學,碩士在職專班,男,6,2,0,0,0,0,2,0,0,...,...,...,...,...,...,...,0
105,私立,技專校院,1055,中華醫事科技大學,二專(日間),女,49,4,0,0,0,0,1,0,0,...,...,...,...,...,...,...,3
105,私立,技專校院,1055,中華醫事科技大學,五專,女,1927,32,2,1,0,7,2,0,0,...,...,...,...,...,...,...,20
105,私立,技專校院,1055,中華醫事科技大學,學士班(日間),女,3025,196,3,12,0,15,15,0,1,...,...,...,...,...,...,...,150
105,私立,技專校院,1055,中華醫事科技大學,學士班(進修),女,1156,223,6,23,0,4,34,2,7,...,...,...,...,...,...,...,147
105,私立,技專校院,1055,中華醫事科技大學,碩士班(日間),女,40,7,1,0,0,0,1,0,0,...,...,...,...,...,...,...,5
105,私立,技專校院,1056,東南科技大學,二專(日間),男,0,6,0,0,0,0,0,0,0,...,...,...,...,...,...,...,6
105,私立,技專校院,1056,東南科技大學,學士班(日間),男,3959,566,12,38,3,73,138,0,3,...,...,...,...,...,...,...,299
105,私立,技專校院,1056,東南科技大學,學士班(進修),男,488,220,4,8,0,2,48,0,0,...,...,...,...,...,...,...,158
105,私立,技專校院,1056,東南科技大學,碩士班(日間),男,114,16,0,0,0,1,9,0,1,...,...,...,...,...,...,...,5
105,私立,技專校院,1056,東南科技大學,碩士在職專班,男,40,15,0,0,0,0,3,0,0,...,...,...,...,...,...,...,12
105,私立,技專校院,1056,東南科技大學,二專(日間),女,1,2,0,0,0,0,0,0,1,...,...,...,...,...,...,...,1
105,私立,技專校院,1056,東南科技大學,學士班(日間),女,2113,220,8,29,4,28,81,5,8,...,...,...,...,...,...,...,57
105,私立,技專校院,1056,東南科技大學,學士班(進修),女,166,50,3,1,1,3,17,0,0,...,...,...,...,...,...,...,25
105,私立,技專校院,1056,東南科技大學,碩士班(日間),女,23,2,0,1,0,0,1,0,0,...,...,...,...,...,...,...,0
105,私立,技專校院,1056,東南科技大學,碩士在職專班,女,7,1,0,0,0,0,0,0,0,...,...,...,...,...,...,...,1
105,私立,技專校院,1057,德明財經科技大學,二專(日間),男,0,1,0,0,0,0,1,0,0,...,...,...,...,...,...,...,0
105,私立,技專校院,1057,德明財經科技大學,學士班(日間),男,2751,192,8,10,18,30,27,0,0,...,...,...,...,...,...,...,99
105,私立,技專校院,1057,德明財經科技大學,學士班(進修),男,638,154,0,4,0,0,45,0,0,...,...,...,...,...,...,...,105
105,私立,技專校院,1057,德明財經科技大學,碩士班(日間),男,40,16,1,0,0,0,6,0,0,...,...,...,...,...,...,...,9
105,私立,技專校院,1057,德明財經科技大學,碩士在職專班,男,42,10,0,0,0,0,2,0,0,...,...,...,...,...,...,...,8
105,私立,技專校院,1057,德明財經科技大學,學士班(日間),女,4689,159,11,11,22,34,27,0,0,...,...,...,...,...,...,...,54
105,私立,技專校院,1057,德明財經科技大學,學士班(進修),女,706,102,1,0,0,0,26,2,3,...,...,...,...,...,...,...,70
105,私立,技專校院,1057,德明財經科技大學,碩士班(日間),女,28,6,0,0,0,0,2,1,1,...,...,...,...,...,...,...,2
105,私立,技專校院,1057,德明財經科技大學,碩士在職專班,女,25,5,0,0,0,0,1,1,0,...,...,...,...,...,...,...,3
105,私立,一般大學,1058,明道學校財團法人明道大學,學士班(日間),男,1946,68,5,2,0,5,11,0,0,...,...,...,...,...,...,...,45
105,私立,一般大學,1058,明道學校財團法人明道大學,學士班(進修),男,767,51,2,1,1,6,16,0,0,...,...,...,...,...,...,...,25
105,私立,一般大學,1058,明道學校財團法人明道大學,碩士班(日間),男,105,16,1,0,0,0,7,0,0,...,...,...,...,...,...,...,8
105,私立,一般大學,1058,明道學校財團法人明道大學,碩士在職專班,男,22,2,0,0,0,0,1,0,0,...,...,...,...,...,...,...,1
105,私立,一般大學,1058,明道學校財團法人明道大學,學士班(日間),女,1520,45,2,9,1,4,7,4,0,...,...,...,...,...,...,...,18
105,私立,一般大學,1058,明道學校財團法人明道大學,學士班(進修),女,466,27,0,1,0,5,13,2,0,...,...,...,...,...,...,...,6
105,私立,一般大學,1058,明道學校財團法人明道大學,碩士班(日間),女,84,15,1,1,0,0,5,2,1,...,...,...,...,...,...,...,5
105,私立,一般大學,1058,明道學校財團法人明道大學,碩士在職專班,女,45,6,3,0,0,0,2,0,1,...,...,...,...,...,...,...,0
105,私立,一般大學,1058,明道學校財團法人明道大學,博士班,女,4,1,0,0,0,0,1,0,0,...,...,...,...,...,...,...,0
105,私立,技專校院,1060,南開科技大學,五專,男,818,121,13,5,16,35,36,0,0,...,...,...,...,...,...,...,16
105,私立,技專校院,1060,南開科技大學,學士班(日間),男,2353,262,26,21,6,39,87,0,0,...,...,...,...,...,...,...,83
105,私立,技專校院,1060,南開科技大學,學士班(進修),男,665,107,2,8,1,7,59,0,0,...,...,...,...,...,...,...,30
105,私立,技專校院,1060,南開科技大學,碩士班(日間),男,73,16,4,0,0,0,5,0,0,...,...,...,...,...,...,...,7
105,私立,技專校院,1060,南開科技大學,碩士在職專班,男,41,2,0,0,0,0,1,0,0,...,...,...,...,...,...,...,1
105,私立,技專校院,1060,南開科技大學,五專,女,208,27,2,0,2,12,5,0,0,...,...,...,...,...,...,...,6
105,私立,技專校院,1060,南開科技大學,學士班(日間),女,1201,82,16,11,0,19,26,4,0,...,...,...,...,...,...,...,6
105,私立,技專校院,1060,南開科技大學,學士班(進修),女,360,38,4,3,1,7,15,3,2,...,...,...,...,...,...,...,3
105,私立,技專校院,1060,南開科技大學,碩士班(日間),女,33,7,2,1,0,0,3,0,0,...,...,...,...,...,...,...,1
105,私立,技專校院,1060,南開科技大學,碩士在職專班,女,66,9,2,0,0,0,6,0,0,...,...,...,...,...,...,...,1
105,私立,技專校院,1061,中華學校財團法人中華科技大學,二專(進修),男,3,1,0,1,0,0,0,0,0,...,...,...,...,...,...,...,0
105,私立,技專校院,1061,中華學校財團法人中華科技大學,學士班(日間),男,3789,516,17,40,5,7,105,0,0,...,...,...,...,...,...,...,342
105,私立,技專校院,1061,中華學校財團法人中華科技大學,學士班(進修),男,900,245,6,7,1,19,65,0,0,...,...,...,...,...,...,...,147
105,私立,技專校院,1061,中華學校財團法人中華科技大學,碩士班(日間),男,182,41,1,5,0,0,22,0,0,...,...,...,...,...,...,...,13
105,私立,技專校院,1061,中華學校財團法人中華科技大學,碩士在職專班,男,88,18,2,0,0,0,12,0,0,...,...,...,...,...,...,...,4
105,私立,技專校院,1061,中華學校財團法人中華科技大學,二專(進修),女,16,1,0,0,0,0,0,0,0,...,...,...,...,...,...,...,1
105,私立,技專校院,1061,中華學校財團法人中華科技大學,學士班(日間),女,2039,194,10,28,0,3,46,10,0,...,...,...,...,...,...,...,97
105,私立,技專校院,1061,中華學校財團法人中華科技大學,學士班(進修),女,320,60,4,4,1,2,17,2,0,...,...,...,...,...,...,...,30
105,私立,技專校院,1061,中華學校財團法人中華科技大學,碩士班(日間),女,57,11,0,0,0,0,7,1,0,...,...,...,...,...,...,...,3
105,私立,技專校院,1061,中華學校財團法人中華科技大學,碩士在職專班,女,24,2,0,0,0,0,1,0,0,...,...,...,...,...,...,...,1
105,私立,技專校院,1062,僑光科技大學,二專(進修),男,62,2,0,1,0,0,0,0,0,...,...,...,...,...,...,...,1
105,私立,技專校院,1062,僑光科技大學,五專,男,9,2,0,0,0,0,0,0,0,...,...,...,...,...,...,...,2
105,私立,技專校院,1062,僑光科技大學,學士班(日間),男,2418,81,5,7,3,15,5,0,0,...,...,...,...,...,...,...,46
105,私立,技專校院,1062,僑光科技大學,學士班(進修),男,1952,109,2,9,0,14,10,0,0,...,...,...,...,...,...,...,74
105,私立,技專校院,1062,僑光科技大學,碩士班(日間),男,35,5,1,0,0,0,3,0,0,...,...,...,...,...,...,...,1
105,私立,技專校院,1062,僑光科技大學,學士班(日間),女,3992,52,5,5,3,14,4,1,0,...,...,...,...,...,...,...,20
105,私立,技專校院,1062,僑光科技大學,學士班(進修),女,2001,58,2,17,2,10,10,2,3,...,...,...,...,...,...,...,12
105,私立,技專校院,1062,僑光科技大學,碩士班(日間),女,33,3,0,1,0,0,1,0,0,...,...,...,...,...,...,...,1
105,私立,技專校院,1062,僑光科技大學,碩士在職專班,女,18,1,0,1,0,0,0,0,0,...,...,...,...,...,...,...,0
105,私立,技專校院,1063,廣亞學校財團法人育達科技大學,學士班(日間),男,1519,139,2,15,2,11,18,0,0,...,...,...,...,...,...,...,91
105,私立,技專校院,1063,廣亞學校財團法人育達科技大學,學士班(進修),男,784,173,2,0,0,6,52,0,0,...,...,...,...,...,...,...,113
105,私立,技專校院,1063,廣亞學校財團法人育達科技大學,碩士班(日間),男,52,8,1,0,1,0,3,0,0,...,...,...,...,...,...,...,3
105,私立,技專校院,1063,廣亞學校財團法人育達科技大學,碩士在職專班,男,84,7,0,0,0,0,7,0,0,...,...,...,...,...,...,...,0
105,私立,技專校院,1063,廣亞學校財團法人育達科技大學,學士班(日間),女,1627,119,15,15,3,11,33,0,2,...,...,...,...,...,...,...,40
105,私立,技專校院,1063,廣亞學校財團法人育達科技大學,學士班(進修),女,760,77,2,1,0,2,44,0,0,...,...,...,...,...,...,...,28
105,私立,技專校院,1063,廣亞學校財團法人育達科技大學,碩士班(日間),女,41,2,0,0,0,0,2,0,0,...,...,...,...,...,...,...,0
105,私立,技專校院,1063,廣亞學校財團法人育達科技大學,碩士在職專班,女,46,5,0,0,0,0,3,0,0,...,...,...,...,...,...,...,2
105,私立,技專校院,1064,美和學校財團法人美和科技大學,二專(進修),男,25,3,0,0,0,0,2,0,0,...,...,...,...,...,...,...,1
105,私立,技專校院,1064,美和學校財團法人美和科技大學,五專,男,203,13,2,0,1,2,0,0,0,...,...,...,...,...,...,...,8
105,私立,技專校院,1064,美和學校財團法人美和科技大學,學士班(日間),男,1623,161,5,10,0,14,44,0,0,...,...,...,...,...,...,...,88
105,私立,技專校院,1064,美和學校財團法人美和科技大學,學士班(進修),男,486,104,5,3,0,3,30,0,1,...,...,...,...,...,...,...,62
105,私立,技專校院,1064,美和學校財團法人美和科技大學,碩士班(日間),男,53,13,0,0,0,0,5,0,0,...,...,...,...,...,...,...,8
105,私立,技專校院,1064,美和學校財團法人美和科技大學,碩士在職專班,男,61,7,0,0,0,0,6,0,0,...,...,...,...,...,...,...,1
105,私立,技專校院,1064,美和學校財團法人美和科技大學,二專(進修),女,3,1,0,0,0,0,0,0,0,...,...,...,...,...,...,...,1
105,私立,技專校院,1064,美和學校財團法人美和科技大學,五專,女,1568,61,7,4,0,21,8,2,1,...,...,...,...,...,...,...,18
105,私立,技專校院,1064,美和學校財團法人美和科技大學,學士班(日間),女,2334,119,7,18,1,15,32,3,0,...,...,...,...,...,...,...,43
105,私立,技專校院,1064,美和學校財團法人美和科技大學,學士班(進修),女,1278,113,7,7,0,2,46,4,3,...,...,...,...,...,...,...,44
105,私立,技專校院,1064,美和學校財團法人美和科技大學,碩士班(日間),女,76,14,1,1,0,0,7,1,2,...,...,...,...,...,...,...,2
105,私立,技專校院,1064,美和學校財團法人美和科技大學,碩士在職專班,女,132,8,0,0,0,0,2,1,0,...,...,...,...,...,...,...,5
105,私立,技專校院,1065,吳鳳科技大學,學士班(日間),男,2711,252,6,5,5,33,33,0,0,...,...,...,...,...,...,...,170
105,私立,技專校院,1065,吳鳳科技大學,學士班(進修),男,737,173,2,16,45,15,62,0,1,...,...,...,...,...,...,...,32
105,私立,技專校院,1065,吳鳳科技大學,碩士班(日間),男,32,4,0,0,0,0,1,0,1,...,...,...,...,...,...,...,2
105,私立,技專校院,1065,吳鳳科技大學,碩士在職專班,男,47,2,0,0,0,0,2,0,0,...,...,...,...,...,...,...,0
105,私立,技專校院,1065,吳鳳科技大學,學士班(日間),女,1280,111,2,6,1,19,21,7,2,...,...,...,...,...,...,...,53
105,私立,技專校院,1065,吳鳳科技大學,學士班(進修),女,269,45,2,3,8,10,17,3,0,...,...,...,...,...,...,...,2
105,私立,技專校院,1065,吳鳳科技大學,碩士班(日間),女,24,2,0,0,0,0,0,0,0,...,...,...,...,...,...,...,2
105,私立,技專校院,1065,吳鳳科技大學,碩士在職專班,女,34,1,1,0,0,0,0,0,0,...,...,...,...,...,...,...,0
105,私立,技專校院,1066,環球學校財團法人環球科技大學,二專(進修),男,146,9,0,0,0,1,3,0,0,...,...,...,...,...,...,...,5
105,私立,技專校院,1066,環球學校財團法人環球科技大學,學士班(日間),男,1882,159,6,27,46,31,7,0,0,...,...,...,...,...,...,...,42
105,私立,技專校院,1066,環球學校財團法人環球科技大學,學士班(進修),男,659,30,1,2,0,0,10,0,0,...,...,...,...,...,...,...,17
105,私立,技專校院,1066,環球學校財團法人環球科技大學,碩士班(日間),男,72,11,1,0,2,2,3,0,0,...,...,...,...,...,...,...,3
105,私立,技專校院,1066,環球學校財團法人環球科技大學,碩士在職專班,男,26,2,0,0,0,0,1,0,0,...,...,...,...,...,...,...,1
105,私立,技專校院,1066,環球學校財團法人環球科技大學,二專(進修),女,136,12,0,1,0,0,10,0,0,...,...,...,...,...,...,...,1
105,私立,技專校院,1066,環球學校財團法人環球科技大學,學士班(日間),女,2049,141,7,55,26,34,1,2,0,...,...,...,...,...,...,...,16
105,私立,技專校院,1066,環球學校財團法人環球科技大學,學士班(進修),女,819,27,5,5,0,0,10,0,0,...,...,...,...,...,...,...,7
105,私立,技專校院,1066,環球學校財團法人環球科技大學,碩士班(日間),女,67,12,0,1,9,0,2,0,0,...,...,...,...,...,...,...,0
105,私立,技專校院,1066,環球學校財團法人環球科技大學,碩士在職專班,女,20,2,0,0,2,0,0,0,0,...,...,...,...,...,...,...,0
105,私立,一般大學,1067,台灣首府學校財團法人台灣首府大學,學士班(日間),男,1387,105,6,14,10,5,14,0,0,...,...,...,...,...,...,...,56
105,私立,一般大學,1067,台灣首府學校財團法人台灣首府大學,學士班(進修),男,313,31,1,0,0,4,9,0,0,...,...,...,...,...,...,...,17
105,私立,一般大學,1067,台灣首府學校財團法人台灣首府大學,學士班(日間),女,1276,45,3,11,5,5,8,2,0,...,...,...,...,...,...,...,11
105,私立,一般大學,1067,台灣首府學校財團法人台灣首府大學,學士班(進修),女,233,10,0,3,0,0,5,0,1,...,...,...,...,...,...,...,1
105,私立,一般大學,1067,台灣首府學校財團法人台灣首府大學,碩士班(日間),女,38,1,0,0,0,0,1,0,0,...,...,...,...,...,...,...,0
105,私立,技專校院,1068,中州學校財團法人中州科技大學,學士班(日間),男,1413,77,2,3,0,14,15,0,0,...,...,...,...,...,...,...,43
105,私立,技專校院,1068,中州學校財團法人中州科技大學,學士班(進修),男,620,39,1,1,1,2,13,0,0,...,...,...,...,...,...,...,21
105,私立,技專校院,1068,中州學校財團法人中州科技大學,碩士班(日間),男,29,8,0,0,0,0,4,0,0,...,...,...,...,...,...,...,4
105,私立,技專校院,1068,中州學校財團法人中州科技大學,碩士在職專班,男,25,3,0,0,0,0,3,0,0,...,...,...,...,...,...,...,0
105,私立,技專校院,1068,中州學校財團法人中州科技大學,學士班(日間),女,995,38,2,6,0,11,12,2,0,...,...,...,...,...,...,...,5
105,私立,技專校院,1068,中州學校財團法人中州科技大學,學士班(進修),女,669,21,3,2,0,1,8,1,1,...,...,...,...,...,...,...,5
105,私立,技專校院,1068,中州學校財團法人中州科技大學,碩士班(日間),女,19,4,0,0,0,0,4,0,0,...,...,...,...,...,...,...,0
105,私立,技專校院,1068,中州學校財團法人中州科技大學,碩士在職專班,女,10,1,0,0,0,0,1,0,0,...,...,...,...,...,...,...,0
105,私立,技專校院,1069,修平學校財團法人修平科技大學,二專(進修),男,13,2,0,0,0,0,1,0,0,...,...,...,...,...,...,...,1
105,私立,技專校院,1069,修平學校財團法人修平科技大學,學士班(日間),男,3245,184,6,15,9,39,56,0,0,...,...,...,...,...,...,...,59
105,私立,技專校院,1069,修平學校財團法人修平科技大學,學士班(進修),男,672,68,3,4,2,10,30,0,0,...,...,...,...,...,...,...,19
105,私立,技專校院,1069,修平學校財團法人修平科技大學,碩士班(日間),男,38,3,0,0,1,0,1,0,0,...,...,...,...,...,...,...,1
105,私立,技專校院,1069,修平學校財團法人修平科技大學,碩士在職專班,男,9,2,0,0,0,0,2,0,0,...,...,...,...,...,...,...,0
105,私立,技專校院,1069,修平學校財團法人修平科技大學,學士班(日間),女,1869,68,5,6,4,22,13,1,0,...,...,...,...,...,...,...,17
105,私立,技專校院,1069,修平學校財團法人修平科技大學,學士班(進修),女,123,10,0,2,0,1,5,0,0,...,...,...,...,...,...,...,2
105,私立,技專校院,1070,長庚學校財團法人長庚科技大學,學士班(日間),男,385,4,1,0,0,1,0,0,0,...,...,...,...,...,...,...,2
105,私立,技專校院,1070,長庚學校財團法人長庚科技大學,學士班(進修),男,92,5,0,0,0,0,3,0,0,...,...,...,...,...,...,...,2
105,私立,技專校院,1070,長庚學校財團法人長庚科技大學,碩士班(日間),男,4,1,0,0,0,0,1,0,0,...,...,...,...,...,...,...,0
105,私立,技專校院,1070,長庚學校財團法人長庚科技大學,五專,女,796,2,0,0,0,0,0,0,0,...,...,...,...,...,...,...,2
105,私立,技專校院,1070,長庚學校財團法人長庚科技大學,學士班(日間),女,3966,34,3,0,0,9,4,1,4,...,...,...,...,...,...,...,13
105,私立,技專校院,1070,長庚學校財團法人長庚科技大學,學士班(進修),女,1656,84,7,5,0,5,27,2,19,...,...,...,...,...,...,...,19
105,私立,技專校院,1070,長庚學校財團法人長庚科技大學,碩士班(日間),女,52,3,0,0,0,0,0,0,0,...,...,...,...,...,...,...,3
105,私立,技專校院,1070,長庚學校財團法人長庚科技大學,碩士在職專班,女,67,6,0,0,0,0,1,0,2,...,...,...,...,...,...,...,3
105,私立,技專校院,1071,城市學校財團法人臺北城市科技大學,二專(日間),男,8,9,0,0,1,0,6,0,0,...,...,...,...,...,...,...,2
105,私立,技專校院,1071,城市學校財團法人臺北城市科技大學,二專(進修),男,37,13,0,1,2,0,0,0,0,...,...,...,...,...,...,...,10
105,私立,技專校院,1071,城市學校財團法人臺北城市科技大學,五專,男,1115,85,2,8,17,10,21,0,0,...,...,...,...,...,...,...,27
105,私立,技專校院,1071,城市學校財團法人臺北城市科技大學,學士班(日間),男,4422,367,13,44,39,28,84,0,0,...,...,...,...,...,...,...,159
105,私立,技專校院,1071,城市學校財團法人臺北城市科技大學,學士班(進修),男,621,88,5,6,2,5,16,0,0,...,...,...,...,...,...,...,54
105,私立,技專校院,1071,城市學校財團法人臺北城市科技大學,碩士班(日間),男,79,22,0,2,6,0,8,0,0,...,...,...,...,...,...,...,6
105,私立,技專校院,1071,城市學校財團法人臺北城市科技大學,二專(日間),女,4,7,0,2,2,0,3,0,0,...,...,...,...,...,...,...,0
105,私立,技專校院,1071,城市學校財團法人臺北城市科技大學,二專(進修),女,21,4,0,0,0,1,1,0,0,...,...,...,...,...,...,...,2
105,私立,技專校院,1071,城市學校財團法人臺北城市科技大學,五專,女,484,35,4,3,12,7,3,1,0,...,...,...,...,...,...,...,5
105,私立,技專校院,1071,城市學校財團法人臺北城市科技大學,學士班(日間),女,2866,189,9,40,20,27,50,4,4,...,...,...,...,...,...,...,35
105,私立,技專校院,1071,城市學校財團法人臺北城市科技大學,學士班(進修),女,246,42,1,5,3,2,13,1,0,...,...,...,...,...,...,...,17
105,私立,技專校院,1071,城市學校財團法人臺北城市科技大學,碩士班(日間),女,30,10,1,0,3,0,6,0,0,...,...,...,...,...,...,...,0
105,私立,技專校院,1072,大華學校財團法人敏實科技大學,二專(進修),男,139,1,0,0,0,1,0,0,0,...,...,...,...,...,...,...,0
105,私立,技專校院,1072,大華學校財團法人敏實科技大學,五專,男,555,65,3,4,4,38,11,0,0,...,...,...,...,...,...,...,5
105,私立,技專校院,1072,大華學校財團法人敏實科技大學,學士班(日間),男,653,65,6,5,0,17,14,0,3,...,...,...,...,...,...,...,20
105,私立,技專校院,1072,大華學校財團法人敏實科技大學,學士班(進修),男,1028,45,1,4,10,1,21,0,0,...,...,...,...,...,...,...,8
105,私立,技專校院,1072,大華學校財團法人敏實科技大學,碩士班(日間),男,22,4,0,0,0,0,4,0,0,...,...,...,...,...,...,...,0
105,私立,技專校院,1072,大華學校財團法人敏實科技大學,二專(進修),女,48,1,0,1,0,0,0,0,0,...,...,...,...,...,...,...,0
105,私立,技專校院,1072,大華學校財團法人敏實科技大學,五專,女,391,41,4,3,15,14,0,2,0,...,...,...,...,...,...,...,3
105,私立,技專校院,1072,大華學校財團法人敏實科技大學,學士班(日間),女,368,29,2,7,3,5,6,2,0,...,...,...,...,...,...,...,4
105,私立,技專校院,1072,大華學校財團法人敏實科技大學,學士班(進修),女,340,18,1,3,5,0,8,0,0,...,...,...,...,...,...,...,1
105,私立,技專校院,1073,醒吾學校財團法人醒吾科技大學,五專,男,415,64,4,1,23,0,18,0,0,...,...,...,...,...,...,...,18
105,私立,技專校院,1073,醒吾學校財團法人醒吾科技大學,學士班(日間),男,2321,255,19,2,38,2,107,0,0,...,...,...,...,...,...,...,87
105,私立,技專校院,1073,醒吾學校財團法人醒吾科技大學,學士班(進修),男,579,29,0,0,0,0,0,0,1,...,...,...,...,...,...,...,28
105,私立,技專校院,1073,醒吾學校財團法人醒吾科技大學,碩士班(日間),男,44,16,1,0,1,0,9,0,0,...,...,...,...,...,...,...,5
105,私立,技專校院,1073,醒吾學校財團法人醒吾科技大學,五專,女,763,119,17,0,58,1,28,3,0,...,...,...,...,...,...,...,12
105,私立,技專校院,1073,醒吾學校財團法人醒吾科技大學,學士班(日間),女,3517,218,22,5,48,5,98,13,0,...,...,...,...,...,...,...,27
105,私立,技專校院,1073,醒吾學校財團法人醒吾科技大學,學士班(進修),女,528,38,0,1,2,0,4,5,1,...,...,...,...,...,...,...,25
105,私立,技專校院,1073,醒吾學校財團法人醒吾科技大學,碩士班(日間),女,19,4,1,0,0,0,2,1,0,...,...,...,...,...,...,...,0
105,私立,技專校院,1073,醒吾學校財團法人醒吾科技大學,碩士在職專班,女,33,4,1,0,0,0,3,0,0,...,...,...,...,...,...,...,0
105,私立,技專校院,1074,南榮學校財團法人南榮科技大學,二專(進修),男,80,1,0,0,0,0,1,0,0,...,...,...,...,...,...,...,0
105,私立,技專校院,1074,南榮學校財團法人南榮科技大學,五專,男,190,14,1,1,0,0,2,0,0,...,...,...,...,...,...,...,10
105,私立,技專校院,1074,南榮學校財團法人南榮科技大學,學士班(日間),男,842,37,2,3,0,0,13,0,0,...,...,...,...,...,...,...,19
105,私立,技專校院,1074,南榮學校財團法人南榮科技大學,學士班(進修),男,620,31,0,4,0,3,5,0,0,...,...,...,...,...,...,...,19
105,私立,技專校院,1074,南榮學校財團法人南榮科技大學,碩士班(日間),男,20,1,0,0,0,0,0,0,0,...,...,...,...,...,...,...,1
105,私立,技專校院,1074,南榮學校財團法人南榮科技大學,碩士在職專班,男,16,2,1,0,0,0,1,0,0,...,...,...,...,...,...,...,0
105,私立,技專校院,1074,南榮學校財團法人南榮科技大學,二專(進修),女,81,3,0,0,0,0,3,0,0,...,...,...,...,...,...,...,0
105,私立,技專校院,1074,南榮學校財團法人南榮科技大學,五專,女,68,4,0,0,0,0,3,0,0,...,...,...,...,...,...,...,1
105,私立,技專校院,1074,南榮學校財團法人南榮科技大學,學士班(日間),女,558,18,3,1,0,5,8,0,0,...,...,...,...,...,...,...,1
105,私立,技專校院,1074,南榮學校財團法人南榮科技大學,學士班(進修),女,367,12,1,2,0,1,7,0,0,...,...,...,...,...,...,...,1
105,私立,技專校院,1075,文藻學校財團法人文藻外語大學,五專,男,287,9,0,0,1,1,1,0,0,...,...,...,...,...,...,...,6
105,私立,技專校院,1075,文藻學校財團法人文藻外語大學,學士班(日間),男,1156,89,4,5,6,17,12,0,0,...,...,...,...,...,...,...,45
105,私立,技專校院,1075,文藻學校財團法人文藻外語大學,學士班(進修),男,574,110,2,6,1,2,57,0,0,...,...,...,...,...,...,...,42
105,私立,技專校院,1075,文藻學校財團法人文藻外語大學,碩士班(日間),男,32,17,0,1,0,2,4,0,0,...,...,...,...,...,...,...,10
105,私立,技專校院,1075,文藻學校財團法人文藻外語大學,碩士在職專班,男,14,9,0,1,0,0,8,0,0,...,...,...,...,...,...,...,0
105,私立,技專校院,1075,文藻學校財團法人文藻外語大學,五專,女,1447,46,9,2,2,7,4,0,0,...,...,...,...,...,...,...,22
105,私立,技專校院,1075,文藻學校財團法人文藻外語大學,學士班(日間),女,4384,208,19,13,10,37,24,1,2,...,...,...,...,...,...,...,102
105,私立,技專校院,1075,文藻學校財團法人文藻外語大學,學士班(進修),女,1392,244,9,15,1,23,102,5,3,...,...,...,...,...,...,...,86
105,私立,技專校院,1075,文藻學校財團法人文藻外語大學,碩士班(日間),女,116,42,1,2,1,0,23,2,0,...,...,...,...,...,...,...,13
105,私立,技專校院,1075,文藻學校財團法人文藻外語大學,碩士在職專班,女,46,17,1,4,0,0,9,2,0,...,...,...,...,...,...,...,1
105,私立,技專校院,1076,華夏學校財團法人華夏科技大學,二專(進修),男,122,88,2,6,2,0,23,0,0,...,...,...,...,...,...,...,55
105,私立,技專校院,1076,華夏學校財團法人華夏科技大學,五專,男,511,69,1,0,6,12,6,0,0,...,...,...,...,...,...,...,44
105,私立,技專校院,1076,華夏學校財團法人華夏科技大學,學士班(日間),男,1899,349,9,16,6,19,79,0,0,...,...,...,...,...,...,...,220
105,私立,技專校院,1076,華夏學校財團法人華夏科技大學,學士班(進修),男,649,265,5,8,4,16,96,0,0,...,...,...,...,...,...,...,136
105,私立,技專校院,1076,華夏學校財團法人華夏科技大學,碩士班(日間),男,32,9,1,0,0,0,4,0,0,...,...,...,...,...,...,...,4
105,私立,技專校院,1076,華夏學校財團法人華夏科技大學,碩士在職專班,男,46,14,0,0,0,0,10,0,0,...,...,...,...,...,...,...,4
105,私立,技專校院,1076,華夏學校財團法人華夏科技大學,二專(進修),女,136,67,2,2,0,5,19,3,0,...,...,...,...,...,...,...,36
105,私立,技專校院,1076,華夏學校財團法人華夏科技大學,五專,女,85,14,0,2,0,2,1,0,0,...,...,...,...,...,...,...,9
105,私立,技專校院,1076,華夏學校財團法人華夏科技大學,學士班(日間),女,1097,187,5,30,2,16,62,6,4,...,...,...,...,...,...,...,62
105,私立,技專校院,1076,華夏學校財團法人華夏科技大學,學士班(進修),女,326,102,1,12,1,6,40,6,6,...,...,...,...,...,...,...,30
105,私立,技專校院,1076,華夏學校財團法人華夏科技大學,碩士班(日間),女,6,2,1,0,0,0,1,0,0,...,...,...,...,...,...,...,0
105,私立,技專校院,1076,華夏學校財團法人華夏科技大學,碩士在職專班,女,17,4,0,0,0,0,3,0,0,...,...,...,...,...,...,...,1
105,私立,技專校院,1077,慈濟學校財團法人慈濟科技大學,五專,男,148,14,1,1,3,8,0,0,0,...,...,...,...,...,...,...,1
105,私立,技專校院,1077,慈濟學校財團法人慈濟科技大學,學士班(日間),男,610,38,2,1,10,11,6,0,0,...,...,...,...,...,...,...,8
105,私立,技專校院,1077,慈濟學校財團法人慈濟科技大學,學士班(進修),男,6,1,0,0,0,0,0,0,0,...,...,...,...,...,...,...,1
105,私立,技專校院,1077,慈濟學校財團法人慈濟科技大學,碩士班(日間),男,19,1,0,0,0,0,1,0,0,...,...,...,...,...,...,...,0
105,私立,技專校院,1077,慈濟學校財團法人慈濟科技大學,五專,女,1116,34,2,3,3,21,1,0,0,...,...,...,...,...,...,...,4
105,私立,技專校院,1077,慈濟學校財團法人慈濟科技大學,學士班(日間),女,885,38,0,3,4,11,8,0,0,...,...,...,...,...,...,...,12
105,私立,技專校院,1077,慈濟學校財團法人慈濟科技大學,學士班(進修),女,117,9,1,0,0,1,5,0,0,...,...,...,...,...,...,...,2
105,私立,技專校院,1078,致理學校財團法人致理科技大學,二專(日間),男,3,11,0,0,0,0,0,0,0,...,...,...,...,...,...,...,11
105,私立,技專校院,1078,致理學校財團法人致理科技大學,五專,男,306,25,0,1,1,11,2,0,0,...,...,...,...,...,...,...,10
105,私立,技專校院,1078,致理學校財團法人致理科技大學,學士班(日間),男,2080,147,7,8,7,43,25,0,1,...,...,...,...,...,...,...,56
105,私立,技專校院,1078,致理學校財團法人致理科技大學,學士班(進修),男,1141,123,3,7,10,8,52,0,0,...,...,...,...,...,...,...,43
105,私立,技專校院,1078,致理學校財團法人致理科技大學,碩士班(日間),男,8,2,0,0,0,1,0,0,0,...,...,...,...,...,...,...,1
105,私立,技專校院,1078,致理學校財團法人致理科技大學,碩士在職專班,男,9,2,0,0,0,0,2,0,0,...,...,...,...,...,...,...,0
105,私立,技專校院,1078,致理學校財團法人致理科技大學,二專(日間),女,1,1,0,0,0,0,0,0,0,...,...,...,...,...,...,...,1
105,私立,技專校院,1078,致理學校財團法人致理科技大學,五專,女,1330,34,4,1,3,17,1,2,1,...,...,...,...,...,...,...,5
105,私立,技專校院,1078,致理學校財團法人致理科技大學,學士班(日間),女,4650,159,11,13,10,56,21,2,2,...,...,...,...,...,...,...,44
105,私立,技專校院,1078,致理學校財團法人致理科技大學,學士班(進修),女,2219,168,20,23,18,17,54,9,8,...,...,...,...,...,...,...,19
105,私立,技專校院,1078,致理學校財團法人致理科技大學,碩士班(日間),女,29,1,0,0,0,0,1,0,0,...,...,...,...,...,...,...,0
105,私立,技專校院,1078,致理學校財團法人致理科技大學,碩士在職專班,女,28,4,0,0,0,0,4,0,0,...,...,...,...,...,...,...,0
105,私立,一般大學,1079,康寧學校財團法人康寧大學,二專(進修),男,67,9,0,0,0,0,5,0,0,...,...,...,...,...,...,...,4
105,私立,一般大學,1079,康寧學校財團法人康寧大學,五專,男,635,27,2,2,0,12,4,0,0,...,...,...,...,...,...,...,7
105,私立,一般大學,1079,康寧學校財團法人康寧大學,學士班(日間),男,584,103,0,13,12,0,1,0,0,...,...,...,...,...,...,...,77
105,私立,一般大學,1079,康寧學校財團法人康寧大學,學士班(進修),男,317,106,0,5,5,0,3,0,0,...,...,...,...,...,...,...,93
105,私立,一般大學,1079,康寧學校財團法人康寧大學,碩士班(日間),男,62,22,1,1,0,0,2,0,0,...,...,...,...,...,...,...,18
105,私立,一般大學,1079,康寧學校財團法人康寧大學,碩士在職專班,男,70,21,0,2,0,0,2,0,0,...,...,...,...,...,...,...,17
105,私立,一般大學,1079,康寧學校財團法人康寧大學,二專(日間),女,28,1,0,0,0,0,0,0,0,...,...,...,...,...,...,...,1
105,私立,一般大學,1079,康寧學校財團法人康寧大學,二專(進修),女,271,21,4,3,0,2,2,2,0,...,...,...,...,...,...,...,8
105,私立,一般大學,1079,康寧學校財團法人康寧大學,五專,女,2308,65,3,3,0,37,3,0,0,...,...,...,...,...,...,...,19
105,私立,一般大學,1079,康寧學校財團法人康寧大學,學士班(日間),女,553,40,1,4,10,0,1,0,0,...,...,...,...,...,...,...,24
105,私立,一般大學,1079,康寧學校財團法人康寧大學,學士班(進修),女,172,46,2,4,1,0,1,0,0,...,...,...,...,...,...,...,38
105,私立,一般大學,1079,康寧學校財團法人康寧大學,碩士班(日間),女,88,24,1,1,0,0,2,0,0,...,...,...,...,...,...,...,20
105,私立,一般大學,1079,康寧學校財團法人康寧大學,碩士在職專班,女,97,11,2,3,0,0,0,0,0,...,...,...,...,...,...,...,6
105,私立,技專校院,1080,宏國學校財團法人宏國德霖科技大學,二專(進修),男,208,11,1,1,0,0,1,0,0,...,...,...,...,...,...,...,8
105,私立,技專校院,1080,宏國學校財團法人宏國德霖科技大學,五專,男,1108,97,1,4,3,16,10,0,0,...,...,...,...,...,...,...,63
105,私立,技專校院,1080,宏國學校財團法人宏國德霖科技大學,學士班(日間),男,1764,233,5,19,3,32,31,0,0,...,...,...,...,...,...,...,143
105,私立,技專校院,1080,宏國學校財團法人宏國德霖科技大學,學士班(進修),男,1353,79,1,6,0,3,33,0,0,...,...,...,...,...,...,...,36
105,私立,技專校院,1080,宏國學校財團法人宏國德霖科技大學,二專(進修),女,190,5,0,0,0,0,4,0,0,...,...,...,...,...,...,...,1
105,私立,技專校院,1080,宏國學校財團法人宏國德霖科技大學,五專,女,617,19,3,0,3,6,0,0,0,...,...,...,...,...,...,...,7
105,私立,技專校院,1080,宏國學校財團法人宏國德霖科技大學,學士班(日間),女,1317,88,4,6,3,16,9,1,1,...,...,...,...,...,...,...,48
105,私立,技專校院,1080,宏國學校財團法人宏國德霖科技大學,學士班(進修),女,680,36,4,4,0,6,20,0,0,...,...,...,...,...,...,...,2
105,私立,技專校院,1081,東方學校財團法人東方設計大學,五專,男,670,80,5,2,10,12,0,0,0,...,...,...,...,...,...,...,51
105,私立,技專校院,1081,東方學校財團法人東方設計大學,學士班(日間),男,819,183,5,19,16,12,3,0,0,...,...,...,...,...,...,...,128
105,私立,技專校院,1081,東方學校財團法人東方設計大學,學士班(進修),男,68,30,1,1,0,0,0,0,0,...,...,...,...,...,...,...,28
105,私立,技專校院,1081,東方學校財團法人東方設計大學,碩士班(日間),男,47,18,1,0,0,0,0,0,0,...,...,...,...,...,...,...,17
105,私立,技專校院,1081,東方學校財團法人東方設計大學,碩士在職專班,男,25,22,1,0,0,0,0,0,0,...,...,...,...,...,...,...,21
105,私立,技專校院,1081,東方學校財團法人東方設計大學,博士班,男,13,1,1,0,0,0,0,0,0,...,...,...,...,...,...,...,0
105,私立,技專校院,1081,東方學校財團法人東方設計大學,五專,女,925,94,8,11,19,5,1,0,0,...,...,...,...,...,...,...,50
105,私立,技專校院,1081,東方學校財團法人東方設計大學,學士班(日間),女,859,125,6,23,8,12,3,0,0,...,...,...,...,...,...,...,73
105,私立,技專校院,1081,東方學校財團法人東方設計大學,學士班(進修),女,87,27,0,1,0,0,0,0,0,...,...,...,...,...,...,...,26
105,私立,技專校院,1081,東方學校財團法人東方設計大學,碩士班(日間),女,61,18,1,1,0,0,0,0,0,...,...,...,...,...,...,...,16
105,私立,技專校院,1081,東方學校財團法人東方設計大學,碩士在職專班,女,11,24,0,0,0,0,0,0,0,...,...,...,...,...,...,...,24
105,私立,技專校院,1082,崇右學校財團法人崇右影藝科技大學,五專,男,219,29,0,1,10,1,7,0,0,...,...,...,...,...,...,...,10
105,私立,技專校院,1082,崇右學校財團法人崇右影藝科技大學,學士班(日間),男,1089,81,2,2,10,4,15,0,0,...,...,...,...,...,...,...,48
105,私立,技專校院,1082,崇右學校財團法人崇右影藝科技大學,碩士班(日間),男,37,2,0,0,0,0,1,0,0,...,...,...,...,...,...,...,1
105,私立,技專校院,1082,崇右學校財團法人崇右影藝科技大學,五專,女,325,25,1,3,2,4,6,0,0,...,...,...,...,...,...,...,9
105,私立,技專校院,1082,崇右學校財團法人崇右影藝科技大學,學士班(日間),女,1201,48,2,3,5,1,8,2,0,...,...,...,...,...,...,...,27
105,私立,技專校院,1082,崇右學校財團法人崇右影藝科技大學,碩士班(日間),女,41,4,0,0,0,0,3,0,0,...,...,...,...,...,...,...,1
105,私立,技專校院,1083,台北海洋學校財團法人台北海洋科技大學,二專(日間),男,137,18,0,2,0,3,1,0,0,...,...,...,...,...,...,...,12
105,私立,技專校院,1083,台北海洋學校財團法人台北海洋科技大學,二專(進修),男,92,27,0,5,0,0,13,0,0,...,...,...,...,...,...,...,9
105,私立,技專校院,1083,台北海洋學校財團法人台北海洋科技大學,五專,男,849,89,1,2,0,33,15,0,2,...,...,...,...,...,...,...,36
105,私立,技專校院,1083,台北海洋學校財團法人台北海洋科技大學,學士班(日間),男,2084,267,10,31,0,53,49,0,1,...,...,...,...,...,...,...,123
105,私立,技專校院,1083,台北海洋學校財團法人台北海洋科技大學,學士班(進修),男,96,22,2,2,0,2,4,0,0,...,...,...,...,...,...,...,12
105,私立,技專校院,1083,台北海洋學校財團法人台北海洋科技大學,碩士班(日間),男,27,2,1,0,0,0,0,0,0,...,...,...,...,...,...,...,1
105,私立,技專校院,1083,台北海洋學校財團法人台北海洋科技大學,二專(日間),女,8,3,0,0,0,0,1,0,0,...,...,...,...,...,...,...,2
105,私立,技專校院,1083,台北海洋學校財團法人台北海洋科技大學,五專,女,535,24,1,4,0,11,6,1,0,...,...,...,...,...,...,...,1
105,私立,技專校院,1083,台北海洋學校財團法人台北海洋科技大學,學士班(日間),女,1845,112,9,26,0,37,14,0,0,...,...,...,...,...,...,...,26
105,私立,技專校院,1083,台北海洋學校財團法人台北海洋科技大學,學士班(進修),女,150,24,1,2,0,6,12,0,1,...,...,...,...,...,...,...,2
105,私立,技專校院,1083,台北海洋學校財團法人台北海洋科技大學,碩士班(日間),女,16,2,0,0,0,0,2,0,0,...,...,...,...,...,...,...,0
105,私立,一般大學,1125,中信學校財團法人中信金融管理學院,學士班(日間),男,143,1,0,0,0,1,0,0,0,...,...,...,...,...,...,...,0
105,私立,一般大學,1125,中信學校財團法人中信金融管理學院,學士班(進修),男,2,1,0,0,0,0,0,0,0,...,...,...,...,...,...,...,1
105,私立,一般大學,1125,中信學校財團法人中信金融管理學院,碩士班(日間),男,7,1,0,0,0,0,0,0,0,...,...,...,...,...,...,...,1
105,私立,一般大學,1125,中信學校財團法人中信金融管理學院,學士班(日間),女,170,4,0,0,0,3,1,0,0,...,...,...,...,...,...,...,0
105,私立,一般大學,1125,中信學校財團法人中信金融管理學院,學士班(進修),女,0,1,0,0,0,0,0,0,0,...,...,...,...,...,...,...,1
105,私立,一般大學,1125,中信學校財團法人中信金融管理學院,碩士班(日間),女,9,1,0,0,0,0,1,0,0,...,...,...,...,...,...,...,0
105,私立,技專校院,1148,大漢技術學院,二專(進修),男,115,6,0,0,0,0,5,0,0,...,...,...,...,...,...,...,1
105,私立,技專校院,1148,大漢技術學院,學士班(日間),男,327,34,1,8,7,1,8,0,0,...,...,...,...,...,...,...,9
105,私立,技專校院,1148,大漢技術學院,學士班(進修),男,420,22,0,0,0,3,12,0,0,...,...,...,...,...,...,...,7
105,私立,技專校院,1148,大漢技術學院,碩士班(日間),男,68,9,0,0,0,0,9,0,0,...,...,...,...,...,...,...,0
105,私立,技專校院,1148,大漢技術學院,二專(進修),女,115,1,0,0,0,0,1,0,0,...,...,...,...,...,...,...,0
105,私立,技專校院,1148,大漢技術學院,學士班(日間),女,163,11,1,8,0,0,1,0,0,...,...,...,...,...,...,...,1
105,私立,技專校院,1148,大漢技術學院,學士班(進修),女,266,15,0,0,0,1,10,0,3,...,...,...,...,...,...,...,1
105,私立,技專校院,1148,大漢技術學院,碩士班(日間),女,21,1,0,0,0,0,1,0,0,...,...,...,...,...,...,...,0
105,私立,技專校院,1159,和春技術學院,二專(進修),男,575,43,7,1,3,2,8,0,0,...,...,...,...,...,...,...,22
105,私立,技專校院,1159,和春技術學院,五專,男,238,10,1,0,0,0,5,0,0,...,...,...,...,...,...,...,4
105,私立,技專校院,1159,和春技術學院,學士班(日間),男,664,62,1,3,0,1,18,0,0,...,...,...,...,...,...,...,39
105,私立,技專校院,1159,和春技術學院,學士班(進修),男,758,146,3,4,12,0,57,0,3,...,...,...,...,...,...,...,67
105,私立,技專校院,1159,和春技術學院,碩士班(日間),男,35,4,0,0,0,0,4,0,0,...,...,...,...,...,...,...,0
105,私立,技專校院,1159,和春技術學院,二專(進修),女,197,5,0,0,0,0,1,0,0,...,...,...,...,...,...,...,4
105,私立,技專校院,1159,和春技術學院,五專,女,169,11,1,1,0,0,4,0,0,...,...,...,...,...,...,...,5
105,私立,技專校院,1159,和春技術學院,學士班(日間),女,420,36,1,2,0,0,20,0,0,...,...,...,...,...,...,...,13
105,私立,技專校院,1159,和春技術學院,學士班(進修),女,176,40,3,5,5,1,19,0,0,...,...,...,...,...,...,...,7
105,私立,技專校院,1166,亞東技術學院,學士班(日間),男,3138,202,4,32,14,60,16,0,0,...,...,...,...,...,...,...,76
105,私立,技專校院,1166,亞東技術學院,學士班(進修),男,8,12,0,3,0,1,1,0,0,...,...,...,...,...,...,...,7
105,私立,技專校院,1166,亞東技術學院,碩士班(日間),男,26,5,0,1,0,0,2,0,0,...,...,...,...,...,...,...,2
105,私立,技專校院,1166,亞東技術學院,二專(日間),女,1,1,0,1,0,0,0,0,0,...,...,...,...,...,...,...,0
105,私立,技專校院,1166,亞東技術學院,學士班(日間),女,1425,76,3,17,2,28,9,4,3,...,...,...,...,...,...,...,10
105,私立,技專校院,1166,亞東技術學院,學士班(進修),女,74,8,0,0,0,0,4,2,1,...,...,...,...,...,...,...,1
105,私立,技專校院,1166,亞東技術學院,碩士班(日間),女,11,2,0,1,0,0,1,0,0,...,...,...,...,...,...,...,0
105,私立,技專校院,1168,南亞科技學校財團法人南亞技術學院,二專(進修),男,58,2,0,0,0,0,2,0,0,...,...,...,...,...,...,...,0
105,私立,技專校院,1168,南亞科技學校財團法人南亞技術學院,五專,男,129,1,0,0,0,1,0,0,0,...,...,...,...,...,...,...,0
105,私立,技專校院,1168,南亞科技學校財團法人南亞技術學院,學士班(日間),男,1664,223,3,21,0,19,34,0,0,...,...,...,...,...,...,...,146
105,私立,技專校院,1168,南亞科技學校財團法人南亞技術學院,學士班(進修),男,688,131,2,7,0,3,42,0,0,...,...,...,...,...,...,...,77
105,私立,技專校院,1168,南亞科技學校財團法人南亞技術學院,碩士班(日間),男,32,6,0,0,0,1,4,0,0,...,...,...,...,...,...,...,1
105,私立,技專校院,1168,南亞科技學校財團法人南亞技術學院,五專,女,116,8,1,0,0,5,0,1,0,...,...,...,...,...,...,...,1
105,私立,技專校院,1168,南亞科技學校財團法人南亞技術學院,學士班(日間),女,1384,124,11,23,0,20,31,6,1,...,...,...,...,...,...,...,32
105,私立,技專校院,1168,南亞科技學校財團法人南亞技術學院,學士班(進修),女,348,50,1,8,0,4,21,2,1,...,...,...,...,...,...,...,13
105,私立,技專校院,1168,南亞科技學校財團法人南亞技術學院,碩士班(日間),女,12,2,0,0,0,0,0,1,0,...,...,...,...,...,...,...,1
105,私立,一般大學,1176,稻江科技暨管理學院,學士班(日間),男,687,61,1,7,14,5,18,0,0,...,...,...,...,...,...,...,16
105,私立,一般大學,1176,稻江科技暨管理學院,學士班(進修),男,265,43,2,3,6,0,18,0,0,...,...,...,...,...,...,...,14
105,私立,一般大學,1176,稻江科技暨管理學院,碩士班(日間),男,32,7,0,0,0,0,4,0,0,...,...,...,...,...,...,...,3
105,私立,一般大學,1176,稻江科技暨管理學院,碩士在職專班,男,26,2,0,0,0,0,0,0,0,...,...,...,...,...,...,...,2
105,私立,一般大學,1176,稻江科技暨管理學院,學士班(日間),女,665,48,4,6,13,3,15,3,1,...,...,...,...,...,...,...,3
105,私立,一般大學,1176,稻江科技暨管理學院,學士班(進修),女,454,27,2,4,1,1,12,1,0,...,...,...,...,...,...,...,6
105,私立,一般大學,1176,稻江科技暨管理學院,碩士班(日間),女,35,8,0,0,3,0,2,0,0,...,...,...,...,...,...,...,3
105,私立,一般大學,1176,稻江科技暨管理學院,碩士在職專班,女,22,2,2,0,0,0,0,0,0,...,...,...,...,...,...,...,0
105,私立,技專校院,1182,蘭陽技術學院,五專,男,415,41,3,4,8,4,10,0,0,...,...,...,...,...,...,...,12
105,私立,技專校院,1182,蘭陽技術學院,學士班(日間),男,455,27,1,4,2,1,9,0,0,...,...,...,...,...,...,...,10
105,私立,技專校院,1182,蘭陽技術學院,五專,女,252,23,4,1,2,5,7,0,0,...,...,...,...,...,...,...,4
105,私立,技專校院,1182,蘭陽技術學院,學士班(日間),女,331,10,2,1,1,1,2,1,0,...,...,...,...,...,...,...,2
105,私立,技專校院,1183,黎明技術學院,二專(進修),男,10,8,0,0,0,0,3,0,0,...,...,...,...,...,...,...,5
105,私立,技專校院,1183,黎明技術學院,五專,男,711,143,4,2,42,17,18,0,0,...,...,...,...,...,...,...,60
105,私立,技專校院,1183,黎明技術學院,學士班(日間),男,1580,454,6,24,93,40,92,0,2,...,...,...,...,...,...,...,197
105,私立,技專校院,1183,黎明技術學院,學士班(進修),男,531,326,5,25,0,23,88,0,0,...,...,...,...,...,...,...,185
105,私立,技專校院,1183,黎明技術學院,二專(進修),女,63,12,0,0,0,1,6,0,0,...,...,...,...,...,...,...,5
105,私立,技專校院,1183,黎明技術學院,五專,女,114,22,1,2,5,5,5,0,0,...,...,...,...,...,...,...,4
105,私立,技專校院,1183,黎明技術學院,學士班(日間),女,1364,296,9,44,50,56,74,1,0,...,...,...,...,...,...,...,62
105,私立,技專校院,1183,黎明技術學院,學士班(進修),女,336,109,5,14,0,7,33,2,1,...,...,...,...,...,...,...,47
105,私立,技專校院,1185,德育學校財團法人德育護理健康學院,五專,男,404,44,1,1,3,7,11,0,0,...,...,...,...,...,...,...,21
105,私立,技專校院,1185,德育學校財團法人德育護理健康學院,學士班(日間),男,687,83,3,11,1,9,20,0,1,...,...,...,...,...,...,...,38
105,私立,技專校院,1185,德育學校財團法人德育護理健康學院,學士班(進修),男,124,24,0,2,0,3,5,0,0,...,...,...,...,...,...,...,14
105,私立,技專校院,1185,德育學校財團法人德育護理健康學院,碩士在職專班,男,13,2,0,0,0,0,2,0,0,...,...,...,...,...,...,...,0
105,私立,技專校院,1185,德育學校財團法人德育護理健康學院,五專,女,1224,79,7,4,12,27,13,1,1,...,...,...,...,...,...,...,14
105,私立,技專校院,1185,德育學校財團法人德育護理健康學院,學士班(日間),女,1287,91,5,10,7,22,24,0,4,...,...,...,...,...,...,...,19
105,私立,技專校院,1185,德育學校財團法人德育護理健康學院,學士班(進修),女,325,35,1,5,0,6,12,1,0,...,...,...,...,...,...,...,10
105,私立,技專校院,1185,德育學校財團法人德育護理健康學院,碩士班(日間),女,17,7,0,0,0,0,6,1,0,...,...,...,...,...,...,...,0
105,私立,技專校院,1185,德育學校財團法人德育護理健康學院,碩士在職專班,女,34,7,2,0,0,0,2,1,0,...,...,...,...,...,...,...,2
105,私立,技專校院,1188,大同技術學院,二專(進修),男,14,8,0,0,0,0,3,0,0,...,...,...,...,...,...,...,5
105,私立,技專校院,1188,大同技術學院,五專,男,121,43,2,4,1,15,7,0,0,...,...,...,...,...,...,...,14
105,私立,技專校院,1188,大同技術學院,學士班(日間),男,719,273,18,41,2,57,51,0,0,...,...,...,...,...,...,...,104
105,私立,技專校院,1188,大同技術學院,學士班(進修),男,203,56,0,1,1,1,22,0,0,...,...,...,...,...,...,...,31
105,私立,技專校院,1188,大同技術學院,二專(進修),女,18,2,0,0,0,0,0,1,0,...,...,...,...,...,...,...,1
105,私立,技專校院,1188,大同技術學院,五專,女,104,25,2,0,1,12,1,1,0,...,...,...,...,...,...,...,8
105,私立,技專校院,1188,大同技術學院,學士班(日間),女,826,218,16,50,0,48,78,9,0,...,...,...,...,...,...,...,17
105,私立,技專校院,1188,大同技術學院,學士班(進修),女,429,79,1,1,0,1,23,1,0,...,...,...,...,...,...,...,52
105,私立,技專校院,1189,亞太學校財團法人亞太創意技術學院,學士班(日間),男,372,70,3,7,15,5,10,0,0,...,...,...,...,...,...,...,30
105,私立,技專校院,1189,亞太學校財團法人亞太創意技術學院,學士班(進修),男,33,2,0,0,0,0,2,0,0,...,...,...,...,...,...,...,0
105,私立,技專校院,1189,亞太學校財團法人亞太創意技術學院,碩士班(日間),男,34,7,0,0,0,2,4,0,0,...,...,...,...,...,...,...,1
105,私立,技專校院,1189,亞太學校財團法人亞太創意技術學院,二專(進修),女,144,2,0,0,0,0,0,0,0,...,...,...,...,...,...,...,2
105,私立,技專校院,1189,亞太學校財團法人亞太創意技術學院,學士班(日間),女,407,37,1,6,7,3,4,1,1,...,...,...,...,...,...,...,14
105,私立,技專校院,1189,亞太學校財團法人亞太創意技術學院,學士班(進修),女,375,4,0,1,0,0,2,0,0,...,...,...,...,...,...,...,1
105,私立,技專校院,1189,亞太學校財團法人亞太創意技術學院,碩士班(日間),女,42,10,2,0,0,0,4,0,1,...,...,...,...,...,...,...,3
105,私立,技專校院,1192,臺灣觀光學院,五專,男,94,6,0,0,0,1,1,0,0,...,...,...,...,...,...,...,4
105,私立,技專校院,1192,臺灣觀光學院,學士班(日間),男,387,51,0,4,0,1,2,0,0,...,...,...,...,...,...,...,44
105,私立,技專校院,1192,臺灣觀光學院,碩士班(日間),男,7,2,0,0,0,0,1,0,0,...,...,...,...,...,...,...,1
105,私立,技專校院,1192,臺灣觀光學院,五專,女,134,10,1,0,0,0,1,0,0,...,...,...,...,...,...,...,8
105,私立,技專校院,1192,臺灣觀光學院,學士班(日間),女,411,39,0,1,0,1,2,1,0,...,...,...,...,...,...,...,34
105,私立,技專校院,1192,臺灣觀光學院,碩士班(日間),女,14,4,0,0,0,0,2,0,0,...,...,...,...,...,...,...,2
105,私立,一般大學,1195,馬偕學校財團法人馬偕醫學院,學士班(日間),男,252,7,0,0,0,5,0,0,0,...,...,...,...,...,...,...,2
105,私立,一般大學,1195,馬偕學校財團法人馬偕醫學院,碩士班(日間),男,10,3,0,0,0,0,0,0,0,...,...,...,...,...,...,...,3
105,私立,一般大學,1195,馬偕學校財團法人馬偕醫學院,學士班(日間),女,356,6,0,0,0,1,0,0,0,...,...,...,...,...,...,...,5
105,私立,一般大學,1195,馬偕學校財團法人馬偕醫學院,碩士班(日間),女,24,9,0,0,0,0,0,0,0,...,...,...,...,...,...,...,9
105,私立,一般大學,1196,法鼓學校財團法人法鼓文理學院,學士班(日間),男,16,1,0,0,0,0,0,0,0,...,...,...,...,...,...,...,1
105,私立,一般大學,1196,法鼓學校財團法人法鼓文理學院,碩士班(日間),男,53,19,1,3,0,0,3,0,0,...,...,...,...,...,...,...,12
105,私立,一般大學,1196,法鼓學校財團法人法鼓文理學院,學士班(日間),女,37,7,0,0,0,0,0,0,0,...,...,...,...,...,...,...,7
105,私立,一般大學,1196,法鼓學校財團法人法鼓文理學院,碩士班(日間),女,120,21,0,1,0,0,1,0,0,...,...,...,...,...,...,...,19
105,私立,一般大學,1196,法鼓學校財團法人法鼓文理學院,博士班,女,8,1,0,0,0,0,0,0,0,...,...,...,...,...,...,...,1
105,私立,技專校院,1282,馬偕學校財團法人馬偕醫護管理專科學校,二專(日間),男,6,1,0,0,0,0,0,0,0,...,...,...,...,...,...,...,1
105,私立,技專校院,1282,馬偕學校財團法人馬偕醫護管理專科學校,二專(進修),男,153,5,0,0,0,0,4,0,0,...,...,...,...,...,...,...,1
105,私立,技專校院,1282,馬偕學校財團法人馬偕醫護管理專科學校,五專,男,439,20,1,1,2,6,5,0,0,...,...,...,...,...,...,...,5
105,私立,技專校院,1282,馬偕學校財團法人馬偕醫護管理專科學校,二專(日間),女,23,2,0,0,0,0,1,1,0,...,...,...,...,...,...,...,0
105,私立,技專校院,1282,馬偕學校財團法人馬偕醫護管理專科學校,二專(進修),女,127,8,2,1,0,0,4,0,0,...,...,...,...,...,...,...,1
105,私立,技專校院,1282,馬偕學校財團法人馬偕醫護管理專科學校,五專,女,3582,87,3,11,26,25,7,3,0,...,...,...,...,...,...,...,12
105,私立,技專校院,1283,仁德醫護管理專科學校,二專(進修),男,184,1,0,0,0,0,1,0,0,...,...,...,...,...,...,...,0
105,私立,技專校院,1283,仁德醫護管理專科學校,五專,男,1383,35,4,2,7,11,3,0,0,...,...,...,...,...,...,...,8
105,私立,技專校院,1283,仁德醫護管理專科學校,五專,女,4813,62,2,9,15,21,8,1,1,...,...,...,...,...,...,...,5
105,私立,技專校院,1284,樹人醫護管理專科學校,二專(進修),男,351,33,2,3,0,0,19,0,0,...,...,...,...,...,...,...,9
105,私立,技專校院,1284,樹人醫護管理專科學校,五專,男,1577,53,5,0,1,29,4,0,0,...,...,...,...,...,...,...,14
105,私立,技專校院,1284,樹人醫護管理專科學校,二專(進修),女,146,22,2,0,0,0,9,0,0,...,...,...,...,...,...,...,11
105,私立,技專校院,1284,樹人醫護管理專科學校,五專,女,5036,133,19,0,7,69,7,2,0,...,...,...,...,...,...,...,29
105,私立,技專校院,1285,慈惠醫護管理專科學校,二專(日間),男,51,1,0,0,0,0,1,0,0,...,...,...,...,...,...,...,0
105,私立,技專校院,1285,慈惠醫護管理專科學校,二專(進修),男,147,16,1,0,0,0,4,0,0,...,...,...,...,...,...,...,11
105,私立,技專校院,1285,慈惠醫護管理專科學校,五專,男,1359,53,3,9,6,28,5,0,0,...,...,...,...,...,...,...,2
105,私立,技專校院,1285,慈惠醫護管理專科學校,二專(日間),女,88,2,1,0,0,1,0,0,0,...,...,...,...,...,...,...,0
105,私立,技專校院,1285,慈惠醫護管理專科學校,二專(進修),女,193,23,3,1,0,0,5,1,0,...,...,...,...,...,...,...,13
105,私立,技專校院,1285,慈惠醫護管理專科學校,五專,女,4365,121,9,21,23,40,15,1,0,...,...,...,...,...,...,...,12
105,私立,技專校院,1286,耕莘健康管理專科學校,二專(進修),男,0,1,0,0,0,0,1,0,0,...,...,...,...,...,...,...,0
105,私立,技專校院,1286,耕莘健康管理專科學校,五專,男,536,39,1,0,1,12,7,0,0,...,...,...,...,...,...,...,18
105,私立,技專校院,1286,耕莘健康管理專科學校,二專(進修),女,81,4,1,0,0,0,1,0,0,...,...,...,...,...,...,...,2
105,私立,技專校院,1286,耕莘健康管理專科學校,五專,女,4640,87,9,1,0,43,5,1,2,...,...,...,...,...,...,...,26
105,私立,技專校院,1287,敏惠醫護管理專科學校,五專,男,475,18,4,0,6,4,1,0,0,...,...,...,...,...,...,...,3
105,私立,技專校院,1287,敏惠醫護管理專科學校,五專,女,3422,75,11,6,16,25,0,0,0,...,...,...,...,...,...,...,17
105,私立,技專校院,1288,高美醫護管理專科學校,二專(進修),男,120,5,1,0,0,0,0,0,0,...,...,...,...,...,...,...,4
105,私立,技專校院,1288,高美醫護管理專科學校,五專,男,126,2,0,0,0,1,0,0,0,...,...,...,...,...,...,...,1
105,私立,技專校院,1288,高美醫護管理專科學校,五專,女,437,3,0,0,0,2,0,0,0,...,...,...,...,...,...,...,1
105,私立,技專校院,1289,育英醫護管理專科學校,五專,男,170,6,1,1,0,3,1,0,0,...,...,...,...,...,...,...,0
105,私立,技專校院,1289,育英醫護管理專科學校,五專,女,1792,37,4,4,5,22,1,0,0,...,...,...,...,...,...,...,1
105,私立,技專校院,1290,崇仁醫護管理專科學校,五專,男,426,10,0,0,0,7,0,0,0,...,...,...,...,...,...,...,3
105,私立,技專校院,1290,崇仁醫護管理專科學校,五專,女,3052,53,10,6,5,18,3,0,1,...,...,...,...,...,...,...,10
105,私立,技專校院,1291,聖母醫護管理專科學校,五專,男,835,58,0,3,10,24,7,0,1,...,...,...,...,...,...,...,13
105,私立,技專校院,1291,聖母醫護管理專科學校,五專,女,2690,99,4,15,10,46,6,6,1,...,...,...,...,...,...,...,11
105,私立,技專校院,1292,新生醫護管理專科學校,二專(進修),男,36,4,2,0,0,0,2,0,0,...,...,...,...,...,...,...,0
105,私立,技專校院,1292,新生醫護管理專科學校,五專,男,704,23,2,2,0,0,2,0,0,...,...,...,...,...,...,...,17
105,私立,技專校院,1292,新生醫護管理專科學校,二專(進修),女,58,1,0,0,0,0,0,0,0,...,...,...,...,...,...,...,1
105,私立,技專校院,1292,新生醫護管理專科學校,五專,女,5224,106,14,14,2,2,10,0,2,...,...,...,...,...,...,...,62
105,私立,宗教研修學院,1R02,學校財團法人中華浸信會基督教台灣浸會神學院,碩士班(日間),男,18,1,1,0,0,0,0,0,0,...,...,...,...,...,...,...,0
105,私立,宗教研修學院,1R02,學校財團法人中華浸信會基督教台灣浸會神學院,碩士班(日間),女,12,1,0,0,0,0,0,0,0,...,...,...,...,...,...,...,1
105,私立,宗教研修學院,1R03,臺北基督學院,學士班(日間),男,53,15,3,1,5,0,0,0,0,...,...,...,...,...,...,...,6
105,私立,宗教研修學院,1R03,臺北基督學院,學士班(日間),女,83,15,1,5,3,6,0,0,0,...,...,...,...,...,...,...,0
105,私立,宗教研修學院,1R04,財團法人一貫道天皇基金會一貫道天皇學院,碩士班(日間),女,20,0,0,0,0,0,0,0,0,...,...,...,...,...,...,...,0
105,私立,宗教研修學院,1R05,台神學校財團法人台灣神學研究學院,碩士班(日間),女,11,1,0,0,0,0,0,0,1,...,...,...,...,...,...,...,0
105,公立,一般大學,3002,臺北市立大學,學士班(日間),男,2347,159,7,21,10,0,42,0,0,...,...,...,...,...,...,...,79
105,公立,一般大學,3002,臺北市立大學,碩士班(日間),男,401,90,1,6,0,0,52,0,1,...,...,...,...,...,...,...,30
105,公立,一般大學,3002,臺北市立大學,碩士在職專班,男,311,47,5,4,0,0,28,0,10,...,...,...,...,...,...,...,0
105,公立,一般大學,3002,臺北市立大學,博士班,男,106,23,3,0,0,0,17,0,0,...,...,...,...,...,...,...,3
105,公立,一般大學,3002,臺北市立大學,學士班(日間),女,2846,95,10,11,2,0,14,2,0,...,...,...,...,...,...,...,56
105,公立,一般大學,3002,臺北市立大學,碩士班(日間),女,835,170,9,8,0,0,97,3,15,...,...,...,...,...,...,...,38
105,公立,一般大學,3002,臺北市立大學,碩士在職專班,女,636,84,5,3,0,0,43,4,21,...,...,...,...,...,...,...,8
105,公立,一般大學,3002,臺北市立大學,博士班,女,149,46,2,3,0,0,33,1,4,...,...,...,...,...,...,...,3
106,公立,一般大學,0001,國立政治大學,學士班(日間),男,3934,155,12,2,3,70,9,0,1,12,21,0,0,0,0,...,25
106,公立,一般大學,0001,國立政治大學,碩士班(日間),男,1846,398,11,7,0,54,86,0,13,44,10,49,0,0,0,...,124
106,公立,一般大學,0001,國立政治大學,碩士在職專班,男,871,309,7,0,0,7,176,0,36,0,1,18,0,0,0,...,64
106,公立,一般大學,0001,國立政治大學,博士班,男,565,221,3,0,0,21,62,0,30,11,5,23,0,0,0,...,66
106,公立,一般大學,0001,國立政治大學,學士班(日間),女,5698,167,18,2,3,62,11,0,1,0,41,0,0,0,0,...,29
106,公立,一般大學,0001,國立政治大學,碩士班(日間),女,2182,449,14,4,0,87,139,5,30,0,19,48,0,0,0,...,103
106,公立,一般大學,0001,國立政治大學,碩士在職專班,女,870,270,6,2,0,8,112,7,57,0,4,31,0,0,0,...,43
106,公立,一般大學,0001,國立政治大學,博士班,女,387,165,4,4,0,13,32,9,39,0,9,17,0,0,0,...,38
106,公立,一般大學,0002,國立清華大學,學士班(日間),男,4758,230,20,44,44,42,16,0,0,1,2,0,0,0,0,...,61
106,公立,一般大學,0002,國立清華大學,碩士班(日間),男,3100,246,13,36,35,22,44,0,4,3,0,8,0,0,0,...,81
106,公立,一般大學,0002,國立清華大學,碩士在職專班,男,423,39,0,5,4,0,14,0,9,0,1,0,0,0,0,...,6
106,公立,一般大學,0002,國立清華大學,博士班,男,1253,241,14,25,28,6,54,0,22,4,0,0,0,0,0,...,88
106,公立,一般大學,0002,國立清華大學,學士班(日間),女,4134,143,11,34,25,27,11,0,3,0,3,0,2,0,0,...,27
106,公立,一般大學,0002,國立清華大學,碩士班(日間),女,1855,234,9,15,27,5,69,11,34,0,2,17,0,0,0,...,45
106,公立,一般大學,0002,國立清華大學,碩士在職專班,女,707,95,8,11,3,0,18,9,18,0,0,15,0,0,0,...,13
106,公立,一般大學,0002,國立清華大學,博士班,女,434,96,5,12,16,5,18,4,20,0,0,0,0,0,0,...,16
106,公立,一般大學,0003,國立臺灣大學,學士班(日間),男,9393,524,27,8,0,162,16,0,0,0,0,0,0,0,0,...,311
106,公立,一般大學,0003,國立臺灣大學,學士班(進修),男,1,0,0,0,0,0,0,0,0,0,0,0,0,0,0,...,0
106,公立,一般大學,0003,國立臺灣大學,碩士班(日間),男,6188,804,26,25,24,0,140,0,20,48,44,132,0,0,0,...,345
106,公立,一般大學,0003,國立臺灣大學,碩士在職專班,男,930,181,11,1,0,0,92,0,8,0,6,40,0,0,0,...,23
106,公立,一般大學,0003,國立臺灣大學,博士班,男,2542,753,24,23,1,0,144,0,84,19,28,235,0,0,0,...,195
106,公立,一般大學,0003,國立臺灣大學,學士班(日間),女,7164,278,30,3,0,89,4,0,0,0,0,0,0,0,0,...,152
106,公立,一般大學,0003,國立臺灣大學,碩士班(日間),女,4013,581,39,17,14,0,128,5,38,0,47,118,0,0,0,...,175
106,公立,一般大學,0003,國立臺灣大學,碩士在職專班,女,497,102,4,0,0,0,34,3,15,0,1,26,0,0,0,...,19
106,公立,一般大學,0003,國立臺灣大學,博士班,女,1074,342,12,6,0,0,41,8,41,0,15,109,0,0,0,...,110
106,公立,一般大學,0004,國立臺灣師範大學,學士班(日間),男,3584,173,8,5,4,79,16,0,1,10,21,0,17,0,0,...,12
106,公立,一般大學,0004,國立臺灣師範大學,碩士班(日間),男,1635,353,4,8,1,26,120,0,10,48,4,80,8,0,10,...,34
106,公立,一般大學,0004,國立臺灣師範大學,碩士在職專班,男,584,134,1,0,0,1,53,0,26,0,0,39,0,0,0,...,14
106,公立,一般大學,0004,國立臺灣師範大學,博士班,男,711,188,8,0,2,2,55,0,37,3,4,59,0,1,1,...,16
106,公立,一般大學,0004,國立臺灣師範大學,學士班(日間),女,4501,150,4,4,18,59,17,1,2,0,35,0,7,0,0,...,3
106,公立,一般大學,0004,國立臺灣師範大學,碩士班(日間),女,2321,517,5,10,0,12,189,16,46,0,28,150,6,2,26,...,27
106,公立,一般大學,0004,國立臺灣師範大學,碩士在職專班,女,1408,339,6,2,0,1,70,22,100,0,2,104,1,0,0,...,31
106,公立,一般大學,0004,國立臺灣師範大學,博士班,女,682,226,11,3,1,1,59,11,62,0,6,47,1,2,1,...,21
106,公立,一般大學,0005,國立成功大學,學士班(日間),男,7210,358,5,0,31,49,1,0,1,5,2,0,6,3,0,...,255
106,公立,一般大學,0005,國立成功大學,碩士班(日間),男,4138,297,6,2,11,1,18,0,6,17,2,12,0,7,0,...,215
106,公立,一般大學,0005,國立成功大學,碩士在職專班,男,855,149,1,0,2,0,52,0,24,0,0,4,0,2,0,...,64
106,公立,一般大學,0005,國立成功大學,博士班,男,1287,367,3,2,13,0,29,0,54,25,0,20,0,4,0,...,217
106,公立,一般大學,0005,國立成功大學,學士班(日間),女,4271,179,9,0,7,27,0,0,0,0,2,0,1,0,0,...,133
106,公立,一般大學,0005,國立成功大學,碩士班(日間),女,2457,240,6,2,4,1,31,2,12,0,0,12,1,2,0,...,167
106,公立,一般大學,0005,國立成功大學,碩士在職專班,女,488,89,0,0,0,0,22,5,19,0,0,2,0,0,0,...,41
106,公立,一般大學,0005,國立成功大學,博士班,女,546,172,3,2,3,0,13,9,31,0,1,11,0,1,0,...,98
106,公立,一般大學,0006,國立中興大學,學士班(日間),男,4733,172,14,5,16,82,15,0,0,5,14,0,0,19,1,...,1
106,公立,一般大學,0006,國立中興大學,學士班(進修),男,401,30,2,1,2,0,17,0,0,1,2,0,0,5,0,...,0
106,公立,一般大學,0006,國立中興大學,碩士班(日間),男,1994,245,14,15,2,38,65,0,5,23,5,41,0,12,16,...,9
106,公立,一般大學,0006,國立中興大學,碩士在職專班,男,1028,261,10,2,0,3,134,0,42,0,6,52,0,12,0,...,0
106,公立,一般大學,0006,國立中興大學,博士班,男,703,182,6,9,0,4,56,0,26,15,2,53,0,9,0,...,2
106,公立,一般大學,0006,國立中興大學,學士班(日間),女,3340,105,16,2,2,48,5,0,1,0,26,0,0,4,0,...,1
106,公立,一般大學,0006,國立中興大學,學士班(進修),女,549,37,2,2,1,5,18,1,1,0,4,0,0,2,1,...,0
106,公立,一般大學,0006,國立中興大學,碩士班(日間),女,1327,168,8,11,0,15,72,3,11,0,3,20,0,15,8,...,2
106,公立,一般大學,0006,國立中興大學,碩士在職專班,女,516,112,8,4,1,0,43,3,30,0,0,15,0,4,3,...,1
106,公立,一般大學,0006,國立中興大學,博士班,女,286,81,4,3,0,2,17,2,15,0,1,31,0,5,1,...,0
106,公立,一般大學,0007,國立陽明交通大學,學士班(日間),男,3815,151,12,1,28,86,2,0,0,7,4,0,0,2,0,...,9
106,公立,一般大學,0007,國立陽明交通大學,碩士班(日間),男,3815,221,12,9,10,42,48,0,2,48,4,27,0,0,0,...,19
106,公立,一般大學,0007,國立陽明交通大學,碩士在職專班,男,1029,242,10,1,0,1,164,0,53,0,0,6,0,0,0,...,7
106,公立,一般大學,0007,國立陽明交通大學,博士班,男,1359,292,13,12,6,17,114,0,43,26,6,31,1,2,0,...,21
106,公立,一般大學,0007,國立陽明交通大學,學士班(日間),女,1640,71,10,0,6,46,1,0,0,0,5,1,1,0,0,...,1
106,公立,一般大學,0007,國立陽明交通大學,碩士班(日間),女,1728,155,9,2,9,36,51,2,7,0,5,10,0,0,0,...,24
106,公立,一般大學,0007,國立陽明交通大學,碩士在職專班,女,441,107,8,0,0,1,55,8,28,0,0,0,0,1,0,...,6
106,公立,一般大學,0007,國立陽明交通大學,博士班,女,342,76,7,3,1,4,25,3,20,0,0,3,0,0,0,...,10
106,公立,一般大學,0008,國立中央大學,學士班(日間),男,3917,131,4,2,43,49,11,0,0,5,11,0,0,2,0,...,4
106,公立,一般大學,0008,國立中央大學,碩士班(日間),男,2289,157,4,13,7,19,56,0,1,17,1,19,0,4,6,...,10
106,公立,一般大學,0008,國立中央大學,碩士在職專班,男,831,152,1,2,1,0,97,0,25,0,0,21,0,4,0,...,1
106,公立,一般大學,0008,國立中央大學,博士班,男,760,194,8,7,2,0,59,0,29,19,3,66,0,1,0,...,0
106,公立,一般大學,0008,國立中央大學,學士班(日間),女,2200,50,9,4,3,22,1,0,0,0,7,0,0,1,0,...,3
106,公立,一般大學,0008,國立中央大學,碩士班(日間),女,1159,109,6,12,1,6,47,2,3,0,2,18,0,6,2,...,4
106,公立,一般大學,0008,國立中央大學,碩士在職專班,女,494,83,1,1,0,0,40,7,16,0,0,15,0,1,0,...,2
106,公立,一般大學,0008,國立中央大學,博士班,女,274,63,3,3,1,1,12,6,8,0,1,22,0,5,1,...,0
106,公立,一般大學,0009,國立中山大學,學士班(日間),男,2952,101,5,1,5,11,8,0,0,2,9,0,3,0,0,...,57
106,公立,一般大學,0009,國立中山大學,碩士班(日間),男,1818,225,3,9,0,4,50,0,2,14,3,29,2,0,4,...,105
106,公立,一般大學,0009,國立中山大學,碩士在職專班,男,522,100,1,0,1,0,53,0,6,0,2,17,0,0,0,...,20
106,公立,一般大學,0009,國立中山大學,博士班,男,545,146,5,3,0,0,47,0,9,5,0,40,0,0,0,...,37
106,公立,一般大學,0009,國立中山大學,學士班(日間),女,1788,52,2,0,1,2,4,0,1,0,8,0,0,0,1,...,33
106,公立,一般大學,0009,國立中山大學,碩士班(日間),女,1083,153,7,4,2,3,38,2,12,0,4,32,0,0,1,...,48
106,公立,一般大學,0009,國立中山大學,碩士在職專班,女,505,107,4,2,0,0,40,7,9,0,3,15,1,0,0,...,26
106,公立,一般大學,0009,國立中山大學,博士班,女,253,80,2,1,0,1,18,3,10,0,3,24,0,0,0,...,18
106,公立,一般大學,0012,國立臺灣海洋大學,學士班(日間),男,3986,134,10,3,26,17,6,0,0,3,4,0,1,13,1,...,50
106,公立,一般大學,0012,國立臺灣海洋大學,學士班(進修),男,410,47,0,2,2,3,15,0,1,8,0,0,0,9,0,...,7
106,公立,一般大學,0012,國立臺灣海洋大學,碩士班(日間),男,920,105,3,1,3,10,22,0,2,17,0,2,0,19,0,...,26
106,公立,一般大學,0012,國立臺灣海洋大學,碩士在職專班,男,350,57,2,2,0,1,35,0,0,0,0,0,0,13,0,...,4
106,公立,一般大學,0012,國立臺灣海洋大學,博士班,男,223,67,4,3,1,0,23,0,1,9,0,1,0,16,0,...,9
106,公立,一般大學,0012,國立臺灣海洋大學,學士班(日間),女,1751,45,5,1,9,5,0,1,0,0,0,0,0,9,0,...,15
106,公立,一般大學,0012,國立臺灣海洋大學,學士班(進修),女,254,24,0,0,2,1,8,2,1,0,0,0,0,4,0,...,6
106,公立,一般大學,0012,國立臺灣海洋大學,碩士班(日間),女,473,77,2,3,2,3,18,1,1,0,0,1,0,18,0,...,28
106,公立,一般大學,0012,國立臺灣海洋大學,碩士在職專班,女,216,34,1,1,0,1,12,1,1,0,0,0,0,14,0,...,3
106,公立,一般大學,0012,國立臺灣海洋大學,博士班,女,69,19,2,0,0,0,5,4,1,0,0,1,0,4,0,...,2
106,公立,一般大學,0013,國立中正大學,學士班(日間),男,3670,153,6,2,27,69,10,0,0,2,1,0,4,13,0,...,19
106,公立,一般大學,0013,國立中正大學,碩士班(日間),男,1764,244,7,12,4,33,44,0,4,8,0,73,1,19,3,...,36
106,公立,一般大學,0013,國立中正大學,碩士在職專班,男,658,131,4,1,3,0,55,0,10,0,0,44,0,9,0,...,5
106,公立,一般大學,0013,國立中正大學,博士班,男,400,95,5,2,2,0,28,0,10,6,0,21,0,5,0,...,16
106,公立,一般大學,0013,國立中正大學,學士班(日間),女,3058,74,11,2,3,40,2,0,0,0,0,0,0,6,0,...,10
106,公立,一般大學,0013,國立中正大學,碩士班(日間),女,1062,169,3,10,4,7,41,2,6,0,0,49,1,17,2,...,27
106,公立,一般大學,0013,國立中正大學,碩士在職專班,女,712,161,7,3,1,2,52,10,28,0,0,40,0,9,0,...,9
106,公立,一般大學,0013,國立中正大學,博士班,女,188,43,1,2,1,0,15,1,8,0,0,9,0,1,0,...,5
106,公立,一般大學,0014,國立高雄師範大學,學士班(日間),男,1657,53,2,3,2,38,4,0,0,1,2,0,0,0,0,...,1
106,公立,一般大學,0014,國立高雄師範大學,碩士班(日間),男,505,162,3,3,1,5,81,0,6,20,3,22,0,1,3,...,14
106,公立,一般大學,0014,國立高雄師範大學,碩士在職專班,男,463,76,6,1,0,0,20,0,13,0,0,8,0,0,0,...,28
106,公立,一般大學,0014,國立高雄師範大學,博士班,男,225,47,0,0,0,0,27,0,7,0,0,12,0,0,0,...,1
106,公立,一般大學,0014,國立高雄師範大學,學士班(日間),女,1830,51,5,2,1,32,4,0,0,0,3,0,0,0,0,...,4
106,公立,一般大學,0014,國立高雄師範大學,碩士班(日間),女,873,249,6,5,0,8,111,8,23,0,2,57,0,1,3,...,25
106,公立,一般大學,0014,國立高雄師範大學,碩士在職專班,女,876,157,9,1,0,0,24,10,27,0,1,21,0,0,0,...,64
106,公立,一般大學,0014,國立高雄師範大學,博士班,女,225,72,2,0,1,1,26,3,18,0,1,15,0,1,0,...,4
106,公立,一般大學,0015,國立彰化師範大學,學士班(日間),男,2540,80,5,1,3,12,8,0,0,2,2,0,2,0,1,...,44
106,公立,一般大學,0015,國立彰化師範大學,碩士班(日間),男,762,192,3,7,2,4,50,0,4,30,0,19,0,3,13,...,57
106,公立,一般大學,0015,國立彰化師範大學,碩士在職專班,男,594,75,2,0,0,0,42,0,6,0,0,7,0,2,0,...,16
106,公立,一般大學,0015,國立彰化師範大學,博士班,男,286,56,3,2,0,0,17,0,2,1,0,14,0,1,0,...,16
106,公立,一般大學,0015,國立彰化師範大學,學士班(日間),女,2355,61,6,2,1,13,2,0,1,0,0,0,0,0,1,...,35
106,公立,一般大學,0015,國立彰化師範大學,碩士班(日間),女,748,201,3,7,0,1,49,3,13,0,0,39,0,2,13,...,71
106,公立,一般大學,0015,國立彰化師範大學,碩士在職專班,女,759,116,5,1,0,0,50,9,22,0,0,7,0,2,0,...,20
106,公立,一般大學,0015,國立彰化師範大學,博士班,女,191,57,5,1,0,0,16,2,7,0,0,13,0,0,1,...,12
106,公立,一般大學,0016,國立陽明大學,學士班(日間),男,1160,61,0,0,0,40,0,0,0,1,4,0,0,0,0,...,16
106,公立,一般大學,0016,國立陽明大學,碩士班(日間),男,493,58,2,0,0,9,10,0,1,1,3,0,0,0,0,...,32
106,公立,一般大學,0016,國立陽明大學,碩士在職專班,男,43,9,0,0,0,1,6,0,0,0,0,0,0,0,0,...,2
106,公立,一般大學,0016,國立陽明大學,博士班,男,503,145,7,1,3,1,31,0,17,7,11,10,0,0,0,...,57
106,公立,一般大學,0016,國立陽明大學,學士班(日間),女,947,50,3,0,0,27,0,0,0,0,8,0,0,0,1,...,11
106,公立,一般大學,0016,國立陽明大學,碩士班(日間),女,733,119,8,3,0,5,36,4,12,0,2,1,0,1,0,...,47
106,公立,一般大學,0016,國立陽明大學,碩士在職專班,女,92,24,1,0,0,0,9,1,6,0,0,0,0,0,0,...,7
106,公立,一般大學,0016,國立陽明大學,博士班,女,361,101,5,0,0,1,17,2,22,0,4,7,0,0,0,...,43
106,公立,一般大學,0017,國立臺北大學,學士班(日間),男,2674,90,1,1,6,32,7,0,0,1,15,0,0,0,0,...,27
106,公立,一般大學,0017,國立臺北大學,學士班(進修),男,752,77,4,0,1,5,45,0,0,7,1,0,0,0,0,...,14
106,公立,一般大學,0017,國立臺北大學,碩士班(日間),男,667,121,3,3,1,0,47,0,0,8,1,16,0,0,0,...,42
106,公立,一般大學,0017,國立臺北大學,碩士在職專班,男,205,51,1,0,0,0,36,0,0,0,1,4,0,1,0,...,8
106,公立,一般大學,0017,國立臺北大學,博士班,男,142,37,3,0,0,0,13,0,0,0,0,9,0,0,1,...,11
106,公立,一般大學,0017,國立臺北大學,學士班(日間),女,3204,75,3,1,4,16,3,0,0,0,24,0,0,0,1,...,23
106,公立,一般大學,0017,國立臺北大學,學士班(進修),女,1207,94,5,5,2,9,38,6,2,0,6,1,0,1,0,...,19
106,公立,一般大學,0017,國立臺北大學,碩士班(日間),女,679,113,0,1,1,0,49,3,1,0,4,17,0,1,1,...,35
106,公立,一般大學,0017,國立臺北大學,碩士在職專班,女,251,37,0,0,0,0,27,2,2,0,0,2,0,0,0,...,4
106,公立,一般大學,0017,國立臺北大學,博士班,女,72,13,1,0,0,0,2,0,1,0,1,2,0,0,0,...,6
106,公立,一般大學,0018,國立嘉義大學,學士班(日間),男,4036,165,13,4,22,58,10,0,0,15,10,0,0,0,0,...,33
106,公立,一般大學,0018,國立嘉義大學,學士班(進修),男,1264,159,7,6,15,7,71,0,0,24,3,1,0,0,0,...,25
106,公立,一般大學,0018,國立嘉義大學,碩士班(日間),男,621,159,8,11,10,1,49,0,2,37,1,12,0,0,0,...,28
106,公立,一般大學,0018,國立嘉義大學,碩士在職專班,男,386,88,2,2,2,0,42,0,1,0,0,10,0,0,0,...,29
106,公立,一般大學,0018,國立嘉義大學,博士班,男,98,37,1,0,0,0,26,0,1,2,0,2,0,0,0,...,5
106,公立,一般大學,0018,國立嘉義大學,學士班(日間),女,3794,136,20,1,21,59,6,1,0,0,9,0,0,0,0,...,19
106,公立,一般大學,0018,國立嘉義大學,學士班(進修),女,831,75,5,9,12,3,17,3,5,0,0,1,0,0,0,...,20
106,公立,一般大學,0018,國立嘉義大學,碩士班(日間),女,734,190,13,8,5,4,66,4,18,0,3,22,0,0,0,...,47
106,公立,一般大學,0018,國立嘉義大學,碩士在職專班,女,552,128,17,6,0,0,47,7,22,0,3,3,0,0,0,...,23
106,公立,一般大學,0018,國立嘉義大學,博士班,女,83,24,3,0,0,0,8,0,1,0,0,7,0,0,0,...,5
106,公立,一般大學,0019,國立高雄大學,學士班(日間),男,2379,91,5,7,29,22,14,0,0,5,0,0,0,1,2,...,6
106,公立,一般大學,0019,國立高雄大學,學士班(進修),男,106,34,3,2,1,0,24,0,1,0,0,0,0,1,1,...,1
106,公立,一般大學,0019,國立高雄大學,碩士班(日間),男,420,95,3,15,12,19,27,0,0,11,0,1,0,0,2,...,5
106,公立,一般大學,0019,國立高雄大學,碩士在職專班,男,303,100,3,3,5,1,76,0,5,0,0,1,0,1,1,...,4
106,公立,一般大學,0019,國立高雄大學,博士班,男,22,5,1,0,0,0,4,0,0,0,0,0,0,0,0,...,0
106,公立,一般大學,0019,國立高雄大學,學士班(日間),女,1814,57,3,3,19,23,3,0,1,0,3,0,0,0,2,...,0
106,公立,一般大學,0019,國立高雄大學,學士班(進修),女,64,16,3,2,0,0,7,0,2,0,0,0,0,2,0,...,0
106,公立,一般大學,0019,國立高雄大學,碩士班(日間),女,226,32,2,3,2,2,18,0,1,0,0,0,0,2,0,...,2
106,公立,一般大學,0019,國立高雄大學,碩士在職專班,女,170,68,2,4,2,2,44,0,7,0,0,3,0,1,0,...,3
106,公立,一般大學,0019,國立高雄大學,博士班,女,2,0,0,0,0,0,0,0,0,0,0,0,0,0,0,...,0
106,公立,一般大學,0020,國立東華大學,學士班(日間),男,3747,229,14,10,37,69,39,0,1,22,7,0,2,2,4,...,22
106,公立,一般大學,0020,國立東華大學,碩士班(日間),男,826,254,8,26,11,12,99,0,8,23,1,32,1,3,1,...,29
106,公立,一般大學,0020,國立東華大學,碩士在職專班,男,261,89,1,3,2,1,61,0,6,0,1,9,0,1,0,...,4
106,公立,一般大學,0020,國立東華大學,博士班,男,224,87,3,5,4,0,47,0,10,3,0,8,0,1,0,...,6
106,公立,一般大學,0020,國立東華大學,學士班(日間),女,3912,147,19,10,12,55,8,2,1,1,9,0,1,1,7,...,21
106,公立,一般大學,0020,國立東華大學,碩士班(日間),女,756,277,11,27,8,13,121,7,30,0,2,33,0,6,3,...,16
106,公立,一般大學,0020,國立東華大學,碩士在職專班,女,306,135,11,6,1,1,78,3,18,0,0,9,0,1,0,...,7
106,公立,一般大學,0020,國立東華大學,博士班,女,122,53,2,3,0,1,27,2,7,0,0,4,0,0,0,...,7
106,公立,一般大學,0021,國立暨南國際大學,學士班(日間),男,2194,72,6,0,37,7,6,0,0,2,0,0,6,8,0,...,0
106,公立,一般大學,0021,國立暨南國際大學,碩士班(日間),男,462,66,2,2,6,4,24,0,0,9,0,11,1,7,0,...,0
106,公立,一般大學,0021,國立暨南國際大學,碩士在職專班,男,202,29,3,0,0,0,22,0,0,0,0,0,0,4,0,...,0
106,公立,一般大學,0021,國立暨南國際大學,博士班,男,196,40,2,2,6,0,19,0,3,2,1,0,0,5,0,...,0
106,公立,一般大學,0021,國立暨南國際大學,學士班(日間),女,2481,54,10,0,31,5,2,0,0,0,0,0,2,4,0,...,0
106,公立,一般大學,0021,國立暨南國際大學,碩士班(日間),女,441,110,8,5,5,1,53,1,9,0,0,14,0,14,0,...,0
106,公立,一般大學,0021,國立暨南國際大學,碩士在職專班,女,235,39,5,0,2,0,21,1,0,0,0,0,1,9,0,...,0
106,公立,一般大學,0021,國立暨南國際大學,博士班,女,150,37,3,0,6,0,13,2,8,0,1,0,0,4,0,...,0
106,公立,技專校院,0022,國立臺灣科技大學,學士班(日間),男,3955,109,12,2,28,29,8,0,0,13,8,0,0,0,0,...,9
106,公立,技專校院,0022,國立臺灣科技大學,學士班(進修),男,1,0,0,0,0,0,0,0,0,0,0,0,0,0,0,...,0
106,公立,技專校院,0022,國立臺灣科技大學,碩士班(日間),男,2442,188,12,7,13,13,58,0,3,16,2,0,0,0,2,...,62
106,公立,技專校院,0022,國立臺灣科技大學,碩士在職專班,男,531,86,1,2,4,0,57,0,11,0,0,1,0,0,0,...,10
106,公立,技專校院,0022,國立臺灣科技大學,博士班,男,816,206,4,2,26,1,95,0,19,8,2,6,0,1,1,...,41
106,公立,技專校院,0022,國立臺灣科技大學,學士班(日間),女,1774,50,6,1,19,8,5,0,0,0,5,0,0,1,0,...,5
106,公立,技專校院,0022,國立臺灣科技大學,學士班(進修),女,10,0,0,0,0,0,0,0,0,0,0,0,0,0,0,...,0
106,公立,技專校院,0022,國立臺灣科技大學,碩士班(日間),女,1027,82,3,5,6,4,26,0,1,1,4,0,0,0,3,...,29
106,公立,技專校院,0022,國立臺灣科技大學,碩士在職專班,女,255,23,1,0,1,0,14,0,2,0,1,0,0,0,0,...,4
106,公立,技專校院,0022,國立臺灣科技大學,博士班,女,208,50,5,1,6,0,11,0,15,0,0,1,0,2,0,...,9
106,公立,技專校院,0023,國立雲林科技大學,學士班(日間),男,3877,106,5,9,39,28,10,0,0,5,0,0,0,0,0,...,10
106,公立,技專校院,0023,國立雲林科技大學,學士班(進修),男,22,0,0,0,0,0,0,0,0,0,0,0,0,0,0,...,0
106,公立,技專校院,0023,國立雲林科技大學,碩士班(日間),男,1271,144,2,26,16,32,36,0,2,19,0,0,0,0,0,...,11
106,公立,技專校院,0023,國立雲林科技大學,碩士在職專班,男,414,78,0,8,2,1,57,0,4,0,0,0,0,0,0,...,6
106,公立,技專校院,0023,國立雲林科技大學,博士班,男,285,85,1,6,11,2,45,0,8,5,0,0,0,0,0,...,7
106,公立,技專校院,0023,國立雲林科技大學,學士班(日間),女,2664,55,3,7,9,18,11,1,0,0,0,0,0,0,0,...,6
106,公立,技專校院,0023,國立雲林科技大學,學士班(進修),女,23,0,0,0,0,0,0,0,0,0,0,0,0,0,0,...,0
106,公立,技專校院,0023,國立雲林科技大學,碩士班(日間),女,702,83,3,24,11,9,23,2,3,0,0,0,0,0,0,...,8
106,公立,技專校院,0023,國立雲林科技大學,碩士在職專班,女,313,87,7,15,3,0,45,1,10,0,0,0,0,0,0,...,6
106,公立,技專校院,0023,國立雲林科技大學,博士班,女,144,40,3,3,3,1,18,1,9,0,0,0,0,0,0,...,2
106,公立,技專校院,0024,國立屏東科技大學,學士班(日間),男,4052,149,2,5,16,34,11,0,0,11,10,0,2,9,9,...,40
106,公立,技專校院,0024,國立屏東科技大學,學士班(進修),男,807,48,2,2,0,1,10,0,0,8,0,0,0,6,2,...,17
106,公立,技專校院,0024,國立屏東科技大學,碩士班(日間),男,689,112,0,6,0,4,26,0,1,8,4,1,1,14,10,...,37
106,公立,技專校院,0024,國立屏東科技大學,碩士在職專班,男,329,59,2,0,0,0,39,0,2,0,0,0,0,8,1,...,7
106,公立,技專校院,0024,國立屏東科技大學,博士班,男,167,54,0,0,0,0,24,0,7,3,1,0,0,8,0,...,11
106,公立,技專校院,0024,國立屏東科技大學,學士班(日間),女,3734,86,2,3,0,23,5,2,2,0,4,0,0,16,4,...,25
106,公立,技專校院,0024,國立屏東科技大學,學士班(進修),女,714,29,0,3,0,2,6,1,2,0,0,0,0,5,0,...,10
106,公立,技專校院,0024,國立屏東科技大學,碩士班(日間),女,464,86,2,7,0,0,27,2,5,0,3,6,0,9,2,...,23
106,公立,技專校院,0024,國立屏東科技大學,碩士在職專班,女,146,19,1,0,0,0,5,1,3,0,0,0,0,5,0,...,4
106,公立,技專校院,0024,國立屏東科技大學,博士班,女,85,19,0,0,0,0,4,1,0,0,0,1,0,6,0,...,7
106,公立,技專校院,0025,國立臺北科技大學,學士班(日間),男,4200,176,12,10,24,55,4,0,0,40,11,0,0,0,7,...,13
106,公立,技專校院,0025,國立臺北科技大學,學士班(進修),男,1546,44,4,2,1,4,25,0,0,1,1,0,0,0,0,...,6
106,公立,技專校院,0025,國立臺北科技大學,碩士班(日間),男,2097,170,11,10,0,20,25,0,1,65,9,7,0,3,0,...,19
106,公立,技專校院,0025,國立臺北科技大學,碩士在職專班,男,1071,163,4,4,0,1,116,0,17,0,1,3,0,0,1,...,16
106,公立,技專校院,0025,國立臺北科技大學,博士班,男,576,138,12,8,1,0,51,0,9,12,0,29,0,1,0,...,15
106,公立,技專校院,0025,國立臺北科技大學,學士班(日間),女,1867,51,7,2,6,26,2,0,0,0,1,0,1,0,2,...,4
106,公立,技專校院,0025,國立臺北科技大學,學士班(進修),女,381,13,2,3,0,1,5,0,0,0,1,0,0,1,0,...,0
106,公立,技專校院,0025,國立臺北科技大學,碩士班(日間),女,686,58,8,10,0,7,10,1,4,0,4,4,0,1,0,...,9
106,公立,技專校院,0025,國立臺北科技大學,碩士在職專班,女,403,71,4,2,1,0,42,5,6,0,0,2,1,0,0,...,8
106,公立,技專校院,0025,國立臺北科技大學,博士班,女,146,50,3,4,1,1,16,1,6,0,0,11,0,0,0,...,7
106,公立,一般大學,0028,國立臺北藝術大學,五專,男,34,4,0,0,1,0,0,0,0,0,3,0,0,0,0,...,0
106,公立,一般大學,0028,國立臺北藝術大學,學士班(日間),男,642,47,4,3,3,4,11,0,0,2,12,3,0,0,0,...,5
106,公立,一般大學,0028,國立臺北藝術大學,碩士班(日間),男,350,96,0,8,1,2,26,0,4,11,4,29,0,0,0,...,11
106,公立,一般大學,0028,國立臺北藝術大學,碩士在職專班,男,66,14,1,1,1,0,3,0,4,1,0,1,0,0,0,...,2
106,公立,一般大學,0028,國立臺北藝術大學,博士班,男,27,5,1,1,1,0,0,0,0,0,1,1,0,0,0,...,0
106,公立,一般大學,0028,國立臺北藝術大學,五專,女,41,5,0,0,1,0,0,0,0,0,4,0,0,0,0,...,0
106,公立,一般大學,0028,國立臺北藝術大學,學士班(日間),女,1179,61,6,4,10,7,10,1,0,0,15,0,0,0,0,...,8
106,公立,一般大學,0028,國立臺北藝術大學,碩士班(日間),女,606,183,14,12,10,2,35,2,15,0,14,48,0,0,0,...,31
106,公立,一般大學,0028,國立臺北藝術大學,碩士在職專班,女,127,36,3,3,1,0,8,1,9,0,3,4,0,0,0,...,4
106,公立,一般大學,0028,國立臺北藝術大學,博士班,女,59,22,2,1,1,0,5,1,6,0,0,2,0,0,0,...,4
106,公立,一般大學,0029,國立臺灣藝術大學,學士班(日間),男,699,39,3,4,3,3,4,0,0,0,0,0,0,0,0,...,22
106,公立,一般大學,0029,國立臺灣藝術大學,學士班(進修),男,596,55,4,3,4,5,20,0,1,0,0,0,0,0,0,...,18
106,公立,一般大學,0029,國立臺灣藝術大學,碩士班(日間),男,273,87,2,1,20,1,24,0,3,0,1,0,0,0,1,...,34
106,公立,一般大學,0029,國立臺灣藝術大學,碩士在職專班,男,171,31,3,0,2,0,22,0,2,0,0,0,0,0,0,...,2
106,公立,一般大學,0029,國立臺灣藝術大學,博士班,男,54,5,1,0,1,0,2,0,1,0,0,0,0,0,0,...,0
106,公立,一般大學,0029,國立臺灣藝術大學,學士班(日間),女,1739,72,6,3,7,14,12,0,0,0,1,0,1,0,1,...,27
106,公立,一般大學,0029,國立臺灣藝術大學,學士班(進修),女,1354,108,7,4,8,7,39,3,6,0,0,0,1,1,1,...,31
106,公立,一般大學,0029,國立臺灣藝術大學,碩士班(日間),女,481,103,1,5,23,0,37,1,5,0,1,0,1,1,1,...,27
106,公立,一般大學,0029,國立臺灣藝術大學,碩士在職專班,女,258,40,1,0,7,0,16,3,6,0,0,0,0,0,0,...,7
106,公立,一般大學,0029,國立臺灣藝術大學,博士班,女,58,11,0,0,1,0,4,0,4,0,0,0,0,0,0,...,2
106,公立,一般大學,0030,國立臺東大學,學士班(日間),男,1732,126,2,8,24,31,10,0,0,6,4,0,0,7,1,...,33
106,公立,一般大學,0030,國立臺東大學,學士班(進修),男,78,20,1,1,1,2,7,0,0,0,0,0,0,0,0,...,8
106,公立,一般大學,0030,國立臺東大學,碩士班(日間),男,136,33,1,3,0,1,11,0,1,3,0,1,0,1,2,...,9
106,公立,一般大學,0030,國立臺東大學,碩士在職專班,男,158,53,1,0,0,0,20,0,2,1,0,0,0,3,0,...,26
106,公立,一般大學,0030,國立臺東大學,博士班,男,14,5,0,0,0,0,5,0,0,0,0,0,0,0,0,...,0
106,公立,一般大學,0030,國立臺東大學,學士班(日間),女,1794,78,12,5,6,25,3,0,0,0,3,0,0,8,2,...,14
106,公立,一般大學,0030,國立臺東大學,學士班(進修),女,95,15,1,1,1,1,3,0,0,0,0,0,0,0,0,...,8
106,公立,一般大學,0030,國立臺東大學,碩士班(日間),女,198,70,3,3,0,1,27,0,2,0,0,5,0,5,4,...,20
106,公立,一般大學,0030,國立臺東大學,碩士在職專班,女,384,95,2,3,0,1,44,3,4,0,1,1,0,6,2,...,28
106,公立,一般大學,0030,國立臺東大學,博士班,女,27,6,0,0,0,0,1,0,1,0,0,3,0,1,0,...,0
106,公立,一般大學,0031,國立宜蘭大學,學士班(日間),男,2886,108,8,8,25,31,9,0,0,13,2,0,1,0,1,...,10
106,公立,一般大學,0031,國立宜蘭大學,學士班(進修),男,255,58,1,1,5,6,24,0,0,17,0,0,0,0,0,...,4
106,公立,一般大學,0031,國立宜蘭大學,碩士班(日間),男,329,53,2,1,4,6,19,0,0,12,0,4,1,0,1,...,3
106,公立,一般大學,0031,國立宜蘭大學,碩士在職專班,男,141,27,3,2,1,2,16,0,1,0,0,0,0,0,0,...,2
106,公立,一般大學,0031,國立宜蘭大學,博士班,男,10,3,0,0,0,0,1,0,0,0,0,1,0,0,0,...,1
106,公立,一般大學,0031,國立宜蘭大學,學士班(日間),女,1564,49,4,3,12,20,5,0,1,0,2,0,1,0,0,...,1
106,公立,一般大學,0031,國立宜蘭大學,學士班(進修),女,123,15,0,0,2,1,6,1,1,0,0,0,0,0,0,...,4
106,公立,一般大學,0031,國立宜蘭大學,碩士班(日間),女,145,18,1,3,2,1,8,0,1,0,0,1,0,0,0,...,1
106,公立,一般大學,0031,國立宜蘭大學,碩士在職專班,女,56,8,1,0,0,0,6,0,0,0,0,0,0,0,0,...,1
106,公立,一般大學,0031,國立宜蘭大學,博士班,女,2,1,0,0,0,0,0,0,0,0,0,0,0,1,0,...,0
106,公立,一般大學,0032,國立聯合大學,學士班(日間),男,4169,150,7,1,26,57,23,0,0,25,0,0,0,0,0,...,11
106,公立,一般大學,0032,國立聯合大學,學士班(進修),男,746,63,3,5,2,10,25,0,0,12,0,0,0,0,1,...,5
106,公立,一般大學,0032,國立聯合大學,碩士班(日間),男,289,19,0,2,2,0,7,0,0,6,0,0,0,0,0,...,2
106,公立,一般大學,0032,國立聯合大學,碩士在職專班,男,1,0,0,0,0,0,0,0,0,0,0,0,0,0,0,...,0
106,公立,一般大學,0032,國立聯合大學,博士班,男,12,2,0,0,0,0,0,0,1,0,0,0,0,0,0,...,1
106,公立,一般大學,0032,國立聯合大學,學士班(日間),女,1882,36,4,1,2,19,5,0,1,0,0,0,0,0,0,...,4
106,公立,一般大學,0032,國立聯合大學,學士班(進修),女,507,29,0,4,0,7,9,3,1,0,0,0,0,0,0,...,5
106,公立,一般大學,0032,國立聯合大學,碩士班(日間),女,121,19,4,0,2,0,10,1,1,0,0,0,0,0,0,...,1
106,公立,一般大學,0032,國立聯合大學,碩士在職專班,女,2,0,0,0,0,0,0,0,0,0,0,0,0,0,0,...,0
106,公立,技專校院,0033,國立虎尾科技大學,學士班(日間),男,5597,233,15,32,42,63,19,0,0,35,6,0,2,1,1,...,17
106,公立,技專校院,0033,國立虎尾科技大學,學士班(進修),男,1321,119,4,19,6,25,36,0,0,12,0,0,0,1,0,...,16
106,公立,技專校院,0033,國立虎尾科技大學,碩士班(日間),男,683,69,7,20,2,9,5,0,1,17,1,1,0,1,0,...,5
106,公立,技專校院,0033,國立虎尾科技大學,碩士在職專班,男,142,37,0,1,0,0,32,0,4,0,0,0,0,0,0,...,0
106,公立,技專校院,0033,國立虎尾科技大學,博士班,男,25,4,0,2,1,0,0,0,1,0,0,0,0,0,0,...,0
106,公立,技專校院,0033,國立虎尾科技大學,學士班(日間),女,1819,58,11,11,11,14,2,1,3,0,1,0,0,0,0,...,4
106,公立,技專校院,0033,國立虎尾科技大學,學士班(進修),女,364,37,7,7,6,2,8,2,2,1,0,0,0,0,0,...,2
106,公立,技專校院,0033,國立虎尾科技大學,碩士班(日間),女,172,13,1,2,1,3,1,0,0,0,0,1,0,0,0,...,4
106,公立,技專校院,0033,國立虎尾科技大學,碩士在職專班,女,57,12,0,2,0,0,8,0,2,0,0,0,0,0,0,...,0
106,公立,技專校院,0033,國立虎尾科技大學,博士班,女,8,2,0,0,0,0,2,0,0,0,0,0,0,0,0,...,0
106,公立,一般大學,0035,國立臺南藝術大學,五專,男,67,8,0,0,0,1,0,0,0,0,6,0,0,0,0,...,1
106,公立,一般大學,0035,國立臺南藝術大學,學士班(日間),男,235,17,0,0,0,1,4,0,0,2,5,0,0,0,0,...,5
106,公立,一般大學,0035,國立臺南藝術大學,碩士班(日間),男,196,66,2,2,6,0,12,0,0,10,1,4,0,7,0,...,22
106,公立,一般大學,0035,國立臺南藝術大學,碩士在職專班,男,16,8,0,0,0,0,4,0,2,0,0,1,0,0,0,...,1
106,公立,一般大學,0035,國立臺南藝術大學,博士班,男,19,6,0,0,0,0,0,0,2,0,0,0,0,0,0,...,4
106,公立,一般大學,0035,國立臺南藝術大學,五專,女,103,6,0,0,0,1,0,0,0,0,2,0,0,0,0,...,3
106,公立,一般大學,0035,國立臺南藝術大學,學士班(日間),女,549,16,2,0,0,4,0,0,0,0,5,0,0,1,0,...,4
106,公立,一般大學,0035,國立臺南藝術大學,碩士班(日間),女,344,101,1,3,3,1,25,1,10,0,2,11,0,11,0,...,33
106,公立,一般大學,0035,國立臺南藝術大學,碩士在職專班,女,32,20,0,0,0,0,9,1,3,0,0,4,0,0,0,...,3
106,公立,一般大學,0035,國立臺南藝術大學,博士班,女,19,3,0,1,0,0,0,0,1,0,0,0,0,1,0,...,0
106,公立,一般大學,0036,國立臺南大學,學士班(日間),男,1786,87,1,6,10,34,9,0,0,1,4,0,3,1,0,...,18
106,公立,一般大學,0036,國立臺南大學,學士班(進修),男,20,7,0,0,0,1,4,0,0,0,0,0,0,0,0,...,2
106,公立,一般大學,0036,國立臺南大學,碩士班(日間),男,427,104,4,2,3,8,34,0,1,5,0,11,0,2,3,...,31
106,公立,一般大學,0036,國立臺南大學,碩士在職專班,男,233,50,0,0,1,0,38,0,6,0,0,1,0,0,0,...,4
106,公立,一般大學,0036,國立臺南大學,博士班,男,80,23,4,0,0,0,8,0,4,0,0,2,0,1,0,...,4
106,公立,一般大學,0036,國立臺南大學,學士班(日間),女,2093,48,4,3,5,21,2,0,0,0,3,0,1,0,0,...,9
106,公立,一般大學,0036,國立臺南大學,學士班(進修),女,50,9,2,0,2,0,2,0,0,0,0,0,0,0,0,...,3
106,公立,一般大學,0036,國立臺南大學,碩士班(日間),女,513,160,5,8,4,3,62,1,10,0,2,18,0,1,3,...,43
106,公立,一般大學,0036,國立臺南大學,碩士在職專班,女,450,80,4,0,0,0,48,4,12,0,0,5,0,0,0,...,7
106,公立,一般大學,0036,國立臺南大學,博士班,女,93,18,1,1,0,0,10,0,4,0,0,0,0,0,0,...,2
106,公立,一般大學,0037,國立臺北教育大學,學士班(日間),男,1180,52,2,4,1,12,3,0,1,2,5,0,3,0,0,...,19
106,公立,一般大學,0037,國立臺北教育大學,碩士班(日間),男,417,133,1,7,0,1,33,0,9,5,6,17,2,0,4,...,48
106,公立,一般大學,0037,國立臺北教育大學,碩士在職專班,男,237,56,2,4,0,0,35,0,8,0,1,6,0,0,0,...,0
106,公立,一般大學,0037,國立臺北教育大學,博士班,男,70,27,0,1,0,0,10,0,2,0,0,6,0,0,0,...,8
106,公立,一般大學,0037,國立臺北教育大學,學士班(日間),女,2203,62,3,2,0,26,4,0,0,0,13,0,4,0,0,...,10
106,公立,一般大學,0037,國立臺北教育大學,碩士班(日間),女,839,225,1,3,0,4,77,6,25,0,6,52,1,0,3,...,47
106,公立,一般大學,0037,國立臺北教育大學,碩士在職專班,女,782,143,9,1,0,1,85,4,27,0,2,14,0,0,0,...,0
106,公立,一般大學,0037,國立臺北教育大學,博士班,女,80,23,0,1,0,0,11,0,5,0,0,4,0,0,0,...,2
106,公立,一般大學,0039,國立臺中教育大學,學士班(日間),男,1194,66,5,0,1,10,4,0,0,1,2,0,1,12,0,...,30
106,公立,一般大學,0039,國立臺中教育大學,碩士班(日間),男,281,67,2,2,0,0,13,0,2,3,1,6,0,7,5,...,26
106,公立,一般大學,0039,國立臺中教育大學,碩士在職專班,男,176,32,0,1,0,0,18,0,1,0,0,2,0,3,0,...,7
106,公立,一般大學,0039,國立臺中教育大學,博士班,男,57,13,0,0,0,0,6,0,0,0,0,0,0,1,0,...,6
106,公立,一般大學,0039,國立臺中教育大學,學士班(日間),女,2157,56,5,4,0,17,1,1,0,0,2,0,1,4,2,...,19
106,公立,一般大學,0039,國立臺中教育大學,碩士班(日間),女,537,111,10,2,0,0,28,5,12,0,0,8,0,14,9,...,23
106,公立,一般大學,0039,國立臺中教育大學,碩士在職專班,女,537,81,7,0,0,0,20,8,10,0,0,6,0,5,0,...,25
106,公立,一般大學,0039,國立臺中教育大學,博士班,女,67,17,2,0,0,0,7,0,3,0,0,2,0,0,0,...,3
106,公立,技專校院,0042,國立澎湖科技大學,學士班(日間),男,1506,60,0,1,1,3,4,0,0,10,0,0,0,0,0,...,41
106,公立,技專校院,0042,國立澎湖科技大學,學士班(進修),男,138,22,0,0,0,0,16,0,0,0,0,0,1,0,0,...,5
106,公立,技專校院,0042,國立澎湖科技大學,碩士班(日間),男,46,9,1,0,0,0,1,0,0,2,0,0,0,0,0,...,5
106,公立,技專校院,0042,國立澎湖科技大學,碩士在職專班,男,28,3,0,0,0,0,3,0,0,0,0,0,0,0,0,...,0
106,公立,技專校院,0042,國立澎湖科技大學,學士班(日間),女,1063,33,5,2,0,2,3,1,0,0,0,0,0,0,0,...,20
106,公立,技專校院,0042,國立澎湖科技大學,學士班(進修),女,166,15,0,0,0,0,9,0,1,0,0,0,0,0,0,...,5
106,公立,技專校院,0042,國立澎湖科技大學,碩士班(日間),女,40,5,0,0,0,0,2,1,0,0,0,0,0,0,0,...,2
106,公立,技專校院,0042,國立澎湖科技大學,碩士在職專班,女,21,0,0,0,0,0,0,0,0,0,0,0,0,0,0,...,0
106,公立,技專校院,0043,國立勤益科技大學,二專(日間),男,1,1,0,0,0,0,0,0,0,0,0,0,0,0,0,...,1
106,公立,技專校院,0043,國立勤益科技大學,學士班(日間),男,4613,282,10,18,27,86,39,0,0,56,3,0,0,0,5,...,38
106,公立,技專校院,0043,國立勤益科技大學,學士班(進修),男,2948,181,7,7,10,31,61,0,0,13,0,0,0,1,1,...,50
106,公立,技專校院,0043,國立勤益科技大學,碩士班(日間),男,423,64,2,8,1,4,28,0,0,11,0,0,0,7,0,...,3
106,公立,技專校院,0043,國立勤益科技大學,碩士在職專班,男,236,62,1,1,0,5,40,0,0,2,0,0,0,0,0,...,13
106,公立,技專校院,0043,國立勤益科技大學,博士班,男,16,1,0,0,0,0,1,0,0,0,0,0,0,0,0,...,0
106,公立,技專校院,0043,國立勤益科技大學,學士班(日間),女,2114,77,6,8,10,24,7,0,4,0,3,0,0,0,0,...,15
106,公立,技專校院,0043,國立勤益科技大學,學士班(進修),女,651,42,3,4,4,7,14,1,1,0,0,0,0,0,1,...,7
106,公立,技專校院,0043,國立勤益科技大學,碩士班(日間),女,123,29,0,2,2,2,13,0,0,0,0,0,0,8,0,...,2
106,公立,技專校院,0043,國立勤益科技大學,碩士在職專班,女,49,3,0,1,0,0,2,0,0,0,0,0,0,0,0,...,0
106,公立,技專校院,0043,國立勤益科技大學,博士班,女,2,0,0,0,0,0,0,0,0,0,0,0,0,0,0,...,0
106,公立,一般大學,0044,國立體育大學,學士班(日間),男,1035,106,0,5,0,0,39,0,0,42,0,0,0,0,14,...,6
106,公立,一般大學,0044,國立體育大學,學士班(進修),男,70,14,1,0,0,0,11,0,1,1,0,0,0,0,0,...,0
106,公立,一般大學,0044,國立體育大學,碩士班(日間),男,179,71,0,2,0,0,32,0,2,25,0,0,0,0,10,...,0
106,公立,一般大學,0044,國立體育大學,碩士在職專班,男,110,25,0,0,0,0,23,0,0,2,0,0,0,0,0,...,0
106,公立,一般大學,0044,國立體育大學,博士班,男,96,16,1,1,0,0,6,0,4,1,0,0,0,0,3,...,0
106,公立,一般大學,0044,國立體育大學,學士班(日間),女,624,42,2,5,0,0,21,0,0,0,0,7,0,0,6,...,1
106,公立,一般大學,0044,國立體育大學,學士班(進修),女,30,5,0,0,0,0,2,0,0,0,0,3,0,0,0,...,0
106,公立,一般大學,0044,國立體育大學,碩士班(日間),女,177,40,1,4,0,0,25,0,3,0,0,3,0,0,4,...,0
106,公立,一般大學,0044,國立體育大學,碩士在職專班,女,94,17,1,1,0,0,13,0,0,0,0,2,0,0,0,...,0
106,公立,一般大學,0044,國立體育大學,博士班,女,49,13,0,1,0,0,8,0,1,0,0,0,0,0,3,...,0
106,公立,技專校院,0046,國立臺北護理健康大學,學士班(日間),男,685,16,0,0,3,8,2,0,0,0,0,0,1,0,0,...,2
106,公立,技專校院,0046,國立臺北護理健康大學,學士班(進修),男,18,3,0,0,0,0,0,0,0,0,0,0,0,0,0,...,3
106,公立,技專校院,0046,國立臺北護理健康大學,碩士班(日間),男,107,21,0,1,2,1,7,0,1,0,0,2,0,0,0,...,7
106,公立,技專校院,0046,國立臺北護理健康大學,碩士在職專班,男,26,10,0,0,1,2,6,0,0,0,0,0,0,0,0,...,1
106,公立,技專校院,0046,國立臺北護理健康大學,博士班,男,3,1,0,0,0,0,0,0,0,0,0,0,0,0,0,...,1
106,公立,技專校院,0046,國立臺北護理健康大學,學士班(日間),女,2845,108,9,5,18,34,21,0,3,0,0,0,1,2,0,...,15
106,公立,技專校院,0046,國立臺北護理健康大學,學士班(進修),女,699,78,7,0,2,7,28,2,17,0,0,0,0,0,0,...,15
106,公立,技專校院,0046,國立臺北護理健康大學,碩士班(日間),女,464,158,7,3,19,5,65,5,29,0,1,4,0,2,0,...,18
106,公立,技專校院,0046,國立臺北護理健康大學,碩士在職專班,女,166,56,3,0,12,0,15,0,14,0,0,0,0,1,0,...,11
106,公立,技專校院,0046,國立臺北護理健康大學,博士班,女,64,14,0,0,5,0,7,0,2,0,0,0,0,0,0,...,0
106,公立,技專校院,0047,國立高雄餐旅大學,二專(進修),男,52,9,1,1,7,0,0,0,0,0,0,0,0,0,0,...,0
106,公立,技專校院,0047,國立高雄餐旅大學,五專,男,86,2,0,0,0,1,0,0,0,0,0,0,0,0,0,...,1
106,公立,技專校院,0047,國立高雄餐旅大學,學士班(日間),男,912,34,2,4,6,9,2,0,0,3,0,0,0,1,0,...,7
106,公立,技專校院,0047,國立高雄餐旅大學,學士班(進修),男,369,8,0,1,0,1,1,0,1,2,0,0,0,0,0,...,2
106,公立,技專校院,0047,國立高雄餐旅大學,碩士班(日間),男,41,14,1,0,4,1,6,0,0,2,0,0,0,0,0,...,0
106,公立,技專校院,0047,國立高雄餐旅大學,碩士在職專班,男,33,6,0,1,0,0,4,0,1,0,0,0,0,0,0,...,0
106,公立,技專校院,0047,國立高雄餐旅大學,博士班,男,17,3,0,0,0,0,2,0,0,0,0,0,0,0,0,...,1
106,公立,技專校院,0047,國立高雄餐旅大學,二專(進修),女,89,8,2,0,5,0,1,0,0,0,0,0,0,0,0,...,0
106,公立,技專校院,0047,國立高雄餐旅大學,五專,女,143,3,1,1,1,0,0,0,0,0,0,0,0,0,0,...,0
106,公立,技專校院,0047,國立高雄餐旅大學,學士班(日間),女,2368,68,5,7,6,16,4,1,2,0,0,0,0,0,0,...,27
106,公立,技專校院,0047,國立高雄餐旅大學,學士班(進修),女,1024,24,1,4,1,9,2,0,1,0,1,0,0,0,0,...,5
106,公立,技專校院,0047,國立高雄餐旅大學,碩士班(日間),女,98,23,1,4,2,2,11,0,3,0,0,0,0,0,0,...,0
106,公立,技專校院,0047,國立高雄餐旅大學,碩士在職專班,女,22,7,1,1,0,0,5,0,0,0,0,0,0,0,0,...,0
106,公立,技專校院,0047,國立高雄餐旅大學,博士班,女,13,2,1,0,0,0,1,0,0,0,0,0,0,0,0,...,0
106,公立,一般大學,0048,國立金門大學,學士班(日間),男,1748,68,2,6,0,37,14,0,0,0,0,0,0,0,0,...,9
106,公立,一般大學,0048,國立金門大學,學士班(進修),男,488,18,1,0,0,3,14,0,0,0,0,0,0,0,0,...,0
106,公立,一般大學,0048,國立金門大學,碩士班(日間),男,130,23,0,1,0,4,13,0,1,0,0,0,0,0,0,...,4
106,公立,一般大學,0048,國立金門大學,碩士在職專班,男,61,9,0,0,0,0,9,0,0,0,0,0,0,0,0,...,0
106,公立,一般大學,0048,國立金門大學,學士班(日間),女,1619,46,3,6,0,21,9,0,0,0,0,0,0,0,0,...,7
106,公立,一般大學,0048,國立金門大學,學士班(進修),女,358,11,2,0,0,6,3,0,0,0,0,0,0,0,0,...,0
106,公立,一般大學,0048,國立金門大學,碩士班(日間),女,72,16,0,0,0,2,9,1,3,0,0,0,0,0,0,...,1
106,公立,一般大學,0048,國立金門大學,碩士在職專班,女,25,1,0,0,0,0,1,0,0,0,0,0,0,0,0,...,0
106,公立,一般大學,0049,國立臺灣體育運動大學,學士班(日間),男,1475,99,1,28,25,14,25,0,2,0,0,0,0,0,0,...,4
106,公立,一般大學,0049,國立臺灣體育運動大學,學士班(進修),男,250,25,2,2,3,0,17,0,1,0,0,0,0,0,0,...,0
106,公立,一般大學,0049,國立臺灣體育運動大學,碩士班(日間),男,137,53,0,7,17,2,20,0,2,0,0,0,0,0,0,...,5
106,公立,一般大學,0049,國立臺灣體育運動大學,碩士在職專班,男,59,7,0,1,2,0,4,0,0,0,0,0,0,0,0,...,0
106,公立,一般大學,0049,國立臺灣體育運動大學,學士班(日間),女,980,43,2,17,7,15,1,0,0,0,0,0,0,0,0,...,1
106,公立,一般大學,0049,國立臺灣體育運動大學,學士班(進修),女,94,20,0,5,2,1,8,1,1,0,0,0,0,0,0,...,2
106,公立,一般大學,0049,國立臺灣體育運動大學,碩士班(日間),女,115,38,0,9,5,0,19,1,4,0,0,0,0,0,0,...,0
106,公立,一般大學,0049,國立臺灣體育運動大學,碩士在職專班,女,44,0,0,0,0,0,0,0,0,0,0,0,0,0,0,...,0
106,公立,技專校院,0050,國立臺中科技大學,二專(進修),男,5,1,0,0,0,0,0,0,0,0,0,0,0,0,0,...,1
106,公立,技專校院,0050,國立臺中科技大學,五專,男,711,39,2,2,4,19,3,0,0,0,3,0,0,1,0,...,5
106,公立,技專校院,0050,國立臺中科技大學,學士班(日間),男,1831,78,5,2,2,16,16,0,0,10,4,0,0,3,3,...,17
106,公立,技專校院,0050,國立臺中科技大學,學士班(進修),男,842,76,2,1,0,5,19,0,0,0,0,0,0,0,0,...,49
106,公立,技專校院,0050,國立臺中科技大學,碩士班(日間),男,160,35,2,4,0,0,15,0,0,4,0,0,0,2,1,...,7
106,公立,技專校院,0050,國立臺中科技大學,碩士在職專班,男,83,9,2,0,0,0,4,0,0,0,0,0,0,1,0,...,2
106,公立,技專校院,0050,國立臺中科技大學,二專(日間),女,2,0,0,0,0,0,0,0,0,0,0,0,0,0,0,...,0
106,公立,技專校院,0050,國立臺中科技大學,二專(進修),女,75,8,0,1,0,0,3,0,0,0,0,0,0,0,0,...,4
106,公立,技專校院,0050,國立臺中科技大學,五專,女,2793,84,5,0,3,40,5,0,0,0,7,0,1,5,2,...,16
106,公立,技專校院,0050,國立臺中科技大學,學士班(日間),女,5029,154,19,8,3,36,32,4,4,0,15,0,1,4,9,...,19
106,公立,技專校院,0050,國立臺中科技大學,學士班(進修),女,1752,158,8,7,0,7,63,3,6,0,0,0,0,0,0,...,64
106,公立,技專校院,0050,國立臺中科技大學,碩士班(日間),女,205,34,3,3,0,4,12,1,0,0,2,2,0,2,2,...,3
106,公立,技專校院,0050,國立臺中科技大學,碩士在職專班,女,111,6,0,0,0,0,4,0,2,0,0,0,0,0,0,...,0
106,公立,技專校院,0051,國立臺北商業大學,二專(進修),男,4,0,0,0,0,0,0,0,0,0,0,0,0,0,0,...,0
106,公立,技專校院,0051,國立臺北商業大學,五專,男,490,52,4,4,6,14,12,0,0,2,2,0,0,7,1,...,0
106,公立,技專校院,0051,國立臺北商業大學,學士班(日間),男,813,49,4,4,4,9,12,0,0,5,2,0,0,9,0,...,0
106,公立,技專校院,0051,國立臺北商業大學,學士班(進修),男,451,54,4,3,0,9,25,0,2,5,5,0,0,0,0,...,1
106,公立,技專校院,0051,國立臺北商業大學,碩士班(日間),男,79,22,1,0,2,3,6,0,0,3,0,0,0,7,0,...,0
106,公立,技專校院,0051,國立臺北商業大學,碩士在職專班,男,19,1,0,1,0,0,0,0,0,0,0,0,0,0,0,...,0
106,公立,技專校院,0051,國立臺北商業大學,二專(進修),女,4,0,0,0,0,0,0,0,0,0,0,0,0,0,0,...,0
106,公立,技專校院,0051,國立臺北商業大學,五專,女,1421,70,7,8,6,16,15,0,3,0,8,0,0,7,0,...,0
106,公立,技專校院,0051,國立臺北商業大學,學士班(日間),女,2285,95,6,6,10,17,23,2,1,0,7,0,0,23,0,...,0
106,公立,技專校院,0051,國立臺北商業大學,學士班(進修),女,1049,77,7,7,0,10,31,5,7,0,4,0,0,0,2,...,4
106,公立,技專校院,0051,國立臺北商業大學,碩士班(日間),女,95,27,1,2,2,1,13,0,0,0,0,0,0,8,0,...,0
106,公立,技專校院,0051,國立臺北商業大學,碩士在職專班,女,20,1,1,0,0,0,0,0,0,0,0,0,0,0,0,...,0
106,公立,一般大學,0052,國立屏東大學,學士班(日間),男,2704,96,8,9,17,24,16,0,1,4,1,0,0,0,1,...,15
106,公立,一般大學,0052,國立屏東大學,學士班(進修),男,304,24,0,0,2,5,12,0,1,1,0,0,0,0,0,...,3
106,公立,一般大學,0052,國立屏東大學,碩士班(日間),男,394,89,0,3,0,6,47,0,4,9,0,9,2,0,0,...,9
106,公立,一般大學,0052,國立屏東大學,碩士在職專班,男,149,41,0,3,2,0,29,0,4,1,0,2,0,0,0,...,0
106,公立,一般大學,0052,國立屏東大學,博士班,男,27,4,0,0,0,0,4,0,0,0,0,0,0,0,0,...,0
106,公立,一般大學,0052,國立屏東大學,學士班(日間),女,4072,83,8,7,12,23,15,1,0,0,0,0,2,0,3,...,12
106,公立,一般大學,0052,國立屏東大學,學士班(進修),女,347,22,1,1,1,4,13,0,2,0,0,0,0,0,0,...,0
106,公立,一般大學,0052,國立屏東大學,碩士班(日間),女,538,140,6,6,5,2,73,3,14,0,0,12,0,3,2,...,14
106,公立,一般大學,0052,國立屏東大學,碩士在職專班,女,407,90,5,1,2,1,55,5,12,0,0,2,0,6,1,...,0
106,公立,一般大學,0052,國立屏東大學,博士班,女,21,3,0,0,0,0,1,0,0,0,0,1,0,0,0,...,1
106,公立,技專校院,0053,國立高雄科技大學,五專,男,422,5,0,0,0,2,1,0,0,1,0,0,0,0,0,...,1
106,公立,技專校院,0053,國立高雄科技大學,學士班(日間),男,10890,263,9,12,30,85,55,0,0,35,8,0,1,5,4,...,19
106,公立,技專校院,0053,國立高雄科技大學,學士班(進修),男,2438,302,9,19,5,107,89,0,0,60,3,0,0,8,2,...,0
106,公立,技專校院,0053,國立高雄科技大學,碩士班(日間),男,1680,247,11,11,28,22,83,0,3,30,5,1,0,17,2,...,34
106,公立,技專校院,0053,國立高雄科技大學,碩士在職專班,男,1343,305,3,1,0,69,180,0,15,0,6,7,0,15,0,...,9
106,公立,技專校院,0053,國立高雄科技大學,博士班,男,436,79,1,2,10,11,37,0,5,0,0,3,0,2,0,...,8
106,公立,技專校院,0053,國立高雄科技大學,五專,女,86,1,0,0,0,1,0,0,0,0,0,0,0,0,0,...,0
106,公立,技專校院,0053,國立高雄科技大學,學士班(日間),女,7136,121,12,9,9,38,16,0,2,1,8,0,0,2,1,...,23
106,公立,技專校院,0053,國立高雄科技大學,學士班(進修),女,1248,140,8,13,4,43,49,4,2,1,2,0,2,10,1,...,1
106,公立,技專校院,0053,國立高雄科技大學,碩士班(日間),女,860,121,4,14,9,11,47,1,4,0,6,0,0,4,1,...,20
106,公立,技專校院,0053,國立高雄科技大學,碩士在職專班,女,672,120,2,2,3,22,53,3,21,0,2,0,0,9,0,...,3
106,公立,技專校院,0053,國立高雄科技大學,博士班,女,109,14,1,1,3,2,4,1,0,0,0,1,0,0,0,...,1
106,公立,技專校院,0144,國立臺灣戲曲學院,學士班(日間),男,190,16,0,0,0,0,5,0,0,3,1,0,0,0,0,...,7
106,公立,技專校院,0144,國立臺灣戲曲學院,學士班(進修),男,28,1,0,0,0,0,1,0,0,0,0,0,0,0,0,...,0
106,公立,技專校院,0144,國立臺灣戲曲學院,學士班(日間),女,365,25,3,2,2,0,6,0,0,0,1,0,0,0,0,...,11
106,公立,技專校院,0144,國立臺灣戲曲學院,學士班(進修),女,31,1,0,0,0,0,1,0,0,0,0,0,0,0,0,...,0
106,公立,技專校院,0221,國立臺南護理專科學校,二專(日間),男,5,1,0,0,0,0,0,0,0,0,0,0,0,0,0,...,1
106,公立,技專校院,0221,國立臺南護理專科學校,二專(進修),男,7,3,0,0,0,0,2,0,0,0,0,0,0,0,0,...,1
106,公立,技專校院,0221,國立臺南護理專科學校,五專,男,128,3,1,0,0,2,0,0,0,0,0,0,0,0,0,...,0
106,公立,技專校院,0221,國立臺南護理專科學校,二專(日間),女,92,4,0,0,0,3,0,0,0,0,0,0,0,0,0,...,1
106,公立,技專校院,0221,國立臺南護理專科學校,二專(進修),女,54,5,3,1,0,0,1,0,0,0,0,0,0,0,0,...,0
106,公立,技專校院,0221,國立臺南護理專科學校,五專,女,1669,25,3,1,2,14,2,0,0,0,0,0,0,0,0,...,3
106,公立,技專校院,0222,國立臺東專科學校,二專(日間),男,439,33,5,5,0,8,4,0,0,0,0,0,4,1,3,...,3
106,公立,技專校院,0222,國立臺東專科學校,二專(進修),男,41,13,1,1,0,0,11,0,0,0,0,0,0,0,0,...,0
106,公立,技專校院,0222,國立臺東專科學校,五專,男,267,25,0,5,1,11,0,0,0,1,0,0,2,0,0,...,5
106,公立,技專校院,0222,國立臺東專科學校,二專(日間),女,140,22,5,3,0,8,0,0,0,0,0,0,1,0,3,...,2
106,公立,技專校院,0222,國立臺東專科學校,二專(進修),女,37,14,2,1,0,0,10,1,0,0,0,0,0,0,0,...,0
106,公立,技專校院,0222,國立臺東專科學校,五專,女,320,22,1,5,4,9,1,0,0,0,0,0,2,0,0,...,0
106,私立,一般大學,1001,東海大學,學士班(日間),男,6192,283,25,6,26,61,24,0,0,19,27,0,0,1,2,...,92
106,私立,一般大學,1001,東海大學,學士班(進修),男,297,45,0,1,2,0,14,0,0,4,2,0,0,0,0,...,22
106,私立,一般大學,1001,東海大學,碩士班(日間),男,666,162,5,5,5,2,42,0,4,16,2,39,0,0,1,...,41
106,私立,一般大學,1001,東海大學,碩士在職專班,男,371,116,2,0,1,0,72,0,4,0,0,22,0,0,0,...,15
106,私立,一般大學,1001,東海大學,博士班,男,136,42,5,1,0,0,13,0,3,0,1,13,0,0,0,...,6
106,私立,一般大學,1001,東海大學,學士班(日間),女,7396,212,27,3,13,61,8,0,1,0,23,0,0,0,0,...,76
106,私立,一般大學,1001,東海大學,學士班(進修),女,251,37,3,0,1,2,9,1,6,0,2,0,0,0,0,...,13
106,私立,一般大學,1001,東海大學,碩士班(日間),女,642,163,9,7,1,3,52,1,17,0,3,33,0,0,0,...,37
106,私立,一般大學,1001,東海大學,碩士在職專班,女,374,101,9,0,0,0,40,1,10,0,1,24,0,0,0,...,16
106,私立,一般大學,1001,東海大學,博士班,女,104,32,2,0,0,0,7,1,2,0,1,13,0,0,0,...,6
106,私立,一般大學,1002,輔仁大學,學士班(日間),男,7746,342,17,4,17,139,98,0,0,14,45,0,6,0,2,...,0
106,私立,一般大學,1002,輔仁大學,學士班(進修),男,1698,177,15,5,10,28,86,0,2,18,12,0,0,0,1,...,0
106,私立,一般大學,1002,輔仁大學,碩士班(日間),男,903,169,4,3,0,3,52,0,2,19,6,80,0,0,0,...,0
106,私立,一般大學,1002,輔仁大學,碩士在職專班,男,688,107,6,0,1,0,64,0,9,0,0,27,0,0,0,...,0
106,私立,一般大學,1002,輔仁大學,博士班,男,252,74,0,0,0,0,25,0,4,3,0,42,0,0,0,...,0
106,私立,一般大學,1002,輔仁大學,學士班(日間),女,10359,339,33,2,10,125,61,2,2,0,99,0,4,0,1,...,0
106,私立,一般大學,1002,輔仁大學,學士班(進修),女,2932,223,35,11,7,30,105,2,13,0,17,0,3,0,0,...,0
106,私立,一般大學,1002,輔仁大學,碩士班(日間),女,1253,243,13,2,0,7,106,3,29,0,7,74,1,0,1,...,0
106,私立,一般大學,1002,輔仁大學,碩士在職專班,女,965,184,14,1,0,0,79,5,28,0,4,53,0,0,0,...,0
106,私立,一般大學,1002,輔仁大學,博士班,女,221,77,5,0,1,3,23,2,12,0,0,31,0,0,0,...,0
106,私立,一般大學,1003,東吳大學,學士班(日間),男,4845,238,12,4,22,59,26,0,0,18,43,0,2,0,1,...,51
106,私立,一般大學,1003,東吳大學,學士班(進修),男,345,48,3,1,1,3,19,0,0,6,2,0,0,0,0,...,13
106,私立,一般大學,1003,東吳大學,碩士班(日間),男,577,128,3,4,1,2,41,0,8,16,3,24,1,0,0,...,25
106,私立,一般大學,1003,東吳大學,碩士在職專班,男,537,83,1,1,0,0,47,0,8,0,5,9,0,0,0,...,12
106,私立,一般大學,1003,東吳大學,博士班,男,65,11,0,0,0,0,4,0,1,0,1,2,0,0,0,...,3
106,私立,一般大學,1003,東吳大學,學士班(日間),女,7340,261,33,2,16,71,10,1,0,0,68,0,0,0,1,...,59
106,私立,一般大學,1003,東吳大學,學士班(進修),女,759,79,4,2,1,8,15,3,7,0,11,0,0,0,0,...,28
106,私立,一般大學,1003,東吳大學,碩士班(日間),女,692,123,7,6,3,1,36,3,8,0,14,12,0,0,0,...,33
106,私立,一般大學,1003,東吳大學,碩士在職專班,女,633,122,5,0,0,0,48,8,24,0,4,7,0,0,0,...,26
106,私立,一般大學,1003,東吳大學,博士班,女,57,11,0,0,0,0,3,0,1,0,0,4,0,0,0,...,3
106,私立,一般大學,1004,中原大學,學士班(日間),男,7480,416,11,36,15,167,2,0,1,5,1,0,0,0,0,...,178
106,私立,一般大學,1004,中原大學,碩士班(日間),男,993,163,1,34,0,14,3,0,2,8,0,63,0,0,0,...,38
106,私立,一般大學,1004,中原大學,碩士在職專班,男,547,180,0,39,0,1,8,0,15,0,0,75,0,0,0,...,42
106,私立,一般大學,1004,中原大學,博士班,男,241,100,5,37,0,2,5,0,3,0,0,26,0,0,0,...,22
106,私立,一般大學,1004,中原大學,學士班(日間),女,6044,222,14,17,9,82,0,1,3,0,1,0,0,0,0,...,95
106,私立,一般大學,1004,中原大學,碩士班(日間),女,627,145,6,34,0,15,2,1,10,0,0,54,0,1,0,...,22
106,私立,一般大學,1004,中原大學,碩士在職專班,女,315,76,0,19,0,1,3,3,9,1,0,19,0,0,0,...,21
106,私立,一般大學,1004,中原大學,博士班,女,95,25,2,8,0,1,0,0,2,0,0,8,0,0,0,...,4
106,私立,一般大學,1005,淡江大學學校財團法人淡江大學,學士班(日間),男,10624,656,57,22,15,58,18,0,0,25,36,0,9,1,0,...,415
106,私立,一般大學,1005,淡江大學學校財團法人淡江大學,學士班(進修),男,931,171,6,9,1,6,17,0,1,8,5,0,0,0,0,...,118
106,私立,一般大學,1005,淡江大學學校財團法人淡江大學,碩士班(日間),男,1067,209,6,9,0,1,19,0,0,13,8,23,0,1,0,...,129
106,私立,一般大學,1005,淡江大學學校財團法人淡江大學,碩士在職專班,男,559,143,1,2,0,0,54,0,7,0,1,7,0,0,0,...,71
106,私立,一般大學,1005,淡江大學學校財團法人淡江大學,博士班,男,295,83,3,3,0,0,12,0,8,2,1,13,0,0,0,...,41
106,私立,一般大學,1005,淡江大學學校財團法人淡江大學,學士班(日間),女,10265,419,62,14,1,42,5,1,3,0,57,0,8,0,1,...,225
106,私立,一般大學,1005,淡江大學學校財團法人淡江大學,學士班(進修),女,815,112,10,6,2,4,5,1,2,0,4,0,0,0,0,...,78
106,私立,一般大學,1005,淡江大學學校財團法人淡江大學,碩士班(日間),女,806,172,11,9,0,1,27,0,8,0,12,24,0,0,0,...,80
106,私立,一般大學,1005,淡江大學學校財團法人淡江大學,碩士在職專班,女,523,103,4,1,0,0,20,3,11,0,2,4,0,2,0,...,56
106,私立,一般大學,1005,淡江大學學校財團法人淡江大學,博士班,女,147,53,4,2,0,0,8,2,3,0,1,11,0,0,0,...,22
106,私立,一般大學,1006,中國文化大學,學士班(日間),男,10102,638,14,37,151,120,85,0,0,25,52,0,7,2,19,...,126
106,私立,一般大學,1006,中國文化大學,學士班(進修),男,802,310,7,2,18,4,97,0,0,27,9,0,2,11,1,...,132
106,私立,一般大學,1006,中國文化大學,碩士班(日間),男,885,206,4,8,9,3,60,0,3,20,9,23,1,2,12,...,52
106,私立,一般大學,1006,中國文化大學,碩士在職專班,男,205,85,1,0,4,1,31,0,1,2,4,8,0,10,0,...,23
106,私立,一般大學,1006,中國文化大學,博士班,男,337,51,0,0,0,0,18,0,1,2,1,24,0,0,0,...,5
106,私立,一般大學,1006,中國文化大學,學士班(日間),女,11262,437,21,29,62,122,38,6,3,0,78,0,5,1,8,...,64
106,私立,一般大學,1006,中國文化大學,學士班(進修),女,1090,334,9,4,15,13,102,5,3,0,25,0,0,23,0,...,135
106,私立,一般大學,1006,中國文化大學,碩士班(日間),女,711,122,2,6,4,4,53,4,3,0,6,24,0,0,8,...,8
106,私立,一般大學,1006,中國文化大學,碩士在職專班,女,304,86,7,2,1,0,18,0,7,0,3,9,0,2,2,...,35
106,私立,一般大學,1006,中國文化大學,博士班,女,187,30,0,1,1,0,9,3,6,0,1,7,0,0,0,...,2
106,私立,一般大學,1007,逢甲大學,學士班(日間),男,10582,374,25,5,73,91,36,0,0,28,5,0,0,58,1,...,52
106,私立,一般大學,1007,逢甲大學,學士班(進修),男,502,58,2,1,5,6,33,0,0,4,0,0,0,1,0,...,6
106,私立,一般大學,1007,逢甲大學,碩士班(日間),男,1133,118,4,3,6,5,45,0,0,15,1,8,0,15,0,...,16
106,私立,一般大學,1007,逢甲大學,碩士在職專班,男,706,101,4,3,2,3,72,0,6,0,0,6,0,3,0,...,2
106,私立,一般大學,1007,逢甲大學,博士班,男,325,58,5,0,3,0,33,0,4,0,0,4,0,6,0,...,3
106,私立,一般大學,1007,逢甲大學,學士班(日間),女,6447,103,11,2,10,28,11,2,1,0,2,0,0,11,0,...,25
106,私立,一般大學,1007,逢甲大學,學士班(進修),女,413,37,3,1,0,5,9,1,1,0,0,0,0,12,0,...,5
106,私立,一般大學,1007,逢甲大學,碩士班(日間),女,509,57,1,2,7,5,22,0,3,0,0,3,0,9,0,...,5
106,私立,一般大學,1007,逢甲大學,碩士在職專班,女,414,64,5,0,1,0,38,2,10,0,0,1,0,7,0,...,0
106,私立,一般大學,1007,逢甲大學,博士班,女,115,29,4,0,4,0,11,0,5,0,0,3,0,2,0,...,0
106,私立,一般大學,1008,靜宜大學,學士班(日間),男,4379,262,12,11,54,27,46,0,0,23,4,0,1,0,1,...,83
106,私立,一般大學,1008,靜宜大學,學士班(進修),男,1,2,0,0,0,0,1,0,0,0,0,0,0,0,0,...,1
106,私立,一般大學,1008,靜宜大學,碩士班(日間),男,200,48,1,1,4,0,18,0,0,5,0,9,0,0,0,...,10
106,私立,一般大學,1008,靜宜大學,碩士在職專班,男,139,20,0,1,0,0,16,0,1,0,0,0,0,0,0,...,2
106,私立,一般大學,1008,靜宜大學,博士班,男,26,3,0,0,0,0,3,0,0,0,0,0,0,0,0,...,0
106,私立,一般大學,1008,靜宜大學,學士班(日間),女,6992,213,20,5,45,34,32,2,0,0,14,0,2,1,2,...,56
106,私立,一般大學,1008,靜宜大學,學士班(進修),女,3,0,0,0,0,0,0,0,0,0,0,0,0,0,0,...,0
106,私立,一般大學,1008,靜宜大學,碩士班(日間),女,346,62,4,1,4,0,23,2,2,0,1,12,0,0,0,...,13
106,私立,一般大學,1008,靜宜大學,碩士在職專班,女,187,25,2,1,0,0,14,1,1,0,0,1,0,0,0,...,5
106,私立,一般大學,1008,靜宜大學,博士班,女,16,1,0,0,0,0,0,1,0,0,0,0,0,0,0,...,0
106,私立,一般大學,1009,長庚大學,學士班(日間),男,2750,103,5,3,0,31,3,0,0,1,8,0,0,0,0,...,52
106,私立,一般大學,1009,長庚大學,碩士班(日間),男,601,67,0,4,0,11,15,0,0,0,1,6,0,0,1,...,29
106,私立,一般大學,1009,長庚大學,碩士在職專班,男,95,43,0,1,0,0,26,0,2,0,1,2,0,0,0,...,11
106,私立,一般大學,1009,長庚大學,博士班,男,361,54,0,3,0,0,16,0,2,0,7,6,0,0,0,...,20
106,私立,一般大學,1009,長庚大學,學士班(日間),女,2554,93,4,2,0,32,2,0,0,0,12,0,0,2,0,...,39
106,私立,一般大學,1009,長庚大學,碩士班(日間),女,559,97,0,4,0,3,25,0,4,0,3,7,0,1,1,...,49
106,私立,一般大學,1009,長庚大學,碩士在職專班,女,103,17,1,0,0,0,7,1,2,0,0,1,0,0,0,...,5
106,私立,一般大學,1009,長庚大學,博士班,女,164,24,1,0,0,0,5,0,1,0,1,3,0,0,0,...,13
106,私立,一般大學,1010,元智大學,學士班(日間),男,4094,110,6,0,50,8,12,0,1,7,6,0,0,0,0,...,20
106,私立,一般大學,1010,元智大學,碩士班(日間),男,631,60,1,0,11,2,18,0,0,4,0,6,0,0,0,...,18
106,私立,一般大學,1010,元智大學,碩士在職專班,男,448,62,0,0,0,0,57,0,1,1,0,1,0,0,0,...,2
106,私立,一般大學,1010,元智大學,博士班,男,206,41,1,1,2,0,29,0,1,1,0,3,0,0,0,...,3
106,私立,一般大學,1010,元智大學,學士班(日間),女,3115,61,6,0,18,7,6,0,0,0,12,0,0,0,2,...,10
106,私立,一般大學,1010,元智大學,碩士班(日間),女,324,21,1,0,0,1,14,0,0,0,0,0,0,0,0,...,5
106,私立,一般大學,1010,元智大學,碩士在職專班,女,238,28,1,0,0,0,22,1,3,0,0,0,0,0,0,...,1
106,私立,一般大學,1010,元智大學,博士班,女,79,19,2,0,0,0,11,0,0,0,0,3,0,0,0,...,3
106,私立,一般大學,1011,中華大學學校財團法人中華大學,學士班(日間),男,3366,236,14,14,19,53,49,0,1,56,4,0,2,0,4,...,20
106,私立,一般大學,1011,中華大學學校財團法人中華大學,學士班(進修),男,254,31,3,1,3,2,14,0,0,6,0,0,0,0,0,...,2
106,私立,一般大學,1011,中華大學學校財團法人中華大學,碩士班(日間),男,334,55,3,4,0,1,29,0,0,14,0,2,0,0,0,...,2
106,私立,一般大學,1011,中華大學學校財團法人中華大學,碩士在職專班,男,146,28,0,0,0,0,26,0,0,1,0,0,0,0,0,...,1
106,私立,一般大學,1011,中華大學學校財團法人中華大學,博士班,男,73,33,4,0,0,0,23,0,0,2,0,2,0,0,0,...,2
106,私立,一般大學,1011,中華大學學校財團法人中華大學,學士班(日間),女,2061,77,6,4,3,29,14,0,1,0,7,0,1,1,0,...,11
106,私立,一般大學,1011,中華大學學校財團法人中華大學,學士班(進修),女,154,6,0,1,0,0,4,0,0,0,0,0,0,0,1,...,0
106,私立,一般大學,1011,中華大學學校財團法人中華大學,碩士班(日間),女,216,23,2,1,1,0,11,3,1,0,1,1,0,2,0,...,0
106,私立,一般大學,1011,中華大學學校財團法人中華大學,碩士在職專班,女,96,10,2,0,0,0,6,1,1,0,0,0,0,0,0,...,0
106,私立,一般大學,1011,中華大學學校財團法人中華大學,博士班,女,22,9,1,0,0,0,5,0,1,0,0,1,0,0,0,...,1
106,私立,一般大學,1012,大葉大學,學士班(日間),男,4520,274,18,38,32,42,75,0,0,41,2,0,1,1,5,...,19
106,私立,一般大學,1012,大葉大學,學士班(進修),男,686,95,2,11,2,7,47,0,1,22,0,0,0,0,1,...,2
106,私立,一般大學,1012,大葉大學,碩士班(日間),男,401,70,2,4,5,1,38,0,0,13,0,5,0,0,0,...,2
106,私立,一般大學,1012,大葉大學,碩士在職專班,男,172,32,2,0,1,0,25,0,3,0,0,0,0,0,0,...,1
106,私立,一般大學,1012,大葉大學,博士班,男,108,42,2,1,4,0,25,0,1,1,0,5,0,0,0,...,3
106,私立,一般大學,1012,大葉大學,學士班(日間),女,4103,150,21,25,7,34,38,3,2,0,0,0,1,0,1,...,18
106,私立,一般大學,1012,大葉大學,學士班(進修),女,532,38,7,5,1,4,14,1,4,0,0,0,0,0,0,...,2
106,私立,一般大學,1012,大葉大學,碩士班(日間),女,271,67,2,9,5,1,35,2,3,0,1,5,0,2,0,...,2
106,私立,一般大學,1012,大葉大學,碩士在職專班,女,328,49,5,1,1,0,36,4,0,0,0,2,0,0,0,...,0
106,私立,一般大學,1012,大葉大學,博士班,女,26,22,2,0,3,0,13,0,3,0,0,0,0,0,0,...,1
106,私立,一般大學,1013,華梵大學,學士班(日間),男,1002,90,3,2,6,32,10,0,0,24,4,0,0,7,0,...,2
106,私立,一般大學,1013,華梵大學,碩士班(日間),男,141,34,1,0,7,0,14,0,1,4,0,0,0,5,0,...,2
106,私立,一般大學,1013,華梵大學,碩士在職專班,男,52,14,1,0,1,0,11,0,1,0,0,0,0,0,0,...,0
106,私立,一般大學,1013,華梵大學,博士班,男,34,9,2,0,1,0,5,0,0,0,0,0,0,0,0,...,1
106,私立,一般大學,1013,華梵大學,學士班(日間),女,862,46,2,3,7,17,11,0,0,0,2,0,0,3,0,...,1
106,私立,一般大學,1013,華梵大學,碩士班(日間),女,121,38,5,0,10,0,9,0,0,0,1,0,0,13,0,...,0
106,私立,一般大學,1013,華梵大學,碩士在職專班,女,84,14,2,0,0,0,9,0,0,0,0,0,0,3,0,...,0
106,私立,一般大學,1013,華梵大學,博士班,女,24,7,2,0,3,0,1,0,0,0,0,0,0,0,0,...,1
106,私立,一般大學,1014,義守大學,學士班(日間),男,6580,212,10,22,9,63,45,0,0,21,16,0,0,3,1,...,22
106,私立,一般大學,1014,義守大學,學士班(進修),男,1398,216,21,17,0,1,135,0,1,37,1,0,0,0,0,...,3
106,私立,一般大學,1014,義守大學,碩士班(日間),男,277,33,2,2,0,4,8,0,1,4,1,2,0,3,0,...,6
106,私立,一般大學,1014,義守大學,碩士在職專班,男,378,55,1,0,0,0,49,0,5,0,0,0,0,0,0,...,0
106,私立,一般大學,1014,義守大學,博士班,男,105,17,1,0,0,0,11,0,0,1,1,2,0,1,0,...,0
106,私立,一般大學,1014,義守大學,學士班(日間),女,6273,125,11,16,2,56,16,2,4,0,11,0,1,3,0,...,3
106,私立,一般大學,1014,義守大學,學士班(進修),女,860,128,12,19,1,2,68,12,3,0,0,0,0,0,0,...,11
106,私立,一般大學,1014,義守大學,碩士班(日間),女,165,9,1,1,0,1,5,0,0,0,0,0,0,1,0,...,0
106,私立,一般大學,1014,義守大學,碩士在職專班,女,141,30,3,2,0,1,21,0,1,0,0,0,0,0,0,...,2
106,私立,一般大學,1014,義守大學,博士班,女,32,5,0,0,0,0,5,0,0,0,0,0,0,0,0,...,0
106,私立,一般大學,1015,世新大學,學士班(日間),男,3504,190,13,9,14,43,19,0,0,18,18,0,4,1,3,...,48
106,私立,一般大學,1015,世新大學,學士班(進修),男,132,11,1,0,0,0,7,0,0,0,0,0,0,0,0,...,3
106,私立,一般大學,1015,世新大學,碩士班(日間),男,308,97,2,4,0,0,28,0,1,10,1,30,0,4,3,...,14
106,私立,一般大學,1015,世新大學,碩士在職專班,男,459,131,6,1,0,0,93,0,3,0,2,17,0,0,0,...,9
106,私立,一般大學,1015,世新大學,博士班,男,44,11,0,0,0,0,5,0,1,1,0,4,0,0,0,...,0
106,私立,一般大學,1015,世新大學,學士班(日間),女,6369,172,19,5,4,59,14,3,2,0,19,0,6,2,1,...,38
106,私立,一般大學,1015,世新大學,學士班(進修),女,206,13,2,0,0,0,3,0,0,0,2,0,0,0,0,...,6
106,私立,一般大學,1015,世新大學,碩士班(日間),女,309,76,5,1,0,0,20,0,5,0,3,27,0,1,1,...,13
106,私立,一般大學,1015,世新大學,碩士在職專班,女,347,104,6,0,0,0,59,5,12,0,2,6,0,1,0,...,13
106,私立,一般大學,1015,世新大學,博士班,女,45,14,2,1,0,0,3,0,3,0,0,3,0,0,0,...,2
106,私立,一般大學,1016,銘傳大學,學士班(日間),男,6920,411,23,9,38,83,58,0,0,73,32,1,0,0,0,...,94
106,私立,一般大學,1016,銘傳大學,碩士班(日間),男,326,74,0,1,1,1,21,0,0,19,1,19,0,0,0,...,11
106,私立,一般大學,1016,銘傳大學,碩士在職專班,男,359,53,0,0,0,0,35,0,1,0,0,11,0,0,0,...,6
106,私立,一般大學,1016,銘傳大學,博士班,男,29,12,1,0,0,0,6,0,1,0,0,2,0,0,0,...,2
106,私立,一般大學,1016,銘傳大學,學士班(日間),女,10601,336,34,8,23,87,43,1,1,0,58,0,0,0,0,...,81
106,私立,一般大學,1016,銘傳大學,碩士班(日間),女,404,80,2,4,0,2,19,1,6,0,6,22,0,0,0,...,18
106,私立,一般大學,1016,銘傳大學,碩士在職專班,女,450,55,2,0,0,0,24,4,8,0,1,9,0,0,0,...,7
106,私立,一般大學,1016,銘傳大學,博士班,女,40,10,3,0,0,0,3,0,0,0,0,3,0,0,0,...,1
106,私立,一般大學,1017,實踐大學,學士班(日間),男,3967,170,8,8,20,41,27,0,0,14,15,0,2,2,0,...,33
106,私立,一般大學,1017,實踐大學,學士班(進修),男,680,79,3,2,4,11,48,0,2,5,1,0,0,0,0,...,3
106,私立,一般大學,1017,實踐大學,碩士班(日間),男,162,42,1,1,2,1,11,0,1,7,2,9,0,2,0,...,5
106,私立,一般大學,1017,實踐大學,碩士在職專班,男,74,21,0,0,0,0,16,0,4,0,0,1,0,0,0,...,0
106,私立,一般大學,1017,實踐大學,博士班,男,11,2,0,0,0,0,0,0,0,0,0,0,0,0,0,...,2
106,私立,一般大學,1017,實踐大學,學士班(日間),女,7816,297,38,15,23,98,16,4,3,0,23,0,12,7,1,...,57
106,私立,一般大學,1017,實踐大學,學士班(進修),女,1576,128,9,2,7,29,64,5,7,0,4,0,0,0,0,...,1
106,私立,一般大學,1017,實踐大學,碩士班(日間),女,189,45,6,2,1,1,16,0,1,0,4,10,1,2,1,...,0
106,私立,一般大學,1017,實踐大學,碩士在職專班,女,91,17,0,0,1,0,12,1,3,0,0,0,0,0,0,...,0
106,私立,一般大學,1017,實踐大學,博士班,女,13,0,0,0,0,0,0,0,0,0,0,0,0,0,0,...,0
106,私立,技專校院,1018,朝陽科技大學,學士班(日間),男,4780,206,7,9,29,57,31,0,1,30,6,0,4,0,1,...,31
106,私立,技專校院,1018,朝陽科技大學,學士班(進修),男,1599,158,4,11,3,32,47,0,1,32,1,0,0,0,0,...,27
106,私立,技專校院,1018,朝陽科技大學,碩士班(日間),男,384,57,3,3,7,5,17,0,2,9,2,0,1,0,0,...,8
106,私立,技專校院,1018,朝陽科技大學,碩士在職專班,男,235,32,3,3,2,0,19,0,2,0,0,0,0,0,0,...,3
106,私立,技專校院,1018,朝陽科技大學,博士班,男,72,13,2,0,2,0,8,0,0,0,0,0,0,0,0,...,1
106,私立,技專校院,1018,朝陽科技大學,學士班(日間),女,6668,186,17,11,14,52,26,5,3,0,8,0,6,0,0,...,44
106,私立,技專校院,1018,朝陽科技大學,學士班(進修),女,1539,140,11,15,3,24,38,4,16,0,7,0,1,0,0,...,21
106,私立,技專校院,1018,朝陽科技大學,碩士班(日間),女,290,76,4,6,6,1,37,3,9,0,0,0,0,0,0,...,10
106,私立,技專校院,1018,朝陽科技大學,碩士在職專班,女,207,53,5,1,5,1,26,1,7,0,0,1,0,0,0,...,6
106,私立,技專校院,1018,朝陽科技大學,博士班,女,18,3,1,0,0,0,2,0,0,0,0,0,0,0,0,...,0
106,私立,一般大學,1019,高雄醫學大學,學士班(日間),男,2536,107,3,3,1,65,3,0,0,1,9,0,0,0,0,...,22
106,私立,一般大學,1019,高雄醫學大學,學士班(進修),男,1,0,0,0,0,0,0,0,0,0,0,0,0,0,0,...,0
106,私立,一般大學,1019,高雄醫學大學,碩士班(日間),男,236,43,0,2,0,0,15,0,0,2,1,1,0,0,0,...,22
106,私立,一般大學,1019,高雄醫學大學,碩士在職專班,男,86,27,0,0,0,0,22,0,1,0,0,0,0,0,0,...,4
106,私立,一般大學,1019,高雄醫學大學,博士班,男,174,47,1,0,0,0,8,0,4,0,0,5,0,1,0,...,28
106,私立,一般大學,1019,高雄醫學大學,學士班(日間),女,3069,117,2,2,4,68,0,2,0,0,14,0,0,0,0,...,25
106,私立,一般大學,1019,高雄醫學大學,學士班(進修),女,44,3,0,0,0,0,3,0,0,0,0,0,0,0,0,...,0
106,私立,一般大學,1019,高雄醫學大學,碩士班(日間),女,442,90,0,1,0,5,31,2,3,0,2,0,0,0,0,...,46
106,私立,一般大學,1019,高雄醫學大學,碩士在職專班,女,144,32,0,1,0,1,13,4,3,0,0,0,0,1,0,...,9
106,私立,一般大學,1019,高雄醫學大學,博士班,女,149,40,1,0,0,0,12,1,0,0,4,3,0,0,0,...,19
106,私立,一般大學,1020,南華大學,學士班(日間),男,2028,211,17,17,4,93,15,0,0,21,3,0,0,2,11,...,28
106,私立,一般大學,1020,南華大學,學士班(進修),男,198,27,2,3,0,6,11,0,0,4,0,0,0,1,0,...,0
106,私立,一般大學,1020,南華大學,碩士班(日間),男,254,70,4,10,0,6,23,0,0,5,1,12,0,3,1,...,5
106,私立,一般大學,1020,南華大學,碩士在職專班,男,144,27,0,1,0,5,14,0,3,1,0,1,0,1,0,...,1
106,私立,一般大學,1020,南華大學,博士班,男,20,11,1,2,0,0,6,0,0,1,0,0,0,0,0,...,1
106,私立,一般大學,1020,南華大學,學士班(日間),女,2256,160,23,12,8,62,10,2,1,0,5,0,0,3,4,...,30
106,私立,一般大學,1020,南華大學,學士班(進修),女,138,9,0,2,2,4,0,0,0,0,0,0,0,1,0,...,0
106,私立,一般大學,1020,南華大學,碩士班(日間),女,338,82,8,11,2,5,29,7,0,0,4,9,0,5,0,...,2
106,私立,一般大學,1020,南華大學,碩士在職專班,女,212,39,4,2,1,2,15,2,2,0,1,6,0,1,1,...,2
106,私立,一般大學,1020,南華大學,博士班,女,12,3,0,2,0,0,0,0,0,0,0,0,0,0,0,...,1
106,私立,一般大學,1021,真理大學,學士班(日間),男,3060,120,1,64,2,16,8,0,0,27,2,0,0,0,0,...,0
106,私立,一般大學,1021,真理大學,學士班(進修),男,163,13,1,5,1,0,1,0,0,3,0,0,0,1,1,...,0
106,私立,一般大學,1021,真理大學,碩士班(日間),男,87,12,0,6,0,0,2,0,0,2,0,0,0,0,0,...,2
106,私立,一般大學,1021,真理大學,碩士在職專班,男,10,4,0,3,0,0,1,0,0,0,0,0,0,0,0,...,0
106,私立,一般大學,1021,真理大學,學士班(日間),女,3261,88,9,53,1,19,2,0,0,0,4,0,0,0,0,...,0
106,私立,一般大學,1021,真理大學,學士班(進修),女,117,6,0,6,0,0,0,0,0,0,0,0,0,0,0,...,0
106,私立,一般大學,1021,真理大學,碩士班(日間),女,65,13,2,7,0,0,1,1,0,0,0,2,0,0,0,...,0
106,私立,一般大學,1021,真理大學,碩士在職專班,女,10,2,0,1,0,0,1,0,0,0,0,0,0,0,0,...,0
106,私立,一般大學,1022,大同大學,學士班(日間),男,2345,123,16,6,17,51,15,0,0,7,2,0,0,0,1,...,8
106,私立,一般大學,1022,大同大學,碩士班(日間),男,242,30,2,4,2,7,7,0,0,4,0,1,0,0,0,...,3
106,私立,一般大學,1022,大同大學,碩士在職專班,男,221,71,3,1,1,1,59,0,4,0,0,1,0,0,0,...,1
106,私立,一般大學,1022,大同大學,博士班,男,64,28,2,3,0,0,17,0,1,0,0,0,0,0,0,...,5
106,私立,一般大學,1022,大同大學,學士班(日間),女,1399,37,6,1,1,20,3,0,0,0,1,0,1,0,0,...,4
106,私立,一般大學,1022,大同大學,碩士班(日間),女,120,7,1,1,0,2,3,0,0,0,0,0,0,0,0,...,0
106,私立,一般大學,1022,大同大學,碩士在職專班,女,66,20,0,0,0,0,12,2,2,0,0,0,0,0,0,...,4
106,私立,一般大學,1022,大同大學,博士班,女,40,13,3,1,0,0,7,0,1,0,0,1,0,0,0,...,0
106,私立,技專校院,1023,南臺學校財團法人南臺科技大學,學士班(日間),男,7307,305,16,37,5,61,77,0,0,70,15,0,7,0,8,...,9
106,私立,技專校院,1023,南臺學校財團法人南臺科技大學,學士班(進修),男,2537,311,12,41,2,5,151,0,0,90,3,0,2,0,4,...,1
106,私立,技專校院,1023,南臺學校財團法人南臺科技大學,碩士班(日間),男,502,80,3,11,0,3,22,0,0,19,1,6,0,1,0,...,14
106,私立,技專校院,1023,南臺學校財團法人南臺科技大學,碩士在職專班,男,216,62,2,6,0,0,46,0,0,1,2,2,0,0,1,...,2
106,私立,技專校院,1023,南臺學校財團法人南臺科技大學,博士班,男,72,12,0,3,0,0,4,0,0,2,0,1,0,0,0,...,2
106,私立,技專校院,1023,南臺學校財團法人南臺科技大學,學士班(日間),女,5887,163,16,30,3,33,55,1,2,1,8,0,5,1,2,...,6
106,私立,技專校院,1023,南臺學校財團法人南臺科技大學,學士班(進修),女,1765,205,11,53,1,6,115,2,4,1,8,0,0,0,4,...,0
106,私立,技專校院,1023,南臺學校財團法人南臺科技大學,碩士班(日間),女,369,60,1,12,0,0,19,1,4,0,0,5,1,1,3,...,13
106,私立,技專校院,1023,南臺學校財團法人南臺科技大學,碩士在職專班,女,187,28,4,2,0,0,19,0,1,0,0,1,0,0,0,...,1
106,私立,技專校院,1023,南臺學校財團法人南臺科技大學,博士班,女,13,2,0,2,0,0,0,0,0,0,0,0,0,0,0,...,0
106,私立,技專校院,1024,崑山科技大學,學士班(日間),男,4756,550,12,26,141,68,103,0,0,164,7,0,1,0,0,...,28
106,私立,技專校院,1024,崑山科技大學,學士班(進修),男,2303,479,5,22,0,24,70,0,0,45,1,0,0,0,0,...,312
106,私立,技專校院,1024,崑山科技大學,碩士班(日間),男,287,72,4,4,17,4,30,0,0,7,1,3,0,0,0,...,2
106,私立,技專校院,1024,崑山科技大學,碩士在職專班,男,133,23,0,2,0,0,7,0,0,0,0,0,0,0,0,...,14
106,私立,技專校院,1024,崑山科技大學,博士班,男,25,7,0,0,2,1,4,0,0,0,0,0,0,0,0,...,0
106,私立,技專校院,1024,崑山科技大學,學士班(日間),女,3286,198,8,16,61,50,37,1,0,0,7,0,7,0,0,...,11
106,私立,技專校院,1024,崑山科技大學,學士班(進修),女,1195,194,3,14,0,11,21,2,0,0,2,0,0,0,0,...,141
106,私立,技專校院,1024,崑山科技大學,碩士班(日間),女,137,20,0,3,3,0,11,0,0,0,0,3,0,0,0,...,0
106,私立,技專校院,1024,崑山科技大學,碩士在職專班,女,43,11,0,1,0,0,4,0,0,0,0,0,0,0,0,...,6
106,私立,技專校院,1024,崑山科技大學,博士班,女,9,0,0,0,0,0,0,0,0,0,0,0,0,0,0,...,0
106,私立,技專校院,1025,嘉藥學校財團法人嘉南藥理大學,學士班(日間),男,5072,432,7,14,0,6,10,0,0,18,3,0,0,0,0,...,374
106,私立,技專校院,1025,嘉藥學校財團法人嘉南藥理大學,學士班(進修),男,1376,477,6,4,0,2,32,0,0,45,0,0,0,0,0,...,388
106,私立,技專校院,1025,嘉藥學校財團法人嘉南藥理大學,碩士班(日間),男,115,49,0,0,0,0,3,0,0,0,0,0,0,0,0,...,46
106,私立,技專校院,1025,嘉藥學校財團法人嘉南藥理大學,碩士在職專班,男,121,39,2,0,0,0,10,0,0,0,0,0,0,0,0,...,27
106,私立,技專校院,1025,嘉藥學校財團法人嘉南藥理大學,學士班(日間),女,7188,321,15,20,1,11,4,0,0,0,5,0,0,0,0,...,265
106,私立,技專校院,1025,嘉藥學校財團法人嘉南藥理大學,學士班(進修),女,1585,312,5,16,0,2,35,1,0,0,0,0,0,0,0,...,253
106,私立,技專校院,1025,嘉藥學校財團法人嘉南藥理大學,碩士班(日間),女,122,31,1,0,0,0,3,0,0,0,0,0,0,0,0,...,27
106,私立,技專校院,1025,嘉藥學校財團法人嘉南藥理大學,碩士在職專班,女,123,39,2,0,0,1,4,2,0,0,0,0,0,0,0,...,30
106,私立,技專校院,1026,樹德科技大學,學士班(日間),男,3413,146,10,25,26,16,25,0,1,23,4,0,0,1,0,...,15
106,私立,技專校院,1026,樹德科技大學,學士班(進修),男,946,61,2,7,9,4,19,0,0,10,1,0,0,1,0,...,8
106,私立,技專校院,1026,樹德科技大學,碩士班(日間),男,158,15,0,1,0,1,6,0,1,3,1,1,0,0,0,...,1
106,私立,技專校院,1026,樹德科技大學,碩士在職專班,男,221,19,0,1,4,0,12,0,1,0,0,1,0,0,0,...,0
106,私立,技專校院,1026,樹德科技大學,博士班,男,9,6,0,1,1,0,3,0,0,0,0,0,0,0,0,...,1
106,私立,技專校院,1026,樹德科技大學,學士班(日間),女,4568,105,7,32,8,21,18,3,1,2,5,0,1,1,0,...,6
106,私立,技專校院,1026,樹德科技大學,學士班(進修),女,1011,32,3,8,0,4,15,1,0,0,1,0,0,0,0,...,0
106,私立,技專校院,1026,樹德科技大學,碩士班(日間),女,137,22,1,4,5,0,8,1,2,0,0,1,0,0,0,...,0
106,私立,技專校院,1026,樹德科技大學,碩士在職專班,女,218,20,0,2,1,0,11,0,4,0,0,1,0,0,0,...,1
106,私立,技專校院,1026,樹德科技大學,博士班,女,18,3,0,0,0,0,2,0,1,0,0,0,0,0,0,...,0
106,私立,一般大學,1027,慈濟學校財團法人慈濟大學,學士班(日間),男,1136,52,3,3,5,9,3,0,0,4,2,0,0,0,0,...,23
106,私立,一般大學,1027,慈濟學校財團法人慈濟大學,碩士班(日間),男,124,23,1,0,1,2,8,0,2,0,0,2,0,1,0,...,6
106,私立,一般大學,1027,慈濟學校財團法人慈濟大學,碩士在職專班,男,6,1,0,0,0,0,0,0,1,0,0,0,0,0,0,...,0
106,私立,一般大學,1027,慈濟學校財團法人慈濟大學,博士班,男,59,14,0,0,0,0,0,0,3,0,0,4,0,0,0,...,7
106,私立,一般大學,1027,慈濟學校財團法人慈濟大學,學士班(日間),女,1827,63,4,4,0,13,0,2,0,0,2,0,3,0,0,...,35
106,私立,一般大學,1027,慈濟學校財團法人慈濟大學,碩士班(日間),女,226,44,1,3,4,0,12,1,5,0,0,8,0,0,0,...,10
106,私立,一般大學,1027,慈濟學校財團法人慈濟大學,碩士在職專班,女,31,4,0,0,0,0,4,0,0,0,0,0,0,0,0,...,0
106,私立,一般大學,1027,慈濟學校財團法人慈濟大學,博士班,女,51,16,1,0,0,0,5,0,4,0,0,0,0,0,0,...,6
106,私立,一般大學,1028,臺北醫學大學,學士班(日間),男,2038,117,2,1,1,95,3,0,0,1,1,0,1,0,0,...,12
106,私立,一般大學,1028,臺北醫學大學,碩士班(日間),男,225,35,1,0,0,9,10,0,2,2,0,2,0,0,0,...,9
106,私立,一般大學,1028,臺北醫學大學,碩士在職專班,男,63,21,2,0,0,4,12,0,2,0,0,0,0,0,0,...,1
106,私立,一般大學,1028,臺北醫學大學,博士班,男,260,48,3,0,0,2,11,0,3,1,3,18,0,0,0,...,7
106,私立,一般大學,1028,臺北醫學大學,學士班(日間),女,2741,139,3,2,0,113,4,0,2,0,3,0,0,0,0,...,12
106,私立,一般大學,1028,臺北醫學大學,學士班(進修),女,1,1,0,0,0,0,0,0,1,0,0,0,0,0,0,...,0
106,私立,一般大學,1028,臺北醫學大學,碩士班(日間),女,395,74,1,2,0,19,17,0,9,0,1,3,0,0,0,...,22
106,私立,一般大學,1028,臺北醫學大學,碩士在職專班,女,196,53,2,0,0,0,29,2,13,0,0,4,0,0,0,...,3
106,私立,一般大學,1028,臺北醫學大學,博士班,女,193,33,2,0,0,2,11,0,9,0,0,5,0,0,0,...,4
106,私立,一般大學,1029,中山醫學大學,學士班(日間),男,2519,103,1,1,26,55,1,0,0,3,5,0,0,1,1,...,9
106,私立,一般大學,1029,中山醫學大學,學士班(進修),男,66,3,0,1,0,0,2,0,0,0,0,0,0,0,0,...,0
106,私立,一般大學,1029,中山醫學大學,碩士班(日間),男,157,28,2,0,1,0,7,0,0,1,0,4,1,1,0,...,11
106,私立,一般大學,1029,中山醫學大學,碩士在職專班,男,39,5,0,0,0,0,4,0,0,0,0,0,0,0,0,...,1
106,私立,一般大學,1029,中山醫學大學,博士班,男,142,24,4,0,0,0,6,0,1,0,0,7,0,0,0,...,6
106,私立,一般大學,1029,中山醫學大學,學士班(日間),女,3746,162,8,0,38,84,1,1,0,0,14,0,1,1,0,...,14
106,私立,一般大學,1029,中山醫學大學,學士班(進修),女,93,7,0,0,1,1,1,0,1,0,0,0,0,0,0,...,3
106,私立,一般大學,1029,中山醫學大學,碩士班(日間),女,295,46,1,3,4,2,13,1,3,0,0,7,2,1,0,...,9
106,私立,一般大學,1029,中山醫學大學,碩士在職專班,女,109,13,0,0,0,0,10,0,1,0,0,0,0,0,0,...,2
106,私立,一般大學,1029,中山醫學大學,博士班,女,71,11,3,0,1,0,4,0,0,0,0,3,0,0,0,...,0
106,私立,技專校院,1030,龍華科技大學,二專(日間),男,0,1,0,0,0,0,0,0,0,0,1,0,0,0,0,...,0
106,私立,技專校院,1030,龍華科技大學,五專,男,87,3,0,1,0,2,0,0,0,0,0,0,0,0,0,...,0
106,私立,技專校院,1030,龍華科技大學,學士班(日間),男,4178,258,10,19,47,62,55,0,0,55,2,0,0,1,0,...,7
106,私立,技專校院,1030,龍華科技大學,學士班(進修),男,2847,191,3,17,19,23,93,0,0,27,1,0,0,3,0,...,5
106,私立,技專校院,1030,龍華科技大學,碩士班(日間),男,222,40,0,0,1,2,17,0,0,11,1,8,0,0,0,...,0
106,私立,技專校院,1030,龍華科技大學,碩士在職專班,男,152,4,0,0,0,0,4,0,0,0,0,0,0,0,0,...,0
106,私立,技專校院,1030,龍華科技大學,二專(日間),女,1,0,0,0,0,0,0,0,0,0,0,0,0,0,0,...,0
106,私立,技專校院,1030,龍華科技大學,五專,女,21,0,0,0,0,0,0,0,0,0,0,0,0,0,0,...,0
106,私立,技專校院,1030,龍華科技大學,學士班(日間),女,2319,121,5,13,13,49,30,1,0,0,3,0,2,0,0,...,5
106,私立,技專校院,1030,龍華科技大學,學士班(進修),女,1112,70,6,9,1,4,37,6,0,0,2,0,0,0,0,...,5
106,私立,技專校院,1030,龍華科技大學,碩士班(日間),女,87,14,1,1,0,3,6,1,0,0,0,2,0,0,0,...,0
106,私立,技專校院,1030,龍華科技大學,碩士在職專班,女,60,1,0,0,0,1,0,0,0,0,0,0,0,0,0,...,0
106,私立,技專校院,1031,輔英科技大學,五專,男,270,15,0,1,2,10,1,0,0,0,1,0,0,0,0,...,0
106,私立,技專校院,1031,輔英科技大學,學士班(日間),男,1770,127,2,16,14,28,23,0,0,25,2,0,0,0,4,...,13
106,私立,技專校院,1031,輔英科技大學,學士班(進修),男,460,75,1,8,0,5,46,0,1,7,0,0,0,0,1,...,6
106,私立,技專校院,1031,輔英科技大學,碩士班(日間),男,47,12,1,1,0,1,4,0,0,4,0,0,0,0,0,...,1
106,私立,技專校院,1031,輔英科技大學,碩士在職專班,男,2,1,0,0,0,0,0,0,0,0,0,0,0,0,0,...,1
106,私立,技專校院,1031,輔英科技大學,五專,女,2432,40,2,4,8,15,1,0,3,0,2,0,0,0,0,...,5
106,私立,技專校院,1031,輔英科技大學,學士班(日間),女,3524,214,19,27,10,57,38,6,13,0,7,0,2,1,8,...,26
106,私立,技專校院,1031,輔英科技大學,學士班(進修),女,673,109,0,8,0,6,71,6,1,0,0,0,1,2,4,...,10
106,私立,技專校院,1031,輔英科技大學,碩士班(日間),女,81,13,1,2,2,0,4,1,1,0,0,1,0,0,0,...,1
106,私立,技專校院,1031,輔英科技大學,碩士在職專班,女,47,8,2,0,0,0,4,0,0,0,0,0,0,0,0,...,2
106,私立,技專校院,1032,明新學校財團法人明新科技大學,二專(進修),男,17,0,0,0,0,0,0,0,0,0,0,0,0,0,0,...,0
106,私立,技專校院,1032,明新學校財團法人明新科技大學,學士班(日間),男,4996,312,9,13,86,76,19,0,0,63,5,0,9,1,0,...,31
106,私立,技專校院,1032,明新學校財團法人明新科技大學,學士班(進修),男,2101,258,8,14,4,9,125,0,1,53,1,0,0,0,0,...,43
106,私立,技專校院,1032,明新學校財團法人明新科技大學,碩士班(日間),男,212,43,0,1,8,0,10,0,0,16,0,0,0,0,0,...,8
106,私立,技專校院,1032,明新學校財團法人明新科技大學,碩士在職專班,男,224,38,0,0,2,0,24,0,0,0,0,0,0,0,0,...,12
106,私立,技專校院,1032,明新學校財團法人明新科技大學,二專(進修),女,11,1,0,0,0,0,1,0,0,0,0,0,0,0,0,...,0
106,私立,技專校院,1032,明新學校財團法人明新科技大學,學士班(日間),女,3205,140,3,13,20,47,10,7,1,1,9,0,0,1,1,...,27
106,私立,技專校院,1032,明新學校財團法人明新科技大學,學士班(進修),女,1404,140,13,16,2,3,91,3,0,1,1,0,0,0,0,...,10
106,私立,技專校院,1032,明新學校財團法人明新科技大學,碩士班(日間),女,98,21,1,1,4,0,10,1,0,0,1,1,0,0,0,...,2
106,私立,技專校院,1032,明新學校財團法人明新科技大學,碩士在職專班,女,51,14,2,0,1,0,8,1,0,0,0,0,0,0,0,...,2
106,私立,一般大學,1033,長榮大學,學士班(日間),男,3935,532,27,106,0,136,81,0,0,60,5,0,23,1,0,...,93
106,私立,一般大學,1033,長榮大學,學士班(進修),男,298,72,6,11,0,13,28,0,0,6,0,0,0,0,0,...,8
106,私立,一般大學,1033,長榮大學,碩士班(日間),男,165,102,2,18,0,5,19,0,3,9,0,21,0,0,0,...,25
106,私立,一般大學,1033,長榮大學,碩士在職專班,男,61,29,2,3,0,0,17,0,0,0,0,0,0,0,0,...,7
106,私立,一般大學,1033,長榮大學,博士班,男,25,22,2,3,0,3,13,0,0,0,0,1,0,0,0,...,0
106,私立,一般大學,1033,長榮大學,學士班(日間),女,4670,252,13,59,0,107,27,7,5,0,2,0,3,0,0,...,29
106,私立,一般大學,1033,長榮大學,學士班(進修),女,207,25,1,8,0,6,7,0,0,0,0,0,1,0,0,...,2
106,私立,一般大學,1033,長榮大學,碩士班(日間),女,242,133,9,25,0,7,49,8,10,0,0,11,1,0,0,...,13
106,私立,一般大學,1033,長榮大學,碩士在職專班,女,64,34,0,6,0,1,17,0,2,1,0,3,0,0,0,...,4
106,私立,一般大學,1033,長榮大學,博士班,女,13,14,0,0,0,1,5,2,3,0,0,2,0,0,0,...,1
106,私立,技專校院,1034,弘光科技大學,二專(進修),男,15,2,0,0,0,0,2,0,0,0,0,0,0,0,0,...,0
106,私立,技專校院,1034,弘光科技大學,五專,男,18,0,0,0,0,0,0,0,0,0,0,0,0,0,0,...,0
106,私立,技專校院,1034,弘光科技大學,學士班(日間),男,2776,199,15,16,12,38,41,0,0,38,1,0,2,0,3,...,33
106,私立,技專校院,1034,弘光科技大學,學士班(進修),男,1482,224,10,14,4,29,90,0,1,45,0,0,0,0,1,...,30
106,私立,技專校院,1034,弘光科技大學,碩士班(日間),男,55,18,0,4,0,3,4,0,0,3,0,0,0,0,1,...,3
106,私立,技專校院,1034,弘光科技大學,碩士在職專班,男,29,13,0,0,0,0,6,0,0,4,1,0,0,0,1,...,1
106,私立,技專校院,1034,弘光科技大學,博士班,男,1,0,0,0,0,0,0,0,0,0,0,0,0,0,0,...,0
106,私立,技專校院,1034,弘光科技大學,二專(進修),女,95,9,0,3,0,1,5,0,0,0,0,0,0,0,0,...,0
106,私立,技專校院,1034,弘光科技大學,五專,女,246,1,0,0,0,0,0,0,0,0,0,0,0,0,0,...,1
106,私立,技專校院,1034,弘光科技大學,學士班(日間),女,5339,216,20,25,8,67,41,6,6,0,4,0,2,1,3,...,33
106,私立,技專校院,1034,弘光科技大學,學士班(進修),女,2689,284,24,31,8,29,131,14,7,0,1,0,1,1,2,...,35
106,私立,技專校院,1034,弘光科技大學,碩士班(日間),女,136,38,1,0,0,3,18,1,2,0,0,6,0,0,0,...,7
106,私立,技專校院,1034,弘光科技大學,碩士在職專班,女,72,33,4,1,0,0,10,5,7,0,0,3,0,0,0,...,3
106,私立,技專校院,1034,弘光科技大學,博士班,女,6,0,0,0,0,0,0,0,0,0,0,0,0,0,0,...,0
106,私立,一般大學,1035,中國醫藥大學,學士班(日間),男,2901,127,7,1,1,37,2,0,2,4,7,0,1,4,2,...,59
106,私立,一般大學,1035,中國醫藥大學,學士班(進修),男,11,0,0,0,0,0,0,0,0,0,0,0,0,0,0,...,0
106,私立,一般大學,1035,中國醫藥大學,碩士班(日間),男,214,38,2,1,0,4,7,0,3,3,2,2,0,2,1,...,11
106,私立,一般大學,1035,中國醫藥大學,碩士在職專班,男,29,11,0,0,0,0,7,0,0,0,0,0,0,1,0,...,3
106,私立,一般大學,1035,中國醫藥大學,博士班,男,228,65,1,2,2,1,17,0,3,1,3,1,0,6,1,...,27
106,私立,一般大學,1035,中國醫藥大學,學士班(日間),女,3494,130,7,3,3,38,3,1,1,0,15,0,0,10,1,...,48
106,私立,一般大學,1035,中國醫藥大學,學士班(進修),女,55,5,0,0,0,1,1,0,0,0,0,0,0,0,0,...,3
106,私立,一般大學,1035,中國醫藥大學,碩士班(日間),女,346,83,2,4,1,2,19,2,7,0,2,1,0,8,0,...,35
106,私立,一般大學,1035,中國醫藥大學,碩士在職專班,女,45,7,0,0,0,0,1,0,1,0,0,0,0,3,0,...,2
106,私立,一般大學,1035,中國醫藥大學,博士班,女,145,37,1,0,0,0,9,2,5,0,0,0,0,5,0,...,15
106,私立,技專校院,1036,健行學校財團法人健行科技大學,二專(日間),男,1,0,0,0,0,0,0,0,0,0,0,0,0,0,0,...,0
106,私立,技專校院,1036,健行學校財團法人健行科技大學,五專,男,25,0,0,0,0,0,0,0,0,0,0,0,0,0,0,...,0
106,私立,技專校院,1036,健行學校財團法人健行科技大學,學士班(日間),男,4519,233,9,12,3,47,56,0,0,76,0,0,0,0,0,...,30
106,私立,技專校院,1036,健行學校財團法人健行科技大學,學士班(進修),男,2181,282,13,13,6,31,142,0,1,44,0,0,2,19,0,...,11
106,私立,技專校院,1036,健行學校財團法人健行科技大學,碩士班(日間),男,199,23,1,3,1,2,10,0,0,5,0,0,0,0,0,...,1
106,私立,技專校院,1036,健行學校財團法人健行科技大學,碩士在職專班,男,32,6,0,1,0,0,5,0,0,0,0,0,0,0,0,...,0
106,私立,技專校院,1036,健行學校財團法人健行科技大學,五專,女,1,0,0,0,0,0,0,0,0,0,0,0,0,0,0,...,0
106,私立,技專校院,1036,健行學校財團法人健行科技大學,學士班(日間),女,2479,67,5,10,4,26,10,2,1,0,0,0,0,0,0,...,9
106,私立,技專校院,1036,健行學校財團法人健行科技大學,學士班(進修),女,1238,136,9,10,1,12,65,6,8,1,1,0,2,13,0,...,8
106,私立,技專校院,1036,健行學校財團法人健行科技大學,碩士班(日間),女,80,5,0,0,0,0,3,0,1,0,1,0,0,0,0,...,0
106,私立,技專校院,1036,健行學校財團法人健行科技大學,碩士在職專班,女,10,3,0,0,0,0,1,0,0,0,0,0,0,0,0,...,2
106,私立,技專校院,1037,正修學校財團法人正修科技大學,二專(進修),男,176,2,0,0,0,1,0,0,0,0,0,0,1,0,0,...,0
106,私立,技專校院,1037,正修學校財團法人正修科技大學,學士班(日間),男,5281,368,29,40,76,64,65,0,0,37,12,0,21,12,4,...,8
106,私立,技專校院,1037,正修學校財團法人正修科技大學,學士班(進修),男,4085,505,16,8,37,19,211,0,0,18,0,0,0,0,0,...,196
106,私立,技專校院,1037,正修學校財團法人正修科技大學,碩士班(日間),男,229,47,3,8,1,1,16,0,0,7,0,0,0,6,1,...,4
106,私立,技專校院,1037,正修學校財團法人正修科技大學,碩士在職專班,男,108,14,0,0,0,0,14,0,0,0,0,0,0,0,0,...,0
106,私立,技專校院,1037,正修學校財團法人正修科技大學,博士班,男,12,2,0,0,0,0,1,0,0,0,0,0,0,1,0,...,0
106,私立,技專校院,1037,正修學校財團法人正修科技大學,二專(進修),女,49,4,0,0,0,3,0,0,0,0,0,0,1,0,0,...,0
106,私立,技專校院,1037,正修學校財團法人正修科技大學,學士班(日間),女,3942,186,31,41,19,25,40,0,3,0,4,0,11,7,2,...,3
106,私立,技專校院,1037,正修學校財團法人正修科技大學,學士班(進修),女,2801,301,18,7,10,23,155,7,0,0,0,0,0,0,0,...,81
106,私立,技專校院,1037,正修學校財團法人正修科技大學,碩士班(日間),女,156,20,4,0,0,1,9,1,2,0,1,1,0,0,0,...,1
106,私立,技專校院,1037,正修學校財團法人正修科技大學,碩士在職專班,女,64,11,2,0,0,0,6,0,0,1,2,0,0,0,0,...,0
106,私立,技專校院,1038,萬能學校財團法人萬能科技大學,學士班(日間),男,3218,226,10,61,12,52,7,0,0,35,1,0,0,0,0,...,48
106,私立,技專校院,1038,萬能學校財團法人萬能科技大學,學士班(進修),男,2243,351,12,35,2,33,138,0,0,14,0,0,1,1,0,...,115
106,私立,技專校院,1038,萬能學校財團法人萬能科技大學,碩士班(日間),男,80,17,0,1,1,4,1,0,0,1,1,8,0,0,0,...,0
106,私立,技專校院,1038,萬能學校財團法人萬能科技大學,碩士在職專班,男,63,12,0,0,0,0,9,0,0,1,0,0,0,0,0,...,2
106,私立,技專校院,1038,萬能學校財團法人萬能科技大學,學士班(日間),女,2918,164,8,73,9,29,4,1,0,0,3,0,0,0,0,...,37
106,私立,技專校院,1038,萬能學校財團法人萬能科技大學,學士班(進修),女,1844,186,15,32,0,3,105,7,0,0,0,0,2,0,0,...,22
106,私立,技專校院,1038,萬能學校財團法人萬能科技大學,碩士班(日間),女,60,13,1,4,0,1,1,0,0,0,0,6,0,0,0,...,0
106,私立,技專校院,1038,萬能學校財團法人萬能科技大學,碩士在職專班,女,46,5,0,0,0,0,2,0,0,0,0,0,0,0,0,...,3
106,私立,一般大學,1039,玄奘大學,學士班(日間),男,1473,133,6,14,13,15,16,0,0,11,0,0,0,0,0,...,58
106,私立,一般大學,1039,玄奘大學,學士班(進修),男,223,74,1,1,0,2,9,0,0,9,0,0,0,0,0,...,52
106,私立,一般大學,1039,玄奘大學,碩士班(日間),男,141,36,0,3,0,0,11,0,0,5,0,8,0,0,0,...,9
106,私立,一般大學,1039,玄奘大學,碩士在職專班,男,66,18,1,0,0,0,9,0,0,0,0,4,0,0,0,...,4
106,私立,一般大學,1039,玄奘大學,博士班,男,5,2,0,0,0,0,0,0,0,0,0,2,0,0,0,...,0
106,私立,一般大學,1039,玄奘大學,學士班(日間),女,1916,136,4,19,6,7,12,2,0,0,0,0,0,0,0,...,86
106,私立,一般大學,1039,玄奘大學,學士班(進修),女,268,32,3,6,0,0,6,2,0,0,0,0,0,0,0,...,15
106,私立,一般大學,1039,玄奘大學,碩士班(日間),女,164,46,2,1,2,0,10,0,0,0,0,18,0,0,0,...,13
106,私立,一般大學,1039,玄奘大學,碩士在職專班,女,109,29,3,0,0,0,6,2,0,0,0,8,0,0,0,...,10
106,私立,一般大學,1039,玄奘大學,博士班,女,2,1,0,0,0,0,0,0,0,0,0,1,0,0,0,...,0
106,私立,技專校院,1040,建國科技大學,學士班(日間),男,3548,176,7,8,7,37,50,0,0,42,2,0,0,0,0,...,23
106,私立,技專校院,1040,建國科技大學,學士班(進修),男,1514,61,1,3,2,14,23,0,0,12,0,0,1,0,0,...,5
106,私立,技專校院,1040,建國科技大學,碩士班(日間),男,90,10,0,1,0,0,4,0,0,3,0,0,1,0,0,...,1
106,私立,技專校院,1040,建國科技大學,學士班(日間),女,2031,83,8,21,4,21,14,2,0,0,0,0,0,0,0,...,13
106,私立,技專校院,1040,建國科技大學,學士班(進修),女,580,15,2,2,0,4,6,1,0,0,0,0,0,0,0,...,0
106,私立,技專校院,1040,建國科技大學,碩士班(日間),女,76,4,0,0,0,0,1,0,0,0,0,0,0,0,0,...,3
106,私立,技專校院,1041,明志科技大學,五專,男,0,1,0,0,0,1,0,0,0,0,0,0,0,0,0,...,0
106,私立,技專校院,1041,明志科技大學,學士班(日間),男,2552,53,6,2,0,22,1,0,0,10,0,0,0,0,0,...,12
106,私立,技專校院,1041,明志科技大學,學士班(進修),男,363,24,5,3,0,8,6,0,0,1,0,0,0,0,0,...,1
106,私立,技專校院,1041,明志科技大學,碩士班(日間),男,319,33,2,5,0,1,8,0,0,7,0,3,0,0,0,...,7
106,私立,技專校院,1041,明志科技大學,碩士在職專班,男,29,13,0,1,0,0,12,0,0,0,0,0,0,0,0,...,0
106,私立,技專校院,1041,明志科技大學,博士班,男,4,0,0,0,0,0,0,0,0,0,0,0,0,0,0,...,0
106,私立,技專校院,1041,明志科技大學,學士班(日間),女,1052,17,1,0,0,6,3,0,0,0,0,0,0,0,0,...,7
106,私立,技專校院,1041,明志科技大學,學士班(進修),女,126,6,1,1,0,1,1,0,0,0,0,0,0,0,0,...,2
106,私立,技專校院,1041,明志科技大學,碩士班(日間),女,113,12,0,3,0,0,3,1,0,0,0,0,0,0,0,...,5
106,私立,技專校院,1041,明志科技大學,碩士在職專班,女,2,3,0,1,0,0,2,0,0,0,0,0,0,0,0,...,0
106,私立,技專校院,1041,明志科技大學,博士班,女,1,0,0,0,0,0,0,0,0,0,0,0,0,0,0,...,0
106,私立,技專校院,1042,高苑科技大學,學士班(日間),男,2739,96,4,5,7,11,34,0,0,22,0,0,3,0,0,...,10
106,私立,技專校院,1042,高苑科技大學,學士班(進修),男,1014,86,2,2,2,9,37,0,1,23,0,0,0,0,0,...,10
106,私立,技專校院,1042,高苑科技大學,碩士班(日間),男,89,10,0,0,0,1,9,0,0,0,0,0,0,0,0,...,0
106,私立,技專校院,1042,高苑科技大學,碩士在職專班,男,158,27,2,2,0,1,19,0,0,1,0,0,0,0,0,...,2
106,私立,技專校院,1042,高苑科技大學,學士班(日間),女,1095,36,2,7,0,1,16,1,2,0,2,0,0,0,0,...,5
106,私立,技專校院,1042,高苑科技大學,學士班(進修),女,393,19,2,1,0,2,9,1,0,0,0,0,1,0,0,...,3
106,私立,技專校院,1042,高苑科技大學,碩士班(日間),女,37,3,0,0,0,0,2,0,0,0,0,0,0,0,0,...,1
106,私立,技專校院,1042,高苑科技大學,碩士在職專班,女,62,11,1,0,0,0,6,0,0,0,0,0,0,0,0,...,4
106,私立,技專校院,1043,大仁科技大學,學士班(日間),男,2167,405,17,26,8,63,74,0,0,4,1,0,1,0,0,...,211
106,私立,技專校院,1043,大仁科技大學,學士班(進修),男,680,217,4,27,0,7,103,0,0,0,0,0,0,0,1,...,75
106,私立,技專校院,1043,大仁科技大學,碩士班(日間),男,38,24,1,1,0,2,2,0,0,0,0,0,0,0,0,...,18
106,私立,技專校院,1043,大仁科技大學,碩士在職專班,男,85,21,0,0,0,0,9,0,0,0,0,0,0,0,0,...,12
106,私立,技專校院,1043,大仁科技大學,學士班(日間),女,2420,315,17,44,5,50,58,6,3,0,0,0,2,1,1,...,128
106,私立,技專校院,1043,大仁科技大學,學士班(進修),女,1128,117,6,15,0,2,58,7,1,0,0,0,0,0,0,...,28
106,私立,技專校院,1043,大仁科技大學,碩士班(日間),女,29,14,1,1,1,0,6,0,0,0,0,0,0,0,0,...,5
106,私立,技專校院,1043,大仁科技大學,碩士在職專班,女,68,21,2,1,0,0,6,1,0,0,0,0,0,0,0,...,11
106,私立,技專校院,1044,聖約翰科技大學,五專,男,212,19,1,0,3,6,4,0,0,1,0,0,0,0,0,...,4
106,私立,技專校院,1044,聖約翰科技大學,學士班(日間),男,2283,240,11,30,10,4,59,0,0,66,4,0,0,0,0,...,56
106,私立,技專校院,1044,聖約翰科技大學,學士班(進修),男,77,27,1,1,1,1,9,0,0,9,0,0,0,0,0,...,5
106,私立,技專校院,1044,聖約翰科技大學,碩士班(日間),男,116,37,0,3,0,0,11,0,0,15,0,1,0,0,0,...,7
106,私立,技專校院,1044,聖約翰科技大學,碩士在職專班,男,47,6,1,0,0,0,3,0,0,0,0,0,0,0,0,...,2
106,私立,技專校院,1044,聖約翰科技大學,五專,女,66,4,3,0,1,0,0,0,0,0,0,0,0,0,0,...,0
106,私立,技專校院,1044,聖約翰科技大學,學士班(日間),女,1065,85,6,16,9,8,20,0,3,0,4,0,0,0,0,...,19
106,私立,技專校院,1044,聖約翰科技大學,學士班(進修),女,61,7,0,0,0,0,3,0,0,0,0,0,0,0,0,...,4
106,私立,技專校院,1044,聖約翰科技大學,碩士班(日間),女,18,0,0,0,0,0,0,0,0,0,0,0,0,0,0,...,0
106,私立,技專校院,1044,聖約翰科技大學,碩士在職專班,女,22,2,0,0,0,0,1,0,0,0,0,0,0,0,0,...,1
106,私立,技專校院,1045,嶺東科技大學,學士班(日間),男,2794,107,6,12,4,18,13,0,1,41,3,0,1,0,0,...,8
106,私立,技專校院,1045,嶺東科技大學,學士班(進修),男,1361,136,0,11,0,4,62,0,2,35,0,0,0,0,0,...,22
106,私立,技專校院,1045,嶺東科技大學,碩士班(日間),男,108,14,0,2,0,1,7,0,0,3,0,1,0,0,0,...,0
106,私立,技專校院,1045,嶺東科技大學,碩士在職專班,男,84,9,0,0,0,0,8,0,0,1,0,0,0,0,0,...,0
106,私立,技專校院,1045,嶺東科技大學,學士班(日間),女,4541,101,13,16,4,29,16,2,2,0,10,0,0,0,1,...,8
106,私立,技專校院,1045,嶺東科技大學,學士班(進修),女,1261,109,3,15,0,10,63,2,3,0,2,0,0,0,0,...,11
106,私立,技專校院,1045,嶺東科技大學,碩士班(日間),女,124,24,1,2,0,1,11,1,0,0,0,2,0,0,0,...,6
106,私立,技專校院,1045,嶺東科技大學,碩士在職專班,女,39,6,0,1,0,0,5,0,0,0,0,0,0,0,0,...,0
106,私立,技專校院,1046,中國科技大學,學士班(日間),男,3697,220,4,16,4,48,46,0,0,64,9,0,11,0,0,...,18
106,私立,技專校院,1046,中國科技大學,學士班(進修),男,1104,139,3,3,1,14,68,0,1,26,4,0,8,0,0,...,11
106,私立,技專校院,1046,中國科技大學,碩士班(日間),男,89,27,0,0,0,0,20,0,2,1,1,1,0,0,0,...,2
106,私立,技專校院,1046,中國科技大學,碩士在職專班,男,32,3,1,0,0,0,2,0,0,0,0,0,0,0,0,...,0
106,私立,技專校院,1046,中國科技大學,學士班(日間),女,5013,226,9,17,10,81,36,3,3,1,20,0,17,1,0,...,28
106,私立,技專校院,1046,中國科技大學,學士班(進修),女,953,95,6,2,1,8,55,2,2,1,7,0,3,0,0,...,8
106,私立,技專校院,1046,中國科技大學,碩士班(日間),女,67,10,0,0,0,0,9,0,0,0,0,0,0,0,0,...,1
106,私立,技專校院,1046,中國科技大學,碩士在職專班,女,14,2,0,0,0,0,1,0,0,0,0,1,0,0,0,...,0
106,私立,技專校院,1047,中臺科技大學,學士班(日間),男,2234,195,5,7,22,60,19,0,0,22,2,0,1,3,0,...,54
106,私立,技專校院,1047,中臺科技大學,學士班(進修),男,771,236,5,5,6,30,53,0,0,33,1,0,1,0,1,...,101
106,私立,技專校院,1047,中臺科技大學,碩士班(日間),男,48,16,1,1,0,0,5,0,0,5,0,0,0,0,0,...,4
106,私立,技專校院,1047,中臺科技大學,碩士在職專班,男,41,12,0,0,0,1,8,0,1,0,0,2,0,0,0,...,0
106,私立,技專校院,1047,中臺科技大學,博士班,男,18,2,0,0,0,0,2,0,0,0,0,0,0,0,0,...,0
106,私立,技專校院,1047,中臺科技大學,學士班(日間),女,3626,251,7,19,15,72,38,0,9,0,7,0,2,2,2,...,78
106,私立,技專校院,1047,中臺科技大學,學士班(進修),女,1975,276,16,13,7,26,76,2,36,0,2,0,6,2,2,...,88
106,私立,技專校院,1047,中臺科技大學,碩士班(日間),女,90,25,0,4,2,0,11,0,4,0,0,0,0,0,0,...,4
106,私立,技專校院,1047,中臺科技大學,碩士在職專班,女,202,52,4,0,1,0,14,0,10,0,0,13,0,1,0,...,9
106,私立,技專校院,1047,中臺科技大學,博士班,女,2,0,0,0,0,0,0,0,0,0,0,0,0,0,0,...,0
106,私立,一般大學,1048,亞洲大學,學士班(日間),男,3778,190,15,3,27,53,18,0,0,13,5,1,1,7,0,...,47
106,私立,一般大學,1048,亞洲大學,學士班(進修),男,497,52,2,4,3,7,11,0,0,2,2,0,1,5,0,...,15
106,私立,一般大學,1048,亞洲大學,碩士班(日間),男,264,60,2,1,10,6,13,0,0,3,0,5,0,3,0,...,17
106,私立,一般大學,1048,亞洲大學,碩士在職專班,男,225,18,8,0,1,1,5,0,0,0,1,1,0,0,0,...,1
106,私立,一般大學,1048,亞洲大學,博士班,男,114,23,3,1,2,2,7,0,1,0,0,3,0,1,0,...,3
106,私立,一般大學,1048,亞洲大學,學士班(日間),女,6115,181,23,5,11,71,26,4,0,0,4,0,2,15,0,...,20
106,私立,一般大學,1048,亞洲大學,學士班(進修),女,554,41,2,2,5,13,13,1,0,0,0,0,0,3,0,...,2
106,私立,一般大學,1048,亞洲大學,碩士班(日間),女,336,59,6,1,3,9,13,1,4,0,1,10,0,4,0,...,7
106,私立,一般大學,1048,亞洲大學,碩士在職專班,女,172,25,15,1,0,0,1,2,0,0,0,1,0,4,0,...,1
106,私立,一般大學,1048,亞洲大學,博士班,女,68,13,0,0,0,0,4,0,0,0,0,1,0,3,0,...,5
106,私立,一般大學,1049,開南大學,學士班(日間),男,2761,189,7,14,27,26,40,0,0,55,7,0,0,1,2,...,10
106,私立,一般大學,1049,開南大學,學士班(進修),男,626,73,1,9,3,7,32,0,1,17,2,0,0,1,0,...,0
106,私立,一般大學,1049,開南大學,碩士班(日間),男,121,35,2,3,2,0,14,0,0,10,1,0,0,1,1,...,1
106,私立,一般大學,1049,開南大學,碩士在職專班,男,225,30,1,1,0,0,25,0,0,1,0,0,0,0,0,...,2
106,私立,一般大學,1049,開南大學,學士班(日間),女,2866,116,12,22,12,17,23,3,4,0,8,0,0,1,0,...,14
106,私立,一般大學,1049,開南大學,學士班(進修),女,513,43,2,7,3,3,15,4,0,0,1,0,0,1,0,...,7
106,私立,一般大學,1049,開南大學,碩士班(日間),女,100,34,0,8,1,0,14,0,5,0,0,3,0,0,0,...,3
106,私立,一般大學,1049,開南大學,碩士在職專班,女,118,20,0,0,1,0,16,0,0,0,0,0,0,0,0,...,3
106,私立,一般大學,1050,佛光大學,學士班(日間),男,1447,106,2,5,0,20,19,0,0,29,1,0,2,1,4,...,23
106,私立,一般大學,1050,佛光大學,碩士班(日間),男,220,78,5,2,1,1,34,0,1,14,0,8,0,0,0,...,12
106,私立,一般大學,1050,佛光大學,碩士在職專班,男,109,28,1,1,0,0,19,0,0,0,0,4,0,0,0,...,3
106,私立,一般大學,1050,佛光大學,博士班,男,25,1,0,0,0,0,1,0,0,0,0,0,0,0,0,...,0
106,私立,一般大學,1050,佛光大學,學士班(日間),女,1603,48,4,2,1,9,6,1,4,0,3,0,3,0,3,...,12
106,私立,一般大學,1050,佛光大學,碩士班(日間),女,309,106,6,0,0,2,50,2,5,0,0,22,0,0,0,...,19
106,私立,一般大學,1050,佛光大學,碩士在職專班,女,78,12,1,0,0,0,7,1,0,0,0,1,0,0,0,...,2
106,私立,一般大學,1050,佛光大學,博士班,女,31,4,0,1,0,0,1,0,0,0,0,1,0,0,0,...,1
106,私立,技專校院,1051,台南家專學校財團法人台南應用科技大學,五專,男,237,20,4,1,2,3,4,0,0,0,0,0,0,0,0,...,6
106,私立,技專校院,1051,台南家專學校財團法人台南應用科技大學,學士班(日間),男,2471,350,12,35,17,74,48,0,0,14,1,0,0,0,0,...,149
106,私立,技專校院,1051,台南家專學校財團法人台南應用科技大學,學士班(進修),男,843,174,6,9,38,29,80,0,0,12,0,0,0,0,0,...,0
106,私立,技專校院,1051,台南家專學校財團法人台南應用科技大學,碩士班(日間),男,27,26,1,0,1,0,5,0,0,3,0,0,0,0,0,...,16
106,私立,技專校院,1051,台南家專學校財團法人台南應用科技大學,碩士在職專班,男,28,5,0,1,0,0,4,0,0,0,0,0,0,0,0,...,0
106,私立,技專校院,1051,台南家專學校財團法人台南應用科技大學,五專,女,944,59,10,3,8,13,1,1,0,0,3,0,0,0,0,...,20
106,私立,技專校院,1051,台南家專學校財團法人台南應用科技大學,學士班(日間),女,6313,556,39,76,21,127,63,7,4,0,7,0,0,0,0,...,212
106,私立,技專校院,1051,台南家專學校財團法人台南應用科技大學,學士班(進修),女,1687,229,8,21,38,35,121,3,1,0,1,0,1,0,0,...,0
106,私立,技專校院,1051,台南家專學校財團法人台南應用科技大學,碩士班(日間),女,91,63,4,7,1,2,15,2,2,0,1,0,0,0,0,...,29
106,私立,技專校院,1051,台南家專學校財團法人台南應用科技大學,碩士在職專班,女,92,13,1,0,0,0,11,0,1,0,0,0,0,0,0,...,0
106,私立,技專校院,1052,遠東科技大學,二專(進修),男,38,5,0,2,0,0,3,0,0,0,0,0,0,0,0,...,0
106,私立,技專校院,1052,遠東科技大學,學士班(日間),男,3386,299,13,27,23,46,73,0,0,78,0,0,1,0,0,...,38
106,私立,技專校院,1052,遠東科技大學,學士班(進修),男,465,64,2,2,0,10,38,0,0,10,0,0,0,0,0,...,2
106,私立,技專校院,1052,遠東科技大學,碩士班(日間),男,146,26,0,1,1,2,12,0,0,8,0,0,0,0,0,...,2
106,私立,技專校院,1052,遠東科技大學,碩士在職專班,男,28,11,0,0,2,0,7,0,0,0,0,0,0,0,0,...,2
106,私立,技專校院,1052,遠東科技大學,二專(進修),女,2,1,0,0,0,0,1,0,0,0,0,0,0,0,0,...,0
106,私立,技專校院,1052,遠東科技大學,學士班(日間),女,1918,134,14,30,5,34,30,1,1,1,0,0,0,1,0,...,17
106,私立,技專校院,1052,遠東科技大學,學士班(進修),女,199,23,0,2,0,2,18,0,0,0,0,0,0,0,0,...,1
106,私立,技專校院,1052,遠東科技大學,碩士班(日間),女,64,8,0,1,1,0,3,0,1,0,0,0,0,0,0,...,2
106,私立,技專校院,1052,遠東科技大學,碩士在職專班,女,1,1,0,0,0,0,1,0,0,0,0,0,0,0,0,...,0
106,私立,技專校院,1053,光宇學校財團法人元培醫事科技大學,學士班(日間),男,2243,104,5,15,10,13,27,0,0,26,2,0,3,1,0,...,2
106,私立,技專校院,1053,光宇學校財團法人元培醫事科技大學,學士班(進修),男,561,31,2,1,2,0,7,0,0,14,0,0,3,0,0,...,2
106,私立,技專校院,1053,光宇學校財團法人元培醫事科技大學,碩士班(日間),男,101,13,0,1,1,0,8,0,0,2,0,0,0,1,0,...,0
106,私立,技專校院,1053,光宇學校財團法人元培醫事科技大學,碩士在職專班,男,12,2,0,0,0,0,2,0,0,0,0,0,0,0,0,...,0
106,私立,技專校院,1053,光宇學校財團法人元培醫事科技大學,學士班(日間),女,2635,46,4,7,4,10,14,0,0,0,1,0,5,1,0,...,0
106,私立,技專校院,1053,光宇學校財團法人元培醫事科技大學,學士班(進修),女,749,29,2,2,2,0,16,1,1,0,0,0,1,1,0,...,3
106,私立,技專校院,1053,光宇學校財團法人元培醫事科技大學,碩士班(日間),女,116,15,1,3,0,0,8,0,0,0,0,0,1,2,0,...,0
106,私立,技專校院,1053,光宇學校財團法人元培醫事科技大學,碩士在職專班,女,20,1,0,0,0,1,0,0,0,0,0,0,0,0,0,...,0
106,私立,技專校院,1054,景文科技大學,學士班(日間),男,2379,171,8,16,14,19,25,0,0,40,5,0,0,0,31,...,13
106,私立,技專校院,1054,景文科技大學,學士班(進修),男,861,68,3,3,9,11,24,0,0,13,2,0,0,0,1,...,2
106,私立,技專校院,1054,景文科技大學,碩士班(日間),男,41,5,0,0,0,0,3,0,0,0,0,2,0,0,0,...,0
106,私立,技專校院,1054,景文科技大學,碩士在職專班,男,61,12,0,2,0,1,2,0,0,0,0,7,0,0,0,...,0
106,私立,技專校院,1054,景文科技大學,學士班(日間),女,2949,115,10,21,3,23,13,1,3,0,8,0,1,0,20,...,12
106,私立,技專校院,1054,景文科技大學,學士班(進修),女,952,47,2,5,4,4,18,2,2,0,4,0,0,0,0,...,6
106,私立,技專校院,1054,景文科技大學,碩士班(日間),女,20,6,1,0,0,0,1,0,0,0,0,3,0,0,0,...,1
106,私立,技專校院,1054,景文科技大學,碩士在職專班,女,36,7,1,0,0,0,1,0,0,0,0,4,0,1,0,...,0
106,私立,技專校院,1055,中華醫事科技大學,二專(日間),男,62,6,0,0,0,0,1,0,0,0,0,0,0,0,0,...,5
106,私立,技專校院,1055,中華醫事科技大學,五專,男,573,31,0,2,1,5,4,0,0,1,0,0,0,0,0,...,18
106,私立,技專校院,1055,中華醫事科技大學,學士班(日間),男,1944,165,6,10,0,3,14,0,0,11,0,0,0,0,0,...,121
106,私立,技專校院,1055,中華醫事科技大學,學士班(進修),男,528,128,4,8,6,10,22,0,0,3,0,0,0,0,0,...,75
106,私立,技專校院,1055,中華醫事科技大學,碩士班(日間),男,58,21,0,0,0,0,2,0,0,1,0,0,0,0,0,...,18
106,私立,技專校院,1055,中華醫事科技大學,碩士在職專班,男,9,2,0,0,0,0,2,0,0,0,0,0,0,0,0,...,0
106,私立,技專校院,1055,中華醫事科技大學,二專(日間),女,48,9,0,1,0,0,0,0,0,0,0,0,0,0,0,...,8
106,私立,技專校院,1055,中華醫事科技大學,五專,女,2096,53,5,3,4,1,5,1,0,0,0,0,0,0,0,...,34
106,私立,技專校院,1055,中華醫事科技大學,學士班(日間),女,2833,168,9,12,0,6,4,0,1,0,0,0,0,0,0,...,136
106,私立,技專校院,1055,中華醫事科技大學,學士班(進修),女,1026,134,3,14,3,1,17,2,4,0,0,0,0,0,0,...,90
106,私立,技專校院,1055,中華醫事科技大學,碩士班(日間),女,54,20,0,1,0,0,3,0,0,2,0,0,0,0,0,...,14
106,私立,技專校院,1055,中華醫事科技大學,碩士在職專班,女,9,0,0,0,0,0,0,0,0,0,0,0,0,0,0,...,0
106,私立,技專校院,1056,東南科技大學,二專(日間),男,0,4,0,0,0,0,0,0,0,0,0,0,0,0,0,...,4
106,私立,技專校院,1056,東南科技大學,學士班(日間),男,3705,523,16,32,16,61,153,0,2,53,2,0,2,7,0,...,179
106,私立,技專校院,1056,東南科技大學,學士班(進修),男,353,254,2,0,0,0,40,0,0,4,0,0,0,0,0,...,208
106,私立,技專校院,1056,東南科技大學,碩士班(日間),男,126,23,0,1,1,1,11,0,0,1,0,0,0,1,0,...,7
106,私立,技專校院,1056,東南科技大學,碩士在職專班,男,48,16,0,0,0,0,0,0,0,0,0,0,0,0,0,...,16
106,私立,技專校院,1056,東南科技大學,二專(日間),女,0,1,0,0,0,0,0,0,1,0,0,0,0,0,0,...,0
106,私立,技專校院,1056,東南科技大學,學士班(日間),女,1875,206,9,19,10,33,47,1,10,0,4,0,2,9,0,...,62
106,私立,技專校院,1056,東南科技大學,學士班(進修),女,95,55,0,0,0,0,16,0,0,0,0,0,0,0,0,...,39
106,私立,技專校院,1056,東南科技大學,碩士班(日間),女,29,8,0,0,1,0,6,0,0,0,0,0,0,0,0,...,1
106,私立,技專校院,1056,東南科技大學,碩士在職專班,女,10,2,0,0,0,0,0,0,0,0,0,0,0,0,0,...,2
106,私立,技專校院,1057,德明財經科技大學,學士班(日間),男,2769,217,7,6,10,38,26,0,0,27,11,0,2,0,1,...,89
106,私立,技專校院,1057,德明財經科技大學,學士班(進修),男,524,124,2,2,0,3,35,0,0,4,4,0,0,0,0,...,74
106,私立,技專校院,1057,德明財經科技大學,碩士班(日間),男,35,14,0,0,0,0,6,0,0,0,0,0,0,0,0,...,8
106,私立,技專校院,1057,德明財經科技大學,碩士在職專班,男,35,12,1,0,0,0,4,0,0,1,0,0,0,0,0,...,6
106,私立,技專校院,1057,德明財經科技大學,學士班(日間),女,4449,177,11,7,9,49,9,3,0,0,14,0,3,0,1,...,71
106,私立,技專校院,1057,德明財經科技大學,學士班(進修),女,562,86,7,0,0,2,28,2,5,0,2,0,1,0,0,...,39
106,私立,技專校院,1057,德明財經科技大學,碩士班(日間),女,19,6,0,0,0,0,1,0,0,0,1,0,0,0,0,...,4
106,私立,技專校院,1057,德明財經科技大學,碩士在職專班,女,27,4,0,0,0,0,0,1,0,0,0,0,0,0,0,...,3
106,私立,一般大學,1058,明道學校財團法人明道大學,學士班(日間),男,1824,69,5,8,5,10,7,0,0,20,5,0,2,2,0,...,5
106,私立,一般大學,1058,明道學校財團法人明道大學,學士班(進修),男,608,39,1,3,0,5,10,0,0,6,0,0,0,0,0,...,14
106,私立,一般大學,1058,明道學校財團法人明道大學,碩士班(日間),男,106,17,1,0,0,0,8,0,0,3,1,2,0,1,0,...,1
106,私立,一般大學,1058,明道學校財團法人明道大學,碩士在職專班,男,25,3,0,0,0,0,2,0,0,0,0,1,0,0,0,...,0
106,私立,一般大學,1058,明道學校財團法人明道大學,博士班,男,11,2,1,0,0,0,1,0,0,0,0,0,0,0,0,...,0
106,私立,一般大學,1058,明道學校財團法人明道大學,學士班(日間),女,1390,30,3,6,0,7,3,1,0,0,6,0,0,1,0,...,3
106,私立,一般大學,1058,明道學校財團法人明道大學,學士班(進修),女,347,17,1,1,0,2,7,2,0,0,0,0,1,1,0,...,2
106,私立,一般大學,1058,明道學校財團法人明道大學,碩士班(日間),女,100,15,4,0,0,1,4,0,1,0,1,2,0,0,0,...,2
106,私立,一般大學,1058,明道學校財團法人明道大學,碩士在職專班,女,49,5,3,0,0,0,1,0,1,0,0,0,0,0,0,...,0
106,私立,一般大學,1058,明道學校財團法人明道大學,博士班,女,9,0,0,0,0,0,0,0,0,0,0,0,0,0,0,...,0
106,私立,技專校院,1060,南開科技大學,五專,男,730,166,15,9,18,39,50,0,0,29,0,0,1,0,1,...,4
106,私立,技專校院,1060,南開科技大學,學士班(日間),男,2154,351,29,23,11,50,119,0,0,109,0,0,0,0,2,...,8
106,私立,技專校院,1060,南開科技大學,學士班(進修),男,552,138,2,9,2,10,73,0,0,37,0,0,1,0,1,...,3
106,私立,技專校院,1060,南開科技大學,碩士班(日間),男,74,23,3,0,0,1,8,0,0,9,0,1,0,0,0,...,1
106,私立,技專校院,1060,南開科技大學,碩士在職專班,男,41,7,0,0,0,0,6,0,0,0,0,0,0,0,0,...,1
106,私立,技專校院,1060,南開科技大學,五專,女,176,36,2,0,2,15,8,0,0,0,0,0,0,1,0,...,8
106,私立,技專校院,1060,南開科技大學,學士班(日間),女,1079,112,17,12,0,20,47,4,1,0,1,0,1,0,0,...,9
106,私立,技專校院,1060,南開科技大學,學士班(進修),女,313,65,6,7,1,10,27,4,4,0,0,0,0,0,0,...,6
106,私立,技專校院,1060,南開科技大學,碩士班(日間),女,35,12,4,2,0,0,4,0,0,0,0,1,0,0,0,...,1
106,私立,技專校院,1060,南開科技大學,碩士在職專班,女,63,10,3,0,0,0,5,0,0,0,0,0,0,0,1,...,1
106,私立,技專校院,1061,中華學校財團法人中華科技大學,二專(進修),男,2,1,0,1,0,0,0,0,0,0,0,0,0,0,0,...,0
106,私立,技專校院,1061,中華學校財團法人中華科技大學,學士班(日間),男,3332,567,17,137,5,10,169,0,0,203,7,0,3,5,0,...,11
106,私立,技專校院,1061,中華學校財團法人中華科技大學,學士班(進修),男,839,229,1,8,0,12,68,0,0,46,2,0,0,2,0,...,90
106,私立,技專校院,1061,中華學校財團法人中華科技大學,碩士班(日間),男,170,36,1,2,0,1,25,0,0,5,0,0,0,1,0,...,1
106,私立,技專校院,1061,中華學校財團法人中華科技大學,碩士在職專班,男,76,21,2,1,0,0,16,0,0,1,0,0,0,0,0,...,1
106,私立,技專校院,1061,中華學校財團法人中華科技大學,二專(進修),女,13,3,0,0,0,0,0,0,0,0,0,0,0,0,0,...,3
106,私立,技專校院,1061,中華學校財團法人中華科技大學,學士班(日間),女,1727,218,13,63,11,6,93,11,0,0,4,0,1,2,0,...,14
106,私立,技專校院,1061,中華學校財團法人中華科技大學,學士班(進修),女,297,50,3,3,0,5,11,2,0,0,0,0,0,1,0,...,25
106,私立,技專校院,1061,中華學校財團法人中華科技大學,碩士班(日間),女,58,14,1,1,0,0,9,1,0,0,0,0,0,1,0,...,1
106,私立,技專校院,1061,中華學校財團法人中華科技大學,碩士在職專班,女,24,1,0,0,0,0,0,0,0,0,0,0,0,0,0,...,1
106,私立,技專校院,1062,僑光科技大學,二專(進修),男,9,1,0,0,0,0,0,0,0,1,0,0,0,0,0,...,0
106,私立,技專校院,1062,僑光科技大學,五專,男,1,0,0,0,0,0,0,0,0,0,0,0,0,0,0,...,0
106,私立,技專校院,1062,僑光科技大學,學士班(日間),男,2569,65,2,3,1,13,13,0,0,21,5,0,0,0,4,...,3
106,私立,技專校院,1062,僑光科技大學,學士班(進修),男,2218,73,1,2,0,7,24,0,0,35,1,0,0,0,0,...,3
106,私立,技專校院,1062,僑光科技大學,碩士班(日間),男,24,7,0,0,0,1,4,0,0,1,0,1,0,0,0,...,0
106,私立,技專校院,1062,僑光科技大學,碩士在職專班,男,24,1,0,0,0,0,1,0,0,0,0,0,0,0,0,...,0
106,私立,技專校院,1062,僑光科技大學,二專(進修),女,8,1,0,0,0,0,1,0,0,0,0,0,0,0,0,...,0
106,私立,技專校院,1062,僑光科技大學,學士班(日間),女,3980,45,6,3,2,11,12,2,1,0,2,0,1,0,0,...,5
106,私立,技專校院,1062,僑光科技大學,學士班(進修),女,1988,53,3,6,2,8,24,1,0,0,4,0,0,0,1,...,4
106,私立,技專校院,1062,僑光科技大學,碩士班(日間),女,26,3,0,0,0,0,3,0,0,0,0,0,0,0,0,...,0
106,私立,技專校院,1062,僑光科技大學,碩士在職專班,女,9,0,0,0,0,0,0,0,0,0,0,0,0,0,0,...,0
106,私立,技專校院,1063,廣亞學校財團法人育達科技大學,學士班(日間),男,1279,98,6,11,0,4,14,0,0,27,1,0,2,5,2,...,26
106,私立,技專校院,1063,廣亞學校財團法人育達科技大學,學士班(進修),男,808,124,3,3,0,4,43,0,0,58,1,0,0,0,0,...,12
106,私立,技專校院,1063,廣亞學校財團法人育達科技大學,碩士班(日間),男,71,7,0,0,0,0,2,0,0,1,0,0,0,0,0,...,4
106,私立,技專校院,1063,廣亞學校財團法人育達科技大學,碩士在職專班,男,102,7,0,0,0,0,7,0,0,0,0,0,0,0,0,...,0
106,私立,技專校院,1063,廣亞學校財團法人育達科技大學,學士班(日間),女,1399,84,8,11,0,8,22,1,2,0,1,0,0,2,0,...,29
106,私立,技專校院,1063,廣亞學校財團法人育達科技大學,學士班(進修),女,789,72,5,6,0,1,33,0,1,0,0,0,1,0,1,...,24
106,私立,技專校院,1063,廣亞學校財團法人育達科技大學,碩士班(日間),女,56,4,0,0,0,0,1,0,0,0,0,0,0,0,0,...,3
106,私立,技專校院,1063,廣亞學校財團法人育達科技大學,碩士在職專班,女,78,3,0,0,0,0,2,0,0,0,0,0,0,0,0,...,1
106,私立,技專校院,1064,美和學校財團法人美和科技大學,二專(進修),男,19,1,0,0,0,0,1,0,0,0,0,0,0,0,0,...,0
106,私立,技專校院,1064,美和學校財團法人美和科技大學,五專,男,217,12,2,2,2,2,1,0,0,0,1,0,0,0,0,...,2
106,私立,技專校院,1064,美和學校財團法人美和科技大學,學士班(日間),男,1478,132,8,9,1,13,32,0,0,44,0,0,1,0,2,...,22
106,私立,技專校院,1064,美和學校財團法人美和科技大學,學士班(進修),男,419,92,7,4,0,2,35,0,1,33,0,0,0,1,0,...,9
106,私立,技專校院,1064,美和學校財團法人美和科技大學,碩士班(日間),男,55,14,0,0,0,0,8,0,0,1,0,2,0,1,0,...,2
106,私立,技專校院,1064,美和學校財團法人美和科技大學,碩士在職專班,男,75,5,0,0,0,0,4,0,0,0,0,1,0,0,0,...,0
106,私立,技專校院,1064,美和學校財團法人美和科技大學,二專(進修),女,5,2,0,0,0,0,0,0,0,0,1,0,0,0,0,...,1
106,私立,技專校院,1064,美和學校財團法人美和科技大學,五專,女,1553,43,4,3,0,18,6,1,1,0,0,0,2,0,0,...,8
106,私立,技專校院,1064,美和學校財團法人美和科技大學,學士班(日間),女,2180,108,9,13,0,18,30,4,2,0,1,0,3,0,2,...,26
106,私立,技專校院,1064,美和學校財團法人美和科技大學,學士班(進修),女,1249,128,14,2,0,5,68,3,3,0,2,0,0,1,0,...,30
106,私立,技專校院,1064,美和學校財團法人美和科技大學,碩士班(日間),女,79,15,0,1,0,0,7,0,3,0,0,3,0,0,0,...,1
106,私立,技專校院,1064,美和學校財團法人美和科技大學,碩士在職專班,女,137,13,0,0,0,0,4,2,0,0,0,3,0,0,0,...,4
106,私立,技專校院,1065,吳鳳科技大學,學士班(日間),男,2474,243,3,7,0,35,35,0,0,47,0,0,9,0,1,...,106
106,私立,技專校院,1065,吳鳳科技大學,學士班(進修),男,713,152,2,13,42,19,57,0,1,16,2,0,0,0,0,...,0
106,私立,技專校院,1065,吳鳳科技大學,碩士班(日間),男,37,5,0,0,0,0,4,0,0,0,0,0,0,0,0,...,1
106,私立,技專校院,1065,吳鳳科技大學,碩士在職專班,男,41,6,0,0,0,0,3,0,0,0,0,0,0,0,0,...,3
106,私立,技專校院,1065,吳鳳科技大學,學士班(日間),女,1150,124,3,5,1,22,31,5,4,0,1,0,5,1,0,...,46
106,私立,技專校院,1065,吳鳳科技大學,學士班(進修),女,241,38,1,3,9,7,14,1,0,1,0,0,0,0,0,...,2
106,私立,技專校院,1065,吳鳳科技大學,碩士班(日間),女,24,4,0,0,0,0,0,0,1,0,0,0,0,0,0,...,3
106,私立,技專校院,1065,吳鳳科技大學,碩士在職專班,女,29,2,1,0,0,0,0,1,0,0,0,0,0,0,0,...,0
106,私立,技專校院,1066,環球學校財團法人環球科技大學,二專(進修),男,131,3,0,0,0,0,0,0,0,2,0,0,0,0,0,...,1
106,私立,技專校院,1066,環球學校財團法人環球科技大學,學士班(日間),男,1692,145,11,20,38,38,9,0,0,17,3,0,5,2,0,...,2
106,私立,技專校院,1066,環球學校財團法人環球科技大學,學士班(進修),男,600,24,0,2,0,0,15,0,0,1,0,0,0,0,0,...,6
106,私立,技專校院,1066,環球學校財團法人環球科技大學,碩士班(日間),男,72,10,0,1,1,0,3,0,0,4,0,0,0,1,0,...,0
106,私立,技專校院,1066,環球學校財團法人環球科技大學,碩士在職專班,男,34,2,0,0,1,0,1,0,0,0,0,0,0,0,0,...,0
106,私立,技專校院,1066,環球學校財團法人環球科技大學,二專(進修),女,111,5,0,1,0,0,0,0,0,0,0,0,0,0,0,...,4
106,私立,技專校院,1066,環球學校財團法人環球科技大學,學士班(日間),女,1863,136,4,42,36,31,6,6,0,2,0,0,2,0,1,...,6
106,私立,技專校院,1066,環球學校財團法人環球科技大學,學士班(進修),女,708,8,1,0,0,0,3,0,0,0,0,0,0,0,0,...,4
106,私立,技專校院,1066,環球學校財團法人環球科技大學,碩士班(日間),女,69,10,0,3,5,0,1,0,0,0,0,1,0,0,0,...,0
106,私立,技專校院,1066,環球學校財團法人環球科技大學,碩士在職專班,女,15,5,0,0,3,0,1,0,0,0,0,1,0,0,0,...,0
106,私立,一般大學,1067,台灣首府學校財團法人台灣首府大學,學士班(日間),男,1123,64,3,6,4,2,16,0,0,31,0,0,0,1,1,...,0
106,私立,一般大學,1067,台灣首府學校財團法人台灣首府大學,學士班(進修),男,303,32,0,0,1,1,20,0,0,9,0,0,0,1,0,...,0
106,私立,一般大學,1067,台灣首府學校財團法人台灣首府大學,碩士班(日間),男,23,0,0,0,0,0,0,0,0,0,0,0,0,0,0,...,0
106,私立,一般大學,1067,台灣首府學校財團法人台灣首府大學,學士班(日間),女,1049,36,3,7,7,4,14,0,0,0,0,0,0,1,0,...,0
106,私立,一般大學,1067,台灣首府學校財團法人台灣首府大學,學士班(進修),女,195,6,1,1,0,0,4,0,0,0,0,0,0,0,0,...,0
106,私立,一般大學,1067,台灣首府學校財團法人台灣首府大學,碩士班(日間),女,37,4,0,0,0,0,3,0,1,0,0,0,0,0,0,...,0
106,私立,技專校院,1068,中州學校財團法人中州科技大學,學士班(日間),男,1152,46,1,3,1,5,8,0,0,22,0,0,0,6,0,...,0
106,私立,技專校院,1068,中州學校財團法人中州科技大學,學士班(進修),男,728,28,2,0,0,4,5,0,0,12,0,0,0,5,0,...,0
106,私立,技專校院,1068,中州學校財團法人中州科技大學,碩士班(日間),男,39,6,0,0,0,0,3,0,0,2,0,0,0,1,0,...,0
106,私立,技專校院,1068,中州學校財團法人中州科技大學,碩士在職專班,男,26,5,0,0,0,0,5,0,0,0,0,0,0,0,0,...,0
106,私立,技專校院,1068,中州學校財團法人中州科技大學,學士班(日間),女,812,39,2,6,1,7,13,2,0,0,0,0,0,8,0,...,0
106,私立,技專校院,1068,中州學校財團法人中州科技大學,學士班(進修),女,697,26,4,2,0,7,5,3,0,0,1,0,0,4,0,...,0
106,私立,技專校院,1068,中州學校財團法人中州科技大學,碩士班(日間),女,14,1,0,0,0,0,1,0,0,0,0,0,0,0,0,...,0
106,私立,技專校院,1068,中州學校財團法人中州科技大學,碩士在職專班,女,5,0,0,0,0,0,0,0,0,0,0,0,0,0,0,...,0
106,私立,技專校院,1069,修平學校財團法人修平科技大學,二專(進修),男,6,0,0,0,0,0,0,0,0,0,0,0,0,0,0,...,0
106,私立,技專校院,1069,修平學校財團法人修平科技大學,學士班(日間),男,2771,144,7,8,11,26,52,0,0,11,4,0,0,13,0,...,12
106,私立,技專校院,1069,修平學校財團法人修平科技大學,學士班(進修),男,692,47,0,1,4,7,19,0,0,3,1,0,0,6,0,...,6
106,私立,技專校院,1069,修平學校財團法人修平科技大學,碩士班(日間),男,35,5,0,1,0,1,2,0,0,1,0,0,0,0,0,...,0
106,私立,技專校院,1069,修平學校財團法人修平科技大學,碩士在職專班,男,10,2,1,0,0,0,1,0,0,0,0,0,0,0,0,...,0
106,私立,技專校院,1069,修平學校財團法人修平科技大學,學士班(日間),女,1568,53,4,7,1,17,9,2,1,0,4,0,0,4,0,...,4
106,私立,技專校院,1069,修平學校財團法人修平科技大學,學士班(進修),女,114,6,0,0,0,3,2,0,0,0,0,0,0,0,0,...,1
106,私立,技專校院,1069,修平學校財團法人修平科技大學,碩士班(日間),女,13,1,0,0,0,0,1,0,0,0,0,0,0,0,0,...,0
106,私立,技專校院,1069,修平學校財團法人修平科技大學,碩士在職專班,女,2,0,0,0,0,0,0,0,0,0,0,0,0,0,0,...,0
106,私立,技專校院,1070,長庚學校財團法人長庚科技大學,五專,男,40,1,0,0,0,0,0,0,0,0,0,0,0,0,0,...,1
106,私立,技專校院,1070,長庚學校財團法人長庚科技大學,學士班(日間),男,440,8,0,0,0,2,1,0,0,1,0,0,0,0,0,...,4
106,私立,技專校院,1070,長庚學校財團法人長庚科技大學,學士班(進修),男,82,4,1,0,0,0,2,0,0,0,0,0,0,0,0,...,1
106,私立,技專校院,1070,長庚學校財團法人長庚科技大學,碩士班(日間),男,0,1,0,0,0,0,0,0,0,0,0,0,0,0,0,...,1
106,私立,技專校院,1070,長庚學校財團法人長庚科技大學,碩士在職專班,男,1,1,0,0,0,0,1,0,0,0,0,0,0,0,0,...,0
106,私立,技專校院,1070,長庚學校財團法人長庚科技大學,五專,女,517,6,1,0,0,2,1,0,0,0,0,0,0,0,0,...,2
106,私立,技專校院,1070,長庚學校財團法人長庚科技大學,學士班(日間),女,4190,83,6,4,0,19,15,1,2,0,7,0,3,0,0,...,26
106,私立,技專校院,1070,長庚學校財團法人長庚科技大學,學士班(進修),女,1302,75,7,1,0,2,25,4,16,0,1,0,0,3,1,...,15
106,私立,技專校院,1070,長庚學校財團法人長庚科技大學,碩士班(日間),女,58,6,0,0,0,1,3,0,0,0,0,0,0,0,0,...,2
106,私立,技專校院,1070,長庚學校財團法人長庚科技大學,碩士在職專班,女,82,7,0,0,0,0,3,0,0,0,0,0,1,0,0,...,3
106,私立,技專校院,1071,城市學校財團法人臺北城市科技大學,二專(日間),男,1,0,0,0,0,0,0,0,0,0,0,0,0,0,0,...,0
106,私立,技專校院,1071,城市學校財團法人臺北城市科技大學,二專(進修),男,26,7,0,0,0,1,6,0,0,0,0,0,0,0,0,...,0
106,私立,技專校院,1071,城市學校財團法人臺北城市科技大學,五專,男,968,73,0,4,16,10,18,0,0,13,9,0,0,0,0,...,3
106,私立,技專校院,1071,城市學校財團法人臺北城市科技大學,學士班(日間),男,4451,387,7,33,34,24,133,0,0,88,16,0,3,4,3,...,42
106,私立,技專校院,1071,城市學校財團法人臺北城市科技大學,學士班(進修),男,641,87,1,2,1,4,55,0,0,18,1,0,5,0,0,...,0
106,私立,技專校院,1071,城市學校財團法人臺北城市科技大學,碩士班(日間),男,83,19,1,0,2,0,6,0,1,8,0,1,0,0,0,...,0
106,私立,技專校院,1071,城市學校財團法人臺北城市科技大學,二專(日間),女,0,1,0,1,0,0,0,0,0,0,0,0,0,0,0,...,0
106,私立,技專校院,1071,城市學校財團法人臺北城市科技大學,二專(進修),女,24,1,0,0,0,1,0,0,0,0,0,0,0,0,0,...,0
106,私立,技專校院,1071,城市學校財團法人臺北城市科技大學,五專,女,423,39,1,2,7,6,15,0,1,0,1,0,1,1,0,...,4
106,私立,技專校院,1071,城市學校財團法人臺北城市科技大學,學士班(日間),女,2823,212,17,32,20,22,75,5,3,1,11,0,2,3,0,...,21
106,私立,技專校院,1071,城市學校財團法人臺北城市科技大學,學士班(進修),女,216,26,1,3,1,2,17,0,0,0,0,0,2,0,0,...,0
106,私立,技專校院,1071,城市學校財團法人臺北城市科技大學,碩士班(日間),女,21,10,1,0,2,0,3,0,1,0,0,3,0,0,0,...,0
106,私立,技專校院,1072,大華學校財團法人敏實科技大學,二專(進修),男,60,0,0,0,0,0,0,0,0,0,0,0,0,0,0,...,0
106,私立,技專校院,1072,大華學校財團法人敏實科技大學,五專,男,457,52,2,0,35,1,2,0,0,12,0,0,0,0,0,...,0
106,私立,技專校院,1072,大華學校財團法人敏實科技大學,學士班(日間),男,511,66,1,3,37,1,9,0,0,15,0,0,0,0,0,...,0
106,私立,技專校院,1072,大華學校財團法人敏實科技大學,學士班(進修),男,946,40,0,2,19,0,17,0,0,2,0,0,0,0,0,...,0
106,私立,技專校院,1072,大華學校財團法人敏實科技大學,碩士班(日間),男,22,3,0,0,0,0,1,0,0,1,0,1,0,0,0,...,0
106,私立,技專校院,1072,大華學校財團法人敏實科技大學,碩士在職專班,男,0,1,0,0,0,0,1,0,0,0,0,0,0,0,0,...,0
106,私立,技專校院,1072,大華學校財團法人敏實科技大學,二專(進修),女,23,0,0,0,0,0,0,0,0,0,0,0,0,0,0,...,0
106,私立,技專校院,1072,大華學校財團法人敏實科技大學,五專,女,305,49,1,0,40,2,5,0,0,1,0,0,0,0,0,...,0
106,私立,技專校院,1072,大華學校財團法人敏實科技大學,學士班(日間),女,289,49,0,4,34,0,11,0,0,0,0,0,0,0,0,...,0
106,私立,技專校院,1072,大華學校財團法人敏實科技大學,學士班(進修),女,327,15,0,1,9,0,5,0,0,0,0,0,0,0,0,...,0
106,私立,技專校院,1073,醒吾學校財團法人醒吾科技大學,五專,男,365,79,3,1,21,9,21,0,0,2,3,0,0,0,0,...,19
106,私立,技專校院,1073,醒吾學校財團法人醒吾科技大學,學士班(日間),男,2361,277,12,6,29,18,118,0,0,1,1,0,0,2,0,...,90
106,私立,技專校院,1073,醒吾學校財團法人醒吾科技大學,學士班(進修),男,550,13,0,0,1,0,1,0,1,8,0,0,0,1,0,...,1
106,私立,技專校院,1073,醒吾學校財團法人醒吾科技大學,碩士班(日間),男,41,17,1,0,1,0,9,0,0,1,0,0,0,0,0,...,5
106,私立,技專校院,1073,醒吾學校財團法人醒吾科技大學,碩士在職專班,男,55,3,0,1,0,0,2,0,0,0,0,0,0,0,0,...,0
106,私立,技專校院,1073,醒吾學校財團法人醒吾科技大學,五專,女,641,138,20,2,58,9,33,3,0,0,0,0,0,0,0,...,13
106,私立,技專校院,1073,醒吾學校財團法人醒吾科技大學,學士班(日間),女,3527,231,17,7,44,17,109,7,0,0,2,0,1,1,0,...,26
106,私立,技專校院,1073,醒吾學校財團法人醒吾科技大學,學士班(進修),女,608,28,0,1,0,0,8,7,1,0,0,0,0,5,0,...,6
106,私立,技專校院,1073,醒吾學校財團法人醒吾科技大學,碩士班(日間),女,19,4,1,0,0,0,2,1,0,0,0,0,0,0,0,...,0
106,私立,技專校院,1073,醒吾學校財團法人醒吾科技大學,碩士在職專班,女,31,4,1,0,0,0,3,0,0,0,0,0,0,0,0,...,0
106,私立,技專校院,1074,南榮學校財團法人南榮科技大學,二專(進修),男,106,6,0,1,0,0,5,0,0,0,0,0,0,0,0,...,0
106,私立,技專校院,1074,南榮學校財團法人南榮科技大學,五專,男,128,17,0,1,2,4,7,0,0,3,0,0,0,0,0,...,0
106,私立,技專校院,1074,南榮學校財團法人南榮科技大學,學士班(日間),男,699,14,2,2,2,2,3,0,0,3,0,0,0,0,0,...,0
106,私立,技專校院,1074,南榮學校財團法人南榮科技大學,學士班(進修),男,433,24,1,3,3,1,5,0,0,11,0,0,0,0,0,...,0
106,私立,技專校院,1074,南榮學校財團法人南榮科技大學,碩士班(日間),男,17,4,0,1,0,0,2,0,0,1,0,0,0,0,0,...,0
106,私立,技專校院,1074,南榮學校財團法人南榮科技大學,碩士在職專班,男,14,1,0,0,0,0,1,0,0,0,0,0,0,0,0,...,0
106,私立,技專校院,1074,南榮學校財團法人南榮科技大學,二專(進修),女,51,3,0,1,1,0,1,0,0,0,0,0,0,0,0,...,0
106,私立,技專校院,1074,南榮學校財團法人南榮科技大學,五專,女,47,1,0,1,0,0,0,0,0,0,0,0,0,0,0,...,0
106,私立,技專校院,1074,南榮學校財團法人南榮科技大學,學士班(日間),女,446,14,1,3,2,3,5,0,0,0,0,0,0,0,0,...,0
106,私立,技專校院,1074,南榮學校財團法人南榮科技大學,學士班(進修),女,246,8,0,4,1,0,2,1,0,0,0,0,0,0,0,...,0
106,私立,技專校院,1074,南榮學校財團法人南榮科技大學,碩士班(日間),女,14,1,0,0,0,0,1,0,0,0,0,0,0,0,0,...,0
106,私立,技專校院,1074,南榮學校財團法人南榮科技大學,碩士在職專班,女,10,0,0,0,0,0,0,0,0,0,0,0,0,0,0,...,0
106,私立,技專校院,1075,文藻學校財團法人文藻外語大學,五專,男,284,17,0,0,1,3,2,0,0,1,7,0,0,0,0,...,3
106,私立,技專校院,1075,文藻學校財團法人文藻外語大學,學士班(日間),男,1205,98,6,7,2,19,12,0,0,7,6,0,1,0,0,...,38
106,私立,技專校院,1075,文藻學校財團法人文藻外語大學,學士班(進修),男,600,104,2,6,3,7,63,0,0,1,8,0,0,2,0,...,12
106,私立,技專校院,1075,文藻學校財團法人文藻外語大學,碩士班(日間),男,43,12,0,0,0,2,2,0,0,4,0,1,0,0,0,...,3
106,私立,技專校院,1075,文藻學校財團法人文藻外語大學,碩士在職專班,男,19,4,0,0,0,0,4,0,0,0,0,0,0,0,0,...,0
106,私立,技專校院,1075,文藻學校財團法人文藻外語大學,五專,女,1388,60,4,1,1,14,2,0,0,0,23,0,0,0,0,...,15
106,私立,技專校院,1075,文藻學校財團法人文藻外語大學,學士班(日間),女,4297,215,20,10,6,45,21,1,1,0,28,0,1,0,0,...,82
106,私立,技專校院,1075,文藻學校財團法人文藻外語大學,學士班(進修),女,1420,219,12,11,14,22,87,7,3,0,17,0,0,7,0,...,39
106,私立,技專校院,1075,文藻學校財團法人文藻外語大學,碩士班(日間),女,120,47,2,4,1,2,15,1,1,0,7,3,0,0,0,...,11
106,私立,技專校院,1075,文藻學校財團法人文藻外語大學,碩士在職專班,女,43,16,0,3,0,0,8,1,1,0,0,2,0,0,0,...,1
106,私立,技專校院,1076,華夏學校財團法人華夏科技大學,二專(進修),男,105,56,0,4,2,1,19,0,0,8,0,0,0,0,0,...,22
106,私立,技專校院,1076,華夏學校財團法人華夏科技大學,五專,男,516,58,2,0,3,13,10,0,0,6,1,0,0,0,0,...,23
106,私立,技專校院,1076,華夏學校財團法人華夏科技大學,學士班(日間),男,1804,312,5,22,5,24,75,0,0,98,3,0,0,2,2,...,76
106,私立,技專校院,1076,華夏學校財團法人華夏科技大學,學士班(進修),男,672,186,7,2,4,9,71,0,0,48,1,0,0,1,1,...,42
106,私立,技專校院,1076,華夏學校財團法人華夏科技大學,碩士班(日間),男,38,11,0,1,0,0,5,0,0,1,0,0,0,0,0,...,4
106,私立,技專校院,1076,華夏學校財團法人華夏科技大學,碩士在職專班,男,47,10,0,0,0,0,5,0,0,2,1,0,0,0,0,...,2
106,私立,技專校院,1076,華夏學校財團法人華夏科技大學,二專(進修),女,122,44,1,1,0,7,14,2,0,0,1,0,0,0,0,...,18
106,私立,技專校院,1076,華夏學校財團法人華夏科技大學,五專,女,79,18,0,3,0,5,2,0,0,0,0,0,0,1,0,...,7
106,私立,技專校院,1076,華夏學校財團法人華夏科技大學,學士班(日間),女,990,151,1,26,3,16,51,5,3,0,5,0,0,2,0,...,39
106,私立,技專校院,1076,華夏學校財團法人華夏科技大學,學士班(進修),女,406,74,2,9,1,6,28,5,5,0,1,0,0,0,1,...,16
106,私立,技專校院,1076,華夏學校財團法人華夏科技大學,碩士班(日間),女,2,3,1,0,0,0,1,0,0,0,0,0,0,0,0,...,1
106,私立,技專校院,1076,華夏學校財團法人華夏科技大學,碩士在職專班,女,18,4,0,0,0,0,3,0,0,0,0,0,0,0,0,...,1
106,私立,技專校院,1077,慈濟學校財團法人慈濟科技大學,五專,男,149,11,1,1,1,5,0,0,0,0,0,0,0,0,0,...,3
106,私立,技專校院,1077,慈濟學校財團法人慈濟科技大學,學士班(日間),男,600,39,2,4,5,16,2,0,0,2,0,0,0,0,0,...,8
106,私立,技專校院,1077,慈濟學校財團法人慈濟科技大學,學士班(進修),男,8,2,0,0,0,1,1,0,0,0,0,0,0,0,0,...,0
106,私立,技專校院,1077,慈濟學校財團法人慈濟科技大學,碩士班(日間),男,12,0,0,0,0,0,0,0,0,0,0,0,0,0,0,...,0
106,私立,技專校院,1077,慈濟學校財團法人慈濟科技大學,五專,女,1100,45,5,4,11,21,0,2,0,0,0,0,0,0,0,...,2
106,私立,技專校院,1077,慈濟學校財團法人慈濟科技大學,學士班(日間),女,961,48,2,4,4,18,6,0,0,1,0,0,0,0,0,...,13
106,私立,技專校院,1077,慈濟學校財團法人慈濟科技大學,學士班(進修),女,100,15,1,0,0,2,9,1,0,0,0,0,0,0,0,...,2
106,私立,技專校院,1077,慈濟學校財團法人慈濟科技大學,碩士班(日間),女,17,0,0,0,0,0,0,0,0,0,0,0,0,0,0,...,0
106,私立,技專校院,1078,致理學校財團法人致理科技大學,二專(日間),男,1,8,0,0,0,0,0,0,0,1,0,0,0,0,0,...,7
106,私立,技專校院,1078,致理學校財團法人致理科技大學,五專,男,296,20,0,0,2,9,3,0,0,1,3,0,0,0,0,...,2
106,私立,技專校院,1078,致理學校財團法人致理科技大學,學士班(日間),男,2077,177,5,12,9,49,25,0,1,30,7,0,1,0,0,...,38
106,私立,技專校院,1078,致理學校財團法人致理科技大學,學士班(進修),男,1135,119,3,9,4,17,57,0,0,17,0,0,1,0,0,...,11
106,私立,技專校院,1078,致理學校財團法人致理科技大學,碩士班(日間),男,10,3,0,0,0,1,0,0,0,2,0,0,0,0,0,...,0
106,私立,技專校院,1078,致理學校財團法人致理科技大學,碩士在職專班,男,7,3,0,0,0,0,3,0,0,0,0,0,0,0,0,...,0
106,私立,技專校院,1078,致理學校財團法人致理科技大學,二專(日間),女,2,1,0,0,0,0,0,0,0,0,0,0,0,0,0,...,1
106,私立,技專校院,1078,致理學校財團法人致理科技大學,五專,女,1323,35,3,0,7,20,2,1,0,0,2,0,0,0,0,...,0
106,私立,技專校院,1078,致理學校財團法人致理科技大學,學士班(日間),女,4572,185,14,17,18,68,18,4,2,2,9,0,2,0,1,...,30
106,私立,技專校院,1078,致理學校財團法人致理科技大學,學士班(進修),女,2126,187,18,24,9,24,68,9,11,0,1,0,0,1,0,...,22
106,私立,技專校院,1078,致理學校財團法人致理科技大學,碩士班(日間),女,40,3,0,1,1,0,1,0,0,0,0,0,0,0,0,...,0
106,私立,技專校院,1078,致理學校財團法人致理科技大學,碩士在職專班,女,35,5,0,1,0,0,4,0,0,0,0,0,0,0,0,...,0
106,私立,一般大學,1079,康寧學校財團法人康寧大學,二專(日間),男,5,0,0,0,0,0,0,0,0,0,0,0,0,0,0,...,0
106,私立,一般大學,1079,康寧學校財團法人康寧大學,二專(進修),男,76,5,0,0,0,0,4,0,0,0,0,0,0,1,0,...,0
106,私立,一般大學,1079,康寧學校財團法人康寧大學,五專,男,656,33,2,3,1,14,5,0,0,1,3,0,1,0,1,...,2
106,私立,一般大學,1079,康寧學校財團法人康寧大學,學士班(日間),男,480,47,0,11,0,9,3,0,0,6,0,0,0,0,0,...,18
106,私立,一般大學,1079,康寧學校財團法人康寧大學,學士班(進修),男,302,43,0,6,1,7,4,0,0,5,2,0,0,0,0,...,18
106,私立,一般大學,1079,康寧學校財團法人康寧大學,碩士班(日間),男,54,14,0,2,0,1,3,0,0,2,0,0,0,0,0,...,6
106,私立,一般大學,1079,康寧學校財團法人康寧大學,碩士在職專班,男,55,10,0,1,0,0,3,0,0,0,0,0,0,0,0,...,6
106,私立,一般大學,1079,康寧學校財團法人康寧大學,二專(日間),女,14,0,0,0,0,0,0,0,0,0,0,0,0,0,0,...,0
106,私立,一般大學,1079,康寧學校財團法人康寧大學,二專(進修),女,266,25,2,5,0,1,11,3,1,0,0,0,0,1,0,...,1
106,私立,一般大學,1079,康寧學校財團法人康寧大學,五專,女,2233,58,9,0,2,38,0,0,0,0,2,0,0,2,0,...,5
106,私立,一般大學,1079,康寧學校財團法人康寧大學,學士班(日間),女,446,28,3,4,0,9,3,0,0,0,0,0,0,0,0,...,9
106,私立,一般大學,1079,康寧學校財團法人康寧大學,學士班(進修),女,198,28,4,4,0,2,1,0,0,0,1,0,0,0,0,...,16
106,私立,一般大學,1079,康寧學校財團法人康寧大學,碩士班(日間),女,99,17,3,4,0,0,3,0,1,0,0,0,0,0,0,...,6
106,私立,一般大學,1079,康寧學校財團法人康寧大學,碩士在職專班,女,84,19,1,3,0,0,6,1,0,0,0,0,0,0,0,...,8
106,私立,技專校院,1080,宏國學校財團法人宏國德霖科技大學,二專(進修),男,150,12,0,0,0,0,7,0,0,4,0,0,0,0,0,...,1
106,私立,技專校院,1080,宏國學校財團法人宏國德霖科技大學,五專,男,945,81,0,5,12,17,9,0,0,23,0,0,1,0,1,...,13
106,私立,技專校院,1080,宏國學校財團法人宏國德霖科技大學,學士班(日間),男,1710,179,3,13,46,22,34,0,0,42,2,0,1,1,0,...,15
106,私立,技專校院,1080,宏國學校財團法人宏國德霖科技大學,學士班(進修),男,1159,63,3,2,0,1,32,0,0,20,0,0,0,0,1,...,4
106,私立,技專校院,1080,宏國學校財團法人宏國德霖科技大學,二專(進修),女,109,5,1,0,0,1,2,0,0,0,0,0,0,0,0,...,1
106,私立,技專校院,1080,宏國學校財團法人宏國德霖科技大學,五專,女,544,15,3,2,0,2,3,0,0,0,1,0,1,0,0,...,3
106,私立,技專校院,1080,宏國學校財團法人宏國德霖科技大學,學士班(日間),女,1228,88,7,10,25,14,12,1,0,0,2,0,3,1,0,...,13
106,私立,技專校院,1080,宏國學校財團法人宏國德霖科技大學,學士班(進修),女,723,22,0,1,0,1,7,3,0,0,0,0,0,0,0,...,10
106,私立,技專校院,1081,東方學校財團法人東方設計大學,五專,男,615,115,0,0,0,0,0,0,0,0,0,0,0,0,0,...,115
106,私立,技專校院,1081,東方學校財團法人東方設計大學,學士班(日間),男,744,203,0,0,0,0,0,0,0,0,0,0,0,0,0,...,203
106,私立,技專校院,1081,東方學校財團法人東方設計大學,學士班(進修),男,68,23,0,0,0,0,0,0,0,0,0,0,0,0,0,...,23
106,私立,技專校院,1081,東方學校財團法人東方設計大學,碩士班(日間),男,51,26,0,0,0,0,0,0,0,0,0,0,0,0,0,...,26
106,私立,技專校院,1081,東方學校財團法人東方設計大學,碩士在職專班,男,18,21,0,0,0,0,0,0,0,0,0,0,0,0,0,...,21
106,私立,技專校院,1081,東方學校財團法人東方設計大學,博士班,男,16,1,0,0,0,0,0,0,0,0,0,0,0,0,0,...,1
106,私立,技專校院,1081,東方學校財團法人東方設計大學,五專,女,817,130,0,0,0,0,0,0,0,0,0,0,0,0,0,...,130
106,私立,技專校院,1081,東方學校財團法人東方設計大學,學士班(日間),女,671,139,0,0,0,0,0,0,0,0,0,0,0,0,0,...,139
106,私立,技專校院,1081,東方學校財團法人東方設計大學,學士班(進修),女,96,23,0,0,0,0,0,0,0,0,0,0,0,0,0,...,23
106,私立,技專校院,1081,東方學校財團法人東方設計大學,碩士班(日間),女,68,22,0,0,0,0,0,0,0,0,0,0,0,0,0,...,22
106,私立,技專校院,1081,東方學校財團法人東方設計大學,碩士在職專班,女,14,26,0,0,0,0,0,0,0,0,0,0,0,0,0,...,26
106,私立,技專校院,1081,東方學校財團法人東方設計大學,博士班,女,14,1,0,0,0,0,0,0,0,0,0,0,0,0,0,...,1
106,私立,技專校院,1082,崇右學校財團法人崇右影藝科技大學,五專,男,139,11,0,0,1,2,2,0,0,1,1,0,2,0,0,...,2
106,私立,技專校院,1082,崇右學校財團法人崇右影藝科技大學,學士班(日間),男,1046,64,2,6,2,6,13,0,0,21,1,0,0,0,0,...,13
106,私立,技專校院,1082,崇右學校財團法人崇右影藝科技大學,碩士班(日間),男,41,2,0,1,1,0,0,0,0,0,0,0,0,0,0,...,0
106,私立,技專校院,1082,崇右學校財團法人崇右影藝科技大學,五專,女,181,13,0,0,1,3,1,0,0,2,0,0,0,0,0,...,6
106,私立,技專校院,1082,崇右學校財團法人崇右影藝科技大學,學士班(日間),女,1237,62,2,4,4,10,19,0,0,0,5,0,0,0,0,...,18
106,私立,技專校院,1082,崇右學校財團法人崇右影藝科技大學,碩士班(日間),女,41,3,0,0,0,1,2,0,0,0,0,0,0,0,0,...,0
106,私立,技專校院,1083,台北海洋學校財團法人台北海洋科技大學,二專(日間),男,96,17,0,2,0,2,1,0,0,6,0,0,0,0,0,...,6
106,私立,技專校院,1083,台北海洋學校財團法人台北海洋科技大學,二專(進修),男,86,8,0,2,0,0,5,0,0,1,0,0,0,0,0,...,0
106,私立,技專校院,1083,台北海洋學校財團法人台北海洋科技大學,五專,男,768,109,1,6,0,42,24,0,2,22,0,0,0,0,0,...,12
106,私立,技專校院,1083,台北海洋學校財團法人台北海洋科技大學,學士班(日間),男,1933,211,7,21,0,37,53,0,0,62,0,0,0,0,0,...,31
106,私立,技專校院,1083,台北海洋學校財團法人台北海洋科技大學,學士班(進修),男,77,8,0,1,0,0,4,0,0,2,0,0,0,0,0,...,1
106,私立,技專校院,1083,台北海洋學校財團法人台北海洋科技大學,碩士班(日間),男,50,5,1,0,0,0,3,0,0,0,0,0,0,0,0,...,1
106,私立,技專校院,1083,台北海洋學校財團法人台北海洋科技大學,二專(日間),女,8,0,0,0,0,0,0,0,0,0,0,0,0,0,0,...,0
106,私立,技專校院,1083,台北海洋學校財團法人台北海洋科技大學,二專(進修),女,8,0,0,0,0,0,0,0,0,0,0,0,0,0,0,...,0
106,私立,技專校院,1083,台北海洋學校財團法人台北海洋科技大學,五專,女,470,32,0,5,0,13,10,0,1,0,0,0,0,0,0,...,3
106,私立,技專校院,1083,台北海洋學校財團法人台北海洋科技大學,學士班(日間),女,1663,104,8,20,0,26,17,0,6,0,0,0,0,0,0,...,27
106,私立,技專校院,1083,台北海洋學校財團法人台北海洋科技大學,學士班(進修),女,135,11,1,0,0,3,5,0,1,0,0,0,0,0,0,...,1
106,私立,技專校院,1083,台北海洋學校財團法人台北海洋科技大學,碩士班(日間),女,36,5,0,0,0,1,3,0,0,0,0,0,0,0,0,...,1
106,私立,一般大學,1125,中信學校財團法人中信金融管理學院,學士班(日間),男,206,2,2,0,0,0,0,0,0,0,0,0,0,0,0,...,0
106,私立,一般大學,1125,中信學校財團法人中信金融管理學院,學士班(進修),男,1,0,0,0,0,0,0,0,0,0,0,0,0,0,0,...,0
106,私立,一般大學,1125,中信學校財團法人中信金融管理學院,碩士班(日間),男,20,0,0,0,0,0,0,0,0,0,0,0,0,0,0,...,0
106,私立,一般大學,1125,中信學校財團法人中信金融管理學院,學士班(日間),女,232,0,0,0,0,0,0,0,0,0,0,0,0,0,0,...,0
106,私立,一般大學,1125,中信學校財團法人中信金融管理學院,學士班(進修),女,1,0,0,0,0,0,0,0,0,0,0,0,0,0,0,...,0
106,私立,一般大學,1125,中信學校財團法人中信金融管理學院,碩士班(日間),女,25,1,0,0,0,0,1,0,0,0,0,0,0,0,0,...,0
106,私立,技專校院,1148,大漢技術學院,二專(進修),男,91,7,0,1,0,0,5,0,0,0,0,0,0,0,1,...,0
106,私立,技專校院,1148,大漢技術學院,學士班(日間),男,257,32,0,10,7,1,7,0,0,7,0,0,0,0,0,...,0
106,私立,技專校院,1148,大漢技術學院,學士班(進修),男,395,33,0,2,2,3,19,0,1,3,1,0,1,0,1,...,0
106,私立,技專校院,1148,大漢技術學院,碩士班(日間),男,66,12,1,1,0,0,8,0,0,0,0,2,0,0,0,...,0
106,私立,技專校院,1148,大漢技術學院,二專(進修),女,87,6,0,0,0,1,3,0,0,0,0,0,2,0,0,...,0
106,私立,技專校院,1148,大漢技術學院,學士班(日間),女,127,14,1,9,0,1,2,0,0,1,0,0,0,0,0,...,0
106,私立,技專校院,1148,大漢技術學院,學士班(進修),女,263,20,2,0,0,2,10,0,3,0,1,0,1,1,0,...,0
106,私立,技專校院,1148,大漢技術學院,碩士班(日間),女,19,4,0,0,0,0,2,0,0,0,0,2,0,0,0,...,0
106,私立,技專校院,1159,和春技術學院,二專(進修),男,346,59,7,1,3,1,22,0,0,2,0,0,0,0,0,...,23
106,私立,技專校院,1159,和春技術學院,五專,男,172,16,2,0,0,0,8,0,0,1,0,0,0,0,0,...,5
106,私立,技專校院,1159,和春技術學院,學士班(日間),男,464,66,1,4,0,0,14,0,0,11,0,0,0,0,0,...,36
106,私立,技專校院,1159,和春技術學院,學士班(進修),男,607,148,2,4,6,0,56,0,3,5,3,0,0,0,0,...,69
106,私立,技專校院,1159,和春技術學院,碩士班(日間),男,35,11,0,1,0,0,10,0,0,0,0,0,0,0,0,...,0
106,私立,技專校院,1159,和春技術學院,二專(進修),女,145,15,0,1,0,0,7,0,0,0,0,0,0,0,0,...,7
106,私立,技專校院,1159,和春技術學院,五專,女,136,13,4,0,0,0,3,0,0,0,0,0,0,0,0,...,6
106,私立,技專校院,1159,和春技術學院,學士班(日間),女,279,37,2,3,0,0,18,0,0,0,1,0,0,0,0,...,13
106,私立,技專校院,1159,和春技術學院,學士班(進修),女,285,50,3,6,3,1,22,0,2,0,0,0,0,0,0,...,13
106,私立,技專校院,1159,和春技術學院,碩士班(日間),女,6,1,0,0,0,0,1,0,0,0,0,0,0,0,0,...,0
106,私立,技專校院,1166,亞東技術學院,學士班(日間),男,2976,167,4,19,12,55,22,0,0,26,24,0,0,0,0,...,5
106,私立,技專校院,1166,亞東技術學院,學士班(進修),男,3,2,0,0,0,0,0,0,0,2,0,0,0,0,0,...,0
106,私立,技專校院,1166,亞東技術學院,碩士班(日間),男,26,4,0,1,0,0,1,0,0,2,0,0,0,0,0,...,0
106,私立,技專校院,1166,亞東技術學院,學士班(日間),女,1371,73,4,14,3,22,17,4,3,0,2,0,0,0,0,...,4
106,私立,技專校院,1166,亞東技術學院,學士班(進修),女,99,14,0,1,0,1,7,1,1,0,0,0,0,2,0,...,1
106,私立,技專校院,1166,亞東技術學院,碩士班(日間),女,9,3,0,1,0,0,1,1,0,0,0,0,0,0,0,...,0
106,私立,技專校院,1168,南亞科技學校財團法人南亞技術學院,二專(進修),男,77,21,1,0,0,0,20,0,0,0,0,0,0,0,0,...,0
106,私立,技專校院,1168,南亞科技學校財團法人南亞技術學院,五專,男,167,5,1,1,0,2,0,0,0,0,0,0,0,0,0,...,1
106,私立,技專校院,1168,南亞科技學校財團法人南亞技術學院,學士班(日間),男,1200,219,2,19,0,18,47,0,0,101,3,0,0,0,0,...,29
106,私立,技專校院,1168,南亞科技學校財團法人南亞技術學院,學士班(進修),男,651,129,2,5,0,4,74,0,0,34,0,0,0,0,0,...,10
106,私立,技專校院,1168,南亞科技學校財團法人南亞技術學院,碩士班(日間),男,21,8,0,0,0,0,8,0,0,0,0,0,0,0,0,...,0
106,私立,技專校院,1168,南亞科技學校財團法人南亞技術學院,二專(進修),女,15,2,0,0,0,0,2,0,0,0,0,0,0,0,0,...,0
106,私立,技專校院,1168,南亞科技學校財團法人南亞技術學院,五專,女,129,8,2,0,0,2,2,1,0,0,0,0,0,0,0,...,1
106,私立,技專校院,1168,南亞科技學校財團法人南亞技術學院,學士班(日間),女,978,120,12,15,0,16,47,5,1,0,0,0,0,0,0,...,24
106,私立,技專校院,1168,南亞科技學校財團法人南亞技術學院,學士班(進修),女,288,59,2,5,0,3,37,3,2,0,0,0,0,1,0,...,6
106,私立,技專校院,1168,南亞科技學校財團法人南亞技術學院,碩士班(日間),女,16,7,0,0,0,0,4,1,0,0,0,0,0,0,0,...,2
106,私立,一般大學,1176,稻江科技暨管理學院,學士班(日間),男,733,52,1,6,2,12,12,0,0,14,0,0,0,1,0,...,4
106,私立,一般大學,1176,稻江科技暨管理學院,學士班(進修),男,271,28,1,0,0,5,8,0,0,11,0,0,0,0,0,...,3
106,私立,一般大學,1176,稻江科技暨管理學院,碩士班(日間),男,37,5,0,0,0,0,3,0,0,0,0,1,0,1,0,...,0
106,私立,一般大學,1176,稻江科技暨管理學院,碩士在職專班,男,35,1,0,0,0,0,1,0,0,0,0,0,0,0,0,...,0
106,私立,一般大學,1176,稻江科技暨管理學院,學士班(日間),女,638,50,2,7,3,21,11,0,3,0,0,0,0,0,0,...,3
106,私立,一般大學,1176,稻江科技暨管理學院,學士班(進修),女,493,20,0,1,0,10,6,1,0,0,0,0,0,1,0,...,1
106,私立,一般大學,1176,稻江科技暨管理學院,碩士班(日間),女,42,7,0,0,0,2,3,0,0,0,0,0,0,1,0,...,1
106,私立,一般大學,1176,稻江科技暨管理學院,碩士在職專班,女,18,2,1,0,0,0,0,1,0,0,0,0,0,0,0,...,0
106,私立,技專校院,1182,蘭陽技術學院,五專,男,289,13,1,0,1,2,2,0,0,6,0,0,1,0,0,...,0
106,私立,技專校院,1182,蘭陽技術學院,學士班(日間),男,317,25,0,2,5,1,9,0,0,5,1,0,1,0,0,...,1
106,私立,技專校院,1182,蘭陽技術學院,五專,女,207,27,5,1,4,5,8,0,1,0,0,0,3,0,0,...,0
106,私立,技專校院,1182,蘭陽技術學院,學士班(日間),女,245,14,1,1,4,2,3,0,0,0,1,0,1,0,0,...,1
106,私立,技專校院,1183,黎明技術學院,二專(進修),男,12,14,0,0,0,1,4,0,0,1,0,0,0,0,0,...,8
106,私立,技專校院,1183,黎明技術學院,五專,男,598,170,5,4,43,26,24,0,0,4,0,0,0,0,0,...,64
106,私立,技專校院,1183,黎明技術學院,學士班(日間),男,1536,548,11,35,93,52,117,0,0,22,0,0,2,0,0,...,216
106,私立,技專校院,1183,黎明技術學院,學士班(進修),男,528,350,5,32,0,28,98,0,0,9,1,0,0,0,2,...,175
106,私立,技專校院,1183,黎明技術學院,二專(進修),女,61,23,0,1,0,2,7,0,1,0,0,0,0,0,0,...,12
106,私立,技專校院,1183,黎明技術學院,五專,女,97,27,2,2,5,6,6,0,0,0,0,0,0,0,0,...,6
106,私立,技專校院,1183,黎明技術學院,學士班(日間),女,1449,385,13,61,59,78,85,5,1,0,0,0,0,0,0,...,83
106,私立,技專校院,1183,黎明技術學院,學士班(進修),女,295,127,6,20,0,9,39,2,1,0,0,0,0,1,0,...,49
106,私立,技專校院,1185,德育學校財團法人德育護理健康學院,五專,男,376,45,2,2,3,11,10,0,0,3,1,0,0,0,0,...,13
106,私立,技專校院,1185,德育學校財團法人德育護理健康學院,學士班(日間),男,688,84,1,10,4,15,26,0,0,6,0,0,0,0,0,...,22
106,私立,技專校院,1185,德育學校財團法人德育護理健康學院,學士班(進修),男,110,26,0,0,1,3,17,0,0,3,0,0,0,0,0,...,2
106,私立,技專校院,1185,德育學校財團法人德育護理健康學院,碩士班(日間),男,11,2,0,0,0,0,1,0,0,0,0,1,0,0,0,...,0
106,私立,技專校院,1185,德育學校財團法人德育護理健康學院,碩士在職專班,男,12,2,1,0,0,0,0,0,0,0,0,0,0,0,0,...,1
106,私立,技專校院,1185,德育學校財團法人德育護理健康學院,五專,女,1089,87,3,6,16,21,20,1,2,1,1,0,0,0,0,...,16
106,私立,技專校院,1185,德育學校財團法人德育護理健康學院,學士班(日間),女,1269,93,6,13,5,15,27,3,5,0,3,0,1,0,0,...,15
106,私立,技專校院,1185,德育學校財團法人德育護理健康學院,學士班(進修),女,270,39,2,3,0,4,24,0,1,0,0,0,0,0,0,...,5
106,私立,技專校院,1185,德育學校財團法人德育護理健康學院,碩士班(日間),女,15,6,0,0,0,0,4,0,1,0,0,0,0,0,0,...,1
106,私立,技專校院,1185,德育學校財團法人德育護理健康學院,碩士在職專班,女,34,9,1,0,0,0,3,0,1,0,0,0,0,0,0,...,4
106,私立,技專校院,1188,大同技術學院,二專(進修),男,9,6,0,1,0,0,3,0,0,0,0,0,0,0,0,...,2
106,私立,技專校院,1188,大同技術學院,五專,男,112,28,0,1,4,4,7,0,0,2,0,0,0,0,0,...,10
106,私立,技專校院,1188,大同技術學院,學士班(日間),男,590,212,7,13,8,21,36,0,0,38,1,0,0,0,0,...,88
106,私立,技專校院,1188,大同技術學院,學士班(進修),男,187,43,0,0,0,1,15,0,0,8,1,0,0,0,0,...,18
106,私立,技專校院,1188,大同技術學院,二專(進修),女,9,0,0,0,0,0,0,0,0,0,0,0,0,0,0,...,0
106,私立,技專校院,1188,大同技術學院,五專,女,91,14,0,2,2,3,0,0,0,0,0,0,0,0,0,...,7
106,私立,技專校院,1188,大同技術學院,學士班(日間),女,733,134,9,16,5,14,44,3,0,0,0,0,0,0,0,...,43
106,私立,技專校院,1188,大同技術學院,學士班(進修),女,381,60,5,0,0,3,19,1,0,0,0,0,1,0,0,...,31
106,私立,技專校院,1192,臺灣觀光學院,二專(日間),男,1,1,0,0,0,0,0,0,0,0,0,0,0,0,0,...,1
106,私立,技專校院,1192,臺灣觀光學院,二專(進修),男,9,0,0,0,0,0,0,0,0,0,0,0,0,0,0,...,0
106,私立,技專校院,1192,臺灣觀光學院,五專,男,76,11,0,0,0,3,1,0,1,1,0,0,0,0,0,...,5
106,私立,技專校院,1192,臺灣觀光學院,學士班(日間),男,255,48,1,4,0,0,2,0,0,3,0,0,0,0,0,...,38
106,私立,技專校院,1192,臺灣觀光學院,學士班(進修),男,54,1,0,0,0,0,1,0,0,0,0,0,0,0,0,...,0
106,私立,技專校院,1192,臺灣觀光學院,碩士班(日間),男,9,2,0,0,0,0,0,0,0,1,0,0,0,0,0,...,1
106,私立,技專校院,1192,臺灣觀光學院,二專(進修),女,32,1,1,0,0,0,0,0,0,0,0,0,0,0,0,...,0
106,私立,技專校院,1192,臺灣觀光學院,五專,女,126,16,1,0,2,2,3,0,0,0,0,0,0,0,0,...,8
106,私立,技專校院,1192,臺灣觀光學院,學士班(日間),女,253,36,2,1,0,1,1,0,0,0,0,0,0,0,0,...,31
106,私立,技專校院,1192,臺灣觀光學院,學士班(進修),女,73,3,0,0,0,1,2,0,0,0,0,0,0,0,0,...,0
106,私立,技專校院,1192,臺灣觀光學院,碩士班(日間),女,8,4,0,0,0,0,2,0,0,0,0,0,0,0,0,...,2
106,私立,一般大學,1195,馬偕學校財團法人馬偕醫學院,學士班(日間),男,254,9,0,0,0,4,0,0,0,0,0,0,0,0,0,...,5
106,私立,一般大學,1195,馬偕學校財團法人馬偕醫學院,碩士班(日間),男,12,2,0,0,0,0,0,0,0,0,0,0,0,0,0,...,2
106,私立,一般大學,1195,馬偕學校財團法人馬偕醫學院,學士班(日間),女,371,13,0,0,0,6,0,0,0,0,0,0,0,0,0,...,7
106,私立,一般大學,1195,馬偕學校財團法人馬偕醫學院,碩士班(日間),女,29,10,0,0,0,0,0,0,0,0,0,0,0,0,0,...,10
106,私立,一般大學,1196,法鼓學校財團法人法鼓文理學院,學士班(日間),男,23,3,0,0,0,1,2,0,0,0,0,0,0,0,0,...,0
106,私立,一般大學,1196,法鼓學校財團法人法鼓文理學院,碩士班(日間),男,51,19,2,0,0,1,6,0,0,0,0,10,0,0,0,...,0
106,私立,一般大學,1196,法鼓學校財團法人法鼓文理學院,博士班,男,5,0,0,0,0,0,0,0,0,0,0,0,0,0,0,...,0
106,私立,一般大學,1196,法鼓學校財團法人法鼓文理學院,學士班(日間),女,40,6,0,0,0,4,2,0,0,0,0,0,0,0,0,...,0
106,私立,一般大學,1196,法鼓學校財團法人法鼓文理學院,碩士班(日間),女,137,34,1,2,0,0,2,6,0,0,0,22,0,1,0,...,0
106,私立,一般大學,1196,法鼓學校財團法人法鼓文理學院,博士班,女,11,1,0,0,0,0,0,0,0,0,0,1,0,0,0,...,0
106,私立,技專校院,1282,馬偕學校財團法人馬偕醫護管理專科學校,二專(日間),男,7,3,0,1,0,0,1,0,0,1,0,0,0,0,0,...,0
106,私立,技專校院,1282,馬偕學校財團法人馬偕醫護管理專科學校,二專(進修),男,154,8,0,0,0,0,6,0,0,0,0,0,0,0,0,...,2
106,私立,技專校院,1282,馬偕學校財團法人馬偕醫護管理專科學校,五專,男,471,19,0,0,7,5,4,0,0,1,0,0,0,0,0,...,2
106,私立,技專校院,1282,馬偕學校財團法人馬偕醫護管理專科學校,二專(日間),女,12,12,0,2,0,3,5,0,1,0,0,0,0,0,0,...,1
106,私立,技專校院,1282,馬偕學校財團法人馬偕醫護管理專科學校,二專(進修),女,150,10,0,0,0,1,8,0,1,0,0,0,0,0,0,...,0
106,私立,技專校院,1282,馬偕學校財團法人馬偕醫護管理專科學校,五專,女,3587,71,1,5,20,25,7,2,0,0,0,0,0,0,0,...,11
106,私立,技專校院,1283,仁德醫護管理專科學校,二專(進修),男,184,4,0,0,0,0,3,0,0,1,0,0,0,0,0,...,0
106,私立,技專校院,1283,仁德醫護管理專科學校,五專,男,1364,34,2,3,5,18,2,0,0,2,2,0,0,0,0,...,0
106,私立,技專校院,1283,仁德醫護管理專科學校,二專(進修),女,178,3,1,0,0,0,2,0,0,0,0,0,0,0,0,...,0
106,私立,技專校院,1283,仁德醫護管理專科學校,五專,女,4875,65,7,13,9,27,6,0,0,0,0,0,1,1,1,...,0
106,私立,技專校院,1284,樹人醫護管理專科學校,二專(進修),男,332,44,0,2,0,0,29,0,0,0,1,0,0,1,0,...,11
106,私立,技專校院,1284,樹人醫護管理專科學校,五專,男,1566,60,3,0,8,32,2,0,0,4,0,0,1,0,0,...,10
106,私立,技專校院,1284,樹人醫護管理專科學校,二專(進修),女,187,24,2,0,0,0,16,1,0,0,0,0,0,0,0,...,5
106,私立,技專校院,1284,樹人醫護管理專科學校,五專,女,5012,146,24,0,10,62,10,2,2,1,7,0,2,0,0,...,26
106,私立,技專校院,1285,慈惠醫護管理專科學校,二專(日間),男,54,5,0,1,0,0,2,0,0,0,0,0,0,0,0,...,2
106,私立,技專校院,1285,慈惠醫護管理專科學校,二專(進修),男,115,20,0,1,0,1,9,0,0,0,0,0,0,0,0,...,9
106,私立,技專校院,1285,慈惠醫護管理專科學校,五專,男,1203,58,4,2,1,25,6,0,0,15,0,0,0,0,0,...,5
106,私立,技專校院,1285,慈惠醫護管理專科學校,二專(日間),女,73,3,0,0,0,1,0,0,0,0,0,0,0,0,0,...,2
106,私立,技專校院,1285,慈惠醫護管理專科學校,二專(進修),女,191,21,3,1,0,0,4,2,0,0,0,0,0,0,0,...,11
106,私立,技專校院,1285,慈惠醫護管理專科學校,五專,女,3920,130,15,17,7,55,11,4,0,1,1,0,4,0,0,...,15
106,私立,技專校院,1286,耕莘健康管理專科學校,五專,男,532,37,3,0,0,9,3,0,0,6,0,0,1,4,1,...,10
106,私立,技專校院,1286,耕莘健康管理專科學校,二專(進修),女,88,1,1,0,0,0,0,0,0,0,0,0,0,0,0,...,0
106,私立,技專校院,1286,耕莘健康管理專科學校,五專,女,4597,136,15,5,0,65,10,4,2,0,4,0,3,3,2,...,23
106,私立,技專校院,1287,敏惠醫護管理專科學校,五專,男,466,20,1,1,3,8,1,0,0,3,0,0,0,0,0,...,3
106,私立,技專校院,1287,敏惠醫護管理專科學校,五專,女,3392,71,8,3,7,28,5,1,1,0,0,0,0,0,0,...,18
106,私立,技專校院,1289,育英醫護管理專科學校,五專,男,175,9,0,0,2,6,1,0,0,0,0,0,0,0,0,...,0
106,私立,技專校院,1289,育英醫護管理專科學校,五專,女,1794,37,4,2,8,16,1,0,0,0,3,0,0,1,0,...,2
106,私立,技專校院,1291,聖母醫護管理專科學校,五專,男,715,35,2,1,12,15,2,0,0,2,1,0,0,0,0,...,0
106,私立,技專校院,1291,聖母醫護管理專科學校,五專,女,2440,94,4,5,21,49,3,2,2,1,0,0,4,0,0,...,3
106,私立,技專校院,1292,新生醫護管理專科學校,二專(進修),男,31,4,0,0,0,0,3,0,0,0,0,0,0,0,0,...,1
106,私立,技專校院,1292,新生醫護管理專科學校,五專,男,740,37,1,4,5,2,6,0,0,0,0,0,0,0,0,...,19
106,私立,技專校院,1292,新生醫護管理專科學校,二專(進修),女,56,7,2,0,0,0,3,0,0,0,0,0,0,0,0,...,2
106,私立,技專校院,1292,新生醫護管理專科學校,五專,女,5197,190,13,31,11,10,22,2,4,0,0,0,0,0,0,...,97
106,私立,技專校院,1293,崇仁醫護管理專科學校,五專,男,428,12,2,0,0,8,0,0,0,0,0,0,0,0,0,...,2
106,私立,技專校院,1293,崇仁醫護管理專科學校,五專,女,3075,47,13,2,3,19,4,0,1,0,0,0,0,0,0,...,5
106,私立,宗教研修學院,1R02,學校財團法人中華浸信會基督教台灣浸會神學院,碩士班(日間),男,15,0,0,0,0,0,0,0,0,0,0,0,0,0,0,...,0
106,私立,宗教研修學院,1R02,學校財團法人中華浸信會基督教台灣浸會神學院,碩士班(日間),女,12,0,0,0,0,0,0,0,0,0,0,0,0,0,0,...,0
106,私立,宗教研修學院,1R03,臺北基督學院,學士班(日間),男,52,16,1,3,5,1,0,0,0,0,0,0,0,0,0,...,6
106,私立,宗教研修學院,1R03,臺北基督學院,學士班(日間),女,64,10,0,2,2,2,0,0,0,0,1,0,0,0,0,...,3
106,私立,宗教研修學院,1R04,財團法人一貫道天皇基金會一貫道天皇學院,學士班(日間),男,16,3,0,1,0,0,2,0,0,0,0,0,0,0,0,...,0
106,私立,宗教研修學院,1R04,財團法人一貫道天皇基金會一貫道天皇學院,碩士班(日間),男,11,0,0,0,0,0,0,0,0,0,0,0,0,0,0,...,0
106,私立,宗教研修學院,1R04,財團法人一貫道天皇基金會一貫道天皇學院,學士班(日間),女,24,4,2,0,0,1,1,0,0,0,0,0,0,0,0,...,0
106,私立,宗教研修學院,1R04,財團法人一貫道天皇基金會一貫道天皇學院,碩士班(日間),女,21,5,1,0,0,0,2,0,1,0,0,0,0,0,0,...,1
106,私立,宗教研修學院,1R05,台神學校財團法人台灣神學研究學院,碩士班(日間),男,23,0,0,0,0,0,0,0,0,0,0,0,0,0,0,...,0
106,私立,宗教研修學院,1R05,台神學校財團法人台灣神學研究學院,碩士班(日間),女,31,4,0,0,0,1,1,1,1,0,0,0,0,0,0,...,0
106,私立,宗教研修學院,1R06,一貫道崇德學院,碩士班(日間),男,15,0,0,0,0,0,0,0,0,0,0,0,0,0,0,...,0
106,私立,宗教研修學院,1R06,一貫道崇德學院,碩士班(日間),女,13,0,0,0,0,0,0,0,0,0,0,0,0,0,0,...,0
106,公立,一般大學,3002,臺北市立大學,學士班(日間),男,2385,138,4,10,16,38,29,0,0,5,7,0,2,0,1,...,26
106,公立,一般大學,3002,臺北市立大學,碩士班(日間),男,383,75,0,5,0,3,37,0,2,11,2,2,0,0,3,...,10
106,公立,一般大學,3002,臺北市立大學,碩士在職專班,男,302,57,2,1,0,1,33,0,7,0,1,6,1,1,0,...,4
106,公立,一般大學,3002,臺北市立大學,博士班,男,98,28,1,1,0,0,19,0,3,1,0,2,0,1,0,...,0
106,公立,一般大學,3002,臺北市立大學,學士班(日間),女,2891,110,8,9,8,31,13,0,3,0,2,0,2,0,1,...,33
106,公立,一般大學,3002,臺北市立大學,碩士班(日間),女,810,157,6,10,0,4,79,3,15,0,1,11,0,2,0,...,26
106,公立,一般大學,3002,臺北市立大學,碩士在職專班,女,676,111,12,3,0,0,55,7,22,0,0,6,0,1,0,...,5
106,公立,一般大學,3002,臺北市立大學,博士班,女,130,41,4,0,0,0,24,0,7,0,0,5,0,0,0,...,1
107,公立,一般大學,0001,國立政治大學,學士班(日間),男,3983,180,11,2,3,79,7,0,0,8,29,0,0,0,0,...,41
107,公立,一般大學,0001,國立政治大學,碩士班(日間),男,1854,386,10,5,1,69,80,0,13,39,10,49,0,0,0,...,110
107,公立,一般大學,0001,國立政治大學,碩士在職專班,男,896,358,3,0,0,13,217,0,37,0,1,19,0,0,0,...,68
107,公立,一般大學,0001,國立政治大學,博士班,男,551,213,7,0,0,22,46,0,37,8,4,34,0,0,0,...,55
107,公立,一般大學,0001,國立政治大學,學士班(日間),女,5647,205,24,1,3,65,14,1,0,0,52,0,0,0,0,...,45
107,公立,一般大學,0001,國立政治大學,碩士班(日間),女,2144,455,20,3,0,92,128,5,28,0,12,54,0,0,0,...,113
107,公立,一般大學,0001,國立政治大學,碩士在職專班,女,854,333,11,0,0,18,173,10,54,0,6,22,0,0,0,...,39
107,公立,一般大學,0001,國立政治大學,博士班,女,414,144,5,3,0,20,26,4,28,0,3,23,0,0,0,...,32
107,公立,一般大學,0002,國立清華大學,學士班(日間),男,4737,246,14,2,24,91,13,0,0,7,43,0,15,0,0,...,37
107,公立,一般大學,0002,國立清華大學,碩士班(日間),男,3141,253,10,0,34,9,77,0,4,6,14,16,6,0,1,...,76
107,公立,一般大學,0002,國立清華大學,碩士在職專班,男,459,52,2,0,2,0,28,0,6,0,1,2,0,0,0,...,11
107,公立,一般大學,0002,國立清華大學,博士班,男,1221,234,11,3,25,1,61,0,20,11,3,2,1,0,0,...,96
107,公立,一般大學,0002,國立清華大學,學士班(日間),女,4017,162,11,1,8,56,6,1,4,0,57,0,2,0,0,...,16
107,公立,一般大學,0002,國立清華大學,碩士班(日間),女,1877,252,11,6,21,8,81,10,36,0,15,22,4,1,0,...,37
107,公立,一般大學,0002,國立清華大學,碩士在職專班,女,762,95,5,0,0,0,32,4,28,0,1,3,0,0,0,...,22
107,公立,一般大學,0002,國立清華大學,博士班,女,443,92,7,0,15,1,22,2,19,0,3,1,0,0,0,...,22
107,公立,一般大學,0003,國立臺灣大學,學士班(日間),男,9447,540,28,5,0,167,10,0,0,7,18,0,0,0,0,...,305
107,公立,一般大學,0003,國立臺灣大學,碩士班(日間),男,6178,828,22,24,24,0,161,0,27,24,48,159,0,0,0,...,339
107,公立,一般大學,0003,國立臺灣大學,碩士在職專班,男,904,170,9,1,0,0,88,0,6,0,2,44,0,0,0,...,20
107,公立,一般大學,0003,國立臺灣大學,博士班,男,2405,728,30,19,6,0,119,0,85,11,27,252,0,0,0,...,179
107,公立,一般大學,0003,國立臺灣大學,學士班(日間),女,7157,329,45,3,0,105,5,0,0,0,19,0,0,0,0,...,152
107,公立,一般大學,0003,國立臺灣大學,碩士班(日間),女,4019,572,40,14,14,0,123,2,38,0,36,130,0,0,0,...,175
107,公立,一般大學,0003,國立臺灣大學,碩士在職專班,女,581,103,6,1,0,0,33,5,13,0,1,24,0,0,0,...,20
107,公立,一般大學,0003,國立臺灣大學,博士班,女,1054,364,16,3,0,0,54,5,51,0,11,132,0,0,0,...,92
107,公立,一般大學,0004,國立臺灣師範大學,學士班(日間),男,3583,169,7,3,10,75,22,0,2,6,24,0,19,0,0,...,1
107,公立,一般大學,0004,國立臺灣師範大學,碩士班(日間),男,1714,375,7,6,2,19,141,0,8,36,9,94,8,0,14,...,31
107,公立,一般大學,0004,國立臺灣師範大學,碩士在職專班,男,596,157,4,3,0,1,9,0,24,0,2,102,0,0,0,...,12
107,公立,一般大學,0004,國立臺灣師範大學,博士班,男,685,186,6,5,0,0,53,0,46,3,4,48,0,1,0,...,20
107,公立,一般大學,0004,國立臺灣師範大學,學士班(日間),女,4496,166,10,4,17,65,14,0,2,0,41,0,13,0,0,...,0
107,公立,一般大學,0004,國立臺灣師範大學,碩士班(日間),女,2369,506,10,2,0,14,180,10,49,0,29,141,5,1,31,...,34
107,公立,一般大學,0004,國立臺灣師範大學,碩士在職專班,女,1446,328,1,2,0,2,12,17,92,0,3,169,0,1,0,...,29
107,公立,一般大學,0004,國立臺灣師範大學,博士班,女,693,232,8,4,0,1,66,9,66,0,6,54,1,1,1,...,15
107,公立,一般大學,0005,國立成功大學,學士班(日間),男,7123,349,15,1,25,67,2,0,1,6,5,0,15,11,16,...,185
107,公立,一般大學,0005,國立成功大學,碩士班(日間),男,4244,279,8,6,5,9,33,0,6,12,3,34,7,12,4,...,140
107,公立,一般大學,0005,國立成功大學,碩士在職專班,男,873,169,4,1,1,0,80,0,24,0,0,17,0,4,0,...,38
107,公立,一般大學,0005,國立成功大學,博士班,男,1241,343,2,2,18,0,45,0,52,14,0,71,0,22,2,...,115
107,公立,一般大學,0005,國立成功大學,學士班(日間),女,4267,199,10,0,5,60,1,1,0,0,2,0,5,7,7,...,101
107,公立,一般大學,0005,國立成功大學,碩士班(日間),女,2476,254,6,0,8,3,42,4,16,0,0,36,11,13,6,...,109
107,公立,一般大學,0005,國立成功大學,碩士在職專班,女,513,75,3,0,0,0,16,2,18,0,0,13,0,0,0,...,23
107,公立,一般大學,0005,國立成功大學,博士班,女,539,167,6,0,3,0,22,9,32,0,1,29,0,10,0,...,55
107,公立,一般大學,0006,國立中興大學,學士班(日間),男,4685,175,15,3,18,79,9,0,0,4,25,0,1,12,1,...,8
107,公立,一般大學,0006,國立中興大學,學士班(進修),男,399,40,4,2,1,4,21,0,0,0,1,0,0,4,1,...,2
107,公立,一般大學,0006,國立中興大學,碩士班(日間),男,2049,224,16,14,3,31,70,0,1,17,4,32,0,14,16,...,6
107,公立,一般大學,0006,國立中興大學,碩士在職專班,男,1006,245,6,3,0,0,124,0,41,0,6,45,0,14,3,...,3
107,公立,一般大學,0006,國立中興大學,博士班,男,662,159,3,4,0,1,54,0,23,10,5,44,0,12,1,...,2
107,公立,一般大學,0006,國立中興大學,學士班(日間),女,3405,120,16,3,4,56,2,0,0,0,23,0,1,6,3,...,6
107,公立,一般大學,0006,國立中興大學,學士班(進修),女,547,48,10,2,0,5,24,1,1,0,3,0,0,1,0,...,1
107,公立,一般大學,0006,國立中興大學,碩士班(日間),女,1352,164,11,11,1,19,54,0,7,0,8,25,0,20,2,...,6
107,公立,一般大學,0006,國立中興大學,碩士在職專班,女,500,132,7,5,0,1,45,2,29,0,1,22,0,13,3,...,4
107,公立,一般大學,0006,國立中興大學,博士班,女,279,82,5,2,0,0,24,3,14,0,2,24,0,5,2,...,1
107,公立,一般大學,0007,國立陽明交通大學,學士班(日間),男,3735,171,11,2,31,61,8,0,0,4,20,0,2,1,4,...,27
107,公立,一般大學,0007,國立陽明交通大學,碩士班(日間),男,3843,240,11,7,3,25,44,0,3,47,18,50,6,7,5,...,14
107,公立,一般大學,0007,國立陽明交通大學,碩士在職專班,男,1029,224,7,1,0,1,125,0,54,0,3,26,1,3,2,...,1
107,公立,一般大學,0007,國立陽明交通大學,博士班,男,1380,271,13,5,7,2,82,0,50,20,2,64,1,6,1,...,18
107,公立,一般大學,0007,國立陽明交通大學,學士班(日間),女,1663,65,0,1,6,14,1,1,0,0,20,0,2,1,5,...,14
107,公立,一般大學,0007,國立陽明交通大學,碩士班(日間),女,1768,142,11,6,2,12,41,2,6,0,11,27,2,3,6,...,13
107,公立,一般大學,0007,國立陽明交通大學,碩士在職專班,女,504,102,6,0,0,0,41,12,27,0,1,9,0,3,0,...,3
107,公立,一般大學,0007,國立陽明交通大學,博士班,女,349,86,11,4,1,2,18,3,25,0,3,11,0,3,1,...,4
107,公立,一般大學,0008,國立中央大學,學士班(日間),男,3872,129,6,1,39,61,3,0,0,0,9,1,0,3,1,...,5
107,公立,一般大學,0008,國立中央大學,碩士班(日間),男,2349,163,2,13,6,29,55,0,2,12,3,30,0,6,4,...,1
107,公立,一般大學,0008,國立中央大學,碩士在職專班,男,883,156,3,2,0,0,91,0,26,0,1,30,0,3,0,...,0
107,公立,一般大學,0008,國立中央大學,博士班,男,763,173,9,11,3,0,47,0,28,10,2,55,0,4,1,...,3
107,公立,一般大學,0008,國立中央大學,學士班(日間),女,2185,58,7,2,3,30,2,0,0,0,11,0,0,0,0,...,3
107,公立,一般大學,0008,國立中央大學,碩士班(日間),女,1160,117,4,15,4,11,39,2,5,0,0,25,0,4,5,...,3
107,公立,一般大學,0008,國立中央大學,碩士在職專班,女,465,76,0,1,1,0,34,5,13,0,0,18,0,2,0,...,2
107,公立,一般大學,0008,國立中央大學,博士班,女,283,56,3,5,1,2,12,3,9,0,2,16,0,2,0,...,1
107,公立,一般大學,0009,國立中山大學,學士班(日間),男,2953,110,4,0,6,26,6,0,0,3,9,0,5,0,4,...,47
107,公立,一般大學,0009,國立中山大學,碩士班(日間),男,1841,225,4,4,3,5,52,0,3,7,8,30,5,1,12,...,91
107,公立,一般大學,0009,國立中山大學,碩士在職專班,男,523,100,1,1,0,1,45,0,5,0,2,15,0,0,1,...,29
107,公立,一般大學,0009,國立中山大學,博士班,男,534,134,4,0,0,1,40,0,12,1,0,36,0,0,2,...,38
107,公立,一般大學,0009,國立中山大學,學士班(日間),女,1773,65,5,0,0,19,3,0,1,0,13,0,1,0,3,...,20
107,公立,一般大學,0009,國立中山大學,碩士班(日間),女,1048,163,5,4,1,4,40,2,11,0,7,29,0,1,1,...,58
107,公立,一般大學,0009,國立中山大學,碩士在職專班,女,502,120,5,1,0,0,36,3,19,0,1,17,0,2,1,...,35
107,公立,一般大學,0009,國立中山大學,博士班,女,251,87,2,1,0,0,21,2,12,0,3,20,0,1,0,...,25
107,公立,一般大學,0012,國立臺灣海洋大學,學士班(日間),男,4002,150,10,4,19,36,12,0,0,9,22,0,6,6,12,...,14
107,公立,一般大學,0012,國立臺灣海洋大學,學士班(進修),男,391,42,1,5,1,4,14,0,0,5,1,0,1,4,1,...,5
107,公立,一般大學,0012,國立臺灣海洋大學,碩士班(日間),男,911,126,2,3,1,14,34,0,1,23,3,6,7,18,4,...,10
107,公立,一般大學,0012,國立臺灣海洋大學,碩士在職專班,男,334,59,3,1,0,0,38,0,0,0,0,5,0,4,0,...,8
107,公立,一般大學,0012,國立臺灣海洋大學,博士班,男,230,42,4,0,0,0,14,0,2,6,0,1,0,12,0,...,3
107,公立,一般大學,0012,國立臺灣海洋大學,學士班(日間),女,1767,44,5,2,6,11,3,0,0,0,5,0,2,2,2,...,6
107,公立,一般大學,0012,國立臺灣海洋大學,學士班(進修),女,226,23,0,0,2,4,10,1,0,0,0,0,0,0,0,...,6
107,公立,一般大學,0012,國立臺灣海洋大學,碩士班(日間),女,505,75,5,5,1,7,20,1,1,0,2,6,2,8,5,...,12
107,公立,一般大學,0012,國立臺灣海洋大學,碩士在職專班,女,218,35,3,0,0,2,12,3,4,0,0,2,0,5,0,...,4
107,公立,一般大學,0012,國立臺灣海洋大學,博士班,女,71,20,2,0,0,0,8,4,2,0,0,2,0,2,0,...,0
107,公立,一般大學,0013,國立中正大學,學士班(日間),男,3591,144,8,4,15,73,8,0,0,0,12,1,1,5,6,...,11
107,公立,一般大學,0013,國立中正大學,碩士班(日間),男,1739,215,9,14,4,25,49,0,2,7,0,49,3,12,17,...,24
107,公立,一般大學,0013,國立中正大學,碩士在職專班,男,640,133,5,2,2,0,55,0,10,0,1,41,0,10,3,...,4
107,公立,一般大學,0013,國立中正大學,博士班,男,407,92,2,1,2,0,29,0,17,2,1,20,0,5,2,...,11
107,公立,一般大學,0013,國立中正大學,學士班(日間),女,2988,84,8,2,6,38,1,0,0,0,11,0,5,5,2,...,6
107,公立,一般大學,0013,國立中正大學,碩士班(日間),女,1060,160,1,7,6,7,39,3,4,0,3,37,2,15,19,...,17
107,公立,一般大學,0013,國立中正大學,碩士在職專班,女,710,143,4,0,2,2,47,6,30,0,3,36,0,11,0,...,2
107,公立,一般大學,0013,國立中正大學,博士班,女,193,49,4,0,1,0,13,2,7,0,0,11,0,5,0,...,6
107,公立,一般大學,0014,國立高雄師範大學,學士班(日間),男,1676,46,2,0,1,32,4,0,0,1,0,0,0,0,0,...,6
107,公立,一般大學,0014,國立高雄師範大學,碩士班(日間),男,531,130,2,3,0,7,52,0,10,10,1,29,0,0,0,...,16
107,公立,一般大學,0014,國立高雄師範大學,碩士在職專班,男,477,98,1,0,2,0,24,0,16,0,0,5,0,0,0,...,50
107,公立,一般大學,0014,國立高雄師範大學,博士班,男,216,47,0,1,0,1,16,0,7,0,0,17,0,0,0,...,5
107,公立,一般大學,0014,國立高雄師範大學,學士班(日間),女,1816,58,0,3,3,35,7,0,1,0,4,0,0,0,0,...,5
107,公立,一般大學,0014,國立高雄師範大學,碩士班(日間),女,862,244,6,3,0,16,96,6,25,0,1,61,0,1,0,...,29
107,公立,一般大學,0014,國立高雄師範大學,碩士在職專班,女,875,174,10,2,2,0,28,9,34,0,0,3,0,1,0,...,85
107,公立,一般大學,0014,國立高雄師範大學,博士班,女,225,68,2,1,0,0,22,4,10,0,0,17,0,0,0,...,12
107,公立,一般大學,0015,國立彰化師範大學,學士班(日間),男,2587,107,8,3,6,38,6,0,0,2,10,0,1,3,3,...,27
107,公立,一般大學,0015,國立彰化師範大學,碩士班(日間),男,751,171,5,6,1,1,57,0,5,20,1,19,0,2,15,...,39
107,公立,一般大學,0015,國立彰化師範大學,碩士在職專班,男,602,104,1,0,17,0,57,0,8,0,1,11,0,3,1,...,5
107,公立,一般大學,0015,國立彰化師範大學,博士班,男,305,55,3,1,0,0,22,0,2,2,2,14,0,2,0,...,7
107,公立,一般大學,0015,國立彰化師範大學,學士班(日間),女,2337,66,7,1,0,26,3,0,0,0,8,0,0,0,7,...,14
107,公立,一般大學,0015,國立彰化師範大學,碩士班(日間),女,774,192,6,8,0,7,53,7,17,0,1,35,0,4,22,...,32
107,公立,一般大學,0015,國立彰化師範大學,碩士在職專班,女,784,160,4,1,12,0,63,11,29,0,0,19,1,9,2,...,9
107,公立,一般大學,0015,國立彰化師範大學,博士班,女,193,60,5,0,0,0,23,3,7,0,1,8,0,5,0,...,8
107,公立,一般大學,0016,國立陽明大學,學士班(日間),男,1167,69,7,0,4,37,0,0,0,0,9,0,0,0,1,...,11
107,公立,一般大學,0016,國立陽明大學,碩士班(日間),男,517,56,4,0,3,8,13,0,2,1,2,7,4,0,0,...,12
107,公立,一般大學,0016,國立陽明大學,碩士在職專班,男,44,6,0,0,0,0,6,0,0,0,0,0,0,0,0,...,0
107,公立,一般大學,0016,國立陽明大學,博士班,男,495,136,3,0,3,1,43,0,13,6,10,30,0,4,1,...,22
107,公立,一般大學,0016,國立陽明大學,學士班(日間),女,917,45,3,0,4,25,0,0,0,0,9,0,0,0,0,...,4
107,公立,一般大學,0016,國立陽明大學,碩士班(日間),女,740,139,5,2,0,14,36,3,14,0,2,18,1,2,3,...,39
107,公立,一般大學,0016,國立陽明大學,碩士在職專班,女,97,12,1,0,0,0,3,0,4,0,0,1,0,0,0,...,3
107,公立,一般大學,0016,國立陽明大學,博士班,女,357,108,6,1,1,2,21,1,27,0,2,29,1,3,0,...,14
107,公立,一般大學,0017,國立臺北大學,學士班(日間),男,2655,103,2,0,16,32,8,0,0,0,21,0,6,1,3,...,14
107,公立,一般大學,0017,國立臺北大學,學士班(進修),男,791,93,7,0,7,10,47,0,1,2,0,0,0,0,0,...,19
107,公立,一般大學,0017,國立臺北大學,碩士班(日間),男,652,124,0,3,0,3,45,0,1,7,2,36,0,1,5,...,21
107,公立,一般大學,0017,國立臺北大學,碩士在職專班,男,236,42,0,0,0,0,29,0,2,0,0,5,0,1,0,...,5
107,公立,一般大學,0017,國立臺北大學,博士班,男,126,43,3,0,0,0,23,0,0,1,2,9,0,0,0,...,5
107,公立,一般大學,0017,國立臺北大學,學士班(日間),女,3167,81,2,3,9,21,5,0,0,0,23,0,2,2,1,...,13
107,公立,一般大學,0017,國立臺北大學,學士班(進修),女,1296,115,7,2,2,8,57,1,5,0,5,0,0,3,0,...,25
107,公立,一般大學,0017,國立臺北大學,碩士班(日間),女,678,125,1,4,1,0,51,3,6,0,4,22,1,1,10,...,21
107,公立,一般大學,0017,國立臺北大學,碩士在職專班,女,251,49,2,0,0,0,28,4,5,0,0,4,0,0,0,...,6
107,公立,一般大學,0017,國立臺北大學,博士班,女,71,16,1,0,0,0,6,0,3,0,1,3,0,0,0,...,2
107,公立,一般大學,0018,國立嘉義大學,學士班(日間),男,3928,194,11,5,34,83,12,0,0,14,8,0,0,0,0,...,27
107,公立,一般大學,0018,國立嘉義大學,學士班(進修),男,1295,171,6,4,23,7,69,0,0,20,5,1,0,0,0,...,36
107,公立,一般大學,0018,國立嘉義大學,碩士班(日間),男,619,148,6,9,10,1,56,0,3,26,0,15,0,0,0,...,22
107,公立,一般大學,0018,國立嘉義大學,碩士在職專班,男,396,113,4,2,1,0,51,0,2,0,0,14,0,0,0,...,39
107,公立,一般大學,0018,國立嘉義大學,博士班,男,109,29,2,1,0,0,17,0,1,0,1,1,0,0,0,...,6
107,公立,一般大學,0018,國立嘉義大學,學士班(日間),女,3746,170,16,3,29,77,14,0,0,0,12,0,0,0,0,...,19
107,公立,一般大學,0018,國立嘉義大學,學士班(進修),女,786,74,4,5,11,4,14,3,5,1,1,0,0,0,0,...,26
107,公立,一般大學,0018,國立嘉義大學,碩士班(日間),女,687,200,14,7,7,5,88,4,16,0,3,13,0,0,0,...,43
107,公立,一般大學,0018,國立嘉義大學,碩士在職專班,女,569,137,9,3,0,0,47,9,17,0,2,8,1,0,0,...,41
107,公立,一般大學,0018,國立嘉義大學,博士班,女,84,17,3,0,1,0,3,0,1,0,0,6,0,0,0,...,3
107,公立,一般大學,0019,國立高雄大學,學士班(日間),男,2465,85,8,6,33,22,6,0,0,0,0,0,0,0,0,...,10
107,公立,一般大學,0019,國立高雄大學,學士班(進修),男,106,27,2,3,2,0,17,0,1,0,0,0,0,0,0,...,2
107,公立,一般大學,0019,國立高雄大學,碩士班(日間),男,404,84,5,9,12,13,25,0,1,0,0,0,0,0,0,...,19
107,公立,一般大學,0019,國立高雄大學,碩士在職專班,男,297,93,3,5,5,0,69,0,4,0,0,0,0,0,0,...,7
107,公立,一般大學,0019,國立高雄大學,博士班,男,21,8,2,0,1,0,5,0,0,0,0,0,0,0,0,...,0
107,公立,一般大學,0019,國立高雄大學,學士班(日間),女,1812,62,8,2,22,19,6,0,1,0,0,0,0,0,0,...,4
107,公立,一般大學,0019,國立高雄大學,學士班(進修),女,68,21,2,1,0,0,15,0,2,0,0,0,0,0,0,...,1
107,公立,一般大學,0019,國立高雄大學,碩士班(日間),女,232,41,1,2,5,4,27,0,1,0,0,0,0,0,0,...,1
107,公立,一般大學,0019,國立高雄大學,碩士在職專班,女,157,68,3,2,4,0,48,1,5,0,0,0,0,0,0,...,5
107,公立,一般大學,0019,國立高雄大學,博士班,女,3,1,0,0,0,0,1,0,0,0,0,0,0,0,0,...,0
107,公立,一般大學,0020,國立東華大學,學士班(日間),男,3616,208,15,7,23,33,20,0,0,11,10,0,5,16,6,...,62
107,公立,一般大學,0020,國立東華大學,碩士班(日間),男,766,238,5,14,1,9,80,0,10,20,3,50,2,9,1,...,34
107,公立,一般大學,0020,國立東華大學,碩士在職專班,男,226,99,3,5,0,0,58,0,5,0,1,13,0,7,2,...,5
107,公立,一般大學,0020,國立東華大學,博士班,男,231,83,2,2,1,1,39,0,7,4,1,13,0,5,1,...,7
107,公立,一般大學,0020,國立東華大學,學士班(日間),女,3915,170,18,8,10,33,4,3,2,2,8,0,5,8,12,...,57
107,公立,一般大學,0020,國立東華大學,碩士班(日間),女,735,261,8,16,2,3,86,4,35,0,4,49,4,14,6,...,30
107,公立,一般大學,0020,國立東華大學,碩士在職專班,女,295,130,4,1,0,0,73,2,9,0,0,19,0,8,2,...,12
107,公立,一般大學,0020,國立東華大學,博士班,女,144,60,3,1,1,1,24,1,6,0,0,11,0,4,0,...,8
107,公立,一般大學,0021,國立暨南國際大學,學士班(日間),男,2102,67,7,1,5,9,2,0,0,4,1,0,32,6,0,...,0
107,公立,一般大學,0021,國立暨南國際大學,碩士班(日間),男,422,70,3,1,2,1,40,0,2,4,0,6,0,10,1,...,0
107,公立,一般大學,0021,國立暨南國際大學,碩士在職專班,男,191,29,3,1,0,0,20,0,0,0,0,0,0,4,1,...,0
107,公立,一般大學,0021,國立暨南國際大學,博士班,男,163,42,5,1,1,0,24,0,3,0,0,5,0,3,0,...,0
107,公立,一般大學,0021,國立暨南國際大學,學士班(日間),女,2497,58,6,2,1,7,4,0,0,0,0,0,27,10,1,...,0
107,公立,一般大學,0021,國立暨南國際大學,碩士班(日間),女,426,102,10,2,0,0,57,3,11,0,2,6,0,10,1,...,0
107,公立,一般大學,0021,國立暨南國際大學,碩士在職專班,女,238,30,4,0,1,0,17,1,1,0,0,2,0,3,1,...,0
107,公立,一般大學,0021,國立暨南國際大學,博士班,女,161,35,5,0,0,0,13,1,6,0,2,5,0,3,0,...,0
107,公立,技專校院,0022,國立臺灣科技大學,學士班(日間),男,4050,130,12,3,29,37,18,0,0,6,7,0,0,2,1,...,15
107,公立,技專校院,0022,國立臺灣科技大學,碩士班(日間),男,2409,224,16,10,32,44,77,0,0,15,2,0,0,0,1,...,27
107,公立,技專校院,0022,國立臺灣科技大學,碩士在職專班,男,533,76,2,0,4,0,58,0,8,0,0,0,0,0,0,...,4
107,公立,技專校院,0022,國立臺灣科技大學,博士班,男,798,184,7,5,31,0,88,0,24,10,0,4,0,0,0,...,15
107,公立,技專校院,0022,國立臺灣科技大學,學士班(日間),女,1778,49,7,0,10,16,5,0,0,0,6,0,0,0,0,...,5
107,公立,技專校院,0022,國立臺灣科技大學,學士班(進修),女,3,0,0,0,0,0,0,0,0,0,0,0,0,0,0,...,0
107,公立,技專校院,0022,國立臺灣科技大學,碩士班(日間),女,1091,84,6,7,9,9,34,0,3,0,3,0,0,0,0,...,13
107,公立,技專校院,0022,國立臺灣科技大學,碩士在職專班,女,265,33,2,0,0,0,23,0,5,0,1,0,0,0,0,...,2
107,公立,技專校院,0022,國立臺灣科技大學,博士班,女,210,55,2,0,7,0,24,2,15,0,0,0,0,1,0,...,4
107,公立,技專校院,0023,國立雲林科技大學,學士班(日間),男,3872,110,10,10,23,24,20,0,0,1,1,0,7,0,1,...,13
107,公立,技專校院,0023,國立雲林科技大學,學士班(進修),男,36,3,1,0,0,1,1,0,0,0,0,0,0,0,0,...,0
107,公立,技專校院,0023,國立雲林科技大學,碩士班(日間),男,1219,151,4,26,15,35,36,0,2,5,1,10,2,2,0,...,13
107,公立,技專校院,0023,國立雲林科技大學,碩士在職專班,男,402,84,1,9,1,2,63,0,2,0,1,3,0,0,0,...,2
107,公立,技專校院,0023,國立雲林科技大學,博士班,男,262,80,0,4,2,1,46,0,11,6,0,6,0,0,0,...,4
107,公立,技專校院,0023,國立雲林科技大學,學士班(日間),女,2707,66,9,7,10,21,8,1,0,0,0,0,2,0,0,...,8
107,公立,技專校院,0023,國立雲林科技大學,學士班(進修),女,50,1,0,0,0,0,0,0,0,0,0,0,1,0,0,...,0
107,公立,技專校院,0023,國立雲林科技大學,碩士班(日間),女,715,100,4,23,8,11,31,1,5,0,0,8,1,2,0,...,6
107,公立,技專校院,0023,國立雲林科技大學,碩士在職專班,女,312,84,4,14,1,0,43,4,9,0,0,7,0,1,0,...,1
107,公立,技專校院,0023,國立雲林科技大學,博士班,女,157,45,1,10,0,1,19,2,3,0,0,3,0,1,0,...,5
107,公立,技專校院,0024,國立屏東科技大學,學士班(日間),男,4136,173,2,3,11,34,16,0,1,6,13,0,2,18,11,...,56
107,公立,技專校院,0024,國立屏東科技大學,學士班(進修),男,799,42,0,2,0,4,18,0,0,2,0,0,0,5,1,...,10
107,公立,技專校院,0024,國立屏東科技大學,碩士班(日間),男,668,115,0,5,0,3,32,0,1,5,0,6,1,15,11,...,36
107,公立,技專校院,0024,國立屏東科技大學,碩士在職專班,男,284,45,1,0,0,0,29,0,3,1,0,1,0,4,1,...,5
107,公立,技專校院,0024,國立屏東科技大學,博士班,男,165,52,0,2,0,0,16,0,6,1,0,3,0,6,0,...,18
107,公立,技專校院,0024,國立屏東科技大學,學士班(日間),女,3703,98,3,1,2,29,1,0,4,0,8,0,1,13,6,...,30
107,公立,技專校院,0024,國立屏東科技大學,學士班(進修),女,672,29,0,2,0,4,5,2,2,0,0,0,0,5,1,...,8
107,公立,技專校院,0024,國立屏東科技大學,碩士班(日間),女,492,107,2,8,0,1,37,2,5,0,2,4,0,8,6,...,32
107,公立,技專校院,0024,國立屏東科技大學,碩士在職專班,女,120,19,2,0,0,1,5,0,1,0,0,0,0,5,0,...,5
107,公立,技專校院,0024,國立屏東科技大學,博士班,女,83,24,0,0,0,0,10,0,1,0,0,2,0,3,0,...,8
107,公立,技專校院,0025,國立臺北科技大學,五專,男,26,0,0,0,0,0,0,0,0,0,0,0,0,0,0,...,0
107,公立,技專校院,0025,國立臺北科技大學,學士班(日間),男,4200,133,10,7,28,33,5,0,0,24,7,0,0,2,9,...,8
107,公立,技專校院,0025,國立臺北科技大學,學士班(進修),男,1624,34,5,4,4,4,12,0,2,2,0,0,0,1,0,...,0
107,公立,技專校院,0025,國立臺北科技大學,碩士班(日間),男,2130,150,13,19,2,11,27,0,2,40,3,9,1,6,3,...,14
107,公立,技專校院,0025,國立臺北科技大學,碩士在職專班,男,1105,163,6,2,0,0,122,0,19,3,1,1,0,4,0,...,5
107,公立,技專校院,0025,國立臺北科技大學,博士班,男,537,133,6,11,3,0,60,0,11,7,1,16,0,8,1,...,9
107,公立,技專校院,0025,國立臺北科技大學,五專,女,6,0,0,0,0,0,0,0,0,0,0,0,0,0,0,...,0
107,公立,技專校院,0025,國立臺北科技大學,學士班(日間),女,1850,69,7,1,9,34,3,0,0,0,5,0,0,0,2,...,8
107,公立,技專校院,0025,國立臺北科技大學,學士班(進修),女,322,16,2,1,2,4,5,0,0,0,2,0,0,0,0,...,0
107,公立,技專校院,0025,國立臺北科技大學,碩士班(日間),女,712,62,6,9,4,3,21,0,6,0,5,3,0,1,0,...,4
107,公立,技專校院,0025,國立臺北科技大學,碩士在職專班,女,433,53,0,0,0,0,35,6,8,0,0,1,0,1,0,...,2
107,公立,技專校院,0025,國立臺北科技大學,博士班,女,152,37,1,2,2,0,14,0,4,1,0,5,0,1,0,...,7
107,公立,一般大學,0028,國立臺北藝術大學,五專,男,26,7,1,0,0,0,0,0,0,0,6,0,0,0,0,...,0
107,公立,一般大學,0028,國立臺北藝術大學,學士班(日間),男,630,48,2,4,8,3,6,0,0,1,15,4,4,0,1,...,0
107,公立,一般大學,0028,國立臺北藝術大學,碩士班(日間),男,347,104,5,9,6,0,24,0,6,8,7,30,8,0,0,...,1
107,公立,一般大學,0028,國立臺北藝術大學,碩士在職專班,男,52,20,1,2,2,0,6,0,4,1,1,2,1,0,0,...,0
107,公立,一般大學,0028,國立臺北藝術大學,博士班,男,30,7,0,1,1,0,2,0,0,0,2,1,0,0,0,...,0
107,公立,一般大學,0028,國立臺北藝術大學,五專,女,46,0,0,0,0,0,0,0,0,0,0,0,0,0,0,...,0
107,公立,一般大學,0028,國立臺北藝術大學,學士班(日間),女,1136,86,5,4,10,8,12,0,0,0,29,2,7,1,5,...,3
107,公立,一般大學,0028,國立臺北藝術大學,碩士班(日間),女,624,167,7,13,6,1,41,6,10,0,13,57,8,3,0,...,2
107,公立,一般大學,0028,國立臺北藝術大學,碩士在職專班,女,117,39,2,2,1,1,11,2,9,0,3,6,0,0,1,...,1
107,公立,一般大學,0028,國立臺北藝術大學,博士班,女,64,23,1,1,2,0,6,2,6,0,2,1,1,1,0,...,0
107,公立,一般大學,0029,國立臺灣藝術大學,學士班(日間),男,707,49,2,1,3,4,10,0,0,7,6,0,8,0,0,...,8
107,公立,一般大學,0029,國立臺灣藝術大學,學士班(進修),男,605,62,4,2,6,5,24,0,1,5,0,0,2,0,1,...,12
107,公立,一般大學,0029,國立臺灣藝術大學,碩士班(日間),男,286,65,0,1,10,2,20,0,3,4,1,9,0,0,1,...,14
107,公立,一般大學,0029,國立臺灣藝術大學,碩士在職專班,男,167,38,0,1,5,0,21,0,1,1,1,5,0,0,0,...,3
107,公立,一般大學,0029,國立臺灣藝術大學,博士班,男,64,5,2,0,0,0,3,0,0,0,0,0,0,0,0,...,0
107,公立,一般大學,0029,國立臺灣藝術大學,學士班(日間),女,1752,79,5,1,10,13,9,2,0,0,7,0,2,1,3,...,26
107,公立,一般大學,0029,國立臺灣藝術大學,學士班(進修),女,1377,117,14,3,6,5,42,0,5,0,6,0,4,1,0,...,31
107,公立,一般大學,0029,國立臺灣藝術大學,碩士班(日間),女,439,95,2,5,11,1,34,2,4,0,9,8,1,1,3,...,14
107,公立,一般大學,0029,國立臺灣藝術大學,碩士在職專班,女,255,57,2,1,8,0,27,5,8,0,0,4,0,0,0,...,2
107,公立,一般大學,0029,國立臺灣藝術大學,博士班,女,62,21,2,0,1,0,8,1,3,0,1,1,0,1,0,...,3
107,公立,一般大學,0030,國立臺東大學,學士班(日間),男,1705,101,5,9,2,23,10,0,0,5,2,0,0,4,0,...,41
107,公立,一般大學,0030,國立臺東大學,學士班(進修),男,86,20,0,1,0,1,9,0,0,0,0,0,0,1,0,...,8
107,公立,一般大學,0030,國立臺東大學,碩士班(日間),男,129,35,3,3,3,0,11,0,0,3,1,0,0,2,1,...,8
107,公立,一般大學,0030,國立臺東大學,碩士在職專班,男,152,43,1,2,1,0,14,0,1,0,0,0,0,4,0,...,20
107,公立,一般大學,0030,國立臺東大學,博士班,男,17,2,0,0,0,0,2,0,0,0,0,0,0,0,0,...,0
107,公立,一般大學,0030,國立臺東大學,學士班(日間),女,1768,81,9,2,3,25,4,2,0,0,3,0,0,3,3,...,27
107,公立,一般大學,0030,國立臺東大學,學士班(進修),女,107,29,0,2,0,0,10,0,0,0,0,0,0,5,0,...,12
107,公立,一般大學,0030,國立臺東大學,碩士班(日間),女,208,49,2,2,3,1,17,0,2,0,1,1,0,6,2,...,12
107,公立,一般大學,0030,國立臺東大學,碩士在職專班,女,384,88,3,1,2,2,38,5,3,0,0,1,0,4,0,...,29
107,公立,一般大學,0030,國立臺東大學,博士班,女,27,7,0,0,1,0,5,0,1,0,0,0,0,0,0,...,0
107,公立,一般大學,0031,國立宜蘭大學,學士班(日間),男,2865,126,13,5,15,39,14,0,0,11,6,0,10,2,6,...,5
107,公立,一般大學,0031,國立宜蘭大學,學士班(進修),男,252,51,0,0,5,6,18,0,1,13,2,0,1,2,0,...,3
107,公立,一般大學,0031,國立宜蘭大學,碩士班(日間),男,298,49,2,4,1,5,16,0,0,9,0,5,1,0,2,...,4
107,公立,一般大學,0031,國立宜蘭大學,碩士在職專班,男,163,21,3,1,2,0,12,0,1,0,0,0,0,0,0,...,2
107,公立,一般大學,0031,國立宜蘭大學,博士班,男,8,5,0,0,0,0,2,0,0,0,0,2,0,1,0,...,0
107,公立,一般大學,0031,國立宜蘭大學,學士班(日間),女,1544,45,2,1,4,17,4,1,1,0,7,0,5,1,0,...,2
107,公立,一般大學,0031,國立宜蘭大學,學士班(進修),女,120,12,0,0,1,2,5,2,0,0,1,0,0,0,1,...,0
107,公立,一般大學,0031,國立宜蘭大學,碩士班(日間),女,158,26,2,1,0,0,12,1,1,0,1,7,0,0,1,...,0
107,公立,一般大學,0031,國立宜蘭大學,碩士在職專班,女,59,5,1,0,0,0,1,0,0,0,0,2,0,0,0,...,1
107,公立,一般大學,0031,國立宜蘭大學,博士班,女,3,1,0,0,0,0,0,0,0,0,0,0,0,1,0,...,0
107,公立,一般大學,0032,國立聯合大學,學士班(日間),男,4022,154,11,3,21,57,18,0,0,21,3,0,7,1,1,...,11
107,公立,一般大學,0032,國立聯合大學,學士班(進修),男,773,72,3,4,10,13,27,0,0,8,0,0,2,0,3,...,2
107,公立,一般大學,0032,國立聯合大學,碩士班(日間),男,332,20,3,1,0,2,7,0,0,3,0,3,0,0,0,...,1
107,公立,一般大學,0032,國立聯合大學,碩士在職專班,男,2,0,0,0,0,0,0,0,0,0,0,0,0,0,0,...,0
107,公立,一般大學,0032,國立聯合大學,博士班,男,15,2,0,0,0,0,2,0,0,0,0,0,0,0,0,...,0
107,公立,一般大學,0032,國立聯合大學,學士班(日間),女,1879,50,7,3,3,19,9,0,1,0,0,0,2,0,0,...,6
107,公立,一般大學,0032,國立聯合大學,學士班(進修),女,471,20,4,1,0,2,6,1,1,0,1,0,1,0,2,...,1
107,公立,一般大學,0032,國立聯合大學,碩士班(日間),女,124,20,1,1,0,0,10,0,3,0,0,4,0,0,0,...,1
107,公立,一般大學,0032,國立聯合大學,碩士在職專班,女,4,0,0,0,0,0,0,0,0,0,0,0,0,0,0,...,0
107,公立,技專校院,0033,國立虎尾科技大學,五專,男,45,1,1,0,0,0,0,0,0,0,0,0,0,0,0,...,0
107,公立,技專校院,0033,國立虎尾科技大學,學士班(日間),男,5640,200,12,15,38,51,21,0,1,27,6,0,8,1,5,...,15
107,公立,技專校院,0033,國立虎尾科技大學,學士班(進修),男,1398,75,5,9,6,3,30,0,0,8,0,0,0,2,0,...,12
107,公立,技專校院,0033,國立虎尾科技大學,碩士班(日間),男,670,57,4,9,0,9,11,0,0,13,0,2,2,1,0,...,6
107,公立,技專校院,0033,國立虎尾科技大學,碩士在職專班,男,136,23,0,3,0,0,13,0,2,0,0,3,0,1,0,...,1
107,公立,技專校院,0033,國立虎尾科技大學,博士班,男,31,6,0,1,1,0,3,0,1,0,0,0,0,0,0,...,0
107,公立,技專校院,0033,國立虎尾科技大學,五專,女,7,0,0,0,0,0,0,0,0,0,0,0,0,0,0,...,0
107,公立,技專校院,0033,國立虎尾科技大學,學士班(日間),女,1739,37,3,7,6,11,4,1,1,0,1,0,1,0,0,...,2
107,公立,技專校院,0033,國立虎尾科技大學,學士班(進修),女,417,21,1,5,7,3,1,1,2,0,0,0,0,0,0,...,1
107,公立,技專校院,0033,國立虎尾科技大學,碩士班(日間),女,182,9,0,3,1,1,1,0,0,0,0,1,0,0,0,...,2
107,公立,技專校院,0033,國立虎尾科技大學,碩士在職專班,女,55,4,0,0,0,0,2,1,1,0,0,0,0,0,0,...,0
107,公立,技專校院,0033,國立虎尾科技大學,博士班,女,8,2,0,0,0,0,2,0,0,0,0,0,0,0,0,...,0
107,公立,一般大學,0035,國立臺南藝術大學,五專,男,58,4,0,0,0,1,0,0,0,0,3,0,0,0,0,...,0
107,公立,一般大學,0035,國立臺南藝術大學,學士班(日間),男,240,12,0,2,0,2,2,0,0,0,1,0,0,0,0,...,5
107,公立,一般大學,0035,國立臺南藝術大學,碩士班(日間),男,185,60,1,4,0,0,9,0,2,2,4,12,0,6,0,...,20
107,公立,一般大學,0035,國立臺南藝術大學,碩士在職專班,男,14,4,0,0,0,0,2,0,1,0,0,0,0,0,0,...,1
107,公立,一般大學,0035,國立臺南藝術大學,博士班,男,20,7,0,0,0,0,1,0,2,1,0,1,0,0,0,...,2
107,公立,一般大學,0035,國立臺南藝術大學,五專,女,109,6,0,0,0,2,0,0,0,0,2,0,1,0,0,...,1
107,公立,一般大學,0035,國立臺南藝術大學,學士班(日間),女,534,32,1,2,0,6,1,0,0,0,7,0,0,3,0,...,12
107,公立,一般大學,0035,國立臺南藝術大學,碩士班(日間),女,350,125,2,5,0,0,33,1,6,0,3,36,0,7,0,...,32
107,公立,一般大學,0035,國立臺南藝術大學,碩士在職專班,女,37,18,1,0,0,0,7,1,3,0,1,3,0,1,0,...,1
107,公立,一般大學,0035,國立臺南藝術大學,博士班,女,17,6,0,0,0,0,0,0,1,0,0,2,0,2,0,...,1
107,公立,一般大學,0036,國立臺南大學,學士班(日間),男,1820,63,1,1,7,24,6,0,0,7,3,0,0,1,1,...,12
107,公立,一般大學,0036,國立臺南大學,學士班(進修),男,39,1,0,0,0,0,1,0,0,0,0,0,0,0,0,...,0
107,公立,一般大學,0036,國立臺南大學,碩士班(日間),男,394,87,2,5,0,6,27,0,1,2,0,17,0,2,1,...,24
107,公立,一般大學,0036,國立臺南大學,碩士在職專班,男,218,55,3,0,0,0,39,0,2,0,0,10,0,1,0,...,0
107,公立,一般大學,0036,國立臺南大學,博士班,男,77,26,1,0,0,0,13,0,4,0,0,7,0,0,1,...,0
107,公立,一般大學,0036,國立臺南大學,學士班(日間),女,2065,66,4,2,2,35,2,0,1,0,4,0,4,3,0,...,9
107,公立,一般大學,0036,國立臺南大學,學士班(進修),女,51,2,1,0,0,1,0,0,0,0,0,0,0,0,0,...,0
107,公立,一般大學,0036,國立臺南大學,碩士班(日間),女,485,146,6,2,0,6,65,0,7,0,0,31,1,3,0,...,25
107,公立,一般大學,0036,國立臺南大學,碩士在職專班,女,444,100,6,1,0,1,53,2,12,0,0,24,0,1,0,...,0
107,公立,一般大學,0036,國立臺南大學,博士班,女,99,22,3,0,1,0,9,0,4,0,0,3,0,2,0,...,0
107,公立,一般大學,0037,國立臺北教育大學,學士班(日間),男,1174,55,0,1,0,26,6,0,1,0,3,0,6,0,0,...,12
107,公立,一般大學,0037,國立臺北教育大學,碩士班(日間),男,445,107,0,4,0,2,45,0,7,3,2,24,0,0,1,...,19
107,公立,一般大學,0037,國立臺北教育大學,碩士在職專班,男,199,34,2,1,0,0,18,0,8,0,1,3,0,1,0,...,0
107,公立,一般大學,0037,國立臺北教育大學,博士班,男,73,23,0,0,0,0,10,0,3,0,0,7,0,0,0,...,3
107,公立,一般大學,0037,國立臺北教育大學,學士班(日間),女,2234,72,1,2,0,31,4,0,0,0,17,0,3,0,0,...,14
107,公立,一般大學,0037,國立臺北教育大學,碩士班(日間),女,876,234,0,5,0,7,64,7,28,0,8,72,3,0,4,...,36
107,公立,一般大學,0037,國立臺北教育大學,碩士在職專班,女,738,138,8,1,0,1,61,8,25,0,3,14,0,17,0,...,0
107,公立,一般大學,0037,國立臺北教育大學,博士班,女,75,18,0,0,0,0,7,1,4,0,0,4,0,0,0,...,2
107,公立,一般大學,0039,國立臺中教育大學,學士班(日間),男,1171,60,4,1,0,15,7,0,0,0,3,0,2,0,0,...,28
107,公立,一般大學,0039,國立臺中教育大學,碩士班(日間),男,288,62,4,0,0,0,23,0,3,2,0,5,0,0,0,...,25
107,公立,一般大學,0039,國立臺中教育大學,碩士在職專班,男,189,31,1,1,0,1,10,0,3,0,0,4,0,0,0,...,11
107,公立,一般大學,0039,國立臺中教育大學,博士班,男,55,8,0,0,0,0,6,0,0,0,0,0,0,0,0,...,2
107,公立,一般大學,0039,國立臺中教育大學,學士班(日間),女,2104,60,4,4,0,22,2,0,1,0,5,0,0,0,0,...,22
107,公立,一般大學,0039,國立臺中教育大學,碩士班(日間),女,534,115,8,2,0,1,28,2,14,0,0,9,0,0,0,...,51
107,公立,一般大學,0039,國立臺中教育大學,碩士在職專班,女,565,97,5,0,0,0,30,2,19,0,0,10,0,0,0,...,31
107,公立,一般大學,0039,國立臺中教育大學,博士班,女,60,13,1,0,0,0,6,1,0,0,0,1,0,0,0,...,4
107,公立,技專校院,0042,國立澎湖科技大學,五專,男,11,2,0,0,1,0,0,0,0,0,0,0,1,0,0,...,0
107,公立,技專校院,0042,國立澎湖科技大學,學士班(日間),男,1541,54,1,1,0,7,4,0,0,6,0,0,0,0,3,...,32
107,公立,技專校院,0042,國立澎湖科技大學,學士班(進修),男,134,14,0,0,0,0,7,0,0,0,0,0,0,0,0,...,7
107,公立,技專校院,0042,國立澎湖科技大學,碩士班(日間),男,40,5,0,0,0,1,0,0,0,2,0,0,0,0,0,...,2
107,公立,技專校院,0042,國立澎湖科技大學,碩士在職專班,男,23,3,0,0,0,0,1,0,0,0,0,0,0,0,0,...,2
107,公立,技專校院,0042,國立澎湖科技大學,五專,女,2,0,0,0,0,0,0,0,0,0,0,0,0,0,0,...,0
107,公立,技專校院,0042,國立澎湖科技大學,學士班(日間),女,1075,37,1,2,0,3,4,0,1,0,0,0,0,0,0,...,26
107,公立,技專校院,0042,國立澎湖科技大學,學士班(進修),女,150,12,1,1,0,0,6,0,0,0,0,0,0,0,0,...,4
107,公立,技專校院,0042,國立澎湖科技大學,碩士班(日間),女,29,10,0,0,0,0,6,0,0,0,0,0,0,0,0,...,4
107,公立,技專校院,0042,國立澎湖科技大學,碩士在職專班,女,20,4,1,0,0,0,1,0,0,0,0,0,0,0,0,...,2
107,公立,技專校院,0043,國立勤益科技大學,學士班(日間),男,4591,276,9,12,35,101,40,0,0,28,5,0,0,0,0,...,46
107,公立,技專校院,0043,國立勤益科技大學,學士班(進修),男,2872,121,2,1,10,27,47,0,0,5,0,0,0,0,0,...,29
107,公立,技專校院,0043,國立勤益科技大學,碩士班(日間),男,429,51,1,4,0,2,37,0,0,4,0,0,0,3,0,...,0
107,公立,技專校院,0043,國立勤益科技大學,碩士在職專班,男,224,30,2,2,0,0,17,0,0,0,0,0,0,0,0,...,9
107,公立,技專校院,0043,國立勤益科技大學,博士班,男,16,5,0,0,0,0,4,0,0,0,0,0,0,1,0,...,0
107,公立,技專校院,0043,國立勤益科技大學,學士班(日間),女,2158,79,5,3,11,30,9,1,3,0,2,0,0,0,0,...,15
107,公立,技專校院,0043,國立勤益科技大學,學士班(進修),女,626,28,2,4,0,4,12,0,0,0,0,0,0,0,0,...,6
107,公立,技專校院,0043,國立勤益科技大學,碩士班(日間),女,126,14,0,2,0,1,8,0,0,0,0,0,0,3,0,...,0
107,公立,技專校院,0043,國立勤益科技大學,碩士在職專班,女,57,5,0,0,0,0,1,0,0,0,0,0,0,0,0,...,4
107,公立,技專校院,0043,國立勤益科技大學,博士班,女,2,0,0,0,0,0,0,0,0,0,0,0,0,0,0,...,0
107,公立,一般大學,0044,國立體育大學,學士班(日間),男,1075,81,1,2,0,0,76,0,1,1,0,0,0,0,0,...,0
107,公立,一般大學,0044,國立體育大學,學士班(進修),男,55,14,0,0,0,0,13,0,1,0,0,0,0,0,0,...,0
107,公立,一般大學,0044,國立體育大學,碩士班(日間),男,189,64,0,4,0,0,51,0,2,4,0,0,0,0,3,...,0
107,公立,一般大學,0044,國立體育大學,碩士在職專班,男,132,25,0,1,0,0,22,0,2,0,0,0,0,0,0,...,0
107,公立,一般大學,0044,國立體育大學,博士班,男,108,17,0,1,0,0,12,0,3,0,0,0,0,0,1,...,0
107,公立,一般大學,0044,國立體育大學,學士班(日間),女,600,21,1,1,0,0,19,0,0,0,0,0,0,0,0,...,0
107,公立,一般大學,0044,國立體育大學,學士班(進修),女,18,3,0,0,0,0,3,0,0,0,0,0,0,0,0,...,0
107,公立,一般大學,0044,國立體育大學,碩士班(日間),女,154,41,0,0,0,0,34,0,5,0,0,0,0,0,2,...,0
107,公立,一般大學,0044,國立體育大學,碩士在職專班,女,84,15,0,0,0,0,14,0,1,0,0,0,0,0,0,...,0
107,公立,一般大學,0044,國立體育大學,博士班,女,50,8,0,0,0,0,5,1,2,0,0,0,0,0,0,...,0
107,公立,技專校院,0046,國立臺北護理健康大學,學士班(日間),男,768,27,0,1,2,11,4,0,0,2,3,0,1,1,1,...,1
107,公立,技專校院,0046,國立臺北護理健康大學,學士班(進修),男,24,8,0,0,0,2,0,0,0,0,0,0,1,0,1,...,4
107,公立,技專校院,0046,國立臺北護理健康大學,碩士班(日間),男,94,28,1,3,0,0,7,0,2,0,1,7,0,0,0,...,7
107,公立,技專校院,0046,國立臺北護理健康大學,碩士在職專班,男,30,7,0,0,0,1,4,0,1,0,0,1,0,0,0,...,0
107,公立,技專校院,0046,國立臺北護理健康大學,博士班,男,6,0,0,0,0,0,0,0,0,0,0,0,0,0,0,...,0
107,公立,技專校院,0046,國立臺北護理健康大學,學士班(日間),女,2925,112,6,4,6,30,13,2,5,0,9,0,4,3,4,...,26
107,公立,技專校院,0046,國立臺北護理健康大學,學士班(進修),女,690,80,2,0,2,3,33,7,16,0,3,0,1,2,1,...,10
107,公立,技專校院,0046,國立臺北護理健康大學,碩士班(日間),女,474,164,3,1,4,3,56,12,22,0,2,35,1,7,0,...,18
107,公立,技專校院,0046,國立臺北護理健康大學,碩士在職專班,女,173,64,5,0,3,0,17,2,14,0,0,15,0,1,0,...,7
107,公立,技專校院,0046,國立臺北護理健康大學,博士班,女,63,22,1,0,2,0,7,2,1,0,0,6,0,0,0,...,3
107,公立,技專校院,0047,國立高雄餐旅大學,二專(進修),男,5,3,0,0,0,0,0,0,0,1,0,0,0,0,0,...,2
107,公立,技專校院,0047,國立高雄餐旅大學,五專,男,96,5,0,0,3,1,0,0,0,0,0,0,0,0,0,...,1
107,公立,技專校院,0047,國立高雄餐旅大學,學士班(日間),男,936,41,2,3,6,8,2,0,0,2,2,0,0,1,0,...,15
107,公立,技專校院,0047,國立高雄餐旅大學,學士班(進修),男,411,12,0,0,2,6,0,0,1,0,0,0,0,0,0,...,3
107,公立,技專校院,0047,國立高雄餐旅大學,碩士班(日間),男,50,15,0,3,2,1,7,0,0,0,0,0,0,0,0,...,2
107,公立,技專校院,0047,國立高雄餐旅大學,碩士在職專班,男,28,3,0,0,2,0,1,0,0,0,0,0,0,0,0,...,0
107,公立,技專校院,0047,國立高雄餐旅大學,博士班,男,12,8,0,0,1,0,5,0,0,0,0,0,0,0,0,...,2
107,公立,技專校院,0047,國立高雄餐旅大學,二專(進修),女,7,5,1,0,0,0,0,0,0,0,0,0,0,0,0,...,4
107,公立,技專校院,0047,國立高雄餐旅大學,五專,女,148,6,2,0,0,0,0,0,0,0,1,0,0,0,0,...,3
107,公立,技專校院,0047,國立高雄餐旅大學,學士班(日間),女,2332,72,8,7,9,21,2,0,2,0,0,0,0,0,0,...,23
107,公立,技專校院,0047,國立高雄餐旅大學,學士班(進修),女,1033,22,2,3,3,6,3,0,1,0,1,0,0,0,0,...,3
107,公立,技專校院,0047,國立高雄餐旅大學,碩士班(日間),女,100,22,2,3,1,2,10,1,2,0,0,0,0,0,0,...,1
107,公立,技專校院,0047,國立高雄餐旅大學,碩士在職專班,女,22,3,0,0,0,0,2,1,0,0,0,0,0,0,0,...,0
107,公立,技專校院,0047,國立高雄餐旅大學,博士班,女,17,4,1,0,0,0,1,0,0,0,0,0,0,0,0,...,2
107,公立,一般大學,0048,國立金門大學,學士班(日間),男,1593,49,2,2,4,24,13,0,0,2,0,0,0,1,0,...,1
107,公立,一般大學,0048,國立金門大學,學士班(進修),男,487,49,3,1,2,4,31,0,0,5,0,0,0,3,0,...,0
107,公立,一般大學,0048,國立金門大學,碩士班(日間),男,127,25,0,0,0,1,20,0,1,2,0,0,0,1,0,...,0
107,公立,一般大學,0048,國立金門大學,碩士在職專班,男,69,4,0,0,0,0,4,0,0,0,0,0,0,0,0,...,0
107,公立,一般大學,0048,國立金門大學,學士班(日間),女,1560,38,4,1,2,14,12,1,0,0,1,0,0,3,0,...,0
107,公立,一般大學,0048,國立金門大學,學士班(進修),女,365,30,4,0,1,8,15,0,1,0,0,0,0,1,0,...,0
107,公立,一般大學,0048,國立金門大學,碩士班(日間),女,80,22,0,0,2,1,16,1,2,0,0,0,0,0,0,...,0
107,公立,一般大學,0048,國立金門大學,碩士在職專班,女,22,3,0,0,0,0,3,0,0,0,0,0,0,0,0,...,0
107,公立,一般大學,0049,國立臺灣體育運動大學,學士班(日間),男,1400,96,3,26,21,16,20,0,2,6,0,0,0,0,0,...,2
107,公立,一般大學,0049,國立臺灣體育運動大學,學士班(進修),男,259,20,0,8,0,1,10,0,0,1,0,0,0,0,0,...,0
107,公立,一般大學,0049,國立臺灣體育運動大學,碩士班(日間),男,122,48,0,13,6,1,21,0,1,5,0,1,0,0,0,...,0
107,公立,一般大學,0049,國立臺灣體育運動大學,碩士在職專班,男,61,15,0,1,0,0,13,0,1,0,0,0,0,0,0,...,0
107,公立,一般大學,0049,國立臺灣體育運動大學,學士班(日間),女,979,20,1,9,3,3,3,1,0,0,0,0,0,0,0,...,0
107,公立,一般大學,0049,國立臺灣體育運動大學,學士班(進修),女,106,6,0,1,0,1,3,1,0,0,0,0,0,0,0,...,0
107,公立,一般大學,0049,國立臺灣體育運動大學,碩士班(日間),女,129,31,1,5,6,1,15,0,3,0,0,0,0,0,0,...,0
107,公立,一般大學,0049,國立臺灣體育運動大學,碩士在職專班,女,44,7,0,2,1,0,4,0,0,0,0,0,0,0,0,...,0
107,公立,技專校院,0050,國立臺中科技大學,五專,男,759,45,3,0,0,17,3,0,0,3,5,0,0,1,0,...,13
107,公立,技專校院,0050,國立臺中科技大學,學士班(日間),男,1883,62,4,4,3,7,21,0,0,6,1,0,0,0,0,...,16
107,公立,技專校院,0050,國立臺中科技大學,學士班(進修),男,824,70,2,2,0,2,38,0,0,3,0,0,0,0,0,...,23
107,公立,技專校院,0050,國立臺中科技大學,碩士班(日間),男,166,30,2,0,0,0,10,0,0,2,0,1,0,0,0,...,15
107,公立,技專校院,0050,國立臺中科技大學,碩士在職專班,男,100,11,1,0,0,0,10,0,0,0,0,0,0,0,0,...,0
107,公立,技專校院,0050,國立臺中科技大學,二專(進修),女,12,1,0,0,0,0,0,0,0,0,0,0,0,0,0,...,1
107,公立,技專校院,0050,國立臺中科技大學,五專,女,2725,85,7,0,1,35,3,0,0,0,4,0,4,0,2,...,29
107,公立,技專校院,0050,國立臺中科技大學,學士班(日間),女,5049,144,17,5,5,29,38,1,7,0,7,0,0,2,6,...,27
107,公立,技專校院,0050,國立臺中科技大學,學士班(進修),女,1726,142,6,3,0,11,44,2,7,0,2,0,0,0,0,...,67
107,公立,技專校院,0050,國立臺中科技大學,碩士班(日間),女,203,27,1,1,0,2,11,0,2,0,0,0,0,0,2,...,8
107,公立,技專校院,0050,國立臺中科技大學,碩士在職專班,女,118,14,1,0,0,0,9,0,2,0,0,0,0,0,0,...,2
107,公立,技專校院,0051,國立臺北商業大學,二專(進修),男,2,0,0,0,0,0,0,0,0,0,0,0,0,0,0,...,0
107,公立,技專校院,0051,國立臺北商業大學,五專,男,523,13,0,1,3,2,0,0,0,1,1,0,3,2,0,...,0
107,公立,技專校院,0051,國立臺北商業大學,學士班(日間),男,859,20,5,1,2,3,3,0,0,1,2,0,1,2,0,...,0
107,公立,技專校院,0051,國立臺北商業大學,學士班(進修),男,423,44,1,1,0,5,28,0,0,2,3,0,0,0,0,...,4
107,公立,技專校院,0051,國立臺北商業大學,碩士班(日間),男,96,10,0,0,0,3,2,0,0,3,0,0,0,2,0,...,0
107,公立,技專校院,0051,國立臺北商業大學,碩士在職專班,男,23,3,0,0,0,0,3,0,0,0,0,0,0,0,0,...,0
107,公立,技專校院,0051,國立臺北商業大學,五專,女,1351,18,5,0,5,5,0,0,0,0,0,0,3,0,0,...,0
107,公立,技專校院,0051,國立臺北商業大學,學士班(日間),女,2286,36,3,2,4,13,3,0,1,0,1,0,4,4,1,...,0
107,公立,技專校院,0051,國立臺北商業大學,學士班(進修),女,1004,78,9,2,2,10,34,4,7,0,2,0,0,1,2,...,5
107,公立,技專校院,0051,國立臺北商業大學,碩士班(日間),女,142,17,2,0,0,1,10,0,0,0,0,0,0,4,0,...,0
107,公立,技專校院,0051,國立臺北商業大學,碩士在職專班,女,20,1,1,0,0,0,0,0,0,0,0,0,0,0,0,...,0
107,公立,一般大學,0052,國立屏東大學,學士班(日間),男,2672,102,6,6,19,24,15,0,0,3,4,0,6,4,9,...,6
107,公立,一般大學,0052,國立屏東大學,學士班(進修),男,320,17,0,0,0,3,10,0,0,0,0,0,0,0,3,...,1
107,公立,一般大學,0052,國立屏東大學,碩士班(日間),男,381,85,3,3,2,5,37,0,2,3,0,20,2,3,2,...,3
107,公立,一般大學,0052,國立屏東大學,碩士在職專班,男,188,47,0,1,0,0,33,0,2,0,0,9,0,1,1,...,0
107,公立,一般大學,0052,國立屏東大學,博士班,男,24,5,0,0,0,0,5,0,0,0,0,0,0,0,0,...,0
107,公立,一般大學,0052,國立屏東大學,學士班(日間),女,4059,98,7,6,13,25,16,0,0,0,8,0,7,2,9,...,5
107,公立,一般大學,0052,國立屏東大學,學士班(進修),女,350,25,0,0,1,6,13,0,2,0,0,0,1,0,1,...,1
107,公立,一般大學,0052,國立屏東大學,碩士班(日間),女,508,150,3,4,0,0,68,6,11,0,4,27,0,5,9,...,13
107,公立,一般大學,0052,國立屏東大學,碩士在職專班,女,445,85,5,2,0,0,41,3,12,0,1,15,0,2,1,...,3
107,公立,一般大學,0052,國立屏東大學,博士班,女,22,6,0,0,0,0,2,0,0,0,0,2,1,1,0,...,0
107,公立,技專校院,0053,國立高雄科技大學,五專,男,529,11,0,1,1,7,1,0,0,1,0,0,0,0,0,...,0
107,公立,技專校院,0053,國立高雄科技大學,學士班(日間),男,10873,367,12,17,41,109,72,0,0,46,13,0,0,33,1,...,23
107,公立,技專校院,0053,國立高雄科技大學,學士班(進修),男,2500,257,3,9,11,84,110,0,3,23,2,0,0,12,0,...,0
107,公立,技專校院,0053,國立高雄科技大學,碩士班(日間),男,1676,235,8,15,11,31,79,0,3,26,2,1,0,34,0,...,25
107,公立,技專校院,0053,國立高雄科技大學,碩士在職專班,男,1376,295,7,6,3,66,173,0,20,0,3,0,0,17,0,...,0
107,公立,技專校院,0053,國立高雄科技大學,博士班,男,440,67,1,4,2,1,40,0,3,1,0,1,0,3,0,...,11
107,公立,技專校院,0053,國立高雄科技大學,五專,女,110,2,0,0,0,2,0,0,0,0,0,0,0,0,0,...,0
107,公立,技專校院,0053,國立高雄科技大學,學士班(日間),女,6916,146,6,4,13,60,18,0,2,1,11,0,1,14,0,...,16
107,公立,技專校院,0053,國立高雄科技大學,學士班(進修),女,1240,130,1,3,6,48,49,1,4,0,3,0,0,15,0,...,0
107,公立,技專校院,0053,國立高雄科技大學,碩士班(日間),女,847,120,5,10,6,7,51,2,4,1,2,0,0,10,3,...,19
107,公立,技專校院,0053,國立高雄科技大學,碩士在職專班,女,656,131,0,3,4,22,63,6,21,0,0,0,0,12,0,...,0
107,公立,技專校院,0053,國立高雄科技大學,博士班,女,111,21,1,0,2,1,10,2,0,0,0,2,0,2,0,...,1
107,公立,技專校院,0144,國立臺灣戲曲學院,學士班(日間),男,200,18,0,2,3,0,3,0,0,6,0,0,0,0,0,...,4
107,公立,技專校院,0144,國立臺灣戲曲學院,學士班(進修),男,19,1,0,0,1,0,0,0,0,0,0,0,0,0,0,...,0
107,公立,技專校院,0144,國立臺灣戲曲學院,學士班(日間),女,368,16,1,0,0,0,2,0,1,0,0,0,1,0,0,...,11
107,公立,技專校院,0144,國立臺灣戲曲學院,學士班(進修),女,20,0,0,0,0,0,0,0,0,0,0,0,0,0,0,...,0
107,公立,技專校院,0221,國立臺南護理專科學校,二專(日間),男,2,0,0,0,0,0,0,0,0,0,0,0,0,0,0,...,0
107,公立,技專校院,0221,國立臺南護理專科學校,二專(進修),男,4,2,0,0,0,0,1,0,0,0,0,0,0,0,0,...,1
107,公立,技專校院,0221,國立臺南護理專科學校,五專,男,129,1,0,0,0,1,0,0,0,0,0,0,0,0,0,...,0
107,公立,技專校院,0221,國立臺南護理專科學校,二專(日間),女,108,4,0,0,0,3,1,0,0,0,0,0,0,0,0,...,0
107,公立,技專校院,0221,國立臺南護理專科學校,二專(進修),女,49,2,1,0,0,0,1,0,0,0,0,0,0,0,0,...,0
107,公立,技專校院,0221,國立臺南護理專科學校,五專,女,1666,16,1,0,1,10,1,0,0,0,0,0,0,0,0,...,3
107,公立,技專校院,0222,國立臺東專科學校,二專(日間),男,438,35,2,9,0,12,4,0,0,0,0,0,3,0,1,...,4
107,公立,技專校院,0222,國立臺東專科學校,二專(進修),男,53,14,1,0,0,0,13,0,0,0,0,0,0,0,0,...,0
107,公立,技專校院,0222,國立臺東專科學校,五專,男,219,31,1,2,1,11,1,0,0,3,0,0,4,0,0,...,8
107,公立,技專校院,0222,國立臺東專科學校,二專(日間),女,143,26,1,4,0,15,0,0,0,0,0,0,1,0,0,...,5
107,公立,技專校院,0222,國立臺東專科學校,二專(進修),女,36,13,1,0,0,1,11,0,0,0,0,0,0,0,0,...,0
107,公立,技專校院,0222,國立臺東專科學校,五專,女,285,40,0,6,2,12,1,0,0,0,0,0,3,0,0,...,16
107,私立,一般大學,1001,東海大學,學士班(日間),男,5983,319,24,3,30,75,28,0,0,9,30,0,3,3,2,...,112
107,私立,一般大學,1001,東海大學,學士班(進修),男,323,31,3,2,2,2,4,0,1,1,1,0,0,0,0,...,15
107,私立,一般大學,1001,東海大學,碩士班(日間),男,625,178,5,5,4,1,59,0,2,8,1,40,0,0,1,...,52
107,私立,一般大學,1001,東海大學,碩士在職專班,男,350,144,3,0,0,1,84,0,6,0,1,31,0,1,0,...,17
107,私立,一般大學,1001,東海大學,博士班,男,147,54,4,0,1,0,16,0,2,0,0,25,0,0,0,...,6
107,私立,一般大學,1001,東海大學,學士班(日間),女,7296,252,27,6,14,78,10,3,1,0,28,0,4,2,1,...,78
107,私立,一般大學,1001,東海大學,學士班(進修),女,281,27,2,2,1,0,4,1,3,0,3,0,0,0,0,...,11
107,私立,一般大學,1001,東海大學,碩士班(日間),女,609,179,11,5,2,3,60,1,8,0,5,43,0,0,3,...,38
107,私立,一般大學,1001,東海大學,碩士在職專班,女,370,116,7,0,0,1,43,4,10,0,0,29,0,1,0,...,21
107,私立,一般大學,1001,東海大學,博士班,女,96,40,1,1,0,0,10,1,2,0,0,16,0,0,0,...,9
107,私立,一般大學,1002,輔仁大學,學士班(日間),男,7598,332,19,7,31,133,83,0,0,10,44,0,3,0,2,...,0
107,私立,一般大學,1002,輔仁大學,學士班(進修),男,1700,156,18,2,7,28,76,0,3,10,11,0,0,1,0,...,0
107,私立,一般大學,1002,輔仁大學,碩士班(日間),男,847,174,9,0,0,16,67,0,2,17,10,48,0,1,4,...,0
107,私立,一般大學,1002,輔仁大學,碩士在職專班,男,604,126,1,0,0,2,69,0,12,0,3,38,0,1,0,...,0
107,私立,一般大學,1002,輔仁大學,博士班,男,233,84,4,2,1,0,28,0,4,2,2,41,0,0,0,...,0
107,私立,一般大學,1002,輔仁大學,學士班(日間),女,10241,368,43,5,12,121,60,0,3,0,116,0,6,1,1,...,0
107,私立,一般大學,1002,輔仁大學,學士班(進修),女,2787,216,33,9,5,47,90,4,9,0,15,0,3,1,0,...,0
107,私立,一般大學,1002,輔仁大學,碩士班(日間),女,1160,218,15,2,0,9,86,2,17,0,11,73,0,1,2,...,0
107,私立,一般大學,1002,輔仁大學,碩士在職專班,女,819,260,18,2,0,4,134,6,27,0,6,62,0,1,0,...,0
107,私立,一般大學,1002,輔仁大學,博士班,女,187,89,4,0,0,1,36,2,7,0,0,39,0,0,0,...,0
107,私立,一般大學,1003,東吳大學,學士班(日間),男,4766,289,13,9,36,72,20,0,1,10,47,0,13,1,7,...,60
107,私立,一般大學,1003,東吳大學,學士班(進修),男,356,41,2,2,1,4,18,0,0,2,2,0,0,0,0,...,10
107,私立,一般大學,1003,東吳大學,碩士班(日間),男,572,131,4,4,0,1,32,0,5,15,6,39,1,1,0,...,23
107,私立,一般大學,1003,東吳大學,碩士在職專班,男,539,87,2,0,0,0,44,0,10,0,3,14,0,2,1,...,11
107,私立,一般大學,1003,東吳大學,博士班,男,66,13,0,1,0,0,1,0,1,0,1,7,0,0,0,...,2
107,私立,一般大學,1003,東吳大學,學士班(日間),女,7273,272,31,6,23,70,11,3,0,0,76,0,4,0,4,...,44
107,私立,一般大學,1003,東吳大學,學士班(進修),女,715,72,8,1,3,4,16,2,7,0,5,0,1,1,3,...,21
107,私立,一般大學,1003,東吳大學,碩士班(日間),女,684,130,9,3,1,1,32,0,8,0,10,39,1,0,2,...,24
107,私立,一般大學,1003,東吳大學,碩士在職專班,女,636,118,5,0,0,0,43,6,26,0,3,15,0,1,0,...,19
107,私立,一般大學,1003,東吳大學,博士班,女,58,10,1,0,0,0,1,0,1,0,0,5,0,0,0,...,2
107,私立,一般大學,1004,中原大學,學士班(日間),男,7271,226,11,11,33,64,21,0,1,10,31,0,5,5,6,...,28
107,私立,一般大學,1004,中原大學,碩士班(日間),男,973,112,7,4,4,2,35,0,6,8,3,24,1,3,4,...,11
107,私立,一般大學,1004,中原大學,碩士在職專班,男,542,120,3,6,0,0,71,0,19,0,0,13,0,5,0,...,3
107,私立,一般大學,1004,中原大學,博士班,男,243,58,1,6,0,0,28,0,3,4,1,12,0,1,0,...,2
107,私立,一般大學,1004,中原大學,學士班(日間),女,6090,166,12,6,19,55,24,0,4,0,21,0,3,3,5,...,14
107,私立,一般大學,1004,中原大學,碩士班(日間),女,638,107,5,3,0,4,29,2,13,0,4,25,0,1,6,...,15
107,私立,一般大學,1004,中原大學,碩士在職專班,女,327,55,4,2,0,0,23,2,12,1,0,5,0,3,2,...,1
107,私立,一般大學,1004,中原大學,博士班,女,105,22,2,0,0,0,10,1,4,0,0,5,0,0,0,...,0
107,私立,一般大學,1005,淡江大學學校財團法人淡江大學,學士班(日間),男,10374,680,46,15,13,72,15,0,0,9,38,0,3,0,8,...,461
107,私立,一般大學,1005,淡江大學學校財團法人淡江大學,學士班(進修),男,885,153,4,6,1,3,12,0,0,1,5,0,0,0,2,...,119
107,私立,一般大學,1005,淡江大學學校財團法人淡江大學,碩士班(日間),男,1018,217,5,8,0,4,18,0,1,14,5,18,0,0,1,...,143
107,私立,一般大學,1005,淡江大學學校財團法人淡江大學,碩士在職專班,男,514,109,3,2,0,0,28,0,10,0,0,2,0,0,0,...,64
107,私立,一般大學,1005,淡江大學學校財團法人淡江大學,博士班,男,283,90,6,0,0,0,13,0,11,4,0,6,0,1,1,...,48
107,私立,一般大學,1005,淡江大學學校財團法人淡江大學,學士班(日間),女,10102,388,42,13,3,38,9,1,2,0,63,0,1,0,5,...,211
107,私立,一般大學,1005,淡江大學學校財團法人淡江大學,學士班(進修),女,776,102,5,5,0,1,6,1,1,0,4,0,2,0,0,...,77
107,私立,一般大學,1005,淡江大學學校財團法人淡江大學,碩士班(日間),女,772,163,10,9,0,1,15,4,5,0,1,21,1,1,1,...,94
107,私立,一般大學,1005,淡江大學學校財團法人淡江大學,碩士在職專班,女,474,106,7,5,0,0,12,0,10,0,1,3,0,0,0,...,68
107,私立,一般大學,1005,淡江大學學校財團法人淡江大學,博士班,女,145,47,3,0,0,0,15,1,3,0,1,8,0,0,0,...,16
107,私立,一般大學,1006,中國文化大學,學士班(日間),男,9846,557,25,42,71,118,91,0,1,13,47,0,8,6,18,...,117
107,私立,一般大學,1006,中國文化大學,學士班(進修),男,713,229,5,5,8,8,109,0,0,17,13,0,1,8,0,...,55
107,私立,一般大學,1006,中國文化大學,碩士班(日間),男,895,210,5,13,4,4,65,0,2,12,7,35,3,3,14,...,43
107,私立,一般大學,1006,中國文化大學,碩士在職專班,男,215,96,4,2,1,1,42,0,0,2,1,7,0,5,0,...,31
107,私立,一般大學,1006,中國文化大學,博士班,男,350,67,4,0,1,0,22,0,3,3,0,26,0,0,1,...,7
107,私立,一般大學,1006,中國文化大學,學士班(日間),女,10903,437,32,26,37,105,41,4,2,0,66,0,21,2,7,...,94
107,私立,一般大學,1006,中國文化大學,學士班(進修),女,983,254,9,5,11,8,101,5,4,0,23,0,0,18,4,...,66
107,私立,一般大學,1006,中國文化大學,碩士班(日間),女,778,131,4,2,1,3,49,2,5,0,3,31,1,0,5,...,25
107,私立,一般大學,1006,中國文化大學,碩士在職專班,女,345,98,7,1,0,0,27,0,7,0,3,9,0,3,2,...,39
107,私立,一般大學,1006,中國文化大學,博士班,女,197,40,0,0,1,0,12,3,3,0,1,14,0,2,1,...,3
107,私立,一般大學,1007,逢甲大學,學士班(日間),男,10363,338,17,5,47,134,27,0,0,8,36,0,2,33,1,...,28
107,私立,一般大學,1007,逢甲大學,學士班(進修),男,495,45,1,1,3,4,16,0,1,7,4,0,0,3,3,...,2
107,私立,一般大學,1007,逢甲大學,碩士班(日間),男,1078,124,4,6,4,6,41,0,0,14,6,19,0,13,1,...,10
107,私立,一般大學,1007,逢甲大學,碩士在職專班,男,661,127,5,1,1,0,79,0,12,0,1,16,0,12,0,...,0
107,私立,一般大學,1007,逢甲大學,博士班,男,315,57,4,1,0,0,29,0,5,0,0,12,0,4,1,...,1
107,私立,一般大學,1007,逢甲大學,學士班(日間),女,6469,133,18,0,8,41,10,0,1,0,32,0,0,15,1,...,7
107,私立,一般大學,1007,逢甲大學,學士班(進修),女,377,31,3,1,2,5,8,0,2,0,1,0,0,7,0,...,2
107,私立,一般大學,1007,逢甲大學,碩士班(日間),女,530,63,2,2,8,0,23,0,2,0,3,6,0,13,2,...,2
107,私立,一般大學,1007,逢甲大學,碩士在職專班,女,419,70,2,1,0,0,36,5,11,0,0,6,0,9,0,...,0
107,私立,一般大學,1007,逢甲大學,博士班,女,105,21,2,0,0,0,9,1,4,0,0,4,0,1,0,...,0
107,私立,一般大學,1008,靜宜大學,學士班(日間),男,4315,217,13,5,29,61,40,0,0,8,12,0,8,4,8,...,29
107,私立,一般大學,1008,靜宜大學,學士班(進修),男,0,1,0,0,0,0,0,0,0,0,0,0,0,0,0,...,1
107,私立,一般大學,1008,靜宜大學,碩士班(日間),男,192,36,0,0,0,1,18,0,1,2,0,7,2,0,0,...,5
107,私立,一般大學,1008,靜宜大學,碩士在職專班,男,127,30,2,0,0,0,23,0,2,0,0,2,0,0,0,...,1
107,私立,一般大學,1008,靜宜大學,博士班,男,24,4,0,0,0,0,1,0,0,0,0,2,0,0,0,...,1
107,私立,一般大學,1008,靜宜大學,學士班(日間),女,6890,220,22,8,32,61,35,0,1,0,22,0,6,0,3,...,30
107,私立,一般大學,1008,靜宜大學,碩士班(日間),女,338,62,1,1,1,2,27,1,3,0,3,10,0,2,4,...,7
107,私立,一般大學,1008,靜宜大學,碩士在職專班,女,196,20,0,0,0,0,14,0,3,0,0,0,0,0,0,...,3
107,私立,一般大學,1008,靜宜大學,博士班,女,22,2,0,0,0,0,0,0,1,0,0,1,0,0,0,...,0
107,私立,一般大學,1009,長庚大學,學士班(日間),男,2652,117,4,2,0,37,2,0,0,5,15,0,0,0,0,...,52
107,私立,一般大學,1009,長庚大學,碩士班(日間),男,556,69,1,3,0,6,18,0,0,3,0,5,1,0,0,...,32
107,私立,一般大學,1009,長庚大學,碩士在職專班,男,96,37,0,1,0,0,21,0,1,0,0,0,0,0,0,...,14
107,私立,一般大學,1009,長庚大學,博士班,男,334,48,1,6,0,0,15,0,1,0,4,4,0,0,0,...,17
107,私立,一般大學,1009,長庚大學,學士班(日間),女,2608,122,4,0,0,56,1,0,1,0,14,0,0,0,0,...,46
107,私立,一般大學,1009,長庚大學,碩士班(日間),女,540,94,1,5,0,2,21,4,7,0,4,15,0,0,0,...,35
107,私立,一般大學,1009,長庚大學,碩士在職專班,女,103,18,1,0,0,0,11,1,2,0,0,0,0,0,0,...,3
107,私立,一般大學,1009,長庚大學,博士班,女,163,28,2,1,0,0,11,1,1,0,1,2,0,0,0,...,9
107,私立,一般大學,1010,元智大學,學士班(日間),男,4053,109,7,1,55,10,16,0,0,2,5,0,0,1,0,...,12
107,私立,一般大學,1010,元智大學,碩士班(日間),男,550,45,2,1,6,1,14,0,0,4,0,5,0,0,0,...,12
107,私立,一般大學,1010,元智大學,碩士在職專班,男,420,82,0,0,0,1,76,0,2,0,0,0,0,0,0,...,3
107,私立,一般大學,1010,元智大學,博士班,男,203,40,0,1,1,0,25,0,1,3,0,5,0,1,0,...,3
107,私立,一般大學,1010,元智大學,學士班(日間),女,3060,61,3,0,22,4,10,0,0,0,7,0,1,1,1,...,12
107,私立,一般大學,1010,元智大學,碩士班(日間),女,296,21,0,1,2,0,12,0,0,0,0,1,0,0,0,...,5
107,私立,一般大學,1010,元智大學,碩士在職專班,女,224,26,0,1,0,0,17,4,2,0,0,0,0,0,0,...,2
107,私立,一般大學,1010,元智大學,博士班,女,76,14,2,0,0,0,12,0,0,0,0,0,0,0,0,...,0
107,私立,一般大學,1011,中華大學學校財團法人中華大學,學士班(日間),男,3121,230,9,15,27,61,51,0,0,35,7,0,6,1,7,...,11
107,私立,一般大學,1011,中華大學學校財團法人中華大學,學士班(進修),男,280,25,1,2,1,3,12,0,0,4,0,0,0,1,1,...,0
107,私立,一般大學,1011,中華大學學校財團法人中華大學,碩士班(日間),男,283,45,3,5,0,3,18,0,0,3,0,10,1,1,0,...,1
107,私立,一般大學,1011,中華大學學校財團法人中華大學,碩士在職專班,男,111,32,0,1,0,1,25,0,2,0,0,2,1,0,0,...,0
107,私立,一般大學,1011,中華大學學校財團法人中華大學,博士班,男,62,22,4,0,0,0,13,0,0,0,1,4,0,0,0,...,0
107,私立,一般大學,1011,中華大學學校財團法人中華大學,學士班(日間),女,1899,58,5,4,3,21,11,1,1,0,3,0,4,2,0,...,3
107,私立,一般大學,1011,中華大學學校財團法人中華大學,學士班(進修),女,152,10,0,0,0,1,8,0,1,0,0,0,0,0,0,...,0
107,私立,一般大學,1011,中華大學學校財團法人中華大學,碩士班(日間),女,233,28,1,2,0,0,12,1,4,0,2,5,0,1,0,...,0
107,私立,一般大學,1011,中華大學學校財團法人中華大學,碩士在職專班,女,100,17,1,0,0,0,12,1,3,0,0,0,0,0,0,...,0
107,私立,一般大學,1011,中華大學學校財團法人中華大學,博士班,女,26,9,0,0,0,0,7,1,0,0,0,1,0,0,0,...,0
107,私立,一般大學,1012,大葉大學,學士班(日間),男,4191,242,24,23,25,44,62,0,0,24,12,0,4,5,7,...,12
107,私立,一般大學,1012,大葉大學,學士班(進修),男,588,69,1,5,5,8,31,0,2,12,1,0,1,0,1,...,2
107,私立,一般大學,1012,大葉大學,碩士班(日間),男,369,70,3,2,3,2,37,0,0,10,1,9,0,0,0,...,3
107,私立,一般大學,1012,大葉大學,碩士在職專班,男,172,38,4,0,0,0,29,0,1,1,0,2,0,0,0,...,1
107,私立,一般大學,1012,大葉大學,博士班,男,102,40,2,1,0,0,25,0,1,1,0,10,0,0,0,...,0
107,私立,一般大學,1012,大葉大學,學士班(日間),女,3828,158,26,17,16,29,36,0,3,0,13,0,8,0,3,...,7
107,私立,一般大學,1012,大葉大學,學士班(進修),女,516,47,4,8,3,2,26,0,1,0,0,0,0,1,0,...,2
107,私立,一般大學,1012,大葉大學,碩士班(日間),女,301,61,6,3,5,2,29,3,1,0,2,7,0,0,1,...,2
107,私立,一般大學,1012,大葉大學,碩士在職專班,女,212,48,3,0,0,0,31,0,4,0,0,8,0,2,0,...,0
107,私立,一般大學,1012,大葉大學,博士班,女,32,27,1,1,2,0,19,0,1,0,0,1,0,1,0,...,1
107,私立,一般大學,1013,華梵大學,學士班(日間),男,788,71,7,2,8,21,9,0,0,15,2,0,0,5,0,...,2
107,私立,一般大學,1013,華梵大學,碩士班(日間),男,114,29,0,0,5,1,12,0,0,3,0,3,0,4,0,...,1
107,私立,一般大學,1013,華梵大學,碩士在職專班,男,44,8,0,0,1,0,5,0,1,0,0,1,0,0,0,...,0
107,私立,一般大學,1013,華梵大學,博士班,男,39,8,0,0,1,0,7,0,0,0,0,0,0,0,0,...,0
107,私立,一般大學,1013,華梵大學,學士班(日間),女,659,38,5,0,3,11,11,0,1,0,5,0,0,1,1,...,0
107,私立,一般大學,1013,華梵大學,碩士班(日間),女,99,35,4,0,9,0,8,0,1,0,1,6,0,5,0,...,1
107,私立,一般大學,1013,華梵大學,碩士在職專班,女,106,17,3,0,1,0,12,0,0,0,0,1,0,0,0,...,0
107,私立,一般大學,1013,華梵大學,博士班,女,22,5,0,0,2,0,0,0,0,0,0,0,0,2,0,...,1
107,私立,一般大學,1014,義守大學,學士班(日間),男,6278,185,9,16,14,73,48,0,0,7,3,0,0,2,3,...,10
107,私立,一般大學,1014,義守大學,學士班(進修),男,1257,47,5,2,1,2,21,0,0,11,0,0,0,0,1,...,4
107,私立,一般大學,1014,義守大學,碩士班(日間),男,249,30,0,2,3,3,10,0,2,4,1,4,0,0,0,...,1
107,私立,一般大學,1014,義守大學,碩士在職專班,男,339,29,0,0,0,0,25,0,1,1,0,0,0,2,0,...,0
107,私立,一般大學,1014,義守大學,博士班,男,113,12,1,0,0,0,8,0,0,0,0,2,0,1,0,...,0
107,私立,一般大學,1014,義守大學,學士班(日間),女,6268,120,12,8,6,54,16,0,2,0,12,0,2,5,1,...,2
107,私立,一般大學,1014,義守大學,學士班(進修),女,707,30,1,1,0,0,20,0,2,0,0,0,0,2,1,...,3
107,私立,一般大學,1014,義守大學,碩士班(日間),女,153,12,0,1,0,0,7,1,0,0,0,2,0,0,0,...,1
107,私立,一般大學,1014,義守大學,碩士在職專班,女,134,11,2,0,0,0,6,1,1,0,0,0,0,0,0,...,1
107,私立,一般大學,1014,義守大學,博士班,女,34,4,0,1,0,0,1,0,0,0,0,2,0,0,0,...,0
107,私立,一般大學,1015,世新大學,學士班(日間),男,3409,168,12,12,19,46,24,0,0,9,15,0,10,3,6,...,12
107,私立,一般大學,1015,世新大學,學士班(進修),男,163,9,0,1,0,0,3,0,0,1,1,0,0,0,0,...,3
107,私立,一般大學,1015,世新大學,碩士班(日間),男,294,95,1,5,0,1,41,0,0,12,2,27,0,0,2,...,4
107,私立,一般大學,1015,世新大學,碩士在職專班,男,422,126,2,0,0,0,91,0,3,1,2,14,0,1,0,...,12
107,私立,一般大學,1015,世新大學,博士班,男,45,16,1,0,0,0,10,0,0,1,0,4,0,0,0,...,0
107,私立,一般大學,1015,世新大學,學士班(日間),女,6262,209,14,9,11,81,17,2,5,0,50,0,5,4,6,...,5
107,私立,一般大學,1015,世新大學,學士班(進修),女,262,18,0,0,0,5,6,0,0,0,1,0,0,0,0,...,6
107,私立,一般大學,1015,世新大學,碩士班(日間),女,318,93,3,1,0,2,45,2,2,0,3,27,1,1,5,...,1
107,私立,一般大學,1015,世新大學,碩士在職專班,女,363,94,6,0,0,1,53,2,11,0,1,7,0,0,0,...,13
107,私立,一般大學,1015,世新大學,博士班,女,52,11,1,0,0,0,4,0,1,0,1,3,0,1,0,...,0
107,私立,一般大學,1016,銘傳大學,學士班(日間),男,6868,384,27,4,74,60,55,0,0,39,28,0,8,1,3,...,85
107,私立,一般大學,1016,銘傳大學,碩士班(日間),男,330,68,3,1,0,1,19,0,0,9,2,19,0,0,1,...,13
107,私立,一般大學,1016,銘傳大學,碩士在職專班,男,382,45,0,0,0,0,32,0,2,0,0,8,0,1,0,...,2
107,私立,一般大學,1016,銘傳大學,博士班,男,30,11,4,0,0,0,2,0,0,0,0,5,0,0,0,...,0
107,私立,一般大學,1016,銘傳大學,學士班(日間),女,10465,328,40,6,35,69,55,1,0,0,46,0,9,2,1,...,64
107,私立,一般大學,1016,銘傳大學,碩士班(日間),女,411,72,0,1,0,1,21,0,5,0,2,24,0,0,2,...,16
107,私立,一般大學,1016,銘傳大學,碩士在職專班,女,446,50,1,0,0,0,24,5,5,0,0,12,0,1,0,...,2
107,私立,一般大學,1016,銘傳大學,博士班,女,43,15,3,0,0,0,2,0,0,0,0,10,0,0,0,...,0
107,私立,一般大學,1017,實踐大學,學士班(日間),男,3713,204,15,10,23,63,34,0,0,8,21,0,2,4,4,...,20
107,私立,一般大學,1017,實踐大學,學士班(進修),男,664,71,2,2,4,9,35,0,4,6,3,0,3,2,0,...,1
107,私立,一般大學,1017,實踐大學,碩士班(日間),男,161,32,0,0,0,0,16,0,1,4,0,9,0,1,0,...,1
107,私立,一般大學,1017,實踐大學,碩士在職專班,男,56,20,1,0,1,1,7,0,4,0,0,4,0,2,0,...,0
107,私立,一般大學,1017,實踐大學,博士班,男,10,2,0,0,0,0,1,0,0,0,0,1,0,0,0,...,0
107,私立,一般大學,1017,實踐大學,學士班(日間),女,7545,311,39,13,21,101,32,1,4,0,45,0,20,6,5,...,24
107,私立,一般大學,1017,實踐大學,學士班(進修),女,1497,122,12,7,9,17,46,0,8,0,11,0,4,3,0,...,5
107,私立,一般大學,1017,實踐大學,碩士班(日間),女,219,35,1,1,0,2,10,1,1,0,3,15,1,0,0,...,0
107,私立,一般大學,1017,實踐大學,碩士在職專班,女,88,19,1,0,0,1,3,2,3,0,1,7,0,1,0,...,0
107,私立,一般大學,1017,實踐大學,博士班,女,15,2,1,0,0,0,1,0,0,0,0,0,0,0,0,...,0
107,私立,技專校院,1018,朝陽科技大學,學士班(日間),男,4783,203,7,10,27,58,32,0,0,23,9,0,5,0,1,...,31
107,私立,技專校院,1018,朝陽科技大學,學士班(進修),男,1573,139,3,4,5,31,61,0,1,20,1,0,0,0,0,...,13
107,私立,技專校院,1018,朝陽科技大學,碩士班(日間),男,349,44,1,4,2,0,21,0,1,7,0,0,1,0,0,...,7
107,私立,技專校院,1018,朝陽科技大學,碩士在職專班,男,212,37,5,2,0,0,19,0,3,1,1,1,0,0,0,...,5
107,私立,技專校院,1018,朝陽科技大學,博士班,男,69,6,0,0,0,0,6,0,0,0,0,0,0,0,0,...,0
107,私立,技專校院,1018,朝陽科技大學,學士班(日間),女,6678,212,25,15,12,62,31,3,7,0,10,0,5,0,0,...,42
107,私立,技專校院,1018,朝陽科技大學,學士班(進修),女,1441,119,8,12,6,26,31,5,9,0,2,0,1,0,0,...,19
107,私立,技專校院,1018,朝陽科技大學,碩士班(日間),女,293,73,2,6,7,1,36,1,9,0,0,0,0,0,0,...,11
107,私立,技專校院,1018,朝陽科技大學,碩士在職專班,女,192,49,8,2,0,0,20,2,7,0,0,1,0,0,0,...,9
107,私立,技專校院,1018,朝陽科技大學,博士班,女,22,3,1,0,0,0,2,0,0,0,0,0,0,0,0,...,0
107,私立,一般大學,1019,高雄醫學大學,學士班(日間),男,2445,91,1,1,1,56,2,0,0,1,9,0,2,1,2,...,15
107,私立,一般大學,1019,高雄醫學大學,碩士班(日間),男,231,44,0,2,0,3,16,0,0,1,1,6,0,0,2,...,13
107,私立,一般大學,1019,高雄醫學大學,碩士在職專班,男,85,20,0,0,0,0,10,0,0,1,0,4,0,0,0,...,5
107,私立,一般大學,1019,高雄醫學大學,博士班,男,161,46,1,0,0,0,3,0,3,1,2,22,0,3,0,...,11
107,私立,一般大學,1019,高雄醫學大學,學士班(日間),女,3101,125,0,1,2,64,8,0,1,0,22,0,1,0,1,...,25
107,私立,一般大學,1019,高雄醫學大學,學士班(進修),女,40,1,0,0,0,0,1,0,0,0,0,0,0,0,0,...,0
107,私立,一般大學,1019,高雄醫學大學,碩士班(日間),女,450,84,1,0,0,1,27,2,3,0,1,27,0,0,1,...,21
107,私立,一般大學,1019,高雄醫學大學,碩士在職專班,女,145,33,0,0,0,0,14,4,4,0,0,7,0,1,1,...,2
107,私立,一般大學,1019,高雄醫學大學,博士班,女,144,45,3,0,1,1,8,0,0,0,4,15,0,1,0,...,12
107,私立,一般大學,1020,南華大學,學士班(日間),男,2160,164,12,18,22,38,38,0,2,18,5,0,1,2,4,...,4
107,私立,一般大學,1020,南華大學,學士班(進修),男,186,27,0,0,0,6,12,0,0,5,0,0,0,2,0,...,2
107,私立,一般大學,1020,南華大學,碩士班(日間),男,271,69,5,3,1,3,41,0,2,7,0,7,0,0,0,...,0
107,私立,一般大學,1020,南華大學,碩士在職專班,男,159,28,4,1,0,1,16,0,2,0,0,3,0,0,0,...,1
107,私立,一般大學,1020,南華大學,博士班,男,27,10,3,0,0,0,6,0,0,0,0,0,0,1,0,...,0
107,私立,一般大學,1020,南華大學,學士班(日間),女,2329,103,19,9,17,29,13,2,1,0,4,0,2,3,1,...,3
107,私立,一般大學,1020,南華大學,學士班(進修),女,139,12,2,3,0,1,6,0,0,0,0,0,0,0,0,...,0
107,私立,一般大學,1020,南華大學,碩士班(日間),女,373,101,4,8,2,1,53,3,9,0,2,9,0,5,1,...,4
107,私立,一般大學,1020,南華大學,碩士在職專班,女,233,55,7,2,0,0,39,0,1,0,0,3,0,2,1,...,0
107,私立,一般大學,1020,南華大學,博士班,女,21,3,0,0,0,0,0,0,2,0,0,0,0,0,1,...,0
107,私立,一般大學,1021,真理大學,學士班(日間),男,2834,100,2,46,1,21,6,0,0,14,6,0,3,0,1,...,0
107,私立,一般大學,1021,真理大學,學士班(進修),男,123,7,0,5,0,0,0,0,0,1,0,0,0,1,0,...,0
107,私立,一般大學,1021,真理大學,碩士班(日間),男,84,6,0,2,1,0,1,0,0,0,1,1,0,0,0,...,0
107,私立,一般大學,1021,真理大學,碩士在職專班,男,10,6,0,3,0,0,1,0,0,0,0,2,0,0,0,...,0
107,私立,一般大學,1021,真理大學,學士班(日間),女,2996,85,7,36,1,21,2,2,1,0,10,0,5,0,0,...,0
107,私立,一般大學,1021,真理大學,學士班(進修),女,95,8,2,3,0,1,0,1,0,0,1,0,0,0,0,...,0
107,私立,一般大學,1021,真理大學,碩士班(日間),女,51,12,0,6,0,1,1,0,1,0,1,2,0,0,0,...,0
107,私立,一般大學,1021,真理大學,碩士在職專班,女,11,3,0,3,0,0,0,0,0,0,0,0,0,0,0,...,0
107,私立,一般大學,1022,大同大學,學士班(日間),男,2226,95,8,3,8,30,13,0,0,7,8,0,1,1,1,...,15
107,私立,一般大學,1022,大同大學,碩士班(日間),男,264,29,3,1,1,1,4,0,0,10,1,6,0,1,0,...,1
107,私立,一般大學,1022,大同大學,碩士在職專班,男,178,55,2,2,1,0,41,0,2,0,0,2,0,1,0,...,4
107,私立,一般大學,1022,大同大學,博士班,男,66,18,0,0,0,0,10,0,1,4,0,1,0,0,0,...,2
107,私立,一般大學,1022,大同大學,學士班(日間),女,1463,42,8,3,0,13,6,1,0,0,2,0,3,1,1,...,4
107,私立,一般大學,1022,大同大學,碩士班(日間),女,89,4,1,0,0,0,1,0,0,0,0,2,0,0,0,...,0
107,私立,一般大學,1022,大同大學,碩士在職專班,女,54,11,0,0,0,0,6,0,2,0,0,0,0,1,0,...,2
107,私立,一般大學,1022,大同大學,博士班,女,50,9,2,0,0,0,4,0,1,0,0,2,0,0,0,...,0
107,私立,技專校院,1023,南臺學校財團法人南臺科技大學,五專,男,61,1,0,0,0,1,0,0,0,0,0,0,0,0,0,...,0
107,私立,技專校院,1023,南臺學校財團法人南臺科技大學,學士班(日間),男,7178,408,17,42,7,64,136,0,0,78,23,0,6,0,15,...,20
107,私立,技專校院,1023,南臺學校財團法人南臺科技大學,學士班(進修),男,2665,417,20,55,6,9,217,0,0,94,6,0,0,0,6,...,4
107,私立,技專校院,1023,南臺學校財團法人南臺科技大學,碩士班(日間),男,474,90,4,13,0,4,36,0,0,13,3,4,1,1,0,...,11
107,私立,技專校院,1023,南臺學校財團法人南臺科技大學,碩士在職專班,男,192,74,2,8,0,0,56,0,0,1,2,2,0,0,1,...,2
107,私立,技專校院,1023,南臺學校財團法人南臺科技大學,博士班,男,83,18,0,3,0,0,9,0,0,3,0,1,0,0,0,...,2
107,私立,技專校院,1023,南臺學校財團法人南臺科技大學,五專,女,5,0,0,0,0,0,0,0,0,0,0,0,0,0,0,...,0
107,私立,技專校院,1023,南臺學校財團法人南臺科技大學,學士班(日間),女,5714,221,17,37,7,31,85,3,1,0,17,0,6,1,3,...,13
107,私立,技專校院,1023,南臺學校財團法人南臺科技大學,學士班(進修),女,1680,258,15,68,0,2,151,5,3,1,7,0,0,0,3,...,3
107,私立,技專校院,1023,南臺學校財團法人南臺科技大學,碩士班(日間),女,356,71,3,13,0,0,28,2,3,0,1,2,1,1,1,...,16
107,私立,技專校院,1023,南臺學校財團法人南臺科技大學,碩士在職專班,女,198,42,4,4,0,0,25,3,0,0,0,6,0,0,0,...,0
107,私立,技專校院,1023,南臺學校財團法人南臺科技大學,博士班,女,16,3,0,2,0,0,1,0,0,0,0,0,0,0,0,...,0
107,私立,技專校院,1024,崑山科技大學,學士班(日間),男,4613,659,10,28,180,99,139,0,0,160,9,0,3,0,0,...,31
107,私立,技專校院,1024,崑山科技大學,學士班(進修),男,2245,457,6,4,4,10,49,0,0,29,0,0,1,10,0,...,344
107,私立,技專校院,1024,崑山科技大學,碩士班(日間),男,230,96,4,4,21,13,36,0,1,10,1,4,0,0,0,...,2
107,私立,技專校院,1024,崑山科技大學,碩士在職專班,男,121,17,0,0,0,0,8,0,0,0,0,1,0,0,0,...,8
107,私立,技專校院,1024,崑山科技大學,博士班,男,27,6,0,0,2,0,4,0,0,0,0,0,0,0,0,...,0
107,私立,技專校院,1024,崑山科技大學,學士班(日間),女,3182,266,10,22,81,61,57,1,1,0,10,0,5,0,0,...,18
107,私立,技專校院,1024,崑山科技大學,學士班(進修),女,1078,188,4,3,0,6,27,2,0,1,2,0,0,7,0,...,136
107,私立,技專校院,1024,崑山科技大學,碩士班(日間),女,123,23,1,4,4,1,11,0,0,0,0,2,0,0,0,...,0
107,私立,技專校院,1024,崑山科技大學,碩士在職專班,女,49,6,0,0,0,0,2,0,0,0,0,0,0,0,0,...,4
107,私立,技專校院,1024,崑山科技大學,博士班,女,9,0,0,0,0,0,0,0,0,0,0,0,0,0,0,...,0
107,私立,技專校院,1025,嘉藥學校財團法人嘉南藥理大學,學士班(日間),男,4622,417,14,19,1,9,6,0,0,20,3,0,0,0,0,...,345
107,私立,技專校院,1025,嘉藥學校財團法人嘉南藥理大學,學士班(進修),男,1260,474,4,11,0,1,17,0,0,20,0,0,0,0,0,...,421
107,私立,技專校院,1025,嘉藥學校財團法人嘉南藥理大學,碩士班(日間),男,94,43,1,0,0,0,2,0,0,3,0,0,0,0,0,...,37
107,私立,技專校院,1025,嘉藥學校財團法人嘉南藥理大學,碩士在職專班,男,99,43,0,0,0,0,2,0,0,0,0,0,0,0,0,...,41
107,私立,技專校院,1025,嘉藥學校財團法人嘉南藥理大學,學士班(日間),女,6493,308,17,18,1,13,6,1,0,0,3,0,2,0,0,...,247
107,私立,技專校院,1025,嘉藥學校財團法人嘉南藥理大學,學士班(進修),女,1527,272,3,5,0,4,19,3,1,0,0,0,0,0,0,...,237
107,私立,技專校院,1025,嘉藥學校財團法人嘉南藥理大學,碩士班(日間),女,113,24,1,0,0,0,4,0,1,0,0,0,0,0,0,...,18
107,私立,技專校院,1025,嘉藥學校財團法人嘉南藥理大學,碩士在職專班,女,139,44,1,1,0,0,9,0,0,0,0,0,0,0,0,...,33
107,私立,技專校院,1026,樹德科技大學,學士班(日間),男,3332,123,8,20,15,27,29,0,2,19,2,0,1,0,0,...,0
107,私立,技專校院,1026,樹德科技大學,學士班(進修),男,977,55,5,6,8,7,20,0,1,7,0,0,1,0,0,...,0
107,私立,技專校院,1026,樹德科技大學,碩士班(日間),男,130,10,0,1,2,3,2,0,1,1,0,0,0,0,0,...,0
107,私立,技專校院,1026,樹德科技大學,碩士在職專班,男,190,16,2,2,2,0,8,0,1,0,0,1,0,0,0,...,0
107,私立,技專校院,1026,樹德科技大學,博士班,男,17,2,1,1,0,0,0,0,0,0,0,0,0,0,0,...,0
107,私立,技專校院,1026,樹德科技大學,學士班(日間),女,4549,140,18,35,13,26,24,3,4,2,10,0,2,2,0,...,1
107,私立,技專校院,1026,樹德科技大學,學士班(進修),女,1046,34,2,8,4,6,11,2,1,0,0,0,0,0,0,...,0
107,私立,技專校院,1026,樹德科技大學,碩士班(日間),女,119,17,0,3,2,2,8,0,1,0,0,1,0,0,0,...,0
107,私立,技專校院,1026,樹德科技大學,碩士在職專班,女,248,22,2,1,1,0,9,0,5,0,0,4,0,0,0,...,0
107,私立,技專校院,1026,樹德科技大學,博士班,女,18,1,0,0,0,0,0,0,1,0,0,0,0,0,0,...,0
107,私立,一般大學,1027,慈濟學校財團法人慈濟大學,學士班(日間),男,1148,49,1,2,2,13,0,0,0,1,7,0,0,1,1,...,21
107,私立,一般大學,1027,慈濟學校財團法人慈濟大學,碩士班(日間),男,121,23,0,0,0,0,1,0,3,1,0,8,0,0,0,...,10
107,私立,一般大學,1027,慈濟學校財團法人慈濟大學,碩士在職專班,男,7,4,0,0,0,0,0,0,1,0,0,1,0,0,0,...,2
107,私立,一般大學,1027,慈濟學校財團法人慈濟大學,博士班,男,53,13,0,0,0,0,1,0,4,0,1,4,0,0,0,...,3
107,私立,一般大學,1027,慈濟學校財團法人慈濟大學,學士班(日間),女,1820,58,3,1,0,24,2,0,0,0,7,0,2,1,0,...,18
107,私立,一般大學,1027,慈濟學校財團法人慈濟大學,碩士班(日間),女,215,46,0,0,0,1,4,3,4,0,2,14,0,0,2,...,16
107,私立,一般大學,1027,慈濟學校財團法人慈濟大學,碩士在職專班,女,36,4,0,0,0,0,1,1,0,0,0,1,0,0,0,...,1
107,私立,一般大學,1027,慈濟學校財團法人慈濟大學,博士班,女,48,17,1,0,0,0,3,1,3,0,0,4,0,0,0,...,5
107,私立,一般大學,1028,臺北醫學大學,學士班(日間),男,2000,136,1,1,2,116,3,0,0,0,3,0,0,3,1,...,6
107,私立,一般大學,1028,臺北醫學大學,碩士班(日間),男,222,42,0,0,0,11,10,0,2,1,0,7,0,6,0,...,5
107,私立,一般大學,1028,臺北醫學大學,碩士在職專班,男,65,16,0,0,0,2,10,0,3,0,0,0,0,0,0,...,1
107,私立,一般大學,1028,臺北醫學大學,博士班,男,275,42,3,0,0,4,7,0,4,0,0,18,0,4,0,...,2
107,私立,一般大學,1028,臺北醫學大學,學士班(日間),女,2762,147,5,4,2,121,5,0,2,0,3,0,0,0,0,...,5
107,私立,一般大學,1028,臺北醫學大學,學士班(進修),女,1,0,0,0,0,0,0,0,0,0,0,0,0,0,0,...,0
107,私立,一般大學,1028,臺北醫學大學,碩士班(日間),女,399,68,4,2,0,14,22,2,5,0,1,4,0,4,0,...,10
107,私立,一般大學,1028,臺北醫學大學,碩士在職專班,女,202,51,3,0,0,2,21,0,9,0,0,1,0,8,0,...,7
107,私立,一般大學,1028,臺北醫學大學,博士班,女,214,46,4,0,0,0,17,0,7,0,3,6,0,4,0,...,5
107,私立,一般大學,1029,中山醫學大學,學士班(日間),男,2355,121,2,2,4,75,6,0,0,2,21,0,3,1,2,...,3
107,私立,一般大學,1029,中山醫學大學,學士班(進修),男,42,6,0,0,0,0,4,0,0,0,0,0,0,0,0,...,2
107,私立,一般大學,1029,中山醫學大學,碩士班(日間),男,142,24,0,1,0,0,12,0,0,1,0,5,3,1,0,...,1
107,私立,一般大學,1029,中山醫學大學,碩士在職專班,男,47,3,0,0,0,0,2,0,0,0,0,1,0,0,0,...,0
107,私立,一般大學,1029,中山醫學大學,博士班,男,138,32,4,1,0,0,11,0,2,1,0,12,0,0,0,...,1
107,私立,一般大學,1029,中山醫學大學,學士班(日間),女,3744,167,4,6,3,101,3,1,1,0,29,0,10,3,3,...,3
107,私立,一般大學,1029,中山醫學大學,學士班(進修),女,78,12,0,3,0,0,7,0,1,0,1,0,0,0,0,...,0
107,私立,一般大學,1029,中山醫學大學,碩士班(日間),女,334,60,3,3,0,3,24,1,2,0,2,14,1,2,2,...,3
107,私立,一般大學,1029,中山醫學大學,碩士在職專班,女,147,13,0,0,0,0,8,0,1,0,0,2,0,1,0,...,1
107,私立,一般大學,1029,中山醫學大學,博士班,女,69,12,3,0,0,0,2,0,0,0,0,6,0,0,0,...,1
107,私立,技專校院,1030,龍華科技大學,五專,男,209,6,0,1,0,3,1,0,0,0,0,0,0,0,0,...,1
107,私立,技專校院,1030,龍華科技大學,學士班(日間),男,4403,198,10,18,22,56,59,0,0,25,1,0,0,0,0,...,7
107,私立,技專校院,1030,龍華科技大學,學士班(進修),男,2773,177,6,16,14,19,83,0,0,31,1,0,0,3,0,...,4
107,私立,技專校院,1030,龍華科技大學,碩士班(日間),男,208,42,0,1,1,1,16,0,0,7,2,11,0,0,0,...,3
107,私立,技專校院,1030,龍華科技大學,碩士在職專班,男,109,5,0,0,0,0,5,0,0,0,0,0,0,0,0,...,0
107,私立,技專校院,1030,龍華科技大學,五專,女,37,2,1,0,1,0,0,0,0,0,0,0,0,0,0,...,0
107,私立,技專校院,1030,龍華科技大學,學士班(日間),女,2384,115,10,14,15,38,27,1,0,0,6,0,1,0,0,...,3
107,私立,技專校院,1030,龍華科技大學,學士班(進修),女,965,55,6,7,3,5,23,1,1,0,1,0,0,1,0,...,7
107,私立,技專校院,1030,龍華科技大學,碩士班(日間),女,80,13,1,0,0,3,7,1,0,0,1,0,0,0,0,...,0
107,私立,技專校院,1030,龍華科技大學,碩士在職專班,女,61,3,0,0,0,0,2,0,0,0,0,0,0,1,0,...,0
107,私立,技專校院,1031,輔英科技大學,五專,男,284,8,0,0,0,7,0,0,0,0,0,0,0,0,0,...,1
107,私立,技專校院,1031,輔英科技大學,學士班(日間),男,1715,129,8,18,6,45,21,0,0,18,4,0,1,1,1,...,6
107,私立,技專校院,1031,輔英科技大學,學士班(進修),男,515,81,2,9,0,1,47,0,1,8,0,0,0,0,1,...,12
107,私立,技專校院,1031,輔英科技大學,碩士班(日間),男,43,11,2,1,0,0,4,0,0,3,0,0,0,0,0,...,1
107,私立,技專校院,1031,輔英科技大學,碩士在職專班,男,10,0,0,0,0,0,0,0,0,0,0,0,0,0,0,...,0
107,私立,技專校院,1031,輔英科技大學,五專,女,2409,59,10,7,3,28,4,0,2,0,1,0,0,0,0,...,4
107,私立,技專校院,1031,輔英科技大學,學士班(日間),女,3534,207,21,30,7,65,32,4,14,0,2,0,2,0,8,...,22
107,私立,技專校院,1031,輔英科技大學,學士班(進修),女,701,104,3,8,0,4,61,6,1,0,0,0,0,0,2,...,19
107,私立,技專校院,1031,輔英科技大學,碩士班(日間),女,89,15,3,1,1,1,3,2,2,0,0,0,0,0,0,...,2
107,私立,技專校院,1031,輔英科技大學,碩士在職專班,女,101,10,0,0,0,0,5,1,1,0,0,0,0,0,0,...,3
107,私立,技專校院,1032,明新學校財團法人明新科技大學,二專(日間),男,7,0,0,0,0,0,0,0,0,0,0,0,0,0,0,...,0
107,私立,技專校院,1032,明新學校財團法人明新科技大學,二專(進修),男,23,1,0,0,0,0,0,0,0,0,0,0,0,0,0,...,1
107,私立,技專校院,1032,明新學校財團法人明新科技大學,學士班(日間),男,5152,282,4,13,88,58,17,0,0,66,6,0,7,2,2,...,19
107,私立,技專校院,1032,明新學校財團法人明新科技大學,學士班(進修),男,2099,150,3,4,2,3,75,0,0,23,2,0,0,0,0,...,38
107,私立,技專校院,1032,明新學校財團法人明新科技大學,碩士班(日間),男,179,46,0,1,6,0,16,0,0,14,0,5,0,1,0,...,3
107,私立,技專校院,1032,明新學校財團法人明新科技大學,碩士在職專班,男,257,33,0,0,0,0,19,0,1,2,0,0,0,0,0,...,11
107,私立,技專校院,1032,明新學校財團法人明新科技大學,二專(日間),女,1,0,0,0,0,0,0,0,0,0,0,0,0,0,0,...,0
107,私立,技專校院,1032,明新學校財團法人明新科技大學,二專(進修),女,20,1,0,0,0,0,0,0,0,0,0,0,0,0,0,...,1
107,私立,技專校院,1032,明新學校財團法人明新科技大學,學士班(日間),女,3188,141,7,6,29,44,13,9,1,2,3,0,5,1,1,...,20
107,私立,技專校院,1032,明新學校財團法人明新科技大學,學士班(進修),女,1305,81,4,6,0,4,39,3,2,1,0,0,0,0,0,...,22
107,私立,技專校院,1032,明新學校財團法人明新科技大學,碩士班(日間),女,88,22,1,1,4,0,6,1,0,0,1,3,0,1,0,...,4
107,私立,技專校院,1032,明新學校財團法人明新科技大學,碩士在職專班,女,73,11,0,0,0,0,9,0,1,0,0,0,0,0,0,...,1
107,私立,一般大學,1033,長榮大學,學士班(日間),男,3594,183,9,63,0,40,28,0,0,17,3,0,8,0,9,...,6
107,私立,一般大學,1033,長榮大學,學士班(進修),男,314,29,0,9,0,3,6,0,0,10,0,0,1,0,0,...,0
107,私立,一般大學,1033,長榮大學,碩士班(日間),男,149,30,1,6,0,0,6,0,2,6,0,7,0,0,1,...,1
107,私立,一般大學,1033,長榮大學,碩士在職專班,男,39,7,1,0,0,0,3,0,0,0,0,3,0,0,0,...,0
107,私立,一般大學,1033,長榮大學,博士班,男,26,5,0,1,0,0,4,0,0,0,0,0,0,0,0,...,0
107,私立,一般大學,1033,長榮大學,學士班(日間),女,4616,136,8,53,0,32,17,2,0,0,7,0,11,0,4,...,2
107,私立,一般大學,1033,長榮大學,學士班(進修),女,225,17,0,6,0,3,4,0,0,1,1,0,2,0,0,...,0
107,私立,一般大學,1033,長榮大學,碩士班(日間),女,230,46,2,11,0,1,12,1,0,0,0,18,0,0,0,...,1
107,私立,一般大學,1033,長榮大學,碩士在職專班,女,55,9,2,2,0,0,2,1,1,0,0,1,0,0,0,...,0
107,私立,一般大學,1033,長榮大學,博士班,女,11,1,0,0,0,0,0,0,0,0,0,1,0,0,0,...,0
107,私立,技專校院,1034,弘光科技大學,二專(進修),男,28,5,0,0,0,0,4,0,0,1,0,0,0,0,0,...,0
107,私立,技專校院,1034,弘光科技大學,五專,男,23,0,0,0,0,0,0,0,0,0,0,0,0,0,0,...,0
107,私立,技專校院,1034,弘光科技大學,學士班(日間),男,2752,179,16,15,10,43,31,0,0,31,2,0,4,1,7,...,19
107,私立,技專校院,1034,弘光科技大學,學士班(進修),男,1508,214,11,21,6,25,91,0,1,27,1,0,3,2,3,...,23
107,私立,技專校院,1034,弘光科技大學,碩士班(日間),男,55,15,1,0,0,4,2,0,0,4,0,1,0,0,1,...,2
107,私立,技專校院,1034,弘光科技大學,碩士在職專班,男,24,15,0,0,0,0,7,0,0,3,1,2,0,0,1,...,1
107,私立,技專校院,1034,弘光科技大學,博士班,男,1,0,0,0,0,0,0,0,0,0,0,0,0,0,0,...,0
107,私立,技專校院,1034,弘光科技大學,二專(進修),女,132,13,0,4,0,1,7,0,0,0,0,0,0,0,0,...,1
107,私立,技專校院,1034,弘光科技大學,五專,女,242,0,0,0,0,0,0,0,0,0,0,0,0,0,0,...,0
107,私立,技專校院,1034,弘光科技大學,學士班(日間),女,5315,193,17,24,7,51,36,7,8,0,6,0,9,1,4,...,23
107,私立,技專校院,1034,弘光科技大學,學士班(進修),女,2669,283,26,31,8,22,134,8,15,0,2,0,4,4,2,...,27
107,私立,技專校院,1034,弘光科技大學,碩士班(日間),女,139,24,0,0,0,0,11,1,4,0,1,4,0,0,0,...,3
107,私立,技專校院,1034,弘光科技大學,碩士在職專班,女,74,36,6,1,0,1,9,2,7,0,0,9,0,1,0,...,0
107,私立,技專校院,1034,弘光科技大學,博士班,女,9,0,0,0,0,0,0,0,0,0,0,0,0,0,0,...,0
107,私立,一般大學,1035,中國醫藥大學,學士班(日間),男,2866,133,10,3,2,33,2,0,1,5,10,2,1,4,3,...,57
107,私立,一般大學,1035,中國醫藥大學,學士班(進修),男,5,0,0,0,0,0,0,0,0,0,0,0,0,0,0,...,0
107,私立,一般大學,1035,中國醫藥大學,碩士班(日間),男,203,42,0,2,0,3,4,0,5,3,1,2,0,5,2,...,15
107,私立,一般大學,1035,中國醫藥大學,碩士在職專班,男,27,8,0,0,0,0,1,0,0,0,1,0,1,3,0,...,2
107,私立,一般大學,1035,中國醫藥大學,博士班,男,227,63,0,3,2,1,17,0,3,0,3,13,0,5,0,...,16
107,私立,一般大學,1035,中國醫藥大學,學士班(日間),女,3554,160,7,3,1,36,2,0,1,0,23,0,2,12,0,...,73
107,私立,一般大學,1035,中國醫藥大學,學士班(進修),女,33,2,0,0,0,1,0,0,0,0,0,0,0,0,0,...,1
107,私立,一般大學,1035,中國醫藥大學,碩士班(日間),女,305,84,3,6,0,3,13,3,8,0,2,12,1,9,0,...,24
107,私立,一般大學,1035,中國醫藥大學,碩士在職專班,女,47,9,0,0,0,0,3,0,1,0,0,1,0,2,0,...,2
107,私立,一般大學,1035,中國醫藥大學,博士班,女,158,49,2,0,0,0,15,0,5,0,1,6,0,7,0,...,13
107,私立,技專校院,1036,健行學校財團法人健行科技大學,五專,男,25,0,0,0,0,0,0,0,0,0,0,0,0,0,0,...,0
107,私立,技專校院,1036,健行學校財團法人健行科技大學,學士班(日間),男,4703,239,6,12,29,48,49,0,0,69,1,0,1,0,0,...,24
107,私立,技專校院,1036,健行學校財團法人健行科技大學,學士班(進修),男,2399,178,5,15,4,16,90,0,1,20,1,0,1,15,0,...,10
107,私立,技專校院,1036,健行學校財團法人健行科技大學,碩士班(日間),男,207,24,0,2,1,0,14,0,0,3,0,0,0,0,0,...,4
107,私立,技專校院,1036,健行學校財團法人健行科技大學,碩士在職專班,男,34,4,0,0,0,0,3,0,0,0,0,0,0,0,0,...,1
107,私立,技專校院,1036,健行學校財團法人健行科技大學,五專,女,1,0,0,0,0,0,0,0,0,0,0,0,0,0,0,...,0
107,私立,技專校院,1036,健行學校財團法人健行科技大學,學士班(日間),女,2525,83,9,15,8,21,16,0,2,0,2,0,0,0,0,...,10
107,私立,技專校院,1036,健行學校財團法人健行科技大學,學士班(進修),女,1329,115,8,10,0,8,61,7,6,0,0,0,0,8,0,...,7
107,私立,技專校院,1036,健行學校財團法人健行科技大學,碩士班(日間),女,89,7,1,1,0,0,1,0,2,0,0,0,0,0,0,...,2
107,私立,技專校院,1036,健行學校財團法人健行科技大學,碩士在職專班,女,21,4,0,0,0,0,1,0,0,0,0,0,0,0,0,...,3
107,私立,技專校院,1037,正修學校財團法人正修科技大學,二專(進修),男,239,8,1,0,0,2,2,0,0,0,0,0,0,0,0,...,3
107,私立,技專校院,1037,正修學校財團法人正修科技大學,五專,男,51,2,1,0,0,0,0,0,0,0,0,0,1,0,0,...,0
107,私立,技專校院,1037,正修學校財團法人正修科技大學,學士班(日間),男,5200,425,27,44,49,73,44,0,0,63,17,0,34,6,7,...,61
107,私立,技專校院,1037,正修學校財團法人正修科技大學,學士班(進修),男,4246,508,12,8,30,25,223,0,0,25,0,0,0,0,0,...,185
107,私立,技專校院,1037,正修學校財團法人正修科技大學,碩士班(日間),男,204,28,1,3,0,1,6,0,0,9,0,0,1,4,0,...,3
107,私立,技專校院,1037,正修學校財團法人正修科技大學,碩士在職專班,男,131,18,0,0,0,0,10,0,0,0,0,1,0,0,0,...,7
107,私立,技專校院,1037,正修學校財團法人正修科技大學,博士班,男,12,2,0,0,0,0,0,0,0,0,0,2,0,0,0,...,0
107,私立,技專校院,1037,正修學校財團法人正修科技大學,二專(進修),女,75,7,2,0,0,3,0,0,0,0,0,0,0,0,0,...,2
107,私立,技專校院,1037,正修學校財團法人正修科技大學,五專,女,15,0,0,0,0,0,0,0,0,0,0,0,0,0,0,...,0
107,私立,技專校院,1037,正修學校財團法人正修科技大學,學士班(日間),女,3759,232,30,32,21,36,50,0,2,1,11,0,18,5,2,...,24
107,私立,技專校院,1037,正修學校財團法人正修科技大學,學士班(進修),女,2783,313,22,15,13,17,130,11,1,0,1,0,0,1,0,...,102
107,私立,技專校院,1037,正修學校財團法人正修科技大學,碩士班(日間),女,145,23,7,1,0,0,4,1,2,0,1,4,0,2,0,...,1
107,私立,技專校院,1037,正修學校財團法人正修科技大學,碩士在職專班,女,79,5,0,1,0,0,1,0,0,1,0,0,0,0,0,...,2
107,私立,技專校院,1038,萬能學校財團法人萬能科技大學,學士班(日間),男,3360,253,12,62,11,45,34,0,0,47,1,0,6,1,1,...,33
107,私立,技專校院,1038,萬能學校財團法人萬能科技大學,學士班(進修),男,2100,350,9,30,0,23,169,0,1,25,1,0,1,1,0,...,90
107,私立,技專校院,1038,萬能學校財團法人萬能科技大學,碩士班(日間),男,72,15,0,0,0,2,5,0,0,3,0,4,0,1,0,...,0
107,私立,技專校院,1038,萬能學校財團法人萬能科技大學,碩士在職專班,男,49,7,0,0,0,0,5,0,0,0,0,0,0,0,0,...,2
107,私立,技專校院,1038,萬能學校財團法人萬能科技大學,學士班(日間),女,2910,186,13,76,5,36,22,3,1,0,5,0,4,0,0,...,21
107,私立,技專校院,1038,萬能學校財團法人萬能科技大學,學士班(進修),女,1745,217,12,30,0,4,142,6,2,0,2,0,0,1,0,...,18
107,私立,技專校院,1038,萬能學校財團法人萬能科技大學,碩士班(日間),女,72,5,0,0,1,1,0,0,0,0,0,2,0,1,0,...,0
107,私立,技專校院,1038,萬能學校財團法人萬能科技大學,碩士在職專班,女,72,7,1,0,0,0,2,0,0,0,0,0,0,1,0,...,3
107,私立,一般大學,1039,玄奘大學,學士班(日間),男,1186,114,6,7,4,8,13,0,0,13,0,0,1,0,0,...,62
107,私立,一般大學,1039,玄奘大學,學士班(進修),男,141,33,0,0,1,0,10,0,1,3,0,0,0,0,0,...,18
107,私立,一般大學,1039,玄奘大學,碩士班(日間),男,116,54,1,8,0,0,19,0,0,7,0,9,0,0,1,...,9
107,私立,一般大學,1039,玄奘大學,碩士在職專班,男,62,12,0,0,0,0,3,0,0,0,0,4,0,0,0,...,5
107,私立,一般大學,1039,玄奘大學,博士班,男,3,4,0,0,0,0,0,0,0,0,0,4,0,0,0,...,0
107,私立,一般大學,1039,玄奘大學,學士班(日間),女,1673,122,7,18,4,3,19,2,1,0,0,0,0,0,0,...,68
107,私立,一般大學,1039,玄奘大學,學士班(進修),女,207,39,2,5,1,4,13,0,0,0,0,0,0,0,0,...,14
107,私立,一般大學,1039,玄奘大學,碩士班(日間),女,174,57,2,3,0,0,14,0,0,0,0,15,0,0,0,...,23
107,私立,一般大學,1039,玄奘大學,碩士在職專班,女,110,31,3,0,0,0,6,0,0,0,0,9,0,0,1,...,12
107,私立,一般大學,1039,玄奘大學,博士班,女,2,0,0,0,0,0,0,0,0,0,0,0,0,0,0,...,0
107,私立,技專校院,1040,建國科技大學,學士班(日間),男,3379,144,14,14,8,32,27,0,0,29,1,0,2,0,0,...,17
107,私立,技專校院,1040,建國科技大學,學士班(進修),男,1597,70,4,3,5,0,41,0,0,6,0,0,6,0,1,...,4
107,私立,技專校院,1040,建國科技大學,碩士班(日間),男,94,7,0,0,0,1,3,0,0,3,0,0,0,0,0,...,0
107,私立,技專校院,1040,建國科技大學,學士班(日間),女,1826,75,9,18,5,15,18,2,1,0,1,0,1,0,0,...,5
107,私立,技專校院,1040,建國科技大學,學士班(進修),女,575,24,1,2,0,0,10,4,0,1,1,0,2,2,0,...,1
107,私立,技專校院,1040,建國科技大學,碩士班(日間),女,74,7,1,1,0,0,3,0,0,0,1,1,0,0,0,...,0
107,私立,技專校院,1041,明志科技大學,學士班(日間),男,2580,74,5,3,2,23,13,0,0,9,2,0,1,0,3,...,13
107,私立,技專校院,1041,明志科技大學,學士班(進修),男,394,15,0,1,0,8,4,0,0,2,0,0,0,0,0,...,0
107,私立,技專校院,1041,明志科技大學,碩士班(日間),男,314,49,1,11,0,5,15,0,0,9,1,2,0,0,0,...,5
107,私立,技專校院,1041,明志科技大學,碩士在職專班,男,27,6,0,0,0,0,6,0,0,0,0,0,0,0,0,...,0
107,私立,技專校院,1041,明志科技大學,博士班,男,12,1,0,0,0,0,1,0,0,0,0,0,0,0,0,...,0
107,私立,技專校院,1041,明志科技大學,學士班(日間),女,1007,22,2,0,0,13,1,0,0,0,1,0,0,0,0,...,5
107,私立,技專校院,1041,明志科技大學,學士班(進修),女,90,2,1,0,0,1,0,0,0,0,0,0,0,0,0,...,0
107,私立,技專校院,1041,明志科技大學,碩士班(日間),女,125,11,1,1,0,2,4,0,0,0,0,0,0,0,0,...,3
107,私立,技專校院,1041,明志科技大學,碩士在職專班,女,8,0,0,0,0,0,0,0,0,0,0,0,0,0,0,...,0
107,私立,技專校院,1041,明志科技大學,博士班,女,2,0,0,0,0,0,0,0,0,0,0,0,0,0,0,...,0
107,私立,技專校院,1042,高苑科技大學,學士班(日間),男,2257,43,2,1,2,7,21,0,0,5,0,0,1,0,0,...,4
107,私立,技專校院,1042,高苑科技大學,學士班(進修),男,986,83,4,5,2,6,32,0,0,25,1,0,0,0,0,...,8
107,私立,技專校院,1042,高苑科技大學,碩士班(日間),男,74,5,0,0,0,0,3,0,0,1,0,0,0,0,0,...,1
107,私立,技專校院,1042,高苑科技大學,碩士在職專班,男,124,30,1,2,0,0,20,0,0,0,1,1,0,0,0,...,5
107,私立,技專校院,1042,高苑科技大學,學士班(日間),女,810,14,1,1,1,4,7,0,0,0,0,0,0,0,0,...,0
107,私立,技專校院,1042,高苑科技大學,學士班(進修),女,361,24,1,1,0,7,9,3,0,0,0,0,0,0,0,...,3
107,私立,技專校院,1042,高苑科技大學,碩士班(日間),女,24,5,0,0,0,0,5,0,0,0,0,0,0,0,0,...,0
107,私立,技專校院,1042,高苑科技大學,碩士在職專班,女,56,6,0,2,0,0,4,0,0,0,0,0,0,0,0,...,0
107,私立,技專校院,1043,大仁科技大學,學士班(日間),男,2000,396,10,31,10,57,62,0,0,12,1,0,7,0,0,...,206
107,私立,技專校院,1043,大仁科技大學,學士班(進修),男,688,198,4,27,0,9,92,0,0,7,1,0,0,2,1,...,55
107,私立,技專校院,1043,大仁科技大學,碩士班(日間),男,36,27,1,1,0,2,4,0,0,0,0,0,0,0,0,...,19
107,私立,技專校院,1043,大仁科技大學,碩士在職專班,男,60,19,0,0,0,0,8,0,0,0,0,0,0,0,0,...,11
107,私立,技專校院,1043,大仁科技大學,學士班(日間),女,2238,322,20,49,3,54,59,6,3,0,3,0,5,2,3,...,115
107,私立,技專校院,1043,大仁科技大學,學士班(進修),女,1138,132,5,14,0,1,59,8,3,0,1,0,0,4,0,...,37
107,私立,技專校院,1043,大仁科技大學,碩士班(日間),女,30,14,1,1,1,0,7,0,0,0,0,0,0,0,0,...,4
107,私立,技專校院,1043,大仁科技大學,碩士在職專班,女,70,20,2,1,0,0,5,1,0,0,0,0,0,0,0,...,11
107,私立,技專校院,1044,聖約翰科技大學,五專,男,246,24,2,2,1,5,3,0,0,3,0,0,0,0,0,...,8
107,私立,技專校院,1044,聖約翰科技大學,學士班(日間),男,2038,189,2,33,2,5,49,0,0,51,3,0,0,0,0,...,44
107,私立,技專校院,1044,聖約翰科技大學,學士班(進修),男,203,31,0,1,1,2,14,0,0,3,0,0,0,0,0,...,10
107,私立,技專校院,1044,聖約翰科技大學,碩士班(日間),男,116,32,3,3,0,0,7,0,0,4,1,6,0,0,0,...,8
107,私立,技專校院,1044,聖約翰科技大學,碩士在職專班,男,57,4,0,0,0,0,3,0,0,0,0,0,0,0,0,...,1
107,私立,技專校院,1044,聖約翰科技大學,五專,女,81,8,1,1,2,2,1,0,0,0,0,0,0,0,0,...,1
107,私立,技專校院,1044,聖約翰科技大學,學士班(日間),女,942,92,5,12,5,4,34,1,3,0,3,0,1,0,1,...,23
107,私立,技專校院,1044,聖約翰科技大學,學士班(進修),女,82,6,0,1,0,0,1,0,0,0,0,0,0,0,0,...,4
107,私立,技專校院,1044,聖約翰科技大學,碩士班(日間),女,23,2,0,0,0,1,0,0,0,0,0,0,0,0,0,...,1
107,私立,技專校院,1044,聖約翰科技大學,碩士在職專班,女,19,1,1,0,0,0,0,0,0,0,0,0,0,0,0,...,0
107,私立,技專校院,1045,嶺東科技大學,學士班(日間),男,2797,75,4,4,2,22,14,0,0,17,3,0,0,0,1,...,8
107,私立,技專校院,1045,嶺東科技大學,學士班(進修),男,1386,127,4,11,4,1,73,0,0,26,0,0,4,1,1,...,2
107,私立,技專校院,1045,嶺東科技大學,碩士班(日間),男,108,15,0,5,0,0,6,0,0,4,0,0,0,0,0,...,0
107,私立,技專校院,1045,嶺東科技大學,碩士在職專班,男,98,9,0,0,0,0,9,0,0,0,0,0,0,0,0,...,0
107,私立,技專校院,1045,嶺東科技大學,學士班(日間),女,4483,109,8,25,5,29,16,2,1,0,7,0,7,2,0,...,7
107,私立,技專校院,1045,嶺東科技大學,學士班(進修),女,1293,94,0,11,0,9,61,0,2,0,3,0,1,2,0,...,5
107,私立,技專校院,1045,嶺東科技大學,碩士班(日間),女,123,23,0,3,0,0,12,4,0,0,1,1,0,1,0,...,1
107,私立,技專校院,1045,嶺東科技大學,碩士在職專班,女,48,11,0,1,0,0,9,0,0,0,0,0,0,0,0,...,1
107,私立,技專校院,1046,中國科技大學,二專(進修),男,23,0,0,0,0,0,0,0,0,0,0,0,0,0,0,...,0
107,私立,技專校院,1046,中國科技大學,學士班(日間),男,3490,200,5,9,11,60,43,0,1,30,9,0,9,1,2,...,20
107,私立,技專校院,1046,中國科技大學,學士班(進修),男,948,87,1,5,0,9,49,0,1,12,3,0,1,1,0,...,5
107,私立,技專校院,1046,中國科技大學,碩士班(日間),男,92,19,0,1,0,0,9,0,1,2,0,1,0,0,2,...,3
107,私立,技專校院,1046,中國科技大學,碩士在職專班,男,58,3,1,0,0,0,2,0,0,0,0,0,0,0,0,...,0
107,私立,技專校院,1046,中國科技大學,二專(進修),女,1,0,0,0,0,0,0,0,0,0,0,0,0,0,0,...,0
107,私立,技專校院,1046,中國科技大學,學士班(日間),女,4487,188,7,19,3,57,31,4,2,0,22,0,15,4,5,...,19
107,私立,技專校院,1046,中國科技大學,學士班(進修),女,791,67,4,3,1,4,43,2,1,1,2,0,0,0,0,...,6
107,私立,技專校院,1046,中國科技大學,碩士班(日間),女,64,10,0,1,0,0,6,1,0,0,0,0,0,0,1,...,1
107,私立,技專校院,1046,中國科技大學,碩士在職專班,女,18,3,0,0,0,0,3,0,0,0,0,0,0,0,0,...,0
107,私立,技專校院,1047,中臺科技大學,二專(日間),男,13,0,0,0,0,0,0,0,0,0,0,0,0,0,0,...,0
107,私立,技專校院,1047,中臺科技大學,學士班(日間),男,2155,185,2,9,19,62,13,0,0,20,3,0,4,3,0,...,50
107,私立,技專校院,1047,中臺科技大學,學士班(進修),男,711,195,6,8,11,14,46,0,1,26,2,0,1,1,0,...,79
107,私立,技專校院,1047,中臺科技大學,碩士班(日間),男,35,14,0,0,0,0,5,0,0,5,0,0,0,1,0,...,3
107,私立,技專校院,1047,中臺科技大學,碩士在職專班,男,62,13,0,0,0,1,6,0,1,0,0,4,0,0,0,...,1
107,私立,技專校院,1047,中臺科技大學,博士班,男,14,3,0,0,0,0,2,0,0,0,0,1,0,0,0,...,0
107,私立,技專校院,1047,中臺科技大學,二專(日間),女,14,0,0,0,0,0,0,0,0,0,0,0,0,0,0,...,0
107,私立,技專校院,1047,中臺科技大學,學士班(日間),女,3455,245,5,24,12,80,37,4,8,0,0,0,3,3,2,...,67
107,私立,技專校院,1047,中臺科技大學,學士班(進修),女,1906,291,19,18,11,24,68,3,38,0,1,0,8,5,1,...,95
107,私立,技專校院,1047,中臺科技大學,碩士班(日間),女,75,32,1,5,2,0,6,0,4,0,0,8,0,1,0,...,5
107,私立,技專校院,1047,中臺科技大學,碩士在職專班,女,242,64,3,1,1,0,16,1,10,0,1,18,0,2,0,...,11
107,私立,技專校院,1047,中臺科技大學,博士班,女,3,0,0,0,0,0,0,0,0,0,0,0,0,0,0,...,0
107,私立,一般大學,1048,亞洲大學,學士班(日間),男,3524,140,8,11,13,41,21,0,0,17,12,0,5,0,4,...,8
107,私立,一般大學,1048,亞洲大學,學士班(進修),男,446,33,1,2,1,7,15,0,0,5,0,0,0,0,0,...,2
107,私立,一般大學,1048,亞洲大學,碩士班(日間),男,252,37,0,0,1,2,12,0,0,2,0,11,0,0,1,...,8
107,私立,一般大學,1048,亞洲大學,碩士在職專班,男,190,12,1,0,0,0,6,0,0,0,1,1,0,0,1,...,2
107,私立,一般大學,1048,亞洲大學,博士班,男,132,19,2,0,1,0,8,0,0,0,1,6,0,0,1,...,0
107,私立,一般大學,1048,亞洲大學,學士班(日間),女,6092,148,18,9,8,61,14,2,1,0,16,0,8,0,1,...,10
107,私立,一般大學,1048,亞洲大學,學士班(進修),女,524,38,5,8,1,9,7,1,0,0,3,0,0,0,0,...,4
107,私立,一般大學,1048,亞洲大學,碩士班(日間),女,329,50,2,3,1,2,11,0,1,0,4,19,0,0,0,...,7
107,私立,一般大學,1048,亞洲大學,碩士在職專班,女,211,15,0,0,0,1,7,0,1,0,0,4,0,0,0,...,2
107,私立,一般大學,1048,亞洲大學,博士班,女,79,22,1,0,0,0,5,0,0,0,0,11,0,0,0,...,5
107,私立,一般大學,1049,開南大學,學士班(日間),男,2508,165,5,20,9,37,45,0,0,31,4,0,0,1,3,...,10
107,私立,一般大學,1049,開南大學,學士班(進修),男,581,59,4,5,2,10,27,0,1,9,1,0,0,0,0,...,0
107,私立,一般大學,1049,開南大學,碩士班(日間),男,122,33,1,3,0,0,14,0,0,8,1,0,0,2,3,...,1
107,私立,一般大學,1049,開南大學,碩士在職專班,男,183,30,4,1,0,0,22,0,1,1,0,0,0,0,0,...,1
107,私立,一般大學,1049,開南大學,學士班(日間),女,2611,135,12,20,6,19,37,6,2,1,10,0,0,0,1,...,21
107,私立,一般大學,1049,開南大學,學士班(進修),女,410,44,7,7,1,4,13,4,0,1,2,0,0,2,0,...,3
107,私立,一般大學,1049,開南大學,碩士班(日間),女,118,45,5,6,1,0,16,1,3,0,0,5,0,0,0,...,8
107,私立,一般大學,1049,開南大學,碩士在職專班,女,132,21,0,0,0,0,17,0,2,0,0,0,0,0,0,...,2
107,私立,一般大學,1050,佛光大學,學士班(日間),男,1380,88,6,5,0,10,19,0,0,14,3,0,5,0,0,...,26
107,私立,一般大學,1050,佛光大學,碩士班(日間),男,213,75,4,3,0,1,33,0,1,6,2,8,1,0,0,...,16
107,私立,一般大學,1050,佛光大學,碩士在職專班,男,90,16,1,1,0,0,9,0,0,1,0,2,0,0,0,...,2
107,私立,一般大學,1050,佛光大學,博士班,男,24,5,0,0,0,0,3,0,0,0,0,1,0,1,0,...,0
107,私立,一般大學,1050,佛光大學,學士班(日間),女,1590,66,11,1,0,9,7,1,4,0,10,0,3,0,2,...,18
107,私立,一般大學,1050,佛光大學,碩士班(日間),女,279,104,7,3,0,2,41,3,8,0,1,25,0,0,0,...,14
107,私立,一般大學,1050,佛光大學,碩士在職專班,女,85,16,1,0,0,0,9,0,1,0,0,4,0,0,0,...,1
107,私立,一般大學,1050,佛光大學,博士班,女,35,5,2,0,0,0,1,0,0,0,0,0,0,0,0,...,2
107,私立,技專校院,1051,台南家專學校財團法人台南應用科技大學,五專,男,227,29,3,1,5,4,3,0,0,2,1,0,0,0,0,...,10
107,私立,技專校院,1051,台南家專學校財團法人台南應用科技大學,學士班(日間),男,2454,298,13,31,17,63,53,0,0,28,5,0,0,0,0,...,88
107,私立,技專校院,1051,台南家專學校財團法人台南應用科技大學,學士班(進修),男,946,171,1,9,37,11,102,0,2,6,0,0,2,1,0,...,0
107,私立,技專校院,1051,台南家專學校財團法人台南應用科技大學,碩士班(日間),男,28,15,1,0,0,1,3,0,0,1,0,0,0,0,0,...,9
107,私立,技專校院,1051,台南家專學校財團法人台南應用科技大學,碩士在職專班,男,37,4,0,0,0,0,4,0,0,0,0,0,0,0,0,...,0
107,私立,技專校院,1051,台南家專學校財團法人台南應用科技大學,五專,女,888,73,9,5,8,9,4,0,1,0,8,0,0,0,0,...,29
107,私立,技專校院,1051,台南家專學校財團法人台南應用科技大學,學士班(日間),女,6159,537,42,67,35,125,62,8,1,0,14,0,0,0,0,...,183
107,私立,技專校院,1051,台南家專學校財團法人台南應用科技大學,學士班(進修),女,1835,232,12,14,46,31,124,3,1,0,0,0,1,0,0,...,0
107,私立,技專校院,1051,台南家專學校財團法人台南應用科技大學,碩士班(日間),女,85,48,4,8,1,0,11,0,3,0,1,0,0,0,0,...,20
107,私立,技專校院,1051,台南家專學校財團法人台南應用科技大學,碩士在職專班,女,72,10,2,0,0,2,6,0,0,0,0,0,0,0,0,...,0
107,私立,技專校院,1052,遠東科技大學,二專(進修),男,35,2,0,0,0,0,2,0,0,0,0,0,0,0,0,...,0
107,私立,技專校院,1052,遠東科技大學,學士班(日間),男,2920,240,8,19,12,41,70,0,0,58,0,0,3,2,0,...,27
107,私立,技專校院,1052,遠東科技大學,學士班(進修),男,509,64,3,1,0,6,43,0,0,9,0,0,0,0,0,...,2
107,私立,技專校院,1052,遠東科技大學,碩士班(日間),男,120,22,0,2,1,1,11,0,0,4,0,2,0,0,0,...,1
107,私立,技專校院,1052,遠東科技大學,碩士在職專班,男,31,7,0,0,0,0,5,0,0,0,0,1,0,0,0,...,1
107,私立,技專校院,1052,遠東科技大學,二專(進修),女,2,1,0,0,0,0,1,0,0,0,0,0,0,0,0,...,0
107,私立,技專校院,1052,遠東科技大學,學士班(日間),女,1632,129,10,24,6,27,34,1,1,0,1,0,2,1,0,...,22
107,私立,技專校院,1052,遠東科技大學,學士班(進修),女,205,29,0,1,1,1,20,2,0,0,0,0,0,1,0,...,3
107,私立,技專校院,1052,遠東科技大學,碩士班(日間),女,97,5,0,0,1,0,1,0,0,0,0,1,0,0,0,...,2
107,私立,技專校院,1052,遠東科技大學,碩士在職專班,女,2,1,0,0,0,0,1,0,0,0,0,0,0,0,0,...,0
107,私立,技專校院,1053,光宇學校財團法人元培醫事科技大學,二專(日間),男,31,0,0,0,0,0,0,0,0,0,0,0,0,0,0,...,0
107,私立,技專校院,1053,光宇學校財團法人元培醫事科技大學,學士班(日間),男,1979,90,11,12,21,17,7,0,0,17,1,0,1,2,0,...,1
107,私立,技專校院,1053,光宇學校財團法人元培醫事科技大學,學士班(進修),男,643,28,2,1,2,1,14,0,0,6,0,0,0,2,0,...,0
107,私立,技專校院,1053,光宇學校財團法人元培醫事科技大學,碩士班(日間),男,109,8,2,0,0,0,6,0,0,0,0,0,0,0,0,...,0
107,私立,技專校院,1053,光宇學校財團法人元培醫事科技大學,碩士在職專班,男,14,1,0,0,1,0,0,0,0,0,0,0,0,0,0,...,0
107,私立,技專校院,1053,光宇學校財團法人元培醫事科技大學,二專(日間),女,8,0,0,0,0,0,0,0,0,0,0,0,0,0,0,...,0
107,私立,技專校院,1053,光宇學校財團法人元培醫事科技大學,學士班(日間),女,2474,48,5,10,3,19,6,0,1,0,1,0,1,1,0,...,1
107,私立,技專校院,1053,光宇學校財團法人元培醫事科技大學,學士班(進修),女,890,42,4,3,1,7,20,2,1,0,0,0,1,2,1,...,0
107,私立,技專校院,1053,光宇學校財團法人元培醫事科技大學,碩士班(日間),女,116,9,0,0,2,0,4,0,1,0,0,0,2,0,0,...,0
107,私立,技專校院,1053,光宇學校財團法人元培醫事科技大學,碩士在職專班,女,28,3,0,0,0,0,3,0,0,0,0,0,0,0,0,...,0
107,私立,技專校院,1054,景文科技大學,學士班(日間),男,2351,164,5,19,28,25,21,0,0,30,3,0,1,0,10,...,22
107,私立,技專校院,1054,景文科技大學,學士班(進修),男,844,64,3,4,7,12,19,0,0,7,3,0,1,0,0,...,8
107,私立,技專校院,1054,景文科技大學,碩士班(日間),男,38,5,0,0,0,1,1,0,0,1,0,1,0,0,0,...,1
107,私立,技專校院,1054,景文科技大學,碩士在職專班,男,47,10,0,0,0,0,2,0,0,0,0,8,0,0,0,...,0
107,私立,技專校院,1054,景文科技大學,學士班(日間),女,2830,94,11,17,5,18,6,0,3,1,5,0,1,3,13,...,11
107,私立,技專校院,1054,景文科技大學,學士班(進修),女,916,48,6,8,4,5,11,1,2,0,2,0,1,0,0,...,8
107,私立,技專校院,1054,景文科技大學,碩士班(日間),女,15,1,0,0,0,0,0,0,0,0,0,1,0,0,0,...,0
107,私立,技專校院,1054,景文科技大學,碩士在職專班,女,20,4,0,0,0,0,2,0,0,0,0,2,0,0,0,...,0
107,私立,技專校院,1055,中華醫事科技大學,二專(日間),男,56,7,0,0,0,7,0,0,0,0,0,0,0,0,0,...,0
107,私立,技專校院,1055,中華醫事科技大學,五專,男,612,17,0,0,0,17,0,0,0,0,0,0,0,0,0,...,0
107,私立,技專校院,1055,中華醫事科技大學,學士班(日間),男,1888,106,0,0,0,106,0,0,0,0,0,0,0,0,0,...,0
107,私立,技專校院,1055,中華醫事科技大學,學士班(進修),男,500,81,3,0,0,77,1,0,0,0,0,0,0,0,0,...,0
107,私立,技專校院,1055,中華醫事科技大學,碩士班(日間),男,46,16,0,0,0,16,0,0,0,0,0,0,0,0,0,...,0
107,私立,技專校院,1055,中華醫事科技大學,碩士在職專班,男,13,0,0,0,0,0,0,0,0,0,0,0,0,0,0,...,0
107,私立,技專校院,1055,中華醫事科技大學,二專(日間),女,29,6,0,0,0,6,0,0,0,0,0,0,0,0,0,...,0
107,私立,技專校院,1055,中華醫事科技大學,五專,女,2265,42,0,0,0,42,0,0,0,0,0,0,0,0,0,...,0
107,私立,技專校院,1055,中華醫事科技大學,學士班(日間),女,2755,109,0,0,0,109,0,0,0,0,0,0,0,0,0,...,0
107,私立,技專校院,1055,中華醫事科技大學,學士班(進修),女,942,86,1,0,0,85,0,0,0,0,0,0,0,0,0,...,0
107,私立,技專校院,1055,中華醫事科技大學,碩士班(日間),女,49,13,0,0,0,13,0,0,0,0,0,0,0,0,0,...,0
107,私立,技專校院,1055,中華醫事科技大學,碩士在職專班,女,7,0,0,0,0,0,0,0,0,0,0,0,0,0,0,...,0
107,私立,技專校院,1056,東南科技大學,學士班(日間),男,3459,430,6,43,11,42,74,0,2,32,4,0,1,1,1,...,213
107,私立,技專校院,1056,東南科技大學,學士班(進修),男,434,109,1,0,1,0,5,0,0,2,0,0,0,0,0,...,100
107,私立,技專校院,1056,東南科技大學,碩士班(日間),男,98,28,0,0,1,1,6,0,0,0,0,1,0,0,0,...,19
107,私立,技專校院,1056,東南科技大學,碩士在職專班,男,47,6,0,0,0,0,0,0,0,0,0,0,0,1,0,...,5
107,私立,技專校院,1056,東南科技大學,學士班(日間),女,1750,196,9,23,8,34,29,3,9,0,6,0,1,2,0,...,72
107,私立,技專校院,1056,東南科技大學,學士班(進修),女,104,31,0,0,0,0,0,0,0,0,0,0,0,0,0,...,31
107,私立,技專校院,1056,東南科技大學,碩士班(日間),女,35,10,1,0,0,0,3,0,0,0,0,0,0,0,0,...,6
107,私立,技專校院,1056,東南科技大學,碩士在職專班,女,8,1,0,0,0,0,0,0,0,0,0,0,0,0,0,...,1
107,私立,技專校院,1057,德明財經科技大學,學士班(日間),男,2878,240,10,4,15,40,33,0,0,28,6,0,3,0,0,...,101
107,私立,技專校院,1057,德明財經科技大學,學士班(進修),男,412,81,3,0,1,3,23,0,0,3,1,0,0,0,0,...,47
107,私立,技專校院,1057,德明財經科技大學,碩士班(日間),男,31,12,0,1,0,0,3,0,0,3,0,0,0,0,0,...,5
107,私立,技專校院,1057,德明財經科技大學,碩士在職專班,男,32,14,1,0,0,0,4,0,0,0,0,0,0,0,0,...,9
107,私立,技專校院,1057,德明財經科技大學,學士班(日間),女,4355,234,11,7,6,63,31,1,0,0,15,0,1,0,5,...,94
107,私立,技專校院,1057,德明財經科技大學,學士班(進修),女,429,72,9,0,1,4,17,1,3,0,5,0,0,0,0,...,32
107,私立,技專校院,1057,德明財經科技大學,碩士班(日間),女,26,2,0,0,0,0,0,0,0,0,0,0,0,0,0,...,2
107,私立,技專校院,1057,德明財經科技大學,碩士在職專班,女,23,3,0,0,0,0,1,1,0,0,0,0,0,0,0,...,1
107,私立,一般大學,1058,明道學校財團法人明道大學,學士班(日間),男,1608,58,8,8,2,5,9,0,0,14,2,0,0,0,0,...,10
107,私立,一般大學,1058,明道學校財團法人明道大學,學士班(進修),男,514,22,2,1,0,2,9,0,0,6,0,0,0,0,0,...,2
107,私立,一般大學,1058,明道學校財團法人明道大學,碩士班(日間),男,98,15,1,0,0,0,4,0,0,3,0,4,0,0,1,...,2
107,私立,一般大學,1058,明道學校財團法人明道大學,碩士在職專班,男,28,2,0,0,0,0,1,0,0,0,0,0,0,0,0,...,1
107,私立,一般大學,1058,明道學校財團法人明道大學,博士班,男,14,1,1,0,0,0,0,0,0,0,0,0,0,0,0,...,0
107,私立,一般大學,1058,明道學校財團法人明道大學,學士班(日間),女,1211,19,2,4,0,6,3,0,0,0,1,0,0,0,0,...,3
107,私立,一般大學,1058,明道學校財團法人明道大學,學士班(進修),女,292,18,1,3,0,4,4,0,0,0,0,0,0,0,0,...,6
107,私立,一般大學,1058,明道學校財團法人明道大學,碩士班(日間),女,84,9,1,0,0,0,3,0,0,0,2,2,0,0,0,...,1
107,私立,一般大學,1058,明道學校財團法人明道大學,碩士在職專班,女,52,5,1,0,0,0,1,0,1,0,0,0,0,0,0,...,2
107,私立,一般大學,1058,明道學校財團法人明道大學,博士班,女,12,0,0,0,0,0,0,0,0,0,0,0,0,0,0,...,0
107,私立,技專校院,1060,南開科技大學,五專,男,662,53,0,0,2,12,15,0,0,13,1,0,1,0,4,...,5
107,私立,技專校院,1060,南開科技大學,學士班(日間),男,1969,91,3,2,3,9,47,0,0,12,1,0,3,3,3,...,5
107,私立,技專校院,1060,南開科技大學,學士班(進修),男,483,30,0,0,0,3,22,0,0,5,0,0,0,0,0,...,0
107,私立,技專校院,1060,南開科技大學,碩士班(日間),男,66,12,1,0,0,0,4,0,0,2,0,4,0,0,1,...,0
107,私立,技專校院,1060,南開科技大學,碩士在職專班,男,33,4,0,0,0,0,4,0,0,0,0,0,0,0,0,...,0
107,私立,技專校院,1060,南開科技大學,五專,女,151,13,0,0,0,0,5,0,0,0,1,0,1,0,1,...,5
107,私立,技專校院,1060,南開科技大學,學士班(日間),女,984,39,4,3,0,7,17,1,1,0,0,0,2,1,0,...,3
107,私立,技專校院,1060,南開科技大學,學士班(進修),女,273,14,1,0,0,1,9,1,0,0,0,0,0,0,0,...,2
107,私立,技專校院,1060,南開科技大學,碩士班(日間),女,39,10,0,1,0,0,7,0,0,0,0,0,0,2,0,...,0
107,私立,技專校院,1060,南開科技大學,碩士在職專班,女,66,9,1,0,0,0,4,0,0,0,0,1,0,0,2,...,1
107,私立,技專校院,1061,中華學校財團法人中華科技大學,二專(進修),男,0,1,0,1,0,0,0,0,0,0,0,0,0,0,0,...,0
107,私立,技專校院,1061,中華學校財團法人中華科技大學,學士班(日間),男,2915,553,15,41,5,8,129,0,0,140,9,0,3,202,0,...,1
107,私立,技專校院,1061,中華學校財團法人中華科技大學,學士班(進修),男,840,176,1,10,2,10,73,0,0,47,3,0,0,0,0,...,30
107,私立,技專校院,1061,中華學校財團法人中華科技大學,碩士班(日間),男,144,37,2,1,0,0,22,0,0,5,0,0,0,7,0,...,0
107,私立,技專校院,1061,中華學校財團法人中華科技大學,碩士在職專班,男,75,24,1,1,0,0,18,0,0,1,0,2,0,0,0,...,1
107,私立,技專校院,1061,中華學校財團法人中華科技大學,二專(進修),女,0,6,0,0,0,0,0,0,0,0,0,0,0,0,0,...,6
107,私立,技專校院,1061,中華學校財團法人中華科技大學,學士班(日間),女,1456,242,14,25,3,3,64,1,9,0,5,0,0,118,0,...,0
107,私立,技專校院,1061,中華學校財團法人中華科技大學,學士班(進修),女,302,36,2,3,0,2,16,0,0,0,0,0,0,0,0,...,13
107,私立,技專校院,1061,中華學校財團法人中華科技大學,碩士班(日間),女,56,17,0,0,1,0,8,0,0,0,0,0,0,7,0,...,1
107,私立,技專校院,1061,中華學校財團法人中華科技大學,碩士在職專班,女,22,1,0,0,0,0,1,0,0,0,0,0,0,0,0,...,0
107,私立,技專校院,1062,僑光科技大學,二專(進修),男,3,1,0,0,0,0,1,0,0,0,0,0,0,0,0,...,0
107,私立,技專校院,1062,僑光科技大學,學士班(日間),男,2633,53,2,6,3,4,12,0,0,13,3,0,5,0,1,...,4
107,私立,技專校院,1062,僑光科技大學,學士班(進修),男,2364,45,4,4,1,4,10,0,0,16,2,0,0,1,0,...,3
107,私立,技專校院,1062,僑光科技大學,碩士班(日間),男,26,6,0,0,0,0,3,0,0,1,0,2,0,0,0,...,0
107,私立,技專校院,1062,僑光科技大學,碩士在職專班,男,22,1,0,0,0,0,1,0,0,0,0,0,0,0,0,...,0
107,私立,技專校院,1062,僑光科技大學,二專(進修),女,2,0,0,0,0,0,0,0,0,0,0,0,0,0,0,...,0
107,私立,技專校院,1062,僑光科技大學,學士班(日間),女,3898,55,6,1,1,14,9,0,1,0,6,0,4,0,1,...,12
107,私立,技專校院,1062,僑光科技大學,學士班(進修),女,1985,39,2,4,0,2,19,0,0,0,4,0,2,1,0,...,5
107,私立,技專校院,1062,僑光科技大學,碩士班(日間),女,24,5,0,0,0,0,5,0,0,0,0,0,0,0,0,...,0
107,私立,技專校院,1062,僑光科技大學,碩士在職專班,女,13,0,0,0,0,0,0,0,0,0,0,0,0,0,0,...,0
107,私立,技專校院,1063,廣亞學校財團法人育達科技大學,學士班(日間),男,1164,83,2,13,4,10,20,0,0,10,0,0,0,4,0,...,20
107,私立,技專校院,1063,廣亞學校財團法人育達科技大學,學士班(進修),男,945,91,3,4,0,3,38,0,0,21,0,0,1,1,0,...,20
107,私立,技專校院,1063,廣亞學校財團法人育達科技大學,碩士班(日間),男,91,14,1,0,0,0,9,0,0,3,0,0,0,0,0,...,1
107,私立,技專校院,1063,廣亞學校財團法人育達科技大學,碩士在職專班,男,115,11,0,0,0,0,10,0,0,0,0,0,0,0,0,...,1
107,私立,技專校院,1063,廣亞學校財團法人育達科技大學,二專(進修),女,15,0,0,0,0,0,0,0,0,0,0,0,0,0,0,...,0
107,私立,技專校院,1063,廣亞學校財團法人育達科技大學,學士班(日間),女,1282,65,8,16,3,5,13,4,1,0,0,0,1,0,0,...,14
107,私立,技專校院,1063,廣亞學校財團法人育達科技大學,學士班(進修),女,1046,69,6,5,0,2,33,3,3,0,0,0,0,2,0,...,15
107,私立,技專校院,1063,廣亞學校財團法人育達科技大學,碩士班(日間),女,92,10,1,0,0,0,7,0,0,0,0,0,0,1,0,...,1
107,私立,技專校院,1063,廣亞學校財團法人育達科技大學,碩士在職專班,女,90,14,1,0,0,0,7,0,0,0,0,0,0,1,0,...,5
107,私立,技專校院,1064,美和學校財團法人美和科技大學,二專(進修),男,10,3,0,0,0,0,2,0,0,1,0,0,0,0,0,...,0
107,私立,技專校院,1064,美和學校財團法人美和科技大學,五專,男,264,26,0,2,2,10,5,0,0,2,1,0,2,0,0,...,2
107,私立,技專校院,1064,美和學校財團法人美和科技大學,學士班(日間),男,1337,101,5,8,0,18,24,0,0,32,0,0,0,3,5,...,6
107,私立,技專校院,1064,美和學校財團法人美和科技大學,學士班(進修),男,409,72,3,2,0,3,36,0,0,21,1,0,0,2,0,...,4
107,私立,技專校院,1064,美和學校財團法人美和科技大學,碩士班(日間),男,52,8,0,0,0,0,5,0,0,0,0,1,0,1,0,...,1
107,私立,技專校院,1064,美和學校財團法人美和科技大學,碩士在職專班,男,78,4,0,0,0,0,1,0,0,0,0,2,0,1,0,...,0
107,私立,技專校院,1064,美和學校財團法人美和科技大學,二專(進修),女,23,1,0,0,0,0,1,0,0,0,0,0,0,0,0,...,0
107,私立,技專校院,1064,美和學校財團法人美和科技大學,五專,女,1728,63,3,5,3,16,13,2,0,0,2,0,8,0,1,...,10
107,私立,技專校院,1064,美和學校財團法人美和科技大學,學士班(日間),女,2055,99,8,11,0,17,31,3,1,0,4,0,5,2,3,...,14
107,私立,技專校院,1064,美和學校財團法人美和科技大學,學士班(進修),女,1211,116,8,6,0,5,59,4,4,0,3,0,1,5,3,...,18
107,私立,技專校院,1064,美和學校財團法人美和科技大學,碩士班(日間),女,88,20,1,0,0,0,9,1,3,0,0,3,0,2,0,...,1
107,私立,技專校院,1064,美和學校財團法人美和科技大學,碩士在職專班,女,148,13,1,0,0,0,6,0,1,0,0,4,0,0,0,...,1
107,私立,技專校院,1065,吳鳳科技大學,學士班(日間),男,2333,238,4,7,0,32,41,0,0,36,0,0,8,0,0,...,110
107,私立,技專校院,1065,吳鳳科技大學,學士班(進修),男,612,169,3,17,49,20,61,0,0,14,2,0,0,1,2,...,0
107,私立,技專校院,1065,吳鳳科技大學,碩士班(日間),男,37,8,0,0,0,0,6,0,0,0,0,0,0,0,0,...,2
107,私立,技專校院,1065,吳鳳科技大學,碩士在職專班,男,29,3,0,0,0,0,1,0,0,0,0,0,0,0,0,...,2
107,私立,技專校院,1065,吳鳳科技大學,學士班(日間),女,1055,91,4,6,0,11,18,4,2,1,0,0,4,0,0,...,41
107,私立,技專校院,1065,吳鳳科技大學,學士班(進修),女,229,40,0,6,7,7,14,2,0,1,0,0,0,0,0,...,3
107,私立,技專校院,1065,吳鳳科技大學,碩士班(日間),女,27,8,0,0,0,0,3,0,1,0,0,1,0,0,0,...,3
107,私立,技專校院,1065,吳鳳科技大學,碩士在職專班,女,38,4,1,0,0,0,1,0,0,0,0,0,0,0,0,...,2
107,私立,技專校院,1066,環球學校財團法人環球科技大學,二專(進修),男,104,2,0,0,0,0,1,0,0,1,0,0,0,0,0,...,0
107,私立,技專校院,1066,環球學校財團法人環球科技大學,學士班(日間),男,1449,139,7,16,52,16,13,0,0,24,1,0,1,3,3,...,3
107,私立,技專校院,1066,環球學校財團法人環球科技大學,學士班(進修),男,603,11,0,1,0,0,5,0,0,5,0,0,0,0,0,...,0
107,私立,技專校院,1066,環球學校財團法人環球科技大學,碩士班(日間),男,61,11,0,2,3,0,2,0,0,2,0,1,0,1,0,...,0
107,私立,技專校院,1066,環球學校財團法人環球科技大學,碩士在職專班,男,29,2,0,0,1,0,1,0,0,0,0,0,0,0,0,...,0
107,私立,技專校院,1066,環球學校財團法人環球科技大學,二專(進修),女,102,2,0,1,0,0,1,0,0,0,0,0,0,0,0,...,0
107,私立,技專校院,1066,環球學校財團法人環球科技大學,學士班(日間),女,1561,120,8,15,35,23,18,7,1,2,0,0,1,4,2,...,4
107,私立,技專校院,1066,環球學校財團法人環球科技大學,學士班(進修),女,758,12,1,2,0,0,9,0,0,0,0,0,0,0,0,...,0
107,私立,技專校院,1066,環球學校財團法人環球科技大學,碩士班(日間),女,88,4,0,2,1,0,0,0,0,0,0,0,0,1,0,...,0
107,私立,技專校院,1066,環球學校財團法人環球科技大學,碩士在職專班,女,21,2,0,0,1,0,1,0,0,0,0,0,0,0,0,...,0
107,私立,一般大學,1067,台灣首府學校財團法人台灣首府大學,學士班(日間),男,877,57,1,4,8,8,24,0,0,12,0,0,0,0,0,...,0
107,私立,一般大學,1067,台灣首府學校財團法人台灣首府大學,學士班(進修),男,231,21,1,0,1,3,6,0,0,10,0,0,0,0,0,...,0
107,私立,一般大學,1067,台灣首府學校財團法人台灣首府大學,碩士班(日間),男,25,2,0,0,0,0,2,0,0,0,0,0,0,0,0,...,0
107,私立,一般大學,1067,台灣首府學校財團法人台灣首府大學,學士班(日間),女,881,27,2,9,3,2,7,3,0,1,0,0,0,0,0,...,0
107,私立,一般大學,1067,台灣首府學校財團法人台灣首府大學,學士班(進修),女,138,10,3,2,0,0,4,0,1,0,0,0,0,0,0,...,0
107,私立,一般大學,1067,台灣首府學校財團法人台灣首府大學,碩士班(日間),女,42,6,0,0,0,0,4,0,2,0,0,0,0,0,0,...,0
107,私立,技專校院,1068,中州學校財團法人中州科技大學,學士班(日間),男,851,29,2,0,2,3,6,0,0,11,0,0,0,5,0,...,0
107,私立,技專校院,1068,中州學校財團法人中州科技大學,學士班(進修),男,813,18,0,0,1,2,7,0,0,3,1,0,0,4,0,...,0
107,私立,技專校院,1068,中州學校財團法人中州科技大學,碩士班(日間),男,23,1,0,0,0,0,0,0,0,1,0,0,0,0,0,...,0
107,私立,技專校院,1068,中州學校財團法人中州科技大學,碩士在職專班,男,30,2,0,0,0,0,1,0,0,0,0,0,0,1,0,...,0
107,私立,技專校院,1068,中州學校財團法人中州科技大學,學士班(日間),女,634,7,0,2,1,1,3,0,0,0,0,0,0,0,0,...,0
107,私立,技專校院,1068,中州學校財團法人中州科技大學,學士班(進修),女,902,12,0,0,0,3,2,3,2,0,1,0,0,1,0,...,0
107,私立,技專校院,1068,中州學校財團法人中州科技大學,碩士班(日間),女,9,3,0,0,0,0,2,0,0,0,0,0,0,1,0,...,0
107,私立,技專校院,1068,中州學校財團法人中州科技大學,碩士在職專班,女,12,1,1,0,0,0,0,0,0,0,0,0,0,0,0,...,0
107,私立,技專校院,1069,修平學校財團法人修平科技大學,學士班(日間),男,2480,139,8,8,7,26,58,0,0,2,1,0,0,21,0,...,8
107,私立,技專校院,1069,修平學校財團法人修平科技大學,學士班(進修),男,932,51,1,1,3,12,29,0,0,2,1,0,0,2,0,...,0
107,私立,技專校院,1069,修平學校財團法人修平科技大學,碩士班(日間),男,41,3,0,1,0,0,2,0,0,0,0,0,0,0,0,...,0
107,私立,技專校院,1069,修平學校財團法人修平科技大學,碩士在職專班,男,8,3,1,0,0,0,1,0,0,0,0,0,0,0,0,...,1
107,私立,技專校院,1069,修平學校財團法人修平科技大學,學士班(日間),女,1266,58,2,5,5,13,18,2,2,0,1,0,0,10,0,...,0
107,私立,技專校院,1069,修平學校財團法人修平科技大學,學士班(進修),女,133,8,0,0,0,1,3,0,1,0,2,0,0,1,0,...,0
107,私立,技專校院,1069,修平學校財團法人修平科技大學,碩士班(日間),女,16,2,0,0,0,0,2,0,0,0,0,0,0,0,0,...,0
107,私立,技專校院,1069,修平學校財團法人修平科技大學,碩士在職專班,女,1,0,0,0,0,0,0,0,0,0,0,0,0,0,0,...,0
107,私立,技專校院,1070,長庚學校財團法人長庚科技大學,五專,男,25,1,0,0,0,0,0,0,0,0,0,0,0,0,0,...,1
107,私立,技專校院,1070,長庚學校財團法人長庚科技大學,學士班(日間),男,526,17,3,0,0,2,4,0,0,0,1,0,2,0,0,...,5
107,私立,技專校院,1070,長庚學校財團法人長庚科技大學,學士班(進修),男,84,6,1,0,0,0,4,0,0,0,0,0,0,0,0,...,1
107,私立,技專校院,1070,長庚學校財團法人長庚科技大學,碩士班(日間),男,2,1,0,0,0,0,0,0,0,0,0,0,0,0,0,...,1
107,私立,技專校院,1070,長庚學校財團法人長庚科技大學,碩士在職專班,男,3,0,0,0,0,0,0,0,0,0,0,0,0,0,0,...,0
107,私立,技專校院,1070,長庚學校財團法人長庚科技大學,五專,女,310,1,0,0,0,0,0,0,0,0,0,0,1,0,0,...,0
107,私立,技專校院,1070,長庚學校財團法人長庚科技大學,學士班(日間),女,4358,82,12,4,0,17,19,0,1,0,7,0,2,0,0,...,20
107,私立,技專校院,1070,長庚學校財團法人長庚科技大學,學士班(進修),女,1167,90,11,3,0,1,40,5,10,0,0,0,0,1,0,...,19
107,私立,技專校院,1070,長庚學校財團法人長庚科技大學,碩士班(日間),女,57,6,1,0,0,1,2,0,0,0,0,0,0,0,0,...,2
107,私立,技專校院,1070,長庚學校財團法人長庚科技大學,碩士在職專班,女,103,13,0,0,0,0,4,1,0,0,0,0,0,0,0,...,8
107,私立,技專校院,1071,城市學校財團法人臺北城市科技大學,二專(進修),男,7,3,0,0,0,0,1,0,0,0,0,0,0,0,0,...,2
107,私立,技專校院,1071,城市學校財團法人臺北城市科技大學,五專,男,878,54,0,5,10,8,17,0,0,4,4,0,3,0,0,...,3
107,私立,技專校院,1071,城市學校財團法人臺北城市科技大學,學士班(日間),男,4423,349,8,30,30,8,132,0,0,77,18,0,16,7,4,...,19
107,私立,技專校院,1071,城市學校財團法人臺北城市科技大學,學士班(進修),男,622,88,0,9,3,3,30,0,0,6,2,0,6,1,0,...,28
107,私立,技專校院,1071,城市學校財團法人臺北城市科技大學,碩士班(日間),男,69,24,1,0,0,0,11,0,1,5,0,3,0,2,0,...,1
107,私立,技專校院,1071,城市學校財團法人臺北城市科技大學,二專(進修),女,5,3,0,0,0,0,0,0,0,0,0,0,0,0,0,...,3
107,私立,技專校院,1071,城市學校財團法人臺北城市科技大學,五專,女,371,33,2,4,3,2,14,0,0,0,1,0,1,1,0,...,5
107,私立,技專校院,1071,城市學校財團法人臺北城市科技大學,學士班(日間),女,2739,210,12,24,15,11,98,3,2,1,14,0,4,1,1,...,24
107,私立,技專校院,1071,城市學校財團法人臺北城市科技大學,學士班(進修),女,230,32,1,4,0,2,10,1,0,0,0,0,3,0,0,...,11
107,私立,技專校院,1071,城市學校財團法人臺北城市科技大學,碩士班(日間),女,14,10,0,0,0,0,3,0,1,0,0,6,0,0,0,...,0
107,私立,技專校院,1072,大華學校財團法人敏實科技大學,二專(進修),男,48,0,0,0,0,0,0,0,0,0,0,0,0,0,0,...,0
107,私立,技專校院,1072,大華學校財團法人敏實科技大學,五專,男,307,11,2,0,5,0,3,0,0,1,0,0,0,0,0,...,0
107,私立,技專校院,1072,大華學校財團法人敏實科技大學,學士班(日間),男,390,12,0,2,3,0,3,0,0,4,0,0,0,0,0,...,0
107,私立,技專校院,1072,大華學校財團法人敏實科技大學,學士班(進修),男,543,6,0,1,0,0,5,0,0,0,0,0,0,0,0,...,0
107,私立,技專校院,1072,大華學校財團法人敏實科技大學,碩士班(日間),男,9,1,0,0,0,0,1,0,0,0,0,0,0,0,0,...,0
107,私立,技專校院,1072,大華學校財團法人敏實科技大學,二專(進修),女,18,0,0,0,0,0,0,0,0,0,0,0,0,0,0,...,0
107,私立,技專校院,1072,大華學校財團法人敏實科技大學,五專,女,211,8,0,0,4,0,4,0,0,0,0,0,0,0,0,...,0
107,私立,技專校院,1072,大華學校財團法人敏實科技大學,學士班(日間),女,239,3,0,1,0,1,1,0,0,0,0,0,0,0,0,...,0
107,私立,技專校院,1072,大華學校財團法人敏實科技大學,學士班(進修),女,254,2,0,0,0,0,2,0,0,0,0,0,0,0,0,...,0
107,私立,技專校院,1073,醒吾學校財團法人醒吾科技大學,五專,男,303,66,0,3,11,21,6,0,0,2,1,0,2,0,0,...,20
107,私立,技專校院,1073,醒吾學校財團法人醒吾科技大學,學士班(日間),男,2425,521,20,9,51,155,35,0,0,8,5,0,6,12,1,...,219
107,私立,技專校院,1073,醒吾學校財團法人醒吾科技大學,學士班(進修),男,569,198,6,7,89,8,35,0,0,10,4,0,3,6,5,...,25
107,私立,技專校院,1073,醒吾學校財團法人醒吾科技大學,碩士班(日間),男,39,17,0,0,2,5,4,0,1,0,0,0,0,0,0,...,5
107,私立,技專校院,1073,醒吾學校財團法人醒吾科技大學,碩士在職專班,男,66,8,0,1,1,2,3,0,0,0,0,0,0,1,0,...,0
107,私立,技專校院,1073,醒吾學校財團法人醒吾科技大學,五專,女,503,104,15,2,22,41,4,1,2,0,1,0,1,2,1,...,12
107,私立,技專校院,1073,醒吾學校財團法人醒吾科技大學,學士班(日間),女,3370,421,25,21,66,187,46,8,4,0,5,0,5,9,0,...,45
107,私立,技專校院,1073,醒吾學校財團法人醒吾科技大學,學士班(進修),女,756,147,10,8,36,9,60,2,1,0,4,0,1,7,1,...,8
107,私立,技專校院,1073,醒吾學校財團法人醒吾科技大學,碩士班(日間),女,26,6,1,0,0,1,3,0,1,0,0,0,0,0,0,...,0
107,私立,技專校院,1073,醒吾學校財團法人醒吾科技大學,碩士在職專班,女,40,3,0,0,0,1,1,0,1,0,0,0,0,0,0,...,0
107,私立,技專校院,1075,文藻學校財團法人文藻外語大學,五專,男,280,16,0,0,1,5,2,0,0,1,6,0,0,0,0,...,1
107,私立,技專校院,1075,文藻學校財團法人文藻外語大學,學士班(日間),男,1336,92,6,6,7,10,14,0,0,7,7,0,1,3,0,...,31
107,私立,技專校院,1075,文藻學校財團法人文藻外語大學,學士班(進修),男,650,94,5,9,5,5,54,0,0,4,5,1,0,3,1,...,2
107,私立,技專校院,1075,文藻學校財團法人文藻外語大學,碩士班(日間),男,43,13,0,2,0,1,6,0,0,3,0,0,0,0,0,...,1
107,私立,技專校院,1075,文藻學校財團法人文藻外語大學,碩士在職專班,男,15,3,0,0,0,0,2,0,0,0,1,0,0,0,0,...,0
107,私立,技專校院,1075,文藻學校財團法人文藻外語大學,五專,女,1345,68,9,0,4,13,3,0,0,0,29,0,0,0,2,...,8
107,私立,技專校院,1075,文藻學校財團法人文藻外語大學,學士班(日間),女,4217,219,23,12,7,49,12,1,0,0,29,0,1,4,2,...,79
107,私立,技專校院,1075,文藻學校財團法人文藻外語大學,學士班(進修),女,1382,190,10,19,10,17,80,5,4,0,9,0,5,9,5,...,17
107,私立,技專校院,1075,文藻學校財團法人文藻外語大學,碩士班(日間),女,131,41,1,3,1,1,15,2,1,0,6,5,0,1,1,...,4
107,私立,技專校院,1075,文藻學校財團法人文藻外語大學,碩士在職專班,女,38,17,0,1,0,1,6,2,0,0,0,4,0,1,1,...,1
107,私立,技專校院,1076,華夏學校財團法人華夏科技大學,二專(進修),男,102,32,0,2,1,1,12,0,0,4,0,0,0,0,0,...,12
107,私立,技專校院,1076,華夏學校財團法人華夏科技大學,五專,男,525,75,3,1,5,16,13,0,0,7,4,0,1,1,0,...,24
107,私立,技專校院,1076,華夏學校財團法人華夏科技大學,學士班(日間),男,1449,264,3,19,10,27,60,0,0,56,3,0,1,1,2,...,82
107,私立,技專校院,1076,華夏學校財團法人華夏科技大學,學士班(進修),男,660,145,6,3,0,7,57,0,0,19,1,0,1,0,1,...,50
107,私立,技專校院,1076,華夏學校財團法人華夏科技大學,碩士班(日間),男,35,13,0,1,0,0,6,0,0,0,0,1,0,1,0,...,4
107,私立,技專校院,1076,華夏學校財團法人華夏科技大學,碩士在職專班,男,48,11,0,0,0,0,5,0,0,2,0,2,0,0,0,...,2
107,私立,技專校院,1076,華夏學校財團法人華夏科技大學,二專(進修),女,132,38,1,2,0,7,10,0,0,0,0,0,0,1,0,...,17
107,私立,技專校院,1076,華夏學校財團法人華夏科技大學,五專,女,78,11,0,0,0,6,1,0,0,0,1,0,0,0,0,...,3
107,私立,技專校院,1076,華夏學校財團法人華夏科技大學,學士班(日間),女,822,151,3,22,1,13,39,6,2,0,4,0,0,3,1,...,57
107,私立,技專校院,1076,華夏學校財團法人華夏科技大學,學士班(進修),女,491,71,4,5,0,8,28,2,2,0,2,0,0,3,0,...,17
107,私立,技專校院,1076,華夏學校財團法人華夏科技大學,碩士班(日間),女,6,2,1,0,0,0,0,0,0,0,0,0,0,0,0,...,1
107,私立,技專校院,1076,華夏學校財團法人華夏科技大學,碩士在職專班,女,18,4,0,0,0,0,3,0,0,0,0,0,0,0,0,...,1
107,私立,技專校院,1077,慈濟學校財團法人慈濟科技大學,五專,男,166,10,5,0,0,3,0,0,0,0,0,0,0,0,0,...,2
107,私立,技專校院,1077,慈濟學校財團法人慈濟科技大學,學士班(日間),男,566,39,5,0,3,13,6,0,0,3,0,0,0,3,1,...,5
107,私立,技專校院,1077,慈濟學校財團法人慈濟科技大學,學士班(進修),男,9,2,0,0,0,0,0,0,0,0,0,0,0,0,0,...,2
107,私立,技專校院,1077,慈濟學校財團法人慈濟科技大學,碩士班(日間),男,16,1,0,0,0,0,1,0,0,0,0,0,0,0,0,...,0
107,私立,技專校院,1077,慈濟學校財團法人慈濟科技大學,五專,女,1127,38,3,2,4,21,0,0,3,0,0,0,0,0,0,...,5
107,私立,技專校院,1077,慈濟學校財團法人慈濟科技大學,學士班(日間),女,985,50,4,0,6,17,13,1,0,1,0,0,0,0,0,...,8
107,私立,技專校院,1077,慈濟學校財團法人慈濟科技大學,學士班(進修),女,87,21,0,1,0,3,6,0,0,0,0,0,0,0,0,...,11
107,私立,技專校院,1077,慈濟學校財團法人慈濟科技大學,碩士班(日間),女,23,2,1,0,0,0,1,0,0,0,0,0,0,0,0,...,0
107,私立,技專校院,1078,致理學校財團法人致理科技大學,二專(日間),男,0,3,0,0,0,0,0,0,0,0,0,0,0,0,0,...,3
107,私立,技專校院,1078,致理學校財團法人致理科技大學,五專,男,325,23,0,0,5,4,2,0,0,3,5,0,2,1,0,...,1
107,私立,技專校院,1078,致理學校財團法人致理科技大學,學士班(日間),男,2033,197,5,10,21,45,24,0,1,27,7,0,7,2,6,...,42
107,私立,技專校院,1078,致理學校財團法人致理科技大學,學士班(進修),男,1234,115,5,5,6,19,49,0,1,18,2,0,2,2,1,...,5
107,私立,技專校院,1078,致理學校財團法人致理科技大學,碩士班(日間),男,10,3,0,0,0,1,1,0,0,1,0,0,0,0,0,...,0
107,私立,技專校院,1078,致理學校財團法人致理科技大學,碩士在職專班,男,15,5,0,1,0,0,3,0,0,0,1,0,0,0,0,...,0
107,私立,技專校院,1078,致理學校財團法人致理科技大學,二專(日間),女,1,0,0,0,0,0,0,0,0,0,0,0,0,0,0,...,0
107,私立,技專校院,1078,致理學校財團法人致理科技大學,五專,女,1289,70,2,0,14,39,2,2,0,0,5,0,2,0,2,...,2
107,私立,技專校院,1078,致理學校財團法人致理科技大學,學士班(日間),女,4551,186,10,11,24,62,17,5,3,1,12,0,13,0,2,...,26
107,私立,技專校院,1078,致理學校財團法人致理科技大學,學士班(進修),女,1979,189,13,20,14,24,67,12,15,0,7,0,5,3,0,...,9
107,私立,技專校院,1078,致理學校財團法人致理科技大學,碩士班(日間),女,37,9,1,0,1,0,1,1,0,0,1,0,0,0,0,...,4
107,私立,技專校院,1078,致理學校財團法人致理科技大學,碩士在職專班,女,35,3,0,0,0,0,2,0,0,0,0,0,0,0,0,...,1
107,私立,一般大學,1079,康寧學校財團法人康寧大學,二專(進修),男,61,3,0,0,0,0,3,0,0,0,0,0,0,0,0,...,0
107,私立,一般大學,1079,康寧學校財團法人康寧大學,五專,男,637,33,3,0,2,6,3,0,0,0,1,0,5,0,0,...,13
107,私立,一般大學,1079,康寧學校財團法人康寧大學,學士班(日間),男,287,25,2,4,3,3,4,0,0,4,0,0,0,1,0,...,4
107,私立,一般大學,1079,康寧學校財團法人康寧大學,學士班(進修),男,222,27,1,4,2,1,5,0,0,0,0,0,0,3,0,...,11
107,私立,一般大學,1079,康寧學校財團法人康寧大學,碩士班(日間),男,28,9,0,1,0,0,3,0,0,0,0,0,0,2,0,...,3
107,私立,一般大學,1079,康寧學校財團法人康寧大學,碩士在職專班,男,42,3,0,0,0,0,0,0,0,0,0,0,0,1,0,...,2
107,私立,一般大學,1079,康寧學校財團法人康寧大學,二專(日間),女,1,1,0,0,0,0,0,0,0,0,0,0,0,0,0,...,1
107,私立,一般大學,1079,康寧學校財團法人康寧大學,二專(進修),女,212,16,3,3,0,1,7,0,1,0,0,0,0,0,0,...,1
107,私立,一般大學,1079,康寧學校財團法人康寧大學,五專,女,2226,56,10,2,5,18,4,0,0,0,3,0,1,0,1,...,12
107,私立,一般大學,1079,康寧學校財團法人康寧大學,學士班(日間),女,320,16,2,4,0,2,0,0,0,0,1,0,0,1,0,...,6
107,私立,一般大學,1079,康寧學校財團法人康寧大學,學士班(進修),女,121,8,0,2,0,1,2,0,0,0,0,0,0,3,0,...,0
107,私立,一般大學,1079,康寧學校財團法人康寧大學,碩士班(日間),女,68,13,2,0,0,1,4,1,0,0,0,0,0,3,0,...,2
107,私立,一般大學,1079,康寧學校財團法人康寧大學,碩士在職專班,女,79,9,0,0,0,0,3,2,0,0,0,0,0,3,0,...,1
107,私立,技專校院,1080,宏國學校財團法人宏國德霖科技大學,二專(進修),男,89,4,1,0,0,0,2,0,0,1,0,0,0,0,0,...,0
107,私立,技專校院,1080,宏國學校財團法人宏國德霖科技大學,五專,男,812,48,2,3,5,14,6,0,0,14,0,0,1,0,0,...,3
107,私立,技專校院,1080,宏國學校財團法人宏國德霖科技大學,學士班(日間),男,1597,121,6,9,37,18,20,0,0,14,1,0,0,4,0,...,12
107,私立,技專校院,1080,宏國學校財團法人宏國德霖科技大學,學士班(進修),男,1323,49,1,3,1,0,32,0,0,8,0,0,0,0,0,...,4
107,私立,技專校院,1080,宏國學校財團法人宏國德霖科技大學,二專(進修),女,96,0,0,0,0,0,0,0,0,0,0,0,0,0,0,...,0
107,私立,技專校院,1080,宏國學校財團法人宏國德霖科技大學,五專,女,520,9,0,0,2,2,2,0,0,0,2,0,0,0,0,...,1
107,私立,技專校院,1080,宏國學校財團法人宏國德霖科技大學,學士班(日間),女,1088,70,2,5,18,18,11,1,1,0,4,0,1,0,0,...,9
107,私立,技專校院,1080,宏國學校財團法人宏國德霖科技大學,學士班(進修),女,819,20,0,0,1,0,15,1,0,0,0,0,0,0,0,...,3
107,私立,技專校院,1081,東方學校財團法人東方設計大學,五專,男,547,82,0,5,1,21,4,0,0,4,1,0,0,0,0,...,46
107,私立,技專校院,1081,東方學校財團法人東方設計大學,學士班(日間),男,681,133,2,10,2,7,3,0,0,6,2,0,0,0,1,...,100
107,私立,技專校院,1081,東方學校財團法人東方設計大學,學士班(進修),男,87,17,0,2,0,0,3,0,0,2,0,0,0,0,0,...,10
107,私立,技專校院,1081,東方學校財團法人東方設計大學,碩士班(日間),男,53,25,0,4,0,1,0,0,0,3,0,0,0,0,0,...,17
107,私立,技專校院,1081,東方學校財團法人東方設計大學,碩士在職專班,男,12,22,0,1,0,0,1,0,0,0,0,0,0,0,0,...,20
107,私立,技專校院,1081,東方學校財團法人東方設計大學,博士班,男,18,6,0,2,0,0,1,0,0,0,0,0,0,0,0,...,3
107,私立,技專校院,1081,東方學校財團法人東方設計大學,五專,女,646,92,7,6,0,23,2,0,0,0,1,0,1,0,0,...,52
107,私立,技專校院,1081,東方學校財團法人東方設計大學,學士班(日間),女,581,90,0,15,1,2,3,3,0,0,0,0,0,0,0,...,66
107,私立,技專校院,1081,東方學校財團法人東方設計大學,學士班(進修),女,95,15,0,3,0,0,0,0,0,0,0,0,0,1,0,...,11
107,私立,技專校院,1081,東方學校財團法人東方設計大學,碩士班(日間),女,72,23,2,5,0,0,6,0,0,0,0,0,0,0,0,...,10
107,私立,技專校院,1081,東方學校財團法人東方設計大學,碩士在職專班,女,27,17,0,0,0,0,3,0,0,0,0,0,0,0,0,...,14
107,私立,技專校院,1081,東方學校財團法人東方設計大學,博士班,女,13,3,2,0,0,0,0,0,0,0,0,0,0,0,0,...,1
107,私立,技專校院,1082,崇右學校財團法人崇右影藝科技大學,五專,男,71,10,0,1,1,2,1,0,0,3,1,0,0,0,0,...,1
107,私立,技專校院,1082,崇右學校財團法人崇右影藝科技大學,學士班(日間),男,985,65,4,3,2,5,16,0,0,8,4,0,0,1,0,...,22
107,私立,技專校院,1082,崇右學校財團法人崇右影藝科技大學,碩士班(日間),男,45,7,1,0,0,0,4,0,0,0,0,0,0,0,0,...,2
107,私立,技專校院,1082,崇右學校財團法人崇右影藝科技大學,五專,女,84,6,0,1,0,0,3,0,0,0,0,0,0,0,0,...,2
107,私立,技專校院,1082,崇右學校財團法人崇右影藝科技大學,學士班(日間),女,1189,74,8,8,2,6,17,1,1,2,7,0,0,0,0,...,22
107,私立,技專校院,1082,崇右學校財團法人崇右影藝科技大學,碩士班(日間),女,41,5,0,0,0,0,3,0,0,0,1,1,0,0,0,...,0
107,私立,技專校院,1083,台北海洋學校財團法人台北海洋科技大學,二專(日間),男,69,11,0,3,0,1,2,0,0,2,0,0,0,0,0,...,3
107,私立,技專校院,1083,台北海洋學校財團法人台北海洋科技大學,二專(進修),男,78,8,0,2,0,0,5,0,0,1,0,0,0,0,0,...,0
107,私立,技專校院,1083,台北海洋學校財團法人台北海洋科技大學,五專,男,645,77,1,8,0,24,23,0,1,15,0,0,0,0,0,...,5
107,私立,技專校院,1083,台北海洋學校財團法人台北海洋科技大學,學士班(日間),男,1776,188,8,16,0,40,47,0,0,35,0,0,0,0,0,...,42
107,私立,技專校院,1083,台北海洋學校財團法人台北海洋科技大學,學士班(進修),男,107,8,0,1,0,0,6,0,0,1,0,0,0,0,0,...,0
107,私立,技專校院,1083,台北海洋學校財團法人台北海洋科技大學,碩士班(日間),男,74,14,0,1,0,0,10,0,0,1,1,0,0,0,0,...,1
107,私立,技專校院,1083,台北海洋學校財團法人台北海洋科技大學,二專(日間),女,4,0,0,0,0,0,0,0,0,0,0,0,0,0,0,...,0
107,私立,技專校院,1083,台北海洋學校財團法人台北海洋科技大學,二專(進修),女,7,2,0,2,0,0,0,0,0,0,0,0,0,0,0,...,0
107,私立,技專校院,1083,台北海洋學校財團法人台北海洋科技大學,五專,女,413,34,1,3,0,16,7,0,1,0,0,0,0,0,0,...,6
107,私立,技專校院,1083,台北海洋學校財團法人台北海洋科技大學,學士班(日間),女,1468,128,11,19,0,33,32,0,6,0,0,0,0,0,0,...,27
107,私立,技專校院,1083,台北海洋學校財團法人台北海洋科技大學,學士班(進修),女,156,12,3,1,0,1,6,0,0,0,0,0,0,0,0,...,1
107,私立,技專校院,1083,台北海洋學校財團法人台北海洋科技大學,碩士班(日間),女,59,6,0,1,0,1,3,0,0,0,0,0,0,0,0,...,1
107,私立,一般大學,1125,中信學校財團法人中信金融管理學院,學士班(日間),男,292,1,1,0,0,0,0,0,0,0,0,0,0,0,0,...,0
107,私立,一般大學,1125,中信學校財團法人中信金融管理學院,碩士班(日間),男,38,1,0,0,0,0,0,0,0,0,0,0,0,1,0,...,0
107,私立,一般大學,1125,中信學校財團法人中信金融管理學院,學士班(日間),女,296,1,1,0,0,0,0,0,0,0,0,0,0,0,0,...,0
107,私立,一般大學,1125,中信學校財團法人中信金融管理學院,碩士班(日間),女,35,4,3,0,0,0,1,0,0,0,0,0,0,0,0,...,0
107,私立,技專校院,1148,大漢技術學院,二專(進修),男,74,10,0,1,0,1,7,0,0,0,0,0,0,0,1,...,0
107,私立,技專校院,1148,大漢技術學院,學士班(日間),男,197,29,1,8,3,0,5,0,0,11,0,0,0,1,0,...,0
107,私立,技專校院,1148,大漢技術學院,學士班(進修),男,363,35,1,1,0,3,24,0,0,2,1,0,1,1,1,...,0
107,私立,技專校院,1148,大漢技術學院,碩士班(日間),男,62,15,0,2,0,0,10,0,0,0,0,3,0,0,0,...,0
107,私立,技專校院,1148,大漢技術學院,二專(進修),女,68,10,0,0,0,1,7,0,0,0,0,0,2,0,0,...,0
107,私立,技專校院,1148,大漢技術學院,學士班(日間),女,129,21,2,9,0,4,5,0,0,1,0,0,0,0,0,...,0
107,私立,技專校院,1148,大漢技術學院,學士班(進修),女,246,23,2,1,0,2,15,0,2,0,0,0,0,1,0,...,0
107,私立,技專校院,1148,大漢技術學院,碩士班(日間),女,24,5,0,1,0,0,3,0,0,0,0,1,0,0,0,...,0
107,私立,技專校院,1159,和春技術學院,二專(進修),男,171,67,0,1,9,2,33,0,0,13,1,0,0,0,0,...,8
107,私立,技專校院,1159,和春技術學院,五專,男,106,9,1,0,2,0,4,0,0,2,0,0,0,0,0,...,0
107,私立,技專校院,1159,和春技術學院,學士班(日間),男,274,38,0,1,5,0,10,0,0,17,0,0,0,0,0,...,5
107,私立,技專校院,1159,和春技術學院,學士班(進修),男,381,134,1,6,10,2,47,0,0,44,0,0,0,0,0,...,24
107,私立,技專校院,1159,和春技術學院,碩士班(日間),男,14,5,0,1,0,0,4,0,0,0,0,0,0,0,0,...,0
107,私立,技專校院,1159,和春技術學院,二專(進修),女,70,14,1,0,2,1,8,0,0,0,0,0,0,0,0,...,2
107,私立,技專校院,1159,和春技術學院,五專,女,84,10,1,0,1,2,4,0,1,0,0,0,0,0,0,...,1
107,私立,技專校院,1159,和春技術學院,學士班(日間),女,124,25,1,0,6,0,10,0,1,2,0,0,0,0,0,...,5
107,私立,技專校院,1159,和春技術學院,學士班(進修),女,221,40,2,3,3,1,21,0,0,0,0,0,1,0,0,...,9
107,私立,技專校院,1159,和春技術學院,碩士班(日間),女,1,0,0,0,0,0,0,0,0,0,0,0,0,0,0,...,0
107,私立,技專校院,1166,亞東技術學院,學士班(日間),男,3032,162,2,23,19,33,37,0,0,20,16,0,8,0,2,...,2
107,私立,技專校院,1166,亞東技術學院,學士班(進修),男,2,0,0,0,0,0,0,0,0,0,0,0,0,0,0,...,0
107,私立,技專校院,1166,亞東技術學院,碩士班(日間),男,31,3,0,2,0,0,0,0,0,1,0,0,0,0,0,...,0
107,私立,技專校院,1166,亞東技術學院,學士班(日間),女,1335,60,3,9,7,10,18,2,2,0,3,0,4,1,0,...,1
107,私立,技專校院,1166,亞東技術學院,學士班(進修),女,110,17,0,1,0,1,9,3,1,0,0,0,0,2,0,...,0
107,私立,技專校院,1166,亞東技術學院,碩士班(日間),女,12,3,0,1,0,0,1,1,0,0,0,0,0,0,0,...,0
107,私立,技專校院,1168,南亞科技學校財團法人南亞技術學院,二專(進修),男,29,31,0,0,0,0,31,0,0,0,0,0,0,0,0,...,0
107,私立,技專校院,1168,南亞科技學校財團法人南亞技術學院,五專,男,181,18,0,1,0,6,3,0,0,1,2,0,1,0,0,...,4
107,私立,技專校院,1168,南亞科技學校財團法人南亞技術學院,學士班(日間),男,1015,182,4,20,0,11,41,0,0,70,4,0,1,0,0,...,31
107,私立,技專校院,1168,南亞科技學校財團法人南亞技術學院,學士班(進修),男,598,135,2,7,0,9,75,0,0,28,0,0,0,1,0,...,13
107,私立,技專校院,1168,南亞科技學校財團法人南亞技術學院,碩士班(日間),男,21,3,0,0,0,0,2,0,0,0,0,0,0,0,0,...,1
107,私立,技專校院,1168,南亞科技學校財團法人南亞技術學院,二專(進修),女,8,4,0,0,0,0,4,0,0,0,0,0,0,0,0,...,0
107,私立,技專校院,1168,南亞科技學校財團法人南亞技術學院,五專,女,146,16,1,2,0,5,4,2,0,0,0,0,1,0,0,...,1
107,私立,技專校院,1168,南亞科技學校財團法人南亞技術學院,學士班(日間),女,748,103,11,10,0,5,51,6,0,0,1,0,2,1,0,...,16
107,私立,技專校院,1168,南亞科技學校財團法人南亞技術學院,學士班(進修),女,259,53,2,5,0,2,36,2,1,0,0,0,0,2,0,...,3
107,私立,技專校院,1168,南亞科技學校財團法人南亞技術學院,碩士班(日間),女,5,6,0,0,0,0,4,0,0,0,0,0,0,0,0,...,2
107,私立,一般大學,1176,稻江科技暨管理學院,學士班(日間),男,773,36,0,9,0,7,6,0,0,12,0,0,0,2,0,...,0
107,私立,一般大學,1176,稻江科技暨管理學院,學士班(進修),男,253,11,2,0,0,0,8,0,0,1,0,0,0,0,0,...,0
107,私立,一般大學,1176,稻江科技暨管理學院,碩士班(日間),男,42,7,0,0,0,0,2,0,0,1,0,3,0,1,0,...,0
107,私立,一般大學,1176,稻江科技暨管理學院,碩士在職專班,男,34,2,0,0,0,0,1,0,0,0,0,1,0,0,0,...,0
107,私立,一般大學,1176,稻江科技暨管理學院,學士班(日間),女,682,37,2,11,1,7,11,0,0,0,1,0,0,2,0,...,2
107,私立,一般大學,1176,稻江科技暨管理學院,學士班(進修),女,486,11,2,3,0,1,3,0,0,0,0,0,0,1,0,...,1
107,私立,一般大學,1176,稻江科技暨管理學院,碩士班(日間),女,43,4,0,0,0,0,2,0,0,0,0,1,0,1,0,...,0
107,私立,一般大學,1176,稻江科技暨管理學院,碩士在職專班,女,21,3,0,0,0,0,1,1,0,0,0,0,0,1,0,...,0
107,私立,技專校院,1182,蘭陽技術學院,五專,男,239,23,0,2,4,2,6,0,0,8,0,0,1,0,0,...,0
107,私立,技專校院,1182,蘭陽技術學院,學士班(日間),男,302,16,0,1,3,4,3,0,0,3,1,0,1,0,0,...,0
107,私立,技專校院,1182,蘭陽技術學院,五專,女,166,12,1,0,4,1,4,0,0,0,1,0,1,0,0,...,0
107,私立,技專校院,1182,蘭陽技術學院,學士班(日間),女,214,8,3,1,1,0,3,0,0,0,0,0,0,0,0,...,0
107,私立,技專校院,1183,黎明技術學院,二專(進修),男,2,2,0,0,0,1,0,0,0,0,0,0,0,0,0,...,1
107,私立,技專校院,1183,黎明技術學院,五專,男,494,99,5,4,46,17,10,0,0,2,0,0,1,0,0,...,14
107,私立,技專校院,1183,黎明技術學院,學士班(日間),男,1771,447,11,47,78,34,63,0,0,22,3,0,4,1,0,...,184
107,私立,技專校院,1183,黎明技術學院,學士班(進修),男,576,347,6,27,1,33,96,0,0,6,1,0,0,1,1,...,175
107,私立,技專校院,1183,黎明技術學院,二專(進修),女,60,14,0,0,0,1,6,0,0,0,0,0,0,0,0,...,7
107,私立,技專校院,1183,黎明技術學院,五專,女,89,25,1,1,4,8,6,0,0,0,0,0,0,0,0,...,5
107,私立,技專校院,1183,黎明技術學院,學士班(日間),女,1555,333,17,65,51,67,66,5,2,0,3,0,1,1,1,...,54
107,私立,技專校院,1183,黎明技術學院,學士班(進修),女,378,144,5,22,0,13,48,2,2,0,0,0,0,1,0,...,51
107,私立,技專校院,1185,德育學校財團法人德育護理健康學院,五專,男,346,54,1,2,4,14,9,0,0,6,0,0,0,0,0,...,18
107,私立,技專校院,1185,德育學校財團法人德育護理健康學院,學士班(日間),男,703,74,4,4,4,12,19,0,0,8,1,0,0,0,1,...,21
107,私立,技專校院,1185,德育學校財團法人德育護理健康學院,學士班(進修),男,78,7,0,1,0,0,5,0,0,1,0,0,0,0,0,...,0
107,私立,技專校院,1185,德育學校財團法人德育護理健康學院,碩士班(日間),男,6,4,0,0,0,0,3,0,0,0,0,1,0,0,0,...,0
107,私立,技專校院,1185,德育學校財團法人德育護理健康學院,碩士在職專班,男,8,3,1,0,0,0,1,0,0,1,0,0,0,0,0,...,0
107,私立,技專校院,1185,德育學校財團法人德育護理健康學院,五專,女,959,86,8,6,7,22,21,0,4,1,0,0,0,1,2,...,14
107,私立,技專校院,1185,德育學校財團法人德育護理健康學院,學士班(日間),女,1356,98,9,20,6,18,21,1,5,0,2,0,0,1,3,...,12
107,私立,技專校院,1185,德育學校財團法人德育護理健康學院,學士班(進修),女,219,9,1,1,0,0,7,0,0,0,0,0,0,0,0,...,0
107,私立,技專校院,1185,德育學校財團法人德育護理健康學院,碩士班(日間),女,20,7,0,0,0,0,3,0,1,0,0,3,0,0,0,...,0
107,私立,技專校院,1185,德育學校財團法人德育護理健康學院,碩士在職專班,女,37,7,1,0,0,0,4,0,1,0,0,1,0,0,0,...,0
107,私立,技專校院,1188,大同技術學院,二專(進修),男,3,3,0,1,0,0,2,0,0,0,0,0,0,0,0,...,0
107,私立,技專校院,1188,大同技術學院,五專,男,76,23,0,1,3,3,10,0,0,3,0,0,0,0,0,...,3
107,私立,技專校院,1188,大同技術學院,學士班(日間),男,519,94,3,5,4,12,26,0,0,13,1,0,0,0,0,...,30
107,私立,技專校院,1188,大同技術學院,學士班(進修),男,177,49,0,0,0,0,27,0,0,8,1,0,0,2,1,...,10
107,私立,技專校院,1188,大同技術學院,二專(進修),女,3,0,0,0,0,0,0,0,0,0,0,0,0,0,0,...,0
107,私立,技專校院,1188,大同技術學院,五專,女,59,4,0,0,1,1,1,0,0,0,0,0,0,0,0,...,1
107,私立,技專校院,1188,大同技術學院,學士班(日間),女,591,79,8,13,3,7,28,1,0,0,0,0,0,0,0,...,19
107,私立,技專校院,1188,大同技術學院,學士班(進修),女,375,47,5,1,0,3,26,1,0,0,0,0,1,0,0,...,10
107,私立,技專校院,1192,臺灣觀光學院,二專(日間),男,1,0,0,0,0,0,0,0,0,0,0,0,0,0,0,...,0
107,私立,技專校院,1192,臺灣觀光學院,二專(進修),男,15,0,0,0,0,0,0,0,0,0,0,0,0,0,0,...,0
107,私立,技專校院,1192,臺灣觀光學院,五專,男,51,1,0,0,0,0,1,0,0,0,0,0,0,0,0,...,0
107,私立,技專校院,1192,臺灣觀光學院,學士班(日間),男,217,17,0,1,1,1,11,0,0,3,0,0,0,0,0,...,0
107,私立,技專校院,1192,臺灣觀光學院,學士班(進修),男,54,0,0,0,0,0,0,0,0,0,0,0,0,0,0,...,0
107,私立,技專校院,1192,臺灣觀光學院,碩士班(日間),男,13,2,0,0,0,0,2,0,0,0,0,0,0,0,0,...,0
107,私立,技專校院,1192,臺灣觀光學院,二專(進修),女,24,1,0,0,0,0,1,0,0,0,0,0,0,0,0,...,0
107,私立,技專校院,1192,臺灣觀光學院,五專,女,82,6,0,2,0,0,4,0,0,0,0,0,0,0,0,...,0
107,私立,技專校院,1192,臺灣觀光學院,學士班(日間),女,196,21,1,3,1,1,13,1,0,0,1,0,0,0,0,...,0
107,私立,技專校院,1192,臺灣觀光學院,學士班(進修),女,83,1,0,0,0,0,1,0,0,0,0,0,0,0,0,...,0
107,私立,技專校院,1192,臺灣觀光學院,碩士班(日間),女,15,5,1,0,0,0,4,0,0,0,0,0,0,0,0,...,0
107,私立,一般大學,1195,馬偕學校財團法人馬偕醫學院,學士班(日間),男,254,8,0,0,0,6,0,0,0,0,0,0,0,0,0,...,2
107,私立,一般大學,1195,馬偕學校財團法人馬偕醫學院,碩士班(日間),男,19,1,0,0,0,0,0,0,0,0,0,0,0,0,0,...,1
107,私立,一般大學,1195,馬偕學校財團法人馬偕醫學院,學士班(日間),女,407,17,1,0,0,8,0,0,0,0,1,0,0,0,0,...,7
107,私立,一般大學,1195,馬偕學校財團法人馬偕醫學院,碩士班(日間),女,28,11,0,0,0,0,4,0,0,0,0,0,0,0,0,...,7
107,私立,一般大學,1196,法鼓學校財團法人法鼓文理學院,學士班(日間),男,21,0,0,0,0,0,0,0,0,0,0,0,0,0,0,...,0
107,私立,一般大學,1196,法鼓學校財團法人法鼓文理學院,碩士班(日間),男,54,18,0,0,0,0,5,0,0,1,1,9,0,1,0,...,1
107,私立,一般大學,1196,法鼓學校財團法人法鼓文理學院,博士班,男,7,0,0,0,0,0,0,0,0,0,0,0,0,0,0,...,0
107,私立,一般大學,1196,法鼓學校財團法人法鼓文理學院,學士班(日間),女,36,5,1,0,0,0,0,0,0,0,1,0,0,1,0,...,2
107,私立,一般大學,1196,法鼓學校財團法人法鼓文理學院,碩士班(日間),女,152,49,2,1,0,1,17,0,0,0,2,22,0,2,0,...,2
107,私立,一般大學,1196,法鼓學校財團法人法鼓文理學院,博士班,女,10,3,1,0,0,0,0,0,0,0,0,2,0,0,0,...,0
107,私立,技專校院,1282,馬偕學校財團法人馬偕醫護管理專科學校,二專(日間),男,19,3,1,0,0,0,2,0,0,0,0,0,0,0,0,...,0
107,私立,技專校院,1282,馬偕學校財團法人馬偕醫護管理專科學校,二專(進修),男,148,12,0,0,0,0,11,0,0,0,0,0,0,0,0,...,1
107,私立,技專校院,1282,馬偕學校財團法人馬偕醫護管理專科學校,五專,男,448,18,0,0,8,5,1,0,0,0,0,0,0,1,0,...,3
107,私立,技專校院,1282,馬偕學校財團法人馬偕醫護管理專科學校,二專(日間),女,23,9,0,1,0,3,4,0,0,0,0,0,0,0,0,...,1
107,私立,技專校院,1282,馬偕學校財團法人馬偕醫護管理專科學校,二專(進修),女,154,11,1,0,0,1,7,1,0,0,0,0,0,0,0,...,1
107,私立,技專校院,1282,馬偕學校財團法人馬偕醫護管理專科學校,五專,女,3484,92,10,5,17,34,9,4,0,0,1,0,2,0,0,...,10
107,私立,技專校院,1283,仁德醫護管理專科學校,二專(進修),男,202,1,0,0,0,0,1,0,0,0,0,0,0,0,0,...,0
107,私立,技專校院,1283,仁德醫護管理專科學校,五專,男,1308,41,0,6,14,12,7,0,0,1,1,0,0,0,0,...,0
107,私立,技專校院,1283,仁德醫護管理專科學校,二專(進修),女,150,4,0,0,0,0,2,0,0,0,0,0,0,1,0,...,1
107,私立,技專校院,1283,仁德醫護管理專科學校,五專,女,4765,58,7,9,20,13,6,0,0,0,0,0,0,0,0,...,3
107,私立,技專校院,1284,樹人醫護管理專科學校,二專(進修),男,340,37,1,1,0,0,22,0,0,0,0,0,0,0,0,...,13
107,私立,技專校院,1284,樹人醫護管理專科學校,五專,男,1548,53,2,0,5,29,8,0,0,1,1,0,2,0,0,...,5
107,私立,技專校院,1284,樹人醫護管理專科學校,二專(進修),女,189,27,3,0,0,1,19,0,0,0,0,0,0,0,0,...,4
107,私立,技專校院,1284,樹人醫護管理專科學校,五專,女,5072,172,26,0,19,82,16,1,3,0,2,0,1,0,0,...,22
107,私立,技專校院,1285,慈惠醫護管理專科學校,二專(日間),男,36,5,0,1,1,0,2,0,0,0,0,0,0,0,0,...,1
107,私立,技專校院,1285,慈惠醫護管理專科學校,二專(進修),男,97,23,0,1,0,1,12,0,0,0,0,0,0,0,0,...,9
107,私立,技專校院,1285,慈惠醫護管理專科學校,五專,男,1059,95,7,8,9,28,14,0,0,19,0,0,1,0,0,...,9
107,私立,技專校院,1285,慈惠醫護管理專科學校,二專(日間),女,60,4,0,0,2,1,0,0,0,0,0,0,0,0,0,...,1
107,私立,技專校院,1285,慈惠醫護管理專科學校,二專(進修),女,170,25,3,1,0,0,7,2,0,0,0,0,0,0,0,...,12
107,私立,技專校院,1285,慈惠醫護管理專科學校,五專,女,3618,237,32,34,38,64,21,5,0,1,0,0,10,0,0,...,32
107,私立,技專校院,1286,耕莘健康管理專科學校,二專(進修),男,1,0,0,0,0,0,0,0,0,0,0,0,0,0,0,...,0
107,私立,技專校院,1286,耕莘健康管理專科學校,五專,男,506,30,1,0,0,14,4,0,0,1,0,0,0,0,0,...,10
107,私立,技專校院,1286,耕莘健康管理專科學校,二專(進修),女,105,7,1,0,0,1,2,0,0,0,0,0,0,1,0,...,2
107,私立,技專校院,1286,耕莘健康管理專科學校,五專,女,4481,138,23,5,0,52,13,3,0,1,3,0,9,0,1,...,28
107,私立,技專校院,1287,敏惠醫護管理專科學校,五專,男,470,13,0,0,3,5,2,0,0,0,0,0,0,0,0,...,3
107,私立,技專校院,1287,敏惠醫護管理專科學校,五專,女,3399,60,9,8,4,17,6,4,0,0,0,0,0,0,0,...,12
107,私立,技專校院,1289,育英醫護管理專科學校,五專,男,202,5,0,0,1,3,1,0,0,0,0,0,0,0,0,...,0
107,私立,技專校院,1289,育英醫護管理專科學校,五專,女,1811,49,4,4,13,21,1,0,0,0,1,0,1,0,0,...,4
107,私立,技專校院,1291,聖母醫護管理專科學校,五專,男,588,37,4,2,11,7,3,0,0,1,0,0,0,0,0,...,9
107,私立,技專校院,1291,聖母醫護管理專科學校,五專,女,2189,84,5,6,13,33,6,2,2,0,1,0,10,1,0,...,5
107,私立,技專校院,1292,新生醫護管理專科學校,二專(進修),男,35,3,0,0,0,0,3,0,0,0,0,0,0,0,0,...,0
107,私立,技專校院,1292,新生醫護管理專科學校,五專,男,723,34,2,2,7,2,10,0,0,0,0,0,0,0,0,...,11
107,私立,技專校院,1292,新生醫護管理專科學校,二專(進修),女,59,4,1,0,0,0,3,0,0,0,0,0,0,0,0,...,0
107,私立,技專校院,1292,新生醫護管理專科學校,五專,女,5241,230,24,19,52,6,18,4,1,0,0,0,0,0,0,...,106
107,私立,技專校院,1293,崇仁醫護管理專科學校,五專,男,418,15,3,1,1,5,1,0,0,0,1,0,0,0,0,...,3
107,私立,技專校院,1293,崇仁醫護管理專科學校,五專,女,2974,64,9,3,3,26,4,0,1,0,1,0,0,2,0,...,15
107,私立,宗教研修學院,1R02,學校財團法人中華浸信會基督教台灣浸會神學院,碩士班(日間),男,13,1,0,0,0,0,0,0,0,0,0,0,1,0,0,...,0
107,私立,宗教研修學院,1R02,學校財團法人中華浸信會基督教台灣浸會神學院,碩士班(日間),女,18,2,0,0,0,0,0,0,1,0,0,0,0,0,0,...,1
107,私立,宗教研修學院,1R03,臺北基督學院,學士班(日間),男,37,14,2,2,3,3,0,0,0,1,0,0,0,0,0,...,3
107,私立,宗教研修學院,1R03,臺北基督學院,學士班(日間),女,52,7,0,1,1,1,0,0,0,0,1,0,0,0,0,...,3
107,私立,宗教研修學院,1R04,財團法人一貫道天皇基金會一貫道天皇學院,學士班(日間),男,26,3,0,0,0,1,2,0,0,0,0,0,0,0,0,...,0
107,私立,宗教研修學院,1R04,財團法人一貫道天皇基金會一貫道天皇學院,碩士班(日間),男,13,0,0,0,0,0,0,0,0,0,0,0,0,0,0,...,0
107,私立,宗教研修學院,1R04,財團法人一貫道天皇基金會一貫道天皇學院,碩士在職專班,男,14,0,0,0,0,0,0,0,0,0,0,0,0,0,0,...,0
107,私立,宗教研修學院,1R04,財團法人一貫道天皇基金會一貫道天皇學院,學士班(日間),女,35,4,1,0,0,2,1,0,0,0,0,0,0,0,0,...,0
107,私立,宗教研修學院,1R04,財團法人一貫道天皇基金會一貫道天皇學院,碩士班(日間),女,24,9,1,1,0,0,1,0,0,0,0,2,0,1,0,...,3
107,私立,宗教研修學院,1R04,財團法人一貫道天皇基金會一貫道天皇學院,碩士在職專班,女,16,0,0,0,0,0,0,0,0,0,0,0,0,0,0,...,0
107,私立,宗教研修學院,1R05,台神學校財團法人台灣神學研究學院,碩士班(日間),男,39,1,0,0,0,0,1,0,0,0,0,0,0,0,0,...,0
107,私立,宗教研修學院,1R05,台神學校財團法人台灣神學研究學院,碩士班(日間),女,54,6,0,0,0,2,1,1,1,0,0,0,1,0,0,...,0
107,私立,宗教研修學院,1R06,一貫道崇德學院,碩士班(日間),男,24,3,0,0,0,0,1,0,0,0,0,2,0,0,0,...,0
107,私立,宗教研修學院,1R06,一貫道崇德學院,碩士班(日間),女,26,2,1,0,0,0,0,0,0,0,0,1,0,0,0,...,0
107,私立,宗教研修學院,1R07,台灣基督長老教會南神神學院,碩士班(日間),男,16,0,0,0,0,0,0,0,0,0,0,0,0,0,0,...,0
107,私立,宗教研修學院,1R07,台灣基督長老教會南神神學院,碩士班(日間),女,31,1,0,0,0,0,0,0,0,0,0,0,0,1,0,...,0
107,公立,一般大學,3002,臺北市立大學,學士班(日間),男,2373,131,2,12,17,26,22,0,0,0,8,0,10,2,6,...,26
107,公立,一般大學,3002,臺北市立大學,碩士班(日間),男,388,80,1,4,0,5,29,0,3,10,2,12,0,2,4,...,8
107,公立,一般大學,3002,臺北市立大學,碩士在職專班,男,287,53,2,3,0,1,25,0,6,0,0,12,0,1,0,...,3
107,公立,一般大學,3002,臺北市立大學,博士班,男,103,24,0,1,1,0,10,0,3,0,1,6,0,1,1,...,0
107,公立,一般大學,3002,臺北市立大學,學士班(日間),女,2931,117,14,9,7,29,8,1,2,0,18,0,2,4,8,...,15
107,公立,一般大學,3002,臺北市立大學,碩士班(日間),女,799,144,4,6,0,5,66,3,14,0,5,25,0,2,2,...,12
107,公立,一般大學,3002,臺北市立大學,碩士在職專班,女,749,104,7,0,0,1,55,6,12,0,0,11,0,7,2,...,3
107,公立,一般大學,3002,臺北市立大學,博士班,女,144,38,6,0,0,0,15,1,5,0,1,4,0,4,0,...,2
108,公立,一般大學,0001,國立政治大學,學士班(日間),男,3912,170,6,1,0,7,3,0,0,6,24,0,0,0,0,37,86
108,公立,一般大學,0001,國立政治大學,碩士班(日間),男,1861,381,13,3,0,0,66,0,18,29,8,33,0,0,0,74,137
108,公立,一般大學,0001,國立政治大學,碩士在職專班,男,929,353,6,1,0,0,189,0,44,0,3,9,0,0,0,61,40
108,公立,一般大學,0001,國立政治大學,博士班,男,561,199,4,1,0,0,30,0,28,5,6,24,0,0,0,40,61
108,公立,一般大學,0001,國立政治大學,學士班(日間),女,5673,223,18,1,0,10,0,0,1,0,41,0,0,0,0,50,102
108,公立,一般大學,0001,國立政治大學,碩士班(日間),女,2162,456,20,5,0,0,81,5,34,0,10,41,0,0,0,91,169
108,公立,一般大學,0001,國立政治大學,碩士在職專班,女,858,318,13,0,0,0,123,7,47,0,4,27,0,0,0,58,39
108,公立,一般大學,0001,國立政治大學,博士班,女,434,161,7,0,0,0,25,4,26,0,1,22,0,0,0,27,49
108,公立,一般大學,0002,國立清華大學,學士班(日間),男,4683,240,13,2,18,88,11,0,1,9,37,0,18,7,3,0,33
108,公立,一般大學,0002,國立清華大學,碩士班(日間),男,3221,261,16,0,9,11,71,0,5,26,10,38,7,7,0,0,61
108,公立,一般大學,0002,國立清華大學,碩士在職專班,男,479,64,3,0,0,0,38,0,6,0,1,4,0,8,0,0,4
108,公立,一般大學,0002,國立清華大學,博士班,男,1211,235,8,3,20,0,56,0,19,17,6,24,2,14,1,0,65
108,公立,一般大學,0002,國立清華大學,學士班(日間),女,3856,163,17,0,15,52,4,0,4,0,50,0,4,4,1,0,12
108,公立,一般大學,0002,國立清華大學,碩士班(日間),女,1969,298,24,7,14,6,80,8,32,0,9,57,3,16,4,0,38
108,公立,一般大學,0002,國立清華大學,碩士在職專班,女,814,109,8,1,1,0,41,7,26,0,2,5,0,11,0,0,7
108,公立,一般大學,0002,國立清華大學,博士班,女,445,120,5,0,2,0,23,0,15,0,7,19,2,6,1,0,40
108,公立,一般大學,0003,國立臺灣大學,學士班(日間),男,9431,549,29,3,15,226,11,0,0,10,92,0,7,0,2,3,151
108,公立,一般大學,0003,國立臺灣大學,學士班(進修),男,1,0,0,0,0,0,0,0,0,0,0,0,0,0,0,0,0
108,公立,一般大學,0003,國立臺灣大學,碩士班(日間),男,6241,754,35,27,1,18,136,0,22,15,45,137,3,0,4,2,309
108,公立,一般大學,0003,國立臺灣大學,碩士在職專班,男,949,170,4,1,0,0,95,0,9,0,2,30,1,0,0,0,28
108,公立,一般大學,0003,國立臺灣大學,博士班,男,2405,713,37,14,0,6,130,0,70,7,25,242,0,0,0,1,181
108,公立,一般大學,0003,國立臺灣大學,學士班(日間),女,7183,354,32,3,1,138,7,0,1,0,61,0,2,0,3,2,104
108,公立,一般大學,0003,國立臺灣大學,碩士班(日間),女,4094,613,37,13,1,17,116,6,40,0,31,147,1,0,2,4,198
108,公立,一般大學,0003,國立臺灣大學,碩士在職專班,女,613,127,6,1,1,0,51,1,15,0,0,27,0,0,0,1,24
108,公立,一般大學,0003,國立臺灣大學,博士班,女,1028,360,24,5,1,0,52,4,52,0,13,115,0,0,1,0,93
108,公立,一般大學,0004,國立臺灣師範大學,學士班(日間),男,3603,185,7,4,1,82,22,0,1,4,30,0,21,0,0,4,9
108,公立,一般大學,0004,國立臺灣師範大學,碩士班(日間),男,1794,358,8,9,0,19,125,0,11,16,13,104,4,0,15,0,34
108,公立,一般大學,0004,國立臺灣師範大學,碩士在職專班,男,599,192,2,7,0,1,69,0,26,0,3,68,0,0,0,0,16
108,公立,一般大學,0004,國立臺灣師範大學,博士班,男,662,206,3,5,0,0,60,0,52,3,2,48,0,0,0,0,33
108,公立,一般大學,0004,國立臺灣師範大學,學士班(日間),女,4501,196,10,2,9,73,13,1,2,0,60,0,15,0,0,3,8
108,公立,一般大學,0004,國立臺灣師範大學,碩士班(日間),女,2402,543,8,12,0,18,198,13,46,0,25,147,11,0,25,0,40
108,公立,一般大學,0004,國立臺灣師範大學,碩士在職專班,女,1464,351,3,9,0,4,75,18,92,0,2,109,0,0,0,0,39
108,公立,一般大學,0004,國立臺灣師範大學,博士班,女,691,237,3,3,0,1,80,11,58,0,6,55,2,0,2,0,16
108,公立,一般大學,0005,國立成功大學,學士班(日間),男,7046,406,21,5,27,125,3,0,2,3,2,0,15,44,24,0,135
108,公立,一般大學,0005,國立成功大學,碩士班(日間),男,4290,303,15,8,6,17,64,0,3,10,1,31,6,28,8,0,106
108,公立,一般大學,0005,國立成功大學,碩士在職專班,男,900,192,7,2,4,2,97,0,28,0,0,20,0,8,0,4,20
108,公立,一般大學,0005,國立成功大學,博士班,男,1261,300,5,8,10,0,59,0,52,15,0,52,0,29,6,1,63
108,公立,一般大學,0005,國立成功大學,學士班(日間),女,4302,188,10,1,3,70,1,1,1,0,1,0,3,25,6,0,66
108,公立,一般大學,0005,國立成功大學,碩士班(日間),女,2543,270,20,2,12,9,56,5,19,0,0,40,7,25,5,1,69
108,公立,一般大學,0005,國立成功大學,碩士在職專班,女,546,100,6,1,0,1,33,4,17,0,0,15,0,5,1,0,17
108,公立,一般大學,0005,國立成功大學,博士班,女,568,171,8,6,7,1,31,3,39,0,0,28,1,13,1,1,32
108,公立,一般大學,0006,國立中興大學,學士班(日間),男,4619,197,9,2,10,93,4,0,0,3,21,0,4,11,6,0,34
108,公立,一般大學,0006,國立中興大學,學士班(進修),男,416,32,2,2,1,3,13,0,0,3,2,0,0,0,2,0,4
108,公立,一般大學,0006,國立中興大學,碩士班(日間),男,2054,239,19,10,2,19,47,0,5,10,6,26,8,18,14,0,55
108,公立,一般大學,0006,國立中興大學,碩士在職專班,男,1106,232,7,2,0,0,107,0,33,0,9,44,0,17,5,0,8
108,公立,一般大學,0006,國立中興大學,博士班,男,658,167,4,2,0,1,51,0,22,6,2,46,1,15,3,0,14
108,公立,一般大學,0006,國立中興大學,學士班(日間),女,3401,111,10,1,5,45,3,0,0,0,20,0,3,1,1,0,22
108,公立,一般大學,0006,國立中興大學,學士班(進修),女,531,44,8,0,1,1,19,1,2,0,1,0,0,4,1,0,6
108,公立,一般大學,0006,國立中興大學,碩士班(日間),女,1393,191,16,13,0,12,41,0,9,0,2,23,3,21,8,0,43
108,公立,一般大學,0006,國立中興大學,碩士在職專班,女,519,113,5,2,0,1,39,4,25,0,2,17,0,7,5,0,6
108,公立,一般大學,0006,國立中興大學,博士班,女,286,68,3,1,0,0,16,4,15,0,0,18,0,4,1,0,6
108,公立,一般大學,0007,國立陽明交通大學,學士班(日間),男,3840,156,11,3,21,41,1,0,0,4,25,0,5,4,28,0,13
108,公立,一般大學,0007,國立陽明交通大學,碩士班(日間),男,3913,262,16,8,4,33,49,0,2,38,12,49,8,6,14,0,23
108,公立,一般大學,0007,國立陽明交通大學,碩士在職專班,男,1053,247,5,2,1,2,132,0,56,0,6,34,0,4,4,0,1
108,公立,一般大學,0007,國立陽明交通大學,博士班,男,1379,259,9,7,5,5,74,0,34,22,4,63,2,15,5,0,14
108,公立,一般大學,0007,國立陽明交通大學,學士班(日間),女,1787,67,3,1,3,20,1,0,1,0,19,0,3,3,12,0,1
108,公立,一般大學,0007,國立陽明交通大學,碩士班(日間),女,1841,171,14,6,3,21,49,2,7,0,16,25,2,5,7,0,14
108,公立,一般大學,0007,國立陽明交通大學,碩士在職專班,女,543,92,6,0,1,2,26,8,26,0,2,14,0,6,0,0,1
108,公立,一般大學,0007,國立陽明交通大學,博士班,女,386,82,3,1,0,4,16,7,21,0,1,15,2,5,2,0,5
108,公立,一般大學,0008,國立中央大學,學士班(日間),男,3755,151,6,2,25,84,6,0,0,1,7,0,1,1,1,0,17
108,公立,一般大學,0008,國立中央大學,碩士班(日間),男,2324,193,3,24,8,29,54,0,2,5,2,36,3,7,4,0,16
108,公立,一般大學,0008,國立中央大學,碩士在職專班,男,854,174,6,1,0,0,96,0,28,0,0,36,1,4,0,0,2
108,公立,一般大學,0008,國立中央大學,博士班,男,730,161,1,8,1,1,58,0,25,9,0,46,0,6,0,0,6
108,公立,一般大學,0008,國立中央大學,學士班(日間),女,2201,74,5,0,7,42,1,0,0,0,13,0,1,1,0,0,4
108,公立,一般大學,0008,國立中央大學,碩士班(日間),女,1180,131,4,21,2,17,34,0,3,0,3,31,0,4,2,0,10
108,公立,一般大學,0008,國立中央大學,碩士在職專班,女,489,81,0,2,0,1,33,3,17,0,0,19,0,4,0,0,2
108,公立,一般大學,0008,國立中央大學,博士班,女,289,55,2,5,0,1,9,4,10,0,1,16,0,4,0,0,3
108,公立,一般大學,0009,國立中山大學,學士班(日間),男,2919,108,5,0,6,34,3,0,0,3,7,0,1,0,2,2,45
108,公立,一般大學,0009,國立中山大學,碩士班(日間),男,1906,214,5,5,4,3,51,0,2,8,5,37,3,2,8,1,80
108,公立,一般大學,0009,國立中山大學,碩士在職專班,男,539,114,3,0,0,2,60,0,10,0,1,12,0,2,0,1,23
108,公立,一般大學,0009,國立中山大學,博士班,男,542,144,3,1,0,1,40,0,13,4,2,42,0,0,1,2,35
108,公立,一般大學,0009,國立中山大學,學士班(日間),女,1822,62,5,0,1,13,3,2,1,0,13,0,1,0,0,0,23
108,公立,一般大學,0009,國立中山大學,碩士班(日間),女,1069,164,9,4,4,2,46,4,6,0,4,33,0,3,5,0,44
108,公立,一般大學,0009,國立中山大學,碩士在職專班,女,529,121,7,3,0,0,38,3,21,0,1,19,0,0,0,1,28
108,公立,一般大學,0009,國立中山大學,博士班,女,237,78,5,0,0,0,12,4,13,0,3,19,0,2,0,0,20
108,公立,一般大學,0012,國立臺灣海洋大學,學士班(日間),男,4039,182,11,1,31,43,19,0,0,7,21,0,13,13,9,0,14
108,公立,一般大學,0012,國立臺灣海洋大學,學士班(進修),男,390,37,1,1,1,4,25,0,0,3,0,0,0,1,0,0,1
108,公立,一般大學,0012,國立臺灣海洋大學,碩士班(日間),男,947,110,4,5,3,11,26,0,0,22,2,8,9,14,4,0,2
108,公立,一般大學,0012,國立臺灣海洋大學,碩士在職專班,男,353,69,4,1,0,1,45,0,4,0,2,5,0,5,0,0,2
108,公立,一般大學,0012,國立臺灣海洋大學,博士班,男,247,43,4,1,0,1,20,0,3,5,0,4,0,4,0,0,1
108,公立,一般大學,0012,國立臺灣海洋大學,學士班(日間),女,1811,59,4,1,4,22,4,0,0,0,10,0,6,1,4,0,3
108,公立,一般大學,0012,國立臺灣海洋大學,學士班(進修),女,227,22,1,2,2,3,11,1,0,0,0,0,0,0,0,0,2
108,公立,一般大學,0012,國立臺灣海洋大學,碩士班(日間),女,515,67,7,4,0,7,21,2,2,0,2,2,2,5,6,0,7
108,公立,一般大學,0012,國立臺灣海洋大學,碩士在職專班,女,224,43,8,1,0,1,14,2,3,0,1,4,2,6,0,0,1
108,公立,一般大學,0012,國立臺灣海洋大學,博士班,女,85,18,2,0,0,0,9,3,0,0,0,1,1,1,0,0,1
108,公立,一般大學,0013,國立中正大學,學士班(日間),男,3504,159,10,3,12,85,8,0,0,0,18,0,2,2,8,2,9
108,公立,一般大學,0013,國立中正大學,碩士班(日間),男,1744,208,6,11,8,23,48,0,4,7,0,52,6,11,17,0,15
108,公立,一般大學,0013,國立中正大學,碩士在職專班,男,625,140,6,2,3,1,59,0,11,0,2,36,0,14,3,0,3
108,公立,一般大學,0013,國立中正大學,博士班,男,403,96,2,4,0,0,26,0,9,1,2,33,0,5,1,0,13
108,公立,一般大學,0013,國立中正大學,學士班(日間),女,2929,88,11,4,6,38,1,0,0,0,14,0,3,6,1,1,3
108,公立,一般大學,0013,國立中正大學,碩士班(日間),女,1052,181,5,6,7,9,47,3,9,0,7,34,1,11,22,0,20
108,公立,一般大學,0013,國立中正大學,碩士在職專班,女,744,159,7,3,4,2,41,5,35,0,2,38,0,16,3,0,3
108,公立,一般大學,0013,國立中正大學,博士班,女,204,55,2,0,0,0,14,4,5,0,1,13,0,6,2,0,8
108,公立,一般大學,0014,國立高雄師範大學,學士班(日間),男,1731,66,2,2,2,43,1,0,1,1,6,0,2,1,3,0,2
108,公立,一般大學,0014,國立高雄師範大學,碩士班(日間),男,517,113,1,4,0,5,34,0,7,5,1,45,0,1,1,0,9
108,公立,一般大學,0014,國立高雄師範大學,碩士在職專班,男,449,131,5,1,0,0,74,0,15,0,2,21,1,6,6,0,0
108,公立,一般大學,0014,國立高雄師範大學,博士班,男,215,52,1,1,0,0,23,0,4,0,1,19,0,3,0,0,0
108,公立,一般大學,0014,國立高雄師範大學,學士班(日間),女,1793,75,2,4,3,30,9,0,0,0,9,0,13,1,0,0,4
108,公立,一般大學,0014,國立高雄師範大學,碩士班(日間),女,868,228,5,6,0,6,85,7,23,0,3,69,1,6,3,0,14
108,公立,一般大學,0014,國立高雄師範大學,碩士在職專班,女,882,216,11,2,0,3,84,12,37,0,4,38,0,17,7,0,1
108,公立,一般大學,0014,國立高雄師範大學,博士班,女,235,62,2,1,0,0,21,3,11,0,1,18,0,3,0,0,2
108,公立,一般大學,0015,國立彰化師範大學,學士班(日間),男,2591,100,5,2,6,25,6,0,1,7,7,0,2,3,10,0,26
108,公立,一般大學,0015,國立彰化師範大學,碩士班(日間),男,815,169,12,6,0,4,52,0,3,27,2,24,0,4,13,0,22
108,公立,一般大學,0015,國立彰化師範大學,碩士在職專班,男,565,117,2,0,0,1,54,0,12,0,1,20,1,3,0,23,0
108,公立,一般大學,0015,國立彰化師範大學,博士班,男,297,68,1,1,0,0,29,0,9,1,1,16,0,6,0,0,4
108,公立,一般大學,0015,國立彰化師範大學,學士班(日間),女,2338,85,13,0,4,38,0,0,0,0,8,0,0,3,4,1,14
108,公立,一般大學,0015,國立彰化師範大學,碩士班(日間),女,785,209,3,8,0,7,62,9,18,0,5,36,0,9,28,0,24
108,公立,一般大學,0015,國立彰化師範大學,碩士在職專班,女,797,195,9,3,0,1,82,10,34,0,3,24,0,7,2,15,5
108,公立,一般大學,0015,國立彰化師範大學,博士班,女,197,51,1,0,0,0,17,3,8,0,1,12,0,4,0,0,5
108,公立,一般大學,0016,國立陽明大學,學士班(日間),男,1095,73,4,0,1,36,3,0,0,2,16,0,2,0,8,0,1
108,公立,一般大學,0016,國立陽明大學,碩士班(日間),男,532,54,5,2,1,12,17,0,2,2,0,7,1,5,0,0,0
108,公立,一般大學,0016,國立陽明大學,碩士在職專班,男,46,8,0,0,0,0,4,0,0,0,1,3,0,0,0,0,0
108,公立,一般大學,0016,國立陽明大學,博士班,男,516,128,6,1,0,10,34,0,15,4,15,37,2,3,1,0,0
108,公立,一般大學,0016,國立陽明大學,學士班(日間),女,909,45,7,0,1,18,0,0,0,0,7,0,2,2,6,1,1
108,公立,一般大學,0016,國立陽明大學,碩士班(日間),女,772,145,6,6,1,29,39,2,11,0,10,21,3,9,6,0,2
108,公立,一般大學,0016,國立陽明大學,碩士在職專班,女,104,12,0,0,0,0,7,0,2,0,0,2,0,1,0,0,0
108,公立,一般大學,0016,國立陽明大學,博士班,女,362,127,11,1,1,5,36,2,25,0,3,40,0,1,0,0,2
108,公立,一般大學,0017,國立臺北大學,學士班(日間),男,2629,111,1,2,10,47,9,0,0,0,19,0,9,2,5,0,7
108,公立,一般大學,0017,國立臺北大學,學士班(進修),男,766,90,2,1,2,8,52,0,1,5,2,0,0,7,0,0,10
108,公立,一般大學,0017,國立臺北大學,碩士班(日間),男,708,118,2,2,0,3,40,0,1,3,5,45,0,4,5,0,8
108,公立,一般大學,0017,國立臺北大學,碩士在職專班,男,268,41,0,0,1,0,31,0,2,0,0,2,0,3,0,0,2
108,公立,一般大學,0017,國立臺北大學,博士班,男,142,44,0,1,0,0,22,0,2,1,3,8,0,0,0,0,7
108,公立,一般大學,0017,國立臺北大學,學士班(日間),女,3190,80,2,2,5,30,0,0,0,0,25,0,3,2,2,0,9
108,公立,一般大學,0017,國立臺北大學,學士班(進修),女,1279,111,9,3,5,5,59,2,5,0,6,0,0,5,2,0,10
108,公立,一般大學,0017,國立臺北大學,碩士班(日間),女,646,130,3,7,0,1,56,1,9,0,4,27,1,1,10,0,10
108,公立,一般大學,0017,國立臺北大學,碩士在職專班,女,254,51,3,0,0,0,34,4,4,0,0,4,0,0,0,0,2
108,公立,一般大學,0017,國立臺北大學,博士班,女,72,18,1,0,0,0,5,1,2,0,2,2,0,1,2,0,2
108,公立,一般大學,0018,國立嘉義大學,學士班(日間),男,3787,132,11,7,28,47,12,0,0,6,6,0,0,12,0,0,3
108,公立,一般大學,0018,國立嘉義大學,學士班(進修),男,1249,127,10,5,19,11,60,0,0,10,3,0,0,7,0,0,2
108,公立,一般大學,0018,國立嘉義大學,碩士班(日間),男,624,97,2,6,9,2,46,0,0,18,0,5,0,9,0,0,0
108,公立,一般大學,0018,國立嘉義大學,碩士在職專班,男,338,77,5,1,1,1,52,0,4,0,0,6,0,7,0,0,0
108,公立,一般大學,0018,國立嘉義大學,博士班,男,117,15,2,2,0,1,7,0,1,0,0,1,0,1,0,0,0
108,公立,一般大學,0018,國立嘉義大學,學士班(日間),女,3708,87,6,3,13,45,5,0,1,0,10,0,0,3,0,0,1
108,公立,一般大學,0018,國立嘉義大學,學士班(進修),女,737,54,5,1,13,1,21,1,3,0,0,0,0,9,0,0,0
108,公立,一般大學,0018,國立嘉義大學,碩士班(日間),女,685,119,12,8,7,3,50,2,12,0,2,7,0,15,0,0,1
108,公立,一般大學,0018,國立嘉義大學,碩士在職專班,女,552,93,8,3,1,1,43,3,10,0,0,8,0,16,0,0,0
108,公立,一般大學,0018,國立嘉義大學,博士班,女,88,10,0,0,0,1,3,0,0,0,0,2,0,4,0,0,0
108,公立,一般大學,0019,國立高雄大學,學士班(日間),男,2526,117,7,6,39,41,10,0,0,4,2,0,0,2,0,6,0
108,公立,一般大學,0019,國立高雄大學,學士班(進修),男,110,26,1,1,2,1,18,0,2,0,0,0,0,1,0,0,0
108,公立,一般大學,0019,國立高雄大學,碩士班(日間),男,417,80,6,10,8,14,32,0,0,3,0,0,0,4,1,0,2
108,公立,一般大學,0019,國立高雄大學,碩士在職專班,男,299,77,3,2,3,1,66,0,2,0,0,0,0,0,0,0,0
108,公立,一般大學,0019,國立高雄大學,博士班,男,27,7,0,2,2,1,2,0,0,0,0,0,0,0,0,0,0
108,公立,一般大學,0019,國立高雄大學,學士班(日間),女,1819,65,14,4,19,19,4,0,0,0,3,0,0,0,0,0,2
108,公立,一般大學,0019,國立高雄大學,學士班(進修),女,57,16,2,1,0,2,8,0,1,0,0,0,0,1,0,0,1
108,公立,一般大學,0019,國立高雄大學,碩士班(日間),女,218,53,3,2,7,7,29,0,1,0,0,0,0,3,1,0,0
108,公立,一般大學,0019,國立高雄大學,碩士在職專班,女,187,57,5,5,1,1,38,2,2,0,0,0,0,2,0,0,1
108,公立,一般大學,0019,國立高雄大學,博士班,女,3,2,0,0,1,0,1,0,0,0,0,0,0,0,0,0,0
108,公立,一般大學,0020,國立東華大學,學士班(日間),男,3600,200,12,6,17,29,22,0,1,6,7,0,8,17,8,4,63
108,公立,一般大學,0020,國立東華大學,碩士班(日間),男,718,224,4,13,4,8,67,0,10,12,3,61,2,14,3,1,22
108,公立,一般大學,0020,國立東華大學,碩士在職專班,男,237,95,1,1,1,0,56,0,5,1,0,12,0,10,3,0,5
108,公立,一般大學,0020,國立東華大學,博士班,男,238,85,7,2,1,0,34,0,9,2,0,17,0,6,0,3,4
108,公立,一般大學,0020,國立東華大學,學士班(日間),女,3959,182,24,6,14,29,10,3,4,1,7,0,4,18,8,6,48
108,公立,一般大學,0020,國立東華大學,碩士班(日間),女,704,264,7,18,3,4,84,4,29,0,4,53,2,19,11,7,19
108,公立,一般大學,0020,國立東華大學,碩士在職專班,女,299,123,3,1,0,0,59,2,13,0,0,24,0,13,4,2,2
108,公立,一般大學,0020,國立東華大學,博士班,女,152,55,2,4,0,1,22,1,4,0,1,9,0,5,0,2,4
108,公立,一般大學,0021,國立暨南國際大學,學士班(日間),男,2037,84,15,9,17,11,7,0,0,1,6,0,4,13,1,0,0
108,公立,一般大學,0021,國立暨南國際大學,碩士班(日間),男,411,70,4,4,1,1,21,0,3,6,2,15,2,8,3,0,0
108,公立,一般大學,0021,國立暨南國際大學,碩士在職專班,男,175,28,4,0,0,0,19,0,0,0,0,1,0,4,0,0,0
108,公立,一般大學,0021,國立暨南國際大學,博士班,男,170,37,4,3,1,0,15,0,2,0,0,5,0,7,0,0,0
108,公立,一般大學,0021,國立暨南國際大學,學士班(日間),女,2453,64,10,8,6,9,11,0,0,0,8,0,6,6,0,0,0
108,公立,一般大學,0021,國立暨南國際大學,碩士班(日間),女,447,108,16,8,2,0,35,1,12,0,1,17,0,11,5,0,0
108,公立,一般大學,0021,國立暨南國際大學,碩士在職專班,女,249,45,1,0,1,0,27,3,2,0,1,4,0,4,2,0,0
108,公立,一般大學,0021,國立暨南國際大學,博士班,女,166,36,4,1,1,0,10,1,6,0,1,6,1,5,0,0,0
108,公立,技專校院,0022,國立臺灣科技大學,學士班(日間),男,4033,123,16,5,31,38,15,0,0,4,2,0,0,1,0,0,11
108,公立,技專校院,0022,國立臺灣科技大學,碩士班(日間),男,2486,215,10,16,21,55,76,0,2,2,1,0,0,0,1,0,31
108,公立,技專校院,0022,國立臺灣科技大學,碩士在職專班,男,517,75,1,0,4,0,56,0,10,0,0,1,0,0,0,0,3
108,公立,技專校院,0022,國立臺灣科技大學,博士班,男,806,201,8,7,32,0,97,0,23,6,0,1,0,2,1,0,24
108,公立,技專校院,0022,國立臺灣科技大學,學士班(日間),女,1773,59,7,1,11,25,3,0,0,0,4,0,0,1,0,0,7
108,公立,技專校院,0022,國立臺灣科技大學,碩士班(日間),女,1146,98,10,8,11,11,37,1,0,0,4,0,0,1,0,0,15
108,公立,技專校院,0022,國立臺灣科技大學,碩士在職專班,女,281,37,3,0,0,0,24,0,4,0,0,1,0,0,0,0,5
108,公立,技專校院,0022,國立臺灣科技大學,博士班,女,232,75,2,0,10,0,26,1,15,0,0,0,0,4,0,0,17
108,公立,技專校院,0023,國立雲林科技大學,學士班(日間),男,3857,113,6,9,26,22,23,0,0,1,9,0,7,1,3,4,2
108,公立,技專校院,0023,國立雲林科技大學,學士班(進修),男,52,3,1,0,0,0,2,0,0,0,0,0,0,0,0,0,0
108,公立,技專校院,0023,國立雲林科技大學,碩士班(日間),男,1227,147,4,28,12,20,42,0,1,12,2,10,8,1,2,0,5
108,公立,技專校院,0023,國立雲林科技大學,碩士在職專班,男,412,82,4,10,1,2,51,0,4,0,0,7,0,2,0,0,1
108,公立,技專校院,0023,國立雲林科技大學,博士班,男,261,68,2,0,1,1,45,0,6,3,0,6,0,1,0,0,3
108,公立,技專校院,0023,國立雲林科技大學,學士班(日間),女,2647,89,7,12,17,23,6,0,0,0,5,0,7,0,2,7,3
108,公立,技專校院,0023,國立雲林科技大學,學士班(進修),女,74,1,0,0,0,1,0,0,0,0,0,0,0,0,0,0,0
108,公立,技專校院,0023,國立雲林科技大學,碩士班(日間),女,706,106,5,15,6,11,38,0,8,0,5,12,2,1,1,0,2
108,公立,技專校院,0023,國立雲林科技大學,碩士在職專班,女,334,78,3,12,0,2,35,1,15,0,1,7,0,2,0,0,0
108,公立,技專校院,0023,國立雲林科技大學,博士班,女,146,55,1,4,1,2,20,2,5,0,0,9,1,0,0,0,10
108,公立,技專校院,0024,國立屏東科技大學,學士班(日間),男,4114,196,20,8,27,34,19,0,1,4,4,0,50,15,9,0,5
108,公立,技專校院,0024,國立屏東科技大學,學士班(進修),男,852,49,4,3,0,5,16,0,0,1,0,0,11,8,1,0,0
108,公立,技專校院,0024,國立屏東科技大學,碩士班(日間),男,645,109,2,3,4,5,36,0,2,5,0,3,30,9,10,0,0
108,公立,技專校院,0024,國立屏東科技大學,碩士在職專班,男,210,37,1,0,0,0,22,0,2,0,0,3,4,5,0,0,0
108,公立,技專校院,0024,國立屏東科技大學,博士班,男,168,52,3,0,10,0,16,0,5,0,1,2,10,4,1,0,0
108,公立,技專校院,0024,國立屏東科技大學,學士班(日間),女,3614,118,9,4,14,31,7,0,4,0,8,0,22,10,6,2,1
108,公立,技專校院,0024,國立屏東科技大學,學士班(進修),女,593,29,2,0,1,6,4,3,2,0,0,0,6,4,1,0,0
108,公立,技專校院,0024,國立屏東科技大學,碩士班(日間),女,483,92,8,3,5,2,28,0,4,0,2,3,22,11,4,0,0
108,公立,技專校院,0024,國立屏東科技大學,碩士在職專班,女,93,17,0,0,0,0,7,1,1,0,0,0,5,3,0,0,0
108,公立,技專校院,0024,國立屏東科技大學,博士班,女,91,25,0,0,4,0,13,1,1,0,0,3,1,2,0,0,0
108,公立,技專校院,0025,國立臺北科技大學,五專,男,50,0,0,0,0,0,0,0,0,0,0,0,0,0,0,0,0
108,公立,技專校院,0025,國立臺北科技大學,學士班(日間),男,4293,125,12,6,22,43,10,0,0,10,12,0,0,4,5,0,1
108,公立,技專校院,0025,國立臺北科技大學,學士班(進修),男,1646,31,2,0,5,5,7,0,1,4,2,0,2,1,2,0,0
108,公立,技專校院,0025,國立臺北科技大學,碩士班(日間),男,2144,146,7,19,7,28,38,0,3,18,3,3,0,10,2,0,8
108,公立,技專校院,0025,國立臺北科技大學,碩士在職專班,男,1067,148,1,0,0,0,131,0,10,1,2,1,0,2,0,0,0
108,公立,技專校院,0025,國立臺北科技大學,博士班,男,596,116,7,4,3,0,61,0,6,5,3,10,0,13,1,0,3
108,公立,技專校院,0025,國立臺北科技大學,五專,女,14,0,0,0,0,0,0,0,0,0,0,0,0,0,0,0,0
108,公立,技專校院,0025,國立臺北科技大學,學士班(日間),女,1932,58,9,1,14,20,2,0,0,0,7,0,0,4,1,0,0
108,公立,技專校院,0025,國立臺北科技大學,學士班(進修),女,316,11,2,1,1,4,2,0,0,0,0,0,0,1,0,0,0
108,公立,技專校院,0025,國立臺北科技大學,碩士班(日間),女,806,72,14,7,1,4,26,0,5,0,5,3,0,5,2,0,0
108,公立,技專校院,0025,國立臺北科技大學,碩士在職專班,女,436,71,3,2,0,1,50,3,9,0,0,1,0,2,0,0,0
108,公立,技專校院,0025,國立臺北科技大學,博士班,女,164,37,6,0,2,1,16,0,5,0,1,5,0,1,0,0,0
108,公立,一般大學,0028,國立臺北藝術大學,五專,男,27,3,0,0,0,0,0,0,0,0,3,0,0,0,0,0,0
108,公立,一般大學,0028,國立臺北藝術大學,學士班(日間),男,670,57,7,4,4,5,8,0,2,2,16,4,3,0,1,0,1
108,公立,一般大學,0028,國立臺北藝術大學,碩士班(日間),男,354,115,0,11,6,2,25,0,6,8,5,34,8,0,0,0,10
108,公立,一般大學,0028,國立臺北藝術大學,碩士在職專班,男,58,15,0,1,0,0,4,0,2,0,2,4,2,0,0,0,0
108,公立,一般大學,0028,國立臺北藝術大學,博士班,男,36,10,0,0,1,0,2,0,0,0,0,3,1,0,0,0,3
108,公立,一般大學,0028,國立臺北藝術大學,五專,女,47,0,0,0,0,0,0,0,0,0,0,0,0,0,0,0,0
108,公立,一般大學,0028,國立臺北藝術大學,學士班(日間),女,1109,74,10,1,8,8,5,0,0,0,24,1,4,1,3,1,8
108,公立,一般大學,0028,國立臺北藝術大學,碩士班(日間),女,625,189,11,19,10,2,31,6,7,0,12,64,13,2,1,0,11
108,公立,一般大學,0028,國立臺北藝術大學,碩士在職專班,女,112,44,2,3,2,1,13,3,8,0,2,6,4,0,0,0,0
108,公立,一般大學,0028,國立臺北藝術大學,博士班,女,60,25,2,0,2,0,5,0,3,0,4,3,3,0,0,0,3
108,公立,一般大學,0029,國立臺灣藝術大學,學士班(日間),男,674,49,2,2,3,7,11,0,0,8,8,0,3,0,0,1,4
108,公立,一般大學,0029,國立臺灣藝術大學,學士班(進修),男,590,49,5,3,1,2,22,0,0,3,1,1,1,0,0,5,5
108,公立,一般大學,0029,國立臺灣藝術大學,碩士班(日間),男,266,67,1,0,2,0,24,0,6,3,3,15,0,0,2,0,11
108,公立,一般大學,0029,國立臺灣藝術大學,碩士在職專班,男,150,50,1,3,6,0,22,0,1,1,0,10,0,1,1,3,1
108,公立,一般大學,0029,國立臺灣藝術大學,博士班,男,67,12,1,0,0,0,3,0,0,0,0,3,0,0,0,0,5
108,公立,一般大學,0029,國立臺灣藝術大學,學士班(日間),女,1728,92,9,1,8,10,14,1,0,0,17,2,6,0,2,3,19
108,公立,一般大學,0029,國立臺灣藝術大學,學士班(進修),女,1356,117,7,10,2,11,35,2,2,0,14,1,6,2,2,5,18
108,公立,一般大學,0029,國立臺灣藝術大學,碩士班(日間),女,461,92,2,2,5,2,30,0,4,0,12,13,2,2,1,1,16
108,公立,一般大學,0029,國立臺灣藝術大學,碩士在職專班,女,235,66,4,3,3,0,22,3,12,0,1,11,0,1,0,1,5
108,公立,一般大學,0029,國立臺灣藝術大學,博士班,女,74,20,1,0,2,0,7,1,2,0,0,3,0,1,0,1,2
108,公立,一般大學,0030,國立臺東大學,學士班(日間),男,1731,83,8,0,2,23,12,0,0,3,2,0,0,0,3,12,18
108,公立,一般大學,0030,國立臺東大學,學士班(進修),男,133,32,0,0,0,3,15,0,0,0,0,0,0,0,0,8,6
108,公立,一般大學,0030,國立臺東大學,碩士班(日間),男,144,42,4,3,2,0,19,0,0,1,1,2,0,1,0,5,4
108,公立,一般大學,0030,國立臺東大學,碩士在職專班,男,136,34,1,0,0,0,19,0,1,0,0,2,0,3,0,1,7
108,公立,一般大學,0030,國立臺東大學,博士班,男,19,2,0,1,0,0,0,0,0,0,0,1,0,0,0,0,0
108,公立,一般大學,0030,國立臺東大學,學士班(日間),女,1758,80,11,3,3,19,4,1,2,0,5,0,1,5,2,7,17
108,公立,一般大學,0030,國立臺東大學,學士班(進修),女,159,31,0,0,0,1,9,1,0,0,0,0,0,2,0,3,15
108,公立,一般大學,0030,國立臺東大學,碩士班(日間),女,199,47,4,3,0,1,15,4,2,0,0,5,0,6,0,1,6
108,公立,一般大學,0030,國立臺東大學,碩士在職專班,女,413,77,4,2,0,3,30,1,9,0,0,1,0,6,0,9,12
108,公立,一般大學,0030,國立臺東大學,博士班,女,30,4,0,0,1,0,1,0,0,0,0,0,0,0,0,1,1
108,公立,一般大學,0031,國立宜蘭大學,學士班(日間),男,2791,111,7,0,20,28,10,0,0,17,7,0,10,4,4,0,4
108,公立,一般大學,0031,國立宜蘭大學,學士班(進修),男,252,49,2,2,1,4,14,0,1,12,1,0,4,1,0,0,7
108,公立,一般大學,0031,國立宜蘭大學,碩士班(日間),男,295,43,2,1,1,1,21,0,0,2,1,8,4,0,1,0,1
108,公立,一般大學,0031,國立宜蘭大學,碩士在職專班,男,154,20,1,0,0,0,13,0,1,0,1,4,0,0,0,0,0
108,公立,一般大學,0031,國立宜蘭大學,博士班,男,5,3,0,0,0,0,2,0,0,0,0,1,0,0,0,0,0
108,公立,一般大學,0031,國立宜蘭大學,學士班(日間),女,1565,32,4,0,3,5,1,0,1,0,6,0,8,2,0,0,2
108,公立,一般大學,0031,國立宜蘭大學,學士班(進修),女,132,14,2,1,1,3,2,1,2,0,0,0,1,0,1,0,0
108,公立,一般大學,0031,國立宜蘭大學,碩士班(日間),女,159,25,3,2,0,1,10,0,2,0,0,3,0,3,1,0,0
108,公立,一般大學,0031,國立宜蘭大學,碩士在職專班,女,63,8,1,0,0,0,3,1,0,0,0,2,0,0,0,0,1
108,公立,一般大學,0031,國立宜蘭大學,博士班,女,3,1,0,0,0,0,0,0,0,0,0,1,0,0,0,0,0
108,公立,一般大學,0032,國立聯合大學,學士班(日間),男,4020,158,7,3,23,58,16,0,0,16,8,0,5,2,8,3,9
108,公立,一般大學,0032,國立聯合大學,學士班(進修),男,790,50,2,1,3,11,25,0,0,5,0,0,0,0,2,1,0
108,公立,一般大學,0032,國立聯合大學,碩士班(日間),男,330,37,3,1,1,6,9,0,0,4,0,8,0,2,2,0,1
108,公立,一般大學,0032,國立聯合大學,碩士在職專班,男,8,2,0,0,0,0,1,0,0,0,0,0,0,1,0,0,0
108,公立,一般大學,0032,國立聯合大學,博士班,男,14,2,0,0,0,0,2,0,0,0,0,0,0,0,0,0,0
108,公立,一般大學,0032,國立聯合大學,學士班(日間),女,1861,45,3,1,6,25,3,0,1,0,0,0,1,2,3,0,0
108,公立,一般大學,0032,國立聯合大學,學士班(進修),女,428,28,0,0,3,9,11,0,2,0,2,0,0,1,0,0,0
108,公立,一般大學,0032,國立聯合大學,碩士班(日間),女,123,14,1,0,0,0,9,0,1,0,0,2,1,0,0,0,0
108,公立,一般大學,0032,國立聯合大學,碩士在職專班,女,14,0,0,0,0,0,0,0,0,0,0,0,0,0,0,0,0
108,公立,技專校院,0033,國立虎尾科技大學,二專(日間),男,28,2,0,0,0,0,1,0,0,0,0,0,0,0,0,0,1
108,公立,技專校院,0033,國立虎尾科技大學,五專,男,79,3,1,0,0,0,0,0,0,0,2,0,0,0,0,0,0
108,公立,技專校院,0033,國立虎尾科技大學,學士班(日間),男,5691,212,15,7,40,60,24,0,2,19,6,0,12,0,6,1,20
108,公立,技專校院,0033,國立虎尾科技大學,學士班(進修),男,1668,64,0,4,5,16,30,0,1,6,0,0,1,1,0,0,0
108,公立,技專校院,0033,國立虎尾科技大學,碩士班(日間),男,693,52,4,4,0,9,11,0,0,11,0,4,3,0,1,0,5
108,公立,技專校院,0033,國立虎尾科技大學,碩士在職專班,男,125,27,0,1,0,0,16,0,4,0,0,5,0,0,0,0,1
108,公立,技專校院,0033,國立虎尾科技大學,博士班,男,33,3,0,0,0,0,1,0,0,0,0,2,0,0,0,0,0
108,公立,技專校院,0033,國立虎尾科技大學,二專(日間),女,2,0,0,0,0,0,0,0,0,0,0,0,0,0,0,0,0
108,公立,技專校院,0033,國立虎尾科技大學,五專,女,12,0,0,0,0,0,0,0,0,0,0,0,0,0,0,0,0
108,公立,技專校院,0033,國立虎尾科技大學,學士班(日間),女,1737,36,5,2,4,10,4,1,1,0,2,0,2,0,1,0,4
108,公立,技專校院,0033,國立虎尾科技大學,學士班(進修),女,454,34,2,1,7,8,13,0,2,0,0,0,0,1,0,0,0
108,公立,技專校院,0033,國立虎尾科技大學,碩士班(日間),女,166,7,0,1,0,0,2,1,0,0,1,1,0,0,0,0,1
108,公立,技專校院,0033,國立虎尾科技大學,碩士在職專班,女,57,5,1,0,0,0,3,0,1,0,0,0,0,0,0,0,0
108,公立,技專校院,0033,國立虎尾科技大學,博士班,女,4,2,0,1,0,0,0,0,0,0,0,1,0,0,0,0,0
108,公立,一般大學,0035,國立臺南藝術大學,五專,男,60,2,0,0,0,0,0,0,0,0,1,0,1,0,0,0,0
108,公立,一般大學,0035,國立臺南藝術大學,學士班(日間),男,248,20,0,0,2,2,0,0,0,1,4,0,5,1,0,0,5
108,公立,一般大學,0035,國立臺南藝術大學,碩士班(日間),男,184,56,0,1,1,0,13,0,2,1,3,15,10,1,0,0,9
108,公立,一般大學,0035,國立臺南藝術大學,碩士在職專班,男,17,2,0,0,0,0,1,0,0,0,0,1,0,0,0,0,0
108,公立,一般大學,0035,國立臺南藝術大學,博士班,男,20,5,0,0,0,0,1,0,3,0,0,1,0,0,0,0,0
108,公立,一般大學,0035,國立臺南藝術大學,五專,女,105,2,0,0,0,0,0,0,0,0,1,0,1,0,0,0,0
108,公立,一般大學,0035,國立臺南藝術大學,學士班(日間),女,541,41,2,1,1,9,2,0,0,0,5,0,9,3,0,0,9
108,公立,一般大學,0035,國立臺南藝術大學,碩士班(日間),女,376,123,2,9,2,0,34,1,7,0,2,27,18,8,0,0,13
108,公立,一般大學,0035,國立臺南藝術大學,碩士在職專班,女,36,12,0,0,0,0,4,1,2,0,0,3,1,1,0,0,0
108,公立,一般大學,0035,國立臺南藝術大學,博士班,女,20,9,0,0,0,0,1,0,1,0,0,2,3,2,0,0,0
108,公立,一般大學,0036,國立臺南大學,學士班(日間),男,1783,94,3,4,8,37,12,0,0,3,6,0,0,1,2,0,18
108,公立,一般大學,0036,國立臺南大學,學士班(進修),男,58,5,0,0,1,2,1,0,0,0,0,0,0,0,0,0,1
108,公立,一般大學,0036,國立臺南大學,碩士班(日間),男,386,77,1,3,3,2,22,0,0,0,0,22,0,1,1,0,22
108,公立,一般大學,0036,國立臺南大學,碩士在職專班,男,219,46,0,0,0,0,24,0,3,0,0,19,0,0,0,0,0
108,公立,一般大學,0036,國立臺南大學,博士班,男,73,21,1,1,0,0,9,0,2,0,0,4,0,1,1,0,2
108,公立,一般大學,0036,國立臺南大學,學士班(日間),女,2043,68,1,2,2,26,3,0,1,0,3,0,5,3,0,0,22
108,公立,一般大學,0036,國立臺南大學,學士班(進修),女,54,6,0,0,1,1,1,0,0,0,0,0,0,0,0,0,3
108,公立,一般大學,0036,國立臺南大學,碩士班(日間),女,510,141,8,5,4,1,46,1,5,0,1,34,0,7,1,0,28
108,公立,一般大學,0036,國立臺南大學,碩士在職專班,女,442,92,4,1,0,0,40,3,12,0,0,26,0,6,0,0,0
108,公立,一般大學,0036,國立臺南大學,博士班,女,99,18,3,0,0,0,8,1,3,0,0,2,0,0,0,0,1
108,公立,一般大學,0037,國立臺北教育大學,學士班(日間),男,1118,52,1,2,2,29,2,0,0,0,7,0,4,0,0,3,2
108,公立,一般大學,0037,國立臺北教育大學,碩士班(日間),男,417,107,2,3,0,3,36,0,6,12,3,25,2,1,4,10,0
108,公立,一般大學,0037,國立臺北教育大學,碩士在職專班,男,230,39,4,1,0,0,17,0,3,0,1,4,0,9,0,0,0
108,公立,一般大學,0037,國立臺北教育大學,博士班,男,71,13,0,0,0,0,7,0,2,0,0,2,0,2,0,0,0
108,公立,一般大學,0037,國立臺北教育大學,學士班(日間),女,2269,76,2,1,3,37,2,0,0,0,18,0,3,0,1,4,5
108,公立,一般大學,0037,國立臺北教育大學,碩士班(日間),女,869,235,1,5,0,4,84,2,31,0,12,72,4,6,4,3,7
108,公立,一般大學,0037,國立臺北教育大學,碩士在職專班,女,740,138,13,0,0,2,58,7,23,0,3,13,0,18,0,0,1
108,公立,一般大學,0037,國立臺北教育大學,博士班,女,76,18,1,0,0,0,4,1,5,0,1,4,0,2,0,0,0
108,公立,一般大學,0039,國立臺中教育大學,學士班(日間),男,1169,72,8,0,2,21,6,0,0,0,3,0,20,6,1,1,4
108,公立,一般大學,0039,國立臺中教育大學,碩士班(日間),男,273,64,1,3,0,0,23,0,4,2,0,5,16,4,0,0,6
108,公立,一般大學,0039,國立臺中教育大學,碩士在職專班,男,180,31,0,0,0,0,18,0,1,0,0,3,5,4,0,0,0
108,公立,一般大學,0039,國立臺中教育大學,博士班,男,45,11,1,0,0,0,5,0,0,0,0,0,2,2,0,0,1
108,公立,一般大學,0039,國立臺中教育大學,學士班(日間),女,2060,73,1,2,2,22,2,1,0,0,9,0,22,4,2,1,5
108,公立,一般大學,0039,國立臺中教育大學,碩士班(日間),女,548,127,5,1,0,2,41,5,13,0,2,6,26,12,4,0,10
108,公立,一般大學,0039,國立臺中教育大學,碩士在職專班,女,585,110,4,1,0,0,37,11,13,0,0,11,14,18,0,0,1
108,公立,一般大學,0039,國立臺中教育大學,博士班,女,69,12,1,0,0,0,5,0,0,0,0,2,1,3,0,0,0
108,公立,技專校院,0042,國立澎湖科技大學,五專,男,21,0,0,0,0,0,0,0,0,0,0,0,0,0,0,0,0
108,公立,技專校院,0042,國立澎湖科技大學,學士班(日間),男,1559,62,3,1,3,9,7,0,0,7,0,0,2,0,1,0,29
108,公立,技專校院,0042,國立澎湖科技大學,學士班(進修),男,143,14,0,0,0,0,6,0,0,0,0,0,0,0,0,0,8
108,公立,技專校院,0042,國立澎湖科技大學,碩士班(日間),男,37,6,0,0,0,0,3,0,0,0,0,0,0,0,0,0,3
108,公立,技專校院,0042,國立澎湖科技大學,碩士在職專班,男,22,5,0,0,0,0,3,0,0,0,0,0,0,0,0,0,2
108,公立,技專校院,0042,國立澎湖科技大學,五專,女,4,0,0,0,0,0,0,0,0,0,0,0,0,0,0,0,0
108,公立,技專校院,0042,國立澎湖科技大學,學士班(日間),女,1080,37,3,1,0,3,0,0,0,0,0,0,0,0,2,0,28
108,公立,技專校院,0042,國立澎湖科技大學,學士班(進修),女,140,12,1,0,0,2,4,0,0,0,0,0,0,0,0,0,5
108,公立,技專校院,0042,國立澎湖科技大學,碩士班(日間),女,29,9,1,0,0,0,1,1,1,0,0,0,0,0,0,0,5
108,公立,技專校院,0042,國立澎湖科技大學,碩士在職專班,女,16,3,2,0,0,0,1,0,0,0,0,0,0,0,0,0,0
108,公立,技專校院,0043,國立勤益科技大學,學士班(日間),男,4612,296,13,13,40,126,28,0,1,23,4,0,0,1,6,41,0
108,公立,技專校院,0043,國立勤益科技大學,學士班(進修),男,2926,115,2,7,4,27,35,0,0,11,2,0,1,2,1,23,0
108,公立,技專校院,0043,國立勤益科技大學,碩士班(日間),男,460,52,3,4,1,9,26,0,0,3,0,0,0,1,0,5,0
108,公立,技專校院,0043,國立勤益科技大學,碩士在職專班,男,240,40,2,2,0,0,20,0,1,1,0,6,1,0,1,5,1
108,公立,技專校院,0043,國立勤益科技大學,博士班,男,22,3,0,0,0,0,3,0,0,0,0,0,0,0,0,0,0
108,公立,技專校院,0043,國立勤益科技大學,學士班(日間),女,2094,89,5,7,8,39,12,1,1,0,4,0,3,1,0,7,1
108,公立,技專校院,0043,國立勤益科技大學,學士班(進修),女,591,32,0,1,2,14,5,1,1,0,0,0,0,0,1,7,0
108,公立,技專校院,0043,國立勤益科技大學,碩士班(日間),女,123,13,1,1,0,1,7,0,0,0,0,0,0,2,0,1,0
108,公立,技專校院,0043,國立勤益科技大學,碩士在職專班,女,57,5,0,0,0,0,4,0,0,0,0,1,0,0,0,0,0
108,公立,技專校院,0043,國立勤益科技大學,博士班,女,5,1,0,0,0,0,0,0,0,0,0,0,0,0,0,1,0
108,公立,一般大學,0044,國立體育大學,學士班(日間),男,1075,66,1,5,0,0,58,0,1,1,0,0,0,0,0,0,0
108,公立,一般大學,0044,國立體育大學,學士班(進修),男,57,10,0,0,0,0,9,0,1,0,0,0,0,0,0,0,0
108,公立,一般大學,0044,國立體育大學,碩士班(日間),男,187,54,1,0,0,0,44,0,2,2,0,0,0,0,0,0,5
108,公立,一般大學,0044,國立體育大學,碩士在職專班,男,131,32,1,0,0,0,28,0,3,0,0,0,0,0,0,0,0
108,公立,一般大學,0044,國立體育大學,博士班,男,109,20,0,0,0,0,13,0,6,1,0,0,0,0,0,0,0
108,公立,一般大學,0044,國立體育大學,學士班(日間),女,661,26,0,0,0,1,24,0,0,0,0,0,0,0,0,0,1
108,公立,一般大學,0044,國立體育大學,學士班(進修),女,30,6,0,0,0,0,6,0,0,0,0,0,0,0,0,0,0
108,公立,一般大學,0044,國立體育大學,碩士班(日間),女,162,52,0,0,0,0,46,1,4,0,0,0,0,0,0,0,1
108,公立,一般大學,0044,國立體育大學,碩士在職專班,女,73,18,1,0,0,0,17,0,0,0,0,0,0,0,0,0,0
108,公立,一般大學,0044,國立體育大學,博士班,女,40,16,0,0,0,0,14,0,2,0,0,0,0,0,0,0,0
108,公立,技專校院,0046,國立臺北護理健康大學,學士班(日間),男,804,39,1,4,1,11,8,0,0,1,3,0,1,2,3,0,4
108,公立,技專校院,0046,國立臺北護理健康大學,學士班(進修),男,32,3,0,0,0,1,0,0,0,0,0,0,1,0,0,0,1
108,公立,技專校院,0046,國立臺北護理健康大學,碩士班(日間),男,91,23,1,2,0,1,6,0,2,1,0,4,1,1,0,0,4
108,公立,技專校院,0046,國立臺北護理健康大學,碩士在職專班,男,29,8,0,0,0,1,4,0,1,0,0,1,1,0,0,0,0
108,公立,技專校院,0046,國立臺北護理健康大學,博士班,男,7,0,0,0,0,0,0,0,0,0,0,0,0,0,0,0,0
108,公立,技專校院,0046,國立臺北護理健康大學,學士班(日間),女,2903,115,5,10,3,25,16,2,5,0,14,0,7,3,7,1,17
108,公立,技專校院,0046,國立臺北護理健康大學,學士班(進修),女,689,69,4,2,1,0,16,9,15,0,3,0,3,3,2,2,9
108,公立,技專校院,0046,國立臺北護理健康大學,碩士班(日間),女,446,167,6,2,0,1,57,8,25,0,2,43,1,9,0,0,13
108,公立,技專校院,0046,國立臺北護理健康大學,碩士在職專班,女,166,74,4,0,0,0,23,2,10,0,1,26,0,2,0,1,5
108,公立,技專校院,0046,國立臺北護理健康大學,博士班,女,60,15,0,0,0,0,5,0,3,0,0,5,0,0,0,0,2
108,公立,技專校院,0047,國立高雄餐旅大學,二專(進修),男,1,1,0,0,0,0,0,0,0,0,0,0,0,0,0,1,0
108,公立,技專校院,0047,國立高雄餐旅大學,五專,男,103,7,0,0,4,1,0,0,0,0,1,0,0,0,0,1,0
108,公立,技專校院,0047,國立高雄餐旅大學,學士班(日間),男,949,46,5,3,4,8,2,0,0,4,2,0,1,0,0,16,1
108,公立,技專校院,0047,國立高雄餐旅大學,學士班(進修),男,404,11,0,2,1,4,0,0,0,1,0,0,0,0,0,2,1
108,公立,技專校院,0047,國立高雄餐旅大學,碩士班(日間),男,56,11,0,3,0,1,6,0,0,0,0,0,0,0,0,0,1
108,公立,技專校院,0047,國立高雄餐旅大學,碩士在職專班,男,20,6,0,0,0,0,6,0,0,0,0,0,0,0,0,0,0
108,公立,技專校院,0047,國立高雄餐旅大學,博士班,男,18,9,0,0,1,0,3,0,0,0,0,1,0,0,0,0,4
108,公立,技專校院,0047,國立高雄餐旅大學,二專(進修),女,0,2,0,0,0,0,0,0,0,0,0,0,0,0,0,2,0
108,公立,技專校院,0047,國立高雄餐旅大學,五專,女,147,5,2,0,1,1,0,0,0,0,0,0,0,0,0,1,0
108,公立,技專校院,0047,國立高雄餐旅大學,學士班(日間),女,2242,68,5,6,12,13,6,0,2,0,2,0,0,2,0,16,4
108,公立,技專校院,0047,國立高雄餐旅大學,學士班(進修),女,942,22,0,0,5,5,7,1,0,0,1,0,0,1,0,2,0
108,公立,技專校院,0047,國立高雄餐旅大學,碩士班(日間),女,111,22,2,3,2,1,11,1,2,0,0,0,0,0,0,0,0
108,公立,技專校院,0047,國立高雄餐旅大學,碩士在職專班,女,23,4,0,0,0,0,1,1,0,0,1,1,0,0,0,0,0
108,公立,技專校院,0047,國立高雄餐旅大學,博士班,女,20,8,2,0,0,0,1,0,0,0,0,0,0,2,0,0,3
108,公立,一般大學,0048,國立金門大學,學士班(日間),男,1640,48,3,0,0,29,9,0,1,0,2,0,0,1,0,2,1
108,公立,一般大學,0048,國立金門大學,學士班(進修),男,521,39,6,2,0,4,23,0,0,3,0,0,0,1,0,0,0
108,公立,一般大學,0048,國立金門大學,碩士班(日間),男,136,22,1,2,0,2,12,0,1,1,0,1,0,0,0,0,2
108,公立,一般大學,0048,國立金門大學,碩士在職專班,男,77,11,0,0,0,0,10,0,1,0,0,0,0,0,0,0,0
108,公立,一般大學,0048,國立金門大學,學士班(日間),女,1554,51,6,2,0,27,5,2,0,0,4,0,1,1,0,1,2
108,公立,一般大學,0048,國立金門大學,學士班(進修),女,363,31,3,0,0,3,15,3,3,0,0,0,0,4,0,0,0
108,公立,一般大學,0048,國立金門大學,碩士班(日間),女,74,16,0,0,0,1,9,0,3,0,0,2,0,0,0,0,1
108,公立,一般大學,0048,國立金門大學,碩士在職專班,女,22,2,0,0,0,0,1,0,0,0,0,0,0,1,0,0,0
108,公立,一般大學,0049,國立臺灣體育運動大學,學士班(日間),男,1363,90,5,22,17,16,21,0,2,0,1,0,0,0,1,4,1
108,公立,一般大學,0049,國立臺灣體育運動大學,學士班(進修),男,269,22,0,5,1,2,14,0,0,0,0,0,0,0,0,0,0
108,公立,一般大學,0049,國立臺灣體育運動大學,碩士班(日間),男,128,59,1,12,5,1,34,0,4,1,1,0,0,0,0,0,0
108,公立,一般大學,0049,國立臺灣體育運動大學,碩士在職專班,男,67,10,1,5,0,0,3,0,0,0,0,1,0,0,0,0,0
108,公立,一般大學,0049,國立臺灣體育運動大學,學士班(日間),女,1008,34,2,14,6,4,5,0,2,0,0,0,0,0,0,1,0
108,公立,一般大學,0049,國立臺灣體育運動大學,學士班(進修),女,105,5,0,1,2,1,1,0,0,0,0,0,0,0,0,0,0
108,公立,一般大學,0049,國立臺灣體育運動大學,碩士班(日間),女,117,33,0,7,3,1,18,3,0,0,0,1,0,0,0,0,0
108,公立,一般大學,0049,國立臺灣體育運動大學,碩士在職專班,女,50,7,1,3,0,0,2,1,0,0,0,0,0,0,0,0,0
108,公立,技專校院,0050,國立臺中科技大學,五專,男,839,35,6,1,2,16,2,0,0,0,1,0,0,1,0,2,4
108,公立,技專校院,0050,國立臺中科技大學,學士班(日間),男,1942,62,2,3,6,24,12,0,0,5,4,0,1,0,2,2,1
108,公立,技專校院,0050,國立臺中科技大學,學士班(進修),男,814,60,5,0,0,3,26,0,0,5,1,0,0,0,0,0,20
108,公立,技專校院,0050,國立臺中科技大學,碩士班(日間),男,176,29,1,1,0,3,16,0,0,4,0,4,0,0,0,0,0
108,公立,技專校院,0050,國立臺中科技大學,碩士在職專班,男,91,13,1,0,0,0,12,0,0,0,0,0,0,0,0,0,0
108,公立,技專校院,0050,國立臺中科技大學,二專(進修),女,1,0,0,0,0,0,0,0,0,0,0,0,0,0,0,0,0
108,公立,技專校院,0050,國立臺中科技大學,五專,女,2614,97,12,2,6,43,5,1,0,0,10,0,3,1,0,1,13
108,公立,技專校院,0050,國立臺中科技大學,學士班(日間),女,4847,131,11,11,6,38,33,1,9,0,6,0,4,2,5,0,5
108,公立,技專校院,0050,國立臺中科技大學,學士班(進修),女,1709,128,11,6,1,10,29,7,7,0,4,0,1,0,0,3,49
108,公立,技專校院,0050,國立臺中科技大學,碩士班(日間),女,224,39,0,1,0,2,27,1,1,0,1,3,0,2,1,0,0
108,公立,技專校院,0050,國立臺中科技大學,碩士在職專班,女,110,13,2,0,0,1,9,0,1,0,0,0,0,0,0,0,0
108,公立,技專校院,0051,國立臺北商業大學,五專,男,500,48,1,2,6,18,7,0,0,3,4,0,0,3,3,1,0
108,公立,技專校院,0051,國立臺北商業大學,學士班(日間),男,929,30,4,4,6,5,4,0,0,1,5,0,0,0,1,0,0
108,公立,技專校院,0051,國立臺北商業大學,學士班(進修),男,437,46,0,1,0,8,28,0,1,2,0,0,1,2,0,3,0
108,公立,技專校院,0051,國立臺北商業大學,碩士班(日間),男,98,18,0,0,0,3,12,0,0,1,0,0,0,2,0,0,0
108,公立,技專校院,0051,國立臺北商業大學,碩士在職專班,男,21,9,0,0,0,0,9,0,0,0,0,0,0,0,0,0,0
108,公立,技專校院,0051,國立臺北商業大學,博士班,男,3,0,0,0,0,0,0,0,0,0,0,0,0,0,0,0,0
108,公立,技專校院,0051,國立臺北商業大學,五專,女,1328,69,5,1,7,29,6,0,0,0,14,0,1,1,1,4,0
108,公立,技專校院,0051,國立臺北商業大學,學士班(日間),女,2298,62,7,8,3,16,9,1,1,0,6,0,4,6,0,1,0
108,公立,技專校院,0051,國立臺北商業大學,學士班(進修),女,966,80,11,1,0,9,31,3,9,0,4,0,0,7,2,3,0
108,公立,技專校院,0051,國立臺北商業大學,碩士班(日間),女,158,22,2,4,0,3,8,0,0,0,0,2,0,3,0,0,0
108,公立,技專校院,0051,國立臺北商業大學,碩士在職專班,女,23,4,0,0,0,0,4,0,0,0,0,0,0,0,0,0,0
108,公立,一般大學,0052,國立屏東大學,學士班(日間),男,2712,63,6,1,9,14,17,0,0,2,2,0,4,3,5,0,0
108,公立,一般大學,0052,國立屏東大學,學士班(進修),男,339,24,1,0,0,5,11,0,0,1,1,0,5,0,0,0,0
108,公立,一般大學,0052,國立屏東大學,碩士班(日間),男,342,83,0,2,0,1,40,0,0,5,0,24,2,4,4,0,1
108,公立,一般大學,0052,國立屏東大學,碩士在職專班,男,228,38,0,0,0,3,21,0,3,0,0,8,0,0,3,0,0
108,公立,一般大學,0052,國立屏東大學,博士班,男,21,4,1,0,0,0,2,0,0,0,0,1,0,0,0,0,0
108,公立,一般大學,0052,國立屏東大學,學士班(日間),女,3946,74,4,5,5,23,11,1,0,0,6,0,6,4,4,3,2
108,公立,一般大學,0052,國立屏東大學,學士班(進修),女,410,32,2,0,0,5,16,1,2,0,0,0,4,2,0,0,0
108,公立,一般大學,0052,國立屏東大學,碩士班(日間),女,490,145,2,3,2,0,60,4,11,0,2,34,3,1,15,0,8
108,公立,一般大學,0052,國立屏東大學,碩士在職專班,女,449,99,4,1,0,0,52,3,10,0,1,19,2,5,1,0,1
108,公立,一般大學,0052,國立屏東大學,博士班,女,27,5,0,0,0,0,4,0,0,0,0,1,0,0,0,0,0
108,公立,技專校院,0053,國立高雄科技大學,五專,男,583,7,2,0,0,2,2,0,0,0,0,0,0,0,0,0,1
108,公立,技專校院,0053,國立高雄科技大學,學士班(日間),男,10887,365,22,16,44,105,72,0,0,24,6,0,0,56,0,7,13
108,公立,技專校院,0053,國立高雄科技大學,學士班(進修),男,2576,235,4,15,8,42,108,0,3,26,2,0,0,21,0,6,0
108,公立,技專校院,0053,國立高雄科技大學,碩士班(日間),男,1613,174,4,11,11,24,54,0,2,19,1,0,0,34,0,0,14
108,公立,技專校院,0053,國立高雄科技大學,碩士在職專班,男,1422,265,7,10,3,3,193,0,11,2,0,0,0,34,0,2,0
108,公立,技專校院,0053,國立高雄科技大學,博士班,男,447,67,1,1,3,0,42,0,3,0,0,0,0,14,0,1,2
108,公立,技專校院,0053,國立高雄科技大學,五專,女,118,2,0,0,1,0,0,0,1,0,0,0,0,0,0,0,0
108,公立,技專校院,0053,國立高雄科技大學,學士班(日間),女,6803,143,7,4,9,59,23,0,1,0,7,0,0,23,0,0,10
108,公立,技專校院,0053,國立高雄科技大學,學士班(進修),女,1246,98,3,6,4,17,43,1,4,2,2,0,0,13,0,3,0
108,公立,技專校院,0053,國立高雄科技大學,碩士班(日間),女,796,107,7,12,7,5,34,0,1,0,3,0,0,34,0,0,4
108,公立,技專校院,0053,國立高雄科技大學,碩士在職專班,女,710,122,3,3,2,1,76,6,23,0,0,0,0,8,0,0,0
108,公立,技專校院,0053,國立高雄科技大學,博士班,女,101,22,1,0,0,0,10,2,1,0,0,0,0,7,0,0,1
108,公立,技專校院,0144,國立臺灣戲曲學院,學士班(日間),男,191,16,1,1,0,0,2,0,0,3,2,0,0,0,0,0,7
108,公立,技專校院,0144,國立臺灣戲曲學院,學士班(進修),男,9,0,0,0,0,0,0,0,0,0,0,0,0,0,0,0,0
108,公立,技專校院,0144,國立臺灣戲曲學院,學士班(日間),女,385,29,2,0,0,3,0,1,1,0,2,0,0,0,0,0,20
108,公立,技專校院,0144,國立臺灣戲曲學院,學士班(進修),女,10,0,0,0,0,0,0,0,0,0,0,0,0,0,0,0,0
108,公立,技專校院,0221,國立臺南護理專科學校,二專(日間),男,6,0,0,0,0,0,0,0,0,0,0,0,0,0,0,0,0
108,公立,技專校院,0221,國立臺南護理專科學校,二專(進修),男,2,0,0,0,0,0,0,0,0,0,0,0,0,0,0,0,0
108,公立,技專校院,0221,國立臺南護理專科學校,五專,男,135,3,0,0,1,2,0,0,0,0,0,0,0,0,0,0,0
108,公立,技專校院,0221,國立臺南護理專科學校,二專(日間),女,111,5,0,1,0,3,1,0,0,0,0,0,0,0,0,0,0
108,公立,技專校院,0221,國立臺南護理專科學校,二專(進修),女,23,0,0,0,0,0,0,0,0,0,0,0,0,0,0,0,0
108,公立,技專校院,0221,國立臺南護理專科學校,五專,女,1662,24,6,1,0,12,3,2,0,0,0,0,0,0,0,0,0
108,公立,技專校院,0222,國立臺東專科學校,二專(日間),男,434,38,1,5,2,13,6,0,0,4,0,0,4,3,0,0,0
108,公立,技專校院,0222,國立臺東專科學校,二專(進修),男,68,9,1,0,0,0,8,0,0,0,0,0,0,0,0,0,0
108,公立,技專校院,0222,國立臺東專科學校,五專,男,187,28,1,1,4,15,1,0,0,4,0,0,0,2,0,0,0
108,公立,技專校院,0222,國立臺東專科學校,二專(日間),女,155,15,1,2,1,9,0,0,0,0,0,0,2,0,0,0,0
108,公立,技專校院,0222,國立臺東專科學校,二專(進修),女,49,9,0,0,0,0,9,0,0,0,0,0,0,0,0,0,0
108,公立,技專校院,0222,國立臺東專科學校,五專,女,227,28,0,6,0,10,0,1,1,2,0,0,8,0,0,0,0
108,私立,一般大學,1001,東海大學,學士班(日間),男,5742,292,20,7,31,75,24,0,0,4,27,0,2,9,4,13,76
108,私立,一般大學,1001,東海大學,學士班(進修),男,266,38,2,1,0,1,6,0,1,1,1,0,0,5,1,9,10
108,私立,一般大學,1001,東海大學,碩士班(日間),男,614,196,2,6,1,4,66,0,3,3,1,60,0,8,0,3,39
108,私立,一般大學,1001,東海大學,碩士在職專班,男,359,151,2,0,0,0,92,0,5,0,2,32,0,6,0,5,7
108,私立,一般大學,1001,東海大學,博士班,男,153,53,3,0,0,0,24,0,1,1,0,21,0,3,0,0,0
108,私立,一般大學,1001,東海大學,學士班(日間),女,7251,275,34,7,16,71,8,1,3,0,50,0,1,8,0,7,69
108,私立,一般大學,1001,東海大學,學士班(進修),女,253,35,5,4,1,2,4,2,2,0,2,0,0,4,0,1,8
108,私立,一般大學,1001,東海大學,碩士班(日間),女,620,184,10,5,1,0,51,1,6,0,9,50,1,16,0,3,31
108,私立,一般大學,1001,東海大學,碩士在職專班,女,382,128,15,1,0,1,58,3,6,0,1,23,0,9,0,1,10
108,私立,一般大學,1001,東海大學,博士班,女,111,36,0,1,0,0,13,0,2,0,1,14,0,2,0,0,3
108,私立,一般大學,1002,輔仁大學,學士班(日間),男,7402,345,27,7,29,138,66,0,1,6,39,0,4,1,0,8,19
108,私立,一般大學,1002,輔仁大學,學士班(進修),男,1644,112,3,2,4,27,52,0,2,6,8,0,2,1,0,5,0
108,私立,一般大學,1002,輔仁大學,碩士班(日間),男,842,162,9,4,0,17,48,0,3,12,8,55,0,0,3,0,3
108,私立,一般大學,1002,輔仁大學,碩士在職專班,男,583,129,2,2,0,5,74,0,13,0,5,26,0,1,1,0,0
108,私立,一般大學,1002,輔仁大學,博士班,男,236,66,3,1,0,1,26,0,3,1,1,30,0,0,0,0,0
108,私立,一般大學,1002,輔仁大學,學士班(日間),女,10126,412,41,5,12,183,46,1,6,0,93,0,7,1,0,7,10
108,私立,一般大學,1002,輔仁大學,學士班(進修),女,2688,172,34,1,2,27,71,2,9,0,14,0,3,3,0,6,0
108,私立,一般大學,1002,輔仁大學,碩士班(日間),女,1166,263,25,2,0,23,76,3,13,0,18,87,0,1,3,0,12
108,私立,一般大學,1002,輔仁大學,碩士在職專班,女,829,236,11,4,0,11,114,9,34,0,6,41,0,3,2,0,1
108,私立,一般大學,1002,輔仁大學,博士班,女,193,95,4,1,0,2,31,0,13,0,0,44,0,0,0,0,0
108,私立,一般大學,1003,東吳大學,學士班(日間),男,4648,308,13,2,61,79,25,0,1,9,36,0,17,2,5,2,56
108,私立,一般大學,1003,東吳大學,學士班(進修),男,365,52,1,0,3,7,18,0,0,5,3,0,1,0,3,1,10
108,私立,一般大學,1003,東吳大學,碩士班(日間),男,541,122,5,5,0,1,26,0,4,10,6,31,2,2,1,0,29
108,私立,一般大學,1003,東吳大學,碩士在職專班,男,553,97,2,0,0,0,48,0,8,0,2,18,0,3,2,0,14
108,私立,一般大學,1003,東吳大學,博士班,男,64,24,0,1,0,0,2,0,1,0,1,14,1,0,0,0,4
108,私立,一般大學,1003,東吳大學,學士班(日間),女,7163,315,43,2,17,89,15,1,1,0,65,0,21,3,3,0,55
108,私立,一般大學,1003,東吳大學,學士班(進修),女,701,75,6,1,8,8,16,3,7,0,2,0,1,1,0,2,20
108,私立,一般大學,1003,東吳大學,碩士班(日間),女,711,145,6,3,1,1,39,2,8,0,6,45,1,2,2,0,29
108,私立,一般大學,1003,東吳大學,碩士在職專班,女,641,135,3,0,0,0,42,12,27,0,1,20,1,4,1,0,24
108,私立,一般大學,1003,東吳大學,博士班,女,57,9,0,0,0,0,1,0,1,0,0,3,0,0,0,0,4
108,私立,一般大學,1004,中原大學,學士班(日間),男,7183,216,9,8,32,54,38,0,1,14,29,1,8,4,11,1,6
108,私立,一般大學,1004,中原大學,碩士班(日間),男,912,92,2,3,1,4,30,0,6,9,5,18,2,6,2,0,4
108,私立,一般大學,1004,中原大學,碩士在職專班,男,501,93,3,1,0,0,45,0,24,3,1,12,0,3,1,0,0
108,私立,一般大學,1004,中原大學,博士班,男,248,47,3,2,0,0,16,0,5,2,3,14,0,2,0,0,0
108,私立,一般大學,1004,中原大學,學士班(日間),女,6238,145,21,5,7,49,13,1,3,0,24,0,9,2,6,0,5
108,私立,一般大學,1004,中原大學,碩士班(日間),女,679,96,6,8,3,3,21,1,12,0,3,29,1,4,4,0,1
108,私立,一般大學,1004,中原大學,碩士在職專班,女,342,59,8,2,0,0,19,2,14,0,2,7,0,5,0,0,0
108,私立,一般大學,1004,中原大學,博士班,女,114,28,2,1,0,0,11,0,6,0,0,6,0,1,0,0,1
108,私立,一般大學,1005,淡江大學學校財團法人淡江大學,學士班(日間),男,10310,684,47,14,28,71,15,0,0,8,39,0,12,1,8,279,162
108,私立,一般大學,1005,淡江大學學校財團法人淡江大學,學士班(進修),男,761,124,2,5,3,5,3,0,0,0,2,0,0,1,1,81,21
108,私立,一般大學,1005,淡江大學學校財團法人淡江大學,碩士班(日間),男,976,203,5,6,0,1,20,0,0,5,2,17,0,1,0,98,48
108,私立,一般大學,1005,淡江大學學校財團法人淡江大學,碩士在職專班,男,443,116,0,1,0,1,23,0,9,0,2,1,0,0,1,63,15
108,私立,一般大學,1005,淡江大學學校財團法人淡江大學,博士班,男,275,96,4,1,0,0,21,0,8,0,3,14,0,0,0,28,17
108,私立,一般大學,1005,淡江大學學校財團法人淡江大學,學士班(日間),女,9963,426,54,8,9,38,5,1,1,0,45,0,6,2,9,158,90
108,私立,一般大學,1005,淡江大學學校財團法人淡江大學,學士班(進修),女,668,101,4,4,2,5,5,0,2,0,3,0,1,1,0,57,17
108,私立,一般大學,1005,淡江大學學校財團法人淡江大學,碩士班(日間),女,695,151,10,1,0,0,15,0,8,0,2,26,0,0,5,50,34
108,私立,一般大學,1005,淡江大學學校財團法人淡江大學,碩士在職專班,女,406,101,4,3,0,0,13,2,10,0,2,9,0,0,1,45,12
108,私立,一般大學,1005,淡江大學學校財團法人淡江大學,博士班,女,138,42,2,0,0,0,11,0,4,0,0,7,0,1,1,11,5
108,私立,一般大學,1006,中國文化大學,學士班(日間),男,9930,568,30,35,38,96,75,0,0,8,38,0,14,4,17,108,105
108,私立,一般大學,1006,中國文化大學,學士班(進修),男,814,245,5,4,2,10,104,0,0,24,11,0,2,8,5,70,0
108,私立,一般大學,1006,中國文化大學,碩士班(日間),男,874,210,4,8,2,6,82,0,1,10,3,44,2,1,10,1,36
108,私立,一般大學,1006,中國文化大學,碩士在職專班,男,281,95,5,1,1,1,47,0,0,1,3,7,0,4,1,21,3
108,私立,一般大學,1006,中國文化大學,博士班,男,336,69,1,1,0,0,29,0,3,1,0,24,0,2,0,1,7
108,私立,一般大學,1006,中國文化大學,學士班(日間),女,10481,448,23,25,29,119,35,4,3,0,48,0,9,4,11,70,68
108,私立,一般大學,1006,中國文化大學,學士班(進修),女,1087,284,17,4,10,19,111,3,2,0,16,0,4,18,3,71,6
108,私立,一般大學,1006,中國文化大學,碩士班(日間),女,751,148,5,6,0,2,61,1,1,0,2,29,2,3,6,6,24
108,私立,一般大學,1006,中國文化大學,碩士在職專班,女,439,110,6,2,0,0,48,0,5,0,5,10,0,7,1,22,4
108,私立,一般大學,1006,中國文化大學,博士班,女,193,41,1,0,0,0,10,1,4,0,2,17,0,4,0,0,2
108,私立,一般大學,1007,逢甲大學,學士班(日間),男,10042,311,21,7,23,119,25,0,0,14,32,0,0,27,2,10,31
108,私立,一般大學,1007,逢甲大學,學士班(進修),男,505,41,2,0,3,2,20,0,1,2,2,0,0,3,1,2,3
108,私立,一般大學,1007,逢甲大學,碩士班(日間),男,1021,121,3,4,6,7,45,0,1,9,0,16,0,12,4,0,14
108,私立,一般大學,1007,逢甲大學,碩士在職專班,男,665,120,1,1,2,0,81,0,10,0,2,13,0,9,1,0,0
108,私立,一般大學,1007,逢甲大學,博士班,男,309,50,3,0,0,0,24,0,6,0,1,10,0,3,0,0,3
108,私立,一般大學,1007,逢甲大學,學士班(日間),女,6714,176,33,3,9,72,10,1,0,0,25,0,0,15,1,3,4
108,私立,一般大學,1007,逢甲大學,學士班(進修),女,332,38,4,2,1,4,14,0,4,0,2,0,0,7,0,0,0
108,私立,一般大學,1007,逢甲大學,碩士班(日間),女,484,54,8,2,0,3,16,1,2,0,4,6,0,7,3,0,2
108,私立,一般大學,1007,逢甲大學,碩士在職專班,女,368,62,6,0,1,0,34,1,9,0,2,3,0,4,0,0,2
108,私立,一般大學,1007,逢甲大學,博士班,女,104,16,2,0,0,0,4,0,6,0,0,2,0,2,0,0,0
108,私立,一般大學,1008,靜宜大學,學士班(日間),男,4197,247,13,10,39,73,38,0,1,8,15,0,13,5,7,7,18
108,私立,一般大學,1008,靜宜大學,學士班(進修),男,1,0,0,0,0,0,0,0,0,0,0,0,0,0,0,0,0
108,私立,一般大學,1008,靜宜大學,碩士班(日間),男,216,31,1,0,1,4,14,0,1,2,1,3,2,0,1,0,1
108,私立,一般大學,1008,靜宜大學,碩士在職專班,男,122,24,0,0,0,0,15,0,1,0,1,3,0,0,1,0,3
108,私立,一般大學,1008,靜宜大學,博士班,男,22,4,0,0,0,0,2,0,0,0,0,2,0,0,0,0,0
108,私立,一般大學,1008,靜宜大學,學士班(日間),女,6870,224,22,8,20,72,30,1,3,0,24,0,7,5,4,4,24
108,私立,一般大學,1008,靜宜大學,碩士班(日間),女,360,65,1,3,6,2,24,1,3,0,2,12,2,1,2,0,6
108,私立,一般大學,1008,靜宜大學,碩士在職專班,女,193,39,1,1,4,0,19,1,4,0,0,2,0,2,1,0,4
108,私立,一般大學,1008,靜宜大學,博士班,女,26,4,0,0,1,0,0,0,1,0,1,1,0,0,0,0,0
108,私立,一般大學,1009,長庚大學,學士班(日間),男,2510,119,8,2,1,56,5,0,0,3,12,0,0,2,0,2,28
108,私立,一般大學,1009,長庚大學,碩士班(日間),男,551,74,1,2,0,6,20,0,0,1,0,3,0,12,0,0,29
108,私立,一般大學,1009,長庚大學,碩士在職專班,男,95,29,0,1,0,0,15,0,3,0,0,0,0,9,0,0,1
108,私立,一般大學,1009,長庚大學,博士班,男,325,51,0,3,0,0,22,0,3,0,5,7,0,5,0,0,6
108,私立,一般大學,1009,長庚大學,學士班(日間),女,2585,121,10,2,0,46,5,0,0,0,16,0,0,5,0,1,36
108,私立,一般大學,1009,長庚大學,碩士班(日間),女,523,86,1,2,0,3,20,1,9,0,2,8,0,18,0,0,22
108,私立,一般大學,1009,長庚大學,碩士在職專班,女,98,15,1,0,0,0,7,0,1,0,0,2,0,3,0,0,1
108,私立,一般大學,1009,長庚大學,博士班,女,147,35,4,0,0,1,15,1,0,0,1,6,0,5,0,0,2
108,私立,一般大學,1010,元智大學,學士班(日間),男,3956,113,3,1,51,8,19,0,0,4,6,0,0,0,0,0,21
108,私立,一般大學,1010,元智大學,碩士班(日間),男,533,37,0,0,8,2,10,0,0,4,0,4,0,0,0,0,9
108,私立,一般大學,1010,元智大學,碩士在職專班,男,410,75,2,0,0,1,64,0,2,0,0,1,0,1,0,0,4
108,私立,一般大學,1010,元智大學,博士班,男,194,41,0,0,0,0,31,0,0,1,0,6,0,2,0,0,1
108,私立,一般大學,1010,元智大學,學士班(日間),女,3044,73,3,1,27,8,9,0,0,0,10,0,2,0,0,0,13
108,私立,一般大學,1010,元智大學,碩士班(日間),女,274,23,0,0,2,1,8,0,0,0,0,2,1,0,0,0,9
108,私立,一般大學,1010,元智大學,碩士在職專班,女,215,31,0,0,0,0,21,6,1,0,0,0,0,0,0,0,3
108,私立,一般大學,1010,元智大學,博士班,女,77,9,0,0,0,0,7,0,0,0,0,0,0,0,0,0,2
108,私立,一般大學,1011,中華大學學校財團法人中華大學,學士班(日間),男,2818,215,10,13,30,58,41,0,0,36,6,0,3,7,3,3,5
108,私立,一般大學,1011,中華大學學校財團法人中華大學,學士班(進修),男,272,28,0,0,1,2,20,0,0,2,1,0,1,1,0,0,0
108,私立,一般大學,1011,中華大學學校財團法人中華大學,碩士班(日間),男,263,63,4,4,1,1,25,0,0,2,0,19,3,1,2,0,1
108,私立,一般大學,1011,中華大學學校財團法人中華大學,碩士在職專班,男,106,28,0,1,0,1,15,0,2,0,1,7,0,0,0,0,1
108,私立,一般大學,1011,中華大學學校財團法人中華大學,博士班,男,61,17,2,0,0,0,8,0,0,0,0,6,0,0,1,0,0
108,私立,一般大學,1011,中華大學學校財團法人中華大學,學士班(日間),女,1579,85,5,7,1,31,19,2,0,0,8,0,5,3,0,2,2
108,私立,一般大學,1011,中華大學學校財團法人中華大學,學士班(進修),女,115,14,1,3,0,2,7,0,0,0,0,0,0,1,0,0,0
108,私立,一般大學,1011,中華大學學校財團法人中華大學,碩士班(日間),女,175,32,2,3,0,1,16,1,2,0,1,2,0,3,0,0,1
108,私立,一般大學,1011,中華大學學校財團法人中華大學,碩士在職專班,女,56,25,0,0,0,0,15,2,4,0,0,1,0,1,1,0,1
108,私立,一般大學,1011,中華大學學校財團法人中華大學,博士班,女,26,9,0,0,0,0,5,0,0,0,1,3,0,0,0,0,0
108,私立,一般大學,1012,大葉大學,學士班(日間),男,3755,265,16,33,12,49,75,0,0,30,19,0,5,2,9,2,13
108,私立,一般大學,1012,大葉大學,學士班(進修),男,460,55,3,3,1,6,27,0,1,11,1,0,0,0,0,0,2
108,私立,一般大學,1012,大葉大學,碩士班(日間),男,336,87,2,2,3,2,47,0,0,9,3,11,0,1,4,0,3
108,私立,一般大學,1012,大葉大學,碩士在職專班,男,140,31,1,0,0,0,26,0,1,1,0,1,0,1,0,0,0
108,私立,一般大學,1012,大葉大學,博士班,男,92,59,1,2,1,0,35,0,2,2,0,14,0,0,1,0,1
108,私立,一般大學,1012,大葉大學,學士班(日間),女,3367,159,30,21,5,30,38,4,0,0,12,0,5,1,5,1,7
108,私立,一般大學,1012,大葉大學,學士班(進修),女,472,28,4,4,1,1,13,1,1,0,0,0,1,0,1,0,1
108,私立,一般大學,1012,大葉大學,碩士班(日間),女,274,50,4,7,2,0,25,0,1,0,1,6,0,0,1,0,3
108,私立,一般大學,1012,大葉大學,碩士在職專班,女,236,46,3,0,1,0,31,0,5,0,0,4,0,2,0,0,0
108,私立,一般大學,1012,大葉大學,博士班,女,34,27,0,0,2,0,18,0,0,0,0,4,0,1,0,0,2
108,私立,一般大學,1013,華梵大學,學士班(日間),男,591,52,5,2,2,13,11,0,0,8,4,0,0,4,0,0,3
108,私立,一般大學,1013,華梵大學,碩士班(日間),男,113,27,1,0,5,1,8,0,0,3,0,7,0,1,0,0,1
108,私立,一般大學,1013,華梵大學,碩士在職專班,男,84,9,0,0,0,0,7,0,0,0,0,1,0,1,0,0,0
108,私立,一般大學,1013,華梵大學,博士班,男,42,8,1,0,1,0,2,0,0,0,0,1,0,1,0,0,2
108,私立,一般大學,1013,華梵大學,學士班(日間),女,465,24,4,0,3,6,1,0,0,0,2,0,0,2,0,0,6
108,私立,一般大學,1013,華梵大學,碩士班(日間),女,113,35,2,0,3,0,6,0,1,0,1,21,0,1,0,0,0
108,私立,一般大學,1013,華梵大學,碩士在職專班,女,83,19,2,0,4,1,10,0,0,0,0,2,0,0,0,0,0
108,私立,一般大學,1013,華梵大學,博士班,女,27,4,2,0,0,0,0,0,0,0,0,1,0,0,0,0,1
108,私立,一般大學,1014,義守大學,學士班(日間),男,6148,164,8,12,7,63,44,0,0,8,4,0,0,3,1,4,10
108,私立,一般大學,1014,義守大學,學士班(進修),男,1150,36,0,6,0,3,19,0,0,4,0,0,1,2,0,0,1
108,私立,一般大學,1014,義守大學,碩士班(日間),男,227,20,0,2,0,3,8,0,1,1,1,2,0,2,0,0,0
108,私立,一般大學,1014,義守大學,碩士在職專班,男,264,33,0,1,0,0,24,0,1,2,0,0,1,1,0,0,3
108,私立,一般大學,1014,義守大學,博士班,男,114,21,0,0,0,0,16,0,0,0,2,2,0,0,0,0,1
108,私立,一般大學,1014,義守大學,學士班(日間),女,6090,147,18,12,6,62,12,3,2,0,8,0,2,5,1,1,15
108,私立,一般大學,1014,義守大學,學士班(進修),女,634,22,1,2,0,4,7,0,1,0,0,0,1,4,0,0,2
108,私立,一般大學,1014,義守大學,碩士班(日間),女,161,14,0,1,0,0,7,2,0,0,0,2,0,1,0,1,0
108,私立,一般大學,1014,義守大學,碩士在職專班,女,105,7,0,0,0,0,3,1,2,0,1,0,0,0,0,0,0
108,私立,一般大學,1014,義守大學,博士班,女,40,5,0,0,0,0,2,1,0,0,1,1,0,0,0,0,0
108,私立,一般大學,1015,世新大學,學士班(日間),男,3406,173,13,7,10,66,34,0,0,6,20,0,5,1,4,1,6
108,私立,一般大學,1015,世新大學,學士班(進修),男,174,14,2,0,1,0,4,0,0,1,0,0,0,0,0,0,6
108,私立,一般大學,1015,世新大學,碩士班(日間),男,257,84,3,4,0,5,32,0,0,7,1,21,0,1,1,0,9
108,私立,一般大學,1015,世新大學,碩士在職專班,男,396,110,5,0,0,0,80,0,4,0,0,11,0,0,0,0,10
108,私立,一般大學,1015,世新大學,博士班,男,49,20,1,0,0,0,15,0,0,0,0,4,0,0,0,0,0
108,私立,一般大學,1015,世新大學,學士班(日間),女,6142,216,24,7,10,89,22,0,3,0,39,0,4,2,6,2,8
108,私立,一般大學,1015,世新大學,學士班(進修),女,274,17,1,0,0,0,4,0,0,0,0,0,0,2,0,0,10
108,私立,一般大學,1015,世新大學,碩士班(日間),女,288,99,3,3,0,4,42,0,5,0,2,28,0,0,4,0,8
108,私立,一般大學,1015,世新大學,碩士在職專班,女,348,109,4,0,0,0,79,2,3,0,0,8,0,0,0,0,13
108,私立,一般大學,1015,世新大學,博士班,女,53,15,0,0,0,0,6,0,2,0,1,3,0,1,1,0,1
108,私立,一般大學,1016,銘傳大學,學士班(日間),男,6759,410,26,5,90,62,53,0,0,32,27,0,9,0,2,2,102
108,私立,一般大學,1016,銘傳大學,碩士班(日間),男,298,73,2,1,0,1,19,0,0,12,4,23,0,1,0,0,10
108,私立,一般大學,1016,銘傳大學,碩士在職專班,男,371,44,0,0,0,1,26,0,1,0,1,7,0,3,0,0,5
108,私立,一般大學,1016,銘傳大學,博士班,男,31,10,2,0,0,0,2,0,0,1,0,4,0,1,0,0,0
108,私立,一般大學,1016,銘傳大學,學士班(日間),女,10441,344,33,8,33,71,52,2,0,0,45,0,5,4,1,2,88
108,私立,一般大學,1016,銘傳大學,碩士班(日間),女,413,71,2,0,0,1,26,2,5,0,1,19,0,0,4,0,11
108,私立,一般大學,1016,銘傳大學,碩士在職專班,女,435,45,3,0,0,0,16,1,7,0,0,10,0,0,0,0,8
108,私立,一般大學,1016,銘傳大學,博士班,女,43,15,2,0,0,0,4,0,0,0,0,5,0,1,0,0,3
108,私立,一般大學,1017,實踐大學,學士班(日間),男,3498,197,11,14,22,48,37,0,0,14,21,0,10,2,2,2,14
108,私立,一般大學,1017,實踐大學,學士班(進修),男,668,51,1,1,1,7,31,0,2,3,2,0,0,1,0,1,1
108,私立,一般大學,1017,實踐大學,碩士班(日間),男,188,40,0,0,0,0,16,0,2,0,1,18,1,0,0,0,2
108,私立,一般大學,1017,實踐大學,碩士在職專班,男,43,16,1,0,0,0,7,0,4,0,0,4,0,0,0,0,0
108,私立,一般大學,1017,實踐大學,博士班,男,8,7,0,0,0,0,5,0,0,0,0,2,0,0,0,0,0
108,私立,一般大學,1017,實踐大學,學士班(日間),女,7369,302,31,12,17,113,26,1,4,0,43,0,15,8,12,0,20
108,私立,一般大學,1017,實踐大學,學士班(進修),女,1468,117,20,8,4,16,44,4,4,0,9,0,1,5,1,0,1
108,私立,一般大學,1017,實踐大學,碩士班(日間),女,222,43,0,4,1,0,9,0,2,0,3,17,0,1,1,0,5
108,私立,一般大學,1017,實踐大學,碩士在職專班,女,74,27,1,0,1,1,7,1,5,0,1,9,0,1,0,0,0
108,私立,一般大學,1017,實踐大學,博士班,女,17,2,0,0,0,0,2,0,0,0,0,0,0,0,0,0,0
108,私立,技專校院,1018,朝陽科技大學,學士班(日間),男,4783,213,8,15,30,55,40,0,0,19,8,0,1,17,3,0,17
108,私立,技專校院,1018,朝陽科技大學,學士班(進修),男,1536,120,4,10,1,31,39,0,2,20,0,0,0,12,0,0,1
108,私立,技專校院,1018,朝陽科技大學,碩士班(日間),男,363,58,3,1,1,2,27,0,0,5,1,10,0,5,0,0,3
108,私立,技專校院,1018,朝陽科技大學,碩士在職專班,男,193,29,1,0,0,0,21,0,1,0,0,3,0,1,1,0,1
108,私立,技專校院,1018,朝陽科技大學,博士班,男,81,10,1,0,0,1,5,0,0,0,0,0,0,2,0,0,1
108,私立,技專校院,1018,朝陽科技大學,學士班(日間),女,6554,194,23,27,8,61,28,6,11,0,5,0,9,9,0,0,7
108,私立,技專校院,1018,朝陽科技大學,學士班(進修),女,1352,109,10,22,2,21,33,3,5,0,1,0,0,11,0,0,1
108,私立,技專校院,1018,朝陽科技大學,碩士班(日間),女,295,63,2,2,2,1,29,1,6,0,0,8,0,7,0,0,5
108,私立,技專校院,1018,朝陽科技大學,碩士在職專班,女,175,50,5,1,0,0,26,4,5,0,1,0,0,7,0,0,1
108,私立,技專校院,1018,朝陽科技大學,博士班,女,32,2,0,0,0,0,2,0,0,0,0,0,0,0,0,0,0
108,私立,一般大學,1019,高雄醫學大學,學士班(日間),男,2266,113,1,2,1,61,1,0,0,3,15,0,5,1,6,0,17
108,私立,一般大學,1019,高雄醫學大學,碩士班(日間),男,207,47,0,1,0,5,11,0,0,1,1,11,2,0,3,0,12
108,私立,一般大學,1019,高雄醫學大學,碩士在職專班,男,79,20,0,0,0,0,13,0,1,0,0,3,0,0,0,0,3
108,私立,一般大學,1019,高雄醫學大學,博士班,男,171,34,3,0,0,0,5,0,0,0,2,16,0,2,0,0,6
108,私立,一般大學,1019,高雄醫學大學,學士班(日間),女,2993,112,1,1,2,63,6,0,1,0,16,0,3,0,0,0,19
108,私立,一般大學,1019,高雄醫學大學,學士班(進修),女,25,0,0,0,0,0,0,0,0,0,0,0,0,0,0,0,0
108,私立,一般大學,1019,高雄醫學大學,碩士班(日間),女,462,119,3,2,0,4,29,7,10,0,0,44,1,0,3,0,16
108,私立,一般大學,1019,高雄醫學大學,碩士在職專班,女,134,33,0,0,0,0,10,1,5,0,0,12,0,0,1,0,4
108,私立,一般大學,1019,高雄醫學大學,博士班,女,150,43,2,0,0,1,7,0,2,0,2,15,0,2,0,0,12
108,私立,一般大學,1020,南華大學,學士班(日間),男,2050,150,52,0,16,17,27,0,2,9,3,1,4,4,5,1,9
108,私立,一般大學,1020,南華大學,學士班(進修),男,204,15,3,0,1,1,6,0,1,1,0,0,1,0,1,0,0
108,私立,一般大學,1020,南華大學,碩士班(日間),男,255,75,10,0,0,4,26,0,4,4,1,18,1,4,0,0,3
108,私立,一般大學,1020,南華大學,碩士在職專班,男,142,27,3,0,0,0,7,0,1,1,1,12,0,0,2,0,0
108,私立,一般大學,1020,南華大學,博士班,男,28,4,0,0,0,0,3,0,0,0,0,0,0,1,0,0,0
108,私立,一般大學,1020,南華大學,學士班(日間),女,2247,128,58,0,7,7,19,3,2,1,4,0,5,6,2,0,14
108,私立,一般大學,1020,南華大學,學士班(進修),女,126,9,3,0,0,2,3,0,0,1,0,0,0,0,0,0,0
108,私立,一般大學,1020,南華大學,碩士班(日間),女,366,111,15,0,0,3,38,1,8,0,3,32,1,5,2,0,3
108,私立,一般大學,1020,南華大學,碩士在職專班,女,254,39,3,0,0,0,13,1,3,0,1,13,0,4,0,0,1
108,私立,一般大學,1020,南華大學,博士班,女,18,3,0,0,0,0,1,0,1,0,0,0,0,1,0,0,0
108,私立,一般大學,1021,真理大學,學士班(日間),男,2595,123,8,57,3,29,4,0,0,10,9,0,2,0,1,0,0
108,私立,一般大學,1021,真理大學,學士班(進修),男,71,6,2,2,1,0,0,0,0,0,1,0,0,0,0,0,0
108,私立,一般大學,1021,真理大學,碩士班(日間),男,83,8,0,4,0,0,0,0,0,0,0,4,0,0,0,0,0
108,私立,一般大學,1021,真理大學,碩士在職專班,男,12,2,0,0,0,0,0,0,0,0,0,2,0,0,0,0,0
108,私立,一般大學,1021,真理大學,學士班(日間),女,2750,97,7,38,1,26,4,1,0,0,17,0,2,0,1,0,0
108,私立,一般大學,1021,真理大學,學士班(進修),女,31,0,0,0,0,0,0,0,0,0,0,0,0,0,0,0,0
108,私立,一般大學,1021,真理大學,碩士班(日間),女,38,8,1,0,0,1,2,0,0,0,1,2,1,0,0,0,0
108,私立,一般大學,1021,真理大學,碩士在職專班,女,7,3,0,0,0,0,0,0,0,0,0,3,0,0,0,0,0
108,私立,一般大學,1022,大同大學,學士班(日間),男,2128,100,8,2,13,33,14,0,0,6,7,0,2,1,2,0,12
108,私立,一般大學,1022,大同大學,碩士班(日間),男,230,28,0,4,1,1,8,0,0,4,2,4,0,2,0,0,2
108,私立,一般大學,1022,大同大學,碩士在職專班,男,146,47,1,1,0,0,34,0,2,0,0,7,0,2,0,0,0
108,私立,一般大學,1022,大同大學,博士班,男,65,12,1,0,0,0,6,0,1,0,0,3,0,0,0,0,1
108,私立,一般大學,1022,大同大學,學士班(日間),女,1444,56,5,3,3,29,2,1,0,0,6,0,2,0,1,0,4
108,私立,一般大學,1022,大同大學,碩士班(日間),女,59,6,0,0,0,0,2,0,0,0,0,1,2,0,0,0,1
108,私立,一般大學,1022,大同大學,碩士在職專班,女,51,5,0,0,0,0,2,0,3,0,0,0,0,0,0,0,0
108,私立,一般大學,1022,大同大學,博士班,女,44,13,0,0,1,0,5,0,1,0,0,5,0,1,0,0,0
108,私立,技專校院,1023,南臺學校財團法人南臺科技大學,五專,男,160,4,0,0,0,1,3,0,0,0,0,0,0,0,0,0,0
108,私立,技專校院,1023,南臺學校財團法人南臺科技大學,學士班(日間),男,7225,501,26,47,13,82,169,0,1,91,20,0,7,2,20,0,23
108,私立,技專校院,1023,南臺學校財團法人南臺科技大學,學士班(進修),男,2643,454,18,58,4,19,228,0,0,96,4,0,2,1,14,0,10
108,私立,技專校院,1023,南臺學校財團法人南臺科技大學,碩士班(日間),男,487,120,7,16,0,5,50,0,0,14,3,4,2,1,2,0,16
108,私立,技專校院,1023,南臺學校財團法人南臺科技大學,碩士在職專班,男,177,64,1,7,0,0,48,0,1,1,0,2,0,0,1,0,3
108,私立,技專校院,1023,南臺學校財團法人南臺科技大學,博士班,男,77,25,1,4,0,1,9,0,0,5,0,2,0,1,0,0,2
108,私立,技專校院,1023,南臺學校財團法人南臺科技大學,五專,女,17,0,0,0,0,0,0,0,0,0,0,0,0,0,0,0,0
108,私立,技專校院,1023,南臺學校財團法人南臺科技大學,學士班(日間),女,5618,271,18,40,7,55,99,2,2,0,17,0,6,3,4,0,18
108,私立,技專校院,1023,南臺學校財團法人南臺科技大學,學士班(進修),女,1598,284,18,65,1,16,146,8,3,1,6,0,1,1,5,0,13
108,私立,技專校院,1023,南臺學校財團法人南臺科技大學,碩士班(日間),女,360,100,7,20,0,3,34,2,4,0,4,5,2,4,2,0,13
108,私立,技專校院,1023,南臺學校財團法人南臺科技大學,碩士在職專班,女,179,37,4,5,0,0,18,2,0,0,0,8,0,0,0,0,0
108,私立,技專校院,1023,南臺學校財團法人南臺科技大學,博士班,女,22,5,1,2,0,0,1,1,0,0,0,0,0,0,0,0,0
108,私立,技專校院,1024,崑山科技大學,學士班(日間),男,4552,595,11,27,105,96,145,0,0,119,9,0,2,20,0,61,0
108,私立,技專校院,1024,崑山科技大學,學士班(進修),男,2073,457,7,8,4,9,60,0,1,19,3,0,6,1,0,339,0
108,私立,技專校院,1024,崑山科技大學,碩士班(日間),男,200,85,4,2,21,1,38,0,0,8,0,3,0,2,0,6,0
108,私立,技專校院,1024,崑山科技大學,碩士在職專班,男,114,21,0,0,0,0,6,0,0,0,2,1,0,0,0,12,0
108,私立,技專校院,1024,崑山科技大學,博士班,男,29,5,1,0,0,0,2,0,0,0,1,0,0,0,0,1,0
108,私立,技專校院,1024,崑山科技大學,學士班(日間),女,3058,255,13,17,42,52,57,0,1,3,7,0,2,9,0,52,0
108,私立,技專校院,1024,崑山科技大學,學士班(進修),女,1061,192,4,5,2,5,23,4,2,1,1,0,1,3,0,141,0
108,私立,技專校院,1024,崑山科技大學,碩士班(日間),女,127,22,3,2,4,0,5,0,0,0,0,1,0,1,0,6,0
108,私立,技專校院,1024,崑山科技大學,碩士在職專班,女,48,7,0,0,0,0,0,0,0,0,0,2,0,0,0,5,0
108,私立,技專校院,1024,崑山科技大學,博士班,女,8,0,0,0,0,0,0,0,0,0,0,0,0,0,0,0,0
108,私立,技專校院,1025,嘉藥學校財團法人嘉南藥理大學,五專,男,2,0,0,0,0,0,0,0,0,0,0,0,0,0,0,0,0
108,私立,技專校院,1025,嘉藥學校財團法人嘉南藥理大學,學士班(日間),男,4251,342,12,13,0,15,7,0,0,10,3,0,0,0,0,106,176
108,私立,技專校院,1025,嘉藥學校財團法人嘉南藥理大學,學士班(進修),男,1116,348,2,9,0,0,31,0,1,20,1,0,0,0,0,154,130
108,私立,技專校院,1025,嘉藥學校財團法人嘉南藥理大學,碩士班(日間),男,96,26,0,0,0,0,2,0,0,0,0,0,0,0,0,6,18
108,私立,技專校院,1025,嘉藥學校財團法人嘉南藥理大學,碩士在職專班,男,97,37,2,0,0,0,7,0,0,0,0,0,0,0,0,17,11
108,私立,技專校院,1025,嘉藥學校財團法人嘉南藥理大學,五專,女,2,0,0,0,0,0,0,0,0,0,0,0,0,0,0,0,0
108,私立,技專校院,1025,嘉藥學校財團法人嘉南藥理大學,學士班(日間),女,5982,288,19,17,0,24,11,0,0,0,6,0,3,0,0,55,153
108,私立,技專校院,1025,嘉藥學校財團法人嘉南藥理大學,學士班(進修),女,1352,186,5,12,1,2,20,2,0,0,2,0,0,0,0,66,76
108,私立,技專校院,1025,嘉藥學校財團法人嘉南藥理大學,碩士班(日間),女,109,20,2,0,0,0,2,0,0,0,0,0,0,0,0,2,14
108,私立,技專校院,1025,嘉藥學校財團法人嘉南藥理大學,碩士在職專班,女,132,32,2,1,0,1,9,1,0,0,0,1,0,0,0,4,13
108,私立,技專校院,1026,樹德科技大學,學士班(日間),男,3220,142,11,26,9,32,28,0,2,15,2,0,2,2,0,13,0
108,私立,技專校院,1026,樹德科技大學,學士班(進修),男,1108,45,4,5,1,9,16,0,2,5,0,0,0,0,0,3,0
108,私立,技專校院,1026,樹德科技大學,碩士班(日間),男,114,10,1,3,1,1,3,0,0,0,0,1,0,0,0,0,0
108,私立,技專校院,1026,樹德科技大學,碩士在職專班,男,202,11,1,1,1,0,5,0,2,0,0,1,0,0,0,0,0
108,私立,技專校院,1026,樹德科技大學,博士班,男,16,1,0,0,0,0,0,0,0,0,0,0,0,0,0,1,0
108,私立,技專校院,1026,樹德科技大學,學士班(日間),女,4457,113,10,26,2,20,26,2,7,1,8,0,1,0,0,5,5
108,私立,技專校院,1026,樹德科技大學,學士班(進修),女,983,35,7,8,1,7,6,0,2,0,1,0,0,1,0,2,0
108,私立,技專校院,1026,樹德科技大學,碩士班(日間),女,128,19,1,3,1,4,3,0,1,0,0,2,0,2,0,2,0
108,私立,技專校院,1026,樹德科技大學,碩士在職專班,女,244,22,2,2,0,2,4,0,6,0,0,5,0,1,0,0,0
108,私立,技專校院,1026,樹德科技大學,博士班,女,20,5,0,0,0,0,2,0,1,0,0,1,0,1,0,0,0
108,私立,一般大學,1027,慈濟學校財團法人慈濟大學,學士班(日間),男,1109,32,1,1,2,10,1,0,0,1,1,0,0,0,0,0,15
108,私立,一般大學,1027,慈濟學校財團法人慈濟大學,碩士班(日間),男,106,18,0,1,0,0,2,0,3,1,0,4,1,1,0,0,5
108,私立,一般大學,1027,慈濟學校財團法人慈濟大學,碩士在職專班,男,7,5,0,0,0,0,1,0,1,0,0,1,0,1,0,0,1
108,私立,一般大學,1027,慈濟學校財團法人慈濟大學,博士班,男,56,8,0,0,0,0,1,0,0,0,0,5,0,1,0,0,1
108,私立,一般大學,1027,慈濟學校財團法人慈濟大學,學士班(日間),女,1786,50,5,1,2,22,0,0,0,0,5,0,2,1,0,0,12
108,私立,一般大學,1027,慈濟學校財團法人慈濟大學,碩士班(日間),女,226,47,3,0,0,0,10,1,2,0,2,17,0,1,0,0,11
108,私立,一般大學,1027,慈濟學校財團法人慈濟大學,碩士在職專班,女,32,11,0,0,0,0,1,1,0,0,0,3,1,0,0,0,5
108,私立,一般大學,1027,慈濟學校財團法人慈濟大學,博士班,女,51,10,0,0,0,0,0,0,2,0,0,3,0,1,0,0,4
108,私立,一般大學,1028,臺北醫學大學,學士班(日間),男,1890,120,4,1,3,94,6,0,0,0,1,0,2,1,0,0,8
108,私立,一般大學,1028,臺北醫學大學,碩士班(日間),男,240,35,1,2,0,6,14,0,1,0,3,2,0,1,0,0,5
108,私立,一般大學,1028,臺北醫學大學,碩士在職專班,男,90,11,0,0,0,1,7,0,2,0,0,0,0,0,0,0,1
108,私立,一般大學,1028,臺北醫學大學,博士班,男,285,27,0,0,0,0,7,0,3,0,1,11,0,1,0,0,4
108,私立,一般大學,1028,臺北醫學大學,學士班(日間),女,2615,136,6,3,1,104,8,0,3,0,4,0,0,3,0,0,4
108,私立,一般大學,1028,臺北醫學大學,碩士班(日間),女,402,70,5,1,0,12,22,1,6,0,2,7,0,5,0,0,9
108,私立,一般大學,1028,臺北醫學大學,碩士在職專班,女,197,44,5,0,0,0,12,1,7,0,0,10,0,2,0,0,7
108,私立,一般大學,1028,臺北醫學大學,博士班,女,227,40,5,0,0,2,6,2,12,0,1,6,0,1,0,0,5
108,私立,一般大學,1029,中山醫學大學,學士班(日間),男,2155,112,0,4,1,74,10,0,0,1,7,0,3,2,5,0,5
108,私立,一般大學,1029,中山醫學大學,學士班(進修),男,35,4,0,1,0,0,2,0,0,1,0,0,0,0,0,0,0
108,私立,一般大學,1029,中山醫學大學,碩士班(日間),男,163,18,0,0,0,4,7,0,0,1,0,5,1,0,0,0,0
108,私立,一般大學,1029,中山醫學大學,碩士在職專班,男,48,6,0,0,0,0,4,0,0,0,0,2,0,0,0,0,0
108,私立,一般大學,1029,中山醫學大學,博士班,男,115,27,3,1,0,0,12,0,0,0,0,10,0,0,0,0,1
108,私立,一般大學,1029,中山醫學大學,學士班(日間),女,3755,193,4,4,3,134,5,1,1,0,21,0,12,2,1,0,5
108,私立,一般大學,1029,中山醫學大學,學士班(進修),女,81,10,0,1,0,0,6,1,0,0,1,0,0,0,0,0,1
108,私立,一般大學,1029,中山醫學大學,碩士班(日間),女,333,54,0,5,0,1,17,2,6,0,1,17,1,0,0,0,4
108,私立,一般大學,1029,中山醫學大學,碩士在職專班,女,154,39,0,2,0,0,14,0,2,0,0,16,1,2,0,0,2
108,私立,一般大學,1029,中山醫學大學,博士班,女,74,9,0,0,0,0,3,0,0,0,0,6,0,0,0,0,0
108,私立,技專校院,1030,龍華科技大學,五專,男,344,9,1,1,1,3,2,0,0,0,0,0,0,0,0,0,1
108,私立,技專校院,1030,龍華科技大學,學士班(日間),男,4464,210,17,25,20,61,46,0,0,22,3,0,1,0,0,0,15
108,私立,技專校院,1030,龍華科技大學,學士班(進修),男,2777,150,4,16,19,22,56,0,0,19,0,0,0,5,0,3,6
108,私立,技專校院,1030,龍華科技大學,碩士班(日間),男,196,45,0,4,9,0,18,0,0,2,1,8,0,0,0,0,3
108,私立,技專校院,1030,龍華科技大學,碩士在職專班,男,85,8,1,0,0,0,6,0,0,1,0,0,0,0,0,0,0
108,私立,技專校院,1030,龍華科技大學,五專,女,53,2,2,0,0,0,0,0,0,0,0,0,0,0,0,0,0
108,私立,技專校院,1030,龍華科技大學,學士班(日間),女,2407,119,11,18,10,40,24,3,0,0,3,0,0,1,0,0,9
108,私立,技專校院,1030,龍華科技大學,學士班(進修),女,908,64,3,9,3,8,27,2,1,1,0,0,0,6,0,1,3
108,私立,技專校院,1030,龍華科技大學,碩士班(日間),女,71,26,5,1,1,1,13,0,0,0,1,3,0,1,0,0,0
108,私立,技專校院,1030,龍華科技大學,碩士在職專班,女,25,3,0,0,1,0,2,0,0,0,0,0,0,0,0,0,0
108,私立,技專校院,1031,輔英科技大學,五專,男,305,18,2,1,2,11,0,0,0,1,0,0,0,0,0,0,1
108,私立,技專校院,1031,輔英科技大學,學士班(日間),男,1650,149,6,24,15,53,18,0,0,13,2,0,2,1,2,5,8
108,私立,技專校院,1031,輔英科技大學,學士班(進修),男,580,72,3,10,0,9,38,0,0,5,0,0,0,3,0,2,2
108,私立,技專校院,1031,輔英科技大學,碩士班(日間),男,47,5,0,0,0,0,3,0,0,1,0,0,0,0,0,0,1
108,私立,技專校院,1031,輔英科技大學,碩士在職專班,男,8,0,0,0,0,0,0,0,0,0,0,0,0,0,0,0,0
108,私立,技專校院,1031,輔英科技大學,五專,女,2354,77,13,6,6,30,5,1,1,0,2,0,2,0,3,4,4
108,私立,技專校院,1031,輔英科技大學,學士班(日間),女,3583,173,14,28,9,50,24,3,12,0,3,0,1,1,5,3,20
108,私立,技專校院,1031,輔英科技大學,學士班(進修),女,805,106,7,10,2,6,57,5,2,0,0,0,0,12,2,2,1
108,私立,技專校院,1031,輔英科技大學,碩士班(日間),女,91,25,5,1,1,1,5,2,2,0,0,6,0,0,0,1,1
108,私立,技專校院,1031,輔英科技大學,碩士在職專班,女,109,11,0,0,1,1,5,0,0,0,0,0,0,2,0,1,1
108,私立,技專校院,1032,明新學校財團法人明新科技大學,二專(日間),男,31,1,0,0,0,0,0,0,0,0,0,0,1,0,0,0,0
108,私立,技專校院,1032,明新學校財團法人明新科技大學,二專(進修),男,24,1,0,0,0,0,0,0,0,0,0,0,0,0,0,1,0
108,私立,技專校院,1032,明新學校財團法人明新科技大學,學士班(日間),男,5021,340,6,18,37,69,30,0,0,52,4,0,10,5,3,85,21
108,私立,技專校院,1032,明新學校財團法人明新科技大學,學士班(進修),男,2054,146,8,2,2,5,61,0,0,24,0,0,2,4,0,37,1
108,私立,技專校院,1032,明新學校財團法人明新科技大學,碩士班(日間),男,157,47,1,1,0,0,15,0,0,11,0,7,1,2,0,6,3
108,私立,技專校院,1032,明新學校財團法人明新科技大學,碩士在職專班,男,253,52,0,0,0,0,36,0,1,0,0,2,0,1,0,12,0
108,私立,技專校院,1032,明新學校財團法人明新科技大學,二專(日間),女,3,0,0,0,0,0,0,0,0,0,0,0,0,0,0,0,0
108,私立,技專校院,1032,明新學校財團法人明新科技大學,二專(進修),女,14,1,0,0,0,0,0,0,0,0,0,0,0,0,0,1,0
108,私立,技專校院,1032,明新學校財團法人明新科技大學,學士班(日間),女,3117,145,7,13,4,39,13,10,0,2,0,0,8,10,1,25,13
108,私立,技專校院,1032,明新學校財團法人明新科技大學,學士班(進修),女,1312,75,2,4,1,3,34,8,4,0,0,0,2,4,0,12,1
108,私立,技專校院,1032,明新學校財團法人明新科技大學,碩士班(日間),女,79,23,3,0,0,0,6,1,0,0,0,3,0,3,0,5,2
108,私立,技專校院,1032,明新學校財團法人明新科技大學,碩士在職專班,女,92,13,2,0,0,0,8,1,1,0,0,0,1,0,0,0,0
108,私立,一般大學,1033,長榮大學,學士班(日間),男,3202,173,10,55,0,39,25,0,0,19,5,0,13,1,2,0,4
108,私立,一般大學,1033,長榮大學,學士班(進修),男,362,26,2,3,0,7,6,0,0,5,1,0,0,0,2,0,0
108,私立,一般大學,1033,長榮大學,碩士班(日間),男,112,32,2,4,0,1,11,0,0,3,0,9,0,0,1,0,1
108,私立,一般大學,1033,長榮大學,碩士在職專班,男,50,7,1,0,0,0,5,0,0,0,0,1,0,0,0,0,0
108,私立,一般大學,1033,長榮大學,博士班,男,27,6,0,0,0,0,5,0,0,0,0,1,0,0,0,0,0
108,私立,一般大學,1033,長榮大學,學士班(日間),女,4374,153,14,53,0,38,13,2,0,0,11,0,14,1,4,0,3
108,私立,一般大學,1033,長榮大學,學士班(進修),女,210,22,0,8,0,7,4,0,0,0,0,0,2,0,0,0,1
108,私立,一般大學,1033,長榮大學,碩士班(日間),女,212,47,1,10,0,0,14,2,0,0,0,18,0,1,0,0,1
108,私立,一般大學,1033,長榮大學,碩士在職專班,女,49,13,1,2,0,0,4,1,1,0,0,3,0,1,0,0,0
108,私立,一般大學,1033,長榮大學,博士班,女,11,2,1,0,0,0,0,0,0,0,0,0,0,1,0,0,0
108,私立,技專校院,1034,弘光科技大學,二專(進修),男,24,3,0,0,0,0,2,0,0,1,0,0,0,0,0,0,0
108,私立,技專校院,1034,弘光科技大學,五專,男,27,1,0,0,0,0,0,0,0,0,0,0,1,0,0,0,0
108,私立,技專校院,1034,弘光科技大學,學士班(日間),男,2694,150,14,23,7,38,26,0,0,14,3,0,7,1,3,0,14
108,私立,技專校院,1034,弘光科技大學,學士班(進修),男,1544,206,9,21,9,28,84,0,0,22,2,0,8,3,3,2,15
108,私立,技專校院,1034,弘光科技大學,碩士班(日間),男,53,13,1,0,0,3,4,0,0,3,0,0,0,0,0,0,2
108,私立,技專校院,1034,弘光科技大學,碩士在職專班,男,18,14,0,0,0,0,9,0,0,1,0,2,0,0,0,0,2
108,私立,技專校院,1034,弘光科技大學,博士班,男,1,0,0,0,0,0,0,0,0,0,0,0,0,0,0,0,0
108,私立,技專校院,1034,弘光科技大學,二專(進修),女,126,18,0,1,0,1,13,0,0,0,0,0,0,0,0,0,3
108,私立,技專校院,1034,弘光科技大學,五專,女,229,5,1,0,0,1,0,0,0,0,1,0,1,0,0,0,1
108,私立,技專校院,1034,弘光科技大學,學士班(日間),女,5307,237,31,22,11,56,41,10,7,0,7,0,16,1,4,0,31
108,私立,技專校院,1034,弘光科技大學,學士班(進修),女,2535,292,23,33,8,22,138,11,14,0,4,0,5,4,1,0,29
108,私立,技專校院,1034,弘光科技大學,碩士班(日間),女,131,38,0,0,0,0,15,0,5,0,3,12,0,1,0,0,2
108,私立,技專校院,1034,弘光科技大學,碩士在職專班,女,78,29,2,0,0,1,11,4,4,0,0,4,0,1,0,0,2
108,私立,技專校院,1034,弘光科技大學,博士班,女,12,0,0,0,0,0,0,0,0,0,0,0,0,0,0,0,0
108,私立,一般大學,1035,中國醫藥大學,學士班(日間),男,2730,127,6,1,0,33,1,0,1,2,13,1,1,7,5,1,55
108,私立,一般大學,1035,中國醫藥大學,學士班(進修),男,1,0,0,0,0,0,0,0,0,0,0,0,0,0,0,0,0
108,私立,一般大學,1035,中國醫藥大學,碩士班(日間),男,186,39,1,0,0,1,9,0,5,0,2,1,0,1,2,3,14
108,私立,一般大學,1035,中國醫藥大學,碩士在職專班,男,31,10,0,0,0,0,6,0,0,0,0,0,0,1,0,1,2
108,私立,一般大學,1035,中國醫藥大學,博士班,男,228,64,3,3,0,0,14,0,6,1,0,14,0,7,0,2,14
108,私立,一般大學,1035,中國醫藥大學,學士班(日間),女,3498,169,6,3,0,48,1,0,0,0,17,0,1,4,3,1,85
108,私立,一般大學,1035,中國醫藥大學,學士班(進修),女,12,1,1,0,0,0,0,0,0,0,0,0,0,0,0,0,0
108,私立,一般大學,1035,中國醫藥大學,碩士班(日間),女,305,76,0,2,0,5,10,6,8,0,0,7,1,8,0,6,23
108,私立,一般大學,1035,中國醫藥大學,碩士在職專班,女,59,8,0,0,0,0,2,1,1,0,0,1,0,2,0,0,1
108,私立,一般大學,1035,中國醫藥大學,博士班,女,162,46,2,0,0,0,16,0,3,0,0,8,0,6,1,3,7
108,私立,技專校院,1036,健行學校財團法人健行科技大學,五專,男,24,0,0,0,0,0,0,0,0,0,0,0,0,0,0,0,0
108,私立,技專校院,1036,健行學校財團法人健行科技大學,學士班(日間),男,4674,202,11,13,4,54,37,0,0,67,0,0,0,0,0,0,16
108,私立,技專校院,1036,健行學校財團法人健行科技大學,學士班(進修),男,2480,156,8,8,5,10,96,0,1,17,0,0,2,2,1,3,3
108,私立,技專校院,1036,健行學校財團法人健行科技大學,碩士班(日間),男,193,21,0,0,0,1,14,0,0,4,0,0,0,0,0,0,2
108,私立,技專校院,1036,健行學校財團法人健行科技大學,碩士在職專班,男,30,2,1,0,0,0,1,0,0,0,0,0,0,0,0,0,0
108,私立,技專校院,1036,健行學校財團法人健行科技大學,五專,女,1,0,0,0,0,0,0,0,0,0,0,0,0,0,0,0,0
108,私立,技專校院,1036,健行學校財團法人健行科技大學,學士班(日間),女,2316,79,5,11,0,31,9,5,3,0,0,0,0,0,0,0,15
108,私立,技專校院,1036,健行學校財團法人健行科技大學,學士班(進修),女,1442,131,11,8,1,10,73,12,4,0,0,0,0,8,0,1,3
108,私立,技專校院,1036,健行學校財團法人健行科技大學,碩士班(日間),女,94,7,1,0,0,0,4,0,2,0,0,0,0,0,0,0,0
108,私立,技專校院,1036,健行學校財團法人健行科技大學,碩士在職專班,女,15,2,0,0,0,0,2,0,0,0,0,0,0,0,0,0,0
108,私立,技專校院,1037,正修學校財團法人正修科技大學,二專(進修),男,145,18,0,0,1,0,1,0,0,0,0,0,0,0,0,1,15
108,私立,技專校院,1037,正修學校財團法人正修科技大學,五專,男,103,12,1,2,2,3,0,0,0,0,0,0,3,0,0,0,1
108,私立,技專校院,1037,正修學校財團法人正修科技大學,學士班(日間),男,5190,474,20,37,39,94,67,0,0,58,17,0,31,6,10,63,32
108,私立,技專校院,1037,正修學校財團法人正修科技大學,學士班(進修),男,4548,406,18,22,27,42,148,0,0,23,1,0,6,1,1,0,117
108,私立,技專校院,1037,正修學校財團法人正修科技大學,碩士班(日間),男,209,37,0,2,0,0,11,0,0,4,1,2,0,2,1,10,4
108,私立,技專校院,1037,正修學校財團法人正修科技大學,碩士在職專班,男,140,16,1,0,0,0,8,0,0,0,0,4,0,0,0,0,3
108,私立,技專校院,1037,正修學校財團法人正修科技大學,博士班,男,12,2,0,0,0,0,1,0,0,0,0,1,0,0,0,0,0
108,私立,技專校院,1037,正修學校財團法人正修科技大學,二專(進修),女,65,5,0,0,0,0,0,0,0,0,0,0,0,0,0,0,5
108,私立,技專校院,1037,正修學校財團法人正修科技大學,五專,女,26,0,0,0,0,0,0,0,0,0,0,0,0,0,0,0,0
108,私立,技專校院,1037,正修學校財團法人正修科技大學,學士班(日間),女,3526,247,21,29,12,43,57,4,0,1,6,0,10,4,1,31,28
108,私立,技專校院,1037,正修學校財團法人正修科技大學,學士班(進修),女,2801,265,13,19,3,29,127,2,2,0,3,0,7,4,0,0,56
108,私立,技專校院,1037,正修學校財團法人正修科技大學,碩士班(日間),女,156,22,4,1,0,0,7,1,0,0,0,4,0,2,0,2,1
108,私立,技專校院,1037,正修學校財團法人正修科技大學,碩士在職專班,女,68,7,1,1,0,0,3,0,0,0,0,0,1,0,0,0,1
108,私立,技專校院,1038,萬能學校財團法人萬能科技大學,學士班(日間),男,3319,239,14,67,8,42,52,0,0,43,2,0,6,3,2,0,0
108,私立,技專校院,1038,萬能學校財團法人萬能科技大學,學士班(進修),男,2065,119,1,18,4,4,69,0,0,18,0,0,3,2,0,0,0
108,私立,技專校院,1038,萬能學校財團法人萬能科技大學,碩士班(日間),男,68,15,0,1,0,1,5,0,0,3,0,4,0,1,0,0,0
108,私立,技專校院,1038,萬能學校財團法人萬能科技大學,碩士在職專班,男,49,1,0,0,0,0,0,0,0,1,0,0,0,0,0,0,0
108,私立,技專校院,1038,萬能學校財團法人萬能科技大學,學士班(日間),女,2831,194,13,80,3,42,31,6,2,0,6,0,9,2,0,0,0
108,私立,技專校院,1038,萬能學校財團法人萬能科技大學,學士班(進修),女,1658,91,4,21,2,7,45,4,4,0,0,0,2,2,0,0,0
108,私立,技專校院,1038,萬能學校財團法人萬能科技大學,碩士班(日間),女,76,7,0,1,0,2,1,0,0,0,0,2,0,1,0,0,0
108,私立,技專校院,1038,萬能學校財團法人萬能科技大學,碩士在職專班,女,53,0,0,0,0,0,0,0,0,0,0,0,0,0,0,0,0
108,私立,一般大學,1039,玄奘大學,學士班(日間),男,991,93,2,4,6,2,12,0,0,13,3,0,4,0,0,23,24
108,私立,一般大學,1039,玄奘大學,學士班(進修),男,67,14,0,0,0,0,5,0,0,3,0,0,0,0,0,6,0
108,私立,一般大學,1039,玄奘大學,碩士班(日間),男,94,44,0,5,0,0,10,0,1,2,1,12,0,2,0,6,5
108,私立,一般大學,1039,玄奘大學,碩士在職專班,男,48,14,1,1,0,0,3,0,0,0,0,5,0,0,0,2,2
108,私立,一般大學,1039,玄奘大學,博士班,男,1,4,2,0,0,0,0,0,0,0,0,2,0,0,0,0,0
108,私立,一般大學,1039,玄奘大學,學士班(日間),女,1336,113,11,22,6,5,22,2,0,0,3,0,4,0,0,12,26
108,私立,一般大學,1039,玄奘大學,學士班(進修),女,92,32,0,4,0,4,12,0,0,0,0,0,0,1,0,3,8
108,私立,一般大學,1039,玄奘大學,碩士班(日間),女,164,60,3,5,0,0,18,1,0,0,0,15,0,2,0,8,8
108,私立,一般大學,1039,玄奘大學,碩士在職專班,女,94,31,2,0,0,0,12,2,0,0,0,5,0,1,0,0,9
108,私立,一般大學,1039,玄奘大學,博士班,女,2,0,0,0,0,0,0,0,0,0,0,0,0,0,0,0,0
108,私立,技專校院,1040,建國科技大學,學士班(日間),男,3121,128,5,9,3,33,29,0,0,24,0,0,1,9,1,4,10
108,私立,技專校院,1040,建國科技大學,學士班(進修),男,1796,54,7,1,4,0,26,0,0,7,0,0,7,1,0,1,0
108,私立,技專校院,1040,建國科技大學,碩士班(日間),男,104,14,1,1,0,2,7,0,0,0,0,0,0,3,0,0,0
108,私立,技專校院,1040,建國科技大學,學士班(日間),女,1563,74,9,8,1,19,15,1,1,0,2,0,1,12,0,1,4
108,私立,技專校院,1040,建國科技大學,學士班(進修),女,619,27,3,2,0,0,11,3,1,0,1,0,6,0,0,0,0
108,私立,技專校院,1040,建國科技大學,碩士班(日間),女,70,10,2,0,1,0,5,1,1,0,0,0,0,0,0,0,0
108,私立,技專校院,1041,明志科技大學,學士班(日間),男,2581,60,2,2,0,15,13,0,0,14,3,0,0,0,0,0,11
108,私立,技專校院,1041,明志科技大學,學士班(進修),男,421,17,1,1,0,8,6,0,0,0,0,0,0,0,0,0,1
108,私立,技專校院,1041,明志科技大學,碩士班(日間),男,337,40,1,5,0,3,11,0,0,14,0,2,0,0,1,0,3
108,私立,技專校院,1041,明志科技大學,碩士在職專班,男,21,5,0,0,0,0,5,0,0,0,0,0,0,0,0,0,0
108,私立,技專校院,1041,明志科技大學,博士班,男,15,2,0,0,0,0,1,0,0,0,0,0,0,0,0,0,1
108,私立,技專校院,1041,明志科技大學,學士班(日間),女,993,24,5,1,0,11,4,0,0,0,0,0,0,1,0,0,2
108,私立,技專校院,1041,明志科技大學,學士班(進修),女,67,2,0,0,0,0,1,0,0,0,0,0,0,0,0,0,1
108,私立,技專校院,1041,明志科技大學,碩士班(日間),女,126,8,1,0,0,1,4,0,0,0,0,0,0,0,0,0,2
108,私立,技專校院,1041,明志科技大學,碩士在職專班,女,8,2,0,0,0,0,2,0,0,0,0,0,0,0,0,0,0
108,私立,技專校院,1041,明志科技大學,博士班,女,3,0,0,0,0,0,0,0,0,0,0,0,0,0,0,0,0
108,私立,技專校院,1042,高苑科技大學,學士班(日間),男,1669,40,0,2,3,4,22,0,0,1,0,0,5,0,0,0,3
108,私立,技專校院,1042,高苑科技大學,學士班(進修),男,910,62,3,4,3,4,29,0,0,16,0,0,0,3,0,0,0
108,私立,技專校院,1042,高苑科技大學,碩士班(日間),男,42,6,0,1,0,0,3,0,0,2,0,0,0,0,0,0,0
108,私立,技專校院,1042,高苑科技大學,碩士在職專班,男,122,28,0,2,0,0,23,0,0,0,1,1,0,1,0,0,0
108,私立,技專校院,1042,高苑科技大學,學士班(日間),女,673,10,1,2,0,1,5,0,0,0,0,0,1,0,0,0,0
108,私立,技專校院,1042,高苑科技大學,學士班(進修),女,242,17,0,2,1,0,10,1,0,0,0,0,0,3,0,0,0
108,私立,技專校院,1042,高苑科技大學,碩士班(日間),女,18,5,0,0,0,0,3,0,0,0,0,0,0,0,0,0,2
108,私立,技專校院,1042,高苑科技大學,碩士在職專班,女,40,13,0,0,0,0,9,0,1,0,0,0,1,2,0,0,0
108,私立,技專校院,1043,大仁科技大學,學士班(日間),男,1788,432,12,38,12,59,55,0,0,21,2,0,7,1,2,14,209
108,私立,技專校院,1043,大仁科技大學,學士班(進修),男,719,62,0,2,0,6,18,0,0,5,2,0,0,3,1,0,25
108,私立,技專校院,1043,大仁科技大學,碩士班(日間),男,29,28,1,1,0,2,4,0,0,0,0,0,0,0,0,0,20
108,私立,技專校院,1043,大仁科技大學,碩士在職專班,男,65,6,0,0,0,0,1,0,0,0,0,4,0,0,0,0,1
108,私立,技專校院,1043,大仁科技大學,學士班(日間),女,2013,340,25,48,4,57,53,4,2,0,4,0,9,3,5,15,111
108,私立,技專校院,1043,大仁科技大學,學士班(進修),女,1048,67,4,3,0,5,21,2,4,0,1,0,0,4,1,0,22
108,私立,技專校院,1043,大仁科技大學,碩士班(日間),女,37,18,1,1,1,0,8,0,0,0,0,0,0,1,0,0,6
108,私立,技專校院,1043,大仁科技大學,碩士在職專班,女,78,11,1,0,0,0,5,1,0,0,0,3,0,0,0,0,1
108,私立,技專校院,1044,聖約翰科技大學,二專(進修),男,8,1,0,1,0,0,0,0,0,0,0,0,0,0,0,0,0
108,私立,技專校院,1044,聖約翰科技大學,五專,男,267,35,2,1,3,16,3,0,0,2,0,0,0,2,2,2,2
108,私立,技專校院,1044,聖約翰科技大學,學士班(日間),男,1430,151,11,14,11,9,37,0,2,30,3,0,2,6,0,18,8
108,私立,技專校院,1044,聖約翰科技大學,學士班(進修),男,277,13,0,1,0,0,4,0,0,3,0,0,0,0,0,2,3
108,私立,技專校院,1044,聖約翰科技大學,碩士班(日間),男,86,30,1,0,0,0,8,0,0,4,0,8,0,0,0,5,4
108,私立,技專校院,1044,聖約翰科技大學,碩士在職專班,男,92,10,0,0,0,1,8,0,0,0,0,0,0,0,0,0,1
108,私立,技專校院,1044,聖約翰科技大學,二專(進修),女,21,2,0,1,0,0,1,0,0,0,0,0,0,0,0,0,0
108,私立,技專校院,1044,聖約翰科技大學,五專,女,73,7,1,0,0,1,1,0,0,0,0,0,0,0,1,1,2
108,私立,技專校院,1044,聖約翰科技大學,學士班(日間),女,683,58,3,6,4,4,18,3,2,0,2,0,3,4,0,8,1
108,私立,技專校院,1044,聖約翰科技大學,學士班(進修),女,75,5,1,0,0,0,2,0,1,0,0,0,0,0,0,0,1
108,私立,技專校院,1044,聖約翰科技大學,碩士班(日間),女,23,2,0,0,0,0,2,0,0,0,0,0,0,0,0,0,0
108,私立,技專校院,1044,聖約翰科技大學,碩士在職專班,女,38,3,0,0,0,0,3,0,0,0,0,0,0,0,0,0,0
108,私立,技專校院,1045,嶺東科技大學,學士班(日間),男,2770,61,5,13,0,11,6,0,0,18,2,0,0,0,0,0,6
108,私立,技專校院,1045,嶺東科技大學,學士班(進修),男,1398,111,2,7,2,11,60,0,0,28,1,0,0,0,0,0,0
108,私立,技專校院,1045,嶺東科技大學,碩士班(日間),男,98,25,1,2,0,0,15,0,0,1,1,3,0,1,1,0,0
108,私立,技專校院,1045,嶺東科技大學,碩士在職專班,男,111,5,0,0,0,0,5,0,0,0,0,0,0,0,0,0,0
108,私立,技專校院,1045,嶺東科技大學,學士班(日間),女,4566,99,11,21,4,32,12,0,1,1,5,0,3,0,0,0,9
108,私立,技專校院,1045,嶺東科技大學,學士班(進修),女,1328,91,5,10,4,12,51,1,2,0,0,0,1,2,0,0,3
108,私立,技專校院,1045,嶺東科技大學,碩士班(日間),女,131,21,3,3,0,1,7,2,1,0,1,2,0,0,0,0,1
108,私立,技專校院,1045,嶺東科技大學,碩士在職專班,女,49,5,0,1,1,0,3,0,0,0,0,0,0,0,0,0,0
108,私立,技專校院,1046,中國科技大學,二專(進修),男,21,0,0,0,0,0,0,0,0,0,0,0,0,0,0,0,0
108,私立,技專校院,1046,中國科技大學,學士班(日間),男,3203,192,8,16,11,57,31,0,2,26,10,0,7,1,2,0,21
108,私立,技專校院,1046,中國科技大學,學士班(進修),男,914,99,1,4,1,7,62,0,2,9,1,0,1,1,1,0,9
108,私立,技專校院,1046,中國科技大學,碩士班(日間),男,89,20,0,0,0,0,9,0,1,0,1,6,0,0,0,0,3
108,私立,技專校院,1046,中國科技大學,碩士在職專班,男,64,8,1,0,0,1,2,0,0,0,0,2,0,0,0,0,2
108,私立,技專校院,1046,中國科技大學,二專(進修),女,1,0,0,0,0,0,0,0,0,0,0,0,0,0,0,0,0
108,私立,技專校院,1046,中國科技大學,學士班(日間),女,4048,199,10,27,5,65,39,1,1,0,21,0,15,3,0,0,12
108,私立,技專校院,1046,中國科技大學,學士班(進修),女,654,62,1,4,1,4,39,0,3,0,2,0,2,0,0,0,6
108,私立,技專校院,1046,中國科技大學,碩士班(日間),女,66,10,0,0,0,0,7,0,0,0,1,1,0,0,0,0,1
108,私立,技專校院,1046,中國科技大學,碩士在職專班,女,24,6,0,0,0,1,5,0,0,0,0,0,0,0,0,0,0
108,私立,技專校院,1047,中臺科技大學,二專(日間),男,19,0,0,0,0,0,0,0,0,0,0,0,0,0,0,0,0
108,私立,技專校院,1047,中臺科技大學,學士班(日間),男,2115,148,1,6,9,45,15,0,0,10,3,0,4,5,3,46,1
108,私立,技專校院,1047,中臺科技大學,學士班(進修),男,687,170,6,8,13,8,45,0,1,17,0,0,2,3,1,63,3
108,私立,技專校院,1047,中臺科技大學,碩士班(日間),男,28,13,0,0,0,0,7,0,0,3,0,0,0,1,1,1,0
108,私立,技專校院,1047,中臺科技大學,碩士在職專班,男,60,14,1,0,0,0,2,0,1,0,0,6,0,1,0,3,0
108,私立,技專校院,1047,中臺科技大學,博士班,男,10,2,0,0,0,0,1,0,0,0,0,1,0,0,0,0,0
108,私立,技專校院,1047,中臺科技大學,二專(日間),女,24,0,0,0,0,0,0,0,0,0,0,0,0,0,0,0,0
108,私立,技專校院,1047,中臺科技大學,學士班(日間),女,3294,231,13,20,10,62,24,5,7,0,1,0,8,3,2,76,0
108,私立,技專校院,1047,中臺科技大學,學士班(進修),女,1856,273,20,21,8,19,58,6,35,0,0,0,10,9,0,75,12
108,私立,技專校院,1047,中臺科技大學,碩士班(日間),女,79,32,1,1,0,4,6,3,2,0,0,5,1,1,2,6,0
108,私立,技專校院,1047,中臺科技大學,碩士在職專班,女,226,66,3,1,0,0,13,2,10,0,2,18,0,2,0,14,1
108,私立,技專校院,1047,中臺科技大學,博士班,女,4,1,0,0,0,0,1,0,0,0,0,0,0,0,0,0,0
108,私立,一般大學,1048,亞洲大學,學士班(日間),男,3376,138,14,6,8,47,15,0,0,9,7,0,3,16,4,2,7
108,私立,一般大學,1048,亞洲大學,學士班(進修),男,426,24,3,1,1,3,11,0,0,1,2,0,0,2,0,0,0
108,私立,一般大學,1048,亞洲大學,碩士班(日間),男,281,44,0,0,0,2,11,0,0,1,0,15,0,7,1,0,7
108,私立,一般大學,1048,亞洲大學,碩士在職專班,男,193,11,1,0,0,0,7,0,0,0,0,1,0,0,0,0,2
108,私立,一般大學,1048,亞洲大學,博士班,男,152,23,0,0,0,0,6,0,1,0,0,11,0,3,1,0,1
108,私立,一般大學,1048,亞洲大學,學士班(日間),女,6114,151,21,4,8,57,14,3,1,0,12,0,9,14,2,0,6
108,私立,一般大學,1048,亞洲大學,學士班(進修),女,484,26,0,1,0,5,14,0,1,0,1,0,1,3,0,0,0
108,私立,一般大學,1048,亞洲大學,碩士班(日間),女,359,83,4,2,0,6,27,0,1,0,0,28,0,8,0,0,7
108,私立,一般大學,1048,亞洲大學,碩士在職專班,女,215,29,3,0,0,1,13,0,0,0,1,7,0,4,0,0,0
108,私立,一般大學,1048,亞洲大學,博士班,女,89,19,1,0,1,0,6,0,0,0,0,7,0,3,0,0,1
108,私立,一般大學,1049,開南大學,學士班(日間),男,2060,146,10,10,9,32,33,0,0,28,3,0,0,2,1,0,18
108,私立,一般大學,1049,開南大學,學士班(進修),男,590,60,5,4,1,6,30,0,1,13,0,0,0,0,0,0,0
108,私立,一般大學,1049,開南大學,碩士班(日間),男,89,23,2,3,0,0,10,0,0,5,1,0,0,1,0,0,1
108,私立,一般大學,1049,開南大學,碩士在職專班,男,173,28,3,1,0,0,20,0,2,0,0,0,0,1,0,0,1
108,私立,一般大學,1049,開南大學,學士班(日間),女,2240,140,22,21,5,21,36,8,2,0,3,0,0,2,3,0,17
108,私立,一般大學,1049,開南大學,學士班(進修),女,463,33,5,6,2,6,6,2,0,0,0,0,0,1,1,0,4
108,私立,一般大學,1049,開南大學,碩士班(日間),女,131,43,4,4,1,0,17,0,3,0,0,6,0,1,0,0,7
108,私立,一般大學,1049,開南大學,碩士在職專班,女,148,15,2,0,0,0,9,0,2,0,0,0,0,0,0,0,2
108,私立,一般大學,1050,佛光大學,學士班(日間),男,1338,76,7,5,5,16,24,0,0,7,1,0,2,1,2,0,6
108,私立,一般大學,1050,佛光大學,碩士班(日間),男,166,69,6,2,1,3,38,0,0,4,2,7,0,0,0,0,6
108,私立,一般大學,1050,佛光大學,碩士在職專班,男,90,16,3,0,0,0,8,0,0,0,0,2,0,1,0,0,2
108,私立,一般大學,1050,佛光大學,博士班,男,27,6,2,1,0,0,2,0,0,0,0,1,0,0,0,0,0
108,私立,一般大學,1050,佛光大學,學士班(日間),女,1552,63,15,3,3,16,7,2,1,0,4,0,4,1,2,0,5
108,私立,一般大學,1050,佛光大學,碩士班(日間),女,275,103,8,6,1,2,48,4,8,0,0,20,0,1,0,0,5
108,私立,一般大學,1050,佛光大學,碩士在職專班,女,64,14,2,0,0,0,10,0,0,0,0,2,0,0,0,0,0
108,私立,一般大學,1050,佛光大學,博士班,女,38,9,0,0,0,0,2,0,0,0,0,3,0,2,0,0,2
108,私立,技專校院,1051,台南家專學校財團法人台南應用科技大學,五專,男,240,29,3,0,7,5,1,0,0,1,3,0,3,5,0,0,1
108,私立,技專校院,1051,台南家專學校財團法人台南應用科技大學,學士班(日間),男,2498,205,9,19,20,43,26,0,0,22,5,0,11,38,0,0,12
108,私立,技專校院,1051,台南家專學校財團法人台南應用科技大學,學士班(進修),男,1029,137,0,19,33,13,65,0,0,6,0,0,0,0,0,1,0
108,私立,技專校院,1051,台南家專學校財團法人台南應用科技大學,碩士班(日間),男,28,11,3,0,1,1,1,0,0,3,1,0,0,1,0,0,0
108,私立,技專校院,1051,台南家專學校財團法人台南應用科技大學,碩士在職專班,男,26,6,0,0,0,0,5,0,0,0,0,0,0,0,0,1,0
108,私立,技專校院,1051,台南家專學校財團法人台南應用科技大學,五專,女,840,69,12,4,13,9,0,1,0,0,10,0,5,11,0,0,4
108,私立,技專校院,1051,台南家專學校財團法人台南應用科技大學,學士班(日間),女,6034,362,37,39,27,89,46,6,1,0,22,0,16,64,0,0,15
108,私立,技專校院,1051,台南家專學校財團法人台南應用科技大學,學士班(進修),女,1859,202,10,13,49,21,96,4,2,0,1,0,1,3,0,2,0
108,私立,技專校院,1051,台南家專學校財團法人台南應用科技大學,碩士班(日間),女,71,30,3,7,1,1,6,1,1,0,1,0,3,5,0,0,1
108,私立,技專校院,1051,台南家專學校財團法人台南應用科技大學,碩士在職專班,女,89,19,2,4,0,0,12,0,1,0,0,0,0,0,0,0,0
108,私立,技專校院,1052,遠東科技大學,二專(進修),男,31,0,0,0,0,0,0,0,0,0,0,0,0,0,0,0,0
108,私立,技專校院,1052,遠東科技大學,學士班(日間),男,2504,202,7,19,10,41,57,0,0,35,1,0,6,3,1,0,22
108,私立,技專校院,1052,遠東科技大學,學士班(進修),男,649,73,1,2,0,8,52,0,0,9,0,0,0,0,0,0,1
108,私立,技專校院,1052,遠東科技大學,碩士班(日間),男,134,25,0,3,1,0,14,0,0,0,0,6,0,1,0,0,0
108,私立,技專校院,1052,遠東科技大學,碩士在職專班,男,37,5,0,0,0,0,2,0,0,0,0,2,0,0,0,0,1
108,私立,技專校院,1052,遠東科技大學,二專(進修),女,5,0,0,0,0,0,0,0,0,0,0,0,0,0,0,0,0
108,私立,技專校院,1052,遠東科技大學,學士班(日間),女,1244,113,8,18,10,19,29,0,2,0,4,0,4,2,0,0,17
108,私立,技專校院,1052,遠東科技大學,學士班(進修),女,225,30,0,0,1,2,20,3,0,0,0,0,0,0,0,0,4
108,私立,技專校院,1052,遠東科技大學,碩士班(日間),女,111,10,0,1,0,1,4,0,0,0,0,0,0,4,0,0,0
108,私立,技專校院,1052,遠東科技大學,碩士在職專班,女,2,0,0,0,0,0,0,0,0,0,0,0,0,0,0,0,0
108,私立,技專校院,1053,光宇學校財團法人元培醫事科技大學,二專(日間),男,27,0,0,0,0,0,0,0,0,0,0,0,0,0,0,0,0
108,私立,技專校院,1053,光宇學校財團法人元培醫事科技大學,學士班(日間),男,1755,64,7,9,12,9,4,0,0,18,1,0,3,1,0,0,0
108,私立,技專校院,1053,光宇學校財團法人元培醫事科技大學,學士班(進修),男,839,33,1,1,0,3,17,0,0,7,0,0,0,4,0,0,0
108,私立,技專校院,1053,光宇學校財團法人元培醫事科技大學,碩士班(日間),男,122,9,1,0,0,0,7,0,0,0,0,0,0,1,0,0,0
108,私立,技專校院,1053,光宇學校財團法人元培醫事科技大學,碩士在職專班,男,14,1,0,0,0,0,1,0,0,0,0,0,0,0,0,0,0
108,私立,技專校院,1053,光宇學校財團法人元培醫事科技大學,二專(日間),女,8,0,0,0,0,0,0,0,0,0,0,0,0,0,0,0,0
108,私立,技專校院,1053,光宇學校財團法人元培醫事科技大學,學士班(日間),女,2262,60,7,8,6,19,7,1,0,0,1,0,5,4,0,1,1
108,私立,技專校院,1053,光宇學校財團法人元培醫事科技大學,學士班(進修),女,1018,31,4,1,1,3,9,4,3,0,0,0,1,3,0,2,0
108,私立,技專校院,1053,光宇學校財團法人元培醫事科技大學,碩士班(日間),女,127,16,5,0,0,1,8,0,0,0,0,0,0,2,0,0,0
108,私立,技專校院,1053,光宇學校財團法人元培醫事科技大學,碩士在職專班,女,34,6,2,0,0,0,4,0,0,0,0,0,0,0,0,0,0
108,私立,技專校院,1054,景文科技大學,學士班(日間),男,2282,158,5,24,18,27,24,0,0,30,5,0,0,21,2,2,0
108,私立,技專校院,1054,景文科技大學,學士班(進修),男,845,47,2,3,5,8,13,0,0,6,1,0,2,5,0,2,0
108,私立,技專校院,1054,景文科技大學,碩士班(日間),男,32,4,0,0,0,0,0,0,0,1,0,3,0,0,0,0,0
108,私立,技專校院,1054,景文科技大學,碩士在職專班,男,29,13,0,1,0,0,2,0,0,0,0,6,0,4,0,0,0
108,私立,技專校院,1054,景文科技大學,學士班(日間),女,2790,122,11,21,8,30,15,1,4,0,7,0,1,18,6,0,0
108,私立,技專校院,1054,景文科技大學,學士班(進修),女,840,30,3,1,2,4,9,0,2,0,2,0,0,5,0,2,0
108,私立,技專校院,1054,景文科技大學,碩士班(日間),女,13,2,0,0,0,0,2,0,0,0,0,0,0,0,0,0,0
108,私立,技專校院,1054,景文科技大學,碩士在職專班,女,18,4,0,0,0,1,1,0,0,0,0,1,0,1,0,0,0
108,私立,技專校院,1055,中華醫事科技大學,二專(日間),男,58,7,0,0,0,0,1,0,0,0,0,0,0,0,0,6,0
108,私立,技專校院,1055,中華醫事科技大學,五專,男,685,36,2,1,4,0,3,0,0,2,0,0,0,0,1,14,9
108,私立,技專校院,1055,中華醫事科技大學,學士班(日間),男,1633,146,2,7,9,0,10,0,0,5,0,0,0,0,0,95,18
108,私立,技專校院,1055,中華醫事科技大學,學士班(進修),男,494,103,0,4,2,0,12,0,0,0,0,0,0,0,0,84,1
108,私立,技專校院,1055,中華醫事科技大學,碩士班(日間),男,48,22,0,3,0,0,0,0,0,0,0,0,0,0,0,16,3
108,私立,技專校院,1055,中華醫事科技大學,碩士在職專班,男,14,3,0,0,0,0,0,0,0,0,0,0,0,0,0,3,0
108,私立,技專校院,1055,中華醫事科技大學,二專(日間),女,35,7,0,0,0,0,0,0,0,0,0,0,0,0,0,6,1
108,私立,技專校院,1055,中華醫事科技大學,五專,女,2372,102,5,3,31,3,5,4,1,0,0,0,2,0,0,38,10
108,私立,技專校院,1055,中華醫事科技大學,學士班(日間),女,2658,166,7,14,15,2,9,2,0,0,1,0,0,1,0,93,22
108,私立,技專校院,1055,中華醫事科技大學,學士班(進修),女,932,145,0,7,3,0,19,1,0,0,0,0,0,0,0,106,9
108,私立,技專校院,1055,中華醫事科技大學,碩士班(日間),女,48,17,0,0,1,0,0,0,0,0,0,1,0,0,0,14,1
108,私立,技專校院,1055,中華醫事科技大學,碩士在職專班,女,13,2,0,0,0,0,0,0,0,0,0,0,0,0,0,2,0
108,私立,技專校院,1056,東南科技大學,學士班(日間),男,3141,364,8,30,12,51,64,0,1,26,4,0,3,10,1,40,114
108,私立,技專校院,1056,東南科技大學,學士班(進修),男,497,171,0,0,0,2,1,0,0,0,0,0,0,1,0,33,134
108,私立,技專校院,1056,東南科技大學,碩士班(日間),男,91,21,0,0,0,0,10,0,0,2,0,1,0,0,0,3,5
108,私立,技專校院,1056,東南科技大學,碩士在職專班,男,40,7,0,0,0,0,1,0,0,0,0,0,0,0,0,1,5
108,私立,技專校院,1056,東南科技大學,學士班(日間),女,1616,169,3,27,6,29,22,2,4,0,2,0,1,10,0,16,47
108,私立,技專校院,1056,東南科技大學,學士班(進修),女,144,73,0,0,0,3,0,0,0,0,0,0,0,0,0,15,55
108,私立,技專校院,1056,東南科技大學,碩士班(日間),女,38,8,0,0,0,0,1,2,1,0,0,0,0,0,0,0,4
108,私立,技專校院,1056,東南科技大學,碩士在職專班,女,8,3,0,0,0,0,0,0,0,0,0,0,0,0,0,0,3
108,私立,技專校院,1057,德明財經科技大學,學士班(日間),男,2884,238,5,6,27,36,25,0,0,14,6,0,3,13,5,96,2
108,私立,技專校院,1057,德明財經科技大學,學士班(進修),男,371,53,1,1,0,3,18,0,0,1,0,0,0,0,0,29,0
108,私立,技專校院,1057,德明財經科技大學,碩士班(日間),男,27,10,0,1,0,0,1,0,0,0,0,1,0,0,0,7,0
108,私立,技專校院,1057,德明財經科技大學,碩士在職專班,男,30,7,0,0,0,0,2,0,0,0,0,1,0,0,0,4,0
108,私立,技專校院,1057,德明財經科技大學,學士班(日間),女,4148,253,13,5,16,55,17,6,0,0,17,0,6,10,18,87,3
108,私立,技專校院,1057,德明財經科技大學,學士班(進修),女,331,70,5,1,1,4,13,0,2,0,4,0,1,3,0,36,0
108,私立,技專校院,1057,德明財經科技大學,碩士班(日間),女,17,7,0,0,0,0,0,0,0,0,0,1,0,3,0,3,0
108,私立,技專校院,1057,德明財經科技大學,碩士在職專班,女,18,6,0,0,0,0,0,0,1,0,0,2,0,1,0,2,0
108,私立,一般大學,1058,明道學校財團法人明道大學,學士班(日間),男,1310,61,3,5,2,8,11,0,1,11,0,0,0,4,0,9,7
108,私立,一般大學,1058,明道學校財團法人明道大學,學士班(進修),男,482,18,2,0,1,2,6,0,0,1,0,0,0,2,0,4,0
108,私立,一般大學,1058,明道學校財團法人明道大學,碩士班(日間),男,90,18,1,0,0,1,4,0,0,2,0,5,1,1,1,0,2
108,私立,一般大學,1058,明道學校財團法人明道大學,碩士在職專班,男,25,3,1,0,0,0,2,0,0,0,0,0,0,0,0,0,0
108,私立,一般大學,1058,明道學校財團法人明道大學,博士班,男,19,1,1,0,0,0,0,0,0,0,0,0,0,0,0,0,0
108,私立,一般大學,1058,明道學校財團法人明道大學,學士班(日間),女,940,30,3,4,1,4,8,4,0,0,2,0,0,2,0,1,1
108,私立,一般大學,1058,明道學校財團法人明道大學,學士班(進修),女,279,13,1,0,0,2,5,0,0,0,0,0,0,1,0,4,0
108,私立,一般大學,1058,明道學校財團法人明道大學,碩士班(日間),女,72,11,3,1,0,0,1,0,0,0,0,1,0,2,0,0,3
108,私立,一般大學,1058,明道學校財團法人明道大學,碩士在職專班,女,35,7,1,0,0,0,2,0,1,0,0,0,0,0,0,0,3
108,私立,一般大學,1058,明道學校財團法人明道大學,博士班,女,10,1,0,0,0,0,0,0,0,0,0,0,0,1,0,0,0
108,私立,技專校院,1060,南開科技大學,五專,男,586,35,3,0,4,3,8,0,0,7,1,0,1,0,6,0,2
108,私立,技專校院,1060,南開科技大學,學士班(日間),男,1642,67,7,4,3,3,23,0,0,17,1,0,3,1,3,1,1
108,私立,技專校院,1060,南開科技大學,學士班(進修),男,481,22,0,0,0,1,19,0,0,1,0,0,0,0,0,0,1
108,私立,技專校院,1060,南開科技大學,碩士班(日間),男,56,5,0,0,0,0,4,0,0,1,0,0,0,0,0,0,0
108,私立,技專校院,1060,南開科技大學,碩士在職專班,男,30,5,1,0,0,0,2,0,0,0,0,0,0,1,0,0,1
108,私立,技專校院,1060,南開科技大學,五專,女,129,9,0,0,0,0,4,0,0,0,0,0,0,0,0,0,5
108,私立,技專校院,1060,南開科技大學,學士班(日間),女,835,29,6,4,0,3,10,0,1,0,0,0,1,1,0,1,2
108,私立,技專校院,1060,南開科技大學,學士班(進修),女,242,11,0,0,0,2,8,1,0,0,0,0,0,0,0,0,0
108,私立,技專校院,1060,南開科技大學,碩士班(日間),女,43,5,1,0,0,0,2,0,0,0,0,0,0,0,0,0,2
108,私立,技專校院,1060,南開科技大學,碩士在職專班,女,62,6,2,0,0,0,1,1,0,0,0,1,0,0,1,0,0
108,私立,技專校院,1061,中華學校財團法人中華科技大學,學士班(日間),男,2528,512,14,36,2,9,130,0,0,116,7,0,2,56,0,140,0
108,私立,技專校院,1061,中華學校財團法人中華科技大學,學士班(進修),男,844,161,1,5,1,9,54,0,0,18,2,0,0,0,0,67,4
108,私立,技專校院,1061,中華學校財團法人中華科技大學,碩士班(日間),男,161,40,3,1,0,0,23,0,0,3,0,0,0,2,0,8,0
108,私立,技專校院,1061,中華學校財團法人中華科技大學,碩士在職專班,男,80,22,1,1,0,0,16,0,0,2,0,2,0,0,0,0,0
108,私立,技專校院,1061,中華學校財團法人中華科技大學,二專(進修),女,0,3,0,0,0,0,0,0,0,0,0,0,0,0,0,3,0
108,私立,技專校院,1061,中華學校財團法人中華科技大學,學士班(日間),女,1184,248,17,25,0,6,70,1,6,0,4,0,1,42,0,76,0
108,私立,技專校院,1061,中華學校財團法人中華科技大學,學士班(進修),女,310,51,1,2,0,2,17,0,0,1,0,0,0,0,0,23,5
108,私立,技專校院,1061,中華學校財團法人中華科技大學,碩士班(日間),女,44,19,1,1,0,0,9,0,0,0,0,0,0,5,0,3,0
108,私立,技專校院,1061,中華學校財團法人中華科技大學,碩士在職專班,女,25,3,0,0,0,0,2,0,0,0,0,0,0,0,0,1,0
108,私立,技專校院,1062,僑光科技大學,二專(進修),男,0,1,0,0,0,0,1,0,0,0,0,0,0,0,0,0,0
108,私立,技專校院,1062,僑光科技大學,學士班(日間),男,2618,55,4,3,3,16,11,0,0,9,3,0,4,0,0,1,1
108,私立,技專校院,1062,僑光科技大學,學士班(進修),男,2530,77,2,3,2,12,26,0,0,25,3,0,3,1,0,0,0
108,私立,技專校院,1062,僑光科技大學,碩士班(日間),男,26,2,0,0,0,0,2,0,0,0,0,0,0,0,0,0,0
108,私立,技專校院,1062,僑光科技大學,碩士在職專班,男,18,1,0,0,0,0,1,0,0,0,0,0,0,0,0,0,0
108,私立,技專校院,1062,僑光科技大學,學士班(日間),女,3834,56,3,4,3,17,11,0,1,0,1,0,2,2,3,6,3
108,私立,技專校院,1062,僑光科技大學,學士班(進修),女,1990,39,5,2,2,2,17,2,1,0,4,0,1,1,0,1,1
108,私立,技專校院,1062,僑光科技大學,碩士班(日間),女,28,3,0,0,0,0,2,0,0,0,0,0,0,0,0,0,1
108,私立,技專校院,1062,僑光科技大學,碩士在職專班,女,12,1,0,0,0,0,1,0,0,0,0,0,0,0,0,0,0
108,私立,技專校院,1063,廣亞學校財團法人育達科技大學,學士班(日間),男,992,71,2,13,2,6,12,0,0,12,0,0,1,9,0,2,12
108,私立,技專校院,1063,廣亞學校財團法人育達科技大學,學士班(進修),男,877,82,4,6,1,5,37,0,0,10,0,0,1,2,0,0,16
108,私立,技專校院,1063,廣亞學校財團法人育達科技大學,碩士班(日間),男,68,22,1,0,1,1,15,0,0,2,0,2,0,0,0,0,0
108,私立,技專校院,1063,廣亞學校財團法人育達科技大學,碩士在職專班,男,127,16,2,0,3,0,7,0,0,0,0,0,0,1,0,0,3
108,私立,技專校院,1063,廣亞學校財團法人育達科技大學,學士班(日間),女,988,56,6,13,2,1,6,3,1,0,2,0,2,5,0,0,15
108,私立,技專校院,1063,廣亞學校財團法人育達科技大學,學士班(進修),女,1021,65,9,4,1,4,26,5,2,0,0,0,0,8,0,0,6
108,私立,技專校院,1063,廣亞學校財團法人育達科技大學,碩士班(日間),女,73,10,1,0,0,0,7,0,0,0,0,0,0,1,0,0,1
108,私立,技專校院,1063,廣亞學校財團法人育達科技大學,碩士在職專班,女,79,19,1,0,1,0,12,1,0,0,0,0,0,1,0,0,3
108,私立,技專校院,1064,美和學校財團法人美和科技大學,二專(進修),男,3,3,0,0,0,0,2,0,0,1,0,0,0,0,0,0,0
108,私立,技專校院,1064,美和學校財團法人美和科技大學,五專,男,252,24,0,2,2,9,4,0,0,5,0,0,0,1,1,0,0
108,私立,技專校院,1064,美和學校財團法人美和科技大學,學士班(日間),男,1186,96,6,11,1,15,23,0,0,25,0,0,2,5,4,4,0
108,私立,技專校院,1064,美和學校財團法人美和科技大學,學士班(進修),男,366,52,2,3,0,3,29,0,0,11,1,0,0,2,0,1,0
108,私立,技專校院,1064,美和學校財團法人美和科技大學,碩士班(日間),男,45,9,0,0,0,0,7,0,0,0,0,1,0,1,0,0,0
108,私立,技專校院,1064,美和學校財團法人美和科技大學,碩士在職專班,男,57,11,0,1,0,0,7,0,0,0,0,2,0,1,0,0,0
108,私立,技專校院,1064,美和學校財團法人美和科技大學,二專(進修),女,11,1,0,0,0,0,1,0,0,0,0,0,0,0,0,0,0
108,私立,技專校院,1064,美和學校財團法人美和科技大學,五專,女,1605,75,5,9,4,23,10,2,0,0,3,0,9,2,4,3,1
108,私立,技專校院,1064,美和學校財團法人美和科技大學,學士班(日間),女,1879,108,10,15,2,19,28,4,2,0,5,0,5,7,2,7,2
108,私立,技專校院,1064,美和學校財團法人美和科技大學,學士班(進修),女,1019,113,5,8,0,5,59,3,6,0,1,0,5,10,3,6,2
108,私立,技專校院,1064,美和學校財團法人美和科技大學,碩士班(日間),女,70,34,5,2,0,1,16,0,2,0,0,4,0,4,0,0,0
108,私立,技專校院,1064,美和學校財團法人美和科技大學,碩士在職專班,女,133,16,2,0,0,0,8,0,0,0,0,5,0,1,0,0,0
108,私立,技專校院,1065,吳鳳科技大學,學士班(日間),男,2268,219,2,7,1,25,40,0,0,19,0,0,7,17,1,100,0
108,私立,技專校院,1065,吳鳳科技大學,學士班(進修),男,609,113,4,7,40,12,33,0,0,11,1,0,0,2,2,0,1
108,私立,技專校院,1065,吳鳳科技大學,碩士班(日間),男,33,12,0,0,0,0,2,0,0,1,0,0,0,0,0,9,0
108,私立,技專校院,1065,吳鳳科技大學,碩士在職專班,男,34,4,0,0,0,0,1,0,0,0,0,1,0,0,0,2,0
108,私立,技專校院,1065,吳鳳科技大學,五專,女,3,1,0,0,0,0,0,1,0,0,0,0,0,0,0,0,0
108,私立,技專校院,1065,吳鳳科技大學,學士班(日間),女,998,92,3,8,6,7,6,1,0,2,0,0,10,14,0,35,0
108,私立,技專校院,1065,吳鳳科技大學,學士班(進修),女,234,33,3,6,3,6,11,1,0,1,0,0,0,0,1,0,1
108,私立,技專校院,1065,吳鳳科技大學,碩士班(日間),女,20,6,0,1,0,0,1,0,0,0,0,1,0,0,0,3,0
108,私立,技專校院,1065,吳鳳科技大學,碩士在職專班,女,30,3,0,0,0,0,1,0,0,0,0,0,0,2,0,0,0
108,私立,技專校院,1066,環球學校財團法人環球科技大學,二專(進修),男,83,1,0,0,0,0,1,0,0,0,0,0,0,0,0,0,0
108,私立,技專校院,1066,環球學校財團法人環球科技大學,學士班(日間),男,1209,133,5,23,51,37,4,0,0,13,0,0,0,0,0,0,0
108,私立,技專校院,1066,環球學校財團法人環球科技大學,學士班(進修),男,515,13,1,1,0,0,7,0,0,4,0,0,0,0,0,0,0
108,私立,技專校院,1066,環球學校財團法人環球科技大學,碩士班(日間),男,53,7,0,0,5,1,0,0,0,1,0,0,0,0,0,0,0
108,私立,技專校院,1066,環球學校財團法人環球科技大學,碩士在職專班,男,20,5,0,1,1,1,2,0,0,0,0,0,0,0,0,0,0
108,私立,技專校院,1066,環球學校財團法人環球科技大學,二專(進修),女,102,2,0,0,1,0,1,0,0,0,0,0,0,0,0,0,0
108,私立,技專校院,1066,環球學校財團法人環球科技大學,學士班(日間),女,1346,122,15,21,41,45,0,0,0,0,0,0,0,0,0,0,0
108,私立,技專校院,1066,環球學校財團法人環球科技大學,學士班(進修),女,678,21,1,1,0,0,19,0,0,0,0,0,0,0,0,0,0
108,私立,技專校院,1066,環球學校財團法人環球科技大學,碩士班(日間),女,96,11,3,2,2,3,1,0,0,0,0,0,0,0,0,0,0
108,私立,技專校院,1066,環球學校財團法人環球科技大學,碩士在職專班,女,36,2,0,1,1,0,0,0,0,0,0,0,0,0,0,0,0
108,私立,一般大學,1067,台灣首府學校財團法人台灣首府大學,學士班(日間),男,605,28,0,4,2,4,14,0,0,4,0,0,0,0,0,0,0
108,私立,一般大學,1067,台灣首府學校財團法人台灣首府大學,學士班(進修),男,162,14,0,1,0,2,8,0,0,3,0,0,0,0,0,0,0
108,私立,一般大學,1067,台灣首府學校財團法人台灣首府大學,碩士班(日間),男,18,3,0,0,0,0,3,0,0,0,0,0,0,0,0,0,0
108,私立,一般大學,1067,台灣首府學校財團法人台灣首府大學,學士班(日間),女,619,21,2,4,0,1,10,3,1,0,0,0,0,0,0,0,0
108,私立,一般大學,1067,台灣首府學校財團法人台灣首府大學,學士班(進修),女,108,9,1,0,0,0,7,0,1,0,0,0,0,0,0,0,0
108,私立,一般大學,1067,台灣首府學校財團法人台灣首府大學,碩士班(日間),女,27,4,0,0,0,0,2,0,1,0,0,0,0,1,0,0,0
108,私立,技專校院,1068,中州學校財團法人中州科技大學,學士班(日間),男,849,31,0,4,1,2,14,0,0,6,1,0,0,3,0,0,0
108,私立,技專校院,1068,中州學校財團法人中州科技大學,學士班(進修),男,745,32,3,1,0,4,13,0,0,7,1,0,0,2,1,0,0
108,私立,技專校院,1068,中州學校財團法人中州科技大學,碩士班(日間),男,14,3,0,0,0,0,0,0,0,2,0,0,0,1,0,0,0
108,私立,技專校院,1068,中州學校財團法人中州科技大學,碩士在職專班,男,33,3,0,1,0,0,2,0,0,0,0,0,0,0,0,0,0
108,私立,技專校院,1068,中州學校財團法人中州科技大學,學士班(日間),女,556,14,0,3,0,1,5,0,0,0,0,0,1,3,0,1,0
108,私立,技專校院,1068,中州學校財團法人中州科技大學,學士班(進修),女,835,26,0,1,1,3,13,1,1,0,0,0,0,6,0,0,0
108,私立,技專校院,1068,中州學校財團法人中州科技大學,碩士班(日間),女,12,6,0,1,0,0,4,0,0,0,0,0,0,1,0,0,0
108,私立,技專校院,1068,中州學校財團法人中州科技大學,碩士在職專班,女,17,2,1,0,0,0,1,0,0,0,0,0,0,0,0,0,0
108,私立,技專校院,1069,修平學校財團法人修平科技大學,學士班(日間),男,2233,116,8,7,10,28,37,0,0,1,1,0,0,14,0,1,9
108,私立,技專校院,1069,修平學校財團法人修平科技大學,學士班(進修),男,1132,57,2,1,3,10,32,0,0,0,1,0,0,5,0,1,2
108,私立,技專校院,1069,修平學校財團法人修平科技大學,碩士班(日間),男,36,4,0,0,0,1,2,0,0,0,0,0,0,1,0,0,0
108,私立,技專校院,1069,修平學校財團法人修平科技大學,碩士在職專班,男,6,0,0,0,0,0,0,0,0,0,0,0,0,0,0,0,0
108,私立,技專校院,1069,修平學校財團法人修平科技大學,學士班(日間),女,1011,65,2,7,5,13,24,3,3,0,1,0,0,6,0,1,0
108,私立,技專校院,1069,修平學校財團法人修平科技大學,學士班(進修),女,144,10,0,2,0,0,5,0,1,0,1,0,0,1,0,0,0
108,私立,技專校院,1069,修平學校財團法人修平科技大學,碩士班(日間),女,22,4,0,1,0,0,1,0,0,0,0,0,0,1,0,1,0
108,私立,技專校院,1070,長庚學校財團法人長庚科技大學,五專,男,7,0,0,0,0,0,0,0,0,0,0,0,0,0,0,0,0
108,私立,技專校院,1070,長庚學校財團法人長庚科技大學,學士班(日間),男,552,13,3,1,0,5,0,0,0,1,1,0,1,0,1,0,0
108,私立,技專校院,1070,長庚學校財團法人長庚科技大學,學士班(進修),男,89,2,0,0,0,0,2,0,0,0,0,0,0,0,0,0,0
108,私立,技專校院,1070,長庚學校財團法人長庚科技大學,碩士班(日間),男,3,2,0,0,0,1,0,0,0,1,0,0,0,0,0,0,0
108,私立,技專校院,1070,長庚學校財團法人長庚科技大學,碩士在職專班,男,2,1,0,0,0,0,0,0,0,0,0,0,0,1,0,0,0
108,私立,技專校院,1070,長庚學校財團法人長庚科技大學,五專,女,112,2,0,0,0,2,0,0,0,0,0,0,0,0,0,0,0
108,私立,技專校院,1070,長庚學校財團法人長庚科技大學,學士班(日間),女,4418,82,19,2,0,23,15,2,1,0,11,0,5,1,1,0,2
108,私立,技專校院,1070,長庚學校財團法人長庚科技大學,學士班(進修),女,1071,65,3,3,0,3,35,1,10,0,1,0,0,0,1,0,8
108,私立,技專校院,1070,長庚學校財團法人長庚科技大學,碩士班(日間),女,56,7,1,0,0,0,3,1,0,0,0,0,0,2,0,0,0
108,私立,技專校院,1070,長庚學校財團法人長庚科技大學,碩士在職專班,女,127,14,1,0,0,0,3,1,1,0,0,5,1,1,0,0,1
108,私立,技專校院,1071,城市學校財團法人臺北城市科技大學,二專(進修),男,10,7,0,0,0,0,1,0,0,0,0,0,0,0,0,6,0
108,私立,技專校院,1071,城市學校財團法人臺北城市科技大學,五專,男,850,60,2,4,6,2,24,0,0,6,2,0,9,0,4,1,0
108,私立,技專校院,1071,城市學校財團法人臺北城市科技大學,學士班(日間),男,4449,354,9,49,6,9,166,0,0,47,11,0,21,6,11,12,7
108,私立,技專校院,1071,城市學校財團法人臺北城市科技大學,學士班(進修),男,631,143,1,11,4,7,33,0,0,12,2,0,6,5,0,42,20
108,私立,技專校院,1071,城市學校財團法人臺北城市科技大學,碩士班(日間),男,72,22,0,2,0,0,14,0,1,0,0,3,0,2,0,0,0
108,私立,技專校院,1071,城市學校財團法人臺北城市科技大學,二專(進修),女,2,4,0,0,0,0,0,0,0,0,0,0,0,0,0,4,0
108,私立,技專校院,1071,城市學校財團法人臺北城市科技大學,五專,女,377,30,2,2,2,1,11,0,0,0,3,0,2,0,4,3,0
108,私立,技專校院,1071,城市學校財團法人臺北城市科技大學,學士班(日間),女,2751,189,10,34,0,6,96,2,3,0,5,0,15,3,10,2,3
108,私立,技專校院,1071,城市學校財團法人臺北城市科技大學,學士班(進修),女,220,49,2,4,0,4,14,1,0,0,0,0,2,1,0,13,8
108,私立,技專校院,1071,城市學校財團法人臺北城市科技大學,碩士班(日間),女,16,5,0,0,0,0,1,0,0,0,0,4,0,0,0,0,0
108,私立,技專校院,1072,大華學校財團法人敏實科技大學,五專,男,233,24,1,2,2,10,3,0,0,4,0,0,1,0,0,0,1
108,私立,技專校院,1072,大華學校財團法人敏實科技大學,學士班(日間),男,252,14,0,1,4,3,3,0,0,3,0,0,0,0,0,0,0
108,私立,技專校院,1072,大華學校財團法人敏實科技大學,學士班(進修),男,238,15,1,1,0,3,9,0,0,1,0,0,0,0,0,0,0
108,私立,技專校院,1072,大華學校財團法人敏實科技大學,碩士班(日間),男,3,2,0,0,0,1,1,0,0,0,0,0,0,0,0,0,0
108,私立,技專校院,1072,大華學校財團法人敏實科技大學,五專,女,175,20,1,1,4,9,3,0,0,0,0,0,2,0,0,0,0
108,私立,技專校院,1072,大華學校財團法人敏實科技大學,學士班(日間),女,151,8,2,3,1,1,0,1,0,0,0,0,0,0,0,0,0
108,私立,技專校院,1072,大華學校財團法人敏實科技大學,學士班(進修),女,105,5,0,0,0,1,2,1,0,0,0,0,0,0,0,0,1
108,私立,技專校院,1073,醒吾學校財團法人醒吾科技大學,五專,男,271,48,1,3,7,17,6,0,0,3,1,0,1,0,1,0,8
108,私立,技專校院,1073,醒吾學校財團法人醒吾科技大學,學士班(日間),男,2438,248,14,15,20,69,52,0,0,11,6,0,8,5,0,0,48
108,私立,技專校院,1073,醒吾學校財團法人醒吾科技大學,學士班(進修),男,432,184,6,7,64,16,39,0,0,16,3,0,4,0,5,0,24
108,私立,技專校院,1073,醒吾學校財團法人醒吾科技大學,碩士班(日間),男,29,4,0,0,0,0,1,0,1,0,0,0,0,1,0,0,1
108,私立,技專校院,1073,醒吾學校財團法人醒吾科技大學,碩士在職專班,男,47,5,0,1,0,0,3,0,0,0,1,0,0,0,0,0,0
108,私立,技專校院,1073,醒吾學校財團法人醒吾科技大學,五專,女,427,49,10,4,5,12,6,1,1,0,3,0,1,1,1,0,4
108,私立,技專校院,1073,醒吾學校財團法人醒吾科技大學,學士班(日間),女,3228,246,12,20,24,81,58,2,1,0,14,0,7,8,0,0,19
108,私立,技專校院,1073,醒吾學校財團法人醒吾科技大學,學士班(進修),女,612,185,9,13,29,13,70,3,2,0,6,0,16,7,2,0,15
108,私立,技專校院,1073,醒吾學校財團法人醒吾科技大學,碩士班(日間),女,30,1,0,0,0,0,0,0,0,0,0,0,0,1,0,0,0
108,私立,技專校院,1073,醒吾學校財團法人醒吾科技大學,碩士在職專班,女,49,2,1,0,0,0,0,0,1,0,0,0,0,0,0,0,0
108,私立,技專校院,1075,文藻學校財團法人文藻外語大學,五專,男,277,15,0,0,6,1,0,0,0,1,6,0,0,0,0,1,0
108,私立,技專校院,1075,文藻學校財團法人文藻外語大學,學士班(日間),男,1381,102,4,5,37,21,13,0,0,4,8,1,1,1,3,3,1
108,私立,技專校院,1075,文藻學校財團法人文藻外語大學,學士班(進修),男,674,97,6,6,5,7,52,0,0,1,8,1,1,4,5,1,0
108,私立,技專校院,1075,文藻學校財團法人文藻外語大學,碩士班(日間),男,46,16,0,2,1,0,4,0,1,3,1,3,0,0,0,0,1
108,私立,技專校院,1075,文藻學校財團法人文藻外語大學,碩士在職專班,男,11,2,0,0,0,0,1,0,0,0,0,1,0,0,0,0,0
108,私立,技專校院,1075,文藻學校財團法人文藻外語大學,五專,女,1334,66,4,1,17,14,2,0,0,0,22,0,3,1,0,2,0
108,私立,技專校院,1075,文藻學校財團法人文藻外語大學,學士班(日間),女,4079,243,19,11,88,44,33,1,0,0,29,0,2,5,3,6,2
108,私立,技專校院,1075,文藻學校財團法人文藻外語大學,學士班(進修),女,1347,181,7,18,8,16,95,4,6,0,4,0,2,11,7,3,0
108,私立,技專校院,1075,文藻學校財團法人文藻外語大學,碩士班(日間),女,129,47,1,2,2,2,13,2,1,0,3,18,0,2,1,0,0
108,私立,技專校院,1075,文藻學校財團法人文藻外語大學,碩士在職專班,女,43,19,1,1,1,1,9,1,0,0,0,4,0,0,1,0,0
108,私立,技專校院,1076,華夏學校財團法人華夏科技大學,二專(進修),男,117,24,0,0,0,4,4,0,0,1,0,0,0,0,0,12,3
108,私立,技專校院,1076,華夏學校財團法人華夏科技大學,五專,男,504,76,2,2,8,23,9,0,0,4,2,0,2,1,1,4,18
108,私立,技專校院,1076,華夏學校財團法人華夏科技大學,學士班(日間),男,1133,160,4,17,9,24,25,0,0,25,1,0,2,0,2,45,6
108,私立,技專校院,1076,華夏學校財團法人華夏科技大學,學士班(進修),男,718,101,3,5,0,8,32,0,0,13,1,0,1,2,0,34,2
108,私立,技專校院,1076,華夏學校財團法人華夏科技大學,碩士班(日間),男,30,16,0,0,0,0,6,0,0,0,0,5,0,1,0,4,0
108,私立,技專校院,1076,華夏學校財團法人華夏科技大學,碩士在職專班,男,52,8,0,0,0,0,6,0,0,2,0,0,0,0,0,0,0
108,私立,技專校院,1076,華夏學校財團法人華夏科技大學,二專(進修),女,125,33,1,3,0,11,9,0,0,0,0,0,0,1,0,7,1
108,私立,技專校院,1076,華夏學校財團法人華夏科技大學,五專,女,83,13,0,1,0,10,1,0,0,0,1,0,0,0,0,0,0
108,私立,技專校院,1076,華夏學校財團法人華夏科技大學,學士班(日間),女,708,90,2,7,3,10,15,7,2,0,1,0,0,1,2,32,8
108,私立,技專校院,1076,華夏學校財團法人華夏科技大學,學士班(進修),女,536,70,3,2,1,7,28,2,1,0,1,0,0,3,1,18,3
108,私立,技專校院,1076,華夏學校財團法人華夏科技大學,碩士班(日間),女,9,2,0,0,0,0,1,0,0,0,0,0,0,1,0,0,0
108,私立,技專校院,1076,華夏學校財團法人華夏科技大學,碩士在職專班,女,21,3,0,0,0,0,2,0,0,0,0,0,1,0,0,0,0
108,私立,技專校院,1077,慈濟學校財團法人慈濟科技大學,二專(日間),男,9,0,0,0,0,0,0,0,0,0,0,0,0,0,0,0,0
108,私立,技專校院,1077,慈濟學校財團法人慈濟科技大學,五專,男,170,6,1,0,0,4,0,0,0,0,0,0,0,0,0,0,1
108,私立,技專校院,1077,慈濟學校財團法人慈濟科技大學,學士班(日間),男,562,27,2,1,2,12,4,0,0,2,1,0,0,2,1,0,0
108,私立,技專校院,1077,慈濟學校財團法人慈濟科技大學,學士班(進修),男,6,2,0,0,0,0,0,0,0,0,0,0,0,0,1,0,1
108,私立,技專校院,1077,慈濟學校財團法人慈濟科技大學,碩士班(日間),男,19,3,0,0,0,0,3,0,0,0,0,0,0,0,0,0,0
108,私立,技專校院,1077,慈濟學校財團法人慈濟科技大學,二專(日間),女,12,0,0,0,0,0,0,0,0,0,0,0,0,0,0,0,0
108,私立,技專校院,1077,慈濟學校財團法人慈濟科技大學,五專,女,1134,55,12,3,5,23,0,2,2,0,1,0,0,0,0,0,7
108,私立,技專校院,1077,慈濟學校財團法人慈濟科技大學,學士班(日間),女,1041,52,10,1,5,17,11,2,0,0,0,0,0,0,1,0,5
108,私立,技專校院,1077,慈濟學校財團法人慈濟科技大學,學士班(進修),女,93,17,2,2,0,3,4,2,1,0,0,0,0,3,0,0,0
108,私立,技專校院,1077,慈濟學校財團法人慈濟科技大學,碩士班(日間),女,18,5,0,0,0,0,2,0,1,0,0,0,0,0,0,0,2
108,私立,技專校院,1078,致理學校財團法人致理科技大學,五專,男,330,27,1,0,9,6,2,0,0,2,3,0,2,0,1,0,1
108,私立,技專校院,1078,致理學校財團法人致理科技大學,學士班(日間),男,1993,172,6,10,21,45,22,0,0,19,7,0,8,1,3,29,1
108,私立,技專校院,1078,致理學校財團法人致理科技大學,學士班(進修),男,1264,124,6,9,11,25,52,0,0,11,1,0,8,1,0,0,0
108,私立,技專校院,1078,致理學校財團法人致理科技大學,碩士班(日間),男,10,2,0,0,0,0,1,0,0,1,0,0,0,0,0,0,0
108,私立,技專校院,1078,致理學校財團法人致理科技大學,碩士在職專班,男,18,5,0,0,0,0,4,0,0,0,1,0,0,0,0,0,0
108,私立,技專校院,1078,致理學校財團法人致理科技大學,五專,女,1248,72,4,0,19,30,1,1,0,0,7,0,4,0,2,4,0
108,私立,技專校院,1078,致理學校財團法人致理科技大學,學士班(日間),女,4488,200,16,17,17,69,18,4,2,1,15,0,16,2,3,15,5
108,私立,技專校院,1078,致理學校財團法人致理科技大學,學士班(進修),女,1940,176,17,9,12,32,57,12,15,0,3,0,14,5,0,0,0
108,私立,技專校院,1078,致理學校財團法人致理科技大學,碩士班(日間),女,39,9,1,0,0,0,4,0,1,0,0,2,0,0,0,1,0
108,私立,技專校院,1078,致理學校財團法人致理科技大學,碩士在職專班,女,39,4,0,0,0,0,3,0,0,0,0,0,0,1,0,0,0
108,私立,一般大學,1079,康寧學校財團法人康寧大學,二專(進修),男,45,3,0,0,0,0,2,0,0,0,0,0,0,0,0,1,0
108,私立,一般大學,1079,康寧學校財團法人康寧大學,五專,男,645,26,2,0,1,7,3,0,0,0,1,0,6,0,0,6,0
108,私立,一般大學,1079,康寧學校財團法人康寧大學,學士班(日間),男,121,18,2,2,0,0,2,0,0,4,0,0,0,2,0,5,1
108,私立,一般大學,1079,康寧學校財團法人康寧大學,學士班(進修),男,69,17,1,3,0,1,7,0,0,0,1,0,0,1,0,3,0
108,私立,一般大學,1079,康寧學校財團法人康寧大學,碩士班(日間),男,17,6,0,0,1,0,3,0,0,1,0,0,0,1,0,0,0
108,私立,一般大學,1079,康寧學校財團法人康寧大學,碩士在職專班,男,18,4,0,0,2,0,0,0,0,1,0,0,0,0,0,1,0
108,私立,一般大學,1079,康寧學校財團法人康寧大學,二專(進修),女,159,13,2,0,0,0,5,0,1,0,0,0,0,2,0,1,2
108,私立,一般大學,1079,康寧學校財團法人康寧大學,五專,女,2169,79,15,3,5,27,3,0,0,0,6,0,6,1,1,9,3
108,私立,一般大學,1079,康寧學校財團法人康寧大學,學士班(日間),女,221,10,2,1,0,3,1,0,0,0,0,0,0,2,0,1,0
108,私立,一般大學,1079,康寧學校財團法人康寧大學,學士班(進修),女,106,7,0,0,0,1,2,1,0,0,0,0,0,2,0,0,1
108,私立,一般大學,1079,康寧學校財團法人康寧大學,碩士班(日間),女,33,5,0,0,0,0,1,1,0,0,0,0,0,0,0,3,0
108,私立,一般大學,1079,康寧學校財團法人康寧大學,碩士在職專班,女,38,12,0,1,1,0,6,1,1,0,0,0,0,1,0,1,0
108,私立,技專校院,1080,宏國學校財團法人宏國德霖科技大學,二專(進修),男,46,0,0,0,0,0,0,0,0,0,0,0,0,0,0,0,0
108,私立,技專校院,1080,宏國學校財團法人宏國德霖科技大學,五專,男,740,33,1,3,3,15,6,0,0,4,0,0,1,0,0,0,0
108,私立,技專校院,1080,宏國學校財團法人宏國德霖科技大學,學士班(日間),男,1383,80,5,12,5,16,15,0,0,16,0,0,0,1,1,2,7
108,私立,技專校院,1080,宏國學校財團法人宏國德霖科技大學,學士班(進修),男,1302,49,0,3,0,4,28,0,0,11,0,0,0,2,1,0,0
108,私立,技專校院,1080,宏國學校財團法人宏國德霖科技大學,二專(進修),女,54,0,0,0,0,0,0,0,0,0,0,0,0,0,0,0,0
108,私立,技專校院,1080,宏國學校財團法人宏國德霖科技大學,五專,女,486,11,4,0,0,3,2,0,0,0,1,0,0,0,0,0,1
108,私立,技專校院,1080,宏國學校財團法人宏國德霖科技大學,學士班(日間),女,937,56,2,9,7,11,13,1,0,0,2,0,1,1,1,2,6
108,私立,技專校院,1080,宏國學校財團法人宏國德霖科技大學,學士班(進修),女,784,27,2,2,0,4,14,2,0,0,0,0,0,3,0,0,0
108,私立,技專校院,1081,東方學校財團法人東方設計大學,五專,男,462,51,1,4,1,12,7,0,0,7,0,0,1,0,0,11,7
108,私立,技專校院,1081,東方學校財團法人東方設計大學,學士班(日間),男,517,81,0,10,0,3,6,0,0,5,0,0,0,0,1,44,12
108,私立,技專校院,1081,東方學校財團法人東方設計大學,學士班(進修),男,74,18,0,1,0,1,4,0,0,5,0,0,0,0,0,2,5
108,私立,技專校院,1081,東方學校財團法人東方設計大學,碩士班(日間),男,45,19,0,3,0,1,1,0,0,0,0,0,0,0,0,6,8
108,私立,技專校院,1081,東方學校財團法人東方設計大學,碩士在職專班,男,15,20,0,0,0,0,1,0,0,0,0,0,0,0,0,19,0
108,私立,技專校院,1081,東方學校財團法人東方設計大學,博士班,男,14,2,0,1,0,0,0,0,0,0,0,0,0,0,0,1,0
108,私立,技專校院,1081,東方學校財團法人東方設計大學,五專,女,547,47,6,2,0,12,5,0,0,0,0,0,0,0,0,11,11
108,私立,技專校院,1081,東方學校財團法人東方設計大學,學士班(日間),女,416,67,3,8,0,4,5,2,0,0,0,0,0,1,0,26,18
108,私立,技專校院,1081,東方學校財團法人東方設計大學,學士班(進修),女,82,19,0,3,1,0,4,0,0,0,0,0,0,0,0,5,6
108,私立,技專校院,1081,東方學校財團法人東方設計大學,碩士班(日間),女,57,24,3,5,0,0,6,0,0,0,0,2,0,0,0,5,3
108,私立,技專校院,1081,東方學校財團法人東方設計大學,碩士在職專班,女,26,17,0,0,0,0,4,0,0,0,0,0,0,0,0,13,0
108,私立,技專校院,1081,東方學校財團法人東方設計大學,博士班,女,18,2,1,0,0,0,0,1,0,0,0,0,0,0,0,0,0
108,私立,技專校院,1082,崇右學校財團法人崇右影藝科技大學,五專,男,39,3,0,1,0,1,1,0,0,0,0,0,0,0,0,0,0
108,私立,技專校院,1082,崇右學校財團法人崇右影藝科技大學,學士班(日間),男,833,50,3,13,4,4,13,0,0,12,1,0,0,0,0,0,0
108,私立,技專校院,1082,崇右學校財團法人崇右影藝科技大學,碩士班(日間),男,40,6,2,0,0,0,3,0,1,0,0,0,0,0,0,0,0
108,私立,技專校院,1082,崇右學校財團法人崇右影藝科技大學,五專,女,45,2,0,1,0,0,1,0,0,0,0,0,0,0,0,0,0
108,私立,技專校院,1082,崇右學校財團法人崇右影藝科技大學,學士班(日間),女,1021,70,1,19,12,6,18,1,3,0,5,0,0,0,0,5,0
108,私立,技專校院,1082,崇右學校財團法人崇右影藝科技大學,碩士班(日間),女,36,5,0,1,0,0,2,0,0,0,0,2,0,0,0,0,0
108,私立,技專校院,1083,台北海洋學校財團法人台北海洋科技大學,二專(日間),男,53,4,0,0,0,0,2,0,0,0,0,0,0,0,0,2,0
108,私立,技專校院,1083,台北海洋學校財團法人台北海洋科技大學,二專(進修),男,112,10,0,4,0,0,5,0,0,1,0,0,0,0,0,0,0
108,私立,技專校院,1083,台北海洋學校財團法人台北海洋科技大學,五專,男,583,62,1,7,0,18,12,0,1,15,0,0,0,0,0,6,2
108,私立,技專校院,1083,台北海洋學校財團法人台北海洋科技大學,學士班(日間),男,1596,166,10,17,0,39,39,0,0,18,1,0,1,0,0,39,2
108,私立,技專校院,1083,台北海洋學校財團法人台北海洋科技大學,學士班(進修),男,139,16,1,1,0,2,9,0,0,2,0,0,0,0,0,0,1
108,私立,技專校院,1083,台北海洋學校財團法人台北海洋科技大學,碩士班(日間),男,70,22,1,2,0,0,17,0,0,1,1,0,0,0,0,0,0
108,私立,技專校院,1083,台北海洋學校財團法人台北海洋科技大學,二專(日間),女,1,0,0,0,0,0,0,0,0,0,0,0,0,0,0,0,0
108,私立,技專校院,1083,台北海洋學校財團法人台北海洋科技大學,二專(進修),女,11,2,0,2,0,0,0,0,0,0,0,0,0,0,0,0,0
108,私立,技專校院,1083,台北海洋學校財團法人台北海洋科技大學,五專,女,360,29,3,2,0,11,8,0,0,0,0,0,0,0,0,5,0
108,私立,技專校院,1083,台北海洋學校財團法人台北海洋科技大學,學士班(日間),女,1231,117,8,23,0,32,20,0,2,0,2,0,0,0,0,24,6
108,私立,技專校院,1083,台北海洋學校財團法人台北海洋科技大學,學士班(進修),女,218,12,2,5,0,2,2,1,0,0,0,0,0,0,0,0,0
108,私立,技專校院,1083,台北海洋學校財團法人台北海洋科技大學,碩士班(日間),女,66,15,2,1,0,1,9,0,0,0,0,0,0,0,0,1,1
108,私立,一般大學,1125,中信學校財團法人中信金融管理學院,學士班(日間),男,350,3,0,0,0,1,1,0,0,0,0,0,0,1,0,0,0
108,私立,一般大學,1125,中信學校財團法人中信金融管理學院,碩士班(日間),男,41,6,0,0,0,0,6,0,0,0,0,0,0,0,0,0,0
108,私立,一般大學,1125,中信學校財團法人中信金融管理學院,學士班(日間),女,285,3,0,0,0,1,0,0,0,0,1,0,0,0,0,1,0
108,私立,一般大學,1125,中信學校財團法人中信金融管理學院,碩士班(日間),女,42,10,2,0,0,0,6,0,0,0,0,0,0,2,0,0,0
108,私立,技專校院,1148,大漢技術學院,二專(進修),男,89,11,0,0,0,2,9,0,0,0,0,0,0,0,0,0,0
108,私立,技專校院,1148,大漢技術學院,學士班(日間),男,165,18,1,3,2,1,5,0,0,5,0,0,0,1,0,0,0
108,私立,技專校院,1148,大漢技術學院,學士班(進修),男,340,44,1,3,0,2,32,0,0,3,0,0,0,2,1,0,0
108,私立,技專校院,1148,大漢技術學院,碩士班(日間),男,50,25,0,1,0,0,10,0,0,0,0,13,0,1,0,0,0
108,私立,技專校院,1148,大漢技術學院,二專(進修),女,75,4,0,0,0,0,4,0,0,0,0,0,0,0,0,0,0
108,私立,技專校院,1148,大漢技術學院,學士班(日間),女,117,10,1,0,0,4,4,0,0,1,0,0,0,0,0,0,0
108,私立,技專校院,1148,大漢技術學院,學士班(進修),女,212,30,1,2,0,4,17,1,3,0,0,0,0,1,0,0,1
108,私立,技專校院,1148,大漢技術學院,碩士班(日間),女,27,7,2,1,0,0,2,0,0,0,0,2,0,0,0,0,0
108,私立,技專校院,1159,和春技術學院,二專(進修),男,126,15,0,0,0,1,8,0,0,2,0,0,0,0,0,4,0
108,私立,技專校院,1159,和春技術學院,五專,男,72,10,0,0,0,3,0,0,0,6,1,0,0,0,0,0,0
108,私立,技專校院,1159,和春技術學院,學士班(日間),男,194,22,0,1,0,5,5,0,0,6,0,0,0,0,0,5,0
108,私立,技專校院,1159,和春技術學院,學士班(進修),男,253,27,1,0,0,3,13,0,0,3,0,0,0,0,0,7,0
108,私立,技專校院,1159,和春技術學院,碩士班(日間),男,7,4,1,0,0,0,3,0,0,0,0,0,0,0,0,0,0
108,私立,技專校院,1159,和春技術學院,二專(進修),女,55,7,1,1,0,0,3,0,0,0,0,0,0,0,0,2,0
108,私立,技專校院,1159,和春技術學院,五專,女,54,4,0,0,0,1,1,0,1,0,0,0,0,0,0,1,0
108,私立,技專校院,1159,和春技術學院,學士班(日間),女,76,12,0,0,0,0,3,0,1,2,0,0,0,0,0,6,0
108,私立,技專校院,1159,和春技術學院,學士班(進修),女,141,10,1,0,0,0,7,0,0,0,0,0,0,0,0,2,0
108,私立,技專校院,1159,和春技術學院,碩士班(日間),女,1,0,0,0,0,0,0,0,0,0,0,0,0,0,0,0,0
108,私立,技專校院,1166,亞東技術學院,學士班(日間),男,3000,156,4,23,22,20,44,0,0,25,8,0,7,0,1,0,2
108,私立,技專校院,1166,亞東技術學院,學士班(進修),男,1,0,0,0,0,0,0,0,0,0,0,0,0,0,0,0,0
108,私立,技專校院,1166,亞東技術學院,碩士班(日間),男,35,3,0,1,0,0,1,0,0,1,0,0,0,0,0,0,0
108,私立,技專校院,1166,亞東技術學院,學士班(日間),女,1316,70,5,9,10,11,15,0,1,0,1,0,15,2,1,0,0
108,私立,技專校院,1166,亞東技術學院,學士班(進修),女,135,9,1,1,0,0,4,2,0,0,0,0,0,1,0,0,0
108,私立,技專校院,1166,亞東技術學院,碩士班(日間),女,10,2,0,1,0,0,1,0,0,0,0,0,0,0,0,0,0
108,私立,技專校院,1168,南亞科技學校財團法人南亞技術學院,二專(進修),男,8,13,0,0,0,0,13,0,0,0,0,0,0,0,0,0,0
108,私立,技專校院,1168,南亞科技學校財團法人南亞技術學院,五專,男,186,23,0,2,0,11,4,0,0,1,1,0,1,1,0,2,0
108,私立,技專校院,1168,南亞科技學校財團法人南亞技術學院,學士班(日間),男,850,150,6,21,5,12,33,0,0,48,1,0,6,2,0,16,0
108,私立,技專校院,1168,南亞科技學校財團法人南亞技術學院,學士班(進修),男,650,114,3,8,0,8,54,0,0,22,0,0,1,3,0,15,0
108,私立,技專校院,1168,南亞科技學校財團法人南亞技術學院,碩士班(日間),男,15,4,0,0,0,0,3,0,0,0,0,0,0,1,0,0,0
108,私立,技專校院,1168,南亞科技學校財團法人南亞技術學院,二專(進修),女,1,3,0,0,0,0,3,0,0,0,0,0,0,0,0,0,0
108,私立,技專校院,1168,南亞科技學校財團法人南亞技術學院,五專,女,145,18,1,1,0,7,4,1,0,0,0,0,3,1,0,0,0
108,私立,技專校院,1168,南亞科技學校財團法人南亞技術學院,學士班(日間),女,553,77,9,9,0,6,26,4,0,0,1,0,8,3,0,11,0
108,私立,技專校院,1168,南亞科技學校財團法人南亞技術學院,學士班(進修),女,278,41,2,5,0,1,18,5,1,0,0,0,1,5,0,3,0
108,私立,技專校院,1168,南亞科技學校財團法人南亞技術學院,碩士班(日間),女,3,1,0,0,0,0,1,0,0,0,0,0,0,0,0,0,0
108,私立,一般大學,1176,稻江科技暨管理學院,學士班(日間),男,593,27,0,5,0,5,8,0,0,8,0,0,0,1,0,0,0
108,私立,一般大學,1176,稻江科技暨管理學院,學士班(進修),男,254,7,0,0,0,1,4,0,0,2,0,0,0,0,0,0,0
108,私立,一般大學,1176,稻江科技暨管理學院,碩士班(日間),男,32,9,1,0,0,0,2,0,0,2,0,2,0,1,0,0,1
108,私立,一般大學,1176,稻江科技暨管理學院,碩士在職專班,男,31,5,0,0,0,0,2,0,0,0,0,2,0,1,0,0,0
108,私立,一般大學,1176,稻江科技暨管理學院,學士班(日間),女,513,30,2,8,0,4,12,0,0,0,0,0,1,2,0,0,1
108,私立,一般大學,1176,稻江科技暨管理學院,學士班(進修),女,374,14,2,2,0,2,7,0,0,0,0,0,0,1,0,0,0
108,私立,一般大學,1176,稻江科技暨管理學院,碩士班(日間),女,44,11,0,0,0,0,4,0,0,0,0,4,0,2,0,0,1
108,私立,一般大學,1176,稻江科技暨管理學院,碩士在職專班,女,14,2,0,0,0,0,1,0,0,0,0,0,0,1,0,0,0
108,私立,技專校院,1182,蘭陽技術學院,五專,男,184,12,0,0,1,4,6,0,0,1,0,0,0,0,0,0,0
108,私立,技專校院,1182,蘭陽技術學院,學士班(日間),男,189,7,1,0,3,1,2,0,0,0,0,0,0,0,0,0,0
108,私立,技專校院,1182,蘭陽技術學院,五專,女,137,12,0,0,5,4,2,0,0,0,1,0,0,0,0,0,0
108,私立,技專校院,1182,蘭陽技術學院,學士班(日間),女,157,9,0,0,5,3,1,0,0,0,0,0,0,0,0,0,0
108,私立,技專校院,1183,黎明技術學院,二專(進修),男,1,0,0,0,0,0,0,0,0,0,0,0,0,0,0,0,0
108,私立,技專校院,1183,黎明技術學院,五專,男,397,12,1,0,1,4,3,0,0,2,0,0,0,0,0,0,1
108,私立,技專校院,1183,黎明技術學院,學士班(日間),男,1797,90,5,19,4,13,15,0,0,20,7,0,3,0,0,0,4
108,私立,技專校院,1183,黎明技術學院,學士班(進修),男,687,33,2,5,0,4,7,0,0,2,1,0,2,1,0,8,1
108,私立,技專校院,1183,黎明技術學院,二專(進修),女,3,5,0,0,0,0,1,0,0,0,0,0,0,0,0,4,0
108,私立,技專校院,1183,黎明技術學院,五專,女,67,3,0,0,1,1,0,0,0,0,1,0,0,0,0,0,0
108,私立,技專校院,1183,黎明技術學院,學士班(日間),女,1624,95,5,13,0,21,38,2,0,0,2,0,7,0,0,0,7
108,私立,技專校院,1183,黎明技術學院,學士班(進修),女,484,32,0,6,1,10,8,0,0,0,0,0,0,4,0,2,1
108,私立,技專校院,1185,德育學校財團法人德育護理健康學院,五專,男,360,62,0,4,3,11,16,0,0,14,0,0,0,0,0,1,13
108,私立,技專校院,1185,德育學校財團法人德育護理健康學院,學士班(日間),男,778,79,3,7,5,11,20,0,0,12,0,0,2,3,3,0,13
108,私立,技專校院,1185,德育學校財團法人德育護理健康學院,學士班(進修),男,44,7,0,0,0,0,5,0,0,2,0,0,0,0,0,0,0
108,私立,技專校院,1185,德育學校財團法人德育護理健康學院,碩士班(日間),男,6,2,0,0,0,0,0,0,0,0,1,1,0,0,0,0,0
108,私立,技專校院,1185,德育學校財團法人德育護理健康學院,碩士在職專班,男,8,4,0,0,0,0,2,0,0,0,0,1,0,0,0,0,1
108,私立,技專校院,1185,德育學校財團法人德育護理健康學院,五專,女,867,87,2,6,13,19,20,1,1,1,0,0,0,0,1,3,20
108,私立,技專校院,1185,德育學校財團法人德育護理健康學院,學士班(日間),女,1418,99,7,11,4,15,16,2,4,1,1,0,6,4,5,4,19
108,私立,技專校院,1185,德育學校財團法人德育護理健康學院,學士班(進修),女,162,5,0,0,0,0,2,0,2,0,0,0,0,0,0,1,0
108,私立,技專校院,1185,德育學校財團法人德育護理健康學院,碩士班(日間),女,29,6,0,0,0,0,4,0,0,0,0,1,0,0,0,0,1
108,私立,技專校院,1185,德育學校財團法人德育護理健康學院,碩士在職專班,女,37,8,1,0,0,0,5,0,1,0,0,0,0,1,0,0,0
108,私立,技專校院,1188,大同技術學院,二專(進修),男,0,3,0,1,0,0,2,0,0,0,0,0,0,0,0,0,0
108,私立,技專校院,1188,大同技術學院,五專,男,44,18,0,1,1,1,9,0,0,3,0,0,0,0,0,3,0
108,私立,技專校院,1188,大同技術學院,學士班(日間),男,348,71,1,7,2,4,26,0,0,6,0,0,0,0,0,22,3
108,私立,技專校院,1188,大同技術學院,學士班(進修),男,122,31,1,1,0,0,16,0,0,2,0,0,0,2,1,5,3
108,私立,技專校院,1188,大同技術學院,五專,女,50,5,0,0,0,3,2,0,0,0,0,0,0,0,0,0,0
108,私立,技專校院,1188,大同技術學院,學士班(日間),女,444,60,4,7,2,4,22,1,0,0,0,0,1,0,0,16,3
108,私立,技專校院,1188,大同技術學院,學士班(進修),女,329,43,4,1,0,2,24,3,0,1,0,0,0,1,0,5,2
108,私立,技專校院,1192,臺灣觀光學院,二專(進修),男,21,3,0,0,0,0,3,0,0,0,0,0,0,0,0,0,0
108,私立,技專校院,1192,臺灣觀光學院,五專,男,41,5,0,0,0,1,0,0,0,2,0,0,2,0,0,0,0
108,私立,技專校院,1192,臺灣觀光學院,學士班(日間),男,138,11,1,1,0,1,7,0,0,0,0,0,1,0,0,0,0
108,私立,技專校院,1192,臺灣觀光學院,學士班(進修),男,71,15,0,0,0,0,14,0,0,1,0,0,0,0,0,0,0
108,私立,技專校院,1192,臺灣觀光學院,碩士班(日間),男,12,6,0,0,0,0,5,0,0,0,0,1,0,0,0,0,0
108,私立,技專校院,1192,臺灣觀光學院,二專(進修),女,39,3,0,0,0,1,2,0,0,0,0,0,0,0,0,0,0
108,私立,技專校院,1192,臺灣觀光學院,五專,女,46,2,0,0,0,0,0,0,2,0,0,0,0,0,0,0,0
108,私立,技專校院,1192,臺灣觀光學院,學士班(日間),女,125,18,3,1,0,3,9,0,1,0,0,0,0,1,0,0,0
108,私立,技專校院,1192,臺灣觀光學院,學士班(進修),女,101,13,0,2,0,2,6,0,0,0,1,0,0,2,0,0,0
108,私立,技專校院,1192,臺灣觀光學院,碩士班(日間),女,14,11,1,0,0,0,6,0,0,0,0,3,0,1,0,0,0
108,私立,一般大學,1195,馬偕學校財團法人馬偕醫學院,學士班(日間),男,220,10,1,0,0,4,1,0,0,0,0,0,0,0,0,0,4
108,私立,一般大學,1195,馬偕學校財團法人馬偕醫學院,碩士班(日間),男,15,6,0,0,0,0,1,0,0,0,0,2,0,0,0,0,3
108,私立,一般大學,1195,馬偕學校財團法人馬偕醫學院,博士班,男,2,0,0,0,0,0,0,0,0,0,0,0,0,0,0,0,0
108,私立,一般大學,1195,馬偕學校財團法人馬偕醫學院,學士班(日間),女,421,17,1,0,0,10,0,0,0,0,2,0,0,0,0,0,4
108,私立,一般大學,1195,馬偕學校財團法人馬偕醫學院,碩士班(日間),女,26,10,1,0,0,0,4,0,1,0,0,0,0,1,0,0,3
108,私立,一般大學,1195,馬偕學校財團法人馬偕醫學院,博士班,女,0,1,0,0,0,0,0,0,0,0,0,0,0,0,0,0,1
108,私立,一般大學,1196,法鼓學校財團法人法鼓文理學院,學士班(日間),男,24,6,2,0,0,0,0,0,0,0,0,0,0,3,0,0,1
108,私立,一般大學,1196,法鼓學校財團法人法鼓文理學院,碩士班(日間),男,66,32,0,2,0,0,5,0,0,1,1,18,0,0,0,0,5
108,私立,一般大學,1196,法鼓學校財團法人法鼓文理學院,博士班,男,8,2,0,0,0,0,0,0,0,0,0,0,0,0,0,0,2
108,私立,一般大學,1196,法鼓學校財團法人法鼓文理學院,學士班(日間),女,37,4,0,0,0,0,0,0,0,0,1,0,0,1,0,0,2
108,私立,一般大學,1196,法鼓學校財團法人法鼓文理學院,碩士班(日間),女,158,58,3,1,0,1,21,0,0,0,2,27,0,2,0,0,1
108,私立,一般大學,1196,法鼓學校財團法人法鼓文理學院,博士班,女,12,2,2,0,0,0,0,0,0,0,0,0,0,0,0,0,0
108,私立,技專校院,1282,馬偕學校財團法人馬偕醫護管理專科學校,二專(日間),男,15,0,0,0,0,0,0,0,0,0,0,0,0,0,0,0,0
108,私立,技專校院,1282,馬偕學校財團法人馬偕醫護管理專科學校,二專(進修),男,108,9,0,0,1,0,8,0,0,0,0,0,0,0,0,0,0
108,私立,技專校院,1282,馬偕學校財團法人馬偕醫護管理專科學校,五專,男,469,27,1,0,9,11,2,0,0,0,1,0,2,1,0,0,0
108,私立,技專校院,1282,馬偕學校財團法人馬偕醫護管理專科學校,二專(日間),女,39,1,0,0,0,1,0,0,0,0,0,0,0,0,0,0,0
108,私立,技專校院,1282,馬偕學校財團法人馬偕醫護管理專科學校,二專(進修),女,134,7,1,0,1,0,3,1,1,0,0,0,0,0,0,0,0
108,私立,技專校院,1282,馬偕學校財團法人馬偕醫護管理專科學校,五專,女,3458,99,9,4,27,31,8,2,1,0,4,0,7,2,1,0,3
108,私立,技專校院,1283,仁德醫護管理專科學校,二專(進修),男,198,2,1,0,0,0,1,0,0,0,0,0,0,0,0,0,0
108,私立,技專校院,1283,仁德醫護管理專科學校,五專,男,1294,32,3,1,7,11,5,0,0,3,1,0,1,0,0,0,0
108,私立,技專校院,1283,仁德醫護管理專科學校,二專(進修),女,193,3,0,0,0,0,2,0,0,0,0,0,0,1,0,0,0
108,私立,技專校院,1283,仁德醫護管理專科學校,五專,女,4748,89,8,11,9,43,10,3,1,0,0,0,3,1,0,0,0
108,私立,技專校院,1284,樹人醫護管理專科學校,二專(進修),男,316,42,3,2,0,1,27,0,0,0,0,0,0,0,0,0,9
108,私立,技專校院,1284,樹人醫護管理專科學校,五專,男,1551,90,3,0,12,56,7,0,0,1,1,0,3,0,0,0,7
108,私立,技專校院,1284,樹人醫護管理專科學校,二專(進修),女,229,35,2,0,0,1,23,0,0,0,0,0,0,0,0,0,9
108,私立,技專校院,1284,樹人醫護管理專科學校,五專,女,5190,189,29,0,18,90,19,0,3,6,1,0,9,0,0,0,14
108,私立,技專校院,1285,慈惠醫護管理專科學校,二專(日間),男,36,12,0,4,0,1,2,0,0,0,0,0,0,0,0,5,0
108,私立,技專校院,1285,慈惠醫護管理專科學校,二專(進修),男,94,25,0,1,0,1,13,0,0,0,0,0,0,0,0,0,10
108,私立,技專校院,1285,慈惠醫護管理專科學校,五專,男,896,121,7,17,5,42,20,0,0,19,0,0,2,0,0,9,0
108,私立,技專校院,1285,慈惠醫護管理專科學校,二專(日間),女,67,10,1,2,0,2,1,0,0,0,0,0,0,0,0,4,0
108,私立,技專校院,1285,慈惠醫護管理專科學校,二專(進修),女,177,27,3,1,0,0,9,1,1,0,0,0,0,0,0,0,12
108,私立,技專校院,1285,慈惠醫護管理專科學校,五專,女,3234,303,30,65,12,102,33,5,0,1,0,0,10,0,0,45,0
108,私立,技專校院,1286,耕莘健康管理專科學校,二專(進修),男,3,0,0,0,0,0,0,0,0,0,0,0,0,0,0,0,0
108,私立,技專校院,1286,耕莘健康管理專科學校,五專,男,454,35,3,0,0,17,2,0,0,2,1,0,0,1,0,2,7
108,私立,技專校院,1286,耕莘健康管理專科學校,二專(進修),女,116,6,0,1,0,0,4,0,0,0,0,0,0,1,0,0,0
108,私立,技專校院,1286,耕莘健康管理專科學校,五專,女,4338,136,21,0,1,53,7,2,4,0,3,0,4,5,2,11,23
108,私立,技專校院,1287,敏惠醫護管理專科學校,五專,男,467,16,0,0,2,6,1,0,0,0,0,0,0,0,0,0,7
108,私立,技專校院,1287,敏惠醫護管理專科學校,五專,女,3437,101,19,5,7,28,3,1,0,0,0,0,0,0,0,3,35
108,私立,技專校院,1289,育英醫護管理專科學校,五專,男,227,12,0,1,1,7,1,0,0,1,0,0,0,0,0,0,1
108,私立,技專校院,1289,育英醫護管理專科學校,五專,女,1769,74,11,6,18,34,1,0,0,0,0,0,1,1,0,0,2
108,私立,技專校院,1291,聖母醫護管理專科學校,二專(日間),男,17,0,0,0,0,0,0,0,0,0,0,0,0,0,0,0,0
108,私立,技專校院,1291,聖母醫護管理專科學校,二專(進修),男,8,0,0,0,0,0,0,0,0,0,0,0,0,0,0,0,0
108,私立,技專校院,1291,聖母醫護管理專科學校,五專,男,516,35,3,2,8,9,4,0,0,4,0,0,2,0,0,0,3
108,私立,技專校院,1291,聖母醫護管理專科學校,二專(日間),女,5,0,0,0,0,0,0,0,0,0,0,0,0,0,0,0,0
108,私立,技專校院,1291,聖母醫護管理專科學校,二專(進修),女,10,4,0,0,0,0,3,1,0,0,0,0,0,0,0,0,0
108,私立,技專校院,1291,聖母醫護管理專科學校,五專,女,2005,117,8,8,12,64,5,2,1,1,0,0,14,2,0,0,0
108,私立,技專校院,1292,新生醫護管理專科學校,二專(進修),男,23,3,0,0,0,0,3,0,0,0,0,0,0,0,0,0,0
108,私立,技專校院,1292,新生醫護管理專科學校,五專,男,722,37,4,5,10,2,8,0,0,0,0,0,0,0,0,0,8
108,私立,技專校院,1292,新生醫護管理專科學校,二專(進修),女,53,3,0,0,0,0,3,0,0,0,0,0,0,0,0,0,0
108,私立,技專校院,1292,新生醫護管理專科學校,五專,女,5233,235,44,25,75,6,13,4,1,0,0,0,0,0,0,0,67
108,私立,技專校院,1293,崇仁醫護管理專科學校,五專,男,410,12,1,1,1,4,1,0,0,0,1,0,0,0,0,0,3
108,私立,技專校院,1293,崇仁醫護管理專科學校,五專,女,2920,59,4,1,3,33,5,0,0,0,1,0,3,0,0,2,7
108,私立,宗教研修學院,1R02,學校財團法人中華浸信會基督教台灣浸會神學院,碩士班(日間),男,19,1,0,0,0,0,0,0,0,0,0,0,1,0,0,0,0
108,私立,宗教研修學院,1R02,學校財團法人中華浸信會基督教台灣浸會神學院,碩士班(日間),女,22,2,0,0,0,0,0,0,1,0,0,0,0,0,0,0,1
108,私立,宗教研修學院,1R03,臺北基督學院,學士班(日間),男,39,9,2,1,2,0,0,0,0,1,0,0,0,0,0,0,3
108,私立,宗教研修學院,1R03,臺北基督學院,學士班(日間),女,42,3,0,1,0,1,0,0,0,0,0,0,0,0,0,0,1
108,私立,宗教研修學院,1R04,財團法人一貫道天皇基金會一貫道天皇學院,學士班(日間),男,30,6,1,0,0,4,0,0,0,1,0,0,0,0,0,0,0
108,私立,宗教研修學院,1R04,財團法人一貫道天皇基金會一貫道天皇學院,碩士班(日間),男,13,4,1,0,0,0,0,0,0,0,0,0,0,2,0,0,1
108,私立,宗教研修學院,1R04,財團法人一貫道天皇基金會一貫道天皇學院,碩士在職專班,男,29,3,0,0,0,0,3,0,0,0,0,0,0,0,0,0,0
108,私立,宗教研修學院,1R04,財團法人一貫道天皇基金會一貫道天皇學院,學士班(日間),女,45,6,2,0,0,1,1,0,0,0,0,0,0,0,0,0,2
108,私立,宗教研修學院,1R04,財團法人一貫道天皇基金會一貫道天皇學院,碩士班(日間),女,21,6,1,2,0,0,1,0,0,0,0,0,0,1,0,0,1
108,私立,宗教研修學院,1R04,財團法人一貫道天皇基金會一貫道天皇學院,碩士在職專班,女,33,7,1,0,0,0,3,0,0,0,0,0,0,1,0,0,2
108,私立,宗教研修學院,1R05,台神學校財團法人台灣神學研究學院,碩士班(日間),男,40,2,0,0,0,0,1,0,0,0,0,0,0,1,0,0,0
108,私立,宗教研修學院,1R05,台神學校財團法人台灣神學研究學院,碩士班(日間),女,67,6,1,1,0,1,0,0,0,0,0,0,2,1,0,0,0
108,私立,宗教研修學院,1R06,一貫道崇德學院,碩士班(日間),男,25,15,0,0,0,0,8,0,0,0,0,6,0,1,0,0,0
108,私立,宗教研修學院,1R06,一貫道崇德學院,碩士班(日間),女,33,10,2,1,0,0,4,0,0,0,0,3,0,0,0,0,0
108,私立,宗教研修學院,1R07,台灣基督長老教會南神神學院,碩士班(日間),男,24,2,0,0,0,1,0,0,1,0,0,0,0,0,0,0,0
108,私立,宗教研修學院,1R07,台灣基督長老教會南神神學院,碩士班(日間),女,43,7,1,3,0,0,2,0,0,0,0,0,0,1,0,0,0
108,公立,一般大學,3002,臺北市立大學,學士班(日間),男,2335,138,4,15,17,33,32,0,0,0,12,0,3,5,11,0,6
108,公立,一般大學,3002,臺北市立大學,碩士班(日間),男,420,76,3,5,0,3,39,0,4,1,2,10,0,1,2,0,6
108,公立,一般大學,3002,臺北市立大學,碩士在職專班,男,298,55,2,0,0,1,32,0,4,0,0,11,0,2,1,0,2
108,公立,一般大學,3002,臺北市立大學,博士班,男,101,22,1,0,0,0,4,0,3,0,1,10,0,1,0,0,2
108,公立,一般大學,3002,臺北市立大學,學士班(日間),女,2935,112,10,6,7,24,15,0,2,0,25,0,4,5,8,0,6
108,公立,一般大學,3002,臺北市立大學,碩士班(日間),女,795,160,6,4,0,5,64,6,20,0,5,27,1,5,10,0,7
108,公立,一般大學,3002,臺北市立大學,碩士在職專班,女,792,120,8,2,0,1,48,11,21,0,1,21,1,5,1,0,0
108,公立,一般大學,3002,臺北市立大學,博士班,女,133,44,3,0,0,0,20,4,6,0,0,5,0,2,0,0,4
109,公立,一般大學,0001,國立政治大學,學士班(日間),男,4019,214,13,4,0,24,1,0,0,10,15,0,0,0,0,44,103
109,公立,一般大學,0001,國立政治大學,碩士班(日間),男,1832,375,10,3,1,0,63,0,14,14,4,48,0,0,0,89,129
109,公立,一般大學,0001,國立政治大學,碩士在職專班,男,905,366,8,1,0,0,176,0,44,0,1,9,0,0,0,92,35
109,公立,一般大學,0001,國立政治大學,博士班,男,526,177,6,0,0,0,35,0,26,3,3,22,0,0,0,47,35
109,公立,一般大學,0001,國立政治大學,學士班(日間),女,5613,200,19,0,0,18,1,0,1,0,30,0,0,0,0,41,90
109,公立,一般大學,0001,國立政治大學,碩士班(日間),女,2172,422,15,6,0,1,72,5,29,0,8,48,0,0,0,107,131
109,公立,一般大學,0001,國立政治大學,碩士在職專班,女,861,306,14,0,0,0,113,10,44,0,0,19,0,0,0,75,31
109,公立,一般大學,0001,國立政治大學,博士班,女,423,149,8,3,0,0,20,5,21,0,0,17,0,0,0,31,44
109,公立,一般大學,0002,國立清華大學,學士班(日間),男,4696,228,18,0,30,91,16,0,2,10,23,0,23,3,0,0,12
109,公立,一般大學,0002,國立清華大學,碩士班(日間),男,3295,197,10,5,20,17,50,0,5,22,12,23,8,7,1,0,17
109,公立,一般大學,0002,國立清華大學,碩士在職專班,男,447,67,2,0,1,1,42,0,8,0,2,4,3,3,0,0,1
109,公立,一般大學,0002,國立清華大學,博士班,男,1170,157,9,1,9,3,56,0,14,6,5,29,1,4,1,0,19
109,公立,一般大學,0002,國立清華大學,學士班(日間),女,3932,143,10,3,16,58,3,0,1,0,31,0,10,1,3,0,7
109,公立,一般大學,0002,國立清華大學,碩士班(日間),女,2063,237,19,6,29,6,66,12,32,0,4,34,4,12,6,0,7
109,公立,一般大學,0002,國立清華大學,碩士在職專班,女,869,118,10,1,7,0,34,7,34,0,0,6,1,9,4,0,5
109,公立,一般大學,0002,國立清華大學,博士班,女,445,80,4,0,7,0,21,1,13,0,5,20,1,5,0,0,3
109,公立,一般大學,0003,國立臺灣大學,學士班(日間),男,9444,542,29,2,29,235,11,0,0,8,89,0,10,6,3,6,114
109,公立,一般大學,0003,國立臺灣大學,碩士班(日間),男,6301,657,38,17,2,20,121,0,19,14,28,121,8,0,5,1,263
109,公立,一般大學,0003,國立臺灣大學,碩士在職專班,男,1037,182,7,1,1,0,96,0,9,0,0,36,0,0,0,0,32
109,公立,一般大學,0003,國立臺灣大學,博士班,男,2471,628,40,11,1,0,122,0,51,5,11,207,0,0,2,1,177
109,公立,一般大學,0003,國立臺灣大學,學士班(日間),女,7312,345,42,3,2,152,10,1,0,0,65,0,5,2,3,0,60
109,公立,一般大學,0003,國立臺灣大學,碩士班(日間),女,4250,566,44,15,1,10,104,3,35,0,23,93,3,0,4,3,228
109,公立,一般大學,0003,國立臺灣大學,碩士在職專班,女,638,124,6,1,0,1,45,1,10,0,0,28,0,0,0,0,32
109,公立,一般大學,0003,國立臺灣大學,博士班,女,1074,342,23,2,1,1,42,6,42,0,11,113,1,0,2,0,98
109,公立,一般大學,0004,國立臺灣師範大學,學士班(日間),男,3625,176,5,11,1,87,23,0,1,4,21,0,13,0,0,10,0
109,公立,一般大學,0004,國立臺灣師範大學,碩士班(日間),男,1847,318,2,9,0,29,117,0,11,8,4,92,9,0,12,0,25
109,公立,一般大學,0004,國立臺灣師範大學,碩士在職專班,男,632,161,1,4,0,0,52,0,22,1,3,63,0,0,0,0,15
109,公立,一般大學,0004,國立臺灣師範大學,博士班,男,641,194,5,4,0,1,76,0,36,2,2,47,1,0,0,0,20
109,公立,一般大學,0004,國立臺灣師範大學,學士班(日間),女,4548,146,8,7,1,63,12,1,2,0,36,0,12,0,0,3,1
109,公立,一般大學,0004,國立臺灣師範大學,碩士班(日間),女,2408,538,9,14,0,23,190,11,49,0,20,157,14,0,13,0,38
109,公立,一般大學,0004,國立臺灣師範大學,碩士在職專班,女,1497,376,11,9,0,5,103,18,76,0,1,109,0,0,0,0,44
109,公立,一般大學,0004,國立臺灣師範大學,博士班,女,722,216,3,1,0,2,59,11,47,0,6,67,1,0,0,0,19
109,公立,一般大學,0005,國立成功大學,學士班(日間),男,7079,405,10,5,25,224,4,0,1,4,0,0,9,16,22,1,84
109,公立,一般大學,0005,國立成功大學,碩士班(日間),男,4417,316,22,9,11,22,49,0,2,6,0,33,5,32,2,7,116
109,公立,一般大學,0005,國立成功大學,碩士在職專班,男,933,166,3,2,2,1,86,0,23,0,0,15,0,14,2,2,16
109,公立,一般大學,0005,國立成功大學,博士班,男,1235,256,4,6,13,2,55,0,47,9,0,40,1,20,0,0,59
109,公立,一般大學,0005,國立成功大學,學士班(日間),女,4362,236,20,2,3,118,0,0,3,0,0,0,5,14,13,0,58
109,公立,一般大學,0005,國立成功大學,碩士班(日間),女,2598,258,7,0,7,11,55,7,13,0,0,33,11,17,13,0,84
109,公立,一般大學,0005,國立成功大學,碩士在職專班,女,566,100,9,0,0,1,43,1,12,0,0,10,0,10,0,0,14
109,公立,一般大學,0005,國立成功大學,博士班,女,583,152,2,6,3,1,22,6,33,0,0,25,2,11,0,0,41
109,公立,一般大學,0006,國立中興大學,學士班(日間),男,4565,179,13,2,7,101,5,0,0,2,8,0,1,4,6,0,30
109,公立,一般大學,0006,國立中興大學,學士班(進修),男,413,30,3,2,1,6,9,0,0,1,2,0,0,1,0,0,5
109,公立,一般大學,0006,國立中興大學,碩士班(日間),男,2018,242,19,10,1,11,34,0,5,5,3,24,13,17,22,0,78
109,公立,一般大學,0006,國立中興大學,碩士在職專班,男,1073,232,11,5,0,2,92,0,37,0,3,47,0,17,4,0,14
109,公立,一般大學,0006,國立中興大學,博士班,男,657,151,4,4,0,2,33,0,19,4,2,49,2,12,1,0,19
109,公立,一般大學,0006,國立中興大學,學士班(日間),女,3425,113,12,3,3,55,1,0,0,0,9,0,5,2,1,0,22
109,公立,一般大學,0006,國立中興大學,學士班(進修),女,520,49,8,1,0,5,17,1,1,0,2,0,0,5,2,0,7
109,公立,一般大學,0006,國立中興大學,碩士班(日間),女,1435,188,18,14,1,8,27,0,6,0,0,27,5,14,14,0,54
109,公立,一般大學,0006,國立中興大學,碩士在職專班,女,590,104,4,1,0,0,35,2,24,0,0,14,0,15,3,0,6
109,公立,一般大學,0006,國立中興大學,博士班,女,278,67,3,0,0,0,16,1,18,0,0,19,1,1,0,0,8
109,公立,一般大學,0007,國立陽明交通大學,學士班(日間),男,5179,204,11,2,15,103,5,0,0,5,28,0,8,3,16,0,8
109,公立,一般大學,0007,國立陽明交通大學,碩士班(日間),男,4599,270,17,11,4,49,59,0,4,16,9,59,11,8,10,0,13
109,公立,一般大學,0007,國立陽明交通大學,碩士在職專班,男,1127,238,4,2,1,1,117,0,51,0,5,45,0,9,1,0,2
109,公立,一般大學,0007,國立陽明交通大學,博士班,男,1847,370,21,7,1,3,101,0,51,24,9,107,1,14,4,0,27
109,公立,一般大學,0007,國立陽明交通大學,學士班(日間),女,2834,130,12,1,3,71,1,0,1,0,25,0,3,2,7,0,4
109,公立,一般大學,0007,國立陽明交通大學,碩士班(日間),女,2720,258,25,7,2,51,67,5,14,0,11,44,7,7,11,0,7
109,公立,一般大學,0007,國立陽明交通大學,碩士在職專班,女,628,126,7,0,0,0,48,9,27,0,2,21,0,9,0,0,3
109,公立,一般大學,0007,國立陽明交通大學,博士班,女,782,194,11,6,0,5,53,4,29,0,6,56,2,8,3,0,11
109,公立,一般大學,0008,國立中央大學,學士班(日間),男,3748,117,3,2,17,65,3,0,0,0,6,0,4,0,0,0,17
109,公立,一般大學,0008,國立中央大學,碩士班(日間),男,2331,167,10,16,5,15,47,0,3,4,4,16,3,3,6,0,35
109,公立,一般大學,0008,國立中央大學,碩士在職專班,男,853,167,5,3,0,0,95,0,16,0,2,37,0,2,2,0,5
109,公立,一般大學,0008,國立中央大學,博士班,男,729,137,3,4,1,2,39,0,22,5,3,37,0,8,1,0,12
109,公立,一般大學,0008,國立中央大學,學士班(日間),女,2268,77,7,0,8,41,1,0,0,0,9,0,4,1,0,0,6
109,公立,一般大學,0008,國立中央大學,碩士班(日間),女,1185,111,9,15,0,12,24,0,3,0,1,17,1,4,7,0,18
109,公立,一般大學,0008,國立中央大學,碩士在職專班,女,522,78,1,2,0,1,23,3,18,0,0,22,0,3,0,0,5
109,公立,一般大學,0008,國立中央大學,博士班,女,302,59,4,1,0,0,10,3,15,0,2,15,0,1,0,0,8
109,公立,一般大學,0009,國立中山大學,學士班(日間),男,2937,113,8,0,5,30,4,0,0,3,7,0,2,2,0,0,52
109,公立,一般大學,0009,國立中山大學,碩士班(日間),男,1902,190,6,7,0,4,48,0,3,4,2,34,2,1,10,1,68
109,公立,一般大學,0009,國立中山大學,碩士在職專班,男,549,97,2,1,0,0,55,0,8,0,0,9,0,1,0,1,20
109,公立,一般大學,0009,國立中山大學,博士班,男,540,114,2,2,0,0,38,0,7,3,2,40,0,1,1,0,18
109,公立,一般大學,0009,國立中山大學,學士班(日間),女,1856,63,7,0,2,18,1,0,1,0,8,0,1,0,2,1,22
109,公立,一般大學,0009,國立中山大學,碩士班(日間),女,1095,157,9,2,0,3,39,3,10,0,5,34,0,1,12,0,39
109,公立,一般大學,0009,國立中山大學,碩士在職專班,女,556,103,1,1,0,1,38,3,13,0,0,17,0,0,0,0,29
109,公立,一般大學,0009,國立中山大學,博士班,女,271,59,4,0,0,0,9,3,14,0,0,15,0,1,0,0,13
109,公立,一般大學,0012,國立臺灣海洋大學,學士班(日間),男,4072,175,13,3,21,58,23,0,0,5,2,0,12,10,12,1,15
109,公立,一般大學,0012,國立臺灣海洋大學,學士班(進修),男,379,39,3,0,0,2,27,0,0,1,1,0,0,2,2,0,1
109,公立,一般大學,0012,國立臺灣海洋大學,碩士班(日間),男,944,115,6,6,2,17,31,0,0,13,2,10,11,11,3,0,3
109,公立,一般大學,0012,國立臺灣海洋大學,碩士在職專班,男,368,66,1,0,0,1,47,0,4,0,1,6,0,4,1,0,1
109,公立,一般大學,0012,國立臺灣海洋大學,博士班,男,246,35,1,0,0,0,18,0,1,1,0,9,0,4,0,0,1
109,公立,一般大學,0012,國立臺灣海洋大學,學士班(日間),女,1857,56,8,1,0,21,4,0,0,0,4,0,5,4,5,0,4
109,公立,一般大學,0012,國立臺灣海洋大學,學士班(進修),女,224,18,1,1,1,1,9,1,0,0,0,0,0,2,1,0,1
109,公立,一般大學,0012,國立臺灣海洋大學,碩士班(日間),女,501,58,4,4,0,7,22,3,1,0,1,4,5,4,1,0,2
109,公立,一般大學,0012,國立臺灣海洋大學,碩士在職專班,女,227,30,2,1,0,0,11,2,2,0,0,3,3,5,1,0,0
109,公立,一般大學,0012,國立臺灣海洋大學,博士班,女,87,15,2,1,0,0,5,1,0,0,0,3,1,1,0,0,1
109,公立,一般大學,0013,國立中正大學,學士班(日間),男,3429,129,9,2,11,79,3,0,0,0,8,0,7,3,2,0,5
109,公立,一般大學,0013,國立中正大學,碩士班(日間),男,1759,188,4,11,4,27,39,0,4,3,3,42,5,13,18,0,15
109,公立,一般大學,0013,國立中正大學,碩士在職專班,男,621,126,1,1,2,1,58,0,10,0,0,37,1,9,2,0,4
109,公立,一般大學,0013,國立中正大學,博士班,男,376,85,3,1,1,0,33,0,8,0,1,23,0,5,1,0,9
109,公立,一般大學,0013,國立中正大學,學士班(日間),女,2882,75,6,1,4,42,3,0,0,0,7,0,4,5,1,1,1
109,公立,一般大學,0013,國立中正大學,碩士班(日間),女,1072,214,3,6,4,14,58,4,12,0,2,65,4,11,18,0,13
109,公立,一般大學,0013,國立中正大學,碩士在職專班,女,791,173,9,1,3,3,54,6,26,0,1,45,2,14,5,0,4
109,公立,一般大學,0013,國立中正大學,博士班,女,198,58,1,1,0,1,15,1,9,0,0,20,0,5,1,0,4
109,公立,一般大學,0014,國立高雄師範大學,學士班(日間),男,1750,58,2,2,3,36,4,0,0,2,7,0,0,0,0,1,1
109,公立,一般大學,0014,國立高雄師範大學,碩士班(日間),男,489,129,2,5,0,8,47,0,6,7,1,48,0,2,3,0,0
109,公立,一般大學,0014,國立高雄師範大學,碩士在職專班,男,468,137,8,1,0,1,64,0,16,1,1,19,9,16,1,0,0
109,公立,一般大學,0014,國立高雄師範大學,博士班,男,223,51,1,0,0,0,23,0,5,1,0,17,0,2,1,0,1
109,公立,一般大學,0014,國立高雄師範大學,學士班(日間),女,1909,72,3,3,3,45,3,0,0,0,10,0,4,0,0,0,1
109,公立,一般大學,0014,國立高雄師範大學,碩士班(日間),女,920,209,7,2,0,4,72,8,16,0,1,85,3,9,2,0,0
109,公立,一般大學,0014,國立高雄師範大學,碩士在職專班,女,846,241,11,2,0,7,83,12,43,1,1,31,17,32,1,0,0
109,公立,一般大學,0014,國立高雄師範大學,博士班,女,240,47,2,0,0,0,15,2,8,0,0,15,0,4,0,0,1
109,公立,一般大學,0015,國立彰化師範大學,學士班(日間),男,2615,95,7,1,6,35,11,0,0,0,3,0,4,0,1,2,25
109,公立,一般大學,0015,國立彰化師範大學,碩士班(日間),男,849,149,6,6,0,1,43,0,1,17,2,35,0,8,13,0,17
109,公立,一般大學,0015,國立彰化師範大學,碩士在職專班,男,603,113,2,0,1,2,50,0,7,1,0,25,0,4,1,18,2
109,公立,一般大學,0015,國立彰化師範大學,博士班,男,300,68,4,0,0,1,33,0,7,1,0,14,0,2,0,0,6
109,公立,一般大學,0015,國立彰化師範大學,學士班(日間),女,2283,41,7,0,0,20,4,0,0,0,1,0,0,2,0,0,7
109,公立,一般大學,0015,國立彰化師範大學,碩士班(日間),女,799,198,8,9,0,7,62,7,14,0,0,48,2,6,13,0,22
109,公立,一般大學,0015,國立彰化師範大學,碩士在職專班,女,809,188,8,2,1,1,72,6,38,0,2,25,0,7,6,14,6
109,公立,一般大學,0015,國立彰化師範大學,博士班,女,195,53,3,0,0,0,19,0,8,0,0,12,0,2,0,0,9
109,公立,一般大學,0017,國立臺北大學,學士班(日間),男,2628,83,4,4,13,27,7,0,0,1,13,0,5,2,1,0,6
109,公立,一般大學,0017,國立臺北大學,學士班(進修),男,810,122,10,2,8,12,72,0,3,2,1,0,0,2,0,0,10
109,公立,一般大學,0017,國立臺北大學,碩士班(日間),男,734,112,1,2,0,6,35,0,4,3,2,36,2,2,7,0,12
109,公立,一般大學,0017,國立臺北大學,碩士在職專班,男,280,48,1,0,0,0,34,0,3,0,0,5,0,0,0,0,5
109,公立,一般大學,0017,國立臺北大學,博士班,男,139,40,1,1,0,0,18,0,2,2,1,12,0,1,0,0,2
109,公立,一般大學,0017,國立臺北大學,學士班(日間),女,3184,71,2,0,6,40,1,0,0,0,16,0,2,0,0,0,4
109,公立,一般大學,0017,國立臺北大學,學士班(進修),女,1272,132,13,5,4,15,56,2,6,1,4,0,1,1,1,0,23
109,公立,一般大學,0017,國立臺北大學,碩士班(日間),女,659,128,3,1,0,9,45,2,9,0,2,35,0,4,9,0,9
109,公立,一般大學,0017,國立臺北大學,碩士在職專班,女,303,45,0,0,0,0,24,4,4,0,0,8,0,1,0,0,4
109,公立,一般大學,0017,國立臺北大學,博士班,女,71,19,1,0,0,0,6,1,3,0,2,4,0,0,1,0,1
109,公立,一般大學,0018,國立嘉義大學,學士班(日間),男,3780,209,15,6,20,111,16,0,0,10,7,0,3,17,0,0,4
109,公立,一般大學,0018,國立嘉義大學,學士班(進修),男,1220,152,11,5,11,25,69,0,0,11,3,0,1,10,0,6,0
109,公立,一般大學,0018,國立嘉義大學,碩士班(日間),男,619,136,8,8,3,11,64,0,3,15,1,15,1,6,0,0,1
109,公立,一般大學,0018,國立嘉義大學,碩士在職專班,男,338,86,6,0,0,0,60,0,6,0,0,5,0,9,0,0,0
109,公立,一般大學,0018,國立嘉義大學,博士班,男,112,28,2,4,0,1,13,0,1,1,0,5,0,1,0,0,0
109,公立,一般大學,0018,國立嘉義大學,學士班(日間),女,3594,129,19,1,6,69,7,2,1,0,10,0,2,11,0,0,1
109,公立,一般大學,0018,國立嘉義大學,學士班(進修),女,720,71,10,5,1,14,29,1,2,0,1,0,0,6,0,1,1
109,公立,一般大學,0018,國立嘉義大學,碩士班(日間),女,673,131,13,5,1,5,63,2,13,0,0,15,1,11,0,1,1
109,公立,一般大學,0018,國立嘉義大學,碩士在職專班,女,548,134,15,4,0,4,59,6,16,0,1,16,1,12,0,0,0
109,公立,一般大學,0018,國立嘉義大學,博士班,女,85,13,2,0,0,1,5,0,0,0,0,4,0,1,0,0,0
109,公立,一般大學,0019,國立高雄大學,學士班(日間),男,2526,111,12,2,34,46,10,0,0,3,2,0,0,1,1,0,0
109,公立,一般大學,0019,國立高雄大學,學士班(進修),男,98,21,0,0,1,0,18,0,0,0,0,0,0,0,0,2,0
109,公立,一般大學,0019,國立高雄大學,碩士班(日間),男,424,71,8,11,9,13,24,0,1,4,0,1,0,0,0,0,0
109,公立,一般大學,0019,國立高雄大學,碩士在職專班,男,314,103,4,4,0,1,91,0,1,0,0,0,0,1,0,0,1
109,公立,一般大學,0019,國立高雄大學,博士班,男,28,7,0,1,2,0,2,0,0,0,0,0,0,1,0,0,1
109,公立,一般大學,0019,國立高雄大學,學士班(日間),女,1862,79,13,3,31,22,4,0,0,0,2,0,0,3,0,0,1
109,公立,一般大學,0019,國立高雄大學,學士班(進修),女,62,11,1,0,1,0,6,1,1,0,0,0,0,1,0,0,0
109,公立,一般大學,0019,國立高雄大學,碩士班(日間),女,222,51,2,4,9,7,24,1,1,0,0,0,0,1,2,0,0
109,公立,一般大學,0019,國立高雄大學,碩士在職專班,女,201,55,5,1,0,1,41,1,3,0,0,1,0,1,1,0,0
109,公立,一般大學,0019,國立高雄大學,博士班,女,4,2,0,0,1,0,1,0,0,0,0,0,0,0,0,0,0
109,公立,一般大學,0020,國立東華大學,學士班(日間),男,3612,185,13,7,18,32,13,0,1,6,6,0,9,16,4,1,59
109,公立,一般大學,0020,國立東華大學,碩士班(日間),男,693,207,11,12,6,6,57,0,10,7,1,54,0,14,4,0,25
109,公立,一般大學,0020,國立東華大學,碩士在職專班,男,238,91,2,0,0,1,48,0,9,0,0,16,0,8,3,0,4
109,公立,一般大學,0020,國立東華大學,博士班,男,242,65,4,1,2,0,19,0,7,2,0,20,0,5,1,0,4
109,公立,一般大學,0020,國立東華大學,學士班(日間),女,4048,176,30,6,14,19,12,1,6,0,7,0,12,18,4,1,46
109,公立,一般大學,0020,國立東華大學,碩士班(日間),女,686,267,8,13,2,4,87,5,27,0,3,66,1,21,4,0,26
109,公立,一般大學,0020,國立東華大學,碩士在職專班,女,311,113,4,2,1,0,48,2,13,0,1,24,0,14,1,0,3
109,公立,一般大學,0020,國立東華大學,博士班,女,178,49,4,3,0,0,16,2,4,0,1,9,0,6,0,0,4
109,公立,一般大學,0021,國立暨南國際大學,學士班(日間),男,2058,83,6,2,29,19,7,0,0,0,7,0,9,4,0,0,0
109,公立,一般大學,0021,國立暨南國際大學,碩士班(日間),男,375,61,1,1,0,1,26,0,3,5,0,18,0,4,2,0,0
109,公立,一般大學,0021,國立暨南國際大學,碩士在職專班,男,173,30,2,0,0,0,25,0,0,0,0,1,0,2,0,0,0
109,公立,一般大學,0021,國立暨南國際大學,博士班,男,170,41,3,0,0,0,23,0,2,1,1,7,0,4,0,0,0
109,公立,一般大學,0021,國立暨南國際大學,學士班(日間),女,2384,65,5,0,27,11,5,0,0,0,5,0,4,7,1,0,0
109,公立,一般大學,0021,國立暨南國際大學,碩士班(日間),女,414,101,12,1,0,0,44,5,10,0,2,19,0,6,2,0,0
109,公立,一般大學,0021,國立暨南國際大學,碩士在職專班,女,289,54,3,2,0,0,38,1,2,0,0,2,0,4,2,0,0
109,公立,一般大學,0021,國立暨南國際大學,博士班,女,153,50,5,1,0,0,21,1,6,0,1,8,0,7,0,0,0
109,公立,技專校院,0022,國立臺灣科技大學,學士班(日間),男,3991,108,12,4,28,38,9,0,0,2,1,0,1,1,0,2,10
109,公立,技專校院,0022,國立臺灣科技大學,碩士班(日間),男,2495,173,8,12,8,41,61,0,2,4,0,11,5,2,2,0,17
109,公立,技專校院,0022,國立臺灣科技大學,碩士在職專班,男,506,75,3,2,0,1,42,0,8,0,1,10,0,1,0,0,7
109,公立,技專校院,0022,國立臺灣科技大學,博士班,男,795,198,2,10,7,0,83,0,24,1,1,36,0,9,2,0,23
109,公立,技專校院,0022,國立臺灣科技大學,學士班(日間),女,1735,47,6,2,8,25,2,0,0,0,1,0,0,0,0,0,3
109,公立,技專校院,0022,國立臺灣科技大學,碩士班(日間),女,1105,70,9,5,9,10,19,1,1,0,3,5,1,2,0,0,5
109,公立,技專校院,0022,國立臺灣科技大學,碩士在職專班,女,306,43,1,0,1,0,22,0,6,0,0,8,0,2,0,0,3
109,公立,技專校院,0022,國立臺灣科技大學,博士班,女,238,65,2,1,4,0,22,0,9,0,1,14,0,0,0,0,12
109,公立,技專校院,0023,國立雲林科技大學,學士班(日間),男,3881,118,5,11,30,28,16,0,1,7,3,0,9,0,1,5,2
109,公立,技專校院,0023,國立雲林科技大學,學士班(進修),男,72,1,0,0,0,0,0,0,0,0,0,0,1,0,0,0,0
109,公立,技專校院,0023,國立雲林科技大學,碩士班(日間),男,1194,159,6,31,6,20,48,0,1,13,3,12,9,2,8,0,0
109,公立,技專校院,0023,國立雲林科技大學,碩士在職專班,男,463,86,4,4,2,2,57,0,5,0,1,8,1,1,0,0,1
109,公立,技專校院,0023,國立雲林科技大學,博士班,男,269,74,1,5,4,1,42,0,8,1,0,9,0,0,0,1,2
109,公立,技專校院,0023,國立雲林科技大學,學士班(日間),女,2579,75,11,5,15,20,9,0,0,0,6,0,6,0,1,1,1
109,公立,技專校院,0023,國立雲林科技大學,學士班(進修),女,107,2,0,0,0,0,2,0,0,0,0,0,0,0,0,0,0
109,公立,技專校院,0023,國立雲林科技大學,碩士班(日間),女,736,109,5,16,4,11,40,5,8,0,3,11,3,0,1,0,2
109,公立,技專校院,0023,國立雲林科技大學,碩士在職專班,女,344,79,2,9,1,1,37,5,11,0,0,9,1,0,2,0,1
109,公立,技專校院,0023,國立雲林科技大學,博士班,女,163,46,2,2,2,0,24,0,6,0,0,7,0,0,1,0,2
109,公立,技專校院,0024,國立屏東科技大學,學士班(日間),男,4123,164,16,9,23,35,21,0,1,2,0,0,36,15,6,0,0
109,公立,技專校院,0024,國立屏東科技大學,學士班(進修),男,919,57,6,1,1,4,22,0,0,2,0,0,9,11,0,1,0
109,公立,技專校院,0024,國立屏東科技大學,碩士班(日間),男,606,110,3,2,4,4,31,0,1,2,0,5,33,14,10,0,1
109,公立,技專校院,0024,國立屏東科技大學,碩士在職專班,男,191,43,2,0,0,0,31,0,2,0,0,1,4,3,0,0,0
109,公立,技專校院,0024,國立屏東科技大學,博士班,男,155,39,1,0,8,0,16,0,2,0,0,2,5,3,0,0,2
109,公立,技專校院,0024,國立屏東科技大學,學士班(日間),女,3581,103,15,1,12,28,5,1,3,0,6,0,22,5,3,2,0
109,公立,技專校院,0024,國立屏東科技大學,學士班(進修),女,575,24,6,0,0,4,7,1,0,0,0,0,5,1,0,0,0
109,公立,技專校院,0024,國立屏東科技大學,碩士班(日間),女,480,82,8,4,3,2,27,1,2,0,0,2,21,10,2,0,0
109,公立,技專校院,0024,國立屏東科技大學,碩士在職專班,女,97,18,0,0,0,0,9,0,4,0,0,0,1,4,0,0,0
109,公立,技專校院,0024,國立屏東科技大學,博士班,女,91,21,1,0,6,0,8,1,0,0,0,1,2,1,0,0,1
109,公立,技專校院,0025,國立臺北科技大學,五專,男,78,0,0,0,0,0,0,0,0,0,0,0,0,0,0,0,0
109,公立,技專校院,0025,國立臺北科技大學,學士班(日間),男,4446,116,7,3,20,36,9,0,0,15,14,0,2,4,6,0,0
109,公立,技專校院,0025,國立臺北科技大學,學士班(進修),男,1630,22,2,0,2,6,5,0,0,2,1,0,1,0,2,0,1
109,公立,技專校院,0025,國立臺北科技大學,碩士班(日間),男,2258,155,10,9,4,17,44,0,1,17,26,15,1,4,7,0,0
109,公立,技專校院,0025,國立臺北科技大學,碩士在職專班,男,1142,115,3,1,0,0,95,0,10,0,0,2,1,3,0,0,0
109,公立,技專校院,0025,國立臺北科技大學,博士班,男,578,125,4,5,4,1,59,0,6,4,20,12,0,10,0,0,0
109,公立,技專校院,0025,國立臺北科技大學,五專,女,18,0,0,0,0,0,0,0,0,0,0,0,0,0,0,0,0
109,公立,技專校院,0025,國立臺北科技大學,學士班(日間),女,1920,57,7,1,10,25,5,0,0,0,6,0,2,0,1,0,0
109,公立,技專校院,0025,國立臺北科技大學,學士班(進修),女,302,3,1,1,1,0,0,0,0,0,0,0,0,0,0,0,0
109,公立,技專校院,0025,國立臺北科技大學,碩士班(日間),女,823,74,4,5,1,5,22,0,5,0,15,10,2,2,3,0,0
109,公立,技專校院,0025,國立臺北科技大學,碩士在職專班,女,480,49,3,0,0,0,32,3,7,0,0,1,1,2,0,0,0
109,公立,技專校院,0025,國立臺北科技大學,博士班,女,162,47,3,1,0,0,17,1,7,0,5,9,0,4,0,0,0
109,公立,一般大學,0028,國立臺北藝術大學,五專,男,35,0,0,0,0,0,0,0,0,0,0,0,0,0,0,0,0
109,公立,一般大學,0028,國立臺北藝術大學,學士班(日間),男,656,45,4,4,4,5,12,0,1,0,9,4,0,0,1,0,1
109,公立,一般大學,0028,國立臺北藝術大學,碩士班(日間),男,359,101,6,9,4,1,20,0,7,2,7,32,0,2,1,1,9
109,公立,一般大學,0028,國立臺北藝術大學,碩士在職專班,男,54,10,0,3,0,0,3,0,1,0,1,2,0,0,0,0,0
109,公立,一般大學,0028,國立臺北藝術大學,博士班,男,49,11,0,1,1,0,2,0,1,0,0,1,0,0,1,0,4
109,公立,一般大學,0028,國立臺北藝術大學,五專,女,47,0,0,0,0,0,0,0,0,0,0,0,0,0,0,0,0
109,公立,一般大學,0028,國立臺北藝術大學,學士班(日間),女,1111,59,18,2,2,7,4,0,0,0,16,1,0,3,2,0,4
109,公立,一般大學,0028,國立臺北藝術大學,碩士班(日間),女,645,171,5,14,3,3,32,4,10,0,9,76,1,6,2,0,6
109,公立,一般大學,0028,國立臺北藝術大學,碩士在職專班,女,125,37,1,1,0,1,10,5,6,0,1,11,0,0,0,1,0
109,公立,一般大學,0028,國立臺北藝術大學,博士班,女,63,24,1,0,3,0,5,1,6,0,1,1,0,2,0,0,4
109,公立,一般大學,0029,國立臺灣藝術大學,學士班(日間),男,657,33,0,1,0,8,9,0,0,1,4,0,4,0,1,1,4
109,公立,一般大學,0029,國立臺灣藝術大學,學士班(進修),男,596,41,1,4,0,1,21,0,1,1,0,0,3,0,0,2,7
109,公立,一般大學,0029,國立臺灣藝術大學,碩士班(日間),男,257,73,0,1,6,0,24,0,5,5,7,16,1,0,0,0,8
109,公立,一般大學,0029,國立臺灣藝術大學,碩士在職專班,男,157,45,0,4,4,0,20,0,1,3,0,9,0,0,0,2,2
109,公立,一般大學,0029,國立臺灣藝術大學,博士班,男,62,11,0,1,1,0,2,0,0,0,0,6,0,0,0,0,1
109,公立,一般大學,0029,國立臺灣藝術大學,學士班(日間),女,1708,70,6,2,4,7,8,0,0,0,16,0,8,0,2,1,16
109,公立,一般大學,0029,國立臺灣藝術大學,學士班(進修),女,1352,96,14,6,1,7,32,2,5,0,8,1,7,2,2,4,5
109,公立,一般大學,0029,國立臺灣藝術大學,碩士班(日間),女,461,89,5,2,11,1,25,1,2,0,11,17,1,2,0,1,10
109,公立,一般大學,0029,國立臺灣藝術大學,碩士在職專班,女,223,56,2,4,7,0,16,3,7,0,2,9,0,1,0,1,4
109,公立,一般大學,0029,國立臺灣藝術大學,博士班,女,72,19,0,0,0,0,6,1,3,0,0,5,0,0,0,0,4
109,公立,一般大學,0030,國立臺東大學,學士班(日間),男,1785,110,8,4,3,24,13,0,0,1,1,0,5,5,9,20,17
109,公立,一般大學,0030,國立臺東大學,學士班(進修),男,149,30,0,0,0,0,9,0,0,1,0,0,0,2,1,5,12
109,公立,一般大學,0030,國立臺東大學,碩士班(日間),男,148,43,1,4,2,0,13,0,1,3,0,5,0,2,0,3,9
109,公立,一般大學,0030,國立臺東大學,碩士在職專班,男,158,38,1,1,0,0,17,0,1,0,0,5,0,3,1,5,4
109,公立,一般大學,0030,國立臺東大學,博士班,男,21,5,0,1,0,0,1,0,0,0,0,2,0,0,0,1,0
109,公立,一般大學,0030,國立臺東大學,學士班(日間),女,1813,73,9,4,1,20,2,1,0,0,1,0,3,7,3,6,16
109,公立,一般大學,0030,國立臺東大學,學士班(進修),女,209,28,2,0,0,1,9,0,0,0,0,0,0,1,1,6,8
109,公立,一般大學,0030,國立臺東大學,碩士班(日間),女,212,41,2,4,1,0,13,0,4,0,1,6,0,2,0,2,6
109,公立,一般大學,0030,國立臺東大學,碩士在職專班,女,417,79,6,1,0,2,22,4,6,0,0,9,0,4,2,5,18
109,公立,一般大學,0030,國立臺東大學,博士班,女,27,9,0,0,0,0,6,0,0,0,0,0,0,1,0,1,1
109,公立,一般大學,0031,國立宜蘭大學,學士班(日間),男,2765,114,9,4,19,34,12,0,0,10,3,0,14,3,5,0,1
109,公立,一般大學,0031,國立宜蘭大學,學士班(進修),男,270,40,1,0,1,2,11,0,1,11,1,0,3,2,0,0,7
109,公立,一般大學,0031,國立宜蘭大學,碩士班(日間),男,320,44,1,3,0,0,22,0,0,3,1,7,5,2,0,0,0
109,公立,一般大學,0031,國立宜蘭大學,碩士在職專班,男,155,26,2,0,0,0,15,0,1,0,1,5,0,0,0,0,2
109,公立,一般大學,0031,國立宜蘭大學,博士班,男,9,2,1,0,0,0,0,0,0,0,0,0,1,0,0,0,0
109,公立,一般大學,0031,國立宜蘭大學,學士班(日間),女,1608,48,10,3,1,12,6,0,1,0,5,0,4,3,0,0,3
109,公立,一般大學,0031,國立宜蘭大學,學士班(進修),女,136,10,1,1,0,2,1,1,2,0,0,0,1,0,0,0,1
109,公立,一般大學,0031,國立宜蘭大學,碩士班(日間),女,149,26,2,2,0,0,9,0,1,0,0,8,1,3,0,0,0
109,公立,一般大學,0031,國立宜蘭大學,碩士在職專班,女,61,7,0,0,0,0,3,0,0,0,0,2,0,0,0,0,2
109,公立,一般大學,0031,國立宜蘭大學,博士班,女,3,2,0,0,0,0,0,0,1,0,0,1,0,0,0,0,0
109,公立,一般大學,0032,國立聯合大學,學士班(日間),男,4094,133,11,1,27,36,22,0,0,5,5,0,8,2,11,3,2
109,公立,一般大學,0032,國立聯合大學,學士班(進修),男,760,39,3,0,2,7,17,0,0,7,0,0,0,1,1,1,0
109,公立,一般大學,0032,國立聯合大學,碩士班(日間),男,294,34,2,1,0,2,9,0,1,0,0,14,0,0,1,2,2
109,公立,一般大學,0032,國立聯合大學,碩士在職專班,男,19,3,0,0,0,0,2,0,0,0,0,0,0,1,0,0,0
109,公立,一般大學,0032,國立聯合大學,博士班,男,16,0,0,0,0,0,0,0,0,0,0,0,0,0,0,0,0
109,公立,一般大學,0032,國立聯合大學,學士班(日間),女,1871,42,4,2,6,18,6,0,1,0,1,0,1,0,2,0,1
109,公立,一般大學,0032,國立聯合大學,學士班(進修),女,374,16,2,0,0,6,5,0,0,0,0,0,1,1,1,0,0
109,公立,一般大學,0032,國立聯合大學,碩士班(日間),女,111,16,0,0,0,0,9,0,2,0,0,4,0,1,0,0,0
109,公立,一般大學,0032,國立聯合大學,碩士在職專班,女,19,0,0,0,0,0,0,0,0,0,0,0,0,0,0,0,0
109,公立,一般大學,0032,國立聯合大學,博士班,女,1,0,0,0,0,0,0,0,0,0,0,0,0,0,0,0,0
109,公立,技專校院,0033,國立虎尾科技大學,二專(日間),男,50,4,0,0,0,2,1,0,0,0,0,0,0,0,1,0,0
109,公立,技專校院,0033,國立虎尾科技大學,五專,男,153,1,0,0,0,1,0,0,0,0,0,0,0,0,0,0,0
109,公立,技專校院,0033,國立虎尾科技大學,學士班(日間),男,5786,195,10,7,26,79,25,0,1,15,2,0,13,4,5,0,8
109,公立,技專校院,0033,國立虎尾科技大學,學士班(進修),男,1772,80,3,7,8,17,35,0,1,7,0,0,1,1,0,0,0
109,公立,技專校院,0033,國立虎尾科技大學,碩士班(日間),男,658,49,5,2,0,8,11,0,0,5,0,9,3,3,1,0,2
109,公立,技專校院,0033,國立虎尾科技大學,碩士在職專班,男,134,33,1,2,0,0,17,0,3,0,0,8,1,0,0,0,1
109,公立,技專校院,0033,國立虎尾科技大學,博士班,男,42,5,0,0,0,0,4,0,0,0,0,1,0,0,0,0,0
109,公立,技專校院,0033,國立虎尾科技大學,二專(日間),女,6,0,0,0,0,0,0,0,0,0,0,0,0,0,0,0,0
109,公立,技專校院,0033,國立虎尾科技大學,五專,女,21,0,0,0,0,0,0,0,0,0,0,0,0,0,0,0,0
109,公立,技專校院,0033,國立虎尾科技大學,學士班(日間),女,1753,34,2,1,6,12,5,2,0,0,2,0,2,0,1,0,1
109,公立,技專校院,0033,國立虎尾科技大學,學士班(進修),女,458,30,2,2,3,3,14,1,1,0,0,0,3,1,0,0,0
109,公立,技專校院,0033,國立虎尾科技大學,碩士班(日間),女,142,12,0,1,0,0,5,0,0,0,0,1,0,1,0,0,4
109,公立,技專校院,0033,國立虎尾科技大學,碩士在職專班,女,57,8,1,0,0,0,5,0,0,0,0,0,1,0,0,0,1
109,公立,技專校院,0033,國立虎尾科技大學,博士班,女,6,2,0,1,0,0,0,0,0,0,0,1,0,0,0,0,0
109,公立,一般大學,0035,國立臺南藝術大學,五專,男,73,0,0,0,0,0,0,0,0,0,0,0,0,0,0,0,0
109,公立,一般大學,0035,國立臺南藝術大學,學士班(日間),男,252,18,0,0,1,3,2,0,0,0,5,0,4,1,0,0,2
109,公立,一般大學,0035,國立臺南藝術大學,碩士班(日間),男,182,57,1,1,1,0,10,0,2,0,1,17,11,6,0,0,7
109,公立,一般大學,0035,國立臺南藝術大學,碩士在職專班,男,19,3,0,0,0,0,1,0,0,0,0,1,1,0,0,0,0
109,公立,一般大學,0035,國立臺南藝術大學,博士班,男,25,5,0,0,0,0,1,0,1,1,0,2,0,0,0,0,0
109,公立,一般大學,0035,國立臺南藝術大學,五專,女,97,1,0,0,0,0,0,0,0,0,0,0,1,0,0,0,0
109,公立,一般大學,0035,國立臺南藝術大學,學士班(日間),女,529,41,4,0,0,10,3,0,0,0,3,0,14,4,0,0,3
109,公立,一般大學,0035,國立臺南藝術大學,碩士班(日間),女,357,104,1,4,1,0,21,2,4,0,0,25,18,7,0,0,21
109,公立,一般大學,0035,國立臺南藝術大學,碩士在職專班,女,38,13,0,0,0,0,3,2,2,0,0,5,1,0,0,0,0
109,公立,一般大學,0035,國立臺南藝術大學,博士班,女,27,3,0,0,0,0,1,0,0,0,0,1,0,1,0,0,0
109,公立,一般大學,0036,國立臺南大學,學士班(日間),男,1829,87,4,1,14,35,10,0,1,3,1,0,0,0,1,0,17
109,公立,一般大學,0036,國立臺南大學,學士班(進修),男,87,6,0,0,0,3,3,0,0,0,0,0,0,0,0,0,0
109,公立,一般大學,0036,國立臺南大學,碩士班(日間),男,401,83,2,3,0,3,19,0,0,2,0,15,0,2,4,0,33
109,公立,一般大學,0036,國立臺南大學,碩士在職專班,男,212,58,2,0,0,0,35,0,2,0,0,19,0,0,0,0,0
109,公立,一般大學,0036,國立臺南大學,博士班,男,74,11,1,1,0,0,3,0,0,0,0,4,0,0,0,0,2
109,公立,一般大學,0036,國立臺南大學,學士班(日間),女,2056,51,7,1,4,23,1,0,0,0,1,0,4,1,0,0,9
109,公立,一般大學,0036,國立臺南大學,學士班(進修),女,66,7,2,0,0,0,0,0,0,0,0,0,0,0,1,0,4
109,公立,一般大學,0036,國立臺南大學,碩士班(日間),女,514,141,5,11,0,3,35,3,7,0,0,36,1,3,4,0,33
109,公立,一般大學,0036,國立臺南大學,碩士在職專班,女,445,97,0,0,0,0,57,1,12,0,0,26,0,1,0,0,0
109,公立,一般大學,0036,國立臺南大學,博士班,女,89,14,0,0,0,0,5,0,3,0,0,1,0,1,0,0,4
109,公立,一般大學,0037,國立臺北教育大學,學士班(日間),男,1119,44,3,2,1,16,3,0,0,2,5,0,2,0,3,7,0
109,公立,一般大學,0037,國立臺北教育大學,碩士班(日間),男,427,96,0,5,1,0,35,0,7,11,1,19,0,4,3,8,2
109,公立,一般大學,0037,國立臺北教育大學,碩士在職專班,男,250,40,2,1,0,0,18,0,2,0,1,9,0,6,0,0,1
109,公立,一般大學,0037,國立臺北教育大學,博士班,男,64,12,0,0,0,0,5,0,1,0,0,2,0,1,1,1,1
109,公立,一般大學,0037,國立臺北教育大學,學士班(日間),女,2230,64,3,0,2,37,3,0,0,0,8,0,2,1,2,1,5
109,公立,一般大學,0037,國立臺北教育大學,碩士班(日間),女,935,220,2,6,0,7,68,5,26,0,5,65,3,8,6,8,11
109,公立,一般大學,0037,國立臺北教育大學,碩士在職專班,女,771,160,12,5,0,3,47,5,29,0,2,41,1,14,0,0,1
109,公立,一般大學,0037,國立臺北教育大學,博士班,女,89,19,0,0,0,0,6,0,4,0,0,7,0,2,0,0,0
109,公立,一般大學,0039,國立臺中教育大學,學士班(日間),男,1142,60,6,1,2,14,4,0,0,0,6,0,18,6,0,1,2
109,公立,一般大學,0039,國立臺中教育大學,碩士班(日間),男,279,61,1,1,0,1,21,0,3,0,0,9,12,2,1,0,10
109,公立,一般大學,0039,國立臺中教育大學,碩士在職專班,男,161,40,0,0,0,0,17,0,3,0,0,5,5,9,0,0,1
109,公立,一般大學,0039,國立臺中教育大學,博士班,男,43,16,2,0,0,0,5,0,0,1,0,5,1,1,0,0,1
109,公立,一般大學,0039,國立臺中教育大學,學士班(日間),女,2054,74,7,2,2,23,0,0,0,0,9,0,22,6,1,1,1
109,公立,一般大學,0039,國立臺中教育大學,碩士班(日間),女,552,140,10,1,1,1,45,9,10,0,2,16,17,13,2,0,13
109,公立,一般大學,0039,國立臺中教育大學,碩士在職專班,女,602,110,6,1,1,0,38,11,11,0,0,8,12,17,0,0,5
109,公立,一般大學,0039,國立臺中教育大學,博士班,女,69,17,0,1,0,0,9,1,0,0,0,3,0,3,0,0,0
109,公立,技專校院,0042,國立澎湖科技大學,五專,男,31,0,0,0,0,0,0,0,0,0,0,0,0,0,0,0,0
109,公立,技專校院,0042,國立澎湖科技大學,學士班(日間),男,1564,87,2,1,0,4,4,0,0,5,0,0,0,0,0,1,70
109,公立,技專校院,0042,國立澎湖科技大學,學士班(進修),男,149,12,0,0,0,0,4,0,0,0,0,0,0,0,0,0,8
109,公立,技專校院,0042,國立澎湖科技大學,碩士班(日間),男,38,6,0,0,0,0,2,0,0,0,0,0,0,0,0,0,4
109,公立,技專校院,0042,國立澎湖科技大學,碩士在職專班,男,24,4,0,0,0,0,1,0,0,0,0,0,0,0,0,0,3
109,公立,技專校院,0042,國立澎湖科技大學,五專,女,3,0,0,0,0,0,0,0,0,0,0,0,0,0,0,0,0
109,公立,技專校院,0042,國立澎湖科技大學,學士班(日間),女,1035,38,4,0,0,1,0,0,0,0,0,0,0,0,0,0,33
109,公立,技專校院,0042,國立澎湖科技大學,學士班(進修),女,152,9,0,0,0,1,1,1,0,0,0,0,0,0,0,0,6
109,公立,技專校院,0042,國立澎湖科技大學,碩士班(日間),女,36,4,0,0,0,0,1,0,0,0,0,0,0,0,0,0,3
109,公立,技專校院,0042,國立澎湖科技大學,碩士在職專班,女,15,2,0,0,0,0,2,0,0,0,0,0,0,0,0,0,0
109,公立,技專校院,0043,國立勤益科技大學,二專(進修),男,363,102,1,2,5,20,35,0,1,4,1,0,1,0,0,31,1
109,公立,技專校院,0043,國立勤益科技大學,學士班(日間),男,4619,285,9,13,47,117,37,0,0,18,2,0,0,1,5,36,0
109,公立,技專校院,0043,國立勤益科技大學,學士班(進修),男,3358,176,4,9,15,36,54,0,3,6,1,0,1,1,2,42,2
109,公立,技專校院,0043,國立勤益科技大學,碩士班(日間),男,444,50,0,6,2,8,24,0,0,6,0,0,0,2,0,2,0
109,公立,技專校院,0043,國立勤益科技大學,碩士在職專班,男,225,31,0,0,0,0,12,0,1,0,0,5,0,1,0,12,0
109,公立,技專校院,0043,國立勤益科技大學,博士班,男,30,5,0,0,0,0,4,0,0,0,0,0,0,1,0,0,0
109,公立,技專校院,0043,國立勤益科技大學,二專(進修),女,116,18,0,0,0,3,7,0,0,0,0,0,1,1,0,6,0
109,公立,技專校院,0043,國立勤益科技大學,學士班(日間),女,2105,77,4,8,11,33,4,3,2,0,0,0,1,1,1,9,0
109,公立,技專校院,0043,國立勤益科技大學,學士班(進修),女,671,44,1,1,1,14,14,1,1,0,0,0,1,0,1,8,1
109,公立,技專校院,0043,國立勤益科技大學,碩士班(日間),女,140,13,1,0,0,1,9,0,0,0,0,0,0,2,0,0,0
109,公立,技專校院,0043,國立勤益科技大學,碩士在職專班,女,59,6,0,0,0,0,2,0,0,0,0,2,0,1,0,1,0
109,公立,技專校院,0043,國立勤益科技大學,博士班,女,4,1,0,0,0,0,0,0,0,0,0,0,0,0,0,1,0
109,公立,一般大學,0044,國立體育大學,學士班(日間),男,1113,84,1,2,0,0,81,0,0,0,0,0,0,0,0,0,0
109,公立,一般大學,0044,國立體育大學,學士班(進修),男,58,14,0,0,0,0,13,0,1,0,0,0,0,0,0,0,0
109,公立,一般大學,0044,國立體育大學,碩士班(日間),男,190,51,0,0,0,0,47,0,2,0,0,0,0,0,2,0,0
109,公立,一般大學,0044,國立體育大學,碩士在職專班,男,140,37,2,2,0,0,30,0,3,0,0,0,0,0,0,0,0
109,公立,一般大學,0044,國立體育大學,博士班,男,112,18,0,0,0,0,11,0,6,0,0,0,0,0,0,0,1
109,公立,一般大學,0044,國立體育大學,學士班(日間),女,659,33,1,0,0,0,32,0,0,0,0,0,0,0,0,0,0
109,公立,一般大學,0044,國立體育大學,學士班(進修),女,34,5,0,0,0,0,5,0,0,0,0,0,0,0,0,0,0
109,公立,一般大學,0044,國立體育大學,碩士班(日間),女,151,49,1,0,0,0,44,1,3,0,0,0,0,0,0,0,0
109,公立,一般大學,0044,國立體育大學,碩士在職專班,女,83,17,0,1,0,0,15,1,0,0,0,0,0,0,0,0,0
109,公立,一般大學,0044,國立體育大學,博士班,女,46,11,0,0,0,0,11,0,0,0,0,0,0,0,0,0,0
109,公立,技專校院,0046,國立臺北護理健康大學,學士班(日間),男,821,39,0,3,1,18,5,0,0,1,3,0,4,1,1,1,1
109,公立,技專校院,0046,國立臺北護理健康大學,學士班(進修),男,36,1,0,0,0,0,1,0,0,0,0,0,0,0,0,0,0
109,公立,技專校院,0046,國立臺北護理健康大學,碩士班(日間),男,98,24,0,2,0,1,7,0,5,1,0,2,1,1,0,0,4
109,公立,技專校院,0046,國立臺北護理健康大學,碩士在職專班,男,28,9,0,0,0,0,4,0,1,0,0,3,1,0,0,0,0
109,公立,技專校院,0046,國立臺北護理健康大學,博士班,男,7,0,0,0,0,0,0,0,0,0,0,0,0,0,0,0,0
109,公立,技專校院,0046,國立臺北護理健康大學,學士班(日間),女,2952,110,8,9,6,23,17,5,4,0,9,0,13,2,8,2,4
109,公立,技專校院,0046,國立臺北護理健康大學,學士班(進修),女,687,60,7,2,1,1,14,6,12,0,2,0,2,2,0,2,9
109,公立,技專校院,0046,國立臺北護理健康大學,碩士班(日間),女,476,158,7,1,0,2,48,7,18,0,1,52,1,14,1,0,6
109,公立,技專校院,0046,國立臺北護理健康大學,碩士在職專班,女,166,85,2,2,0,0,26,3,5,0,2,30,1,12,0,2,0
109,公立,技專校院,0046,國立臺北護理健康大學,博士班,女,67,16,1,0,0,0,7,0,2,0,0,4,0,1,0,1,0
109,公立,技專校院,0047,國立高雄餐旅大學,五專,男,101,7,0,0,4,0,0,0,0,0,0,0,0,0,0,3,0
109,公立,技專校院,0047,國立高雄餐旅大學,學士班(日間),男,965,49,3,6,1,6,3,0,0,5,1,0,3,4,1,13,3
109,公立,技專校院,0047,國立高雄餐旅大學,學士班(進修),男,398,8,0,0,1,2,2,0,0,0,0,0,0,0,0,3,0
109,公立,技專校院,0047,國立高雄餐旅大學,碩士班(日間),男,57,15,2,1,0,1,6,0,0,0,0,2,0,1,0,0,2
109,公立,技專校院,0047,國立高雄餐旅大學,碩士在職專班,男,13,3,0,0,0,0,3,0,0,0,0,0,0,0,0,0,0
109,公立,技專校院,0047,國立高雄餐旅大學,博士班,男,18,2,0,0,0,0,1,0,0,0,0,1,0,0,0,0,0
109,公立,技專校院,0047,國立高雄餐旅大學,二專(進修),女,1,0,0,0,0,0,0,0,0,0,0,0,0,0,0,0,0
109,公立,技專校院,0047,國立高雄餐旅大學,五專,女,148,5,0,0,0,3,0,0,0,0,0,0,0,1,0,1,0
109,公立,技專校院,0047,國立高雄餐旅大學,學士班(日間),女,2175,60,4,6,7,15,4,0,1,1,1,0,2,2,0,15,2
109,公立,技專校院,0047,國立高雄餐旅大學,學士班(進修),女,901,17,2,1,2,0,2,0,1,0,1,0,0,1,0,7,0
109,公立,技專校院,0047,國立高雄餐旅大學,碩士班(日間),女,111,24,1,3,0,1,15,0,1,0,1,0,0,2,0,0,0
109,公立,技專校院,0047,國立高雄餐旅大學,碩士在職專班,女,24,6,0,0,0,0,3,0,2,0,1,0,0,0,0,0,0
109,公立,技專校院,0047,國立高雄餐旅大學,博士班,女,17,5,1,0,1,0,2,0,0,0,0,0,0,0,0,0,1
109,公立,一般大學,0048,國立金門大學,學士班(日間),男,1566,44,3,1,0,27,5,0,0,1,0,0,1,3,0,3,0
109,公立,一般大學,0048,國立金門大學,學士班(進修),男,481,39,4,1,0,6,23,0,0,2,0,0,0,0,0,3,0
109,公立,一般大學,0048,國立金門大學,碩士班(日間),男,128,25,0,0,0,1,19,0,3,1,0,1,0,0,0,0,0
109,公立,一般大學,0048,國立金門大學,碩士在職專班,男,72,7,0,0,0,0,6,0,1,0,0,0,0,0,0,0,0
109,公立,一般大學,0048,國立金門大學,學士班(日間),女,1411,45,5,0,1,22,7,0,1,0,3,0,0,4,0,2,0
109,公立,一般大學,0048,國立金門大學,學士班(進修),女,361,27,1,0,0,2,14,1,4,0,0,0,0,3,0,2,0
109,公立,一般大學,0048,國立金門大學,碩士班(日間),女,81,22,0,2,0,1,13,1,3,0,0,1,0,0,0,0,1
109,公立,一般大學,0048,國立金門大學,碩士在職專班,女,31,6,0,1,0,0,5,0,0,0,0,0,0,0,0,0,0
109,公立,一般大學,0049,國立臺灣體育運動大學,學士班(日間),男,1336,73,4,21,5,14,19,0,2,3,0,0,0,0,0,2,3
109,公立,一般大學,0049,國立臺灣體育運動大學,學士班(進修),男,273,22,0,2,4,2,11,0,0,1,0,0,0,0,1,1,0
109,公立,一般大學,0049,國立臺灣體育運動大學,碩士班(日間),男,134,42,0,10,3,0,21,0,3,2,0,2,0,1,0,0,0
109,公立,一般大學,0049,國立臺灣體育運動大學,碩士在職專班,男,72,11,0,1,1,0,7,0,2,0,0,0,0,0,0,0,0
109,公立,一般大學,0049,國立臺灣體育運動大學,博士班,男,3,0,0,0,0,0,0,0,0,0,0,0,0,0,0,0,0
109,公立,一般大學,0049,國立臺灣體育運動大學,學士班(日間),女,1026,35,3,12,4,6,8,0,1,0,1,0,0,0,0,0,0
109,公立,一般大學,0049,國立臺灣體育運動大學,學士班(進修),女,107,3,0,0,1,0,2,0,0,0,0,0,0,0,0,0,0
109,公立,一般大學,0049,國立臺灣體育運動大學,碩士班(日間),女,127,28,0,6,4,0,16,0,2,0,0,0,0,0,0,0,0
109,公立,一般大學,0049,國立臺灣體育運動大學,碩士在職專班,女,40,10,0,2,0,0,7,0,1,0,0,0,0,0,0,0,0
109,公立,一般大學,0049,國立臺灣體育運動大學,博士班,女,4,0,0,0,0,0,0,0,0,0,0,0,0,0,0,0,0
109,公立,技專校院,0050,國立臺中科技大學,二專(進修),男,497,74,5,3,3,7,36,0,0,1,2,0,4,6,1,6,0
109,公立,技專校院,0050,國立臺中科技大學,五專,男,891,56,8,1,8,22,7,0,0,4,0,0,0,1,4,1,0
109,公立,技專校院,0050,國立臺中科技大學,學士班(日間),男,1946,70,8,0,8,18,13,0,0,7,4,0,2,5,3,1,1
109,公立,技專校院,0050,國立臺中科技大學,學士班(進修),男,1342,146,5,5,7,21,79,0,2,4,0,0,2,7,5,7,2
109,公立,技專校院,0050,國立臺中科技大學,碩士班(日間),男,178,35,1,2,1,1,25,0,0,2,0,0,0,3,0,0,0
109,公立,技專校院,0050,國立臺中科技大學,碩士在職專班,男,99,20,0,0,0,0,16,0,1,0,0,0,0,3,0,0,0
109,公立,技專校院,0050,國立臺中科技大學,二專(進修),女,788,103,6,2,6,17,49,2,1,0,0,0,4,9,1,6,0
109,公立,技專校院,0050,國立臺中科技大學,五專,女,2582,106,12,2,21,45,7,0,1,0,5,0,2,5,6,0,0
109,公立,技專校院,0050,國立臺中科技大學,學士班(日間),女,4793,132,18,13,7,32,27,2,12,0,4,0,6,8,3,0,0
109,公立,技專校院,0050,國立臺中科技大學,學士班(進修),女,2614,256,29,15,8,42,102,4,16,0,3,0,8,19,3,7,0
109,公立,技專校院,0050,國立臺中科技大學,碩士班(日間),女,239,39,3,1,0,0,25,0,2,0,1,0,0,6,1,0,0
109,公立,技專校院,0050,國立臺中科技大學,碩士在職專班,女,122,14,4,1,0,0,7,1,0,0,0,0,0,1,0,0,0
109,公立,技專校院,0051,國立臺北商業大學,二專(進修),男,281,13,1,1,0,1,10,0,0,0,0,0,0,0,0,0,0
109,公立,技專校院,0051,國立臺北商業大學,五專,男,473,39,1,1,12,14,3,0,0,2,3,0,0,2,1,0,0
109,公立,技專校院,0051,國立臺北商業大學,學士班(日間),男,932,23,2,4,2,7,2,0,0,2,3,0,1,0,0,0,0
109,公立,技專校院,0051,國立臺北商業大學,學士班(進修),男,562,52,1,1,2,7,31,0,1,2,0,0,2,3,1,1,0
109,公立,技專校院,0051,國立臺北商業大學,碩士班(日間),男,116,16,0,0,0,1,7,0,0,1,1,4,0,1,0,0,1
109,公立,技專校院,0051,國立臺北商業大學,碩士在職專班,男,26,4,0,0,0,0,3,0,0,0,0,0,1,0,0,0,0
109,公立,技專校院,0051,國立臺北商業大學,博士班,男,5,1,0,0,0,0,1,0,0,0,0,0,0,0,0,0,0
109,公立,技專校院,0051,國立臺北商業大學,二專(進修),女,457,15,2,0,0,3,8,0,0,0,1,0,0,0,1,0,0
109,公立,技專校院,0051,國立臺北商業大學,五專,女,1279,57,4,2,9,22,7,0,0,1,8,0,1,1,1,1,0
109,公立,技專校院,0051,國立臺北商業大學,學士班(日間),女,2223,48,11,3,2,11,6,1,1,0,4,0,4,5,0,0,0
109,公立,技專校院,0051,國立臺北商業大學,學士班(進修),女,1085,69,6,5,4,7,26,1,6,0,4,0,2,7,1,0,0
109,公立,技專校院,0051,國立臺北商業大學,碩士班(日間),女,165,22,6,2,0,0,10,0,0,0,1,1,0,1,1,0,0
109,公立,技專校院,0051,國立臺北商業大學,碩士在職專班,女,27,5,0,0,0,0,5,0,0,0,0,0,0,0,0,0,0
109,公立,技專校院,0051,國立臺北商業大學,博士班,女,1,0,0,0,0,0,0,0,0,0,0,0,0,0,0,0,0
109,公立,一般大學,0052,國立屏東大學,學士班(日間),男,2748,77,9,2,14,23,12,0,0,1,2,0,6,0,6,1,1
109,公立,一般大學,0052,國立屏東大學,學士班(進修),男,364,25,1,0,0,6,18,0,0,0,0,0,0,0,0,0,0
109,公立,一般大學,0052,國立屏東大學,碩士班(日間),男,319,66,0,0,1,0,36,0,0,2,0,20,0,5,1,0,1
109,公立,一般大學,0052,國立屏東大學,碩士在職專班,男,228,38,0,1,0,1,21,0,4,0,0,7,0,2,1,0,1
109,公立,一般大學,0052,國立屏東大學,博士班,男,22,6,0,0,0,0,3,0,0,0,0,3,0,0,0,0,0
109,公立,一般大學,0052,國立屏東大學,學士班(日間),女,3907,60,6,4,3,19,11,0,0,0,4,0,8,2,3,0,0
109,公立,一般大學,0052,國立屏東大學,學士班(進修),女,436,30,1,2,2,6,7,0,3,0,0,0,4,4,1,0,0
109,公立,一般大學,0052,國立屏東大學,碩士班(日間),女,521,122,0,2,0,1,54,2,19,0,1,31,0,4,6,0,2
109,公立,一般大學,0052,國立屏東大學,碩士在職專班,女,460,102,5,4,0,1,31,8,11,0,1,31,2,6,1,0,1
109,公立,一般大學,0052,國立屏東大學,博士班,女,22,5,1,0,0,0,3,1,0,0,0,0,0,0,0,0,0
109,公立,技專校院,0053,國立高雄科技大學,五專,男,602,15,2,0,5,2,3,0,0,1,0,0,0,0,0,0,2
109,公立,技專校院,0053,國立高雄科技大學,學士班(日間),男,10953,333,15,15,51,119,63,0,0,18,5,0,0,24,0,11,12
109,公立,技專校院,0053,國立高雄科技大學,學士班(進修),男,2747,202,7,4,5,42,91,0,3,20,0,0,0,22,0,8,0
109,公立,技專校院,0053,國立高雄科技大學,碩士班(日間),男,1646,133,4,6,13,14,43,0,1,14,0,0,0,25,0,0,13
109,公立,技專校院,0053,國立高雄科技大學,碩士在職專班,男,1317,227,7,9,11,0,142,0,20,1,0,0,0,21,0,0,16
109,公立,技專校院,0053,國立高雄科技大學,博士班,男,437,71,5,3,9,0,38,0,3,0,2,0,0,7,0,0,4
109,公立,技專校院,0053,國立高雄科技大學,五專,女,137,3,1,0,0,0,0,0,1,0,0,0,0,0,0,0,1
109,公立,技專校院,0053,國立高雄科技大學,學士班(日間),女,6735,135,9,7,15,57,23,0,0,0,1,0,0,11,1,2,9
109,公立,技專校院,0053,國立高雄科技大學,學士班(進修),女,1312,99,2,3,3,17,52,2,3,0,0,0,0,13,0,3,1
109,公立,技專校院,0053,國立高雄科技大學,碩士班(日間),女,733,98,6,6,13,11,25,2,2,0,3,0,0,18,0,0,12
109,公立,技專校院,0053,國立高雄科技大學,碩士在職專班,女,693,109,5,1,6,0,52,6,21,0,0,0,0,11,0,0,7
109,公立,技專校院,0053,國立高雄科技大學,博士班,女,126,20,2,2,0,0,10,1,0,0,0,0,0,4,0,0,1
109,公立,技專校院,0144,國立臺灣戲曲學院,學士班(日間),男,184,10,0,0,0,2,3,0,0,1,1,0,1,2,0,0,0
109,公立,技專校院,0144,國立臺灣戲曲學院,學士班(日間),女,362,15,3,1,0,0,3,1,1,0,0,0,6,0,0,0,0
109,公立,技專校院,0221,國立臺南護理專科學校,二專(日間),男,9,0,0,0,0,0,0,0,0,0,0,0,0,0,0,0,0
109,公立,技專校院,0221,國立臺南護理專科學校,二專(進修),男,1,0,0,0,0,0,0,0,0,0,0,0,0,0,0,0,0
109,公立,技專校院,0221,國立臺南護理專科學校,五專,男,152,3,0,0,1,2,0,0,0,0,0,0,0,0,0,0,0
109,公立,技專校院,0221,國立臺南護理專科學校,二專(日間),女,106,6,1,0,0,0,5,0,0,0,0,0,0,0,0,0,0
109,公立,技專校院,0221,國立臺南護理專科學校,五專,女,1649,31,7,0,5,15,2,1,0,0,0,0,0,0,1,0,0
109,公立,技專校院,0222,國立臺東專科學校,二專(日間),男,435,44,2,2,5,19,3,0,0,2,0,0,9,2,0,0,0
109,公立,技專校院,0222,國立臺東專科學校,二專(進修),男,77,8,0,1,0,0,5,0,0,0,0,0,0,1,0,1,0
109,公立,技專校院,0222,國立臺東專科學校,五專,男,143,18,0,2,7,6,0,0,0,2,0,0,1,0,0,0,0
109,公立,技專校院,0222,國立臺東專科學校,二專(日間),女,160,14,1,1,0,8,1,0,0,0,0,0,3,0,0,0,0
109,公立,技專校院,0222,國立臺東專科學校,二專(進修),女,48,5,1,0,0,2,1,1,0,0,0,0,0,0,0,0,0
109,公立,技專校院,0222,國立臺東專科學校,五專,女,178,25,1,5,5,6,1,0,1,1,0,0,5,0,0,0,0
109,私立,一般大學,1001,東海大學,學士班(日間),男,5714,338,23,10,28,93,25,0,1,2,23,1,3,14,3,11,101
109,私立,一般大學,1001,東海大學,學士班(進修),男,228,35,3,0,4,1,9,0,1,0,0,0,0,1,1,3,12
109,私立,一般大學,1001,東海大學,碩士班(日間),男,609,186,8,9,1,2,56,0,3,5,0,49,1,8,3,0,41
109,私立,一般大學,1001,東海大學,碩士在職專班,男,378,140,6,0,0,1,67,0,3,0,1,48,0,5,1,2,6
109,私立,一般大學,1001,東海大學,博士班,男,145,55,3,0,0,0,18,0,2,0,0,23,0,3,2,1,3
109,私立,一般大學,1001,東海大學,學士班(日間),女,7310,280,39,6,13,86,17,1,2,0,30,0,8,10,1,9,58
109,私立,一般大學,1001,東海大學,學士班(進修),女,217,30,4,2,0,2,8,1,4,0,0,0,1,3,0,0,5
109,私立,一般大學,1001,東海大學,碩士班(日間),女,615,199,8,6,0,3,54,4,6,0,8,65,2,14,1,0,28
109,私立,一般大學,1001,東海大學,碩士在職專班,女,389,121,11,2,0,1,50,4,5,0,0,27,0,7,0,6,8
109,私立,一般大學,1001,東海大學,博士班,女,105,34,4,0,1,0,13,1,1,0,0,11,0,2,0,0,1
109,私立,一般大學,1002,輔仁大學,學士班(日間),男,7279,339,32,7,25,167,67,0,1,7,23,0,3,1,1,0,5
109,私立,一般大學,1002,輔仁大學,學士班(進修),男,1633,129,12,2,0,30,74,0,1,2,1,0,1,0,0,6,0
109,私立,一般大學,1002,輔仁大學,碩士班(日間),男,817,189,8,4,0,32,57,0,4,3,2,71,0,0,4,1,3
109,私立,一般大學,1002,輔仁大學,碩士在職專班,男,549,111,4,2,0,6,54,0,13,0,0,31,0,1,0,0,0
109,私立,一般大學,1002,輔仁大學,博士班,男,245,65,5,0,0,3,24,0,4,0,0,25,0,0,0,0,4
109,私立,一般大學,1002,輔仁大學,學士班(日間),女,10305,351,48,8,6,177,44,0,7,0,36,0,9,1,1,2,12
109,私立,一般大學,1002,輔仁大學,學士班(進修),女,2626,208,38,8,3,46,87,1,8,2,4,0,5,0,0,6,0
109,私立,一般大學,1002,輔仁大學,碩士班(日間),女,1126,224,17,5,0,30,87,6,9,0,3,55,1,0,3,0,8
109,私立,一般大學,1002,輔仁大學,碩士在職專班,女,884,185,12,1,0,10,79,5,31,0,1,44,0,0,2,0,0
109,私立,一般大學,1002,輔仁大學,博士班,女,187,89,6,2,0,5,17,2,11,0,0,38,0,0,1,0,7
109,私立,一般大學,1003,東吳大學,學士班(日間),男,4613,245,11,1,41,57,30,0,1,5,30,0,17,0,4,1,47
109,私立,一般大學,1003,東吳大學,學士班(進修),男,359,39,3,1,2,3,18,0,0,1,0,0,0,1,2,0,8
109,私立,一般大學,1003,東吳大學,碩士班(日間),男,577,120,2,2,1,1,34,0,5,5,2,34,3,2,6,0,23
109,私立,一般大學,1003,東吳大學,碩士在職專班,男,559,106,2,0,0,0,41,0,7,1,4,26,0,3,4,0,18
109,私立,一般大學,1003,東吳大學,博士班,男,64,21,1,0,0,0,3,0,2,0,0,11,0,0,0,0,4
109,私立,一般大學,1003,東吳大學,學士班(日間),女,7147,255,34,3,18,72,12,0,1,0,45,0,13,1,6,0,50
109,私立,一般大學,1003,東吳大學,學士班(進修),女,638,66,9,0,3,5,16,1,7,0,4,0,3,0,1,1,16
109,私立,一般大學,1003,東吳大學,碩士班(日間),女,717,164,9,4,0,1,39,2,8,0,2,57,1,2,4,0,35
109,私立,一般大學,1003,東吳大學,碩士在職專班,女,646,129,5,0,0,0,45,5,26,0,3,18,0,2,0,0,25
109,私立,一般大學,1003,東吳大學,博士班,女,54,13,0,0,0,0,2,0,0,0,0,6,0,0,0,0,5
109,私立,一般大學,1004,中原大學,學士班(日間),男,7250,302,13,16,54,89,52,0,1,19,15,1,19,6,13,3,1
109,私立,一般大學,1004,中原大學,碩士班(日間),男,910,99,2,3,2,5,38,0,4,10,8,21,3,2,1,0,0
109,私立,一般大學,1004,中原大學,碩士在職專班,男,532,107,5,7,1,1,51,0,26,4,1,6,1,3,1,0,0
109,私立,一般大學,1004,中原大學,博士班,男,236,47,2,0,0,0,23,0,4,3,3,10,0,2,0,0,0
109,私立,一般大學,1004,中原大學,學士班(日間),女,6310,198,19,8,12,81,29,2,7,0,24,0,10,4,1,1,0
109,私立,一般大學,1004,中原大學,碩士班(日間),女,695,95,12,8,1,1,28,0,12,0,0,26,3,2,2,0,0
109,私立,一般大學,1004,中原大學,碩士在職專班,女,363,61,4,2,0,0,25,1,15,0,1,8,0,5,0,0,0
109,私立,一般大學,1004,中原大學,博士班,女,109,33,4,0,0,0,14,0,6,0,1,7,0,1,0,0,0
109,私立,一般大學,1005,淡江大學學校財團法人淡江大學,學士班(日間),男,10446,589,41,15,11,120,17,0,0,2,27,0,12,5,13,259,67
109,私立,一般大學,1005,淡江大學學校財團法人淡江大學,學士班(進修),男,702,100,1,1,1,6,5,0,0,0,1,0,2,0,1,80,2
109,私立,一般大學,1005,淡江大學學校財團法人淡江大學,碩士班(日間),男,895,182,4,6,0,6,16,0,2,3,1,27,0,0,1,94,22
109,私立,一般大學,1005,淡江大學學校財團法人淡江大學,碩士在職專班,男,392,118,4,0,0,0,29,0,7,0,2,8,0,3,0,60,5
109,私立,一般大學,1005,淡江大學學校財團法人淡江大學,博士班,男,260,84,5,1,0,0,18,0,4,1,1,9,0,0,1,33,11
109,私立,一般大學,1005,淡江大學學校財團法人淡江大學,學士班(日間),女,9793,406,54,5,4,88,5,1,1,0,23,0,8,2,2,177,36
109,私立,一般大學,1005,淡江大學學校財團法人淡江大學,學士班(進修),女,547,83,5,0,2,4,4,0,1,0,3,0,0,3,1,54,6
109,私立,一般大學,1005,淡江大學學校財團法人淡江大學,碩士班(日間),女,677,141,8,1,0,6,13,0,8,0,1,21,2,1,5,52,23
109,私立,一般大學,1005,淡江大學學校財團法人淡江大學,碩士在職專班,女,363,82,4,0,0,0,16,3,11,0,1,4,0,2,0,36,5
109,私立,一般大學,1005,淡江大學學校財團法人淡江大學,博士班,女,134,44,3,1,0,0,12,0,2,0,0,4,0,2,0,13,7
109,私立,一般大學,1006,中國文化大學,學士班(日間),男,10041,665,30,46,42,125,68,0,1,10,20,0,18,2,10,192,101
109,私立,一般大學,1006,中國文化大學,學士班(進修),男,709,272,6,3,2,9,89,0,0,28,6,0,2,7,6,110,4
109,私立,一般大學,1006,中國文化大學,碩士班(日間),男,839,188,6,8,4,7,62,0,1,6,4,45,1,2,14,3,25
109,私立,一般大學,1006,中國文化大學,碩士在職專班,男,257,90,3,0,2,1,45,0,0,2,2,11,0,6,1,15,2
109,私立,一般大學,1006,中國文化大學,博士班,男,329,61,3,2,0,0,20,0,2,0,0,22,0,1,1,0,10
109,私立,一般大學,1006,中國文化大學,學士班(日間),女,10361,488,40,21,17,133,37,4,2,0,26,0,16,3,8,109,72
109,私立,一般大學,1006,中國文化大學,學士班(進修),女,944,293,16,8,9,19,92,2,2,0,8,0,5,10,5,111,6
109,私立,一般大學,1006,中國文化大學,碩士班(日間),女,749,145,1,7,0,2,49,0,2,0,4,31,3,5,13,6,22
109,私立,一般大學,1006,中國文化大學,碩士在職專班,女,377,122,8,3,0,0,52,0,5,0,5,17,0,6,1,22,3
109,私立,一般大學,1006,中國文化大學,博士班,女,182,49,2,0,0,0,14,0,5,0,0,18,1,4,0,0,5
109,私立,一般大學,1007,逢甲大學,學士班(日間),男,10206,305,32,2,18,97,37,0,0,30,25,0,1,23,3,5,32
109,私立,一般大學,1007,逢甲大學,學士班(進修),男,523,34,1,0,2,4,14,0,0,5,0,0,0,4,0,2,2
109,私立,一般大學,1007,逢甲大學,碩士班(日間),男,1030,109,3,10,0,7,24,0,2,9,2,23,0,17,1,0,11
109,私立,一般大學,1007,逢甲大學,碩士在職專班,男,650,103,2,0,1,2,61,0,9,1,0,18,0,6,0,0,3
109,私立,一般大學,1007,逢甲大學,博士班,男,308,44,4,2,0,0,17,0,6,0,0,10,0,4,0,0,1
109,私立,一般大學,1007,逢甲大學,學士班(日間),女,7002,166,35,3,8,46,14,4,1,0,20,0,2,17,4,1,11
109,私立,一般大學,1007,逢甲大學,學士班(進修),女,353,35,5,0,0,6,10,4,5,0,1,0,1,3,0,0,0
109,私立,一般大學,1007,逢甲大學,碩士班(日間),女,464,52,5,2,2,6,15,1,3,0,0,8,1,4,1,1,3
109,私立,一般大學,1007,逢甲大學,碩士在職專班,女,406,56,4,1,0,0,23,1,8,0,1,9,0,8,0,0,1
109,私立,一般大學,1007,逢甲大學,博士班,女,117,15,4,0,0,0,4,0,3,0,0,3,0,1,0,0,0
109,私立,一般大學,1008,靜宜大學,學士班(日間),男,4192,242,11,17,47,82,34,0,0,2,5,0,10,8,18,5,3
109,私立,一般大學,1008,靜宜大學,碩士班(日間),男,215,33,0,4,2,1,11,0,1,1,1,9,1,0,1,0,1
109,私立,一般大學,1008,靜宜大學,碩士在職專班,男,157,20,0,0,1,0,15,0,0,0,0,4,0,0,0,0,0
109,私立,一般大學,1008,靜宜大學,博士班,男,21,4,0,0,0,0,2,0,0,0,0,2,0,0,0,0,0
109,私立,一般大學,1008,靜宜大學,學士班(日間),女,6858,239,26,19,30,86,32,2,2,0,7,0,11,5,6,5,8
109,私立,一般大學,1008,靜宜大學,碩士班(日間),女,382,63,1,6,5,0,24,5,3,0,0,13,0,3,1,0,2
109,私立,一般大學,1008,靜宜大學,碩士在職專班,女,167,37,4,2,0,0,19,0,4,0,0,5,0,3,0,0,0
109,私立,一般大學,1008,靜宜大學,博士班,女,26,6,0,0,1,0,2,0,2,0,0,1,0,0,0,0,0
109,私立,一般大學,1009,長庚大學,學士班(日間),男,2532,109,0,2,0,68,1,0,0,4,3,0,0,2,0,1,28
109,私立,一般大學,1009,長庚大學,碩士班(日間),男,539,73,0,3,0,7,14,0,2,0,0,4,0,9,0,0,34
109,私立,一般大學,1009,長庚大學,碩士在職專班,男,88,35,0,0,0,0,24,0,1,0,0,1,0,9,0,0,0
109,私立,一般大學,1009,長庚大學,博士班,男,308,46,0,1,0,0,16,0,2,1,5,6,0,7,0,0,8
109,私立,一般大學,1009,長庚大學,學士班(日間),女,2567,95,7,1,0,51,4,0,0,0,3,0,0,8,0,1,20
109,私立,一般大學,1009,長庚大學,碩士班(日間),女,549,86,2,5,0,7,18,2,4,0,2,8,0,19,0,0,19
109,私立,一般大學,1009,長庚大學,碩士在職專班,女,93,17,0,1,0,0,7,0,2,0,0,1,0,6,0,0,0
109,私立,一般大學,1009,長庚大學,博士班,女,135,28,4,0,0,2,11,0,0,0,0,4,0,3,0,0,4
109,私立,一般大學,1010,元智大學,學士班(日間),男,4020,126,8,3,35,24,7,0,0,4,5,0,0,0,0,1,39
109,私立,一般大學,1010,元智大學,碩士班(日間),男,521,32,1,0,5,3,9,0,0,0,0,6,0,0,0,0,8
109,私立,一般大學,1010,元智大學,碩士在職專班,男,376,71,0,0,0,0,57,0,1,0,0,6,0,2,0,0,5
109,私立,一般大學,1010,元智大學,博士班,男,197,29,0,0,0,1,17,0,1,0,0,5,0,1,0,0,4
109,私立,一般大學,1010,元智大學,學士班(日間),女,3072,67,11,0,15,18,5,1,0,0,2,0,0,0,0,0,15
109,私立,一般大學,1010,元智大學,碩士班(日間),女,273,21,1,1,0,1,7,0,0,0,0,5,0,0,0,0,6
109,私立,一般大學,1010,元智大學,碩士在職專班,女,210,28,1,0,0,0,14,1,3,0,0,1,0,5,0,0,3
109,私立,一般大學,1010,元智大學,博士班,女,70,8,0,0,0,0,4,0,0,0,0,1,0,1,0,0,2
109,私立,一般大學,1011,中華大學學校財團法人中華大學,學士班(日間),男,2623,186,8,11,25,59,32,0,0,23,7,0,8,5,2,4,2
109,私立,一般大學,1011,中華大學學校財團法人中華大學,學士班(進修),男,247,35,0,0,0,3,22,0,0,6,0,0,2,1,0,1,0
109,私立,一般大學,1011,中華大學學校財團法人中華大學,碩士班(日間),男,178,53,4,3,0,5,20,0,0,6,0,7,4,1,2,0,1
109,私立,一般大學,1011,中華大學學校財團法人中華大學,碩士在職專班,男,95,18,0,0,0,0,13,0,2,0,0,2,0,0,1,0,0
109,私立,一般大學,1011,中華大學學校財團法人中華大學,博士班,男,53,13,1,0,0,0,4,0,0,0,0,7,0,0,1,0,0
109,私立,一般大學,1011,中華大學學校財團法人中華大學,學士班(日間),女,1425,75,10,5,4,30,12,0,1,0,6,0,3,1,1,1,1
109,私立,一般大學,1011,中華大學學校財團法人中華大學,學士班(進修),女,119,18,1,3,0,6,4,2,0,0,0,0,1,1,0,0,0
109,私立,一般大學,1011,中華大學學校財團法人中華大學,碩士班(日間),女,131,33,2,2,0,2,17,0,4,0,0,3,0,2,0,1,0
109,私立,一般大學,1011,中華大學學校財團法人中華大學,碩士在職專班,女,58,22,0,0,0,0,13,1,3,0,1,0,0,3,1,0,0
109,私立,一般大學,1011,中華大學學校財團法人中華大學,博士班,女,19,5,0,1,0,0,2,0,1,0,0,1,0,0,0,0,0
109,私立,一般大學,1012,大葉大學,學士班(日間),男,3383,270,21,35,16,44,89,0,1,27,8,0,4,3,3,1,18
109,私立,一般大學,1012,大葉大學,學士班(進修),男,312,51,2,3,1,9,22,0,0,10,1,0,2,0,0,0,1
109,私立,一般大學,1012,大葉大學,碩士班(日間),男,248,82,3,1,0,0,54,0,1,6,2,8,0,1,4,0,2
109,私立,一般大學,1012,大葉大學,碩士在職專班,男,135,33,1,0,0,0,29,0,1,0,0,2,0,0,0,0,0
109,私立,一般大學,1012,大葉大學,博士班,男,85,48,3,2,0,0,26,0,3,2,0,10,0,0,1,0,1
109,私立,一般大學,1012,大葉大學,學士班(日間),女,2855,138,27,20,2,25,33,3,1,0,5,0,9,1,3,0,9
109,私立,一般大學,1012,大葉大學,學士班(進修),女,301,22,2,2,1,3,11,0,1,0,0,0,1,0,0,0,1
109,私立,一般大學,1012,大葉大學,碩士班(日間),女,219,67,8,11,0,0,34,1,3,0,1,5,0,0,3,0,1
109,私立,一般大學,1012,大葉大學,碩士在職專班,女,196,53,3,0,1,0,37,0,2,0,0,8,0,2,0,0,0
109,私立,一般大學,1012,大葉大學,博士班,女,36,20,0,0,0,0,13,0,0,0,0,4,0,0,0,0,3
109,私立,一般大學,1013,華梵大學,學士班(日間),男,396,46,8,2,1,13,5,0,0,8,2,0,0,5,0,0,2
109,私立,一般大學,1013,華梵大學,碩士班(日間),男,97,20,1,0,3,0,2,0,0,3,0,9,0,1,0,0,1
109,私立,一般大學,1013,華梵大學,碩士在職專班,男,74,11,2,0,0,0,7,0,0,0,0,1,0,1,0,0,0
109,私立,一般大學,1013,華梵大學,博士班,男,33,8,2,0,0,0,0,0,0,0,0,4,0,0,0,0,2
109,私立,一般大學,1013,華梵大學,學士班(日間),女,350,30,3,1,2,5,5,0,0,0,0,0,1,11,0,0,2
109,私立,一般大學,1013,華梵大學,碩士班(日間),女,89,30,2,0,3,0,4,0,1,0,1,16,0,0,0,0,3
109,私立,一般大學,1013,華梵大學,碩士在職專班,女,98,27,3,0,2,0,9,0,0,0,0,7,0,5,0,0,1
109,私立,一般大學,1013,華梵大學,博士班,女,28,5,1,0,0,0,0,0,0,0,0,3,0,0,0,0,1
109,私立,一般大學,1014,義守大學,學士班(日間),男,6089,153,7,10,9,71,34,0,0,2,2,0,1,4,2,0,11
109,私立,一般大學,1014,義守大學,學士班(進修),男,901,34,2,0,0,5,18,0,0,2,0,0,0,2,2,1,2
109,私立,一般大學,1014,義守大學,碩士班(日間),男,199,9,0,1,0,2,3,0,0,1,0,2,0,0,0,0,0
109,私立,一般大學,1014,義守大學,碩士在職專班,男,241,28,1,2,0,0,16,0,3,1,0,0,1,3,0,0,1
109,私立,一般大學,1014,義守大學,博士班,男,109,22,0,0,0,0,17,0,0,0,0,5,0,0,0,0,0
109,私立,一般大學,1014,義守大學,學士班(日間),女,6023,147,17,11,8,81,12,0,0,0,3,0,1,5,1,2,6
109,私立,一般大學,1014,義守大學,學士班(進修),女,463,13,2,0,0,1,4,0,1,0,0,0,0,1,1,1,2
109,私立,一般大學,1014,義守大學,碩士班(日間),女,160,16,1,2,0,1,8,0,1,0,0,2,0,1,0,0,0
109,私立,一般大學,1014,義守大學,碩士在職專班,女,119,12,1,0,0,0,3,1,2,0,0,0,0,4,1,0,0
109,私立,一般大學,1014,義守大學,博士班,女,47,4,0,0,0,0,3,0,0,0,0,0,0,1,0,0,0
109,私立,一般大學,1015,世新大學,學士班(日間),男,3325,141,13,9,6,54,32,0,0,3,10,0,5,1,1,1,6
109,私立,一般大學,1015,世新大學,學士班(進修),男,178,19,1,0,0,1,8,0,0,0,0,0,0,2,0,0,7
109,私立,一般大學,1015,世新大學,碩士班(日間),男,268,84,2,6,1,1,39,0,0,2,0,27,1,1,0,0,4
109,私立,一般大學,1015,世新大學,碩士在職專班,男,355,114,11,0,0,0,72,0,6,0,0,18,0,2,0,0,5
109,私立,一般大學,1015,世新大學,博士班,男,49,17,2,1,0,0,6,0,2,0,0,5,0,0,0,0,1
109,私立,一般大學,1015,世新大學,學士班(日間),女,6106,185,33,8,6,68,17,2,3,0,21,0,11,4,6,2,4
109,私立,一般大學,1015,世新大學,學士班(進修),女,294,16,2,0,0,2,4,0,0,0,1,0,0,3,0,0,4
109,私立,一般大學,1015,世新大學,碩士班(日間),女,298,73,3,4,0,1,24,1,5,0,2,22,1,2,0,0,8
109,私立,一般大學,1015,世新大學,碩士在職專班,女,300,88,3,0,0,0,52,3,8,0,0,10,0,2,0,0,10
109,私立,一般大學,1015,世新大學,博士班,女,50,16,3,0,0,0,4,1,1,0,2,3,0,2,0,0,0
109,私立,一般大學,1016,銘傳大學,學士班(日間),男,6598,349,28,4,79,40,63,0,1,21,8,0,7,2,5,2,89
109,私立,一般大學,1016,銘傳大學,碩士班(日間),男,304,56,1,0,0,2,17,0,1,10,1,17,0,1,0,0,6
109,私立,一般大學,1016,銘傳大學,碩士在職專班,男,355,49,0,0,1,0,23,0,2,1,0,15,0,1,0,0,6
109,私立,一般大學,1016,銘傳大學,博士班,男,38,5,0,0,0,0,2,0,0,0,0,2,0,0,0,0,1
109,私立,一般大學,1016,銘傳大學,學士班(日間),女,10454,329,44,9,25,69,54,0,3,0,16,0,11,6,1,3,88
109,私立,一般大學,1016,銘傳大學,碩士班(日間),女,409,56,3,0,0,0,11,3,2,0,1,18,0,3,0,0,15
109,私立,一般大學,1016,銘傳大學,碩士在職專班,女,417,42,2,0,0,0,17,1,4,0,1,5,0,1,0,0,11
109,私立,一般大學,1016,銘傳大學,博士班,女,39,11,0,0,0,0,7,0,0,0,0,2,1,0,0,0,1
109,私立,一般大學,1017,實踐大學,學士班(日間),男,3442,188,10,8,28,60,31,0,1,6,9,0,6,3,8,6,12
109,私立,一般大學,1017,實踐大學,學士班(進修),男,649,40,2,0,3,8,21,0,0,2,0,0,0,2,0,0,2
109,私立,一般大學,1017,實踐大學,碩士班(日間),男,168,45,3,1,1,1,16,0,2,1,0,17,0,0,0,0,3
109,私立,一般大學,1017,實踐大學,碩士在職專班,男,40,13,0,0,0,0,5,0,3,0,0,3,0,0,2,0,0
109,私立,一般大學,1017,實踐大學,博士班,男,12,3,0,0,0,0,2,0,0,0,0,1,0,0,0,0,0
109,私立,一般大學,1017,實踐大學,學士班(日間),女,7241,301,43,10,25,83,38,4,1,0,28,0,17,7,19,2,24
109,私立,一般大學,1017,實踐大學,學士班(進修),女,1334,86,7,6,1,16,31,4,3,0,4,0,3,6,1,2,2
109,私立,一般大學,1017,實踐大學,碩士班(日間),女,233,38,4,1,0,0,12,1,1,0,1,15,1,2,0,0,0
109,私立,一般大學,1017,實踐大學,碩士在職專班,女,79,18,0,0,0,0,7,1,1,0,0,7,0,0,0,2,0
109,私立,一般大學,1017,實踐大學,博士班,女,18,0,0,0,0,0,0,0,0,0,0,0,0,0,0,0,0
109,私立,技專校院,1018,朝陽科技大學,學士班(日間),男,4890,161,10,13,7,56,31,0,0,14,3,0,4,9,6,0,8
109,私立,技專校院,1018,朝陽科技大學,學士班(進修),男,1286,97,5,8,1,20,43,0,1,9,0,0,1,3,3,1,2
109,私立,技專校院,1018,朝陽科技大學,碩士班(日間),男,333,46,4,2,1,4,21,0,1,3,1,2,0,2,2,0,3
109,私立,技專校院,1018,朝陽科技大學,碩士在職專班,男,170,18,2,1,0,0,10,0,1,0,0,4,0,0,0,0,0
109,私立,技專校院,1018,朝陽科技大學,博士班,男,73,6,0,0,0,0,3,0,0,0,0,2,0,0,0,0,1
109,私立,技專校院,1018,朝陽科技大學,學士班(日間),女,6601,179,15,15,14,61,23,6,10,0,4,0,7,7,3,0,14
109,私立,技專校院,1018,朝陽科技大學,學士班(進修),女,1171,90,6,14,2,22,28,3,2,0,1,0,1,9,0,1,1
109,私立,技專校院,1018,朝陽科技大學,碩士班(日間),女,296,46,3,2,2,3,26,0,5,0,1,4,0,0,0,0,0
109,私立,技專校院,1018,朝陽科技大學,碩士在職專班,女,196,37,5,0,0,0,18,1,7,0,0,0,0,6,0,0,0
109,私立,技專校院,1018,朝陽科技大學,博士班,女,34,3,0,1,0,0,1,0,0,0,0,1,0,0,0,0,0
109,私立,一般大學,1019,高雄醫學大學,學士班(日間),男,2190,119,1,2,3,84,4,0,0,3,4,0,8,4,4,0,2
109,私立,一般大學,1019,高雄醫學大學,碩士班(日間),男,201,31,1,2,0,1,17,0,0,0,1,2,1,1,1,0,4
109,私立,一般大學,1019,高雄醫學大學,碩士在職專班,男,90,20,0,0,0,0,9,0,3,0,0,5,1,0,1,0,1
109,私立,一般大學,1019,高雄醫學大學,博士班,男,166,32,1,1,0,0,6,0,3,0,1,18,0,1,0,0,1
109,私立,一般大學,1019,高雄醫學大學,學士班(日間),女,3031,130,5,2,4,97,4,0,0,0,5,0,5,5,3,0,0
109,私立,一般大學,1019,高雄醫學大學,學士班(進修),女,12,0,0,0,0,0,0,0,0,0,0,0,0,0,0,0,0
109,私立,一般大學,1019,高雄醫學大學,碩士班(日間),女,511,99,1,5,0,3,34,2,7,0,0,37,1,6,1,0,2
109,私立,一般大學,1019,高雄醫學大學,碩士在職專班,女,125,46,1,1,0,0,15,2,7,0,0,15,0,2,1,0,2
109,私立,一般大學,1019,高雄醫學大學,博士班,女,164,44,1,0,0,0,12,1,4,0,0,20,0,4,0,0,2
109,私立,一般大學,1020,南華大學,學士班(日間),男,2018,163,15,24,11,56,22,0,1,8,4,0,12,3,4,0,3
109,私立,一般大學,1020,南華大學,學士班(進修),男,207,14,1,2,1,0,8,0,0,1,0,0,0,0,1,0,0
109,私立,一般大學,1020,南華大學,碩士班(日間),男,246,80,1,6,0,5,34,0,2,3,1,20,0,2,3,0,3
109,私立,一般大學,1020,南華大學,碩士在職專班,男,141,43,3,3,0,0,14,0,3,0,0,15,0,2,3,0,0
109,私立,一般大學,1020,南華大學,博士班,男,36,4,0,1,0,0,2,0,0,0,0,1,0,0,0,0,0
109,私立,一般大學,1020,南華大學,學士班(日間),女,2306,137,11,12,6,47,25,0,2,1,7,0,6,5,5,0,10
109,私立,一般大學,1020,南華大學,學士班(進修),女,114,15,2,2,0,3,6,0,1,1,0,0,0,0,0,0,0
109,私立,一般大學,1020,南華大學,碩士班(日間),女,355,102,6,3,1,5,32,2,8,0,1,31,0,11,0,0,2
109,私立,一般大學,1020,南華大學,碩士在職專班,女,257,61,5,2,0,1,22,1,5,0,0,19,0,6,0,0,0
109,私立,一般大學,1020,南華大學,博士班,女,21,4,0,0,0,0,1,0,0,0,0,2,0,1,0,0,0
109,私立,一般大學,1021,真理大學,學士班(日間),男,2510,101,7,55,7,16,6,0,0,4,2,0,1,0,3,0,0
109,私立,一般大學,1021,真理大學,學士班(進修),男,33,1,1,0,0,0,0,0,0,0,0,0,0,0,0,0,0
109,私立,一般大學,1021,真理大學,碩士班(日間),男,73,10,0,4,0,0,2,0,1,0,1,2,0,0,0,0,0
109,私立,一般大學,1021,真理大學,碩士在職專班,男,12,1,0,0,0,0,1,0,0,0,0,0,0,0,0,0,0
109,私立,一般大學,1021,真理大學,學士班(日間),女,2562,79,10,31,5,18,8,1,1,0,2,0,1,0,2,0,0
109,私立,一般大學,1021,真理大學,學士班(進修),女,11,0,0,0,0,0,0,0,0,0,0,0,0,0,0,0,0
109,私立,一般大學,1021,真理大學,碩士班(日間),女,45,8,1,3,0,0,0,0,0,0,0,4,0,0,0,0,0
109,私立,一般大學,1021,真理大學,碩士在職專班,女,9,3,0,0,0,0,0,0,0,0,0,3,0,0,0,0,0
109,私立,一般大學,1022,大同大學,學士班(日間),男,2164,88,6,3,14,36,7,0,0,6,3,0,4,2,5,0,2
109,私立,一般大學,1022,大同大學,碩士班(日間),男,164,17,0,1,0,1,4,0,0,4,1,2,0,2,0,0,2
109,私立,一般大學,1022,大同大學,碩士在職專班,男,99,42,0,0,0,0,31,0,1,0,0,7,0,2,0,0,1
109,私立,一般大學,1022,大同大學,博士班,男,67,18,3,0,0,0,8,0,0,1,0,5,0,0,0,0,1
109,私立,一般大學,1022,大同大學,學士班(日間),女,1381,51,6,4,5,23,1,0,0,0,4,0,2,0,2,0,4
109,私立,一般大學,1022,大同大學,碩士班(日間),女,64,5,0,0,0,0,1,0,0,0,0,1,0,1,0,0,2
109,私立,一般大學,1022,大同大學,碩士在職專班,女,30,11,0,0,0,0,4,1,3,0,0,3,0,0,0,0,0
109,私立,一般大學,1022,大同大學,博士班,女,43,15,1,1,0,0,7,0,2,0,0,3,0,0,0,0,1
109,私立,技專校院,1023,南臺學校財團法人南臺科技大學,五專,男,222,6,0,0,0,0,5,0,0,0,0,0,0,0,0,0,1
109,私立,技專校院,1023,南臺學校財團法人南臺科技大學,學士班(日間),男,7211,513,30,50,12,97,163,0,1,86,17,0,5,3,22,0,27
109,私立,技專校院,1023,南臺學校財團法人南臺科技大學,學士班(進修),男,2422,454,19,44,5,23,243,0,0,84,2,0,2,3,14,0,15
109,私立,技專校院,1023,南臺學校財團法人南臺科技大學,碩士班(日間),男,443,114,8,15,0,4,38,0,0,18,1,8,1,2,3,0,16
109,私立,技專校院,1023,南臺學校財團法人南臺科技大學,碩士在職專班,男,178,64,0,3,0,0,48,0,1,0,1,2,0,2,3,0,4
109,私立,技專校院,1023,南臺學校財團法人南臺科技大學,博士班,男,71,19,2,2,0,1,10,0,0,1,0,1,0,1,0,0,1
109,私立,技專校院,1023,南臺學校財團法人南臺科技大學,五專,女,28,1,1,0,0,0,0,0,0,0,0,0,0,0,0,0,0
109,私立,技專校院,1023,南臺學校財團法人南臺科技大學,學士班(日間),女,5429,295,29,40,7,86,79,2,3,0,12,0,9,5,4,0,19
109,私立,技專校院,1023,南臺學校財團法人南臺科技大學,學士班(進修),女,1470,319,26,52,4,26,160,10,3,2,3,0,3,5,6,0,19
109,私立,技專校院,1023,南臺學校財團法人南臺科技大學,碩士班(日間),女,350,111,8,21,0,2,37,0,4,0,3,9,1,5,3,0,18
109,私立,技專校院,1023,南臺學校財團法人南臺科技大學,碩士在職專班,女,174,39,5,6,0,0,15,3,1,0,0,6,0,0,1,0,2
109,私立,技專校院,1023,南臺學校財團法人南臺科技大學,博士班,女,26,5,1,1,0,0,2,0,1,0,0,0,0,0,0,0,0
109,私立,技專校院,1024,崑山科技大學,二專(進修),男,17,10,0,0,0,0,0,0,0,0,0,0,0,0,0,10,0
109,私立,技專校院,1024,崑山科技大學,學士班(日間),男,4268,626,16,24,84,91,161,0,0,94,10,0,3,15,0,128,0
109,私立,技專校院,1024,崑山科技大學,學士班(進修),男,1902,398,6,7,6,15,48,0,0,17,1,0,0,1,0,297,0
109,私立,技專校院,1024,崑山科技大學,碩士班(日間),男,187,83,2,3,12,1,35,0,0,11,0,5,0,1,0,13,0
109,私立,技專校院,1024,崑山科技大學,碩士在職專班,男,109,26,1,0,0,2,8,0,1,0,0,1,0,0,0,13,0
109,私立,技專校院,1024,崑山科技大學,博士班,男,29,6,0,0,0,0,4,0,0,0,1,0,0,0,0,1,0
109,私立,技專校院,1024,崑山科技大學,二專(進修),女,18,5,0,0,0,0,1,0,0,0,0,0,0,0,0,4,0
109,私立,技專校院,1024,崑山科技大學,學士班(日間),女,2797,267,13,19,22,47,63,2,1,3,4,0,2,11,0,80,0
109,私立,技專校院,1024,崑山科技大學,學士班(進修),女,1038,198,3,5,2,8,32,2,2,0,0,0,0,3,0,141,0
109,私立,技專校院,1024,崑山科技大學,碩士班(日間),女,118,30,1,1,3,0,12,1,0,0,0,1,0,1,0,10,0
109,私立,技專校院,1024,崑山科技大學,碩士在職專班,女,47,8,0,0,0,2,0,0,0,0,1,1,0,1,0,3,0
109,私立,技專校院,1024,崑山科技大學,博士班,女,7,0,0,0,0,0,0,0,0,0,0,0,0,0,0,0,0
109,私立,技專校院,1025,嘉藥學校財團法人嘉南藥理大學,五專,男,2,0,0,0,0,0,0,0,0,0,0,0,0,0,0,0,0
109,私立,技專校院,1025,嘉藥學校財團法人嘉南藥理大學,學士班(日間),男,4011,328,12,26,0,12,6,0,0,14,1,0,0,1,1,101,154
109,私立,技專校院,1025,嘉藥學校財團法人嘉南藥理大學,學士班(進修),男,1012,267,7,13,0,3,44,0,1,21,0,0,0,0,0,101,77
109,私立,技專校院,1025,嘉藥學校財團法人嘉南藥理大學,碩士班(日間),男,87,18,0,0,0,0,4,0,0,0,0,0,0,0,0,3,11
109,私立,技專校院,1025,嘉藥學校財團法人嘉南藥理大學,碩士在職專班,男,80,23,4,0,0,0,5,0,0,0,0,0,0,0,0,6,8
109,私立,技專校院,1025,嘉藥學校財團法人嘉南藥理大學,五專,女,1,0,0,0,0,0,0,0,0,0,0,0,0,0,0,0,0
109,私立,技專校院,1025,嘉藥學校財團法人嘉南藥理大學,學士班(日間),女,5501,323,37,24,1,26,11,0,1,0,1,0,3,0,0,60,159
109,私立,技專校院,1025,嘉藥學校財團法人嘉南藥理大學,學士班(進修),女,1325,146,5,12,0,4,22,2,0,0,0,0,0,1,0,37,63
109,私立,技專校院,1025,嘉藥學校財團法人嘉南藥理大學,碩士班(日間),女,101,19,0,1,0,0,1,0,0,0,0,0,0,0,0,3,14
109,私立,技專校院,1025,嘉藥學校財團法人嘉南藥理大學,碩士在職專班,女,114,24,1,0,0,1,12,1,0,0,0,1,0,1,0,2,5
109,私立,技專校院,1026,樹德科技大學,二專(進修),男,201,9,0,0,0,2,4,0,0,1,0,0,0,0,0,2,0
109,私立,技專校院,1026,樹德科技大學,學士班(日間),男,3142,113,7,29,2,26,29,0,1,10,0,0,1,0,0,8,0
109,私立,技專校院,1026,樹德科技大學,學士班(進修),男,1013,39,2,10,3,4,11,0,1,3,1,0,0,0,0,4,0
109,私立,技專校院,1026,樹德科技大學,碩士班(日間),男,112,9,0,1,0,0,2,0,0,1,0,3,0,1,0,1,0
109,私立,技專校院,1026,樹德科技大學,碩士在職專班,男,194,14,1,1,0,0,5,0,2,0,0,2,0,0,0,3,0
109,私立,技專校院,1026,樹德科技大學,博士班,男,16,5,1,0,0,0,2,0,0,0,0,1,0,0,0,1,0
109,私立,技專校院,1026,樹德科技大學,二專(進修),女,249,13,1,3,0,0,8,0,0,0,0,0,0,0,0,1,0
109,私立,技專校院,1026,樹德科技大學,學士班(日間),女,4296,121,21,24,6,27,21,1,3,1,1,0,4,2,0,10,0
109,私立,技專校院,1026,樹德科技大學,學士班(進修),女,888,26,4,5,3,2,8,0,0,0,0,0,0,1,0,3,0
109,私立,技專校院,1026,樹德科技大學,碩士班(日間),女,137,21,6,5,1,1,2,0,0,0,0,2,0,0,0,4,0
109,私立,技專校院,1026,樹德科技大學,碩士在職專班,女,230,34,2,1,0,0,4,0,3,0,0,2,0,1,0,21,0
109,私立,技專校院,1026,樹德科技大學,博士班,女,18,4,0,1,0,0,2,0,1,0,0,0,0,0,0,0,0
109,私立,一般大學,1027,慈濟學校財團法人慈濟大學,學士班(日間),男,1111,44,4,0,4,17,0,0,0,2,1,0,2,1,1,0,12
109,私立,一般大學,1027,慈濟學校財團法人慈濟大學,碩士班(日間),男,105,19,0,1,0,0,0,0,0,1,0,8,0,1,0,0,8
109,私立,一般大學,1027,慈濟學校財團法人慈濟大學,碩士在職專班,男,6,0,0,0,0,0,0,0,0,0,0,0,0,0,0,0,0
109,私立,一般大學,1027,慈濟學校財團法人慈濟大學,博士班,男,62,13,0,1,0,0,1,0,0,0,0,7,0,0,0,0,4
109,私立,一般大學,1027,慈濟學校財團法人慈濟大學,學士班(日間),女,1785,46,3,0,1,21,0,0,0,0,2,0,3,0,1,0,15
109,私立,一般大學,1027,慈濟學校財團法人慈濟大學,碩士班(日間),女,239,54,3,1,0,0,10,0,2,0,1,17,0,2,0,0,18
109,私立,一般大學,1027,慈濟學校財團法人慈濟大學,碩士在職專班,女,23,4,0,0,0,0,1,0,1,0,0,1,0,0,0,0,1
109,私立,一般大學,1027,慈濟學校財團法人慈濟大學,博士班,女,52,7,0,0,0,0,1,0,0,0,0,4,0,0,0,0,2
109,私立,一般大學,1028,臺北醫學大學,學士班(日間),男,1850,131,7,1,2,98,9,0,1,0,3,0,1,0,2,0,7
109,私立,一般大學,1028,臺北醫學大學,碩士班(日間),男,222,40,2,1,0,5,13,0,3,0,1,3,0,4,2,0,6
109,私立,一般大學,1028,臺北醫學大學,碩士在職專班,男,79,13,0,0,0,2,7,0,2,0,0,2,0,0,0,0,0
109,私立,一般大學,1028,臺北醫學大學,博士班,男,311,27,1,3,0,2,6,0,1,0,0,9,1,2,0,0,2
109,私立,一般大學,1028,臺北醫學大學,學士班(日間),女,2629,146,5,1,3,105,4,2,3,0,9,0,4,6,0,0,4
109,私立,一般大學,1028,臺北醫學大學,碩士班(日間),女,422,65,2,1,0,4,19,2,7,0,1,11,0,12,2,0,4
109,私立,一般大學,1028,臺北醫學大學,碩士在職專班,女,228,49,6,0,0,0,14,2,5,0,0,12,0,9,0,0,1
109,私立,一般大學,1028,臺北醫學大學,博士班,女,252,37,4,0,0,2,11,0,6,0,0,8,0,5,1,0,0
109,私立,一般大學,1029,中山醫學大學,學士班(日間),男,2071,129,1,3,5,90,5,0,0,0,12,0,3,3,4,0,3
109,私立,一般大學,1029,中山醫學大學,學士班(進修),男,39,3,0,0,0,0,3,0,0,0,0,0,0,0,0,0,0
109,私立,一般大學,1029,中山醫學大學,碩士班(日間),男,179,23,1,0,1,3,9,0,0,1,1,4,1,0,2,0,0
109,私立,一般大學,1029,中山醫學大學,碩士在職專班,男,36,7,0,0,0,1,4,0,0,0,0,2,0,0,0,0,0
109,私立,一般大學,1029,中山醫學大學,博士班,男,108,23,5,0,0,0,6,0,0,0,0,11,0,1,0,0,0
109,私立,一般大學,1029,中山醫學大學,學士班(日間),女,3782,209,4,3,4,163,6,0,1,0,12,0,6,5,1,0,4
109,私立,一般大學,1029,中山醫學大學,學士班(進修),女,85,3,0,0,0,0,0,0,1,0,1,0,1,0,0,0,0
109,私立,一般大學,1029,中山醫學大學,碩士班(日間),女,335,55,0,1,0,1,15,2,4,0,0,29,1,0,2,0,0
109,私立,一般大學,1029,中山醫學大學,碩士在職專班,女,126,40,0,1,0,2,9,0,2,0,0,22,0,3,0,0,1
109,私立,一般大學,1029,中山醫學大學,博士班,女,72,10,0,0,0,0,4,0,0,0,1,5,0,0,0,0,0
109,私立,技專校院,1030,龍華科技大學,五專,男,486,17,0,2,4,4,1,0,0,0,0,0,0,0,0,0,6
109,私立,技專校院,1030,龍華科技大學,學士班(日間),男,4597,180,14,30,16,47,21,0,0,13,1,0,4,5,0,0,29
109,私立,技專校院,1030,龍華科技大學,學士班(進修),男,2820,169,13,15,7,18,93,0,0,14,0,0,0,0,0,0,9
109,私立,技專校院,1030,龍華科技大學,碩士班(日間),男,206,45,1,7,7,2,11,0,0,4,0,7,0,2,0,0,4
109,私立,技專校院,1030,龍華科技大學,碩士在職專班,男,84,13,0,0,0,0,12,0,0,0,0,0,0,1,0,0,0
109,私立,技專校院,1030,龍華科技大學,五專,女,69,2,2,0,0,0,0,0,0,0,0,0,0,0,0,0,0
109,私立,技專校院,1030,龍華科技大學,學士班(日間),女,2378,92,7,15,3,34,14,2,0,0,0,0,4,3,1,0,9
109,私立,技專校院,1030,龍華科技大學,學士班(進修),女,854,52,8,5,0,15,13,1,3,0,0,0,0,0,0,1,6
109,私立,技專校院,1030,龍華科技大學,碩士班(日間),女,84,17,2,0,3,1,6,0,0,0,0,3,0,2,0,0,0
109,私立,技專校院,1030,龍華科技大學,碩士在職專班,女,28,4,0,0,0,0,4,0,0,0,0,0,0,0,0,0,0
109,私立,技專校院,1031,輔英科技大學,五專,男,299,21,2,1,6,11,0,0,0,1,0,0,0,0,0,0,0
109,私立,技專校院,1031,輔英科技大學,學士班(日間),男,1615,147,9,22,10,52,26,0,0,14,0,0,1,2,4,2,5
109,私立,技專校院,1031,輔英科技大學,學士班(進修),男,649,70,3,6,1,9,42,0,0,3,0,0,0,2,0,3,1
109,私立,技專校院,1031,輔英科技大學,碩士班(日間),男,43,6,0,2,0,0,1,0,0,1,0,0,0,0,1,0,1
109,私立,技專校院,1031,輔英科技大學,碩士在職專班,男,6,0,0,0,0,0,0,0,0,0,0,0,0,0,0,0,0
109,私立,技專校院,1031,輔英科技大學,五專,女,2452,83,12,4,6,44,4,2,0,0,0,0,5,0,3,2,1
109,私立,技專校院,1031,輔英科技大學,學士班(日間),女,3544,185,23,35,15,58,25,5,6,0,4,0,3,0,7,1,3
109,私立,技專校院,1031,輔英科技大學,學士班(進修),女,970,99,12,11,1,16,40,6,1,1,0,0,0,6,2,2,1
109,私立,技專校院,1031,輔英科技大學,碩士班(日間),女,116,26,2,1,1,6,4,0,3,0,0,9,0,0,0,0,0
109,私立,技專校院,1031,輔英科技大學,碩士在職專班,女,97,12,0,0,1,2,4,0,0,0,0,4,0,1,0,0,0
109,私立,技專校院,1032,明新學校財團法人明新科技大學,二專(日間),男,35,3,0,0,0,0,0,0,0,0,0,0,1,0,0,1,1
109,私立,技專校院,1032,明新學校財團法人明新科技大學,二專(進修),男,149,38,2,1,1,3,10,0,0,7,0,0,1,2,0,10,1
109,私立,技專校院,1032,明新學校財團法人明新科技大學,學士班(日間),男,4546,334,11,13,31,50,37,0,0,54,0,0,10,6,5,91,26
109,私立,技專校院,1032,明新學校財團法人明新科技大學,學士班(進修),男,2230,167,2,1,0,1,95,0,0,18,0,0,1,6,1,40,2
109,私立,技專校院,1032,明新學校財團法人明新科技大學,碩士班(日間),男,146,32,2,1,1,0,9,0,0,3,0,7,1,3,0,4,1
109,私立,技專校院,1032,明新學校財團法人明新科技大學,碩士在職專班,男,208,65,0,1,0,0,43,0,0,0,0,0,0,2,0,19,0
109,私立,技專校院,1032,明新學校財團法人明新科技大學,二專(日間),女,2,0,0,0,0,0,0,0,0,0,0,0,0,0,0,0,0
109,私立,技專校院,1032,明新學校財團法人明新科技大學,二專(進修),女,65,15,0,0,0,0,4,0,0,0,0,0,0,0,0,8,3
109,私立,技專校院,1032,明新學校財團法人明新科技大學,學士班(日間),女,2908,154,5,21,7,34,16,10,0,1,2,0,4,7,0,33,14
109,私立,技專校院,1032,明新學校財團法人明新科技大學,學士班(進修),女,1442,80,5,0,0,3,39,6,2,1,1,0,1,7,0,13,2
109,私立,技專校院,1032,明新學校財團法人明新科技大學,碩士班(日間),女,77,19,2,0,0,0,5,0,0,0,0,5,0,2,1,3,1
109,私立,技專校院,1032,明新學校財團法人明新科技大學,碩士在職專班,女,78,9,1,0,0,0,5,0,1,0,0,0,0,0,0,2,0
109,私立,一般大學,1033,長榮大學,學士班(日間),男,3233,175,11,18,0,80,30,0,0,9,4,1,7,2,10,3,0
109,私立,一般大學,1033,長榮大學,學士班(進修),男,256,19,2,2,0,6,5,0,0,2,1,0,0,1,0,0,0
109,私立,一般大學,1033,長榮大學,碩士班(日間),男,111,32,0,4,0,7,9,0,0,3,0,9,0,0,0,0,0
109,私立,一般大學,1033,長榮大學,碩士在職專班,男,78,8,0,1,0,1,5,0,0,0,0,1,0,0,0,0,0
109,私立,一般大學,1033,長榮大學,博士班,男,33,3,0,0,0,0,3,0,0,0,0,0,0,0,0,0,0
109,私立,一般大學,1033,長榮大學,學士班(日間),女,4154,139,7,12,0,78,16,1,1,0,7,0,9,3,4,1,0
109,私立,一般大學,1033,長榮大學,學士班(進修),女,129,12,1,2,0,4,4,0,1,0,0,0,0,0,0,0,0
109,私立,一般大學,1033,長榮大學,碩士班(日間),女,197,36,5,2,0,0,7,2,2,0,1,16,1,0,0,0,0
109,私立,一般大學,1033,長榮大學,碩士在職專班,女,44,15,0,0,0,3,9,1,0,0,0,2,0,0,0,0,0
109,私立,一般大學,1033,長榮大學,博士班,女,13,1,1,0,0,0,0,0,0,0,0,0,0,0,0,0,0
109,私立,技專校院,1034,弘光科技大學,二專(進修),男,16,1,0,0,0,0,1,0,0,0,0,0,0,0,0,0,0
109,私立,技專校院,1034,弘光科技大學,五專,男,29,1,0,0,0,0,0,0,0,0,0,0,1,0,0,0,0
109,私立,技專校院,1034,弘光科技大學,學士班(日間),男,2678,137,15,19,4,35,29,0,0,8,2,0,8,1,2,2,12
109,私立,技專校院,1034,弘光科技大學,學士班(進修),男,1596,173,8,13,9,24,79,0,0,17,1,0,8,4,0,3,7
109,私立,技專校院,1034,弘光科技大學,碩士班(日間),男,57,8,0,1,0,1,4,0,0,1,0,0,0,0,0,0,1
109,私立,技專校院,1034,弘光科技大學,碩士在職專班,男,20,12,2,0,0,0,8,0,0,1,0,0,0,0,0,0,1
109,私立,技專校院,1034,弘光科技大學,博士班,男,2,0,0,0,0,0,0,0,0,0,0,0,0,0,0,0,0
109,私立,技專校院,1034,弘光科技大學,二專(進修),女,114,35,3,7,0,2,18,0,1,0,0,0,0,0,1,0,3
109,私立,技專校院,1034,弘光科技大學,五專,女,231,3,0,0,0,2,0,0,0,0,0,0,0,0,0,0,1
109,私立,技專校院,1034,弘光科技大學,學士班(日間),女,5242,238,39,31,8,53,39,3,12,0,3,0,15,6,6,4,19
109,私立,技專校院,1034,弘光科技大學,學士班(進修),女,2502,286,23,32,5,36,114,15,13,0,2,0,6,2,2,6,30
109,私立,技專校院,1034,弘光科技大學,碩士班(日間),女,129,39,1,0,0,0,14,1,4,0,2,13,0,1,0,0,3
109,私立,技專校院,1034,弘光科技大學,碩士在職專班,女,72,24,2,1,0,0,9,2,4,0,0,3,0,1,0,0,2
109,私立,技專校院,1034,弘光科技大學,博士班,女,12,2,0,0,0,0,1,0,0,0,0,1,0,0,0,0,0
109,私立,一般大學,1035,中國醫藥大學,學士班(日間),男,2662,123,2,2,1,31,1,0,0,0,7,0,4,4,13,4,54
109,私立,一般大學,1035,中國醫藥大學,碩士班(日間),男,175,41,1,0,0,1,7,0,2,1,0,6,0,7,0,3,13
109,私立,一般大學,1035,中國醫藥大學,碩士在職專班,男,28,7,0,0,0,0,4,0,0,0,0,0,0,2,0,0,1
109,私立,一般大學,1035,中國醫藥大學,博士班,男,220,53,1,0,0,0,11,0,4,0,1,6,0,6,0,3,21
109,私立,一般大學,1035,中國醫藥大學,學士班(日間),女,3579,135,4,1,0,33,3,0,0,0,13,0,2,10,2,0,67
109,私立,一般大學,1035,中國醫藥大學,學士班(進修),女,1,0,0,0,0,0,0,0,0,0,0,0,0,0,0,0,0
109,私立,一般大學,1035,中國醫藥大學,碩士班(日間),女,307,80,0,6,0,3,8,3,9,0,0,11,1,5,3,5,26
109,私立,一般大學,1035,中國醫藥大學,碩士在職專班,女,66,17,1,0,0,0,2,1,2,0,0,2,0,2,1,4,2
109,私立,一般大學,1035,中國醫藥大學,博士班,女,165,41,1,0,0,0,12,1,1,0,0,10,0,3,0,1,12
109,私立,技專校院,1036,健行學校財團法人健行科技大學,五專,男,1,1,0,0,0,0,0,0,0,1,0,0,0,0,0,0,0
109,私立,技專校院,1036,健行學校財團法人健行科技大學,學士班(日間),男,4502,211,10,16,21,46,33,0,0,63,0,0,0,0,0,1,21
109,私立,技專校院,1036,健行學校財團法人健行科技大學,學士班(進修),男,2688,235,11,19,11,29,119,0,2,22,0,0,0,19,1,2,0
109,私立,技專校院,1036,健行學校財團法人健行科技大學,碩士班(日間),男,182,24,2,3,1,1,10,0,0,4,0,0,0,0,0,0,3
109,私立,技專校院,1036,健行學校財團法人健行科技大學,碩士在職專班,男,28,5,1,0,0,0,2,0,0,1,0,0,0,0,0,0,1
109,私立,技專校院,1036,健行學校財團法人健行科技大學,學士班(日間),女,2168,94,9,6,9,32,12,4,2,1,0,0,0,0,0,0,19
109,私立,技專校院,1036,健行學校財團法人健行科技大學,學士班(進修),女,1591,153,9,17,3,12,86,10,4,0,1,0,0,10,1,0,0
109,私立,技專校院,1036,健行學校財團法人健行科技大學,碩士班(日間),女,101,7,0,0,2,0,5,0,0,0,0,0,0,0,0,0,0
109,私立,技專校院,1036,健行學校財團法人健行科技大學,碩士在職專班,女,18,0,0,0,0,0,0,0,0,0,0,0,0,0,0,0,0
109,私立,技專校院,1037,正修學校財團法人正修科技大學,二專(進修),男,654,145,3,5,9,5,52,0,0,6,1,0,0,1,0,0,63
109,私立,技專校院,1037,正修學校財團法人正修科技大學,五專,男,156,12,1,1,2,7,0,0,0,0,0,0,1,0,0,0,0
109,私立,技專校院,1037,正修學校財團法人正修科技大學,學士班(日間),男,5198,368,18,28,18,74,71,0,0,41,13,0,17,5,9,69,5
109,私立,技專校院,1037,正修學校財團法人正修科技大學,學士班(進修),男,4421,408,17,12,15,51,178,0,0,16,1,0,2,1,1,0,114
109,私立,技專校院,1037,正修學校財團法人正修科技大學,碩士班(日間),男,203,32,0,1,0,0,13,0,0,2,0,6,0,0,1,9,0
109,私立,技專校院,1037,正修學校財團法人正修科技大學,碩士在職專班,男,127,16,2,0,0,0,8,0,0,0,0,3,0,0,0,0,3
109,私立,技專校院,1037,正修學校財團法人正修科技大學,博士班,男,13,2,0,0,0,0,2,0,0,0,0,0,0,0,0,0,0
109,私立,技專校院,1037,正修學校財團法人正修科技大學,二專(進修),女,469,76,4,4,6,2,28,0,1,0,1,0,1,1,0,0,28
109,私立,技專校院,1037,正修學校財團法人正修科技大學,五專,女,44,2,1,0,0,1,0,0,0,0,0,0,0,0,0,0,0
109,私立,技專校院,1037,正修學校財團法人正修科技大學,學士班(日間),女,3299,226,21,28,3,45,50,5,0,1,3,0,13,10,3,38,6
109,私立,技專校院,1037,正修學校財團法人正修科技大學,學士班(進修),女,2672,197,13,21,8,16,85,2,2,0,1,0,0,4,0,0,45
109,私立,技專校院,1037,正修學校財團法人正修科技大學,碩士班(日間),女,159,23,2,0,0,0,7,1,0,0,0,6,0,1,0,6,0
109,私立,技專校院,1037,正修學校財團法人正修科技大學,碩士在職專班,女,58,11,4,0,0,0,1,0,0,0,0,3,0,0,0,0,3
109,私立,技專校院,1038,萬能學校財團法人萬能科技大學,二專(進修),男,7,0,0,0,0,0,0,0,0,0,0,0,0,0,0,0,0
109,私立,技專校院,1038,萬能學校財團法人萬能科技大學,學士班(日間),男,3321,243,16,73,7,38,63,0,0,28,2,0,9,5,2,0,0
109,私立,技專校院,1038,萬能學校財團法人萬能科技大學,學士班(進修),男,1842,51,3,6,0,0,36,0,0,4,1,0,0,1,0,0,0
109,私立,技專校院,1038,萬能學校財團法人萬能科技大學,碩士班(日間),男,73,15,1,1,0,0,5,0,0,3,0,4,0,1,0,0,0
109,私立,技專校院,1038,萬能學校財團法人萬能科技大學,碩士在職專班,男,60,0,0,0,0,0,0,0,0,0,0,0,0,0,0,0,0
109,私立,技專校院,1038,萬能學校財團法人萬能科技大學,二專(進修),女,55,0,0,0,0,0,0,0,0,0,0,0,0,0,0,0,0
109,私立,技專校院,1038,萬能學校財團法人萬能科技大學,學士班(日間),女,2777,210,19,76,1,37,47,6,1,0,5,0,14,2,2,0,0
109,私立,技專校院,1038,萬能學校財團法人萬能科技大學,學士班(進修),女,1431,52,5,7,0,1,30,4,2,0,0,0,0,3,0,0,0
109,私立,技專校院,1038,萬能學校財團法人萬能科技大學,碩士班(日間),女,79,7,1,1,0,0,1,0,0,0,0,3,0,1,0,0,0
109,私立,技專校院,1038,萬能學校財團法人萬能科技大學,碩士在職專班,女,46,2,0,0,0,0,1,1,0,0,0,0,0,0,0,0,0
109,私立,一般大學,1039,玄奘大學,學士班(日間),男,818,76,5,10,6,7,14,0,0,8,1,0,3,1,0,12,9
109,私立,一般大學,1039,玄奘大學,學士班(進修),男,29,9,1,0,0,0,2,0,0,2,0,0,0,1,0,3,0
109,私立,一般大學,1039,玄奘大學,碩士班(日間),男,83,37,0,4,0,0,10,0,2,1,1,11,1,2,1,4,0
109,私立,一般大學,1039,玄奘大學,碩士在職專班,男,48,20,0,0,0,0,6,0,0,0,0,3,0,2,0,9,0
109,私立,一般大學,1039,玄奘大學,學士班(日間),女,1127,123,13,22,7,12,26,0,1,0,2,0,4,3,0,14,19
109,私立,一般大學,1039,玄奘大學,學士班(進修),女,43,7,0,0,0,0,2,0,0,0,0,0,0,0,0,3,2
109,私立,一般大學,1039,玄奘大學,碩士班(日間),女,164,70,4,4,0,0,32,0,0,0,0,18,0,6,1,2,3
109,私立,一般大學,1039,玄奘大學,碩士在職專班,女,94,31,3,0,0,0,15,0,2,0,0,7,0,0,0,2,2
109,私立,一般大學,1039,玄奘大學,博士班,女,2,1,1,0,0,0,0,0,0,0,0,0,0,0,0,0,0
109,私立,技專校院,1040,建國科技大學,二專(進修),男,86,3,2,0,0,0,1,0,0,0,0,0,0,0,0,0,0
109,私立,技專校院,1040,建國科技大學,學士班(日間),男,2696,86,4,8,5,11,23,0,0,10,0,0,0,16,1,5,3
109,私立,技專校院,1040,建國科技大學,學士班(進修),男,1722,67,2,3,2,0,41,0,0,11,0,0,6,1,0,1,0
109,私立,技專校院,1040,建國科技大學,碩士班(日間),男,100,7,0,0,1,0,5,0,0,1,0,0,0,0,0,0,0
109,私立,技專校院,1040,建國科技大學,二專(進修),女,34,1,0,1,0,0,0,0,0,0,0,0,0,0,0,0,0
109,私立,技專校院,1040,建國科技大學,學士班(日間),女,1307,50,8,9,0,10,8,0,0,0,0,0,1,8,0,2,4
109,私立,技專校院,1040,建國科技大學,學士班(進修),女,624,18,3,2,0,0,7,1,1,0,0,0,1,2,0,0,1
109,私立,技專校院,1040,建國科技大學,碩士班(日間),女,51,5,0,0,0,0,2,0,1,0,0,0,0,2,0,0,0
109,私立,技專校院,1041,明志科技大學,學士班(日間),男,2636,60,3,4,1,30,13,0,0,5,1,0,2,1,0,0,0
109,私立,技專校院,1041,明志科技大學,學士班(進修),男,348,11,0,3,0,5,3,0,0,0,0,0,0,0,0,0,0
109,私立,技專校院,1041,明志科技大學,碩士班(日間),男,338,28,2,3,0,4,6,0,0,7,1,2,0,3,0,0,0
109,私立,技專校院,1041,明志科技大學,碩士在職專班,男,14,3,1,0,0,0,2,0,0,0,0,0,0,0,0,0,0
109,私立,技專校院,1041,明志科技大學,博士班,男,18,2,1,1,0,0,0,0,0,0,0,0,0,0,0,0,0
109,私立,技專校院,1041,明志科技大學,學士班(日間),女,971,18,1,1,2,8,4,0,0,0,1,0,1,0,0,0,0
109,私立,技專校院,1041,明志科技大學,學士班(進修),女,29,4,1,0,0,0,2,0,0,0,0,0,1,0,0,0,0
109,私立,技專校院,1041,明志科技大學,碩士班(日間),女,130,6,0,1,0,1,3,0,0,0,0,1,0,0,0,0,0
109,私立,技專校院,1041,明志科技大學,碩士在職專班,女,4,0,0,0,0,0,0,0,0,0,0,0,0,0,0,0,0
109,私立,技專校院,1041,明志科技大學,博士班,女,4,1,0,0,0,0,1,0,0,0,0,0,0,0,0,0,0
109,私立,技專校院,1042,高苑科技大學,二專(進修),男,126,9,2,0,0,0,7,0,0,0,0,0,0,0,0,0,0
109,私立,技專校院,1042,高苑科技大學,學士班(日間),男,1222,25,0,3,1,4,11,0,0,2,1,0,0,0,0,0,3
109,私立,技專校院,1042,高苑科技大學,學士班(進修),男,955,94,0,5,2,4,69,0,0,8,0,0,0,6,0,0,0
109,私立,技專校院,1042,高苑科技大學,碩士班(日間),男,38,6,0,1,0,1,4,0,0,0,0,0,0,0,0,0,0
109,私立,技專校院,1042,高苑科技大學,碩士在職專班,男,125,18,1,0,0,0,15,0,0,0,0,0,0,2,0,0,0
109,私立,技專校院,1042,高苑科技大學,二專(進修),女,75,7,0,0,0,1,6,0,0,0,0,0,0,0,0,0,0
109,私立,技專校院,1042,高苑科技大學,學士班(日間),女,585,12,1,1,0,1,4,1,0,0,1,0,1,0,0,0,2
109,私立,技專校院,1042,高苑科技大學,學士班(進修),女,308,52,0,7,0,0,37,1,1,0,0,0,0,6,0,0,0
109,私立,技專校院,1042,高苑科技大學,碩士班(日間),女,31,3,0,2,0,0,1,0,0,0,0,0,0,0,0,0,0
109,私立,技專校院,1042,高苑科技大學,碩士在職專班,女,45,22,0,0,0,0,18,0,0,0,0,0,0,4,0,0,0
109,私立,技專校院,1043,大仁科技大學,二專(進修),男,48,8,1,0,0,0,4,0,0,0,0,0,0,0,0,3,0
109,私立,技專校院,1043,大仁科技大學,學士班(日間),男,1631,459,12,52,9,60,52,0,0,21,3,0,8,1,6,73,162
109,私立,技專校院,1043,大仁科技大學,學士班(進修),男,622,36,2,1,0,2,12,0,0,3,0,0,0,0,0,16,0
109,私立,技專校院,1043,大仁科技大學,碩士班(日間),男,32,24,0,1,0,3,3,0,0,0,0,0,0,0,1,0,16
109,私立,技專校院,1043,大仁科技大學,碩士在職專班,男,82,11,2,0,0,0,2,0,0,0,0,7,0,0,0,0,0
109,私立,技專校院,1043,大仁科技大學,二專(進修),女,52,5,0,1,0,1,1,0,1,0,0,0,0,0,0,1,0
109,私立,技專校院,1043,大仁科技大學,學士班(日間),女,1769,358,24,51,2,55,45,5,2,0,3,0,9,7,9,54,92
109,私立,技專校院,1043,大仁科技大學,學士班(進修),女,1037,42,5,2,0,1,15,1,5,0,0,0,2,2,4,5,0
109,私立,技專校院,1043,大仁科技大學,碩士班(日間),女,37,24,2,1,0,0,11,1,0,0,0,0,0,2,0,2,5
109,私立,技專校院,1043,大仁科技大學,碩士在職專班,女,79,10,0,0,0,0,4,0,0,0,0,6,0,0,0,0,0
109,私立,技專校院,1044,聖約翰科技大學,二專(進修),男,33,0,0,0,0,0,0,0,0,0,0,0,0,0,0,0,0
109,私立,技專校院,1044,聖約翰科技大學,五專,男,197,23,1,3,2,3,6,0,0,3,0,0,0,2,1,0,2
109,私立,技專校院,1044,聖約翰科技大學,學士班(日間),男,969,125,0,12,13,10,35,0,2,22,0,0,1,1,1,19,9
109,私立,技專校院,1044,聖約翰科技大學,學士班(進修),男,306,17,0,0,0,2,10,0,0,3,0,0,1,0,0,0,1
109,私立,技專校院,1044,聖約翰科技大學,碩士班(日間),男,68,20,1,1,0,0,6,0,0,4,0,2,0,0,0,4,2
109,私立,技專校院,1044,聖約翰科技大學,碩士在職專班,男,82,17,0,0,0,0,13,0,0,0,0,2,0,0,0,0,2
109,私立,技專校院,1044,聖約翰科技大學,二專(進修),女,26,2,0,0,0,0,1,1,0,0,0,0,0,0,0,0,0
109,私立,技專校院,1044,聖約翰科技大學,五專,女,55,5,0,0,1,0,0,0,0,0,0,0,0,0,2,0,2
109,私立,技專校院,1044,聖約翰科技大學,學士班(日間),女,515,31,1,1,2,3,12,1,1,0,0,0,1,1,0,5,3
109,私立,技專校院,1044,聖約翰科技大學,學士班(進修),女,83,5,1,0,0,0,1,1,1,0,0,0,0,0,0,0,1
109,私立,技專校院,1044,聖約翰科技大學,碩士班(日間),女,25,5,0,2,0,0,1,0,0,0,0,0,0,1,0,0,1
109,私立,技專校院,1044,聖約翰科技大學,碩士在職專班,女,32,3,0,0,0,0,1,0,0,0,0,2,0,0,0,0,0
109,私立,技專校院,1045,嶺東科技大學,學士班(日間),男,2706,68,7,11,0,19,8,0,0,15,2,0,0,3,2,0,1
109,私立,技專校院,1045,嶺東科技大學,學士班(進修),男,1495,82,3,10,5,4,34,0,0,20,0,0,2,4,0,0,0
109,私立,技專校院,1045,嶺東科技大學,碩士班(日間),男,118,20,1,2,0,1,10,0,0,1,0,4,0,0,1,0,0
109,私立,技專校院,1045,嶺東科技大學,碩士在職專班,男,110,16,1,1,1,1,10,0,1,0,0,0,0,1,0,0,0
109,私立,技專校院,1045,嶺東科技大學,學士班(日間),女,4595,106,18,20,5,32,11,1,0,0,3,0,6,4,5,0,1
109,私立,技專校院,1045,嶺東科技大學,學士班(進修),女,1293,76,8,18,0,7,32,0,2,0,0,0,3,6,0,0,0
109,私立,技專校院,1045,嶺東科技大學,碩士班(日間),女,137,28,1,1,0,0,9,1,2,0,0,12,0,1,0,0,1
109,私立,技專校院,1045,嶺東科技大學,碩士在職專班,女,56,6,0,0,0,0,4,1,0,0,0,0,0,1,0,0,0
109,私立,技專校院,1046,中國科技大學,二專(進修),男,238,34,3,0,2,1,24,0,0,1,0,0,2,1,0,0,0
109,私立,技專校院,1046,中國科技大學,學士班(日間),男,2918,166,7,14,13,38,50,0,1,13,1,0,10,1,5,0,13
109,私立,技專校院,1046,中國科技大學,學士班(進修),男,1008,101,2,3,0,10,59,0,1,9,1,0,2,3,2,0,9
109,私立,技專校院,1046,中國科技大學,碩士班(日間),男,86,24,2,2,1,0,8,0,0,0,0,9,0,1,0,0,1
109,私立,技專校院,1046,中國科技大學,碩士在職專班,男,55,19,0,0,0,0,14,0,1,0,0,2,0,0,2,0,0
109,私立,技專校院,1046,中國科技大學,二專(進修),女,235,24,1,0,1,0,19,0,1,0,1,0,1,0,0,0,0
109,私立,技專校院,1046,中國科技大學,學士班(日間),女,3456,168,12,21,6,48,40,1,3,1,6,0,6,3,3,0,18
109,私立,技專校院,1046,中國科技大學,學士班(進修),女,732,58,1,4,0,6,30,0,4,0,1,0,2,2,1,0,7
109,私立,技專校院,1046,中國科技大學,碩士班(日間),女,65,9,2,0,0,1,2,0,0,0,0,0,0,1,0,0,3
109,私立,技專校院,1046,中國科技大學,碩士在職專班,女,22,2,0,0,0,0,1,0,0,0,0,0,0,1,0,0,0
109,私立,技專校院,1047,中臺科技大學,二專(日間),男,8,0,0,0,0,0,0,0,0,0,0,0,0,0,0,0,0
109,私立,技專校院,1047,中臺科技大學,學士班(日間),男,2018,165,7,5,11,49,9,0,0,10,1,0,3,3,4,62,1
109,私立,技專校院,1047,中臺科技大學,學士班(進修),男,688,168,1,5,13,10,39,0,1,11,0,0,3,5,3,75,2
109,私立,技專校院,1047,中臺科技大學,碩士班(日間),男,34,9,0,1,0,0,4,0,0,2,0,0,0,0,1,1,0
109,私立,技專校院,1047,中臺科技大學,碩士在職專班,男,50,22,3,0,0,0,4,0,1,0,0,6,0,1,0,7,0
109,私立,技專校院,1047,中臺科技大學,博士班,男,11,3,1,0,0,0,1,0,1,0,0,0,0,0,0,0,0
109,私立,技專校院,1047,中臺科技大學,二專(日間),女,10,0,0,0,0,0,0,0,0,0,0,0,0,0,0,0,0
109,私立,技專校院,1047,中臺科技大學,學士班(日間),女,3149,201,8,18,4,61,29,3,10,0,1,0,14,1,0,52,0
109,私立,技專校院,1047,中臺科技大學,學士班(進修),女,1912,301,10,20,8,18,54,12,33,0,0,0,11,7,2,119,7
109,私立,技專校院,1047,中臺科技大學,碩士班(日間),女,90,26,0,1,0,4,9,0,1,0,0,6,1,0,2,2,0
109,私立,技專校院,1047,中臺科技大學,碩士在職專班,女,196,65,3,1,0,0,14,1,10,0,1,19,0,2,0,13,1
109,私立,技專校院,1047,中臺科技大學,博士班,女,4,2,0,0,0,0,2,0,0,0,0,0,0,0,0,0,0
109,私立,一般大學,1048,亞洲大學,學士班(日間),男,3314,145,15,7,9,52,21,0,0,11,5,0,7,13,1,0,4
109,私立,一般大學,1048,亞洲大學,學士班(進修),男,374,32,3,2,0,6,11,0,0,6,0,0,1,3,0,0,0
109,私立,一般大學,1048,亞洲大學,碩士班(日間),男,287,45,0,2,3,2,14,0,0,1,0,13,1,4,0,0,5
109,私立,一般大學,1048,亞洲大學,碩士在職專班,男,194,18,1,0,0,0,11,0,0,0,0,3,0,2,0,0,1
109,私立,一般大學,1048,亞洲大學,博士班,男,153,28,2,1,1,0,10,0,0,0,1,10,0,1,0,0,2
109,私立,一般大學,1048,亞洲大學,學士班(日間),女,6074,161,32,9,7,61,15,0,1,0,6,0,6,19,2,2,1
109,私立,一般大學,1048,亞洲大學,學士班(進修),女,400,27,2,0,1,6,11,0,1,0,0,0,0,3,2,1,0
109,私立,一般大學,1048,亞洲大學,碩士班(日間),女,342,81,3,1,1,0,31,2,0,0,1,26,0,8,0,1,7
109,私立,一般大學,1048,亞洲大學,碩士在職專班,女,193,35,2,0,0,1,15,1,0,0,0,13,0,3,0,0,0
109,私立,一般大學,1048,亞洲大學,博士班,女,90,16,1,0,0,0,6,0,1,0,0,4,0,2,0,0,2
109,私立,一般大學,1049,開南大學,學士班(日間),男,1971,112,7,7,10,18,35,0,0,17,1,0,0,0,1,0,16
109,私立,一般大學,1049,開南大學,學士班(進修),男,562,51,3,0,0,3,34,0,1,8,0,0,0,1,0,0,1
109,私立,一般大學,1049,開南大學,碩士班(日間),男,84,25,2,3,0,0,9,0,0,4,0,3,0,1,0,0,3
109,私立,一般大學,1049,開南大學,碩士在職專班,男,196,32,2,1,0,0,26,0,1,0,0,0,0,1,0,0,1
109,私立,一般大學,1049,開南大學,學士班(日間),女,2061,108,22,16,2,22,21,5,3,0,0,0,0,2,3,0,12
109,私立,一般大學,1049,開南大學,學士班(進修),女,438,26,3,4,0,2,10,0,1,0,0,0,0,2,0,0,4
109,私立,一般大學,1049,開南大學,碩士班(日間),女,138,33,4,8,1,0,12,0,2,0,0,3,0,0,1,0,2
109,私立,一般大學,1049,開南大學,碩士在職專班,女,137,21,2,0,0,0,16,0,1,0,0,0,0,0,0,0,2
109,私立,一般大學,1050,佛光大學,學士班(日間),男,1310,76,7,3,7,12,22,0,0,10,0,0,0,11,3,0,1
109,私立,一般大學,1050,佛光大學,碩士班(日間),男,175,52,0,1,3,3,26,0,0,1,0,11,0,4,0,0,3
109,私立,一般大學,1050,佛光大學,碩士在職專班,男,60,24,2,0,0,0,12,0,0,1,0,6,0,3,0,0,0
109,私立,一般大學,1050,佛光大學,博士班,男,23,8,2,2,0,0,1,0,0,0,0,0,0,3,0,0,0
109,私立,一般大學,1050,佛光大學,學士班(日間),女,1515,57,9,2,5,17,14,1,0,0,0,1,3,2,1,0,2
109,私立,一般大學,1050,佛光大學,碩士班(日間),女,274,83,5,2,2,3,27,7,2,0,1,20,1,9,1,0,3
109,私立,一般大學,1050,佛光大學,碩士在職專班,女,62,11,2,0,0,0,6,0,0,0,0,2,0,1,0,0,0
109,私立,一般大學,1050,佛光大學,博士班,女,39,5,0,0,0,0,2,0,0,0,0,1,0,1,0,0,1
109,私立,技專校院,1051,台南家專學校財團法人台南應用科技大學,五專,男,230,23,1,0,4,4,3,0,0,0,2,0,3,3,0,0,3
109,私立,技專校院,1051,台南家專學校財團法人台南應用科技大學,學士班(日間),男,2459,196,15,15,19,49,28,0,0,15,4,0,12,32,0,0,7
109,私立,技專校院,1051,台南家專學校財團法人台南應用科技大學,學士班(進修),男,988,112,6,8,20,6,67,0,0,5,0,0,0,0,0,0,0
109,私立,技專校院,1051,台南家專學校財團法人台南應用科技大學,碩士班(日間),男,34,10,1,1,1,2,2,0,0,1,1,0,0,1,0,0,0
109,私立,技專校院,1051,台南家專學校財團法人台南應用科技大學,碩士在職專班,男,31,2,0,0,0,0,2,0,0,0,0,0,0,0,0,0,0
109,私立,技專校院,1051,台南家專學校財團法人台南應用科技大學,五專,女,772,58,13,4,6,11,2,1,0,0,7,0,4,9,0,0,1
109,私立,技專校院,1051,台南家專學校財團法人台南應用科技大學,學士班(日間),女,5935,375,38,40,29,105,41,7,2,0,15,0,15,63,0,0,20
109,私立,技專校院,1051,台南家專學校財團法人台南應用科技大學,學士班(進修),女,1778,169,5,12,23,14,111,3,1,0,0,0,0,0,0,0,0
109,私立,技專校院,1051,台南家專學校財團法人台南應用科技大學,碩士班(日間),女,62,21,3,4,0,1,7,1,1,0,0,0,1,3,0,0,0
109,私立,技專校院,1051,台南家專學校財團法人台南應用科技大學,碩士在職專班,女,74,13,0,1,0,0,12,0,0,0,0,0,0,0,0,0,0
109,私立,技專校院,1052,遠東科技大學,二專(進修),男,160,6,0,0,0,0,5,0,0,0,0,0,0,0,0,0,1
109,私立,技專校院,1052,遠東科技大學,學士班(日間),男,2166,179,9,12,17,38,38,0,1,28,1,0,6,1,3,0,25
109,私立,技專校院,1052,遠東科技大學,學士班(進修),男,739,57,1,2,1,2,43,0,0,2,0,0,0,1,0,0,5
109,私立,技專校院,1052,遠東科技大學,碩士班(日間),男,154,26,1,1,0,1,14,0,0,1,1,6,0,1,0,0,0
109,私立,技專校院,1052,遠東科技大學,碩士在職專班,男,42,5,0,0,0,0,2,0,0,1,0,2,0,0,0,0,0
109,私立,技專校院,1052,遠東科技大學,二專(進修),女,103,5,0,1,0,0,4,0,0,0,0,0,0,0,0,0,0
109,私立,技專校院,1052,遠東科技大學,學士班(日間),女,976,96,6,17,5,15,26,1,3,0,3,0,3,4,0,0,13
109,私立,技專校院,1052,遠東科技大學,學士班(進修),女,263,19,0,0,0,1,17,0,0,0,0,0,0,0,0,0,1
109,私立,技專校院,1052,遠東科技大學,碩士班(日間),女,120,20,0,1,0,1,8,1,0,0,1,2,1,3,0,0,2
109,私立,技專校院,1052,遠東科技大學,碩士在職專班,女,1,0,0,0,0,0,0,0,0,0,0,0,0,0,0,0,0
109,私立,技專校院,1053,光宇學校財團法人元培醫事科技大學,二專(進修),男,4,0,0,0,0,0,0,0,0,0,0,0,0,0,0,0,0
109,私立,技專校院,1053,光宇學校財團法人元培醫事科技大學,學士班(日間),男,1646,58,4,4,9,9,7,0,0,13,0,0,3,2,0,7,0
109,私立,技專校院,1053,光宇學校財團法人元培醫事科技大學,學士班(進修),男,934,31,3,1,0,2,15,0,0,4,0,0,1,0,0,5,0
109,私立,技專校院,1053,光宇學校財團法人元培醫事科技大學,碩士班(日間),男,128,15,0,0,3,0,7,0,0,4,0,0,0,1,0,0,0
109,私立,技專校院,1053,光宇學校財團法人元培醫事科技大學,碩士在職專班,男,10,0,0,0,0,0,0,0,0,0,0,0,0,0,0,0,0
109,私立,技專校院,1053,光宇學校財團法人元培醫事科技大學,博士班,男,1,0,0,0,0,0,0,0,0,0,0,0,0,0,0,0,0
109,私立,技專校院,1053,光宇學校財團法人元培醫事科技大學,二專(進修),女,3,0,0,0,0,0,0,0,0,0,0,0,0,0,0,0,0
109,私立,技專校院,1053,光宇學校財團法人元培醫事科技大學,學士班(日間),女,2127,58,11,7,3,12,5,4,0,1,0,0,6,4,0,5,0
109,私立,技專校院,1053,光宇學校財團法人元培醫事科技大學,學士班(進修),女,1157,35,4,1,0,2,18,1,2,0,0,0,1,5,0,1,0
109,私立,技專校院,1053,光宇學校財團法人元培醫事科技大學,碩士班(日間),女,142,13,1,2,3,1,5,1,0,0,0,0,0,0,0,0,0
109,私立,技專校院,1053,光宇學校財團法人元培醫事科技大學,碩士在職專班,女,34,6,1,0,0,0,4,0,0,0,0,0,0,1,0,0,0
109,私立,技專校院,1054,景文科技大學,二專(進修),男,88,11,2,0,0,2,3,0,0,2,0,0,0,1,0,1,0
109,私立,技專校院,1054,景文科技大學,學士班(日間),男,2286,123,10,19,6,27,22,0,0,26,2,0,0,8,2,1,0
109,私立,技專校院,1054,景文科技大學,學士班(進修),男,679,26,1,5,3,1,9,0,0,5,0,0,0,2,0,0,0
109,私立,技專校院,1054,景文科技大學,碩士班(日間),男,28,3,0,0,0,0,0,0,0,0,0,3,0,0,0,0,0
109,私立,技專校院,1054,景文科技大學,碩士在職專班,男,27,13,0,1,0,0,5,0,0,3,0,4,0,0,0,0,0
109,私立,技專校院,1054,景文科技大學,二專(進修),女,66,8,1,2,0,1,3,0,0,0,0,0,0,0,0,1,0
109,私立,技專校院,1054,景文科技大學,學士班(日間),女,2772,124,17,28,2,26,27,3,4,0,3,0,3,8,3,0,0
109,私立,技專校院,1054,景文科技大學,學士班(進修),女,679,38,5,10,2,3,9,2,1,0,1,0,0,4,0,1,0
109,私立,技專校院,1054,景文科技大學,碩士班(日間),女,13,3,0,1,0,0,1,0,0,0,0,1,0,0,0,0,0
109,私立,技專校院,1054,景文科技大學,碩士在職專班,女,18,4,0,0,0,1,1,0,1,0,0,1,0,0,0,0,0
109,私立,技專校院,1055,中華醫事科技大學,二專(日間),男,19,3,0,0,0,0,0,0,0,0,0,0,0,0,0,3,0
109,私立,技專校院,1055,中華醫事科技大學,二專(進修),男,21,3,0,0,0,0,3,0,0,0,0,0,0,0,0,0,0
109,私立,技專校院,1055,中華醫事科技大學,五專,男,696,50,2,2,0,17,5,0,0,0,0,0,1,0,0,17,6
109,私立,技專校院,1055,中華醫事科技大學,學士班(日間),男,1444,143,4,16,0,5,11,0,0,4,0,0,0,0,0,90,13
109,私立,技專校院,1055,中華醫事科技大學,學士班(進修),男,455,101,0,4,0,1,11,0,0,0,0,0,0,0,0,83,2
109,私立,技專校院,1055,中華醫事科技大學,碩士班(日間),男,43,14,1,1,0,0,0,0,0,0,0,0,0,0,0,12,0
109,私立,技專校院,1055,中華醫事科技大學,碩士在職專班,男,12,3,0,0,0,0,0,0,0,0,0,0,0,0,0,3,0
109,私立,技專校院,1055,中華醫事科技大學,二專(日間),女,20,3,0,0,0,0,0,0,0,0,0,0,0,0,0,3,0
109,私立,技專校院,1055,中華醫事科技大學,二專(進修),女,19,1,0,0,0,0,1,0,0,0,0,0,0,0,0,0,0
109,私立,技專校院,1055,中華醫事科技大學,五專,女,2459,114,6,7,0,29,5,0,2,0,0,0,3,0,0,46,16
109,私立,技專校院,1055,中華醫事科技大學,學士班(日間),女,2622,183,9,12,0,27,12,1,0,0,0,0,0,2,0,99,21
109,私立,技專校院,1055,中華醫事科技大學,學士班(進修),女,854,148,4,11,0,4,20,1,1,0,0,0,0,0,0,104,3
109,私立,技專校院,1055,中華醫事科技大學,碩士班(日間),女,45,21,1,0,0,0,2,0,0,0,0,1,0,0,0,16,1
109,私立,技專校院,1055,中華醫事科技大學,碩士在職專班,女,15,2,0,0,0,0,0,0,0,0,0,0,0,0,0,2,0
109,私立,技專校院,1056,東南科技大學,學士班(日間),男,2904,273,7,28,4,38,35,0,1,14,2,0,5,10,1,126,2
109,私立,技專校院,1056,東南科技大學,學士班(進修),男,463,144,0,1,0,1,5,0,0,2,0,0,0,1,0,18,116
109,私立,技專校院,1056,東南科技大學,碩士班(日間),男,89,22,0,0,0,1,3,0,1,0,0,0,3,2,0,12,0
109,私立,技專校院,1056,東南科技大學,碩士在職專班,男,37,14,0,0,0,0,1,0,0,0,0,0,0,0,0,6,7
109,私立,技專校院,1056,東南科技大學,學士班(日間),女,1488,139,6,11,2,28,13,1,2,0,0,0,3,17,1,55,0
109,私立,技專校院,1056,東南科技大學,學士班(進修),女,141,62,0,0,0,0,4,0,0,0,0,0,0,0,0,8,50
109,私立,技專校院,1056,東南科技大學,碩士班(日間),女,37,9,0,1,0,1,2,0,3,0,0,0,0,1,0,1,0
109,私立,技專校院,1056,東南科技大學,碩士在職專班,女,9,4,0,0,0,0,0,0,0,0,0,0,0,0,0,2,2
109,私立,技專校院,1057,德明財經科技大學,學士班(日間),男,2815,239,7,5,29,52,39,0,0,11,2,0,6,7,15,63,3
109,私立,技專校院,1057,德明財經科技大學,學士班(進修),男,329,46,1,0,1,0,13,0,0,1,0,0,0,2,0,28,0
109,私立,技專校院,1057,德明財經科技大學,碩士班(日間),男,16,8,0,0,0,0,2,0,0,0,0,3,0,0,0,3,0
109,私立,技專校院,1057,德明財經科技大學,碩士在職專班,男,21,8,0,0,0,1,1,0,0,0,0,0,0,0,0,6,0
109,私立,技專校院,1057,德明財經科技大學,學士班(日間),女,3895,219,16,3,23,44,23,6,3,2,5,0,3,6,25,59,1
109,私立,技專校院,1057,德明財經科技大學,學士班(進修),女,274,44,2,2,1,1,6,1,2,0,0,0,0,2,0,27,0
109,私立,技專校院,1057,德明財經科技大學,碩士班(日間),女,16,2,0,0,0,0,1,0,0,0,0,1,0,0,0,0,0
109,私立,技專校院,1057,德明財經科技大學,碩士在職專班,女,18,3,0,0,0,0,0,0,1,0,0,0,0,0,0,2,0
109,私立,一般大學,1058,明道學校財團法人明道大學,學士班(日間),男,1002,33,1,2,0,0,10,0,0,12,0,0,1,1,0,2,4
109,私立,一般大學,1058,明道學校財團法人明道大學,學士班(進修),男,371,11,0,0,0,2,6,0,0,1,0,0,0,0,0,1,1
109,私立,一般大學,1058,明道學校財團法人明道大學,碩士班(日間),男,79,15,1,0,0,0,6,0,0,1,0,3,0,2,0,0,2
109,私立,一般大學,1058,明道學校財團法人明道大學,碩士在職專班,男,32,6,2,1,0,0,3,0,0,0,0,0,0,0,0,0,0
109,私立,一般大學,1058,明道學校財團法人明道大學,博士班,男,16,2,1,0,0,0,0,0,0,0,0,0,0,1,0,0,0
109,私立,一般大學,1058,明道學校財團法人明道大學,學士班(日間),女,725,27,6,2,0,5,7,1,0,0,1,0,0,0,0,2,3
109,私立,一般大學,1058,明道學校財團法人明道大學,學士班(進修),女,185,14,2,1,0,1,6,1,0,0,0,0,0,2,0,1,0
109,私立,一般大學,1058,明道學校財團法人明道大學,碩士班(日間),女,69,17,4,0,0,0,6,1,1,0,0,3,0,1,1,0,0
109,私立,一般大學,1058,明道學校財團法人明道大學,碩士在職專班,女,34,6,1,0,0,0,2,1,1,0,0,0,0,1,0,0,0
109,私立,一般大學,1058,明道學校財團法人明道大學,博士班,女,12,2,0,0,0,0,1,0,0,0,0,0,0,1,0,0,0
109,私立,技專校院,1060,南開科技大學,二專(進修),男,55,3,0,0,0,0,1,0,0,0,0,0,1,0,0,0,1
109,私立,技專校院,1060,南開科技大學,五專,男,455,31,1,1,2,2,9,0,0,5,0,0,3,0,2,0,6
109,私立,技專校院,1060,南開科技大學,學士班(日間),男,1428,49,1,3,1,4,17,0,0,11,0,0,2,3,2,0,5
109,私立,技專校院,1060,南開科技大學,學士班(進修),男,538,23,0,1,1,3,13,0,0,0,0,0,2,0,2,0,1
109,私立,技專校院,1060,南開科技大學,碩士班(日間),男,40,15,0,1,0,0,9,0,0,1,0,3,0,0,0,0,1
109,私立,技專校院,1060,南開科技大學,碩士在職專班,男,29,5,0,1,0,0,2,0,0,0,0,1,0,0,1,0,0
109,私立,技專校院,1060,南開科技大學,二專(進修),女,39,6,0,1,0,0,5,0,0,0,0,0,0,0,0,0,0
109,私立,技專校院,1060,南開科技大學,五專,女,90,3,0,0,0,0,0,1,0,0,0,0,0,0,1,0,1
109,私立,技專校院,1060,南開科技大學,學士班(日間),女,693,18,4,3,0,3,4,0,0,0,0,0,2,0,0,0,2
109,私立,技專校院,1060,南開科技大學,學士班(進修),女,300,15,0,0,0,2,10,1,0,0,0,0,0,1,1,0,0
109,私立,技專校院,1060,南開科技大學,碩士班(日間),女,44,7,0,0,0,0,4,0,0,0,0,0,0,2,0,0,1
109,私立,技專校院,1060,南開科技大學,碩士在職專班,女,44,10,2,1,0,0,4,0,0,0,0,2,0,0,0,0,1
109,私立,技專校院,1061,中華學校財團法人中華科技大學,二專(進修),男,84,39,0,0,0,1,4,0,0,6,0,0,0,0,0,27,1
109,私立,技專校院,1061,中華學校財團法人中華科技大學,學士班(日間),男,2255,565,19,36,1,6,136,0,0,108,4,0,1,3,0,191,60
109,私立,技專校院,1061,中華學校財團法人中華科技大學,學士班(進修),男,749,135,2,1,0,9,27,0,0,18,0,0,0,0,0,75,3
109,私立,技專校院,1061,中華學校財團法人中華科技大學,碩士班(日間),男,171,61,3,4,0,1,32,0,0,3,0,0,0,0,0,13,5
109,私立,技專校院,1061,中華學校財團法人中華科技大學,碩士在職專班,男,107,12,0,1,0,0,6,0,0,0,0,0,0,0,0,4,1
109,私立,技專校院,1061,中華學校財團法人中華科技大學,二專(進修),女,72,29,0,0,0,2,4,0,0,0,0,0,0,0,0,23,0
109,私立,技專校院,1061,中華學校財團法人中華科技大學,學士班(日間),女,998,270,18,22,1,5,76,5,0,0,3,0,0,0,0,97,43
109,私立,技專校院,1061,中華學校財團法人中華科技大學,學士班(進修),女,263,43,1,3,0,2,9,0,0,0,0,0,0,0,0,24,4
109,私立,技專校院,1061,中華學校財團法人中華科技大學,碩士班(日間),女,55,16,1,1,0,0,7,0,0,0,0,0,0,0,0,2,5
109,私立,技專校院,1061,中華學校財團法人中華科技大學,碩士在職專班,女,19,3,0,0,0,0,1,0,0,0,0,0,0,0,0,2,0
109,私立,技專校院,1062,僑光科技大學,學士班(日間),男,2603,46,2,4,2,12,16,0,0,5,0,0,2,0,2,1,0
109,私立,技專校院,1062,僑光科技大學,學士班(進修),男,2445,113,5,5,2,16,51,0,0,25,1,0,2,0,2,3,1
109,私立,技專校院,1062,僑光科技大學,碩士班(日間),男,21,2,0,0,0,0,2,0,0,0,0,0,0,0,0,0,0
109,私立,技專校院,1062,僑光科技大學,碩士在職專班,男,12,1,0,0,0,0,1,0,0,0,0,0,0,0,0,0,0
109,私立,技專校院,1062,僑光科技大學,學士班(日間),女,3644,64,5,8,4,15,16,0,0,0,3,0,4,1,5,2,1
109,私立,技專校院,1062,僑光科技大學,學士班(進修),女,1853,78,3,9,2,11,44,3,0,0,0,0,2,1,1,2,0
109,私立,技專校院,1062,僑光科技大學,碩士班(日間),女,24,4,0,0,0,0,1,0,0,0,0,0,0,2,0,0,1
109,私立,技專校院,1062,僑光科技大學,碩士在職專班,女,8,0,0,0,0,0,0,0,0,0,0,0,0,0,0,0,0
109,私立,技專校院,1063,廣亞學校財團法人育達科技大學,學士班(日間),男,856,50,4,9,3,9,9,0,0,7,0,0,1,3,0,2,3
109,私立,技專校院,1063,廣亞學校財團法人育達科技大學,學士班(進修),男,853,63,4,5,0,6,23,0,0,7,0,0,1,5,0,0,12
109,私立,技專校院,1063,廣亞學校財團法人育達科技大學,碩士班(日間),男,78,13,0,1,0,1,6,0,0,3,0,2,0,0,0,0,0
109,私立,技專校院,1063,廣亞學校財團法人育達科技大學,碩士在職專班,男,139,18,2,0,0,0,9,0,1,0,0,4,0,1,0,0,1
109,私立,技專校院,1063,廣亞學校財團法人育達科技大學,學士班(日間),女,854,41,8,7,2,3,5,5,1,0,2,0,2,5,0,0,1
109,私立,技專校院,1063,廣亞學校財團法人育達科技大學,學士班(進修),女,1026,69,5,7,0,3,25,5,1,0,0,0,1,9,1,1,11
109,私立,技專校院,1063,廣亞學校財團法人育達科技大學,碩士班(日間),女,75,3,1,0,0,0,2,0,0,0,0,0,0,0,0,0,0
109,私立,技專校院,1063,廣亞學校財團法人育達科技大學,碩士在職專班,女,81,15,0,1,0,0,8,1,1,0,0,2,0,0,0,0,2
109,私立,技專校院,1064,美和學校財團法人美和科技大學,二專(進修),男,75,16,0,0,0,2,10,0,0,1,0,0,0,3,0,0,0
109,私立,技專校院,1064,美和學校財團法人美和科技大學,五專,男,242,17,2,0,0,6,3,0,0,3,1,0,1,0,0,1,0
109,私立,技專校院,1064,美和學校財團法人美和科技大學,學士班(日間),男,993,87,6,7,1,14,20,0,0,17,0,0,5,3,3,9,2
109,私立,技專校院,1064,美和學校財團法人美和科技大學,學士班(進修),男,415,47,2,4,0,3,28,0,0,8,0,0,1,0,0,1,0
109,私立,技專校院,1064,美和學校財團法人美和科技大學,碩士班(日間),男,45,17,1,0,0,0,10,0,0,3,0,2,0,0,1,0,0
109,私立,技專校院,1064,美和學校財團法人美和科技大學,碩士在職專班,男,41,9,0,1,0,0,6,0,0,0,0,2,0,0,0,0,0
109,私立,技專校院,1064,美和學校財團法人美和科技大學,二專(進修),女,59,6,0,1,0,1,3,0,0,0,0,0,0,0,0,1,0
109,私立,技專校院,1064,美和學校財團法人美和科技大學,五專,女,1547,78,8,8,4,18,6,6,2,0,0,0,10,1,3,12,0
109,私立,技專校院,1064,美和學校財團法人美和科技大學,學士班(日間),女,1587,102,9,15,2,26,19,5,3,0,0,0,6,2,1,7,7
109,私立,技專校院,1064,美和學校財團法人美和科技大學,學士班(進修),女,1068,127,6,11,0,5,71,3,6,0,0,0,5,11,4,5,0
109,私立,技專校院,1064,美和學校財團法人美和科技大學,碩士班(日間),女,71,28,5,3,0,1,10,1,0,0,0,6,0,2,0,0,0
109,私立,技專校院,1064,美和學校財團法人美和科技大學,碩士在職專班,女,157,21,2,0,0,0,7,1,2,0,0,7,0,2,0,0,0
109,私立,技專校院,1065,吳鳳科技大學,二專(進修),男,129,14,0,0,0,0,4,0,0,0,0,0,0,0,0,10,0
109,私立,技專校院,1065,吳鳳科技大學,學士班(日間),男,2178,190,2,5,6,17,32,0,0,13,0,0,4,11,1,99,0
109,私立,技專校院,1065,吳鳳科技大學,學士班(進修),男,950,120,2,6,26,16,44,0,0,8,0,0,0,4,0,13,1
109,私立,技專校院,1065,吳鳳科技大學,碩士班(日間),男,32,12,0,0,0,0,0,0,0,1,0,0,0,0,0,11,0
109,私立,技專校院,1065,吳鳳科技大學,碩士在職專班,男,35,4,0,0,0,0,2,0,0,0,0,1,0,0,0,1,0
109,私立,技專校院,1065,吳鳳科技大學,二專(進修),女,100,14,0,0,0,0,6,0,1,0,0,0,0,0,0,7,0
109,私立,技專校院,1065,吳鳳科技大學,學士班(日間),女,1001,84,1,6,4,6,4,1,0,0,0,0,14,6,0,42,0
109,私立,技專校院,1065,吳鳳科技大學,學士班(進修),女,592,60,6,8,5,11,19,1,1,0,0,0,0,1,1,7,0
109,私立,技專校院,1065,吳鳳科技大學,碩士班(日間),女,17,5,0,1,0,0,0,0,0,0,0,0,0,0,0,4,0
109,私立,技專校院,1065,吳鳳科技大學,碩士在職專班,女,24,1,0,0,0,0,0,0,0,0,0,0,0,1,0,0,0
109,私立,技專校院,1066,環球學校財團法人環球科技大學,二專(進修),男,110,3,0,0,0,0,2,0,0,1,0,0,0,0,0,0,0
109,私立,技專校院,1066,環球學校財團法人環球科技大學,學士班(日間),男,1076,88,5,19,11,32,6,0,0,5,0,0,1,1,1,7,0
109,私立,技專校院,1066,環球學校財團法人環球科技大學,學士班(進修),男,472,12,0,1,0,0,9,0,0,2,0,0,0,0,0,0,0
109,私立,技專校院,1066,環球學校財團法人環球科技大學,碩士班(日間),男,79,12,1,4,0,2,3,0,0,0,1,0,0,0,0,1,0
109,私立,技專校院,1066,環球學校財團法人環球科技大學,碩士在職專班,男,26,1,0,0,0,0,0,0,0,0,0,0,0,0,0,1,0
109,私立,技專校院,1066,環球學校財團法人環球科技大學,二專(進修),女,114,3,0,0,0,0,3,0,0,0,0,0,0,0,0,0,0
109,私立,技專校院,1066,環球學校財團法人環球科技大學,學士班(日間),女,1165,78,6,17,6,31,1,3,0,0,0,0,3,1,0,10,0
109,私立,技專校院,1066,環球學校財團法人環球科技大學,學士班(進修),女,496,10,1,0,0,0,8,0,0,0,0,0,1,0,0,0,0
109,私立,技專校院,1066,環球學校財團法人環球科技大學,碩士班(日間),女,92,14,1,1,0,4,5,1,0,0,0,0,0,0,0,2,0
109,私立,技專校院,1066,環球學校財團法人環球科技大學,碩士在職專班,女,43,4,0,0,0,0,0,0,1,0,0,0,0,0,0,3,0
109,私立,一般大學,1067,台灣首府學校財團法人台灣首府大學,學士班(日間),男,415,20,0,1,3,3,13,0,0,0,0,0,0,0,0,0,0
109,私立,一般大學,1067,台灣首府學校財團法人台灣首府大學,學士班(進修),男,139,14,0,0,1,0,12,0,0,1,0,0,0,0,0,0,0
109,私立,一般大學,1067,台灣首府學校財團法人台灣首府大學,碩士班(日間),男,15,3,0,0,1,0,2,0,0,0,0,0,0,0,0,0,0
109,私立,一般大學,1067,台灣首府學校財團法人台灣首府大學,學士班(日間),女,455,21,3,2,0,2,10,3,0,0,0,0,0,1,0,0,0
109,私立,一般大學,1067,台灣首府學校財團法人台灣首府大學,學士班(進修),女,73,7,0,1,1,0,4,0,0,0,0,0,0,1,0,0,0
109,私立,一般大學,1067,台灣首府學校財團法人台灣首府大學,碩士班(日間),女,33,5,0,0,1,0,3,0,1,0,0,0,0,0,0,0,0
109,私立,技專校院,1068,中州學校財團法人中州科技大學,二專(進修),男,15,1,0,0,0,0,1,0,0,0,0,0,0,0,0,0,0
109,私立,技專校院,1068,中州學校財團法人中州科技大學,學士班(日間),男,560,14,1,3,1,1,6,0,0,1,0,0,0,0,0,0,1
109,私立,技專校院,1068,中州學校財團法人中州科技大學,學士班(進修),男,781,31,1,0,0,1,24,0,0,3,0,0,0,1,0,1,0
109,私立,技專校院,1068,中州學校財團法人中州科技大學,碩士班(日間),男,7,2,0,0,0,0,2,0,0,0,0,0,0,0,0,0,0
109,私立,技專校院,1068,中州學校財團法人中州科技大學,碩士在職專班,男,12,1,0,1,0,0,0,0,0,0,0,0,0,0,0,0,0
109,私立,技專校院,1068,中州學校財團法人中州科技大學,二專(進修),女,95,5,1,0,0,1,0,1,0,0,0,0,0,2,0,0,0
109,私立,技專校院,1068,中州學校財團法人中州科技大學,學士班(日間),女,366,15,1,3,1,0,8,0,0,0,0,0,0,2,0,0,0
109,私立,技專校院,1068,中州學校財團法人中州科技大學,學士班(進修),女,819,23,2,0,0,2,13,2,1,0,0,0,0,3,0,0,0
109,私立,技專校院,1068,中州學校財團法人中州科技大學,碩士班(日間),女,4,3,0,0,0,0,1,0,0,0,0,0,0,2,0,0,0
109,私立,技專校院,1068,中州學校財團法人中州科技大學,碩士在職專班,女,9,2,1,0,0,0,1,0,0,0,0,0,0,0,0,0,0
109,私立,技專校院,1069,修平學校財團法人修平科技大學,二專(進修),男,15,10,0,0,0,0,0,0,0,0,0,0,0,0,0,10,0
109,私立,技專校院,1069,修平學校財團法人修平科技大學,學士班(日間),男,2130,114,5,7,11,23,44,0,0,4,1,0,1,13,0,5,0
109,私立,技專校院,1069,修平學校財團法人修平科技大學,學士班(進修),男,1251,62,3,1,4,9,26,0,0,1,3,0,3,7,0,5,0
109,私立,技專校院,1069,修平學校財團法人修平科技大學,碩士班(日間),男,40,2,0,0,0,0,2,0,0,0,0,0,0,0,0,0,0
109,私立,技專校院,1069,修平學校財團法人修平科技大學,碩士在職專班,男,16,4,0,1,0,0,3,0,0,0,0,0,0,0,0,0,0
109,私立,技專校院,1069,修平學校財團法人修平科技大學,二專(進修),女,10,1,0,0,0,0,0,0,0,0,0,0,0,0,0,1,0
109,私立,技專校院,1069,修平學校財團法人修平科技大學,學士班(日間),女,840,44,6,5,5,8,10,1,2,0,0,0,0,7,0,0,0
109,私立,技專校院,1069,修平學校財團法人修平科技大學,學士班(進修),女,142,20,0,2,1,4,9,0,0,0,0,0,0,4,0,0,0
109,私立,技專校院,1069,修平學校財團法人修平科技大學,碩士班(日間),女,22,5,1,0,0,1,3,0,0,0,0,0,0,0,0,0,0
109,私立,技專校院,1069,修平學校財團法人修平科技大學,碩士在職專班,女,3,0,0,0,0,0,0,0,0,0,0,0,0,0,0,0,0
109,私立,技專校院,1070,長庚學校財團法人長庚科技大學,學士班(日間),男,555,11,2,0,1,4,1,0,0,0,0,0,1,0,2,0,0
109,私立,技專校院,1070,長庚學校財團法人長庚科技大學,學士班(進修),男,85,3,1,0,0,0,0,0,0,0,0,0,0,2,0,0,0
109,私立,技專校院,1070,長庚學校財團法人長庚科技大學,碩士班(日間),男,3,0,0,0,0,0,0,0,0,0,0,0,0,0,0,0,0
109,私立,技專校院,1070,長庚學校財團法人長庚科技大學,碩士在職專班,男,2,0,0,0,0,0,0,0,0,0,0,0,0,0,0,0,0
109,私立,技專校院,1070,長庚學校財團法人長庚科技大學,五專,女,7,0,0,0,0,0,0,0,0,0,0,0,0,0,0,0,0
109,私立,技專校院,1070,長庚學校財團法人長庚科技大學,學士班(日間),女,4401,80,14,2,3,29,11,0,2,1,4,0,11,0,0,0,3
109,私立,技專校院,1070,長庚學校財團法人長庚科技大學,學士班(進修),女,1094,54,3,5,0,3,28,3,6,0,0,0,1,2,1,0,2
109,私立,技專校院,1070,長庚學校財團法人長庚科技大學,碩士班(日間),女,65,8,1,0,0,0,4,0,0,0,0,0,2,1,0,0,0
109,私立,技專校院,1070,長庚學校財團法人長庚科技大學,碩士在職專班,女,121,28,4,0,0,0,11,1,1,0,0,9,0,1,1,0,0
109,私立,技專校院,1071,城市學校財團法人臺北城市科技大學,二專(進修),男,192,74,2,0,1,0,9,0,0,3,0,0,0,0,0,57,2
109,私立,技專校院,1071,城市學校財團法人臺北城市科技大學,五專,男,719,66,2,3,4,6,27,0,0,10,1,0,4,2,0,1,6
109,私立,技專校院,1071,城市學校財團法人臺北城市科技大學,學士班(日間),男,4374,341,11,49,7,15,140,0,0,44,3,0,17,14,11,13,17
109,私立,技專校院,1071,城市學校財團法人臺北城市科技大學,學士班(進修),男,860,228,1,6,3,8,23,0,0,18,1,0,0,7,0,157,4
109,私立,技專校院,1071,城市學校財團法人臺北城市科技大學,碩士班(日間),男,73,18,1,2,0,0,11,0,1,0,0,2,0,0,0,0,1
109,私立,技專校院,1071,城市學校財團法人臺北城市科技大學,二專(進修),女,226,95,0,2,2,1,15,0,0,0,0,0,0,2,0,70,3
109,私立,技專校院,1071,城市學校財團法人臺北城市科技大學,五專,女,337,18,2,1,1,0,6,1,0,0,1,0,0,4,2,0,0
109,私立,技專校院,1071,城市學校財團法人臺北城市科技大學,學士班(日間),女,2641,198,12,26,6,6,78,2,2,0,2,0,20,15,9,6,14
109,私立,技專校院,1071,城市學校財團法人臺北城市科技大學,學士班(進修),女,420,90,2,2,0,3,14,0,0,0,0,0,0,3,0,62,4
109,私立,技專校院,1071,城市學校財團法人臺北城市科技大學,碩士班(日間),女,16,8,0,0,0,0,5,0,0,0,0,1,0,0,1,0,1
109,私立,技專校院,1072,大華學校財團法人敏實科技大學,五專,男,144,13,1,0,3,1,7,0,0,1,0,0,0,0,0,0,0
109,私立,技專校院,1072,大華學校財團法人敏實科技大學,學士班(日間),男,203,18,1,2,2,2,8,0,0,3,0,0,0,0,0,0,0
109,私立,技專校院,1072,大華學校財團法人敏實科技大學,學士班(進修),男,138,9,2,0,1,0,4,0,0,2,0,0,0,0,0,0,0
109,私立,技專校院,1072,大華學校財團法人敏實科技大學,碩士班(日間),男,2,0,0,0,0,0,0,0,0,0,0,0,0,0,0,0,0
109,私立,技專校院,1072,大華學校財團法人敏實科技大學,五專,女,128,7,1,1,1,3,1,0,0,0,0,0,0,0,0,0,0
109,私立,技專校院,1072,大華學校財團法人敏實科技大學,學士班(日間),女,91,4,0,2,0,0,1,1,0,0,0,0,0,0,0,0,0
109,私立,技專校院,1072,大華學校財團法人敏實科技大學,學士班(進修),女,65,3,0,0,1,0,1,1,0,0,0,0,0,0,0,0,0
109,私立,技專校院,1073,醒吾學校財團法人醒吾科技大學,二專(進修),男,100,106,2,5,58,6,29,0,0,3,0,0,0,1,0,0,2
109,私立,技專校院,1073,醒吾學校財團法人醒吾科技大學,五專,男,186,42,1,4,4,16,7,0,0,2,1,0,4,0,2,0,1
109,私立,技專校院,1073,醒吾學校財團法人醒吾科技大學,學士班(日間),男,2513,193,14,26,11,54,48,0,0,12,5,0,12,8,0,0,3
109,私立,技專校院,1073,醒吾學校財團法人醒吾科技大學,學士班(進修),男,617,175,5,8,62,17,45,0,1,21,3,0,4,0,4,0,5
109,私立,技專校院,1073,醒吾學校財團法人醒吾科技大學,碩士班(日間),男,25,4,0,0,0,0,1,0,1,0,0,0,0,1,0,0,1
109,私立,技專校院,1073,醒吾學校財團法人醒吾科技大學,碩士在職專班,男,58,5,0,0,0,0,3,0,0,0,2,0,0,0,0,0,0
109,私立,技專校院,1073,醒吾學校財團法人醒吾科技大學,二專(進修),女,118,92,0,2,44,3,35,2,0,0,2,0,0,2,0,0,2
109,私立,技專校院,1073,醒吾學校財團法人醒吾科技大學,五專,女,312,31,4,4,2,9,4,1,0,0,1,0,0,1,4,0,1
109,私立,技專校院,1073,醒吾學校財團法人醒吾科技大學,學士班(日間),女,3130,229,17,29,14,68,58,5,1,0,9,0,11,5,3,0,9
109,私立,技專校院,1073,醒吾學校財團法人醒吾科技大學,學士班(進修),女,814,220,11,16,47,19,88,2,3,0,6,0,16,4,3,0,5
109,私立,技專校院,1073,醒吾學校財團法人醒吾科技大學,碩士班(日間),女,32,1,0,0,0,0,0,0,0,0,0,0,0,1,0,0,0
109,私立,技專校院,1073,醒吾學校財團法人醒吾科技大學,碩士在職專班,女,38,3,1,0,0,0,0,0,1,0,1,0,0,0,0,0,0
109,私立,技專校院,1075,文藻學校財團法人文藻外語大學,五專,男,269,15,0,1,2,6,0,0,0,1,4,0,0,1,0,0,0
109,私立,技專校院,1075,文藻學校財團法人文藻外語大學,學士班(日間),男,1424,99,11,7,32,19,13,0,0,4,4,0,0,3,2,3,1
109,私立,技專校院,1075,文藻學校財團法人文藻外語大學,學士班(進修),男,648,81,4,5,5,9,44,0,0,1,3,0,1,3,6,0,0
109,私立,技專校院,1075,文藻學校財團法人文藻外語大學,碩士班(日間),男,50,17,1,0,1,0,4,0,1,1,1,7,0,0,0,0,1
109,私立,技專校院,1075,文藻學校財團法人文藻外語大學,碩士在職專班,男,12,1,0,0,0,0,1,0,0,0,0,0,0,0,0,0,0
109,私立,技專校院,1075,文藻學校財團法人文藻外語大學,五專,女,1338,58,3,0,16,21,1,0,0,0,13,0,1,0,2,1,0
109,私立,技專校院,1075,文藻學校財團法人文藻外語大學,學士班(日間),女,3880,192,27,15,57,39,29,0,0,0,11,0,2,3,2,4,3
109,私立,技專校院,1075,文藻學校財團法人文藻外語大學,學士班(進修),女,1206,184,13,16,11,17,94,11,4,0,3,0,0,7,6,2,0
109,私立,技專校院,1075,文藻學校財團法人文藻外語大學,碩士班(日間),女,147,48,2,4,2,6,13,2,1,0,2,11,0,1,4,0,0
109,私立,技專校院,1075,文藻學校財團法人文藻外語大學,碩士在職專班,女,38,11,0,1,0,0,6,1,0,0,0,1,0,2,0,0,0
109,私立,技專校院,1076,華夏學校財團法人華夏科技大學,二專(進修),男,96,22,0,0,0,1,2,0,0,2,0,0,0,0,0,16,1
109,私立,技專校院,1076,華夏學校財團法人華夏科技大學,五專,男,508,55,2,0,3,17,7,0,0,5,0,0,1,1,1,6,12
109,私立,技專校院,1076,華夏學校財團法人華夏科技大學,學士班(日間),男,986,108,4,10,6,13,9,0,0,18,0,0,4,0,0,39,5
109,私立,技專校院,1076,華夏學校財團法人華夏科技大學,學士班(進修),男,874,85,2,3,0,7,35,0,0,9,1,0,0,1,0,25,2
109,私立,技專校院,1076,華夏學校財團法人華夏科技大學,碩士班(日間),男,31,13,0,0,0,0,3,0,1,0,0,6,0,0,0,3,0
109,私立,技專校院,1076,華夏學校財團法人華夏科技大學,碩士在職專班,男,48,9,0,0,0,0,6,0,0,1,0,0,0,0,0,2,0
109,私立,技專校院,1076,華夏學校財團法人華夏科技大學,二專(進修),女,110,26,1,2,0,6,6,0,0,0,0,0,0,0,0,10,1
109,私立,技專校院,1076,華夏學校財團法人華夏科技大學,五專,女,93,10,0,1,0,4,1,0,0,0,1,0,1,0,0,2,0
109,私立,技專校院,1076,華夏學校財團法人華夏科技大學,學士班(日間),女,565,81,2,8,1,14,19,5,1,0,0,0,2,2,2,22,3
109,私立,技專校院,1076,華夏學校財團法人華夏科技大學,學士班(進修),女,704,66,4,4,2,5,26,1,2,0,0,0,0,1,1,18,2
109,私立,技專校院,1076,華夏學校財團法人華夏科技大學,碩士班(日間),女,6,5,0,0,0,0,1,0,0,0,0,2,1,1,0,0,0
109,私立,技專校院,1076,華夏學校財團法人華夏科技大學,碩士在職專班,女,22,2,0,0,0,0,0,0,0,0,0,0,1,0,0,1,0
109,私立,技專校院,1077,慈濟學校財團法人慈濟科技大學,二專(日間),男,12,0,0,0,0,0,0,0,0,0,0,0,0,0,0,0,0
109,私立,技專校院,1077,慈濟學校財團法人慈濟科技大學,五專,男,194,5,1,1,0,3,0,0,0,0,0,0,0,0,0,0,0
109,私立,技專校院,1077,慈濟學校財團法人慈濟科技大學,學士班(日間),男,527,25,0,2,3,11,2,0,0,1,0,0,0,2,2,0,2
109,私立,技專校院,1077,慈濟學校財團法人慈濟科技大學,學士班(進修),男,10,5,0,0,0,2,3,0,0,0,0,0,0,0,0,0,0
109,私立,技專校院,1077,慈濟學校財團法人慈濟科技大學,碩士班(日間),男,16,2,0,0,0,0,2,0,0,0,0,0,0,0,0,0,0
109,私立,技專校院,1077,慈濟學校財團法人慈濟科技大學,二專(日間),女,20,0,0,0,0,0,0,0,0,0,0,0,0,0,0,0,0
109,私立,技專校院,1077,慈濟學校財團法人慈濟科技大學,五專,女,1168,38,8,1,1,22,1,2,0,0,1,0,0,0,0,0,2
109,私立,技專校院,1077,慈濟學校財團法人慈濟科技大學,學士班(日間),女,1029,54,8,3,2,20,9,2,0,0,0,0,1,0,2,0,7
109,私立,技專校院,1077,慈濟學校財團法人慈濟科技大學,學士班(進修),女,162,23,2,0,0,5,11,1,0,0,0,0,0,2,0,0,2
109,私立,技專校院,1077,慈濟學校財團法人慈濟科技大學,碩士班(日間),女,25,6,0,0,0,0,5,0,1,0,0,0,0,0,0,0,0
109,私立,技專校院,1078,致理學校財團法人致理科技大學,五專,男,334,30,2,4,10,4,1,0,0,1,0,0,0,0,8,0,0
109,私立,技專校院,1078,致理學校財團法人致理科技大學,學士班(日間),男,2142,92,5,4,16,20,10,0,0,18,3,0,5,2,3,6,0
109,私立,技專校院,1078,致理學校財團法人致理科技大學,學士班(進修),男,1340,135,8,11,9,25,63,0,0,9,1,0,5,1,3,0,0
109,私立,技專校院,1078,致理學校財團法人致理科技大學,碩士班(日間),男,9,3,0,0,0,0,1,0,0,0,0,2,0,0,0,0,0
109,私立,技專校院,1078,致理學校財團法人致理科技大學,碩士在職專班,男,14,5,0,2,0,0,2,0,0,0,0,1,0,0,0,0,0
109,私立,技專校院,1078,致理學校財團法人致理科技大學,五專,女,1246,64,9,1,22,19,2,0,0,0,3,0,1,0,6,1,0
109,私立,技專校院,1078,致理學校財團法人致理科技大學,學士班(日間),女,4465,122,10,14,23,23,23,3,0,0,3,0,7,2,5,6,3
109,私立,技專校院,1078,致理學校財團法人致理科技大學,學士班(進修),女,1954,171,11,14,17,37,51,5,22,0,4,0,5,4,1,0,0
109,私立,技專校院,1078,致理學校財團法人致理科技大學,碩士班(日間),女,41,3,0,0,0,0,1,0,0,0,0,2,0,0,0,0,0
109,私立,技專校院,1078,致理學校財團法人致理科技大學,碩士在職專班,女,30,9,1,0,0,0,5,0,0,0,1,2,0,0,0,0,0
109,私立,一般大學,1079,康寧學校財團法人康寧大學,二專(進修),男,47,5,0,0,0,0,4,0,0,0,0,0,0,0,0,1,0
109,私立,一般大學,1079,康寧學校財團法人康寧大學,五專,男,679,40,7,0,5,6,5,0,0,0,1,0,2,2,2,8,2
109,私立,一般大學,1079,康寧學校財團法人康寧大學,學士班(日間),男,79,5,0,0,0,0,4,0,0,0,0,0,0,1,0,0,0
109,私立,一般大學,1079,康寧學校財團法人康寧大學,學士班(進修),男,34,10,0,1,0,1,5,0,0,0,1,0,0,0,0,1,1
109,私立,一般大學,1079,康寧學校財團法人康寧大學,碩士班(日間),男,9,5,0,0,1,0,2,0,0,0,0,0,0,0,0,2,0
109,私立,一般大學,1079,康寧學校財團法人康寧大學,碩士在職專班,男,7,5,0,0,1,0,1,0,0,1,0,0,0,0,0,2,0
109,私立,一般大學,1079,康寧學校財團法人康寧大學,二專(日間),女,1,0,0,0,0,0,0,0,0,0,0,0,0,0,0,0,0
109,私立,一般大學,1079,康寧學校財團法人康寧大學,二專(進修),女,131,12,1,1,0,0,5,1,0,0,0,0,0,2,0,1,1
109,私立,一般大學,1079,康寧學校財團法人康寧大學,五專,女,2104,83,13,1,4,29,4,0,0,0,6,0,5,0,4,11,6
109,私立,一般大學,1079,康寧學校財團法人康寧大學,學士班(日間),女,190,11,2,0,1,5,0,1,0,0,0,0,0,1,0,1,0
109,私立,一般大學,1079,康寧學校財團法人康寧大學,學士班(進修),女,150,12,2,1,0,0,5,0,0,0,0,0,0,3,0,1,0
109,私立,一般大學,1079,康寧學校財團法人康寧大學,碩士班(日間),女,15,6,0,0,1,0,5,0,0,0,0,0,0,0,0,0,0
109,私立,一般大學,1079,康寧學校財團法人康寧大學,碩士在職專班,女,19,13,0,1,1,0,7,0,1,0,0,0,0,1,0,2,0
109,私立,技專校院,1080,宏國學校財團法人宏國德霖科技大學,二專(進修),男,21,0,0,0,0,0,0,0,0,0,0,0,0,0,0,0,0
109,私立,技專校院,1080,宏國學校財團法人宏國德霖科技大學,五專,男,701,23,1,2,4,9,3,0,0,3,0,0,1,0,0,0,0
109,私立,技專校院,1080,宏國學校財團法人宏國德霖科技大學,學士班(日間),男,1280,52,4,12,1,9,12,0,0,12,0,0,0,1,1,0,0
109,私立,技專校院,1080,宏國學校財團法人宏國德霖科技大學,學士班(進修),男,1217,55,2,6,0,2,35,0,0,7,1,0,0,0,1,0,1
109,私立,技專校院,1080,宏國學校財團法人宏國德霖科技大學,碩士班(日間),男,7,0,0,0,0,0,0,0,0,0,0,0,0,0,0,0,0
109,私立,技專校院,1080,宏國學校財團法人宏國德霖科技大學,二專(進修),女,36,0,0,0,0,0,0,0,0,0,0,0,0,0,0,0,0
109,私立,技專校院,1080,宏國學校財團法人宏國德霖科技大學,五專,女,457,6,3,1,0,1,1,0,0,0,0,0,0,0,0,0,0
109,私立,技專校院,1080,宏國學校財團法人宏國德霖科技大學,學士班(日間),女,856,40,5,6,4,10,7,1,0,0,0,0,2,2,1,0,2
109,私立,技專校院,1080,宏國學校財團法人宏國德霖科技大學,學士班(進修),女,789,28,2,2,0,3,16,2,0,0,1,0,0,0,0,0,2
109,私立,技專校院,1080,宏國學校財團法人宏國德霖科技大學,碩士班(日間),女,6,1,0,0,0,0,1,0,0,0,0,0,0,0,0,0,0
109,私立,技專校院,1081,東方學校財團法人東方設計大學,二專(進修),男,68,47,0,1,0,0,3,0,0,0,0,0,1,0,0,40,2
109,私立,技專校院,1081,東方學校財團法人東方設計大學,五專,男,311,23,0,0,1,5,5,0,0,1,0,0,0,0,0,9,2
109,私立,技專校院,1081,東方學校財團法人東方設計大學,學士班(日間),男,426,73,3,8,3,1,7,0,0,4,0,0,0,0,1,44,2
109,私立,技專校院,1081,東方學校財團法人東方設計大學,學士班(進修),男,185,33,0,0,0,1,4,0,0,2,0,0,0,1,0,24,1
109,私立,技專校院,1081,東方學校財團法人東方設計大學,碩士班(日間),男,29,20,0,3,0,0,0,0,0,0,0,0,0,0,0,16,1
109,私立,技專校院,1081,東方學校財團法人東方設計大學,碩士在職專班,男,22,4,0,0,0,0,0,0,0,0,0,0,0,0,0,4,0
109,私立,技專校院,1081,東方學校財團法人東方設計大學,博士班,男,15,1,0,0,0,0,0,0,0,0,0,0,0,0,0,1,0
109,私立,技專校院,1081,東方學校財團法人東方設計大學,二專(進修),女,64,40,0,0,0,0,7,0,0,0,0,0,0,1,0,32,0
109,私立,技專校院,1081,東方學校財團法人東方設計大學,五專,女,404,35,1,2,1,10,8,0,0,1,0,0,0,0,1,9,2
109,私立,技專校院,1081,東方學校財團法人東方設計大學,學士班(日間),女,300,52,4,5,0,4,4,0,0,0,0,0,0,1,0,26,8
109,私立,技專校院,1081,東方學校財團法人東方設計大學,學士班(進修),女,156,35,1,1,1,2,7,0,0,0,1,0,0,0,0,22,0
109,私立,技專校院,1081,東方學校財團法人東方設計大學,碩士班(日間),女,51,17,0,2,0,0,0,0,0,0,0,1,0,0,0,13,1
109,私立,技專校院,1081,東方學校財團法人東方設計大學,碩士在職專班,女,24,13,0,0,0,0,5,0,0,0,0,0,0,0,0,8,0
109,私立,技專校院,1081,東方學校財團法人東方設計大學,博士班,女,17,4,1,0,0,0,0,1,0,0,0,0,1,0,0,1,0
109,私立,技專校院,1082,崇右學校財團法人崇右影藝科技大學,二專(進修),男,195,12,0,0,0,2,9,0,0,0,1,0,0,0,0,0,0
109,私立,技專校院,1082,崇右學校財團法人崇右影藝科技大學,五專,男,19,2,0,0,0,0,2,0,0,0,0,0,0,0,0,0,0
109,私立,技專校院,1082,崇右學校財團法人崇右影藝科技大學,學士班(日間),男,725,44,1,5,8,5,10,0,0,10,1,0,2,2,0,0,0
109,私立,技專校院,1082,崇右學校財團法人崇右影藝科技大學,學士班(進修),男,250,3,0,0,0,0,2,0,0,0,0,0,0,1,0,0,0
109,私立,技專校院,1082,崇右學校財團法人崇右影藝科技大學,碩士班(日間),男,45,3,0,0,0,0,2,0,1,0,0,0,0,0,0,0,0
109,私立,技專校院,1082,崇右學校財團法人崇右影藝科技大學,二專(進修),女,138,4,0,0,0,2,2,0,0,0,0,0,0,0,0,0,0
109,私立,技專校院,1082,崇右學校財團法人崇右影藝科技大學,五專,女,17,2,0,2,0,0,0,0,0,0,0,0,0,0,0,0,0
109,私立,技專校院,1082,崇右學校財團法人崇右影藝科技大學,學士班(日間),女,925,55,3,17,9,5,13,3,0,0,1,0,2,2,0,0,0
109,私立,技專校院,1082,崇右學校財團法人崇右影藝科技大學,學士班(進修),女,260,0,0,0,0,0,0,0,0,0,0,0,0,0,0,0,0
109,私立,技專校院,1082,崇右學校財團法人崇右影藝科技大學,碩士班(日間),女,35,1,0,0,0,0,1,0,0,0,0,0,0,0,0,0,0
109,私立,技專校院,1083,台北海洋學校財團法人台北海洋科技大學,二專(日間),男,50,2,0,0,0,0,0,0,0,0,0,0,0,0,0,2,0
109,私立,技專校院,1083,台北海洋學校財團法人台北海洋科技大學,二專(進修),男,94,13,0,5,0,0,6,0,0,0,0,0,1,0,0,1,0
109,私立,技專校院,1083,台北海洋學校財團法人台北海洋科技大學,五專,男,522,59,2,9,0,19,13,0,0,10,0,0,0,0,0,5,1
109,私立,技專校院,1083,台北海洋學校財團法人台北海洋科技大學,學士班(日間),男,1404,160,8,24,0,42,42,0,1,17,1,0,0,0,0,23,2
109,私立,技專校院,1083,台北海洋學校財團法人台北海洋科技大學,學士班(進修),男,228,16,1,2,0,1,9,0,0,2,0,0,0,0,0,0,1
109,私立,技專校院,1083,台北海洋學校財團法人台北海洋科技大學,碩士班(日間),男,82,24,1,1,0,0,20,0,0,0,1,0,0,0,0,1,0
109,私立,技專校院,1083,台北海洋學校財團法人台北海洋科技大學,二專(日間),女,1,0,0,0,0,0,0,0,0,0,0,0,0,0,0,0,0
109,私立,技專校院,1083,台北海洋學校財團法人台北海洋科技大學,二專(進修),女,26,5,0,3,0,0,0,0,0,0,0,0,0,0,0,1,1
109,私立,技專校院,1083,台北海洋學校財團法人台北海洋科技大學,五專,女,324,32,3,7,0,12,7,0,1,0,0,0,0,0,0,2,0
109,私立,技專校院,1083,台北海洋學校財團法人台北海洋科技大學,學士班(日間),女,1063,117,10,28,0,28,22,0,1,0,2,0,0,0,0,19,7
109,私立,技專校院,1083,台北海洋學校財團法人台北海洋科技大學,學士班(進修),女,333,26,5,7,0,5,7,2,0,0,0,0,0,0,0,0,0
109,私立,技專校院,1083,台北海洋學校財團法人台北海洋科技大學,碩士班(日間),女,65,14,1,1,0,0,10,0,0,0,0,0,0,0,0,1,1
109,私立,一般大學,1125,中信學校財團法人中信金融管理學院,學士班(日間),男,392,7,1,0,0,0,1,0,0,2,0,0,0,3,0,0,0
109,私立,一般大學,1125,中信學校財團法人中信金融管理學院,碩士班(日間),男,47,5,0,0,0,1,4,0,0,0,0,0,0,0,0,0,0
109,私立,一般大學,1125,中信學校財團法人中信金融管理學院,碩士在職專班,男,21,1,0,0,0,0,1,0,0,0,0,0,0,0,0,0,0
109,私立,一般大學,1125,中信學校財團法人中信金融管理學院,學士班(日間),女,302,5,1,0,0,0,1,0,0,0,0,0,0,3,0,0,0
109,私立,一般大學,1125,中信學校財團法人中信金融管理學院,碩士班(日間),女,55,8,1,0,0,0,3,0,0,0,0,0,0,4,0,0,0
109,私立,一般大學,1125,中信學校財團法人中信金融管理學院,碩士在職專班,女,8,1,0,0,0,0,1,0,0,0,0,0,0,0,0,0,0
109,私立,技專校院,1148,大漢技術學院,二專(進修),男,73,11,0,0,0,1,10,0,0,0,0,0,0,0,0,0,0
109,私立,技專校院,1148,大漢技術學院,學士班(日間),男,152,18,1,1,2,5,4,0,0,5,0,0,0,0,0,0,0
109,私立,技專校院,1148,大漢技術學院,學士班(進修),男,327,46,0,3,1,2,33,0,0,4,0,0,1,1,1,0,0
109,私立,技專校院,1148,大漢技術學院,碩士班(日間),男,53,24,0,0,0,0,9,0,0,0,0,15,0,0,0,0,0
109,私立,技專校院,1148,大漢技術學院,二專(進修),女,56,3,0,0,0,0,2,0,0,0,0,0,0,0,0,0,1
109,私立,技專校院,1148,大漢技術學院,學士班(日間),女,103,5,0,0,2,1,2,0,0,0,0,0,0,0,0,0,0
109,私立,技專校院,1148,大漢技術學院,學士班(進修),女,207,31,1,1,0,3,18,1,2,0,0,0,1,2,1,0,1
109,私立,技專校院,1148,大漢技術學院,碩士班(日間),女,28,8,1,0,0,0,3,0,0,0,0,4,0,0,0,0,0
109,私立,技專校院,1159,和春技術學院,二專(進修),男,108,12,0,0,0,0,11,0,0,0,0,0,0,0,0,1,0
109,私立,技專校院,1159,和春技術學院,五專,男,47,0,0,0,0,0,0,0,0,0,0,0,0,0,0,0,0
109,私立,技專校院,1159,和春技術學院,學士班(日間),男,121,7,0,0,0,1,3,0,0,0,0,0,0,0,0,3,0
109,私立,技專校院,1159,和春技術學院,學士班(進修),男,215,12,1,0,0,1,8,0,0,0,0,0,0,0,0,2,0
109,私立,技專校院,1159,和春技術學院,碩士班(日間),男,2,0,0,0,0,0,0,0,0,0,0,0,0,0,0,0,0
109,私立,技專校院,1159,和春技術學院,二專(進修),女,32,3,0,0,0,0,2,0,0,0,0,0,0,0,0,1,0
109,私立,技專校院,1159,和春技術學院,五專,女,33,1,0,0,1,0,0,0,0,0,0,0,0,0,0,0,0
109,私立,技專校院,1159,和春技術學院,學士班(日間),女,32,11,0,0,1,0,3,0,1,0,0,0,0,0,0,3,3
109,私立,技專校院,1159,和春技術學院,學士班(進修),女,97,3,0,1,0,0,0,0,0,0,0,0,0,0,0,1,1
109,私立,技專校院,1159,和春技術學院,碩士班(日間),女,1,0,0,0,0,0,0,0,0,0,0,0,0,0,0,0,0
109,私立,技專校院,1166,亞東技術學院,學士班(日間),男,2916,144,6,14,22,19,58,0,0,10,3,0,6,2,2,0,2
109,私立,技專校院,1166,亞東技術學院,學士班(進修),男,1,0,0,0,0,0,0,0,0,0,0,0,0,0,0,0,0
109,私立,技專校院,1166,亞東技術學院,碩士班(日間),男,42,4,0,1,0,0,2,0,0,1,0,0,0,0,0,0,0
109,私立,技專校院,1166,亞東技術學院,學士班(日間),女,1280,62,5,11,5,12,16,1,0,0,3,0,9,0,0,0,0
109,私立,技專校院,1166,亞東技術學院,學士班(進修),女,141,9,2,0,0,0,4,0,1,0,0,0,0,2,0,0,0
109,私立,技專校院,1166,亞東技術學院,碩士班(日間),女,8,5,0,1,0,0,4,0,0,0,0,0,0,0,0,0,0
109,私立,技專校院,1168,南亞科技學校財團法人南亞技術學院,二專(進修),男,44,23,0,0,0,2,19,0,0,0,0,0,0,1,0,1,0
109,私立,技專校院,1168,南亞科技學校財團法人南亞技術學院,五專,男,151,21,0,2,0,6,6,0,0,0,0,0,1,0,0,6,0
109,私立,技專校院,1168,南亞科技學校財團法人南亞技術學院,學士班(日間),男,831,125,6,18,4,20,29,0,0,28,0,0,2,3,0,15,0
109,私立,技專校院,1168,南亞科技學校財團法人南亞技術學院,學士班(進修),男,879,131,3,6,0,2,74,0,1,19,0,0,2,2,0,22,0
109,私立,技專校院,1168,南亞科技學校財團法人南亞技術學院,碩士班(日間),男,11,2,0,0,0,0,1,0,0,0,0,1,0,0,0,0,0
109,私立,技專校院,1168,南亞科技學校財團法人南亞技術學院,二專(進修),女,16,6,0,0,0,0,6,0,0,0,0,0,0,0,0,0,0
109,私立,技專校院,1168,南亞科技學校財團法人南亞技術學院,五專,女,112,13,1,1,0,4,5,0,0,0,0,0,1,0,0,1,0
109,私立,技專校院,1168,南亞科技學校財團法人南亞技術學院,學士班(日間),女,481,48,1,9,0,8,13,3,0,0,0,0,1,2,0,11,0
109,私立,技專校院,1168,南亞科技學校財團法人南亞技術學院,學士班(進修),女,836,72,10,6,0,0,30,10,2,0,0,0,0,11,0,3,0
109,私立,技專校院,1168,南亞科技學校財團法人南亞技術學院,碩士班(日間),女,2,1,0,0,0,0,1,0,0,0,0,0,0,0,0,0,0
109,私立,技專校院,1182,蘭陽技術學院,二專(進修),男,1,0,0,0,0,0,0,0,0,0,0,0,0,0,0,0,0
109,私立,技專校院,1182,蘭陽技術學院,五專,男,126,15,0,2,5,2,6,0,0,0,0,0,0,0,0,0,0
109,私立,技專校院,1182,蘭陽技術學院,學士班(日間),男,124,5,0,0,4,0,0,0,0,1,0,0,0,0,0,0,0
109,私立,技專校院,1182,蘭陽技術學院,學士班(進修),男,35,0,0,0,0,0,0,0,0,0,0,0,0,0,0,0,0
109,私立,技專校院,1182,蘭陽技術學院,二專(進修),女,4,0,0,0,0,0,0,0,0,0,0,0,0,0,0,0,0
109,私立,技專校院,1182,蘭陽技術學院,五專,女,90,8,0,0,7,0,1,0,0,0,0,0,0,0,0,0,0
109,私立,技專校院,1182,蘭陽技術學院,學士班(日間),女,102,6,0,1,4,1,0,0,0,0,0,0,0,0,0,0,0
109,私立,技專校院,1182,蘭陽技術學院,學士班(進修),女,31,0,0,0,0,0,0,0,0,0,0,0,0,0,0,0,0
109,私立,技專校院,1183,黎明技術學院,五專,男,352,20,1,0,3,6,5,0,0,1,0,0,3,0,0,0,1
109,私立,技專校院,1183,黎明技術學院,學士班(日間),男,1879,136,4,24,6,31,39,0,0,14,2,0,11,0,0,0,5
109,私立,技專校院,1183,黎明技術學院,學士班(進修),男,748,53,1,7,1,13,14,0,0,4,0,0,6,1,1,5,0
109,私立,技專校院,1183,黎明技術學院,二專(進修),女,0,1,0,0,0,0,0,0,0,0,0,0,0,0,0,1,0
109,私立,技專校院,1183,黎明技術學院,五專,女,71,5,0,0,1,1,0,0,0,0,0,0,0,1,1,0,1
109,私立,技專校院,1183,黎明技術學院,學士班(日間),女,1619,150,6,17,3,35,56,2,1,0,2,0,13,0,0,0,15
109,私立,技專校院,1183,黎明技術學院,學士班(進修),女,522,34,1,7,0,3,19,0,1,0,1,0,2,0,0,0,0
109,私立,技專校院,1185,德育學校財團法人德育護理健康學院,二專(進修),男,43,9,0,0,0,0,9,0,0,0,0,0,0,0,0,0,0
109,私立,技專校院,1185,德育學校財團法人德育護理健康學院,五專,男,301,58,1,0,11,7,8,0,0,13,0,0,2,1,0,1,14
109,私立,技專校院,1185,德育學校財團法人德育護理健康學院,學士班(日間),男,732,73,5,1,0,13,17,0,0,9,0,0,8,1,0,0,19
109,私立,技專校院,1185,德育學校財團法人德育護理健康學院,學士班(進修),男,149,15,0,0,0,1,9,0,0,4,0,0,1,0,0,0,0
109,私立,技專校院,1185,德育學校財團法人德育護理健康學院,碩士班(日間),男,4,2,1,0,0,0,0,0,0,0,0,1,0,0,0,0,0
109,私立,技專校院,1185,德育學校財團法人德育護理健康學院,碩士在職專班,男,5,3,0,1,0,0,0,0,0,0,0,2,0,0,0,0,0
109,私立,技專校院,1185,德育學校財團法人德育護理健康學院,二專(進修),女,172,12,1,0,0,0,6,0,0,0,0,0,3,1,0,1,0
109,私立,技專校院,1185,德育學校財團法人德育護理健康學院,五專,女,763,82,5,1,20,12,17,1,2,1,0,0,6,2,0,1,14
109,私立,技專校院,1185,德育學校財團法人德育護理健康學院,學士班(日間),女,1310,103,13,13,6,12,14,4,5,0,0,0,14,1,1,2,18
109,私立,技專校院,1185,德育學校財團法人德育護理健康學院,學士班(進修),女,664,25,3,2,0,1,10,0,2,0,0,0,0,1,1,0,5
109,私立,技專校院,1185,德育學校財團法人德育護理健康學院,碩士班(日間),女,40,4,0,0,0,0,2,0,0,0,0,0,0,1,0,0,1
109,私立,技專校院,1185,德育學校財團法人德育護理健康學院,碩士在職專班,女,38,7,1,0,0,1,5,0,0,0,0,0,0,0,0,0,0
109,私立,技專校院,1188,大同技術學院,二專(進修),男,27,7,0,0,0,0,4,0,0,0,0,0,0,0,0,2,1
109,私立,技專校院,1188,大同技術學院,五專,男,48,8,0,0,0,1,5,0,0,1,0,0,0,0,0,1,0
109,私立,技專校院,1188,大同技術學院,學士班(日間),男,244,39,0,5,0,2,14,0,0,1,0,0,0,0,0,16,1
109,私立,技專校院,1188,大同技術學院,學士班(進修),男,133,21,0,1,0,0,12,0,0,2,0,0,0,0,1,3,2
109,私立,技專校院,1188,大同技術學院,二專(進修),女,35,3,0,0,0,0,2,0,0,1,0,0,0,0,0,0,0
109,私立,技專校院,1188,大同技術學院,五專,女,41,6,0,0,0,4,1,1,0,0,0,0,0,0,0,0,0
109,私立,技專校院,1188,大同技術學院,學士班(日間),女,301,38,1,2,1,5,17,1,0,0,0,0,1,0,0,9,1
109,私立,技專校院,1188,大同技術學院,學士班(進修),女,308,34,1,1,0,2,19,2,0,0,0,0,0,1,0,4,4
109,私立,一般大學,1195,馬偕學校財團法人馬偕醫學院,學士班(日間),男,247,10,1,0,0,9,0,0,0,0,0,0,0,0,0,0,0
109,私立,一般大學,1195,馬偕學校財團法人馬偕醫學院,學士班(進修),男,2,0,0,0,0,0,0,0,0,0,0,0,0,0,0,0,0
109,私立,一般大學,1195,馬偕學校財團法人馬偕醫學院,碩士班(日間),男,19,6,0,0,0,0,3,0,0,0,0,1,0,0,0,0,2
109,私立,一般大學,1195,馬偕學校財團法人馬偕醫學院,碩士在職專班,男,4,0,0,0,0,0,0,0,0,0,0,0,0,0,0,0,0
109,私立,一般大學,1195,馬偕學校財團法人馬偕醫學院,博士班,男,5,0,0,0,0,0,0,0,0,0,0,0,0,0,0,0,0
109,私立,一般大學,1195,馬偕學校財團法人馬偕醫學院,學士班(日間),女,444,21,4,0,0,11,2,0,0,0,3,0,0,0,0,0,1
109,私立,一般大學,1195,馬偕學校財團法人馬偕醫學院,學士班(進修),女,37,1,1,0,0,0,0,0,0,0,0,0,0,0,0,0,0
109,私立,一般大學,1195,馬偕學校財團法人馬偕醫學院,碩士班(日間),女,47,10,0,0,0,1,3,0,1,0,0,5,0,0,0,0,0
109,私立,一般大學,1195,馬偕學校財團法人馬偕醫學院,碩士在職專班,女,11,2,1,0,0,0,0,0,0,0,1,0,0,0,0,0,0
109,私立,一般大學,1195,馬偕學校財團法人馬偕醫學院,博士班,女,0,1,0,0,0,0,0,0,0,0,0,0,0,0,0,0,1
109,私立,一般大學,1196,法鼓學校財團法人法鼓文理學院,學士班(日間),男,19,4,0,1,0,0,1,0,0,0,0,0,1,1,0,0,0
109,私立,一般大學,1196,法鼓學校財團法人法鼓文理學院,碩士班(日間),男,68,22,0,1,0,0,7,0,0,0,2,7,0,1,0,0,4
109,私立,一般大學,1196,法鼓學校財團法人法鼓文理學院,博士班,男,9,1,0,0,0,0,0,0,0,0,0,1,0,0,0,0,0
109,私立,一般大學,1196,法鼓學校財團法人法鼓文理學院,學士班(日間),女,32,3,1,0,0,0,0,0,0,0,1,0,0,0,0,0,1
109,私立,一般大學,1196,法鼓學校財團法人法鼓文理學院,碩士班(日間),女,163,43,3,3,0,0,14,1,0,0,1,17,0,4,0,0,0
109,私立,一般大學,1196,法鼓學校財團法人法鼓文理學院,博士班,女,11,6,1,0,0,0,1,0,0,0,0,2,0,1,0,0,1
109,私立,技專校院,1282,馬偕學校財團法人馬偕醫護管理專科學校,二專(日間),男,5,0,0,0,0,0,0,0,0,0,0,0,0,0,0,0,0
109,私立,技專校院,1282,馬偕學校財團法人馬偕醫護管理專科學校,二專(進修),男,103,2,0,0,1,0,1,0,0,0,0,0,0,0,0,0,0
109,私立,技專校院,1282,馬偕學校財團法人馬偕醫護管理專科學校,五專,男,480,31,0,0,10,14,2,0,0,2,0,0,3,0,0,0,0
109,私立,技專校院,1282,馬偕學校財團法人馬偕醫護管理專科學校,二專(日間),女,27,3,0,0,0,1,2,0,0,0,0,0,0,0,0,0,0
109,私立,技專校院,1282,馬偕學校財團法人馬偕醫護管理專科學校,二專(進修),女,119,2,1,0,0,0,1,0,0,0,0,0,0,0,0,0,0
109,私立,技專校院,1282,馬偕學校財團法人馬偕醫護管理專科學校,五專,女,3372,103,5,2,20,48,9,2,1,0,2,0,11,2,1,0,0
109,私立,技專校院,1283,仁德醫護管理專科學校,二專(進修),男,188,2,1,1,0,0,0,0,0,0,0,0,0,0,0,0,0
109,私立,技專校院,1283,仁德醫護管理專科學校,五專,男,1358,37,2,2,3,16,7,0,0,2,0,0,5,0,0,0,0
109,私立,技專校院,1283,仁德醫護管理專科學校,二專(進修),女,210,6,2,0,0,1,1,2,0,0,0,0,0,0,0,0,0
109,私立,技專校院,1283,仁德醫護管理專科學校,五專,女,4759,68,3,12,12,23,9,2,0,1,0,0,6,0,0,0,0
109,私立,技專校院,1284,樹人醫護管理專科學校,二專(進修),男,307,55,3,1,0,6,29,0,0,0,0,0,0,0,0,0,16
109,私立,技專校院,1284,樹人醫護管理專科學校,五專,男,1478,74,2,0,9,42,10,0,0,1,0,0,5,0,0,0,5
109,私立,技專校院,1284,樹人醫護管理專科學校,二專(進修),女,245,50,3,0,0,7,29,0,0,0,0,0,0,0,0,0,11
109,私立,技專校院,1284,樹人醫護管理專科學校,五專,女,5249,166,25,0,9,93,18,0,1,0,0,0,10,0,0,0,10
109,私立,技專校院,1285,慈惠醫護管理專科學校,二專(日間),男,30,14,0,6,5,1,1,0,0,1,0,0,0,0,0,0,0
109,私立,技專校院,1285,慈惠醫護管理專科學校,二專(進修),男,100,25,1,1,1,0,12,0,0,0,0,0,0,0,0,0,10
109,私立,技專校院,1285,慈惠醫護管理專科學校,五專,男,781,147,13,21,19,43,25,0,0,22,0,0,4,0,0,0,0
109,私立,技專校院,1285,慈惠醫護管理專科學校,二專(日間),女,67,15,1,7,6,0,1,0,0,0,0,0,0,0,0,0,0
109,私立,技專校院,1285,慈惠醫護管理專科學校,二專(進修),女,166,33,3,1,1,0,10,3,0,0,0,0,0,0,0,0,15
109,私立,技專校院,1285,慈惠醫護管理專科學校,五專,女,2833,327,38,66,64,102,34,7,1,5,0,0,8,2,0,0,0
109,私立,技專校院,1286,耕莘健康管理專科學校,二專(進修),男,4,1,0,0,0,0,0,0,0,0,0,0,0,0,0,1,0
109,私立,技專校院,1286,耕莘健康管理專科學校,五專,男,442,34,1,0,2,23,1,0,0,0,0,0,0,1,0,3,3
109,私立,技專校院,1286,耕莘健康管理專科學校,二專(進修),女,120,6,1,0,0,0,1,2,0,0,0,0,0,2,0,0,0
109,私立,技專校院,1286,耕莘健康管理專科學校,五專,女,4132,127,16,1,3,69,4,0,3,0,0,0,7,3,0,13,8
109,私立,技專校院,1287,敏惠醫護管理專科學校,二專(進修),男,7,2,0,0,0,0,1,0,0,0,0,0,0,0,0,0,1
109,私立,技專校院,1287,敏惠醫護管理專科學校,五專,男,495,20,0,3,6,5,2,0,0,0,0,0,0,0,0,0,4
109,私立,技專校院,1287,敏惠醫護管理專科學校,二專(進修),女,26,1,1,0,0,0,0,0,0,0,0,0,0,0,0,0,0
109,私立,技專校院,1287,敏惠醫護管理專科學校,五專,女,3408,106,9,6,17,27,8,1,1,0,0,0,0,0,0,7,30
109,私立,技專校院,1289,育英醫護管理專科學校,五專,男,224,10,0,0,3,5,0,0,0,1,0,0,1,0,0,0,0
109,私立,技專校院,1289,育英醫護管理專科學校,五專,女,1767,71,11,4,20,31,2,0,0,0,0,0,2,1,0,0,0
109,私立,技專校院,1291,聖母醫護管理專科學校,二專(日間),男,25,0,0,0,0,0,0,0,0,0,0,0,0,0,0,0,0
109,私立,技專校院,1291,聖母醫護管理專科學校,二專(進修),男,18,0,0,0,0,0,0,0,0,0,0,0,0,0,0,0,0
109,私立,技專校院,1291,聖母醫護管理專科學校,五專,男,406,27,3,0,10,9,0,0,0,0,1,0,3,0,0,0,1
109,私立,技專校院,1291,聖母醫護管理專科學校,二專(日間),女,14,1,0,0,0,0,1,0,0,0,0,0,0,0,0,0,0
109,私立,技專校院,1291,聖母醫護管理專科學校,二專(進修),女,20,1,0,0,0,0,0,0,1,0,0,0,0,0,0,0,0
109,私立,技專校院,1291,聖母醫護管理專科學校,五專,女,1744,115,10,10,26,47,9,2,2,0,1,0,6,0,0,0,2
109,私立,技專校院,1292,新生醫護管理專科學校,二專(進修),男,9,3,1,0,0,0,2,0,0,0,0,0,0,0,0,0,0
109,私立,技專校院,1292,新生醫護管理專科學校,五專,男,763,29,3,7,10,1,6,0,0,0,0,0,0,0,0,0,2
109,私立,技專校院,1292,新生醫護管理專科學校,二專(進修),女,51,6,0,0,0,0,5,0,0,0,0,0,0,0,0,0,1
109,私立,技專校院,1292,新生醫護管理專科學校,五專,女,5241,223,36,29,57,6,19,3,3,0,0,0,0,0,0,0,70
109,私立,技專校院,1293,崇仁醫護管理專科學校,五專,男,425,13,2,0,2,6,1,0,0,1,0,0,1,0,0,0,0
109,私立,技專校院,1293,崇仁醫護管理專科學校,五專,女,2868,52,6,4,2,31,1,1,0,0,0,0,1,0,0,2,4
109,私立,宗教研修學院,1R02,學校財團法人中華浸信會基督教台灣浸會神學院,碩士班(日間),男,22,0,0,0,0,0,0,0,0,0,0,0,0,0,0,0,0
109,私立,宗教研修學院,1R02,學校財團法人中華浸信會基督教台灣浸會神學院,碩士班(日間),女,21,2,0,0,0,0,0,1,1,0,0,0,0,0,0,0,0
109,私立,宗教研修學院,1R03,臺北基督學院,學士班(日間),男,32,5,0,0,2,0,1,0,0,0,0,0,0,0,0,0,2
109,私立,宗教研修學院,1R03,臺北基督學院,學士班(日間),女,42,5,0,1,0,0,0,0,0,0,1,0,0,0,0,0,3
109,私立,宗教研修學院,1R04,財團法人一貫道天皇基金會一貫道天皇學院,學士班(日間),男,32,4,1,0,0,2,1,0,0,0,0,0,0,0,0,0,0
109,私立,宗教研修學院,1R04,財團法人一貫道天皇基金會一貫道天皇學院,碩士班(日間),男,15,5,2,0,0,1,2,0,0,0,0,0,0,0,0,0,0
109,私立,宗教研修學院,1R04,財團法人一貫道天皇基金會一貫道天皇學院,碩士在職專班,男,30,1,0,0,0,0,1,0,0,0,0,0,0,0,0,0,0
109,私立,宗教研修學院,1R04,財團法人一貫道天皇基金會一貫道天皇學院,學士班(日間),女,56,9,1,1,0,3,1,0,0,0,0,0,0,1,0,0,2
109,私立,宗教研修學院,1R04,財團法人一貫道天皇基金會一貫道天皇學院,碩士班(日間),女,14,5,1,2,0,0,1,0,0,0,0,0,0,1,0,0,0
109,私立,宗教研修學院,1R04,財團法人一貫道天皇基金會一貫道天皇學院,碩士在職專班,女,31,11,2,1,0,0,5,0,0,0,0,0,0,1,0,0,2
109,私立,宗教研修學院,1R05,台神學校財團法人台灣神學研究學院,碩士班(日間),男,42,2,1,0,0,0,1,0,0,0,0,0,0,0,0,0,0
109,私立,宗教研修學院,1R05,台神學校財團法人台灣神學研究學院,碩士班(日間),女,69,8,2,1,0,0,2,0,2,0,0,0,1,0,0,0,0
109,私立,宗教研修學院,1R06,一貫道崇德學院,碩士班(日間),男,30,9,0,0,0,0,5,0,0,0,0,2,0,1,0,0,1
109,私立,宗教研修學院,1R06,一貫道崇德學院,碩士班(日間),女,39,12,0,1,0,0,4,0,1,0,0,4,0,0,0,0,2
109,私立,宗教研修學院,1R07,台灣基督長老教會南神神學院,碩士班(日間),男,32,5,0,0,0,0,1,0,0,1,0,1,1,0,1,0,0
109,私立,宗教研修學院,1R07,台灣基督長老教會南神神學院,碩士班(日間),女,43,6,0,2,1,0,2,0,0,0,0,0,0,1,0,0,0
109,公立,一般大學,3002,臺北市立大學,學士班(日間),男,2355,144,9,14,15,37,31,0,0,4,7,0,9,4,11,0,3
109,公立,一般大學,3002,臺北市立大學,碩士班(日間),男,457,80,3,6,1,2,34,0,4,6,1,18,0,1,2,0,2
109,公立,一般大學,3002,臺北市立大學,碩士在職專班,男,313,46,2,1,0,0,21,0,8,0,0,10,0,3,1,0,0
109,公立,一般大學,3002,臺北市立大學,博士班,男,99,27,2,0,1,0,7,0,1,0,0,13,0,2,1,0,0
109,公立,一般大學,3002,臺北市立大學,學士班(日間),女,2996,94,10,3,5,21,14,1,0,0,17,0,4,2,11,0,6
109,公立,一般大學,3002,臺北市立大學,碩士班(日間),女,831,173,10,3,0,3,71,5,16,0,3,37,3,5,10,0,7
109,公立,一般大學,3002,臺北市立大學,碩士在職專班,女,809,119,9,0,0,2,46,3,26,0,0,19,0,6,6,0,2
109,公立,一般大學,3002,臺北市立大學,博士班,女,126,47,3,1,0,0,26,0,6,0,1,8,0,2,0,0,0
110,公立,一般大學,0001,國立政治大學,學士班(日間),男,3920,209,11,0,1,8,4,0,0,8,14,0,0,0,0,90,73
110,公立,一般大學,0001,國立政治大學,碩士班(日間),男,1828,396,10,2,0,0,51,0,16,11,3,54,0,0,0,100,149
110,公立,一般大學,0001,國立政治大學,碩士在職專班,男,779,339,6,0,0,0,163,0,46,0,3,13,0,0,0,77,31
110,公立,一般大學,0001,國立政治大學,博士班,男,537,180,8,0,0,0,22,0,26,6,1,26,0,0,0,39,52
110,公立,一般大學,0001,國立政治大學,學士班(日間),女,5636,184,22,3,2,16,1,0,0,0,28,0,0,0,0,41,71
110,公立,一般大學,0001,國立政治大學,碩士班(日間),女,2146,443,15,7,0,0,65,6,26,0,14,52,0,0,0,115,143
110,公立,一般大學,0001,國立政治大學,碩士在職專班,女,853,321,15,1,0,0,132,8,49,0,0,22,0,0,0,65,29
110,公立,一般大學,0001,國立政治大學,博士班,女,411,126,5,1,0,0,15,4,21,0,1,13,0,0,0,28,38
110,公立,一般大學,0002,國立清華大學,學士班(日間),男,4884,212,14,2,27,96,15,0,1,10,19,2,14,5,2,0,5
110,公立,一般大學,0002,國立清華大學,碩士班(日間),男,3372,246,27,8,17,20,60,0,5,17,12,61,8,3,3,0,5
110,公立,一般大學,0002,國立清華大學,碩士在職專班,男,507,54,2,0,3,0,27,0,4,0,1,10,1,4,0,0,2
110,公立,一般大學,0002,國立清華大學,博士班,男,1192,191,5,3,13,3,54,0,18,6,3,68,2,9,0,0,7
110,公立,一般大學,0002,國立清華大學,學士班(日間),女,4005,120,26,3,9,39,2,0,0,0,25,2,8,2,1,0,3
110,公立,一般大學,0002,國立清華大學,碩士班(日間),女,2198,282,24,4,28,9,84,5,26,0,10,74,2,7,8,0,1
110,公立,一般大學,0002,國立清華大學,碩士在職專班,女,859,168,16,0,12,0,43,11,42,0,1,30,1,7,1,0,4
110,公立,一般大學,0002,國立清華大學,博士班,女,471,100,11,0,8,0,17,3,11,0,6,34,1,3,0,0,6
110,公立,一般大學,0003,國立臺灣大學,學士班(日間),男,9525,442,35,5,20,122,6,0,1,5,79,0,18,4,0,5,142
110,公立,一般大學,0003,國立臺灣大學,碩士班(日間),男,6451,711,47,19,3,25,113,0,19,18,54,115,7,0,7,2,282
110,公立,一般大學,0003,國立臺灣大學,碩士在職專班,男,1009,189,4,2,0,0,100,0,8,0,4,31,0,0,1,1,38
110,公立,一般大學,0003,國立臺灣大學,博士班,男,2510,590,44,14,0,1,107,0,50,4,20,179,0,0,1,2,168
110,公立,一般大學,0003,國立臺灣大學,學士班(日間),女,7381,301,32,0,9,91,1,3,0,0,85,0,4,3,0,5,68
110,公立,一般大學,0003,國立臺灣大學,碩士班(日間),女,4269,614,53,9,2,14,116,4,24,0,33,130,5,0,4,1,219
110,公立,一般大學,0003,國立臺灣大學,碩士在職專班,女,622,122,5,1,0,1,57,3,8,0,0,26,0,0,0,0,21
110,公立,一般大學,0003,國立臺灣大學,博士班,女,1156,308,27,3,0,1,47,3,37,0,9,102,1,0,0,0,78
110,公立,一般大學,0004,國立臺灣師範大學,學士班(日間),男,3723,159,4,6,4,75,19,0,1,1,24,0,21,0,0,4,0
110,公立,一般大學,0004,國立臺灣師範大學,碩士班(日間),男,1873,314,3,17,0,26,109,0,10,9,7,79,9,0,11,1,33
110,公立,一般大學,0004,國立臺灣師範大學,碩士在職專班,男,627,126,0,3,0,0,39,0,19,0,0,55,0,0,0,0,10
110,公立,一般大學,0004,國立臺灣師範大學,博士班,男,619,173,6,8,0,1,64,0,29,2,6,43,1,0,0,1,12
110,公立,一般大學,0004,國立臺灣師範大學,學士班(日間),女,4590,133,7,6,2,64,7,2,2,0,23,0,18,0,0,2,0
110,公立,一般大學,0004,國立臺灣師範大學,碩士班(日間),女,2486,548,7,17,0,16,210,8,45,0,18,144,11,0,23,1,48
110,公立,一般大學,0004,國立臺灣師範大學,碩士在職專班,女,1507,344,7,8,0,2,99,13,65,0,1,104,0,0,0,0,45
110,公立,一般大學,0004,國立臺灣師範大學,博士班,女,739,238,5,5,0,5,73,12,48,0,6,57,1,0,3,2,21
110,公立,一般大學,0005,國立成功大學,學士班(日間),男,7307,291,13,5,26,114,5,0,0,4,0,0,12,11,10,4,87
110,公立,一般大學,0005,國立成功大學,碩士班(日間),男,4614,309,23,6,10,21,36,0,3,2,0,30,6,32,5,6,129
110,公立,一般大學,0005,國立成功大學,碩士在職專班,男,947,186,6,2,3,0,84,0,27,0,0,18,0,22,0,6,18
110,公立,一般大學,0005,國立成功大學,博士班,男,1267,281,13,7,10,2,66,0,36,11,0,39,0,26,1,4,66
110,公立,一般大學,0005,國立成功大學,學士班(日間),女,4451,138,11,1,1,69,0,0,2,0,0,0,3,7,5,0,39
110,公立,一般大學,0005,國立成功大學,碩士班(日間),女,2625,246,16,4,7,8,46,4,17,0,0,28,7,11,10,1,87
110,公立,一般大學,0005,國立成功大學,碩士在職專班,女,590,109,7,0,2,0,44,1,15,0,0,11,0,14,1,0,14
110,公立,一般大學,0005,國立成功大學,博士班,女,605,148,7,4,2,0,23,8,23,0,0,23,1,4,2,2,49
110,公立,一般大學,0006,國立中興大學,學士班(日間),男,4599,151,9,5,13,64,5,0,0,0,9,0,2,4,5,0,35
110,公立,一般大學,0006,國立中興大學,學士班(進修),男,413,23,3,0,0,3,6,0,1,0,1,0,0,3,1,0,5
110,公立,一般大學,0006,國立中興大學,碩士班(日間),男,2053,207,14,7,0,6,33,0,6,1,2,26,7,14,18,0,73
110,公立,一般大學,0006,國立中興大學,碩士在職專班,男,1111,241,7,1,0,1,100,0,42,0,5,46,0,24,1,0,14
110,公立,一般大學,0006,國立中興大學,博士班,男,659,123,7,3,0,1,20,0,21,2,7,41,1,8,1,0,11
110,公立,一般大學,0006,國立中興大學,學士班(日間),女,3470,90,8,4,2,32,2,0,0,0,13,0,2,4,0,0,23
110,公立,一般大學,0006,國立中興大學,學士班(進修),女,523,48,10,2,1,4,16,0,0,0,3,0,0,6,0,0,6
110,公立,一般大學,0006,國立中興大學,碩士班(日間),女,1424,180,19,10,2,5,29,1,5,0,1,30,7,12,10,0,49
110,公立,一般大學,0006,國立中興大學,碩士在職專班,女,595,119,9,2,0,0,39,2,23,0,0,26,0,7,3,0,8
110,公立,一般大學,0006,國立中興大學,博士班,女,307,69,2,0,0,0,12,2,15,0,1,20,1,2,0,0,14
110,公立,一般大學,0007,國立陽明交通大學,學士班(日間),男,5430,171,7,1,12,64,4,0,0,6,34,0,8,3,25,2,5
110,公立,一般大學,0007,國立陽明交通大學,碩士班(日間),男,4783,295,17,12,4,56,57,0,4,15,19,75,9,11,12,0,4
110,公立,一般大學,0007,國立陽明交通大學,碩士在職專班,男,1142,213,3,1,1,0,86,0,49,2,5,56,0,8,1,0,1
110,公立,一般大學,0007,國立陽明交通大學,博士班,男,1831,361,16,13,5,10,101,0,46,12,12,113,2,12,4,1,14
110,公立,一般大學,0007,國立陽明交通大學,學士班(日間),女,3001,95,13,2,4,32,1,1,1,0,30,0,2,1,7,0,1
110,公立,一般大學,0007,國立陽明交通大學,碩士班(日間),女,2764,247,23,7,4,29,47,5,20,0,16,52,18,13,8,0,5
110,公立,一般大學,0007,國立陽明交通大學,碩士在職專班,女,639,102,6,1,0,0,33,3,23,0,2,28,1,4,0,0,1
110,公立,一般大學,0007,國立陽明交通大學,博士班,女,822,186,17,6,2,4,59,6,27,0,7,42,2,7,2,0,5
110,公立,一般大學,0008,國立中央大學,學士班(日間),男,3792,98,7,6,14,41,2,0,0,0,7,0,2,0,2,0,17
110,公立,一般大學,0008,國立中央大學,碩士班(日間),男,2430,182,9,5,0,18,32,0,3,2,4,31,5,4,9,0,60
110,公立,一般大學,0008,國立中央大學,碩士在職專班,男,896,174,3,5,0,0,87,0,22,0,2,41,1,5,0,0,8
110,公立,一般大學,0008,國立中央大學,博士班,男,705,141,5,4,1,1,31,0,20,3,3,49,0,9,0,0,15
110,公立,一般大學,0008,國立中央大學,學士班(日間),女,2276,46,7,0,5,16,1,0,0,0,5,0,2,2,1,0,7
110,公立,一般大學,0008,國立中央大學,碩士班(日間),女,1190,113,10,6,0,5,27,0,2,0,1,23,3,3,9,0,24
110,公立,一般大學,0008,國立中央大學,碩士在職專班,女,537,96,4,2,0,0,35,4,20,0,0,16,0,7,0,0,8
110,公立,一般大學,0008,國立中央大學,博士班,女,302,72,6,1,0,0,14,1,15,0,1,21,0,1,1,0,11
110,公立,一般大學,0009,國立中山大學,學士班(日間),男,2926,73,7,0,5,13,7,0,0,1,7,0,1,1,0,0,31
110,公立,一般大學,0009,國立中山大學,碩士班(日間),男,1974,212,11,6,3,13,42,0,3,6,3,43,6,1,9,3,63
110,公立,一般大學,0009,國立中山大學,碩士在職專班,男,534,102,0,1,0,1,66,0,8,0,3,8,0,0,0,0,15
110,公立,一般大學,0009,國立中山大學,博士班,男,540,117,3,2,0,0,46,0,8,2,0,31,0,1,1,0,23
110,公立,一般大學,0009,國立中山大學,學士班(日間),女,1878,58,4,0,1,13,4,0,0,0,7,0,2,0,1,1,25
110,公立,一般大學,0009,國立中山大學,碩士班(日間),女,1206,140,12,4,0,7,38,5,10,0,2,22,2,0,4,0,34
110,公立,一般大學,0009,國立中山大學,碩士在職專班,女,556,97,3,0,0,0,32,5,16,0,1,12,0,0,1,0,27
110,公立,一般大學,0009,國立中山大學,博士班,女,283,60,4,0,0,0,16,1,10,0,2,22,0,1,0,0,4
110,公立,一般大學,0012,國立臺灣海洋大學,學士班(日間),男,4156,138,9,3,22,34,24,0,0,4,8,0,7,10,8,0,9
110,公立,一般大學,0012,國立臺灣海洋大學,學士班(進修),男,379,42,4,0,2,1,19,0,0,5,3,0,1,5,0,0,2
110,公立,一般大學,0012,國立臺灣海洋大學,碩士班(日間),男,943,106,7,5,1,20,32,0,1,8,3,9,8,4,5,0,3
110,公立,一般大學,0012,國立臺灣海洋大學,碩士在職專班,男,403,83,1,0,0,0,48,0,7,0,2,12,1,10,1,0,1
110,公立,一般大學,0012,國立臺灣海洋大學,博士班,男,237,42,5,0,0,0,23,0,0,0,0,10,0,2,1,0,1
110,公立,一般大學,0012,國立臺灣海洋大學,學士班(日間),女,1916,51,7,4,2,14,3,0,0,0,7,0,2,2,3,0,7
110,公立,一般大學,0012,國立臺灣海洋大學,學士班(進修),女,210,24,2,1,0,2,9,2,1,0,0,0,0,6,0,0,1
110,公立,一般大學,0012,國立臺灣海洋大學,碩士班(日間),女,487,49,4,2,0,6,24,1,1,0,2,4,1,3,1,0,0
110,公立,一般大學,0012,國立臺灣海洋大學,碩士在職專班,女,244,39,4,0,0,0,13,1,3,0,1,7,0,9,1,0,0
110,公立,一般大學,0012,國立臺灣海洋大學,博士班,女,93,23,3,1,0,1,8,1,0,0,0,5,0,3,0,0,1
110,公立,一般大學,0013,國立中正大學,學士班(日間),男,3483,113,8,4,18,51,6,0,1,0,11,0,3,4,5,0,2
110,公立,一般大學,0013,國立中正大學,碩士班(日間),男,1730,180,7,9,8,21,36,0,4,0,2,49,2,15,10,1,16
110,公立,一般大學,0013,國立中正大學,碩士在職專班,男,616,129,3,2,2,2,59,0,10,0,1,35,0,7,3,0,5
110,公立,一般大學,0013,國立中正大學,博士班,男,365,76,1,2,0,1,21,0,8,0,1,22,0,7,3,1,9
110,公立,一般大學,0013,國立中正大學,學士班(日間),女,2931,59,12,1,1,33,1,0,0,0,7,0,0,2,1,0,1
110,公立,一般大學,0013,國立中正大學,碩士班(日間),女,1091,197,8,8,6,10,43,3,11,0,2,58,3,15,13,0,17
110,公立,一般大學,0013,國立中正大學,碩士在職專班,女,812,176,8,2,0,1,59,6,19,0,0,57,1,16,5,0,2
110,公立,一般大學,0013,國立中正大學,博士班,女,184,55,1,2,0,0,15,1,10,0,0,14,0,4,0,1,7
110,公立,一般大學,0014,國立高雄師範大學,學士班(日間),男,1874,71,7,1,2,41,8,0,0,1,2,0,6,1,0,2,0
110,公立,一般大學,0014,國立高雄師範大學,碩士班(日間),男,519,121,0,10,0,4,41,0,5,5,3,39,3,6,4,0,1
110,公立,一般大學,0014,國立高雄師範大學,碩士在職專班,男,520,152,7,1,0,0,88,0,12,1,1,20,11,9,2,0,0
110,公立,一般大學,0014,國立高雄師範大學,博士班,男,222,48,0,2,0,0,19,0,3,1,0,18,0,3,0,0,2
110,公立,一般大學,0014,國立高雄師範大學,學士班(日間),女,1919,54,3,5,0,27,3,0,0,0,6,0,6,1,0,2,1
110,公立,一般大學,0014,國立高雄師範大學,碩士班(日間),女,923,260,6,7,0,2,87,10,20,0,6,102,1,11,6,2,0
110,公立,一般大學,0014,國立高雄師範大學,碩士在職專班,女,934,232,16,5,0,10,84,14,42,1,1,25,17,16,1,0,0
110,公立,一般大學,0014,國立高雄師範大學,博士班,女,236,60,1,0,0,0,17,2,8,0,0,25,0,6,0,0,1
110,公立,一般大學,0015,國立彰化師範大學,學士班(日間),男,2655,104,8,4,7,26,11,0,0,4,4,0,5,1,5,1,28
110,公立,一般大學,0015,國立彰化師範大學,碩士班(日間),男,828,139,3,6,0,7,38,0,4,6,1,36,2,5,14,0,17
110,公立,一般大學,0015,國立彰化師範大學,碩士在職專班,男,568,114,4,3,1,0,42,0,8,0,0,23,0,5,1,25,2
110,公立,一般大學,0015,國立彰化師範大學,博士班,男,300,58,1,0,0,1,24,0,4,0,0,18,0,4,0,1,5
110,公立,一般大學,0015,國立彰化師範大學,學士班(日間),女,2287,56,4,2,1,24,1,0,0,0,5,0,1,3,2,1,12
110,公立,一般大學,0015,國立彰化師範大學,碩士班(日間),女,827,195,10,7,0,3,48,3,16,0,2,46,2,12,21,0,25
110,公立,一般大學,0015,國立彰化師範大學,碩士在職專班,女,788,192,7,1,0,2,71,15,36,0,0,39,0,5,3,12,1
110,公立,一般大學,0015,國立彰化師範大學,博士班,女,206,47,1,0,0,0,19,0,8,0,1,9,0,2,0,0,7
110,公立,一般大學,0017,國立臺北大學,學士班(日間),男,2733,61,0,3,14,11,5,0,0,1,12,0,7,2,3,0,3
110,公立,一般大學,0017,國立臺北大學,學士班(進修),男,823,110,8,2,9,12,50,0,2,5,2,0,1,2,2,0,15
110,公立,一般大學,0017,國立臺北大學,碩士班(日間),男,710,108,2,2,1,7,32,0,4,3,0,36,1,4,6,0,10
110,公立,一般大學,0017,國立臺北大學,碩士在職專班,男,279,50,2,0,0,0,33,0,3,0,0,6,0,0,0,0,6
110,公立,一般大學,0017,國立臺北大學,博士班,男,142,30,3,4,0,1,9,0,1,0,4,6,0,1,0,0,1
110,公立,一般大學,0017,國立臺北大學,學士班(日間),女,3223,56,0,2,6,17,0,0,1,0,14,0,9,0,1,0,6
110,公立,一般大學,0017,國立臺北大學,學士班(進修),女,1246,118,13,5,5,9,52,1,5,0,4,0,1,2,0,3,18
110,公立,一般大學,0017,國立臺北大學,碩士班(日間),女,694,121,0,7,0,9,35,0,9,0,1,44,1,5,8,0,2
110,公立,一般大學,0017,國立臺北大學,碩士在職專班,女,316,58,2,0,0,0,30,4,7,0,1,8,0,0,0,0,6
110,公立,一般大學,0017,國立臺北大學,博士班,女,70,18,2,0,0,0,4,1,3,0,1,6,0,1,0,0,0
110,公立,一般大學,0018,國立嘉義大學,學士班(日間),男,3825,191,10,7,27,97,21,0,0,4,7,0,6,11,0,0,1
110,公立,一般大學,0018,國立嘉義大學,學士班(進修),男,1184,136,8,10,14,16,71,0,0,7,1,0,3,5,0,1,0
110,公立,一般大學,0018,國立嘉義大學,碩士班(日間),男,609,130,8,6,1,8,65,0,2,10,1,18,3,8,0,0,0
110,公立,一般大學,0018,國立嘉義大學,碩士在職專班,男,352,83,2,1,0,1,48,0,12,0,0,16,0,3,0,0,0
110,公立,一般大學,0018,國立嘉義大學,博士班,男,111,27,2,2,0,3,12,0,1,0,0,5,0,2,0,0,0
110,公立,一般大學,0018,國立嘉義大學,學士班(日間),女,3691,127,19,3,5,69,13,1,0,0,8,0,4,5,0,0,0
110,公立,一般大學,0018,國立嘉義大學,學士班(進修),女,703,65,6,7,2,11,31,0,2,1,3,0,0,2,0,0,0
110,公立,一般大學,0018,國立嘉義大學,碩士班(日間),女,669,136,10,3,2,4,75,5,13,0,1,16,1,6,0,0,0
110,公立,一般大學,0018,國立嘉義大學,碩士在職專班,女,577,134,5,1,0,2,73,9,13,0,1,15,0,15,0,0,0
110,公立,一般大學,0018,國立嘉義大學,博士班,女,84,10,0,0,0,1,2,0,0,0,0,7,0,0,0,0,0
110,公立,一般大學,0019,國立高雄大學,學士班(日間),男,2644,96,9,5,22,38,12,0,0,5,1,0,0,0,2,2,0
110,公立,一般大學,0019,國立高雄大學,學士班(進修),男,76,30,1,0,0,0,28,0,0,0,0,0,0,1,0,0,0
110,公立,一般大學,0019,國立高雄大學,碩士班(日間),男,427,53,6,7,5,6,24,0,2,2,0,1,0,0,0,0,0
110,公立,一般大學,0019,國立高雄大學,碩士在職專班,男,339,96,3,4,0,0,81,0,4,0,0,0,0,4,0,0,0
110,公立,一般大學,0019,國立高雄大學,博士班,男,24,11,1,0,2,0,5,0,0,0,0,2,0,0,0,0,1
110,公立,一般大學,0019,國立高雄大學,學士班(日間),女,1890,59,12,3,23,10,6,0,0,0,0,0,0,1,1,3,0
110,公立,一般大學,0019,國立高雄大學,學士班(進修),女,70,12,1,1,4,0,3,0,2,0,0,0,0,1,0,0,0
110,公立,一般大學,0019,國立高雄大學,碩士班(日間),女,229,61,6,4,12,3,26,1,3,0,0,1,0,3,2,0,0
110,公立,一般大學,0019,國立高雄大學,碩士在職專班,女,211,63,2,0,1,0,49,2,2,0,0,2,0,4,1,0,0
110,公立,一般大學,0019,國立高雄大學,博士班,女,6,2,0,0,1,0,1,0,0,0,0,0,0,0,0,0,0
110,公立,一般大學,0020,國立東華大學,學士班(日間),男,3689,197,16,3,28,20,13,0,0,3,5,0,12,28,5,1,63
110,公立,一般大學,0020,國立東華大學,碩士班(日間),男,719,184,7,8,9,4,41,0,8,4,1,52,1,14,4,4,27
110,公立,一般大學,0020,國立東華大學,碩士在職專班,男,223,96,2,3,1,0,41,0,13,0,0,17,1,9,4,1,4
110,公立,一般大學,0020,國立東華大學,博士班,男,242,67,7,2,1,0,24,0,4,2,0,17,0,7,0,0,3
110,公立,一般大學,0020,國立東華大學,學士班(日間),女,4158,149,30,6,8,16,10,2,4,0,10,0,9,17,3,4,30
110,公立,一般大學,0020,國立東華大學,碩士班(日間),女,699,260,18,6,3,4,82,7,24,0,1,59,1,30,6,0,19
110,公立,一般大學,0020,國立東華大學,碩士在職專班,女,340,117,5,2,0,0,34,2,11,0,1,31,0,20,4,0,7
110,公立,一般大學,0020,國立東華大學,博士班,女,181,58,4,3,0,0,20,0,6,0,0,10,0,9,1,1,4
110,公立,一般大學,0021,國立暨南國際大學,學士班(日間),男,2197,69,7,4,4,19,7,0,0,1,4,0,19,2,2,0,0
110,公立,一般大學,0021,國立暨南國際大學,碩士班(日間),男,353,55,3,1,0,1,29,0,2,1,0,9,0,8,1,0,0
110,公立,一般大學,0021,國立暨南國際大學,碩士在職專班,男,174,25,2,0,0,0,22,0,0,0,0,1,0,0,0,0,0
110,公立,一般大學,0021,國立暨南國際大學,博士班,男,180,40,3,0,0,0,15,0,4,0,2,13,0,3,0,0,0
110,公立,一般大學,0021,國立暨南國際大學,學士班(日間),女,2409,53,3,3,6,10,5,0,0,0,4,0,14,7,1,0,0
110,公立,一般大學,0021,國立暨南國際大學,碩士班(日間),女,455,106,8,2,1,0,56,3,11,0,2,11,0,11,1,0,0
110,公立,一般大學,0021,國立暨南國際大學,碩士在職專班,女,312,48,6,0,0,0,30,0,1,0,0,4,0,7,0,0,0
110,公立,一般大學,0021,國立暨南國際大學,博士班,女,162,48,7,1,0,0,16,0,6,0,1,11,0,5,1,0,0
110,公立,技專校院,0022,國立臺灣科技大學,學士班(日間),男,3930,103,11,1,21,32,8,0,0,0,6,0,6,4,1,0,13
110,公立,技專校院,0022,國立臺灣科技大學,碩士班(日間),男,2598,149,12,8,1,20,46,0,2,4,5,15,11,7,1,0,17
110,公立,技專校院,0022,國立臺灣科技大學,碩士在職專班,男,483,88,4,2,0,1,50,0,7,0,2,14,0,3,0,0,5
110,公立,技專校院,0022,國立臺灣科技大學,博士班,男,803,172,4,8,3,0,60,0,28,1,2,35,0,9,2,0,20
110,公立,技專校院,0022,國立臺灣科技大學,學士班(日間),女,1712,49,6,2,7,16,2,0,0,0,7,0,3,3,0,0,3
110,公立,技專校院,0022,國立臺灣科技大學,碩士班(日間),女,1140,86,10,5,4,5,27,1,3,0,7,7,2,5,1,0,9
110,公立,技專校院,0022,國立臺灣科技大學,碩士在職專班,女,303,46,1,0,1,0,15,1,10,0,0,7,0,7,1,0,3
110,公立,技專校院,0022,國立臺灣科技大學,博士班,女,260,74,8,3,3,0,18,6,7,0,0,16,1,6,0,0,6
110,公立,技專校院,0023,國立雲林科技大學,學士班(日間),男,3967,111,5,12,21,23,15,0,1,11,3,0,13,3,0,4,0
110,公立,技專校院,0023,國立雲林科技大學,學士班(進修),男,96,9,0,1,0,3,4,0,0,0,0,0,1,0,0,0,0
110,公立,技專校院,0023,國立雲林科技大學,碩士班(日間),男,1223,144,3,31,8,12,50,0,1,8,2,10,13,3,3,0,0
110,公立,技專校院,0023,國立雲林科技大學,碩士在職專班,男,467,95,5,3,0,2,63,0,5,0,2,11,1,1,1,0,1
110,公立,技專校院,0023,國立雲林科技大學,博士班,男,260,60,1,4,1,0,29,0,5,1,1,14,0,2,1,0,1
110,公立,技專校院,0023,國立雲林科技大學,學士班(日間),女,2515,54,4,6,10,15,9,0,0,0,1,0,7,0,1,1,0
110,公立,技專校院,0023,國立雲林科技大學,學士班(進修),女,121,4,0,1,0,0,2,0,0,0,0,0,1,0,0,0,0
110,公立,技專校院,0023,國立雲林科技大學,碩士班(日間),女,732,90,2,12,2,15,40,1,4,0,1,6,2,1,2,0,2
110,公立,技專校院,0023,國立雲林科技大學,碩士在職專班,女,337,70,4,11,1,0,33,3,9,0,0,7,0,1,0,0,1
110,公立,技專校院,0023,國立雲林科技大學,博士班,女,167,34,3,1,2,1,16,0,7,0,1,2,0,1,0,0,0
110,公立,技專校院,0024,國立屏東科技大學,學士班(日間),男,4117,133,10,4,12,27,13,0,1,0,0,0,35,21,7,2,1
110,公立,技專校院,0024,國立屏東科技大學,學士班(進修),男,908,50,4,1,1,0,21,0,0,5,0,0,10,5,2,1,0
110,公立,技專校院,0024,國立屏東科技大學,碩士班(日間),男,608,109,4,6,3,2,37,0,0,1,0,6,27,12,8,1,2
110,公立,技專校院,0024,國立屏東科技大學,碩士在職專班,男,178,31,1,0,0,0,21,0,1,0,0,2,5,1,0,0,0
110,公立,技專校院,0024,國立屏東科技大學,博士班,男,158,33,3,0,4,0,9,0,3,1,0,8,2,3,0,0,0
110,公立,技專校院,0024,國立屏東科技大學,學士班(日間),女,3523,87,15,5,9,25,2,1,5,0,2,0,12,8,2,1,0
110,公立,技專校院,0024,國立屏東科技大學,學士班(進修),女,507,32,4,2,1,1,7,0,0,0,0,0,10,3,1,3,0
110,公立,技專校院,0024,國立屏東科技大學,碩士班(日間),女,486,91,6,0,4,1,35,0,1,0,0,9,19,11,4,0,1
110,公立,技專校院,0024,國立屏東科技大學,碩士在職專班,女,104,21,0,0,0,0,11,1,3,0,0,0,3,3,0,0,0
110,公立,技專校院,0024,國立屏東科技大學,博士班,女,98,20,1,0,4,0,5,0,2,0,0,3,4,0,0,0,1
110,公立,技專校院,0025,國立臺北科技大學,五專,男,100,1,0,0,0,0,0,0,0,0,0,0,0,0,1,0,0
110,公立,技專校院,0025,國立臺北科技大學,學士班(日間),男,4432,92,10,0,13,27,8,0,0,6,11,0,5,2,7,3,0
110,公立,技專校院,0025,國立臺北科技大學,學士班(進修),男,1432,22,2,2,4,3,6,0,0,2,1,0,1,0,1,0,0
110,公立,技專校院,0025,國立臺北科技大學,碩士班(日間),男,2326,153,15,14,3,19,42,0,0,15,18,13,5,6,3,0,0
110,公立,技專校院,0025,國立臺北科技大學,碩士在職專班,男,1100,139,2,0,0,0,118,0,10,0,0,4,0,4,0,0,1
110,公立,技專校院,0025,國立臺北科技大學,博士班,男,578,123,7,3,1,2,63,0,5,1,13,23,0,5,0,0,0
110,公立,技專校院,0025,國立臺北科技大學,五專,女,21,0,0,0,0,0,0,0,0,0,0,0,0,0,0,0,0
110,公立,技專校院,0025,國立臺北科技大學,學士班(日間),女,1826,55,4,5,2,16,13,0,0,0,11,0,1,0,1,2,0
110,公立,技專校院,0025,國立臺北科技大學,學士班(進修),女,266,5,1,1,0,2,0,0,0,0,0,0,0,1,0,0,0
110,公立,技專校院,0025,國立臺北科技大學,碩士班(日間),女,864,79,11,6,0,5,27,1,5,0,12,6,1,2,3,0,0
110,公立,技專校院,0025,國立臺北科技大學,碩士在職專班,女,504,57,3,0,0,0,39,3,6,0,0,1,0,4,0,0,1
110,公立,技專校院,0025,國立臺北科技大學,博士班,女,172,43,3,1,0,0,17,1,5,0,4,10,0,1,0,1,0
110,公立,一般大學,0028,國立臺北藝術大學,五專,男,41,0,0,0,0,0,0,0,0,0,0,0,0,0,0,0,0
110,公立,一般大學,0028,國立臺北藝術大學,學士班(日間),男,644,34,4,3,1,5,5,0,1,2,8,2,1,0,1,0,1
110,公立,一般大學,0028,國立臺北藝術大學,碩士班(日間),男,320,133,4,17,1,3,23,0,3,5,10,51,0,3,2,0,11
110,公立,一般大學,0028,國立臺北藝術大學,碩士在職專班,男,53,7,2,0,0,0,2,0,1,0,0,2,0,0,0,0,0
110,公立,一般大學,0028,國立臺北藝術大學,博士班,男,52,18,0,1,0,0,4,0,2,1,0,5,0,1,0,0,4
110,公立,一般大學,0028,國立臺北藝術大學,五專,女,43,2,0,0,0,0,0,0,0,0,2,0,0,0,0,0,0
110,公立,一般大學,0028,國立臺北藝術大學,學士班(日間),女,1103,58,9,6,3,2,2,0,0,0,14,4,2,3,6,0,7
110,公立,一般大學,0028,國立臺北藝術大學,碩士班(日間),女,623,206,7,14,2,3,38,4,10,0,10,91,1,9,2,1,14
110,公立,一般大學,0028,國立臺北藝術大學,碩士在職專班,女,127,33,1,1,1,1,8,2,6,0,1,9,0,3,0,0,0
110,公立,一般大學,0028,國立臺北藝術大學,博士班,女,57,34,2,4,0,0,4,3,2,0,3,8,0,1,0,0,7
110,公立,一般大學,0029,國立臺灣藝術大學,學士班(日間),男,684,25,2,2,1,3,3,0,0,0,1,0,2,0,4,1,6
110,公立,一般大學,0029,國立臺灣藝術大學,學士班(進修),男,591,35,3,0,0,4,12,0,1,1,2,0,5,0,1,0,6
110,公立,一般大學,0029,國立臺灣藝術大學,碩士班(日間),男,279,66,1,5,7,0,12,0,5,3,5,18,1,0,0,1,8
110,公立,一般大學,0029,國立臺灣藝術大學,碩士在職專班,男,171,30,1,1,2,0,8,0,1,2,1,9,0,1,0,0,4
110,公立,一般大學,0029,國立臺灣藝術大學,博士班,男,67,15,1,0,0,0,6,0,1,0,0,4,0,0,0,0,3
110,公立,一般大學,0029,國立臺灣藝術大學,學士班(日間),女,1669,64,5,1,4,5,6,0,0,0,15,0,7,0,5,3,13
110,公立,一般大學,0029,國立臺灣藝術大學,學士班(進修),女,1361,74,9,5,0,7,23,0,5,0,6,1,4,1,1,6,6
110,公立,一般大學,0029,國立臺灣藝術大學,碩士班(日間),女,477,108,4,1,11,1,24,1,3,0,7,33,1,1,2,1,18
110,公立,一般大學,0029,國立臺灣藝術大學,碩士在職專班,女,232,54,1,2,5,0,22,2,5,0,0,8,0,2,0,1,6
110,公立,一般大學,0029,國立臺灣藝術大學,博士班,女,83,13,0,0,2,0,3,0,3,0,0,4,0,0,0,0,1
110,公立,一般大學,0030,國立臺東大學,學士班(日間),男,1837,115,14,4,5,16,10,0,0,2,1,0,3,6,4,17,33
110,公立,一般大學,0030,國立臺東大學,學士班(進修),男,171,26,1,0,0,0,9,0,0,1,0,0,0,0,1,5,9
110,公立,一般大學,0030,國立臺東大學,碩士班(日間),男,165,38,0,2,1,1,15,0,1,3,0,3,0,2,1,1,8
110,公立,一般大學,0030,國立臺東大學,碩士在職專班,男,174,34,1,1,0,0,14,0,0,0,0,4,0,3,0,2,9
110,公立,一般大學,0030,國立臺東大學,博士班,男,17,4,0,0,0,0,2,0,0,0,0,0,0,0,0,1,1
110,公立,一般大學,0030,國立臺東大學,學士班(日間),女,1853,88,11,3,2,19,7,1,3,0,2,0,3,4,3,9,21
110,公立,一般大學,0030,國立臺東大學,學士班(進修),女,228,33,2,3,0,2,7,1,0,0,0,0,0,3,1,2,12
110,公立,一般大學,0030,國立臺東大學,碩士班(日間),女,234,51,4,5,0,0,14,2,2,0,1,8,0,3,0,1,11
110,公立,一般大學,0030,國立臺東大學,碩士在職專班,女,435,69,10,1,0,0,26,2,5,0,0,5,0,5,2,2,11
110,公立,一般大學,0030,國立臺東大學,博士班,女,26,9,1,0,0,0,4,0,0,0,1,2,0,0,0,1,0
110,公立,一般大學,0031,國立宜蘭大學,學士班(日間),男,2826,109,9,2,18,18,20,0,0,11,6,0,15,2,6,0,2
110,公立,一般大學,0031,國立宜蘭大學,學士班(進修),男,272,37,0,0,1,0,19,0,1,9,0,0,1,3,0,0,3
110,公立,一般大學,0031,國立宜蘭大學,碩士班(日間),男,333,53,1,5,0,1,26,0,0,1,2,9,3,2,2,0,1
110,公立,一般大學,0031,國立宜蘭大學,碩士在職專班,男,159,24,0,0,0,0,17,0,0,0,1,4,0,0,0,0,2
110,公立,一般大學,0031,國立宜蘭大學,博士班,男,11,2,0,0,0,0,1,0,1,0,0,0,0,0,0,0,0
110,公立,一般大學,0031,國立宜蘭大學,學士班(日間),女,1650,38,10,2,4,11,5,0,0,0,4,0,0,1,1,0,0
110,公立,一般大學,0031,國立宜蘭大學,學士班(進修),女,154,11,2,0,0,1,4,1,2,0,0,0,1,0,0,0,0
110,公立,一般大學,0031,國立宜蘭大學,碩士班(日間),女,167,21,2,0,0,2,8,0,0,0,0,5,0,2,2,0,0
110,公立,一般大學,0031,國立宜蘭大學,碩士在職專班,女,59,13,0,0,0,0,6,0,1,0,0,4,0,1,0,0,1
110,公立,一般大學,0031,國立宜蘭大學,博士班,女,6,1,0,0,0,0,0,0,1,0,0,0,0,0,0,0,0
110,公立,一般大學,0032,國立聯合大學,學士班(日間),男,4202,134,12,5,21,48,23,0,0,10,3,0,3,0,4,2,3
110,公立,一般大學,0032,國立聯合大學,學士班(進修),男,748,38,1,0,4,6,17,0,1,4,0,0,0,0,3,2,0
110,公立,一般大學,0032,國立聯合大學,碩士班(日間),男,289,36,5,2,0,1,12,0,0,1,0,10,2,2,0,0,1
110,公立,一般大學,0032,國立聯合大學,碩士在職專班,男,26,2,0,0,0,0,0,0,0,0,0,0,0,0,1,0,1
110,公立,一般大學,0032,國立聯合大學,博士班,男,18,1,0,0,0,0,1,0,0,0,0,0,0,0,0,0,0
110,公立,一般大學,0032,國立聯合大學,學士班(日間),女,1902,51,9,6,2,13,6,2,0,0,4,0,6,0,3,0,0
110,公立,一般大學,0032,國立聯合大學,學士班(進修),女,335,19,1,1,1,4,7,2,0,0,0,0,1,1,0,1,0
110,公立,一般大學,0032,國立聯合大學,碩士班(日間),女,118,21,0,0,0,2,5,0,2,0,0,12,0,0,0,0,0
110,公立,一般大學,0032,國立聯合大學,碩士在職專班,女,16,0,0,0,0,0,0,0,0,0,0,0,0,0,0,0,0
110,公立,一般大學,0032,國立聯合大學,博士班,女,1,0,0,0,0,0,0,0,0,0,0,0,0,0,0,0,0
110,公立,技專校院,0033,國立虎尾科技大學,二專(日間),男,60,2,0,0,0,0,0,0,0,0,0,0,1,0,1,0,0
110,公立,技專校院,0033,國立虎尾科技大學,五專,男,207,2,0,0,0,2,0,0,0,0,0,0,0,0,0,0,0
110,公立,技專校院,0033,國立虎尾科技大學,學士班(日間),男,5790,173,10,3,37,55,27,0,0,12,1,0,14,5,5,0,4
110,公立,技專校院,0033,國立虎尾科技大學,學士班(進修),男,1903,80,3,7,10,15,32,0,0,9,0,0,2,2,0,0,0
110,公立,技專校院,0033,國立虎尾科技大學,碩士班(日間),男,747,54,0,2,0,12,12,0,0,4,1,8,8,4,1,0,2
110,公立,技專校院,0033,國立虎尾科技大學,碩士在職專班,男,142,25,1,2,0,0,16,0,2,0,0,3,1,0,0,0,0
110,公立,技專校院,0033,國立虎尾科技大學,博士班,男,49,8,0,0,0,0,7,0,0,0,0,1,0,0,0,0,0
110,公立,技專校院,0033,國立虎尾科技大學,二專(日間),女,4,0,0,0,0,0,0,0,0,0,0,0,0,0,0,0,0
110,公立,技專校院,0033,國立虎尾科技大學,五專,女,31,3,0,0,0,2,0,0,0,0,1,0,0,0,0,0,0
110,公立,技專校院,0033,國立虎尾科技大學,學士班(日間),女,1785,35,4,3,2,13,6,1,1,0,2,0,3,0,0,0,0
110,公立,技專校院,0033,國立虎尾科技大學,學士班(進修),女,466,36,2,1,5,6,17,0,2,0,0,0,3,0,0,0,0
110,公立,技專校院,0033,國立虎尾科技大學,碩士班(日間),女,165,12,1,2,0,2,3,0,0,0,0,2,1,0,0,0,1
110,公立,技專校院,0033,國立虎尾科技大學,碩士在職專班,女,51,9,0,0,0,0,4,0,1,0,0,0,1,2,0,0,1
110,公立,技專校院,0033,國立虎尾科技大學,博士班,女,8,2,0,0,0,0,1,1,0,0,0,0,0,0,0,0,0
110,公立,一般大學,0035,國立臺南藝術大學,五專,男,77,1,0,0,0,0,0,0,0,0,1,0,0,0,0,0,0
110,公立,一般大學,0035,國立臺南藝術大學,學士班(日間),男,251,19,3,1,0,3,2,0,0,1,4,0,0,1,0,0,4
110,公立,一般大學,0035,國立臺南藝術大學,碩士班(日間),男,196,63,5,0,0,0,14,0,1,0,2,16,9,5,0,0,11
110,公立,一般大學,0035,國立臺南藝術大學,碩士在職專班,男,16,4,0,0,0,0,3,0,0,0,0,0,0,0,0,0,1
110,公立,一般大學,0035,國立臺南藝術大學,博士班,男,25,7,0,0,0,0,2,0,2,0,0,2,1,0,0,0,0
110,公立,一般大學,0035,國立臺南藝術大學,五專,女,96,3,1,0,0,0,0,0,0,0,1,0,1,0,0,0,0
110,公立,一般大學,0035,國立臺南藝術大學,學士班(日間),女,535,41,4,0,0,3,4,0,0,0,9,0,9,2,1,0,9
110,公立,一般大學,0035,國立臺南藝術大學,碩士班(日間),女,352,98,2,4,0,1,24,1,8,0,0,20,13,9,0,0,16
110,公立,一般大學,0035,國立臺南藝術大學,碩士在職專班,女,35,10,0,0,0,0,4,1,2,0,0,3,0,0,0,0,0
110,公立,一般大學,0035,國立臺南藝術大學,博士班,女,33,5,1,0,0,0,1,0,0,0,0,2,0,0,0,0,1
110,公立,一般大學,0036,國立臺南大學,學士班(日間),男,1840,66,6,1,9,19,4,0,0,3,1,0,1,0,2,0,20
110,公立,一般大學,0036,國立臺南大學,學士班(進修),男,107,11,0,0,0,4,1,0,0,0,0,0,1,0,1,0,4
110,公立,一般大學,0036,國立臺南大學,碩士班(日間),男,414,84,0,5,1,2,20,0,0,1,0,21,0,3,2,0,29
110,公立,一般大學,0036,國立臺南大學,碩士在職專班,男,208,46,0,0,0,0,29,0,1,0,0,16,0,0,0,0,0
110,公立,一般大學,0036,國立臺南大學,博士班,男,64,21,3,0,0,0,8,0,0,0,0,4,0,1,0,0,5
110,公立,一般大學,0036,國立臺南大學,學士班(日間),女,2115,58,6,2,4,21,1,1,0,0,3,0,9,1,0,0,10
110,公立,一般大學,0036,國立臺南大學,學士班(進修),女,74,10,0,1,1,0,3,1,0,0,0,0,0,0,0,0,4
110,公立,一般大學,0036,國立臺南大學,碩士班(日間),女,574,161,7,5,0,4,40,1,8,0,1,53,0,4,7,0,31
110,公立,一般大學,0036,國立臺南大學,碩士在職專班,女,454,109,0,1,0,0,50,5,16,0,0,35,0,2,0,0,0
110,公立,一般大學,0036,國立臺南大學,博士班,女,89,18,2,0,0,1,6,0,3,0,0,4,0,1,0,0,1
110,公立,一般大學,0037,國立臺北教育大學,學士班(日間),男,1101,41,4,1,0,17,3,0,0,1,5,0,4,1,2,1,2
110,公立,一般大學,0037,國立臺北教育大學,碩士班(日間),男,440,80,2,2,1,2,21,0,6,3,4,25,0,3,4,3,4
110,公立,一般大學,0037,國立臺北教育大學,碩士在職專班,男,262,51,4,1,0,0,21,0,11,0,1,10,0,2,1,0,0
110,公立,一般大學,0037,國立臺北教育大學,博士班,男,69,10,1,0,0,0,3,0,0,0,0,3,0,1,0,0,2
110,公立,一般大學,0037,國立臺北教育大學,學士班(日間),女,2217,50,5,0,0,21,6,0,0,0,7,0,5,2,0,2,2
110,公立,一般大學,0037,國立臺北教育大學,碩士班(日間),女,978,225,3,6,0,5,59,6,24,0,5,73,1,8,15,5,15
110,公立,一般大學,0037,國立臺北教育大學,碩士在職專班,女,786,177,8,4,0,2,53,8,24,0,0,62,1,12,2,0,1
110,公立,一般大學,0037,國立臺北教育大學,博士班,女,85,18,0,0,0,0,8,1,3,0,0,4,0,2,0,0,0
110,公立,一般大學,0039,國立臺中教育大學,學士班(日間),男,1158,56,7,3,3,16,8,0,0,1,6,0,9,1,1,0,1
110,公立,一般大學,0039,國立臺中教育大學,碩士班(日間),男,284,55,2,1,2,1,26,0,2,0,0,10,5,0,1,0,5
110,公立,一般大學,0039,國立臺中教育大學,碩士在職專班,男,167,34,2,1,0,1,16,0,2,0,0,4,2,5,0,0,1
110,公立,一般大學,0039,國立臺中教育大學,博士班,男,40,15,1,0,0,0,7,0,0,1,0,5,1,0,0,0,0
110,公立,一般大學,0039,國立臺中教育大學,學士班(日間),女,2076,50,7,4,1,18,4,0,0,0,6,0,8,0,2,0,0
110,公立,一般大學,0039,國立臺中教育大學,碩士班(日間),女,598,136,10,2,0,2,56,10,6,0,1,15,9,7,1,0,17
110,公立,一般大學,0039,國立臺中教育大學,碩士在職專班,女,616,132,9,2,1,1,53,7,13,0,0,23,8,9,1,0,5
110,公立,一般大學,0039,國立臺中教育大學,博士班,女,66,16,1,1,0,0,6,1,0,0,1,4,0,2,0,0,0
110,公立,技專校院,0042,國立澎湖科技大學,五專,男,65,2,0,0,0,0,0,0,0,0,0,0,0,0,0,0,2
110,公立,技專校院,0042,國立澎湖科技大學,學士班(日間),男,1583,89,2,2,0,4,4,0,0,0,0,0,0,0,0,0,77
110,公立,技專校院,0042,國立澎湖科技大學,學士班(進修),男,139,25,0,0,0,1,10,0,0,0,0,0,0,0,0,0,14
110,公立,技專校院,0042,國立澎湖科技大學,碩士班(日間),男,45,10,0,0,0,0,1,0,0,0,0,0,0,0,0,0,9
110,公立,技專校院,0042,國立澎湖科技大學,碩士在職專班,男,26,0,0,0,0,0,0,0,0,0,0,0,0,0,0,0,0
110,公立,技專校院,0042,國立澎湖科技大學,五專,女,3,0,0,0,0,0,0,0,0,0,0,0,0,0,0,0,0
110,公立,技專校院,0042,國立澎湖科技大學,學士班(日間),女,1000,36,2,1,0,1,2,0,0,0,0,0,0,0,0,0,30
110,公立,技專校院,0042,國立澎湖科技大學,學士班(進修),女,146,12,0,0,0,0,6,0,0,0,0,0,0,0,0,0,6
110,公立,技專校院,0042,國立澎湖科技大學,碩士班(日間),女,42,11,0,0,0,0,0,0,0,0,0,0,0,0,0,0,11
110,公立,技專校院,0042,國立澎湖科技大學,碩士在職專班,女,14,0,0,0,0,0,0,0,0,0,0,0,0,0,0,0,0
110,公立,技專校院,0043,國立勤益科技大學,二專(進修),男,295,60,1,1,0,2,17,0,0,9,0,0,3,4,1,22,0
110,公立,技專校院,0043,國立勤益科技大學,學士班(日間),男,4811,277,6,10,40,123,40,0,0,12,3,0,0,0,4,39,0
110,公立,技專校院,0043,國立勤益科技大學,學士班(進修),男,3460,174,11,5,5,21,52,0,0,14,0,0,10,4,4,48,0
110,公立,技專校院,0043,國立勤益科技大學,碩士班(日間),男,465,55,1,2,6,3,31,0,0,8,0,0,0,0,0,3,1
110,公立,技專校院,0043,國立勤益科技大學,碩士在職專班,男,228,24,0,0,0,0,5,0,0,1,1,4,0,1,0,12,0
110,公立,技專校院,0043,國立勤益科技大學,博士班,男,39,6,0,1,0,0,3,0,1,0,0,0,0,0,0,1,0
110,公立,技專校院,0043,國立勤益科技大學,二專(進修),女,113,13,0,0,1,2,4,0,0,0,0,0,0,0,0,6,0
110,公立,技專校院,0043,國立勤益科技大學,學士班(日間),女,2144,71,3,0,8,35,3,2,2,0,0,0,0,2,2,14,0
110,公立,技專校院,0043,國立勤益科技大學,學士班(進修),女,664,28,0,0,0,10,6,1,5,0,0,0,0,1,0,5,0
110,公立,技專校院,0043,國立勤益科技大學,碩士班(日間),女,153,19,0,2,1,4,11,0,0,0,0,0,0,0,0,0,1
110,公立,技專校院,0043,國立勤益科技大學,碩士在職專班,女,64,4,1,0,0,0,1,0,1,1,0,0,0,0,0,0,0
110,公立,技專校院,0043,國立勤益科技大學,博士班,女,6,0,0,0,0,0,0,0,0,0,0,0,0,0,0,0,0
110,公立,一般大學,0044,國立體育大學,學士班(日間),男,1152,76,3,0,0,0,72,0,0,1,0,0,0,0,0,0,0
110,公立,一般大學,0044,國立體育大學,學士班(進修),男,58,13,0,0,0,0,13,0,0,0,0,0,0,0,0,0,0
110,公立,一般大學,0044,國立體育大學,碩士班(日間),男,189,44,1,0,0,0,40,0,1,0,0,0,0,0,2,0,0
110,公立,一般大學,0044,國立體育大學,碩士在職專班,男,141,38,2,0,0,0,33,0,3,0,0,0,0,0,0,0,0
110,公立,一般大學,0044,國立體育大學,博士班,男,105,23,0,0,0,0,19,0,3,0,0,0,0,0,1,0,0
110,公立,一般大學,0044,國立體育大學,學士班(日間),女,670,33,1,0,0,0,30,1,1,0,0,0,0,0,0,0,0
110,公立,一般大學,0044,國立體育大學,學士班(進修),女,35,2,0,0,0,0,2,0,0,0,0,0,0,0,0,0,0
110,公立,一般大學,0044,國立體育大學,碩士班(日間),女,150,36,1,0,0,0,29,2,4,0,0,0,0,0,0,0,0
110,公立,一般大學,0044,國立體育大學,碩士在職專班,女,95,16,0,0,0,0,14,1,1,0,0,0,0,0,0,0,0
110,公立,一般大學,0044,國立體育大學,博士班,女,48,13,0,0,0,0,11,0,1,0,0,0,0,0,1,0,0
110,公立,技專校院,0046,國立臺北護理健康大學,學士班(日間),男,843,35,1,1,1,15,7,0,0,0,0,0,4,1,2,3,0
110,公立,技專校院,0046,國立臺北護理健康大學,學士班(進修),男,32,1,0,0,0,0,1,0,0,0,0,0,0,0,0,0,0
110,公立,技專校院,0046,國立臺北護理健康大學,碩士班(日間),男,94,24,2,0,0,0,7,0,4,0,1,4,1,2,1,1,1
110,公立,技專校院,0046,國立臺北護理健康大學,碩士在職專班,男,27,9,0,0,0,0,4,0,1,0,0,3,0,1,0,0,0
110,公立,技專校院,0046,國立臺北護理健康大學,博士班,男,8,1,0,0,0,0,0,0,0,0,0,0,0,1,0,0,0
110,公立,技專校院,0046,國立臺北護理健康大學,學士班(日間),女,2942,103,10,4,6,22,22,3,2,0,9,0,3,3,12,5,2
110,公立,技專校院,0046,國立臺北護理健康大學,學士班(進修),女,707,50,7,2,1,3,18,5,4,0,1,0,2,1,0,1,5
110,公立,技專校院,0046,國立臺北護理健康大學,碩士班(日間),女,465,175,10,2,0,3,50,7,16,0,3,70,4,7,1,1,1
110,公立,技專校院,0046,國立臺北護理健康大學,碩士在職專班,女,178,68,3,1,0,1,18,5,4,0,1,26,0,8,0,1,0
110,公立,技專校院,0046,國立臺北護理健康大學,博士班,女,69,17,2,0,0,0,5,0,3,0,0,5,0,1,0,1,0
110,公立,技專校院,0047,國立高雄餐旅大學,五專,男,97,5,0,0,4,1,0,0,0,0,0,0,0,0,0,0,0
110,公立,技專校院,0047,國立高雄餐旅大學,學士班(日間),男,1001,40,3,5,7,6,1,0,0,3,0,0,2,2,0,6,5
110,公立,技專校院,0047,國立高雄餐旅大學,學士班(進修),男,410,11,0,1,1,1,2,0,0,1,0,0,1,1,0,3,0
110,公立,技專校院,0047,國立高雄餐旅大學,碩士班(日間),男,58,16,1,2,0,2,7,0,1,0,0,0,0,2,0,0,1
110,公立,技專校院,0047,國立高雄餐旅大學,碩士在職專班,男,15,2,0,0,0,0,1,0,0,0,0,0,0,0,0,1,0
110,公立,技專校院,0047,國立高雄餐旅大學,博士班,男,16,4,0,0,0,0,2,0,0,0,0,2,0,0,0,0,0
110,公立,技專校院,0047,國立高雄餐旅大學,五專,女,152,4,1,0,1,2,0,0,0,0,0,0,0,0,0,0,0
110,公立,技專校院,0047,國立高雄餐旅大學,學士班(日間),女,2105,57,5,9,8,13,0,2,0,1,1,0,3,2,1,7,5
110,公立,技專校院,0047,國立高雄餐旅大學,學士班(進修),女,797,28,1,4,0,0,7,1,2,0,2,0,1,1,0,9,0
110,公立,技專校院,0047,國立高雄餐旅大學,碩士班(日間),女,110,28,2,1,1,3,10,1,2,0,1,2,1,2,1,0,1
110,公立,技專校院,0047,國立高雄餐旅大學,碩士在職專班,女,21,8,1,0,0,0,5,0,1,0,0,0,0,0,0,1,0
110,公立,技專校院,0047,國立高雄餐旅大學,博士班,女,16,4,1,0,0,0,2,0,0,0,0,0,0,0,0,0,1
110,公立,一般大學,0048,國立金門大學,學士班(日間),男,1623,51,4,3,3,17,6,0,0,5,2,0,0,1,2,8,0
110,公立,一般大學,0048,國立金門大學,學士班(進修),男,467,27,3,0,1,4,12,0,0,3,0,0,0,1,0,2,1
110,公立,一般大學,0048,國立金門大學,碩士班(日間),男,112,21,1,0,0,1,11,0,3,1,1,1,0,0,0,2,0
110,公立,一般大學,0048,國立金門大學,碩士在職專班,男,74,10,0,0,0,0,8,0,1,0,0,1,0,0,0,0,0
110,公立,一般大學,0048,國立金門大學,學士班(日間),女,1451,22,4,0,2,5,5,0,0,0,4,0,0,2,0,0,0
110,公立,一般大學,0048,國立金門大學,學士班(進修),女,362,18,2,0,0,0,13,0,3,0,0,0,0,0,0,0,0
110,公立,一般大學,0048,國立金門大學,碩士班(日間),女,88,29,4,1,0,0,8,2,3,0,1,5,0,0,0,3,2
110,公立,一般大學,0048,國立金門大學,碩士在職專班,女,38,6,0,0,0,0,6,0,0,0,0,0,0,0,0,0,0
110,公立,一般大學,0049,國立臺灣體育運動大學,學士班(日間),男,1349,66,4,27,6,12,15,0,0,0,0,0,0,0,0,2,0
110,公立,一般大學,0049,國立臺灣體育運動大學,學士班(進修),男,273,25,0,4,1,2,17,0,0,0,0,0,0,0,0,1,0
110,公立,一般大學,0049,國立臺灣體育運動大學,碩士班(日間),男,133,39,0,10,1,0,23,0,4,1,0,0,0,0,0,0,0
110,公立,一般大學,0049,國立臺灣體育運動大學,碩士在職專班,男,72,11,0,4,0,0,6,0,1,0,0,0,0,0,0,0,0
110,公立,一般大學,0049,國立臺灣體育運動大學,博士班,男,5,0,0,0,0,0,0,0,0,0,0,0,0,0,0,0,0
110,公立,一般大學,0049,國立臺灣體育運動大學,學士班(日間),女,997,20,0,4,4,2,4,0,1,0,0,0,0,0,2,3,0
110,公立,一般大學,0049,國立臺灣體育運動大學,學士班(進修),女,115,6,1,0,0,1,3,1,0,0,0,0,0,0,0,0,0
110,公立,一般大學,0049,國立臺灣體育運動大學,碩士班(日間),女,127,37,0,5,2,3,26,0,1,0,0,0,0,0,0,0,0
110,公立,一般大學,0049,國立臺灣體育運動大學,碩士在職專班,女,42,8,0,1,1,0,4,2,0,0,0,0,0,0,0,0,0
110,公立,一般大學,0049,國立臺灣體育運動大學,博士班,女,8,1,0,0,0,0,1,0,0,0,0,0,0,0,0,0,0
110,公立,技專校院,0050,國立臺中科技大學,二專(進修),男,456,76,2,2,2,9,49,0,0,0,2,0,1,3,1,5,0
110,公立,技專校院,0050,國立臺中科技大學,五專,男,966,50,3,0,8,26,5,0,0,0,0,0,0,2,6,0,0
110,公立,技專校院,0050,國立臺中科技大學,學士班(日間),男,2022,72,5,3,13,26,13,0,0,5,1,0,0,2,1,1,2
110,公立,技專校院,0050,國立臺中科技大學,學士班(進修),男,1357,155,8,12,4,19,83,0,1,7,3,0,6,6,0,6,0
110,公立,技專校院,0050,國立臺中科技大學,碩士班(日間),男,178,30,1,2,0,0,22,0,0,1,0,1,0,1,2,0,0
110,公立,技專校院,0050,國立臺中科技大學,碩士在職專班,男,102,21,2,0,0,1,15,0,1,0,0,0,0,2,0,0,0
110,公立,技專校院,0050,國立臺中科技大學,二專(進修),女,740,107,4,5,4,11,65,1,2,0,3,0,6,1,0,5,0
110,公立,技專校院,0050,國立臺中科技大學,五專,女,2598,98,10,3,12,38,9,0,2,0,3,0,0,2,18,1,0
110,公立,技專校院,0050,國立臺中科技大學,學士班(日間),女,4748,119,13,12,7,26,29,1,11,0,5,0,3,5,5,1,1
110,公立,技專校院,0050,國立臺中科技大學,學士班(進修),女,2630,290,31,18,7,37,149,7,13,0,4,0,7,13,2,2,0
110,公立,技專校院,0050,國立臺中科技大學,碩士班(日間),女,252,47,2,0,1,1,29,1,2,0,0,4,2,5,0,0,0
110,公立,技專校院,0050,國立臺中科技大學,碩士在職專班,女,142,16,1,0,0,1,10,1,2,0,0,0,0,1,0,0,0
110,公立,技專校院,0051,國立臺北商業大學,二專(進修),男,159,15,1,1,0,1,10,0,0,0,2,0,0,0,0,0,0
110,公立,技專校院,0051,國立臺北商業大學,五專,男,482,32,1,2,11,6,2,0,0,1,4,0,2,0,2,0,1
110,公立,技專校院,0051,國立臺北商業大學,學士班(日間),男,924,20,4,1,2,3,3,0,0,1,1,0,1,4,0,0,0
110,公立,技專校院,0051,國立臺北商業大學,學士班(進修),男,635,53,2,4,2,4,34,0,1,0,0,0,0,1,4,0,1
110,公立,技專校院,0051,國立臺北商業大學,碩士班(日間),男,129,24,2,3,0,1,10,0,0,0,2,4,1,1,0,0,0
110,公立,技專校院,0051,國立臺北商業大學,碩士在職專班,男,28,11,0,1,0,0,5,0,0,0,0,4,1,0,0,0,0
110,公立,技專校院,0051,國立臺北商業大學,博士班,男,7,2,0,0,0,0,2,0,0,0,0,0,0,0,0,0,0
110,公立,技專校院,0051,國立臺北商業大學,二專(進修),女,334,18,3,0,1,1,11,1,1,0,0,0,0,0,0,0,0
110,公立,技專校院,0051,國立臺北商業大學,五專,女,1222,51,6,2,10,11,4,1,0,0,10,0,2,0,5,0,0
110,公立,技專校院,0051,國立臺北商業大學,學士班(日間),女,2182,49,9,5,3,14,5,0,1,0,7,0,2,3,0,0,0
110,公立,技專校院,0051,國立臺北商業大學,學士班(進修),女,1175,89,7,5,3,8,46,1,7,0,3,0,0,8,1,0,0
110,公立,技專校院,0051,國立臺北商業大學,碩士班(日間),女,172,8,2,1,0,0,3,0,0,0,0,1,1,0,0,0,0
110,公立,技專校院,0051,國立臺北商業大學,碩士在職專班,女,40,10,0,0,0,1,4,0,0,0,1,4,0,0,0,0,0
110,公立,技專校院,0051,國立臺北商業大學,博士班,女,1,0,0,0,0,0,0,0,0,0,0,0,0,0,0,0,0
110,公立,一般大學,0052,國立屏東大學,學士班(日間),男,2786,69,2,3,8,28,11,0,0,2,2,0,7,1,2,2,1
110,公立,一般大學,0052,國立屏東大學,學士班(進修),男,388,16,0,1,1,3,8,0,0,0,0,0,1,0,2,0,0
110,公立,一般大學,0052,國立屏東大學,碩士班(日間),男,340,73,0,3,1,3,32,0,1,1,1,25,3,1,2,0,0
110,公立,一般大學,0052,國立屏東大學,碩士在職專班,男,227,34,1,1,0,0,13,0,4,0,0,9,1,2,0,0,3
110,公立,一般大學,0052,國立屏東大學,博士班,男,24,5,1,0,0,0,2,0,0,0,0,1,1,0,0,0,0
110,公立,一般大學,0052,國立屏東大學,學士班(日間),女,3844,60,2,4,8,17,7,0,0,0,5,0,10,3,2,2,0
110,公立,一般大學,0052,國立屏東大學,學士班(進修),女,435,16,1,3,0,4,6,1,0,0,0,0,0,0,1,0,0
110,公立,一般大學,0052,國立屏東大學,碩士班(日間),女,570,125,3,0,0,3,53,1,22,0,0,26,1,6,4,0,6
110,公立,一般大學,0052,國立屏東大學,碩士在職專班,女,500,99,1,1,0,3,48,2,8,0,0,23,0,7,1,0,5
110,公立,一般大學,0052,國立屏東大學,博士班,女,23,0,0,0,0,0,0,0,0,0,0,0,0,0,0,0,0
110,公立,技專校院,0053,國立高雄科技大學,五專,男,650,19,1,0,8,4,3,0,0,1,0,0,0,0,0,1,1
110,公立,技專校院,0053,國立高雄科技大學,學士班(日間),男,11059,379,22,19,85,128,82,0,0,18,3,0,0,7,0,4,11
110,公立,技專校院,0053,國立高雄科技大學,學士班(進修),男,2709,209,5,6,9,41,105,0,2,19,3,0,0,6,0,8,5
110,公立,技專校院,0053,國立高雄科技大學,碩士班(日間),男,1722,194,4,19,35,22,70,0,1,11,1,0,0,19,0,0,12
110,公立,技專校院,0053,國立高雄科技大學,碩士在職專班,男,1290,251,13,7,29,2,154,0,16,1,3,0,0,8,0,0,18
110,公立,技專校院,0053,國立高雄科技大學,博士班,男,465,84,6,3,12,1,41,0,3,0,0,0,0,7,0,0,11
110,公立,技專校院,0053,國立高雄科技大學,五專,女,148,4,1,0,0,2,0,0,1,0,0,0,0,0,0,0,0
110,公立,技專校院,0053,國立高雄科技大學,學士班(日間),女,6833,153,9,10,14,63,23,4,0,1,4,0,0,4,0,4,17
110,公立,技專校院,0053,國立高雄科技大學,學士班(進修),女,1342,73,6,4,1,12,40,3,1,0,0,0,0,2,0,2,2
110,公立,技專校院,0053,國立高雄科技大學,碩士班(日間),女,808,112,5,9,18,15,37,4,2,0,1,0,0,8,0,0,13
110,公立,技專校院,0053,國立高雄科技大學,碩士在職專班,女,720,117,6,0,11,2,65,2,20,0,0,0,0,1,0,0,10
110,公立,技專校院,0053,國立高雄科技大學,博士班,女,156,25,3,1,1,0,12,1,3,0,0,0,0,0,0,0,4
110,公立,技專校院,0144,國立臺灣戲曲學院,學士班(日間),男,186,11,1,0,0,4,5,0,0,0,0,0,0,1,0,0,0
110,公立,技專校院,0144,國立臺灣戲曲學院,學士班(進修),男,1,0,0,0,0,0,0,0,0,0,0,0,0,0,0,0,0
110,公立,技專校院,0144,國立臺灣戲曲學院,學士班(日間),女,353,21,2,1,1,10,0,1,1,1,2,0,0,2,0,0,0
110,公立,技專校院,0144,國立臺灣戲曲學院,學士班(進修),女,1,0,0,0,0,0,0,0,0,0,0,0,0,0,0,0,0
110,公立,技專校院,0221,國立臺南護理專科學校,二專(日間),男,7,0,0,0,0,0,0,0,0,0,0,0,0,0,0,0,0
110,公立,技專校院,0221,國立臺南護理專科學校,二專(進修),男,6,1,0,0,0,0,0,0,0,0,0,0,0,1,0,0,0
110,公立,技專校院,0221,國立臺南護理專科學校,五專,男,163,2,0,0,0,1,0,0,0,1,0,0,0,0,0,0,0
110,公立,技專校院,0221,國立臺南護理專科學校,二專(日間),女,92,3,0,0,0,0,3,0,0,0,0,0,0,0,0,0,0
110,公立,技專校院,0221,國立臺南護理專科學校,二專(進修),女,17,3,0,1,0,0,0,0,0,0,0,0,0,2,0,0,0
110,公立,技專校院,0221,國立臺南護理專科學校,五專,女,1641,17,7,0,0,9,0,0,0,0,0,0,0,0,0,1,0
110,公立,技專校院,0222,國立臺東專科學校,二專(日間),男,407,39,2,2,3,15,5,0,0,2,1,0,6,1,0,2,0
110,公立,技專校院,0222,國立臺東專科學校,二專(進修),男,65,10,0,0,0,0,5,0,0,4,0,0,0,0,0,1,0
110,公立,技專校院,0222,國立臺東專科學校,五專,男,127,18,1,3,5,1,1,0,0,3,0,0,2,0,0,2,0
110,公立,技專校院,0222,國立臺東專科學校,二專(日間),女,166,16,1,4,1,5,1,0,0,0,0,0,2,1,0,1,0
110,公立,技專校院,0222,國立臺東專科學校,二專(進修),女,51,2,1,0,0,0,1,0,0,0,0,0,0,0,0,0,0
110,公立,技專校院,0222,國立臺東專科學校,五專,女,139,27,0,4,4,8,3,0,1,1,0,0,5,0,1,0,0
110,私立,一般大學,1001,東海大學,學士班(日間),男,5830,279,31,8,15,65,20,0,0,2,19,0,5,12,3,15,84
110,私立,一般大學,1001,東海大學,學士班(進修),男,209,34,2,1,3,0,11,0,0,1,0,0,0,3,1,5,7
110,私立,一般大學,1001,東海大學,碩士班(日間),男,631,178,6,4,2,4,53,0,5,3,0,51,0,9,1,8,32
110,私立,一般大學,1001,東海大學,碩士在職專班,男,380,117,6,2,0,0,55,0,2,0,3,27,0,10,0,4,8
110,私立,一般大學,1001,東海大學,博士班,男,152,52,4,0,0,0,15,0,3,0,0,25,0,2,1,0,2
110,私立,一般大學,1001,東海大學,學士班(日間),女,7317,246,29,6,12,60,9,3,1,0,41,0,1,9,3,6,66
110,私立,一般大學,1001,東海大學,學士班(進修),女,195,23,3,0,0,1,6,0,4,0,0,0,0,3,0,3,3
110,私立,一般大學,1001,東海大學,碩士班(日間),女,669,202,5,14,0,2,56,1,7,0,5,52,2,8,0,3,47
110,私立,一般大學,1001,東海大學,碩士在職專班,女,383,116,12,0,0,1,42,1,5,0,2,28,1,7,0,1,16
110,私立,一般大學,1001,東海大學,博士班,女,101,34,3,1,0,0,8,0,1,0,1,13,0,3,0,1,3
110,私立,一般大學,1002,輔仁大學,學士班(日間),男,7282,252,28,5,10,98,63,0,0,2,30,0,7,2,0,2,5
110,私立,一般大學,1002,輔仁大學,學士班(進修),男,1567,114,14,3,1,18,66,0,0,2,5,0,3,0,0,2,0
110,私立,一般大學,1002,輔仁大學,碩士班(日間),男,799,160,3,4,0,33,47,0,3,6,1,55,0,1,0,0,7
110,私立,一般大學,1002,輔仁大學,碩士在職專班,男,553,118,4,1,0,13,60,0,13,0,1,25,0,0,1,0,0
110,私立,一般大學,1002,輔仁大學,博士班,男,228,70,2,0,0,2,17,0,5,0,0,41,0,0,0,0,3
110,私立,一般大學,1002,輔仁大學,學士班(日間),女,10469,290,47,6,5,143,34,0,1,0,39,0,3,2,0,7,3
110,私立,一般大學,1002,輔仁大學,學士班(進修),女,2554,139,24,4,0,25,66,0,7,0,6,0,2,0,0,5,0
110,私立,一般大學,1002,輔仁大學,碩士班(日間),女,1170,230,17,3,0,59,75,4,12,0,2,47,1,0,2,1,7
110,私立,一般大學,1002,輔仁大學,碩士在職專班,女,939,186,19,1,0,15,80,9,33,0,1,27,0,0,1,0,0
110,私立,一般大學,1002,輔仁大學,博士班,女,199,75,8,1,0,6,21,0,8,0,0,24,0,0,1,0,6
110,私立,一般大學,1003,東吳大學,學士班(日間),男,4621,195,20,6,12,31,18,0,1,10,23,0,16,2,2,0,54
110,私立,一般大學,1003,東吳大學,學士班(進修),男,358,42,5,2,2,3,11,0,1,0,2,0,0,0,1,1,14
110,私立,一般大學,1003,東吳大學,碩士班(日間),男,587,118,4,3,0,0,32,0,3,7,4,42,0,2,3,0,18
110,私立,一般大學,1003,東吳大學,碩士在職專班,男,567,98,2,0,0,1,37,0,7,1,3,22,1,3,1,0,20
110,私立,一般大學,1003,東吳大學,博士班,男,70,13,0,1,0,0,1,0,0,0,0,8,0,0,0,0,3
110,私立,一般大學,1003,東吳大學,學士班(日間),女,7230,212,38,8,5,44,8,0,1,0,36,0,16,2,5,0,49
110,私立,一般大學,1003,東吳大學,學士班(進修),女,596,68,9,2,3,5,19,1,2,0,2,0,0,1,2,0,22
110,私立,一般大學,1003,東吳大學,碩士班(日間),女,730,146,4,2,0,1,42,3,4,0,3,45,2,2,2,0,36
110,私立,一般大學,1003,東吳大學,碩士在職專班,女,642,125,4,0,0,1,48,4,22,0,2,21,1,1,2,0,19
110,私立,一般大學,1003,東吳大學,博士班,女,57,11,0,0,0,0,0,2,0,0,0,6,0,0,0,0,3
110,私立,一般大學,1004,中原大學,學士班(日間),男,7180,273,11,17,61,55,52,0,1,16,22,0,17,7,10,4,0
110,私立,一般大學,1004,中原大學,碩士班(日間),男,937,108,4,8,2,7,30,0,6,6,2,26,8,4,5,0,0
110,私立,一般大學,1004,中原大學,碩士在職專班,男,528,121,4,8,0,0,68,0,24,4,2,9,0,2,0,0,0
110,私立,一般大學,1004,中原大學,博士班,男,244,42,2,1,0,0,23,0,3,1,3,8,0,1,0,0,0
110,私立,一般大學,1004,中原大學,學士班(日間),女,6478,178,12,13,17,41,35,1,7,0,22,0,23,3,4,0,0
110,私立,一般大學,1004,中原大學,碩士班(日間),女,675,107,6,7,1,4,32,1,10,0,2,35,5,2,2,0,0
110,私立,一般大學,1004,中原大學,碩士在職專班,女,378,57,5,3,0,0,27,2,13,0,0,3,1,3,0,0,0
110,私立,一般大學,1004,中原大學,博士班,女,109,29,1,0,0,0,12,0,6,0,1,7,0,2,0,0,0
110,私立,一般大學,1005,淡江大學學校財團法人淡江大學,學士班(日間),男,10875,574,35,11,22,94,12,0,0,3,30,0,16,0,15,266,70
110,私立,一般大學,1005,淡江大學學校財團法人淡江大學,學士班(進修),男,661,111,1,2,3,5,10,0,0,1,2,0,1,2,1,75,8
110,私立,一般大學,1005,淡江大學學校財團法人淡江大學,碩士班(日間),男,843,139,7,4,2,3,11,0,1,1,3,14,0,0,2,73,18
110,私立,一般大學,1005,淡江大學學校財團法人淡江大學,碩士在職專班,男,376,90,1,0,0,0,19,0,6,0,3,6,0,0,1,51,3
110,私立,一般大學,1005,淡江大學學校財團法人淡江大學,博士班,男,257,75,4,0,0,1,22,0,2,1,2,9,0,2,0,29,3
110,私立,一般大學,1005,淡江大學學校財團法人淡江大學,學士班(日間),女,9888,356,52,7,5,47,8,1,0,0,25,0,7,2,15,174,13
110,私立,一般大學,1005,淡江大學學校財團法人淡江大學,學士班(進修),女,485,59,5,1,1,6,5,0,1,0,2,0,0,1,0,34,3
110,私立,一般大學,1005,淡江大學學校財團法人淡江大學,碩士班(日間),女,685,132,8,2,0,5,8,1,4,0,2,23,3,0,2,59,15
110,私立,一般大學,1005,淡江大學學校財團法人淡江大學,碩士在職專班,女,347,77,6,1,0,0,11,3,5,0,2,8,0,1,0,36,4
110,私立,一般大學,1005,淡江大學學校財團法人淡江大學,博士班,女,117,50,6,0,0,0,12,3,2,0,2,3,0,2,0,18,2
110,私立,一般大學,1006,中國文化大學,學士班(日間),男,10196,719,32,40,56,100,68,0,1,7,31,0,12,6,8,251,107
110,私立,一般大學,1006,中國文化大學,學士班(進修),男,667,275,3,3,1,15,62,0,0,22,5,0,2,8,3,150,1
110,私立,一般大學,1006,中國文化大學,碩士班(日間),男,838,208,3,12,1,8,60,0,3,3,1,65,2,4,13,5,28
110,私立,一般大學,1006,中國文化大學,碩士在職專班,男,232,83,4,2,1,0,40,0,2,2,3,10,0,5,0,14,0
110,私立,一般大學,1006,中國文化大學,博士班,男,315,61,3,2,0,0,24,0,0,0,0,22,0,2,1,2,5
110,私立,一般大學,1006,中國文化大學,學士班(日間),女,10007,514,49,31,23,100,40,1,2,0,29,0,14,3,7,135,80
110,私立,一般大學,1006,中國文化大學,學士班(進修),女,930,262,11,5,3,28,54,4,0,0,7,0,4,7,4,134,1
110,私立,一般大學,1006,中國文化大學,碩士班(日間),女,744,148,7,8,2,1,46,0,4,0,4,39,1,0,6,3,27
110,私立,一般大學,1006,中國文化大學,碩士在職專班,女,384,118,7,3,0,1,53,0,5,0,4,15,0,6,2,21,1
110,私立,一般大學,1006,中國文化大學,博士班,女,190,57,4,0,0,1,9,1,4,0,0,25,1,1,0,2,9
110,私立,一般大學,1007,逢甲大學,學士班(日間),男,10121,356,38,7,27,90,43,0,1,10,29,0,2,34,1,9,65
110,私立,一般大學,1007,逢甲大學,學士班(進修),男,526,44,3,0,2,7,14,0,0,1,1,0,0,5,1,3,7
110,私立,一般大學,1007,逢甲大學,碩士班(日間),男,1078,99,6,3,0,1,28,0,4,4,3,10,0,19,0,0,21
110,私立,一般大學,1007,逢甲大學,碩士在職專班,男,669,92,4,0,1,0,58,0,9,0,0,12,0,4,1,0,3
110,私立,一般大學,1007,逢甲大學,博士班,男,300,40,6,0,0,0,12,0,6,1,1,8,0,5,0,0,1
110,私立,一般大學,1007,逢甲大學,學士班(日間),女,7200,138,19,2,8,35,7,1,3,0,18,0,0,20,0,2,23
110,私立,一般大學,1007,逢甲大學,學士班(進修),女,360,42,4,2,0,6,12,4,4,0,0,0,0,6,0,1,3
110,私立,一般大學,1007,逢甲大學,碩士班(日間),女,569,57,4,1,2,3,11,1,4,0,0,13,0,10,2,0,6
110,私立,一般大學,1007,逢甲大學,碩士在職專班,女,453,60,5,2,0,1,25,2,5,0,2,6,0,9,0,0,3
110,私立,一般大學,1007,逢甲大學,博士班,女,117,12,2,0,1,0,4,0,0,0,0,3,0,2,0,0,0
110,私立,一般大學,1008,靜宜大學,學士班(日間),男,4339,209,18,14,46,56,30,0,0,2,8,0,12,4,13,6,0
110,私立,一般大學,1008,靜宜大學,碩士班(日間),男,250,29,2,0,2,1,10,0,0,0,0,11,0,3,0,0,0
110,私立,一般大學,1008,靜宜大學,碩士在職專班,男,157,26,1,0,3,0,16,0,0,0,0,6,0,0,0,0,0
110,私立,一般大學,1008,靜宜大學,博士班,男,22,1,0,0,0,0,0,0,0,0,0,1,0,0,0,0,0
110,私立,一般大學,1008,靜宜大學,學士班(日間),女,6799,222,24,17,43,47,40,4,1,0,14,0,14,4,6,6,2
110,私立,一般大學,1008,靜宜大學,碩士班(日間),女,402,55,5,1,1,0,29,2,1,0,0,9,1,3,3,0,0
110,私立,一般大學,1008,靜宜大學,碩士在職專班,女,176,35,2,1,0,0,12,2,6,0,1,10,0,1,0,0,0
110,私立,一般大學,1008,靜宜大學,博士班,女,28,8,0,0,0,0,1,0,2,0,0,5,0,0,0,0,0
110,私立,一般大學,1009,長庚大學,學士班(日間),男,2553,70,1,3,0,32,2,0,0,2,4,0,0,2,0,1,23
110,私立,一般大學,1009,長庚大學,碩士班(日間),男,510,59,1,3,0,10,10,0,0,0,1,8,0,7,0,0,19
110,私立,一般大學,1009,長庚大學,碩士在職專班,男,94,39,0,1,0,0,29,0,2,0,1,0,0,3,0,0,3
110,私立,一般大學,1009,長庚大學,博士班,男,292,47,1,2,0,1,16,0,0,0,4,8,0,6,0,0,9
110,私立,一般大學,1009,長庚大學,學士班(日間),女,2683,90,4,1,0,47,3,1,2,0,5,0,0,2,0,0,25
110,私立,一般大學,1009,長庚大學,碩士班(日間),女,552,92,2,6,0,6,19,3,4,0,2,12,0,17,0,0,21
110,私立,一般大學,1009,長庚大學,碩士在職專班,女,95,16,1,1,0,1,8,1,0,0,0,0,0,4,0,0,0
110,私立,一般大學,1009,長庚大學,博士班,女,151,20,1,0,0,1,8,0,0,0,0,5,0,2,0,0,3
110,私立,一般大學,1010,元智大學,學士班(日間),男,4012,130,5,1,18,36,10,0,0,0,3,0,0,2,0,0,55
110,私立,一般大學,1010,元智大學,碩士班(日間),男,476,49,4,1,0,2,10,0,0,0,0,12,0,1,0,0,19
110,私立,一般大學,1010,元智大學,碩士在職專班,男,390,69,1,1,0,1,51,0,0,0,0,11,0,1,0,0,3
110,私立,一般大學,1010,元智大學,博士班,男,196,33,0,0,0,1,13,0,2,0,0,9,0,4,0,0,4
110,私立,一般大學,1010,元智大學,學士班(日間),女,3153,83,9,1,6,18,8,0,0,0,6,0,0,0,0,0,35
110,私立,一般大學,1010,元智大學,碩士班(日間),女,294,25,1,0,0,1,5,0,0,0,0,6,0,0,0,0,12
110,私立,一般大學,1010,元智大學,碩士在職專班,女,213,29,0,0,0,0,19,1,0,0,1,4,0,1,0,0,3
110,私立,一般大學,1010,元智大學,博士班,女,65,9,0,0,0,0,4,0,0,0,0,2,0,1,0,0,2
110,私立,一般大學,1011,中華大學學校財團法人中華大學,學士班(日間),男,2725,134,12,12,19,33,21,0,0,13,5,0,9,4,1,5,0
110,私立,一般大學,1011,中華大學學校財團法人中華大學,學士班(進修),男,288,27,2,0,2,3,13,0,0,3,0,0,1,0,1,2,0
110,私立,一般大學,1011,中華大學學校財團法人中華大學,碩士班(日間),男,183,47,0,3,0,5,22,0,1,4,0,7,1,1,0,3,0
110,私立,一般大學,1011,中華大學學校財團法人中華大學,碩士在職專班,男,89,30,2,0,0,0,22,0,0,0,0,6,0,0,0,0,0
110,私立,一般大學,1011,中華大學學校財團法人中華大學,博士班,男,55,10,0,0,0,0,6,0,0,0,0,4,0,0,0,0,0
110,私立,一般大學,1011,中華大學學校財團法人中華大學,學士班(日間),女,1388,62,8,4,8,23,7,0,0,0,2,0,7,0,2,1,0
110,私立,一般大學,1011,中華大學學校財團法人中華大學,學士班(進修),女,128,12,1,1,0,6,3,0,0,0,0,0,0,1,0,0,0
110,私立,一般大學,1011,中華大學學校財團法人中華大學,碩士班(日間),女,102,27,1,1,0,2,16,0,1,0,1,5,0,0,0,0,0
110,私立,一般大學,1011,中華大學學校財團法人中華大學,碩士在職專班,女,66,20,1,0,0,0,13,0,1,0,1,3,0,1,0,0,0
110,私立,一般大學,1011,中華大學學校財團法人中華大學,博士班,女,21,3,0,0,0,0,1,0,1,0,0,1,0,0,0,0,0
110,私立,一般大學,1012,大葉大學,學士班(日間),男,3018,243,27,22,14,40,88,0,1,22,4,0,7,4,6,3,5
110,私立,一般大學,1012,大葉大學,學士班(進修),男,215,32,0,2,1,5,15,0,0,4,1,0,2,2,0,0,0
110,私立,一般大學,1012,大葉大學,碩士班(日間),男,236,76,2,0,0,1,47,0,1,3,3,13,0,3,2,0,1
110,私立,一般大學,1012,大葉大學,碩士在職專班,男,82,37,1,1,0,0,27,0,2,0,0,5,0,1,0,0,0
110,私立,一般大學,1012,大葉大學,博士班,男,83,53,2,2,0,1,27,0,4,1,0,14,0,0,0,1,1
110,私立,一般大學,1012,大葉大學,學士班(日間),女,2620,131,39,24,2,27,16,2,1,0,2,0,6,5,3,1,3
110,私立,一般大學,1012,大葉大學,學士班(進修),女,199,20,2,1,0,2,13,0,1,0,0,0,0,1,0,0,0
110,私立,一般大學,1012,大葉大學,碩士班(日間),女,156,58,7,7,0,0,29,1,3,0,1,7,0,1,2,0,0
110,私立,一般大學,1012,大葉大學,碩士在職專班,女,134,49,0,0,0,0,34,0,1,0,0,11,0,3,0,0,0
110,私立,一般大學,1012,大葉大學,博士班,女,32,19,3,0,0,0,11,0,0,0,0,3,0,0,0,0,2
110,私立,一般大學,1013,華梵大學,學士班(日間),男,347,30,3,0,3,5,10,0,0,2,2,0,0,4,0,0,1
110,私立,一般大學,1013,華梵大學,碩士班(日間),男,74,17,1,0,2,1,4,0,0,1,0,6,1,1,0,0,0
110,私立,一般大學,1013,華梵大學,碩士在職專班,男,79,16,2,1,0,1,9,0,0,0,1,2,0,0,0,0,0
110,私立,一般大學,1013,華梵大學,博士班,男,31,8,1,0,0,0,0,0,1,0,0,5,0,1,0,0,0
110,私立,一般大學,1013,華梵大學,學士班(日間),女,321,33,10,0,0,3,8,0,0,0,0,0,1,9,0,0,2
110,私立,一般大學,1013,華梵大學,碩士班(日間),女,93,27,3,0,0,0,4,0,1,0,0,16,1,1,0,0,1
110,私立,一般大學,1013,華梵大學,碩士在職專班,女,111,27,5,0,1,0,8,0,0,0,1,6,0,5,0,0,1
110,私立,一般大學,1013,華梵大學,博士班,女,34,4,1,0,0,0,0,0,0,0,0,3,0,0,0,0,0
110,私立,一般大學,1014,義守大學,學士班(日間),男,6091,157,13,6,8,64,39,0,0,2,9,0,2,5,4,2,3
110,私立,一般大學,1014,義守大學,學士班(進修),男,665,39,0,1,0,3,22,0,0,4,0,0,0,1,2,3,3
110,私立,一般大學,1014,義守大學,碩士班(日間),男,200,6,0,0,0,0,5,0,1,0,0,0,0,0,0,0,0
110,私立,一般大學,1014,義守大學,碩士在職專班,男,221,24,1,0,0,0,14,0,2,0,0,1,0,5,0,0,1
110,私立,一般大學,1014,義守大學,博士班,男,107,17,0,0,0,0,12,0,0,0,0,5,0,0,0,0,0
110,私立,一般大學,1014,義守大學,學士班(日間),女,5970,105,7,16,5,44,14,2,1,0,6,0,0,2,0,3,5
110,私立,一般大學,1014,義守大學,學士班(進修),女,376,22,2,2,0,1,11,1,0,0,0,0,2,0,2,0,1
110,私立,一般大學,1014,義守大學,碩士班(日間),女,160,10,0,0,1,1,5,0,0,0,0,1,0,1,0,0,1
110,私立,一般大學,1014,義守大學,碩士在職專班,女,121,9,0,0,0,0,3,1,3,0,0,0,0,1,0,0,1
110,私立,一般大學,1014,義守大學,博士班,女,48,9,0,0,0,0,7,0,1,0,0,0,0,1,0,0,0
110,私立,一般大學,1015,世新大學,學士班(日間),男,3421,159,20,8,11,58,24,0,0,5,13,0,7,1,4,3,5
110,私立,一般大學,1015,世新大學,學士班(進修),男,218,17,0,0,0,2,6,0,0,0,1,0,0,1,0,0,7
110,私立,一般大學,1015,世新大學,碩士班(日間),男,273,78,1,3,0,2,24,0,0,6,0,32,0,2,5,0,3
110,私立,一般大學,1015,世新大學,碩士在職專班,男,337,104,3,1,0,0,49,0,6,0,1,33,0,1,0,0,10
110,私立,一般大學,1015,世新大學,博士班,男,45,15,0,0,0,0,7,0,1,0,0,7,0,0,0,0,0
110,私立,一般大學,1015,世新大學,學士班(日間),女,6096,160,33,11,6,59,14,2,0,0,18,0,6,3,2,0,6
110,私立,一般大學,1015,世新大學,學士班(進修),女,374,13,1,0,0,2,4,0,0,0,0,0,0,0,0,0,6
110,私立,一般大學,1015,世新大學,碩士班(日間),女,309,80,6,7,0,0,20,1,3,0,2,33,0,0,1,0,7
110,私立,一般大學,1015,世新大學,碩士在職專班,女,319,83,4,0,0,0,45,1,11,0,1,13,0,1,0,0,7
110,私立,一般大學,1015,世新大學,博士班,女,42,21,1,1,0,0,13,0,0,0,0,5,0,1,0,0,0
110,私立,一般大學,1016,銘傳大學,學士班(日間),男,6893,362,27,9,71,18,77,0,1,11,17,0,9,2,1,2,117
110,私立,一般大學,1016,銘傳大學,碩士班(日間),男,329,54,6,0,0,0,16,0,0,4,2,15,0,0,0,0,11
110,私立,一般大學,1016,銘傳大學,碩士在職專班,男,343,61,2,0,0,0,34,0,1,1,0,16,0,1,0,0,6
110,私立,一般大學,1016,銘傳大學,博士班,男,33,10,1,0,0,0,6,0,0,0,0,2,0,1,0,0,0
110,私立,一般大學,1016,銘傳大學,學士班(日間),女,10462,350,48,9,27,34,51,2,0,0,28,0,13,4,1,7,126
110,私立,一般大學,1016,銘傳大學,碩士班(日間),女,436,88,6,0,1,1,37,1,5,0,2,22,0,1,1,0,11
110,私立,一般大學,1016,銘傳大學,碩士在職專班,女,438,47,4,0,0,0,18,1,5,0,0,9,0,2,0,0,8
110,私立,一般大學,1016,銘傳大學,博士班,女,36,11,1,0,0,0,4,1,0,0,1,3,0,0,0,0,1
110,私立,一般大學,1017,實踐大學,學士班(日間),男,3452,148,18,4,19,31,27,0,0,8,10,0,5,3,5,4,14
110,私立,一般大學,1017,實踐大學,學士班(進修),男,567,43,3,5,1,7,17,0,0,1,1,0,0,1,1,1,5
110,私立,一般大學,1017,實踐大學,碩士班(日間),男,170,45,2,1,2,0,5,0,1,1,1,25,0,2,1,0,4
110,私立,一般大學,1017,實踐大學,碩士在職專班,男,42,11,0,0,0,0,5,0,0,1,0,5,0,0,0,0,0
110,私立,一般大學,1017,實踐大學,博士班,男,13,1,0,0,0,0,0,0,0,0,0,1,0,0,0,0,0
110,私立,一般大學,1017,實踐大學,學士班(日間),女,7130,254,45,13,20,64,30,1,2,0,27,0,11,6,11,8,16
110,私立,一般大學,1017,實踐大學,學士班(進修),女,1213,78,19,5,2,4,22,2,5,0,3,0,0,8,3,3,2
110,私立,一般大學,1017,實踐大學,碩士班(日間),女,213,43,2,2,1,0,9,0,2,0,2,22,0,1,0,0,2
110,私立,一般大學,1017,實踐大學,碩士在職專班,女,75,17,0,0,1,0,5,1,2,0,0,8,0,0,0,0,0
110,私立,一般大學,1017,實踐大學,博士班,女,19,1,0,0,0,0,0,0,0,0,0,0,1,0,0,0,0
110,私立,技專校院,1018,朝陽科技大學,學士班(日間),男,4989,191,16,15,22,54,33,0,2,23,4,0,4,6,2,0,10
110,私立,技專校院,1018,朝陽科技大學,學士班(進修),男,1051,91,6,11,0,9,38,0,0,14,1,0,1,4,1,4,2
110,私立,技專校院,1018,朝陽科技大學,碩士班(日間),男,321,49,3,3,2,3,18,0,0,4,0,11,0,1,0,0,4
110,私立,技專校院,1018,朝陽科技大學,碩士在職專班,男,152,37,2,1,1,0,23,0,0,0,0,8,0,2,0,0,0
110,私立,技專校院,1018,朝陽科技大學,博士班,男,72,8,1,0,0,0,1,0,0,0,0,3,0,1,0,0,2
110,私立,技專校院,1018,朝陽科技大學,學士班(日間),女,6533,191,18,23,18,54,34,2,12,0,6,0,4,8,4,0,8
110,私立,技專校院,1018,朝陽科技大學,學士班(進修),女,1020,63,5,13,1,11,20,3,2,0,0,0,1,4,0,0,3
110,私立,技專校院,1018,朝陽科技大學,碩士班(日間),女,292,52,2,2,1,0,18,2,3,0,1,19,0,2,0,0,2
110,私立,技專校院,1018,朝陽科技大學,碩士在職專班,女,187,42,0,0,0,0,20,0,7,0,1,7,1,5,1,0,0
110,私立,技專校院,1018,朝陽科技大學,博士班,女,38,3,0,0,0,0,2,1,0,0,0,0,0,0,0,0,0
110,私立,一般大學,1019,高雄醫學大學,學士班(日間),男,2199,86,2,2,3,54,5,0,0,0,7,0,3,4,1,0,5
110,私立,一般大學,1019,高雄醫學大學,碩士班(日間),男,233,35,0,2,0,2,14,0,0,0,0,9,3,2,1,0,2
110,私立,一般大學,1019,高雄醫學大學,碩士在職專班,男,87,27,0,3,0,0,16,0,0,0,0,6,0,1,1,0,0
110,私立,一般大學,1019,高雄醫學大學,博士班,男,151,39,1,1,0,0,14,0,6,0,0,16,0,0,0,0,1
110,私立,一般大學,1019,高雄醫學大學,學士班(日間),女,3048,119,6,1,3,69,3,1,0,0,11,0,9,3,4,1,8
110,私立,一般大學,1019,高雄醫學大學,碩士班(日間),女,521,87,0,1,0,4,35,2,8,0,1,32,1,2,0,0,1
110,私立,一般大學,1019,高雄醫學大學,碩士在職專班,女,121,42,1,2,0,0,15,1,8,0,0,12,0,2,1,0,0
110,私立,一般大學,1019,高雄醫學大學,博士班,女,168,35,3,0,0,1,6,3,1,0,0,17,0,4,0,0,0
110,私立,一般大學,1020,南華大學,學士班(日間),男,1986,133,11,18,18,34,25,0,0,8,1,1,6,6,1,0,4
110,私立,一般大學,1020,南華大學,學士班(進修),男,182,20,1,0,2,4,10,0,0,1,0,0,1,0,1,0,0
110,私立,一般大學,1020,南華大學,碩士班(日間),男,219,77,2,5,0,2,32,0,2,3,0,21,1,3,3,0,3
110,私立,一般大學,1020,南華大學,碩士在職專班,男,140,52,2,2,0,4,19,0,4,0,1,17,0,1,2,0,0
110,私立,一般大學,1020,南華大學,博士班,男,33,3,0,0,0,0,1,0,0,0,1,1,0,0,0,0,0
110,私立,一般大學,1020,南華大學,學士班(日間),女,2213,110,15,12,11,29,13,1,1,3,5,0,6,7,1,0,6
110,私立,一般大學,1020,南華大學,學士班(進修),女,115,13,1,3,1,4,4,0,0,0,0,0,0,0,0,0,0
110,私立,一般大學,1020,南華大學,碩士班(日間),女,333,115,5,5,1,10,32,5,9,0,0,35,1,9,2,0,1
110,私立,一般大學,1020,南華大學,碩士在職專班,女,230,80,1,3,2,1,29,1,9,0,1,30,1,2,0,0,0
110,私立,一般大學,1020,南華大學,博士班,女,21,5,0,0,0,0,1,0,2,0,0,2,0,0,0,0,0
110,私立,一般大學,1021,真理大學,學士班(日間),男,2404,117,4,41,3,29,16,0,0,13,4,0,3,2,2,0,0
110,私立,一般大學,1021,真理大學,學士班(進修),男,8,0,0,0,0,0,0,0,0,0,0,0,0,0,0,0,0
110,私立,一般大學,1021,真理大學,碩士班(日間),男,69,18,2,1,0,1,2,0,0,1,1,9,0,1,0,0,0
110,私立,一般大學,1021,真理大學,碩士在職專班,男,8,1,0,1,0,0,0,0,0,0,0,0,0,0,0,0,0
110,私立,一般大學,1021,真理大學,學士班(日間),女,2457,74,12,24,5,12,7,2,0,0,5,0,5,0,1,0,1
110,私立,一般大學,1021,真理大學,學士班(進修),女,3,0,0,0,0,0,0,0,0,0,0,0,0,0,0,0,0
110,私立,一般大學,1021,真理大學,碩士班(日間),女,49,2,0,1,0,0,0,0,0,0,0,1,0,0,0,0,0
110,私立,一般大學,1021,真理大學,碩士在職專班,女,12,1,0,0,0,0,1,0,0,0,0,0,0,0,0,0,0
110,私立,一般大學,1022,大同大學,學士班(日間),男,2176,74,9,2,4,25,11,0,0,4,9,0,6,1,2,0,1
110,私立,一般大學,1022,大同大學,碩士班(日間),男,149,15,1,1,1,0,3,0,0,1,0,5,0,2,0,0,1
110,私立,一般大學,1022,大同大學,碩士在職專班,男,114,26,0,0,0,0,18,0,1,0,0,4,0,1,1,0,1
110,私立,一般大學,1022,大同大學,博士班,男,61,18,1,0,0,0,8,0,0,1,0,7,0,0,0,0,1
110,私立,一般大學,1022,大同大學,學士班(日間),女,1349,31,3,2,1,14,0,0,0,0,3,0,3,0,3,0,2
110,私立,一般大學,1022,大同大學,碩士班(日間),女,72,5,0,0,0,0,1,0,0,0,0,2,0,0,0,0,2
110,私立,一般大學,1022,大同大學,碩士在職專班,女,26,9,1,0,0,0,6,1,1,0,0,0,0,0,0,0,0
110,私立,一般大學,1022,大同大學,博士班,女,33,14,1,1,0,0,5,0,2,0,0,4,0,0,0,0,1
110,私立,技專校院,1023,南臺學校財團法人南臺科技大學,五專,男,285,11,1,0,0,0,4,0,0,0,0,0,2,0,2,0,2
110,私立,技專校院,1023,南臺學校財團法人南臺科技大學,學士班(日間),男,7083,513,34,50,15,102,169,0,1,67,9,0,4,2,24,0,36
110,私立,技專校院,1023,南臺學校財團法人南臺科技大學,學士班(進修),男,2124,454,20,42,4,25,249,0,0,72,2,0,2,4,12,0,22
110,私立,技專校院,1023,南臺學校財團法人南臺科技大學,碩士班(日間),男,428,123,10,15,0,5,48,0,0,12,2,10,1,0,2,0,18
110,私立,技專校院,1023,南臺學校財團法人南臺科技大學,碩士在職專班,男,153,67,2,3,0,0,41,0,1,0,1,6,0,2,2,0,9
110,私立,技專校院,1023,南臺學校財團法人南臺科技大學,博士班,男,63,15,3,1,0,1,8,0,0,0,0,2,0,0,0,0,0
110,私立,技專校院,1023,南臺學校財團法人南臺科技大學,五專,女,31,2,0,0,0,1,1,0,0,0,0,0,0,0,0,0,0
110,私立,技專校院,1023,南臺學校財團法人南臺科技大學,學士班(日間),女,5320,301,35,42,7,90,67,3,3,1,8,0,5,6,8,0,26
110,私立,技專校院,1023,南臺學校財團法人南臺科技大學,學士班(進修),女,1222,294,23,44,3,28,142,13,5,4,0,0,3,3,5,0,21
110,私立,技專校院,1023,南臺學校財團法人南臺科技大學,碩士班(日間),女,325,120,8,23,0,1,42,3,2,0,3,7,1,7,5,0,18
110,私立,技專校院,1023,南臺學校財團法人南臺科技大學,碩士在職專班,女,158,46,5,4,0,0,22,3,1,0,0,6,0,0,1,0,4
110,私立,技專校院,1023,南臺學校財團法人南臺科技大學,博士班,女,30,5,1,0,0,0,3,0,1,0,0,0,0,0,0,0,0
110,私立,技專校院,1024,崑山科技大學,二專(進修),男,7,9,0,0,0,0,1,0,0,0,0,0,0,0,0,8,0
110,私立,技專校院,1024,崑山科技大學,學士班(日間),男,4159,642,20,29,52,95,174,0,0,71,11,0,2,10,0,178,0
110,私立,技專校院,1024,崑山科技大學,學士班(進修),男,1788,365,3,6,2,10,46,0,0,14,0,0,3,0,0,281,0
110,私立,技專校院,1024,崑山科技大學,碩士班(日間),男,179,67,2,2,5,0,30,0,0,6,0,4,0,1,0,17,0
110,私立,技專校院,1024,崑山科技大學,碩士在職專班,男,94,23,0,0,0,0,4,0,1,0,0,0,0,0,0,18,0
110,私立,技專校院,1024,崑山科技大學,博士班,男,26,7,1,0,0,0,4,0,0,0,1,0,0,0,0,1,0
110,私立,技專校院,1024,崑山科技大學,二專(進修),女,6,0,0,0,0,0,0,0,0,0,0,0,0,0,0,0,0
110,私立,技專校院,1024,崑山科技大學,學士班(日間),女,2646,247,18,17,2,47,64,2,0,2,2,0,2,11,0,80,0
110,私立,技專校院,1024,崑山科技大學,學士班(進修),女,887,191,7,5,2,7,20,0,2,0,0,0,2,3,0,143,0
110,私立,技專校院,1024,崑山科技大學,碩士班(日間),女,120,29,1,0,1,0,13,1,0,0,0,2,0,1,0,10,0
110,私立,技專校院,1024,崑山科技大學,碩士在職專班,女,52,6,0,0,0,0,1,0,0,0,0,0,0,0,0,5,0
110,私立,技專校院,1024,崑山科技大學,博士班,女,6,0,0,0,0,0,0,0,0,0,0,0,0,0,0,0,0
110,私立,技專校院,1025,嘉藥學校財團法人嘉南藥理大學,學士班(日間),男,3819,247,12,20,2,22,20,0,0,21,2,0,4,1,1,68,74
110,私立,技專校院,1025,嘉藥學校財團法人嘉南藥理大學,學士班(進修),男,818,202,1,7,2,2,55,0,2,20,1,0,0,1,0,57,54
110,私立,技專校院,1025,嘉藥學校財團法人嘉南藥理大學,碩士班(日間),男,82,27,0,1,0,0,5,0,0,2,0,0,1,0,1,2,15
110,私立,技專校院,1025,嘉藥學校財團法人嘉南藥理大學,碩士在職專班,男,85,28,1,0,0,0,9,0,0,0,0,0,0,0,0,8,10
110,私立,技專校院,1025,嘉藥學校財團法人嘉南藥理大學,學士班(日間),女,5285,278,30,32,6,32,25,2,0,0,0,0,9,4,1,46,91
110,私立,技專校院,1025,嘉藥學校財團法人嘉南藥理大學,學士班(進修),女,1164,145,4,11,0,6,42,3,0,0,0,0,0,4,0,30,45
110,私立,技專校院,1025,嘉藥學校財團法人嘉南藥理大學,碩士班(日間),女,92,18,0,0,0,1,4,0,0,0,0,0,0,0,0,4,9
110,私立,技專校院,1025,嘉藥學校財團法人嘉南藥理大學,碩士在職專班,女,113,36,4,1,0,0,12,2,0,0,0,9,0,1,0,0,7
110,私立,技專校院,1026,樹德科技大學,二專(進修),男,204,3,0,1,1,0,0,0,0,0,1,0,0,0,0,0,0
110,私立,技專校院,1026,樹德科技大學,學士班(日間),男,3226,144,12,37,15,18,32,0,1,10,3,0,3,2,0,8,3
110,私立,技專校院,1026,樹德科技大學,學士班(進修),男,868,43,3,9,3,5,12,0,1,3,0,0,2,0,0,5,0
110,私立,技專校院,1026,樹德科技大學,碩士班(日間),男,89,9,0,1,3,2,3,0,0,0,0,0,0,0,0,0,0
110,私立,技專校院,1026,樹德科技大學,碩士在職專班,男,170,18,0,2,1,0,6,0,2,0,0,5,0,1,0,1,0
110,私立,技專校院,1026,樹德科技大學,博士班,男,13,2,0,0,0,0,1,0,0,0,0,1,0,0,0,0,0
110,私立,技專校院,1026,樹德科技大學,二專(進修),女,191,14,0,3,0,2,6,0,0,0,0,0,0,0,0,3,0
110,私立,技專校院,1026,樹德科技大學,學士班(日間),女,4159,128,19,37,4,21,20,1,3,1,2,1,1,5,0,10,3
110,私立,技專校院,1026,樹德科技大學,學士班(進修),女,784,32,5,8,1,1,14,1,0,0,0,0,0,0,0,2,0
110,私立,技專校院,1026,樹德科技大學,碩士班(日間),女,125,18,3,5,0,0,1,0,1,0,0,4,0,0,0,3,1
110,私立,技專校院,1026,樹德科技大學,碩士在職專班,女,195,34,3,2,1,0,6,0,4,0,0,11,0,4,0,3,0
110,私立,技專校院,1026,樹德科技大學,博士班,女,19,6,1,0,0,0,2,0,1,0,0,2,0,0,0,0,0
110,私立,一般大學,1027,慈濟學校財團法人慈濟大學,學士班(日間),男,1117,35,3,0,6,15,0,0,0,1,1,0,0,1,1,1,6
110,私立,一般大學,1027,慈濟學校財團法人慈濟大學,碩士班(日間),男,111,30,0,1,0,0,6,0,1,0,1,11,2,0,0,0,8
110,私立,一般大學,1027,慈濟學校財團法人慈濟大學,碩士在職專班,男,4,1,0,0,0,0,0,0,0,0,0,0,0,0,0,0,1
110,私立,一般大學,1027,慈濟學校財團法人慈濟大學,博士班,男,53,16,1,0,0,0,2,0,0,1,0,5,1,2,0,0,4
110,私立,一般大學,1027,慈濟學校財團法人慈濟大學,學士班(日間),女,1727,63,8,2,0,17,1,1,1,0,3,0,3,1,0,0,26
110,私立,一般大學,1027,慈濟學校財團法人慈濟大學,碩士班(日間),女,263,56,1,2,0,1,5,1,3,0,0,26,0,2,0,0,15
110,私立,一般大學,1027,慈濟學校財團法人慈濟大學,碩士在職專班,女,15,4,0,0,0,0,1,0,1,0,0,1,0,0,0,0,1
110,私立,一般大學,1027,慈濟學校財團法人慈濟大學,博士班,女,58,7,0,0,0,0,0,0,0,0,0,5,0,0,0,0,2
110,私立,一般大學,1028,臺北醫學大學,學士班(日間),男,1867,111,4,1,2,79,9,0,0,0,3,0,1,4,3,0,5
110,私立,一般大學,1028,臺北醫學大學,碩士班(日間),男,224,36,2,3,0,0,15,0,1,0,1,2,1,6,0,0,5
110,私立,一般大學,1028,臺北醫學大學,碩士在職專班,男,87,17,0,1,0,0,6,0,1,0,0,7,1,1,0,0,0
110,私立,一般大學,1028,臺北醫學大學,博士班,男,317,25,1,2,0,1,7,0,2,0,1,7,1,2,0,0,1
110,私立,一般大學,1028,臺北醫學大學,學士班(日間),女,2684,128,5,1,0,90,3,1,3,0,9,0,6,8,0,0,2
110,私立,一般大學,1028,臺北醫學大學,碩士班(日間),女,467,58,1,1,0,2,9,1,6,0,2,10,1,15,2,0,8
110,私立,一般大學,1028,臺北醫學大學,碩士在職專班,女,227,56,4,1,0,0,16,2,3,0,0,20,0,8,0,0,2
110,私立,一般大學,1028,臺北醫學大學,博士班,女,264,40,4,0,0,0,13,0,3,0,0,13,0,6,0,0,1
110,私立,一般大學,1029,中山醫學大學,學士班(日間),男,2158,106,3,1,5,63,8,0,0,1,12,0,8,1,3,0,1
110,私立,一般大學,1029,中山醫學大學,學士班(進修),男,39,4,0,0,0,0,4,0,0,0,0,0,0,0,0,0,0
110,私立,一般大學,1029,中山醫學大學,碩士班(日間),男,175,25,2,0,0,2,10,0,0,0,0,5,1,2,0,0,3
110,私立,一般大學,1029,中山醫學大學,碩士在職專班,男,29,7,0,0,0,1,6,0,0,0,0,0,0,0,0,0,0
110,私立,一般大學,1029,中山醫學大學,博士班,男,109,18,6,0,0,0,4,0,0,0,0,7,1,0,0,0,0
110,私立,一般大學,1029,中山醫學大學,學士班(日間),女,3897,151,11,4,1,98,4,1,0,0,12,0,9,5,3,0,3
110,私立,一般大學,1029,中山醫學大學,學士班(進修),女,83,3,0,1,0,0,0,0,1,0,0,0,0,0,0,0,1
110,私立,一般大學,1029,中山醫學大學,碩士班(日間),女,357,72,0,4,1,1,18,1,8,0,2,30,3,2,1,0,1
110,私立,一般大學,1029,中山醫學大學,碩士在職專班,女,136,46,1,0,0,0,19,0,3,0,0,20,0,3,0,0,0
110,私立,一般大學,1029,中山醫學大學,博士班,女,69,11,0,0,0,0,6,0,0,0,0,5,0,0,0,0,0
110,私立,技專校院,1030,龍華科技大學,五專,男,604,24,1,1,4,8,3,0,0,1,0,0,0,1,0,0,5
110,私立,技專校院,1030,龍華科技大學,學士班(日間),男,5146,190,6,20,20,44,21,0,0,17,2,0,6,5,0,0,49
110,私立,技專校院,1030,龍華科技大學,學士班(進修),男,2512,139,6,13,9,16,68,0,0,11,2,0,0,2,1,2,9
110,私立,技專校院,1030,龍華科技大學,碩士班(日間),男,219,35,0,6,5,3,15,0,0,1,0,3,0,1,0,0,1
110,私立,技專校院,1030,龍華科技大學,碩士在職專班,男,89,4,1,0,0,0,3,0,0,0,0,0,0,0,0,0,0
110,私立,技專校院,1030,龍華科技大學,五專,女,75,4,2,0,0,2,0,0,0,0,0,0,0,0,0,0,0
110,私立,技專校院,1030,龍華科技大學,學士班(日間),女,2512,64,5,11,6,12,9,3,0,0,0,0,4,0,0,0,14
110,私立,技專校院,1030,龍華科技大學,學士班(進修),女,722,35,2,3,1,7,16,1,0,0,0,0,0,1,0,2,2
110,私立,技專校院,1030,龍華科技大學,碩士班(日間),女,103,10,1,0,3,2,2,1,0,0,0,0,0,0,0,0,1
110,私立,技專校院,1030,龍華科技大學,碩士在職專班,女,22,1,0,0,0,0,1,0,0,0,0,0,0,0,0,0,0
110,私立,技專校院,1031,輔英科技大學,五專,男,308,19,0,0,3,14,0,0,0,1,0,0,0,0,1,0,0
110,私立,技專校院,1031,輔英科技大學,學士班(日間),男,1643,144,7,22,11,44,31,0,0,18,2,0,1,2,1,2,3
110,私立,技專校院,1031,輔英科技大學,學士班(進修),男,613,63,2,6,1,5,44,0,0,0,0,0,0,1,2,2,0
110,私立,技專校院,1031,輔英科技大學,碩士班(日間),男,42,20,1,4,0,0,10,0,0,2,0,1,0,1,1,0,0
110,私立,技專校院,1031,輔英科技大學,碩士在職專班,男,3,0,0,0,0,0,0,0,0,0,0,0,0,0,0,0,0
110,私立,技專校院,1031,輔英科技大學,五專,女,2374,69,12,3,6,44,0,0,0,0,0,0,1,0,3,0,0
110,私立,技專校院,1031,輔英科技大學,學士班(日間),女,3604,196,22,41,11,50,17,6,2,0,2,0,1,6,10,2,26
110,私立,技專校院,1031,輔英科技大學,學士班(進修),女,921,86,9,6,0,25,31,3,2,1,1,0,0,1,6,1,0
110,私立,技專校院,1031,輔英科技大學,碩士班(日間),女,128,39,3,0,1,8,9,0,3,0,0,11,0,2,0,0,2
110,私立,技專校院,1031,輔英科技大學,碩士在職專班,女,92,22,4,0,1,1,7,0,0,0,0,9,0,0,0,0,0
110,私立,技專校院,1032,明新學校財團法人明新科技大學,二專(日間),男,21,1,0,0,0,0,0,0,0,0,0,0,0,0,0,1,0
110,私立,技專校院,1032,明新學校財團法人明新科技大學,二專(進修),男,138,21,0,0,0,2,4,0,0,3,0,0,0,1,0,11,0
110,私立,技專校院,1032,明新學校財團法人明新科技大學,學士班(日間),男,4296,298,7,10,27,36,46,0,0,44,1,0,11,9,7,83,17
110,私立,技專校院,1032,明新學校財團法人明新科技大學,學士班(進修),男,2107,142,3,5,0,3,63,0,0,16,0,0,1,1,0,48,2
110,私立,技專校院,1032,明新學校財團法人明新科技大學,碩士班(日間),男,158,26,1,1,1,0,5,0,0,1,0,11,0,3,0,3,0
110,私立,技專校院,1032,明新學校財團法人明新科技大學,碩士在職專班,男,195,44,0,0,0,0,20,0,0,1,0,0,0,5,0,18,0
110,私立,技專校院,1032,明新學校財團法人明新科技大學,二專(進修),女,85,11,2,0,0,0,2,0,0,1,0,0,0,0,0,6,0
110,私立,技專校院,1032,明新學校財團法人明新科技大學,學士班(日間),女,2836,146,11,14,6,26,25,8,1,1,2,0,4,8,1,27,12
110,私立,技專校院,1032,明新學校財團法人明新科技大學,學士班(進修),女,1345,82,2,3,1,5,40,3,2,0,1,0,0,2,0,22,1
110,私立,技專校院,1032,明新學校財團法人明新科技大學,碩士班(日間),女,111,17,0,2,0,0,4,1,0,0,0,5,0,1,1,2,1
110,私立,技專校院,1032,明新學校財團法人明新科技大學,碩士在職專班,女,85,20,2,0,0,0,12,1,0,0,0,0,0,3,0,2,0
110,私立,一般大學,1033,長榮大學,學士班(日間),男,3203,128,5,9,0,31,24,0,0,6,3,1,29,6,7,7,0
110,私立,一般大學,1033,長榮大學,學士班(進修),男,217,10,1,1,0,1,5,0,0,2,0,0,0,0,0,0,0
110,私立,一般大學,1033,長榮大學,碩士班(日間),男,96,22,0,0,0,0,6,0,0,3,1,7,5,0,0,0,0
110,私立,一般大學,1033,長榮大學,碩士在職專班,男,79,6,1,0,0,0,5,0,0,0,0,0,0,0,0,0,0
110,私立,一般大學,1033,長榮大學,博士班,男,35,4,0,0,0,0,2,0,1,1,0,0,0,0,0,0,0
110,私立,一般大學,1033,長榮大學,學士班(日間),女,3903,115,14,8,0,35,13,3,0,0,4,0,24,4,7,3,0
110,私立,一般大學,1033,長榮大學,學士班(進修),女,95,7,2,1,0,2,0,0,0,0,0,0,1,0,1,0,0
110,私立,一般大學,1033,長榮大學,碩士班(日間),女,172,23,3,2,0,1,4,0,4,0,0,7,0,0,0,2,0
110,私立,一般大學,1033,長榮大學,碩士在職專班,女,36,6,0,1,0,0,3,0,2,0,0,0,0,0,0,0,0
110,私立,一般大學,1033,長榮大學,博士班,女,13,3,0,0,0,0,1,1,0,0,0,0,0,1,0,0,0
110,私立,技專校院,1034,弘光科技大學,二專(進修),男,20,6,0,1,0,0,3,0,0,1,0,0,0,0,0,1,0
110,私立,技專校院,1034,弘光科技大學,五專,男,32,0,0,0,0,0,0,0,0,0,0,0,0,0,0,0,0
110,私立,技專校院,1034,弘光科技大學,學士班(日間),男,2667,142,7,16,7,47,37,0,0,7,3,0,6,1,3,2,6
110,私立,技專校院,1034,弘光科技大學,學士班(進修),男,1570,156,8,18,4,21,73,0,1,16,1,0,2,2,0,6,4
110,私立,技專校院,1034,弘光科技大學,碩士班(日間),男,58,12,0,0,0,2,6,0,0,0,0,2,0,1,0,0,1
110,私立,技專校院,1034,弘光科技大學,碩士在職專班,男,24,10,2,1,0,0,6,0,0,1,0,0,0,0,0,0,0
110,私立,技專校院,1034,弘光科技大學,博士班,男,2,0,0,0,0,0,0,0,0,0,0,0,0,0,0,0,0
110,私立,技專校院,1034,弘光科技大學,二專(進修),女,113,24,3,5,0,1,12,0,1,0,0,0,0,0,0,1,1
110,私立,技專校院,1034,弘光科技大學,五專,女,228,4,0,0,0,2,0,0,0,0,1,0,1,0,0,0,0
110,私立,技專校院,1034,弘光科技大學,學士班(日間),女,5283,221,32,33,7,59,39,6,9,0,3,0,11,7,3,3,9
110,私立,技專校院,1034,弘光科技大學,學士班(進修),女,2436,249,24,31,3,36,95,10,10,0,2,0,15,5,1,2,15
110,私立,技專校院,1034,弘光科技大學,碩士班(日間),女,139,44,4,3,0,3,20,0,6,0,0,6,0,1,0,0,1
110,私立,技專校院,1034,弘光科技大學,碩士在職專班,女,83,25,1,2,0,0,7,2,6,0,0,4,0,2,0,0,1
110,私立,技專校院,1034,弘光科技大學,博士班,女,11,3,1,0,0,0,1,0,0,0,0,1,0,0,0,0,0
110,私立,一般大學,1035,中國醫藥大學,學士班(日間),男,2647,94,2,2,0,21,2,0,0,1,4,0,3,6,6,1,46
110,私立,一般大學,1035,中國醫藥大學,碩士班(日間),男,184,41,0,1,0,0,6,0,2,0,2,3,0,3,2,7,15
110,私立,一般大學,1035,中國醫藥大學,碩士在職專班,男,17,6,0,0,0,0,1,0,0,0,0,0,0,3,0,1,1
110,私立,一般大學,1035,中國醫藥大學,博士班,男,242,50,1,0,0,0,11,0,4,0,3,8,0,6,0,2,15
110,私立,一般大學,1035,中國醫藥大學,學士班(日間),女,3607,136,7,6,0,33,3,1,0,0,11,0,4,6,3,3,59
110,私立,一般大學,1035,中國醫藥大學,碩士班(日間),女,312,77,5,6,0,6,10,4,8,0,0,7,2,2,0,2,25
110,私立,一般大學,1035,中國醫藥大學,碩士在職專班,女,69,22,1,0,0,0,3,1,3,0,0,7,0,1,0,2,4
110,私立,一般大學,1035,中國醫藥大學,博士班,女,165,39,0,0,0,1,9,0,4,0,1,7,0,3,1,0,13
110,私立,技專校院,1036,健行學校財團法人健行科技大學,學士班(日間),男,4476,166,9,10,18,37,32,0,0,47,0,0,1,8,1,1,2
110,私立,技專校院,1036,健行學校財團法人健行科技大學,學士班(進修),男,2594,266,11,31,8,25,146,0,3,22,0,0,1,16,0,3,0
110,私立,技專校院,1036,健行學校財團法人健行科技大學,碩士班(日間),男,186,19,2,3,0,1,9,0,0,2,0,1,0,1,0,0,0
110,私立,技專校院,1036,健行學校財團法人健行科技大學,碩士在職專班,男,21,1,0,0,0,0,1,0,0,0,0,0,0,0,0,0,0
110,私立,技專校院,1036,健行學校財團法人健行科技大學,學士班(日間),女,2134,70,4,13,8,16,15,1,1,0,0,0,2,4,2,0,4
110,私立,技專校院,1036,健行學校財團法人健行科技大學,學士班(進修),女,1640,163,10,14,3,19,90,9,3,0,2,0,0,13,0,0,0
110,私立,技專校院,1036,健行學校財團法人健行科技大學,碩士班(日間),女,104,7,1,0,0,0,3,0,1,0,0,0,1,1,0,0,0
110,私立,技專校院,1036,健行學校財團法人健行科技大學,碩士在職專班,女,12,0,0,0,0,0,0,0,0,0,0,0,0,0,0,0,0
110,私立,技專校院,1037,正修學校財團法人正修科技大學,二專(進修),男,573,130,4,4,61,7,32,0,0,6,1,0,0,1,0,0,14
110,私立,技專校院,1037,正修學校財團法人正修科技大學,五專,男,211,16,1,1,1,9,1,0,0,1,0,0,2,0,0,0,0
110,私立,技專校院,1037,正修學校財團法人正修科技大學,學士班(日間),男,5567,333,16,33,1,73,69,0,0,36,3,0,14,4,10,73,1
110,私立,技專校院,1037,正修學校財團法人正修科技大學,學士班(進修),男,4336,479,13,13,59,52,199,0,1,22,6,0,5,1,0,0,108
110,私立,技專校院,1037,正修學校財團法人正修科技大學,碩士班(日間),男,189,34,0,4,0,0,7,0,0,1,0,7,2,0,1,12,0
110,私立,技專校院,1037,正修學校財團法人正修科技大學,碩士在職專班,男,140,26,2,1,1,0,6,0,0,0,0,15,0,0,0,0,1
110,私立,技專校院,1037,正修學校財團法人正修科技大學,博士班,男,14,1,0,0,0,0,1,0,0,0,0,0,0,0,0,0,0
110,私立,技專校院,1037,正修學校財團法人正修科技大學,二專(進修),女,375,79,3,2,35,4,24,1,1,0,2,0,2,2,0,0,3
110,私立,技專校院,1037,正修學校財團法人正修科技大學,五專,女,63,5,3,0,0,2,0,0,0,0,0,0,0,0,0,0,0
110,私立,技專校院,1037,正修學校財團法人正修科技大學,學士班(日間),女,3164,212,19,39,0,49,36,2,1,1,3,0,10,7,2,41,2
110,私立,技專校院,1037,正修學校財團法人正修科技大學,學士班(進修),女,2736,305,18,21,44,28,118,8,3,1,3,0,7,5,0,0,49
110,私立,技專校院,1037,正修學校財團法人正修科技大學,碩士班(日間),女,138,31,2,0,0,0,11,0,0,0,0,5,0,4,0,9,0
110,私立,技專校院,1037,正修學校財團法人正修科技大學,碩士在職專班,女,62,13,1,0,0,0,2,0,0,0,0,8,0,0,0,0,2
110,私立,技專校院,1038,萬能學校財團法人萬能科技大學,二專(進修),男,1,0,0,0,0,0,0,0,0,0,0,0,0,0,0,0,0
110,私立,技專校院,1038,萬能學校財團法人萬能科技大學,學士班(日間),男,3179,201,13,67,7,37,50,0,0,15,0,0,5,5,2,0,0
110,私立,技專校院,1038,萬能學校財團法人萬能科技大學,學士班(進修),男,1655,58,2,10,0,1,34,0,0,8,0,0,1,1,1,0,0
110,私立,技專校院,1038,萬能學校財團法人萬能科技大學,碩士班(日間),男,68,7,1,1,0,0,1,0,0,3,0,1,0,0,0,0,0
110,私立,技專校院,1038,萬能學校財團法人萬能科技大學,碩士在職專班,男,67,3,0,0,0,0,2,0,0,0,0,0,0,1,0,0,0
110,私立,技專校院,1038,萬能學校財團法人萬能科技大學,二專(進修),女,31,1,0,0,0,0,0,0,0,0,0,0,0,0,0,1,0
110,私立,技專校院,1038,萬能學校財團法人萬能科技大學,學士班(日間),女,2614,192,17,67,2,34,37,5,1,0,5,0,15,6,3,0,0
110,私立,技專校院,1038,萬能學校財團法人萬能科技大學,學士班(進修),女,1253,38,1,16,1,1,18,0,0,0,0,0,0,0,0,1,0
110,私立,技專校院,1038,萬能學校財團法人萬能科技大學,碩士班(日間),女,66,5,1,1,0,0,1,0,0,0,0,1,0,1,0,0,0
110,私立,技專校院,1038,萬能學校財團法人萬能科技大學,碩士在職專班,女,79,2,0,0,0,0,1,0,0,0,0,0,0,1,0,0,0
110,私立,一般大學,1039,玄奘大學,學士班(日間),男,681,62,7,10,3,7,12,0,0,5,0,0,1,1,1,7,8
110,私立,一般大學,1039,玄奘大學,學士班(進修),男,13,4,0,0,0,0,1,0,0,0,0,0,0,0,0,2,1
110,私立,一般大學,1039,玄奘大學,碩士班(日間),男,89,37,0,4,0,1,12,0,2,0,0,8,1,0,1,2,6
110,私立,一般大學,1039,玄奘大學,碩士在職專班,男,45,15,0,1,0,0,3,0,0,0,0,2,0,1,0,2,6
110,私立,一般大學,1039,玄奘大學,博士班,男,1,0,0,0,0,0,0,0,0,0,0,0,0,0,0,0,0
110,私立,一般大學,1039,玄奘大學,學士班(日間),女,949,91,6,14,11,10,18,0,0,0,3,0,2,0,1,12,14
110,私立,一般大學,1039,玄奘大學,學士班(進修),女,17,4,0,0,0,0,2,0,0,0,0,0,0,0,0,1,1
110,私立,一般大學,1039,玄奘大學,碩士班(日間),女,157,74,1,10,1,0,28,2,1,0,0,16,0,5,1,1,8
110,私立,一般大學,1039,玄奘大學,碩士在職專班,女,97,31,1,2,0,0,15,0,1,0,0,8,0,2,0,0,2
110,私立,技專校院,1040,建國科技大學,二專(進修),男,41,4,1,0,0,0,3,0,0,0,0,0,0,0,0,0,0
110,私立,技專校院,1040,建國科技大學,學士班(日間),男,2421,73,0,11,2,18,20,0,2,7,0,0,2,7,0,4,0
110,私立,技專校院,1040,建國科技大學,學士班(進修),男,1547,51,1,3,2,0,28,0,0,9,0,0,5,2,1,0,0
110,私立,技專校院,1040,建國科技大學,碩士班(日間),男,85,8,0,1,1,1,4,0,0,1,0,0,0,0,0,0,0
110,私立,技專校院,1040,建國科技大學,二專(進修),女,28,1,0,0,0,0,1,0,0,0,0,0,0,0,0,0,0
110,私立,技專校院,1040,建國科技大學,學士班(日間),女,1114,27,8,7,1,1,3,0,0,0,0,0,1,1,0,1,4
110,私立,技專校院,1040,建國科技大學,學士班(進修),女,586,27,3,2,0,0,13,2,1,0,0,0,5,1,0,0,0
110,私立,技專校院,1040,建國科技大學,碩士班(日間),女,49,3,0,0,0,0,2,0,0,0,0,0,0,0,0,0,1
110,私立,技專校院,1041,明志科技大學,學士班(日間),男,2626,69,5,6,5,33,11,0,0,5,1,0,2,0,0,1,0
110,私立,技專校院,1041,明志科技大學,學士班(進修),男,268,13,2,1,0,4,6,0,0,0,0,0,0,0,0,0,0
110,私立,技專校院,1041,明志科技大學,碩士班(日間),男,348,20,0,4,0,2,6,0,0,5,0,1,0,2,0,0,0
110,私立,技專校院,1041,明志科技大學,碩士在職專班,男,17,5,1,0,0,0,3,0,0,0,0,0,0,1,0,0,0
110,私立,技專校院,1041,明志科技大學,博士班,男,29,0,0,0,0,0,0,0,0,0,0,0,0,0,0,0,0
110,私立,技專校院,1041,明志科技大學,學士班(日間),女,999,17,1,2,3,4,5,0,0,1,1,0,0,0,0,0,0
110,私立,技專校院,1041,明志科技大學,學士班(進修),女,15,2,0,2,0,0,0,0,0,0,0,0,0,0,0,0,0
110,私立,技專校院,1041,明志科技大學,碩士班(日間),女,125,7,1,0,0,0,5,0,0,0,0,1,0,0,0,0,0
110,私立,技專校院,1041,明志科技大學,碩士在職專班,女,3,0,0,0,0,0,0,0,0,0,0,0,0,0,0,0,0
110,私立,技專校院,1041,明志科技大學,博士班,女,8,0,0,0,0,0,0,0,0,0,0,0,0,0,0,0,0
110,私立,技專校院,1042,高苑科技大學,二專(進修),男,91,12,0,0,0,0,12,0,0,0,0,0,0,0,0,0,0
110,私立,技專校院,1042,高苑科技大學,學士班(日間),男,1043,19,2,1,1,1,9,0,0,0,0,0,0,1,0,3,1
110,私立,技專校院,1042,高苑科技大學,學士班(進修),男,799,61,1,1,0,1,49,0,0,7,0,0,0,2,0,0,0
110,私立,技專校院,1042,高苑科技大學,碩士班(日間),男,45,9,0,4,0,0,4,0,0,0,0,0,0,1,0,0,0
110,私立,技專校院,1042,高苑科技大學,碩士在職專班,男,117,21,0,1,0,1,19,0,0,0,0,0,0,0,0,0,0
110,私立,技專校院,1042,高苑科技大學,二專(進修),女,76,9,0,0,0,0,9,0,0,0,0,0,0,0,0,0,0
110,私立,技專校院,1042,高苑科技大學,學士班(日間),女,597,5,1,0,0,0,2,0,0,0,0,0,0,2,0,0,0
110,私立,技專校院,1042,高苑科技大學,學士班(進修),女,273,38,0,0,0,1,34,1,0,0,0,0,0,2,0,0,0
110,私立,技專校院,1042,高苑科技大學,碩士班(日間),女,38,5,0,0,0,0,3,0,0,0,0,0,0,1,0,1,0
110,私立,技專校院,1042,高苑科技大學,碩士在職專班,女,61,15,0,0,0,1,13,0,0,0,0,0,0,1,0,0,0
110,私立,技專校院,1043,大仁科技大學,二專(進修),男,47,4,0,0,0,0,2,0,0,0,0,0,0,0,0,2,0
110,私立,技專校院,1043,大仁科技大學,學士班(日間),男,1483,330,9,33,8,29,24,0,0,17,4,0,4,1,16,104,81
110,私立,技專校院,1043,大仁科技大學,學士班(進修),男,566,40,2,2,0,1,17,0,0,7,0,0,0,2,0,9,0
110,私立,技專校院,1043,大仁科技大學,碩士班(日間),男,35,20,1,0,0,2,3,0,0,1,0,3,0,1,1,6,2
110,私立,技專校院,1043,大仁科技大學,碩士在職專班,男,87,8,0,0,0,0,2,0,0,0,0,6,0,0,0,0,0
110,私立,技專校院,1043,大仁科技大學,二專(進修),女,45,4,0,1,0,0,1,0,1,0,0,0,0,0,0,1,0
110,私立,技專校院,1043,大仁科技大學,學士班(日間),女,1627,234,9,24,0,33,12,3,1,0,3,0,4,7,6,73,59
110,私立,技專校院,1043,大仁科技大學,學士班(進修),女,921,39,6,2,0,0,18,0,2,0,0,0,1,6,2,2,0
110,私立,技專校院,1043,大仁科技大學,碩士班(日間),女,43,24,6,1,0,0,10,0,0,0,0,1,0,0,0,4,2
110,私立,技專校院,1043,大仁科技大學,碩士在職專班,女,80,7,1,0,0,0,2,0,0,0,0,3,0,1,0,0,0
110,私立,技專校院,1044,聖約翰科技大學,二專(進修),男,53,0,0,0,0,0,0,0,0,0,0,0,0,0,0,0,0
110,私立,技專校院,1044,聖約翰科技大學,五專,男,125,13,0,1,1,3,4,0,0,1,0,0,0,2,0,0,1
110,私立,技專校院,1044,聖約翰科技大學,學士班(日間),男,641,71,0,2,12,6,24,0,1,17,0,0,1,1,0,4,3
110,私立,技專校院,1044,聖約翰科技大學,學士班(進修),男,306,19,1,0,0,1,14,0,0,2,0,0,0,1,0,0,0
110,私立,技專校院,1044,聖約翰科技大學,碩士班(日間),男,62,18,1,0,0,0,5,0,0,2,0,7,1,0,0,0,2
110,私立,技專校院,1044,聖約翰科技大學,碩士在職專班,男,78,24,1,1,0,0,12,0,0,0,0,8,0,0,1,0,1
110,私立,技專校院,1044,聖約翰科技大學,二專(進修),女,26,2,0,0,0,0,2,0,0,0,0,0,0,0,0,0,0
110,私立,技專校院,1044,聖約翰科技大學,五專,女,33,3,0,0,1,0,1,0,0,0,1,0,0,0,0,0,0
110,私立,技專校院,1044,聖約翰科技大學,學士班(日間),女,379,20,1,2,2,2,8,1,0,0,0,0,1,0,1,0,2
110,私立,技專校院,1044,聖約翰科技大學,學士班(進修),女,82,5,1,0,0,1,1,0,1,0,0,0,0,1,0,0,0
110,私立,技專校院,1044,聖約翰科技大學,碩士班(日間),女,26,5,0,0,0,0,1,0,0,0,0,1,0,0,0,1,2
110,私立,技專校院,1044,聖約翰科技大學,碩士在職專班,女,27,5,0,0,0,0,2,0,0,0,0,2,0,0,0,1,0
110,私立,技專校院,1045,嶺東科技大學,學士班(日間),男,2689,62,3,7,2,25,5,0,0,11,1,0,2,1,5,0,0
110,私立,技專校院,1045,嶺東科技大學,學士班(進修),男,1476,117,2,8,2,7,68,0,0,22,0,0,2,5,0,0,1
110,私立,技專校院,1045,嶺東科技大學,碩士班(日間),男,118,19,0,3,0,0,8,0,0,3,0,2,0,2,1,0,0
110,私立,技專校院,1045,嶺東科技大學,碩士在職專班,男,98,17,1,0,0,0,14,0,0,0,1,0,0,1,0,0,0
110,私立,技專校院,1045,嶺東科技大學,學士班(日間),女,4517,123,10,33,6,42,14,1,1,0,4,0,1,8,3,0,0
110,私立,技專校院,1045,嶺東科技大學,學士班(進修),女,1175,103,8,12,2,5,62,1,2,1,1,0,4,3,0,0,2
110,私立,技專校院,1045,嶺東科技大學,碩士班(日間),女,121,33,3,5,0,1,9,2,0,0,0,10,0,1,0,0,2
110,私立,技專校院,1045,嶺東科技大學,碩士在職專班,女,59,8,0,0,0,0,8,0,0,0,0,0,0,0,0,0,0
110,私立,技專校院,1046,中國科技大學,二專(進修),男,196,44,2,1,0,2,31,0,0,4,0,0,0,2,1,0,1
110,私立,技專校院,1046,中國科技大學,學士班(日間),男,2802,138,6,10,5,27,38,0,0,24,5,0,11,2,0,0,10
110,私立,技專校院,1046,中國科技大學,學士班(進修),男,1068,96,3,2,1,3,64,0,1,7,3,1,4,4,1,1,1
110,私立,技專校院,1046,中國科技大學,碩士班(日間),男,102,32,1,0,0,0,18,0,2,0,1,9,0,0,0,0,1
110,私立,技專校院,1046,中國科技大學,碩士在職專班,男,56,23,0,2,0,0,19,0,0,0,0,2,0,0,0,0,0
110,私立,技專校院,1046,中國科技大學,二專(進修),女,194,26,0,1,2,3,16,0,1,0,1,0,1,1,0,0,0
110,私立,技專校院,1046,中國科技大學,學士班(日間),女,3263,130,13,16,0,34,27,1,1,0,4,0,15,3,0,0,16
110,私立,技專校院,1046,中國科技大學,學士班(進修),女,824,61,3,3,0,6,34,2,2,0,2,0,2,2,0,0,5
110,私立,技專校院,1046,中國科技大學,碩士班(日間),女,81,17,3,0,0,1,6,0,0,0,2,2,0,1,0,0,2
110,私立,技專校院,1046,中國科技大學,碩士在職專班,女,26,4,0,0,0,0,3,0,0,0,0,0,0,0,0,0,1
110,私立,技專校院,1047,中臺科技大學,二專(日間),男,6,0,0,0,0,0,0,0,0,0,0,0,0,0,0,0,0
110,私立,技專校院,1047,中臺科技大學,學士班(日間),男,1930,160,5,6,13,40,13,0,0,13,0,0,2,3,4,61,0
110,私立,技專校院,1047,中臺科技大學,學士班(進修),男,631,163,2,5,10,15,31,0,1,6,0,0,1,3,1,87,1
110,私立,技專校院,1047,中臺科技大學,碩士班(日間),男,35,10,0,1,0,0,5,0,0,2,0,1,0,0,0,1,0
110,私立,技專校院,1047,中臺科技大學,碩士在職專班,男,57,22,2,0,0,0,6,0,1,0,1,3,0,0,0,9,0
110,私立,技專校院,1047,中臺科技大學,博士班,男,6,3,1,0,0,0,1,0,1,0,0,0,0,0,0,0,0
110,私立,技專校院,1047,中臺科技大學,二專(日間),女,10,0,0,0,0,0,0,0,0,0,0,0,0,0,0,0,0
110,私立,技專校院,1047,中臺科技大學,學士班(日間),女,2989,213,8,22,8,66,24,3,7,1,1,0,8,5,5,55,0
110,私立,技專校院,1047,中臺科技大學,學士班(進修),女,1645,312,16,14,4,23,54,3,36,0,0,0,12,16,0,130,4
110,私立,技專校院,1047,中臺科技大學,碩士班(日間),女,83,17,4,0,0,0,6,0,0,0,0,2,0,2,2,1,0
110,私立,技專校院,1047,中臺科技大學,碩士在職專班,女,209,55,4,2,0,1,9,0,11,0,0,14,0,4,0,9,1
110,私立,技專校院,1047,中臺科技大學,博士班,女,3,1,0,0,0,0,1,0,0,0,0,0,0,0,0,0,0
110,私立,一般大學,1048,亞洲大學,學士班(日間),男,3320,112,7,3,10,33,13,0,0,10,8,1,6,16,1,3,1
110,私立,一般大學,1048,亞洲大學,學士班(進修),男,330,13,1,0,0,2,4,0,0,1,0,0,1,1,0,2,1
110,私立,一般大學,1048,亞洲大學,碩士班(日間),男,242,41,4,2,1,2,9,0,1,1,0,14,0,0,1,0,6
110,私立,一般大學,1048,亞洲大學,碩士在職專班,男,197,30,0,1,0,0,19,0,0,0,0,7,0,2,0,0,1
110,私立,一般大學,1048,亞洲大學,博士班,男,146,26,3,1,0,0,6,0,0,0,1,10,0,2,0,0,3
110,私立,一般大學,1048,亞洲大學,學士班(日間),女,6123,169,51,5,9,47,14,1,1,0,9,0,13,13,3,3,0
110,私立,一般大學,1048,亞洲大學,學士班(進修),女,394,30,3,3,3,7,11,0,0,0,0,0,0,1,1,1,0
110,私立,一般大學,1048,亞洲大學,碩士班(日間),女,361,78,6,2,1,3,27,0,0,0,3,21,0,7,0,2,6
110,私立,一般大學,1048,亞洲大學,碩士在職專班,女,229,29,3,1,0,0,11,0,0,0,0,8,0,5,0,1,0
110,私立,一般大學,1048,亞洲大學,博士班,女,89,14,0,0,1,1,4,1,0,0,0,3,0,2,0,0,2
110,私立,一般大學,1049,開南大學,學士班(日間),男,1733,94,4,11,12,24,25,0,0,7,2,0,0,2,0,0,7
110,私立,一般大學,1049,開南大學,學士班(進修),男,534,56,2,1,0,4,36,0,0,12,0,0,0,0,0,0,1
110,私立,一般大學,1049,開南大學,碩士班(日間),男,79,24,3,3,1,0,9,0,0,4,0,2,0,0,1,0,1
110,私立,一般大學,1049,開南大學,碩士在職專班,男,177,29,1,1,1,0,20,0,2,1,0,1,0,0,1,0,1
110,私立,一般大學,1049,開南大學,學士班(日間),女,1915,89,16,13,0,21,15,4,2,0,4,0,0,3,1,0,10
110,私立,一般大學,1049,開南大學,學士班(進修),女,393,33,5,6,0,2,15,0,4,0,0,0,1,0,0,0,0
110,私立,一般大學,1049,開南大學,碩士班(日間),女,137,34,3,2,1,1,17,0,3,0,0,2,1,1,1,0,2
110,私立,一般大學,1049,開南大學,碩士在職專班,女,140,18,1,0,0,0,12,1,0,0,0,3,0,0,0,0,1
110,私立,一般大學,1050,佛光大學,學士班(日間),男,1229,69,5,1,7,22,14,0,0,3,1,0,7,6,1,0,2
110,私立,一般大學,1050,佛光大學,碩士班(日間),男,172,51,2,2,2,1,20,0,0,0,1,15,1,3,1,0,3
110,私立,一般大學,1050,佛光大學,碩士在職專班,男,57,15,0,0,0,1,9,0,1,0,0,2,0,2,0,0,0
110,私立,一般大學,1050,佛光大學,博士班,男,21,5,2,0,0,0,1,0,0,0,0,1,0,1,0,0,0
110,私立,一般大學,1050,佛光大學,學士班(日間),女,1408,58,10,3,2,15,13,0,0,0,3,0,7,3,0,0,2
110,私立,一般大學,1050,佛光大學,碩士班(日間),女,257,66,6,0,1,0,15,3,1,0,3,24,3,9,0,0,1
110,私立,一般大學,1050,佛光大學,碩士在職專班,女,56,5,1,0,0,0,0,0,0,0,0,3,0,1,0,0,0
110,私立,一般大學,1050,佛光大學,博士班,女,42,10,0,0,0,0,3,0,0,0,0,6,0,1,0,0,0
110,私立,技專校院,1051,台南家專學校財團法人台南應用科技大學,五專,男,231,18,2,0,2,3,3,0,0,0,3,0,2,1,0,0,2
110,私立,技專校院,1051,台南家專學校財團法人台南應用科技大學,學士班(日間),男,2399,186,11,22,13,50,31,0,0,8,3,0,15,23,0,0,10
110,私立,技專校院,1051,台南家專學校財團法人台南應用科技大學,學士班(進修),男,869,100,1,5,2,6,81,0,0,4,0,0,1,0,0,0,0
110,私立,技專校院,1051,台南家專學校財團法人台南應用科技大學,碩士班(日間),男,29,11,1,1,2,1,2,0,0,1,1,0,1,0,0,0,1
110,私立,技專校院,1051,台南家專學校財團法人台南應用科技大學,碩士在職專班,男,24,5,0,0,0,1,4,0,0,0,0,0,0,0,0,0,0
110,私立,技專校院,1051,台南家專學校財團法人台南應用科技大學,五專,女,719,53,13,1,7,8,6,0,0,0,3,0,4,9,0,0,2
110,私立,技專校院,1051,台南家專學校財團法人台南應用科技大學,學士班(日間),女,5754,327,44,36,17,87,42,4,2,0,8,0,18,52,0,0,17
110,私立,技專校院,1051,台南家專學校財團法人台南應用科技大學,學士班(進修),女,1543,173,14,11,0,19,125,2,1,0,0,0,1,0,0,0,0
110,私立,技專校院,1051,台南家專學校財團法人台南應用科技大學,碩士班(日間),女,72,17,1,0,0,1,10,1,1,0,0,0,1,2,0,0,0
110,私立,技專校院,1051,台南家專學校財團法人台南應用科技大學,碩士在職專班,女,76,18,0,0,0,2,12,2,0,0,1,1,0,0,0,0,0
110,私立,技專校院,1052,遠東科技大學,二專(進修),男,125,32,0,0,0,0,31,0,0,1,0,0,0,0,0,0,0
110,私立,技專校院,1052,遠東科技大學,學士班(日間),男,1716,149,4,15,24,22,30,0,1,27,0,0,8,2,3,1,12
110,私立,技專校院,1052,遠東科技大學,學士班(進修),男,569,57,0,0,0,4,48,0,0,5,0,0,0,0,0,0,0
110,私立,技專校院,1052,遠東科技大學,碩士班(日間),男,147,20,1,0,0,1,13,0,0,1,1,2,0,1,0,0,0
110,私立,技專校院,1052,遠東科技大學,碩士在職專班,男,37,3,0,0,0,0,0,0,0,1,0,1,0,1,0,0,0
110,私立,技專校院,1052,遠東科技大學,二專(進修),女,72,12,1,0,0,0,9,1,0,0,0,0,0,1,0,0,0
110,私立,技專校院,1052,遠東科技大學,學士班(日間),女,722,80,7,12,2,15,27,1,1,0,1,0,4,2,0,0,8
110,私立,技專校院,1052,遠東科技大學,學士班(進修),女,238,16,0,0,0,2,11,1,1,1,0,0,0,0,0,0,0
110,私立,技專校院,1052,遠東科技大學,碩士班(日間),女,129,16,0,0,0,0,7,2,0,0,1,2,0,1,0,0,3
110,私立,技專校院,1052,遠東科技大學,碩士在職專班,女,2,0,0,0,0,0,0,0,0,0,0,0,0,0,0,0,0
110,私立,技專校院,1053,光宇學校財團法人元培醫事科技大學,學士班(日間),男,1482,55,10,3,12,9,7,0,0,8,1,0,1,4,0,0,0
110,私立,技專校院,1053,光宇學校財團法人元培醫事科技大學,學士班(進修),男,790,33,2,0,3,2,21,0,0,5,0,0,0,0,0,0,0
110,私立,技專校院,1053,光宇學校財團法人元培醫事科技大學,碩士班(日間),男,120,26,2,0,8,0,10,0,0,3,0,0,0,3,0,0,0
110,私立,技專校院,1053,光宇學校財團法人元培醫事科技大學,碩士在職專班,男,9,1,0,0,0,0,1,0,0,0,0,0,0,0,0,0,0
110,私立,技專校院,1053,光宇學校財團法人元培醫事科技大學,博士班,男,2,0,0,0,0,0,0,0,0,0,0,0,0,0,0,0,0
110,私立,技專校院,1053,光宇學校財團法人元培醫事科技大學,學士班(日間),女,2122,42,9,2,3,10,4,1,0,1,0,0,7,4,0,0,1
110,私立,技專校院,1053,光宇學校財團法人元培醫事科技大學,學士班(進修),女,1049,44,8,0,6,3,24,0,0,0,0,0,3,0,0,0,0
110,私立,技專校院,1053,光宇學校財團法人元培醫事科技大學,碩士班(日間),女,145,30,1,1,8,0,14,2,0,0,0,0,2,2,0,0,0
110,私立,技專校院,1053,光宇學校財團法人元培醫事科技大學,碩士在職專班,女,32,7,0,0,1,0,6,0,0,0,0,0,0,0,0,0,0
110,私立,技專校院,1054,景文科技大學,二專(進修),男,71,9,0,1,3,0,3,0,0,1,1,0,0,0,0,0,0
110,私立,技專校院,1054,景文科技大學,學士班(日間),男,2078,113,5,22,5,33,23,0,0,19,2,0,0,4,0,0,0
110,私立,技專校院,1054,景文科技大學,學士班(進修),男,538,25,2,4,4,5,6,0,0,3,0,0,0,0,1,0,0
110,私立,技專校院,1054,景文科技大學,碩士班(日間),男,13,7,0,0,0,0,2,0,0,0,0,5,0,0,0,0,0
110,私立,技專校院,1054,景文科技大學,碩士在職專班,男,32,7,0,1,0,0,3,0,0,1,0,1,0,1,0,0,0
110,私立,技專校院,1054,景文科技大學,二專(進修),女,51,7,0,3,0,1,2,1,0,0,0,0,0,0,0,0,0
110,私立,技專校院,1054,景文科技大學,學士班(日間),女,2589,99,8,15,6,21,28,0,4,0,9,0,2,4,2,0,0
110,私立,技專校院,1054,景文科技大學,學士班(進修),女,511,34,8,8,2,4,9,0,1,0,0,0,2,0,0,0,0
110,私立,技專校院,1054,景文科技大學,碩士班(日間),女,5,2,0,0,0,0,0,1,0,0,0,1,0,0,0,0,0
110,私立,技專校院,1054,景文科技大學,碩士在職專班,女,15,2,0,0,0,0,1,0,1,0,0,0,0,0,0,0,0
110,私立,技專校院,1055,中華醫事科技大學,二專(日間),男,1,1,0,0,0,0,0,0,0,0,0,0,0,0,0,1,0
110,私立,技專校院,1055,中華醫事科技大學,二專(進修),男,42,8,0,0,0,0,4,0,0,1,0,0,0,0,0,3,0
110,私立,技專校院,1055,中華醫事科技大學,五專,男,702,51,2,2,0,12,5,0,0,0,0,0,0,0,0,19,11
110,私立,技專校院,1055,中華醫事科技大學,學士班(日間),男,1303,141,3,12,0,14,13,0,0,2,0,0,1,0,0,75,21
110,私立,技專校院,1055,中華醫事科技大學,學士班(進修),男,437,93,0,6,0,1,15,0,0,2,0,0,0,0,0,67,2
110,私立,技專校院,1055,中華醫事科技大學,碩士班(日間),男,42,13,2,1,0,0,1,0,0,0,0,0,0,0,0,6,3
110,私立,技專校院,1055,中華醫事科技大學,碩士在職專班,男,12,0,0,0,0,0,0,0,0,0,0,0,0,0,0,0,0
110,私立,技專校院,1055,中華醫事科技大學,二專(進修),女,39,5,0,0,0,0,5,0,0,0,0,0,0,0,0,0,0
110,私立,技專校院,1055,中華醫事科技大學,五專,女,2445,126,5,6,0,25,14,1,1,0,0,0,1,0,0,44,29
110,私立,技專校院,1055,中華醫事科技大學,學士班(日間),女,2586,176,14,11,0,22,7,2,0,0,0,0,1,1,0,79,39
110,私立,技專校院,1055,中華醫事科技大學,學士班(進修),女,842,140,6,15,0,4,35,3,3,0,0,0,0,0,0,72,2
110,私立,技專校院,1055,中華醫事科技大學,碩士班(日間),女,49,33,1,0,0,0,15,0,0,0,0,1,0,0,0,10,6
110,私立,技專校院,1055,中華醫事科技大學,碩士在職專班,女,11,2,0,0,0,0,0,0,0,0,0,0,0,0,0,2,0
110,私立,技專校院,1056,東南科技大學,學士班(日間),男,2616,257,6,18,2,11,71,0,0,9,0,0,14,7,0,118,1
110,私立,技專校院,1056,東南科技大學,學士班(進修),男,461,103,0,0,0,0,3,0,0,0,0,0,0,1,0,99,0
110,私立,技專校院,1056,東南科技大學,碩士班(日間),男,80,27,0,0,0,0,7,0,0,2,0,0,0,2,0,16,0
110,私立,技專校院,1056,東南科技大學,碩士在職專班,男,42,14,0,0,0,0,0,0,0,0,0,0,0,1,0,13,0
110,私立,技專校院,1056,東南科技大學,學士班(日間),女,1434,116,6,6,1,9,38,1,0,0,1,0,5,7,0,41,1
110,私立,技專校院,1056,東南科技大學,學士班(進修),女,164,40,0,0,0,1,0,0,0,0,0,0,0,1,0,38,0
110,私立,技專校院,1056,東南科技大學,碩士班(日間),女,47,7,0,0,0,0,1,1,1,0,0,0,0,0,0,4,0
110,私立,技專校院,1056,東南科技大學,碩士在職專班,女,6,2,0,0,0,0,0,0,0,0,0,0,0,0,0,2,0
110,私立,技專校院,1057,德明財經科技大學,學士班(日間),男,2840,269,17,9,38,48,35,0,0,5,3,0,4,9,15,86,0
110,私立,技專校院,1057,德明財經科技大學,學士班(進修),男,270,37,1,0,4,1,7,0,0,0,1,0,0,2,0,21,0
110,私立,技專校院,1057,德明財經科技大學,碩士班(日間),男,23,8,0,0,0,0,2,0,0,0,0,1,0,0,0,5,0
110,私立,技專校院,1057,德明財經科技大學,碩士在職專班,男,15,4,0,0,0,0,1,0,0,0,0,0,0,0,0,3,0
110,私立,技專校院,1057,德明財經科技大學,學士班(日間),女,3851,198,14,3,17,31,19,5,2,0,1,0,4,7,23,72,0
110,私立,技專校院,1057,德明財經科技大學,學士班(進修),女,263,41,4,0,0,3,9,2,2,0,0,0,0,2,0,19,0
110,私立,技專校院,1057,德明財經科技大學,碩士班(日間),女,19,3,0,0,0,0,0,0,0,0,0,0,0,0,0,3,0
110,私立,技專校院,1057,德明財經科技大學,碩士在職專班,女,11,2,0,0,0,0,0,1,1,0,0,0,0,0,0,0,0
110,私立,一般大學,1058,明道學校財團法人明道大學,學士班(日間),男,750,42,5,4,0,6,10,0,0,10,0,0,0,1,0,2,4
110,私立,一般大學,1058,明道學校財團法人明道大學,學士班(進修),男,307,19,1,0,0,2,9,0,0,2,0,0,0,0,0,0,5
110,私立,一般大學,1058,明道學校財團法人明道大學,碩士班(日間),男,80,16,1,1,0,0,6,0,0,0,0,6,0,1,0,0,1
110,私立,一般大學,1058,明道學校財團法人明道大學,碩士在職專班,男,24,6,2,0,0,0,3,0,0,1,0,0,0,0,0,0,0
110,私立,一般大學,1058,明道學校財團法人明道大學,博士班,男,19,3,0,0,0,0,1,0,0,0,1,0,0,1,0,0,0
110,私立,一般大學,1058,明道學校財團法人明道大學,學士班(日間),女,574,25,5,3,1,4,7,1,0,0,0,0,0,0,0,0,4
110,私立,一般大學,1058,明道學校財團法人明道大學,學士班(進修),女,149,10,2,1,0,1,3,0,0,0,0,0,0,1,0,1,1
110,私立,一般大學,1058,明道學校財團法人明道大學,碩士班(日間),女,68,23,4,0,0,0,14,0,1,0,0,3,0,1,0,0,0
110,私立,一般大學,1058,明道學校財團法人明道大學,碩士在職專班,女,29,9,3,0,0,0,2,1,1,0,0,1,0,1,0,0,0
110,私立,一般大學,1058,明道學校財團法人明道大學,博士班,女,13,1,0,0,0,0,0,0,0,0,0,0,0,1,0,0,0
110,私立,技專校院,1060,南開科技大學,二專(進修),男,39,4,0,0,0,0,3,0,0,0,0,0,0,0,0,0,1
110,私立,技專校院,1060,南開科技大學,五專,男,353,18,0,1,1,3,6,0,0,3,0,0,3,0,1,0,0
110,私立,技專校院,1060,南開科技大學,學士班(日間),男,1213,36,1,4,2,3,13,0,0,6,0,0,2,0,0,1,4
110,私立,技專校院,1060,南開科技大學,學士班(進修),男,529,24,2,1,0,0,11,0,0,8,0,0,0,1,0,0,1
110,私立,技專校院,1060,南開科技大學,碩士班(日間),男,41,11,0,1,0,0,8,0,0,0,0,2,0,0,0,0,0
110,私立,技專校院,1060,南開科技大學,碩士在職專班,男,23,6,0,1,0,1,1,0,0,0,0,2,0,0,0,0,1
110,私立,技專校院,1060,南開科技大學,二專(進修),女,25,2,0,0,0,1,1,0,0,0,0,0,0,0,0,0,0
110,私立,技專校院,1060,南開科技大學,五專,女,62,4,2,0,0,0,1,0,0,0,0,0,0,0,0,0,1
110,私立,技專校院,1060,南開科技大學,學士班(日間),女,577,11,0,1,0,1,5,0,0,0,1,0,1,0,1,0,1
110,私立,技專校院,1060,南開科技大學,學士班(進修),女,293,10,1,1,0,0,7,1,0,0,0,0,0,0,0,0,0
110,私立,技專校院,1060,南開科技大學,碩士班(日間),女,36,5,0,0,0,0,4,0,0,0,0,0,0,1,0,0,0
110,私立,技專校院,1060,南開科技大學,碩士在職專班,女,44,15,2,0,0,0,10,0,0,0,0,2,0,1,0,0,0
110,私立,技專校院,1061,中華學校財團法人中華科技大學,二專(進修),男,77,35,0,0,0,0,2,0,0,7,0,0,0,0,0,26,0
110,私立,技專校院,1061,中華學校財團法人中華科技大學,學士班(日間),男,2003,262,4,17,2,10,57,0,0,53,0,0,0,3,0,103,13
110,私立,技專校院,1061,中華學校財團法人中華科技大學,學士班(進修),男,736,105,3,1,0,6,22,0,0,14,0,0,0,0,0,56,3
110,私立,技專校院,1061,中華學校財團法人中華科技大學,碩士班(日間),男,141,54,1,3,0,1,18,0,0,2,1,0,0,0,0,25,3
110,私立,技專校院,1061,中華學校財團法人中華科技大學,碩士在職專班,男,105,19,0,0,0,0,6,0,0,0,0,1,0,0,0,11,1
110,私立,技專校院,1061,中華學校財團法人中華科技大學,二專(進修),女,41,16,0,0,0,1,3,0,0,0,0,0,0,0,0,12,0
110,私立,技專校院,1061,中華學校財團法人中華科技大學,學士班(日間),女,876,125,10,4,1,4,36,1,0,0,2,0,0,0,0,53,14
110,私立,技專校院,1061,中華學校財團法人中華科技大學,學士班(進修),女,297,24,0,1,0,1,7,0,0,0,0,0,0,0,0,14,1
110,私立,技專校院,1061,中華學校財團法人中華科技大學,碩士班(日間),女,65,13,1,2,0,0,3,1,0,0,0,0,0,0,0,4,2
110,私立,技專校院,1061,中華學校財團法人中華科技大學,碩士在職專班,女,24,1,0,0,0,0,0,0,0,0,0,0,0,0,0,1,0
110,私立,技專校院,1062,僑光科技大學,學士班(日間),男,2477,67,7,2,3,15,23,0,0,6,2,0,4,1,4,0,0
110,私立,技專校院,1062,僑光科技大學,學士班(進修),男,2296,71,4,3,1,5,31,0,0,18,1,0,2,2,2,1,1
110,私立,技專校院,1062,僑光科技大學,碩士班(日間),男,15,1,0,0,0,0,0,0,0,1,0,0,0,0,0,0,0
110,私立,技專校院,1062,僑光科技大學,碩士在職專班,男,10,1,0,0,0,0,1,0,0,0,0,0,0,0,0,0,0
110,私立,技專校院,1062,僑光科技大學,學士班(日間),女,3422,74,11,10,1,16,20,5,0,1,1,0,5,1,2,1,0
110,私立,技專校院,1062,僑光科技大學,學士班(進修),女,1596,54,1,7,0,7,30,3,3,1,0,0,0,0,0,2,0
110,私立,技專校院,1062,僑光科技大學,碩士班(日間),女,17,6,2,0,0,0,4,0,0,0,0,0,0,0,0,0,0
110,私立,技專校院,1062,僑光科技大學,碩士在職專班,女,8,2,0,0,0,0,2,0,0,0,0,0,0,0,0,0,0
110,私立,技專校院,1063,廣亞學校財團法人育達科技大學,學士班(日間),男,796,43,3,10,3,9,9,0,0,4,0,0,1,2,1,1,0
110,私立,技專校院,1063,廣亞學校財團法人育達科技大學,學士班(進修),男,826,81,3,8,2,3,40,0,0,8,0,0,0,5,0,0,12
110,私立,技專校院,1063,廣亞學校財團法人育達科技大學,碩士班(日間),男,72,14,0,1,0,0,5,0,0,4,0,3,0,1,0,0,0
110,私立,技專校院,1063,廣亞學校財團法人育達科技大學,碩士在職專班,男,89,19,0,0,0,0,8,0,0,0,0,5,0,1,0,0,5
110,私立,技專校院,1063,廣亞學校財團法人育達科技大學,學士班(日間),女,762,37,6,7,2,3,5,6,1,0,0,0,2,5,0,0,0
110,私立,技專校院,1063,廣亞學校財團法人育達科技大學,學士班(進修),女,1075,82,3,8,0,4,32,6,3,0,0,0,2,9,0,0,15
110,私立,技專校院,1063,廣亞學校財團法人育達科技大學,碩士班(日間),女,92,3,1,0,0,0,0,0,0,0,1,1,0,0,0,0,0
110,私立,技專校院,1063,廣亞學校財團法人育達科技大學,碩士在職專班,女,72,13,1,1,0,0,3,1,1,0,0,2,0,2,0,0,2
110,私立,技專校院,1064,美和學校財團法人美和科技大學,二專(進修),男,65,9,0,0,0,3,6,0,0,0,0,0,0,0,0,0,0
110,私立,技專校院,1064,美和學校財團法人美和科技大學,五專,男,223,19,3,0,0,5,4,0,0,4,0,0,1,0,0,2,0
110,私立,技專校院,1064,美和學校財團法人美和科技大學,學士班(日間),男,859,72,4,6,0,15,18,0,0,13,0,0,4,2,0,10,0
110,私立,技專校院,1064,美和學校財團法人美和科技大學,學士班(進修),男,427,58,5,2,0,2,34,0,0,8,0,0,1,4,0,2,0
110,私立,技專校院,1064,美和學校財團法人美和科技大學,碩士班(日間),男,60,17,1,1,0,0,7,0,0,3,1,3,0,0,1,0,0
110,私立,技專校院,1064,美和學校財團法人美和科技大學,碩士在職專班,男,49,11,1,0,0,0,5,0,0,0,0,1,0,0,0,4,0
110,私立,技專校院,1064,美和學校財團法人美和科技大學,二專(進修),女,62,7,0,1,0,0,5,0,0,0,0,0,0,0,0,1,0
110,私立,技專校院,1064,美和學校財團法人美和科技大學,五專,女,1414,73,1,9,2,21,8,7,0,0,0,0,10,0,2,13,0
110,私立,技專校院,1064,美和學校財團法人美和科技大學,學士班(日間),女,1355,79,10,9,0,25,17,3,3,0,0,0,8,3,0,1,0
110,私立,技專校院,1064,美和學校財團法人美和科技大學,學士班(進修),女,1166,128,9,12,0,5,63,2,8,0,0,0,5,13,4,7,0
110,私立,技專校院,1064,美和學校財團法人美和科技大學,碩士班(日間),女,87,33,5,1,0,0,12,1,1,0,0,12,0,1,0,0,0
110,私立,技專校院,1064,美和學校財團法人美和科技大學,碩士在職專班,女,168,23,1,1,0,0,7,2,0,0,0,10,0,1,0,1,0
110,私立,技專校院,1065,吳鳳科技大學,二專(進修),男,129,14,0,0,0,1,3,0,0,0,0,0,0,0,0,10,0
110,私立,技專校院,1065,吳鳳科技大學,學士班(日間),男,2073,149,5,2,2,20,37,0,0,8,0,0,4,11,2,58,0
110,私立,技專校院,1065,吳鳳科技大學,學士班(進修),男,948,118,1,6,15,14,65,0,0,7,0,0,0,3,0,7,0
110,私立,技專校院,1065,吳鳳科技大學,碩士班(日間),男,30,3,0,0,0,0,2,0,0,0,0,0,0,0,0,1,0
110,私立,技專校院,1065,吳鳳科技大學,碩士在職專班,男,40,5,1,0,0,0,2,0,0,0,0,0,0,1,0,1,0
110,私立,技專校院,1065,吳鳳科技大學,二專(進修),女,95,12,0,0,2,0,5,0,0,0,0,0,0,0,0,5,0
110,私立,技專校院,1065,吳鳳科技大學,學士班(日間),女,967,82,1,3,0,22,13,2,0,0,0,0,3,1,0,37,0
110,私立,技專校院,1065,吳鳳科技大學,學士班(進修),女,591,57,2,6,4,11,21,1,1,0,0,0,0,0,0,11,0
110,私立,技專校院,1065,吳鳳科技大學,碩士班(日間),女,20,2,0,0,0,0,1,0,0,0,0,0,0,0,0,1,0
110,私立,技專校院,1065,吳鳳科技大學,碩士在職專班,女,22,1,0,0,0,0,1,0,0,0,0,0,0,0,0,0,0
110,私立,技專校院,1066,環球學校財團法人環球科技大學,二專(進修),男,92,5,0,0,0,0,1,0,0,1,0,0,1,0,0,2,0
110,私立,技專校院,1066,環球學校財團法人環球科技大學,學士班(日間),男,827,80,5,18,15,26,10,0,0,4,0,0,0,2,0,0,0
110,私立,技專校院,1066,環球學校財團法人環球科技大學,學士班(進修),男,376,24,0,0,0,0,7,0,0,1,0,0,6,0,0,10,0
110,私立,技專校院,1066,環球學校財團法人環球科技大學,碩士班(日間),男,58,14,3,6,1,1,2,0,0,0,1,0,0,0,0,0,0
110,私立,技專校院,1066,環球學校財團法人環球科技大學,碩士在職專班,男,27,3,0,1,2,0,0,0,0,0,0,0,0,0,0,0,0
110,私立,技專校院,1066,環球學校財團法人環球科技大學,二專(進修),女,36,2,0,0,0,0,2,0,0,0,0,0,0,0,0,0,0
110,私立,技專校院,1066,環球學校財團法人環球科技大學,學士班(日間),女,901,69,10,20,15,21,1,0,0,0,0,0,1,1,0,0,0
110,私立,技專校院,1066,環球學校財團法人環球科技大學,學士班(進修),女,401,18,2,1,0,0,5,0,0,0,0,0,5,0,0,5,0
110,私立,技專校院,1066,環球學校財團法人環球科技大學,碩士班(日間),女,69,15,2,2,6,1,3,0,0,0,0,0,0,1,0,0,0
110,私立,技專校院,1066,環球學校財團法人環球科技大學,碩士在職專班,女,44,9,0,0,8,0,1,0,0,0,0,0,0,0,0,0,0
110,私立,一般大學,1067,台灣首府學校財團法人台灣首府大學,學士班(日間),男,278,9,0,0,1,3,5,0,0,0,0,0,0,0,0,0,0
110,私立,一般大學,1067,台灣首府學校財團法人台灣首府大學,學士班(進修),男,104,5,0,0,0,0,4,0,0,1,0,0,0,0,0,0,0
110,私立,一般大學,1067,台灣首府學校財團法人台灣首府大學,碩士班(日間),男,11,3,0,0,1,0,2,0,0,0,0,0,0,0,0,0,0
110,私立,一般大學,1067,台灣首府學校財團法人台灣首府大學,學士班(日間),女,312,11,0,0,1,1,8,1,0,0,0,0,0,0,0,0,0
110,私立,一般大學,1067,台灣首府學校財團法人台灣首府大學,學士班(進修),女,64,5,0,1,0,0,2,0,0,0,0,0,0,1,0,0,1
110,私立,一般大學,1067,台灣首府學校財團法人台灣首府大學,碩士班(日間),女,42,2,0,0,0,0,0,0,0,0,0,0,0,2,0,0,0
110,私立,技專校院,1068,中州學校財團法人中州科技大學,二專(進修),男,7,0,0,0,0,0,0,0,0,0,0,0,0,0,0,0,0
110,私立,技專校院,1068,中州學校財團法人中州科技大學,學士班(日間),男,334,11,0,0,2,3,3,0,0,1,0,0,0,2,0,0,0
110,私立,技專校院,1068,中州學校財團法人中州科技大學,學士班(進修),男,581,19,1,1,0,1,12,0,0,0,0,0,0,4,0,0,0
110,私立,技專校院,1068,中州學校財團法人中州科技大學,碩士班(日間),男,1,1,0,0,0,0,0,0,0,0,0,1,0,0,0,0,0
110,私立,技專校院,1068,中州學校財團法人中州科技大學,碩士在職專班,男,3,0,0,0,0,0,0,0,0,0,0,0,0,0,0,0,0
110,私立,技專校院,1068,中州學校財團法人中州科技大學,二專(進修),女,69,1,0,0,0,0,1,0,0,0,0,0,0,0,0,0,0
110,私立,技專校院,1068,中州學校財團法人中州科技大學,學士班(日間),女,220,4,0,1,2,0,1,0,0,0,0,0,0,0,0,0,0
110,私立,技專校院,1068,中州學校財團法人中州科技大學,學士班(進修),女,708,8,2,1,1,1,1,0,0,0,0,0,0,2,0,0,0
110,私立,技專校院,1068,中州學校財團法人中州科技大學,碩士班(日間),女,1,0,0,0,0,0,0,0,0,0,0,0,0,0,0,0,0
110,私立,技專校院,1068,中州學校財團法人中州科技大學,碩士在職專班,女,7,1,0,0,0,0,1,0,0,0,0,0,0,0,0,0,0
110,私立,技專校院,1069,修平學校財團法人修平科技大學,二專(進修),男,3,3,0,0,0,0,0,0,0,0,0,0,0,0,0,3,0
110,私立,技專校院,1069,修平學校財團法人修平科技大學,學士班(日間),男,2086,82,2,6,6,20,32,0,0,1,0,0,2,10,2,1,0
110,私立,技專校院,1069,修平學校財團法人修平科技大學,學士班(進修),男,1748,90,2,3,2,20,34,0,0,2,0,0,2,1,0,24,0
110,私立,技專校院,1069,修平學校財團法人修平科技大學,碩士班(日間),男,50,4,0,0,0,2,1,0,0,0,0,0,0,1,0,0,0
110,私立,技專校院,1069,修平學校財團法人修平科技大學,碩士在職專班,男,31,2,0,0,0,0,1,0,0,0,0,1,0,0,0,0,0
110,私立,技專校院,1069,修平學校財團法人修平科技大學,二專(進修),女,0,1,0,0,0,0,0,0,0,0,0,0,0,0,0,1,0
110,私立,技專校院,1069,修平學校財團法人修平科技大學,學士班(日間),女,747,33,8,2,1,5,6,0,2,0,2,0,2,3,0,2,0
110,私立,技專校院,1069,修平學校財團法人修平科技大學,學士班(進修),女,323,22,1,0,0,1,2,0,0,0,0,0,0,2,0,16,0
110,私立,技專校院,1069,修平學校財團法人修平科技大學,碩士班(日間),女,27,2,0,0,0,0,0,0,0,0,0,2,0,0,0,0,0
110,私立,技專校院,1069,修平學校財團法人修平科技大學,碩士在職專班,女,9,0,0,0,0,0,0,0,0,0,0,0,0,0,0,0,0
110,私立,技專校院,1070,長庚學校財團法人長庚科技大學,學士班(日間),男,580,13,2,0,0,7,2,0,0,0,0,0,1,0,0,1,0
110,私立,技專校院,1070,長庚學校財團法人長庚科技大學,學士班(進修),男,88,0,0,0,0,0,0,0,0,0,0,0,0,0,0,0,0
110,私立,技專校院,1070,長庚學校財團法人長庚科技大學,碩士班(日間),男,7,0,0,0,0,0,0,0,0,0,0,0,0,0,0,0,0
110,私立,技專校院,1070,長庚學校財團法人長庚科技大學,碩士在職專班,男,3,0,0,0,0,0,0,0,0,0,0,0,0,0,0,0,0
110,私立,技專校院,1070,長庚學校財團法人長庚科技大學,學士班(日間),女,4399,90,20,3,1,35,13,1,0,0,2,0,9,1,4,1,0
110,私立,技專校院,1070,長庚學校財團法人長庚科技大學,學士班(進修),女,1109,58,6,1,0,3,32,3,4,0,1,0,0,3,2,0,3
110,私立,技專校院,1070,長庚學校財團法人長庚科技大學,碩士班(日間),女,64,11,2,1,0,1,4,0,2,0,0,1,0,0,0,0,0
110,私立,技專校院,1070,長庚學校財團法人長庚科技大學,碩士在職專班,女,147,27,3,0,0,0,15,0,3,0,0,6,0,0,0,0,0
110,私立,技專校院,1071,城市學校財團法人臺北城市科技大學,二專(進修),男,174,114,2,0,1,0,11,0,0,7,0,0,1,0,0,90,2
110,私立,技專校院,1071,城市學校財團法人臺北城市科技大學,五專,男,603,56,2,2,2,4,18,0,0,12,2,0,1,1,0,1,11
110,私立,技專校院,1071,城市學校財團法人臺北城市科技大學,學士班(日間),男,4334,250,9,30,3,4,60,0,0,54,4,0,7,18,13,1,47
110,私立,技專校院,1071,城市學校財團法人臺北城市科技大學,學士班(進修),男,843,237,0,6,4,4,29,0,0,18,2,0,0,9,0,154,11
110,私立,技專校院,1071,城市學校財團法人臺北城市科技大學,碩士班(日間),男,66,19,1,1,0,0,11,0,0,1,0,4,0,1,0,0,0
110,私立,技專校院,1071,城市學校財團法人臺北城市科技大學,二專(進修),女,200,124,3,2,2,1,19,1,0,0,0,0,0,2,0,89,5
110,私立,技專校院,1071,城市學校財團法人臺北城市科技大學,五專,女,330,22,1,2,2,2,5,0,0,0,0,0,3,4,0,0,3
110,私立,技專校院,1071,城市學校財團法人臺北城市科技大學,學士班(日間),女,2487,156,6,26,0,4,44,1,1,0,2,0,4,19,11,2,36
110,私立,技專校院,1071,城市學校財團法人臺北城市科技大學,學士班(進修),女,401,87,1,2,1,2,15,0,0,0,0,0,0,2,0,57,7
110,私立,技專校院,1071,城市學校財團法人臺北城市科技大學,碩士班(日間),女,21,6,0,1,0,0,4,0,0,0,0,0,0,0,0,0,1
110,私立,技專校院,1072,大華學校財團法人敏實科技大學,五專,男,106,2,0,0,0,0,2,0,0,0,0,0,0,0,0,0,0
110,私立,技專校院,1072,大華學校財團法人敏實科技大學,學士班(日間),男,197,9,2,1,0,2,4,0,0,0,0,0,0,0,0,0,0
110,私立,技專校院,1072,大華學校財團法人敏實科技大學,學士班(進修),男,61,5,0,1,0,0,4,0,0,0,0,0,0,0,0,0,0
110,私立,技專校院,1072,大華學校財團法人敏實科技大學,五專,女,97,4,0,0,0,3,1,0,0,0,0,0,0,0,0,0,0
110,私立,技專校院,1072,大華學校財團法人敏實科技大學,學士班(日間),女,65,4,1,1,1,0,1,0,0,0,0,0,0,0,0,0,0
110,私立,技專校院,1072,大華學校財團法人敏實科技大學,學士班(進修),女,53,1,0,0,0,0,1,0,0,0,0,0,0,0,0,0,0
110,私立,技專校院,1073,醒吾學校財團法人醒吾科技大學,二專(進修),男,59,47,2,0,23,7,14,0,0,1,0,0,0,0,0,0,0
110,私立,技專校院,1073,醒吾學校財團法人醒吾科技大學,五專,男,127,19,1,1,3,8,4,0,0,1,1,0,0,0,0,0,0
110,私立,技專校院,1073,醒吾學校財團法人醒吾科技大學,學士班(日間),男,2565,203,14,36,14,47,55,0,0,9,3,0,13,8,1,0,3
110,私立,技專校院,1073,醒吾學校財團法人醒吾科技大學,學士班(進修),男,493,96,4,4,41,9,24,0,1,8,1,0,2,0,0,0,2
110,私立,技專校院,1073,醒吾學校財團法人醒吾科技大學,碩士班(日間),男,27,7,0,0,0,0,4,0,1,0,0,0,0,2,0,0,0
110,私立,技專校院,1073,醒吾學校財團法人醒吾科技大學,碩士在職專班,男,41,6,0,1,0,0,3,0,0,0,2,0,0,0,0,0,0
110,私立,技專校院,1073,醒吾學校財團法人醒吾科技大學,二專(進修),女,64,38,0,2,18,1,11,1,0,0,1,0,1,1,1,0,1
110,私立,技專校院,1073,醒吾學校財團法人醒吾科技大學,五專,女,206,19,2,1,0,8,3,1,0,0,0,0,0,0,4,0,0
110,私立,技專校院,1073,醒吾學校財團法人醒吾科技大學,學士班(日間),女,3208,243,17,43,13,76,52,7,0,0,10,0,18,3,2,0,2
110,私立,技專校院,1073,醒吾學校財團法人醒吾科技大學,學士班(進修),女,657,122,5,9,38,14,44,1,2,0,2,0,5,0,1,0,1
110,私立,技專校院,1073,醒吾學校財團法人醒吾科技大學,碩士班(日間),女,38,2,0,0,0,0,1,0,0,0,0,0,0,1,0,0,0
110,私立,技專校院,1073,醒吾學校財團法人醒吾科技大學,碩士在職專班,女,32,3,1,0,0,0,0,0,1,0,1,0,0,0,0,0,0
110,私立,技專校院,1075,文藻學校財團法人文藻外語大學,五專,男,290,18,1,1,4,7,1,0,0,0,3,0,0,0,0,1,0
110,私立,技專校院,1075,文藻學校財團法人文藻外語大學,學士班(日間),男,1449,114,8,4,37,21,22,0,0,5,4,0,0,3,6,4,0
110,私立,技專校院,1075,文藻學校財團法人文藻外語大學,學士班(進修),男,605,85,6,7,5,4,48,0,1,3,3,0,0,2,2,4,0
110,私立,技專校院,1075,文藻學校財團法人文藻外語大學,碩士班(日間),男,54,17,2,1,1,0,6,0,1,0,1,2,0,0,1,2,0
110,私立,技專校院,1075,文藻學校財團法人文藻外語大學,碩士在職專班,男,15,2,1,0,0,1,0,0,0,0,0,0,0,0,0,0,0
110,私立,技專校院,1075,文藻學校財團法人文藻外語大學,五專,女,1408,70,7,0,15,37,2,0,1,0,6,0,0,0,1,1,0
110,私立,技專校院,1075,文藻學校財團法人文藻外語大學,學士班(日間),女,3599,179,25,12,56,24,36,0,0,0,7,0,2,6,2,7,2
110,私立,技專校院,1075,文藻學校財團法人文藻外語大學,學士班(進修),女,1059,158,9,10,11,10,74,9,4,0,2,0,2,8,4,14,1
110,私立,技專校院,1075,文藻學校財團法人文藻外語大學,碩士班(日間),女,167,60,7,5,3,4,15,2,1,0,5,11,0,2,5,0,0
110,私立,技專校院,1075,文藻學校財團法人文藻外語大學,碩士在職專班,女,37,13,1,0,0,0,7,0,1,0,0,1,0,2,1,0,0
110,私立,技專校院,1076,華夏學校財團法人華夏科技大學,二專(進修),男,46,16,0,0,0,1,1,0,0,2,0,0,0,0,0,12,0
110,私立,技專校院,1076,華夏學校財團法人華夏科技大學,五專,男,450,49,2,1,4,16,8,0,0,3,0,0,2,0,1,8,4
110,私立,技專校院,1076,華夏學校財團法人華夏科技大學,學士班(日間),男,889,98,4,9,1,13,7,0,0,20,0,0,3,1,2,35,3
110,私立,技專校院,1076,華夏學校財團法人華夏科技大學,學士班(進修),男,777,77,5,2,0,5,36,0,0,7,0,0,1,1,0,15,5
110,私立,技專校院,1076,華夏學校財團法人華夏科技大學,碩士班(日間),男,30,13,0,0,0,0,3,0,1,0,0,2,0,0,0,7,0
110,私立,技專校院,1076,華夏學校財團法人華夏科技大學,碩士在職專班,男,42,6,1,0,0,0,2,0,0,0,0,1,0,0,0,2,0
110,私立,技專校院,1076,華夏學校財團法人華夏科技大學,二專(進修),女,66,17,0,1,0,1,4,0,0,0,0,0,0,1,0,9,1
110,私立,技專校院,1076,華夏學校財團法人華夏科技大學,五專,女,108,10,1,0,0,3,0,0,0,0,2,0,1,0,0,3,0
110,私立,技專校院,1076,華夏學校財團法人華夏科技大學,學士班(日間),女,467,75,2,6,0,15,17,4,1,0,1,0,2,3,1,21,2
110,私立,技專校院,1076,華夏學校財團法人華夏科技大學,學士班(進修),女,600,61,4,2,1,7,22,2,2,0,0,0,2,2,0,15,2
110,私立,技專校院,1076,華夏學校財團法人華夏科技大學,碩士班(日間),女,5,3,0,0,0,0,0,0,0,0,0,2,1,0,0,0,0
110,私立,技專校院,1076,華夏學校財團法人華夏科技大學,碩士在職專班,女,20,4,0,0,0,0,1,0,0,0,0,1,0,0,0,2,0
110,私立,技專校院,1077,慈濟學校財團法人慈濟科技大學,二專(日間),男,4,0,0,0,0,0,0,0,0,0,0,0,0,0,0,0,0
110,私立,技專校院,1077,慈濟學校財團法人慈濟科技大學,二專(進修),男,5,0,0,0,0,0,0,0,0,0,0,0,0,0,0,0,0
110,私立,技專校院,1077,慈濟學校財團法人慈濟科技大學,五專,男,206,15,1,2,7,5,0,0,0,0,0,0,0,0,0,0,0
110,私立,技專校院,1077,慈濟學校財團法人慈濟科技大學,學士班(日間),男,524,31,2,3,7,9,3,0,1,3,0,0,0,1,2,0,0
110,私立,技專校院,1077,慈濟學校財團法人慈濟科技大學,學士班(進修),男,25,5,0,0,0,0,3,0,0,0,0,0,1,1,0,0,0
110,私立,技專校院,1077,慈濟學校財團法人慈濟科技大學,碩士班(日間),男,18,3,0,0,0,0,3,0,0,0,0,0,0,0,0,0,0
110,私立,技專校院,1077,慈濟學校財團法人慈濟科技大學,二專(日間),女,10,0,0,0,0,0,0,0,0,0,0,0,0,0,0,0,0
110,私立,技專校院,1077,慈濟學校財團法人慈濟科技大學,二專(進修),女,6,0,0,0,0,0,0,0,0,0,0,0,0,0,0,0,0
110,私立,技專校院,1077,慈濟學校財團法人慈濟科技大學,五專,女,1143,44,7,0,6,24,3,0,2,0,0,0,0,2,0,0,0
110,私立,技專校院,1077,慈濟學校財團法人慈濟科技大學,學士班(日間),女,1038,43,4,3,6,18,8,1,1,0,0,0,0,0,1,0,1
110,私立,技專校院,1077,慈濟學校財團法人慈濟科技大學,學士班(進修),女,189,30,2,0,0,2,16,0,1,0,0,0,1,6,0,0,2
110,私立,技專校院,1077,慈濟學校財團法人慈濟科技大學,碩士班(日間),女,43,14,2,0,0,0,8,1,2,0,0,1,0,0,0,0,0
110,私立,技專校院,1078,致理學校財團法人致理科技大學,五專,男,348,19,3,0,4,9,1,0,0,1,1,0,0,0,0,0,0
110,私立,技專校院,1078,致理學校財團法人致理科技大學,學士班(日間),男,2146,77,3,3,13,23,16,0,0,5,3,0,6,3,1,0,1
110,私立,技專校院,1078,致理學校財團法人致理科技大學,學士班(進修),男,1311,132,2,11,12,21,70,0,0,9,0,0,4,1,1,0,1
110,私立,技專校院,1078,致理學校財團法人致理科技大學,碩士班(日間),男,10,3,0,0,0,0,2,0,0,0,0,1,0,0,0,0,0
110,私立,技專校院,1078,致理學校財團法人致理科技大學,碩士在職專班,男,13,3,0,0,0,0,2,0,0,0,0,1,0,0,0,0,0
110,私立,技專校院,1078,致理學校財團法人致理科技大學,五專,女,1208,67,5,1,14,36,6,0,0,0,3,0,2,0,0,0,0
110,私立,技專校院,1078,致理學校財團法人致理科技大學,學士班(日間),女,4510,122,6,7,22,29,28,1,3,1,4,0,6,6,9,0,0
110,私立,技專校院,1078,致理學校財團法人致理科技大學,學士班(進修),女,1868,148,12,11,7,20,69,4,16,0,1,0,3,5,0,0,0
110,私立,技專校院,1078,致理學校財團法人致理科技大學,碩士班(日間),女,40,7,0,2,0,0,1,0,0,0,0,2,0,2,0,0,0
110,私立,技專校院,1078,致理學校財團法人致理科技大學,碩士在職專班,女,32,8,0,0,0,0,4,0,0,0,0,2,0,2,0,0,0
110,私立,一般大學,1079,康寧學校財團法人康寧大學,二專(進修),男,45,4,0,0,0,0,4,0,0,0,0,0,0,0,0,0,0
110,私立,一般大學,1079,康寧學校財團法人康寧大學,五專,男,636,41,4,1,4,10,1,0,0,3,3,0,5,0,5,1,4
110,私立,一般大學,1079,康寧學校財團法人康寧大學,學士班(日間),男,59,4,0,0,0,1,1,0,0,0,0,0,0,0,0,2,0
110,私立,一般大學,1079,康寧學校財團法人康寧大學,學士班(進修),男,18,1,0,0,0,0,1,0,0,0,0,0,0,0,0,0,0
110,私立,一般大學,1079,康寧學校財團法人康寧大學,碩士班(日間),男,3,4,1,0,2,0,1,0,0,0,0,0,0,0,0,0,0
110,私立,一般大學,1079,康寧學校財團法人康寧大學,碩士在職專班,男,5,2,0,0,0,0,2,0,0,0,0,0,0,0,0,0,0
110,私立,一般大學,1079,康寧學校財團法人康寧大學,二專(進修),女,137,4,2,0,0,0,1,1,0,0,0,0,0,0,0,0,0
110,私立,一般大學,1079,康寧學校財團法人康寧大學,五專,女,2017,90,10,1,4,32,6,0,2,0,2,0,6,1,3,14,9
110,私立,一般大學,1079,康寧學校財團法人康寧大學,學士班(日間),女,177,8,1,0,1,3,1,0,0,0,0,0,0,1,0,1,0
110,私立,一般大學,1079,康寧學校財團法人康寧大學,學士班(進修),女,170,17,5,1,0,0,7,1,0,0,0,0,0,2,0,1,0
110,私立,一般大學,1079,康寧學校財團法人康寧大學,碩士班(日間),女,5,6,0,0,1,0,5,0,0,0,0,0,0,0,0,0,0
110,私立,一般大學,1079,康寧學校財團法人康寧大學,碩士在職專班,女,8,9,0,0,0,0,6,0,0,0,0,0,0,1,0,2,0
110,私立,技專校院,1080,宏國學校財團法人宏國德霖科技大學,二專(進修),男,7,0,0,0,0,0,0,0,0,0,0,0,0,0,0,0,0
110,私立,技專校院,1080,宏國學校財團法人宏國德霖科技大學,五專,男,657,32,3,2,9,5,5,0,0,8,0,0,0,0,0,0,0
110,私立,技專校院,1080,宏國學校財團法人宏國德霖科技大學,學士班(日間),男,1223,64,7,12,5,13,13,0,0,10,0,0,0,0,3,1,0
110,私立,技專校院,1080,宏國學校財團法人宏國德霖科技大學,學士班(進修),男,1145,38,3,3,2,0,24,0,0,3,1,0,0,1,0,1,0
110,私立,技專校院,1080,宏國學校財團法人宏國德霖科技大學,碩士班(日間),男,16,1,0,0,0,0,1,0,0,0,0,0,0,0,0,0,0
110,私立,技專校院,1080,宏國學校財團法人宏國德霖科技大學,二專(進修),女,18,0,0,0,0,0,0,0,0,0,0,0,0,0,0,0,0
110,私立,技專校院,1080,宏國學校財團法人宏國德霖科技大學,五專,女,433,17,2,0,7,3,1,0,0,0,0,0,1,3,0,0,0
110,私立,技專校院,1080,宏國學校財團法人宏國德霖科技大學,學士班(日間),女,779,30,3,6,3,8,5,3,0,0,0,0,0,1,1,0,0
110,私立,技專校院,1080,宏國學校財團法人宏國德霖科技大學,學士班(進修),女,703,27,4,0,0,0,16,1,0,0,0,0,0,6,0,0,0
110,私立,技專校院,1080,宏國學校財團法人宏國德霖科技大學,碩士班(日間),女,15,1,0,0,0,0,1,0,0,0,0,0,0,0,0,0,0
110,私立,技專校院,1081,東方學校財團法人東方設計大學,二專(進修),男,43,33,0,0,0,0,2,0,0,1,0,0,0,0,0,30,0
110,私立,技專校院,1081,東方學校財團法人東方設計大學,五專,男,213,39,0,0,0,1,3,0,0,1,1,0,0,0,1,23,9
110,私立,技專校院,1081,東方學校財團法人東方設計大學,學士班(日間),男,282,63,3,3,0,0,4,0,0,3,0,0,0,0,0,44,6
110,私立,技專校院,1081,東方學校財團法人東方設計大學,學士班(進修),男,173,19,0,0,0,0,0,0,0,1,0,0,0,0,0,17,1
110,私立,技專校院,1081,東方學校財團法人東方設計大學,碩士班(日間),男,30,20,0,0,0,0,4,0,0,0,0,0,0,0,0,16,0
110,私立,技專校院,1081,東方學校財團法人東方設計大學,碩士在職專班,男,19,0,0,0,0,0,0,0,0,0,0,0,0,0,0,0,0
110,私立,技專校院,1081,東方學校財團法人東方設計大學,博士班,男,14,0,0,0,0,0,0,0,0,0,0,0,0,0,0,0,0
110,私立,技專校院,1081,東方學校財團法人東方設計大學,二專(進修),女,32,32,0,0,0,0,1,0,0,0,0,0,0,0,0,31,0
110,私立,技專校院,1081,東方學校財團法人東方設計大學,五專,女,246,35,3,0,0,1,1,0,0,0,0,0,0,0,1,26,3
110,私立,技專校院,1081,東方學校財團法人東方設計大學,學士班(日間),女,218,39,3,0,0,0,4,0,0,0,0,0,0,0,0,25,7
110,私立,技專校院,1081,東方學校財團法人東方設計大學,學士班(進修),女,113,22,0,0,0,0,0,0,0,0,0,0,0,0,0,22,0
110,私立,技專校院,1081,東方學校財團法人東方設計大學,碩士班(日間),女,51,12,0,0,0,0,1,0,0,0,0,0,0,0,0,11,0
110,私立,技專校院,1081,東方學校財團法人東方設計大學,碩士在職專班,女,23,8,1,0,0,0,1,0,0,0,0,0,0,0,0,6,0
110,私立,技專校院,1081,東方學校財團法人東方設計大學,博士班,女,14,0,0,0,0,0,0,0,0,0,0,0,0,0,0,0,0
110,私立,技專校院,1082,崇右學校財團法人崇右影藝科技大學,二專(進修),男,78,0,0,0,0,0,0,0,0,0,0,0,0,0,0,0,0
110,私立,技專校院,1082,崇右學校財團法人崇右影藝科技大學,五專,男,3,0,0,0,0,0,0,0,0,0,0,0,0,0,0,0,0
110,私立,技專校院,1082,崇右學校財團法人崇右影藝科技大學,學士班(日間),男,699,21,2,3,3,1,7,0,0,5,0,0,0,0,0,0,0
110,私立,技專校院,1082,崇右學校財團法人崇右影藝科技大學,學士班(進修),男,80,1,0,1,0,0,0,0,0,0,0,0,0,0,0,0,0
110,私立,技專校院,1082,崇右學校財團法人崇右影藝科技大學,碩士班(日間),男,36,1,0,0,0,0,1,0,0,0,0,0,0,0,0,0,0
110,私立,技專校院,1082,崇右學校財團法人崇右影藝科技大學,二專(進修),女,62,1,0,0,0,1,0,0,0,0,0,0,0,0,0,0,0
110,私立,技專校院,1082,崇右學校財團法人崇右影藝科技大學,五專,女,3,0,0,0,0,0,0,0,0,0,0,0,0,0,0,0,0
110,私立,技專校院,1082,崇右學校財團法人崇右影藝科技大學,學士班(日間),女,874,38,5,11,2,6,9,2,2,0,0,0,1,0,0,0,0
110,私立,技專校院,1082,崇右學校財團法人崇右影藝科技大學,學士班(進修),女,62,0,0,0,0,0,0,0,0,0,0,0,0,0,0,0,0
110,私立,技專校院,1082,崇右學校財團法人崇右影藝科技大學,碩士班(日間),女,27,2,0,1,0,0,0,0,0,0,0,1,0,0,0,0,0
110,私立,技專校院,1083,台北海洋學校財團法人台北海洋科技大學,二專(日間),男,49,2,0,0,0,0,0,0,0,0,0,0,0,0,0,2,0
110,私立,技專校院,1083,台北海洋學校財團法人台北海洋科技大學,二專(進修),男,73,9,0,3,0,0,5,0,0,0,0,0,0,0,0,0,1
110,私立,技專校院,1083,台北海洋學校財團法人台北海洋科技大學,五專,男,426,57,2,10,0,14,16,0,0,7,0,0,0,0,0,8,0
110,私立,技專校院,1083,台北海洋學校財團法人台北海洋科技大學,學士班(日間),男,1399,148,5,21,0,32,41,0,0,16,1,0,0,0,0,30,2
110,私立,技專校院,1083,台北海洋學校財團法人台北海洋科技大學,學士班(進修),男,329,25,0,4,0,3,13,0,0,3,0,0,0,0,0,0,2
110,私立,技專校院,1083,台北海洋學校財團法人台北海洋科技大學,碩士班(日間),男,82,26,0,0,0,1,18,0,0,0,0,0,0,0,0,6,1
110,私立,技專校院,1083,台北海洋學校財團法人台北海洋科技大學,二專(日間),女,2,0,0,0,0,0,0,0,0,0,0,0,0,0,0,0,0
110,私立,技專校院,1083,台北海洋學校財團法人台北海洋科技大學,二專(進修),女,8,3,0,3,0,0,0,0,0,0,0,0,0,0,0,0,0
110,私立,技專校院,1083,台北海洋學校財團法人台北海洋科技大學,五專,女,270,27,1,5,0,9,6,0,1,0,0,0,0,0,0,5,0
110,私立,技專校院,1083,台北海洋學校財團法人台北海洋科技大學,學士班(日間),女,1022,75,6,14,0,21,17,0,0,0,0,0,0,0,0,13,4
110,私立,技專校院,1083,台北海洋學校財團法人台北海洋科技大學,學士班(進修),女,403,28,3,8,0,2,11,3,0,0,0,0,0,0,0,0,1
110,私立,技專校院,1083,台北海洋學校財團法人台北海洋科技大學,碩士班(日間),女,61,7,1,0,0,0,5,0,0,0,0,0,0,0,0,1,0
110,私立,技專校院,1084,亞東學校財團法人亞東科技大學,學士班(日間),男,2813,149,7,25,18,22,54,0,0,5,2,0,12,1,2,0,1
110,私立,技專校院,1084,亞東學校財團法人亞東科技大學,學士班(進修),男,1,0,0,0,0,0,0,0,0,0,0,0,0,0,0,0,0
110,私立,技專校院,1084,亞東學校財團法人亞東科技大學,碩士班(日間),男,43,4,0,1,0,0,3,0,0,0,0,0,0,0,0,0,0
110,私立,技專校院,1084,亞東學校財團法人亞東科技大學,學士班(日間),女,1212,54,7,9,7,4,14,1,0,0,1,0,11,0,0,0,0
110,私立,技專校院,1084,亞東學校財團法人亞東科技大學,學士班(進修),女,146,7,1,1,0,0,3,0,2,0,0,0,0,0,0,0,0
110,私立,技專校院,1084,亞東學校財團法人亞東科技大學,碩士班(日間),女,8,6,1,1,0,0,4,0,0,0,0,0,0,0,0,0,0
110,私立,一般大學,1125,中信學校財團法人中信金融管理學院,學士班(日間),男,470,5,0,0,0,5,0,0,0,0,0,0,0,0,0,0,0
110,私立,一般大學,1125,中信學校財團法人中信金融管理學院,碩士班(日間),男,58,5,0,0,0,0,4,0,0,1,0,0,0,0,0,0,0
110,私立,一般大學,1125,中信學校財團法人中信金融管理學院,碩士在職專班,男,15,3,0,0,0,0,3,0,0,0,0,0,0,0,0,0,0
110,私立,一般大學,1125,中信學校財團法人中信金融管理學院,學士班(日間),女,295,1,0,0,0,0,1,0,0,0,0,0,0,0,0,0,0
110,私立,一般大學,1125,中信學校財團法人中信金融管理學院,碩士班(日間),女,59,6,0,0,0,0,5,0,0,0,0,0,0,1,0,0,0
110,私立,一般大學,1125,中信學校財團法人中信金融管理學院,碩士在職專班,女,22,3,0,0,0,0,3,0,0,0,0,0,0,0,0,0,0
110,私立,技專校院,1148,大漢技術學院,二專(進修),男,55,9,0,0,0,1,7,0,0,0,0,0,0,1,0,0,0
110,私立,技專校院,1148,大漢技術學院,學士班(日間),男,112,21,1,3,4,6,2,0,0,5,0,0,0,0,0,0,0
110,私立,技專校院,1148,大漢技術學院,學士班(進修),男,306,34,0,0,1,1,23,0,1,6,1,0,1,0,0,0,0
110,私立,技專校院,1148,大漢技術學院,碩士班(日間),男,51,27,1,1,0,0,10,0,0,0,0,14,0,1,0,0,0
110,私立,技專校院,1148,大漢技術學院,二專(進修),女,52,10,0,0,0,1,6,1,0,0,0,0,0,1,0,0,1
110,私立,技專校院,1148,大漢技術學院,學士班(日間),女,85,10,1,1,7,1,0,0,0,0,0,0,0,0,0,0,0
110,私立,技專校院,1148,大漢技術學院,學士班(進修),女,207,26,2,1,0,1,15,1,1,0,0,0,1,3,1,0,0
110,私立,技專校院,1148,大漢技術學院,碩士班(日間),女,36,9,0,0,0,0,6,0,0,0,0,2,1,0,0,0,0
110,私立,技專校院,1159,和春技術學院,二專(進修),男,43,4,0,0,0,0,3,0,0,1,0,0,0,0,0,0,0
110,私立,技專校院,1159,和春技術學院,五專,男,18,2,0,0,0,0,1,0,0,0,0,0,0,0,0,1,0
110,私立,技專校院,1159,和春技術學院,學士班(日間),男,61,3,1,0,0,0,2,0,0,0,0,0,0,0,0,0,0
110,私立,技專校院,1159,和春技術學院,學士班(進修),男,102,3,0,0,0,0,3,0,0,0,0,0,0,0,0,0,0
110,私立,技專校院,1159,和春技術學院,二專(進修),女,9,0,0,0,0,0,0,0,0,0,0,0,0,0,0,0,0
110,私立,技專校院,1159,和春技術學院,五專,女,16,0,0,0,0,0,0,0,0,0,0,0,0,0,0,0,0
110,私立,技專校院,1159,和春技術學院,學士班(日間),女,16,3,0,0,0,0,1,0,1,0,0,0,0,0,0,0,1
110,私立,技專校院,1159,和春技術學院,學士班(進修),女,36,2,0,0,0,0,2,0,0,0,0,0,0,0,0,0,0
110,私立,技專校院,1168,南亞科技學校財團法人南亞技術學院,二專(進修),男,20,6,0,0,0,1,5,0,0,0,0,0,0,0,0,0,0
110,私立,技專校院,1168,南亞科技學校財團法人南亞技術學院,五專,男,118,24,0,4,0,3,13,0,0,0,0,0,0,0,0,4,0
110,私立,技專校院,1168,南亞科技學校財團法人南亞技術學院,學士班(日間),男,748,98,9,21,0,20,15,0,0,18,0,0,3,5,0,7,0
110,私立,技專校院,1168,南亞科技學校財團法人南亞技術學院,學士班(進修),男,577,102,0,6,0,1,68,0,2,9,0,0,1,4,1,10,0
110,私立,技專校院,1168,南亞科技學校財團法人南亞技術學院,碩士班(日間),男,9,5,1,0,0,0,0,0,0,0,0,4,0,0,0,0,0
110,私立,技專校院,1168,南亞科技學校財團法人南亞技術學院,二專(進修),女,10,1,0,0,0,0,1,0,0,0,0,0,0,0,0,0,0
110,私立,技專校院,1168,南亞科技學校財團法人南亞技術學院,五專,女,78,9,0,0,0,1,6,0,1,0,0,0,0,0,0,1,0
110,私立,技專校院,1168,南亞科技學校財團法人南亞技術學院,學士班(日間),女,420,33,2,6,0,3,12,1,3,0,0,0,0,2,0,4,0
110,私立,技專校院,1168,南亞科技學校財團法人南亞技術學院,學士班(進修),女,780,68,6,4,0,3,29,12,5,0,0,0,0,6,0,3,0
110,私立,技專校院,1168,南亞科技學校財團法人南亞技術學院,碩士班(日間),女,2,0,0,0,0,0,0,0,0,0,0,0,0,0,0,0,0
110,私立,技專校院,1182,蘭陽技術學院,五專,男,71,0,0,0,0,0,0,0,0,0,0,0,0,0,0,0,0
110,私立,技專校院,1182,蘭陽技術學院,學士班(日間),男,79,0,0,0,0,0,0,0,0,0,0,0,0,0,0,0,0
110,私立,技專校院,1182,蘭陽技術學院,學士班(進修),男,34,0,0,0,0,0,0,0,0,0,0,0,0,0,0,0,0
110,私立,技專校院,1182,蘭陽技術學院,五專,女,59,0,0,0,0,0,0,0,0,0,0,0,0,0,0,0,0
110,私立,技專校院,1182,蘭陽技術學院,學士班(日間),女,53,0,0,0,0,0,0,0,0,0,0,0,0,0,0,0,0
110,私立,技專校院,1182,蘭陽技術學院,學士班(進修),女,29,0,0,0,0,0,0,0,0,0,0,0,0,0,0,0,0
110,私立,技專校院,1183,黎明技術學院,五專,男,316,20,0,0,3,5,8,0,0,2,0,0,2,0,0,0,0
110,私立,技專校院,1183,黎明技術學院,學士班(日間),男,1877,161,5,22,15,29,48,0,0,19,0,0,10,2,0,0,11
110,私立,技專校院,1183,黎明技術學院,學士班(進修),男,801,50,2,7,0,2,24,0,0,2,0,0,3,2,0,8,0
110,私立,技專校院,1183,黎明技術學院,五專,女,64,1,0,0,0,0,0,0,0,0,0,0,0,0,1,0,0
110,私立,技專校院,1183,黎明技術學院,學士班(日間),女,1673,123,8,21,3,24,42,0,0,0,1,0,13,2,0,0,9
110,私立,技專校院,1183,黎明技術學院,學士班(進修),女,523,25,3,2,0,4,14,0,0,0,0,0,1,0,0,1,0
110,私立,技專校院,1185,德育學校財團法人德育護理健康學院,二專(進修),男,42,2,0,0,0,0,1,0,0,0,0,0,0,0,0,1,0
110,私立,技專校院,1185,德育學校財團法人德育護理健康學院,五專,男,259,45,1,3,6,5,8,0,0,10,0,0,2,0,0,0,10
110,私立,技專校院,1185,德育學校財團法人德育護理健康學院,學士班(日間),男,636,55,3,5,2,9,13,0,0,5,1,0,4,0,0,0,13
110,私立,技專校院,1185,德育學校財團法人德育護理健康學院,學士班(進修),男,165,11,0,1,0,0,7,0,0,1,1,0,0,0,0,1,0
110,私立,技專校院,1185,德育學校財團法人德育護理健康學院,碩士班(日間),男,4,2,1,0,0,0,0,0,0,0,0,0,0,0,0,0,1
110,私立,技專校院,1185,德育學校財團法人德育護理健康學院,碩士在職專班,男,12,2,0,0,0,0,2,0,0,0,0,0,0,0,0,0,0
110,私立,技專校院,1185,德育學校財團法人德育護理健康學院,二專(進修),女,172,12,0,1,0,0,7,1,1,0,0,0,0,1,1,0,0
110,私立,技專校院,1185,德育學校財團法人德育護理健康學院,五專,女,753,74,6,9,16,20,10,0,2,0,0,0,3,0,0,1,7
110,私立,技專校院,1185,德育學校財團法人德育護理健康學院,學士班(日間),女,1180,97,7,12,8,15,16,3,4,0,1,0,11,5,0,1,14
110,私立,技專校院,1185,德育學校財團法人德育護理健康學院,學士班(進修),女,713,27,2,1,2,1,13,0,3,0,0,0,1,2,0,2,0
110,私立,技專校院,1185,德育學校財團法人德育護理健康學院,碩士班(日間),女,44,11,0,2,0,0,5,0,0,0,1,3,0,0,0,0,0
110,私立,技專校院,1185,德育學校財團法人德育護理健康學院,碩士在職專班,女,28,5,0,0,0,0,2,0,0,0,0,1,0,2,0,0,0
110,私立,技專校院,1188,大同技術學院,二專(進修),男,22,6,0,0,0,0,5,0,0,0,0,0,0,0,0,0,1
110,私立,技專校院,1188,大同技術學院,五專,男,44,5,0,0,0,1,1,0,0,1,0,0,0,0,0,2,0
110,私立,技專校院,1188,大同技術學院,學士班(日間),男,185,27,1,0,0,2,7,0,0,1,0,0,0,0,0,16,0
110,私立,技專校院,1188,大同技術學院,學士班(進修),男,111,16,0,1,0,1,10,0,0,0,0,0,0,0,1,0,3
110,私立,技專校院,1188,大同技術學院,二專(進修),女,23,1,0,0,0,0,0,0,0,0,0,0,0,0,0,0,1
110,私立,技專校院,1188,大同技術學院,五專,女,36,2,0,0,1,0,0,1,0,0,0,0,0,0,0,0,0
110,私立,技專校院,1188,大同技術學院,學士班(日間),女,212,13,2,0,0,3,5,1,0,0,0,0,0,0,0,2,0
110,私立,技專校院,1188,大同技術學院,學士班(進修),女,309,41,1,1,1,1,24,2,0,0,1,0,0,1,0,3,6
110,私立,一般大學,1195,馬偕學校財團法人馬偕醫學院,學士班(日間),男,254,9,1,0,0,7,0,0,0,0,1,0,0,0,0,0,0
110,私立,一般大學,1195,馬偕學校財團法人馬偕醫學院,學士班(進修),男,2,0,0,0,0,0,0,0,0,0,0,0,0,0,0,0,0
110,私立,一般大學,1195,馬偕學校財團法人馬偕醫學院,碩士班(日間),男,18,6,0,0,0,1,3,0,0,0,0,1,0,0,0,0,1
110,私立,一般大學,1195,馬偕學校財團法人馬偕醫學院,碩士在職專班,男,6,1,0,0,0,0,1,0,0,0,0,0,0,0,0,0,0
110,私立,一般大學,1195,馬偕學校財團法人馬偕醫學院,博士班,男,8,0,0,0,0,0,0,0,0,0,0,0,0,0,0,0,0
110,私立,一般大學,1195,馬偕學校財團法人馬偕醫學院,學士班(日間),女,473,16,2,0,0,10,1,0,0,0,1,0,0,0,0,0,2
110,私立,一般大學,1195,馬偕學校財團法人馬偕醫學院,學士班(進修),女,76,1,0,0,0,0,1,0,0,0,0,0,0,0,0,0,0
110,私立,一般大學,1195,馬偕學校財團法人馬偕醫學院,碩士班(日間),女,42,10,1,0,0,2,3,0,0,0,0,2,0,1,0,0,1
110,私立,一般大學,1195,馬偕學校財團法人馬偕醫學院,碩士在職專班,女,22,3,1,0,0,0,1,0,0,0,1,0,0,0,0,0,0
110,私立,一般大學,1196,法鼓學校財團法人法鼓文理學院,學士班(日間),男,22,0,0,0,0,0,0,0,0,0,0,0,0,0,0,0,0
110,私立,一般大學,1196,法鼓學校財團法人法鼓文理學院,碩士班(日間),男,70,26,3,0,0,0,8,0,0,2,1,8,0,3,0,0,1
110,私立,一般大學,1196,法鼓學校財團法人法鼓文理學院,博士班,男,8,1,0,0,0,0,0,0,0,0,0,0,0,0,0,0,1
110,私立,一般大學,1196,法鼓學校財團法人法鼓文理學院,學士班(日間),女,30,2,0,0,0,0,0,0,0,0,0,0,0,0,0,0,2
110,私立,一般大學,1196,法鼓學校財團法人法鼓文理學院,碩士班(日間),女,189,52,2,4,0,0,14,0,1,0,0,28,0,2,0,0,1
110,私立,一般大學,1196,法鼓學校財團法人法鼓文理學院,博士班,女,10,8,1,0,0,0,1,0,0,0,0,6,0,0,0,0,0
110,私立,技專校院,1282,馬偕學校財團法人馬偕醫護管理專科學校,二專(進修),男,72,4,1,1,0,0,2,0,0,0,0,0,0,0,0,0,0
110,私立,技專校院,1282,馬偕學校財團法人馬偕醫護管理專科學校,五專,男,504,23,0,1,7,11,1,0,0,1,0,0,1,1,0,0,0
110,私立,技專校院,1282,馬偕學校財團法人馬偕醫護管理專科學校,二專(日間),女,1,2,0,0,0,0,2,0,0,0,0,0,0,0,0,0,0
110,私立,技專校院,1282,馬偕學校財團法人馬偕醫護管理專科學校,二專(進修),女,72,4,0,0,0,1,2,1,0,0,0,0,0,0,0,0,0
110,私立,技專校院,1282,馬偕學校財團法人馬偕醫護管理專科學校,五專,女,3348,75,5,5,7,40,6,2,1,0,2,0,6,1,0,0,0
110,私立,技專校院,1283,仁德醫護管理專科學校,二專(進修),男,212,2,1,0,0,0,1,0,0,0,0,0,0,0,0,0,0
110,私立,技專校院,1283,仁德醫護管理專科學校,五專,男,1333,46,5,5,10,17,3,0,0,4,0,0,2,0,0,0,0
110,私立,技專校院,1283,仁德醫護管理專科學校,二專(進修),女,204,6,1,0,0,1,2,1,0,0,1,0,0,0,0,0,0
110,私立,技專校院,1283,仁德醫護管理專科學校,五專,女,4637,97,12,9,13,42,7,3,0,0,0,0,9,2,0,0,0
110,私立,技專校院,1284,樹人醫護管理專科學校,二專(進修),男,301,50,1,1,0,10,26,0,0,0,0,0,0,0,0,0,12
110,私立,技專校院,1284,樹人醫護管理專科學校,五專,男,1472,64,2,0,7,41,7,0,0,3,1,0,1,0,0,0,2
110,私立,技專校院,1284,樹人醫護管理專科學校,二專(進修),女,261,42,5,0,0,7,20,1,0,0,0,0,0,0,0,0,9
110,私立,技專校院,1284,樹人醫護管理專科學校,五專,女,5271,155,28,0,13,82,10,2,0,0,0,0,11,0,0,0,9
110,私立,技專校院,1285,慈惠醫護管理專科學校,二專(日間),男,19,10,0,4,0,2,1,0,0,1,0,0,0,0,0,2,0
110,私立,技專校院,1285,慈惠醫護管理專科學校,二專(進修),男,88,16,0,1,0,1,8,0,0,0,0,0,0,0,0,0,6
110,私立,技專校院,1285,慈惠醫護管理專科學校,五專,男,641,123,7,25,9,31,22,0,0,15,0,0,3,0,0,11,0
110,私立,技專校院,1285,慈惠醫護管理專科學校,二專(日間),女,70,14,0,7,0,1,2,0,0,0,0,0,0,0,0,4,0
110,私立,技專校院,1285,慈惠醫護管理專科學校,二專(進修),女,163,31,5,3,1,0,8,3,0,0,0,0,0,0,0,0,11
110,私立,技專校院,1285,慈惠醫護管理專科學校,五專,女,2364,297,35,62,10,85,28,5,2,6,1,0,15,3,0,45,0
110,私立,技專校院,1286,耕莘健康管理專科學校,二專(進修),男,9,2,0,0,1,0,0,0,0,0,0,0,0,0,0,0,1
110,私立,技專校院,1286,耕莘健康管理專科學校,五專,男,422,19,1,0,2,11,2,0,0,0,0,0,0,0,0,2,1
110,私立,技專校院,1286,耕莘健康管理專科學校,二專(進修),女,111,11,3,0,0,0,3,0,1,0,0,0,0,3,0,0,1
110,私立,技專校院,1286,耕莘健康管理專科學校,五專,女,3850,131,12,0,11,72,9,0,1,0,1,0,4,3,3,7,8
110,私立,技專校院,1287,敏惠醫護管理專科學校,二專(進修),男,19,1,1,0,0,0,0,0,0,0,0,0,0,0,0,0,0
110,私立,技專校院,1287,敏惠醫護管理專科學校,五專,男,486,12,1,3,0,3,0,0,0,0,0,0,0,0,0,0,5
110,私立,技專校院,1287,敏惠醫護管理專科學校,二專(進修),女,45,6,2,0,0,1,0,0,0,0,0,0,0,0,0,0,3
110,私立,技專校院,1287,敏惠醫護管理專科學校,五專,女,3355,85,16,5,7,15,3,0,1,0,0,0,0,0,0,10,28
110,私立,技專校院,1289,育英醫護管理專科學校,五專,男,220,22,0,0,2,18,0,0,0,0,0,0,1,1,0,0,0
110,私立,技專校院,1289,育英醫護管理專科學校,五專,女,1703,63,7,4,21,14,5,0,0,0,1,0,4,7,0,0,0
110,私立,技專校院,1291,聖母醫護管理專科學校,二專(日間),男,17,0,0,0,0,0,0,0,0,0,0,0,0,0,0,0,0
110,私立,技專校院,1291,聖母醫護管理專科學校,二專(進修),男,27,4,0,0,0,0,4,0,0,0,0,0,0,0,0,0,0
110,私立,技專校院,1291,聖母醫護管理專科學校,五專,男,292,26,2,0,4,6,7,0,0,1,0,0,2,1,2,0,1
110,私立,技專校院,1291,聖母醫護管理專科學校,二專(日間),女,17,1,1,0,0,0,0,0,0,0,0,0,0,0,0,0,0
110,私立,技專校院,1291,聖母醫護管理專科學校,二專(進修),女,24,2,0,0,0,0,1,0,1,0,0,0,0,0,0,0,0
110,私立,技專校院,1291,聖母醫護管理專科學校,五專,女,1495,75,5,6,10,30,9,4,1,1,0,0,6,1,1,0,1
110,私立,技專校院,1292,新生醫護管理專科學校,二專(進修),男,9,0,0,0,0,0,0,0,0,0,0,0,0,0,0,0,0
110,私立,技專校院,1292,新生醫護管理專科學校,五專,男,728,36,1,5,15,3,4,0,0,0,0,0,3,0,0,0,5
110,私立,技專校院,1292,新生醫護管理專科學校,二專(進修),女,61,6,1,0,1,1,3,0,0,0,0,0,0,0,0,0,0
110,私立,技專校院,1292,新生醫護管理專科學校,五專,女,5257,201,22,10,49,22,16,5,4,0,1,0,22,1,0,0,49
110,私立,技專校院,1293,崇仁醫護管理專科學校,五專,男,445,17,1,1,2,5,2,0,0,0,0,0,2,0,0,0,4
110,私立,技專校院,1293,崇仁醫護管理專科學校,五專,女,2764,62,11,2,5,26,1,1,0,0,1,0,11,0,0,1,3
110,私立,宗教研修學院,1R02,學校財團法人中華浸信會基督教台灣浸會神學院,碩士班(日間),男,26,0,0,0,0,0,0,0,0,0,0,0,0,0,0,0,0
110,私立,宗教研修學院,1R02,學校財團法人中華浸信會基督教台灣浸會神學院,碩士班(日間),女,23,2,2,0,0,0,0,0,0,0,0,0,0,0,0,0,0
110,私立,宗教研修學院,1R03,臺北基督學院,學士班(日間),男,32,6,0,0,1,1,1,0,0,0,0,0,0,0,0,0,3
110,私立,宗教研修學院,1R03,臺北基督學院,學士班(日間),女,33,11,0,1,0,1,1,0,0,0,3,0,0,0,0,0,5
110,私立,宗教研修學院,1R04,財團法人一貫道天皇基金會一貫道天皇學院,學士班(日間),男,33,8,0,1,0,0,4,0,0,0,0,0,0,0,0,0,3
110,私立,宗教研修學院,1R04,財團法人一貫道天皇基金會一貫道天皇學院,碩士班(日間),男,14,6,1,0,0,0,2,0,0,0,0,0,0,2,0,0,1
110,私立,宗教研修學院,1R04,財團法人一貫道天皇基金會一貫道天皇學院,碩士在職專班,男,24,2,0,1,0,0,1,0,0,0,0,0,0,0,0,0,0
110,私立,宗教研修學院,1R04,財團法人一貫道天皇基金會一貫道天皇學院,學士班(日間),女,36,5,1,0,0,1,1,0,0,0,0,0,0,1,0,0,1
110,私立,宗教研修學院,1R04,財團法人一貫道天皇基金會一貫道天皇學院,碩士班(日間),女,11,1,0,0,0,0,0,0,0,0,0,0,0,0,0,0,1
110,私立,宗教研修學院,1R04,財團法人一貫道天皇基金會一貫道天皇學院,碩士在職專班,女,32,6,2,0,0,0,3,0,0,0,0,0,0,1,0,0,0
110,私立,宗教研修學院,1R05,台神學校財團法人台灣神學研究學院,碩士班(日間),男,41,2,0,0,0,0,1,0,0,0,0,1,0,0,0,0,0
110,私立,宗教研修學院,1R05,台神學校財團法人台灣神學研究學院,碩士班(日間),女,75,10,2,0,0,0,3,0,2,0,0,2,0,0,0,0,1
110,私立,宗教研修學院,1R06,一貫道崇德學院,碩士班(日間),男,30,9,1,0,0,0,3,0,0,0,1,4,0,0,0,0,0
110,私立,宗教研修學院,1R06,一貫道崇德學院,碩士班(日間),女,44,23,1,0,0,0,5,0,0,0,1,16,0,0,0,0,0
110,私立,宗教研修學院,1R07,台灣基督長老教會南神神學院,碩士班(日間),男,28,13,0,0,0,1,2,0,0,1,0,7,1,1,0,0,0
110,私立,宗教研修學院,1R07,台灣基督長老教會南神神學院,碩士班(日間),女,45,16,0,0,0,2,4,1,0,0,0,6,0,1,0,0,2
110,私立,宗教研修學院,1R08,中華福音神學研究學院,碩士班(日間),男,8,0,0,0,0,0,0,0,0,0,0,0,0,0,0,0,0
110,私立,宗教研修學院,1R08,中華福音神學研究學院,碩士班(日間),女,10,0,0,0,0,0,0,0,0,0,0,0,0,0,0,0,0
110,私立,宗教研修學院,1R09,唯心聖教學院,碩士班(日間),男,5,0,0,0,0,0,0,0,0,0,0,0,0,0,0,0,0
110,私立,宗教研修學院,1R09,唯心聖教學院,碩士班(日間),女,10,0,0,0,0,0,0,0,0,0,0,0,0,0,0,0,0
110,公立,一般大學,3002,臺北市立大學,學士班(日間),男,2363,114,7,12,11,24,27,0,0,4,8,0,6,1,8,2,4
110,公立,一般大學,3002,臺北市立大學,碩士班(日間),男,447,90,2,1,1,5,46,0,5,2,5,15,0,2,2,0,4
110,公立,一般大學,3002,臺北市立大學,碩士在職專班,男,316,50,2,2,0,0,26,0,6,0,1,7,0,4,2,0,0
110,公立,一般大學,3002,臺北市立大學,博士班,男,95,28,2,1,0,0,11,0,2,0,0,11,0,0,0,0,1
110,公立,一般大學,3002,臺北市立大學,學士班(日間),女,2982,72,9,5,6,18,8,0,0,0,13,0,2,0,8,1,2
110,公立,一般大學,3002,臺北市立大學,碩士班(日間),女,901,177,8,9,1,2,66,7,21,0,7,36,2,6,7,0,5
110,公立,一般大學,3002,臺北市立大學,碩士在職專班,女,885,158,13,1,0,2,74,6,20,0,3,23,0,10,1,0,5
110,公立,一般大學,3002,臺北市立大學,博士班,女,125,40,2,1,0,0,19,1,5,0,1,7,0,3,0,0,1
