學年度,設立別,學校類別,學校統計處代碼,學校名稱,系所代碼,系所名稱,學制班別(日間),大陸地區來臺學位生小計,大陸地區來臺學位生男,大陸地區來臺學位生女,大陸地區來臺學位生數之在學比率(%)
106,公立,一般大學,0001,國立政治大學,03111024,經濟學系,學士班(日間),4,1,3,0.95
106,公立,一般大學,0001,國立政治大學,04141067,國際經營與貿易學系,學士班(日間),2,0,2,0.59
106,公立,一般大學,0001,國立政治大學,01111001,教育學系,博士班,9,3,6,9.47
106,公立,一般大學,0001,國立政治大學,02221020,歷史學系,博士班,4,2,2,11.11
106,公立,一般大學,0001,國立政治大學,02311009,英國語文學系,博士班,6,2,4,27.27
106,公立,一般大學,0001,國立政治大學,02322008,中國文學系,博士班,6,3,3,8.57
106,公立,一般大學,0001,國立政治大學,03111024,經濟學系,博士班,1,0,1,6.25
106,公立,一般大學,0001,國立政治大學,03121026,政治學系,博士班,5,3,2,17.86
106,公立,一般大學,0001,國立政治大學,03122045,外交學系,博士班,2,2,0,22.22
106,公立,一般大學,0001,國立政治大學,03131032,心理學系,博士班,1,1,0,8.33
106,公立,一般大學,0001,國立政治大學,03141030,社會學系,博士班,4,1,3,28.57
106,公立,一般大學,0001,國立政治大學,03191047,國家發展研究所,博士班,7,5,2,22.58
106,公立,一般大學,0001,國立政治大學,04121065,財務管理學系,博士班,1,1,0,11.11
106,公立,一般大學,0001,國立政治大學,02311009,英國語文學系,學士班(日間),2,0,2,0.63
106,公立,一般大學,0001,國立政治大學,02311011,日本語文學系,學士班(日間),1,0,1,0.53
106,公立,一般大學,0001,國立政治大學,02322008,中國文學系,學士班(日間),3,0,3,0.83
106,公立,一般大學,0001,國立政治大學,03131032,心理學系,學士班(日間),1,0,1,0.48
106,公立,一般大學,0001,國立政治大學,03299056,傳播學院大一大二不分系,學士班(日間),1,0,1,0.23
106,公立,一般大學,0001,國立政治大學,04131060,企業管理學系,學士班(日間),2,0,2,0.45
106,公立,一般大學,0001,國立政治大學,06131081,資訊科學系,學士班(日間),3,1,2,1.46
106,公立,一般大學,0001,國立政治大學,02211019,宗教研究所,博士班,3,2,1,8.82
106,公立,一般大學,0001,國立政治大學,02222031,民族學系,博士班,1,1,0,4.35
106,公立,一般大學,0001,國立政治大學,02231022,哲學系,博士班,2,1,1,7.41
106,公立,一般大學,0001,國立政治大學,03143036,日本研究博士學位學程,博士班,1,0,1,11.11
106,公立,一般大學,0001,國立政治大學,03212051,新聞學系,博士班,1,0,1,14.29
106,公立,一般大學,0001,國立政治大學,03299056,傳播學院博士班,博士班,13,6,7,54.17
106,公立,一般大學,0001,國立政治大學,04123069,風險管理與保險學系,博士班,2,0,2,11.11
106,公立,一般大學,0001,國立政治大學,04131060,企業管理學系,博士班,9,1,8,18.75
106,公立,一般大學,0001,國立政治大學,04134043,地政學系,博士班,2,2,0,10.53
106,公立,一般大學,0001,國立政治大學,04199072,科技管理與智慧財產研究所,博士班,1,0,1,3.33
106,公立,一般大學,0001,國立政治大學,04121068,金融學系,博士班,3,2,1,11.54
106,公立,一般大學,0001,國立政治大學,04122070,財政學系,博士班,1,0,1,8.33
106,公立,一般大學,0001,國立政治大學,04134041,公共行政學系,博士班,2,2,0,10.53
106,公立,一般大學,0001,國立政治大學,05411078,應用數學系,博士班,1,1,0,20.00
106,公立,一般大學,0001,國立政治大學,09231084,社會工作研究所,博士班,3,1,2,42.86
106,公立,一般大學,0001,國立政治大學,01111001,教育學系,碩士班(日間),7,1,6,15.22
106,公立,一般大學,0001,國立政治大學,01121004,幼兒教育研究所,碩士班(日間),4,1,3,10.00
106,公立,一般大學,0001,國立政治大學,02211019,宗教研究所,碩士班(日間),5,4,1,13.51
106,公立,一般大學,0001,國立政治大學,02221020,歷史學系,碩士班(日間),4,3,1,6.45
106,公立,一般大學,0001,國立政治大學,02311009,英國語文學系,碩士班(日間),1,1,0,1.54
106,公立,一般大學,0001,國立政治大學,02322008,中國文學系,碩士班(日間),11,2,9,10.48
106,公立,一般大學,0001,國立政治大學,03131032,心理學系,碩士班(日間),5,1,4,5.68
106,公立,一般大學,0001,國立政治大學,03131033,輔導與諮商碩士學位學程,碩士班(日間),3,0,3,8.57
106,公立,一般大學,0001,國立政治大學,03141030,社會學系,碩士班(日間),5,1,4,8.93
106,公立,一般大學,0001,國立政治大學,03211049,傳播學院傳播碩士學位學程,碩士班(日間),53,11,42,22.08
106,公立,一般大學,0001,國立政治大學,04111059,會計學系,碩士班(日間),9,2,7,6.29
106,公立,一般大學,0001,國立政治大學,04121065,財務管理學系,碩士班(日間),6,5,1,7.50
106,公立,一般大學,0001,國立政治大學,04121068,金融學系,碩士班(日間),20,9,11,21.98
106,公立,一般大學,0001,國立政治大學,04123069,風險管理與保險學系,碩士班(日間),5,3,2,7.14
106,公立,一般大學,0001,國立政治大學,04134043,地政學系,碩士班(日間),1,1,0,1.43
106,公立,一般大學,0001,國立政治大學,04211073,法律學系,碩士班(日間),12,5,7,4.78
106,公立,一般大學,0001,國立政治大學,04212074,法律科際整合研究所,碩士班(日間),3,2,1,2.91
106,公立,一般大學,0001,國立政治大學,04211073,法律學系,博士班,2,1,1,4.00
106,公立,一般大學,0001,國立政治大學,02231022,哲學系,碩士班(日間),7,2,5,14.29
106,公立,一般大學,0001,國立政治大學,02311011,日本語文學系,碩士班(日間),2,0,2,7.69
106,公立,一般大學,0001,國立政治大學,02311014,韓國語文學系,碩士班(日間),1,0,1,4.76
106,公立,一般大學,0001,國立政治大學,02399018,語言學研究所,碩士班(日間),1,0,1,3.23
106,公立,一般大學,0001,國立政治大學,03111024,經濟學系,碩士班(日間),3,3,0,3.90
106,公立,一般大學,0001,國立政治大學,03111025,應用經濟與社會發展英語碩士學位學程,碩士班(日間),1,1,0,3.45
106,公立,一般大學,0001,國立政治大學,03121026,政治學系,碩士班(日間),4,3,1,5.41
106,公立,一般大學,0001,國立政治大學,03122045,外交學系,碩士班(日間),2,0,2,2.86
106,公立,一般大學,0001,國立政治大學,03143036,日本研究碩士學位學程,碩士班(日間),4,2,2,10.26
106,公立,一般大學,0001,國立政治大學,03143038,俄羅斯研究所,碩士班(日間),2,2,0,5.88
106,公立,一般大學,0001,國立政治大學,03143040,亞太研究英語碩士學位學程,碩士班(日間),2,1,1,3.57
106,公立,一般大學,0001,國立政治大學,03191047,國家發展研究所,碩士班(日間),7,5,2,10.14
106,公立,一般大學,0001,國立政治大學,03199048,勞工研究所,碩士班(日間),1,0,1,1.25
106,公立,一般大學,0001,國立政治大學,03222054,圖書資訊與檔案學研究所,碩士班(日間),4,0,4,7.55
106,公立,一般大學,0001,國立政治大學,04122070,財政學系,碩士班(日間),1,0,1,1.32
106,公立,一般大學,0001,國立政治大學,04131060,企業管理研究所(MBA學位學程),碩士班(日間),3,1,2,1.10
106,公立,一般大學,0001,國立政治大學,04134041,公共行政學系,碩士班(日間),3,1,2,2.34
106,公立,一般大學,0001,國立政治大學,04141067,國際經營與貿易學系,碩士班(日間),6,3,3,5.31
106,公立,一般大學,0001,國立政治大學,04199072,科技管理與智慧財產研究所,碩士班(日間),8,3,5,5.48
106,公立,一般大學,0001,國立政治大學,05421079,統計學系,碩士班(日間),4,2,2,6.35
106,公立,一般大學,0001,國立政治大學,06131080,資訊管理學系,碩士班(日間),2,1,1,2.38
106,公立,一般大學,0001,國立政治大學,06134057,數位內容碩士學位學程,碩士班(日間),6,3,3,11.32
106,公立,一般大學,0001,國立政治大學,09121083,神經科學研究所,碩士班(日間),1,0,1,10.00
106,公立,一般大學,0001,國立政治大學,09231084,社會工作研究所,碩士班(日間),3,0,3,5.08
106,公立,一般大學,0002,國立清華大學,05121025,生命科學系,學士班(日間),1,0,1,0.52
106,公立,一般大學,0002,國立清華大學,06131053,資訊工程學系,學士班(日間),2,2,0,0.35
106,公立,一般大學,0002,國立清華大學,07191061,工業工程與工程管理學系,學士班(日間),1,0,1,0.37
106,公立,一般大學,0002,國立清華大學,99999075,清華學院學士班,學士班(日間),4,1,3,3.74
106,公立,一般大學,0002,國立清華大學,01111084,教育與學習科技學系,博士班,9,3,6,13.64
106,公立,一般大學,0002,國立清華大學,02322003,中國文學系,博士班,5,2,3,8.33
106,公立,一般大學,0002,國立清華大學,02399005,語言學研究所,博士班,2,0,2,12.50
106,公立,一般大學,0002,國立清華大學,03111011,經濟學系,博士班,4,3,1,19.05
106,公立,一般大學,0002,國立清華大學,04199017,科技管理研究所,博士班,9,3,6,25.71
106,公立,一般大學,0002,國立清華大學,05121026,生物科技研究所,博士班,2,1,1,3.85
106,公立,一般大學,0002,國立清華大學,02131098,藝術與設計學系,學士班(日間),3,2,1,0.88
106,公立,一般大學,0002,國立清華大學,04199023,科技管理學院學士班,學士班(日間),4,2,2,1.93
106,公立,一般大學,0002,國立清華大學,07141055,電機資訊學院學士班,學士班(日間),3,2,1,2.63
106,公立,一般大學,0002,國立清華大學,07151056,動力機械工程學系,學士班(日間),1,1,0,0.22
106,公立,一般大學,0002,國立清華大學,02221006,歷史研究所,博士班,3,3,0,12.50
106,公立,一般大學,0002,國立清華大學,02321001,台灣文學研究所,博士班,4,2,2,26.67
106,公立,一般大學,0002,國立清華大學,03141012,社會學研究所,博士班,1,1,0,7.14
106,公立,一般大學,0002,國立清華大學,05121030,生物資訊與結構生物研究所,博士班,1,1,0,1.56
106,公立,一般大學,0002,國立清華大學,07111057,化學工程學系,博士班,2,1,1,1.90
106,公立,一般大學,0002,國立清華大學,07112058,材料科學工程學系,博士班,2,2,0,1.31
106,公立,一般大學,0002,國立清華大學,07141049,電機工程學系,博士班,1,1,0,1.25
106,公立,一般大學,0002,國立清華大學,07141050,電子工程研究所,博士班,3,3,0,5.88
106,公立,一般大學,0002,國立清華大學,07141054,通訊工程研究所,博士班,1,1,0,5.00
106,公立,一般大學,0002,國立清華大學,07151056,動力機械工程學系,博士班,2,1,1,2.20
106,公立,一般大學,0002,國立清華大學,07193063,生醫工程與環境科學系,博士班,2,1,1,3.70
106,公立,一般大學,0002,國立清華大學,01111084,教育與學習科技學系,碩士班(日間),3,1,2,2.65
106,公立,一般大學,0002,國立清華大學,05331038,物理學系,博士班,1,0,1,1.64
106,公立,一般大學,0002,國立清華大學,05411043,數學系,博士班,2,2,0,9.09
106,公立,一般大學,0002,國立清華大學,06131053,資訊工程學系,博士班,1,0,1,1.39
106,公立,一般大學,0002,國立清華大學,07132066,工程與系統科學系,博士班,3,3,0,3.06
106,公立,一般大學,0002,國立清華大學,07191061,工業工程與工程管理學系,博士班,1,1,0,2.00
106,公立,一般大學,0002,國立清華大學,99999074,跨院國際博士班學位學程,博士班,2,0,2,6.45
106,公立,一般大學,0002,國立清華大學,01121091,幼兒教育學系,碩士班(日間),2,0,2,5.71
106,公立,一般大學,0002,國立清華大學,01131105,英語教學系,碩士班(日間),1,0,1,5.00
106,公立,一般大學,0002,國立清華大學,02131098,藝術與設計學系藝術教育與創作碩士班,碩士班(日間),4,3,1,5.19
106,公立,一般大學,0002,國立清華大學,02151096,音樂學系,碩士班(日間),2,0,2,2.86
106,公立,一般大學,0002,國立清華大學,02222007,人類學研究所,碩士班(日間),2,1,1,5.13
106,公立,一般大學,0002,國立清華大學,02299009,亞際文化研究國際碩士學位學程(台灣聯合大學系統),碩士班(日間),3,0,3,50.00
106,公立,一般大學,0002,國立清華大學,02311002,外國語文學系,碩士班(日間),3,0,3,5.17
106,公立,一般大學,0002,國立清華大學,02321001,台灣文學研究所,碩士班(日間),8,2,6,17.02
106,公立,一般大學,0002,國立清華大學,03131077,教育心理與諮商學系,碩士班(日間),2,0,2,2.00
106,公立,一般大學,0002,國立清華大學,03141012,社會學研究所,碩士班(日間),10,5,5,13.16
106,公立,一般大學,0002,國立清華大學,04131018,國際專業管理碩士班,碩士班(日間),1,0,1,1.72
106,公立,一般大學,0002,國立清華大學,04199017,科技管理研究所,碩士班(日間),8,7,1,12.50
106,公立,一般大學,0002,國立清華大學,04212024,科技法律研究所,碩士班(日間),9,5,4,8.33
106,公立,一般大學,0002,國立清華大學,05121026,生物科技研究所,碩士班(日間),1,1,0,1.69
106,公立,一般大學,0002,國立清華大學,05199033,系統神經科學研究所,碩士班(日間),1,1,0,4.00
106,公立,一般大學,0002,國立清華大學,05211102,環境與文化資源學系,碩士班(日間),1,1,0,3.03
106,公立,一般大學,0002,國立清華大學,05411043,數學系,碩士班(日間),4,3,1,5.97
106,公立,一般大學,0002,國立清華大學,05421044,統計學研究所,碩士班(日間),1,1,0,1.92
106,公立,一般大學,0002,國立清華大學,02221006,歷史研究所,碩士班(日間),5,1,4,10.20
106,公立,一般大學,0002,國立清華大學,02231008,哲學研究所,碩士班(日間),1,1,0,5.88
106,公立,一般大學,0002,國立清華大學,02321101,臺灣語言研究與教學研究所,碩士班(日間),1,0,1,1.47
106,公立,一般大學,0002,國立清華大學,02322003,中國文學系,碩士班(日間),15,4,11,19.23
106,公立,一般大學,0002,國立清華大學,02322109,中國語文學系,碩士班(日間),1,0,1,1.75
106,公立,一般大學,0002,國立清華大學,02399005,語言學研究所,碩士班(日間),2,2,0,4.35
106,公立,一般大學,0002,國立清華大學,03111011,經濟學系,碩士班(日間),11,4,7,20.37
106,公立,一般大學,0002,國立清華大學,03199015,學習科學研究所,碩士班(日間),1,1,0,3.45
106,公立,一般大學,0002,國立清華大學,04121020,計量財務金融學系,碩士班(日間),9,1,8,18.00
106,公立,一般大學,0002,國立清華大學,05121030,生物資訊與結構生物研究所,碩士班(日間),2,0,2,3.77
106,公立,一般大學,0002,國立清華大學,05311037,化學系,碩士班(日間),1,1,0,0.56
106,公立,一般大學,0002,國立清華大學,05331038,物理學系,碩士班(日間),3,2,1,2.05
106,公立,一般大學,0002,國立清華大學,06131053,資訊工程學系,碩士班(日間),5,4,1,1.42
106,公立,一般大學,0002,國立清華大學,06134046,資訊系統與應用研究所,碩士班(日間),7,7,0,6.42
106,公立,一般大學,0002,國立清華大學,07112058,材料科學工程學系,碩士班(日間),1,1,0,0.40
106,公立,一般大學,0002,國立清華大學,07141049,電機工程學系,碩士班(日間),9,6,3,2.48
106,公立,一般大學,0002,國立清華大學,07141054,通訊工程研究所,碩士班(日間),2,1,1,1.45
106,公立,一般大學,0002,國立清華大學,07191061,工業工程與工程管理學系,碩士班(日間),7,4,3,3.65
106,公立,一般大學,0002,國立清華大學,07193063,生醫工程與環境科學系,碩士班(日間),4,4,0,3.45
106,公立,一般大學,0002,國立清華大學,07193065,生物醫學工程研究所,碩士班(日間),1,1,0,3.57
106,公立,一般大學,0002,國立清華大學,07194059,奈米工程與微系統研究所,碩士班(日間),1,1,0,1.75
106,公立,一般大學,0002,國立清華大學,01121091,幼兒教育學系,學士班(日間),1,0,1,0.29
106,公立,一般大學,0002,國立清華大學,01131105,英語教學系,學士班(日間),1,0,1,0.64
106,公立,一般大學,0002,國立清華大學,07141050,電子工程研究所,碩士班(日間),1,1,0,0.52
106,公立,一般大學,0002,國立清華大學,07141052,光電工程研究所,碩士班(日間),3,1,2,2.54
106,公立,一般大學,0002,國立清華大學,07151056,動力機械工程學系,碩士班(日間),4,4,0,1.42
106,公立,一般大學,0003,國立臺灣大學,02231014,哲學系,學士班(日間),1,0,1,0.54
106,公立,一般大學,0003,國立臺灣大學,03111015,經濟學系,學士班(日間),1,0,1,0.17
106,公立,一般大學,0003,國立臺灣大學,03131019,心理學系,學士班(日間),1,0,1,0.34
106,公立,一般大學,0003,國立臺灣大學,05311051,化學系,學士班(日間),1,0,1,0.34
106,公立,一般大學,0003,國立臺灣大學,07141064,電機工程學系,學士班(日間),1,0,1,0.12
106,公立,一般大學,0003,國立臺灣大學,08191100,農業化學系,學士班(日間),2,2,0,1.19
106,公立,一般大學,0003,國立臺灣大學,08194094,植物病理與微生物學系,學士班(日間),1,0,1,0.79
106,公立,一般大學,0003,國立臺灣大學,08211102,森林環境暨資源學系,學士班(日間),1,1,0,0.36
106,公立,一般大學,0003,國立臺灣大學,08411104,獸醫學系,學士班(日間),1,0,1,0.30
106,公立,一般大學,0003,國立臺灣大學,02221012,歷史學系,博士班,1,0,1,2.04
106,公立,一般大學,0003,國立臺灣大學,02322006,中國文學系,博士班,1,1,0,1.92
106,公立,一般大學,0003,國立臺灣大學,03121016,政治學系,博士班,3,1,2,6.67
106,公立,一般大學,0003,國立臺灣大學,03141018,社會學系,博士班,1,0,1,7.69
106,公立,一般大學,0003,國立臺灣大學,02221012,歷史學系,學士班(日間),1,0,1,0.38
106,公立,一般大學,0003,國立臺灣大學,02311007,外國語文學系,學士班(日間),1,0,1,0.18
106,公立,一般大學,0003,國立臺灣大學,03121016,政治學系,學士班(日間),1,0,1,0.13
106,公立,一般大學,0003,國立臺灣大學,04131031,國際企業學系,學士班(日間),1,0,1,0.26
106,公立,一般大學,0003,國立臺灣大學,06131062,資訊管理學系,學士班(日間),2,0,2,0.96
106,公立,一般大學,0003,國立臺灣大學,07112078,材料科學與工程學系,學士班(日間),1,0,1,0.48
106,公立,一般大學,0003,國立臺灣大學,08193096,農業經濟學系,學士班(日間),2,1,1,1.12
106,公立,一般大學,0003,國立臺灣大學,03142021,地理環境資源學系,博士班,1,0,1,3.70
106,公立,一般大學,0003,國立臺灣大學,03191023,國家發展研究所,博士班,3,3,0,4.48
106,公立,一般大學,0003,國立臺灣大學,03222025,圖書資訊學系,博士班,1,1,0,5.26
106,公立,一般大學,0003,國立臺灣大學,04131026,商學研究所,博士班,2,1,1,5.56
106,公立,一般大學,0003,國立臺灣大學,04131031,國際企業學系,博士班,6,3,3,10.91
106,公立,一般大學,0003,國立臺灣大學,05311051,化學系,博士班,3,2,1,2.22
106,公立,一般大學,0003,國立臺灣大學,07112078,材料科學與工程學系,博士班,3,3,0,3.45
106,公立,一般大學,0003,國立臺灣大學,07141064,電機工程學系,博士班,3,2,1,3.70
106,公立,一般大學,0003,國立臺灣大學,07141065,電子工程學研究所,博士班,3,2,1,2.26
106,公立,一般大學,0003,國立臺灣大學,07141066,光電工程學研究所,博士班,2,1,1,3.03
106,公立,一般大學,0003,國立臺灣大學,07191079,工業工程學研究所,博士班,3,3,0,10.71
106,公立,一般大學,0003,國立臺灣大學,07194071,應用力學研究所,博士班,1,1,0,2.94
106,公立,一般大學,0003,國立臺灣大學,07194083,醫學工程學研究所,博士班,1,1,0,0.91
106,公立,一般大學,0003,國立臺灣大學,07321074,土木工程學系,博士班,1,1,0,0.76
106,公立,一般大學,0003,國立臺灣大學,08121091,園藝暨景觀學系,博士班,1,0,1,3.03
106,公立,一般大學,0003,國立臺灣大學,08193098,生物產業傳播暨發展學系,博士班,1,0,1,5.88
106,公立,一般大學,0003,國立臺灣大學,08311103,漁業科學研究所,博士班,1,1,0,8.33
106,公立,一般大學,0003,國立臺灣大學,08411104,獸醫學系,博士班,1,0,1,3.23
106,公立,一般大學,0003,國立臺灣大學,09161129,藥學系,博士班,1,1,0,3.70
106,公立,一般大學,0003,國立臺灣大學,02222013,人類學系,博士班,3,2,1,21.43
106,公立,一般大學,0003,國立臺灣大學,03131019,心理學系,博士班,1,1,0,2.44
106,公立,一般大學,0003,國立臺灣大學,04211035,法律學系,博士班,3,0,3,5.77
106,公立,一般大學,0003,國立臺灣大學,05121046,分子與細胞生物學研究所,博士班,1,1,0,7.69
106,公立,一般大學,0003,國立臺灣大學,05331054,物理學系,博士班,3,3,0,2.94
106,公立,一般大學,0003,國立臺灣大學,05411059,數學系,博士班,1,1,0,5.26
106,公立,一般大學,0003,國立臺灣大學,06131067,資訊工程學系,博士班,1,1,0,0.90
106,公立,一般大學,0003,國立臺灣大學,07111076,化學工程學系,博士班,1,1,0,1.61
106,公立,一般大學,0003,國立臺灣大學,07141068,電信工程學研究所,博士班,1,1,0,1.25
106,公立,一般大學,0003,國立臺灣大學,07313086,建築與城鄉研究所,博士班,4,2,2,11.11
106,公立,一般大學,0003,國立臺灣大學,08191100,農業化學系,博士班,1,1,0,5.88
106,公立,一般大學,0003,國立臺灣大學,01131001,華語教學碩士學位學程,碩士班(日間),1,0,1,1.75
106,公立,一般大學,0003,國立臺灣大學,02152003,戲劇學系,碩士班(日間),9,1,8,23.68
106,公立,一般大學,0003,國立臺灣大學,02231014,哲學系,碩士班(日間),7,5,2,15.91
106,公立,一般大學,0003,國立臺灣大學,02311009,日本語文學系,碩士班(日間),1,0,1,2.44
106,公立,一般大學,0003,國立臺灣大學,09161130,藥理學研究所,博士班,1,0,1,4.76
106,公立,一般大學,0003,國立臺灣大學,09231144,社會工作學系,博士班,1,1,0,5.56
106,公立,一般大學,0003,國立臺灣大學,02151002,音樂學研究所,碩士班(日間),4,1,3,11.43
106,公立,一般大學,0003,國立臺灣大學,02191004,藝術史研究所,碩士班(日間),3,1,2,8.82
106,公立,一般大學,0003,國立臺灣大學,02221012,歷史學系,碩士班(日間),4,3,1,4.94
106,公立,一般大學,0003,國立臺灣大學,02222013,人類學系,碩士班(日間),4,1,3,9.52
106,公立,一般大學,0003,國立臺灣大學,02311007,外國語文學系,碩士班(日間),2,0,2,3.57
106,公立,一般大學,0003,國立臺灣大學,02312010,翻譯碩士學位學程,碩士班(日間),3,0,3,6.98
106,公立,一般大學,0003,國立臺灣大學,02321005,臺灣文學研究所,碩士班(日間),1,0,1,2.63
106,公立,一般大學,0003,國立臺灣大學,02322006,中國文學系,碩士班(日間),9,0,9,10.84
106,公立,一般大學,0003,國立臺灣大學,02399011,語言學研究所,碩士班(日間),1,1,0,2.78
106,公立,一般大學,0003,國立臺灣大學,03111015,經濟學系,碩士班(日間),3,0,3,2.42
106,公立,一般大學,0003,國立臺灣大學,03142021,地理環境資源學系,碩士班(日間),7,4,3,10.94
106,公立,一般大學,0003,國立臺灣大學,04111027,會計學系,碩士班(日間),7,3,4,6.25
106,公立,一般大學,0003,國立臺灣大學,04121032,財務金融學系,碩士班(日間),13,9,4,8.18
106,公立,一般大學,0003,國立臺灣大學,04131026,商學研究所,碩士班(日間),3,3,0,2.19
106,公立,一般大學,0003,國立臺灣大學,04131031,國際企業學系,碩士班(日間),12,5,7,7.95
106,公立,一般大學,0003,國立臺灣大學,04134022,公共事務研究所,碩士班(日間),4,1,3,8.16
106,公立,一般大學,0003,國立臺灣大學,05111038,生命科學系,碩士班(日間),4,1,3,6.35
106,公立,一般大學,0003,國立臺灣大學,05111040,植物科學研究所,碩士班(日間),1,0,1,1.52
106,公立,一般大學,0003,國立臺灣大學,05121045,生化科學研究所,碩士班(日間),2,1,1,3.57
106,公立,一般大學,0003,國立臺灣大學,05121151,生化科技學系,碩士班(日間),1,0,1,0.87
106,公立,一般大學,0003,國立臺灣大學,05321052,地質科學系,碩士班(日間),2,1,1,2.44
106,公立,一般大學,0003,國立臺灣大學,05321053,氣候變遷與永續發展國際碩士學位學程,碩士班(日間),1,0,1,5.00
106,公立,一般大學,0003,國立臺灣大學,03121016,政治學系,碩士班(日間),13,8,5,9.03
106,公立,一般大學,0003,國立臺灣大學,03131019,心理學系,碩士班(日間),8,1,7,6.50
106,公立,一般大學,0003,國立臺灣大學,03141018,社會學系,碩士班(日間),4,2,2,8.00
106,公立,一般大學,0003,國立臺灣大學,03191023,國家發展研究所,碩士班(日間),10,7,3,4.33
106,公立,一般大學,0003,國立臺灣大學,03212024,新聞研究所,碩士班(日間),11,7,4,11.70
106,公立,一般大學,0003,國立臺灣大學,03222025,圖書資訊學系,碩士班(日間),4,1,3,6.56
106,公立,一般大學,0003,國立臺灣大學,04131028,管理學院企業管理碩士專班,碩士班(日間),2,0,2,1.46
106,公立,一般大學,0003,國立臺灣大學,04211035,法律學系,碩士班(日間),19,8,11,3.85
106,公立,一般大學,0003,國立臺灣大學,05311051,化學系,碩士班(日間),5,3,2,2.54
106,公立,一般大學,0003,國立臺灣大學,05322056,大氣科學系,碩士班(日間),1,1,0,2.44
106,公立,一般大學,0003,國立臺灣大學,05331054,物理學系,碩士班(日間),4,4,0,2.17
106,公立,一般大學,0003,國立臺灣大學,05332058,天文物理研究所,碩士班(日間),1,0,1,7.14
106,公立,一般大學,0003,國立臺灣大學,05411059,數學系,碩士班(日間),1,1,0,2.04
106,公立,一般大學,0003,國立臺灣大學,06131063,資訊網路與多媒體研究所,碩士班(日間),10,9,1,10.42
106,公立,一般大學,0003,國立臺灣大學,07111076,化學工程學系,碩士班(日間),2,2,0,0.99
106,公立,一般大學,0003,國立臺灣大學,07111077,高分子科學與工程學研究所,碩士班(日間),1,1,0,1.49
106,公立,一般大學,0003,國立臺灣大學,07121080,環境工程學研究所,碩士班(日間),4,1,3,4.00
106,公立,一般大學,0003,國立臺灣大學,07141066,光電工程學研究所,碩士班(日間),6,4,2,2.60
106,公立,一般大學,0003,國立臺灣大學,07141068,電信工程學研究所,碩士班(日間),3,3,0,1.09
106,公立,一般大學,0003,國立臺灣大學,07191079,工業工程學研究所,碩士班(日間),1,1,0,1.39
106,公立,一般大學,0003,國立臺灣大學,07193081,生醫電子與資訊學研究所,碩士班(日間),1,0,1,0.95
106,公立,一般大學,0003,國立臺灣大學,07194083,醫學工程學研究所,碩士班(日間),2,1,1,1.61
106,公立,一般大學,0003,國立臺灣大學,08112089,動物科學技術學系,碩士班(日間),3,1,2,5.36
106,公立,一般大學,0003,國立臺灣大學,06131062,資訊管理學系,碩士班(日間),8,5,3,6.78
106,公立,一般大學,0003,國立臺灣大學,06131067,資訊工程學系,碩士班(日間),15,11,4,4.52
106,公立,一般大學,0003,國立臺灣大學,07112078,材料科學與工程學系,碩士班(日間),2,1,1,1.41
106,公立,一般大學,0003,國立臺灣大學,07141064,電機工程學系,碩士班(日間),15,14,1,7.04
106,公立,一般大學,0003,國立臺灣大學,07141065,電子工程學研究所,碩士班(日間),7,6,1,1.87
106,公立,一般大學,0003,國立臺灣大學,07151069,機械工程學系,碩士班(日間),12,11,1,2.91
106,公立,一般大學,0003,國立臺灣大學,07151072,生物產業機電工程學系,碩士班(日間),2,2,0,1.89
106,公立,一般大學,0003,國立臺灣大學,07151082,工程科學及海洋工程學系,碩士班(日間),3,3,0,1.53
106,公立,一般大學,0003,國立臺灣大學,07211099,食品科技研究所,碩士班(日間),7,2,5,7.37
106,公立,一般大學,0003,國立臺灣大學,07313086,建築與城鄉研究所,碩士班(日間),15,5,10,14.02
106,公立,一般大學,0003,國立臺灣大學,07321074,土木工程學系,碩士班(日間),16,12,4,4.46
106,公立,一般大學,0003,國立臺灣大學,07321075,生物環境系統工程學系,碩士班(日間),2,1,1,2.70
106,公立,一般大學,0003,國立臺灣大學,08121091,園藝暨景觀學系,碩士班(日間),7,2,5,4.86
106,公立,一般大學,0003,國立臺灣大學,08193098,生物產業傳播暨發展學系,碩士班(日間),1,0,1,3.03
106,公立,一般大學,0003,國立臺灣大學,08311103,漁業科學研究所,碩士班(日間),1,1,0,2.94
106,公立,一般大學,0003,國立臺灣大學,08411104,獸醫學系,碩士班(日間),2,0,2,5.88
106,公立,一般大學,0003,國立臺灣大學,09121048,微生物學研究所,碩士班(日間),1,1,0,1.23
106,公立,一般大學,0003,國立臺灣大學,09141136,醫學檢驗暨生物技術學系,碩士班(日間),2,0,2,3.33
106,公立,一般大學,0003,國立臺灣大學,09161129,藥學系,碩士班(日間),3,1,2,4.92
106,公立,一般大學,0003,國立臺灣大學,09161130,藥理學研究所,碩士班(日間),1,0,1,2.38
106,公立,一般大學,0003,國立臺灣大學,09191122,公共衛生碩士學位學程,碩士班(日間),1,1,0,1.19
106,公立,一般大學,0003,國立臺灣大學,09191123,職業醫學與工業衛生研究所,碩士班(日間),2,2,0,4.44
106,公立,一般大學,0003,國立臺灣大學,09191126,流行病學與預防醫學研究所,碩士班(日間),1,0,1,1.15
106,公立,一般大學,0003,國立臺灣大學,09231144,社會工作學系,碩士班(日間),2,1,1,3.45
106,公立,一般大學,0003,國立臺灣大學,08193096,農業經濟學系,碩士班(日間),2,1,1,2.82
106,公立,一般大學,0003,國立臺灣大學,08194094,植物病理與微生物學系,碩士班(日間),2,1,1,3.17
106,公立,一般大學,0003,國立臺灣大學,08211102,森林環境暨資源學系,碩士班(日間),1,1,0,0.78
106,公立,一般大學,0003,國立臺灣大學,09191127,健康政策與管理研究所,碩士班(日間),3,1,2,3.85
106,公立,一般大學,0003,國立臺灣大學,09199141,毒理學研究所,碩士班(日間),1,0,1,4.17
106,公立,一般大學,0004,國立臺灣師範大學,01111001,教育學系,學士班(日間),2,0,2,0.76
106,公立,一般大學,0004,國立臺灣師範大學,03131003,教育心理與輔導學系,學士班(日間),1,0,1,0.49
106,公立,一般大學,0004,國立臺灣師範大學,04131051,企業管理學系,學士班(日間),3,2,1,1.19
106,公立,一般大學,0004,國立臺灣師範大學,05331061,物理學系,學士班(日間),1,1,0,0.37
106,公立,一般大學,0004,國立臺灣師範大學,01111001,教育學系,博士班,3,1,2,4.17
106,公立,一般大學,0004,國立臺灣師範大學,01113018,特殊教育學系,博士班,3,0,3,7.32
106,公立,一般大學,0004,國立臺灣師範大學,01141007,人類發展與家庭學系,博士班,4,1,3,8.70
106,公立,一般大學,0004,國立臺灣師範大學,02131023,美術學系,學士班(日間),4,1,3,2.05
106,公立,一般大學,0004,國立臺灣師範大學,02311033,英語學系,學士班(日間),4,1,3,1.21
106,公立,一般大學,0004,國立臺灣師範大學,03143042,東亞學系,學士班(日間),2,2,0,0.99
106,公立,一般大學,0004,國立臺灣師範大學,05111056,生命科學系,學士班(日間),1,1,0,0.41
106,公立,一般大學,0004,國立臺灣師範大學,01141015,體育學系,博士班,4,3,1,3.45
106,公立,一般大學,0004,國立臺灣師範大學,02131023,美術學系,博士班,4,1,3,3.39
106,公立,一般大學,0004,國立臺灣師範大學,02151024,音樂學系,博士班,1,0,1,3.33
106,公立,一般大學,0004,國立臺灣師範大學,02313005,華語文教學系,博士班,2,0,2,5.88
106,公立,一般大學,0004,國立臺灣師範大學,02322029,國文學系,博士班,3,0,3,4.05
106,公立,一般大學,0004,國立臺灣師範大學,03131003,教育心理與輔導學系,博士班,3,1,2,4.55
106,公立,一般大學,0004,國立臺灣師範大學,05321060,地球科學系,博士班,1,0,1,4.55
106,公立,一般大學,0004,國立臺灣師範大學,10152077,運動休閒與餐旅管理研究所,博士班,3,0,3,13.04
106,公立,一般大學,0004,國立臺灣師範大學,01111001,教育學系,碩士班(日間),5,1,4,6.85
106,公立,一般大學,0004,國立臺灣師範大學,01113018,特殊教育學系,碩士班(日間),3,1,2,4.76
106,公立,一般大學,0004,國立臺灣師範大學,01115002,課程與教學研究所,碩士班(日間),3,0,3,5.66
106,公立,一般大學,0004,國立臺灣師範大學,01141017,健康促進與衛生教育學系,博士班,2,0,2,4.65
106,公立,一般大學,0004,國立臺灣師範大學,02122037,設計學系,博士班,4,1,3,23.53
106,公立,一般大學,0004,國立臺灣師範大學,01131009,社會教育學系,碩士班(日間),1,0,1,1.37
106,公立,一般大學,0004,國立臺灣師範大學,02131023,美術學系,碩士班(日間),9,1,8,7.26
106,公立,一般大學,0004,國立臺灣師範大學,02191026,藝術史研究所,碩士班(日間),2,0,2,4.35
106,公立,一般大學,0004,國立臺灣師範大學,02311033,英語學系,碩士班(日間),1,0,1,0.76
106,公立,一般大學,0004,國立臺灣師範大學,02313005,華語文教學系,碩士班(日間),5,0,5,2.75
106,公立,一般大學,0004,國立臺灣師範大學,05111056,生命科學系,碩士班(日間),1,1,0,1.00
106,公立,一般大學,0004,國立臺灣師範大學,10152077,運動休閒與餐旅管理研究所,碩士班(日間),3,1,2,3.16
106,公立,一般大學,0004,國立臺灣師範大學,01131004,公民教育與活動領導學系,碩士班(日間),1,1,0,1.05
106,公立,一般大學,0004,國立臺灣師範大學,01141007,人類發展與家庭學系,碩士班(日間),2,0,2,1.83
106,公立,一般大學,0004,國立臺灣師範大學,01141015,體育學系,碩士班(日間),2,1,1,1.37
106,公立,一般大學,0004,國立臺灣師範大學,01141017,健康促進與衛生教育學系,碩士班(日間),2,0,2,3.57
106,公立,一般大學,0004,國立臺灣師範大學,02122037,設計學系,碩士班(日間),4,3,1,4.40
106,公立,一般大學,0004,國立臺灣師範大學,02151024,音樂學系,碩士班(日間),3,0,3,2.63
106,公立,一般大學,0004,國立臺灣師範大學,02151025,民族音樂研究所,碩士班(日間),2,0,2,3.45
106,公立,一般大學,0004,國立臺灣師範大學,02152027,表演藝術研究所,碩士班(日間),3,2,1,3.80
106,公立,一般大學,0004,國立臺灣師範大學,02322029,國文學系,碩士班(日間),5,2,3,4.46
106,公立,一般大學,0004,國立臺灣師範大學,03131003,教育心理與輔導學系,碩士班(日間),2,1,1,1.65
106,公立,一般大學,0004,國立臺灣師範大學,03143042,東亞學系,碩士班(日間),3,1,2,4.48
106,公立,一般大學,0004,國立臺灣師範大學,03211048,大眾傳播研究所,碩士班(日間),4,1,3,4.40
106,公立,一般大學,0004,國立臺灣師範大學,03214050,圖文傳播學系,碩士班(日間),2,0,2,2.70
106,公立,一般大學,0004,國立臺灣師範大學,03222049,圖書資訊學研究所,碩士班(日間),2,0,2,3.85
106,公立,一般大學,0004,國立臺灣師範大學,04131047,全球經營與策略研究所,碩士班(日間),1,0,1,1.96
106,公立,一般大學,0004,國立臺灣師範大學,04131052,管理研究所,碩士班(日間),3,1,2,4.84
106,公立,一般大學,0004,國立臺灣師範大學,09231071,社會工作學研究所,碩士班(日間),3,1,2,4.29
106,公立,一般大學,0004,國立臺灣師範大學,10141074,運動競技學系,碩士班(日間),1,1,0,1.45
106,公立,一般大學,0005,國立成功大學,07151042,機械工程學系,學士班(日間),2,2,0,0.30
106,公立,一般大學,0005,國立成功大學,02122112,創意產業設計研究所,博士班,3,1,2,7.89
106,公立,一般大學,0005,國立成功大學,04199057,工業與資訊管理學系,博士班,1,1,0,4.17
106,公立,一般大學,0005,國立成功大學,05421029,統計學系,博士班,1,0,1,16.67
106,公立,一般大學,0005,國立成功大學,07111050,化學工程學系,博士班,1,1,0,2.08
106,公立,一般大學,0005,國立成功大學,07141032,電機工程學系,博士班,2,1,1,1.56
106,公立,一般大學,0005,國立成功大學,07141033,微電子工程研究所,博士班,1,1,0,1.89
106,公立,一般大學,0005,國立成功大學,07141037,電腦與通信工程研究所,博士班,1,1,0,2.33
106,公立,一般大學,0005,國立成功大學,07151042,機械工程學系,博士班,4,3,1,6.15
106,公立,一般大學,0005,國立成功大學,02321106,台灣文學系,學士班(日間),1,1,0,0.54
106,公立,一般大學,0005,國立成功大學,03131117,心理學系,學士班(日間),2,1,1,0.75
106,公立,一般大學,0005,國立成功大學,04211001,法律學系,學士班(日間),1,1,0,0.35
106,公立,一般大學,0005,國立成功大學,05311017,化學系,學士班(日間),1,1,0,0.40
106,公立,一般大學,0005,國立成功大學,07141032,電機工程學系,學士班(日間),1,1,0,0.16
106,公立,一般大學,0005,國立成功大學,07194071,工程科學系,學士班(日間),1,1,0,0.41
106,公立,一般大學,0005,國立成功大學,07311075,建築學系,學士班(日間),2,0,2,0.69
106,公立,一般大學,0005,國立成功大學,07313076,都市計劃學系,學士班(日間),2,0,2,0.99
106,公立,一般大學,0005,國立成功大學,07321049,土木工程學系,學士班(日間),1,1,0,0.22
106,公立,一般大學,0005,國立成功大學,10411098,交通管理科學系,學士班(日間),1,0,1,0.43
106,公立,一般大學,0005,國立成功大學,02123113,工業設計學系,博士班,10,6,4,16.39
106,公立,一般大學,0005,國立成功大學,07311075,建築學系,博士班,3,2,1,5.00
106,公立,一般大學,0005,國立成功大學,02122112,創意產業設計研究所,碩士班(日間),4,0,4,8.70
106,公立,一般大學,0005,國立成功大學,02221110,歷史學系,碩士班(日間),2,1,1,4.17
106,公立,一般大學,0005,國立成功大學,02222111,考古學研究所,碩士班(日間),1,0,1,4.17
106,公立,一般大學,0005,國立成功大學,02321106,台灣文學系,碩士班(日間),1,0,1,2.70
106,公立,一般大學,0005,國立成功大學,02322107,中國文學系,碩士班(日間),8,0,8,10.81
106,公立,一般大學,0005,國立成功大學,03121116,政治經濟研究所,碩士班(日間),1,1,0,2.70
106,公立,一般大學,0005,國立成功大學,04111120,會計學系,碩士班(日間),1,0,1,1.14
106,公立,一般大學,0005,國立成功大學,04121126,財務金融研究所,碩士班(日間),2,0,2,3.57
106,公立,一般大學,0005,國立成功大學,04131121,企業管理學系,碩士班(日間),3,1,2,2.97
106,公立,一般大學,0005,國立成功大學,04131122,經營管理碩士學位學程(AMBA),碩士班(日間),1,0,1,2.04
106,公立,一般大學,0005,國立成功大學,05111003,生命科學系,碩士班(日間),2,1,1,3.51
106,公立,一般大學,0005,國立成功大學,05421029,統計學系,碩士班(日間),3,1,2,5.77
106,公立,一般大學,0005,國立成功大學,02221110,歷史學系,博士班,2,1,1,6.90
106,公立,一般大學,0005,國立成功大學,02322107,中國文學系,博士班,3,1,2,6.00
106,公立,一般大學,0005,國立成功大學,03121116,政治經濟研究所,博士班,2,1,1,10.00
106,公立,一般大學,0005,國立成功大學,04212001,法律學系,博士班,6,3,3,23.08
106,公立,一般大學,0005,國立成功大學,06131036,資訊工程學系,博士班,2,1,1,3.45
106,公立,一般大學,0005,國立成功大學,07313076,都市計劃學系,博士班,3,2,1,15.79
106,公立,一般大學,0005,國立成功大學,07321049,土木工程學系,博士班,2,1,1,5.26
106,公立,一般大學,0005,國立成功大學,02123113,工業設計學系,碩士班(日間),3,1,2,3.57
106,公立,一般大學,0005,國立成功大學,02191104,藝術研究所,碩士班(日間),5,1,4,8.93
106,公立,一般大學,0005,國立成功大學,03111114,經濟學系,碩士班(日間),2,1,1,6.90
106,公立,一般大學,0005,國立成功大學,03131117,心理學系,碩士班(日間),5,3,2,13.51
106,公立,一般大學,0005,國立成功大學,04131124,國際企業研究所,碩士班(日間),1,0,1,1.32
106,公立,一般大學,0005,國立成功大學,04212001,法律學系,碩士班(日間),2,2,0,1.08
106,公立,一般大學,0005,國立成功大學,05321019,地球科學系,碩士班(日間),1,0,1,1.82
106,公立,一般大學,0005,國立成功大學,06131036,資訊工程學系,碩士班(日間),13,12,1,4.68
106,公立,一般大學,0005,國立成功大學,07111050,化學工程學系,碩士班(日間),1,1,0,0.43
106,公立,一般大學,0005,國立成功大學,07112063,材料科學及工程學系,碩士班(日間),3,2,1,1.23
106,公立,一般大學,0005,國立成功大學,07122026,水利及海洋工程學系,碩士班(日間),2,1,1,2.15
106,公立,一般大學,0005,國立成功大學,07193061,生物醫學工程學系,碩士班(日間),1,1,0,0.93
106,公立,一般大學,0005,國立成功大學,07194071,工程科學系,碩士班(日間),1,0,1,0.53
106,公立,一般大學,0005,國立成功大學,07311075,建築學系,碩士班(日間),7,3,4,3.74
106,公立,一般大學,0005,國立成功大學,07313076,都市計劃學系,碩士班(日間),8,6,2,8.33
106,公立,一般大學,0005,國立成功大學,07322067,測量及空間資訊學系,碩士班(日間),1,1,0,1.61
106,公立,一般大學,0005,國立成功大學,09141094,醫學檢驗生物技術學系,碩士班(日間),1,0,1,2.13
106,公立,一般大學,0005,國立成功大學,07121070,環境工程學系,碩士班(日間),2,0,2,1.98
106,公立,一般大學,0005,國立成功大學,07141033,微電子工程研究所,碩士班(日間),1,1,0,0.89
106,公立,一般大學,0005,國立成功大學,07151042,機械工程學系,碩士班(日間),4,4,0,1.08
106,公立,一般大學,0005,國立成功大學,07321049,土木工程學系,碩士班(日間),4,4,0,1.65
106,公立,一般大學,0005,國立成功大學,10152097,體育健康與休閒研究所,碩士班(日間),2,1,1,5.00
106,公立,一般大學,0005,國立成功大學,02311108,外國語文學系,學士班(日間),1,0,1,0.36
106,公立,一般大學,0006,國立中興大學,05331040,物理學系,學士班(日間),2,2,0,0.88
106,公立,一般大學,0006,國立中興大學,07121059,環境工程學系,學士班(日間),2,2,0,1.00
106,公立,一般大學,0006,國立中興大學,08193078,國際農企業學士學位學程,學士班(日間),2,2,0,2.13
106,公立,一般大學,0006,國立中興大學,08411087,獸醫學系,學士班(日間),3,0,3,0.75
106,公立,一般大學,0006,國立中興大學,02322005,中國文學系,碩士班(日間),4,1,3,6.06
106,公立,一般大學,0006,國立中興大學,04134011,國家政策與公共事務研究所,碩士班(日間),1,0,1,5.56
106,公立,一般大學,0006,國立中興大學,04121019,財務金融學系,博士班,1,1,0,6.67
106,公立,一般大學,0006,國立中興大學,08411087,獸醫學系,博士班,1,0,1,3.03
106,公立,一般大學,0006,國立中興大學,04131016,企業管理學系,碩士班(日間),2,0,2,3.51
106,公立,一般大學,0006,國立中興大學,07151050,機械工程學系,碩士班(日間),1,0,1,0.58
106,公立,一般大學,0006,國立中興大學,07211081,食品暨應用生物科技學系,碩士班(日間),2,0,2,2.20
106,公立,一般大學,0006,國立中興大學,08411087,獸醫學系,碩士班(日間),8,2,6,10.96
106,公立,一般大學,0006,國立中興大學,02311006,外國語文學系,學士班(日間),1,0,1,0.39
106,公立,一般大學,0006,國立中興大學,04121019,財務金融學系,學士班(日間),3,1,2,1.20
106,公立,一般大學,0006,國立中興大學,07312061,景觀與遊憩學士學位學程,學士班(日間),1,0,1,1.20
106,公立,一般大學,0006,國立中興大學,07321054,土木工程學系,學士班(日間),1,1,0,0.24
106,公立,一般大學,0007,國立陽明交通大學,05331041,電子物理學系,學士班(日間),1,1,0,0.44
106,公立,一般大學,0007,國立陽明交通大學,06131058,資訊工程學系,學士班(日間),1,0,1,0.13
106,公立,一般大學,0007,國立陽明交通大學,07141051,電子工程學系,學士班(日間),3,3,0,0.85
106,公立,一般大學,0007,國立陽明交通大學,07321071,土木工程學系,學士班(日間),1,1,0,0.29
106,公立,一般大學,0007,國立陽明交通大學,10411086,運輸與物流管理學系,學士班(日間),4,3,1,1.94
106,公立,一般大學,0007,國立陽明交通大學,02299010,社會與文化研究所,博士班,8,3,5,18.60
106,公立,一般大學,0007,國立陽明交通大學,04212027,科技法律研究所,博士班,1,1,0,7.14
106,公立,一般大學,0007,國立陽明交通大學,06131061,資訊科學與工程研究所,博士班,3,1,2,1.96
106,公立,一般大學,0007,國立陽明交通大學,07112072,材料科學與工程學系,博士班,2,1,1,1.30
106,公立,一般大學,0007,國立陽明交通大學,07121076,環境工程研究所,博士班,2,1,1,6.67
106,公立,一般大學,0007,國立陽明交通大學,07141053,電子研究所,博士班,2,2,0,1.20
106,公立,一般大學,0007,國立陽明交通大學,07321071,土木工程學系,博士班,1,0,1,1.72
106,公立,一般大學,0007,國立陽明交通大學,01111001,教育研究所,碩士班(日間),1,1,0,1.19
106,公立,一般大學,0007,國立陽明交通大學,02122004,應用藝術研究所,碩士班(日間),13,4,9,15.12
106,公立,一般大學,0007,國立陽明交通大學,02151003,音樂研究所,碩士班(日間),5,1,4,7.35
106,公立,一般大學,0007,國立陽明交通大學,02299010,社會與文化研究所,碩士班(日間),5,1,4,13.51
106,公立,一般大學,0007,國立陽明交通大學,03211014,傳播研究所,碩士班(日間),9,3,6,12.16
106,公立,一般大學,0007,國立陽明交通大學,04121020,資訊管理與財務金融學系,碩士班(日間),19,14,5,10.67
106,公立,一般大學,0007,國立陽明交通大學,04212027,科技法律研究所,碩士班(日間),3,2,1,2.80
106,公立,一般大學,0007,國立陽明交通大學,05331041,電子物理學系,碩士班(日間),1,1,0,0.63
106,公立,一般大學,0007,國立陽明交通大學,06121060,網路工程研究所,碩士班(日間),2,2,0,1.60
106,公立,一般大學,0007,國立陽明交通大學,06133082,聲音與音樂創意科技碩士學位學程,碩士班(日間),1,0,1,4.35
106,公立,一般大學,0007,國立陽明交通大學,07112072,材料科學與工程學系,碩士班(日間),1,0,1,0.54
106,公立,一般大學,0007,國立陽明交通大學,07132081,照明與能源光電研究所,碩士班(日間),1,1,0,1.14
106,公立,一般大學,0007,國立陽明交通大學,07141062,電信工程研究所,碩士班(日間),2,1,1,0.81
106,公立,一般大學,0007,國立陽明交通大學,07151070,機械工程學系,碩士班(日間),3,3,0,1.01
106,公立,一般大學,0007,國立陽明交通大學,07191075,工業工程與管理學系,碩士班(日間),1,1,0,0.83
106,公立,一般大學,0007,國立陽明交通大學,07193079,影像與生醫光電研究所,碩士班(日間),1,1,0,1.22
106,公立,一般大學,0007,國立陽明交通大學,07141062,電信工程研究所,博士班,2,2,0,2.78
106,公立,一般大學,0007,國立陽明交通大學,07141064,電控工程研究所,博士班,1,1,0,2.04
106,公立,一般大學,0007,國立陽明交通大學,07151070,機械工程學系,博士班,1,1,0,1.37
106,公立,一般大學,0007,國立陽明交通大學,10411086,運輸與物流管理學系,博士班,1,1,0,4.55
106,公立,一般大學,0007,國立陽明交通大學,02299008,人文社會學系族群與文化碩士班,碩士班(日間),1,0,1,2.86
106,公立,一般大學,0007,國立陽明交通大學,03211015,傳播與科技學系,碩士班(日間),3,0,3,10.00
106,公立,一般大學,0007,國立陽明交通大學,04131016,管理學院企業管理碩士學位學程,碩士班(日間),1,0,1,1.54
106,公立,一般大學,0007,國立陽明交通大學,04131018,管理科學系,碩士班(日間),6,2,4,6.82
106,公立,一般大學,0007,國立陽明交通大學,04199023,科技管理研究所,碩士班(日間),1,0,1,2.44
106,公立,一般大學,0007,國立陽明交通大學,05121028,生物科技學系,碩士班(日間),1,1,0,1.10
106,公立,一般大學,0007,國立陽明交通大學,05311036,應用化學系,碩士班(日間),1,1,0,0.45
106,公立,一般大學,0007,國立陽明交通大學,06131061,資訊科學與工程研究所,碩士班(日間),12,10,2,2.86
106,公立,一般大學,0007,國立陽明交通大學,06132049,多媒體工程研究所,碩士班(日間),5,3,2,3.91
106,公立,一般大學,0007,國立陽明交通大學,07121076,環境工程研究所,碩士班(日間),2,2,0,2.82
106,公立,一般大學,0007,國立陽明交通大學,07141050,電機工程學系,碩士班(日間),6,6,0,3.95
106,公立,一般大學,0007,國立陽明交通大學,07141053,電子研究所,碩士班(日間),4,3,1,0.77
106,公立,一般大學,0007,國立陽明交通大學,07141055,光電工程學系,碩士班(日間),1,0,1,0.45
106,公立,一般大學,0007,國立陽明交通大學,07141064,電控工程研究所,碩士班(日間),2,2,0,0.86
106,公立,一般大學,0007,國立陽明交通大學,07321071,土木工程學系,碩士班(日間),6,4,2,3.05
106,公立,一般大學,0007,國立陽明交通大學,10411086,運輸與物流管理學系,碩士班(日間),2,0,2,1.37
106,公立,一般大學,0007,國立陽明交通大學,04121020,資訊管理與財務金融學系,學士班(日間),7,4,3,4.07
106,公立,一般大學,0007,國立陽明交通大學,07141050,電機工程學系,學士班(日間),1,1,0,0.14
106,公立,一般大學,0007,國立陽明交通大學,04121020,資訊管理與財務金融學系,博士班,5,3,2,8.62
106,公立,一般大學,0007,國立陽明交通大學,05121030,分子醫學與生物工程研究所,博士班,1,0,1,3.70
106,公立,一般大學,0008,國立中央大學,04131023,企業管理學系,學士班(日間),3,0,3,0.69
106,公立,一般大學,0008,國立中央大學,06131059,資訊工程學系,學士班(日間),4,1,3,0.84
106,公立,一般大學,0008,國立中央大學,07151064,機械工程學系,學士班(日間),1,1,0,0.16
106,公立,一般大學,0008,國立中央大學,07321067,土木工程學系,學士班(日間),3,3,0,0.78
106,公立,一般大學,0008,國立中央大學,03131017,認知神經科學研究所,博士班,1,0,1,7.14
106,公立,一般大學,0008,國立中央大學,04131023,企業管理學系,博士班,9,7,2,8.74
106,公立,一般大學,0008,國立中央大學,05321039,水文與海洋科學研究所,博士班,2,1,1,22.22
106,公立,一般大學,0008,國立中央大學,02191004,藝術學研究所,碩士班(日間),2,1,1,6.45
106,公立,一般大學,0008,國立中央大學,05121074,生醫科學與工程學系,碩士班(日間),2,2,0,2.53
106,公立,一般大學,0008,國立中央大學,05322044,大氣科學學系大氣物理碩士班,碩士班(日間),2,2,0,3.77
106,公立,一般大學,0008,國立中央大學,05421052,統計研究所,碩士班(日間),3,2,1,5.66
106,公立,一般大學,0008,國立中央大學,06131053,資訊管理學系,碩士班(日間),1,1,0,0.88
106,公立,一般大學,0008,國立中央大學,06131059,資訊工程學系,碩士班(日間),7,7,0,2.53
106,公立,一般大學,0008,國立中央大學,07141055,電機工程學系,碩士班(日間),5,5,0,1.76
106,公立,一般大學,0008,國立中央大學,07151064,機械工程學系,碩士班(日間),1,1,0,0.32
106,公立,一般大學,0008,國立中央大學,07321067,土木工程學系,碩士班(日間),3,3,0,1.41
106,公立,一般大學,0008,國立中央大學,07399028,營建管理研究所,碩士班(日間),3,3,0,8.82
106,公立,一般大學,0008,國立中央大學,02311007,英美語文學系,碩士班(日間),1,0,1,4.76
106,公立,一般大學,0008,國立中央大學,02322006,中國文學系,碩士班(日間),4,2,2,6.56
106,公立,一般大學,0008,國立中央大學,04111022,會計研究所,碩士班(日間),2,1,1,6.67
106,公立,一般大學,0008,國立中央大學,04121024,財務金融學系,碩士班(日間),2,1,1,3.39
106,公立,一般大學,0008,國立中央大學,04199027,人力資源管理研究所,碩士班(日間),4,1,3,7.14
106,公立,一般大學,0008,國立中央大學,07111069,化學工程與材料工程學系,碩士班(日間),1,1,0,0.73
106,公立,一般大學,0008,國立中央大學,07141060,通訊工程學系,碩士班(日間),1,1,0,0.88
106,公立,一般大學,0008,國立中央大學,02322006,中國文學系,學士班(日間),1,1,0,0.47
106,公立,一般大學,0008,國立中央大學,03111013,經濟學系,學士班(日間),1,0,1,0.36
106,公立,一般大學,0008,國立中央大學,04121024,財務金融學系,學士班(日間),5,2,3,1.85
106,公立,一般大學,0008,國立中央大學,07141057,光電科學與工程學系,學士班(日間),1,1,0,0.57
106,公立,一般大學,0008,國立中央大學,02322006,中國文學系,博士班,1,0,1,2.63
106,公立,一般大學,0008,國立中央大學,07112070,材料科學與工程研究所,博士班,1,0,1,6.25
106,公立,一般大學,0008,國立中央大學,07141055,電機工程學系,博士班,1,1,0,1.64
106,公立,一般大學,0008,國立中央大學,02221010,歷史研究所,碩士班(日間),1,0,1,2.00
106,公立,一般大學,0008,國立中央大學,04131023,企業管理學系,碩士班(日間),5,3,2,3.50
106,公立,一般大學,0009,國立中山大學,02322005,中國文學系,學士班(日間),3,1,2,1.53
106,公立,一般大學,0009,國立中山大學,03141013,社會學系,學士班(日間),1,0,1,0.67
106,公立,一般大學,0009,國立中山大學,06131052,資訊管理學系,學士班(日間),1,1,0,0.50
106,公立,一般大學,0009,國立中山大學,01111001,教育研究所,博士班,1,1,0,2.04
106,公立,一般大學,0009,國立中山大學,02311006,外國語文學系,博士班,1,1,0,14.29
106,公立,一般大學,0009,國立中山大學,04121024,財務管理學系,博士班,2,1,1,10.00
106,公立,一般大學,0009,國立中山大學,03121011,政治學研究所,博士班,2,2,0,9.52
106,公立,一般大學,0009,國立中山大學,03143016,中國與亞太區域研究所,博士班,1,0,1,1.25
106,公立,一般大學,0009,國立中山大學,04131021,企業管理學系,博士班,1,1,0,1.25
106,公立,一般大學,0009,國立中山大學,04191028,人力資源管理研究所,博士班,2,0,2,4.35
106,公立,一般大學,0009,國立中山大學,05323047,海洋科學系,博士班,2,2,0,20.00
106,公立,一般大學,0009,國立中山大學,02322005,中國文學系,碩士班(日間),3,0,3,5.66
106,公立,一般大學,0009,國立中山大學,04191028,人力資源管理研究所,碩士班(日間),2,0,2,2.78
106,公立,一般大學,0009,國立中山大學,07121064,環境工程研究所,碩士班(日間),1,0,1,2.22
106,公立,一般大學,0009,國立中山大學,07122065,海洋環境及工程學系,碩士班(日間),1,1,0,1.69
106,公立,一般大學,0009,國立中山大學,07141055,資訊工程學系,碩士班(日間),1,1,0,0.49
106,公立,一般大學,0009,國立中山大學,02151002,音樂學系,碩士班(日間),1,0,1,2.00
106,公立,一般大學,0009,國立中山大學,02231008,哲學研究所,碩士班(日間),2,2,0,7.69
106,公立,一般大學,0009,國立中山大學,02311006,外國語文學系,碩士班(日間),1,0,1,1.61
106,公立,一般大學,0009,國立中山大學,03111009,經濟學研究所,碩士班(日間),2,2,0,3.45
106,公立,一般大學,0009,國立中山大學,03143016,中國與亞太區域研究所,碩士班(日間),2,1,1,2.70
106,公立,一般大學,0009,國立中山大學,04121024,財務管理學系,碩士班(日間),4,0,4,4.30
106,公立,一般大學,0009,國立中山大學,04131021,企業管理學系,碩士班(日間),1,0,1,0.37
106,公立,一般大學,0009,國立中山大學,04141025,行銷傳播管理研究所,碩士班(日間),7,4,3,10.00
106,公立,一般大學,0009,國立中山大學,05323047,海洋科學系,碩士班(日間),1,1,0,2.22
106,公立,一般大學,0009,國立中山大學,07151061,機械與機電工程學系,碩士班(日間),1,1,0,0.52
106,公立,一般大學,0009,國立中山大學,04121024,財務管理學系,學士班(日間),1,0,1,0.46
106,公立,一般大學,0009,國立中山大學,04131021,企業管理學系,學士班(日間),2,0,2,0.56
106,公立,一般大學,0009,國立中山大學,05111033,生物科學系,學士班(日間),1,0,1,0.49
106,公立,一般大學,0009,國立中山大學,05311037,化學系,學士班(日間),1,1,0,0.47
106,公立,一般大學,0009,國立中山大學,05323047,海洋科學系,學士班(日間),2,1,1,1.44
106,公立,一般大學,0009,國立中山大學,07151061,機械與機電工程學系,學士班(日間),4,3,1,0.89
106,公立,一般大學,0009,國立中山大學,02322005,中國文學系,博士班,3,0,3,10.71
106,公立,一般大學,0012,國立臺灣海洋大學,04199056,海洋經營管理學士學位學程,學士班(日間),1,1,0,2.94
106,公立,一般大學,0012,國立臺灣海洋大學,07151036,機械與機電工程學系,學士班(日間),5,5,0,1.24
106,公立,一般大學,0012,國立臺灣海洋大學,05121014,生命科學暨生物科技學系,學士班(日間),1,0,1,0.50
106,公立,一般大學,0012,國立臺灣海洋大學,05121018,海洋生物科技學士學位學程,學士班(日間),1,1,0,3.23
106,公立,一般大學,0012,國立臺灣海洋大學,07199041,海洋工程科技學士學位學程,學士班(日間),1,1,0,3.57
106,公立,一般大學,0012,國立臺灣海洋大學,10411050,運輸科學系,學士班(日間),3,2,1,0.77
106,公立,一般大學,0012,國立臺灣海洋大學,10412048,航運管理學系,學士班(日間),3,0,3,0.61
106,公立,一般大學,0012,國立臺灣海洋大學,05323017,海洋生物研究所,博士班,1,0,1,5.88
106,公立,一般大學,0012,國立臺灣海洋大學,10412048,航運管理學系,博士班,1,1,0,3.03
106,公立,一般大學,0012,國立臺灣海洋大學,07211042,食品科學系,學士班(日間),5,0,5,1.15
106,公立,一般大學,0012,國立臺灣海洋大學,04212009,海洋法律研究所,博士班,1,0,1,4.55
106,公立,一般大學,0012,國立臺灣海洋大學,07194041,海洋工程科技博士學位學程,博士班,2,0,2,66.67
106,公立,一般大學,0012,國立臺灣海洋大學,10412048,航運管理學系,碩士班(日間),1,0,1,1.11
106,公立,一般大學,0013,國立中正大學,02231016,哲學系,學士班(日間),1,1,0,0.46
106,公立,一般大學,0013,國立中正大學,02322011,中國文學系,學士班(日間),1,1,0,0.53
106,公立,一般大學,0013,國立中正大學,03211028,傳播學系,學士班(日間),1,0,1,0.47
106,公立,一般大學,0013,國立中正大學,06131055,資訊工程學系,學士班(日間),1,1,0,0.26
106,公立,一般大學,0013,國立中正大學,07151058,機械工程學系,學士班(日間),1,0,1,0.25
106,公立,一般大學,0013,國立中正大學,07141054,電機工程學系,學士班(日間),1,1,0,0.31
106,公立,一般大學,0013,國立中正大學,07141056,通訊工程學系,學士班(日間),1,1,0,0.55
106,公立,一般大學,0013,國立中正大學,04121034,財務金融學系,博士班,1,1,0,5.88
106,公立,一般大學,0013,國立中正大學,04131033,企業管理學系,博士班,1,1,0,2.38
106,公立,一般大學,0013,國立中正大學,02311012,外國語文學系,學士班(日間),1,0,1,0.45
106,公立,一般大學,0013,國立中正大學,04111032,會計與資訊科技學系,學士班(日間),1,0,1,0.45
106,公立,一般大學,0013,國立中正大學,04121034,財務金融學系,學士班(日間),1,0,1,0.31
106,公立,一般大學,0013,國立中正大學,04211039,法律學系,學士班(日間),2,0,2,0.58
106,公立,一般大學,0013,國立中正大學,04212040,財經法律學系,學士班(日間),2,1,1,0.95
106,公立,一般大學,0013,國立中正大學,02221015,歷史學系,博士班,1,1,0,3.57
106,公立,一般大學,0013,國立中正大學,03199026,犯罪防治學系,博士班,2,2,0,4.88
106,公立,一般大學,0013,國立中正大學,04211039,法律學系,博士班,4,2,2,7.02
106,公立,一般大學,0013,國立中正大學,09231063,社會福利學系,博士班,2,2,0,8.33
106,公立,一般大學,0013,國立中正大學,01111001,教育學研究所,碩士班(日間),1,0,1,1.85
106,公立,一般大學,0013,國立中正大學,04131033,企業管理學系,碩士班(日間),2,1,1,1.61
106,公立,一般大學,0013,國立中正大學,04211039,法律學系,碩士班(日間),3,0,3,1.69
106,公立,一般大學,0013,國立中正大學,04212040,財經法律學系,碩士班(日間),3,2,1,3.80
106,公立,一般大學,0013,國立中正大學,06131053,資訊管理學系,碩士班(日間),1,1,0,0.92
106,公立,一般大學,0013,國立中正大學,06131055,資訊工程學系,碩士班(日間),1,1,0,0.39
106,公立,一般大學,0013,國立中正大學,07141056,通訊工程學系,碩士班(日間),1,1,0,0.76
106,公立,一般大學,0014,國立高雄師範大學,07141041,電子工程學系,學士班(日間),4,3,1,2.31
106,公立,一般大學,0014,國立高雄師範大學,02131012,美術學系,碩士班(日間),4,1,3,4.82
106,公立,一般大學,0014,國立高雄師範大學,04199033,人力與知識管理研究所,碩士班(日間),1,0,1,2.63
106,公立,一般大學,0014,國立高雄師範大學,02311021,英語學系,學士班(日間),2,0,2,0.60
106,公立,一般大學,0014,國立高雄師範大學,02322019,國文學系,學士班(日間),1,0,1,0.28
106,公立,一般大學,0014,國立高雄師範大學,05411038,數學系,學士班(日間),4,4,0,1.29
106,公立,一般大學,0014,國立高雄師範大學,01111001,教育學系,博士班,1,1,0,1.12
106,公立,一般大學,0014,國立高雄師範大學,01112009,成人教育研究所,博士班,3,2,1,6.12
106,公立,一般大學,0014,國立高雄師範大學,01141006,科學教育暨環境教育研究所科學教育博士班,博士班,1,1,0,1.79
106,公立,一般大學,0014,國立高雄師範大學,02112022,視覺設計學系,碩士班(日間),1,0,1,1.67
106,公立,一般大學,0014,國立高雄師範大學,02112022,視覺設計學系,學士班(日間),3,0,3,1.68
106,公立,一般大學,0014,國立高雄師範大學,04131032,事業經營學系,學士班(日間),4,3,1,2.88
106,公立,一般大學,0015,國立彰化師範大學,04121031,財務金融技術學系,學士班(日間),4,1,3,2.67
106,公立,一般大學,0015,國立彰化師範大學,04131029,企業管理學系,學士班(日間),4,2,2,1.88
106,公立,一般大學,0015,國立彰化師範大學,06131040,資訊管理學系,學士班(日間),6,3,3,3.00
106,公立,一般大學,0015,國立彰化師範大學,01113012,特殊教育學系,博士班,1,0,1,3.23
106,公立,一般大學,0015,國立彰化師範大學,03131025,輔導與諮商學系,博士班,4,0,4,10.00
106,公立,一般大學,0015,國立彰化師範大學,07141042,電機工程學系,博士班,2,0,2,6.06
106,公立,一般大學,0015,國立彰化師範大學,02131017,美術學系,碩士班(日間),1,0,1,1.75
106,公立,一般大學,0015,國立彰化師範大學,04111028,會計學系,學士班(日間),4,1,3,1.11
106,公立,一般大學,0015,國立彰化師範大學,02322019,國文學系,博士班,1,1,0,2.70
106,公立,一般大學,0016,國立陽明大學,05121007,生命科學系暨基因體科學研究所,學士班(日間),9,3,6,8.26
106,公立,一般大學,0016,國立陽明大學,07193021,生物醫學工程學系,學士班(日間),1,0,1,0.80
106,公立,一般大學,0016,國立陽明大學,09141057,醫學生物技術暨檢驗學系,學士班(日間),1,0,1,0.85
106,公立,一般大學,0016,國立陽明大學,05199062,學士班大一大二不分系,學士班(日間),2,0,2,5.00
106,公立,一般大學,0016,國立陽明大學,09141058,生物醫學影像暨放射科學系,學士班(日間),1,1,0,0.64
106,公立,一般大學,0016,國立陽明大學,05124013,生物醫學資訊研究所,博士班,1,0,1,2.33
106,公立,一般大學,0017,國立臺北大學,04111017,會計學系,學士班(日間),4,1,3,0.79
106,公立,一般大學,0017,國立臺北大學,04121022,金融與合作經營學系,學士班(日間),4,2,2,1.78
106,公立,一般大學,0017,國立臺北大學,04134024,不動產與城鄉環境學系,學士班(日間),1,0,1,0.20
106,公立,一般大學,0017,國立臺北大學,07141035,電機工程學系,學士班(日間),2,1,1,1.22
106,公立,一般大學,0017,國立臺北大學,04131018,企業管理學系,博士班,3,1,2,4.05
106,公立,一般大學,0017,國立臺北大學,04134013,公共行政暨政策學系,博士班,2,0,2,9.09
106,公立,一般大學,0017,國立臺北大學,04211028,法律學系,博士班,5,2,3,13.16
106,公立,一般大學,0017,國立臺北大學,03111009,經濟學系,學士班(日間),2,2,0,0.40
106,公立,一般大學,0017,國立臺北大學,04122023,財政學系,學士班(日間),1,0,1,0.35
106,公立,一般大學,0017,國立臺北大學,04131018,企業管理學系,學士班(日間),3,2,1,0.60
106,公立,一般大學,0017,國立臺北大學,04211028,法律學系,學士班(日間),1,0,1,0.13
106,公立,一般大學,0017,國立臺北大學,05211043,自然資源與環境管理研究所,博士班,1,1,0,6.25
106,公立,一般大學,0017,國立臺北大學,02322002,中國文學系,碩士班(日間),2,0,2,6.25
106,公立,一般大學,0017,國立臺北大學,03111009,經濟學系,碩士班(日間),1,1,0,1.85
106,公立,一般大學,0017,國立臺北大學,04211028,法律學系,碩士班(日間),3,0,3,1.03
106,公立,一般大學,0017,國立臺北大學,07141036,資訊工程學系,碩士班(日間),1,1,0,1.64
106,公立,一般大學,0017,國立臺北大學,04134024,不動產與城鄉環境學系,博士班,1,0,1,4.35
106,公立,一般大學,0017,國立臺北大學,07313039,都市計劃研究所,博士班,2,1,1,13.33
106,公立,一般大學,0017,國立臺北大學,04121022,金融與合作經營學系,碩士班(日間),5,2,3,12.82
106,公立,一般大學,0017,國立臺北大學,04131018,企業管理學系,碩士班(日間),6,3,3,2.76
106,公立,一般大學,0018,國立嘉義大學,02322029,中國文學系,學士班(日間),7,3,4,3.20
106,公立,一般大學,0019,國立高雄大學,02311002,西洋語文學系,學士班(日間),1,0,1,0.52
106,公立,一般大學,0019,國立高雄大學,04131009,亞太工商管理學系,學士班(日間),1,0,1,0.40
106,公立,一般大學,0019,國立高雄大學,04212016,財經法律學系,學士班(日間),2,0,2,1.19
106,公立,一般大學,0019,國立高雄大學,04212017,政治法律學系,學士班(日間),1,1,0,0.48
106,公立,一般大學,0019,國立高雄大學,04121011,金融管理學系,碩士班(日間),1,0,1,3.03
106,公立,一般大學,0019,國立高雄大學,02199005,創意設計與建築學系,學士班(日間),3,2,1,1.46
106,公立,一般大學,0019,國立高雄大學,03111006,應用經濟學系,學士班(日間),1,1,0,0.44
106,公立,一般大學,0019,國立高雄大學,04121011,金融管理學系,學士班(日間),1,0,1,0.50
106,公立,一般大學,0019,國立高雄大學,05311022,應用化學系,學士班(日間),1,0,1,0.53
106,公立,一般大學,0019,國立高雄大學,05411024,應用數學系,學士班(日間),1,1,0,0.50
106,公立,一般大學,0019,國立高雄大學,07141028,資訊工程學系,學士班(日間),2,1,1,1.16
106,公立,一般大學,0019,國立高雄大學,07321029,土木與環境工程學系,學士班(日間),1,0,1,0.46
106,公立,一般大學,0020,國立東華大學,02191019,藝術與設計學系,碩士班(日間),3,1,2,6.82
106,公立,一般大學,0020,國立東華大學,02191022,藝術創意產業學系,碩士班(日間),1,1,0,1.69
106,公立,一般大學,0020,國立東華大學,02311029,英美語文學系,學士班(日間),4,1,3,1.67
106,公立,一般大學,0020,國立東華大學,05211094,自然資源與環境學系,學士班(日間),3,1,2,1.29
106,公立,一般大學,0020,國立東華大學,01111001,教育與潛能開發學系,博士班,5,0,5,4.63
106,公立,一般大學,0020,國立東華大學,04131059,企業管理學系,博士班,2,2,0,4.55
106,公立,一般大學,0020,國立東華大學,02191019,藝術與設計學系,學士班(日間),4,3,1,1.87
106,公立,一般大學,0020,國立東華大學,04121061,財務金融學系,學士班(日間),4,1,3,1.76
106,公立,一般大學,0020,國立東華大學,06131086,資訊工程學系,學士班(日間),3,3,0,0.96
106,公立,一般大學,0020,國立東華大學,02322025,中國語文學系,博士班,1,1,0,1.89
106,公立,一般大學,0020,國立東華大學,04121061,財務金融學系,碩士班(日間),2,1,1,6.25
106,公立,一般大學,0021,國立暨南國際大學,04131026,新興產業策略與發展博士學位學程,博士班,1,1,0,2.22
106,公立,一般大學,0021,國立暨南國際大學,09231038,社會政策與社會工作學系,博士班,4,3,1,12.90
106,公立,一般大學,0021,國立暨南國際大學,01111001,國際文教與比較教育學系,學士班(日間),1,0,1,0.45
106,公立,一般大學,0021,國立暨南國際大學,03111016,經濟學系,學士班(日間),1,1,0,0.36
106,公立,一般大學,0021,國立暨南國際大學,04121025,財務金融學系,學士班(日間),2,1,1,0.76
106,公立,一般大學,0021,國立暨南國際大學,06131030,資訊管理學系,學士班(日間),1,1,0,0.39
106,公立,一般大學,0021,國立暨南國際大學,06131034,資訊工程學系,學士班(日間),1,1,0,0.43
106,公立,一般大學,0021,國立暨南國際大學,07141031,電機工程學系,學士班(日間),1,1,0,0.41
106,公立,一般大學,0021,國立暨南國際大學,07321035,土木工程學系,學士班(日間),4,3,1,1.87
106,公立,一般大學,0021,國立暨南國際大學,04121025,財務金融學系,碩士班(日間),3,1,2,7.50
106,公立,技專校院,0022,國立臺灣科技大學,02122004,設計系,學士班(日間),2,2,0,0.46
106,公立,技專校院,0022,國立臺灣科技大學,02311003,應用外語系,學士班(日間),4,0,4,1.67
106,公立,技專校院,0022,國立臺灣科技大學,04131008,企業管理系,學士班(日間),32,13,19,7.60
106,公立,技專校院,0022,國立臺灣科技大學,07151023,機械工程系,學士班(日間),4,3,1,0.62
106,公立,技專校院,0022,國立臺灣科技大學,07311038,建築系,學士班(日間),2,0,2,0.75
106,公立,技專校院,0022,國立臺灣科技大學,07321025,營建工程系,學士班(日間),2,2,0,0.52
106,公立,技專校院,0022,國立臺灣科技大學,01116002,數位學習與教育研究所,博士班,2,2,0,9.52
106,公立,技專校院,0022,國立臺灣科技大學,02122004,設計系,博士班,9,2,7,19.57
106,公立,技專校院,0022,國立臺灣科技大學,07111026,化學工程系,博士班,1,1,0,1.37
106,公立,技專校院,0022,國立臺灣科技大學,07112028,材料科學與工程系,博士班,1,1,0,1.09
106,公立,技專校院,0022,國立臺灣科技大學,07141019,光電工程研究所,博士班,1,1,0,7.14
106,公立,技專校院,0022,國立臺灣科技大學,04121010,財務金融研究所,碩士班(日間),7,3,4,10.45
106,公立,技專校院,0022,國立臺灣科技大學,07111026,化學工程系,碩士班(日間),1,0,1,0.40
106,公立,技專校院,0022,國立臺灣科技大學,07141017,電機工程系,碩士班(日間),3,3,0,0.86
106,公立,技專校院,0022,國立臺灣科技大學,07141018,電子工程系,碩士班(日間),2,1,1,0.45
106,公立,技專校院,0022,國立臺灣科技大學,07141019,光電工程研究所,碩士班(日間),1,1,0,2.27
106,公立,技專校院,0022,國立臺灣科技大學,04199012,工業管理系,學士班(日間),4,3,1,1.25
106,公立,技專校院,0022,國立臺灣科技大學,06131016,資訊管理系,學士班(日間),5,3,2,2.14
106,公立,技專校院,0022,國立臺灣科技大學,06131020,資訊工程系,學士班(日間),10,9,1,3.34
106,公立,技專校院,0022,國立臺灣科技大學,07111026,化學工程系,學士班(日間),1,1,0,0.25
106,公立,技專校院,0022,國立臺灣科技大學,07141017,電機工程系,學士班(日間),2,1,1,0.41
106,公立,技專校院,0022,國立臺灣科技大學,07141018,電子工程系,學士班(日間),15,13,2,2.99
106,公立,技專校院,0022,國立臺灣科技大學,06131020,資訊工程系,博士班,1,0,1,2.50
106,公立,技專校院,0022,國立臺灣科技大學,07141018,電子工程系,博士班,2,1,1,2.44
106,公立,技專校院,0022,國立臺灣科技大學,07311038,建築系,博士班,5,3,2,8.20
106,公立,技專校院,0022,國立臺灣科技大學,07321025,營建工程系,博士班,1,1,0,1.82
106,公立,技專校院,0022,國立臺灣科技大學,02122004,設計系,碩士班(日間),14,3,11,11.20
106,公立,技專校院,0022,國立臺灣科技大學,02311003,應用外語系,碩士班(日間),1,0,1,1.96
106,公立,技專校院,0022,國立臺灣科技大學,04131008,企業管理系,碩士班(日間),7,4,3,4.35
106,公立,技專校院,0022,國立臺灣科技大學,04199011,科技管理研究所,碩士班(日間),1,1,0,2.94
106,公立,技專校院,0022,國立臺灣科技大學,06131020,資訊工程系,碩士班(日間),8,7,1,3.20
106,公立,技專校院,0022,國立臺灣科技大學,07311038,建築系,碩士班(日間),5,2,3,4.00
106,公立,技專校院,0022,國立臺灣科技大學,07151023,機械工程系,碩士班(日間),2,2,0,0.46
106,公立,技專校院,0022,國立臺灣科技大學,07151024,自動化及控制研究所,碩士班(日間),2,2,0,3.57
106,公立,技專校院,0022,國立臺灣科技大學,07321025,營建工程系,碩士班(日間),1,0,1,0.38
106,公立,技專校院,0023,國立雲林科技大學,02112011,視覺傳達設計系,學士班(日間),3,0,3,1.22
106,公立,技專校院,0023,國立雲林科技大學,02123009,創意生活設計系,學士班(日間),1,0,1,0.40
106,公立,技專校院,0023,國立雲林科技大學,02123014,工業設計系,學士班(日間),1,0,1,0.47
106,公立,技專校院,0023,國立雲林科技大學,02124016,建築與室內設計系,學士班(日間),6,0,6,2.73
106,公立,技專校院,0023,國立雲林科技大學,04111018,會計系,學士班(日間),12,4,8,5.17
106,公立,技專校院,0023,國立雲林科技大學,04121024,財務金融系,學士班(日間),2,2,0,0.79
106,公立,技專校院,0023,國立雲林科技大學,04131019,企業管理系,學士班(日間),24,14,10,7.14
106,公立,技專校院,0023,國立雲林科技大學,07121049,環境與安全衛生工程系,學士班(日間),2,2,0,0.77
106,公立,技專校院,0023,國立雲林科技大學,07191048,工業工程與管理系,學士班(日間),1,0,1,0.23
106,公立,技專校院,0023,國立雲林科技大學,07321043,營建工程系,學士班(日間),7,3,4,2.33
106,公立,技專校院,0023,國立雲林科技大學,04121024,財務金融系,博士班,1,1,0,4.55
106,公立,技專校院,0023,國立雲林科技大學,02311004,應用外語系,學士班(日間),11,4,7,3.74
106,公立,技專校院,0023,國立雲林科技大學,06131032,資訊管理系,學士班(日間),6,6,0,1.78
106,公立,技專校院,0023,國立雲林科技大學,02122007,設計學研究所,博士班,18,6,12,16.51
106,公立,技專校院,0023,國立雲林科技大學,04131019,企業管理系,博士班,1,1,0,1.49
106,公立,技專校院,0023,國立雲林科技大學,02112011,視覺傳達設計系,碩士班(日間),1,0,1,1.35
106,公立,技專校院,0023,國立雲林科技大學,02122007,設計學研究所,碩士班(日間),3,1,2,5.56
106,公立,技專校院,0023,國立雲林科技大學,02123009,創意生活設計系,碩士班(日間),4,2,2,5.00
106,公立,技專校院,0023,國立雲林科技大學,02123014,工業設計系,碩士班(日間),2,2,0,2.67
106,公立,技專校院,0023,國立雲林科技大學,02124016,建築與室內設計系,碩士班(日間),4,2,2,8.33
106,公立,技專校院,0023,國立雲林科技大學,04131019,企業管理系,碩士班(日間),1,1,0,0.93
106,公立,技專校院,0024,國立屏東科技大學,02122003,時尚設計與管理系,學士班(日間),1,0,1,0.41
106,公立,技專校院,0024,國立屏東科技大學,07211037,食品科學系,學士班(日間),3,1,2,0.67
106,公立,技專校院,0024,國立屏東科技大學,08194035,植物醫學系,學士班(日間),2,0,2,0.91
106,公立,技專校院,0024,國立屏東科技大學,08211041,森林系,學士班(日間),2,1,1,0.78
106,公立,技專校院,0024,國立屏東科技大學,04131005,企業管理系,學士班(日間),3,2,1,0.78
106,公立,技專校院,0024,國立屏東科技大學,09231051,社會工作系,學士班(日間),1,1,0,0.40
106,公立,技專校院,0025,國立臺北科技大學,02112007,互動設計系,學士班(日間),11,3,8,4.15
106,公立,技專校院,0025,國立臺北科技大學,02311002,應用英語(文)系,學士班(日間),6,2,4,100.00
106,公立,技專校院,0025,國立臺北科技大學,07141025,電機工程系,學士班(日間),7,4,3,1.30
106,公立,技專校院,0025,國立臺北科技大學,07141028,電子工程系,學士班(日間),7,7,0,1.79
106,公立,技專校院,0025,國立臺北科技大學,07151037,機械工程系,學士班(日間),11,9,2,1.84
106,公立,技專校院,0025,國立臺北科技大學,07321045,土木工程系,學士班(日間),9,5,4,2.15
106,公立,技專校院,0025,國立臺北科技大學,01118001,技術及職業教育研究所,博士班,1,1,0,1.41
106,公立,技專校院,0025,國立臺北科技大學,07121063,環境工程與管理研究所,博士班,1,0,1,5.26
106,公立,技專校院,0025,國立臺北科技大學,07141025,電機工程系,博士班,2,1,1,2.99
106,公立,技專校院,0025,國立臺北科技大學,07151040,機電科技研究所,博士班,10,6,4,12.20
106,公立,技專校院,0025,國立臺北科技大學,02112007,互動設計系,碩士班(日間),3,0,3,6.82
106,公立,技專校院,0025,國立臺北科技大學,02123009,工業設計系創新設計碩士班,碩士班(日間),3,2,1,3.45
106,公立,技專校院,0025,國立臺北科技大學,06131016,資訊與財金管理系,碩士班(日間),2,2,0,3.85
106,公立,技專校院,0025,國立臺北科技大學,07121063,環境工程與管理研究所,碩士班(日間),2,2,0,2.50
106,公立,技專校院,0025,國立臺北科技大學,07141034,資訊工程系,碩士班(日間),2,2,0,1.54
106,公立,技專校院,0025,國立臺北科技大學,07151043,製造科技研究所,碩士班(日間),2,2,0,1.60
106,公立,技專校院,0025,國立臺北科技大學,07141028,電子工程系,碩士班(日間),2,2,0,0.93
106,公立,技專校院,0025,國立臺北科技大學,02123009,工業設計系,學士班(日間),11,1,10,3.97
106,公立,技專校院,0025,國立臺北科技大學,04131011,經營管理系,學士班(日間),10,3,7,4.27
106,公立,技專校院,0025,國立臺北科技大學,06131016,資訊與財金管理系,學士班(日間),11,2,9,4.85
106,公立,技專校院,0025,國立臺北科技大學,07111048,化學工程與生物科技系,學士班(日間),2,1,1,0.39
106,公立,技專校院,0025,國立臺北科技大學,07141034,資訊工程系,學士班(日間),4,4,0,1.94
106,公立,技專校院,0026,國立高雄第一科技大學,02311001,應用英語系,學士班(日間),1,0,1,0.23
106,公立,技專校院,0026,國立高雄第一科技大學,04111008,會計資訊系,學士班(日間),3,1,2,1.41
106,公立,技專校院,0026,國立高雄第一科技大學,04121016,財務管理系,學士班(日間),5,3,2,2.39
106,公立,技專校院,0026,國立高雄第一科技大學,04121017,金融系,學士班(日間),6,4,2,1.38
106,公立,技專校院,0026,國立高雄第一科技大學,04132023,行銷與流通管理系,學士班(日間),5,2,3,1.07
106,公立,技專校院,0026,國立高雄第一科技大學,02311003,應用日語系,學士班(日間),7,2,5,1.48
106,公立,技專校院,0026,國立高雄第一科技大學,04123021,風險管理與保險系,學士班(日間),1,1,0,0.43
106,公立,技專校院,0026,國立高雄第一科技大學,06131029,資訊管理系,學士班(日間),4,2,2,0.98
106,公立,技專校院,0026,國立高雄第一科技大學,07321037,營建工程系,學士班(日間),6,4,2,100.00
106,公立,技專校院,0026,國立高雄第一科技大學,07121039,環境與安全衛生工程系,學士班(日間),3,1,2,0.72
106,公立,技專校院,0026,國立高雄第一科技大學,07141034,電腦與通訊工程系,學士班(日間),7,7,0,1.75
106,公立,技專校院,0026,國立高雄第一科技大學,02311001,應用英語系應用語言學與英語教學碩士班,碩士班(日間),1,0,1,2.13
106,公立,技專校院,0026,國立高雄第一科技大學,04132023,行銷與流通管理系,碩士班(日間),4,3,1,4.71
106,公立,技專校院,0027,國立高雄應用科技大學,02121003,文化創意產業系,學士班(日間),1,0,1,0.47
106,公立,技專校院,0027,國立高雄應用科技大學,02311001,應用外語系,學士班(日間),1,1,0,0.26
106,公立,技專校院,0027,國立高雄應用科技大學,07151032,機械工程系,學士班(日間),1,1,0,0.15
106,公立,技專校院,0027,國立高雄應用科技大學,07191042,工業工程與管理系,學士班(日間),5,4,1,1.48
106,公立,技專校院,0027,國立高雄應用科技大學,06121024,資訊管理系,學士班(日間),1,0,1,0.26
106,公立,技專校院,0027,國立高雄應用科技大學,07141026,電子工程系,學士班(日間),10,10,0,1.52
106,公立,技專校院,0027,國立高雄應用科技大學,07191042,工業工程與管理系,博士班,1,1,0,3.03
106,公立,一般大學,0028,國立臺北藝術大學,02111018,電影創作學系,學士班(日間),3,0,3,1.52
106,公立,一般大學,0028,國立臺北藝術大學,02111023,新媒體藝術學系,學士班(日間),5,1,4,2.67
106,公立,一般大學,0028,國立臺北藝術大學,02151006,傳統音樂學系,學士班(日間),2,0,2,1.82
106,公立,一般大學,0028,國立臺北藝術大學,02152011,劇場設計學系,學士班(日間),3,0,3,1.76
106,公立,一般大學,0028,國立臺北藝術大學,02191021,文化資源學院文化資產與藝術創新博士班,博士班,2,2,0,16.67
106,公立,一般大學,0028,國立臺北藝術大學,02152013,舞蹈研究所,碩士班(日間),3,1,2,3.95
106,公立,一般大學,0028,國立臺北藝術大學,02192025,藝術行政與管理研究所,碩士班(日間),6,3,3,6.90
106,公立,一般大學,0028,國立臺北藝術大學,07311030,建築與文化資產研究所,碩士班(日間),3,0,3,4.76
106,公立,一般大學,0028,國立臺北藝術大學,02111019,動畫學系,學士班(日間),3,1,2,1.69
106,公立,一般大學,0028,國立臺北藝術大學,02152008,戲劇學系,博士班,1,0,1,5.26
106,公立,一般大學,0028,國立臺北藝術大學,02152013,舞蹈研究所,博士班,1,1,0,9.09
106,公立,一般大學,0028,國立臺北藝術大學,02111018,電影創作學系,碩士班(日間),7,6,1,10.14
106,公立,一般大學,0028,國立臺北藝術大學,02111023,新媒體藝術學系,碩士班(日間),2,0,2,2.67
106,公立,一般大學,0028,國立臺北藝術大學,02151006,傳統音樂學系,碩士班(日間),2,0,2,4.76
106,公立,一般大學,0028,國立臺北藝術大學,02191001,藝術與人文教育研究所,碩士班(日間),2,1,1,4.76
106,公立,一般大學,0028,國立臺北藝術大學,03221028,博物館研究所,碩士班(日間),1,0,1,1.67
106,公立,一般大學,0029,國立臺灣藝術大學,02111015,電影學系,學士班(日間),3,1,2,1.34
106,公立,一般大學,0029,國立臺灣藝術大學,02131005,書畫藝術學系,學士班(日間),1,0,1,0.68
106,公立,一般大學,0029,國立臺灣藝術大學,02132006,雕塑學系,學士班(日間),2,0,2,1.21
106,公立,一般大學,0029,國立臺灣藝術大學,02151010,音樂學系,學士班(日間),2,0,2,0.77
106,公立,一般大學,0029,國立臺灣藝術大學,02152012,戲劇學系,學士班(日間),2,1,1,0.99
106,公立,一般大學,0029,國立臺灣藝術大學,02152014,舞蹈學系,學士班(日間),1,0,1,0.60
106,公立,一般大學,0029,國立臺灣藝術大學,03299030,圖文傳播藝術學系,學士班(日間),3,1,2,1.49
106,公立,一般大學,0029,國立臺灣藝術大學,02122027,創意產業設計研究所,博士班,5,3,2,19.23
106,公立,一般大學,0029,國立臺灣藝術大學,02131005,書畫藝術學系,博士班,4,3,1,14.81
106,公立,一般大學,0029,國立臺灣藝術大學,02111015,電影學系,碩士班(日間),4,1,3,9.09
106,公立,一般大學,0029,國立臺灣藝術大學,03213029,廣播電視學系,學士班(日間),2,1,1,1.04
106,公立,一般大學,0029,國立臺灣藝術大學,02192026,藝術管理與文化政策研究所,博士班,4,1,3,12.50
106,公立,一般大學,0029,國立臺灣藝術大學,02199018,表演藝術學院表演藝術博士班,博士班,6,3,3,28.57
106,公立,一般大學,0029,國立臺灣藝術大學,02112023,多媒體動畫藝術學系,碩士班(日間),2,0,2,3.03
106,公立,一般大學,0029,國立臺灣藝術大學,02112028,視覺傳達設計學系,碩士班(日間),1,1,0,2.86
106,公立,一般大學,0029,國立臺灣藝術大學,02151010,音樂學系,碩士班(日間),1,0,1,2.50
106,公立,一般大學,0029,國立臺灣藝術大學,03213029,廣播電視學系,碩士班(日間),1,0,1,1.18
106,公立,一般大學,0029,國立臺灣藝術大學,03299030,圖文傳播藝術學系,碩士班(日間),1,0,1,2.94
106,公立,一般大學,0029,國立臺灣藝術大學,02131005,書畫藝術學系,碩士班(日間),4,2,2,4.88
106,公立,一般大學,0029,國立臺灣藝術大學,02152012,戲劇學系,碩士班(日間),1,0,1,1.69
106,公立,一般大學,0029,國立臺灣藝術大學,02152014,舞蹈學系,碩士班(日間),1,0,1,4.76
106,公立,一般大學,0029,國立臺灣藝術大學,02192026,藝術管理與文化政策研究所,碩士班(日間),1,0,1,2.50
106,公立,一般大學,0030,國立臺東大學,02131009,美術產業學系,學士班(日間),1,0,1,0.55
106,公立,一般大學,0030,國立臺東大學,02323013,華語文學系,學士班(日間),1,0,1,0.49
106,公立,一般大學,0030,國立臺東大學,02311015,英美語文學系,學士班(日間),2,0,2,1.17
106,公立,一般大學,0030,國立臺東大學,05111020,生命科學系,學士班(日間),1,1,0,0.55
106,公立,一般大學,0031,國立宜蘭大學,07141012,電子工程學系,學士班(日間),1,1,0,0.30
106,公立,一般大學,0031,國立宜蘭大學,07141013,資訊工程學系,學士班(日間),3,3,0,1.58
106,公立,一般大學,0031,國立宜蘭大學,07151017,機械與機電工程學系,學士班(日間),1,1,0,0.27
106,公立,一般大學,0031,國立宜蘭大學,07211033,食品科學系,學士班(日間),2,0,2,0.50
106,公立,一般大學,0031,國立宜蘭大學,07321021,土木工程學系,學士班(日間),2,2,0,0.40
106,公立,一般大學,0031,國立宜蘭大學,04199007,應用經濟與管理學系,學士班(日間),2,0,2,0.56
106,公立,一般大學,0031,國立宜蘭大學,08112030,生物技術與動物科學系,學士班(日間),1,0,1,0.26
106,公立,一般大學,0031,國立宜蘭大學,07121024,環境工程學系,碩士班(日間),1,0,1,3.45
106,公立,一般大學,0032,國立聯合大學,02122005,文化創意與數位行銷學系,學士班(日間),1,0,1,0.74
106,公立,一般大學,0032,國立聯合大學,02123006,工業設計學系,學士班(日間),1,0,1,0.57
106,公立,一般大學,0032,國立聯合大學,02321001,臺灣語文與傳播學系,學士班(日間),1,1,0,0.57
106,公立,一般大學,0032,國立聯合大學,02323002,華語文學系,學士班(日間),1,0,1,0.50
106,公立,一般大學,0032,國立聯合大學,06131020,資訊工程學系,學士班(日間),1,1,0,0.60
106,公立,一般大學,0032,國立聯合大學,07111028,化學工程學系,學士班(日間),1,1,0,0.28
106,公立,一般大學,0032,國立聯合大學,07132035,能源工程學系,學士班(日間),1,1,0,0.72
106,公立,一般大學,0032,國立聯合大學,07141017,電機工程學系,學士班(日間),1,1,0,0.15
106,公立,一般大學,0032,國立聯合大學,07141019,光電工程學系,學士班(日間),1,1,0,0.30
106,公立,一般大學,0032,國立聯合大學,07151025,機械工程學系,學士班(日間),1,1,0,0.14
106,公立,一般大學,0032,國立聯合大學,07321027,土木與防災工程學系,學士班(日間),2,1,1,1.00
106,公立,一般大學,0032,國立聯合大學,04131011,經營管理學系,學士班(日間),1,1,0,0.17
106,公立,一般大學,0032,國立聯合大學,06131016,資訊管理學系,學士班(日間),1,0,1,0.29
106,公立,一般大學,0032,國立聯合大學,07112029,材料科學工程學系,學士班(日間),1,0,1,0.56
106,公立,一般大學,0032,國立聯合大學,07121034,環境與安全衛生工程學系,學士班(日間),2,1,1,0.54
106,公立,技專校院,0033,國立虎尾科技大學,07141009,電機工程系,學士班(日間),2,2,0,0.42
106,公立,技專校院,0033,國立虎尾科技大學,07141010,電子工程系,學士班(日間),3,3,0,1.22
106,公立,技專校院,0033,國立虎尾科技大學,07151019,機械設計工程系,學士班(日間),6,6,0,1.37
106,公立,技專校院,0033,國立虎尾科技大學,02112002,多媒體設計系,學士班(日間),9,6,3,2.96
106,公立,技專校院,0033,國立虎尾科技大學,07151014,自動化工程系,學士班(日間),5,5,0,1.19
106,公立,技專校院,0033,國立虎尾科技大學,07151016,動力機械工程系,學士班(日間),2,2,0,0.41
106,公立,技專校院,0034,國立高雄海洋科技大學,05121004,海洋生物技術系,學士班(日間),1,0,1,0.48
106,公立,技專校院,0034,國立高雄海洋科技大學,08311018,漁業生產與管理系,學士班(日間),1,1,0,0.46
106,公立,技專校院,0034,國立高雄海洋科技大學,07121012,海洋環境工程系,學士班(日間),1,1,0,0.47
106,公立,技專校院,0034,國立高雄海洋科技大學,07151010,輪機工程系,學士班(日間),1,0,1,0.23
106,公立,技專校院,0034,國立高雄海洋科技大學,04132002,供應鏈管理系,學士班(日間),2,1,1,0.83
106,公立,一般大學,0035,國立臺南藝術大學,02151003,應用音樂學系,學士班(日間),5,2,3,2.56
106,公立,一般大學,0035,國立臺南藝術大學,02111010,音像紀錄與影像維護研究所,碩士班(日間),1,1,0,2.44
106,公立,一般大學,0035,國立臺南藝術大學,02151004,民族音樂學研究所,碩士班(日間),1,0,1,3.23
106,公立,一般大學,0035,國立臺南藝術大學,02192022,博物館學與古物維護研究所,碩士班(日間),1,0,1,0.88
106,公立,一般大學,0036,國立臺南大學,04134040,行政管理學系,學士班(日間),8,2,6,4.62
106,公立,一般大學,0036,國立臺南大學,06131052,資訊工程學系,學士班(日間),6,4,2,3.57
106,公立,一般大學,0036,國立臺南大學,01113019,特殊教育學系,博士班,2,1,1,8.00
106,公立,一般大學,0036,國立臺南大學,02152029,戲劇創作與應用學系,碩士班(日間),1,0,1,1.85
106,公立,一般大學,0036,國立臺南大學,02322031,國語文學系,學士班(日間),2,1,1,0.63
106,公立,一般大學,0036,國立臺南大學,01111001,教育學系,博士班,3,2,1,2.52
106,公立,一般大學,0037,國立臺北教育大學,01131040,自然科學教育學系,學士班(日間),1,0,1,0.50
106,公立,一般大學,0037,國立臺北教育大學,02121028,文化創意產業經營學系,學士班(日間),4,0,4,2.19
106,公立,一般大學,0037,國立臺北教育大學,03131007,心理與諮商學系,學士班(日間),2,0,2,1.04
106,公立,一般大學,0037,國立臺北教育大學,01121035,幼兒與家庭教育學系,碩士班(日間),1,0,1,1.37
106,公立,一般大學,0037,國立臺北教育大學,01114044,教育經營與管理學系,學士班(日間),3,0,3,1.55
106,公立,一般大學,0037,國立臺北教育大學,02399018,語文與創作學系,學士班(日間),2,0,2,0.54
106,公立,一般大學,0037,國立臺北教育大學,01114044,教育經營與管理學系教育政策與管理博士班,博士班,3,2,1,3.90
106,公立,一般大學,0037,國立臺北教育大學,01141002,體育學系,碩士班(日間),1,1,0,2.13
106,公立,一般大學,0039,國立臺中教育大學,01111001,教育學系,學士班(日間),3,0,3,1.65
106,公立,一般大學,0039,國立臺中教育大學,01131011,數學教育學系,學士班(日間),1,1,0,0.52
106,公立,一般大學,0039,國立臺中教育大學,01131006,語文教育學系,學士班(日間),3,1,2,1.48
106,公立,一般大學,0039,國立臺中教育大學,02131029,美術學系,學士班(日間),1,0,1,0.55
106,公立,一般大學,0039,國立臺中教育大學,02151030,音樂學系,學士班(日間),1,0,1,0.56
106,公立,一般大學,0039,國立臺中教育大學,01121021,幼兒教育學系,碩士班(日間),1,0,1,1.45
106,公立,一般大學,0039,國立臺中教育大學,04131039,國際企業學系,學士班(日間),3,1,2,1.18
106,公立,一般大學,0039,國立臺中教育大學,06131042,資訊工程學系,學士班(日間),1,1,0,0.51
106,公立,一般大學,0039,國立臺中教育大學,02151030,音樂學系,碩士班(日間),4,0,4,10.53
106,公立,技專校院,0042,國立澎湖科技大學,02311001,應用外語系,學士班(日間),3,2,1,2.05
106,公立,技專校院,0042,國立澎湖科技大學,04132002,行銷與物流管理系,學士班(日間),3,3,0,1.55
106,公立,技專校院,0042,國立澎湖科技大學,07141005,電機工程系,學士班(日間),1,1,0,0.57
106,公立,技專校院,0042,國立澎湖科技大學,07141007,資訊工程系,學士班(日間),1,0,1,0.50
106,公立,技專校院,0042,國立澎湖科技大學,10412025,航運管理系,學士班(日間),1,1,0,0.46
106,公立,技專校院,0043,國立勤益科技大學,04132003,流通管理系,學士班(日間),2,1,1,0.49
106,公立,技專校院,0043,國立勤益科技大學,07111020,化工與材料工程系,學士班(日間),1,1,0,0.17
106,公立,技專校院,0043,國立勤益科技大學,07132026,冷凍空調與能源系,學士班(日間),3,3,0,0.59
106,公立,技專校院,0043,國立勤益科技大學,07141011,電機工程系,學士班(日間),2,2,0,0.33
106,公立,技專校院,0043,國立勤益科技大學,04132003,流通(科技)管理系,學士班(日間),2,2,0,100.00
106,公立,技專校院,0043,國立勤益科技大學,06131013,資訊工程系,學士班(日間),1,1,0,0.17
106,公立,技專校院,0043,國立勤益科技大學,07151016,機械工程系,學士班(日間),6,4,2,0.71
106,公立,技專校院,0043,國立勤益科技大學,07141012,電子工程系,學士班(日間),1,1,0,0.16
106,公立,技專校院,0043,國立勤益科技大學,07312029,景觀系,學士班(日間),1,0,1,0.52
106,公立,一般大學,0044,國立體育大學,10152014,運動保健學系,學士班(日間),2,0,2,0.85
106,公立,一般大學,0044,國立體育大學,10152017,適應體育學系,學士班(日間),2,0,2,0.94
106,公立,一般大學,0044,國立體育大學,10141008,競技與教練科學研究所,博士班,3,2,1,5.56
106,公立,一般大學,0044,國立體育大學,10142010,運動科學研究所,博士班,2,1,1,15.38
106,公立,一般大學,0044,國立體育大學,10141009,國際運動教練科學碩士學位學程,碩士班(日間),1,0,1,33.33
106,公立,一般大學,0044,國立體育大學,10142010,運動科學研究所,碩士班(日間),1,1,0,2.56
106,公立,一般大學,0044,國立體育大學,10152015,休閒產業經營學系,學士班(日間),5,4,1,2.05
106,公立,一般大學,0044,國立體育大學,01141001,體育研究所,博士班,7,6,1,10.00
106,公立,一般大學,0044,國立體育大學,10152014,運動保健學系,碩士班(日間),2,1,1,4.26
106,公立,一般大學,0044,國立體育大學,10152016,體育推廣學系,碩士班(日間),2,0,2,5.13
106,公立,技專校院,0046,國立臺北護理健康大學,06131006,資訊管理系,學士班(日間),2,1,1,0.59
106,公立,技專校院,0046,國立臺北護理健康大學,09153007,語言治療與聽力學系,碩士班(日間),1,0,1,1.61
106,公立,技專校院,0046,國立臺北護理健康大學,04133004,健康事業管理系,學士班(日間),3,0,3,0.62
106,公立,技專校院,0046,國立臺北護理健康大學,06131006,資訊管理系,碩士班(日間),1,1,0,2.33
106,公立,技專校院,0046,國立臺北護理健康大學,09211013,長期照護系,碩士班(日間),1,0,1,1.92
106,公立,技專校院,0047,國立高雄餐旅大學,10131030,餐飲管理系,學士班(日間),1,1,0,0.19
106,公立,技專校院,0047,國立高雄餐旅大學,10151029,觀光研究所,博士班,4,2,2,13.33
106,公立,技專校院,0047,國立高雄餐旅大學,10131011,飲食文化暨餐飲創新研究所,碩士班(日間),1,1,0,1.67
106,公立,技專校院,0047,國立高雄餐旅大學,10131004,旅館管理系,學士班(日間),4,2,2,0.68
106,公立,技專校院,0047,國立高雄餐旅大學,10151013,休閒暨遊憩管理系,學士班(日間),1,0,1,0.28
106,公立,技專校院,0047,國立高雄餐旅大學,10151015,旅運管理系,學士班(日間),2,0,2,1.00
106,公立,技專校院,0047,國立高雄餐旅大學,10499019,航空暨運輸服務管理系,學士班(日間),1,1,0,0.48
106,公立,一般大學,0048,國立金門大學,03121006,國際暨大陸事務學系,學士班(日間),13,9,4,7.83
106,公立,一般大學,0048,國立金門大學,04131009,企業管理學系,學士班(日間),20,13,7,5.56
106,公立,一般大學,0048,國立金門大學,04212013,海洋與邊境管理學系,學士班(日間),2,1,1,1.26
106,公立,一般大學,0048,國立金門大學,07141017,電子工程學系,學士班(日間),2,2,0,0.66
106,公立,一般大學,0048,國立金門大學,07311026,建築學系,學士班(日間),33,18,15,14.93
106,公立,一般大學,0048,國立金門大學,07313028,都市計畫與景觀學系,學士班(日間),17,11,6,10.43
106,公立,一般大學,0048,國立金門大學,07321021,土木與工程管理學系,學士班(日間),8,6,2,5.63
106,公立,一般大學,0048,國立金門大學,09131031,護理學系,學士班(日間),1,1,0,0.64
106,公立,一般大學,0048,國立金門大學,09191032,長期照護學系,學士班(日間),1,0,1,0.70
106,公立,一般大學,0048,國立金門大學,10151034,觀光管理學系,學士班(日間),8,3,5,3.70
106,公立,一般大學,0048,國立金門大學,02311002,應用英語學系,學士班(日間),7,4,3,2.17
106,公立,一般大學,0048,國立金門大學,06131019,資訊工程學系,學士班(日間),8,7,1,4.47
106,公立,一般大學,0048,國立金門大學,07211029,食品科學系,學士班(日間),5,1,4,3.03
106,公立,一般大學,0048,國立金門大學,09231033,社會工作學系,學士班(日間),1,0,1,0.62
106,公立,一般大學,0048,國立金門大學,03121006,國際暨大陸事務學系,碩士班(日間),1,1,0,5.26
106,公立,一般大學,0048,國立金門大學,07311026,建築學系,碩士班(日間),2,2,0,8.70
106,公立,一般大學,0048,國立金門大學,07321021,土木與工程管理學系,碩士班(日間),1,1,0,6.25
106,公立,一般大學,0048,國立金門大學,10152036,運動與休閒學系,學士班(日間),6,3,3,3.11
106,公立,一般大學,0049,國立臺灣體育運動大學,10152007,休閒運動學系,學士班(日間),3,2,1,1.27
106,公立,一般大學,0049,國立臺灣體育運動大學,01141001,體育學系,碩士班(日間),1,1,0,1.96
106,公立,一般大學,0049,國立臺灣體育運動大學,02152002,舞蹈學系,碩士班(日間),2,0,2,5.13
106,公立,一般大學,0049,國立臺灣體育運動大學,01141001,體育學系,學士班(日間),2,1,1,0.43
106,公立,技專校院,0050,國立臺中科技大學,02311003,應用英語系,學士班(日間),4,2,2,1.31
106,公立,技專校院,0050,國立臺中科技大學,04121021,財務金融系,學士班(日間),3,2,1,0.76
106,公立,技專校院,0050,國立臺中科技大學,04131015,企業管理系,學士班(日間),4,2,2,1.25
106,公立,技專校院,0050,國立臺中科技大學,04132029,流通管理系,學士班(日間),1,1,0,0.32
106,公立,技專校院,0050,國立臺中科技大學,06131033,資訊管理系,學士班(日間),2,1,1,0.54
106,公立,技專校院,0050,國立臺中科技大學,07141036,資訊工程系,學士班(日間),3,2,1,1.36
106,公立,技專校院,0050,國立臺中科技大學,02112005,多媒體設計系,碩士班(日間),2,0,2,5.41
106,公立,技專校院,0050,國立臺中科技大學,02112005,多媒體設計系,學士班(日間),4,3,1,1.72
106,公立,技專校院,0050,國立臺中科技大學,02123006,商業設計系,學士班(日間),1,0,1,0.32
106,公立,技專校院,0050,國立臺中科技大學,04141020,國際貿易與經營系,學士班(日間),1,0,1,0.28
106,公立,技專校院,0051,國立臺北商業大學,02112007,數位多媒體設計系,學士班(日間),2,0,2,0.72
106,公立,技專校院,0051,國立臺北商業大學,04121013,財務金融系,學士班(日間),4,3,1,1.64
106,公立,技專校院,0051,國立臺北商業大學,04122014,財政稅務系,學士班(日間),1,1,0,0.30
106,公立,技專校院,0051,國立臺北商業大學,04199015,商業設計管理系,學士班(日間),9,1,8,2.81
106,公立,技專校院,0051,國立臺北商業大學,04141012,國際商務系,碩士班(日間),1,0,1,2.38
106,公立,技專校院,0051,國立臺北商業大學,06131018,資訊與決策科學研究所,碩士班(日間),1,0,1,2.86
106,公立,技專校院,0051,國立臺北商業大學,02123019,商品創意經營系,學士班(日間),2,1,1,2.08
106,公立,技專校院,0051,國立臺北商業大學,02311006,應用外語系,學士班(日間),2,0,2,0.74
106,公立,技專校院,0051,國立臺北商業大學,04111009,會計資訊系,學士班(日間),3,0,3,0.82
106,公立,技專校院,0051,國立臺北商業大學,04131010,企業管理系,學士班(日間),10,2,8,2.67
106,公立,技專校院,0051,國立臺北商業大學,04141012,國際商務系,學士班(日間),5,2,3,1.22
106,公立,技專校院,0051,國立臺北商業大學,06131017,資訊管理系,學士班(日間),4,3,1,1.71
106,公立,一般大學,0052,國立屏東大學,02111025,視覺藝術學系,學士班(日間),3,2,1,1.68
106,公立,一般大學,0052,國立屏東大學,02299033,文化創意產業學系,學士班(日間),1,1,0,0.57
106,公立,一般大學,0052,國立屏東大學,04121045,財務金融學系,學士班(日間),2,2,0,0.83
106,公立,一般大學,0052,國立屏東大學,04132046,行銷與流通管理學系,學士班(日間),1,0,1,0.17
106,公立,一般大學,0052,國立屏東大學,04199047,不動產經營學系,學士班(日間),1,1,0,0.48
106,公立,一般大學,0052,國立屏東大學,05411055,應用數學系,學士班(日間),1,1,0,0.64
106,公立,一般大學,0052,國立屏東大學,06131057,資訊管理學系,學士班(日間),1,0,1,0.45
106,公立,一般大學,0052,國立屏東大學,07141060,資訊工程學系,學士班(日間),3,3,0,1.33
106,公立,一般大學,0052,國立屏東大學,01113017,特殊教育學系,碩士班(日間),1,0,1,1.82
106,公立,一般大學,0052,國立屏東大學,02311030,應用英語學系,學士班(日間),1,1,0,0.48
106,公立,一般大學,0052,國立屏東大學,04131039,企業管理學系,學士班(日間),1,0,1,0.44
106,公立,一般大學,0052,國立屏東大學,01114018,教育行政研究所,博士班,1,0,1,2.08
106,公立,技專校院,0144,國立臺灣戲曲學院,02151001,戲曲音樂學系,學士班(日間),2,0,2,2.15
106,公立,技專校院,0144,國立臺灣戲曲學院,02152007,劇場藝術學系,學士班(日間),9,2,7,7.09
106,公立,技專校院,0144,國立臺灣戲曲學院,02152009,民俗技藝學系,學士班(日間),1,0,1,0.89
106,私立,一般大學,1001,東海大學,02123011,工業設計學系,學士班(日間),8,2,6,4.91
106,私立,一般大學,1001,東海大學,02221009,歷史學系,學士班(日間),7,4,3,2.61
106,私立,一般大學,1001,東海大學,02311005,外國語文學系,學士班(日間),16,1,15,3.56
106,私立,一般大學,1001,東海大學,02322004,中國文學系,學士班(日間),8,4,4,1.74
106,私立,一般大學,1001,東海大學,03141014,社會學系,學士班(日間),6,1,5,1.24
106,私立,一般大學,1001,東海大學,04121024,財務金融學系,學士班(日間),16,7,9,3.02
106,私立,一般大學,1001,東海大學,04131019,企業管理學系,學士班(日間),12,6,6,1.62
106,私立,一般大學,1001,東海大學,04211027,法律學系,學士班(日間),15,5,10,2.94
106,私立,一般大學,1001,東海大學,05111028,生命科學系,學士班(日間),8,3,5,2.27
106,私立,一般大學,1001,東海大學,07141037,電機工程學系,學士班(日間),11,10,1,3.70
106,私立,一般大學,1001,東海大學,07141039,資訊工程學系,學士班(日間),16,12,4,3.07
106,私立,一般大學,1001,東海大學,07311048,建築學系,學士班(日間),18,7,11,9.28
106,私立,一般大學,1001,東海大學,08112051,畜產與生物科技學系,學士班(日間),1,1,0,0.27
106,私立,一般大學,1001,東海大學,04211027,法律學系,博士班,1,0,1,4.76
106,私立,一般大學,1001,東海大學,09231053,社會工作學系,博士班,16,7,9,38.10
106,私立,一般大學,1001,東海大學,02322004,中國文學系,碩士班(日間),1,0,1,2.33
106,私立,一般大學,1001,東海大學,03121013,政治學系,碩士班(日間),1,1,0,3.85
106,私立,一般大學,1001,東海大學,03141014,社會學系,碩士班(日間),5,2,3,12.82
106,私立,一般大學,1001,東海大學,06131036,資訊管理學系,碩士班(日間),1,1,0,2.94
106,私立,一般大學,1001,東海大學,07312049,景觀學系,碩士班(日間),10,4,6,47.62
106,私立,一般大學,1001,東海大學,03121013,政治學系,學士班(日間),9,7,2,2.00
106,私立,一般大學,1001,東海大學,04111018,會計學系,學士班(日間),9,0,9,1.79
106,私立,一般大學,1001,東海大學,04131021,國際學院國際經營管理學位學程,學士班(日間),12,6,6,5.91
106,私立,一般大學,1001,東海大學,04134016,行政管理暨政策學系,學士班(日間),6,2,4,2.23
106,私立,一般大學,1001,東海大學,04141023,國際經營與貿易學系,學士班(日間),10,6,4,1.41
106,私立,一般大學,1001,東海大學,05211056,永續科學與工程學士學位學程,學士班(日間),1,1,0,1.54
106,私立,一般大學,1001,東海大學,05311030,化學系,學士班(日間),9,6,3,2.55
106,私立,一般大學,1001,東海大學,05331032,應用物理學系,學士班(日間),7,7,0,2.39
106,私立,一般大學,1001,東海大學,05411034,應用數學系,學士班(日間),7,2,5,3.76
106,私立,一般大學,1001,東海大學,05421035,統計學系,學士班(日間),10,4,6,2.47
106,私立,一般大學,1001,東海大學,06131036,資訊管理學系,學士班(日間),13,6,7,5.20
106,私立,一般大學,1001,東海大學,07111042,化學工程與材料工程學系,學士班(日間),3,3,0,0.67
106,私立,一般大學,1001,東海大學,07121045,環境科學與工程學系,學士班(日間),7,6,1,1.99
106,私立,一般大學,1001,東海大學,07191044,工業工程與經營資訊學系,學士班(日間),5,2,3,1.00
106,私立,一般大學,1001,東海大學,07211052,食品科學系,學士班(日間),6,2,4,1.47
106,私立,一般大學,1001,東海大學,07312049,景觀學系,學士班(日間),17,5,12,6.42
106,私立,一般大學,1001,東海大學,10131054,餐旅管理學系,學士班(日間),15,5,10,5.54
106,私立,一般大學,1001,東海大學,03141014,社會學系,博士班,2,0,2,4.17
106,私立,一般大學,1001,東海大學,02131002,美術學系,碩士班(日間),7,1,6,12.07
106,私立,一般大學,1001,東海大學,04121024,財務金融學系,碩士班(日間),3,1,2,7.89
106,私立,一般大學,1001,東海大學,04131019,企業管理學系,碩士班(日間),1,1,0,1.33
106,私立,一般大學,1001,東海大學,07111042,化學工程與材料工程學系,碩士班(日間),1,1,0,1.79
106,私立,一般大學,1001,東海大學,07311048,建築學系,碩士班(日間),6,5,1,10.00
106,私立,一般大學,1001,東海大學,02131002,美術學系,學士班(日間),11,3,8,5.61
106,私立,一般大學,1001,東海大學,02151003,音樂學系,學士班(日間),9,2,7,5.14
106,私立,一般大學,1001,東海大學,02231010,哲學系,學士班(日間),6,2,4,2.47
106,私立,一般大學,1001,東海大學,02311007,日本語言文化學系,學士班(日間),13,3,10,2.83
106,私立,一般大學,1001,東海大學,03111012,經濟學系,學士班(日間),33,13,20,4.59
106,私立,一般大學,1002,輔仁大學,01114046,教育領導與科技發展學士學位學程,學士班(日間),2,0,2,2.35
106,私立,一般大學,1002,輔仁大學,02122078,應用美術學系,學士班(日間),8,3,5,2.73
106,私立,一般大學,1002,輔仁大學,02151034,音樂學系,學士班(日間),2,1,1,1.05
106,私立,一般大學,1002,輔仁大學,02211019,宗教學系,學士班(日間),2,0,2,0.82
106,私立,一般大學,1002,輔仁大學,02231037,哲學系,學士班(日間),6,5,1,1.28
106,私立,一般大學,1002,輔仁大學,02311016,西班牙語文學系,學士班(日間),10,2,8,3.47
106,私立,一般大學,1002,輔仁大學,02311021,法國語文學系,學士班(日間),8,2,6,2.91
106,私立,一般大學,1002,輔仁大學,02311033,英國語文學系,學士班(日間),9,2,7,3.11
106,私立,一般大學,1002,輔仁大學,02322003,中國文學系,學士班(日間),12,2,10,2.39
106,私立,一般大學,1002,輔仁大學,03111055,經濟學系,學士班(日間),16,6,10,3.05
106,私立,一般大學,1002,輔仁大學,03131007,心理學系,學士班(日間),21,5,16,7.14
106,私立,一般大學,1002,輔仁大學,03131081,臨床心理學系,學士班(日間),8,2,6,2.77
106,私立,一般大學,1002,輔仁大學,03141023,社會學系,學士班(日間),5,1,4,1.98
106,私立,一般大學,1002,輔仁大學,03212053,新聞傳播學系,學士班(日間),16,1,15,5.46
106,私立,一般大學,1002,輔仁大學,03222065,圖書資訊學系,學士班(日間),4,1,3,1.69
106,私立,一般大學,1002,輔仁大學,04111054,會計學系,學士班(日間),26,9,17,4.95
106,私立,一般大學,1002,輔仁大學,04121027,金融與國際企業學系,學士班(日間),35,15,20,6.62
106,私立,一般大學,1002,輔仁大學,04131015,企業管理學系,學士班(日間),18,8,10,2.40
106,私立,一般大學,1002,輔仁大學,04211020,法律學系,學士班(日間),8,4,4,1.28
106,私立,一般大學,1002,輔仁大學,04212038,財經法律學系,學士班(日間),10,5,5,3.83
106,私立,一般大學,1002,輔仁大學,05411073,數學系,學士班(日間),6,3,3,1.32
106,私立,一般大學,1002,輔仁大學,05421049,統計資訊學系,學士班(日間),7,4,3,1.54
106,私立,一般大學,1002,輔仁大學,06131059,資訊管理學系,學士班(日間),9,5,4,1.90
106,私立,一般大學,1002,輔仁大學,07141064,電機工程學系,學士班(日間),9,7,2,1.96
106,私立,一般大學,1002,輔仁大學,07211035,食品科學系,學士班(日間),7,1,6,2.75
106,私立,一般大學,1002,輔仁大學,09131018,呼吸治療學系,學士班(日間),1,1,0,0.59
106,私立,一般大學,1002,輔仁大學,10141089,體育學系,學士班(日間),1,1,0,0.13
106,私立,一般大學,1002,輔仁大學,02151034,音樂學系,博士班,7,4,3,20.59
106,私立,一般大學,1002,輔仁大學,03141023,社會學系,碩士班(日間),4,2,2,12.90
106,私立,一般大學,1002,輔仁大學,03211002,大眾傳播學研究所,碩士班(日間),19,4,15,23.17
106,私立,一般大學,1002,輔仁大學,03221051,博物館學研究所,碩士班(日間),5,0,5,9.26
106,私立,一般大學,1002,輔仁大學,03222065,圖書資訊學系,碩士班(日間),2,0,2,5.88
106,私立,一般大學,1002,輔仁大學,04111054,會計學系,碩士班(日間),2,2,0,4.44
106,私立,一般大學,1002,輔仁大學,04131015,企業管理學系管理學碩士班,碩士班(日間),5,1,4,8.33
106,私立,一般大學,1002,輔仁大學,04211020,法律學系,碩士班(日間),6,1,5,5.22
106,私立,一般大學,1002,輔仁大學,04212038,財經法律學系,碩士班(日間),2,0,2,3.08
106,私立,一般大學,1002,輔仁大學,05421049,統計資訊學系應用統計碩士班,碩士班(日間),1,0,1,2.63
106,私立,一般大學,1002,輔仁大學,06131059,資訊管理學系,碩士班(日間),2,1,1,4.88
106,私立,一般大學,1002,輔仁大學,07211035,食品科學系,碩士班(日間),4,2,2,8.89
106,私立,一般大學,1002,輔仁大學,10141089,體育學系,碩士班(日間),10,8,2,18.87
106,私立,一般大學,1002,輔仁大學,02211019,宗教學系,博士班,2,2,0,4.08
106,私立,一般大學,1002,輔仁大學,02231037,哲學系,博士班,4,3,1,8.33
106,私立,一般大學,1002,輔仁大學,02299060,跨文化研究所比較文學與跨文化研究博士班,博士班,6,1,5,10.00
106,私立,一般大學,1002,輔仁大學,02322003,中國文學系,博士班,4,2,2,10.81
106,私立,一般大學,1002,輔仁大學,07194077,應用科學與工程研究所,博士班,1,1,0,3.13
106,私立,一般大學,1002,輔仁大學,02122029,品牌與時尚經營管理碩士學位學程,碩士班(日間),4,0,4,30.77
106,私立,一般大學,1002,輔仁大學,02125082,織品服裝學系,碩士班(日間),8,3,5,12.12
106,私立,一般大學,1002,輔仁大學,02211019,宗教學系,碩士班(日間),1,1,0,2.22
106,私立,一般大學,1002,輔仁大學,02221074,歷史學系,碩士班(日間),4,2,2,9.30
106,私立,一般大學,1002,輔仁大學,02311072,德語語文學系,碩士班(日間),3,0,3,12.50
106,私立,一般大學,1002,輔仁大學,04121027,金融與國際企業學系金融碩士班,碩士班(日間),7,2,5,12.96
106,私立,一般大學,1002,輔仁大學,04131025,社會企業碩士學位學程,碩士班(日間),1,0,1,8.33
106,私立,一般大學,1002,輔仁大學,04131044,國際經營管理碩士學位學程,碩士班(日間),4,3,1,12.50
106,私立,一般大學,1002,輔仁大學,05111011,生命科學系,碩士班(日間),2,1,1,7.14
106,私立,一般大學,1002,輔仁大學,05191080,營養科學系,碩士班(日間),1,0,1,2.04
106,私立,一般大學,1002,輔仁大學,06131058,資訊工程學系,碩士班(日間),1,1,0,2.04
106,私立,一般大學,1002,輔仁大學,07312052,景觀設計學系,碩士班(日間),12,4,8,30.77
106,私立,一般大學,1002,輔仁大學,09191004,公共衛生學系,碩士班(日間),1,1,0,2.44
106,私立,一般大學,1002,輔仁大學,09221017,兒童與家庭學系,碩士班(日間),3,0,3,5.66
106,私立,一般大學,1002,輔仁大學,09231024,社會工作學系,碩士班(日間),4,3,1,6.15
106,私立,一般大學,1002,輔仁大學,10131075,餐旅管理學系,碩士班(日間),8,3,5,20.00
106,私立,一般大學,1002,輔仁大學,02311057,義大利語文學系,學士班(日間),8,1,7,2.90
106,私立,一般大學,1002,輔仁大學,02311072,德語語文學系,學士班(日間),7,1,6,2.51
106,私立,一般大學,1002,輔仁大學,03213070,影像傳播學系,學士班(日間),7,0,7,2.41
106,私立,一般大學,1002,輔仁大學,04143069,廣告傳播學系,學士班(日間),12,1,11,4.48
106,私立,一般大學,1002,輔仁大學,05111011,生命科學系,學士班(日間),5,0,5,1.12
106,私立,一般大學,1002,輔仁大學,05191080,營養科學系,學士班(日間),8,1,7,3.13
106,私立,一般大學,1002,輔仁大學,05311005,化學系,學士班(日間),4,3,1,0.87
106,私立,一般大學,1002,輔仁大學,05331022,物理學系,學士班(日間),5,4,1,1.27
106,私立,一般大學,1002,輔仁大學,06131058,資訊工程學系,學士班(日間),9,6,3,1.86
106,私立,一般大學,1002,輔仁大學,07312052,景觀設計學系,學士班(日間),19,6,13,7.51
106,私立,一般大學,1002,輔仁大學,09191004,公共衛生學系,學士班(日間),4,0,4,1.63
106,私立,一般大學,1002,輔仁大學,09221017,兒童與家庭學系,學士班(日間),4,0,4,1.51
106,私立,一般大學,1002,輔仁大學,09231024,社會工作學系,學士班(日間),4,1,3,1.41
106,私立,一般大學,1002,輔仁大學,10131075,餐旅管理學系,學士班(日間),6,2,4,1.24
106,私立,一般大學,1002,輔仁大學,03131007,心理學系,博士班,11,5,6,20.37
106,私立,一般大學,1002,輔仁大學,04191040,商學研究所,博士班,4,4,0,6.35
106,私立,一般大學,1002,輔仁大學,04211020,法律學系,博士班,4,3,1,8.89
106,私立,一般大學,1002,輔仁大學,02122078,應用美術學系,碩士班(日間),10,2,8,18.87
106,私立,一般大學,1002,輔仁大學,02151034,音樂學系,碩士班(日間),7,3,4,11.11
106,私立,一般大學,1002,輔仁大學,02231037,哲學系,碩士班(日間),3,2,1,8.57
106,私立,一般大學,1002,輔仁大學,02299060,跨文化研究所,碩士班(日間),1,0,1,0.86
106,私立,一般大學,1002,輔仁大學,02311009,日本語文學系,碩士班(日間),1,0,1,3.45
106,私立,一般大學,1002,輔仁大學,02311021,法國語文學系,碩士班(日間),2,1,1,6.06
106,私立,一般大學,1002,輔仁大學,02311033,英國語文學系,碩士班(日間),1,0,1,2.56
106,私立,一般大學,1002,輔仁大學,02322003,中國文學系,碩士班(日間),12,2,10,26.09
106,私立,一般大學,1002,輔仁大學,03111055,經濟學系,碩士班(日間),2,1,1,12.50
106,私立,一般大學,1002,輔仁大學,03131007,心理學系,碩士班(日間),16,7,9,15.53
106,私立,一般大學,1002,輔仁大學,02125082,織品服裝學系,學士班(日間),5,0,5,0.48
106,私立,一般大學,1002,輔仁大學,02221074,歷史學系,學士班(日間),6,0,6,1.16
106,私立,一般大學,1002,輔仁大學,02311009,日本語文學系,學士班(日間),9,3,6,1.77
106,私立,一般大學,1003,東吳大學,02221006,歷史學系,學士班(日間),2,0,2,0.71
106,私立,一般大學,1003,東吳大學,02231007,哲學系,學士班(日間),2,2,0,0.78
106,私立,一般大學,1003,東吳大學,02311004,英文學系,學士班(日間),9,0,9,1.15
106,私立,一般大學,1003,東吳大學,02311012,德國文化學系,學士班(日間),7,2,5,2.63
106,私立,一般大學,1003,東吳大學,03111008,經濟學系,學士班(日間),17,8,9,2.31
106,私立,一般大學,1003,東吳大學,03131011,心理學系,學士班(日間),13,1,12,4.29
106,私立,一般大學,1003,東吳大學,04111015,會計學系,學士班(日間),23,6,17,2.26
106,私立,一般大學,1003,東吳大學,04121027,財務工程與精算數學系,學士班(日間),18,11,7,2.50
106,私立,一般大學,1003,東吳大學,04141019,國際經營與貿易學系,學士班(日間),17,2,15,2.99
106,私立,一般大學,1003,東吳大學,03111008,經濟學系,博士班,2,2,0,15.38
106,私立,一般大學,1003,東吳大學,02221006,歷史學系,碩士班(日間),1,1,0,4.76
106,私立,一般大學,1003,東吳大學,02231007,哲學系,碩士班(日間),2,1,1,6.45
106,私立,一般大學,1003,東吳大學,02311004,英文學系,碩士班(日間),1,0,1,4.17
106,私立,一般大學,1003,東吳大學,03111008,經濟學系,碩士班(日間),1,1,0,2.56
106,私立,一般大學,1003,東吳大學,04111015,會計學系,碩士班(日間),2,1,1,3.03
106,私立,一般大學,1003,東吳大學,04121027,財務工程與精算數學系,碩士班(日間),2,1,1,6.06
106,私立,一般大學,1003,東吳大學,04141019,國際經營與貿易學系,碩士班(日間),2,0,2,4.17
106,私立,一般大學,1003,東吳大學,06131028,資訊管理學系,碩士班(日間),2,1,1,4.88
106,私立,一般大學,1003,東吳大學,09231030,社會工作學系,碩士班(日間),2,0,2,2.38
106,私立,一般大學,1003,東吳大學,02151001,音樂學系,學士班(日間),3,2,1,1.11
106,私立,一般大學,1003,東吳大學,02311005,日本語文學系,學士班(日間),7,5,2,0.83
106,私立,一般大學,1003,東吳大學,02322002,中國文學系,學士班(日間),8,3,5,1.07
106,私立,一般大學,1003,東吳大學,03121009,政治學系,學士班(日間),2,2,0,0.43
106,私立,一般大學,1003,東吳大學,03141010,社會學系,學士班(日間),5,4,1,1.04
106,私立,一般大學,1003,東吳大學,04131016,企業管理學系,學士班(日間),14,4,10,1.42
106,私立,一般大學,1003,東吳大學,04211021,法律學系,學士班(日間),11,2,9,0.86
106,私立,一般大學,1003,東吳大學,05122022,微生物學系,學士班(日間),3,0,3,1.28
106,私立,一般大學,1003,東吳大學,05311023,化學系,學士班(日間),3,2,1,1.49
106,私立,一般大學,1003,東吳大學,05411025,數學系,學士班(日間),2,2,0,0.93
106,私立,一般大學,1003,東吳大學,06131028,資訊管理學系,學士班(日間),10,5,5,2.06
106,私立,一般大學,1003,東吳大學,06199031,巨量資料管理學院學士學位學程,學士班(日間),4,3,1,1.49
106,私立,一般大學,1003,東吳大學,02322002,中國文學系,博士班,4,2,2,10.81
106,私立,一般大學,1003,東吳大學,05331024,物理學系,學士班(日間),1,1,0,0.48
106,私立,一般大學,1003,東吳大學,03121009,政治學系,博士班,1,1,0,8.33
106,私立,一般大學,1003,東吳大學,04211021,法律學系,博士班,6,4,2,21.43
106,私立,一般大學,1003,東吳大學,02151001,音樂學系,碩士班(日間),4,1,3,7.41
106,私立,一般大學,1003,東吳大學,02311012,德國文化學系,碩士班(日間),1,0,1,5.00
106,私立,一般大學,1003,東吳大學,02322002,中國文學系,碩士班(日間),4,2,2,7.55
106,私立,一般大學,1003,東吳大學,03121009,政治學系,碩士班(日間),1,1,0,1.92
106,私立,一般大學,1003,東吳大學,04131016,企業管理學系,碩士班(日間),6,4,2,4.84
106,私立,一般大學,1003,東吳大學,04211021,法律學系,碩士班(日間),7,2,5,2.04
106,私立,一般大學,1003,東吳大學,05122022,微生物學系,碩士班(日間),1,0,1,7.14
106,私立,一般大學,1004,中原大學,02112008,商業設計學系,學士班(日間),18,4,14,5.22
106,私立,一般大學,1004,中原大學,02124009,室內設計學系,學士班(日間),12,2,10,3.29
106,私立,一般大學,1004,中原大學,02311005,應用外國語文學系,學士班(日間),8,1,7,1.94
106,私立,一般大學,1004,中原大學,04111013,會計學系,學士班(日間),21,5,16,2.92
106,私立,一般大學,1004,中原大學,04121019,財務金融學系,學士班(日間),44,15,29,8.22
106,私立,一般大學,1004,中原大學,04141018,國際經營與貿易學系,學士班(日間),17,6,11,3.19
106,私立,一般大學,1004,中原大學,04212021,財經法律學系,學士班(日間),4,1,3,0.75
106,私立,一般大學,1004,中原大學,02311005,應用外國語文學系,碩士班(日間),1,0,1,3.13
106,私立,一般大學,1004,中原大學,04111013,會計學系,碩士班(日間),1,1,0,2.08
106,私立,一般大學,1004,中原大學,04121019,財務金融學系,碩士班(日間),3,2,1,13.04
106,私立,一般大學,1004,中原大學,04141018,國際經營與貿易學系,碩士班(日間),1,1,0,6.67
106,私立,一般大學,1004,中原大學,07311046,建築學系,碩士班(日間),3,1,2,4.69
106,私立,一般大學,1004,中原大學,01113002,特殊教育學系,學士班(日間),2,0,2,0.88
106,私立,一般大學,1004,中原大學,02323004,應用華語文學系,學士班(日間),4,0,4,0.78
106,私立,一般大學,1004,中原大學,03131011,心理學系,學士班(日間),12,4,8,2.31
106,私立,一般大學,1004,中原大學,04131014,企業管理學系,學士班(日間),20,11,9,2.02
106,私立,一般大學,1004,中原大學,05121022,生物科技學系,學士班(日間),7,3,4,1.68
106,私立,一般大學,1004,中原大學,05311023,化學系,學士班(日間),9,8,1,2.06
106,私立,一般大學,1004,中原大學,05411027,應用數學系,學士班(日間),4,3,1,0.91
106,私立,一般大學,1004,中原大學,06131028,資訊管理學系,學士班(日間),11,6,5,2.46
106,私立,一般大學,1004,中原大學,07141030,電子工程學系,學士班(日間),8,7,1,1.33
106,私立,一般大學,1004,中原大學,07151034,機械工程學系,學士班(日間),9,9,0,1.35
106,私立,一般大學,1004,中原大學,07312047,景觀學系,學士班(日間),12,2,10,4.96
106,私立,一般大學,1004,中原大學,07321035,土木工程學系,學士班(日間),19,13,6,2.69
106,私立,一般大學,1004,中原大學,07141030,電子工程學系,博士班,1,0,1,4.17
106,私立,一般大學,1004,中原大學,02112008,商業設計學系,碩士班(日間),1,1,0,3.45
106,私立,一般大學,1004,中原大學,02124009,室內設計學系,碩士班(日間),4,2,2,8.89
106,私立,一般大學,1004,中原大學,05331024,物理學系,學士班(日間),8,7,1,1.95
106,私立,一般大學,1004,中原大學,07111037,化學工程學系,學士班(日間),14,8,6,2.05
106,私立,一般大學,1004,中原大學,07121042,環境工程學系,學士班(日間),6,4,2,2.74
106,私立,一般大學,1004,中原大學,07141029,電機工程學系,學士班(日間),6,6,0,1.50
106,私立,一般大學,1004,中原大學,07141031,資訊工程學系,學士班(日間),8,8,0,1.75
106,私立,一般大學,1004,中原大學,07191041,工業與系統工程學系,學士班(日間),12,11,1,1.79
106,私立,一般大學,1004,中原大學,07193043,生物醫學工程學系,學士班(日間),9,5,4,2.12
106,私立,一般大學,1004,中原大學,07311046,建築學系,學士班(日間),23,9,14,6.87
106,私立,一般大學,1004,中原大學,02122007,設計學博士學位學程,博士班,9,4,5,22.50
106,私立,一般大學,1004,中原大學,04191012,商學博士學位學程,博士班,4,4,0,10.53
106,私立,一般大學,1004,中原大學,07111037,化學工程學系,博士班,1,0,1,6.67
106,私立,一般大學,1004,中原大學,07321035,土木工程學系,博士班,2,1,1,33.33
106,私立,一般大學,1004,中原大學,04131014,企業管理學系,碩士班(日間),1,0,1,1.47
106,私立,一般大學,1004,中原大學,06131028,資訊管理學系,碩士班(日間),1,1,0,2.00
106,私立,一般大學,1004,中原大學,07141030,電子工程學系,碩士班(日間),1,1,0,1.01
106,私立,一般大學,1004,中原大學,07312047,景觀學系,碩士班(日間),2,2,0,11.76
106,私立,一般大學,1004,中原大學,07321035,土木工程學系,碩士班(日間),4,4,0,8.89
106,私立,一般大學,1005,淡江大學學校財團法人淡江大學,01116092,教育科技學系,學士班(日間),6,0,6,1.24
106,私立,一般大學,1005,淡江大學學校財團法人淡江大學,02311082,日本語文學系,學士班(日間),9,3,6,0.94
106,私立,一般大學,1005,淡江大學學校財團法人淡江大學,02311084,西班牙語文學系,學士班(日間),15,3,12,2.58
106,私立,一般大學,1005,淡江大學學校財團法人淡江大學,02311085,德國語文學系,學士班(日間),1,1,0,0.35
106,私立,一般大學,1005,淡江大學學校財團法人淡江大學,03111075,產業經濟學系,學士班(日間),13,6,7,2.78
106,私立,一般大學,1005,淡江大學學校財團法人淡江大學,07122009,水資源及環境工程學系,學士班(日間),20,11,9,4.13
106,私立,一般大學,1005,淡江大學學校財團法人淡江大學,07151015,機械與機電工程學系,學士班(日間),20,19,1,3.75
106,私立,一般大學,1005,淡江大學學校財團法人淡江大學,07321012,土木工程學系,學士班(日間),19,16,3,2.49
106,私立,一般大學,1005,淡江大學學校財團法人淡江大學,10151005,國際觀光管理學系全英語學士班,學士班(日間),3,0,3,0.85
106,私立,一般大學,1005,淡江大學學校財團法人淡江大學,01114093,教育學院教育領導與科技管理博士班,博士班,1,0,1,2.94
106,私立,一般大學,1005,淡江大學學校財團法人淡江大學,04121037,財務金融學系,博士班,1,1,0,3.03
106,私立,一般大學,1005,淡江大學學校財團法人淡江大學,01116092,教育科技學系,碩士班(日間),1,1,0,2.78
106,私立,一般大學,1005,淡江大學學校財團法人淡江大學,02311082,日本語文學系,碩士班(日間),1,1,0,2.50
106,私立,一般大學,1005,淡江大學學校財團法人淡江大學,03111076,經濟學系經濟與財務碩士班,碩士班(日間),2,0,2,7.14
106,私立,一般大學,1005,淡江大學學校財團法人淡江大學,03211055,大眾傳播學系,碩士班(日間),4,1,3,10.00
106,私立,一般大學,1005,淡江大學學校財團法人淡江大學,03222052,資訊與圖書館學系,碩士班(日間),1,0,1,4.76
106,私立,一般大學,1005,淡江大學學校財團法人淡江大學,04111051,會計學系,碩士班(日間),2,0,2,3.23
106,私立,一般大學,1005,淡江大學學校財團法人淡江大學,04121037,財務金融學系,碩士班(日間),7,5,2,8.75
106,私立,一般大學,1005,淡江大學學校財團法人淡江大學,04131047,管理科學學系企業經營碩士班,碩士班(日間),1,1,0,2.22
106,私立,一般大學,1005,淡江大學學校財團法人淡江大學,03111076,經濟學系,學士班(日間),32,15,17,4.55
106,私立,一般大學,1005,淡江大學學校財團法人淡江大學,03121074,全球政治經濟學系全英語學士班,學士班(日間),2,2,0,1.02
106,私立,一般大學,1005,淡江大學學校財團法人淡江大學,03211055,大眾傳播學系,學士班(日間),12,2,10,4.05
106,私立,一般大學,1005,淡江大學學校財團法人淡江大學,03214054,資訊傳播學系,學士班(日間),4,1,3,1.03
106,私立,一般大學,1005,淡江大學學校財團法人淡江大學,03222052,資訊與圖書館學系,學士班(日間),6,0,6,1.24
106,私立,一般大學,1005,淡江大學學校財團法人淡江大學,04111051,會計學系,學士班(日間),18,6,12,3.16
106,私立,一般大學,1005,淡江大學學校財團法人淡江大學,04121037,財務金融學系,學士班(日間),50,20,30,7.87
106,私立,一般大學,1005,淡江大學學校財團法人淡江大學,04123033,保險學系,學士班(日間),9,6,3,1.98
106,私立,一般大學,1005,淡江大學學校財團法人淡江大學,05311031,化學學系,學士班(日間),8,6,2,1.85
106,私立,一般大學,1005,淡江大學學校財團法人淡江大學,05331030,物理學系,學士班(日間),8,7,1,2.29
106,私立,一般大學,1005,淡江大學學校財團法人淡江大學,06131018,資訊工程學系,學士班(日間),21,18,3,2.86
106,私立,一般大學,1005,淡江大學學校財團法人淡江大學,06132022,資訊創新與科技學系,學士班(日間),4,2,2,1.20
106,私立,一般大學,1005,淡江大學學校財團法人淡江大學,07111010,化學工程與材料工程學系,學士班(日間),6,3,3,1.03
106,私立,一般大學,1005,淡江大學學校財團法人淡江大學,07141019,電機工程學系,學士班(日間),10,8,2,1.31
106,私立,一般大學,1005,淡江大學學校財團法人淡江大學,07311007,建築學系,學士班(日間),15,5,10,4.31
106,私立,一般大學,1005,淡江大學學校財團法人淡江大學,10411002,運輸管理學系,學士班(日間),7,3,4,1.34
106,私立,一般大學,1005,淡江大學學校財團法人淡江大學,02311088,英文學系,博士班,5,1,4,10.64
106,私立,一般大學,1005,淡江大學學校財團法人淡江大學,02322090,中國文學學系,博士班,2,2,0,4.26
106,私立,一般大學,1005,淡江大學學校財團法人淡江大學,05331030,物理學系,博士班,1,0,1,11.11
106,私立,一般大學,1005,淡江大學學校財團法人淡江大學,02311088,英文學系,碩士班(日間),4,1,3,9.76
106,私立,一般大學,1005,淡江大學學校財團法人淡江大學,03131096,教育心理與諮商研究所,碩士班(日間),3,1,2,2.83
106,私立,一般大學,1005,淡江大學學校財團法人淡江大學,04131040,國際企業學系,碩士班(日間),4,1,3,6.56
106,私立,一般大學,1005,淡江大學學校財團法人淡江大學,04131049,企業管理學系,碩士班(日間),5,5,0,8.93
106,私立,一般大學,1005,淡江大學學校財團法人淡江大學,05331030,物理學系,碩士班(日間),1,1,0,7.69
106,私立,一般大學,1005,淡江大學學校財團法人淡江大學,06131018,資訊工程學系,碩士班(日間),1,0,1,1.01
106,私立,一般大學,1005,淡江大學學校財團法人淡江大學,06131023,資訊管理學系,碩士班(日間),1,1,0,2.13
106,私立,一般大學,1005,淡江大學學校財團法人淡江大學,07311007,建築學系,碩士班(日間),7,6,1,13.21
106,私立,一般大學,1005,淡江大學學校財團法人淡江大學,02221078,歷史學系,學士班(日間),1,1,0,0.19
106,私立,一般大學,1005,淡江大學學校財團法人淡江大學,02311079,英美語言文化學系全英語學士班,學士班(日間),3,1,2,1.59
106,私立,一般大學,1005,淡江大學學校財團法人淡江大學,02311081,俄國語文學系,學士班(日間),5,0,5,1.90
106,私立,一般大學,1005,淡江大學學校財團法人淡江大學,02311086,法國語文學系,學士班(日間),15,3,12,2.76
106,私立,一般大學,1005,淡江大學學校財團法人淡江大學,02311088,英文學系,學士班(日間),14,2,12,1.73
106,私立,一般大學,1005,淡江大學學校財團法人淡江大學,02322090,中國文學學系,學士班(日間),12,2,10,1.97
106,私立,一般大學,1005,淡江大學學校財團法人淡江大學,04121035,商管學院全球財務管理全英語學士學位學程,學士班(日間),6,1,5,3.49
106,私立,一般大學,1005,淡江大學學校財團法人淡江大學,04131040,國際企業學系,學士班(日間),25,6,19,3.40
106,私立,一般大學,1005,淡江大學學校財團法人淡江大學,04131047,管理科學學系,學士班(日間),7,2,5,1.74
106,私立,一般大學,1005,淡江大學學校財團法人淡江大學,04131049,企業管理學系,學士班(日間),17,10,7,2.65
106,私立,一般大學,1005,淡江大學學校財團法人淡江大學,04134061,公共行政學系,學士班(日間),8,2,6,1.55
106,私立,一般大學,1005,淡江大學學校財團法人淡江大學,05399029,理學院尖端材料科學學士學位學程,學士班(日間),2,2,0,1.85
106,私立,一般大學,1005,淡江大學學校財團法人淡江大學,05411026,數學學系,學士班(日間),5,2,3,1.20
106,私立,一般大學,1005,淡江大學學校財團法人淡江大學,05421024,統計學系,學士班(日間),16,4,12,2.09
106,私立,一般大學,1005,淡江大學學校財團法人淡江大學,06131023,資訊管理學系,學士班(日間),16,9,7,2.10
106,私立,一般大學,1005,淡江大學學校財團法人淡江大學,07321012,土木工程學系,碩士班(日間),3,3,0,7.32
106,私立,一般大學,1006,中國文化大學,02151007,中國音樂學系,學士班(日間),4,1,3,1.99
106,私立,一般大學,1006,中國文化大學,02151040,音樂學系,學士班(日間),10,2,8,4.48
106,私立,一般大學,1006,中國文化大學,02152043,戲劇學系,學士班(日間),11,3,8,3.97
106,私立,一般大學,1006,中國文化大學,02311047,俄國語文學系,學士班(日間),3,0,3,1.54
106,私立,一般大學,1006,中國文化大學,02311052,英國語文學系,學士班(日間),4,1,3,0.86
106,私立,一般大學,1006,中國文化大學,02311077,日本語文學系,學士班(日間),6,1,5,1.13
106,私立,一般大學,1006,中國文化大學,02311079,德國語文學系,學士班(日間),8,0,8,3.54
106,私立,一般大學,1006,中國文化大學,03111099,經濟學系,學士班(日間),4,3,1,0.90
106,私立,一般大學,1006,中國文化大學,03121061,政治學系,學士班(日間),4,3,1,1.91
106,私立,一般大學,1006,中國文化大學,03131004,心理輔導學系,學士班(日間),12,3,9,4.18
106,私立,一般大學,1006,中國文化大學,03142088,地理學系,學士班(日間),3,2,1,1.20
106,私立,一般大學,1006,中國文化大學,03211036,大眾傳播學系,學士班(日間),20,8,12,3.29
106,私立,一般大學,1006,中國文化大學,03211101,資訊傳播學系,學士班(日間),8,5,3,1.59
106,私立,一般大學,1006,中國文化大學,04111065,會計學系,學士班(日間),14,4,10,2.93
106,私立,一般大學,1006,中國文化大學,04121037,財務金融學系,學士班(日間),17,11,6,2.38
106,私立,一般大學,1006,中國文化大學,04141041,國際貿易學系,學士班(日間),9,4,5,1.28
106,私立,一般大學,1006,中國文化大學,04143013,廣告學系,學士班(日間),15,5,10,2.75
106,私立,一般大學,1006,中國文化大學,04211020,法律學系,學士班(日間),14,6,8,1.16
106,私立,一般大學,1006,中國文化大學,05191057,保健營養學系,學士班(日間),6,2,4,2.26
106,私立,一般大學,1006,中國文化大學,05411114,應用數學系,學士班(日間),4,3,1,1.11
106,私立,一般大學,1006,中國文化大學,06134006,資訊管理學系,學士班(日間),5,5,0,0.71
106,私立,一般大學,1006,中國文化大學,07111028,化學工程與材料工程學系,學士班(日間),4,4,0,0.95
106,私立,一般大學,1006,中國文化大學,07141085,電機工程學系,學士班(日間),4,4,0,1.02
106,私立,一般大學,1006,中國文化大學,07141115,光電物理學系,學士班(日間),3,2,1,1.58
106,私立,一般大學,1006,中國文化大學,07312103,景觀學系,學士班(日間),30,9,21,10.68
106,私立,一般大學,1006,中國文化大學,07313118,都市計劃與開發管理學系,學士班(日間),16,8,8,6.81
106,私立,一般大學,1006,中國文化大學,08112116,動物科學系,學士班(日間),3,1,2,1.43
106,私立,一般大學,1006,中國文化大學,09231082,社會福利學系,學士班(日間),5,1,4,1.01
106,私立,一般大學,1006,中國文化大學,07151107,機械工程學系,學士班(日間),3,3,0,0.70
106,私立,一般大學,1006,中國文化大學,07192108,紡織工程學系,學士班(日間),2,2,0,1.05
106,私立,一般大學,1006,中國文化大學,07311068,建築及都市設計學系,學士班(日間),18,9,9,5.94
106,私立,一般大學,1006,中國文化大學,08121106,園藝暨生物技術學系,學士班(日間),3,0,3,1.24
106,私立,一般大學,1006,中國文化大學,08211054,森林暨自然保育學系,學士班(日間),3,1,2,1.20
106,私立,一般大學,1006,中國文化大學,10111090,生活應用科學系,學士班(日間),3,0,3,1.14
106,私立,一般大學,1006,中國文化大學,10141002,技擊運動暨國術學系,學士班(日間),1,0,1,0.53
106,私立,一般大學,1006,中國文化大學,01141023,體育學系運動教練博士班,博士班,4,3,1,6.78
106,私立,一般大學,1006,中國文化大學,02151040,音樂學系,碩士班(日間),1,1,0,1.75
106,私立,一般大學,1006,中國文化大學,02322001,中國文學系,碩士班(日間),7,1,6,10.77
106,私立,一般大學,1006,中國文化大學,03131004,心理輔導學系,碩士班(日間),1,0,1,0.95
106,私立,一般大學,1006,中國文化大學,03142087,地學研究所,碩士班(日間),1,0,1,2.50
106,私立,一般大學,1006,中國文化大學,04141041,國際貿易學系,碩士班(日間),2,1,1,11.11
106,私立,一般大學,1006,中國文化大學,07312103,景觀學系,碩士班(日間),4,2,2,26.67
106,私立,一般大學,1006,中國文化大學,10142093,運動與健康促進學系,學士班(日間),4,1,3,1.57
106,私立,一般大學,1006,中國文化大學,10151005,觀光事業學系,學士班(日間),5,2,3,0.86
106,私立,一般大學,1006,中國文化大學,02322001,中國文學系,博士班,1,0,1,1.75
106,私立,一般大學,1006,中國文化大學,07311068,建築及都市設計學系,博士班,6,3,3,15.79
106,私立,一般大學,1006,中國文化大學,01141023,體育學系運動教練碩士班,碩士班(日間),3,3,0,2.27
106,私立,一般大學,1006,中國文化大學,02131059,美術學系,碩士班(日間),3,0,3,4.92
106,私立,一般大學,1006,中國文化大學,02152009,舞蹈學系,碩士班(日間),1,0,1,4.55
106,私立,一般大學,1006,中國文化大學,02221098,史學系,碩士班(日間),2,2,0,6.67
106,私立,一般大學,1006,中國文化大學,03121011,國家發展與中國大陸研究所,碩士班(日間),1,1,0,2.38
106,私立,一般大學,1006,中國文化大學,03212033,新聞學系,碩士班(日間),3,2,1,11.54
106,私立,一般大學,1006,中國文化大學,04131015,國際企業管理學系,碩士班(日間),1,1,0,2.56
106,私立,一般大學,1006,中國文化大學,04211020,法律學系,碩士班(日間),1,0,1,0.36
106,私立,一般大學,1006,中國文化大學,07311068,建築及都市設計學系,碩士班(日間),5,2,3,13.16
106,私立,一般大學,1006,中國文化大學,01111046,教育學系,學士班(日間),6,0,6,2.25
106,私立,一般大學,1006,中國文化大學,01141023,體育學系,學士班(日間),2,2,0,0.45
106,私立,一般大學,1006,中國文化大學,02131059,美術學系,學士班(日間),14,2,12,5.34
106,私立,一般大學,1006,中國文化大學,02152008,中國戲劇學系,學士班(日間),11,5,6,4.87
106,私立,一般大學,1006,中國文化大學,02221098,史學系,學士班(日間),10,6,4,3.86
106,私立,一般大學,1006,中國文化大學,02231081,哲學系,學士班(日間),3,2,1,1.53
106,私立,一般大學,1006,中國文化大學,02311010,韓國語文學系,學士班(日間),1,0,1,0.35
106,私立,一般大學,1006,中國文化大學,02311089,法國語文學系,學士班(日間),5,0,5,2.10
106,私立,一般大學,1006,中國文化大學,02322001,中國文學系,學士班(日間),13,0,13,1.74
106,私立,一般大學,1006,中國文化大學,03199049,勞工關係學系,學士班(日間),12,4,8,2.53
106,私立,一般大學,1006,中國文化大學,03212033,新聞學系,學士班(日間),16,3,13,2.88
106,私立,一般大學,1006,中國文化大學,04131015,國際企業管理學系,學士班(日間),7,3,4,0.94
106,私立,一般大學,1006,中國文化大學,04134012,行政管理學系,學士班(日間),4,3,1,0.78
106,私立,一般大學,1006,中國文化大學,04191014,全球商務學士學位學程,學士班(日間),7,1,6,3.93
106,私立,一般大學,1006,中國文化大學,05111091,生命科學系,學士班(日間),5,2,3,2.44
106,私立,一般大學,1006,中國文化大學,05292083,土地資源學系,學士班(日間),3,2,1,1.36
106,私立,一般大學,1006,中國文化大學,05311026,化學系,學士班(日間),1,0,1,0.50
106,私立,一般大學,1006,中國文化大學,05321112,地質學系,學士班(日間),1,1,0,0.53
106,私立,一般大學,1006,中國文化大學,05322097,大氣科學系,學士班(日間),5,2,3,2.28
106,私立,一般大學,1006,中國文化大學,06131021,資訊工程學系,學士班(日間),6,5,1,1.24
106,私立,一般大學,1007,逢甲大學,04111017,會計學系,學士班(日間),38,12,26,4.92
106,私立,一般大學,1007,逢甲大學,04121028,財務工程與精算學士學位學程,學士班(日間),25,13,12,10.92
106,私立,一般大學,1007,逢甲大學,04122032,財稅學系,學士班(日間),6,1,5,1.30
106,私立,一般大學,1007,逢甲大學,04199035,澳洲墨爾本皇家理工大學商學與創新雙學士學位學程,學士班(日間),11,9,2,13.92
106,私立,一般大學,1007,逢甲大學,06131048,資訊工程學系,學士班(日間),13,9,4,1.39
106,私立,一般大學,1007,逢甲大學,07122077,水利工程與資源保育學系,學士班(日間),2,1,1,0.54
106,私立,一般大學,1007,逢甲大學,07141046,電子工程學系,學士班(日間),13,11,2,2.69
106,私立,一般大學,1007,逢甲大學,04134086,土地管理學系,學士班(日間),5,1,4,1.16
106,私立,一般大學,1007,逢甲大學,04141024,國際經營與貿易學系,學士班(日間),24,3,21,2.65
106,私立,一般大學,1007,逢甲大學,04141033,行銷學系,學士班(日間),21,10,11,3.68
106,私立,一般大學,1007,逢甲大學,04199092,美國聖荷西州立大學商學大數據分析雙學士學位學程,學士班(日間),15,7,8,19.48
106,私立,一般大學,1007,逢甲大學,05411039,應用數學系,學士班(日間),5,4,1,1.30
106,私立,一般大學,1007,逢甲大學,05421040,統計學系,學士班(日間),5,2,3,1.20
106,私立,一般大學,1007,逢甲大學,07111068,化學工程學系,學士班(日間),4,3,1,0.85
106,私立,一般大學,1007,逢甲大學,07112069,材料科學與工程學系,學士班(日間),6,5,1,1.33
106,私立,一般大學,1007,逢甲大學,07121075,環境工程與科學學系,學士班(日間),5,4,1,1.26
106,私立,一般大學,1007,逢甲大學,07141044,電機工程學系,學士班(日間),10,9,1,1.67
106,私立,一般大學,1007,逢甲大學,07141047,光電學系,學士班(日間),5,4,1,1.20
106,私立,一般大學,1007,逢甲大學,07141050,通訊工程學系,學士班(日間),8,8,0,1.80
106,私立,一般大學,1007,逢甲大學,07141056,資訊電機學院,學士班(日間),5,4,1,3.79
106,私立,一般大學,1007,逢甲大學,07151062,精密系統設計學士學位學程,學士班(日間),3,2,1,1.46
106,私立,一般大學,1007,逢甲大學,07191072,工業工程與系統管理學系,學士班(日間),3,3,0,0.72
106,私立,一般大學,1007,逢甲大學,07192074,纖維與複合材料學系,學士班(日間),4,3,1,0.97
106,私立,一般大學,1007,逢甲大學,07311083,建築專業學院學士班,學士班(日間),3,1,2,1.34
106,私立,一般大學,1007,逢甲大學,07313087,都市計畫與空間資訊學系,學士班(日間),11,5,6,2.55
106,私立,一般大學,1007,逢甲大學,10411093,運輸與物流學系,學士班(日間),5,3,2,1.07
106,私立,一般大學,1007,逢甲大學,04191014,商學博士學位學程,博士班,4,3,1,3.33
106,私立,一般大學,1007,逢甲大學,06131048,資訊工程學系,博士班,3,2,1,10.00
106,私立,一般大學,1007,逢甲大學,04111017,會計學系,碩士班(日間),2,1,1,4.65
106,私立,一般大學,1007,逢甲大學,07141049,自動控制工程學系,學士班(日間),5,5,0,1.06
106,私立,一般大學,1007,逢甲大學,07151061,機械與電腦輔助工程學系,學士班(日間),3,2,1,0.45
106,私立,一般大學,1007,逢甲大學,07311081,建築學士學位學程,學士班(日間),28,15,13,7.63
106,私立,一般大學,1007,逢甲大學,07321063,土木工程學系,學士班(日間),16,12,4,3.39
106,私立,一般大學,1007,逢甲大學,04121025,財務金融學系,碩士班(日間),5,3,2,12.50
106,私立,一般大學,1007,逢甲大學,04123029,風險管理與保險學系,碩士班(日間),3,0,3,6.82
106,私立,一般大學,1007,逢甲大學,04131019,企業管理學系,碩士班(日間),3,3,0,9.09
106,私立,一般大學,1007,逢甲大學,07311081,建築碩士學位學程,碩士班(日間),3,3,0,8.33
106,私立,一般大學,1007,逢甲大學,07313087,都市計畫與空間資訊學系,碩士班(日間),2,1,1,6.06
106,私立,一般大學,1007,逢甲大學,02311002,外國語文學系,學士班(日間),4,0,4,0.92
106,私立,一般大學,1007,逢甲大學,02322001,中國文學系,學士班(日間),6,1,5,2.27
106,私立,一般大學,1007,逢甲大學,03111009,經濟學系,學士班(日間),13,8,5,2.74
106,私立,一般大學,1007,逢甲大學,03111012,合作經濟暨社會事業經營學系,學士班(日間),4,1,3,1.63
106,私立,一般大學,1007,逢甲大學,04121025,財務金融學系,學士班(日間),54,26,28,7.26
106,私立,一般大學,1007,逢甲大學,04123029,風險管理與保險學系,學士班(日間),10,3,7,2.30
106,私立,一般大學,1007,逢甲大學,04131019,企業管理學系,學士班(日間),13,3,10,2.10
106,私立,一般大學,1007,逢甲大學,04131021,國際企業管理學士學位學程(英語專班),學士班(日間),6,2,4,3.87
106,私立,一般大學,1007,逢甲大學,07321063,土木工程學系,碩士班(日間),3,3,0,7.14
106,私立,一般大學,1008,靜宜大學,02321002,台灣文學系,學士班(日間),2,1,1,0.97
106,私立,一般大學,1008,靜宜大學,02322003,中國文學系,學士班(日間),10,3,7,2.04
106,私立,一般大學,1008,靜宜大學,03211008,大眾傳播學系,學士班(日間),18,8,10,6.08
106,私立,一般大學,1008,靜宜大學,04121019,財務金融學系,學士班(日間),44,24,20,6.14
106,私立,一般大學,1008,靜宜大學,04211020,法律學系,學士班(日間),8,4,4,1.54
106,私立,一般大學,1008,靜宜大學,05191031,食品營養學系,學士班(日間),12,4,8,2.51
106,私立,一般大學,1008,靜宜大學,07141030,資訊工程學系,學士班(日間),7,7,0,1.57
106,私立,一般大學,1008,靜宜大學,10151034,觀光事業學系,學士班(日間),12,5,7,1.55
106,私立,一般大學,1008,靜宜大學,05311023,應用化學系,碩士班(日間),1,1,0,3.45
106,私立,一般大學,1008,靜宜大學,02311004,英國語文學系,學士班(日間),12,1,11,1.73
106,私立,一般大學,1008,靜宜大學,02311005,西班牙語文學系,學士班(日間),13,4,9,2.60
106,私立,一般大學,1008,靜宜大學,02311006,日本語文學系,學士班(日間),9,5,4,1.43
106,私立,一般大學,1008,靜宜大學,02311007,寰宇外語教育學士學位學程,學士班(日間),1,0,1,0.92
106,私立,一般大學,1008,靜宜大學,03214009,資訊傳播工程學系,學士班(日間),13,10,3,2.75
106,私立,一般大學,1008,靜宜大學,04111011,會計學系,學士班(日間),28,10,18,4.09
106,私立,一般大學,1008,靜宜大學,04131012,企業管理學系,學士班(日間),16,9,7,2.24
106,私立,一般大學,1008,靜宜大學,04131015,國際企業學系,學士班(日間),18,8,10,2.51
106,私立,一般大學,1008,靜宜大學,04191010,寰宇管理學士學位學程,學士班(日間),4,0,4,2.40
106,私立,一般大學,1008,靜宜大學,05211021,生態人文學系,學士班(日間),4,1,3,1.87
106,私立,一般大學,1008,靜宜大學,05421024,統計資訊學系,學士班(日間),3,1,2,1.80
106,私立,一般大學,1008,靜宜大學,05499025,財務與計算數學系,學士班(日間),11,9,2,2.84
106,私立,一般大學,1008,靜宜大學,06131027,資訊管理學系,學士班(日間),5,3,2,1.10
106,私立,一般大學,1008,靜宜大學,09161035,化粧品科學系,學士班(日間),9,2,7,1.62
106,私立,一般大學,1008,靜宜大學,09231032,社會工作與兒童少年福利學系,學士班(日間),3,2,1,0.52
106,私立,一般大學,1008,靜宜大學,03211008,大眾傳播學系,碩士班(日間),1,0,1,16.67
106,私立,一般大學,1008,靜宜大學,04121019,財務金融學系,碩士班(日間),3,1,2,16.67
106,私立,一般大學,1008,靜宜大學,04131010,寰宇管理碩士學位學程,碩士班(日間),1,1,0,2.86
106,私立,一般大學,1008,靜宜大學,09161035,化粧品科學系,碩士班(日間),1,1,0,4.00
106,私立,一般大學,1009,長庚大學,02122001,工業設計學系,學士班(日間),8,1,7,4.02
106,私立,一般大學,1009,長庚大學,05121012,生物醫學系,學士班(日間),5,1,4,1.36
106,私立,一般大學,1009,長庚大學,06131013,資訊管理學系,學士班(日間),5,4,1,1.33
106,私立,一般大學,1009,長庚大學,06131018,資訊工程學系,學士班(日間),6,4,2,2.56
106,私立,一般大學,1009,長庚大學,09131040,護理學系,學士班(日間),1,0,1,0.21
106,私立,一般大學,1009,長庚大學,09141046,醫學生物技術暨檢驗學系,學士班(日間),4,3,1,1.75
106,私立,一般大學,1009,長庚大學,04131004,企業管理研究所,博士班,5,5,0,14.29
106,私立,一般大學,1009,長庚大學,07141016,電子工程學系,博士班,2,2,0,3.33
106,私立,一般大學,1009,長庚大學,04133007,醫務管理學系,碩士班(日間),1,0,1,2.78
106,私立,一般大學,1009,長庚大學,07141014,電機工程學系,碩士班(日間),1,1,0,1.28
106,私立,一般大學,1009,長庚大學,07141016,電子工程學系,碩士班(日間),1,1,0,1.96
106,私立,一般大學,1009,長庚大學,04131005,工商管理學系,學士班(日間),12,3,9,5.66
106,私立,一般大學,1009,長庚大學,04133007,醫務管理學系,學士班(日間),3,3,0,1.51
106,私立,一般大學,1009,長庚大學,07111025,化工與材料工程學系,學士班(日間),2,1,1,0.97
106,私立,一般大學,1009,長庚大學,07141014,電機工程學系,學士班(日間),9,9,0,2.20
106,私立,一般大學,1009,長庚大學,07141016,電子工程學系,學士班(日間),7,6,1,1.78
106,私立,一般大學,1009,長庚大學,07151022,機械工程學系,學士班(日間),5,4,1,2.62
106,私立,一般大學,1009,長庚大學,09131042,呼吸治療學系,學士班(日間),3,0,3,1.82
106,私立,一般大學,1009,長庚大學,09141048,醫學影像暨放射科學系,學士班(日間),4,2,2,2.61
106,私立,一般大學,1010,元智大學,02191001,藝術與設計學系,學士班(日間),40,18,22,16.74
106,私立,一般大學,1010,元智大學,02311007,應用外語學系,學士班(日間),5,0,5,2.01
106,私立,一般大學,1010,元智大學,02322004,中國語文學系,學士班(日間),7,1,6,2.87
106,私立,一般大學,1010,元智大學,03141009,社會暨政策科學學系,學士班(日間),2,2,0,0.81
106,私立,一般大學,1010,元智大學,07111041,化學工程與材料科學學系,學士班(日間),9,5,4,1.82
106,私立,一般大學,1010,元智大學,07151037,機械工程學系,學士班(日間),8,6,2,1.60
106,私立,一般大學,1010,元智大學,04199018,管理學院博士班,博士班,1,1,0,0.94
106,私立,一般大學,1010,元智大學,06131028,資訊工程學系,博士班,1,1,0,4.00
106,私立,一般大學,1010,元智大學,07141033,電機工程學系,博士班,2,1,1,10.53
106,私立,一般大學,1010,元智大學,10199047,文化產業與文化政策博士學位學程,博士班,2,0,2,14.29
106,私立,一般大學,1010,元智大學,06131011,資訊管理學系,碩士班(日間),1,1,0,1.61
106,私立,一般大學,1010,元智大學,07141034,光電工程學系,碩士班(日間),1,1,0,2.70
106,私立,一般大學,1010,元智大學,04199018,管理學院,學士班(日間),26,9,17,1.42
106,私立,一般大學,1010,元智大學,06131011,資訊管理學系,學士班(日間),10,6,4,2.12
106,私立,一般大學,1010,元智大學,06131028,資訊工程學系,學士班(日間),12,11,1,1.90
106,私立,一般大學,1010,元智大學,06133013,資訊傳播學系,學士班(日間),15,5,10,2.75
106,私立,一般大學,1010,元智大學,07141033,電機工程學系,學士班(日間),12,12,0,2.38
106,私立,一般大學,1010,元智大學,07141034,光電工程學系,學士班(日間),5,5,0,2.22
106,私立,一般大學,1010,元智大學,07141035,通訊工程學系,學士班(日間),15,11,4,3.39
106,私立,一般大學,1010,元智大學,07191043,工業工程與管理學系,學士班(日間),9,7,2,1.94
106,私立,一般大學,1010,元智大學,06131011,資訊管理學系,博士班,1,0,1,3.33
106,私立,一般大學,1010,元智大學,07141035,通訊工程學系,博士班,1,1,0,4.55
106,私立,一般大學,1010,元智大學,07191043,工業工程與管理學系,博士班,1,1,0,3.13
106,私立,一般大學,1010,元智大學,04131019,管理學院經營管理碩士班,碩士班(日間),1,1,0,0.84
106,私立,一般大學,1010,元智大學,07141035,通訊工程學系,碩士班(日間),1,0,1,1.52
106,私立,一般大學,1010,元智大學,07151037,機械工程學系,碩士班(日間),1,1,0,2.08
106,私立,一般大學,1011,中華大學學校財團法人中華大學,02123004,工業產品設計學系,學士班(日間),1,1,0,0.44
106,私立,一般大學,1011,中華大學學校財團法人中華大學,07311038,建築與都市計畫學系,學士班(日間),4,2,2,1.01
106,私立,一般大學,1011,中華大學學校財團法人中華大學,07321032,土木工程學系,學士班(日間),4,3,1,2.55
106,私立,一般大學,1011,中華大學學校財團法人中華大學,02311001,外國語文學系,學士班(日間),2,0,2,0.77
106,私立,一般大學,1011,中華大學學校財團法人中華大學,04121012,財務管理學系,學士班(日間),1,1,0,0.35
106,私立,一般大學,1011,中華大學學校財團法人中華大學,04131007,企業管理學系,學士班(日間),2,2,0,0.72
106,私立,一般大學,1011,中華大學學校財團法人中華大學,07141022,電機工程學系,學士班(日間),2,2,0,0.63
106,私立,一般大學,1011,中華大學學校財團法人中華大學,07141025,資訊工程學系,學士班(日間),1,1,0,0.26
106,私立,一般大學,1011,中華大學學校財團法人中華大學,04199014,科技管理博士學位學程,博士班,3,1,2,5.26
106,私立,一般大學,1011,中華大學學校財團法人中華大學,07194037,工程科學博士學位學程,博士班,2,1,1,20.00
106,私立,一般大學,1011,中華大學學校財團法人中華大學,07321032,土木工程學系,博士班,1,1,0,3.57
106,私立,一般大學,1011,中華大學學校財團法人中華大學,07141025,資訊工程學系,碩士班(日間),1,1,0,1.96
106,私立,一般大學,1012,大葉大學,02111002,造形藝術學系,學士班(日間),4,0,4,0.90
106,私立,一般大學,1012,大葉大學,02123012,工業設計學系,學士班(日間),8,4,4,1.92
106,私立,一般大學,1012,大葉大學,04111020,會計資訊學系,學士班(日間),2,1,1,1.10
106,私立,一般大學,1012,大葉大學,04121025,財務金融學系,學士班(日間),7,4,3,2.52
106,私立,一般大學,1012,大葉大學,04131021,企業管理學系,學士班(日間),1,1,0,0.31
106,私立,一般大學,1012,大葉大學,07121054,環境工程學系,學士班(日間),3,1,2,2.22
106,私立,一般大學,1012,大葉大學,07141038,電機工程學系,學士班(日間),2,2,0,0.91
106,私立,一般大學,1012,大葉大學,07151046,機械與自動化工程學系,學士班(日間),4,4,0,1.12
106,私立,一般大學,1012,大葉大學,06131039,資訊工程學系,學士班(日間),4,3,1,2.12
106,私立,一般大學,1012,大葉大學,07141038,電機工程學系,博士班,1,1,0,4.17
106,私立,一般大學,1012,大葉大學,02124014,空間設計學系,學士班(日間),2,2,0,0.53
106,私立,一般大學,1012,大葉大學,03211018,傳播藝術學士學位學程,學士班(日間),2,1,1,1.04
106,私立,一般大學,1013,華梵學校財團法人華梵大學,02131002,美術與文創學系,學士班(日間),7,3,4,2.30
106,私立,一般大學,1013,華梵學校財團法人華梵大學,02322003,中國文學系,學士班(日間),1,0,1,0.93
106,私立,一般大學,1013,華梵學校財團法人華梵大學,07151014,機電工程學系,學士班(日間),1,1,0,0.99
106,私立,一般大學,1013,華梵學校財團法人華梵大學,07311016,建築學系,學士班(日間),1,1,0,0.58
106,私立,一般大學,1013,華梵學校財團法人華梵大學,03143009,東方人文思想研究所,博士班,3,3,0,7.14
106,私立,一般大學,1013,華梵學校財團法人華梵大學,02123008,工業設計學系,碩士班(日間),1,1,0,7.69
106,私立,一般大學,1014,義守大學,02112005,數位多媒體設計學系,學士班(日間),7,4,3,3.13
106,私立,一般大學,1014,義守大學,02311003,應用日語學系,學士班(日間),3,0,3,0.96
106,私立,一般大學,1014,義守大學,04134007,公共政策與管理學系,學士班(日間),1,0,1,0.53
106,私立,一般大學,1014,義守大學,05121020,生物科技學系,學士班(日間),2,1,1,0.90
106,私立,一般大學,1014,義守大學,07112034,材料科學與工程學系,學士班(日間),2,0,2,0.64
106,私立,一般大學,1014,義守大學,07193037,生物醫學工程學系,學士班(日間),3,2,1,0.77
106,私立,一般大學,1014,義守大學,04121017,國際財務金融學系,學士班(日間),3,2,1,2.59
106,私立,一般大學,1014,義守大學,04131010,企業管理學系,學士班(日間),6,3,3,1.34
106,私立,一般大學,1014,義守大學,04131013,國際企業經營學系,學士班(日間),3,1,2,1.50
106,私立,一般大學,1014,義守大學,04133018,醫務管理學系,學士班(日間),2,1,1,0.53
106,私立,一般大學,1014,義守大學,04141015,國際商務學系,學士班(日間),2,0,2,0.51
106,私立,一般大學,1014,義守大學,04199019,工業管理學系,學士班(日間),5,3,2,1.86
106,私立,一般大學,1014,義守大學,05191044,營養學系,學士班(日間),3,1,2,1.24
106,私立,一般大學,1014,義守大學,05499023,財務與計算數學系,學士班(日間),2,0,2,1.39
106,私立,一般大學,1014,義守大學,06131027,資訊工程學系,學士班(日間),3,2,1,0.71
106,私立,一般大學,1014,義守大學,07111033,化學工程學系,學士班(日間),1,1,0,0.30
106,私立,一般大學,1014,義守大學,07141025,電機工程學系,學士班(日間),2,2,0,0.36
106,私立,一般大學,1014,義守大學,07141026,電子工程學系,學士班(日間),3,2,1,0.90
106,私立,一般大學,1014,義守大學,07141028,通訊工程學系,學士班(日間),3,3,0,1.94
106,私立,一般大學,1014,義守大學,07151030,機械與自動化工程學系,學士班(日間),2,2,0,0.61
106,私立,一般大學,1014,義守大學,07321032,土木與生態工程學系,學士班(日間),6,5,1,1.99
106,私立,一般大學,1014,義守大學,09141050,醫學影像暨放射科學系,學士班(日間),7,4,3,2.81
106,私立,一般大學,1014,義守大學,10131051,餐旅管理學系,學士班(日間),2,2,0,0.49
106,私立,一般大學,1014,義守大學,10151055,國際觀光餐旅學系,學士班(日間),4,2,2,1.55
106,私立,一般大學,1014,義守大學,10151057,休閒事業管理學系,學士班(日間),3,3,0,1.17
106,私立,一般大學,1014,義守大學,04131012,管理學院管理博士班,博士班,2,0,2,8.00
106,私立,一般大學,1014,義守大學,07141025,電機工程學系,博士班,2,1,1,10.00
106,私立,一般大學,1014,義守大學,04121016,財務金融學系,碩士班(日間),4,2,2,25.00
106,私立,一般大學,1014,義守大學,02111001,電影與電視學系,學士班(日間),4,1,3,1.27
106,私立,一般大學,1014,義守大學,02123006,創意商品設計學系,學士班(日間),14,9,5,5.76
106,私立,一般大學,1014,義守大學,02311002,應用英語學系,學士班(日間),3,0,3,0.67
106,私立,一般大學,1014,義守大學,03211008,大眾傳播學系,學士班(日間),18,4,14,4.93
106,私立,一般大學,1014,義守大學,04111009,會計學系,學士班(日間),4,2,2,1.78
106,私立,一般大學,1014,義守大學,04121016,財務金融學系,學士班(日間),19,11,8,4.15
106,私立,一般大學,1014,義守大學,10199058,娛樂事業管理學系,學士班(日間),2,0,2,1.35
106,私立,一般大學,1014,義守大學,04131010,企業管理學系,碩士班(日間),1,1,0,3.45
106,私立,一般大學,1014,義守大學,07141025,電機工程學系,碩士班(日間),1,1,0,3.85
106,私立,一般大學,1015,世新大學,02111018,廣播電視電影學系,學士班(日間),37,7,30,3.29
106,私立,一般大學,1015,世新大學,02311003,日本語文學系,學士班(日間),4,2,2,0.93
106,私立,一般大學,1015,世新大學,03111005,經濟學系,學士班(日間),12,7,5,3.19
106,私立,一般大學,1015,世新大學,03214020,圖文傳播暨數位出版學系,學士班(日間),9,4,5,1.98
106,私立,一般大學,1015,世新大學,04134009,行政管理學系,學士班(日間),1,1,0,0.25
106,私立,一般大學,1015,世新大學,04142019,公共關係暨廣告學系,學士班(日間),18,5,13,2.39
106,私立,一般大學,1015,世新大學,04211026,法律學系,學士班(日間),4,2,2,0.96
106,私立,一般大學,1015,世新大學,10151029,觀光學系,學士班(日間),4,1,3,0.61
106,私立,一般大學,1015,世新大學,04134009,行政管理學系,博士班,1,1,0,6.67
106,私立,一般大學,1015,世新大學,02112004,數位多媒體設計學系,碩士班(日間),3,1,2,13.04
106,私立,一般大學,1015,世新大學,02322001,中國文學系,碩士班(日間),1,0,1,5.26
106,私立,一般大學,1015,世新大學,03141007,性別研究所,碩士班(日間),3,0,3,7.89
106,私立,一般大學,1015,世新大學,03211014,口語傳播學系,碩士班(日間),8,5,3,20.00
106,私立,一般大學,1015,世新大學,03214013,資訊傳播學系,碩士班(日間),2,0,2,12.50
106,私立,一般大學,1015,世新大學,04199025,傳播管理學系,碩士班(日間),5,2,3,19.23
106,私立,一般大學,1015,世新大學,03214020,圖文傳播暨數位出版學系,碩士班(日間),3,2,1,12.00
106,私立,一般大學,1015,世新大學,04142019,公共關係暨廣告學系,碩士班(日間),5,2,3,13.89
106,私立,一般大學,1015,世新大學,02112004,數位多媒體設計學系,學士班(日間),19,8,11,3.28
106,私立,一般大學,1015,世新大學,02311002,英語學系,學士班(日間),8,1,7,1.86
106,私立,一般大學,1015,世新大學,02322001,中國文學系,學士班(日間),7,3,4,3.52
106,私立,一般大學,1015,世新大學,03141008,社會心理學系,學士班(日間),9,2,7,2.17
106,私立,一般大學,1015,世新大學,03211014,口語傳播學系,學士班(日間),10,2,8,1.96
106,私立,一般大學,1015,世新大學,03212017,新聞學系,學士班(日間),25,4,21,3.40
106,私立,一般大學,1015,世新大學,03214013,資訊傳播學系,學士班(日間),7,1,6,2.87
106,私立,一般大學,1015,世新大學,04121024,財務金融學系,學士班(日間),22,6,16,5.20
106,私立,一般大學,1015,世新大學,04131023,企業管理學系,學士班(日間),8,3,5,3.60
106,私立,一般大學,1015,世新大學,04199025,傳播管理學系,學士班(日間),16,2,14,2.34
106,私立,一般大學,1015,世新大學,06131028,資訊管理學系,學士班(日間),11,7,4,1.36
106,私立,一般大學,1015,世新大學,03211012,傳播博士學位學程,博士班,21,9,12,39.62
106,私立,一般大學,1015,世新大學,02111018,廣播電視電影學系,碩士班(日間),18,5,13,23.68
106,私立,一般大學,1015,世新大學,03212017,新聞學系,碩士班(日間),6,1,5,22.22
106,私立,一般大學,1016,銘傳大學,02112012,數位媒體設計學系,學士班(日間),6,3,3,0.95
106,私立,一般大學,1016,銘傳大學,02112072,商業設計學系,學士班(日間),5,3,2,0.94
106,私立,一般大學,1016,銘傳大學,02123073,商品設計學系,學士班(日間),5,2,3,0.97
106,私立,一般大學,1016,銘傳大學,02311010,應用日語學系,學士班(日間),6,3,3,1.15
106,私立,一般大學,1016,銘傳大學,03131054,諮商與工商心理學系,學士班(日間),2,0,2,0.67
106,私立,一般大學,1016,銘傳大學,03212046,新聞學系,學士班(日間),58,23,35,17.96
106,私立,一般大學,1016,銘傳大學,03213047,廣播電視學系,學士班(日間),20,4,16,5.75
106,私立,一般大學,1016,銘傳大學,03213064,新媒體暨傳播管理學系,學士班(日間),35,9,26,11.08
106,私立,一般大學,1016,銘傳大學,04111032,會計學系,學士班(日間),17,7,10,2.01
106,私立,一般大學,1016,銘傳大學,04123056,風險管理與保險學系,學士班(日間),16,6,10,2.48
106,私立,一般大學,1016,銘傳大學,04131061,國際企業學系,學士班(日間),19,7,12,2.15
106,私立,一般大學,1016,銘傳大學,04134006,公共事務學系,學士班(日間),6,1,5,2.29
106,私立,一般大學,1016,銘傳大學,04211039,法律學系,學士班(日間),4,1,3,0.96
106,私立,一般大學,1016,銘傳大學,04212024,財金法律學系,學士班(日間),7,6,1,3.33
106,私立,一般大學,1016,銘傳大學,05121009,生物科技學系,學士班(日間),5,1,4,1.05
106,私立,一般大學,1016,銘傳大學,05421079,應用統計與資料科學學系,學士班(日間),7,4,3,1.59
106,私立,一般大學,1016,銘傳大學,06134068,資訊科技應用學士學位學程,學士班(日間),1,0,1,1.92
106,私立,一般大學,1016,銘傳大學,07141025,電子工程學系,學士班(日間),16,14,2,3.97
106,私立,一般大學,1016,銘傳大學,07141050,電腦與通訊工程學系,學士班(日間),11,8,3,2.62
106,私立,一般大學,1016,銘傳大學,07193043,生物醫學工程學系,學士班(日間),5,3,2,2.29
106,私立,一般大學,1016,銘傳大學,07311026,建築學系,學士班(日間),22,13,9,7.17
106,私立,一般大學,1016,銘傳大學,07313048,都市規劃與防災學系,學士班(日間),1,1,0,0.46
106,私立,一般大學,1016,銘傳大學,10151033,觀光事業學系,學士班(日間),6,1,5,2.10
106,私立,一般大學,1016,銘傳大學,02322002,應用中國文學系,博士班,8,4,4,22.86
106,私立,一般大學,1016,銘傳大學,02112012,數位媒體設計學系,碩士班(日間),3,1,2,10.71
106,私立,一般大學,1016,銘傳大學,04131017,國際企業與貿易學士學位學程,學士班(日間),2,0,2,0.62
106,私立,一般大學,1016,銘傳大學,04131036,企業管理學系,學士班(日間),23,10,13,2.56
106,私立,一般大學,1016,銘傳大學,04133022,醫療資訊與管理學系,學士班(日間),6,0,6,1.35
106,私立,一般大學,1016,銘傳大學,04143015,廣告暨策略行銷學系,學士班(日間),23,8,15,6.59
106,私立,一般大學,1016,銘傳大學,06131045,資訊管理學系,學士班(日間),9,4,5,1.28
106,私立,一般大學,1016,銘傳大學,06133078,資訊傳播工程學系,學士班(日間),5,3,2,1.17
106,私立,一般大學,1016,銘傳大學,07141029,資訊工程學系,學士班(日間),20,19,1,4.50
106,私立,一般大學,1016,銘傳大學,10131044,餐旅管理學系,學士班(日間),7,5,2,2.17
106,私立,一般大學,1016,銘傳大學,10151008,旅遊與觀光學士學位學程,學士班(日間),1,0,1,1.43
106,私立,一般大學,1016,銘傳大學,10152076,休閒遊憩管理學系,學士班(日間),34,13,21,11.30
106,私立,一般大學,1016,銘傳大學,10321088,犯罪防治學系,學士班(日間),2,1,1,0.49
106,私立,一般大學,1016,銘傳大學,04131036,企業管理學系,博士班,10,4,6,29.41
106,私立,一般大學,1016,銘傳大學,02123073,商品設計學系創新設計與管理碩士班,碩士班(日間),1,0,1,4.17
106,私立,一般大學,1016,銘傳大學,03213064,新媒體暨傳播管理學系,碩士班(日間),6,3,3,27.27
106,私立,一般大學,1016,銘傳大學,04111032,會計學系,碩士班(日間),1,1,0,3.03
106,私立,一般大學,1016,銘傳大學,04121020,財務金融學系,碩士班(日間),8,4,4,26.67
106,私立,一般大學,1016,銘傳大學,04123056,風險管理與保險學系,碩士班(日間),3,2,1,18.75
106,私立,一般大學,1016,銘傳大學,01131042,華語文教學學系,學士班(日間),4,0,4,0.81
106,私立,一般大學,1016,銘傳大學,02311031,應用英語學系,學士班(日間),4,1,3,0.53
106,私立,一般大學,1016,銘傳大學,02322002,應用中國文學系,學士班(日間),5,0,5,1.10
106,私立,一般大學,1016,銘傳大學,03122005,國際事務與外交學士學位學程,學士班(日間),5,2,3,7.81
106,私立,一般大學,1016,銘傳大學,03212063,新聞與大眾傳播學士學位學程,學士班(日間),1,0,1,0.96
106,私立,一般大學,1016,銘傳大學,04121020,財務金融學系,學士班(日間),63,23,40,6.91
106,私立,一般大學,1016,銘傳大學,04121059,經濟與金融學系,學士班(日間),11,7,4,2.41
106,私立,一般大學,1016,銘傳大學,04131036,企業管理學系,碩士班(日間),7,3,4,10.94
106,私立,一般大學,1016,銘傳大學,06131045,資訊管理學系,碩士班(日間),1,1,0,7.14
106,私立,一般大學,1017,實踐大學,02112039,資訊模擬與設計學系,學士班(日間),2,2,0,0.51
106,私立,一般大學,1017,實踐大學,02122009,時尚設計學系,學士班(日間),15,5,10,2.92
106,私立,一般大學,1017,實踐大學,02123014,工業產品設計學系,學士班(日間),7,2,5,2.50
106,私立,一般大學,1017,實踐大學,02125053,服飾設計與經營學系,學士班(日間),26,5,21,4.36
106,私立,一般大學,1017,實踐大學,02311005,應用英語學系,學士班(日間),1,1,0,0.32
106,私立,一般大學,1017,實踐大學,02311006,應用日文學系,學士班(日間),1,0,1,0.27
106,私立,一般大學,1017,實踐大學,04111020,會計暨稅務學系,學士班(日間),2,1,1,0.66
106,私立,一般大學,1017,實踐大學,04121029,財務金融學系,學士班(日間),20,8,12,4.33
106,私立,一般大學,1017,實踐大學,04121032,金融管理學系,學士班(日間),3,2,1,0.96
106,私立,一般大學,1017,實踐大學,04131023,管理學院國際企業英語學士學位學程,學士班(日間),2,1,1,1.37
106,私立,一般大學,1017,實踐大學,04143035,行銷管理學系,學士班(日間),3,3,0,0.96
106,私立,一般大學,1017,實踐大學,06131037,資訊科技與管理學系,學士班(日間),5,3,2,1.21
106,私立,一般大學,1017,實踐大學,09231044,社會工作學系,學士班(日間),3,0,3,0.67
106,私立,一般大學,1017,實踐大學,10131046,餐飲管理學系,學士班(日間),3,1,2,1.11
106,私立,一般大學,1017,實踐大學,04199036,管理學院創意產業博士班,博士班,11,4,7,45.83
106,私立,一般大學,1017,實踐大學,02112012,媒體傳達設計學系,碩士班(日間),5,2,3,14.71
106,私立,一般大學,1017,實踐大學,02125051,服裝設計學系,碩士班(日間),1,1,0,3.13
106,私立,一般大學,1017,實踐大學,04131021,企業管理學系,碩士班(日間),2,0,2,10.00
106,私立,一般大學,1017,實踐大學,02112012,媒體傳達設計學系,學士班(日間),15,7,8,3.91
106,私立,一般大學,1017,實踐大學,02125051,服裝設計學系,學士班(日間),17,3,14,3.06
106,私立,一般大學,1017,實踐大學,02151001,音樂學系,學士班(日間),9,1,8,4.62
106,私立,一般大學,1017,實踐大學,02311004,應用外語學系,學士班(日間),4,1,3,0.92
106,私立,一般大學,1017,實踐大學,04111019,會計學系,學士班(日間),3,1,2,0.69
106,私立,一般大學,1017,實踐大學,04123033,風險管理與保險學系,學士班(日間),4,2,2,0.92
106,私立,一般大學,1017,實踐大學,04131021,企業管理學系,學士班(日間),8,3,5,1.56
106,私立,一般大學,1017,實踐大學,04131022,國際企業管理學系,學士班(日間),4,3,1,1.32
106,私立,一般大學,1017,實踐大學,04141026,國際貿易學系,學士班(日間),2,2,0,0.77
106,私立,一般大學,1017,實踐大學,04141028,國際經營與貿易學系,學士班(日間),4,0,4,0.86
106,私立,一般大學,1017,實踐大學,05191043,食品營養與保健生技學系,學士班(日間),3,0,3,0.61
106,私立,一般大學,1017,實踐大學,06131038,資訊管理學系,學士班(日間),2,2,0,0.81
106,私立,一般大學,1017,實踐大學,07311041,建築設計學系,學士班(日間),9,5,4,3.75
106,私立,一般大學,1017,實踐大學,09221045,家庭研究與兒童發展學系,學士班(日間),5,1,4,1.89
106,私立,一般大學,1017,實踐大學,10151047,觀光管理學系,學士班(日間),2,1,1,0.31
106,私立,一般大學,1017,實踐大學,02123014,工業產品設計學系,碩士班(日間),2,1,1,2.56
106,私立,一般大學,1017,實踐大學,04121029,財務金融學系,碩士班(日間),1,1,0,6.67
106,私立,技專校院,1018,朝陽科技大學,02311001,應用英語系,學士班(日間),4,0,4,0.81
106,私立,技專校院,1018,朝陽科技大學,03211006,傳播藝術系,學士班(日間),21,9,12,3.49
106,私立,技專校院,1018,朝陽科技大學,04121010,財務金融系,學士班(日間),6,3,3,0.87
106,私立,技專校院,1018,朝陽科技大學,04131008,企業管理系,學士班(日間),3,3,0,0.42
106,私立,技專校院,1018,朝陽科技大學,04132012,行銷與流通管理系,學士班(日間),5,2,3,0.89
106,私立,技專校院,1018,朝陽科技大學,05311017,應用化學系,學士班(日間),2,2,0,0.63
106,私立,技專校院,1018,朝陽科技大學,07121027,環境工程與管理系,學士班(日間),2,1,1,0.49
106,私立,技專校院,1018,朝陽科技大學,09231034,社會工作系,學士班(日間),1,0,1,0.21
106,私立,技專校院,1018,朝陽科技大學,02112003,視覺傳達設計系,碩士班(日間),1,0,1,2.63
106,私立,技專校院,1018,朝陽科技大學,07141020,資訊工程系,碩士班(日間),1,1,0,2.78
106,私立,技專校院,1018,朝陽科技大學,07141023,資訊與通訊系,碩士班(日間),1,1,0,2.22
106,私立,技專校院,1018,朝陽科技大學,07312031,景觀及都市設計系,碩士班(日間),1,1,0,5.26
106,私立,技專校院,1018,朝陽科技大學,07141023,資訊與通訊系,學士班(日間),1,1,0,0.22
106,私立,技專校院,1018,朝陽科技大學,07191026,工業工程與管理系,學士班(日間),1,1,0,0.23
106,私立,技專校院,1018,朝陽科技大學,07311028,建築系,學士班(日間),36,18,18,6.95
106,私立,技專校院,1018,朝陽科技大學,07312031,景觀及都市設計系,學士班(日間),19,11,8,7.85
106,私立,技專校院,1018,朝陽科技大學,07321025,營建工程系,學士班(日間),2,2,0,0.40
106,私立,技專校院,1018,朝陽科技大學,09221035,幼兒保育系,學士班(日間),2,0,2,0.41
106,私立,技專校院,1018,朝陽科技大學,10152036,休閒事業管理系,學士班(日間),2,0,2,0.37
106,私立,技專校院,1018,朝陽科技大學,04131008,企業管理系台灣產業策略發展博士班,博士班,1,0,1,2.70
106,私立,技專校院,1018,朝陽科技大學,06131019,資訊管理系,博士班,4,2,2,25.00
106,私立,技專校院,1018,朝陽科技大學,07311028,建築系建築及都市設計博士班,博士班,2,2,0,9.52
106,私立,技專校院,1018,朝陽科技大學,02123004,工業設計系,碩士班(日間),2,2,0,7.69
106,私立,技專校院,1018,朝陽科技大學,04121010,財務金融系,碩士班(日間),3,2,1,13.64
106,私立,技專校院,1018,朝陽科技大學,04131008,企業管理系,碩士班(日間),1,0,1,1.79
106,私立,技專校院,1018,朝陽科技大學,02112003,視覺傳達設計系,學士班(日間),32,13,19,5.31
106,私立,技專校院,1018,朝陽科技大學,02123004,工業設計系,學士班(日間),19,10,9,3.74
106,私立,技專校院,1018,朝陽科技大學,04111007,會計系,學士班(日間),6,2,4,0.89
106,私立,技專校院,1018,朝陽科技大學,04123011,保險金融管理系,學士班(日間),2,1,1,0.31
106,私立,技專校院,1018,朝陽科技大學,04199014,銀髮產業管理系,學士班(日間),1,0,1,0.22
106,私立,技專校院,1018,朝陽科技大學,06131019,資訊管理系,學士班(日間),7,6,1,1.10
106,私立,技專校院,1018,朝陽科技大學,07141020,資訊工程系,學士班(日間),4,3,1,0.81
106,私立,一般大學,1019,高雄醫學大學,03131002,心理學系,學士班(日間),2,0,2,0.93
106,私立,一般大學,1019,高雄醫學大學,09111046,口腔衛生學系,學士班(日間),1,1,0,0.83
106,私立,一般大學,1019,高雄醫學大學,09191021,公共衛生學系,學士班(日間),1,0,1,0.49
106,私立,一般大學,1019,高雄醫學大學,09161026,天然藥物研究所,博士班,1,0,1,3.85
106,私立,一般大學,1019,高雄醫學大學,04133003,醫務管理暨醫療資訊學系,學士班(日間),3,1,2,1.36
106,私立,一般大學,1019,高雄醫學大學,05311017,醫藥暨應用化學系,學士班(日間),7,3,4,1.99
106,私立,一般大學,1019,高雄醫學大學,09159030,運動醫學系,學士班(日間),1,0,1,0.43
106,私立,一般大學,1019,高雄醫學大學,09231049,醫學社會學與社會工作學系,學士班(日間),3,1,2,1.53
106,私立,一般大學,1019,高雄醫學大學,03131002,心理學系,碩士班(日間),1,0,1,1.47
106,私立,一般大學,1020,南華大學,03211026,傳播學系,學士班(日間),2,0,2,0.98
106,私立,一般大學,1020,南華大學,04121031,財務金融學系,學士班(日間),4,4,0,2.05
106,私立,一般大學,1020,南華大學,02151003,民族音樂學系,碩士班(日間),1,1,0,4.00
106,私立,一般大學,1021,真理大學,04211031,法律學系,學士班(日間),1,0,1,0.23
106,私立,一般大學,1021,真理大學,10151045,觀光數位知識學系,學士班(日間),1,0,1,0.33
106,私立,一般大學,1021,真理大學,02151001,音樂應用學系,學士班(日間),1,0,1,0.55
106,私立,一般大學,1021,真理大學,04211031,法律學系,碩士班(日間),1,1,0,5.00
106,私立,一般大學,1022,大同大學,02112004,媒體設計學系,學士班(日間),11,7,4,3.38
106,私立,一般大學,1022,大同大學,02123005,工業設計學系,學士班(日間),5,1,4,1.28
106,私立,一般大學,1022,大同大學,02311001,應用外語學系,學士班(日間),4,1,3,2.09
106,私立,一般大學,1022,大同大學,07111015,化學工程學系,學士班(日間),2,2,0,0.65
106,私立,一般大學,1022,大同大學,07112017,材料工程學系,學士班(日間),3,2,1,0.82
106,私立,一般大學,1022,大同大學,07193018,生物工程學系,學士班(日間),1,1,0,0.49
106,私立,一般大學,1022,大同大學,02122003,設計科學研究所,博士班,14,7,7,19.44
106,私立,一般大學,1022,大同大學,04131007,事業經營學系,碩士班(日間),1,1,0,3.23
106,私立,一般大學,1022,大同大學,07141010,電機工程學系,碩士班(日間),2,2,0,4.26
106,私立,一般大學,1022,大同大學,04131007,事業經營學系,學士班(日間),4,2,2,0.91
106,私立,一般大學,1022,大同大學,06131006,資訊經營學系,學士班(日間),9,7,2,3.90
106,私立,一般大學,1022,大同大學,06131012,資訊工程學系,學士班(日間),5,5,0,1.15
106,私立,一般大學,1022,大同大學,07141010,電機工程學系,學士班(日間),6,6,0,1.39
106,私立,一般大學,1022,大同大學,07151014,機械工程學系,學士班(日間),8,8,0,1.90
106,私立,一般大學,1022,大同大學,02112004,媒體設計學系,碩士班(日間),2,1,1,12.50
106,私立,一般大學,1022,大同大學,02123005,工業設計學系,碩士班(日間),2,2,0,2.78
106,私立,技專校院,1023,南臺學校財團法人南臺科技大學,02112008,視覺傳達設計系,學士班(日間),14,7,7,1.99
106,私立,技專校院,1023,南臺學校財團法人南臺科技大學,02123010,創新產品設計系,學士班(日間),10,6,4,2.75
106,私立,技專校院,1023,南臺學校財團法人南臺科技大學,02311006,應用日語系,學士班(日間),4,2,2,0.87
106,私立,技專校院,1023,南臺學校財團法人南臺科技大學,03214011,資訊傳播系,學士班(日間),6,3,3,1.34
106,私立,技專校院,1023,南臺學校財團法人南臺科技大學,04111013,會計資訊系,學士班(日間),3,1,2,0.77
106,私立,技專校院,1023,南臺學校財團法人南臺科技大學,04131015,企業管理系,學士班(日間),7,3,4,1.42
106,私立,技專校院,1023,南臺學校財團法人南臺科技大學,04131017,國際企業系,學士班(日間),2,1,1,0.48
106,私立,技專校院,1023,南臺學校財團法人南臺科技大學,02311005,應用英語系,學士班(日間),2,0,2,0.47
106,私立,技專校院,1023,南臺學校財團法人南臺科技大學,04121022,國際金融學士學位學程,學士班(日間),13,7,6,40.63
106,私立,技專校院,1023,南臺學校財團法人南臺科技大學,04199060,工業管理與資訊系,學士班(日間),3,3,0,0.41
106,私立,技專校院,1023,南臺學校財團法人南臺科技大學,05121035,生物科技系,學士班(日間),2,0,2,0.59
106,私立,技專校院,1023,南臺學校財團法人南臺科技大學,04132024,行銷與流通管理系,學士班(日間),4,3,1,0.88
106,私立,技專校院,1023,南臺學校財團法人南臺科技大學,04191020,國際商務學士學位學程,學士班(日間),1,1,0,1.49
106,私立,技專校院,1023,南臺學校財團法人南臺科技大學,06131036,資訊管理系,學士班(日間),4,2,2,0.63
106,私立,技專校院,1023,南臺學校財團法人南臺科技大學,06131043,資訊工程系,學士班(日間),7,7,0,1.57
106,私立,技專校院,1023,南臺學校財團法人南臺科技大學,07151045,機械工程系,學士班(日間),7,7,0,0.53
106,私立,技專校院,1023,南臺學校財團法人南臺科技大學,10152058,休閒事業管理系,學士班(日間),5,3,2,0.94
106,私立,技專校院,1023,南臺學校財團法人南臺科技大學,07141040,電子工程系,博士班,1,1,0,6.67
106,私立,技專校院,1023,南臺學校財團法人南臺科技大學,04131015,企業管理系,碩士班(日間),1,1,0,2.22
106,私立,技專校院,1023,南臺學校財團法人南臺科技大學,06132038,多媒體與電腦娛樂科學系,學士班(日間),8,8,0,1.91
106,私立,技專校院,1023,南臺學校財團法人南臺科技大學,07111048,化學工程與材料工程系,學士班(日間),2,2,0,0.47
106,私立,技專校院,1023,南臺學校財團法人南臺科技大學,07141039,電機工程系,學士班(日間),5,5,0,0.59
106,私立,技專校院,1023,南臺學校財團法人南臺科技大學,07141040,電子工程系,學士班(日間),7,7,0,0.71
106,私立,技專校院,1023,南臺學校財團法人南臺科技大學,07141042,光電工程系,學士班(日間),3,3,0,0.74
106,私立,技專校院,1023,南臺學校財團法人南臺科技大學,09221055,幼兒保育系,學士班(日間),1,0,1,0.27
106,私立,技專校院,1023,南臺學校財團法人南臺科技大學,03214011,資訊傳播系,碩士班(日間),2,2,0,11.11
106,私立,技專校院,1023,南臺學校財團法人南臺科技大學,07151045,機械工程系,碩士班(日間),2,2,0,2.53
106,私立,技專校院,1024,崑山科技大學,02111009,視訊傳播設計系,學士班(日間),11,5,6,1.90
106,私立,技專校院,1024,崑山科技大學,02112004,視覺傳達設計系,學士班(日間),13,5,8,1.96
106,私立,技專校院,1024,崑山科技大學,02124007,空間設計系,學士班(日間),8,3,5,1.48
106,私立,技專校院,1024,崑山科技大學,04121021,金融管理系,學士班(日間),4,3,1,1.54
106,私立,技專校院,1024,崑山科技大學,04142012,公共關係暨廣告系,學士班(日間),6,4,2,1.16
106,私立,技專校院,1024,崑山科技大學,07141027,光電工程系,學士班(日間),1,1,0,0.79
106,私立,技專校院,1024,崑山科技大學,04131015,企業管理系,學士班(日間),8,7,1,2.69
106,私立,技專校院,1024,崑山科技大學,07141025,電機工程系,學士班(日間),2,2,0,0.35
106,私立,技專校院,1024,崑山科技大學,07141026,電子工程系,學士班(日間),1,0,1,0.38
106,私立,技專校院,1024,崑山科技大學,02112004,視覺傳達設計系,碩士班(日間),1,0,1,2.27
106,私立,技專校院,1025,嘉藥學校財團法人嘉南藥理大學,10121024,化粧品應用與管理系,學士班(日間),1,0,1,0.11
106,私立,技專校院,1025,嘉藥學校財團法人嘉南藥理大學,07121009,環境工程與科學系,學士班(日間),5,3,2,0.99
106,私立,技專校院,1025,嘉藥學校財團法人嘉南藥理大學,10151020,觀光事業管理系,學士班(日間),1,1,0,0.21
106,私立,技專校院,1025,嘉藥學校財團法人嘉南藥理大學,10152021,休閒保健管理系,學士班(日間),1,1,0,0.13
106,私立,技專校院,1026,樹德科技大學,02192002,藝術管理與藝術經紀系,學士班(日間),5,2,3,2.56
106,私立,技專校院,1026,樹德科技大學,04121026,金融管理系,學士班(日間),17,9,8,3.90
106,私立,技專校院,1026,樹德科技大學,04132029,流通管理系,學士班(日間),1,0,1,0.19
106,私立,技專校院,1026,樹德科技大學,04143027,行銷管理系,學士班(日間),1,1,0,0.19
106,私立,技專校院,1026,樹德科技大學,10131046,餐旅與烘焙管理系,學士班(日間),1,0,1,0.43
106,私立,技專校院,1026,樹德科技大學,10151041,休閒與觀光管理系,學士班(日間),1,0,1,0.33
106,私立,技專校院,1026,樹德科技大學,02122005,應用設計研究所,碩士班(日間),1,0,1,1.96
106,私立,技專校院,1026,樹德科技大學,04121026,金融管理系,碩士班(日間),1,1,0,7.14
106,私立,技專校院,1026,樹德科技大學,02112009,視覺傳達設計系,學士班(日間),36,15,21,6.70
106,私立,技專校院,1026,樹德科技大學,02122004,流行設計系,學士班(日間),13,3,10,2.69
106,私立,技專校院,1026,樹德科技大學,02122006,動畫與遊戲設計系,學士班(日間),10,7,3,2.16
106,私立,技專校院,1026,樹德科技大學,02123010,生活產品設計系,學士班(日間),21,7,14,4.81
106,私立,技專校院,1026,樹德科技大學,02124011,室內設計系,學士班(日間),30,20,10,5.28
106,私立,技專校院,1026,樹德科技大學,02191001,表演藝術系,學士班(日間),9,2,7,1.97
106,私立,技專校院,1026,樹德科技大學,04131016,企業管理系,學士班(日間),5,3,2,1.16
106,私立,技專校院,1026,樹德科技大學,04141018,國際企業與貿易系,學士班(日間),1,1,0,0.60
106,私立,技專校院,1026,樹德科技大學,04141020,會議展覽與國際行銷學位學程,學士班(日間),1,0,1,0.56
106,私立,技專校院,1026,樹德科技大學,06131032,資訊管理系,學士班(日間),3,2,1,0.81
106,私立,技專校院,1026,樹德科技大學,09221038,兒童與家庭服務系,學士班(日間),1,1,0,0.33
106,私立,技專校院,1026,樹德科技大學,99999045,人類性學研究所,博士班,1,0,1,3.70
106,私立,技專校院,1026,樹德科技大學,02124012,建築與室內設計研究所,碩士班(日間),2,0,2,7.69
106,私立,一般大學,1027,慈濟學校財團法人慈濟大學,02311003,英美語文學系,學士班(日間),2,1,1,2.35
106,私立,一般大學,1027,慈濟學校財團法人慈濟大學,02311004,東方語文學系,學士班(日間),1,1,0,0.43
106,私立,一般大學,1027,慈濟學校財團法人慈濟大學,03131008,人類發展與心理學系,學士班(日間),1,0,1,0.61
106,私立,一般大學,1027,慈濟學校財團法人慈濟大學,09191024,公共衛生學系,學士班(日間),1,0,1,0.75
106,私立,一般大學,1027,慈濟學校財團法人慈濟大學,09221002,兒童發展與家庭教育學系,學士班(日間),1,0,1,0.58
106,私立,一般大學,1027,慈濟學校財團法人慈濟大學,02211005,宗教與人文研究所,碩士班(日間),2,0,2,8.70
106,私立,一般大學,1027,慈濟學校財團法人慈濟大學,05111010,生命科學系,學士班(日間),3,1,2,2.05
106,私立,一般大學,1027,慈濟學校財團法人慈濟大學,05121012,分子生物暨人類遺傳學系,學士班(日間),1,1,0,0.63
106,私立,一般大學,1027,慈濟學校財團法人慈濟大學,06133032,醫學資訊學系,學士班(日間),4,3,1,2.20
106,私立,一般大學,1028,臺北醫學大學,05191032,保健營養學系,學士班(日間),2,0,2,0.56
106,私立,一般大學,1028,臺北醫學大學,07193009,生物醫學工程學系,學士班(日間),1,1,0,1.85
106,私立,一般大學,1028,臺北醫學大學,09111046,口腔衛生學系,學士班(日間),7,3,4,5.34
106,私立,一般大學,1028,臺北醫學大學,09141041,醫學檢驗暨生物技術學系,學士班(日間),11,3,8,3.41
106,私立,一般大學,1028,臺北醫學大學,09191020,公共衛生學系,學士班(日間),9,3,6,4.25
106,私立,一般大學,1028,臺北醫學大學,09211049,高齡健康管理學系,學士班(日間),7,2,5,3.59
106,私立,一般大學,1028,臺北醫學大學,09141042,醫學資訊研究所,博士班,1,1,0,2.70
106,私立,一般大學,1028,臺北醫學大學,04133002,醫務管理學系,碩士班(日間),2,2,0,6.06
106,私立,一般大學,1028,臺北醫學大學,04133002,醫務管理學系,學士班(日間),11,6,5,4.03
106,私立,一般大學,1028,臺北醫學大學,09111045,牙體技術學系,學士班(日間),8,4,4,4.57
106,私立,一般大學,1028,臺北醫學大學,09131037,護理學系,學士班(日間),5,0,5,1.48
106,私立,一般大學,1029,中山醫學大學,05121012,生物醫學科學學系,學士班(日間),2,1,1,0.64
106,私立,一般大學,1029,中山醫學大學,09191020,公共衛生學系,學士班(日間),1,0,1,0.36
106,私立,一般大學,1029,中山醫學大學,10221021,職業安全衛生學系,學士班(日間),3,2,1,1.49
106,私立,一般大學,1029,中山醫學大學,09151022,物理治療學系,碩士班(日間),1,0,1,12.50
106,私立,一般大學,1029,中山醫學大學,03131004,心理學系,學士班(日間),3,1,2,1.37
106,私立,一般大學,1029,中山醫學大學,05191026,營養學系,學士班(日間),1,1,0,0.26
106,私立,一般大學,1029,中山醫學大學,09141030,醫學檢驗暨生物技術學系,學士班(日間),2,0,2,0.48
106,私立,一般大學,1029,中山醫學大學,09141031,醫學影像暨放射科學系,學士班(日間),6,2,4,1.83
106,私立,一般大學,1029,中山醫學大學,09151022,物理治療學系,學士班(日間),1,1,0,0.53
106,私立,一般大學,1029,中山醫學大學,09152023,職能治療學系,學士班(日間),2,1,1,1.04
106,私立,一般大學,1029,中山醫學大學,09153024,語言治療與聽力學系,學士班(日間),4,2,2,1.10
106,私立,一般大學,1029,中山醫學大學,09231045,醫學社會暨社會工作學系,學士班(日間),1,0,1,0.26
106,私立,技專校院,1030,龍華科技大學,02122002,文化創意與數位媒體設計系,學士班(日間),15,11,4,2.99
106,私立,技專校院,1030,龍華科技大學,02311001,應用外語系,學士班(日間),1,1,0,0.25
106,私立,技專校院,1030,龍華科技大學,04131004,企業管理系,學士班(日間),5,2,3,1.18
106,私立,技專校院,1030,龍華科技大學,04131005,國際企業系,學士班(日間),7,4,3,1.63
106,私立,技專校院,1030,龍華科技大學,06131009,資訊管理系,學士班(日間),3,3,0,0.71
106,私立,技專校院,1030,龍華科技大學,07112018,化工與材料工程系,學士班(日間),1,1,0,0.29
106,私立,技專校院,1030,龍華科技大學,07151016,機械工程(學)系,學士班(日間),2,2,0,0.35
106,私立,技專校院,1030,龍華科技大學,06132011,多媒體與遊戲發展科學系,碩士班(日間),1,1,0,3.57
106,私立,技專校院,1030,龍華科技大學,04121007,財務金融系,學士班(日間),13,7,6,3.02
106,私立,技專校院,1030,龍華科技大學,06132011,多媒體與遊戲發展科學系,學士班(日間),6,5,1,1.01
106,私立,技專校院,1030,龍華科技大學,07141014,電子工程系,學士班(日間),1,1,0,0.17
106,私立,技專校院,1030,龍華科技大學,10151021,觀光休閒系,學士班(日間),6,4,2,1.31
106,私立,技專校院,1030,龍華科技大學,04131004,企業管理系,碩士班(日間),2,2,0,2.53
106,私立,技專校院,1032,明新學校財團法人明新科技大學,04121007,財務金融系,學士班(日間),1,1,0,0.25
106,私立,一般大學,1033,長榮大學,02131001,美術學系,學士班(日間),8,1,7,4.40
106,私立,一般大學,1033,長榮大學,09231055,社會工作學系,學士班(日間),1,1,0,0.36
106,私立,一般大學,1033,長榮大學,06131037,資訊管理學系,學士班(日間),3,1,2,1.06
106,私立,一般大學,1033,長榮大學,10412061,航運管理學系,學士班(日間),2,1,1,0.37
106,私立,一般大學,1033,長榮大學,04131026,經營管理研究所,博士班,2,2,0,5.26
106,私立,技專校院,1034,弘光科技大學,02299003,文化創意產業系,學士班(日間),8,5,3,2.03
106,私立,技專校院,1034,弘光科技大學,04133005,健康事業管理系,學士班(日間),3,1,2,0.77
106,私立,技專校院,1034,弘光科技大學,05191023,營養系,學士班(日間),4,2,2,1.06
106,私立,技專校院,1034,弘光科技大學,07211017,食品科技系,學士班(日間),2,1,1,0.48
106,私立,技專校院,1034,弘光科技大學,10121031,化妝品應用系,學士班(日間),2,0,2,0.47
106,私立,技專校院,1034,弘光科技大學,04133005,健康事業管理系,碩士班(日間),1,1,0,4.76
106,私立,技專校院,1034,弘光科技大學,07211017,食品科技系,碩士班(日間),1,1,0,4.76
106,私立,一般大學,1035,中國醫藥大學,04133029,醫務管理學系,學士班(日間),1,1,0,0.88
106,私立,一般大學,1035,中國醫藥大學,05121043,生物科技學系,學士班(日間),2,1,1,0.87
106,私立,一般大學,1035,中國醫藥大學,09141032,生物醫學影像暨放射科學學系,學士班(日間),3,0,3,1.44
106,私立,一般大學,1035,中國醫藥大學,09151010,物理治療學系,學士班(日間),5,1,4,2.08
106,私立,一般大學,1035,中國醫藥大學,09161042,藥用化妝品學系,學士班(日間),2,0,2,1.05
106,私立,一般大學,1035,中國醫藥大學,09161034,藥學系,碩士班(日間),1,0,1,3.23
106,私立,一般大學,1035,中國醫藥大學,05191021,營養學系,學士班(日間),3,0,3,1.01
106,私立,一般大學,1035,中國醫藥大學,09131045,護理學系,學士班(日間),4,1,3,1.42
106,私立,一般大學,1035,中國醫藥大學,09141017,醫學檢驗生物技術學系,學士班(日間),2,0,2,1.01
106,私立,一般大學,1035,中國醫藥大學,09159047,運動醫學系,學士班(日間),1,0,1,0.51
106,私立,一般大學,1035,中國醫藥大學,09161039,中國藥學暨中藥資源學系,學士班(日間),1,0,1,0.62
106,私立,一般大學,1035,中國醫藥大學,04133029,醫務管理學系,碩士班(日間),1,0,1,2.70
106,私立,一般大學,1035,中國醫藥大學,05191021,營養學系,碩士班(日間),1,0,1,2.08
106,私立,一般大學,1035,中國醫藥大學,09141032,生物醫學影像暨放射科學學系,碩士班(日間),1,0,1,12.50
106,私立,技專校院,1036,健行學校財團法人健行科技大學,04131004,企業管理系,學士班(日間),1,1,0,0.19
106,私立,技專校院,1036,健行學校財團法人健行科技大學,07141016,電機工程系,學士班(日間),1,1,0,0.22
106,私立,技專校院,1037,正修學校財團法人正修科技大學,02122002,時尚生活創意設計系,學士班(日間),2,1,1,0.51
106,私立,技專校院,1037,正修學校財團法人正修科技大學,07141013,資訊工程系,學士班(日間),1,1,0,0.21
106,私立,技專校院,1037,正修學校財團法人正修科技大學,07311004,建築與室內設計系,學士班(日間),12,7,5,2.76
106,私立,技專校院,1037,正修學校財團法人正修科技大學,04121008,金融管理系,碩士班(日間),1,1,0,4.76
106,私立,技專校院,1037,正修學校財團法人正修科技大學,07321016,土木與空間資訊系營建工程碩士班,碩士班(日間),2,2,0,6.67
106,私立,技專校院,1037,正修學校財團法人正修科技大學,04131006,國際企業系,學士班(日間),1,1,0,0.21
106,私立,技專校院,1037,正修學校財團法人正修科技大學,07321016,土木與空間資訊系,學士班(日間),5,5,0,1.17
106,私立,技專校院,1037,正修學校財團法人正修科技大學,10121026,化妝品與時尚彩妝系,學士班(日間),1,0,1,0.19
106,私立,技專校院,1038,萬能學校財團法人萬能科技大學,02123002,商業設計系,學士班(日間),4,3,1,1.11
106,私立,技專校院,1038,萬能學校財團法人萬能科技大學,04131004,企業管理系,學士班(日間),1,1,0,0.45
106,私立,一般大學,1039,玄奘大學,03211018,大眾傳播學系,學士班(日間),6,2,4,1.49
106,私立,技專校院,1040,建國科技大學,04131009,國際企業管理系,學士班(日間),1,1,0,0.46
106,私立,技專校院,1040,建國科技大學,07151018,機械工程系,學士班(日間),1,1,0,0.29
106,私立,技專校院,1040,建國科技大學,07321021,土木工程系,學士班(日間),1,1,0,0.35
106,私立,技專校院,1040,建國科技大學,07321021,土木工程系暨土木與防災研究所,學士班(日間),1,1,0,100.00
106,私立,技專校院,1041,明志科技大學,07111018,化學工程系,學士班(日間),3,3,0,0.74
106,私立,技專校院,1041,明志科技大學,07112022,材料工程系,學士班(日間),1,1,0,0.27
106,私立,技專校院,1041,明志科技大學,07121025,環境與安全衛生工程系,學士班(日間),2,0,2,1.03
106,私立,技專校院,1041,明志科技大學,07151014,機械工程系,學士班(日間),3,3,0,0.51
106,私立,技專校院,1041,明志科技大學,02112003,視覺傳達設計系,碩士班(日間),1,0,1,3.85
106,私立,技專校院,1041,明志科技大學,02123004,工業設計系,碩士班(日間),1,1,0,4.17
106,私立,技專校院,1041,明志科技大學,02112003,視覺傳達設計系,學士班(日間),7,3,4,3.27
106,私立,技專校院,1041,明志科技大學,02123004,工業設計系,學士班(日間),9,6,3,4.15
106,私立,技專校院,1041,明志科技大學,04131005,經營管理系,學士班(日間),2,2,0,0.50
106,私立,技專校院,1041,明志科技大學,07141010,電機工程系,學士班(日間),3,3,0,0.76
106,私立,技專校院,1041,明志科技大學,07191024,工業工程與管理系,學士班(日間),2,2,0,0.49
106,私立,技專校院,1044,聖約翰科技大學,02122002,創意設計系,學士班(日間),2,1,1,0.80
106,私立,技專校院,1044,聖約翰科技大學,02122003,數位文藝系,學士班(日間),2,1,1,1.54
106,私立,技專校院,1044,聖約翰科技大學,04131005,企業管理系,學士班(日間),6,4,2,4.11
106,私立,技專校院,1044,聖約翰科技大學,04132008,行銷與流通管理系,學士班(日間),3,3,0,1.60
106,私立,技專校院,1044,聖約翰科技大學,09211019,老人服務事業系,學士班(日間),1,1,0,1.82
106,私立,技專校院,1044,聖約翰科技大學,07191018,工業工程與管理系,學士班(日間),2,1,1,2.04
106,私立,技專校院,1044,聖約翰科技大學,10152021,休閒運動與健康管理系,學士班(日間),5,4,1,1.42
106,私立,技專校院,1044,聖約翰科技大學,07191018,工業工程與管理系,碩士班(日間),1,0,1,4.00
106,私立,技專校院,1044,聖約翰科技大學,02112004,多媒體設計系,學士班(日間),3,2,1,4.41
106,私立,技專校院,1044,聖約翰科技大學,02311001,應用英語系,學士班(日間),3,1,2,3.13
106,私立,技專校院,1044,聖約翰科技大學,04199009,時尚經營管理系,學士班(日間),1,0,1,0.38
106,私立,技專校院,1044,聖約翰科技大學,06131010,資訊管理系,學士班(日間),3,3,0,2.03
106,私立,技專校院,1045,嶺東科技大學,02112005,數位媒體設計系,學士班(日間),4,1,3,0.86
106,私立,技專校院,1045,嶺東科技大學,02123008,創意產品設計系,學士班(日間),11,5,6,2.61
106,私立,技專校院,1045,嶺東科技大學,04121017,財務金融系,學士班(日間),15,5,10,2.26
106,私立,技專校院,1045,嶺東科技大學,04131013,企業管理系,學士班(日間),3,3,0,0.65
106,私立,技專校院,1045,嶺東科技大學,04132024,行銷與流通管理系,學士班(日間),3,3,0,0.51
106,私立,技專校院,1045,嶺東科技大學,06131030,資訊科技系,學士班(日間),2,2,0,0.53
106,私立,技專校院,1045,嶺東科技大學,02112003,視覺傳達設計系,碩士班(日間),1,1,0,5.88
106,私立,技專校院,1045,嶺東科技大學,04121017,財務金融系,碩士班(日間),1,1,0,5.26
106,私立,技專校院,1045,嶺東科技大學,02112003,視覺傳達設計系,學士班(日間),18,8,10,2.65
106,私立,技專校院,1045,嶺東科技大學,02122002,流行設計系,學士班(日間),5,0,5,1.35
106,私立,技專校院,1045,嶺東科技大學,04122021,財政系,學士班(日間),1,0,1,0.58
106,私立,技專校院,1045,嶺東科技大學,06131031,資訊管理系,學士班(日間),3,3,0,0.56
106,私立,技專校院,1045,嶺東科技大學,10151036,觀光與休閒管理系,學士班(日間),1,1,0,0.16
106,私立,技專校院,1046,中國科技大學,02112003,視覺傳達設計系,學士班(日間),16,5,11,1.58
106,私立,技專校院,1046,中國科技大學,02112004,數位多媒體設計系,學士班(日間),10,6,4,1.14
106,私立,技專校院,1046,中國科技大學,04131010,企業管理系,學士班(日間),15,10,5,2.60
106,私立,技專校院,1046,中國科技大學,04132017,行銷與流通管理系,學士班(日間),6,2,4,0.63
106,私立,技專校院,1046,中國科技大學,06199022,電腦與通訊系,學士班(日間),3,3,0,6.12
106,私立,技專校院,1046,中國科技大學,07141021,資訊工程系,學士班(日間),6,4,2,5.13
106,私立,技專校院,1046,中國科技大學,02124005,室內設計系,學士班(日間),19,6,13,1.97
106,私立,技專校院,1046,中國科技大學,02199006,影視設計系,學士班(日間),2,1,1,0.67
106,私立,技專校院,1046,中國科技大學,02311001,應用英語系,學士班(日間),2,0,2,0.52
106,私立,技專校院,1046,中國科技大學,06131019,資訊管理系,學士班(日間),2,2,0,0.38
106,私立,技專校院,1046,中國科技大學,10151028,觀光與休閒事業管理系,學士班(日間),4,2,2,0.41
106,私立,技專校院,1047,中臺科技大學,09141028,醫學檢驗生物技術系,學士班(日間),1,0,1,0.19
106,私立,技專校院,1047,中臺科技大學,09141029,醫學影像暨放射科學系,學士班(日間),3,2,1,0.61
106,私立,技專校院,1047,中臺科技大學,09111033,牙體技術暨材料系,學士班(日間),3,0,3,0.60
106,私立,技專校院,1047,中臺科技大學,09141029,醫學影像暨放射科學系,碩士班(日間),1,1,0,10.00
106,私立,一般大學,1048,亞洲大學,02112006,視覺傳達設計學系,學士班(日間),15,5,10,3.13
106,私立,一般大學,1048,亞洲大學,02123011,創意商品設計學系,學士班(日間),13,8,5,2.71
106,私立,一般大學,1048,亞洲大學,03211014,資訊傳播學系,學士班(日間),7,4,3,1.56
106,私立,一般大學,1048,亞洲大學,04121019,財務金融學系,學士班(日間),3,1,2,0.64
106,私立,一般大學,1048,亞洲大學,05191053,食品營養與保健生技學系,學士班(日間),2,1,1,0.50
106,私立,一般大學,1048,亞洲大學,09211021,健康產業管理學系,學士班(日間),3,1,2,0.74
106,私立,一般大學,1048,亞洲大學,04111015,會計與資訊學系,學士班(日間),1,0,1,0.36
106,私立,一般大學,1048,亞洲大學,04131017,經營管理學系,學士班(日間),5,3,2,0.66
106,私立,一般大學,1048,亞洲大學,05121028,生物科技學系,學士班(日間),1,0,1,0.26
106,私立,一般大學,1048,亞洲大學,10151049,休閒與遊憩管理學系,學士班(日間),2,1,1,0.40
106,私立,一般大學,1048,亞洲大學,02112007,數位媒體設計學系,博士班,8,3,5,19.05
106,私立,一般大學,1048,亞洲大學,02112006,視覺傳達設計學系,碩士班(日間),1,0,1,4.35
106,私立,一般大學,1048,亞洲大學,02123011,創意商品設計學系,碩士班(日間),1,0,1,4.55
106,私立,一般大學,1048,亞洲大學,01121001,幼兒教育學系,學士班(日間),1,0,1,0.26
106,私立,一般大學,1048,亞洲大學,02112007,數位媒體設計學系,學士班(日間),13,8,5,2.62
106,私立,一般大學,1048,亞洲大學,02124012,室內設計學系,學士班(日間),5,2,3,2.37
106,私立,一般大學,1048,亞洲大學,03131013,心理學系,學士班(日間),3,0,3,0.58
106,私立,一般大學,1049,開南大學,04131016,國際企業學系,學士班(日間),2,2,0,0.84
106,私立,一般大學,1049,開南大學,09199038,養生與健康行銷學系,學士班(日間),1,0,1,0.47
106,私立,一般大學,1049,開南大學,06131036,資訊學院碩士班,碩士班(日間),1,1,0,5.56
106,私立,一般大學,1050,佛光大學,02123018,產品與媒體設計學系,學士班(日間),4,2,2,1.39
106,私立,一般大學,1050,佛光大學,02211010,佛教學系,學士班(日間),2,1,1,2.35
106,私立,一般大學,1050,佛光大學,02299015,文化資產與創意學系,學士班(日間),3,2,1,1.92
106,私立,一般大學,1050,佛光大學,03111020,應用經濟學系,學士班(日間),2,0,2,0.91
106,私立,一般大學,1050,佛光大學,03131024,心理學系,學士班(日間),3,1,2,1.47
106,私立,一般大學,1050,佛光大學,02211010,佛教學系,博士班,3,1,2,13.04
106,私立,一般大學,1050,佛光大學,03211028,傳播學系,學士班(日間),3,1,2,0.93
106,私立,技專校院,1051,台南家專學校財團法人台南應用科技大學,02112012,視覺傳達設計系創新應用設計碩士班,碩士班(日間),1,1,0,7.14
106,私立,技專校院,1051,台南家專學校財團法人台南應用科技大學,02112012,視覺傳達設計系,學士班(日間),9,2,7,1.49
106,私立,技專校院,1051,台南家專學校財團法人台南應用科技大學,02122010,時尚設計系,學士班(日間),7,2,5,1.71
106,私立,技專校院,1051,台南家專學校財團法人台南應用科技大學,02123014,商品設計系,學士班(日間),4,3,1,0.66
106,私立,技專校院,1051,台南家專學校財團法人台南應用科技大學,02124015,室內設計系,學士班(日間),5,3,2,1.14
106,私立,技專校院,1051,台南家專學校財團法人台南應用科技大學,02125042,服飾設計管理系,學士班(日間),5,1,4,0.82
106,私立,技專校院,1051,台南家專學校財團法人台南應用科技大學,02131001,美術系,學士班(日間),1,0,1,0.17
106,私立,技專校院,1052,中信金學校財團法人中信科技大學,02123006,創意商品設計與管理系,學士班(日間),6,4,2,2.18
106,私立,技專校院,1052,中信金學校財團法人中信科技大學,02123014,創新設計與創業管理系,學士班(日間),1,0,1,0.94
106,私立,技專校院,1052,中信金學校財團法人中信科技大學,04131007,企業管理系,學士班(日間),1,1,0,0.47
106,私立,技專校院,1053,光宇學校財團法人元培醫事科技大學,07121015,環境工程衛生系,學士班(日間),2,1,1,1.14
106,私立,技專校院,1053,光宇學校財團法人元培醫事科技大學,09141030,醫學影像暨放射技術系,學士班(日間),5,3,2,1.14
106,私立,技專校院,1053,光宇學校財團法人元培醫事科技大學,04133007,醫務管理系,學士班(日間),1,0,1,100.00
106,私立,技專校院,1053,光宇學校財團法人元培醫事科技大學,07211019,食品科學系,學士班(日間),1,0,1,0.30
106,私立,技專校院,1053,光宇學校財團法人元培醫事科技大學,09141029,視光系,學士班(日間),1,0,1,0.33
106,私立,技專校院,1053,光宇學校財團法人元培醫事科技大學,09161034,生物科技暨製藥技術系,學士班(日間),1,0,1,0.41
106,私立,技專校院,1053,光宇學校財團法人元培醫事科技大學,09141030,醫學影像暨放射技術系,碩士班(日間),1,1,0,4.76
106,私立,技專校院,1054,景文科技大學,04131007,企業管理(學)系,學士班(日間),4,2,2,100.00
106,私立,技專校院,1054,景文科技大學,04132014,行銷與流通管理系,學士班(日間),2,1,1,0.59
106,私立,技專校院,1054,景文科技大學,04141008,國際貿易系,學士班(日間),6,3,3,2.12
106,私立,技專校院,1054,景文科技大學,06131015,資訊管理系,學士班(日間),3,2,1,0.63
106,私立,技專校院,1054,景文科技大學,02112005,視覺傳達設計系數位文創設計碩士班,碩士班(日間),1,0,1,8.33
106,私立,技專校院,1054,景文科技大學,02112005,視覺傳達設計系,學士班(日間),15,5,10,3.08
106,私立,技專校院,1054,景文科技大學,04121009,財務金融系,學士班(日間),4,0,4,1.48
106,私立,技專校院,1054,景文科技大學,04131007,企業管理系,學士班(日間),9,4,5,2.78
106,私立,技專校院,1055,中華醫事科技大學,10121027,化妝品應用與管理系,學士班(日間),1,0,1,0.63
106,私立,技專校院,1056,東南科技大學,07151013,機械工程系,學士班(日間),2,2,0,0.39
106,私立,技專校院,1056,東南科技大學,04131006,企業管理系,學士班(日間),1,1,0,0.45
106,私立,技專校院,1056,東南科技大學,07121017,環境工程系,學士班(日間),1,1,0,3.33
106,私立,技專校院,1056,東南科技大學,10152021,休閒事業管理系,學士班(日間),1,0,1,0.14
106,私立,技專校院,1057,德明財經科技大學,04123011,保險金融管理系,學士班(日間),1,1,0,0.29
106,私立,技專校院,1057,德明財經科技大學,04141007,國際貿易系,學士班(日間),1,1,0,0.15
106,私立,技專校院,1057,德明財經科技大學,04199018,連鎖加盟經營管理學位學程,學士班(日間),1,0,1,0.28
106,私立,一般大學,1058,明道學校財團法人明道大學,02112010,數位設計學系,學士班(日間),1,1,0,0.39
106,私立,一般大學,1058,明道學校財團法人明道大學,02322003,中國文學學系,博士班,2,1,1,10.00
106,私立,一般大學,1058,明道學校財團法人明道大學,04121017,財務金融學系,學士班(日間),3,2,1,1.99
106,私立,一般大學,1058,明道學校財團法人明道大學,04131013,企業管理學系,學士班(日間),2,2,0,1.16
106,私立,一般大學,1058,明道學校財團法人明道大學,07112032,材料與能源工程學系,學士班(日間),1,1,0,0.77
106,私立,技專校院,1060,南開科技大學,07141016,電子工程系,碩士班(日間),1,1,0,5.26
106,私立,技專校院,1061,中華學校財團法人中華科技大學,04141009,國際商務與行銷系,學士班(日間),1,0,1,0.47
106,私立,技專校院,1061,中華學校財團法人中華科技大學,04121007,財務金融系,學士班(日間),3,1,2,2.83
106,私立,技專校院,1061,中華學校財團法人中華科技大學,04131003,企業管理系,學士班(日間),3,3,0,1.49
106,私立,技專校院,1061,中華學校財團法人中華科技大學,06131012,資訊管理系,學士班(日間),1,0,1,0.45
106,私立,技專校院,1061,中華學校財團法人中華科技大學,07311025,建築系,學士班(日間),2,2,0,0.46
106,私立,技專校院,1062,僑光科技大學,04131009,企業管理系,學士班(日間),1,0,1,0.21
106,私立,技專校院,1062,僑光科技大學,04121013,財務金融系,學士班(日間),3,2,1,0.63
106,私立,技專校院,1066,環球學校財團法人環球科技大學,02112003,視覺傳達設計系,學士班(日間),3,2,1,1.01
106,私立,技專校院,1066,環球學校財團法人環球科技大學,02123005,創意商品設計系,學士班(日間),2,1,1,1.43
106,私立,技專校院,1066,環球學校財團法人環球科技大學,09221027,幼兒保育系,學士班(日間),1,0,1,0.49
106,私立,一般大學,1067,台灣首府學校財團法人台灣首府大學,01121002,幼兒教育學系,學士班(日間),3,0,3,1.54
106,私立,一般大學,1067,台灣首府學校財團法人台灣首府大學,10131034,飯店管理學系,學士班(日間),1,0,1,0.36
106,私立,技專校院,1068,中州學校財團法人中州科技大學,07312022,景觀系,學士班(日間),1,1,0,100.00
106,私立,技專校院,1069,修平學校財團法人修平科技大學,02112005,數位媒體設計系,學士班(日間),1,1,0,0.25
106,私立,技專校院,1070,長庚學校財團法人長庚科技大學,05191003,保健營養系,學士班(日間),1,0,1,0.27
106,私立,技專校院,1070,長庚學校財團法人長庚科技大學,10121009,化妝品應用系,學士班(日間),2,0,2,0.98
106,私立,技專校院,1070,長庚學校財團法人長庚科技大學,09221008,幼兒保育系,學士班(日間),3,0,3,0.62
106,私立,技專校院,1073,醒吾學校財團法人醒吾科技大學,03211007,資訊傳播系,學士班(日間),5,2,3,1.36
106,私立,技專校院,1073,醒吾學校財團法人醒吾科技大學,04131011,企業管理系,學士班(日間),1,1,0,0.26
106,私立,技專校院,1073,醒吾學校財團法人醒吾科技大學,10131025,餐旅管理系,學士班(日間),1,0,1,0.11
106,私立,技專校院,1075,文藻學校財團法人文藻外語大學,02311007,英國語文系,學士班(日間),12,4,8,1.76
106,私立,技專校院,1075,文藻學校財團法人文藻外語大學,02311010,德國語文系,學士班(日間),13,2,11,2.61
106,私立,技專校院,1075,文藻學校財團法人文藻外語大學,02311011,西班牙語文系,學士班(日間),7,3,4,1.51
106,私立,技專校院,1075,文藻學校財團法人文藻外語大學,03122016,國際事務系,學士班(日間),3,1,2,1.48
106,私立,技專校院,1075,文藻學校財團法人文藻外語大學,04131020,國際企業管理系,學士班(日間),2,1,1,0.88
106,私立,技專校院,1075,文藻學校財團法人文藻外語大學,02312014,多國語複譯研究所,碩士班(日間),2,1,1,4.08
106,私立,技專校院,1075,文藻學校財團法人文藻外語大學,03122016,國際事務碩士學位學程,碩士班(日間),1,0,1,6.25
106,私立,技專校院,1075,文藻學校財團法人文藻外語大學,01131002,外語教學系,學士班(日間),2,1,1,0.47
106,私立,技專校院,1075,文藻學校財團法人文藻外語大學,02311009,法國語文系,學士班(日間),6,2,4,1.35
106,私立,技專校院,1075,文藻學校財團法人文藻外語大學,02311012,日本語文系,學士班(日間),4,2,2,0.43
106,私立,技專校院,1075,文藻學校財團法人文藻外語大學,02312013,翻譯系,學士班(日間),11,2,9,3.93
106,私立,技專校院,1075,文藻學校財團法人文藻外語大學,02323004,應用華語文系,學士班(日間),5,0,5,1.07
106,私立,技專校院,1075,文藻學校財團法人文藻外語大學,03211018,傳播藝術系,學士班(日間),4,0,4,0.89
106,私立,技專校院,1076,華夏學校財團法人華夏科技大學,02124003,室內設計系,學士班(日間),1,1,0,0.36
106,私立,技專校院,1076,華夏學校財團法人華夏科技大學,07311017,建築系,學士班(日間),1,1,0,0.60
106,私立,技專校院,1076,華夏學校財團法人華夏科技大學,10121019,化妝品應用系,學士班(日間),1,1,0,0.24
106,私立,技專校院,1077,慈濟學校財團法人慈濟科技大學,06131005,資訊科技與管理系,學士班(日間),1,1,0,0.38
106,私立,技專校院,1077,慈濟學校財團法人慈濟科技大學,09131007,護理系,學士班(日間),1,1,0,0.30
106,私立,技專校院,1078,致理學校財團法人致理科技大學,04131014,企業管理系,學士班(日間),7,5,2,1.03
106,私立,技專校院,1078,致理學校財團法人致理科技大學,02112012,多媒體設計系,學士班(日間),3,3,0,0.64
106,私立,技專校院,1078,致理學校財團法人致理科技大學,02311010,應用英語系,學士班(日間),2,1,1,0.33
106,私立,技專校院,1078,致理學校財團法人致理科技大學,02311011,應用日語系,學士班(日間),1,1,0,0.23
106,私立,技專校院,1078,致理學校財團法人致理科技大學,04111013,會計資訊系,學士班(日間),5,3,2,0.77
106,私立,技專校院,1078,致理學校財團法人致理科技大學,04121016,財務金融系,學士班(日間),14,9,5,1.72
106,私立,技專校院,1078,致理學校財團法人致理科技大學,04141015,國際貿易系,學士班(日間),3,1,2,0.43
106,私立,技專校院,1078,致理學校財團法人致理科技大學,04199020,商務科技管理系,學士班(日間),2,2,0,0.44
106,私立,技專校院,1078,致理學校財團法人致理科技大學,06131021,資訊管理系,學士班(日間),1,1,0,0.16
106,私立,技專校院,1078,致理學校財團法人致理科技大學,10151018,休閒遊憩管理系,學士班(日間),2,1,1,0.49
106,私立,技專校院,1080,宏國學校財團法人宏國德霖科技大學,10131020,餐旅管理系,學士班(日間),1,0,1,0.28
106,私立,技專校院,1081,東方學校財團法人東方設計大學,02141002,美術工藝系,學士班(日間),1,1,0,0.42
106,私立,技專校院,1081,東方學校財團法人東方設計大學,02199018,文化創意設計研究所,博士班,4,0,4,13.33
106,私立,技專校院,1081,東方學校財團法人東方設計大學,02124017,室內設計系,學士班(日間),2,0,2,1.50
106,私立,技專校院,1082,崇右學校財團法人崇右影藝科技大學,02123011,創意商品設計系,學士班(日間),1,1,0,0.88
106,私立,技專校院,1082,崇右學校財團法人崇右影藝科技大學,03213013,影視傳播系,學士班(日間),2,1,1,1.05
106,私立,技專校院,1082,崇右學校財團法人崇右影藝科技大學,02152002,演藝事業系,學士班(日間),1,1,0,0.26
106,私立,技專校院,1083,台北海洋學校財團法人台北海洋科技大學,02112004,視覺傳達設計系,學士班(日間),1,0,1,0.35
106,私立,技專校院,1083,台北海洋學校財團法人台北海洋科技大學,10411028,海空物流與行銷系,學士班(日間),2,0,2,0.91
106,私立,技專校院,1083,台北海洋學校財團法人台北海洋科技大學,02122003,數位遊戲與動畫設計系,學士班(日間),2,1,1,0.56
106,私立,一般大學,1125,中信學校財團法人中信金融管理學院,04121014,財務金融學系,學士班(日間),2,0,2,1.44
106,私立,一般大學,1125,中信學校財團法人中信金融管理學院,04131012,企業管理學系,學士班(日間),1,1,0,0.68
106,私立,技專校院,1148,大漢技術學院,02122001,珠寶技術系,學士班(日間),2,2,0,4.55
106,私立,技專校院,1188,大同技術學院,10151029,旅遊與休閒娛樂管理系,學士班(日間),1,0,1,0.67
106,私立,一般大學,1196,法鼓學校財團法人法鼓文理學院,02211002,佛教學系,博士班,3,3,0,18.75
106,私立,一般大學,1196,法鼓學校財團法人法鼓文理學院,02211002,佛教學系,碩士班(日間),2,1,1,2.82
106,公立,一般大學,3002,臺北市立大學,01113029,特殊教育學系,學士班(日間),1,0,1,0.52
106,公立,一般大學,3002,臺北市立大學,01121027,幼兒教育學系,學士班(日間),1,0,1,0.30
106,公立,一般大學,3002,臺北市立大學,01131017,英語教學系,學士班(日間),2,2,0,1.24
106,公立,一般大學,3002,臺北市立大學,02111040,視覺藝術學系,學士班(日間),3,2,1,1.50
106,公立,一般大學,3002,臺北市立大學,07313058,城市發展學系,學士班(日間),2,2,0,2.27
106,公立,一般大學,3002,臺北市立大學,10141060,球類運動學系,學士班(日間),1,1,0,0.18
106,公立,一般大學,3002,臺北市立大學,01111001,教育學系,博士班,2,0,2,1.94
106,公立,一般大學,3002,臺北市立大學,10141054,競技運動訓練研究所,博士班,1,1,0,3.57
106,公立,一般大學,3002,臺北市立大學,10142053,運動科學研究所,博士班,3,3,0,25.00
106,公立,一般大學,3002,臺北市立大學,02151037,音樂學系,碩士班(日間),1,0,1,1.23
106,公立,一般大學,3002,臺北市立大學,01115036,學習與媒材設計學系,學士班(日間),2,0,2,1.20
106,公立,一般大學,3002,臺北市立大學,04134056,社會暨公共事務學系,學士班(日間),1,1,0,0.65
106,公立,一般大學,3002,臺北市立大學,06131016,資訊科學系,學士班(日間),1,1,0,0.56
107,公立,一般大學,0001,國立政治大學,03111024,經濟學系,學士班(日間),3,1,2,0.72
107,公立,一般大學,0001,國立政治大學,03211056,傳播學院大一大二不分系,學士班(日間),2,0,2,0.45
107,公立,一般大學,0001,國立政治大學,04131060,企業管理學系,學士班(日間),3,0,3,0.69
107,公立,一般大學,0001,國立政治大學,01111001,教育學系,博士班,11,2,9,9.91
107,公立,一般大學,0001,國立政治大學,02221020,歷史學系,博士班,4,2,2,12.90
107,公立,一般大學,0001,國立政治大學,02311009,英國語文學系,博士班,6,1,5,26.09
107,公立,一般大學,0001,國立政治大學,02322008,中國文學系,博士班,6,2,4,9.52
107,公立,一般大學,0001,國立政治大學,03121026,政治學系,博士班,5,3,2,17.24
107,公立,一般大學,0001,國立政治大學,03122045,外交學系,博士班,1,1,0,7.69
107,公立,一般大學,0001,國立政治大學,03131032,心理學系,博士班,1,1,0,8.33
107,公立,一般大學,0001,國立政治大學,02311009,英國語文學系,學士班(日間),2,0,2,0.66
107,公立,一般大學,0001,國立政治大學,02311011,日本語文學系,學士班(日間),1,0,1,0.53
107,公立,一般大學,0001,國立政治大學,02322008,中國文學系,學士班(日間),3,0,3,0.85
107,公立,一般大學,0001,國立政治大學,04141067,國際經營與貿易學系,學士班(日間),1,0,1,0.28
107,公立,一般大學,0001,國立政治大學,06131081,資訊科學系,學士班(日間),4,2,2,1.92
107,公立,一般大學,0001,國立政治大學,02211019,宗教研究所,博士班,4,3,1,12.50
107,公立,一般大學,0001,國立政治大學,03191047,國家發展研究所,博士班,7,5,2,22.58
107,公立,一般大學,0001,國立政治大學,04121065,財務管理學系,博士班,1,1,0,11.11
107,公立,一般大學,0001,國立政治大學,04121068,金融學系,博士班,4,3,1,13.33
107,公立,一般大學,0001,國立政治大學,04122070,財政學系,博士班,1,0,1,10.00
107,公立,一般大學,0001,國立政治大學,04134041,公共行政學系,博士班,2,2,0,11.76
107,公立,一般大學,0001,國立政治大學,05411078,應用數學系,博士班,1,1,0,16.67
107,公立,一般大學,0001,國立政治大學,09231084,社會工作研究所,博士班,8,2,6,47.06
107,公立,一般大學,0001,國立政治大學,01111001,教育學系,碩士班(日間),6,2,4,13.33
107,公立,一般大學,0001,國立政治大學,01114005,教育行政與政策研究所,碩士班(日間),1,0,1,2.17
107,公立,一般大學,0001,國立政治大學,01121004,幼兒教育研究所,碩士班(日間),2,0,2,6.67
107,公立,一般大學,0001,國立政治大學,02211019,宗教研究所,碩士班(日間),3,1,2,10.71
107,公立,一般大學,0001,國立政治大學,02221020,歷史學系,碩士班(日間),6,4,2,8.70
107,公立,一般大學,0001,國立政治大學,02231022,哲學系,碩士班(日間),7,2,5,13.73
107,公立,一般大學,0001,國立政治大學,02311011,日本語文學系,碩士班(日間),1,0,1,3.70
107,公立,一般大學,0001,國立政治大學,02322008,中國文學系,碩士班(日間),12,4,8,12.63
107,公立,一般大學,0001,國立政治大學,03131032,心理學系,碩士班(日間),2,1,1,2.63
107,公立,一般大學,0001,國立政治大學,03131033,輔導與諮商碩士學位學程,碩士班(日間),4,0,4,10.00
107,公立,一般大學,0001,國立政治大學,03141030,社會學系,碩士班(日間),5,2,3,7.69
107,公立,一般大學,0001,國立政治大學,03199048,勞工研究所,碩士班(日間),1,0,1,1.23
107,公立,一般大學,0001,國立政治大學,03211049,傳播學院傳播碩士學位學程,碩士班(日間),53,10,43,21.03
107,公立,一般大學,0001,國立政治大學,04121065,財務管理學系,碩士班(日間),2,1,1,2.86
107,公立,一般大學,0001,國立政治大學,04121068,金融學系,碩士班(日間),23,15,8,24.21
107,公立,一般大學,0001,國立政治大學,04123069,風險管理與保險學系,碩士班(日間),7,2,5,8.54
107,公立,一般大學,0001,國立政治大學,02222031,民族學系,博士班,1,0,1,3.85
107,公立,一般大學,0001,國立政治大學,02231022,哲學系,博士班,1,1,0,3.85
107,公立,一般大學,0001,國立政治大學,03111024,經濟學系,博士班,1,0,1,7.69
107,公立,一般大學,0001,國立政治大學,03141030,社會學系,博士班,4,2,2,28.57
107,公立,一般大學,0001,國立政治大學,03143036,日本研究博士學位學程,博士班,2,1,1,20.00
107,公立,一般大學,0001,國立政治大學,03143043,地政學系,博士班,2,2,0,8.70
107,公立,一般大學,0001,國立政治大學,03211056,傳播學院博士班,博士班,17,5,12,60.71
107,公立,一般大學,0001,國立政治大學,03222054,圖書資訊與檔案學研究所,博士班,1,1,0,7.14
107,公立,一般大學,0001,國立政治大學,04111059,會計學系,博士班,1,0,1,10.00
107,公立,一般大學,0001,國立政治大學,04123069,風險管理與保險學系,博士班,2,0,2,12.50
107,公立,一般大學,0001,國立政治大學,04131060,企業管理學系,博士班,10,2,8,20.00
107,公立,一般大學,0001,國立政治大學,04141067,國際經營與貿易學系,博士班,1,0,1,25.00
107,公立,一般大學,0001,國立政治大學,04199072,科技管理與智慧財產研究所,博士班,2,1,1,8.70
107,公立,一般大學,0001,國立政治大學,04212073,法律學系,博士班,2,1,1,4.55
107,公立,一般大學,0001,國立政治大學,02311014,韓國語文學系,碩士班(日間),1,0,1,4.35
107,公立,一般大學,0001,國立政治大學,02399018,語言學研究所,碩士班(日間),1,0,1,4.00
107,公立,一般大學,0001,國立政治大學,03111024,經濟學系,碩士班(日間),4,4,0,4.82
107,公立,一般大學,0001,國立政治大學,03111025,應用經濟與社會發展英語碩士學位學程,碩士班(日間),1,1,0,3.13
107,公立,一般大學,0001,國立政治大學,03121026,政治學系,碩士班(日間),4,4,0,5.13
107,公立,一般大學,0001,國立政治大學,03122045,外交學系,碩士班(日間),2,0,2,2.63
107,公立,一般大學,0001,國立政治大學,03143036,日本研究碩士學位學程,碩士班(日間),3,1,2,7.69
107,公立,一般大學,0001,國立政治大學,03143038,俄羅斯研究所,碩士班(日間),3,2,1,7.69
107,公立,一般大學,0001,國立政治大學,03143040,亞太研究英語碩士學位學程,碩士班(日間),1,1,0,1.82
107,公立,一般大學,0001,國立政治大學,03143043,地政學系,碩士班(日間),3,3,0,3.75
107,公立,一般大學,0001,國立政治大學,03191047,國家發展研究所,碩士班(日間),6,5,1,9.38
107,公立,一般大學,0001,國立政治大學,03222054,圖書資訊與檔案學研究所,碩士班(日間),6,0,6,9.68
107,公立,一般大學,0001,國立政治大學,05199083,神經科學研究所,碩士班(日間),1,0,1,25.00
107,公立,一般大學,0001,國立政治大學,05421079,統計學系,碩士班(日間),5,3,2,7.81
107,公立,一般大學,0001,國立政治大學,06131081,資訊科學系,碩士班(日間),2,2,0,1.92
107,公立,一般大學,0001,國立政治大學,09231084,社會工作研究所,碩士班(日間),4,1,3,6.67
107,公立,一般大學,0001,國立政治大學,04111059,會計學系,碩士班(日間),15,3,12,10.34
107,公立,一般大學,0001,國立政治大學,04122070,財政學系,碩士班(日間),1,1,0,1.32
107,公立,一般大學,0001,國立政治大學,04131060,企業管理研究所(MBA學位學程),碩士班(日間),2,1,1,0.79
107,公立,一般大學,0001,國立政治大學,04134041,公共行政學系,碩士班(日間),1,0,1,0.80
107,公立,一般大學,0001,國立政治大學,04141067,國際經營與貿易學系,碩士班(日間),4,2,2,3.57
107,公立,一般大學,0001,國立政治大學,04199072,科技管理與智慧財產研究所,碩士班(日間),7,3,4,4.58
107,公立,一般大學,0001,國立政治大學,04211074,法律科際整合研究所,碩士班(日間),2,0,2,2.15
107,公立,一般大學,0001,國立政治大學,04212073,法律學系,碩士班(日間),15,4,11,6.02
107,公立,一般大學,0001,國立政治大學,06131080,資訊管理學系,碩士班(日間),4,2,2,4.49
107,公立,一般大學,0001,國立政治大學,06134057,數位內容碩士學位學程,碩士班(日間),5,3,2,10.87
107,公立,一般大學,0002,國立清華大學,01121091,幼兒教育學系,學士班(日間),1,0,1,0.35
107,公立,一般大學,0002,國立清華大學,02131098,藝術與設計學系,學士班(日間),3,2,1,0.90
107,公立,一般大學,0002,國立清華大學,04199023,科技管理學院學士班,學士班(日間),5,1,4,2.07
107,公立,一般大學,0002,國立清華大學,07141055,電機資訊學院學士班,學士班(日間),5,3,2,3.91
107,公立,一般大學,0002,國立清華大學,07151056,動力機械工程學系,學士班(日間),1,1,0,0.21
107,公立,一般大學,0002,國立清華大學,02221006,歷史研究所,博士班,3,3,0,15.79
107,公立,一般大學,0002,國立清華大學,02321001,台灣文學研究所,博士班,7,2,5,35.00
107,公立,一般大學,0002,國立清華大學,04199017,科技管理研究所,博士班,10,4,6,28.57
107,公立,一般大學,0002,國立清華大學,05121030,生物資訊與結構生物研究所,博士班,1,1,0,1.72
107,公立,一般大學,0002,國立清華大學,07111057,化學工程學系,博士班,3,2,1,2.75
107,公立,一般大學,0002,國立清華大學,07112058,材料科學工程學系,博士班,2,2,0,1.33
107,公立,一般大學,0002,國立清華大學,07131068,核子工程與科學研究所,博士班,1,1,0,3.85
107,公立,一般大學,0002,國立清華大學,07141049,電機工程學系,博士班,2,2,0,2.78
107,公立,一般大學,0002,國立清華大學,07141050,電子工程研究所,博士班,3,3,0,5.88
107,公立,一般大學,0002,國立清華大學,07141054,通訊工程研究所,博士班,3,3,0,12.00
107,公立,一般大學,0002,國立清華大學,07151056,動力機械工程學系,博士班,3,2,1,3.23
107,公立,一般大學,0002,國立清華大學,07193063,生醫工程與環境科學系,博士班,1,0,1,2.00
107,公立,一般大學,0002,國立清華大學,01111084,教育與學習科技學系,碩士班(日間),3,1,2,3.00
107,公立,一般大學,0002,國立清華大學,01131085,數理教育研究所,碩士班(日間),1,0,1,1.30
107,公立,一般大學,0002,國立清華大學,02131098,藝術與設計學系藝術教育與創作碩士班,碩士班(日間),3,3,0,3.66
107,公立,一般大學,0002,國立清華大學,02221006,歷史研究所,碩士班(日間),4,1,3,10.00
107,公立,一般大學,0002,國立清華大學,02222007,人類學研究所,碩士班(日間),2,1,1,5.26
107,公立,一般大學,0002,國立清華大學,02299009,亞際文化研究國際碩士學位學程(台灣聯合大學系統),碩士班(日間),4,1,3,50.00
107,公立,一般大學,0002,國立清華大學,02321001,台灣文學研究所,碩士班(日間),7,2,5,14.89
107,公立,一般大學,0002,國立清華大學,03111011,經濟學系,碩士班(日間),8,3,5,16.67
107,公立,一般大學,0002,國立清華大學,07191061,工業工程與工程管理學系,博士班,1,1,0,2.44
107,公立,一般大學,0002,國立清華大學,99999074,跨院國際博士班學位學程,博士班,4,0,4,7.27
107,公立,一般大學,0002,國立清華大學,01121091,幼兒教育學系,碩士班(日間),4,0,4,8.70
107,公立,一般大學,0002,國立清華大學,01131105,英語教學系,碩士班(日間),2,0,2,7.41
107,公立,一般大學,0002,國立清華大學,01141090,體育學系,碩士班(日間),4,2,2,12.90
107,公立,一般大學,0002,國立清華大學,02151096,音樂學系,碩士班(日間),4,1,3,5.88
107,公立,一般大學,0002,國立清華大學,02311002,外國語文學系,碩士班(日間),4,0,4,8.00
107,公立,一般大學,0002,國立清華大學,02322003,中國文學系,碩士班(日間),14,3,11,21.88
107,公立,一般大學,0002,國立清華大學,02322109,中國語文學系,碩士班(日間),1,0,1,3.03
107,公立,一般大學,0002,國立清華大學,02399005,語言學研究所,碩士班(日間),3,3,0,6.12
107,公立,一般大學,0002,國立清華大學,03131077,教育心理與諮商學系,碩士班(日間),5,2,3,3.97
107,公立,一般大學,0002,國立清華大學,04121020,計量財務金融學系,碩士班(日間),7,0,7,14.58
107,公立,一般大學,0002,國立清華大學,04131018,國際專業管理碩士班,碩士班(日間),1,0,1,1.64
107,公立,一般大學,0002,國立清華大學,04199022,服務科學研究所,碩士班(日間),1,0,1,1.75
107,公立,一般大學,0002,國立清華大學,04212024,科技法律研究所,碩士班(日間),11,3,8,10.89
107,公立,一般大學,0002,國立清華大學,05121026,生物科技研究所,碩士班(日間),2,1,1,3.92
107,公立,一般大學,0002,國立清華大學,05199033,系統神經科學研究所,碩士班(日間),1,1,0,3.70
107,公立,一般大學,0002,國立清華大學,05411043,數學系,碩士班(日間),4,3,1,6.56
107,公立,一般大學,0002,國立清華大學,05411115,計算與建模科學研究所,碩士班(日間),1,1,0,4.17
107,公立,一般大學,0002,國立清華大學,07141050,電子工程研究所,碩士班(日間),2,2,0,1.10
107,公立,一般大學,0002,國立清華大學,07141052,光電工程研究所,碩士班(日間),2,1,1,1.67
107,公立,一般大學,0002,國立清華大學,07151056,動力機械工程學系,碩士班(日間),7,5,2,2.50
107,公立,一般大學,0002,國立清華大學,07193063,生醫工程與環境科學系,碩士班(日間),6,3,3,4.96
107,公立,一般大學,0002,國立清華大學,07199070,全球營運管理碩士雙聯學位學程,碩士班(日間),1,0,1,6.67
107,公立,一般大學,0002,國立清華大學,99999074,跨院國際碩士學位學程,碩士班(日間),3,1,2,15.00
107,公立,一般大學,0002,國立清華大學,03141012,社會學研究所,碩士班(日間),10,5,5,12.66
107,公立,一般大學,0002,國立清華大學,03199015,學習科學研究所,碩士班(日間),1,1,0,4.76
107,公立,一般大學,0002,國立清華大學,04199017,科技管理研究所,碩士班(日間),7,4,3,10.45
107,公立,一般大學,0002,國立清華大學,05121030,生物資訊與結構生物研究所,碩士班(日間),3,1,2,5.45
107,公立,一般大學,0002,國立清華大學,05211102,環境與文化資源學系,碩士班(日間),2,2,0,5.71
107,公立,一般大學,0002,國立清華大學,05311037,化學系,碩士班(日間),1,1,0,0.56
107,公立,一般大學,0002,國立清華大學,05331038,物理學系,碩士班(日間),1,0,1,0.64
107,公立,一般大學,0002,國立清華大學,05421044,統計學研究所,碩士班(日間),1,1,0,2.08
107,公立,一般大學,0002,國立清華大學,06131053,資訊工程學系,碩士班(日間),4,3,1,1.13
107,公立,一般大學,0002,國立清華大學,06134046,資訊系統與應用研究所,碩士班(日間),7,6,1,5.79
107,公立,一般大學,0002,國立清華大學,07112058,材料科學工程學系,碩士班(日間),1,1,0,0.39
107,公立,一般大學,0002,國立清華大學,07131068,核子工程與科學研究所,碩士班(日間),1,1,0,2.08
107,公立,一般大學,0002,國立清華大學,07141049,電機工程學系,碩士班(日間),6,5,1,1.69
107,公立,一般大學,0002,國立清華大學,07141054,通訊工程研究所,碩士班(日間),1,0,1,0.66
107,公立,一般大學,0002,國立清華大學,07191061,工業工程與工程管理學系,碩士班(日間),5,4,1,2.67
107,公立,一般大學,0002,國立清華大學,05121025,生命科學系,學士班(日間),1,0,1,0.54
107,公立,一般大學,0002,國立清華大學,06131053,資訊工程學系,學士班(日間),2,2,0,0.34
107,公立,一般大學,0002,國立清華大學,07191061,工業工程與工程管理學系,學士班(日間),1,0,1,0.35
107,公立,一般大學,0002,國立清華大學,99999075,清華學院學士班,學士班(日間),3,1,2,3.13
107,公立,一般大學,0002,國立清華大學,01111084,教育與學習科技學系,博士班,10,3,7,15.15
107,公立,一般大學,0002,國立清華大學,02322003,中國文學系,博士班,6,2,4,9.23
107,公立,一般大學,0002,國立清華大學,02399005,語言學研究所,博士班,3,0,3,18.75
107,公立,一般大學,0002,國立清華大學,03111011,經濟學系,博士班,6,3,3,23.08
107,公立,一般大學,0002,國立清華大學,03141012,社會學研究所,博士班,3,3,0,15.79
107,公立,一般大學,0002,國立清華大學,05121026,生物科技研究所,博士班,1,1,0,2.22
107,公立,一般大學,0002,國立清華大學,05331038,物理學系,博士班,3,2,1,5.26
107,公立,一般大學,0002,國立清華大學,05411043,數學系,博士班,2,2,0,11.11
107,公立,一般大學,0002,國立清華大學,06131053,資訊工程學系,博士班,2,1,1,3.23
107,公立,一般大學,0002,國立清華大學,06134046,資訊系統與應用研究所,博士班,1,0,1,5.88
107,公立,一般大學,0002,國立清華大學,07132066,工程與系統科學系,博士班,3,3,0,3.33
107,公立,一般大學,0003,國立臺灣大學,02311007,外國語文學系,學士班(日間),1,0,1,0.18
107,公立,一般大學,0003,國立臺灣大學,03121016,政治學系,學士班(日間),1,0,1,0.13
107,公立,一般大學,0003,國立臺灣大學,03131019,心理學系,學士班(日間),1,0,1,0.34
107,公立,一般大學,0003,國立臺灣大學,03222025,圖書資訊學系,學士班(日間),1,0,1,0.52
107,公立,一般大學,0003,國立臺灣大學,04131031,國際企業學系,學士班(日間),1,0,1,0.27
107,公立,一般大學,0003,國立臺灣大學,02222013,人類學系,博士班,3,2,1,17.65
107,公立,一般大學,0003,國立臺灣大學,02322006,中國文學系,博士班,1,1,0,2.44
107,公立,一般大學,0003,國立臺灣大學,03141018,社會學系,博士班,1,0,1,7.69
107,公立,一般大學,0003,國立臺灣大學,03142021,地理環境資源學系,博士班,1,0,1,4.76
107,公立,一般大學,0003,國立臺灣大學,03191023,國家發展研究所,博士班,4,3,1,6.06
107,公立,一般大學,0003,國立臺灣大學,03222025,圖書資訊學系,博士班,1,1,0,5.56
107,公立,一般大學,0003,國立臺灣大學,04131026,商學研究所,博士班,1,1,0,2.56
107,公立,一般大學,0003,國立臺灣大學,04131031,國際企業學系,博士班,2,2,0,4.44
107,公立,一般大學,0003,國立臺灣大學,05311051,化學系,博士班,5,4,1,4.00
107,公立,一般大學,0003,國立臺灣大學,05331054,物理學系,博士班,2,2,0,1.98
107,公立,一般大學,0003,國立臺灣大學,07111077,高分子科學與工程學研究所,博士班,1,1,0,2.86
107,公立,一般大學,0003,國立臺灣大學,07112078,材料科學與工程學系,博士班,2,2,0,2.44
107,公立,一般大學,0003,國立臺灣大學,07141065,電子工程學研究所,博士班,3,3,0,2.54
107,公立,一般大學,0003,國立臺灣大學,07141066,光電工程學研究所,博士班,2,1,1,3.70
107,公立,一般大學,0003,國立臺灣大學,07191079,工業工程學研究所,博士班,4,4,0,20.00
107,公立,一般大學,0003,國立臺灣大學,07194071,應用力學研究所,博士班,1,1,0,3.23
107,公立,一般大學,0003,國立臺灣大學,07313086,建築與城鄉研究所,博士班,4,2,2,9.76
107,公立,一般大學,0003,國立臺灣大學,07321074,土木工程學系,博士班,1,1,0,0.83
107,公立,一般大學,0003,國立臺灣大學,06131062,資訊管理學系,學士班(日間),2,0,2,0.93
107,公立,一般大學,0003,國立臺灣大學,08193096,農業經濟學系,學士班(日間),2,1,1,1.17
107,公立,一般大學,0003,國立臺灣大學,09191122,公共衛生學系,學士班(日間),1,1,0,0.63
107,公立,一般大學,0003,國立臺灣大學,02311007,外國語文學系,博士班,1,0,1,6.25
107,公立,一般大學,0003,國立臺灣大學,03121016,政治學系,博士班,3,1,2,6.12
107,公立,一般大學,0003,國立臺灣大學,03131019,心理學系,博士班,1,1,0,2.44
107,公立,一般大學,0003,國立臺灣大學,04111027,會計學系,博士班,1,0,1,5.56
107,公立,一般大學,0003,國立臺灣大學,04211035,法律學系,博士班,2,0,2,3.85
107,公立,一般大學,0003,國立臺灣大學,05121046,分子與細胞生物學研究所,博士班,1,1,0,12.50
107,公立,一般大學,0003,國立臺灣大學,08193098,生物產業傳播暨發展學系,博士班,1,0,1,5.00
107,公立,一般大學,0003,國立臺灣大學,08311103,漁業科學研究所,博士班,1,1,0,8.33
107,公立,一般大學,0003,國立臺灣大學,09121130,藥理學研究所,博士班,1,0,1,4.76
107,公立,一般大學,0003,國立臺灣大學,09161129,藥學系,博士班,1,1,0,4.00
107,公立,一般大學,0003,國立臺灣大學,09231144,社會工作學系,博士班,1,1,0,4.76
107,公立,一般大學,0003,國立臺灣大學,02151002,音樂學研究所,碩士班(日間),4,1,3,14.81
107,公立,一般大學,0003,國立臺灣大學,02191004,藝術史研究所,碩士班(日間),5,2,3,11.63
107,公立,一般大學,0003,國立臺灣大學,02222013,人類學系,碩士班(日間),5,2,3,12.50
107,公立,一般大學,0003,國立臺灣大學,02311007,外國語文學系,碩士班(日間),2,0,2,3.28
107,公立,一般大學,0003,國立臺灣大學,02311009,日本語文學系,碩士班(日間),3,0,3,6.98
107,公立,一般大學,0003,國立臺灣大學,02321005,臺灣文學研究所,碩士班(日間),1,0,1,2.63
107,公立,一般大學,0003,國立臺灣大學,02322006,中國文學系,碩士班(日間),10,1,9,13.16
107,公立,一般大學,0003,國立臺灣大學,02399011,語言學研究所,碩士班(日間),1,1,0,2.86
107,公立,一般大學,0003,國立臺灣大學,03121016,政治學系,碩士班(日間),13,9,4,9.92
107,公立,一般大學,0003,國立臺灣大學,04111027,會計學系,碩士班(日間),7,3,4,6.42
107,公立,一般大學,0003,國立臺灣大學,04131026,商學研究所,碩士班(日間),4,2,2,2.90
107,公立,一般大學,0003,國立臺灣大學,04131031,國際企業學系,碩士班(日間),10,5,5,6.62
107,公立,一般大學,0003,國立臺灣大學,04134022,公共事務研究所,碩士班(日間),6,2,4,10.34
107,公立,一般大學,0003,國立臺灣大學,05111038,生命科學系,碩士班(日間),5,1,4,7.58
107,公立,一般大學,0003,國立臺灣大學,05111040,植物科學研究所,碩士班(日間),1,0,1,1.43
107,公立,一般大學,0003,國立臺灣大學,05121045,生化科學研究所,碩士班(日間),3,2,1,5.66
107,公立,一般大學,0003,國立臺灣大學,06131067,資訊工程學系,博士班,1,1,0,0.96
107,公立,一般大學,0003,國立臺灣大學,07141064,電機工程學系,博士班,4,3,1,4.88
107,公立,一般大學,0003,國立臺灣大學,07141068,電信工程學研究所,博士班,2,2,0,2.70
107,公立,一般大學,0003,國立臺灣大學,07151069,機械工程學系,博士班,1,1,0,0.92
107,公立,一般大學,0003,國立臺灣大學,07193081,生醫電子與資訊學研究所,博士班,1,1,0,1.45
107,公立,一般大學,0003,國立臺灣大學,08121091,園藝暨景觀學系,博士班,1,0,1,2.94
107,公立,一般大學,0003,國立臺灣大學,08191100,農業化學系,博士班,1,1,0,5.56
107,公立,一般大學,0003,國立臺灣大學,08211102,森林環境暨資源學系,博士班,1,1,0,4.35
107,公立,一般大學,0003,國立臺灣大學,08411104,獸醫學系,博士班,2,0,2,6.67
107,公立,一般大學,0003,國立臺灣大學,01131001,華語教學碩士學位學程,碩士班(日間),3,0,3,5.56
107,公立,一般大學,0003,國立臺灣大學,02152003,戲劇學系,碩士班(日間),9,1,8,27.27
107,公立,一般大學,0003,國立臺灣大學,02221012,歷史學系,碩士班(日間),5,5,0,5.75
107,公立,一般大學,0003,國立臺灣大學,02231014,哲學系,碩士班(日間),7,4,3,15.91
107,公立,一般大學,0003,國立臺灣大學,02312010,翻譯碩士學位學程,碩士班(日間),3,1,2,7.69
107,公立,一般大學,0003,國立臺灣大學,03111015,經濟學系,碩士班(日間),3,1,2,2.52
107,公立,一般大學,0003,國立臺灣大學,03131019,心理學系,碩士班(日間),9,0,9,6.82
107,公立,一般大學,0003,國立臺灣大學,03141018,社會學系,碩士班(日間),4,2,2,8.51
107,公立,一般大學,0003,國立臺灣大學,03142021,地理環境資源學系,碩士班(日間),7,5,2,10.94
107,公立,一般大學,0003,國立臺灣大學,03191023,國家發展研究所,碩士班(日間),8,5,3,3.70
107,公立,一般大學,0003,國立臺灣大學,03212024,新聞研究所,碩士班(日間),13,6,7,14.29
107,公立,一般大學,0003,國立臺灣大學,03222025,圖書資訊學系,碩士班(日間),6,2,4,10.71
107,公立,一般大學,0003,國立臺灣大學,04121032,財務金融學系,碩士班(日間),11,6,5,7.43
107,公立,一般大學,0003,國立臺灣大學,04131028,管理學院企業管理碩士專班,碩士班(日間),1,1,0,0.71
107,公立,一般大學,0003,國立臺灣大學,05321052,地質科學系,碩士班(日間),2,1,1,2.67
107,公立,一般大學,0003,國立臺灣大學,05321053,氣候變遷與永續發展國際碩士學位學程,碩士班(日間),1,0,1,3.45
107,公立,一般大學,0003,國立臺灣大學,06131062,資訊管理學系,碩士班(日間),4,2,2,3.54
107,公立,一般大學,0003,國立臺灣大學,06131067,資訊工程學系,碩士班(日間),15,12,3,4.87
107,公立,一般大學,0003,國立臺灣大學,07112078,材料科學與工程學系,碩士班(日間),3,2,1,1.97
107,公立,一般大學,0003,國立臺灣大學,07141065,電子工程學研究所,碩士班(日間),8,7,1,2.07
107,公立,一般大學,0003,國立臺灣大學,07151069,機械工程學系,碩士班(日間),13,11,2,3.10
107,公立,一般大學,0003,國立臺灣大學,07151082,工程科學及海洋工程學系,碩士班(日間),4,3,1,2.04
107,公立,一般大學,0003,國立臺灣大學,07193083,醫學工程學研究所,碩士班(日間),3,1,2,2.61
107,公立,一般大學,0003,國立臺灣大學,07211099,食品科技研究所,碩士班(日間),9,2,7,8.49
107,公立,一般大學,0003,國立臺灣大學,07321074,土木工程學系,碩士班(日間),20,13,7,5.42
107,公立,一般大學,0003,國立臺灣大學,07321075,生物環境系統工程學系,碩士班(日間),2,1,1,2.86
107,公立,一般大學,0003,國立臺灣大學,08121091,園藝暨景觀學系,碩士班(日間),7,2,5,4.73
107,公立,一般大學,0003,國立臺灣大學,08193098,生物產業傳播暨發展學系,碩士班(日間),3,0,3,8.57
107,公立,一般大學,0003,國立臺灣大學,08311103,漁業科學研究所,碩士班(日間),1,1,0,3.13
107,公立,一般大學,0003,國立臺灣大學,09121048,微生物學研究所,碩士班(日間),1,1,0,1.30
107,公立,一般大學,0003,國立臺灣大學,09121130,藥理學研究所,碩士班(日間),1,0,1,2.56
107,公立,一般大學,0003,國立臺灣大學,09141136,醫學檢驗暨生物技術學系,碩士班(日間),3,1,2,5.08
107,公立,一般大學,0003,國立臺灣大學,09191122,公共衛生碩士學位學程,碩士班(日間),1,1,0,1.06
107,公立,一般大學,0003,國立臺灣大學,09191123,職業醫學與工業衛生研究所,碩士班(日間),2,1,1,4.88
107,公立,一般大學,0003,國立臺灣大學,09191126,流行病學與預防醫學研究所,碩士班(日間),2,0,2,2.20
107,公立,一般大學,0003,國立臺灣大學,09191128,健康行為與社區科學研究所,碩士班(日間),1,1,0,4.76
107,公立,一般大學,0003,國立臺灣大學,09231144,社會工作學系,碩士班(日間),4,1,3,7.27
107,公立,一般大學,0003,國立臺灣大學,04211035,法律學系,碩士班(日間),19,11,8,3.90
107,公立,一般大學,0003,國立臺灣大學,05121046,分子與細胞生物學研究所,碩士班(日間),1,1,0,1.52
107,公立,一般大學,0003,國立臺灣大學,05121151,生化科技學系,碩士班(日間),1,0,1,0.94
107,公立,一般大學,0003,國立臺灣大學,05311051,化學系,碩士班(日間),6,3,3,3.02
107,公立,一般大學,0003,國立臺灣大學,05322056,大氣科學系,碩士班(日間),1,1,0,2.38
107,公立,一般大學,0003,國立臺灣大學,05331054,物理學系,碩士班(日間),6,5,1,3.14
107,公立,一般大學,0003,國立臺灣大學,06131063,資訊網路與多媒體研究所,碩士班(日間),9,7,2,8.91
107,公立,一般大學,0003,國立臺灣大學,07111076,化學工程學系,碩士班(日間),4,3,1,1.83
107,公立,一般大學,0003,國立臺灣大學,07111077,高分子科學與工程學研究所,碩士班(日間),3,3,0,4.84
107,公立,一般大學,0003,國立臺灣大學,07121080,環境工程學研究所,碩士班(日間),8,3,5,7.08
107,公立,一般大學,0003,國立臺灣大學,07141064,電機工程學系,碩士班(日間),12,12,0,5.48
107,公立,一般大學,0003,國立臺灣大學,07141066,光電工程學研究所,碩士班(日間),6,6,0,2.45
107,公立,一般大學,0003,國立臺灣大學,07141068,電信工程學研究所,碩士班(日間),1,1,0,0.36
107,公立,一般大學,0003,國立臺灣大學,07151072,生物產業機電工程學系,碩士班(日間),2,2,0,1.92
107,公立,一般大學,0003,國立臺灣大學,07193081,生醫電子與資訊學研究所,碩士班(日間),3,1,2,2.68
107,公立,一般大學,0003,國立臺灣大學,07313086,建築與城鄉研究所,碩士班(日間),15,4,11,13.51
107,公立,一般大學,0003,國立臺灣大學,08112089,動物科學技術學系,碩士班(日間),1,1,0,2.13
107,公立,一般大學,0003,國立臺灣大學,08194094,植物病理與微生物學系,碩士班(日間),2,1,1,3.64
107,公立,一般大學,0003,國立臺灣大學,08211102,森林環境暨資源學系,碩士班(日間),1,1,0,0.84
107,公立,一般大學,0003,國立臺灣大學,08411104,獸醫學系,碩士班(日間),1,1,0,3.03
107,公立,一般大學,0003,國立臺灣大學,09121110,免疫學研究所,碩士班(日間),1,0,1,3.57
107,公立,一般大學,0003,國立臺灣大學,09191127,健康政策與管理研究所,碩士班(日間),4,2,2,5.13
107,公立,一般大學,0003,國立臺灣大學,09199141,毒理學研究所,碩士班(日間),1,0,1,4.55
107,公立,一般大學,0003,國立臺灣大學,02221012,歷史學系,學士班(日間),1,0,1,0.39
107,公立,一般大學,0003,國立臺灣大學,03111015,經濟學系,學士班(日間),1,0,1,0.17
107,公立,一般大學,0003,國立臺灣大學,08191100,農業化學系,學士班(日間),2,2,0,1.25
107,公立,一般大學,0003,國立臺灣大學,08194094,植物病理與微生物學系,學士班(日間),1,0,1,0.79
107,公立,一般大學,0003,國立臺灣大學,08211102,森林環境暨資源學系,學士班(日間),1,1,0,0.37
107,公立,一般大學,0003,國立臺灣大學,08411104,獸醫學系,學士班(日間),1,0,1,0.28
107,公立,一般大學,0003,國立臺灣大學,02151002,音樂學研究所,博士班,1,1,0,10.00
107,公立,一般大學,0003,國立臺灣大學,02221012,歷史學系,博士班,2,1,1,4.08
107,公立,一般大學,0004,國立臺灣師範大學,01111001,教育學系,學士班(日間),3,0,3,1.15
107,公立,一般大學,0004,國立臺灣師範大學,02311033,英語學系,學士班(日間),4,1,3,1.19
107,公立,一般大學,0004,國立臺灣師範大學,03131003,教育心理與輔導學系,學士班(日間),1,0,1,0.52
107,公立,一般大學,0004,國立臺灣師範大學,04131051,企業管理學系,學士班(日間),3,2,1,1.25
107,公立,一般大學,0004,國立臺灣師範大學,05331061,物理學系,學士班(日間),1,1,0,0.39
107,公立,一般大學,0004,國立臺灣師範大學,01111001,教育學系,博士班,4,2,2,4.88
107,公立,一般大學,0004,國立臺灣師範大學,01113018,特殊教育學系,博士班,4,1,3,9.30
107,公立,一般大學,0004,國立臺灣師範大學,01141007,人類發展與家庭學系,博士班,3,1,2,6.82
107,公立,一般大學,0004,國立臺灣師範大學,01141017,健康促進與衛生教育學系,博士班,2,0,2,4.44
107,公立,一般大學,0004,國立臺灣師範大學,02112037,設計學系,博士班,5,1,4,27.78
107,公立,一般大學,0004,國立臺灣師範大學,02151024,音樂學系,博士班,2,0,2,6.06
107,公立,一般大學,0004,國立臺灣師範大學,10152077,運動休閒與餐旅管理研究所,博士班,2,0,2,8.33
107,公立,一般大學,0004,國立臺灣師範大學,01111001,教育學系,碩士班(日間),6,1,5,7.23
107,公立,一般大學,0004,國立臺灣師範大學,01113018,特殊教育學系,碩士班(日間),3,0,3,5.08
107,公立,一般大學,0004,國立臺灣師範大學,01131017,健康促進與衛生教育學系,碩士班(日間),3,0,3,5.08
107,公立,一般大學,0004,國立臺灣師範大學,01141007,人類發展與家庭學系,碩士班(日間),4,0,4,4.40
107,公立,一般大學,0004,國立臺灣師範大學,01141015,體育學系,碩士班(日間),3,2,1,2.44
107,公立,一般大學,0004,國立臺灣師範大學,02112037,設計學系,碩士班(日間),4,2,2,4.40
107,公立,一般大學,0004,國立臺灣師範大學,02311033,英語學系,碩士班(日間),1,0,1,0.80
107,公立,一般大學,0004,國立臺灣師範大學,02312034,翻譯研究所,碩士班(日間),1,0,1,1.20
107,公立,一般大學,0004,國立臺灣師範大學,02322029,國文學系,碩士班(日間),7,2,5,6.03
107,公立,一般大學,0004,國立臺灣師範大學,03131003,教育心理與輔導學系,碩士班(日間),3,0,3,2.38
107,公立,一般大學,0004,國立臺灣師範大學,03211048,大眾傳播研究所,碩士班(日間),5,2,3,5.26
107,公立,一般大學,0004,國立臺灣師範大學,03214050,圖文傳播學系,碩士班(日間),3,1,2,4.35
107,公立,一般大學,0004,國立臺灣師範大學,04131047,全球經營與策略研究所,碩士班(日間),1,0,1,1.72
107,公立,一般大學,0004,國立臺灣師範大學,04131052,管理研究所,碩士班(日間),3,1,2,4.11
107,公立,一般大學,0004,國立臺灣師範大學,01115002,課程與教學研究所,碩士班(日間),3,0,3,5.56
107,公立,一般大學,0004,國立臺灣師範大學,01131004,公民教育與活動領導學系,碩士班(日間),2,1,1,2.30
107,公立,一般大學,0004,國立臺灣師範大學,01131009,社會教育學系,碩士班(日間),2,1,1,2.78
107,公立,一般大學,0004,國立臺灣師範大學,02131023,美術學系,碩士班(日間),6,1,5,4.84
107,公立,一般大學,0004,國立臺灣師範大學,02151024,音樂學系,碩士班(日間),4,1,3,3.54
107,公立,一般大學,0004,國立臺灣師範大學,02151025,民族音樂研究所,碩士班(日間),1,0,1,1.67
107,公立,一般大學,0004,國立臺灣師範大學,02152027,表演藝術研究所,碩士班(日間),3,2,1,3.37
107,公立,一般大學,0004,國立臺灣師範大學,02191026,藝術史研究所,碩士班(日間),3,1,2,7.14
107,公立,一般大學,0004,國立臺灣師範大學,02313005,華語文教學系,碩士班(日間),3,0,3,1.78
107,公立,一般大學,0004,國立臺灣師範大學,03222049,圖書資訊學研究所,碩士班(日間),1,0,1,1.79
107,公立,一般大學,0004,國立臺灣師範大學,05111056,生命科學系,碩士班(日間),1,1,0,1.08
107,公立,一般大學,0004,國立臺灣師範大學,10141074,運動競技學系,碩士班(日間),1,1,0,1.27
107,公立,一般大學,0004,國立臺灣師範大學,10152077,運動休閒與餐旅管理研究所,碩士班(日間),4,2,2,3.96
107,公立,一般大學,0004,國立臺灣師範大學,09231071,社會工作學研究所,碩士班(日間),3,1,2,4.23
107,公立,一般大學,0004,國立臺灣師範大學,02131023,美術學系,學士班(日間),4,1,3,2.17
107,公立,一般大學,0004,國立臺灣師範大學,03143042,東亞學系,學士班(日間),1,1,0,0.48
107,公立,一般大學,0004,國立臺灣師範大學,05111056,生命科學系,學士班(日間),1,1,0,0.42
107,公立,一般大學,0004,國立臺灣師範大學,01141015,體育學系,博士班,4,2,2,3.57
107,公立,一般大學,0004,國立臺灣師範大學,02131023,美術學系,博士班,6,2,4,5.26
107,公立,一般大學,0004,國立臺灣師範大學,02313005,華語文教學系,博士班,3,0,3,8.57
107,公立,一般大學,0004,國立臺灣師範大學,02322029,國文學系,博士班,4,0,4,5.41
107,公立,一般大學,0004,國立臺灣師範大學,03131003,教育心理與輔導學系,博士班,3,1,2,4.35
107,公立,一般大學,0004,國立臺灣師範大學,03143042,東亞學系,博士班,1,0,1,14.29
107,公立,一般大學,0004,國立臺灣師範大學,05321060,地球科學系,博士班,1,0,1,4.55
107,公立,一般大學,0004,國立臺灣師範大學,05411062,數學系,博士班,1,1,0,5.26
107,公立,一般大學,0005,國立成功大學,02311108,外國語文學系,學士班(日間),1,0,1,0.38
107,公立,一般大學,0005,國立成功大學,02321106,台灣文學系,學士班(日間),1,1,0,0.55
107,公立,一般大學,0005,國立成功大學,03131117,心理學系,學士班(日間),2,1,1,0.73
107,公立,一般大學,0005,國立成功大學,07141032,電機工程學系,學士班(日間),2,2,0,0.31
107,公立,一般大學,0005,國立成功大學,07151042,機械工程學系,學士班(日間),3,3,0,0.47
107,公立,一般大學,0005,國立成功大學,07311075,建築學系,學士班(日間),3,0,3,1.02
107,公立,一般大學,0005,國立成功大學,02221110,歷史學系,博士班,2,1,1,6.90
107,公立,一般大學,0005,國立成功大學,02311108,外國語文學系,博士班,1,1,0,6.67
107,公立,一般大學,0005,國立成功大學,07313076,都市計劃學系,學士班(日間),1,0,1,0.55
107,公立,一般大學,0005,國立成功大學,10411098,交通管理科學系,學士班(日間),1,0,1,0.45
107,公立,一般大學,0005,國立成功大學,02122112,創意產業設計研究所,博士班,6,2,4,19.35
107,公立,一般大學,0005,國立成功大學,02123113,工業設計學系,博士班,10,6,4,17.54
107,公立,一般大學,0005,國立成功大學,02322107,中國文學系,博士班,3,1,2,6.98
107,公立,一般大學,0005,國立成功大學,03121115,政治學系政治經濟學博士班,博士班,4,3,1,15.38
107,公立,一般大學,0005,國立成功大學,04199057,工業與資訊管理學系,博士班,1,1,0,5.26
107,公立,一般大學,0005,國立成功大學,04212001,法律學系,博士班,7,4,3,25.00
107,公立,一般大學,0005,國立成功大學,07141032,電機工程學系,博士班,2,1,1,1.64
107,公立,一般大學,0005,國立成功大學,05421029,統計學系,博士班,1,0,1,14.29
107,公立,一般大學,0005,國立成功大學,06131036,資訊工程學系,博士班,3,1,2,4.17
107,公立,一般大學,0005,國立成功大學,06131037,電腦與通信工程研究所,博士班,1,1,0,2.78
107,公立,一般大學,0005,國立成功大學,07141035,光電科學與工程學系,博士班,1,0,1,2.13
107,公立,一般大學,0005,國立成功大學,07313076,都市計劃學系,博士班,5,4,1,26.32
107,公立,一般大學,0005,國立成功大學,01111103,教育研究所,碩士班(日間),2,1,1,3.57
107,公立,一般大學,0005,國立成功大學,02222111,考古學研究所,碩士班(日間),1,0,1,2.94
107,公立,一般大學,0005,國立成功大學,02322107,中國文學系中國文學碩士班,碩士班(日間),7,0,7,13.21
107,公立,一般大學,0005,國立成功大學,03111114,經濟學系,碩士班(日間),3,1,2,11.11
107,公立,一般大學,0005,國立成功大學,04111120,會計學系,碩士班(日間),1,0,1,1.22
107,公立,一般大學,0005,國立成功大學,04131124,國際企業研究所,碩士班(日間),1,0,1,1.30
107,公立,一般大學,0005,國立成功大學,04212001,法律學系,碩士班(日間),2,2,0,1.13
107,公立,一般大學,0005,國立成功大學,05321019,地球科學系,碩士班(日間),2,0,2,3.85
107,公立,一般大學,0005,國立成功大學,06131037,電腦與通信工程研究所,碩士班(日間),1,1,0,0.38
107,公立,一般大學,0005,國立成功大學,06131095,醫學資訊研究所,碩士班(日間),1,0,1,3.03
107,公立,一般大學,0005,國立成功大學,07121070,環境工程學系,碩士班(日間),1,0,1,1.10
107,公立,一般大學,0005,國立成功大學,07141033,微電子工程研究所,博士班,1,1,0,2.17
107,公立,一般大學,0005,國立成功大學,07151042,機械工程學系,博士班,5,4,1,8.33
107,公立,一般大學,0005,國立成功大學,07311075,建築學系,博士班,7,5,2,11.86
107,公立,一般大學,0005,國立成功大學,07321049,土木工程學系,博士班,2,1,1,5.41
107,公立,一般大學,0005,國立成功大學,02122112,創意產業設計研究所,碩士班(日間),5,0,5,10.64
107,公立,一般大學,0005,國立成功大學,02123113,工業設計學系,碩士班(日間),4,2,2,4.17
107,公立,一般大學,0005,國立成功大學,02152051,戲劇碩士學位學程,碩士班(日間),2,1,1,15.38
107,公立,一般大學,0005,國立成功大學,02191104,藝術研究所,碩士班(日間),8,0,8,14.55
107,公立,一般大學,0005,國立成功大學,02221110,歷史學系,碩士班(日間),3,2,1,6.82
107,公立,一般大學,0005,國立成功大學,03121115,政治學系政治經濟學碩士班,碩士班(日間),1,1,0,2.56
107,公立,一般大學,0005,國立成功大學,03131117,心理學系,碩士班(日間),4,2,2,10.81
107,公立,一般大學,0005,國立成功大學,04121126,財務金融研究所,碩士班(日間),1,0,1,1.59
107,公立,一般大學,0005,國立成功大學,04131121,企業管理學系,碩士班(日間),4,1,3,3.60
107,公立,一般大學,0005,國立成功大學,04131122,經營管理碩士學位學程(AMBA),碩士班(日間),1,0,1,1.85
107,公立,一般大學,0005,國立成功大學,05111003,生命科學系,碩士班(日間),2,1,1,3.64
107,公立,一般大學,0005,國立成功大學,07141041,製造資訊與系統研究所,碩士班(日間),1,1,0,1.96
107,公立,一般大學,0005,國立成功大學,07141071,工程科學系,碩士班(日間),2,1,1,1.03
107,公立,一般大學,0005,國立成功大學,07151042,機械工程學系,碩士班(日間),2,2,0,0.54
107,公立,一般大學,0005,國立成功大學,07313076,都市計劃學系,碩士班(日間),9,6,3,7.83
107,公立,一般大學,0005,國立成功大學,07321049,土木工程學系,碩士班(日間),2,2,0,0.84
107,公立,一般大學,0005,國立成功大學,09111096,口腔醫學研究所,碩士班(日間),1,0,1,4.17
107,公立,一般大學,0005,國立成功大學,09151082,物理治療學系,碩士班(日間),2,0,2,8.00
107,公立,一般大學,0005,國立成功大學,03111114,經濟學系,學士班(日間),1,0,1,0.39
107,公立,一般大學,0005,國立成功大學,05311017,化學系,學士班(日間),1,1,0,0.43
107,公立,一般大學,0005,國立成功大學,05421029,統計學系,碩士班(日間),3,1,2,6.25
107,公立,一般大學,0005,國立成功大學,06131036,資訊工程學系,碩士班(日間),10,9,1,3.48
107,公立,一般大學,0005,國立成功大學,07111050,化學工程學系,碩士班(日間),1,1,0,0.41
107,公立,一般大學,0005,國立成功大學,07112063,材料科學及工程學系,碩士班(日間),3,2,1,1.23
107,公立,一般大學,0005,國立成功大學,07122026,水利及海洋工程學系,碩士班(日間),1,1,0,1.01
107,公立,一般大學,0005,國立成功大學,07193061,生物醫學工程學系,碩士班(日間),1,1,0,1.02
107,公立,一般大學,0005,國立成功大學,07311075,建築學系,碩士班(日間),9,4,5,4.69
107,公立,一般大學,0005,國立成功大學,07322067,測量及空間資訊學系,碩士班(日間),1,1,0,1.45
107,公立,一般大學,0005,國立成功大學,09141094,醫學檢驗生物技術學系,碩士班(日間),1,0,1,2.38
107,公立,一般大學,0005,國立成功大學,10152097,體育健康與休閒研究所,碩士班(日間),2,2,0,4.76
107,公立,一般大學,0005,國立成功大學,10411098,交通管理科學系,碩士班(日間),2,2,0,2.33
107,公立,一般大學,0006,國立中興大學,02311006,外國語文學系,學士班(日間),1,0,1,0.39
107,公立,一般大學,0006,國立中興大學,08193078,國際農企業學士學位學程,學士班(日間),2,2,0,2.15
107,公立,一般大學,0006,國立中興大學,04121019,財務金融學系,博士班,1,1,0,4.76
107,公立,一般大學,0006,國立中興大學,04143020,行銷學系,碩士班(日間),3,1,2,5.56
107,公立,一般大學,0006,國立中興大學,05121033,分子生物學研究所,碩士班(日間),1,0,1,1.89
107,公立,一般大學,0006,國立中興大學,07312061,景觀與遊憩學士學位學程,學士班(日間),1,0,1,1.33
107,公立,一般大學,0006,國立中興大學,07321054,土木工程學系,學士班(日間),1,1,0,0.26
107,公立,一般大學,0006,國立中興大學,08411087,獸醫學系,學士班(日間),4,0,4,1.01
107,公立,一般大學,0006,國立中興大學,02322005,中國文學系,博士班,2,1,1,5.71
107,公立,一般大學,0006,國立中興大學,02322005,中國文學系,碩士班(日間),5,2,3,7.94
107,公立,一般大學,0006,國立中興大學,04131016,企業管理學系,碩士班(日間),2,0,2,2.99
107,公立,一般大學,0006,國立中興大學,04134011,國家政策與公共事務研究所,碩士班(日間),3,1,2,13.64
107,公立,一般大學,0006,國立中興大學,07193060,生醫工程研究所,碩士班(日間),1,1,0,3.85
107,公立,一般大學,0006,國立中興大學,08411087,獸醫學系,碩士班(日間),6,1,5,8.22
107,公立,一般大學,0006,國立中興大學,02221007,歷史學系,學士班(日間),1,1,0,0.41
107,公立,一般大學,0006,國立中興大學,04121019,財務金融學系,學士班(日間),3,1,2,1.19
107,公立,一般大學,0006,國立中興大學,04131016,企業管理學系,學士班(日間),1,1,0,0.41
107,公立,一般大學,0006,國立中興大學,05331040,物理學系,學士班(日間),1,1,0,0.44
107,公立,一般大學,0006,國立中興大學,07112057,材料科學與工程學系,學士班(日間),1,1,0,0.54
107,公立,一般大學,0006,國立中興大學,07121059,環境工程學系,學士班(日間),1,1,0,0.50
107,公立,一般大學,0006,國立中興大學,07211081,食品暨應用生物科技學系,碩士班(日間),1,0,1,1.02
107,公立,一般大學,0007,國立陽明交通大學,04121020,資訊管理與財務金融學系,學士班(日間),5,4,1,2.76
107,公立,一般大學,0007,國立陽明交通大學,07141050,電機工程學系,學士班(日間),3,2,1,0.41
107,公立,一般大學,0007,國立陽明交通大學,07141051,電子工程學系,學士班(日間),3,3,0,0.87
107,公立,一般大學,0007,國立陽明交通大學,10411086,運輸與物流管理學系,學士班(日間),2,2,0,1.02
107,公立,一般大學,0007,國立陽明交通大學,02122004,應用藝術研究所,博士班,3,2,1,10.00
107,公立,一般大學,0007,國立陽明交通大學,04121020,資訊管理與財務金融學系財務金融博士班,博士班,8,4,4,27.59
107,公立,一般大學,0007,國立陽明交通大學,04131018,管理科學系,博士班,1,0,1,4.55
107,公立,一般大學,0007,國立陽明交通大學,07112072,材料科學與工程學系,博士班,2,1,1,1.37
107,公立,一般大學,0007,國立陽明交通大學,07141053,電子研究所,博士班,4,3,1,2.61
107,公立,一般大學,0007,國立陽明交通大學,07321071,土木工程學系,博士班,2,1,1,3.57
107,公立,一般大學,0007,國立陽明交通大學,01111001,教育研究所,碩士班(日間),1,1,0,1.30
107,公立,一般大學,0007,國立陽明交通大學,02151003,音樂研究所,碩士班(日間),6,1,5,9.09
107,公立,一般大學,0007,國立陽明交通大學,02299009,亞際文化研究國際碩士學位學程(台灣聯合大學系統),碩士班(日間),1,1,0,5.56
107,公立,一般大學,0007,國立陽明交通大學,02299010,社會與文化研究所,碩士班(日間),5,2,3,12.82
107,公立,一般大學,0007,國立陽明交通大學,04121020,資訊管理與財務金融學系財務金融碩士班,碩士班(日間),25,18,7,23.36
107,公立,一般大學,0007,國立陽明交通大學,04199023,科技管理研究所,碩士班(日間),4,2,2,9.52
107,公立,一般大學,0007,國立陽明交通大學,05331041,電子物理學系,碩士班(日間),1,1,0,0.60
107,公立,一般大學,0007,國立陽明交通大學,05411045,應用數學系,碩士班(日間),1,0,1,1.82
107,公立,一般大學,0007,國立陽明交通大學,05421047,統計學研究所,碩士班(日間),3,1,2,6.00
107,公立,一般大學,0007,國立陽明交通大學,06121060,網路工程研究所,碩士班(日間),1,1,0,0.83
107,公立,一般大學,0007,國立陽明交通大學,06133082,聲音與音樂創意科技碩士學位學程,碩士班(日間),1,0,1,6.25
107,公立,一般大學,0007,國立陽明交通大學,07141064,電控工程研究所,博士班,1,1,0,2.00
107,公立,一般大學,0007,國立陽明交通大學,07151070,機械工程學系,博士班,1,1,0,1.39
107,公立,一般大學,0007,國立陽明交通大學,10411086,運輸與物流管理學系,博士班,1,1,0,4.76
107,公立,一般大學,0007,國立陽明交通大學,02122004,應用藝術研究所,碩士班(日間),10,4,6,13.70
107,公立,一般大學,0007,國立陽明交通大學,02299008,人文社會學系族群與文化碩士班,碩士班(日間),1,0,1,3.03
107,公立,一般大學,0007,國立陽明交通大學,03211014,傳播研究所,碩士班(日間),11,5,6,15.71
107,公立,一般大學,0007,國立陽明交通大學,03211015,傳播與科技學系,碩士班(日間),4,0,4,8.51
107,公立,一般大學,0007,國立陽明交通大學,04131018,管理科學系,碩士班(日間),7,1,6,8.86
107,公立,一般大學,0007,國立陽明交通大學,04212027,科技法律研究所,碩士班(日間),3,2,1,2.88
107,公立,一般大學,0007,國立陽明交通大學,05121028,生物科技學系,碩士班(日間),1,1,0,1.06
107,公立,一般大學,0007,國立陽明交通大學,05311036,應用化學系,碩士班(日間),2,2,0,1.07
107,公立,一般大學,0007,國立陽明交通大學,06131061,資訊科學與工程研究所,碩士班(日間),7,6,1,1.86
107,公立,一般大學,0007,國立陽明交通大學,06131092,數據科學與工程研究所,碩士班(日間),2,0,2,4.26
107,公立,一般大學,0007,國立陽明交通大學,06132049,多媒體工程研究所,碩士班(日間),3,2,1,2.38
107,公立,一般大學,0007,國立陽明交通大學,07121076,環境工程研究所,碩士班(日間),3,3,0,4.00
107,公立,一般大學,0007,國立陽明交通大學,07141050,電機工程學系,碩士班(日間),10,10,0,7.35
107,公立,一般大學,0007,國立陽明交通大學,07141053,電子研究所,碩士班(日間),4,4,0,0.77
107,公立,一般大學,0007,國立陽明交通大學,07141055,光電工程學系,碩士班(日間),1,1,0,0.42
107,公立,一般大學,0007,國立陽明交通大學,07141064,電控工程研究所,碩士班(日間),2,2,0,0.85
107,公立,一般大學,0007,國立陽明交通大學,07193079,影像與生醫光電研究所,碩士班(日間),1,1,0,1.25
107,公立,一般大學,0007,國立陽明交通大學,07311085,建築研究所,碩士班(日間),1,1,0,1.41
107,公立,一般大學,0007,國立陽明交通大學,10411086,運輸與物流管理學系物流管理碩士班,碩士班(日間),3,1,2,6.38
107,公立,一般大學,0007,國立陽明交通大學,07112072,材料科學與工程學系,碩士班(日間),2,1,1,1.35
107,公立,一般大學,0007,國立陽明交通大學,07132081,照明與能源光電研究所,碩士班(日間),3,3,0,3.57
107,公立,一般大學,0007,國立陽明交通大學,07141062,電信工程研究所,碩士班(日間),3,3,0,1.13
107,公立,一般大學,0007,國立陽明交通大學,07151070,機械工程學系,碩士班(日間),2,2,0,0.69
107,公立,一般大學,0007,國立陽明交通大學,07191075,工業工程與管理學系,碩士班(日間),2,2,0,1.59
107,公立,一般大學,0007,國立陽明交通大學,07321071,土木工程學系,碩士班(日間),3,2,1,1.37
107,公立,一般大學,0007,國立陽明交通大學,05331041,電子物理學系,學士班(日間),1,1,0,0.47
107,公立,一般大學,0007,國立陽明交通大學,06131058,資訊工程學系,學士班(日間),2,0,2,0.26
107,公立,一般大學,0007,國立陽明交通大學,07321071,土木工程學系,學士班(日間),2,1,1,0.59
107,公立,一般大學,0007,國立陽明交通大學,02299010,社會與文化研究所,博士班,10,3,7,21.28
107,公立,一般大學,0007,國立陽明交通大學,04212027,科技法律研究所,博士班,1,1,0,5.88
107,公立,一般大學,0007,國立陽明交通大學,06131061,資訊科學與工程研究所,博士班,3,3,0,1.84
107,公立,一般大學,0007,國立陽明交通大學,07121076,環境工程研究所,博士班,2,1,1,7.41
107,公立,一般大學,0007,國立陽明交通大學,07141062,電信工程研究所,博士班,2,2,0,3.39
107,公立,一般大學,0008,國立中央大學,02322006,中國文學系,學士班(日間),1,0,1,0.49
107,公立,一般大學,0008,國立中央大學,06131059,資訊工程學系,學士班(日間),4,0,4,0.85
107,公立,一般大學,0008,國立中央大學,07141057,光電科學與工程學系,學士班(日間),1,1,0,0.57
107,公立,一般大學,0008,國立中央大學,07151064,機械工程學系,學士班(日間),2,2,0,0.35
107,公立,一般大學,0008,國立中央大學,07321067,土木工程學系,學士班(日間),2,2,0,0.54
107,公立,一般大學,0008,國立中央大學,02231011,哲學研究所,博士班,1,1,0,3.13
107,公立,一般大學,0008,國立中央大學,03131017,認知神經科學研究所,博士班,1,0,1,7.69
107,公立,一般大學,0008,國立中央大學,04131023,企業管理學系,博士班,9,6,3,9.78
107,公立,一般大學,0008,國立中央大學,06131059,資訊工程學系,博士班,1,1,0,1.28
107,公立,一般大學,0008,國立中央大學,07112070,材料科學與工程研究所,博士班,1,0,1,6.25
107,公立,一般大學,0008,國立中央大學,02191004,藝術學研究所,碩士班(日間),2,1,1,6.90
107,公立,一般大學,0008,國立中央大學,02231011,哲學研究所,碩士班(日間),1,1,0,4.00
107,公立,一般大學,0008,國立中央大學,01115001,學習與教學研究所,博士班,1,0,1,3.85
107,公立,一般大學,0008,國立中央大學,02322006,中國文學系,博士班,4,1,3,9.52
107,公立,一般大學,0008,國立中央大學,05323039,水文與海洋科學研究所,博士班,2,1,1,20.00
107,公立,一般大學,0008,國立中央大學,06131053,資訊管理學系,博士班,1,1,0,7.14
107,公立,一般大學,0008,國立中央大學,07141055,電機工程學系,博士班,1,1,0,1.82
107,公立,一般大學,0008,國立中央大學,07321067,土木工程學系,博士班,1,1,0,2.08
107,公立,一般大學,0008,國立中央大學,02221010,歷史研究所,碩士班(日間),1,0,1,3.13
107,公立,一般大學,0008,國立中央大學,02299012,亞際文化研究國際碩士學位學程(台灣聯合大學系統),碩士班(日間),1,0,1,7.69
107,公立,一般大學,0008,國立中央大學,04131023,企業管理學系,碩士班(日間),5,4,1,3.97
107,公立,一般大學,0008,國立中央大學,05411051,數學系,碩士班(日間),1,1,0,1.49
107,公立,一般大學,0008,國立中央大學,05421052,統計研究所,碩士班(日間),2,2,0,3.85
107,公立,一般大學,0008,國立中央大學,06131053,資訊管理學系,碩士班(日間),1,1,0,0.86
107,公立,一般大學,0008,國立中央大學,06131059,資訊工程學系,碩士班(日間),8,7,1,3.02
107,公立,一般大學,0008,國立中央大學,02311007,英美語文學系,碩士班(日間),1,0,1,4.17
107,公立,一般大學,0008,國立中央大學,02322006,中國文學系,碩士班(日間),6,3,3,10.00
107,公立,一般大學,0008,國立中央大學,03131017,認知神經科學研究所,碩士班(日間),1,0,1,5.00
107,公立,一般大學,0008,國立中央大學,04111022,會計研究所,碩士班(日間),4,2,2,12.12
107,公立,一般大學,0008,國立中央大學,04121024,財務金融學系,碩士班(日間),4,2,2,5.88
107,公立,一般大學,0008,國立中央大學,04199027,人力資源管理研究所,碩士班(日間),5,1,4,8.77
107,公立,一般大學,0008,國立中央大學,04211030,法律與政府研究所,碩士班(日間),1,0,1,2.33
107,公立,一般大學,0008,國立中央大學,05331042,物理學系,碩士班(日間),1,1,0,1.15
107,公立,一般大學,0008,國立中央大學,07111069,化學工程與材料工程學系,碩士班(日間),1,1,0,0.72
107,公立,一般大學,0008,國立中央大學,07141060,通訊工程學系,碩士班(日間),3,3,0,2.31
107,公立,一般大學,0008,國立中央大學,07193074,生醫科學與工程學系生物醫學工程碩士班,碩士班(日間),1,1,0,2.08
107,公立,一般大學,0008,國立中央大學,07321028,營建管理研究所,碩士班(日間),3,3,0,9.38
107,公立,一般大學,0008,國立中央大學,04121024,財務金融學系,學士班(日間),5,2,3,1.90
107,公立,一般大學,0008,國立中央大學,04131023,企業管理學系,學士班(日間),3,0,3,0.72
107,公立,一般大學,0008,國立中央大學,07141055,電機工程學系,碩士班(日間),5,5,0,1.72
107,公立,一般大學,0008,國立中央大學,07151064,機械工程學系,碩士班(日間),1,1,0,0.38
107,公立,一般大學,0008,國立中央大學,07191026,工業管理研究所,碩士班(日間),1,1,0,1.39
107,公立,一般大學,0008,國立中央大學,07321067,土木工程學系,碩士班(日間),2,2,0,0.99
107,公立,一般大學,0009,國立中山大學,04121024,財務管理學系,學士班(日間),1,0,1,0.47
107,公立,一般大學,0009,國立中山大學,04131021,企業管理學系,學士班(日間),1,0,1,0.28
107,公立,一般大學,0009,國立中山大學,05111033,生物科學系,學士班(日間),1,0,1,0.49
107,公立,一般大學,0009,國立中山大學,05311037,化學系,學士班(日間),1,1,0,0.47
107,公立,一般大學,0009,國立中山大學,05323047,海洋科學系,學士班(日間),2,1,1,1.60
107,公立,一般大學,0009,國立中山大學,07112063,材料與光電科學學系,學士班(日間),1,1,0,0.49
107,公立,一般大學,0009,國立中山大學,02322005,中國文學系,博士班,4,0,4,14.29
107,公立,一般大學,0009,國立中山大學,03121011,政治學研究所,博士班,1,1,0,3.33
107,公立,一般大學,0009,國立中山大學,03143016,中國與亞太區域研究所,博士班,1,0,1,1.32
107,公立,一般大學,0009,國立中山大學,04121024,財務管理學系,博士班,2,1,1,10.00
107,公立,一般大學,0009,國立中山大學,05323047,海洋科學系,博士班,1,1,0,8.33
107,公立,一般大學,0009,國立中山大學,07121064,環境工程研究所,博士班,1,0,1,3.03
107,公立,一般大學,0009,國立中山大學,02151002,音樂學系,碩士班(日間),1,0,1,2.08
107,公立,一般大學,0009,國立中山大學,02231008,哲學研究所,碩士班(日間),2,2,0,8.00
107,公立,一般大學,0009,國立中山大學,02311006,外國語文學系,碩士班(日間),1,0,1,1.72
107,公立,一般大學,0009,國立中山大學,04121024,財務管理學系,碩士班(日間),6,2,4,6.82
107,公立,一般大學,0009,國立中山大學,04131021,企業管理學系企業管理碩士班,碩士班(日間),1,0,1,0.44
107,公立,一般大學,0009,國立中山大學,04131028,人力資源管理研究所,碩士班(日間),1,0,1,1.49
107,公立,一般大學,0009,國立中山大學,07151061,機械與機電工程學系,碩士班(日間),1,1,0,0.55
107,公立,一般大學,0009,國立中山大學,02322005,中國文學系,碩士班(日間),8,2,6,15.69
107,公立,一般大學,0009,國立中山大學,03111009,經濟學研究所,碩士班(日間),1,1,0,1.72
107,公立,一般大學,0009,國立中山大學,03121011,政治學研究所,碩士班(日間),1,1,0,2.22
107,公立,一般大學,0009,國立中山大學,04199025,行銷傳播管理研究所,碩士班(日間),6,3,3,8.57
107,公立,一般大學,0009,國立中山大學,06131052,資訊管理學系,碩士班(日間),2,2,0,2.02
107,公立,一般大學,0009,國立中山大學,07122065,海洋環境及工程學系,碩士班(日間),2,2,0,3.70
107,公立,一般大學,0009,國立中山大學,07141055,資訊工程學系,碩士班(日間),2,2,0,0.94
107,公立,一般大學,0009,國立中山大學,02322005,中國文學系,學士班(日間),4,1,3,2.14
107,公立,一般大學,0009,國立中山大學,03141013,社會學系,學士班(日間),1,0,1,0.67
107,公立,一般大學,0009,國立中山大學,06131052,資訊管理學系,學士班(日間),2,2,0,1.01
107,公立,一般大學,0009,國立中山大學,07151061,機械與機電工程學系,學士班(日間),3,3,0,0.68
107,公立,一般大學,0009,國立中山大學,01111001,教育研究所,博士班,1,1,0,2.00
107,公立,一般大學,0009,國立中山大學,04131021,企業管理學系,博士班,1,1,0,1.20
107,公立,一般大學,0009,國立中山大學,04131028,人力資源管理研究所,博士班,2,0,2,3.77
107,公立,一般大學,0012,國立臺灣海洋大學,05121018,海洋生物科技學士學位學程,學士班(日間),1,1,0,1.82
107,公立,一般大學,0012,國立臺灣海洋大學,07122041,海洋工程科技學士學位學程,學士班(日間),1,1,0,1.89
107,公立,一般大學,0012,國立臺灣海洋大學,10411050,運輸科學系,學士班(日間),2,2,0,0.50
107,公立,一般大學,0012,國立臺灣海洋大學,10412048,航運管理學系,學士班(日間),2,0,2,0.42
107,公立,一般大學,0012,國立臺灣海洋大學,07122041,海洋工程科技博士學位學程,博士班,4,1,3,80.00
107,公立,一般大學,0012,國立臺灣海洋大學,07151036,機械與機電工程學系,學士班(日間),5,5,0,1.33
107,公立,一般大學,0012,國立臺灣海洋大學,07211042,食品科學系,學士班(日間),3,0,3,0.71
107,公立,一般大學,0012,國立臺灣海洋大學,04212009,海洋法律研究所,博士班,1,0,1,4.17
107,公立,一般大學,0012,國立臺灣海洋大學,05323017,海洋生物研究所,博士班,2,1,1,12.50
107,公立,一般大學,0012,國立臺灣海洋大學,04212009,海洋法律研究所,碩士班(日間),1,0,1,1.69
107,公立,一般大學,0012,國立臺灣海洋大學,10412048,航運管理學系,碩士班(日間),1,0,1,1.27
107,公立,一般大學,0012,國立臺灣海洋大學,04199056,海洋經營管理學士學位學程,學士班(日間),1,1,0,1.61
107,公立,一般大學,0012,國立臺灣海洋大學,05121014,生命科學暨生物科技學系,學士班(日間),1,0,1,0.49
107,公立,一般大學,0012,國立臺灣海洋大學,10412048,航運管理學系,博士班,1,1,0,2.63
107,公立,一般大學,0013,國立中正大學,02231016,哲學系,學士班(日間),1,1,0,0.50
107,公立,一般大學,0013,國立中正大學,02311012,外國語文學系,學士班(日間),1,0,1,0.45
107,公立,一般大學,0013,國立中正大學,04111032,會計與資訊科技學系,學士班(日間),1,0,1,0.43
107,公立,一般大學,0013,國立中正大學,04121034,財務金融學系,學士班(日間),1,0,1,0.32
107,公立,一般大學,0013,國立中正大學,04211039,法律學系,學士班(日間),1,0,1,0.29
107,公立,一般大學,0013,國立中正大學,07111061,化學工程學系,學士班(日間),1,1,0,0.51
107,公立,一般大學,0013,國立中正大學,07141054,電機工程學系,學士班(日間),1,1,0,0.32
107,公立,一般大學,0013,國立中正大學,07141056,通訊工程學系,學士班(日間),1,1,0,0.55
107,公立,一般大學,0013,國立中正大學,07151058,機械工程學系,學士班(日間),1,0,1,0.26
107,公立,一般大學,0013,國立中正大學,02221015,歷史學系,博士班,3,3,0,9.38
107,公立,一般大學,0013,國立中正大學,03199026,犯罪防治學系,博士班,2,2,0,4.88
107,公立,一般大學,0013,國立中正大學,04211039,法律學系,博士班,5,3,2,9.43
107,公立,一般大學,0013,國立中正大學,09231063,社會福利學系,博士班,2,2,0,10.00
107,公立,一般大學,0013,國立中正大學,04111032,會計與資訊科技學系,碩士班(日間),1,1,0,1.72
107,公立,一般大學,0013,國立中正大學,04211039,法律學系,碩士班(日間),1,1,0,0.61
107,公立,一般大學,0013,國立中正大學,04212040,財經法律學系,碩士班(日間),3,2,1,3.06
107,公立,一般大學,0013,國立中正大學,07141054,電機工程學系,碩士班(日間),2,2,0,0.67
107,公立,一般大學,0013,國立中正大學,03131019,心理學系,博士班,1,0,1,6.67
107,公立,一般大學,0013,國立中正大學,04131033,企業管理學系,博士班,1,1,0,2.04
107,公立,一般大學,0013,國立中正大學,01111001,教育學研究所課程與教學碩士班,碩士班(日間),1,0,1,4.35
107,公立,一般大學,0013,國立中正大學,02322011,中國文學系,碩士班(日間),1,1,0,3.13
107,公立,一般大學,0013,國立中正大學,04131033,企業管理學系行銷管理碩士班,碩士班(日間),2,0,2,6.67
107,公立,一般大學,0013,國立中正大學,06131053,資訊管理學系醫療資訊管理碩士班,碩士班(日間),1,1,0,3.57
107,公立,一般大學,0013,國立中正大學,06131055,資訊工程學系,碩士班(日間),1,1,0,0.39
107,公立,一般大學,0013,國立中正大學,02322011,中國文學系,學士班(日間),1,1,0,0.56
107,公立,一般大學,0013,國立中正大學,03131019,心理學系,學士班(日間),1,1,0,0.46
107,公立,一般大學,0013,國立中正大學,04131033,企業管理學系,學士班(日間),1,0,1,0.30
107,公立,一般大學,0013,國立中正大學,04212040,財經法律學系,學士班(日間),2,1,1,0.93
107,公立,一般大學,0014,國立高雄師範大學,02112022,視覺設計學系,學士班(日間),3,0,3,1.65
107,公立,一般大學,0014,國立高雄師範大學,02322019,國文學系,學士班(日間),2,0,2,0.57
107,公立,一般大學,0014,國立高雄師範大學,04131032,事業經營學系,學士班(日間),3,1,2,2.26
107,公立,一般大學,0014,國立高雄師範大學,07141041,電子工程學系,學士班(日間),3,2,1,1.84
107,公立,一般大學,0014,國立高雄師範大學,02311021,英語學系,學士班(日間),2,0,2,0.60
107,公立,一般大學,0014,國立高雄師範大學,05411038,數學系,學士班(日間),3,3,0,1.01
107,公立,一般大學,0014,國立高雄師範大學,01111001,教育學系,博士班,2,1,1,2.63
107,公立,一般大學,0014,國立高雄師範大學,01112009,成人教育研究所,博士班,3,2,1,6.00
107,公立,一般大學,0014,國立高雄師範大學,01113010,特殊教育學系特殊教育博士班,博士班,1,0,1,3.13
107,公立,一般大學,0014,國立高雄師範大學,01141006,科學教育暨環境教育研究所科學教育博士班,博士班,2,2,0,3.70
107,公立,一般大學,0014,國立高雄師範大學,02112022,視覺設計學系,碩士班(日間),1,0,1,1.75
107,公立,一般大學,0014,國立高雄師範大學,04131032,事業經營學系,碩士班(日間),2,2,0,7.14
107,公立,一般大學,0014,國立高雄師範大學,02131012,美術學系,碩士班(日間),8,3,5,9.41
107,公立,一般大學,0015,國立彰化師範大學,01113012,特殊教育學系,碩士班(日間),1,0,1,1.82
107,公立,一般大學,0015,國立彰化師範大學,04111028,會計學系,學士班(日間),5,1,4,1.43
107,公立,一般大學,0015,國立彰化師範大學,04131029,企業管理學系,學士班(日間),4,2,2,1.80
107,公立,一般大學,0015,國立彰化師範大學,01113012,特殊教育學系,博士班,2,1,1,5.71
107,公立,一般大學,0015,國立彰化師範大學,03131025,輔導與諮商學系,博士班,6,0,6,13.64
107,公立,一般大學,0015,國立彰化師範大學,04121031,財務金融技術學系,博士班,1,0,1,1.56
107,公立,一般大學,0015,國立彰化師範大學,04121031,財務金融技術學系,學士班(日間),4,1,3,2.55
107,公立,一般大學,0015,國立彰化師範大學,06131040,資訊管理學系,學士班(日間),6,4,2,2.99
107,公立,一般大學,0015,國立彰化師範大學,02322019,國文學系,博士班,1,1,0,2.70
107,公立,一般大學,0015,國立彰化師範大學,07141042,電機工程學系,博士班,2,0,2,6.06
107,公立,一般大學,0015,國立彰化師範大學,02131017,美術學系,碩士班(日間),2,0,2,5.71
107,公立,一般大學,0016,國立陽明大學,05121007,生命科學系暨基因體科學研究所,學士班(日間),8,4,4,8.51
107,公立,一般大學,0016,國立陽明大學,09141057,醫學生物技術暨檢驗學系,學士班(日間),2,0,2,1.53
107,公立,一般大學,0016,國立陽明大學,05124013,生物醫學資訊研究所,博士班,1,0,1,2.50
107,公立,一般大學,0016,國立陽明大學,05123011,生化暨分子生物研究所,碩士班(日間),1,1,0,1.64
107,公立,一般大學,0016,國立陽明大學,07193019,生醫光電研究所,碩士班(日間),1,1,0,1.59
107,公立,一般大學,0017,國立臺北大學,04122023,財政學系,學士班(日間),1,0,1,0.34
107,公立,一般大學,0017,國立臺北大學,04131018,企業管理學系,學士班(日間),3,2,1,0.60
107,公立,一般大學,0017,國立臺北大學,04131018,企業管理學系,博士班,6,2,4,7.69
107,公立,一般大學,0017,國立臺北大學,04134013,公共行政暨政策學系,博士班,2,0,2,11.76
107,公立,一般大學,0017,國立臺北大學,04134024,不動產與城鄉環境學系,博士班,1,0,1,5.00
107,公立,一般大學,0017,國立臺北大學,03111009,經濟學系,學士班(日間),1,1,0,0.20
107,公立,一般大學,0017,國立臺北大學,04111017,會計學系,學士班(日間),3,0,3,0.59
107,公立,一般大學,0017,國立臺北大學,04121022,金融與合作經營學系,學士班(日間),4,1,3,1.77
107,公立,一般大學,0017,國立臺北大學,04134024,不動產與城鄉環境學系,學士班(日間),1,0,1,0.20
107,公立,一般大學,0017,國立臺北大學,07141035,電機工程學系,學士班(日間),3,1,2,1.83
107,公立,一般大學,0017,國立臺北大學,04211028,法律學系,博士班,5,2,3,14.71
107,公立,一般大學,0017,國立臺北大學,07313039,都市計劃研究所,博士班,2,1,1,16.67
107,公立,一般大學,0017,國立臺北大學,02299008,民俗藝術與文化資產研究所,碩士班(日間),1,1,0,3.13
107,公立,一般大學,0017,國立臺北大學,02322002,中國文學系,碩士班(日間),1,1,0,3.33
107,公立,一般大學,0017,國立臺北大學,04131018,企業管理學系,碩士班(日間),8,3,5,3.64
107,公立,一般大學,0017,國立臺北大學,04211028,法律學系,碩士班(日間),4,2,2,1.36
107,公立,一般大學,0017,國立臺北大學,06134034,資訊管理研究所,碩士班(日間),1,1,0,2.94
107,公立,一般大學,0017,國立臺北大學,06111038,電機資訊學院博士班,博士班,1,1,0,7.69
107,公立,一般大學,0017,國立臺北大學,04121022,金融與合作經營學系,碩士班(日間),3,1,2,8.82
107,公立,一般大學,0017,國立臺北大學,04131019,國際企業研究所,碩士班(日間),1,0,1,3.85
107,公立,一般大學,0017,國立臺北大學,04134024,不動產與城鄉環境學系,碩士班(日間),1,1,0,1.89
107,公立,一般大學,0017,國立臺北大學,06131036,資訊工程學系,碩士班(日間),1,1,0,1.56
107,公立,一般大學,0018,國立嘉義大學,08111077,農業科學博士學位學程,博士班,1,1,0,2.44
107,公立,一般大學,0018,國立嘉義大學,02322029,中國文學系,學士班(日間),6,2,4,2.78
107,公立,一般大學,0018,國立嘉義大學,10152113,體育與健康休閒學系,碩士班(日間),1,1,0,2.27
107,公立,一般大學,0019,國立高雄大學,02199005,創意設計與建築學系,學士班(日間),3,2,1,1.88
107,公立,一般大學,0019,國立高雄大學,04131009,亞太工商管理學系,學士班(日間),1,0,1,0.40
107,公立,一般大學,0019,國立高雄大學,04212016,財經法律學系,學士班(日間),1,0,1,0.58
107,公立,一般大學,0019,國立高雄大學,04212017,政治法律學系,學士班(日間),1,1,0,0.47
107,公立,一般大學,0019,國立高雄大學,05411024,應用數學系,學士班(日間),1,1,0,0.49
107,公立,一般大學,0019,國立高雄大學,04121011,金融管理學系,碩士班(日間),1,0,1,3.03
107,公立,一般大學,0019,國立高雄大學,06131026,資訊管理學系,碩士班(日間),1,1,0,3.45
107,公立,一般大學,0019,國立高雄大學,03111006,應用經濟學系,學士班(日間),1,1,0,0.43
107,公立,一般大學,0019,國立高雄大學,05311022,應用化學系,學士班(日間),1,0,1,0.53
107,公立,一般大學,0019,國立高雄大學,06131028,資訊工程學系,學士班(日間),2,1,1,1.10
107,公立,一般大學,0019,國立高雄大學,04211018,法學院博士班,博士班,1,0,1,11.11
107,公立,一般大學,0019,國立高雄大學,02311002,西洋語文學系,學士班(日間),1,0,1,0.53
107,公立,一般大學,0020,國立東華大學,02121019,藝術與設計學系,學士班(日間),6,4,2,2.76
107,公立,一般大學,0020,國立東華大學,02191022,藝術創意產業學系,學士班(日間),1,0,1,0.45
107,公立,一般大學,0020,國立東華大學,02311029,英美語文學系,學士班(日間),3,0,3,1.32
107,公立,一般大學,0020,國立東華大學,04121061,財務金融學系,學士班(日間),3,1,2,1.29
107,公立,一般大學,0020,國立東華大學,06131086,資訊工程學系,學士班(日間),2,2,0,0.60
107,公立,一般大學,0020,國立東華大學,07141083,電機工程學系,學士班(日間),1,1,0,0.44
107,公立,一般大學,0020,國立東華大學,01111001,教育與潛能開發學系教育博士班,博士班,5,0,5,6.67
107,公立,一般大學,0020,國立東華大學,02322025,中國語文學系,博士班,1,1,0,2.04
107,公立,一般大學,0020,國立東華大學,05211094,自然資源與環境學系,學士班(日間),2,1,1,0.88
107,公立,一般大學,0020,國立東華大學,01111001,教育與潛能開發學系多元文化教育博士班,博士班,1,0,1,4.17
107,公立,一般大學,0020,國立東華大學,04131059,企業管理學系,博士班,3,3,0,5.36
107,公立,一般大學,0020,國立東華大學,02121019,藝術與設計學系,碩士班(日間),2,1,1,3.70
107,公立,一般大學,0020,國立東華大學,04121061,財務金融學系,碩士班(日間),1,1,0,2.86
107,公立,一般大學,0020,國立東華大學,02191022,藝術創意產業學系,碩士班(日間),1,1,0,1.72
107,公立,一般大學,0021,國立暨南國際大學,01111001,國際文教與比較教育學系,學士班(日間),1,0,1,0.47
107,公立,一般大學,0021,國立暨南國際大學,04121025,財務金融學系,學士班(日間),1,0,1,0.38
107,公立,一般大學,0021,國立暨南國際大學,06131030,資訊管理學系,學士班(日間),1,1,0,0.40
107,公立,一般大學,0021,國立暨南國際大學,06131034,資訊工程學系,學士班(日間),1,1,0,0.45
107,公立,一般大學,0021,國立暨南國際大學,07321035,土木工程學系,學士班(日間),4,3,1,1.92
107,公立,一般大學,0021,國立暨南國際大學,03111016,經濟學系,學士班(日間),1,1,0,0.39
107,公立,一般大學,0021,國立暨南國際大學,01111001,國際文教與比較教育學系,博士班,1,0,1,2.86
107,公立,一般大學,0021,國立暨南國際大學,03131004,諮商心理與人力資源發展學系輔導與諮商博士班,博士班,1,0,1,4.55
107,公立,一般大學,0021,國立暨南國際大學,04131026,新興產業策略與發展博士學位學程,博士班,2,1,1,3.39
107,公立,一般大學,0021,國立暨南國際大學,09231038,社會政策與社會工作學系,博士班,4,3,1,13.33
107,公立,一般大學,0021,國立暨南國際大學,04121025,財務金融學系,碩士班(日間),3,1,2,7.69
107,公立,技專校院,0022,國立臺灣科技大學,02122004,設計系,學士班(日間),2,2,0,0.42
107,公立,技專校院,0022,國立臺灣科技大學,02311003,應用外語系,學士班(日間),6,0,6,2.49
107,公立,技專校院,0022,國立臺灣科技大學,04131008,企業管理系,學士班(日間),50,18,32,11.04
107,公立,技專校院,0022,國立臺灣科技大學,07151023,機械工程系,學士班(日間),1,1,0,0.15
107,公立,技專校院,0022,國立臺灣科技大學,07311038,建築系,學士班(日間),4,2,2,1.37
107,公立,技專校院,0022,國立臺灣科技大學,06131016,資訊管理系,學士班(日間),6,4,2,2.27
107,公立,技專校院,0022,國立臺灣科技大學,06131020,資訊工程系,學士班(日間),12,9,3,3.57
107,公立,技專校院,0022,國立臺灣科技大學,07141017,電機工程系,學士班(日間),3,2,1,0.59
107,公立,技專校院,0022,國立臺灣科技大學,07141018,電子工程系,學士班(日間),18,17,1,3.62
107,公立,技專校院,0022,國立臺灣科技大學,07191012,工業管理系,學士班(日間),1,1,0,0.31
107,公立,技專校院,0022,國立臺灣科技大學,07141018,電子工程系,博士班,3,2,1,3.57
107,公立,技專校院,0022,國立臺灣科技大學,07151024,自動化及控制研究所,博士班,1,1,0,6.67
107,公立,技專校院,0022,國立臺灣科技大學,07311038,建築系,博士班,4,3,1,5.80
107,公立,技專校院,0022,國立臺灣科技大學,07321025,營建工程系,博士班,1,1,0,1.82
107,公立,技專校院,0022,國立臺灣科技大學,01116002,數位學習與教育研究所,碩士班(日間),1,1,0,1.45
107,公立,技專校院,0022,國立臺灣科技大學,02122004,設計系,碩士班(日間),16,6,10,12.21
107,公立,技專校院,0022,國立臺灣科技大學,02311003,應用外語系,碩士班(日間),1,0,1,2.13
107,公立,技專校院,0022,國立臺灣科技大學,04131008,企業管理系,碩士班(日間),10,6,4,5.68
107,公立,技專校院,0022,國立臺灣科技大學,04199011,科技管理研究所,碩士班(日間),1,1,0,2.86
107,公立,技專校院,0022,國立臺灣科技大學,07151023,機械工程系,碩士班(日間),3,2,1,0.70
107,公立,技專校院,0022,國立臺灣科技大學,01116002,數位學習與教育研究所,博士班,2,2,0,9.09
107,公立,技專校院,0022,國立臺灣科技大學,02122004,設計系,博士班,15,5,10,28.85
107,公立,技專校院,0022,國立臺灣科技大學,06131016,資訊管理系,博士班,1,1,0,1.64
107,公立,技專校院,0022,國立臺灣科技大學,06131020,資訊工程系,博士班,1,1,0,2.63
107,公立,技專校院,0022,國立臺灣科技大學,07111026,化學工程系,博士班,1,1,0,1.47
107,公立,技專校院,0022,國立臺灣科技大學,07112028,材料科學與工程系,博士班,1,1,0,1.14
107,公立,技專校院,0022,國立臺灣科技大學,07141019,光電工程研究所,博士班,2,1,1,18.18
107,公立,技專校院,0022,國立臺灣科技大學,04121010,財務金融研究所,碩士班(日間),6,3,3,8.70
107,公立,技專校院,0022,國立臺灣科技大學,06131016,資訊管理系,碩士班(日間),2,2,0,1.40
107,公立,技專校院,0022,國立臺灣科技大學,06131020,資訊工程系,碩士班(日間),9,8,1,3.21
107,公立,技專校院,0022,國立臺灣科技大學,07111026,化學工程系,碩士班(日間),1,0,1,0.39
107,公立,技專校院,0022,國立臺灣科技大學,07112028,材料科學與工程系,碩士班(日間),1,1,0,0.60
107,公立,技專校院,0022,國立臺灣科技大學,07141017,電機工程系,碩士班(日間),4,4,0,1.21
107,公立,技專校院,0022,國立臺灣科技大學,07141018,電子工程系,碩士班(日間),2,1,1,0.45
107,公立,技專校院,0022,國立臺灣科技大學,07141019,光電工程研究所,碩士班(日間),2,2,0,4.35
107,公立,技專校院,0022,國立臺灣科技大學,07141022,色彩與照明科技研究所,碩士班(日間),1,1,0,3.45
107,公立,技專校院,0022,國立臺灣科技大學,07151024,自動化及控制研究所,碩士班(日間),3,3,0,5.56
107,公立,技專校院,0022,國立臺灣科技大學,07191012,工業管理系,碩士班(日間),2,2,0,1.41
107,公立,技專校院,0022,國立臺灣科技大學,07311038,建築系,碩士班(日間),8,2,6,6.11
107,公立,技專校院,0023,國立雲林科技大學,02112011,視覺傳達設計系,學士班(日間),3,0,3,1.23
107,公立,技專校院,0023,國立雲林科技大學,02122009,創意生活設計系,學士班(日間),11,1,10,1.96
107,公立,技專校院,0023,國立雲林科技大學,02123014,工業設計系,學士班(日間),1,0,1,0.48
107,公立,技專校院,0023,國立雲林科技大學,04111018,會計系,學士班(日間),8,4,4,1.78
107,公立,技專校院,0023,國立雲林科技大學,04121024,財務金融系,學士班(日間),1,1,0,0.45
107,公立,技專校院,0023,國立雲林科技大學,04131019,企業管理系,學士班(日間),29,17,12,8.43
107,公立,技專校院,0023,國立雲林科技大學,06131032,資訊管理系,學士班(日間),9,8,1,2.47
107,公立,技專校院,0023,國立雲林科技大學,07121049,環境與安全衛生工程系,學士班(日間),3,2,1,0.60
107,公立,技專校院,0023,國立雲林科技大學,07191048,工業工程與管理系,學士班(日間),2,1,1,0.47
107,公立,技專校院,0023,國立雲林科技大學,07311016,建築與室內設計系,學士班(日間),6,1,5,2.70
107,公立,技專校院,0023,國立雲林科技大學,07321043,營建工程系,學士班(日間),8,5,3,1.29
107,公立,技專校院,0023,國立雲林科技大學,04121024,財務金融系,博士班,1,1,0,5.00
107,公立,技專校院,0023,國立雲林科技大學,04131019,企業管理系,博士班,2,1,1,3.08
107,公立,技專校院,0023,國立雲林科技大學,02111013,數位媒體設計系,碩士班(日間),1,1,0,1.35
107,公立,技專校院,0023,國立雲林科技大學,02122007,設計學研究所,碩士班(日間),1,0,1,2.08
107,公立,技專校院,0023,國立雲林科技大學,02122007,設計學研究所,博士班,23,9,14,20.72
107,公立,技專校院,0023,國立雲林科技大學,02112011,視覺傳達設計系,碩士班(日間),1,0,1,1.37
107,公立,技專校院,0023,國立雲林科技大學,02122009,創意生活設計系,碩士班(日間),4,4,0,5.19
107,公立,技專校院,0023,國立雲林科技大學,02123014,工業設計系,碩士班(日間),1,1,0,1.41
107,公立,技專校院,0023,國立雲林科技大學,04131019,企業管理系,碩士班(日間),2,2,0,2.04
107,公立,技專校院,0023,國立雲林科技大學,07311016,建築與室內設計系,碩士班(日間),5,2,3,9.80
107,公立,技專校院,0023,國立雲林科技大學,02112013,數位媒體設計系,學士班(日間),1,0,1,0.32
107,公立,技專校院,0023,國立雲林科技大學,02311004,應用外語系,學士班(日間),7,3,4,1.27
107,公立,技專校院,0023,國立雲林科技大學,01118001,技術及職業教育研究所,博士班,1,1,0,1.54
107,公立,技專校院,0024,國立屏東科技大學,02125003,時尚設計與管理系,學士班(日間),3,0,3,1.20
107,公立,技專校院,0024,國立屏東科技大學,07121025,環境工程與科學系,學士班(日間),1,1,0,0.28
107,公立,技專校院,0024,國立屏東科技大學,09231051,社會工作系,學士班(日間),1,1,0,0.40
107,公立,技專校院,0024,國立屏東科技大學,04131005,企業管理系,學士班(日間),1,1,0,0.27
107,公立,技專校院,0024,國立屏東科技大學,07211037,食品科學系,學士班(日間),1,0,1,0.22
107,公立,技專校院,0024,國立屏東科技大學,08194035,植物醫學系,學士班(日間),1,0,1,0.45
107,公立,技專校院,0024,國立屏東科技大學,08211041,森林系,學士班(日間),1,1,0,0.41
107,公立,技專校院,0024,國立屏東科技大學,08211041,森林系,碩士班(日間),1,0,1,3.57
107,公立,技專校院,0025,國立臺北科技大學,02112007,互動設計系,學士班(日間),22,5,17,7.64
107,公立,技專校院,0025,國立臺北科技大學,02311002,應用英文系,學士班(日間),8,2,6,3.76
107,公立,技專校院,0025,國立臺北科技大學,06131016,資訊與財金管理系,學士班(日間),15,4,11,6.36
107,公立,技專校院,0025,國立臺北科技大學,06131034,資訊工程系,學士班(日間),6,5,1,2.71
107,公立,技專校院,0025,國立臺北科技大學,07111048,化學工程與生物科技系,學士班(日間),2,1,1,0.40
107,公立,技專校院,0025,國立臺北科技大學,07141028,電子工程系,學士班(日間),11,9,2,2.80
107,公立,技專校院,0025,國立臺北科技大學,07151037,機械工程系,學士班(日間),9,9,0,1.54
107,公立,技專校院,0025,國立臺北科技大學,07321045,土木工程系,學士班(日間),16,7,9,3.62
107,公立,技專校院,0025,國立臺北科技大學,01118001,技術及職業教育研究所,博士班,1,1,0,1.49
107,公立,技專校院,0025,國立臺北科技大學,04131020,管理學院管理博士班,博士班,5,5,0,6.58
107,公立,技專校院,0025,國立臺北科技大學,04131011,經營管理系,學士班(日間),18,8,10,7.00
107,公立,技專校院,0025,國立臺北科技大學,07141025,電機工程系,學士班(日間),5,3,2,0.48
107,公立,技專校院,0025,國立臺北科技大學,02122003,設計學院設計博士班,博士班,7,4,3,10.45
107,公立,技專校院,0025,國立臺北科技大學,07121063,環境工程與管理研究所,博士班,1,0,1,5.88
107,公立,技專校院,0025,國立臺北科技大學,07151040,機電學院機電科技博士班,博士班,3,3,0,4.35
107,公立,技專校院,0025,國立臺北科技大學,02112007,互動設計系,碩士班(日間),3,1,2,7.32
107,公立,技專校院,0025,國立臺北科技大學,06131016,資訊與財金管理系,碩士班(日間),1,0,1,2.00
107,公立,技專校院,0025,國立臺北科技大學,06131034,資訊工程系,碩士班(日間),2,2,0,1.49
107,公立,技專校院,0025,國立臺北科技大學,07112057,材料科學與工程研究所,碩士班(日間),1,1,0,1.03
107,公立,技專校院,0025,國立臺北科技大學,07121063,環境工程與管理研究所,碩士班(日間),2,2,0,2.60
107,公立,技專校院,0025,國立臺北科技大學,07141025,電機工程系,碩士班(日間),1,1,0,0.40
107,公立,技專校院,0025,國立臺北科技大學,07141028,電子工程系,碩士班(日間),4,4,0,1.88
107,公立,技專校院,0025,國立臺北科技大學,07141025,電機工程系,博士班,2,1,1,3.51
107,公立,技專校院,0025,國立臺北科技大學,01118001,技術及職業教育研究所,碩士班(日間),1,0,1,1.69
107,公立,技專校院,0025,國立臺北科技大學,02123009,工業設計系創新設計碩士班,碩士班(日間),6,2,4,7.79
107,公立,技專校院,0025,國立臺北科技大學,04131011,經營管理系,碩士班(日間),3,0,3,3.13
107,公立,技專校院,0025,國立臺北科技大學,07151043,製造科技研究所,碩士班(日間),3,3,0,2.38
107,公立,技專校院,0025,國立臺北科技大學,02123009,工業設計系,學士班(日間),9,1,8,3.53
107,公立,技專校院,0025,國立臺北科技大學,07151037,機械工程系機電整合碩士班,碩士班(日間),1,1,0,0.48
107,公立,一般大學,0028,國立臺北藝術大學,02111019,動畫學系,學士班(日間),3,1,2,1.66
107,公立,一般大學,0028,國立臺北藝術大學,02151006,傳統音樂學系,學士班(日間),2,0,2,1.98
107,公立,一般大學,0028,國立臺北藝術大學,02191023,新媒體藝術學系,學士班(日間),4,1,3,2.25
107,公立,一般大學,0028,國立臺北藝術大學,02152008,戲劇學系,博士班,1,0,1,5.88
107,公立,一般大學,0028,國立臺北藝術大學,02111018,電影創作學系,碩士班(日間),7,7,0,9.21
107,公立,一般大學,0028,國立臺北藝術大學,02152008,戲劇學系,碩士班(日間),1,1,0,4.76
107,公立,一般大學,0028,國立臺北藝術大學,02152011,劇場設計學系,碩士班(日間),1,0,1,2.50
107,公立,一般大學,0028,國立臺北藝術大學,03221028,博物館研究所,碩士班(日間),1,0,1,1.64
107,公立,一般大學,0028,國立臺北藝術大學,02111018,電影創作學系,學士班(日間),3,0,3,1.49
107,公立,一般大學,0028,國立臺北藝術大學,02152011,劇場設計學系,學士班(日間),3,0,3,1.79
107,公立,一般大學,0028,國立臺北藝術大學,02152013,舞蹈研究所,博士班,2,2,0,14.29
107,公立,一般大學,0028,國立臺北藝術大學,02191021,文化資源學院文化資產與藝術創新博士班,博士班,3,3,0,18.75
107,公立,一般大學,0028,國立臺北藝術大學,02151006,傳統音樂學系,碩士班(日間),1,0,1,3.57
107,公立,一般大學,0028,國立臺北藝術大學,02152013,舞蹈研究所,碩士班(日間),1,0,1,1.28
107,公立,一般大學,0028,國立臺北藝術大學,02191001,藝術與人文教育研究所,碩士班(日間),3,1,2,6.52
107,公立,一般大學,0028,國立臺北藝術大學,02191023,新媒體藝術學系,碩士班(日間),4,1,3,5.06
107,公立,一般大學,0028,國立臺北藝術大學,02192025,藝術行政與管理研究所,碩士班(日間),6,3,3,5.50
107,公立,一般大學,0028,國立臺北藝術大學,07311030,建築與文化資產研究所,碩士班(日間),5,0,5,8.06
107,公立,一般大學,0029,國立臺灣藝術大學,02131005,書畫藝術學系,學士班(日間),2,0,2,1.34
107,公立,一般大學,0029,國立臺灣藝術大學,02199030,圖文傳播藝術學系,學士班(日間),3,1,2,1.61
107,公立,一般大學,0029,國立臺灣藝術大學,02111032,傳播學院影音創作與數位媒體產業博士班,博士班,2,1,1,25.00
107,公立,一般大學,0029,國立臺灣藝術大學,02122027,創意產業設計研究所,博士班,6,4,2,23.08
107,公立,一般大學,0029,國立臺灣藝術大學,02131003,美術學系當代視覺文化博士班,博士班,1,1,0,12.50
107,公立,一般大學,0029,國立臺灣藝術大學,02192026,藝術管理與文化政策研究所,博士班,4,2,2,12.90
107,公立,一般大學,0029,國立臺灣藝術大學,02111015,電影學系,碩士班(日間),4,0,4,7.84
107,公立,一般大學,0029,國立臺灣藝術大學,02112023,多媒體動畫藝術學系動畫藝術碩士班,碩士班(日間),1,0,1,3.03
107,公立,一般大學,0029,國立臺灣藝術大學,02111015,電影學系,學士班(日間),4,2,2,1.67
107,公立,一般大學,0029,國立臺灣藝術大學,02132006,雕塑學系,學士班(日間),2,0,2,1.20
107,公立,一般大學,0029,國立臺灣藝術大學,02151010,音樂學系,學士班(日間),1,0,1,0.39
107,公立,一般大學,0029,國立臺灣藝術大學,02151011,中國音樂學系,學士班(日間),1,0,1,0.70
107,公立,一般大學,0029,國立臺灣藝術大學,02152012,戲劇學系,學士班(日間),2,1,1,0.98
107,公立,一般大學,0029,國立臺灣藝術大學,02152014,舞蹈學系,學士班(日間),1,0,1,0.61
107,公立,一般大學,0029,國立臺灣藝術大學,03213029,廣播電視學系,學士班(日間),2,1,1,1.03
107,公立,一般大學,0029,國立臺灣藝術大學,02131005,書畫藝術學系,博士班,5,4,1,17.24
107,公立,一般大學,0029,國立臺灣藝術大學,02191018,表演藝術學院表演藝術博士班,博士班,6,3,3,25.00
107,公立,一般大學,0029,國立臺灣藝術大學,02112028,視覺傳達設計學系,碩士班(日間),1,0,1,3.03
107,公立,一般大學,0029,國立臺灣藝術大學,02131003,美術學系版畫藝術碩士班,碩士班(日間),1,0,1,3.33
107,公立,一般大學,0029,國立臺灣藝術大學,02131005,書畫藝術學系,碩士班(日間),3,2,1,5.88
107,公立,一般大學,0029,國立臺灣藝術大學,02141007,工藝設計學系,碩士班(日間),1,0,1,2.50
107,公立,一般大學,0029,國立臺灣藝術大學,02151011,中國音樂學系,碩士班(日間),1,1,0,2.63
107,公立,一般大學,0029,國立臺灣藝術大學,02191017,古蹟藝術修護學系,碩士班(日間),1,1,0,7.14
107,公立,一般大學,0029,國立臺灣藝術大學,03213029,廣播電視學系,碩士班(日間),1,1,0,1.33
107,公立,一般大學,0029,國立臺灣藝術大學,02132006,雕塑學系,碩士班(日間),1,1,0,3.03
107,公立,一般大學,0029,國立臺灣藝術大學,02151010,音樂學系,碩士班(日間),1,0,1,2.50
107,公立,一般大學,0029,國立臺灣藝術大學,02152012,戲劇學系,碩士班(日間),1,1,0,3.33
107,公立,一般大學,0029,國立臺灣藝術大學,02152014,舞蹈學系,碩士班(日間),1,0,1,3.85
107,公立,一般大學,0029,國立臺灣藝術大學,02192026,藝術管理與文化政策研究所,碩士班(日間),1,0,1,2.70
107,公立,一般大學,0029,國立臺灣藝術大學,02199030,圖文傳播藝術學系,碩士班(日間),1,1,0,3.45
107,公立,一般大學,0030,國立臺東大學,05111020,生命科學系,學士班(日間),1,1,0,0.54
107,公立,一般大學,0030,國立臺東大學,02131009,美術產業學系,學士班(日間),1,0,1,0.55
107,公立,一般大學,0030,國立臺東大學,02323013,華語文學系,學士班(日間),1,0,1,0.55
107,公立,一般大學,0030,國立臺東大學,01111001,教育學系教育研究博士班,博士班,1,1,0,5.88
107,公立,一般大學,0030,國立臺東大學,02399016,兒童文學研究所,博士班,2,1,1,7.41
107,公立,一般大學,0031,國立宜蘭大學,03111007,應用經濟與管理學系,學士班(日間),1,0,1,0.28
107,公立,一般大學,0031,國立宜蘭大學,07141013,資訊工程學系,學士班(日間),3,3,0,1.62
107,公立,一般大學,0031,國立宜蘭大學,07121024,環境工程學系,碩士班(日間),1,0,1,3.23
107,公立,一般大學,0031,國立宜蘭大學,07141012,電子工程學系,碩士班(日間),1,1,0,3.13
107,公立,一般大學,0031,國立宜蘭大學,07211033,食品科學系,學士班(日間),2,0,2,0.52
107,公立,一般大學,0031,國立宜蘭大學,07321021,土木工程學系,學士班(日間),2,2,0,0.50
107,公立,一般大學,0032,國立聯合大學,02122005,文化創意與數位行銷學系,學士班(日間),1,0,1,0.56
107,公立,一般大學,0032,國立聯合大學,02323002,華語文學系,學士班(日間),1,0,1,0.50
107,公立,一般大學,0032,國立聯合大學,06131020,資訊工程學系,學士班(日間),1,1,0,0.64
107,公立,一般大學,0032,國立聯合大學,07111028,化學工程學系,學士班(日間),1,1,0,0.30
107,公立,一般大學,0032,國立聯合大學,07121034,環境與安全衛生工程學系,學士班(日間),1,0,1,0.29
107,公立,一般大學,0032,國立聯合大學,07132035,能源工程學系,學士班(日間),1,1,0,0.72
107,公立,一般大學,0032,國立聯合大學,07141017,電機工程學系,學士班(日間),2,2,0,0.31
107,公立,一般大學,0032,國立聯合大學,07141019,光電工程學系,學士班(日間),1,1,0,0.29
107,公立,一般大學,0032,國立聯合大學,07151025,機械工程學系,學士班(日間),1,1,0,0.15
107,公立,一般大學,0032,國立聯合大學,04131011,經營管理學系,學士班(日間),3,1,2,0.51
107,公立,一般大學,0032,國立聯合大學,06131016,資訊管理學系,學士班(日間),1,0,1,0.31
107,公立,一般大學,0032,國立聯合大學,07112029,材料科學工程學系,學士班(日間),1,0,1,0.57
107,公立,一般大學,0032,國立聯合大學,07321027,土木與防災工程學系,學士班(日間),1,1,0,0.51
107,公立,技專校院,0033,國立虎尾科技大學,07141010,電子工程系,學士班(日間),4,3,1,1.56
107,公立,技專校院,0033,國立虎尾科技大學,07151019,機械設計工程系,學士班(日間),7,7,0,1.61
107,公立,技專校院,0033,國立虎尾科技大學,02112002,多媒體設計系,學士班(日間),1,1,0,0.33
107,公立,技專校院,0033,國立虎尾科技大學,07151014,自動化工程系,學士班(日間),5,5,0,1.21
107,公立,技專校院,0033,國立虎尾科技大學,07151016,動力機械工程系,學士班(日間),1,1,0,0.24
107,公立,技專校院,0033,國立虎尾科技大學,02112002,多媒體設計系數位內容創意產業碩士班,碩士班(日間),1,1,0,3.85
107,公立,技專校院,0033,國立虎尾科技大學,07191006,工業管理系,學士班(日間),1,1,0,0.26
107,公立,一般大學,0035,國立臺南藝術大學,02111010,音像紀錄與影像維護研究所,碩士班(日間),2,2,0,5.41
107,公立,一般大學,0035,國立臺南藝術大學,02192022,博物館學與古物維護研究所,碩士班(日間),1,0,1,0.92
107,公立,一般大學,0035,國立臺南藝術大學,02151003,應用音樂學系,學士班(日間),6,3,3,3.08
107,公立,一般大學,0035,國立臺南藝術大學,02151004,民族音樂學研究所,碩士班(日間),2,0,2,6.45
107,公立,一般大學,0036,國立臺南大學,02322031,國語文學系,學士班(日間),3,1,2,0.98
107,公立,一般大學,0036,國立臺南大學,06131052,資訊工程學系,學士班(日間),7,5,2,4.22
107,公立,一般大學,0036,國立臺南大學,01113019,特殊教育學系,博士班,2,1,1,8.00
107,公立,一般大學,0036,國立臺南大學,04134040,行政管理學系,學士班(日間),5,2,3,2.96
107,公立,一般大學,0036,國立臺南大學,01111001,教育學系教育經營與管理博士班,博士班,2,1,1,2.86
107,公立,一般大學,0036,國立臺南大學,01111001,教育學系課程與教學博士班,博士班,2,1,1,6.25
107,公立,一般大學,0036,國立臺南大學,07141049,電機工程學系,博士班,1,0,1,8.33
107,公立,一般大學,0036,國立臺南大學,02152029,戲劇創作與應用學系,碩士班(日間),1,0,1,2.17
107,公立,一般大學,0037,國立臺北教育大學,01114044,教育經營與管理學系,學士班(日間),3,0,3,1.60
107,公立,一般大學,0037,國立臺北教育大學,05399040,自然科學教育學系,學士班(日間),1,0,1,0.50
107,公立,一般大學,0037,國立臺北教育大學,01114044,教育經營與管理學系教育政策與管理博士班,博士班,4,3,1,5.06
107,公立,一般大學,0037,國立臺北教育大學,02322018,語文與創作學系,學士班(日間),2,0,2,0.55
107,公立,一般大學,0037,國立臺北教育大學,03131007,心理與諮商學系,學士班(日間),1,0,1,0.52
107,公立,一般大學,0037,國立臺北教育大學,01121035,幼兒與家庭教育學系,碩士班(日間),1,0,1,1.27
107,公立,一般大學,0037,國立臺北教育大學,02192027,當代藝術評論與策展研究全英語碩士學位學程,碩士班(日間),1,0,1,5.00
107,公立,一般大學,0037,國立臺北教育大學,02121028,文化創意產業經營學系,學士班(日間),3,0,3,1.56
107,公立,一般大學,0037,國立臺北教育大學,01141002,體育學系,碩士班(日間),1,1,0,1.49
107,公立,一般大學,0037,國立臺北教育大學,02121028,文化創意產業經營學系,碩士班(日間),1,0,1,2.33
107,公立,一般大學,0039,國立臺中教育大學,01111001,教育學系,博士班,1,1,0,1.96
107,公立,一般大學,0039,國立臺中教育大學,01131006,語文教育學系,學士班(日間),3,1,2,1.47
107,公立,一般大學,0039,國立臺中教育大學,02131029,美術學系,學士班(日間),1,0,1,0.54
107,公立,一般大學,0039,國立臺中教育大學,02151030,音樂學系,學士班(日間),2,0,2,1.14
107,公立,一般大學,0039,國立臺中教育大學,02151030,音樂學系,碩士班(日間),1,0,1,3.33
107,公立,一般大學,0039,國立臺中教育大學,01111001,教育學系,學士班(日間),4,0,4,2.38
107,公立,技專校院,0042,國立澎湖科技大學,02311001,應用外語系,學士班(日間),2,2,0,1.37
107,公立,技專校院,0042,國立澎湖科技大學,04132002,行銷與物流管理系,學士班(日間),2,2,0,1.03
107,公立,技專校院,0042,國立澎湖科技大學,07141007,資訊工程系,學士班(日間),1,0,1,0.49
107,公立,技專校院,0043,國立勤益科技大學,04132003,流通管理系,學士班(日間),2,1,1,0.48
107,公立,技專校院,0043,國立勤益科技大學,06131013,資訊工程系,學士班(日間),1,1,0,0.18
107,公立,技專校院,0043,國立勤益科技大學,07111020,化工與材料工程系,學士班(日間),1,1,0,0.17
107,公立,技專校院,0043,國立勤益科技大學,07141012,電子工程系,學士班(日間),3,3,0,0.46
107,公立,技專校院,0043,國立勤益科技大學,07132026,冷凍空調與能源系,學士班(日間),3,3,0,0.60
107,公立,技專校院,0043,國立勤益科技大學,07141011,電機工程系,學士班(日間),2,2,0,0.35
107,公立,技專校院,0043,國立勤益科技大學,07151016,機械工程系,學士班(日間),6,5,1,0.83
107,公立,一般大學,0044,國立體育大學,10152015,休閒產業經營學系,學士班(日間),7,6,1,2.93
107,公立,一般大學,0044,國立體育大學,10152017,適應體育學系,學士班(日間),2,0,2,0.93
107,公立,一般大學,0044,國立體育大學,10142010,運動科學研究所,博士班,2,1,1,13.33
107,公立,一般大學,0044,國立體育大學,10152014,運動保健學系,學士班(日間),3,1,2,1.27
107,公立,一般大學,0044,國立體育大學,01141001,體育研究所,博士班,9,7,2,13.04
107,公立,一般大學,0044,國立體育大學,10141008,競技與教練科學研究所,博士班,5,4,1,8.20
107,公立,一般大學,0044,國立體育大學,10152021,國際運動管理與創新博士學位學程,博士班,2,2,0,15.38
107,公立,一般大學,0044,國立體育大學,10141009,國際運動教練科學碩士學位學程,碩士班(日間),2,1,1,50.00
107,公立,一般大學,0044,國立體育大學,10152016,體育推廣學系,碩士班(日間),1,0,1,2.56
107,公立,技專校院,0046,國立臺北護理健康大學,04133004,健康事業管理系,學士班(日間),1,0,1,0.21
107,公立,技專校院,0047,國立高雄餐旅大學,10131030,餐飲管理系,學士班(日間),2,1,1,0.39
107,公立,技專校院,0047,國立高雄餐旅大學,10499019,航空暨運輸服務管理系,學士班(日間),1,1,0,0.49
107,公立,技專校院,0047,國立高雄餐旅大學,10151013,休閒暨遊憩管理系,學士班(日間),1,0,1,0.28
107,公立,技專校院,0047,國立高雄餐旅大學,10151029,觀光研究所,博士班,5,2,3,17.24
107,公立,技專校院,0047,國立高雄餐旅大學,10131012,餐旅研究所,碩士班(日間),1,0,1,2.63
107,公立,一般大學,0048,國立金門大學,02311002,應用英語學系,學士班(日間),6,4,2,2.02
107,公立,一般大學,0048,國立金門大學,06131019,資訊工程學系,學士班(日間),7,7,0,4.40
107,公立,一般大學,0048,國立金門大學,07211029,食品科學系,學士班(日間),2,0,2,1.35
107,公立,一般大學,0048,國立金門大學,09231033,社會工作學系,學士班(日間),1,0,1,0.61
107,公立,一般大學,0048,國立金門大學,03121006,國際暨大陸事務學系,碩士班(日間),1,1,0,6.25
107,公立,一般大學,0048,國立金門大學,03121006,國際暨大陸事務學系,學士班(日間),11,5,6,7.05
107,公立,一般大學,0048,國立金門大學,04131009,企業管理學系,學士班(日間),20,14,6,6.13
107,公立,一般大學,0048,國立金門大學,07311026,建築學系,學士班(日間),31,18,13,15.12
107,公立,一般大學,0048,國立金門大學,07313028,都市計畫與景觀學系,學士班(日間),16,11,5,10.60
107,公立,一般大學,0048,國立金門大學,07321021,土木與工程管理學系,學士班(日間),8,6,2,5.41
107,公立,一般大學,0048,國立金門大學,09131031,護理學系,學士班(日間),1,1,0,0.67
107,公立,一般大學,0048,國立金門大學,09191032,長期照護學系,學士班(日間),1,0,1,0.69
107,公立,一般大學,0048,國立金門大學,10151034,觀光管理學系,學士班(日間),6,3,3,2.91
107,公立,一般大學,0048,國立金門大學,10152036,運動與休閒學系,學士班(日間),6,4,2,3.41
107,公立,一般大學,0048,國立金門大學,07311026,建築學系,碩士班(日間),3,2,1,12.00
107,公立,一般大學,0048,國立金門大學,07321021,土木與工程管理學系,碩士班(日間),1,1,0,5.00
107,公立,一般大學,0048,國立金門大學,10151034,觀光管理學系,碩士班(日間),2,0,2,10.53
107,公立,一般大學,0049,國立臺灣體育運動大學,01141001,體育學系,學士班(日間),2,1,1,0.44
107,公立,一般大學,0049,國立臺灣體育運動大學,02152002,舞蹈學系,碩士班(日間),1,0,1,2.86
107,公立,一般大學,0049,國立臺灣體育運動大學,10152007,休閒運動學系,學士班(日間),2,1,1,0.89
107,公立,一般大學,0049,國立臺灣體育運動大學,10152010,運動事業管理學系,碩士班(日間),1,1,0,4.35
107,公立,技專校院,0050,國立臺中科技大學,02123006,商業設計系,學士班(日間),3,1,2,0.92
107,公立,技專校院,0050,國立臺中科技大學,09211038,老人服務事業管理系,學士班(日間),1,0,1,1.02
107,公立,技專校院,0050,國立臺中科技大學,02112005,多媒體設計系,學士班(日間),3,3,0,1.26
107,公立,技專校院,0050,國立臺中科技大學,02311003,應用英語系,學士班(日間),1,0,1,0.48
107,公立,技專校院,0050,國立臺中科技大學,04121021,財務金融系,學士班(日間),4,2,2,1.03
107,公立,技專校院,0050,國立臺中科技大學,04131015,企業管理系,學士班(日間),3,1,2,0.95
107,公立,技專校院,0050,國立臺中科技大學,06131033,資訊管理系,學士班(日間),1,0,1,0.46
107,公立,技專校院,0050,國立臺中科技大學,07141036,資訊工程系,學士班(日間),4,3,1,1.69
107,公立,技專校院,0050,國立臺中科技大學,02112005,多媒體設計系,碩士班(日間),4,1,3,8.89
107,公立,技專校院,0051,國立臺北商業大學,02112007,數位多媒體設計系,學士班(日間),4,2,2,1.59
107,公立,技專校院,0051,國立臺北商業大學,04122014,財政稅務系,學士班(日間),1,1,0,0.30
107,公立,技專校院,0051,國立臺北商業大學,04199015,商業設計管理系,學士班(日間),8,1,7,2.25
107,公立,技專校院,0051,國立臺北商業大學,04141012,國際商務系,碩士班(日間),2,0,2,6.67
107,公立,技專校院,0051,國立臺北商業大學,02311006,應用外語系,學士班(日間),3,0,3,1.14
107,公立,技專校院,0051,國立臺北商業大學,04111009,會計資訊系,學士班(日間),4,2,2,1.04
107,公立,技專校院,0051,國立臺北商業大學,04121013,財務金融系,學士班(日間),10,7,3,3.76
107,公立,技專校院,0051,國立臺北商業大學,04131010,企業管理系,學士班(日間),15,6,9,4.21
107,公立,技專校院,0051,國立臺北商業大學,04141012,國際商務系,學士班(日間),9,2,7,2.09
107,公立,技專校院,0051,國立臺北商業大學,06131017,資訊管理系,學士班(日間),5,3,2,2.13
107,公立,技專校院,0051,國立臺北商業大學,06131018,資訊與決策科學研究所,碩士班(日間),2,1,1,4.88
107,公立,一般大學,0052,國立屏東大學,02111025,視覺藝術學系,學士班(日間),3,2,1,1.66
107,公立,一般大學,0052,國立屏東大學,02299033,文化創意產業學系,學士班(日間),2,2,0,1.09
107,公立,一般大學,0052,國立屏東大學,07141060,資訊工程學系,學士班(日間),4,4,0,1.89
107,公立,一般大學,0052,國立屏東大學,01113017,特殊教育學系,碩士班(日間),1,0,1,2.04
107,公立,一般大學,0052,國立屏東大學,02311030,應用英語學系,學士班(日間),1,1,0,0.49
107,公立,一般大學,0052,國立屏東大學,04121045,財務金融學系,學士班(日間),3,3,0,1.28
107,公立,一般大學,0052,國立屏東大學,04131039,企業管理學系,學士班(日間),1,0,1,0.44
107,公立,一般大學,0052,國立屏東大學,01114018,教育行政研究所,博士班,1,0,1,2.17
107,公立,一般大學,0052,國立屏東大學,06131057,資訊管理學系,碩士班(日間),1,0,1,4.35
107,公立,技專校院,0053,國立高雄科技大學,02311002,應用英語系,學士班(日間),5,3,2,1.19
107,公立,技專校院,0053,國立高雄科技大學,04123054,風險管理與保險系,學士班(日間),1,0,1,0.43
107,公立,技專校院,0053,國立高雄科技大學,06131100,資訊管理系,學士班(日間),4,2,2,0.35
107,公立,技專校院,0053,國立高雄科技大學,07141075,電腦與通訊工程系,學士班(日間),5,5,0,1.15
107,公立,技專校院,0053,國立高雄科技大學,07151072,機械工程系,學士班(日間),1,1,0,0.15
107,公立,技專校院,0053,國立高雄科技大學,07151074,模具工程系,學士班(日間),1,1,0,0.13
107,公立,技專校院,0053,國立高雄科技大學,07191091,工業工程與管理系,學士班(日間),2,2,0,0.62
107,公立,技專校院,0053,國立高雄科技大學,07191091,工業工程與管理系,博士班,1,1,0,2.86
107,公立,技專校院,0053,國立高雄科技大學,02311002,應用英語系應用語言學與英語教學碩士班,碩士班(日間),1,0,1,2.78
107,公立,技專校院,0053,國立高雄科技大學,04121040,財務管理系,碩士班(日間),1,1,0,2.17
107,公立,技專校院,0053,國立高雄科技大學,04132059,行銷與流通管理系,碩士班(日間),3,2,1,4.55
107,公立,技專校院,0053,國立高雄科技大學,07321077,土木工程系土木工程與防災科技碩士班,碩士班(日間),1,1,0,1.69
107,公立,技專校院,0053,國立高雄科技大學,02121006,文化創意產業系,學士班(日間),1,0,1,0.47
107,公立,技專校院,0053,國立高雄科技大學,02311001,應用外語系,學士班(日間),1,1,0,0.25
107,公立,技專校院,0053,國立高雄科技大學,02311008,應用日語系,學士班(日間),8,3,5,1.71
107,公立,技專校院,0053,國立高雄科技大學,04111020,會計資訊系,學士班(日間),1,0,1,0.47
107,公立,技專校院,0053,國立高雄科技大學,04121040,財務管理系,學士班(日間),6,3,3,2.67
107,公立,技專校院,0053,國立高雄科技大學,04121104,金融系,學士班(日間),4,3,1,0.93
107,公立,技專校院,0053,國立高雄科技大學,04132004,供應鏈管理系,學士班(日間),2,2,0,0.84
107,公立,技專校院,0053,國立高雄科技大學,04132059,行銷與流通管理系,學士班(日間),4,1,3,0.85
107,公立,技專校院,0053,國立高雄科技大學,05121010,海洋生物技術系,學士班(日間),1,0,1,0.46
107,公立,技專校院,0053,國立高雄科技大學,07121086,環境與安全衛生工程系,學士班(日間),2,1,1,0.48
107,公立,技專校院,0053,國立高雄科技大學,07141103,電子工程系,學士班(日間),10,10,0,1.08
107,公立,技專校院,0053,國立高雄科技大學,07321082,營建工程系,學士班(日間),4,2,2,100.00
107,公立,技專校院,0144,國立臺灣戲曲學院,02152007,劇場藝術學系,學士班(日間),8,1,7,6.11
107,公立,技專校院,0144,國立臺灣戲曲學院,02151001,戲曲音樂學系,學士班(日間),2,0,2,2.08
107,公立,技專校院,0144,國立臺灣戲曲學院,02152009,民俗技藝學系,學士班(日間),2,0,2,1.85
107,私立,一般大學,1001,東海大學,02123011,工業設計學系,學士班(日間),8,2,6,4.65
107,私立,一般大學,1001,東海大學,02151003,音樂學系,學士班(日間),7,1,6,4.27
107,私立,一般大學,1001,東海大學,02221009,歷史學系,學士班(日間),3,1,2,1.12
107,私立,一般大學,1001,東海大學,02231010,哲學系,學士班(日間),5,2,3,2.25
107,私立,一般大學,1001,東海大學,02311005,外國語文學系,學士班(日間),15,1,14,3.46
107,私立,一般大學,1001,東海大學,02311007,日本語言文化學系,學士班(日間),12,3,9,2.65
107,私立,一般大學,1001,東海大學,03111012,經濟學系,學士班(日間),26,11,15,3.87
107,私立,一般大學,1001,東海大學,03141014,社會學系,學士班(日間),5,1,4,1.05
107,私立,一般大學,1001,東海大學,02131002,美術學系,學士班(日間),10,1,9,5.15
107,私立,一般大學,1001,東海大學,02322004,中國文學系,學士班(日間),5,3,2,1.10
107,私立,一般大學,1001,東海大學,03121013,政治學系,學士班(日間),8,5,3,1.78
107,私立,一般大學,1001,東海大學,04131021,國際學院國際經營管理學位學程,學士班(日間),12,6,6,5.48
107,私立,一般大學,1001,東海大學,04134016,行政管理暨政策學系,學士班(日間),5,2,3,1.93
107,私立,一般大學,1001,東海大學,04141023,國際經營與貿易學系,學士班(日間),6,3,3,0.87
107,私立,一般大學,1001,東海大學,05211056,永續科學與工程學士學位學程,學士班(日間),1,1,0,1.09
107,私立,一般大學,1001,東海大學,05311030,化學系,學士班(日間),10,6,4,2.87
107,私立,一般大學,1001,東海大學,05331032,應用物理學系,學士班(日間),6,6,0,2.35
107,私立,一般大學,1001,東海大學,05411034,應用數學系,學士班(日間),6,3,3,3.30
107,私立,一般大學,1001,東海大學,05421035,統計學系,學士班(日間),9,4,5,2.40
107,私立,一般大學,1001,東海大學,06134036,資訊管理學系,學士班(日間),11,6,5,4.49
107,私立,一般大學,1001,東海大學,07111042,化學工程與材料工程學系,學士班(日間),3,3,0,0.68
107,私立,一般大學,1001,東海大學,07121045,環境科學與工程學系,學士班(日間),5,4,1,1.49
107,私立,一般大學,1001,東海大學,07191044,工業工程與經營資訊學系,學士班(日間),4,1,3,0.84
107,私立,一般大學,1001,東海大學,07211052,食品科學系,學士班(日間),3,1,2,0.76
107,私立,一般大學,1001,東海大學,07312049,景觀學系,學士班(日間),16,5,11,6.25
107,私立,一般大學,1001,東海大學,08112051,畜產與生物科技學系,學士班(日間),1,1,0,0.26
107,私立,一般大學,1001,東海大學,10131054,餐旅管理學系,學士班(日間),11,2,9,3.91
107,私立,一般大學,1001,東海大學,04111018,會計學系,學士班(日間),5,0,5,0.99
107,私立,一般大學,1001,東海大學,04121024,財務金融學系,學士班(日間),13,4,9,2.58
107,私立,一般大學,1001,東海大學,04131019,企業管理學系,學士班(日間),10,5,5,1.39
107,私立,一般大學,1001,東海大學,04211027,法律學系,學士班(日間),12,3,9,2.38
107,私立,一般大學,1001,東海大學,05111028,生命科學系,學士班(日間),9,3,6,2.68
107,私立,一般大學,1001,東海大學,07141037,電機工程學系,學士班(日間),13,12,1,4.44
107,私立,一般大學,1001,東海大學,07141039,資訊工程學系,學士班(日間),17,14,3,3.24
107,私立,一般大學,1001,東海大學,07311048,建築學系,學士班(日間),15,6,9,8.11
107,私立,一般大學,1001,東海大學,03141014,社會學系,博士班,3,1,2,7.89
107,私立,一般大學,1001,東海大學,04211027,法律學系,博士班,1,0,1,4.35
107,私立,一般大學,1001,東海大學,09231053,社會工作學系,博士班,18,8,10,43.90
107,私立,一般大學,1001,東海大學,02322004,中國文學系,碩士班(日間),1,1,0,2.38
107,私立,一般大學,1001,東海大學,03121013,政治學系,碩士班(日間),1,1,0,4.00
107,私立,一般大學,1001,東海大學,07111042,化學工程與材料工程學系,碩士班(日間),1,1,0,1.92
107,私立,一般大學,1001,東海大學,07191044,工業工程與經營資訊學系,碩士班(日間),1,1,0,1.75
107,私立,一般大學,1001,東海大學,07312049,景觀學系,碩士班(日間),5,3,2,35.71
107,私立,一般大學,1001,東海大學,02131002,美術學系,碩士班(日間),9,1,8,16.67
107,私立,一般大學,1001,東海大學,03111012,經濟學系,碩士班(日間),1,1,0,7.14
107,私立,一般大學,1001,東海大學,03141014,社會學系,碩士班(日間),2,0,2,6.67
107,私立,一般大學,1001,東海大學,04121024,財務金融學系,碩士班(日間),1,0,1,3.13
107,私立,一般大學,1001,東海大學,04131019,企業管理學系,碩士班(日間),4,1,3,7.14
107,私立,一般大學,1001,東海大學,04211027,法律學系,碩士班(日間),1,1,0,0.71
107,私立,一般大學,1001,東海大學,07141039,資訊工程學系,碩士班(日間),2,2,0,5.00
107,私立,一般大學,1001,東海大學,07311048,建築學系,碩士班(日間),8,6,2,13.56
107,私立,一般大學,1002,輔仁大學,02122078,應用美術學系,學士班(日間),8,3,5,2.75
107,私立,一般大學,1002,輔仁大學,02151034,音樂學系,學士班(日間),2,1,1,1.09
107,私立,一般大學,1002,輔仁大學,02211019,宗教學系,學士班(日間),1,0,1,0.42
107,私立,一般大學,1002,輔仁大學,02221074,歷史學系,學士班(日間),5,1,4,0.97
107,私立,一般大學,1002,輔仁大學,02231037,哲學系,學士班(日間),7,6,1,1.53
107,私立,一般大學,1002,輔仁大學,02311016,西班牙語文學系,學士班(日間),10,2,8,3.66
107,私立,一般大學,1002,輔仁大學,02311021,法國語文學系,學士班(日間),8,2,6,2.86
107,私立,一般大學,1002,輔仁大學,02311033,英國語文學系,學士班(日間),7,1,6,2.48
107,私立,一般大學,1002,輔仁大學,03111055,經濟學系,學士班(日間),14,5,9,2.82
107,私立,一般大學,1002,輔仁大學,03131081,臨床心理學系,學士班(日間),6,2,4,2.14
107,私立,一般大學,1002,輔仁大學,03222065,圖書資訊學系,學士班(日間),3,0,3,1.26
107,私立,一般大學,1002,輔仁大學,05111011,生命科學系,學士班(日間),6,0,6,1.37
107,私立,一般大學,1002,輔仁大學,05411073,數學系,學士班(日間),6,2,4,1.42
107,私立,一般大學,1002,輔仁大學,05421049,統計資訊學系,學士班(日間),7,4,3,1.62
107,私立,一般大學,1002,輔仁大學,06131059,資訊管理學系,學士班(日間),9,5,4,1.92
107,私立,一般大學,1002,輔仁大學,06199086,醫學資訊與創新應用學士學位學程,學士班(日間),1,0,1,0.85
107,私立,一般大學,1002,輔仁大學,07141064,電機工程學系,學士班(日間),8,7,1,1.86
107,私立,一般大學,1002,輔仁大學,07211035,食品科學系,學士班(日間),4,1,3,1.54
107,私立,一般大學,1002,輔仁大學,10131075,餐旅管理學系,學士班(日間),5,2,3,1.06
107,私立,一般大學,1002,輔仁大學,10141089,體育學系,學士班(日間),1,1,0,0.14
107,私立,一般大學,1002,輔仁大學,02151034,音樂學系,博士班,11,5,6,35.48
107,私立,一般大學,1002,輔仁大學,02231037,哲學系,博士班,8,7,1,17.02
107,私立,一般大學,1002,輔仁大學,02299060,跨文化研究所比較文學與跨文化研究博士班,博士班,7,1,6,15.91
107,私立,一般大學,1002,輔仁大學,02322003,中國文學系,博士班,4,3,1,16.00
107,私立,一般大學,1002,輔仁大學,05311005,化學系,博士班,1,0,1,6.25
107,私立,一般大學,1002,輔仁大學,01114047,教育領導與發展研究所,碩士班(日間),1,1,0,3.70
107,私立,一般大學,1002,輔仁大學,02122029,品牌與時尚經營管理碩士學位學程,碩士班(日間),7,1,6,46.67
107,私立,一般大學,1002,輔仁大學,02125082,織品服裝學系,碩士班(日間),9,3,6,14.52
107,私立,一般大學,1002,輔仁大學,02299060,跨文化研究所語言學碩士班,碩士班(日間),3,1,2,10.71
107,私立,一般大學,1002,輔仁大學,02311009,日本語文學系,碩士班(日間),1,0,1,3.23
107,私立,一般大學,1002,輔仁大學,02311072,德語語文學系,碩士班(日間),3,0,3,18.75
107,私立,一般大學,1002,輔仁大學,03141023,社會學系,碩士班(日間),5,3,2,16.13
107,私立,一般大學,1002,輔仁大學,03211002,大眾傳播學研究所,碩士班(日間),18,4,14,23.38
107,私立,一般大學,1002,輔仁大學,04111054,會計學系,碩士班(日間),2,2,0,3.92
107,私立,一般大學,1002,輔仁大學,04131044,國際經營管理碩士學位學程,碩士班(日間),3,2,1,8.82
107,私立,一般大學,1002,輔仁大學,04211020,法律學系,碩士班(日間),7,2,5,6.67
107,私立,一般大學,1002,輔仁大學,04211038,財經法律學系,碩士班(日間),2,0,2,3.77
107,私立,一般大學,1002,輔仁大學,05111011,生命科學系,碩士班(日間),2,1,1,8.33
107,私立,一般大學,1002,輔仁大學,05191080,營養科學系,碩士班(日間),2,1,1,4.35
107,私立,一般大學,1002,輔仁大學,07312052,景觀設計學系,碩士班(日間),8,4,4,24.24
107,私立,一般大學,1002,輔仁大學,02122078,應用美術學系,碩士班(日間),14,2,12,29.79
107,私立,一般大學,1002,輔仁大學,02151034,音樂學系,碩士班(日間),9,2,7,12.68
107,私立,一般大學,1002,輔仁大學,02211019,宗教學系,碩士班(日間),1,1,0,2.44
107,私立,一般大學,1002,輔仁大學,02221074,歷史學系,碩士班(日間),5,3,2,12.50
107,私立,一般大學,1002,輔仁大學,02231037,哲學系,碩士班(日間),2,1,1,8.70
107,私立,一般大學,1002,輔仁大學,02311016,西班牙語文學系,碩士班(日間),3,2,1,13.64
107,私立,一般大學,1002,輔仁大學,02311021,法國語文學系,碩士班(日間),1,0,1,2.78
107,私立,一般大學,1002,輔仁大學,02311033,英國語文學系,碩士班(日間),1,0,1,3.13
107,私立,一般大學,1002,輔仁大學,02322003,中國文學系,碩士班(日間),10,2,8,29.41
107,私立,一般大學,1002,輔仁大學,03111055,經濟學系,碩士班(日間),6,4,2,35.29
107,私立,一般大學,1002,輔仁大學,03131007,心理學系,碩士班(日間),14,5,9,17.50
107,私立,一般大學,1002,輔仁大學,03221051,博物館學研究所,碩士班(日間),9,2,7,16.67
107,私立,一般大學,1002,輔仁大學,03222065,圖書資訊學系,碩士班(日間),2,0,2,5.26
107,私立,一般大學,1002,輔仁大學,04121027,金融與國際企業學系金融碩士班,碩士班(日間),4,2,2,7.41
107,私立,一般大學,1002,輔仁大學,04131015,企業管理學系管理學碩士班,碩士班(日間),11,8,3,14.86
107,私立,一般大學,1002,輔仁大學,05421049,統計資訊學系應用統計碩士班,碩士班(日間),1,0,1,2.27
107,私立,一般大學,1002,輔仁大學,06131059,資訊管理學系,碩士班(日間),4,3,1,11.11
107,私立,一般大學,1002,輔仁大學,07211035,食品科學系,碩士班(日間),3,2,1,6.38
107,私立,一般大學,1002,輔仁大學,09121013,生物醫學暨藥學研究所,碩士班(日間),1,0,1,9.09
107,私立,一般大學,1002,輔仁大學,10141089,體育學系,碩士班(日間),11,9,2,20.37
107,私立,一般大學,1002,輔仁大學,01114046,教育領導與科技發展學士學位學程,學士班(日間),1,0,1,0.89
107,私立,一般大學,1002,輔仁大學,02125082,織品服裝學系,學士班(日間),4,0,4,0.39
107,私立,一般大學,1002,輔仁大學,02311009,日本語文學系,學士班(日間),8,2,6,1.61
107,私立,一般大學,1002,輔仁大學,02311057,義大利語文學系,學士班(日間),6,1,5,2.25
107,私立,一般大學,1002,輔仁大學,02311072,德語語文學系,學士班(日間),6,2,4,2.19
107,私立,一般大學,1002,輔仁大學,02322003,中國文學系,學士班(日間),10,2,8,2.09
107,私立,一般大學,1002,輔仁大學,03131007,心理學系,學士班(日間),15,2,13,5.38
107,私立,一般大學,1002,輔仁大學,03141023,社會學系,學士班(日間),5,1,4,2.02
107,私立,一般大學,1002,輔仁大學,03212053,新聞傳播學系,學士班(日間),12,1,11,4.15
107,私立,一般大學,1002,輔仁大學,03213070,影像傳播學系,學士班(日間),6,0,6,2.05
107,私立,一般大學,1002,輔仁大學,04111054,會計學系,學士班(日間),19,8,11,3.68
107,私立,一般大學,1002,輔仁大學,04121027,金融與國際企業學系,學士班(日間),30,10,20,5.65
107,私立,一般大學,1002,輔仁大學,04131015,企業管理學系,學士班(日間),15,6,9,1.98
107,私立,一般大學,1002,輔仁大學,04143069,廣告傳播學系,學士班(日間),9,1,8,3.45
107,私立,一般大學,1002,輔仁大學,04211020,法律學系,學士班(日間),7,3,4,1.45
107,私立,一般大學,1002,輔仁大學,04211038,財經法律學系,學士班(日間),8,4,4,3.17
107,私立,一般大學,1002,輔仁大學,05191080,營養科學系,學士班(日間),4,1,3,1.61
107,私立,一般大學,1002,輔仁大學,05311005,化學系,學士班(日間),5,4,1,1.10
107,私立,一般大學,1002,輔仁大學,05331022,物理學系,學士班(日間),3,3,0,0.73
107,私立,一般大學,1002,輔仁大學,06131058,資訊工程學系,學士班(日間),7,5,2,1.47
107,私立,一般大學,1002,輔仁大學,07312052,景觀設計學系,學士班(日間),20,7,13,8.00
107,私立,一般大學,1002,輔仁大學,09191004,公共衛生學系,學士班(日間),3,0,3,1.26
107,私立,一般大學,1002,輔仁大學,09221017,兒童與家庭學系,學士班(日間),3,0,3,1.15
107,私立,一般大學,1002,輔仁大學,09231024,社會工作學系,學士班(日間),3,1,2,1.07
107,私立,一般大學,1002,輔仁大學,02211019,宗教學系,博士班,2,2,0,4.55
107,私立,一般大學,1002,輔仁大學,03131007,心理學系,博士班,13,6,7,27.08
107,私立,一般大學,1002,輔仁大學,04191040,商學研究所,博士班,4,3,1,6.06
107,私立,一般大學,1002,輔仁大學,04211020,法律學系,博士班,3,3,0,6.98
107,私立,一般大學,1002,輔仁大學,07194077,應用科學與工程研究所,博士班,1,1,0,3.70
107,私立,一般大學,1002,輔仁大學,09191004,公共衛生學系,碩士班(日間),2,1,1,6.67
107,私立,一般大學,1002,輔仁大學,09221017,兒童與家庭學系,碩士班(日間),1,0,1,2.04
107,私立,一般大學,1002,輔仁大學,09231024,社會工作學系,碩士班(日間),3,2,1,6.12
107,私立,一般大學,1002,輔仁大學,10131075,餐旅管理學系,碩士班(日間),9,3,6,23.08
107,私立,一般大學,1003,東吳大學,02221006,歷史學系,學士班(日間),1,0,1,0.38
107,私立,一般大學,1003,東吳大學,02311004,英文學系,學士班(日間),8,0,8,1.04
107,私立,一般大學,1003,東吳大學,02311005,日本語文學系,學士班(日間),7,4,3,0.85
107,私立,一般大學,1003,東吳大學,02311012,德國文化學系,學士班(日間),6,2,4,2.31
107,私立,一般大學,1003,東吳大學,02221006,歷史學系,碩士班(日間),2,1,1,12.50
107,私立,一般大學,1003,東吳大學,02231007,哲學系,碩士班(日間),2,2,0,7.41
107,私立,一般大學,1003,東吳大學,02311012,德國文化學系,碩士班(日間),1,0,1,6.25
107,私立,一般大學,1003,東吳大學,03111008,經濟學系,碩士班(日間),1,1,0,2.78
107,私立,一般大學,1003,東吳大學,03131011,心理學系,碩士班(日間),1,0,1,1.09
107,私立,一般大學,1003,東吳大學,04121027,財務工程與精算數學系,碩士班(日間),3,2,1,7.32
107,私立,一般大學,1003,東吳大學,04199031,巨量資料管理學院碩士學位學程,碩士班(日間),1,1,0,5.00
107,私立,一般大學,1003,東吳大學,04211021,法律學系,碩士班(日間),6,3,3,2.45
107,私立,一般大學,1003,東吳大學,09231030,社會工作學系,碩士班(日間),2,0,2,2.53
107,私立,一般大學,1003,東吳大學,02151001,音樂學系,學士班(日間),3,2,1,1.18
107,私立,一般大學,1003,東吳大學,02322002,中國文學系,學士班(日間),6,4,2,0.79
107,私立,一般大學,1003,東吳大學,03121009,政治學系,學士班(日間),1,1,0,0.22
107,私立,一般大學,1003,東吳大學,03131011,心理學系,學士班(日間),15,2,13,4.97
107,私立,一般大學,1003,東吳大學,03141010,社會學系,學士班(日間),3,2,1,0.64
107,私立,一般大學,1003,東吳大學,04111015,會計學系,學士班(日間),19,3,16,1.88
107,私立,一般大學,1003,東吳大學,04121027,財務工程與精算數學系,學士班(日間),16,11,5,2.26
107,私立,一般大學,1003,東吳大學,04131016,企業管理學系,學士班(日間),13,4,9,1.36
107,私立,一般大學,1003,東吳大學,04141019,國際經營與貿易學系,學士班(日間),15,2,13,2.77
107,私立,一般大學,1003,東吳大學,04199031,巨量資料管理學院學士學位學程,學士班(日間),5,4,1,1.40
107,私立,一般大學,1003,東吳大學,05122022,微生物學系,學士班(日間),2,0,2,0.90
107,私立,一般大學,1003,東吳大學,05311023,化學系,學士班(日間),2,1,1,1.02
107,私立,一般大學,1003,東吳大學,05411025,數學系,學士班(日間),1,1,0,0.50
107,私立,一般大學,1003,東吳大學,06131028,資訊管理學系,學士班(日間),9,5,4,1.93
107,私立,一般大學,1003,東吳大學,02322002,中國文學系,博士班,5,3,2,13.16
107,私立,一般大學,1003,東吳大學,03111008,經濟學系,博士班,3,3,0,17.65
107,私立,一般大學,1003,東吳大學,03111008,經濟學系,學士班(日間),18,7,11,2.48
107,私立,一般大學,1003,東吳大學,04211021,法律學系,學士班(日間),10,2,8,0.79
107,私立,一般大學,1003,東吳大學,05331024,物理學系,學士班(日間),1,1,0,0.51
107,私立,一般大學,1003,東吳大學,03121009,政治學系,博士班,1,1,0,8.33
107,私立,一般大學,1003,東吳大學,04211021,法律學系,博士班,6,4,2,22.22
107,私立,一般大學,1003,東吳大學,02151001,音樂學系,碩士班(日間),4,1,3,7.14
107,私立,一般大學,1003,東吳大學,02312004,英文學系翻譯碩士班,碩士班(日間),1,0,1,5.00
107,私立,一般大學,1003,東吳大學,02322002,中國文學系,碩士班(日間),6,3,3,11.54
107,私立,一般大學,1003,東吳大學,03121009,政治學系,碩士班(日間),2,2,0,4.26
107,私立,一般大學,1003,東吳大學,03141010,社會學系,碩士班(日間),1,1,0,3.85
107,私立,一般大學,1003,東吳大學,03199013,人權碩士學位學程,碩士班(日間),1,0,1,4.55
107,私立,一般大學,1003,東吳大學,04111015,會計學系,碩士班(日間),2,1,1,3.13
107,私立,一般大學,1003,東吳大學,04131016,企業管理學系,碩士班(日間),7,3,4,5.65
107,私立,一般大學,1003,東吳大學,04141019,國際經營與貿易學系,碩士班(日間),3,2,1,6.52
107,私立,一般大學,1003,東吳大學,05122022,微生物學系,碩士班(日間),3,1,2,18.75
107,私立,一般大學,1003,東吳大學,06131028,資訊管理學系,碩士班(日間),2,1,1,5.41
107,私立,一般大學,1004,中原大學,02124009,室內設計學系,學士班(日間),12,1,11,3.23
107,私立,一般大學,1004,中原大學,04111013,會計學系,學士班(日間),16,2,14,2.28
107,私立,一般大學,1004,中原大學,04121019,財務金融學系,學士班(日間),37,13,24,7.24
107,私立,一般大學,1004,中原大學,04131014,企業管理學系,學士班(日間),16,11,5,1.68
107,私立,一般大學,1004,中原大學,04141018,國際經營與貿易學系,學士班(日間),12,5,7,2.39
107,私立,一般大學,1004,中原大學,04199020,商學院學士學位學程,學士班(日間),1,0,1,5.26
107,私立,一般大學,1004,中原大學,04212021,財經法律學系,學士班(日間),3,1,2,0.56
107,私立,一般大學,1004,中原大學,05311023,化學系,學士班(日間),7,6,1,1.57
107,私立,一般大學,1004,中原大學,06131028,資訊管理學系,學士班(日間),12,6,6,2.63
107,私立,一般大學,1004,中原大學,07111037,化學工程學系,學士班(日間),15,10,5,2.20
107,私立,一般大學,1004,中原大學,07121042,環境工程學系,學士班(日間),3,2,1,1.39
107,私立,一般大學,1004,中原大學,07141031,資訊工程學系,學士班(日間),8,8,0,1.69
107,私立,一般大學,1004,中原大學,07193043,生物醫學工程學系,學士班(日間),8,4,4,1.88
107,私立,一般大學,1004,中原大學,07311046,建築學系,學士班(日間),20,9,11,5.83
107,私立,一般大學,1004,中原大學,07312047,景觀學系,學士班(日間),15,4,11,6.12
107,私立,一般大學,1004,中原大學,02122007,設計學博士學位學程,博士班,13,6,7,26.53
107,私立,一般大學,1004,中原大學,04191012,商學博士學位學程,博士班,5,3,2,12.50
107,私立,一般大學,1004,中原大學,07111037,化學工程學系,博士班,1,0,1,7.69
107,私立,一般大學,1004,中原大學,07321035,土木工程學系,博士班,2,1,1,18.18
107,私立,一般大學,1004,中原大學,07141029,電機工程學系,碩士班(日間),1,1,0,1.49
107,私立,一般大學,1004,中原大學,07151034,機械工程學系,碩士班(日間),1,1,0,1.04
107,私立,一般大學,1004,中原大學,07321035,土木工程學系,碩士班(日間),4,4,0,9.09
107,私立,一般大學,1004,中原大學,01113002,特殊教育學系,學士班(日間),2,0,2,0.82
107,私立,一般大學,1004,中原大學,02112008,商業設計學系,學士班(日間),19,4,15,5.52
107,私立,一般大學,1004,中原大學,02311005,應用外國語文學系,學士班(日間),5,0,5,1.20
107,私立,一般大學,1004,中原大學,02323004,應用華語文學系,學士班(日間),3,0,3,0.59
107,私立,一般大學,1004,中原大學,03131011,心理學系,學士班(日間),14,5,9,2.58
107,私立,一般大學,1004,中原大學,05121022,生物科技學系,學士班(日間),5,2,3,1.25
107,私立,一般大學,1004,中原大學,05331024,物理學系,學士班(日間),8,6,2,2.13
107,私立,一般大學,1004,中原大學,05411027,應用數學系,學士班(日間),2,2,0,0.50
107,私立,一般大學,1004,中原大學,07141029,電機工程學系,學士班(日間),4,4,0,1.00
107,私立,一般大學,1004,中原大學,07141030,電子工程學系,學士班(日間),4,4,0,0.69
107,私立,一般大學,1004,中原大學,07151034,機械工程學系,學士班(日間),8,8,0,1.19
107,私立,一般大學,1004,中原大學,07191041,工業與系統工程學系,學士班(日間),9,8,1,1.38
107,私立,一般大學,1004,中原大學,07321035,土木工程學系,學士班(日間),15,12,3,2.21
107,私立,一般大學,1004,中原大學,07141030,電子工程學系,博士班,1,0,1,5.00
107,私立,一般大學,1004,中原大學,02124009,室內設計學系,碩士班(日間),6,1,5,12.50
107,私立,一般大學,1004,中原大學,04111013,會計學系,碩士班(日間),1,1,0,2.17
107,私立,一般大學,1004,中原大學,04121019,財務金融學系,碩士班(日間),2,1,1,8.00
107,私立,一般大學,1004,中原大學,04141018,國際經營與貿易學系,碩士班(日間),2,2,0,9.09
107,私立,一般大學,1004,中原大學,05331024,物理學系,碩士班(日間),1,1,0,3.23
107,私立,一般大學,1004,中原大學,07311046,建築學系,碩士班(日間),2,0,2,3.13
107,私立,一般大學,1004,中原大學,07312047,景觀學系,碩士班(日間),2,1,1,10.53
107,私立,一般大學,1005,淡江大學學校財團法人淡江大學,01116092,教育科技學系,學士班(日間),7,0,7,1.49
107,私立,一般大學,1005,淡江大學學校財團法人淡江大學,02221078,歷史學系,學士班(日間),2,2,0,0.39
107,私立,一般大學,1005,淡江大學學校財團法人淡江大學,02311079,英美語言文化學系全英語學士班,學士班(日間),3,2,1,1.71
107,私立,一般大學,1005,淡江大學學校財團法人淡江大學,02311081,俄國語文學系,學士班(日間),3,0,3,1.22
107,私立,一般大學,1005,淡江大學學校財團法人淡江大學,02311082,日本語文學系,學士班(日間),6,2,4,0.64
107,私立,一般大學,1005,淡江大學學校財團法人淡江大學,02311084,西班牙語文學系,學士班(日間),11,0,11,1.97
107,私立,一般大學,1005,淡江大學學校財團法人淡江大學,02311085,德國語文學系,學士班(日間),2,1,1,0.70
107,私立,一般大學,1005,淡江大學學校財團法人淡江大學,03111075,產業經濟學系,學士班(日間),14,7,7,3.23
107,私立,一般大學,1005,淡江大學學校財團法人淡江大學,03121074,全球政治經濟學系全英語學士班,學士班(日間),2,1,1,1.08
107,私立,一般大學,1005,淡江大學學校財團法人淡江大學,03211055,大眾傳播學系,學士班(日間),11,3,8,3.97
107,私立,一般大學,1005,淡江大學學校財團法人淡江大學,03222052,資訊與圖書館學系,學士班(日間),7,0,7,1.46
107,私立,一般大學,1005,淡江大學學校財團法人淡江大學,04121035,商管學院全球財務管理全英語學士學位學程,學士班(日間),8,1,7,3.57
107,私立,一般大學,1005,淡江大學學校財團法人淡江大學,04121037,財務金融學系,學士班(日間),36,15,21,5.65
107,私立,一般大學,1005,淡江大學學校財團法人淡江大學,04131047,管理科學學系,學士班(日間),7,2,5,1.53
107,私立,一般大學,1005,淡江大學學校財團法人淡江大學,04134061,公共行政學系,學士班(日間),6,3,3,1.26
107,私立,一般大學,1005,淡江大學學校財團法人淡江大學,05331030,物理學系,學士班(日間),7,6,1,2.28
107,私立,一般大學,1005,淡江大學學校財團法人淡江大學,06131018,資訊工程學系,學士班(日間),21,17,4,2.95
107,私立,一般大學,1005,淡江大學學校財團法人淡江大學,06132022,資訊創新與科技學系,學士班(日間),1,1,0,0.32
107,私立,一般大學,1005,淡江大學學校財團法人淡江大學,03211055,大眾傳播學系,碩士班(日間),6,4,2,17.65
107,私立,一般大學,1005,淡江大學學校財團法人淡江大學,03222052,資訊與圖書館學系,碩士班(日間),1,0,1,4.55
107,私立,一般大學,1005,淡江大學學校財團法人淡江大學,04111051,會計學系,碩士班(日間),3,1,2,4.69
107,私立,一般大學,1005,淡江大學學校財團法人淡江大學,04121037,財務金融學系,碩士班(日間),3,3,0,4.48
107,私立,一般大學,1005,淡江大學學校財團法人淡江大學,04121037,淡江大學暨澳洲昆士蘭理工大學財金全英語雙碩士學位學程,碩士班(日間),2,2,0,10.53
107,私立,一般大學,1005,淡江大學學校財團法人淡江大學,05311031,化學學系,碩士班(日間),1,1,0,2.70
107,私立,一般大學,1005,淡江大學學校財團法人淡江大學,06131018,資訊工程學系,碩士班(日間),1,1,0,1.27
107,私立,一般大學,1005,淡江大學學校財團法人淡江大學,07311007,建築學系,碩士班(日間),9,7,2,17.31
107,私立,一般大學,1005,淡江大學學校財團法人淡江大學,02311086,法國語文學系,學士班(日間),12,3,9,2.20
107,私立,一般大學,1005,淡江大學學校財團法人淡江大學,02311088,英文學系,學士班(日間),12,1,11,1.55
107,私立,一般大學,1005,淡江大學學校財團法人淡江大學,02322090,中國文學學系,學士班(日間),9,1,8,1.48
107,私立,一般大學,1005,淡江大學學校財團法人淡江大學,03111076,經濟學系,學士班(日間),27,12,15,4.04
107,私立,一般大學,1005,淡江大學學校財團法人淡江大學,04111051,會計學系,學士班(日間),19,7,12,3.05
107,私立,一般大學,1005,淡江大學學校財團法人淡江大學,04123104,風險管理與保險學系,學士班(日間),6,4,2,1.43
107,私立,一般大學,1005,淡江大學學校財團法人淡江大學,04131040,國際企業學系,學士班(日間),20,7,13,2.74
107,私立,一般大學,1005,淡江大學學校財團法人淡江大學,04131049,企業管理學系,學士班(日間),10,7,3,1.57
107,私立,一般大學,1005,淡江大學學校財團法人淡江大學,05311031,化學學系,學士班(日間),8,5,3,1.99
107,私立,一般大學,1005,淡江大學學校財團法人淡江大學,05399029,理學院尖端材料科學學士學位學程,學士班(日間),2,2,0,1.40
107,私立,一般大學,1005,淡江大學學校財團法人淡江大學,05411026,數學學系,學士班(日間),7,2,5,1.74
107,私立,一般大學,1005,淡江大學學校財團法人淡江大學,05421024,統計學系,學士班(日間),13,4,9,1.77
107,私立,一般大學,1005,淡江大學學校財團法人淡江大學,06131023,資訊管理學系,學士班(日間),15,8,7,2.08
107,私立,一般大學,1005,淡江大學學校財團法人淡江大學,07122009,水資源及環境工程學系,學士班(日間),17,11,6,3.74
107,私立,一般大學,1005,淡江大學學校財團法人淡江大學,07141019,電機工程學系,學士班(日間),12,10,2,1.57
107,私立,一般大學,1005,淡江大學學校財團法人淡江大學,07151015,機械與機電工程學系,學士班(日間),14,13,1,2.69
107,私立,一般大學,1005,淡江大學學校財團法人淡江大學,07321012,土木工程學系,學士班(日間),13,11,2,1.84
107,私立,一般大學,1005,淡江大學學校財團法人淡江大學,02311088,英文學系,博士班,5,1,4,11.63
107,私立,一般大學,1005,淡江大學學校財團法人淡江大學,06131018,資訊工程學系,博士班,3,1,2,15.79
107,私立,一般大學,1005,淡江大學學校財團法人淡江大學,02311082,日本語文學系,碩士班(日間),1,1,0,2.86
107,私立,一般大學,1005,淡江大學學校財團法人淡江大學,03111076,經濟學系經濟與財務碩士班,碩士班(日間),1,0,1,3.70
107,私立,一般大學,1005,淡江大學學校財團法人淡江大學,07111010,化學工程與材料工程學系,學士班(日間),4,3,1,0.79
107,私立,一般大學,1005,淡江大學學校財團法人淡江大學,07311007,建築學系,學士班(日間),13,4,9,3.81
107,私立,一般大學,1005,淡江大學學校財團法人淡江大學,10151005,國際觀光管理學系全英語學士班,學士班(日間),4,2,2,1.06
107,私立,一般大學,1005,淡江大學學校財團法人淡江大學,10411002,運輸管理學系,學士班(日間),7,3,4,1.38
107,私立,一般大學,1005,淡江大學學校財團法人淡江大學,01114093,教育學院教育領導與科技管理博士班,博士班,1,0,1,2.70
107,私立,一般大學,1005,淡江大學學校財團法人淡江大學,02322090,中國文學學系,博士班,2,2,0,4.55
107,私立,一般大學,1005,淡江大學學校財團法人淡江大學,04121037,財務金融學系,博士班,1,1,0,3.13
107,私立,一般大學,1005,淡江大學學校財團法人淡江大學,05331030,物理學系,博士班,1,0,1,11.11
107,私立,一般大學,1005,淡江大學學校財團法人淡江大學,01116092,教育科技學系,碩士班(日間),1,0,1,3.85
107,私立,一般大學,1005,淡江大學學校財團法人淡江大學,02311086,法國語文學系,碩士班(日間),1,1,0,5.00
107,私立,一般大學,1005,淡江大學學校財團法人淡江大學,02311088,英文學系,碩士班(日間),3,0,3,8.33
107,私立,一般大學,1005,淡江大學學校財團法人淡江大學,02322090,中國文學學系,碩士班(日間),1,0,1,2.27
107,私立,一般大學,1005,淡江大學學校財團法人淡江大學,03131096,教育心理與諮商研究所,碩士班(日間),3,1,2,2.42
107,私立,一般大學,1005,淡江大學學校財團法人淡江大學,04131040,國際企業學系,碩士班(日間),5,2,3,8.20
107,私立,一般大學,1005,淡江大學學校財團法人淡江大學,04131047,管理科學學系企業經營碩士班,碩士班(日間),2,2,0,4.76
107,私立,一般大學,1005,淡江大學學校財團法人淡江大學,04131049,企業管理學系,碩士班(日間),5,4,1,9.80
107,私立,一般大學,1005,淡江大學學校財團法人淡江大學,04134061,公共行政學系公共政策碩士班,碩士班(日間),1,1,0,5.00
107,私立,一般大學,1005,淡江大學學校財團法人淡江大學,06131023,資訊管理學系,碩士班(日間),1,1,0,2.00
107,私立,一般大學,1005,淡江大學學校財團法人淡江大學,07122009,水資源及環境工程學系,碩士班(日間),2,2,0,5.56
107,私立,一般大學,1005,淡江大學學校財團法人淡江大學,07321012,土木工程學系,碩士班(日間),4,4,0,10.26
107,私立,一般大學,1006,中國文化大學,01111046,教育學系,學士班(日間),7,1,6,2.65
107,私立,一般大學,1006,中國文化大學,01141023,體育學系,學士班(日間),1,1,0,0.23
107,私立,一般大學,1006,中國文化大學,02151040,音樂學系,學士班(日間),7,1,6,3.06
107,私立,一般大學,1006,中國文化大學,02152043,戲劇學系,學士班(日間),12,2,10,4.40
107,私立,一般大學,1006,中國文化大學,02311047,俄國語文學系,學士班(日間),2,0,2,1.14
107,私立,一般大學,1006,中國文化大學,02311079,德國語文學系,學士班(日間),6,0,6,2.74
107,私立,一般大學,1006,中國文化大學,02311089,法國語文學系,學士班(日間),5,1,4,2.24
107,私立,一般大學,1006,中國文化大學,03111099,經濟學系,學士班(日間),3,3,0,0.73
107,私立,一般大學,1006,中國文化大學,03131004,心理輔導學系,學士班(日間),11,3,8,3.86
107,私立,一般大學,1006,中國文化大學,03142088,地理學系,學士班(日間),5,4,1,2.12
107,私立,一般大學,1006,中國文化大學,03211036,大眾傳播學系,學士班(日間),11,3,8,1.85
107,私立,一般大學,1006,中國文化大學,03211101,資訊傳播學系,學士班(日間),8,4,4,1.58
107,私立,一般大學,1006,中國文化大學,04111065,會計學系,學士班(日間),11,3,8,2.40
107,私立,一般大學,1006,中國文化大學,04121037,財務金融學系,學士班(日間),16,9,7,2.23
107,私立,一般大學,1006,中國文化大學,04131015,國際企業管理學系,學士班(日間),6,1,5,0.85
107,私立,一般大學,1006,中國文化大學,04141041,國際貿易學系,學士班(日間),8,5,3,1.14
107,私立,一般大學,1006,中國文化大學,04211020,法律學系,學士班(日間),12,5,7,1.00
107,私立,一般大學,1006,中國文化大學,05111091,生命科學系,學士班(日間),4,1,3,2.11
107,私立,一般大學,1006,中國文化大學,05191057,保健營養學系,學士班(日間),6,3,3,2.34
107,私立,一般大學,1006,中國文化大學,05311026,化學系,學士班(日間),1,0,1,0.55
107,私立,一般大學,1006,中國文化大學,05321083,土地資源學系,學士班(日間),4,2,2,1.91
107,私立,一般大學,1006,中國文化大學,07111028,化學工程與材料工程學系,學士班(日間),5,5,0,1.25
107,私立,一般大學,1006,中國文化大學,07141085,電機工程學系,學士班(日間),5,5,0,1.34
107,私立,一般大學,1006,中國文化大學,07141115,光電物理學系,學士班(日間),4,3,1,2.35
107,私立,一般大學,1006,中國文化大學,07151107,機械工程學系,學士班(日間),2,2,0,0.48
107,私立,一般大學,1006,中國文化大學,07311068,建築及都市設計學系,學士班(日間),18,9,9,6.14
107,私立,一般大學,1006,中國文化大學,08112116,動物科學系,學士班(日間),3,1,2,1.44
107,私立,一般大學,1006,中國文化大學,10142093,運動與健康促進學系,學士班(日間),3,0,3,1.21
107,私立,一般大學,1006,中國文化大學,10151005,觀光事業學系,學士班(日間),3,1,2,0.53
107,私立,一般大學,1006,中國文化大學,05321112,地質學系,學士班(日間),1,0,1,0.56
107,私立,一般大學,1006,中國文化大學,05322097,大氣科學系,學士班(日間),3,1,2,1.50
107,私立,一般大學,1006,中國文化大學,05411114,應用數學系,學士班(日間),4,3,1,1.14
107,私立,一般大學,1006,中國文化大學,06131021,資訊工程學系,學士班(日間),6,5,1,1.33
107,私立,一般大學,1006,中國文化大學,06132006,資訊管理學系,學士班(日間),5,5,0,0.73
107,私立,一般大學,1006,中國文化大學,07192108,紡織工程學系,學士班(日間),1,1,0,0.53
107,私立,一般大學,1006,中國文化大學,07312103,景觀學系,學士班(日間),27,10,17,10.34
107,私立,一般大學,1006,中國文化大學,07313118,都市計劃與開發管理學系,學士班(日間),14,6,8,6.54
107,私立,一般大學,1006,中國文化大學,08121106,園藝暨生物技術學系,學士班(日間),3,1,2,1.30
107,私立,一般大學,1006,中國文化大學,08211054,森林暨自然保育學系,學士班(日間),2,1,1,0.87
107,私立,一般大學,1006,中國文化大學,09299082,社會福利學系,學士班(日間),4,0,4,0.82
107,私立,一般大學,1006,中國文化大學,10111090,生活應用科學系,學士班(日間),2,0,2,0.77
107,私立,一般大學,1006,中國文化大學,10141002,技擊運動暨國術學系,學士班(日間),1,0,1,0.52
107,私立,一般大學,1006,中國文化大學,01141023,體育學系運動教練博士班,博士班,4,3,1,6.06
107,私立,一般大學,1006,中國文化大學,02151040,音樂學系,碩士班(日間),4,3,1,6.56
107,私立,一般大學,1006,中國文化大學,03131004,心理輔導學系,碩士班(日間),1,0,1,0.87
107,私立,一般大學,1006,中國文化大學,03142087,地學研究所,碩士班(日間),1,0,1,2.33
107,私立,一般大學,1006,中國文化大學,04111065,會計學系,碩士班(日間),1,0,1,4.17
107,私立,一般大學,1006,中國文化大學,04131015,國際企業管理學系,碩士班(日間),1,1,0,3.13
107,私立,一般大學,1006,中國文化大學,04141041,國際貿易學系,碩士班(日間),4,3,1,15.38
107,私立,一般大學,1006,中國文化大學,04211020,法律學系,碩士班(日間),1,0,1,0.34
107,私立,一般大學,1006,中國文化大學,06134006,資訊管理學系,碩士班(日間),1,1,0,4.76
107,私立,一般大學,1006,中國文化大學,02131059,美術學系,學士班(日間),13,2,11,4.92
107,私立,一般大學,1006,中國文化大學,02151007,中國音樂學系,學士班(日間),3,1,2,1.56
107,私立,一般大學,1006,中國文化大學,02152008,中國戲劇學系,學士班(日間),10,5,5,4.65
107,私立,一般大學,1006,中國文化大學,02221098,史學系,學士班(日間),8,4,4,3.21
107,私立,一般大學,1006,中國文化大學,02231081,哲學系,學士班(日間),3,1,2,1.60
107,私立,一般大學,1006,中國文化大學,02311052,英國語文學系,學士班(日間),5,1,4,1.01
107,私立,一般大學,1006,中國文化大學,02311077,日本語文學系,學士班(日間),6,1,5,1.10
107,私立,一般大學,1006,中國文化大學,02322001,中國文學系,學士班(日間),9,0,9,1.30
107,私立,一般大學,1006,中國文化大學,03121061,政治學系,學士班(日間),2,1,1,0.99
107,私立,一般大學,1006,中國文化大學,03199049,勞工關係學系,學士班(日間),10,4,6,2.17
107,私立,一般大學,1006,中國文化大學,03212033,新聞學系,學士班(日間),17,3,14,3.14
107,私立,一般大學,1006,中國文化大學,04134012,行政管理學系,學士班(日間),5,3,2,1.08
107,私立,一般大學,1006,中國文化大學,04143013,廣告學系,學士班(日間),11,3,8,2.10
107,私立,一般大學,1006,中國文化大學,04191014,全球商務學士學位學程,學士班(日間),3,0,3,1.45
107,私立,一般大學,1006,中國文化大學,04131015,國際企業管理學系,博士班,1,1,0,1.03
107,私立,一般大學,1006,中國文化大學,07311068,建築及都市設計學系,博士班,6,2,4,14.29
107,私立,一般大學,1006,中國文化大學,01141023,體育學系運動教練碩士班,碩士班(日間),4,4,0,2.82
107,私立,一般大學,1006,中國文化大學,02131059,美術學系,碩士班(日間),5,1,4,7.04
107,私立,一般大學,1006,中國文化大學,02221098,史學系,碩士班(日間),4,4,0,11.43
107,私立,一般大學,1006,中國文化大學,02322001,中國文學系,碩士班(日間),6,1,5,8.82
107,私立,一般大學,1006,中國文化大學,03121011,國家發展與中國大陸研究所,碩士班(日間),2,2,0,3.85
107,私立,一般大學,1006,中國文化大學,03212033,新聞學系,碩士班(日間),3,2,1,10.34
107,私立,一般大學,1006,中國文化大學,07311068,建築及都市設計學系,碩士班(日間),4,1,3,10.26
107,私立,一般大學,1006,中國文化大學,07312103,景觀學系,碩士班(日間),3,2,1,21.43
107,私立,一般大學,1007,逢甲大學,04111017,會計學系,學士班(日間),23,7,16,3.07
107,私立,一般大學,1007,逢甲大學,04121028,財務工程與精算學士學位學程,學士班(日間),19,11,8,8.96
107,私立,一般大學,1007,逢甲大學,04122032,財稅學系,學士班(日間),7,2,5,1.53
107,私立,一般大學,1007,逢甲大學,04123029,風險管理與保險學系,學士班(日間),11,3,8,2.59
107,私立,一般大學,1007,逢甲大學,04131021,國際企業管理學士學位學程(英語專班),學士班(日間),1,0,1,1.25
107,私立,一般大學,1007,逢甲大學,04141024,國際經營與貿易學系,學士班(日間),15,1,14,1.92
107,私立,一般大學,1007,逢甲大學,06131048,資訊工程學系,學士班(日間),12,7,5,1.27
107,私立,一般大學,1007,逢甲大學,07122077,水利工程與資源保育學系,學士班(日間),1,1,0,0.27
107,私立,一般大學,1007,逢甲大學,07141044,電機工程學系,學士班(日間),7,5,2,1.18
107,私立,一般大學,1007,逢甲大學,07141046,電子工程學系,學士班(日間),11,9,2,2.37
107,私立,一般大學,1007,逢甲大學,07141050,通訊工程學系,學士班(日間),6,6,0,1.42
107,私立,一般大學,1007,逢甲大學,07141052,自動控制工程學系,學士班(日間),5,5,0,1.08
107,私立,一般大學,1007,逢甲大學,06131048,資訊工程學系,博士班,6,4,2,20.69
107,私立,一般大學,1007,逢甲大學,07321100,土木水利工程與建設規劃博士學位學程,博士班,1,1,0,1.61
107,私立,一般大學,1007,逢甲大學,04111017,會計學系,碩士班(日間),1,0,1,2.38
107,私立,一般大學,1007,逢甲大學,07311081,建築碩士學位學程,碩士班(日間),3,1,2,6.98
107,私立,一般大學,1007,逢甲大學,07321063,土木工程學系,碩士班(日間),2,1,1,4.88
107,私立,一般大學,1007,逢甲大學,07141101,光電科學與工程學系,學士班(日間),5,4,1,1.22
107,私立,一般大學,1007,逢甲大學,07151061,機械與電腦輔助工程學系,學士班(日間),2,1,1,0.31
107,私立,一般大學,1007,逢甲大學,07191072,工業工程與系統管理學系,學士班(日間),2,2,0,0.48
107,私立,一般大學,1007,逢甲大學,07311081,建築學士學位學程,學士班(日間),16,8,8,4.55
107,私立,一般大學,1007,逢甲大學,07311083,建築專業學院學士班,學士班(日間),5,2,3,2.02
107,私立,一般大學,1007,逢甲大學,07321063,土木工程學系,學士班(日間),10,9,1,2.17
107,私立,一般大學,1007,逢甲大學,10411093,運輸與物流學系,學士班(日間),6,4,2,1.31
107,私立,一般大學,1007,逢甲大學,04191014,商學博士學位學程,博士班,4,3,1,3.64
107,私立,一般大學,1007,逢甲大學,02322001,中國文學系,碩士班(日間),1,0,1,4.76
107,私立,一般大學,1007,逢甲大學,03111012,合作經濟暨社會事業經營學系,碩士班(日間),1,0,1,4.35
107,私立,一般大學,1007,逢甲大學,04121025,財務金融學系,碩士班(日間),4,3,1,8.51
107,私立,一般大學,1007,逢甲大學,04123029,風險管理與保險學系,碩士班(日間),4,1,3,7.84
107,私立,一般大學,1007,逢甲大學,04131019,企業管理學系,碩士班(日間),4,4,0,12.50
107,私立,一般大學,1007,逢甲大學,07313087,都市計畫與空間資訊學系,碩士班(日間),4,3,1,15.38
107,私立,一般大學,1007,逢甲大學,02311002,外國語文學系,學士班(日間),4,0,4,0.92
107,私立,一般大學,1007,逢甲大學,02322001,中國文學系,學士班(日間),5,1,4,1.99
107,私立,一般大學,1007,逢甲大學,03111009,經濟學系,學士班(日間),12,9,3,2.67
107,私立,一般大學,1007,逢甲大學,03111012,合作經濟暨社會事業經營學系,學士班(日間),4,2,2,1.64
107,私立,一般大學,1007,逢甲大學,04121025,財務金融學系,學士班(日間),37,18,19,4.95
107,私立,一般大學,1007,逢甲大學,04131019,企業管理學系,學士班(日間),11,2,9,1.84
107,私立,一般大學,1007,逢甲大學,04134086,土地管理學系,學士班(日間),5,1,4,1.15
107,私立,一般大學,1007,逢甲大學,04141024,國際經營與貿易學系國際企業管理全英語學士班,學士班(日間),6,1,5,3.17
107,私立,一般大學,1007,逢甲大學,04143033,行銷學系,學士班(日間),18,8,10,3.13
107,私立,一般大學,1007,逢甲大學,04199035,澳洲墨爾本皇家理工大學商學與創新雙學士學位學程,學士班(日間),8,5,3,8.08
107,私立,一般大學,1007,逢甲大學,04199092,美國聖荷西州立大學商學大數據分析雙學士學位學程,學士班(日間),15,6,9,15.15
107,私立,一般大學,1007,逢甲大學,05411039,應用數學系,學士班(日間),5,4,1,1.35
107,私立,一般大學,1007,逢甲大學,05421040,統計學系,學士班(日間),5,3,2,1.26
107,私立,一般大學,1007,逢甲大學,07111068,化學工程學系,學士班(日間),4,2,2,0.87
107,私立,一般大學,1007,逢甲大學,07112069,材料科學與工程學系,學士班(日間),6,5,1,1.40
107,私立,一般大學,1007,逢甲大學,07121075,環境工程與科學學系,學士班(日間),6,4,2,1.50
107,私立,一般大學,1007,逢甲大學,07141056,資訊電機學院不分系榮譽班,學士班(日間),1,1,0,0.96
107,私立,一般大學,1007,逢甲大學,07141095,美國普渡大學電機資訊雙學士學位學程,學士班(日間),4,2,2,8.51
107,私立,一般大學,1007,逢甲大學,07151062,精密系統設計學士學位學程,學士班(日間),3,2,1,1.52
107,私立,一般大學,1007,逢甲大學,07192074,纖維與複合材料學系,學士班(日間),3,2,1,0.76
107,私立,一般大學,1007,逢甲大學,07313087,都市計畫與空間資訊學系,學士班(日間),11,5,6,2.61
107,私立,一般大學,1008,靜宜大學,02311004,英國語文學系,學士班(日間),10,1,9,1.62
107,私立,一般大學,1008,靜宜大學,02311005,西班牙語文學系,學士班(日間),10,3,7,2.03
107,私立,一般大學,1008,靜宜大學,02311006,日本語文學系,學士班(日間),7,4,3,1.13
107,私立,一般大學,1008,靜宜大學,04111011,會計學系,學士班(日間),21,10,11,3.13
107,私立,一般大學,1008,靜宜大學,04111011,會計學系,碩士班(日間),1,1,0,4.55
107,私立,一般大學,1008,靜宜大學,04131012,企業管理學系,碩士班(日間),1,1,0,7.69
107,私立,一般大學,1008,靜宜大學,05311023,應用化學系,碩士班(日間),1,1,0,3.57
107,私立,一般大學,1008,靜宜大學,09161035,化粧品科學系,碩士班(日間),2,1,1,6.67
107,私立,一般大學,1008,靜宜大學,04131012,企業管理學系,學士班(日間),15,9,6,2.15
107,私立,一般大學,1008,靜宜大學,04191010,寰宇管理學士學位學程,學士班(日間),3,0,3,1.79
107,私立,一般大學,1008,靜宜大學,05212021,生態人文學系,學士班(日間),2,1,1,1.00
107,私立,一般大學,1008,靜宜大學,05499037,資料科學暨大數據分析與應用學系,學士班(日間),3,3,0,1.37
107,私立,一般大學,1008,靜宜大學,06131027,資訊管理學系,學士班(日間),3,1,2,0.68
107,私立,一般大學,1008,靜宜大學,06132009,資訊傳播工程學系,學士班(日間),14,10,4,3.00
107,私立,一般大學,1008,靜宜大學,09161035,化粧品科學系,學士班(日間),9,2,7,1.69
107,私立,一般大學,1008,靜宜大學,09231032,社會工作與兒童少年福利學系,學士班(日間),3,2,1,0.52
107,私立,一般大學,1008,靜宜大學,10151034,觀光事業學系,學士班(日間),10,3,7,1.29
107,私立,一般大學,1008,靜宜大學,03211008,大眾傳播學系,碩士班(日間),1,0,1,25.00
107,私立,一般大學,1008,靜宜大學,04121019,財務金融學系,碩士班(日間),2,0,2,9.52
107,私立,一般大學,1008,靜宜大學,04131010,寰宇管理碩士學位學程,碩士班(日間),1,1,0,3.03
107,私立,一般大學,1008,靜宜大學,04131015,國際企業學系,碩士班(日間),1,1,0,8.33
107,私立,一般大學,1008,靜宜大學,05191031,食品營養學系,碩士班(日間),1,1,0,2.17
107,私立,一般大學,1008,靜宜大學,02321002,台灣文學系,學士班(日間),1,0,1,0.48
107,私立,一般大學,1008,靜宜大學,02322003,中國文學系,學士班(日間),10,3,7,2.16
107,私立,一般大學,1008,靜宜大學,03211008,大眾傳播學系,學士班(日間),17,8,9,5.65
107,私立,一般大學,1008,靜宜大學,04121019,財務金融學系,學士班(日間),41,24,17,5.68
107,私立,一般大學,1008,靜宜大學,04131015,國際企業學系,學士班(日間),13,7,6,1.80
107,私立,一般大學,1008,靜宜大學,04211020,法律學系,學士班(日間),6,3,3,1.16
107,私立,一般大學,1008,靜宜大學,05191031,食品營養學系,學士班(日間),7,0,7,1.51
107,私立,一般大學,1008,靜宜大學,05499036,財務工程學系,學士班(日間),9,8,1,2.80
107,私立,一般大學,1008,靜宜大學,07141030,資訊工程學系,學士班(日間),10,9,1,2.14
107,私立,一般大學,1009,長庚大學,02122001,工業設計學系,學士班(日間),8,2,6,4.12
107,私立,一般大學,1009,長庚大學,04131005,工商管理學系,學士班(日間),10,2,8,4.95
107,私立,一般大學,1009,長庚大學,06131013,資訊管理學系,學士班(日間),3,2,1,0.81
107,私立,一般大學,1009,長庚大學,06131018,資訊工程學系,學士班(日間),7,5,2,3.21
107,私立,一般大學,1009,長庚大學,07141016,電子工程學系,學士班(日間),6,5,1,1.59
107,私立,一般大學,1009,長庚大學,09131040,護理學系,學士班(日間),1,0,1,0.26
107,私立,一般大學,1009,長庚大學,09141046,醫學生物技術暨檢驗學系,學士班(日間),4,3,1,1.72
107,私立,一般大學,1009,長庚大學,09141048,醫學影像暨放射科學系,學士班(日間),4,1,3,2.61
107,私立,一般大學,1009,長庚大學,04131004,企業管理研究所,博士班,6,5,1,18.18
107,私立,一般大學,1009,長庚大學,07141016,電子工程學系,博士班,2,2,0,3.92
107,私立,一般大學,1009,長庚大學,07141014,電機工程學系,碩士班(日間),1,1,0,1.89
107,私立,一般大學,1009,長庚大學,04133007,醫務管理學系,學士班(日間),3,3,0,1.45
107,私立,一般大學,1009,長庚大學,05123012,生物醫學系,學士班(日間),5,0,5,1.43
107,私立,一般大學,1009,長庚大學,07111025,化工與材料工程學系,學士班(日間),2,1,1,0.95
107,私立,一般大學,1009,長庚大學,07141014,電機工程學系,學士班(日間),8,8,0,1.97
107,私立,一般大學,1009,長庚大學,07151022,機械工程學系,學士班(日間),5,4,1,2.82
107,私立,一般大學,1009,長庚大學,09199042,呼吸治療學系,學士班(日間),2,0,2,1.28
107,私立,一般大學,1009,長庚大學,07141016,電子工程學系,碩士班(日間),1,1,0,1.61
107,私立,一般大學,1010,元智大學,02299049,人文社會學院英語學士學位學程,學士班(日間),1,0,1,1.49
107,私立,一般大學,1010,元智大學,03141009,社會暨政策科學學系,學士班(日間),2,2,0,0.81
107,私立,一般大學,1010,元智大學,02191001,藝術與設計學系,學士班(日間),38,16,22,16.74
107,私立,一般大學,1010,元智大學,02311007,應用外語學系,學士班(日間),5,0,5,2.04
107,私立,一般大學,1010,元智大學,02322004,中國語文學系,學士班(日間),4,0,4,1.68
107,私立,一般大學,1010,元智大學,04199018,管理學院,學士班(日間),20,7,13,1.12
107,私立,一般大學,1010,元智大學,06131051,資訊學院英語學士學位學程,學士班(日間),1,0,1,1.82
107,私立,一般大學,1010,元智大學,07111041,化學工程與材料科學學系,學士班(日間),7,6,1,1.46
107,私立,一般大學,1010,元智大學,07141032,電機通訊學院英語學士學位學程,學士班(日間),1,1,0,1.30
107,私立,一般大學,1010,元智大學,07151037,機械工程學系,學士班(日間),7,5,2,1.46
107,私立,一般大學,1010,元智大學,06131011,資訊管理學系,博士班,1,0,1,4.35
107,私立,一般大學,1010,元智大學,06131028,資訊工程學系,博士班,1,0,1,5.00
107,私立,一般大學,1010,元智大學,07141033,電機工程學系,博士班,3,2,1,6.25
107,私立,一般大學,1010,元智大學,04131019,管理學院經營管理碩士班,碩士班(日間),2,2,0,1.67
107,私立,一般大學,1010,元智大學,06131011,資訊管理學系,碩士班(日間),1,1,0,1.96
107,私立,一般大學,1010,元智大學,07141033,電機工程學系,碩士班(日間),3,2,1,1.84
107,私立,一般大學,1010,元智大學,06131011,資訊管理學系,學士班(日間),6,3,3,1.28
107,私立,一般大學,1010,元智大學,06131028,資訊工程學系,學士班(日間),10,10,0,1.60
107,私立,一般大學,1010,元智大學,06133013,資訊傳播學系,學士班(日間),13,2,11,2.46
107,私立,一般大學,1010,元智大學,07141033,電機工程學系,學士班(日間),23,20,3,2.11
107,私立,一般大學,1010,元智大學,07191043,工業工程與管理學系,學士班(日間),6,5,1,1.35
107,私立,一般大學,1010,元智大學,07194050,工程學院英語學士學位學程,學士班(日間),1,1,0,1.92
107,私立,一般大學,1010,元智大學,02299047,文化產業與文化政策博士學位學程,博士班,4,1,3,20.00
107,私立,一般大學,1010,元智大學,04199018,管理學院博士班,博士班,1,1,0,0.98
107,私立,一般大學,1010,元智大學,07191043,工業工程與管理學系,博士班,2,1,1,6.06
107,私立,一般大學,1010,元智大學,02322004,中國語文學系,碩士班(日間),1,0,1,5.26
107,私立,一般大學,1010,元智大學,07111041,化學工程與材料科學學系,碩士班(日間),1,0,1,1.61
107,私立,一般大學,1011,中華大學學校財團法人中華大學,02123004,工業產品設計學系,學士班(日間),1,1,0,0.51
107,私立,一般大學,1011,中華大學學校財團法人中華大學,06131025,資訊工程學系,學士班(日間),2,2,0,0.51
107,私立,一般大學,1011,中華大學學校財團法人中華大學,07141022,電機工程學系,學士班(日間),2,2,0,0.63
107,私立,一般大學,1011,中華大學學校財團法人中華大學,07311038,建築與都市計畫學系,學士班(日間),5,3,2,1.35
107,私立,一般大學,1011,中華大學學校財團法人中華大學,04199014,科技管理博士學位學程,博士班,3,1,2,6.12
107,私立,一般大學,1011,中華大學學校財團法人中華大學,02311001,外國語文學系,學士班(日間),1,0,1,0.54
107,私立,一般大學,1011,中華大學學校財團法人中華大學,04121012,財務管理學系,學士班(日間),1,1,0,0.41
107,私立,一般大學,1011,中華大學學校財團法人中華大學,04131007,企業管理學系,學士班(日間),1,1,0,0.41
107,私立,一般大學,1011,中華大學學校財團法人中華大學,07321032,土木工程學系,學士班(日間),5,4,1,3.45
107,私立,一般大學,1011,中華大學學校財團法人中華大學,07194037,工程科學博士學位學程,博士班,5,2,3,35.71
107,私立,一般大學,1012,大葉大學,02121002,造形藝術學系,學士班(日間),3,1,2,0.74
107,私立,一般大學,1012,大葉大學,02123012,工業設計學系,學士班(日間),11,6,5,3.04
107,私立,一般大學,1012,大葉大學,04111020,會計資訊學系,學士班(日間),1,1,0,0.62
107,私立,一般大學,1012,大葉大學,06131039,資訊工程學系,學士班(日間),4,3,1,2.35
107,私立,一般大學,1012,大葉大學,03211018,傳播藝術學士學位學程,學士班(日間),5,2,3,3.16
107,私立,一般大學,1012,大葉大學,04121025,財務金融學系,學士班(日間),5,3,2,1.96
107,私立,一般大學,1012,大葉大學,07121054,環境工程學系,學士班(日間),2,1,1,1.64
107,私立,一般大學,1012,大葉大學,07151046,機械與自動化工程學系,學士班(日間),5,5,0,1.41
107,私立,一般大學,1012,大葉大學,07141038,電機工程學系,博士班,1,1,0,7.69
107,私立,一般大學,1012,大葉大學,07141038,電機工程學系,學士班(日間),1,1,0,0.49
107,私立,一般大學,1013,華梵學校財團法人華梵大學,02299009,東方人文思想研究所,博士班,5,4,1,10.64
107,私立,一般大學,1013,華梵學校財團法人華梵大學,02131002,美術與文創學系,學士班(日間),8,3,5,2.88
107,私立,一般大學,1013,華梵學校財團法人華梵大學,02322003,中國文學系,學士班(日間),1,0,1,1.41
107,私立,一般大學,1013,華梵學校財團法人華梵大學,07311016,建築學系,學士班(日間),3,2,1,2.21
107,私立,一般大學,1014,義守大學,02111001,電影與電視學系,學士班(日間),7,3,4,2.33
107,私立,一般大學,1014,義守大學,02123006,創意商品設計學系,學士班(日間),11,7,4,4.93
107,私立,一般大學,1014,義守大學,02311002,應用英語學系,學士班(日間),2,0,2,0.45
107,私立,一般大學,1014,義守大學,03211008,大眾傳播學系,學士班(日間),15,4,11,4.11
107,私立,一般大學,1014,義守大學,04111009,會計學系,學士班(日間),1,0,1,0.44
107,私立,一般大學,1014,義守大學,04121016,財務金融學系,學士班(日間),12,8,4,2.73
107,私立,一般大學,1014,義守大學,04121017,國際財務金融學系,學士班(日間),5,4,1,4.42
107,私立,一般大學,1014,義守大學,04131013,國際企業經營學系,學士班(日間),2,0,2,1.16
107,私立,一般大學,1014,義守大學,04133018,醫務管理學系,學士班(日間),1,0,1,0.27
107,私立,一般大學,1014,義守大學,04199019,工業管理學系,學士班(日間),4,2,2,1.57
107,私立,一般大學,1014,義守大學,02112005,數位多媒體設計學系,學士班(日間),4,2,2,1.90
107,私立,一般大學,1014,義守大學,02311003,應用日語學系,學士班(日間),2,1,1,0.64
107,私立,一般大學,1014,義守大學,04131010,企業管理學系,學士班(日間),3,1,2,0.71
107,私立,一般大學,1014,義守大學,04134007,公共政策與管理學系,學士班(日間),1,0,1,0.55
107,私立,一般大學,1014,義守大學,05121020,生物科技學系,學士班(日間),2,1,1,0.95
107,私立,一般大學,1014,義守大學,07141028,通訊工程學系,學士班(日間),2,2,0,1.29
107,私立,一般大學,1014,義守大學,07321032,土木與生態工程學系,學士班(日間),5,4,1,1.71
107,私立,一般大學,1014,義守大學,09141050,醫學影像暨放射科學系,學士班(日間),4,2,2,1.67
107,私立,一般大學,1014,義守大學,10151055,國際觀光餐旅學系,學士班(日間),3,2,1,1.18
107,私立,一般大學,1014,義守大學,10151057,休閒事業管理學系,學士班(日間),2,2,0,0.84
107,私立,一般大學,1014,義守大學,04131012,管理學院管理博士班,博士班,2,0,2,8.33
107,私立,一般大學,1014,義守大學,07141025,電機工程學系,博士班,4,3,1,18.18
107,私立,一般大學,1014,義守大學,07141026,電子工程學系,博士班,1,0,1,7.14
107,私立,一般大學,1014,義守大學,04131012,管理學院管理碩士班,碩士班(日間),2,1,1,2.56
107,私立,一般大學,1014,義守大學,07321032,土木與生態工程學系,碩士班(日間),1,1,0,10.00
107,私立,一般大學,1014,義守大學,04121016,財務金融學系,碩士班(日間),3,2,1,37.50
107,私立,一般大學,1014,義守大學,04131010,企業管理學系,碩士班(日間),1,1,0,3.33
107,私立,一般大學,1014,義守大學,05191044,營養學系,學士班(日間),1,1,0,0.40
107,私立,一般大學,1014,義守大學,05499023,財務與計算數學系,學士班(日間),2,0,2,1.49
107,私立,一般大學,1014,義守大學,06131027,資訊工程學系,學士班(日間),2,2,0,0.49
107,私立,一般大學,1014,義守大學,07111033,化學工程學系,學士班(日間),1,1,0,0.32
107,私立,一般大學,1014,義守大學,07112034,材料科學與工程學系,學士班(日間),2,0,2,0.65
107,私立,一般大學,1014,義守大學,07141025,電機工程學系,學士班(日間),1,1,0,0.19
107,私立,一般大學,1014,義守大學,07141026,電子工程學系,學士班(日間),1,0,1,0.33
107,私立,一般大學,1014,義守大學,07151030,機械與自動化工程學系,學士班(日間),1,1,0,0.32
107,私立,一般大學,1014,義守大學,07193037,生物醫學工程學系,學士班(日間),3,2,1,0.80
107,私立,一般大學,1015,世新大學,02112004,數位多媒體設計學系,學士班(日間),21,9,12,4.31
107,私立,一般大學,1015,世新大學,02311002,英語學系,學士班(日間),6,1,5,1.50
107,私立,一般大學,1015,世新大學,02311003,日本語文學系,學士班(日間),4,2,2,0.90
107,私立,一般大學,1015,世新大學,02322001,中國文學系,學士班(日間),7,2,5,3.54
107,私立,一般大學,1015,世新大學,03111005,經濟學系,學士班(日間),10,6,4,2.83
107,私立,一般大學,1015,世新大學,03212017,新聞學系,學士班(日間),18,2,16,2.48
107,私立,一般大學,1015,世新大學,04121024,財務金融學系,學士班(日間),16,5,11,3.97
107,私立,一般大學,1015,世新大學,04199025,傳播管理學系,學士班(日間),13,2,11,1.97
107,私立,一般大學,1015,世新大學,06131028,資訊管理學系,學士班(日間),9,5,4,1.20
107,私立,一般大學,1015,世新大學,10151029,觀光學系,學士班(日間),4,2,2,0.59
107,私立,一般大學,1015,世新大學,02111018,廣播電視電影學系,碩士班(日間),18,5,13,21.18
107,私立,一般大學,1015,世新大學,03111005,經濟學系,碩士班(日間),1,1,0,9.09
107,私立,一般大學,1015,世新大學,03141008,社會心理學系,碩士班(日間),1,0,1,6.25
107,私立,一般大學,1015,世新大學,03214013,資訊傳播學系,碩士班(日間),1,0,1,10.00
107,私立,一般大學,1015,世新大學,03214020,圖文傳播暨數位出版學系,碩士班(日間),2,1,1,10.53
107,私立,一般大學,1015,世新大學,04142019,公共關係暨廣告學系,碩士班(日間),8,1,7,20.00
107,私立,一般大學,1015,世新大學,02111018,廣播電視電影學系,學士班(日間),36,7,29,3.22
107,私立,一般大學,1015,世新大學,03141008,社會心理學系,學士班(日間),6,1,5,1.43
107,私立,一般大學,1015,世新大學,03214013,資訊傳播學系,學士班(日間),5,1,4,2.05
107,私立,一般大學,1015,世新大學,03214014,口語傳播學系,學士班(日間),6,1,5,1.21
107,私立,一般大學,1015,世新大學,03214020,圖文傳播暨數位出版學系,學士班(日間),8,3,5,1.77
107,私立,一般大學,1015,世新大學,04131023,企業管理學系,學士班(日間),8,4,4,3.57
107,私立,一般大學,1015,世新大學,04134009,行政管理學系,學士班(日間),1,1,0,0.25
107,私立,一般大學,1015,世新大學,04142019,公共關係暨廣告學系,學士班(日間),15,4,11,2.03
107,私立,一般大學,1015,世新大學,04211026,法律學系,學士班(日間),2,0,2,0.49
107,私立,一般大學,1015,世新大學,02322001,中國文學系,博士班,1,0,1,3.85
107,私立,一般大學,1015,世新大學,03214012,傳播博士學位學程,博士班,29,13,16,50.88
107,私立,一般大學,1015,世新大學,04134009,行政管理學系,博士班,1,1,0,7.14
107,私立,一般大學,1015,世新大學,02112004,數位多媒體設計學系,碩士班(日間),3,2,1,13.04
107,私立,一般大學,1015,世新大學,02322001,中國文學系,碩士班(日間),1,0,1,5.88
107,私立,一般大學,1015,世新大學,03141007,性別研究所,碩士班(日間),4,0,4,11.76
107,私立,一般大學,1015,世新大學,03191006,社會發展研究所,碩士班(日間),1,1,0,3.23
107,私立,一般大學,1015,世新大學,03212017,新聞學系,碩士班(日間),6,1,5,18.75
107,私立,一般大學,1015,世新大學,03214014,口語傳播學系,碩士班(日間),9,7,2,25.00
107,私立,一般大學,1015,世新大學,04131023,企業管理學系,碩士班(日間),2,2,0,11.11
107,私立,一般大學,1015,世新大學,04199025,傳播管理學系,碩士班(日間),2,1,1,10.00
107,私立,一般大學,1015,世新大學,10151029,觀光學系,碩士班(日間),1,1,0,5.00
107,私立,一般大學,1016,銘傳大學,01131042,華語文教學學系,學士班(日間),3,0,3,0.63
107,私立,一般大學,1016,銘傳大學,02112072,商業設計學系,學士班(日間),3,2,1,0.56
107,私立,一般大學,1016,銘傳大學,02311031,應用英語學系,學士班(日間),2,0,2,0.27
107,私立,一般大學,1016,銘傳大學,02112012,數位媒體設計學系,學士班(日間),4,2,2,0.65
107,私立,一般大學,1016,銘傳大學,02123073,商品設計學系,學士班(日間),3,1,2,0.57
107,私立,一般大學,1016,銘傳大學,02311010,應用日語學系,學士班(日間),6,2,4,1.14
107,私立,一般大學,1016,銘傳大學,02322002,應用中國文學系,學士班(日間),7,1,6,1.50
107,私立,一般大學,1016,銘傳大學,03122005,國際事務與外交學士學位學程,學士班(日間),2,1,1,2.22
107,私立,一般大學,1016,銘傳大學,03131054,諮商與工商心理學系,學士班(日間),1,0,1,0.35
107,私立,一般大學,1016,銘傳大學,03141088,犯罪防治學系,學士班(日間),3,1,2,0.72
107,私立,一般大學,1016,銘傳大學,03212046,新聞學系,學士班(日間),50,21,29,16.45
107,私立,一般大學,1016,銘傳大學,03213047,廣播電視學系,學士班(日間),17,4,13,4.37
107,私立,一般大學,1016,銘傳大學,04111032,會計學系,學士班(日間),9,4,5,1.10
107,私立,一般大學,1016,銘傳大學,04123056,風險管理與保險學系,學士班(日間),13,3,10,2.17
107,私立,一般大學,1016,銘傳大學,04134006,公共事務學系,學士班(日間),5,2,3,1.89
107,私立,一般大學,1016,銘傳大學,04211039,法律學系,學士班(日間),2,0,2,0.49
107,私立,一般大學,1016,銘傳大學,05121009,生物科技學系,學士班(日間),5,1,4,1.15
107,私立,一般大學,1016,銘傳大學,05421079,應用統計與資料科學學系,學士班(日間),8,4,4,1.93
107,私立,一般大學,1016,銘傳大學,06132078,資訊傳播工程學系,學士班(日間),4,3,1,0.93
107,私立,一般大學,1016,銘傳大學,06134068,資訊科技應用學士學位學程,學士班(日間),1,0,1,1.85
107,私立,一般大學,1016,銘傳大學,07141025,電子工程學系,學士班(日間),14,12,2,3.69
107,私立,一般大學,1016,銘傳大學,07311026,建築學系,學士班(日間),14,7,7,4.75
107,私立,一般大學,1016,銘傳大學,07313048,都市規劃與防災學系,學士班(日間),2,1,1,0.90
107,私立,一般大學,1016,銘傳大學,10151033,觀光事業學系,學士班(日間),5,1,4,1.63
107,私立,一般大學,1016,銘傳大學,10152076,休閒遊憩管理學系,學士班(日間),31,11,20,10.33
107,私立,一般大學,1016,銘傳大學,02322002,應用中國文學系,博士班,11,5,6,26.83
107,私立,一般大學,1016,銘傳大學,03213064,新媒體暨傳播管理學系,碩士班(日間),10,3,7,38.46
107,私立,一般大學,1016,銘傳大學,04121020,財務金融學系,碩士班(日間),3,2,1,9.38
107,私立,一般大學,1016,銘傳大學,04131036,企業管理學系,碩士班(日間),7,3,4,11.67
107,私立,一般大學,1016,銘傳大學,03211063,新聞與大眾傳播學士學位學程,學士班(日間),1,0,1,1.10
107,私立,一般大學,1016,銘傳大學,03213064,新媒體暨傳播管理學系,學士班(日間),30,4,26,9.26
107,私立,一般大學,1016,銘傳大學,04121020,財務金融學系,學士班(日間),56,22,34,6.56
107,私立,一般大學,1016,銘傳大學,04121059,經濟與金融學系,學士班(日間),12,8,4,2.51
107,私立,一般大學,1016,銘傳大學,04131017,國際企業與貿易學士學位學程,學士班(日間),1,0,1,0.28
107,私立,一般大學,1016,銘傳大學,04131036,企業管理學系,學士班(日間),20,10,10,2.24
107,私立,一般大學,1016,銘傳大學,04131061,國際企業學系,學士班(日間),13,5,8,1.53
107,私立,一般大學,1016,銘傳大學,04133022,醫療資訊與管理學系,學士班(日間),6,1,5,1.39
107,私立,一般大學,1016,銘傳大學,04143015,廣告暨策略行銷學系,學士班(日間),19,5,14,5.56
107,私立,一般大學,1016,銘傳大學,04212024,財金法律學系,學士班(日間),4,4,0,1.89
107,私立,一般大學,1016,銘傳大學,06131045,資訊管理學系,學士班(日間),7,3,4,1.04
107,私立,一般大學,1016,銘傳大學,06134050,電腦與通訊工程學系,學士班(日間),10,8,2,2.36
107,私立,一般大學,1016,銘傳大學,07141029,資訊工程學系,學士班(日間),18,17,1,4.23
107,私立,一般大學,1016,銘傳大學,07193043,生物醫學工程學系,學士班(日間),2,1,1,1.00
107,私立,一般大學,1016,銘傳大學,10131044,餐旅管理學系,學士班(日間),3,1,2,0.92
107,私立,一般大學,1016,銘傳大學,04131036,企業管理學系,博士班,11,3,8,34.38
107,私立,一般大學,1016,銘傳大學,02112012,數位媒體設計學系,碩士班(日間),3,1,2,9.68
107,私立,一般大學,1016,銘傳大學,02123073,商品設計學系創新設計與管理碩士班,碩士班(日間),2,2,0,7.69
107,私立,一般大學,1016,銘傳大學,04111032,會計學系,碩士班(日間),1,0,1,3.85
107,私立,一般大學,1016,銘傳大學,04123056,風險管理與保險學系,碩士班(日間),1,1,0,6.25
107,私立,一般大學,1016,銘傳大學,04211039,法律學系,碩士班(日間),1,0,1,2.08
107,私立,一般大學,1016,銘傳大學,07311026,建築學系,碩士班(日間),2,2,0,13.33
107,私立,一般大學,1016,銘傳大學,10151033,觀光事業學系,碩士班(日間),1,0,1,5.26
107,私立,一般大學,1017,實踐大學,02112012,媒體傳達設計學系,學士班(日間),15,5,10,3.72
107,私立,一般大學,1017,實踐大學,02112039,資訊模擬與設計學系,學士班(日間),2,2,0,0.53
107,私立,一般大學,1017,實踐大學,02122009,時尚設計學系,學士班(日間),16,5,11,3.00
107,私立,一般大學,1017,實踐大學,02125051,服裝設計學系,學士班(日間),15,1,14,2.68
107,私立,一般大學,1017,實踐大學,02151001,音樂學系,學士班(日間),7,1,6,3.65
107,私立,一般大學,1017,實踐大學,02311004,應用外語學系,學士班(日間),4,1,3,0.93
107,私立,一般大學,1017,實踐大學,02311005,應用英語學系,學士班(日間),1,1,0,0.41
107,私立,一般大學,1017,實踐大學,02311006,應用日文學系,學士班(日間),2,0,2,0.49
107,私立,一般大學,1017,實踐大學,04131021,企業管理學系,學士班(日間),5,1,4,1.08
107,私立,一般大學,1017,實踐大學,04131022,國際企業管理學系,學士班(日間),3,3,0,1.19
107,私立,一般大學,1017,實踐大學,04131023,管理學院國際企業英語學士學位學程,學士班(日間),2,1,1,1.01
107,私立,一般大學,1017,實踐大學,04141028,國際經營與貿易學系,學士班(日間),3,0,3,0.67
107,私立,一般大學,1017,實踐大學,05191043,食品營養與保健生技學系,學士班(日間),3,1,2,0.63
107,私立,一般大學,1017,實踐大學,06131037,資訊科技與管理學系,學士班(日間),4,3,1,0.95
107,私立,一般大學,1017,實踐大學,06131038,資訊管理學系,學士班(日間),2,2,0,0.97
107,私立,一般大學,1017,實踐大學,07311041,建築設計學系,學士班(日間),9,4,5,3.88
107,私立,一般大學,1017,實踐大學,09221045,家庭研究與兒童發展學系,學士班(日間),5,1,4,2.02
107,私立,一般大學,1017,實踐大學,09231044,社會工作學系,學士班(日間),2,0,2,0.47
107,私立,一般大學,1017,實踐大學,10131046,餐飲管理學系,學士班(日間),2,1,1,0.74
107,私立,一般大學,1017,實踐大學,02123014,工業產品設計學系,碩士班(日間),5,3,2,6.76
107,私立,一般大學,1017,實踐大學,04121029,財務金融學系,碩士班(日間),2,2,0,13.33
107,私立,一般大學,1017,實踐大學,02123014,工業產品設計學系,學士班(日間),9,2,7,3.33
107,私立,一般大學,1017,實踐大學,02125053,服飾設計與經營學系,學士班(日間),17,2,15,2.96
107,私立,一般大學,1017,實踐大學,04111019,會計學系,學士班(日間),7,3,4,1.56
107,私立,一般大學,1017,實踐大學,04111020,會計暨稅務學系,學士班(日間),1,0,1,0.40
107,私立,一般大學,1017,實踐大學,04121029,財務金融學系,學士班(日間),16,5,11,3.46
107,私立,一般大學,1017,實踐大學,04121032,金融管理學系,學士班(日間),2,2,0,0.81
107,私立,一般大學,1017,實踐大學,04123033,風險管理與保險學系,學士班(日間),3,1,2,0.71
107,私立,一般大學,1017,實踐大學,04141026,國際貿易學系,學士班(日間),1,1,0,0.47
107,私立,一般大學,1017,實踐大學,04143035,行銷管理學系,學士班(日間),2,2,0,0.82
107,私立,一般大學,1017,實踐大學,10151047,觀光管理學系,學士班(日間),1,0,1,0.18
107,私立,一般大學,1017,實踐大學,04199036,管理學院創意產業博士班,博士班,13,4,9,52.00
107,私立,一般大學,1017,實踐大學,02112012,媒體傳達設計學系,碩士班(日間),8,3,5,19.05
107,私立,一般大學,1017,實踐大學,02125051,服裝設計學系,碩士班(日間),2,2,0,4.65
107,私立,一般大學,1017,實踐大學,02151001,音樂學系,碩士班(日間),1,0,1,3.33
107,私立,一般大學,1017,實踐大學,04131021,企業管理學系,碩士班(日間),1,0,1,6.67
107,私立,一般大學,1017,實踐大學,04131023,管理學院國際企業英語碩士學位學程,碩士班(日間),1,0,1,5.56
107,私立,一般大學,1017,實踐大學,06131037,資訊科技與管理學系,碩士班(日間),1,1,0,8.33
107,私立,技專校院,1018,朝陽科技大學,02123004,工業設計系,學士班(日間),20,12,8,4.00
107,私立,技專校院,1018,朝陽科技大學,04111007,會計系,學士班(日間),3,2,1,0.43
107,私立,技專校院,1018,朝陽科技大學,04121010,財務金融系,學士班(日間),5,1,4,0.72
107,私立,技專校院,1018,朝陽科技大學,04131008,企業管理系,學士班(日間),1,1,0,0.14
107,私立,技專校院,1018,朝陽科技大學,06111023,資訊與通訊系,學士班(日間),2,2,0,0.42
107,私立,技專校院,1018,朝陽科技大學,06131019,資訊管理系,學士班(日間),6,5,1,0.89
107,私立,技專校院,1018,朝陽科技大學,07141020,資訊工程系,學士班(日間),3,3,0,0.62
107,私立,技專校院,1018,朝陽科技大學,07121027,環境工程與管理系,學士班(日間),2,1,1,0.47
107,私立,技專校院,1018,朝陽科技大學,09231034,社會工作系,學士班(日間),2,0,2,0.42
107,私立,技專校院,1018,朝陽科技大學,02122028,建築系建築及都市設計博士班,博士班,3,2,1,14.29
107,私立,技專校院,1018,朝陽科技大學,04131008,企業管理系台灣產業策略發展博士班,博士班,1,0,1,2.86
107,私立,技專校院,1018,朝陽科技大學,02123004,工業設計系,碩士班(日間),2,2,0,8.70
107,私立,技專校院,1018,朝陽科技大學,04123011,保險金融管理系,碩士班(日間),1,1,0,7.69
107,私立,技專校院,1018,朝陽科技大學,06132023,資訊與通訊系,碩士班(日間),1,1,0,1.96
107,私立,技專校院,1018,朝陽科技大學,07141020,資訊工程系,碩士班(日間),1,1,0,3.57
107,私立,技專校院,1018,朝陽科技大學,07312031,景觀及都市設計系,碩士班(日間),1,1,0,4.17
107,私立,技專校院,1018,朝陽科技大學,07311028,建築系,學士班(日間),28,13,15,5.73
107,私立,技專校院,1018,朝陽科技大學,07312031,景觀及都市設計系,學士班(日間),17,11,6,6.25
107,私立,技專校院,1018,朝陽科技大學,07321025,營建工程系,學士班(日間),1,1,0,0.20
107,私立,技專校院,1018,朝陽科技大學,09221035,幼兒保育系,學士班(日間),2,0,2,0.40
107,私立,技專校院,1018,朝陽科技大學,10152036,休閒事業管理系,學士班(日間),3,0,3,0.64
107,私立,技專校院,1018,朝陽科技大學,06131019,資訊管理系,博士班,4,2,2,23.53
107,私立,技專校院,1018,朝陽科技大學,02112003,視覺傳達設計系,碩士班(日間),1,0,1,2.63
107,私立,技專校院,1018,朝陽科技大學,04121010,財務金融系,碩士班(日間),2,2,0,8.70
107,私立,技專校院,1018,朝陽科技大學,02112003,視覺傳達設計系,學士班(日間),30,9,21,5.18
107,私立,技專校院,1018,朝陽科技大學,02311001,應用英語系,學士班(日間),6,1,5,1.22
107,私立,技專校院,1018,朝陽科技大學,03211006,傳播藝術系,學士班(日間),22,8,14,3.85
107,私立,技專校院,1018,朝陽科技大學,04123011,保險金融管理系,學士班(日間),2,0,2,0.32
107,私立,技專校院,1018,朝陽科技大學,04132012,行銷與流通管理系,學士班(日間),2,1,1,0.36
107,私立,技專校院,1018,朝陽科技大學,04199014,銀髮產業管理系,學士班(日間),1,0,1,0.23
107,私立,技專校院,1018,朝陽科技大學,05311017,應用化學系,學士班(日間),2,2,0,0.70
107,私立,一般大學,1019,高雄醫學大學,04133003,醫務管理暨醫療資訊學系,學士班(日間),3,1,2,1.32
107,私立,一般大學,1019,高雄醫學大學,05311017,醫藥暨應用化學系,學士班(日間),6,3,3,1.75
107,私立,一般大學,1019,高雄醫學大學,09161027,香粧品學系,學士班(日間),1,0,1,0.39
107,私立,一般大學,1019,高雄醫學大學,09191021,公共衛生學系,學士班(日間),1,0,1,0.55
107,私立,一般大學,1019,高雄醫學大學,09161026,天然藥物研究所,博士班,1,0,1,4.55
107,私立,一般大學,1019,高雄醫學大學,03131002,心理學系,學士班(日間),2,0,2,0.91
107,私立,一般大學,1019,高雄醫學大學,09111046,口腔衛生學系,學士班(日間),1,0,1,0.77
107,私立,一般大學,1019,高雄醫學大學,09159030,運動醫學系,學士班(日間),1,0,1,0.44
107,私立,一般大學,1019,高雄醫學大學,09231049,醫學社會學與社會工作學系,學士班(日間),4,2,2,2.05
107,私立,一般大學,1020,南華大學,03214026,傳播學系,學士班(日間),1,0,1,0.48
107,私立,一般大學,1020,南華大學,04131029,企業管理學系管理科學博士班,博士班,1,0,1,2.08
107,私立,一般大學,1020,南華大學,04121031,財務金融學系,學士班(日間),3,3,0,1.55
107,私立,一般大學,1020,南華大學,02151003,民族音樂學系,碩士班(日間),1,1,0,4.76
107,私立,一般大學,1021,真理大學,02151001,音樂應用學系,學士班(日間),1,0,1,0.55
107,私立,一般大學,1021,真理大學,04211031,法律學系,學士班(日間),1,0,1,0.23
107,私立,一般大學,1021,真理大學,04211031,法律學系,碩士班(日間),1,1,0,3.85
107,私立,一般大學,1022,大同大學,02112004,媒體設計學系,學士班(日間),10,6,4,3.02
107,私立,一般大學,1022,大同大學,02123005,工業設計學系,學士班(日間),5,1,4,1.27
107,私立,一般大學,1022,大同大學,02311001,應用外語學系,學士班(日間),5,2,3,2.50
107,私立,一般大學,1022,大同大學,04131007,事業經營學系,學士班(日間),4,1,3,0.91
107,私立,一般大學,1022,大同大學,06131006,資訊經營學系,學士班(日間),7,6,1,3.00
107,私立,一般大學,1022,大同大學,07111015,化學工程學系,學士班(日間),1,1,0,0.36
107,私立,一般大學,1022,大同大學,07112016,材料工程學系,學士班(日間),3,2,1,0.85
107,私立,一般大學,1022,大同大學,07141010,電機工程學系,碩士班(日間),3,3,0,5.45
107,私立,一般大學,1022,大同大學,06131012,資訊工程學系,學士班(日間),5,5,0,1.15
107,私立,一般大學,1022,大同大學,07141010,電機工程學系,學士班(日間),4,4,0,0.94
107,私立,一般大學,1022,大同大學,07151014,機械工程學系,學士班(日間),6,6,0,1.51
107,私立,一般大學,1022,大同大學,07193018,生物工程學系,學士班(日間),1,1,0,0.49
107,私立,一般大學,1022,大同大學,02122003,設計科學研究所,博士班,22,12,10,25.88
107,私立,一般大學,1022,大同大學,02112004,媒體設計學系,碩士班(日間),3,2,1,18.75
107,私立,一般大學,1022,大同大學,02123005,工業設計學系,碩士班(日間),2,2,0,3.13
107,私立,一般大學,1022,大同大學,04131007,事業經營學系,碩士班(日間),1,1,0,4.76
107,私立,技專校院,1023,南臺學校財團法人南臺科技大學,07151045,機械工程系,碩士班(日間),1,1,0,1.61
107,私立,技專校院,1023,南臺學校財團法人南臺科技大學,02112008,視覺傳達設計系,學士班(日間),13,7,6,1.88
107,私立,技專校院,1023,南臺學校財團法人南臺科技大學,02311005,應用英語系,學士班(日間),2,0,2,0.45
107,私立,技專校院,1023,南臺學校財團法人南臺科技大學,03214011,資訊傳播系,學士班(日間),12,7,5,2.71
107,私立,技專校院,1023,南臺學校財團法人南臺科技大學,04121022,國際金融學士學位學程,學士班(日間),2,1,1,4.65
107,私立,技專校院,1023,南臺學校財團法人南臺科技大學,04131020,國際商務學士學位學程,學士班(日間),1,1,0,1.05
107,私立,技專校院,1023,南臺學校財團法人南臺科技大學,04132024,行銷與流通管理系,學士班(日間),4,3,1,0.86
107,私立,技專校院,1023,南臺學校財團法人南臺科技大學,04199060,工業管理與資訊系,學士班(日間),1,1,0,0.15
107,私立,技專校院,1023,南臺學校財團法人南臺科技大學,05121035,生物科技系,學士班(日間),1,0,1,0.31
107,私立,技專校院,1023,南臺學校財團法人南臺科技大學,06132038,多媒體與電腦娛樂科學系,學士班(日間),4,4,0,0.96
107,私立,技專校院,1023,南臺學校財團法人南臺科技大學,07111048,化學工程與材料工程系,學士班(日間),1,1,0,0.24
107,私立,技專校院,1023,南臺學校財團法人南臺科技大學,07141040,電子工程系,學士班(日間),5,4,1,0.56
107,私立,技專校院,1023,南臺學校財團法人南臺科技大學,09221055,幼兒保育系,學士班(日間),1,0,1,0.29
107,私立,技專校院,1023,南臺學校財團法人南臺科技大學,02123010,創新產品設計系,碩士班(日間),1,1,0,3.70
107,私立,技專校院,1023,南臺學校財團法人南臺科技大學,03214011,資訊傳播系,碩士班(日間),1,1,0,5.26
107,私立,技專校院,1023,南臺學校財團法人南臺科技大學,04121021,財務金融系,碩士班(日間),2,2,0,8.70
107,私立,技專校院,1023,南臺學校財團法人南臺科技大學,04131015,企業管理系,碩士班(日間),1,0,1,3.45
107,私立,技專校院,1023,南臺學校財團法人南臺科技大學,02123010,創新產品設計系,學士班(日間),8,4,4,2.19
107,私立,技專校院,1023,南臺學校財團法人南臺科技大學,02311006,應用日語系,學士班(日間),3,2,1,0.62
107,私立,技專校院,1023,南臺學校財團法人南臺科技大學,04111013,會計資訊系,學士班(日間),1,1,0,0.26
107,私立,技專校院,1023,南臺學校財團法人南臺科技大學,04121021,財務金融系,學士班(日間),8,4,4,1.39
107,私立,技專校院,1023,南臺學校財團法人南臺科技大學,04131015,企業管理系,學士班(日間),3,1,2,0.68
107,私立,技專校院,1023,南臺學校財團法人南臺科技大學,04131017,國際企業系,學士班(日間),1,0,1,0.25
107,私立,技專校院,1023,南臺學校財團法人南臺科技大學,06131036,資訊管理系,學士班(日間),2,1,1,0.33
107,私立,技專校院,1023,南臺學校財團法人南臺科技大學,06131043,資訊工程系,學士班(日間),5,5,0,1.14
107,私立,技專校院,1023,南臺學校財團法人南臺科技大學,07141039,電機工程系,學士班(日間),4,4,0,0.48
107,私立,技專校院,1023,南臺學校財團法人南臺科技大學,07141042,光電工程系,學士班(日間),2,2,0,0.51
107,私立,技專校院,1023,南臺學校財團法人南臺科技大學,07151045,機械工程系,學士班(日間),5,5,0,0.39
107,私立,技專校院,1023,南臺學校財團法人南臺科技大學,10152058,休閒事業管理系,學士班(日間),1,1,0,0.24
107,私立,技專校院,1023,南臺學校財團法人南臺科技大學,04131016,經營管理博士學位學程,博士班,1,1,0,3.45
107,私立,技專校院,1023,南臺學校財團法人南臺科技大學,07141040,電子工程系,博士班,1,1,0,8.33
107,私立,技專校院,1023,南臺學校財團法人南臺科技大學,06132038,多媒體與電腦娛樂科學系,碩士班(日間),1,1,0,2.17
107,私立,技專校院,1024,崑山科技大學,02111009,視訊傳播設計系,學士班(日間),7,5,2,1.11
107,私立,技專校院,1024,崑山科技大學,02112004,視覺傳達設計系,學士班(日間),13,5,8,1.80
107,私立,技專校院,1024,崑山科技大學,02124007,空間設計系,學士班(日間),8,4,4,1.42
107,私立,技專校院,1024,崑山科技大學,04121021,金融管理系,學士班(日間),4,3,1,1.99
107,私立,技專校院,1024,崑山科技大學,04143012,公共關係暨廣告系,學士班(日間),5,2,3,0.98
107,私立,技專校院,1024,崑山科技大學,07141027,光電工程系,學士班(日間),1,1,0,0.89
107,私立,技專校院,1024,崑山科技大學,04131015,企業管理系,學士班(日間),3,2,1,1.28
107,私立,技專校院,1024,崑山科技大學,07141025,電機工程系,學士班(日間),1,1,0,0.24
107,私立,技專校院,1024,崑山科技大學,02112004,視覺傳達設計系,碩士班(日間),1,0,1,3.23
107,私立,技專校院,1024,崑山科技大學,07151030,機械工程系機械與能源工程博士班,博士班,1,0,1,2.78
107,私立,技專校院,1024,崑山科技大學,02122007,空間設計系環境設計碩士班,碩士班(日間),1,0,1,8.33
107,私立,技專校院,1024,崑山科技大學,04131015,企業管理系,碩士班(日間),1,1,0,3.45
107,私立,技專校院,1025,嘉藥學校財團法人嘉南藥理大學,07121009,環境工程與科學系,學士班(日間),4,2,2,0.85
107,私立,技專校院,1025,嘉藥學校財團法人嘉南藥理大學,10152021,休閒保健管理系,學士班(日間),1,1,0,0.16
107,私立,技專校院,1026,樹德科技大學,02112009,視覺傳達設計系,學士班(日間),33,11,22,6.37
107,私立,技專校院,1026,樹德科技大學,02152001,表演藝術系,學士班(日間),10,4,6,2.11
107,私立,技專校院,1026,樹德科技大學,04121026,金融管理系,學士班(日間),15,8,7,3.31
107,私立,技專校院,1026,樹德科技大學,04131016,企業管理系,學士班(日間),3,1,2,0.78
107,私立,技專校院,1026,樹德科技大學,09231037,社會工作學士學位學程,學士班(日間),1,0,1,100.00
107,私立,技專校院,1026,樹德科技大學,02122004,流行設計系,學士班(日間),12,2,10,2.43
107,私立,技專校院,1026,樹德科技大學,02122006,動畫與遊戲設計系,學士班(日間),7,6,1,1.46
107,私立,技專校院,1026,樹德科技大學,02123010,生活產品設計系,學士班(日間),13,4,9,3.31
107,私立,技專校院,1026,樹德科技大學,02124011,室內設計系,學士班(日間),16,12,4,2.89
107,私立,技專校院,1026,樹德科技大學,02192002,藝術管理與藝術經紀系,學士班(日間),13,4,9,5.88
107,私立,技專校院,1026,樹德科技大學,04141018,國際企業與貿易系,學士班(日間),2,1,1,1.31
107,私立,技專校院,1026,樹德科技大學,04141020,會議展覽與國際行銷學位學程,學士班(日間),2,0,2,1.23
107,私立,技專校院,1026,樹德科技大學,06121032,資訊管理系,學士班(日間),2,1,1,0.61
107,私立,技專校院,1026,樹德科技大學,10131046,餐旅與烘焙管理系,學士班(日間),1,0,1,0.38
107,私立,技專校院,1026,樹德科技大學,02122005,應用設計研究所,碩士班(日間),3,2,1,7.32
107,私立,技專校院,1026,樹德科技大學,04121026,金融管理系,碩士班(日間),1,1,0,10.00
107,私立,技專校院,1026,樹德科技大學,02124012,建築與室內設計研究所,碩士班(日間),4,2,2,19.05
107,私立,技專校院,1026,樹德科技大學,09221038,兒童與家庭服務系,碩士班(日間),1,1,0,2.78
107,私立,一般大學,1027,慈濟學校財團法人慈濟大學,02322004,東方語文學系,學士班(日間),1,1,0,0.48
107,私立,一般大學,1027,慈濟學校財團法人慈濟大學,03131008,人類發展與心理學系,學士班(日間),1,0,1,0.60
107,私立,一般大學,1027,慈濟學校財團法人慈濟大學,09191024,公共衛生學系,學士班(日間),1,0,1,0.76
107,私立,一般大學,1027,慈濟學校財團法人慈濟大學,09221002,兒童發展與家庭教育學系,學士班(日間),2,0,2,1.19
107,私立,一般大學,1027,慈濟學校財團法人慈濟大學,02211005,宗教與人文研究所,碩士班(日間),1,0,1,4.17
107,私立,一般大學,1027,慈濟學校財團法人慈濟大學,02311003,英美語文學系,學士班(日間),2,1,1,2.74
107,私立,一般大學,1027,慈濟學校財團法人慈濟大學,05121012,分子生物暨人類遺傳學系,學士班(日間),1,1,0,0.65
107,私立,一般大學,1027,慈濟學校財團法人慈濟大學,06133032,醫學資訊學系,學士班(日間),4,3,1,2.34
107,私立,一般大學,1028,臺北醫學大學,04133002,醫務管理學系,學士班(日間),10,5,5,3.76
107,私立,一般大學,1028,臺北醫學大學,09131037,護理學系,學士班(日間),6,0,6,2.39
107,私立,一般大學,1028,臺北醫學大學,05191032,保健營養學系,學士班(日間),3,1,2,0.89
107,私立,一般大學,1028,臺北醫學大學,07193009,生物醫學工程學系,學士班(日間),2,1,1,2.13
107,私立,一般大學,1028,臺北醫學大學,09111045,牙體技術學系,學士班(日間),7,3,4,3.93
107,私立,一般大學,1028,臺北醫學大學,09111046,口腔衛生學系,學士班(日間),6,4,2,4.51
107,私立,一般大學,1028,臺北醫學大學,09141041,醫學檢驗暨生物技術學系,學士班(日間),8,1,7,2.73
107,私立,一般大學,1028,臺北醫學大學,09191020,公共衛生學系,學士班(日間),7,3,4,3.65
107,私立,一般大學,1028,臺北醫學大學,09211049,高齡健康管理學系,學士班(日間),5,2,3,2.78
107,私立,一般大學,1028,臺北醫學大學,09141042,醫學資訊研究所,博士班,2,2,0,6.25
107,私立,一般大學,1028,臺北醫學大學,04133002,醫務管理學系,碩士班(日間),1,0,1,3.45
107,私立,一般大學,1029,中山醫學大學,05191026,營養學系,學士班(日間),1,1,0,0.25
107,私立,一般大學,1029,中山醫學大學,09141030,醫學檢驗暨生物技術學系,學士班(日間),2,0,2,0.55
107,私立,一般大學,1029,中山醫學大學,09141031,醫學影像暨放射科學系,學士班(日間),3,2,1,0.99
107,私立,一般大學,1029,中山醫學大學,09151022,物理治療學系,學士班(日間),1,1,0,0.50
107,私立,一般大學,1029,中山醫學大學,09153024,語言治療與聽力學系,學士班(日間),5,3,2,1.31
107,私立,一般大學,1029,中山醫學大學,09191020,公共衛生學系,學士班(日間),1,0,1,0.40
107,私立,一般大學,1029,中山醫學大學,09231045,醫學社會暨社會工作學系,學士班(日間),1,0,1,0.28
107,私立,一般大學,1029,中山醫學大學,03131004,心理學系,學士班(日間),3,1,2,1.45
107,私立,一般大學,1029,中山醫學大學,05121012,生物醫學科學學系,學士班(日間),2,1,1,0.70
107,私立,一般大學,1029,中山醫學大學,09152023,職能治療學系,學士班(日間),4,2,2,2.04
107,私立,一般大學,1029,中山醫學大學,10221021,職業安全衛生學系,學士班(日間),3,2,1,1.49
107,私立,一般大學,1029,中山醫學大學,09141031,醫學影像暨放射科學系,碩士班(日間),2,0,2,14.29
107,私立,一般大學,1029,中山醫學大學,09151022,物理治療學系,碩士班(日間),1,0,1,11.11
107,私立,技專校院,1030,龍華科技大學,02122002,文化創意與數位媒體設計系,學士班(日間),13,9,4,2.41
107,私立,技專校院,1030,龍華科技大學,04131004,企業管理系,學士班(日間),2,1,1,0.50
107,私立,技專校院,1030,龍華科技大學,06131009,資訊管理系,學士班(日間),3,2,1,0.68
107,私立,技專校院,1030,龍華科技大學,07151016,機械工程系,學士班(日間),1,1,0,0.17
107,私立,技專校院,1030,龍華科技大學,02112011,多媒體與遊戲發展科學系,學士班(日間),5,5,0,0.79
107,私立,技專校院,1030,龍華科技大學,04121007,財務金融系,學士班(日間),9,3,6,2.27
107,私立,技專校院,1030,龍華科技大學,04141005,國際企業系,學士班(日間),3,2,1,0.72
107,私立,技專校院,1030,龍華科技大學,07112018,化工與材料工程系,學士班(日間),1,1,0,0.31
107,私立,技專校院,1030,龍華科技大學,07141014,電子工程系,學士班(日間),2,1,1,0.38
107,私立,技專校院,1030,龍華科技大學,10151021,觀光休閒系,學士班(日間),5,4,1,1.19
107,私立,技專校院,1032,明新學校財團法人明新科技大學,04121007,財務金融系,學士班(日間),1,1,0,0.27
107,私立,一般大學,1033,長榮大學,02131001,美術學系,學士班(日間),7,1,6,4.05
107,私立,一般大學,1033,長榮大學,10412061,航運管理學系,學士班(日間),2,1,1,0.36
107,私立,一般大學,1033,長榮大學,06131037,資訊管理學系,學士班(日間),4,2,2,1.87
107,私立,一般大學,1033,長榮大學,09231055,社會工作學系,學士班(日間),1,1,0,0.40
107,私立,一般大學,1033,長榮大學,04131026,經營管理研究所,博士班,1,1,0,4.76
107,私立,一般大學,1033,長榮大學,04131026,管理學院經營管理博士班,博士班,1,1,0,6.25
107,私立,技專校院,1034,弘光科技大學,04133005,健康事業管理系,學士班(日間),2,1,1,0.54
107,私立,技專校院,1034,弘光科技大學,07211017,食品科技系,學士班(日間),1,1,0,0.24
107,私立,技專校院,1034,弘光科技大學,02122003,文化創意產業系,學士班(日間),7,4,3,1.95
107,私立,技專校院,1034,弘光科技大學,05191023,營養系,學士班(日間),3,2,1,0.84
107,私立,技專校院,1034,弘光科技大學,10121031,化妝品應用系,學士班(日間),1,0,1,0.23
107,私立,技專校院,1034,弘光科技大學,07211017,食品科技系,碩士班(日間),1,1,0,7.14
107,私立,一般大學,1035,中國醫藥大學,04133029,醫務管理學系,學士班(日間),1,1,0,0.91
107,私立,一般大學,1035,中國醫藥大學,09141032,生物醫學影像暨放射科學學系,學士班(日間),3,1,2,1.38
107,私立,一般大學,1035,中國醫藥大學,09161042,藥用化妝品學系,學士班(日間),2,0,2,1.09
107,私立,一般大學,1035,中國醫藥大學,05191021,營養學系,碩士班(日間),2,0,2,4.76
107,私立,一般大學,1035,中國醫藥大學,05121043,生物科技學系,學士班(日間),2,1,1,0.88
107,私立,一般大學,1035,中國醫藥大學,05191021,營養學系,學士班(日間),3,0,3,0.95
107,私立,一般大學,1035,中國醫藥大學,09131045,護理學系,學士班(日間),3,0,3,1.02
107,私立,一般大學,1035,中國醫藥大學,09141017,醫學檢驗生物技術學系,學士班(日間),2,0,2,0.99
107,私立,一般大學,1035,中國醫藥大學,09151010,物理治療學系,學士班(日間),6,2,4,2.41
107,私立,一般大學,1035,中國醫藥大學,09159047,運動醫學系,學士班(日間),2,1,1,0.96
107,私立,一般大學,1035,中國醫藥大學,09161039,中國藥學暨中藥資源學系,學士班(日間),2,1,1,1.27
107,私立,一般大學,1035,中國醫藥大學,04133029,醫務管理學系,碩士班(日間),1,0,1,3.03
107,私立,技專校院,1037,正修學校財團法人正修科技大學,07311004,建築與室內設計系,學士班(日間),7,3,4,1.63
107,私立,技專校院,1037,正修學校財團法人正修科技大學,07321016,土木與空間資訊系,學士班(日間),3,3,0,0.70
107,私立,技專校院,1037,正修學校財團法人正修科技大學,04121008,金融管理系,學士班(日間),1,1,0,0.36
107,私立,技專校院,1037,正修學校財團法人正修科技大學,04131006,國際企業系,學士班(日間),1,1,0,0.23
107,私立,技專校院,1037,正修學校財團法人正修科技大學,07141013,資訊工程系,學士班(日間),2,2,0,0.48
107,私立,技專校院,1038,萬能學校財團法人萬能科技大學,02123002,商業設計系,學士班(日間),2,1,1,0.63
107,私立,一般大學,1039,玄奘大學,03211018,大眾傳播學系,學士班(日間),5,1,4,1.47
107,私立,一般大學,1039,玄奘大學,03211023,傳播學院碩士班,碩士班(日間),1,1,0,8.33
107,私立,技專校院,1040,建國科技大學,07141013,電機工程系,學士班(日間),1,1,0,0.33
107,私立,技專校院,1040,建國科技大學,04131009,國際企業管理系,學士班(日間),1,1,0,0.50
107,私立,技專校院,1041,明志科技大學,02112003,視覺傳達設計系,學士班(日間),7,3,4,3.21
107,私立,技專校院,1041,明志科技大學,02123004,工業設計系,學士班(日間),8,5,3,3.85
107,私立,技專校院,1041,明志科技大學,04131005,經營管理系,學士班(日間),1,1,0,0.26
107,私立,技專校院,1041,明志科技大學,07112022,材料工程系,學士班(日間),1,1,0,0.26
107,私立,技專校院,1041,明志科技大學,07191024,工業工程與管理系,學士班(日間),2,2,0,0.50
107,私立,技專校院,1041,明志科技大學,07111018,化學工程系,學士班(日間),2,2,0,0.49
107,私立,技專校院,1041,明志科技大學,07121025,環境與安全衛生工程系,學士班(日間),3,2,1,1.55
107,私立,技專校院,1041,明志科技大學,07141010,電機工程系,學士班(日間),1,1,0,0.25
107,私立,技專校院,1041,明志科技大學,07151014,機械工程系,學士班(日間),2,2,0,0.35
107,私立,技專校院,1041,明志科技大學,02112003,視覺傳達設計系,碩士班(日間),1,0,1,5.56
107,私立,技專校院,1041,明志科技大學,02123004,工業設計系,碩士班(日間),1,1,0,4.76
107,私立,技專校院,1044,聖約翰科技大學,02112004,多媒體設計系,學士班(日間),2,2,0,1.92
107,私立,技專校院,1044,聖約翰科技大學,02311001,應用英語系,學士班(日間),1,0,1,1.67
107,私立,技專校院,1044,聖約翰科技大學,04199009,時尚經營管理系,學士班(日間),5,3,2,2.12
107,私立,技專校院,1044,聖約翰科技大學,02122002,創意設計系,學士班(日間),2,1,1,0.97
107,私立,技專校院,1044,聖約翰科技大學,04131005,企業管理系,學士班(日間),2,2,0,1.57
107,私立,技專校院,1044,聖約翰科技大學,04132008,行銷與流通管理系,學士班(日間),3,3,0,1.76
107,私立,技專校院,1044,聖約翰科技大學,06131010,資訊管理系,學士班(日間),1,1,0,1.04
107,私立,技專校院,1044,聖約翰科技大學,09211019,老人服務事業系,學士班(日間),1,1,0,1.43
107,私立,技專校院,1044,聖約翰科技大學,07191018,工業工程與管理系,學士班(日間),2,2,0,2.06
107,私立,技專校院,1044,聖約翰科技大學,10152021,休閒運動與健康管理系,學士班(日間),2,2,0,0.65
107,私立,技專校院,1044,聖約翰科技大學,07191018,工業工程與管理系,碩士班(日間),1,0,1,5.26
107,私立,技專校院,1045,嶺東科技大學,02112005,數位媒體設計系,學士班(日間),4,0,4,0.83
107,私立,技專校院,1045,嶺東科技大學,02122002,流行設計系,學士班(日間),4,0,4,1.12
107,私立,技專校院,1045,嶺東科技大學,02123008,創意產品設計系,學士班(日間),8,3,5,1.86
107,私立,技專校院,1045,嶺東科技大學,04121017,財務金融系,學士班(日間),7,2,5,1.16
107,私立,技專校院,1045,嶺東科技大學,04143024,行銷與流通管理系,學士班(日間),3,3,0,0.47
107,私立,技專校院,1045,嶺東科技大學,06121031,資訊管理系,學士班(日間),2,2,0,0.43
107,私立,技專校院,1045,嶺東科技大學,06131030,資訊科技系,學士班(日間),2,2,0,0.53
107,私立,技專校院,1045,嶺東科技大學,02112003,視覺傳達設計系,學士班(日間),18,8,10,2.65
107,私立,技專校院,1045,嶺東科技大學,04122021,財政系,學士班(日間),1,0,1,0.64
107,私立,技專校院,1045,嶺東科技大學,04131013,企業管理系,學士班(日間),4,4,0,0.98
107,私立,技專校院,1045,嶺東科技大學,02112005,數位媒體設計系,碩士班(日間),1,1,0,4.55
107,私立,技專校院,1045,嶺東科技大學,04121017,財務金融系,碩士班(日間),3,3,0,16.67
107,私立,技專校院,1046,中國科技大學,02112003,視覺傳達設計系,學士班(日間),16,7,9,1.73
107,私立,技專校院,1046,中國科技大學,02112004,數位多媒體設計系,學士班(日間),8,5,3,0.95
107,私立,技專校院,1046,中國科技大學,04131010,企業管理系,學士班(日間),10,6,4,2.02
107,私立,技專校院,1046,中國科技大學,02124005,室內設計系,學士班(日間),17,6,11,1.84
107,私立,技專校院,1046,中國科技大學,02199006,影視設計系,學士班(日間),5,1,4,1.30
107,私立,技專校院,1046,中國科技大學,06131019,資訊管理系,學士班(日間),3,3,0,0.65
107,私立,技專校院,1046,中國科技大學,10151028,觀光與休閒事業管理系,學士班(日間),1,0,1,0.12
107,私立,技專校院,1046,中國科技大學,02112003,視覺傳達設計系,碩士班(日間),1,0,1,3.57
107,私立,技專校院,1046,中國科技大學,04132017,行銷與流通管理系,學士班(日間),3,1,2,0.37
107,私立,技專校院,1046,中國科技大學,06131021,資訊工程系,學士班(日間),2,2,0,1.77
107,私立,技專校院,1046,中國科技大學,06199022,電腦與通訊系,學士班(日間),1,1,0,3.33
107,私立,技專校院,1047,中臺科技大學,09141028,醫學檢驗生物技術系,學士班(日間),1,0,1,0.19
107,私立,技專校院,1047,中臺科技大學,09141029,醫學影像暨放射科學系,學士班(日間),4,2,2,0.84
107,私立,技專校院,1047,中臺科技大學,09111033,牙體技術暨材料系,學士班(日間),3,1,2,0.61
107,私立,技專校院,1047,中臺科技大學,09141029,醫學影像暨放射科學系,碩士班(日間),1,1,0,20.00
107,私立,一般大學,1048,亞洲大學,02112007,數位媒體設計學系,學士班(日間),12,7,5,2.52
107,私立,一般大學,1048,亞洲大學,02123011,創意商品設計學系,學士班(日間),8,5,3,1.83
107,私立,一般大學,1048,亞洲大學,03131013,心理學系,學士班(日間),6,3,3,1.22
107,私立,一般大學,1048,亞洲大學,04121019,財務金融學系,學士班(日間),3,1,2,0.69
107,私立,一般大學,1048,亞洲大學,04131017,經營管理學系,學士班(日間),5,3,2,0.78
107,私立,一般大學,1048,亞洲大學,05121028,生物科技學系,學士班(日間),1,0,1,0.29
107,私立,一般大學,1048,亞洲大學,10151049,休閒與遊憩管理學系,學士班(日間),2,1,1,0.44
107,私立,一般大學,1048,亞洲大學,02112006,視覺傳達設計學系,碩士班(日間),3,0,3,13.04
107,私立,一般大學,1048,亞洲大學,01121001,幼兒教育學系,學士班(日間),1,0,1,0.26
107,私立,一般大學,1048,亞洲大學,02112006,視覺傳達設計學系,學士班(日間),13,4,9,2.83
107,私立,一般大學,1048,亞洲大學,02124012,室內設計學系,學士班(日間),6,3,3,2.88
107,私立,一般大學,1048,亞洲大學,03213014,資訊傳播學系,學士班(日間),8,3,5,1.93
107,私立,一般大學,1048,亞洲大學,04111015,會計與資訊學系,學士班(日間),1,0,1,0.35
107,私立,一般大學,1048,亞洲大學,05191053,食品營養與保健生技學系,學士班(日間),1,1,0,0.27
107,私立,一般大學,1048,亞洲大學,09191021,健康產業管理學系,學士班(日間),3,1,2,0.80
107,私立,一般大學,1048,亞洲大學,02112007,數位媒體設計學系,博士班,10,3,7,19.23
107,私立,一般大學,1048,亞洲大學,04131017,經營管理學系,博士班,1,0,1,1.35
107,私立,一般大學,1048,亞洲大學,02112007,數位媒體設計學系,碩士班(日間),1,1,0,5.88
107,私立,一般大學,1049,開南大學,04131016,國際企業學系,學士班(日間),2,2,0,0.83
107,私立,一般大學,1049,開南大學,09199038,養生與健康行銷學系,學士班(日間),1,0,1,0.68
107,私立,一般大學,1049,開南大學,10499041,觀光運輸學院碩士班,碩士班(日間),1,1,0,2.33
107,私立,一般大學,1050,佛光大學,02123018,產品與媒體設計學系,學士班(日間),3,2,1,1.10
107,私立,一般大學,1050,佛光大學,02211010,佛教學系,學士班(日間),1,0,1,1.00
107,私立,一般大學,1050,佛光大學,02299015,文化資產與創意學系,學士班(日間),2,2,0,1.23
107,私立,一般大學,1050,佛光大學,03131024,心理學系,學士班(日間),2,0,2,1.02
107,私立,一般大學,1050,佛光大學,02211010,佛教學系,博士班,4,1,3,17.39
107,私立,一般大學,1050,佛光大學,03211028,傳播學系,碩士班(日間),1,0,1,3.13
107,私立,一般大學,1050,佛光大學,03111020,應用經濟學系,學士班(日間),2,0,2,1.04
107,私立,一般大學,1050,佛光大學,03211028,傳播學系,學士班(日間),1,0,1,0.30
107,私立,一般大學,1050,佛光大學,02299015,文化資產與創意學系,碩士班(日間),1,0,1,2.08
107,私立,技專校院,1051,台南家專學校財團法人台南應用科技大學,02131001,美術系,學士班(日間),1,0,1,0.16
107,私立,技專校院,1051,台南家專學校財團法人台南應用科技大學,02124015,室內設計系,碩士班(日間),1,1,0,10.00
107,私立,技專校院,1051,台南家專學校財團法人台南應用科技大學,02112012,視覺傳達設計系創新應用設計碩士班,碩士班(日間),2,1,1,13.33
107,私立,技專校院,1051,台南家專學校財團法人台南應用科技大學,02112012,視覺傳達設計系,學士班(日間),6,1,5,1.05
107,私立,技專校院,1051,台南家專學校財團法人台南應用科技大學,02122010,時尚設計系,學士班(日間),7,1,6,1.77
107,私立,技專校院,1051,台南家專學校財團法人台南應用科技大學,02123014,商品設計系,學士班(日間),4,3,1,0.69
107,私立,技專校院,1051,台南家專學校財團法人台南應用科技大學,02124015,室內設計系,學士班(日間),5,3,2,1.22
107,私立,技專校院,1051,台南家專學校財團法人台南應用科技大學,02125042,服飾設計管理系,學士班(日間),5,2,3,0.84
107,私立,技專校院,1052,中信金學校財團法人中信科技大學,02123006,創意商品設計與管理系,學士班(日間),4,2,2,2.17
107,私立,技專校院,1052,中信金學校財團法人中信科技大學,02123014,創新設計與創業管理系,學士班(日間),1,0,1,1.25
107,私立,技專校院,1053,光宇學校財團法人元培醫事科技大學,04133007,醫務管理系,學士班(日間),1,0,1,100.00
107,私立,技專校院,1053,光宇學校財團法人元培醫事科技大學,07211019,食品科學系,學士班(日間),1,0,1,0.38
107,私立,技專校院,1053,光宇學校財團法人元培醫事科技大學,09141029,視光系,學士班(日間),1,0,1,0.40
107,私立,技專校院,1053,光宇學校財團法人元培醫事科技大學,09141030,醫學影像暨放射技術系,碩士班(日間),1,1,0,4.35
107,私立,技專校院,1053,光宇學校財團法人元培醫事科技大學,07121015,環境工程衛生系,學士班(日間),1,1,0,0.71
107,私立,技專校院,1053,光宇學校財團法人元培醫事科技大學,09141030,醫學影像暨放射技術系,學士班(日間),3,3,0,0.72
107,私立,技專校院,1054,景文科技大學,02112005,視覺傳達設計系,學士班(日間),14,3,11,2.68
107,私立,技專校院,1054,景文科技大學,04121009,財務金融系,學士班(日間),2,0,2,0.97
107,私立,技專校院,1054,景文科技大學,04131007,企業管理系,學士班(日間),6,1,5,2.17
107,私立,技專校院,1054,景文科技大學,04132014,行銷與流通管理系,學士班(日間),2,0,2,0.57
107,私立,技專校院,1054,景文科技大學,04141008,國際貿易系,學士班(日間),6,4,2,2.91
107,私立,技專校院,1054,景文科技大學,06131030,行動商務與多媒體應用系,學士班(日間),3,2,1,0.69
107,私立,技專校院,1056,東南科技大學,07151013,機械工程系,學士班(日間),2,2,0,0.37
107,私立,一般大學,1058,明道學校財團法人明道大學,04121017,財務金融學系,學士班(日間),3,2,1,2.31
107,私立,一般大學,1058,明道學校財團法人明道大學,04131013,企業管理學系,學士班(日間),1,1,0,0.56
107,私立,一般大學,1058,明道學校財團法人明道大學,02111010,數位設計學系,學士班(日間),1,1,0,0.40
107,私立,一般大學,1058,明道學校財團法人明道大學,02322003,中國文學學系,博士班,4,3,1,15.38
107,私立,技專校院,1061,中華學校財團法人中華科技大學,04131003,企業管理系,學士班(日間),3,3,0,2.11
107,私立,技專校院,1061,中華學校財團法人中華科技大學,04141009,國際商務與行銷系,學士班(日間),1,0,1,0.67
107,私立,技專校院,1061,中華學校財團法人中華科技大學,04121007,財務金融系,學士班(日間),2,1,1,3.17
107,私立,技專校院,1061,中華學校財團法人中華科技大學,07311025,建築系,學士班(日間),1,1,0,0.27
107,私立,技專校院,1062,僑光科技大學,04121013,財務金融系,學士班(日間),1,1,0,0.21
107,私立,技專校院,1062,僑光科技大學,10131024,餐飲管理系,學士班(日間),1,1,0,0.14
107,私立,技專校院,1062,僑光科技大學,04131009,企業管理系,學士班(日間),1,0,1,0.22
107,私立,技專校院,1062,僑光科技大學,04141011,國際貿易系,學士班(日間),1,1,0,0.22
107,私立,技專校院,1066,環球學校財團法人環球科技大學,02123005,創意商品設計系,學士班(日間),1,1,0,1.16
107,私立,技專校院,1066,環球學校財團法人環球科技大學,09221027,幼兒保育系,學士班(日間),1,0,1,0.53
107,私立,技專校院,1066,環球學校財團法人環球科技大學,02112003,視覺傳達設計系,學士班(日間),3,2,1,0.97
107,私立,一般大學,1067,台灣首府學校財團法人台灣首府大學,01121002,幼兒教育學系,學士班(日間),2,0,2,1.14
107,私立,技專校院,1070,長庚學校財團法人長庚科技大學,09221008,幼兒保育系,學士班(日間),3,1,2,0.64
107,私立,技專校院,1070,長庚學校財團法人長庚科技大學,05191003,保健營養系,學士班(日間),1,0,1,0.28
107,私立,技專校院,1070,長庚學校財團法人長庚科技大學,10121009,化妝品應用系,學士班(日間),1,0,1,0.50
107,私立,技專校院,1071,城市學校財團法人臺北城市科技大學,02152002,演藝事業學士學位學程,學士班(日間),1,0,1,0.34
107,私立,技專校院,1073,醒吾學校財團法人醒吾科技大學,03211007,資訊傳播系,學士班(日間),3,1,2,0.87
107,私立,技專校院,1073,醒吾學校財團法人醒吾科技大學,10131025,餐旅管理系,學士班(日間),1,0,1,0.12
107,私立,技專校院,1075,文藻學校財團法人文藻外語大學,01131002,外語教學系,學士班(日間),1,1,0,0.23
107,私立,技專校院,1075,文藻學校財團法人文藻外語大學,02311007,英國語文系,學士班(日間),7,4,3,0.99
107,私立,技專校院,1075,文藻學校財團法人文藻外語大學,02311009,法國語文系,學士班(日間),7,2,5,1.55
107,私立,技專校院,1075,文藻學校財團法人文藻外語大學,02311012,日本語文系,學士班(日間),5,2,3,0.53
107,私立,技專校院,1075,文藻學校財團法人文藻外語大學,02311010,德國語文系,學士班(日間),8,3,5,1.56
107,私立,技專校院,1075,文藻學校財團法人文藻外語大學,02311011,西班牙語文系,學士班(日間),8,4,4,1.68
107,私立,技專校院,1075,文藻學校財團法人文藻外語大學,03122016,國際事務系,學士班(日間),3,1,2,1.39
107,私立,技專校院,1075,文藻學校財團法人文藻外語大學,03211018,傳播藝術系,學士班(日間),6,0,6,1.39
107,私立,技專校院,1075,文藻學校財團法人文藻外語大學,02312013,翻譯系,學士班(日間),10,3,7,3.70
107,私立,技專校院,1075,文藻學校財團法人文藻外語大學,02323004,應用華語文系,學士班(日間),4,0,4,0.89
107,私立,技專校院,1075,文藻學校財團法人文藻外語大學,04131020,國際企業管理系,學士班(日間),1,1,0,0.42
107,私立,技專校院,1075,文藻學校財團法人文藻外語大學,03122016,國際事務碩士學位學程,碩士班(日間),1,0,1,7.14
107,私立,技專校院,1076,華夏學校財團法人華夏科技大學,07311017,建築系,學士班(日間),1,1,0,0.65
107,私立,技專校院,1076,華夏學校財團法人華夏科技大學,10121019,化妝品應用系,學士班(日間),1,1,0,0.28
107,私立,技專校院,1077,慈濟學校財團法人慈濟科技大學,06131005,資訊科技與管理系,學士班(日間),1,1,0,0.41
107,私立,技專校院,1077,慈濟學校財團法人慈濟科技大學,09131007,護理系,學士班(日間),1,1,0,0.23
107,私立,技專校院,1078,致理學校財團法人致理科技大學,04121016,財務金融系,學士班(日間),9,5,4,1.11
107,私立,技專校院,1078,致理學校財團法人致理科技大學,04131014,企業管理系,學士班(日間),7,5,2,1.04
107,私立,技專校院,1078,致理學校財團法人致理科技大學,02112012,多媒體設計系,學士班(日間),1,0,1,0.21
107,私立,技專校院,1078,致理學校財團法人致理科技大學,02311010,應用英語系,學士班(日間),1,0,1,0.17
107,私立,技專校院,1078,致理學校財團法人致理科技大學,04111013,會計資訊系,學士班(日間),5,3,2,0.79
107,私立,技專校院,1078,致理學校財團法人致理科技大學,04132019,行銷與流通管理系,學士班(日間),1,0,1,0.17
107,私立,技專校院,1078,致理學校財團法人致理科技大學,04141015,國際貿易系,學士班(日間),2,1,1,0.30
107,私立,技專校院,1078,致理學校財團法人致理科技大學,04199020,商務科技管理系,學士班(日間),2,2,0,0.46
107,私立,技專校院,1078,致理學校財團法人致理科技大學,10151018,休閒遊憩管理系,學士班(日間),1,0,1,0.25
107,私立,技專校院,1081,東方學校財團法人東方設計大學,02141002,美術工藝系,學士班(日間),1,1,0,0.53
107,私立,技專校院,1081,東方學校財團法人東方設計大學,02124017,室內設計系,學士班(日間),1,0,1,0.81
107,私立,技專校院,1081,東方學校財團法人東方設計大學,02122018,文化創意設計研究所,博士班,6,2,4,19.35
107,私立,技專校院,1082,崇右學校財團法人崇右影藝科技大學,02152002,演藝事業系,學士班(日間),1,1,0,0.25
107,私立,技專校院,1082,崇右學校財團法人崇右影藝科技大學,03211013,影視傳播系,學士班(日間),1,1,0,0.64
107,私立,技專校院,1082,崇右學校財團法人崇右影藝科技大學,02123011,創意商品設計系,學士班(日間),1,1,0,1.16
107,私立,技專校院,1083,台北海洋學校財團法人台北海洋科技大學,02112004,視覺傳達設計系,學士班(日間),1,0,1,0.41
107,私立,技專校院,1083,台北海洋學校財團法人台北海洋科技大學,02122003,數位遊戲與動畫設計系,學士班(日間),2,1,1,0.72
107,私立,一般大學,1125,中信學校財團法人中信金融管理學院,04121014,財務金融學系,學士班(日間),1,0,1,0.56
107,私立,一般大學,1125,中信學校財團法人中信金融管理學院,04131012,企業管理學系,學士班(日間),1,1,0,0.55
107,私立,技專校院,1148,大漢技術學院,02122001,珠寶技術系,學士班(日間),1,1,0,2.94
107,私立,一般大學,1196,法鼓學校財團法人法鼓文理學院,02211002,佛教學系,博士班,3,3,0,17.65
107,私立,一般大學,1196,法鼓學校財團法人法鼓文理學院,02211002,佛教學系,碩士班(日間),2,1,1,2.60
107,公立,一般大學,3002,臺北市立大學,01113029,特殊教育學系,學士班(日間),1,0,1,0.54
107,公立,一般大學,3002,臺北市立大學,01121027,幼兒教育學系,學士班(日間),1,0,1,0.31
107,公立,一般大學,3002,臺北市立大學,07313058,城市發展學系,學士班(日間),2,2,0,1.71
107,公立,一般大學,3002,臺北市立大學,01111001,教育學系,博士班,2,0,2,1.72
107,公立,一般大學,3002,臺北市立大學,01114035,教育行政與評鑑研究所,博士班,1,0,1,1.85
107,公立,一般大學,3002,臺北市立大學,01116036,學習與媒材設計學系,學士班(日間),1,0,1,0.63
107,公立,一般大學,3002,臺北市立大學,01131017,英語教學系,學士班(日間),1,1,0,0.64
107,公立,一般大學,3002,臺北市立大學,02111040,視覺藝術學系,學士班(日間),2,1,1,0.97
107,公立,一般大學,3002,臺北市立大學,04134056,社會暨公共事務學系,學士班(日間),1,1,0,0.69
107,公立,一般大學,3002,臺北市立大學,06131016,資訊科學系,學士班(日間),1,1,0,0.59
107,公立,一般大學,3002,臺北市立大學,10141053,運動科學研究所,博士班,2,2,0,13.33
107,公立,一般大學,3002,臺北市立大學,10141054,競技運動訓練研究所,博士班,2,2,0,6.90
107,公立,一般大學,3002,臺北市立大學,02111040,視覺藝術學系,碩士班(日間),1,0,1,1.33
107,公立,一般大學,3002,臺北市立大學,02151037,音樂學系,碩士班(日間),1,0,1,1.27
107,公立,一般大學,3002,臺北市立大學,03131055,心理與諮商學系,碩士班(日間),1,0,1,1.16
108,公立,一般大學,0001,國立政治大學,02311009,英國語文學系,學士班(日間),2,0,2,0.67
108,公立,一般大學,0001,國立政治大學,02322008,中國文學系,學士班(日間),2,0,2,0.59
108,公立,一般大學,0001,國立政治大學,03111024,經濟學系,學士班(日間),3,1,2,0.77
108,公立,一般大學,0001,國立政治大學,04121068,金融學系,學士班(日間),1,0,1,0.41
108,公立,一般大學,0001,國立政治大學,04131060,企業管理學系,學士班(日間),3,0,3,0.66
108,公立,一般大學,0001,國立政治大學,01111001,教育學系,博士班,11,1,10,9.57
108,公立,一般大學,0001,國立政治大學,02221020,歷史學系,博士班,3,2,1,10.71
108,公立,一般大學,0001,國立政治大學,02222031,民族學系,博士班,1,0,1,4.55
108,公立,一般大學,0001,國立政治大學,02231022,哲學系,博士班,2,1,1,7.69
108,公立,一般大學,0001,國立政治大學,02311009,英國語文學系,博士班,9,2,7,34.62
108,公立,一般大學,0001,國立政治大學,02322008,中國文學系,博士班,9,3,6,13.64
108,公立,一般大學,0001,國立政治大學,03121026,政治學系,博士班,6,3,3,20.00
108,公立,一般大學,0001,國立政治大學,03122045,外交學系,博士班,3,3,0,23.08
108,公立,一般大學,0001,國立政治大學,03131032,心理學系,博士班,1,1,0,7.69
108,公立,一般大學,0001,國立政治大學,03143043,地政學系,博士班,2,2,0,12.50
108,公立,一般大學,0001,國立政治大學,03191047,國家發展研究所,博士班,9,7,2,28.13
108,公立,一般大學,0001,國立政治大學,04111059,會計學系,博士班,1,0,1,8.33
108,公立,一般大學,0001,國立政治大學,04121065,財務管理學系,博士班,2,1,1,20.00
108,公立,一般大學,0001,國立政治大學,03211056,傳播學院大一大二不分系,學士班(日間),3,0,3,0.69
108,公立,一般大學,0001,國立政治大學,04122070,財政學系,博士班,1,0,1,12.50
108,公立,一般大學,0001,國立政治大學,04131060,企業管理學系,博士班,11,2,9,21.57
108,公立,一般大學,0001,國立政治大學,04134041,公共行政學系,博士班,3,3,0,13.64
108,公立,一般大學,0001,國立政治大學,04141067,國際經營與貿易學系,博士班,2,0,2,33.33
108,公立,一般大學,0001,國立政治大學,05411078,應用數學系,博士班,2,2,0,28.57
108,公立,一般大學,0001,國立政治大學,05421079,統計學系,博士班,1,1,0,25.00
108,公立,一般大學,0001,國立政治大學,09231084,社會工作研究所,博士班,9,3,6,52.94
108,公立,一般大學,0001,國立政治大學,01111001,教育學系,碩士班(日間),6,1,5,14.63
108,公立,一般大學,0001,國立政治大學,02221020,歷史學系,碩士班(日間),8,5,3,12.50
108,公立,一般大學,0001,國立政治大學,02231022,哲學系,碩士班(日間),5,3,2,10.42
108,公立,一般大學,0001,國立政治大學,03121026,政治學系,碩士班(日間),2,2,0,2.63
108,公立,一般大學,0001,國立政治大學,03131032,心理學系,碩士班(日間),3,2,1,3.90
108,公立,一般大學,0001,國立政治大學,03141030,社會學系,碩士班(日間),4,2,2,6.45
108,公立,一般大學,0001,國立政治大學,03143036,日本研究碩士學位學程,碩士班(日間),3,1,2,8.33
108,公立,一般大學,0001,國立政治大學,03143040,亞太研究英語碩士學位學程,碩士班(日間),1,1,0,1.79
108,公立,一般大學,0001,國立政治大學,03143043,地政學系,碩士班(日間),4,3,1,4.60
108,公立,一般大學,0001,國立政治大學,03199048,勞工研究所,碩士班(日間),1,0,1,1.22
108,公立,一般大學,0001,國立政治大學,03211050,國際傳播英語碩士學位學程,碩士班(日間),1,0,1,1.85
108,公立,一般大學,0001,國立政治大學,04121065,財務管理學系,碩士班(日間),3,1,2,4.11
108,公立,一般大學,0001,國立政治大學,04141067,國際經營與貿易學系,碩士班(日間),7,1,6,6.09
108,公立,一般大學,0001,國立政治大學,04199072,科技管理與智慧財產研究所,碩士班(日間),7,3,4,4.64
108,公立,一般大學,0001,國立政治大學,04212073,法律學系,碩士班(日間),15,3,12,6.17
108,公立,一般大學,0001,國立政治大學,05199083,神經科學研究所,碩士班(日間),1,0,1,12.50
108,公立,一般大學,0001,國立政治大學,06131081,資訊科學系,學士班(日間),4,1,3,1.94
108,公立,一般大學,0001,國立政治大學,02211019,宗教研究所,博士班,3,2,1,9.38
108,公立,一般大學,0001,國立政治大學,03111024,經濟學系,博士班,2,1,1,15.38
108,公立,一般大學,0001,國立政治大學,03141030,社會學系,博士班,4,2,2,33.33
108,公立,一般大學,0001,國立政治大學,03143036,日本研究博士學位學程,博士班,2,1,1,15.38
108,公立,一般大學,0001,國立政治大學,03211056,傳播學院博士班,博士班,26,11,15,61.90
108,公立,一般大學,0001,國立政治大學,03222054,圖書資訊與檔案學研究所,博士班,1,1,0,8.33
108,公立,一般大學,0001,國立政治大學,04121068,金融學系,博士班,6,5,1,20.00
108,公立,一般大學,0001,國立政治大學,04123069,風險管理與保險學系,博士班,3,1,2,15.79
108,公立,一般大學,0001,國立政治大學,04199072,科技管理與智慧財產研究所,博士班,1,1,0,4.00
108,公立,一般大學,0001,國立政治大學,04212073,法律學系,博士班,2,1,1,4.76
108,公立,一般大學,0001,國立政治大學,01114005,教育行政與政策研究所,碩士班(日間),1,0,1,2.38
108,公立,一般大學,0001,國立政治大學,01121004,幼兒教育研究所,碩士班(日間),4,0,4,12.12
108,公立,一般大學,0001,國立政治大學,02211019,宗教研究所,碩士班(日間),3,1,2,10.00
108,公立,一般大學,0001,國立政治大學,02311014,韓國語文學系,碩士班(日間),1,0,1,4.00
108,公立,一般大學,0001,國立政治大學,02322008,中國文學系,碩士班(日間),15,6,9,14.29
108,公立,一般大學,0001,國立政治大學,02399018,語言學研究所,碩士班(日間),1,0,1,3.70
108,公立,一般大學,0001,國立政治大學,03111024,經濟學系,碩士班(日間),7,3,4,7.37
108,公立,一般大學,0001,國立政治大學,03122045,外交學系,碩士班(日間),3,0,3,3.70
108,公立,一般大學,0001,國立政治大學,03131033,輔導與諮商碩士學位學程,碩士班(日間),5,0,5,12.50
108,公立,一般大學,0001,國立政治大學,03143038,俄羅斯研究所,碩士班(日間),1,0,1,3.13
108,公立,一般大學,0001,國立政治大學,03191047,國家發展研究所,碩士班(日間),9,7,2,12.33
108,公立,一般大學,0001,國立政治大學,03211049,傳播學院傳播碩士學位學程,碩士班(日間),43,10,33,17.70
108,公立,一般大學,0001,國立政治大學,05421079,統計學系,碩士班(日間),6,3,3,9.23
108,公立,一般大學,0001,國立政治大學,06131080,資訊管理學系,碩士班(日間),3,1,2,3.57
108,公立,一般大學,0001,國立政治大學,06131081,資訊科學系,碩士班(日間),3,2,1,2.61
108,公立,一般大學,0001,國立政治大學,09231084,社會工作研究所,碩士班(日間),6,1,5,9.09
108,公立,一般大學,0001,國立政治大學,03222054,圖書資訊與檔案學研究所,碩士班(日間),5,0,5,8.77
108,公立,一般大學,0001,國立政治大學,04111059,會計學系,碩士班(日間),16,5,11,10.88
108,公立,一般大學,0001,國立政治大學,04121068,金融學系,碩士班(日間),19,9,10,21.11
108,公立,一般大學,0001,國立政治大學,04122070,財政學系,碩士班(日間),1,1,0,1.33
108,公立,一般大學,0001,國立政治大學,04123069,風險管理與保險學系,碩士班(日間),5,0,5,6.58
108,公立,一般大學,0001,國立政治大學,04131060,企業管理研究所(MBA學位學程),碩士班(日間),3,2,1,1.24
108,公立,一般大學,0001,國立政治大學,04211074,法律科際整合研究所,碩士班(日間),4,1,3,5.06
108,公立,一般大學,0001,國立政治大學,05411078,應用數學系,碩士班(日間),1,1,0,2.00
108,公立,一般大學,0001,國立政治大學,06134057,數位內容碩士學位學程,碩士班(日間),9,5,4,17.31
108,公立,一般大學,0002,國立清華大學,06131053,資訊工程學系,學士班(日間),1,1,0,0.17
108,公立,一般大學,0002,國立清華大學,07151056,動力機械工程學系,學士班(日間),1,1,0,0.22
108,公立,一般大學,0002,國立清華大學,07111057,化學工程學系,博士班,3,2,1,2.91
108,公立,一般大學,0002,國立清華大學,07141049,電機工程學系,博士班,2,2,0,2.41
108,公立,一般大學,0002,國立清華大學,07191061,工業工程與工程管理學系,博士班,4,4,0,8.16
108,公立,一般大學,0002,國立清華大學,07193063,生醫工程與環境科學系,博士班,2,1,1,3.33
108,公立,一般大學,0002,國立清華大學,99999074,跨院國際博士班學位學程,博士班,5,0,5,6.25
108,公立,一般大學,0002,國立清華大學,01121091,幼兒教育學系,碩士班(日間),6,0,6,10.71
108,公立,一般大學,0002,國立清華大學,01141090,體育學系,碩士班(日間),7,4,3,16.67
108,公立,一般大學,0002,國立清華大學,02151096,音樂學系,碩士班(日間),4,1,3,6.06
108,公立,一般大學,0002,國立清華大學,02311002,外國語文學系,碩士班(日間),5,0,5,12.20
108,公立,一般大學,0002,國立清華大學,02322003,中國文學系,碩士班(日間),15,3,12,22.06
108,公立,一般大學,0002,國立清華大學,02399005,語言學研究所,碩士班(日間),4,4,0,8.70
108,公立,一般大學,0002,國立清華大學,03111011,經濟學系,碩士班(日間),7,4,3,14.00
108,公立,一般大學,0002,國立清華大學,03131077,教育心理與諮商學系,碩士班(日間),7,3,4,4.90
108,公立,一般大學,0002,國立清華大學,04121020,計量財務金融學系,碩士班(日間),7,3,4,15.56
108,公立,一般大學,0002,國立清華大學,04199022,服務科學研究所,碩士班(日間),2,1,1,3.70
108,公立,一般大學,0002,國立清華大學,04212024,科技法律研究所,碩士班(日間),11,3,8,10.38
108,公立,一般大學,0002,國立清華大學,05121026,生物科技研究所,碩士班(日間),2,0,2,3.85
108,公立,一般大學,0002,國立清華大學,05121072,分子醫學研究所,碩士班(日間),1,0,1,2.08
108,公立,一般大學,0002,國立清華大學,05199033,系統神經科學研究所,碩士班(日間),1,0,1,3.13
108,公立,一般大學,0002,國立清華大學,05411043,數學系,碩士班(日間),5,4,1,7.46
108,公立,一般大學,0002,國立清華大學,06131053,資訊工程學系,碩士班(日間),5,4,1,1.36
108,公立,一般大學,0002,國立清華大學,07111057,化學工程學系,碩士班(日間),1,1,0,0.60
108,公立,一般大學,0002,國立清華大學,07141049,電機工程學系,碩士班(日間),9,8,1,2.43
108,公立,一般大學,0002,國立清華大學,07141050,電子工程研究所,碩士班(日間),4,4,0,2.14
108,公立,一般大學,0002,國立清華大學,07141052,光電工程研究所,碩士班(日間),1,1,0,0.82
108,公立,一般大學,0002,國立清華大學,07151056,動力機械工程學系,碩士班(日間),10,8,2,3.52
108,公立,一般大學,0002,國立清華大學,07191061,工業工程與工程管理學系,碩士班(日間),4,3,1,2.00
108,公立,一般大學,0002,國立清華大學,07193063,生醫工程與環境科學系,碩士班(日間),7,2,5,5.83
108,公立,一般大學,0002,國立清華大學,02221006,歷史研究所,博士班,3,3,0,18.75
108,公立,一般大學,0002,國立清華大學,02322003,中國文學系,博士班,7,2,5,11.48
108,公立,一般大學,0002,國立清華大學,02399005,語言學研究所,博士班,3,0,3,23.08
108,公立,一般大學,0002,國立清華大學,03111011,經濟學系,博士班,4,1,3,20.00
108,公立,一般大學,0002,國立清華大學,03131077,教育心理與諮商學系,博士班,1,0,1,11.11
108,公立,一般大學,0002,國立清華大學,04121020,計量財務金融學系,博士班,1,1,0,20.00
108,公立,一般大學,0002,國立清華大學,04199017,科技管理研究所,博士班,8,2,6,27.59
108,公立,一般大學,0002,國立清華大學,05121030,生物資訊與結構生物研究所,博士班,1,1,0,1.89
108,公立,一般大學,0002,國立清華大學,05421044,統計學研究所,博士班,1,1,0,10.00
108,公立,一般大學,0002,國立清華大學,07112058,材料科學工程學系,博士班,3,3,0,2.01
108,公立,一般大學,0002,國立清華大學,07131068,核子工程與科學研究所,博士班,1,1,0,4.17
108,公立,一般大學,0002,國立清華大學,07132066,工程與系統科學系,博士班,4,3,1,4.88
108,公立,一般大學,0002,國立清華大學,07141050,電子工程研究所,博士班,3,3,0,7.32
108,公立,一般大學,0002,國立清華大學,07141054,通訊工程研究所,博士班,4,4,0,13.79
108,公立,一般大學,0002,國立清華大學,07151056,動力機械工程學系,博士班,1,1,0,1.09
108,公立,一般大學,0002,國立清華大學,01111084,教育與學習科技學系,碩士班(日間),2,1,1,1.71
108,公立,一般大學,0002,國立清華大學,01131085,數理教育研究所,碩士班(日間),2,0,2,2.82
108,公立,一般大學,0002,國立清華大學,01131105,英語教學系,碩士班(日間),3,0,3,10.00
108,公立,一般大學,0002,國立清華大學,02131098,藝術與設計學系,碩士班(日間),2,2,0,2.44
108,公立,一般大學,0002,國立清華大學,02221006,歷史研究所,碩士班(日間),5,2,3,16.13
108,公立,一般大學,0002,國立清華大學,02222007,人類學研究所,碩士班(日間),1,1,0,2.44
108,公立,一般大學,0002,國立清華大學,02231008,哲學研究所,碩士班(日間),1,0,1,4.55
108,公立,一般大學,0002,國立清華大學,02299009,亞際文化研究國際碩士學位學程(台灣聯合大學系統),碩士班(日間),2,1,1,25.00
108,公立,一般大學,0002,國立清華大學,02321001,台灣文學研究所,碩士班(日間),6,2,4,13.95
108,公立,一般大學,0002,國立清華大學,03141012,社會學研究所,碩士班(日間),11,5,6,13.92
108,公立,一般大學,0002,國立清華大學,03199111,學習科學與科技研究所,碩士班(日間),1,1,0,1.92
108,公立,一般大學,0002,國立清華大學,04131018,國際專業管理碩士班,碩士班(日間),1,1,0,1.89
108,公立,一般大學,0002,國立清華大學,04199017,科技管理研究所,碩士班(日間),4,1,3,6.25
108,公立,一般大學,0002,國立清華大學,05121030,生物資訊與結構生物研究所,碩士班(日間),3,2,1,4.84
108,公立,一般大學,0002,國立清華大學,05211102,環境與文化資源學系,碩士班(日間),3,3,0,7.50
108,公立,一般大學,0002,國立清華大學,05411115,計算與建模科學研究所,碩士班(日間),2,2,0,9.09
108,公立,一般大學,0002,國立清華大學,05421044,統計學研究所,碩士班(日間),3,3,0,5.56
108,公立,一般大學,0002,國立清華大學,06134046,資訊系統與應用研究所,碩士班(日間),9,8,1,6.77
108,公立,一般大學,0002,國立清華大學,07112058,材料科學工程學系,碩士班(日間),2,2,0,0.74
108,公立,一般大學,0002,國立清華大學,07131068,核子工程與科學研究所,碩士班(日間),1,0,1,2.04
108,公立,一般大學,0002,國立清華大學,07132066,工程與系統科學系,碩士班(日間),1,1,0,0.52
108,公立,一般大學,0002,國立清華大學,07141054,通訊工程研究所,碩士班(日間),1,0,1,0.68
108,公立,一般大學,0002,國立清華大學,07199070,全球營運管理碩士雙聯學位學程,碩士班(日間),1,0,1,5.26
108,公立,一般大學,0002,國立清華大學,99999074,跨院國際碩士學位學程,碩士班(日間),4,2,2,12.90
108,公立,一般大學,0002,國立清華大學,02131098,藝術與設計學系,學士班(日間),3,2,1,0.94
108,公立,一般大學,0002,國立清華大學,04199023,科技管理學院學士班,學士班(日間),7,1,6,2.76
108,公立,一般大學,0002,國立清華大學,07141055,電機資訊學院學士班,學士班(日間),5,4,1,3.45
108,公立,一般大學,0002,國立清華大學,99999075,清華學院學士班,學士班(日間),4,1,3,4.49
108,公立,一般大學,0002,國立清華大學,01111084,教育與學習科技學系,博士班,7,1,6,12.28
108,公立,一般大學,0002,國立清華大學,02222007,人類學研究所,博士班,1,0,1,9.09
108,公立,一般大學,0002,國立清華大學,02321001,台灣文學研究所,博士班,7,2,5,33.33
108,公立,一般大學,0002,國立清華大學,03141012,社會學研究所,博士班,4,3,1,21.05
108,公立,一般大學,0002,國立清華大學,05121026,生物科技研究所,博士班,1,1,0,2.44
108,公立,一般大學,0002,國立清華大學,05331038,物理學系,博士班,4,2,2,5.88
108,公立,一般大學,0002,國立清華大學,05411043,數學系,博士班,1,1,0,7.14
108,公立,一般大學,0002,國立清華大學,06131053,資訊工程學系,博士班,2,1,1,3.77
108,公立,一般大學,0002,國立清華大學,06134046,資訊系統與應用研究所,博士班,1,1,0,5.56
108,公立,一般大學,0003,國立臺灣大學,02311007,外國語文學系,學士班(日間),1,0,1,0.17
108,公立,一般大學,0003,國立臺灣大學,03121016,政治學系,學士班(日間),1,0,1,0.13
108,公立,一般大學,0003,國立臺灣大學,03131019,心理學系,學士班(日間),1,0,1,0.33
108,公立,一般大學,0003,國立臺灣大學,03222025,圖書資訊學系,學士班(日間),1,0,1,0.50
108,公立,一般大學,0003,國立臺灣大學,04131031,國際企業學系,學士班(日間),1,0,1,0.28
108,公立,一般大學,0003,國立臺灣大學,05322056,大氣科學系,學士班(日間),1,0,1,0.64
108,公立,一般大學,0003,國立臺灣大學,06131062,資訊管理學系,學士班(日間),2,0,2,0.94
108,公立,一般大學,0003,國立臺灣大學,08111087,農藝學系,學士班(日間),1,1,0,0.60
108,公立,一般大學,0003,國立臺灣大學,05311051,化學系,博士班,5,4,1,4.27
108,公立,一般大學,0003,國立臺灣大學,05331054,物理學系,博士班,3,3,0,2.83
108,公立,一般大學,0003,國立臺灣大學,07111077,高分子科學與工程學研究所,博士班,2,2,0,5.13
108,公立,一般大學,0003,國立臺灣大學,07141065,電子工程學研究所,博士班,4,4,0,3.42
108,公立,一般大學,0003,國立臺灣大學,07141066,光電工程學研究所,博士班,2,1,1,4.08
108,公立,一般大學,0003,國立臺灣大學,07191079,工業工程學研究所,博士班,4,4,0,21.05
108,公立,一般大學,0003,國立臺灣大學,07313086,建築與城鄉研究所,博士班,4,2,2,11.43
108,公立,一般大學,0003,國立臺灣大學,08193098,生物產業傳播暨發展學系,博士班,2,0,2,11.76
108,公立,一般大學,0003,國立臺灣大學,08311103,漁業科學研究所,博士班,1,1,0,9.09
108,公立,一般大學,0003,國立臺灣大學,09161129,藥學系,博士班,1,1,0,6.67
108,公立,一般大學,0003,國立臺灣大學,09231144,社會工作學系,博士班,1,1,0,5.26
108,公立,一般大學,0003,國立臺灣大學,02151002,音樂學研究所,碩士班(日間),3,1,2,9.68
108,公立,一般大學,0003,國立臺灣大學,08121091,園藝暨景觀學系,學士班(日間),1,0,1,0.50
108,公立,一般大學,0003,國立臺灣大學,08193096,農業經濟學系,學士班(日間),2,1,1,1.10
108,公立,一般大學,0003,國立臺灣大學,08211102,森林環境暨資源學系,學士班(日間),1,1,0,0.39
108,公立,一般大學,0003,國立臺灣大學,09191122,公共衛生學系,學士班(日間),1,1,0,0.64
108,公立,一般大學,0003,國立臺灣大學,02221012,歷史學系,博士班,3,1,2,5.77
108,公立,一般大學,0003,國立臺灣大學,03111015,經濟學系,博士班,1,0,1,4.35
108,公立,一般大學,0003,國立臺灣大學,03121016,政治學系,博士班,4,1,3,11.11
108,公立,一般大學,0003,國立臺灣大學,03222025,圖書資訊學系,博士班,1,1,0,4.76
108,公立,一般大學,0003,國立臺灣大學,04111027,會計學系,博士班,1,0,1,6.25
108,公立,一般大學,0003,國立臺灣大學,04211035,法律學系,博士班,1,0,1,2.27
108,公立,一般大學,0003,國立臺灣大學,05121046,分子與細胞生物學研究所,博士班,1,1,0,10.00
108,公立,一般大學,0003,國立臺灣大學,05121151,生化科技學系,博士班,1,1,0,3.33
108,公立,一般大學,0003,國立臺灣大學,02191004,藝術史研究所,碩士班(日間),5,2,3,12.50
108,公立,一般大學,0003,國立臺灣大學,02222013,人類學系,碩士班(日間),7,1,6,16.28
108,公立,一般大學,0003,國立臺灣大學,02311007,外國語文學系,碩士班(日間),2,0,2,2.99
108,公立,一般大學,0003,國立臺灣大學,02311009,日本語文學系,碩士班(日間),3,0,3,6.67
108,公立,一般大學,0003,國立臺灣大學,02321005,臺灣文學研究所,碩士班(日間),1,0,1,2.86
108,公立,一般大學,0003,國立臺灣大學,02399011,語言學研究所,碩士班(日間),2,2,0,6.25
108,公立,一般大學,0003,國立臺灣大學,03121016,政治學系,碩士班(日間),13,9,4,9.70
108,公立,一般大學,0003,國立臺灣大學,03131019,心理學系,碩士班(日間),8,1,7,6.56
108,公立,一般大學,0003,國立臺灣大學,03222025,圖書資訊學系,碩士班(日間),6,2,4,11.32
108,公立,一般大學,0003,國立臺灣大學,04111027,會計學系,碩士班(日間),6,1,5,5.88
108,公立,一般大學,0003,國立臺灣大學,04131026,商學研究所,碩士班(日間),5,2,3,3.76
108,公立,一般大學,0003,國立臺灣大學,04131031,國際企業學系,碩士班(日間),5,2,3,3.50
108,公立,一般大學,0003,國立臺灣大學,04134022,公共事務研究所,碩士班(日間),6,3,3,10.34
108,公立,一般大學,0003,國立臺灣大學,05111038,生命科學系,碩士班(日間),1,0,1,1.47
108,公立,一般大學,0003,國立臺灣大學,05121044,生物科技研究所,碩士班(日間),1,0,1,3.85
108,公立,一般大學,0003,國立臺灣大學,05121045,生化科學研究所,碩士班(日間),4,2,2,7.41
108,公立,一般大學,0003,國立臺灣大學,05321052,地質科學系,碩士班(日間),2,1,1,2.74
108,公立,一般大學,0003,國立臺灣大學,05322056,大氣科學系,碩士班(日間),1,1,0,2.22
108,公立,一般大學,0003,國立臺灣大學,06131062,資訊管理學系,碩士班(日間),3,0,3,2.70
108,公立,一般大學,0003,國立臺灣大學,06131063,資訊網路與多媒體研究所,碩士班(日間),8,4,4,7.34
108,公立,一般大學,0003,國立臺灣大學,07121080,環境工程學研究所,碩士班(日間),8,4,4,7.02
108,公立,一般大學,0003,國立臺灣大學,07151069,機械工程學系,碩士班(日間),15,12,3,3.49
108,公立,一般大學,0003,國立臺灣大學,07151082,工程科學及海洋工程學系,碩士班(日間),5,3,2,2.35
108,公立,一般大學,0003,國立臺灣大學,07151161,生物機電工程學系,碩士班(日間),2,2,0,1.90
108,公立,一般大學,0003,國立臺灣大學,07193083,醫學工程學研究所,碩士班(日間),2,0,2,1.98
108,公立,一般大學,0003,國立臺灣大學,06131062,資訊管理學系,博士班,1,1,0,4.76
108,公立,一般大學,0003,國立臺灣大學,06131063,資訊網路與多媒體研究所,博士班,2,1,1,5.13
108,公立,一般大學,0003,國立臺灣大學,06131067,資訊工程學系,博士班,1,1,0,0.94
108,公立,一般大學,0003,國立臺灣大學,07111076,化學工程學系,博士班,1,1,0,1.79
108,公立,一般大學,0003,國立臺灣大學,07112078,材料科學與工程學系,博士班,3,3,0,3.66
108,公立,一般大學,0003,國立臺灣大學,07141064,電機工程學系,博士班,5,4,1,6.17
108,公立,一般大學,0003,國立臺灣大學,07141068,電信工程學研究所,博士班,2,2,0,2.44
108,公立,一般大學,0003,國立臺灣大學,07151069,機械工程學系,博士班,1,1,0,0.82
108,公立,一般大學,0003,國立臺灣大學,07193081,生醫電子與資訊學研究所,博士班,1,1,0,1.22
108,公立,一般大學,0003,國立臺灣大學,08121091,園藝暨景觀學系,博士班,1,0,1,3.33
108,公立,一般大學,0003,國立臺灣大學,08211102,森林環境暨資源學系,博士班,1,1,0,3.85
108,公立,一般大學,0003,國立臺灣大學,08411104,獸醫學系,博士班,2,0,2,7.69
108,公立,一般大學,0003,國立臺灣大學,09121130,藥理學研究所,博士班,1,0,1,5.00
108,公立,一般大學,0003,國立臺灣大學,09191127,健康政策與管理研究所,博士班,1,0,1,2.04
108,公立,一般大學,0003,國立臺灣大學,01131001,華語教學碩士學位學程,碩士班(日間),4,0,4,9.09
108,公立,一般大學,0003,國立臺灣大學,02152003,戲劇學系,碩士班(日間),8,1,7,25.00
108,公立,一般大學,0003,國立臺灣大學,02221012,歷史學系,碩士班(日間),6,5,1,7.23
108,公立,一般大學,0003,國立臺灣大學,02231014,哲學系,碩士班(日間),8,4,4,18.60
108,公立,一般大學,0003,國立臺灣大學,02312010,翻譯碩士學位學程,碩士班(日間),1,1,0,2.38
108,公立,一般大學,0003,國立臺灣大學,02322006,中國文學系,碩士班(日間),11,3,8,13.58
108,公立,一般大學,0003,國立臺灣大學,03111015,經濟學系,碩士班(日間),4,3,1,3.23
108,公立,一般大學,0003,國立臺灣大學,03141018,社會學系,碩士班(日間),3,1,2,6.82
108,公立,一般大學,0003,國立臺灣大學,03142021,地理環境資源學系,碩士班(日間),5,3,2,8.77
108,公立,一般大學,0003,國立臺灣大學,07211099,食品科技研究所,碩士班(日間),7,2,5,7.53
108,公立,一般大學,0003,國立臺灣大學,07321074,土木工程學系,碩士班(日間),22,15,7,5.68
108,公立,一般大學,0003,國立臺灣大學,08121091,園藝暨景觀學系,碩士班(日間),3,1,2,2.33
108,公立,一般大學,0003,國立臺灣大學,08193096,農業經濟學系,碩士班(日間),3,1,2,4.00
108,公立,一般大學,0003,國立臺灣大學,08193098,生物產業傳播暨發展學系,碩士班(日間),5,0,5,13.89
108,公立,一般大學,0003,國立臺灣大學,09111139,口腔生物科學研究所,碩士班(日間),3,1,2,9.68
108,公立,一般大學,0003,國立臺灣大學,09121048,微生物學研究所,碩士班(日間),1,0,1,1.23
108,公立,一般大學,0003,國立臺灣大學,09161129,藥學系,碩士班(日間),1,0,1,2.17
108,公立,一般大學,0003,國立臺灣大學,09191122,公共衛生碩士學位學程,碩士班(日間),1,1,0,1.04
108,公立,一般大學,0003,國立臺灣大學,09191126,流行病學與預防醫學研究所,碩士班(日間),3,0,3,3.45
108,公立,一般大學,0003,國立臺灣大學,09191128,健康行為與社區科學研究所,碩士班(日間),2,1,1,6.90
108,公立,一般大學,0003,國立臺灣大學,09231144,社會工作學系,碩士班(日間),3,0,3,5.00
108,公立,一般大學,0003,國立臺灣大學,03191023,國家發展研究所,碩士班(日間),7,4,3,3.10
108,公立,一般大學,0003,國立臺灣大學,03212024,新聞研究所,碩士班(日間),14,6,8,14.58
108,公立,一般大學,0003,國立臺灣大學,04121032,財務金融學系,碩士班(日間),10,5,5,6.67
108,公立,一般大學,0003,國立臺灣大學,04131028,管理學院企業管理碩士專班,碩士班(日間),2,2,0,1.39
108,公立,一般大學,0003,國立臺灣大學,04211035,法律學系,碩士班(日間),22,13,9,4.44
108,公立,一般大學,0003,國立臺灣大學,05111040,植物科學研究所,碩士班(日間),3,1,2,5.08
108,公立,一般大學,0003,國立臺灣大學,05121046,分子與細胞生物學研究所,碩士班(日間),2,1,1,3.17
108,公立,一般大學,0003,國立臺灣大學,05121151,生化科技學系,碩士班(日間),1,0,1,0.93
108,公立,一般大學,0003,國立臺灣大學,05311051,化學系,碩士班(日間),4,2,2,1.97
108,公立,一般大學,0003,國立臺灣大學,05321053,氣候變遷與永續發展國際碩士學位學程,碩士班(日間),1,0,1,2.70
108,公立,一般大學,0003,國立臺灣大學,05331054,物理學系,碩士班(日間),8,7,1,4.12
108,公立,一般大學,0003,國立臺灣大學,06131067,資訊工程學系,碩士班(日間),17,12,5,5.03
108,公立,一般大學,0003,國立臺灣大學,07111076,化學工程學系,碩士班(日間),4,3,1,1.75
108,公立,一般大學,0003,國立臺灣大學,07112078,材料科學與工程學系,碩士班(日間),3,2,1,1.96
108,公立,一般大學,0003,國立臺灣大學,07141064,電機工程學系,碩士班(日間),13,13,0,6.07
108,公立,一般大學,0003,國立臺灣大學,07141065,電子工程學研究所,碩士班(日間),8,4,4,2.04
108,公立,一般大學,0003,國立臺灣大學,07141066,光電工程學研究所,碩士班(日間),6,5,1,2.35
108,公立,一般大學,0003,國立臺灣大學,07141068,電信工程學研究所,碩士班(日間),2,2,0,0.68
108,公立,一般大學,0003,國立臺灣大學,07193081,生醫電子與資訊學研究所,碩士班(日間),6,4,2,5.56
108,公立,一般大學,0003,國立臺灣大學,07194071,應用力學研究所,碩士班(日間),1,1,0,0.57
108,公立,一般大學,0003,國立臺灣大學,07313086,建築與城鄉研究所,碩士班(日間),18,5,13,14.75
108,公立,一般大學,0003,國立臺灣大學,08112089,動物科學技術學系,碩士班(日間),1,1,0,2.04
108,公立,一般大學,0003,國立臺灣大學,08194094,植物病理與微生物學系,碩士班(日間),1,0,1,1.82
108,公立,一般大學,0003,國立臺灣大學,08211102,森林環境暨資源學系,碩士班(日間),2,1,1,1.69
108,公立,一般大學,0003,國立臺灣大學,08411104,獸醫學系,碩士班(日間),2,2,0,6.67
108,公立,一般大學,0003,國立臺灣大學,09121110,免疫學研究所,碩士班(日間),1,0,1,3.70
108,公立,一般大學,0003,國立臺灣大學,09141136,醫學檢驗暨生物技術學系,碩士班(日間),3,1,2,5.66
108,公立,一般大學,0003,國立臺灣大學,09191127,健康政策與管理研究所,碩士班(日間),5,2,3,7.14
108,公立,一般大學,0003,國立臺灣大學,09191162,環境與職業健康科學研究所,碩士班(日間),2,1,1,2.25
108,公立,一般大學,0003,國立臺灣大學,09199141,毒理學研究所,碩士班(日間),2,1,1,8.33
108,公立,一般大學,0003,國立臺灣大學,02152003,戲劇學系,學士班(日間),1,0,1,0.56
108,公立,一般大學,0003,國立臺灣大學,02221012,歷史學系,學士班(日間),1,0,1,0.39
108,公立,一般大學,0003,國立臺灣大學,03111015,經濟學系,學士班(日間),1,0,1,0.17
108,公立,一般大學,0003,國立臺灣大學,05311051,化學系,學士班(日間),1,1,0,0.36
108,公立,一般大學,0003,國立臺灣大學,08191100,農業化學系,學士班(日間),1,1,0,0.64
108,公立,一般大學,0003,國立臺灣大學,08194094,植物病理與微生物學系,學士班(日間),1,0,1,0.81
108,公立,一般大學,0003,國立臺灣大學,02151002,音樂學研究所,博士班,1,1,0,8.33
108,公立,一般大學,0003,國立臺灣大學,02222013,人類學系,博士班,3,2,1,16.67
108,公立,一般大學,0003,國立臺灣大學,03131019,心理學系,博士班,1,1,0,2.50
108,公立,一般大學,0003,國立臺灣大學,03191023,國家發展研究所,博士班,4,3,1,7.69
108,公立,一般大學,0003,國立臺灣大學,04131026,商學研究所,博士班,2,1,1,4.88
108,公立,一般大學,0003,國立臺灣大學,04131031,國際企業學系,博士班,3,2,1,7.32
108,公立,一般大學,0004,國立臺灣師範大學,05111056,生命科學系,碩士班(日間),2,1,1,2.22
108,公立,一般大學,0004,國立臺灣師範大學,07151068,機電工程學系,碩士班(日間),1,1,0,1.75
108,公立,一般大學,0004,國立臺灣師範大學,10152077,運動休閒與餐旅管理研究所,碩士班(日間),5,2,3,4.39
108,公立,一般大學,0004,國立臺灣師範大學,02131023,美術學系,學士班(日間),4,1,3,2.14
108,公立,一般大學,0004,國立臺灣師範大學,02311033,英語學系,學士班(日間),5,1,4,1.52
108,公立,一般大學,0004,國立臺灣師範大學,02313005,華語文教學系,學士班(日間),1,0,1,0.24
108,公立,一般大學,0004,國立臺灣師範大學,04131051,企業管理學系,學士班(日間),2,1,1,0.84
108,公立,一般大學,0004,國立臺灣師範大學,05111056,生命科學系,學士班(日間),1,1,0,0.41
108,公立,一般大學,0004,國立臺灣師範大學,05331061,物理學系,學士班(日間),1,1,0,0.38
108,公立,一般大學,0004,國立臺灣師範大學,01111001,教育學系,博士班,5,2,3,6.58
108,公立,一般大學,0004,國立臺灣師範大學,01141007,人類發展與家庭學系,博士班,3,1,2,8.57
108,公立,一般大學,0004,國立臺灣師範大學,01141015,體育學系,博士班,5,1,4,4.24
108,公立,一般大學,0004,國立臺灣師範大學,01141017,健康促進與衛生教育學系,博士班,1,0,1,2.27
108,公立,一般大學,0004,國立臺灣師範大學,02131023,美術學系,博士班,8,2,6,7.41
108,公立,一般大學,0004,國立臺灣師範大學,02313005,華語文教學系,博士班,4,0,4,12.12
108,公立,一般大學,0004,國立臺灣師範大學,03131003,教育心理與輔導學系,博士班,4,1,3,5.80
108,公立,一般大學,0004,國立臺灣師範大學,03143042,東亞學系,博士班,2,1,1,18.18
108,公立,一般大學,0004,國立臺灣師範大學,05411062,數學系,博士班,1,1,0,4.76
108,公立,一般大學,0004,國立臺灣師範大學,10152077,運動休閒與餐旅管理研究所,博士班,3,0,3,13.04
108,公立,一般大學,0004,國立臺灣師範大學,01113018,特殊教育學系,碩士班(日間),4,0,4,6.25
108,公立,一般大學,0004,國立臺灣師範大學,01114019,教育政策與行政研究所,碩士班(日間),1,1,0,2.04
108,公立,一般大學,0004,國立臺灣師範大學,01113018,特殊教育學系,博士班,5,2,3,10.20
108,公立,一般大學,0004,國立臺灣師範大學,01115002,課程與教學研究所,博士班,2,0,2,4.88
108,公立,一般大學,0004,國立臺灣師範大學,02112037,設計學系,博士班,7,3,4,30.43
108,公立,一般大學,0004,國立臺灣師範大學,02151024,音樂學系,博士班,3,1,2,9.38
108,公立,一般大學,0004,國立臺灣師範大學,02312034,翻譯研究所,博士班,1,1,0,3.13
108,公立,一般大學,0004,國立臺灣師範大學,02322029,國文學系,博士班,4,0,4,5.41
108,公立,一般大學,0004,國立臺灣師範大學,05321060,地球科學系,博士班,1,0,1,5.26
108,公立,一般大學,0004,國立臺灣師範大學,01111001,教育學系,碩士班(日間),4,1,3,6.06
108,公立,一般大學,0004,國立臺灣師範大學,01115002,課程與教學研究所,碩士班(日間),4,0,4,7.02
108,公立,一般大學,0004,國立臺灣師範大學,01131004,公民教育與活動領導學系,碩士班(日間),2,1,1,2.41
108,公立,一般大學,0004,國立臺灣師範大學,01131009,社會教育學系,碩士班(日間),3,1,2,4.23
108,公立,一般大學,0004,國立臺灣師範大學,01141007,人類發展與家庭學系,碩士班(日間),5,0,5,6.25
108,公立,一般大學,0004,國立臺灣師範大學,01141015,體育學系,碩士班(日間),3,2,1,2.26
108,公立,一般大學,0004,國立臺灣師範大學,02131023,美術學系,碩士班(日間),8,2,6,6.45
108,公立,一般大學,0004,國立臺灣師範大學,02151024,音樂學系,碩士班(日間),5,1,4,4.10
108,公立,一般大學,0004,國立臺灣師範大學,02151025,民族音樂研究所,碩士班(日間),1,0,1,1.92
108,公立,一般大學,0004,國立臺灣師範大學,02152027,表演藝術研究所,碩士班(日間),4,3,1,5.00
108,公立,一般大學,0004,國立臺灣師範大學,02191026,藝術史研究所,碩士班(日間),4,2,2,8.89
108,公立,一般大學,0004,國立臺灣師範大學,02313005,華語文教學系,碩士班(日間),3,0,3,1.62
108,公立,一般大學,0004,國立臺灣師範大學,02321028,臺灣語文學系,碩士班(日間),1,0,1,1.96
108,公立,一般大學,0004,國立臺灣師範大學,02322029,國文學系,碩士班(日間),6,2,4,5.31
108,公立,一般大學,0004,國立臺灣師範大學,03143042,東亞學系,碩士班(日間),1,1,0,1.37
108,公立,一般大學,0004,國立臺灣師範大學,03222049,圖書資訊學研究所,碩士班(日間),2,0,2,3.57
108,公立,一般大學,0004,國立臺灣師範大學,01118010,工業教育學系,碩士班(日間),1,1,0,1.22
108,公立,一般大學,0004,國立臺灣師範大學,01131017,健康促進與衛生教育學系,碩士班(日間),3,0,3,5.17
108,公立,一般大學,0004,國立臺灣師範大學,02112037,設計學系,碩士班(日間),5,1,4,5.95
108,公立,一般大學,0004,國立臺灣師範大學,02299045,歐洲文化與觀光研究所,碩士班(日間),1,1,0,2.17
108,公立,一般大學,0004,國立臺灣師範大學,02312034,翻譯研究所,碩士班(日間),2,0,2,2.38
108,公立,一般大學,0004,國立臺灣師範大學,03131003,教育心理與輔導學系,碩士班(日間),4,0,4,3.15
108,公立,一般大學,0004,國立臺灣師範大學,03211048,大眾傳播研究所,碩士班(日間),6,2,4,6.38
108,公立,一般大學,0004,國立臺灣師範大學,03214050,圖文傳播學系,碩士班(日間),4,1,3,6.15
108,公立,一般大學,0004,國立臺灣師範大學,04131047,全球經營與策略研究所,碩士班(日間),1,0,1,1.47
108,公立,一般大學,0004,國立臺灣師範大學,04131052,管理研究所,碩士班(日間),3,1,2,3.57
108,公立,一般大學,0004,國立臺灣師範大學,05411062,數學系,碩士班(日間),1,0,1,1.27
108,公立,一般大學,0004,國立臺灣師範大學,06131065,資訊工程學系,碩士班(日間),1,1,0,0.64
108,公立,一般大學,0004,國立臺灣師範大學,09231071,社會工作學研究所,碩士班(日間),3,0,3,3.85
108,公立,一般大學,0004,國立臺灣師範大學,01111001,教育學系,學士班(日間),4,0,4,1.50
108,公立,一般大學,0004,國立臺灣師範大學,01141007,人類發展與家庭學系,學士班(日間),1,0,1,0.29
108,公立,一般大學,0005,國立成功大學,02311108,外國語文學系,學士班(日間),1,0,1,0.35
108,公立,一般大學,0005,國立成功大學,03111114,經濟學系,學士班(日間),1,0,1,0.38
108,公立,一般大學,0005,國立成功大學,03131117,心理學系,學士班(日間),3,1,2,1.04
108,公立,一般大學,0005,國立成功大學,04111120,會計學系,學士班(日間),1,0,1,0.36
108,公立,一般大學,0005,國立成功大學,05311017,化學系,學士班(日間),1,1,0,0.42
108,公立,一般大學,0005,國立成功大學,06131036,資訊工程學系,學士班(日間),2,1,1,0.43
108,公立,一般大學,0005,國立成功大學,07313076,都市計劃學系,學士班(日間),1,0,1,0.57
108,公立,一般大學,0005,國立成功大學,07151042,機械工程學系,學士班(日間),3,3,0,0.48
108,公立,一般大學,0005,國立成功大學,07311075,建築學系,學士班(日間),2,0,2,0.70
108,公立,一般大學,0005,國立成功大學,02221110,歷史學系,博士班,2,1,1,6.25
108,公立,一般大學,0005,國立成功大學,04121126,財務金融研究所,博士班,1,1,0,20.00
108,公立,一般大學,0005,國立成功大學,04199057,工業與資訊管理學系,博士班,2,1,1,9.52
108,公立,一般大學,0005,國立成功大學,05111003,生命科學系,博士班,1,1,0,3.70
108,公立,一般大學,0005,國立成功大學,05421029,統計學系,博士班,1,0,1,11.11
108,公立,一般大學,0005,國立成功大學,06131037,電腦與通信工程研究所,博士班,1,1,0,3.33
108,公立,一般大學,0005,國立成功大學,07141035,光電科學與工程學系,博士班,1,0,1,2.50
108,公立,一般大學,0005,國立成功大學,07151042,機械工程學系,博士班,2,1,1,3.77
108,公立,一般大學,0005,國立成功大學,10411098,交通管理科學系,學士班(日間),1,0,1,0.45
108,公立,一般大學,0005,國立成功大學,02122112,創意產業設計研究所,博士班,6,2,4,16.67
108,公立,一般大學,0005,國立成功大學,02123113,工業設計學系,博士班,12,5,7,17.14
108,公立,一般大學,0005,國立成功大學,02311108,外國語文學系,博士班,4,2,2,19.05
108,公立,一般大學,0005,國立成功大學,02322107,中國文學系,博士班,3,2,1,8.82
108,公立,一般大學,0005,國立成功大學,03121115,政治學系政治經濟學博士班,博士班,6,5,1,23.08
108,公立,一般大學,0005,國立成功大學,04212001,法律學系,博士班,7,3,4,26.92
108,公立,一般大學,0005,國立成功大學,06131036,資訊工程學系,博士班,6,3,3,8.22
108,公立,一般大學,0005,國立成功大學,07141032,電機工程學系,博士班,2,2,0,1.68
108,公立,一般大學,0005,國立成功大學,07311075,建築學系,博士班,7,5,2,10.61
108,公立,一般大學,0005,國立成功大學,07313076,都市計劃學系,博士班,3,2,1,16.67
108,公立,一般大學,0005,國立成功大學,07321049,土木工程學系,博士班,1,1,0,2.63
108,公立,一般大學,0005,國立成功大學,02122112,創意產業設計研究所,碩士班(日間),5,1,4,9.62
108,公立,一般大學,0005,國立成功大學,02123113,工業設計學系,碩士班(日間),7,4,3,7.07
108,公立,一般大學,0005,國立成功大學,01111103,教育研究所,碩士班(日間),3,2,1,5.26
108,公立,一般大學,0005,國立成功大學,02221110,歷史學系,碩士班(日間),4,2,2,8.00
108,公立,一般大學,0005,國立成功大學,02222111,考古學研究所,碩士班(日間),1,0,1,2.44
108,公立,一般大學,0005,國立成功大學,02322107,中國文學系現代文學碩士班,碩士班(日間),2,0,2,6.25
108,公立,一般大學,0005,國立成功大學,03121115,政治學系政治經濟學碩士班,碩士班(日間),3,3,0,6.98
108,公立,一般大學,0005,國立成功大學,04111120,會計學系,碩士班(日間),3,0,3,3.45
108,公立,一般大學,0005,國立成功大學,04131121,企業管理學系,碩士班(日間),3,1,2,2.40
108,公立,一般大學,0005,國立成功大學,04131124,國際企業研究所,碩士班(日間),1,0,1,1.33
108,公立,一般大學,0005,國立成功大學,04212001,法律學系,碩士班(日間),3,1,2,1.75
108,公立,一般大學,0005,國立成功大學,05111132,熱帶植物與微生物科學研究所,碩士班(日間),1,0,1,4.17
108,公立,一般大學,0005,國立成功大學,05321019,地球科學系,碩士班(日間),2,0,2,3.57
108,公立,一般大學,0005,國立成功大學,06131030,資訊管理研究所,碩士班(日間),1,1,0,1.79
108,公立,一般大學,0005,國立成功大學,06131036,資訊工程學系,碩士班(日間),7,6,1,2.57
108,公立,一般大學,0005,國立成功大學,07122026,水利及海洋工程學系,碩士班(日間),1,1,0,1.04
108,公立,一般大學,0005,國立成功大學,07141041,製造資訊與系統研究所,碩士班(日間),2,1,1,3.28
108,公立,一般大學,0005,國立成功大學,02152051,戲劇碩士學位學程,碩士班(日間),3,1,2,16.67
108,公立,一般大學,0005,國立成功大學,02191104,藝術研究所,碩士班(日間),10,1,9,20.83
108,公立,一般大學,0005,國立成功大學,02311108,外國語文學系,碩士班(日間),1,0,1,2.04
108,公立,一般大學,0005,國立成功大學,02322107,中國文學系中國文學碩士班,碩士班(日間),4,0,4,7.41
108,公立,一般大學,0005,國立成功大學,03111114,經濟學系,碩士班(日間),3,1,2,10.71
108,公立,一般大學,0005,國立成功大學,03131117,心理學系,碩士班(日間),5,4,1,11.36
108,公立,一般大學,0005,國立成功大學,04131122,經營管理碩士學位學程(AMBA),碩士班(日間),1,0,1,2.08
108,公立,一般大學,0005,國立成功大學,04199057,工業與資訊管理學系,碩士班(日間),1,0,1,1.10
108,公立,一般大學,0005,國立成功大學,05111003,生命科學系,碩士班(日間),2,1,1,3.45
108,公立,一般大學,0005,國立成功大學,05421029,統計學系,碩士班(日間),3,2,1,8.82
108,公立,一般大學,0005,國立成功大學,06131037,電腦與通信工程研究所,碩士班(日間),4,4,0,1.47
108,公立,一般大學,0005,國立成功大學,06131095,醫學資訊研究所,碩士班(日間),3,2,1,7.89
108,公立,一般大學,0005,國立成功大學,07112063,材料科學及工程學系,碩士班(日間),2,2,0,0.84
108,公立,一般大學,0005,國立成功大學,07121070,環境工程學系,碩士班(日間),1,0,1,0.95
108,公立,一般大學,0005,國立成功大學,07141035,光電科學與工程學系,碩士班(日間),1,1,0,0.68
108,公立,一般大學,0005,國立成功大學,07151042,機械工程學系,碩士班(日間),1,1,0,0.28
108,公立,一般大學,0005,國立成功大學,07311075,建築學系,碩士班(日間),8,2,6,4.21
108,公立,一般大學,0005,國立成功大學,07141071,工程科學系,碩士班(日間),2,1,1,1.05
108,公立,一般大學,0005,國立成功大學,07193061,生物醫學工程學系,碩士班(日間),1,1,0,0.98
108,公立,一般大學,0005,國立成功大學,07313076,都市計劃學系,碩士班(日間),5,3,2,4.17
108,公立,一般大學,0005,國立成功大學,07321049,土木工程學系,碩士班(日間),5,3,2,2.01
108,公立,一般大學,0005,國立成功大學,09111096,口腔醫學研究所,碩士班(日間),1,0,1,4.17
108,公立,一般大學,0005,國立成功大學,09191079,公共衛生研究所,碩士班(日間),1,0,1,3.57
108,公立,一般大學,0005,國立成功大學,09191085,環境醫學研究所,碩士班(日間),1,0,1,1.85
108,公立,一般大學,0005,國立成功大學,10411098,交通管理科學系,碩士班(日間),3,2,1,3.61
108,公立,一般大學,0005,國立成功大學,09151082,物理治療學系,碩士班(日間),3,0,3,10.34
108,公立,一般大學,0005,國立成功大學,10152097,體育健康與休閒研究所,碩士班(日間),3,2,1,6.38
108,公立,一般大學,0006,國立中興大學,02311006,外國語文學系,學士班(日間),1,0,1,0.39
108,公立,一般大學,0006,國立中興大學,07121059,環境工程學系,學士班(日間),1,1,0,0.50
108,公立,一般大學,0006,國立中興大學,07321054,土木工程學系,學士班(日間),1,1,0,0.28
108,公立,一般大學,0006,國立中興大學,08411087,獸醫學系,學士班(日間),4,0,4,1.01
108,公立,一般大學,0006,國立中興大學,02322005,中國文學系,博士班,4,2,2,11.76
108,公立,一般大學,0006,國立中興大學,04121019,財務金融學系,博士班,1,1,0,6.25
108,公立,一般大學,0006,國立中興大學,02311006,外國語文學系,碩士班(日間),1,0,1,4.17
108,公立,一般大學,0006,國立中興大學,02322005,中國文學系,碩士班(日間),3,1,2,4.69
108,公立,一般大學,0006,國立中興大學,05123034,生物化學研究所,碩士班(日間),2,1,1,5.71
108,公立,一般大學,0006,國立中興大學,07121059,環境工程學系,博士班,1,1,0,4.17
108,公立,一般大學,0006,國立中興大學,08411087,獸醫學系,博士班,2,0,2,6.06
108,公立,一般大學,0006,國立中興大學,04134011,國家政策與公共事務研究所,碩士班(日間),3,1,2,13.04
108,公立,一般大學,0006,國立中興大學,04143020,行銷學系,碩士班(日間),3,1,2,6.12
108,公立,一般大學,0006,國立中興大學,04199021,科技管理研究所電子商務碩士班,碩士班(日間),1,0,1,2.50
108,公立,一般大學,0006,國立中興大學,05121033,分子生物學研究所,碩士班(日間),1,0,1,1.92
108,公立,一般大學,0006,國立中興大學,07193060,生醫工程研究所,碩士班(日間),2,2,0,6.25
108,公立,一般大學,0006,國立中興大學,07321054,土木工程學系,碩士班(日間),1,1,0,0.85
108,公立,一般大學,0006,國立中興大學,08411087,獸醫學系,碩士班(日間),4,2,2,5.48
108,公立,一般大學,0006,國立中興大學,02221007,歷史學系,學士班(日間),2,2,0,0.83
108,公立,一般大學,0006,國立中興大學,04121019,財務金融學系,學士班(日間),2,1,1,0.79
108,公立,一般大學,0006,國立中興大學,04131016,企業管理學系,學士班(日間),1,1,0,0.40
108,公立,一般大學,0006,國立中興大學,05331040,物理學系,學士班(日間),1,1,0,0.42
108,公立,一般大學,0006,國立中興大學,06131043,資訊管理學系,學士班(日間),2,2,0,1.44
108,公立,一般大學,0006,國立中興大學,07112057,材料科學與工程學系,學士班(日間),1,1,0,0.52
108,公立,一般大學,0006,國立中興大學,08193078,國際農企業學士學位學程,學士班(日間),2,2,0,2.17
108,公立,一般大學,0006,國立中興大學,07141045,電機工程學系,碩士班(日間),2,1,1,1.15
108,公立,一般大學,0007,國立陽明交通大學,04121020,資訊管理與財務金融學系,學士班(日間),4,3,1,2.25
108,公立,一般大學,0007,國立陽明交通大學,06131058,資訊工程學系,學士班(日間),2,1,1,0.26
108,公立,一般大學,0007,國立陽明交通大學,07141051,電子工程學系,學士班(日間),2,2,0,0.74
108,公立,一般大學,0007,國立陽明交通大學,10411086,運輸與物流管理學系,學士班(日間),1,1,0,0.50
108,公立,一般大學,0007,國立陽明交通大學,02122004,應用藝術研究所,博士班,4,2,2,12.12
108,公立,一般大學,0007,國立陽明交通大學,04131018,管理科學系,博士班,2,1,1,9.52
108,公立,一般大學,0007,國立陽明交通大學,04212027,科技法律研究所,博士班,1,1,0,6.67
108,公立,一般大學,0007,國立陽明交通大學,07112072,材料科學與工程學系,博士班,3,1,2,2.19
108,公立,一般大學,0007,國立陽明交通大學,07141050,電機工程學系,博士班,1,1,0,1.75
108,公立,一般大學,0007,國立陽明交通大學,07141062,電信工程研究所,博士班,1,1,0,1.75
108,公立,一般大學,0007,國立陽明交通大學,07141064,電控工程研究所,博士班,1,1,0,2.08
108,公立,一般大學,0007,國立陽明交通大學,07151070,機械工程學系,博士班,1,1,0,1.20
108,公立,一般大學,0007,國立陽明交通大學,02122004,應用藝術研究所,碩士班(日間),10,4,6,12.66
108,公立,一般大學,0007,國立陽明交通大學,02299009,亞際文化研究國際碩士學位學程(台灣聯合大學系統),碩士班(日間),1,1,0,4.76
108,公立,一般大學,0007,國立陽明交通大學,02311005,外國語文學系外國文學與語言學碩士班,碩士班(日間),1,0,1,2.27
108,公立,一般大學,0007,國立陽明交通大學,03211014,傳播研究所,碩士班(日間),12,5,7,19.05
108,公立,一般大學,0007,國立陽明交通大學,04131018,管理科學系,碩士班(日間),6,2,4,7.32
108,公立,一般大學,0007,國立陽明交通大學,04212027,科技法律研究所,碩士班(日間),2,0,2,1.82
108,公立,一般大學,0007,國立陽明交通大學,05311036,應用化學系,碩士班(日間),2,2,0,1.06
108,公立,一般大學,0007,國立陽明交通大學,06131061,資訊科學與工程研究所,碩士班(日間),5,4,1,1.28
108,公立,一般大學,0007,國立陽明交通大學,06132049,多媒體工程研究所,碩士班(日間),2,2,0,1.75
108,公立,一般大學,0007,國立陽明交通大學,06133082,聲音與音樂創意科技碩士學位學程,碩士班(日間),1,0,1,14.29
108,公立,一般大學,0007,國立陽明交通大學,07121076,環境工程研究所,碩士班(日間),3,3,0,4.55
108,公立,一般大學,0007,國立陽明交通大學,07141050,電機工程學系,碩士班(日間),10,9,1,6.76
108,公立,一般大學,0007,國立陽明交通大學,07141053,電子研究所,碩士班(日間),3,2,1,0.59
108,公立,一般大學,0007,國立陽明交通大學,07141055,光電工程學系,碩士班(日間),2,2,0,0.86
108,公立,一般大學,0007,國立陽明交通大學,07141053,電子研究所,博士班,6,3,3,4.17
108,公立,一般大學,0007,國立陽明交通大學,07321071,土木工程學系,博士班,2,1,1,4.35
108,公立,一般大學,0007,國立陽明交通大學,10411086,運輸與物流管理學系,博士班,2,1,1,8.70
108,公立,一般大學,0007,國立陽明交通大學,01111001,教育研究所,碩士班(日間),1,1,0,1.28
108,公立,一般大學,0007,國立陽明交通大學,02151003,音樂研究所,碩士班(日間),4,1,3,5.88
108,公立,一般大學,0007,國立陽明交通大學,02299010,社會與文化研究所,碩士班(日間),3,1,2,9.09
108,公立,一般大學,0007,國立陽明交通大學,03211015,傳播與科技學系,碩士班(日間),4,0,4,7.84
108,公立,一般大學,0007,國立陽明交通大學,04121020,資訊管理與財務金融學系財務金融碩士班,碩士班(日間),14,8,6,13.46
108,公立,一般大學,0007,國立陽明交通大學,04199023,科技管理研究所,碩士班(日間),7,3,4,14.00
108,公立,一般大學,0007,國立陽明交通大學,05124034,生物資訊及系統生物研究所,碩士班(日間),1,0,1,2.17
108,公立,一般大學,0007,國立陽明交通大學,05331041,電子物理學系,碩士班(日間),2,2,0,1.26
108,公立,一般大學,0007,國立陽明交通大學,05411045,應用數學系,碩士班(日間),2,1,1,3.57
108,公立,一般大學,0007,國立陽明交通大學,05421047,統計學研究所,碩士班(日間),3,2,1,6.52
108,公立,一般大學,0007,國立陽明交通大學,06121060,網路工程研究所,碩士班(日間),2,2,0,1.72
108,公立,一般大學,0007,國立陽明交通大學,06131092,數據科學與工程研究所,碩士班(日間),2,0,2,2.70
108,公立,一般大學,0007,國立陽明交通大學,07112072,材料科學與工程學系,碩士班(日間),2,2,0,1.27
108,公立,一般大學,0007,國立陽明交通大學,07132081,照明與能源光電研究所,碩士班(日間),3,3,0,3.53
108,公立,一般大學,0007,國立陽明交通大學,07141065,光電系統研究所,碩士班(日間),1,1,0,1.22
108,公立,一般大學,0007,國立陽明交通大學,07151093,機器人碩士學位學程,碩士班(日間),2,2,0,5.71
108,公立,一般大學,0007,國立陽明交通大學,07191075,工業工程與管理學系,碩士班(日間),3,2,1,2.44
108,公立,一般大學,0007,國立陽明交通大學,07321071,土木工程學系,碩士班(日間),3,2,1,1.34
108,公立,一般大學,0007,國立陽明交通大學,07141062,電信工程研究所,碩士班(日間),3,3,0,1.15
108,公立,一般大學,0007,國立陽明交通大學,07141064,電控工程研究所,碩士班(日間),1,1,0,0.45
108,公立,一般大學,0007,國立陽明交通大學,07141066,國際半導體產業學院碩士班,碩士班(日間),1,1,0,1.49
108,公立,一般大學,0007,國立陽明交通大學,07151070,機械工程學系,碩士班(日間),5,5,0,1.67
108,公立,一般大學,0007,國立陽明交通大學,07193079,影像與生醫光電研究所,碩士班(日間),1,1,0,1.23
108,公立,一般大學,0007,國立陽明交通大學,07311085,建築研究所,碩士班(日間),2,2,0,2.63
108,公立,一般大學,0007,國立陽明交通大學,10411086,運輸與物流管理學系交通運輸碩士班,碩士班(日間),1,1,0,1.11
108,公立,一般大學,0007,國立陽明交通大學,10411086,運輸與物流管理學系物流管理碩士班,碩士班(日間),3,1,2,7.32
108,公立,一般大學,0007,國立陽明交通大學,03211015,傳播與科技學系,學士班(日間),1,0,1,0.60
108,公立,一般大學,0007,國立陽明交通大學,05331041,電子物理學系,學士班(日間),1,1,0,0.50
108,公立,一般大學,0007,國立陽明交通大學,07112072,材料科學與工程學系,學士班(日間),1,1,0,0.51
108,公立,一般大學,0007,國立陽明交通大學,07141050,電機工程學系,學士班(日間),4,3,1,0.50
108,公立,一般大學,0007,國立陽明交通大學,07321071,土木工程學系,學士班(日間),1,1,0,0.31
108,公立,一般大學,0007,國立陽明交通大學,02299010,社會與文化研究所,博士班,12,4,8,26.09
108,公立,一般大學,0007,國立陽明交通大學,04121020,資訊管理與財務金融學系財務金融博士班,博士班,6,3,3,19.35
108,公立,一般大學,0007,國立陽明交通大學,05421047,統計學研究所,博士班,1,1,0,11.11
108,公立,一般大學,0007,國立陽明交通大學,06131022,資訊管理研究所,博士班,1,1,0,3.03
108,公立,一般大學,0007,國立陽明交通大學,06131061,資訊科學與工程研究所,博士班,4,3,1,2.61
108,公立,一般大學,0007,國立陽明交通大學,07121076,環境工程研究所,博士班,2,1,1,8.33
108,公立,一般大學,0008,國立中央大學,02322006,中國文學系,學士班(日間),2,1,1,0.99
108,公立,一般大學,0008,國立中央大學,04121024,財務金融學系,學士班(日間),3,2,1,1.17
108,公立,一般大學,0008,國立中央大學,04131023,企業管理學系,學士班(日間),3,0,3,0.76
108,公立,一般大學,0008,國立中央大學,06131059,資訊工程學系,學士班(日間),3,0,3,0.67
108,公立,一般大學,0008,國立中央大學,07141057,光電科學與工程學系,學士班(日間),1,1,0,0.58
108,公立,一般大學,0008,國立中央大學,07151064,機械工程學系,學士班(日間),3,3,0,0.54
108,公立,一般大學,0008,國立中央大學,01115001,學習與教學研究所,博士班,2,0,2,7.69
108,公立,一般大學,0008,國立中央大學,02231011,哲學研究所,博士班,1,1,0,3.13
108,公立,一般大學,0008,國立中央大學,03131017,認知神經科學研究所,博士班,1,0,1,7.14
108,公立,一般大學,0008,國立中央大學,04121024,財務金融學系,博士班,1,0,1,14.29
108,公立,一般大學,0008,國立中央大學,04131023,企業管理學系,博士班,7,4,3,8.86
108,公立,一般大學,0008,國立中央大學,05323039,水文與海洋科學研究所,博士班,1,0,1,8.33
108,公立,一般大學,0008,國立中央大學,06131059,資訊工程學系,博士班,1,1,0,1.49
108,公立,一般大學,0008,國立中央大學,07112070,材料科學與工程研究所,博士班,1,0,1,5.56
108,公立,一般大學,0008,國立中央大學,06131053,資訊管理學系,博士班,1,1,0,7.69
108,公立,一般大學,0008,國立中央大學,07111069,化學工程與材料工程學系,博士班,1,1,0,2.63
108,公立,一般大學,0008,國立中央大學,07121072,環境工程研究所,博士班,1,0,1,6.67
108,公立,一般大學,0008,國立中央大學,07321067,土木工程學系,博士班,2,2,0,3.57
108,公立,一般大學,0008,國立中央大學,01115001,學習與教學研究所,碩士班(日間),1,0,1,3.33
108,公立,一般大學,0008,國立中央大學,02191004,藝術學研究所,碩士班(日間),5,2,3,15.63
108,公立,一般大學,0008,國立中央大學,02221010,歷史研究所,碩士班(日間),2,0,2,6.25
108,公立,一般大學,0008,國立中央大學,02231011,哲學研究所,碩士班(日間),2,1,1,6.67
108,公立,一般大學,0008,國立中央大學,02299012,亞際文化研究國際碩士學位學程(台灣聯合大學系統),碩士班(日間),2,1,1,14.29
108,公立,一般大學,0008,國立中央大學,02322006,中國文學系,碩士班(日間),4,1,3,7.14
108,公立,一般大學,0008,國立中央大學,04121024,財務金融學系,碩士班(日間),6,2,4,9.38
108,公立,一般大學,0008,國立中央大學,04131023,企業管理學系,碩士班(日間),4,3,1,3.10
108,公立,一般大學,0008,國立中央大學,02311007,英美語文學系,碩士班(日間),1,0,1,3.33
108,公立,一般大學,0008,國立中央大學,03111013,經濟學系,碩士班(日間),1,0,1,3.23
108,公立,一般大學,0008,國立中央大學,03131017,認知神經科學研究所,碩士班(日間),2,1,1,12.50
108,公立,一般大學,0008,國立中央大學,04111022,會計研究所,碩士班(日間),3,1,2,9.38
108,公立,一般大學,0008,國立中央大學,04199027,人力資源管理研究所,碩士班(日間),2,0,2,3.39
108,公立,一般大學,0008,國立中央大學,04211030,法律與政府研究所,碩士班(日間),2,1,1,4.26
108,公立,一般大學,0008,國立中央大學,05331042,物理學系,碩士班(日間),1,1,0,1.11
108,公立,一般大學,0008,國立中央大學,06131053,資訊管理學系,碩士班(日間),1,1,0,0.83
108,公立,一般大學,0008,國立中央大學,07111069,化學工程與材料工程學系,碩士班(日間),2,2,0,1.46
108,公立,一般大學,0008,國立中央大學,07141055,電機工程學系,碩士班(日間),4,4,0,1.34
108,公立,一般大學,0008,國立中央大學,07193074,生醫科學與工程學系生物醫學工程碩士班,碩士班(日間),1,1,0,1.89
108,公立,一般大學,0008,國立中央大學,06131053,資訊管理學系,學士班(日間),1,1,0,0.24
108,公立,一般大學,0008,國立中央大學,07321067,土木工程學系,學士班(日間),2,2,0,0.56
108,公立,一般大學,0008,國立中央大學,02322006,中國文學系,博士班,5,2,3,14.29
108,公立,一般大學,0008,國立中央大學,05411051,數學系,碩士班(日間),2,1,1,3.08
108,公立,一般大學,0008,國立中央大學,05421052,統計研究所,碩士班(日間),1,1,0,2.27
108,公立,一般大學,0008,國立中央大學,06131059,資訊工程學系,碩士班(日間),6,5,1,2.27
108,公立,一般大學,0008,國立中央大學,06131059,資訊工程學系軟體工程碩士班,碩士班(日間),1,1,0,5.00
108,公立,一般大學,0008,國立中央大學,07121072,環境工程研究所,碩士班(日間),1,1,0,1.15
108,公立,一般大學,0008,國立中央大學,07132066,能源工程研究所,碩士班(日間),1,1,0,1.89
108,公立,一般大學,0008,國立中央大學,07141057,光電科學與工程學系,碩士班(日間),1,1,0,0.63
108,公立,一般大學,0008,國立中央大學,07141060,通訊工程學系,碩士班(日間),4,4,0,2.88
108,公立,一般大學,0008,國立中央大學,07151064,機械工程學系,碩士班(日間),2,2,0,0.80
108,公立,一般大學,0008,國立中央大學,07191026,工業管理研究所,碩士班(日間),1,1,0,1.54
108,公立,一般大學,0008,國立中央大學,07321067,土木工程學系,碩士班(日間),4,4,0,1.85
108,公立,一般大學,0009,國立中山大學,02322005,中國文學系,學士班(日間),4,0,4,2.17
108,公立,一般大學,0009,國立中山大學,03141013,社會學系,學士班(日間),1,0,1,0.65
108,公立,一般大學,0009,國立中山大學,04121024,財務管理學系,學士班(日間),2,0,2,0.94
108,公立,一般大學,0009,國立中山大學,04131021,企業管理學系,學士班(日間),1,0,1,0.27
108,公立,一般大學,0009,國立中山大學,04134010,政治經濟學系,學士班(日間),1,0,1,0.47
108,公立,一般大學,0009,國立中山大學,05111033,生物科學系,學士班(日間),1,0,1,0.51
108,公立,一般大學,0009,國立中山大學,05311037,化學系,學士班(日間),1,1,0,0.46
108,公立,一般大學,0009,國立中山大學,05323047,海洋科學系,學士班(日間),2,1,1,1.59
108,公立,一般大學,0009,國立中山大學,02322005,中國文學系,博士班,6,1,5,19.35
108,公立,一般大學,0009,國立中山大學,03143016,中國與亞太區域研究所,博士班,1,0,1,1.43
108,公立,一般大學,0009,國立中山大學,07141053,電機工程學系,學士班(日間),1,1,0,0.22
108,公立,一般大學,0009,國立中山大學,07151061,機械與機電工程學系,學士班(日間),2,2,0,0.44
108,公立,一般大學,0009,國立中山大學,01111001,教育研究所,博士班,1,1,0,2.04
108,公立,一般大學,0009,國立中山大學,03121011,政治學研究所,博士班,1,1,0,3.13
108,公立,一般大學,0009,國立中山大學,04131021,企業管理學系,博士班,1,1,0,1.18
108,公立,一般大學,0009,國立中山大學,04131028,人力資源管理研究所,博士班,2,0,2,4.88
108,公立,一般大學,0009,國立中山大學,02231008,哲學研究所,碩士班(日間),3,2,1,11.54
108,公立,一般大學,0009,國立中山大學,02311006,外國語文學系,碩士班(日間),1,0,1,2.27
108,公立,一般大學,0009,國立中山大學,02322005,中國文學系,碩士班(日間),10,2,8,17.86
108,公立,一般大學,0009,國立中山大學,03121011,政治學研究所,碩士班(日間),1,1,0,2.04
108,公立,一般大學,0009,國立中山大學,04121024,財務管理學系,碩士班(日間),5,2,3,5.81
108,公立,一般大學,0009,國立中山大學,04131021,企業管理學系企業管理碩士班,碩士班(日間),1,0,1,0.45
108,公立,一般大學,0009,國立中山大學,04131028,人力資源管理研究所,碩士班(日間),1,0,1,1.22
108,公立,一般大學,0009,國立中山大學,05311037,化學系,碩士班(日間),1,0,1,0.94
108,公立,一般大學,0009,國立中山大學,05323047,海洋科學系,碩士班(日間),1,1,0,2.33
108,公立,一般大學,0009,國立中山大學,04121024,財務管理學系,博士班,4,2,2,20.00
108,公立,一般大學,0009,國立中山大學,05323047,海洋科學系,博士班,2,2,0,16.67
108,公立,一般大學,0009,國立中山大學,07121064,環境工程研究所,博士班,1,0,1,3.45
108,公立,一般大學,0009,國立中山大學,03141013,社會學系,碩士班(日間),1,0,1,2.94
108,公立,一般大學,0009,國立中山大學,04199025,行銷傳播管理研究所,碩士班(日間),7,4,3,10.45
108,公立,一般大學,0009,國立中山大學,06111055,資訊工程學系,碩士班(日間),4,3,1,1.83
108,公立,一般大學,0009,國立中山大學,06131052,資訊管理學系,碩士班(日間),3,3,0,2.68
108,公立,一般大學,0009,國立中山大學,07112063,材料與光電科學學系,碩士班(日間),1,1,0,1.02
108,公立,一般大學,0009,國立中山大學,07121064,環境工程研究所,碩士班(日間),1,0,1,1.85
108,公立,一般大學,0009,國立中山大學,07122065,海洋環境及工程學系,碩士班(日間),3,3,0,4.55
108,公立,一般大學,0009,國立中山大學,07151061,機械與機電工程學系,碩士班(日間),1,1,0,0.56
108,公立,一般大學,0009,國立中山大學,06131052,資訊管理學系,學士班(日間),1,1,0,0.49
108,公立,一般大學,0009,國立中山大學,07112063,材料與光電科學學系,學士班(日間),1,1,0,0.49
108,公立,一般大學,0012,國立臺灣海洋大學,05121018,海洋生物科技學士學位學程,學士班(日間),1,1,0,1.23
108,公立,一般大學,0012,國立臺灣海洋大學,07211042,食品科學系,學士班(日間),4,1,3,0.94
108,公立,一般大學,0012,國立臺灣海洋大學,04199056,海洋經營管理學士學位學程,學士班(日間),1,1,0,1.19
108,公立,一般大學,0012,國立臺灣海洋大學,05121014,生命科學暨生物科技學系,學士班(日間),1,0,1,0.51
108,公立,一般大學,0012,國立臺灣海洋大學,07122041,海洋工程科技學士學位學程,學士班(日間),1,1,0,1.49
108,公立,一般大學,0012,國立臺灣海洋大學,07151036,機械與機電工程學系,學士班(日間),4,4,0,1.10
108,公立,一般大學,0012,國立臺灣海洋大學,10412048,航運管理學系,學士班(日間),1,0,1,0.21
108,公立,一般大學,0012,國立臺灣海洋大學,05323017,海洋生物研究所,博士班,3,2,1,20.00
108,公立,一般大學,0012,國立臺灣海洋大學,10412048,航運管理學系,碩士班(日間),1,0,1,1.12
108,公立,一般大學,0012,國立臺灣海洋大學,10411050,運輸科學系,學士班(日間),1,1,0,0.25
108,公立,一般大學,0012,國立臺灣海洋大學,04212009,海洋法律研究所,博士班,1,1,0,3.70
108,公立,一般大學,0012,國立臺灣海洋大學,07122041,海洋工程科技博士學位學程,博士班,5,1,4,62.50
108,公立,一般大學,0012,國立臺灣海洋大學,04212009,海洋法律研究所,碩士班(日間),1,0,1,1.64
108,公立,一般大學,0012,國立臺灣海洋大學,07122040,河海工程學系,碩士班(日間),1,1,0,1.32
108,公立,一般大學,0013,國立中正大學,02231016,哲學系,學士班(日間),1,1,0,0.50
108,公立,一般大學,0013,國立中正大學,02322011,中國文學系,學士班(日間),1,1,0,0.54
108,公立,一般大學,0013,國立中正大學,03211028,傳播學系,學士班(日間),1,0,1,0.50
108,公立,一般大學,0013,國立中正大學,04111032,會計與資訊科技學系,學士班(日間),1,0,1,0.43
108,公立,一般大學,0013,國立中正大學,04121034,財務金融學系,學士班(日間),1,0,1,0.31
108,公立,一般大學,0013,國立中正大學,04211039,法律學系,學士班(日間),1,0,1,0.30
108,公立,一般大學,0013,國立中正大學,02311012,外國語文學系,學士班(日間),2,1,1,0.93
108,公立,一般大學,0013,國立中正大學,03111017,經濟學系,學士班(日間),1,1,0,0.27
108,公立,一般大學,0013,國立中正大學,03131019,心理學系,學士班(日間),1,1,0,0.47
108,公立,一般大學,0013,國立中正大學,04131033,企業管理學系,學士班(日間),1,0,1,0.30
108,公立,一般大學,0013,國立中正大學,04212040,財經法律學系,學士班(日間),1,0,1,0.49
108,公立,一般大學,0013,國立中正大學,06131055,資訊工程學系,學士班(日間),1,1,0,0.26
108,公立,一般大學,0013,國立中正大學,07111061,化學工程學系,學士班(日間),1,1,0,0.53
108,公立,一般大學,0013,國立中正大學,07141056,通訊工程學系,學士班(日間),1,1,0,0.58
108,公立,一般大學,0013,國立中正大學,07151058,機械工程學系,學士班(日間),1,0,1,0.28
108,公立,一般大學,0013,國立中正大學,02221015,歷史學系,博士班,2,2,0,6.06
108,公立,一般大學,0013,國立中正大學,03199026,犯罪防治學系,博士班,2,2,0,4.35
108,公立,一般大學,0013,國立中正大學,04131033,企業管理學系,博士班,1,1,0,1.75
108,公立,一般大學,0013,國立中正大學,04211039,法律學系,博士班,2,1,1,4.44
108,公立,一般大學,0013,國立中正大學,01111001,教育學研究所課程博士班,博士班,1,0,1,3.33
108,公立,一般大學,0013,國立中正大學,03131019,心理學系,博士班,1,0,1,6.67
108,公立,一般大學,0013,國立中正大學,04111032,會計與資訊科技學系,博士班,1,1,0,5.00
108,公立,一般大學,0013,國立中正大學,09231063,社會福利學系,博士班,2,2,0,8.33
108,公立,一般大學,0013,國立中正大學,01112005,成人及繼續教育學系,碩士班(日間),1,0,1,2.44
108,公立,一般大學,0013,國立中正大學,02322011,中國文學系,碩士班(日間),1,0,1,2.94
108,公立,一般大學,0013,國立中正大學,04131033,企業管理學系行銷管理碩士班,碩士班(日間),1,0,1,3.57
108,公立,一般大學,0013,國立中正大學,04212040,財經法律學系,碩士班(日間),5,3,2,4.81
108,公立,一般大學,0013,國立中正大學,06131053,資訊管理學系醫療資訊管理碩士班,碩士班(日間),1,1,0,3.23
108,公立,一般大學,0013,國立中正大學,06131055,資訊工程學系,碩士班(日間),1,1,0,0.36
108,公立,一般大學,0013,國立中正大學,04211039,法律學系,碩士班(日間),1,1,0,0.61
108,公立,一般大學,0013,國立中正大學,07141054,電機工程學系,碩士班(日間),2,2,0,0.66
108,公立,一般大學,0014,國立高雄師範大學,02311021,英語學系,學士班(日間),1,0,1,0.30
108,公立,一般大學,0014,國立高雄師範大學,01111001,教育學系,博士班,4,1,3,4.35
108,公立,一般大學,0014,國立高雄師範大學,01113010,特殊教育學系特殊教育博士班,博士班,3,1,2,8.82
108,公立,一般大學,0014,國立高雄師範大學,01141006,科學教育暨環境教育研究所科學教育博士班,博士班,2,2,0,4.35
108,公立,一般大學,0014,國立高雄師範大學,04131032,事業經營學系,碩士班(日間),4,4,0,13.33
108,公立,一般大學,0014,國立高雄師範大學,02112022,視覺設計學系,學士班(日間),3,1,2,1.65
108,公立,一般大學,0014,國立高雄師範大學,02123024,工業設計學系,學士班(日間),1,0,1,0.81
108,公立,一般大學,0014,國立高雄師範大學,02322019,國文學系,學士班(日間),3,0,3,0.87
108,公立,一般大學,0014,國立高雄師範大學,04131032,事業經營學系,學士班(日間),3,0,3,2.22
108,公立,一般大學,0014,國立高雄師範大學,05411038,數學系,學士班(日間),2,2,0,0.67
108,公立,一般大學,0014,國立高雄師範大學,07141041,電子工程學系,學士班(日間),2,2,0,1.23
108,公立,一般大學,0014,國立高雄師範大學,01112009,成人教育研究所,博士班,3,2,1,5.36
108,公立,一般大學,0014,國立高雄師範大學,01111001,教育學系,碩士班(日間),1,0,1,2.04
108,公立,一般大學,0014,國立高雄師範大學,02131012,美術學系,碩士班(日間),11,4,7,11.70
108,公立,一般大學,0014,國立高雄師範大學,06132039,軟體工程與管理學系,碩士班(日間),1,1,0,2.78
108,公立,一般大學,0015,國立彰化師範大學,04121031,財務金融技術學系,學士班(日間),3,2,1,1.80
108,公立,一般大學,0015,國立彰化師範大學,06131040,資訊管理學系,學士班(日間),4,2,2,2.03
108,公立,一般大學,0015,國立彰化師範大學,02322019,國文學系,博士班,1,1,0,2.56
108,公立,一般大學,0015,國立彰化師範大學,04131033,人力資源管理研究所,博士班,1,1,0,4.17
108,公立,一般大學,0015,國立彰化師範大學,07151054,機電工程學系,博士班,1,1,0,4.35
108,公立,一般大學,0015,國立彰化師範大學,02131017,美術學系,碩士班(日間),2,0,2,6.25
108,公立,一般大學,0015,國立彰化師範大學,02322019,國文學系,學士班(日間),1,0,1,0.29
108,公立,一般大學,0015,國立彰化師範大學,04111028,會計學系,學士班(日間),4,0,4,1.21
108,公立,一般大學,0015,國立彰化師範大學,04131029,企業管理學系,學士班(日間),4,2,2,1.89
108,公立,一般大學,0015,國立彰化師範大學,01113012,特殊教育學系,博士班,3,1,2,10.00
108,公立,一般大學,0015,國立彰化師範大學,03131025,輔導與諮商學系,博士班,8,2,6,18.60
108,公立,一般大學,0015,國立彰化師範大學,01113012,特殊教育學系,碩士班(日間),2,0,2,3.64
108,公立,一般大學,0015,國立彰化師範大學,02131017,美術學系藝術教育碩士班,碩士班(日間),1,0,1,3.33
108,公立,一般大學,0015,國立彰化師範大學,04121031,財務金融技術學系,碩士班(日間),1,1,0,1.85
108,公立,一般大學,0016,國立陽明大學,05121007,生命科學系暨基因體科學研究所,學士班(日間),12,5,7,13.48
108,公立,一般大學,0016,國立陽明大學,09141057,醫學生物技術暨檢驗學系,學士班(日間),2,0,2,1.37
108,公立,一般大學,0016,國立陽明大學,05121007,生命科學系暨基因體科學研究所,碩士班(日間),1,0,1,1.85
108,公立,一般大學,0016,國立陽明大學,05123011,生化暨分子生物研究所,碩士班(日間),2,1,1,3.77
108,公立,一般大學,0016,國立陽明大學,07193019,生醫光電研究所,碩士班(日間),2,1,1,3.13
108,公立,一般大學,0017,國立臺北大學,03111009,經濟學系,學士班(日間),1,1,0,0.20
108,公立,一般大學,0017,國立臺北大學,04134024,不動產與城鄉環境學系,學士班(日間),1,0,1,0.20
108,公立,一般大學,0017,國立臺北大學,07141035,電機工程學系,學士班(日間),4,2,2,2.53
108,公立,一般大學,0017,國立臺北大學,04211028,法律學系,博士班,5,3,2,13.51
108,公立,一般大學,0017,國立臺北大學,05211043,自然資源與環境管理研究所,博士班,1,1,0,5.88
108,公立,一般大學,0017,國立臺北大學,07313039,都市計劃研究所,博士班,1,1,0,7.14
108,公立,一般大學,0017,國立臺北大學,04111017,會計學系,學士班(日間),3,0,3,0.58
108,公立,一般大學,0017,國立臺北大學,04121022,金融與合作經營學系,學士班(日間),4,1,3,1.72
108,公立,一般大學,0017,國立臺北大學,04122023,財政學系,學士班(日間),1,0,1,0.35
108,公立,一般大學,0017,國立臺北大學,04131018,企業管理學系,學士班(日間),5,4,1,0.98
108,公立,一般大學,0017,國立臺北大學,04131018,企業管理學系,博士班,8,3,5,10.00
108,公立,一般大學,0017,國立臺北大學,04134013,公共行政暨政策學系,博士班,3,1,2,20.00
108,公立,一般大學,0017,國立臺北大學,04134024,不動產與城鄉環境學系,博士班,2,1,1,8.70
108,公立,一般大學,0017,國立臺北大學,06111038,電機資訊學院博士班,博士班,1,1,0,5.88
108,公立,一般大學,0017,國立臺北大學,04134024,不動產與城鄉環境學系,碩士班(日間),2,2,0,3.70
108,公立,一般大學,0017,國立臺北大學,04211028,法律學系,碩士班(日間),6,4,2,1.97
108,公立,一般大學,0017,國立臺北大學,06131036,資訊工程學系,碩士班(日間),2,2,0,3.03
108,公立,一般大學,0017,國立臺北大學,02299008,民俗藝術與文化資產研究所,碩士班(日間),1,1,0,2.63
108,公立,一般大學,0017,國立臺北大學,02322002,中國文學系,碩士班(日間),3,2,1,8.82
108,公立,一般大學,0017,國立臺北大學,04121022,金融與合作經營學系,碩士班(日間),2,1,1,5.56
108,公立,一般大學,0017,國立臺北大學,04131018,企業管理學系,碩士班(日間),6,3,3,2.74
108,公立,一般大學,0017,國立臺北大學,04131019,國際企業研究所,碩士班(日間),2,0,2,7.41
108,公立,一般大學,0017,國立臺北大學,04134013,公共行政暨政策學系,碩士班(日間),1,1,0,1.09
108,公立,一般大學,0017,國立臺北大學,06134034,資訊管理研究所,碩士班(日間),1,1,0,3.03
108,公立,一般大學,0017,國立臺北大學,07313039,都市計劃研究所,碩士班(日間),1,1,0,2.13
108,公立,一般大學,0018,國立嘉義大學,08111077,農業科學博士學位學程,博士班,1,1,0,2.22
108,公立,一般大學,0018,國立嘉義大學,10151044,行銷與觀光管理學系觀光休閒管理博士班,博士班,1,0,1,4.76
108,公立,一般大學,0018,國立嘉義大學,10152113,體育與健康休閒學系,碩士班(日間),1,1,0,2.13
108,公立,一般大學,0018,國立嘉義大學,02322029,中國文學系,學士班(日間),4,2,2,1.84
108,公立,一般大學,0019,國立高雄大學,02199005,創意設計與建築學系,學士班(日間),2,1,1,1.98
108,公立,一般大學,0019,國立高雄大學,03111006,應用經濟學系,學士班(日間),1,1,0,0.43
108,公立,一般大學,0019,國立高雄大學,04212016,財經法律學系,學士班(日間),1,0,1,0.58
108,公立,一般大學,0019,國立高雄大學,05311022,應用化學系,學士班(日間),1,0,1,0.57
108,公立,一般大學,0019,國立高雄大學,05411024,應用數學系,學士班(日間),1,1,0,0.45
108,公立,一般大學,0019,國立高雄大學,06131026,資訊管理學系,碩士班(日間),1,1,0,3.13
108,公立,一般大學,0019,國立高雄大學,06131028,資訊工程學系,學士班(日間),1,0,1,0.54
108,公立,一般大學,0019,國立高雄大學,04211018,法學院博士班,博士班,2,1,1,16.67
108,公立,一般大學,0019,國立高雄大學,10152033,運動健康與休閒學系,碩士班(日間),1,1,0,3.57
108,公立,一般大學,0020,國立東華大學,04121061,財務金融學系,學士班(日間),3,1,2,1.29
108,公立,一般大學,0020,國立東華大學,06131086,資訊工程學系,學士班(日間),3,3,0,0.84
108,公立,一般大學,0020,國立東華大學,07141083,電機工程學系,學士班(日間),1,1,0,0.44
108,公立,一般大學,0020,國立東華大學,01111001,教育與潛能開發學系多元文化教育博士班,博士班,1,0,1,4.35
108,公立,一般大學,0020,國立東華大學,02322025,中國語文學系,博士班,1,1,0,2.27
108,公立,一般大學,0020,國立東華大學,05211094,自然資源與環境學系,學士班(日間),1,1,0,0.44
108,公立,一般大學,0020,國立東華大學,01111001,教育與潛能開發學系教育博士班,博士班,7,0,7,7.78
108,公立,一般大學,0020,國立東華大學,04131059,企業管理學系,博士班,4,4,0,6.78
108,公立,一般大學,0020,國立東華大學,02121019,藝術與設計學系,碩士班(日間),2,1,1,4.00
108,公立,一般大學,0020,國立東華大學,04121061,財務金融學系,碩士班(日間),1,0,1,2.17
108,公立,一般大學,0020,國立東華大學,02121019,藝術與設計學系,學士班(日間),7,4,3,3.40
108,公立,一般大學,0020,國立東華大學,02191022,藝術創意產業學系,學士班(日間),2,1,1,0.87
108,公立,一般大學,0020,國立東華大學,02311029,英美語文學系,學士班(日間),2,0,2,0.89
108,公立,一般大學,0021,國立暨南國際大學,03111016,經濟學系,學士班(日間),1,1,0,0.40
108,公立,一般大學,0021,國立暨南國際大學,01111001,國際文教與比較教育學系,博士班,2,0,2,5.13
108,公立,一般大學,0021,國立暨南國際大學,03131004,諮商心理與人力資源發展學系輔導與諮商博士班,博士班,1,0,1,5.88
108,公立,一般大學,0021,國立暨南國際大學,09231038,社會政策與社會工作學系,博士班,6,5,1,18.18
108,公立,一般大學,0021,國立暨南國際大學,02322013,中國語文學系,碩士班(日間),1,0,1,4.76
108,公立,一般大學,0021,國立暨南國際大學,04121025,財務金融學系,碩士班(日間),1,1,0,2.94
108,公立,一般大學,0021,國立暨南國際大學,07321035,土木工程學系,碩士班(日間),1,1,0,4.00
108,公立,一般大學,0021,國立暨南國際大學,04121025,財務金融學系,學士班(日間),1,0,1,0.41
108,公立,一般大學,0021,國立暨南國際大學,06131030,資訊管理學系,學士班(日間),1,1,0,0.41
108,公立,一般大學,0021,國立暨南國際大學,07321035,土木工程學系,學士班(日間),1,1,0,0.51
108,公立,一般大學,0021,國立暨南國際大學,04131026,新興產業策略與發展博士學位學程,博士班,3,1,2,4.55
108,公立,技專校院,0022,國立臺灣科技大學,02122004,設計系,學士班(日間),2,1,1,0.42
108,公立,技專校院,0022,國立臺灣科技大學,06131016,資訊管理系,學士班(日間),7,7,0,2.56
108,公立,技專校院,0022,國立臺灣科技大學,06131020,資訊工程系,學士班(日間),11,7,4,3.02
108,公立,技專校院,0022,國立臺灣科技大學,07141017,電機工程系,學士班(日間),2,1,1,0.38
108,公立,技專校院,0022,國立臺灣科技大學,07141018,電子工程系,學士班(日間),16,15,1,3.30
108,公立,技專校院,0022,國立臺灣科技大學,07191012,工業管理系,學士班(日間),4,3,1,1.30
108,公立,技專校院,0022,國立臺灣科技大學,02311003,應用外語系,學士班(日間),10,2,8,4.18
108,公立,技專校院,0022,國立臺灣科技大學,04131008,企業管理系,學士班(日間),43,16,27,10.09
108,公立,技專校院,0022,國立臺灣科技大學,07311038,建築系,學士班(日間),2,2,0,0.63
108,公立,技專校院,0022,國立臺灣科技大學,01116002,數位學習與教育研究所,博士班,3,3,0,11.11
108,公立,技專校院,0022,國立臺灣科技大學,02122004,設計系,博士班,21,6,15,37.50
108,公立,技專校院,0022,國立臺灣科技大學,06131016,資訊管理系,博士班,1,1,0,1.61
108,公立,技專校院,0022,國立臺灣科技大學,06131020,資訊工程系,博士班,1,0,1,2.27
108,公立,技專校院,0022,國立臺灣科技大學,07191012,工業管理系,博士班,2,1,1,3.45
108,公立,技專校院,0022,國立臺灣科技大學,07321025,營建工程系,博士班,1,1,0,1.75
108,公立,技專校院,0022,國立臺灣科技大學,04199011,科技管理研究所,碩士班(日間),1,1,0,2.44
108,公立,技專校院,0022,國立臺灣科技大學,06131016,資訊管理系,碩士班(日間),3,2,1,2.03
108,公立,技專校院,0022,國立臺灣科技大學,06131020,資訊工程系,碩士班(日間),8,7,1,2.77
108,公立,技專校院,0022,國立臺灣科技大學,07112028,材料科學與工程系,碩士班(日間),2,2,0,1.19
108,公立,技專校院,0022,國立臺灣科技大學,07141017,電機工程系,碩士班(日間),5,5,0,1.45
108,公立,技專校院,0022,國立臺灣科技大學,07141018,電子工程系,碩士班(日間),5,4,1,1.19
108,公立,技專校院,0022,國立臺灣科技大學,07141019,光電工程研究所,碩士班(日間),2,1,1,3.85
108,公立,技專校院,0022,國立臺灣科技大學,07141022,色彩與照明科技研究所,碩士班(日間),2,2,0,6.06
108,公立,技專校院,0022,國立臺灣科技大學,04131008,企業管理系,博士班,1,0,1,1.54
108,公立,技專校院,0022,國立臺灣科技大學,07141018,電子工程系,博士班,5,3,2,5.95
108,公立,技專校院,0022,國立臺灣科技大學,07151024,自動化及控制研究所,博士班,1,1,0,6.25
108,公立,技專校院,0022,國立臺灣科技大學,07311038,建築系,博士班,6,3,3,10.00
108,公立,技專校院,0022,國立臺灣科技大學,01116002,數位學習與教育研究所,碩士班(日間),2,1,1,3.03
108,公立,技專校院,0022,國立臺灣科技大學,02122004,設計系,碩士班(日間),16,5,11,12.40
108,公立,技專校院,0022,國立臺灣科技大學,02311003,應用外語系,碩士班(日間),1,0,1,2.33
108,公立,技專校院,0022,國立臺灣科技大學,04121010,財務金融研究所,碩士班(日間),5,3,2,6.76
108,公立,技專校院,0022,國立臺灣科技大學,04131008,企業管理系,碩士班(日間),13,7,6,7.51
108,公立,技專校院,0022,國立臺灣科技大學,04199013,管理學院MBA,碩士班(日間),1,0,1,0.85
108,公立,技專校院,0022,國立臺灣科技大學,07151023,機械工程系,碩士班(日間),3,2,1,0.68
108,公立,技專校院,0022,國立臺灣科技大學,07151024,自動化及控制研究所,碩士班(日間),3,3,0,5.17
108,公立,技專校院,0022,國立臺灣科技大學,07311038,建築系,碩士班(日間),8,2,6,5.71
108,公立,技專校院,0022,國立臺灣科技大學,07191012,工業管理系,碩士班(日間),3,3,0,1.99
108,公立,技專校院,0022,國立臺灣科技大學,07321025,營建工程系,碩士班(日間),2,1,1,0.75
108,公立,技專校院,0023,國立雲林科技大學,02112013,數位媒體設計系,學士班(日間),1,0,1,0.35
108,公立,技專校院,0023,國立雲林科技大學,02122009,創意生活設計系,學士班(日間),22,4,18,9.69
108,公立,技專校院,0023,國立雲林科技大學,02311004,應用外語系,學士班(日間),9,1,8,3.21
108,公立,技專校院,0023,國立雲林科技大學,04111018,會計系,學士班(日間),5,3,2,2.34
108,公立,技專校院,0023,國立雲林科技大學,07121049,環境與安全衛生工程系,學士班(日間),2,1,1,100.00
108,公立,技專校院,0023,國立雲林科技大學,01118001,技術及職業教育研究所,博士班,1,1,0,1.43
108,公立,技專校院,0023,國立雲林科技大學,04111018,會計系,博士班,1,1,0,8.33
108,公立,技專校院,0023,國立雲林科技大學,04121024,財務金融系,博士班,2,2,0,11.11
108,公立,技專校院,0023,國立雲林科技大學,02112011,視覺傳達設計系,碩士班(日間),2,1,1,2.86
108,公立,技專校院,0023,國立雲林科技大學,02122009,創意生活設計系,碩士班(日間),5,4,1,7.14
108,公立,技專校院,0023,國立雲林科技大學,02123014,工業設計系,碩士班(日間),2,2,0,2.99
108,公立,技專校院,0023,國立雲林科技大學,04131019,企業管理系,碩士班(日間),2,2,0,2.08
108,公立,技專校院,0023,國立雲林科技大學,07141037,資訊工程系,碩士班(日間),1,1,0,0.99
108,公立,技專校院,0023,國立雲林科技大學,07191048,工業工程與管理系,碩士班(日間),1,1,0,0.74
108,公立,技專校院,0023,國立雲林科技大學,07311016,建築與室內設計系,碩士班(日間),6,3,3,9.68
108,公立,技專校院,0023,國立雲林科技大學,02112011,視覺傳達設計系,學士班(日間),3,0,3,1.33
108,公立,技專校院,0023,國立雲林科技大學,02123014,工業設計系,學士班(日間),1,0,1,0.48
108,公立,技專校院,0023,國立雲林科技大學,04131019,企業管理系,學士班(日間),31,14,17,9.28
108,公立,技專校院,0023,國立雲林科技大學,06131032,資訊管理系,學士班(日間),11,11,0,3.24
108,公立,技專校院,0023,國立雲林科技大學,07111045,化學工程與材料工程系,學士班(日間),1,0,1,0.23
108,公立,技專校院,0023,國立雲林科技大學,07191048,工業工程與管理系,學士班(日間),3,2,1,0.71
108,公立,技專校院,0023,國立雲林科技大學,07311016,建築與室內設計系,學士班(日間),7,1,6,3.13
108,公立,技專校院,0023,國立雲林科技大學,07321043,營建工程系,學士班(日間),5,5,0,1.59
108,公立,技專校院,0023,國立雲林科技大學,02122007,設計學研究所,博士班,24,10,14,22.02
108,公立,技專校院,0023,國立雲林科技大學,04131019,企業管理系,博士班,2,1,1,3.23
108,公立,技專校院,0023,國立雲林科技大學,02111013,數位媒體設計系,碩士班(日間),2,2,0,2.70
108,公立,技專校院,0023,國立雲林科技大學,02122007,設計學研究所,碩士班(日間),1,0,1,2.70
108,公立,技專校院,0023,國立雲林科技大學,04111018,會計系,碩士班(日間),1,1,0,2.17
108,公立,技專校院,0023,國立雲林科技大學,04121024,財務金融系,碩士班(日間),1,0,1,1.39
108,公立,技專校院,0024,國立屏東科技大學,02125003,時尚設計與管理系,學士班(日間),2,0,2,0.85
108,公立,技專校院,0024,國立屏東科技大學,07121025,環境工程與科學系,學士班(日間),1,1,0,0.29
108,公立,技專校院,0024,國立屏東科技大學,08211041,森林系,學士班(日間),1,1,0,0.42
108,公立,技專校院,0024,國立屏東科技大學,09231051,社會工作系,學士班(日間),1,1,0,0.41
108,公立,技專校院,0025,國立臺北科技大學,02123009,工業設計系,學士班(日間),10,1,9,3.55
108,公立,技專校院,0025,國立臺北科技大學,04131011,經營管理系,學士班(日間),27,10,17,9.93
108,公立,技專校院,0025,國立臺北科技大學,07141025,電機工程系,學士班(日間),3,1,2,0.58
108,公立,技專校院,0025,國立臺北科技大學,07141028,電子工程系,學士班(日間),13,9,4,3.25
108,公立,技專校院,0025,國立臺北科技大學,02112007,互動設計系,學士班(日間),23,5,18,7.37
108,公立,技專校院,0025,國立臺北科技大學,02311002,應用英語(文)系,學士班(日間),8,1,7,100.00
108,公立,技專校院,0025,國立臺北科技大學,06131016,資訊與財金管理系,學士班(日間),22,8,14,8.76
108,公立,技專校院,0025,國立臺北科技大學,06131034,資訊工程系,學士班(日間),13,12,1,5.53
108,公立,技專校院,0025,國立臺北科技大學,07111048,化學工程與生物科技系,學士班(日間),3,1,2,0.59
108,公立,技專校院,0025,國立臺北科技大學,07321045,土木工程系,學士班(日間),16,7,9,3.48
108,公立,技專校院,0025,國立臺北科技大學,07121063,環境工程與管理研究所,博士班,1,0,1,4.76
108,公立,技專校院,0025,國立臺北科技大學,07141025,電機工程系,博士班,2,1,1,3.28
108,公立,技專校院,0025,國立臺北科技大學,07141028,電子工程系,博士班,1,1,0,1.96
108,公立,技專校院,0025,國立臺北科技大學,07151040,機電學院機電科技博士班,博士班,5,5,0,5.95
108,公立,技專校院,0025,國立臺北科技大學,07321045,土木工程系土木與防災博士班,博士班,2,1,1,6.06
108,公立,技專校院,0025,國立臺北科技大學,02112007,互動設計系,碩士班(日間),6,2,4,13.33
108,公立,技專校院,0025,國立臺北科技大學,06131016,資訊與財金管理系,碩士班(日間),3,1,2,5.17
108,公立,技專校院,0025,國立臺北科技大學,07112057,材料科學與工程研究所,碩士班(日間),3,2,1,3.03
108,公立,技專校院,0025,國立臺北科技大學,07151037,機械工程系,學士班(日間),13,13,0,2.24
108,公立,技專校院,0025,國立臺北科技大學,01118001,技術及職業教育研究所,博士班,2,2,0,3.28
108,公立,技專校院,0025,國立臺北科技大學,02122003,設計學院設計博士班,博士班,11,7,4,14.47
108,公立,技專校院,0025,國立臺北科技大學,04131020,管理學院管理博士班,博士班,6,6,0,6.90
108,公立,技專校院,0025,國立臺北科技大學,01118001,技術及職業教育研究所,碩士班(日間),1,0,1,1.92
108,公立,技專校院,0025,國立臺北科技大學,02123009,工業設計系創新設計碩士班,碩士班(日間),5,0,5,5.56
108,公立,技專校院,0025,國立臺北科技大學,04131011,經營管理系,碩士班(日間),6,2,4,5.26
108,公立,技專校院,0025,國立臺北科技大學,07141025,電機工程系,碩士班(日間),3,3,0,1.09
108,公立,技專校院,0025,國立臺北科技大學,07151043,製造科技研究所,碩士班(日間),4,4,0,2.99
108,公立,技專校院,0025,國立臺北科技大學,07141028,電子工程系,碩士班(日間),5,5,0,2.09
108,公立,技專校院,0025,國立臺北科技大學,07151037,機械工程系機電整合碩士班,碩士班(日間),3,3,0,1.39
108,公立,一般大學,0028,國立臺北藝術大學,02111018,電影創作學系,學士班(日間),4,0,4,2.02
108,公立,一般大學,0028,國立臺北藝術大學,02152011,劇場設計學系,學士班(日間),3,0,3,1.76
108,公立,一般大學,0028,國立臺北藝術大學,02152008,戲劇學系,博士班,1,0,1,5.26
108,公立,一般大學,0028,國立臺北藝術大學,02191021,文化資源學院文化資產與藝術創新博士班,博士班,6,3,3,33.33
108,公立,一般大學,0028,國立臺北藝術大學,02152008,戲劇學系,碩士班(日間),2,2,0,10.00
108,公立,一般大學,0028,國立臺北藝術大學,02152013,舞蹈研究所,碩士班(日間),3,1,2,4.29
108,公立,一般大學,0028,國立臺北藝術大學,02191001,藝術與人文教育研究所,碩士班(日間),3,2,1,5.77
108,公立,一般大學,0028,國立臺北藝術大學,02191023,新媒體藝術學系,碩士班(日間),4,2,2,4.76
108,公立,一般大學,0028,國立臺北藝術大學,02192025,藝術行政與管理研究所,碩士班(日間),5,4,1,5.10
108,公立,一般大學,0028,國立臺北藝術大學,07311030,建築與文化資產研究所,碩士班(日間),3,0,3,4.92
108,公立,一般大學,0028,國立臺北藝術大學,02111019,動畫學系,學士班(日間),3,0,3,1.61
108,公立,一般大學,0028,國立臺北藝術大學,02151006,傳統音樂學系,學士班(日間),2,0,2,2.04
108,公立,一般大學,0028,國立臺北藝術大學,02191023,新媒體藝術學系,學士班(日間),4,1,3,2.19
108,公立,一般大學,0028,國立臺北藝術大學,02151005,音樂學系,博士班,1,0,1,3.03
108,公立,一般大學,0028,國立臺北藝術大學,02111018,電影創作學系,碩士班(日間),7,6,1,10.14
108,公立,一般大學,0028,國立臺北藝術大學,02151005,音樂學研究所,碩士班(日間),2,0,2,10.00
108,公立,一般大學,0028,國立臺北藝術大學,02152011,劇場設計學系,碩士班(日間),2,1,1,5.26
108,公立,一般大學,0028,國立臺北藝術大學,02191028,博物館研究所,碩士班(日間),2,0,2,3.39
108,公立,一般大學,0028,國立臺北藝術大學,02192026,文創產業國際藝術碩士學位學程,碩士班(日間),1,0,1,4.17
108,公立,一般大學,0029,國立臺灣藝術大學,02111015,電影學系,學士班(日間),4,2,2,1.72
108,公立,一般大學,0029,國立臺灣藝術大學,02132006,雕塑學系,學士班(日間),3,0,3,1.81
108,公立,一般大學,0029,國立臺灣藝術大學,02151010,音樂學系,學士班(日間),2,1,1,0.80
108,公立,一般大學,0029,國立臺灣藝術大學,02151011,中國音樂學系,學士班(日間),1,0,1,0.69
108,公立,一般大學,0029,國立臺灣藝術大學,02152012,戲劇學系,學士班(日間),3,2,1,1.52
108,公立,一般大學,0029,國立臺灣藝術大學,02152014,舞蹈學系,學士班(日間),1,0,1,0.63
108,公立,一般大學,0029,國立臺灣藝術大學,03213029,廣播電視學系,學士班(日間),1,1,0,0.52
108,公立,一般大學,0029,國立臺灣藝術大學,02111032,傳播學院影音創作與數位媒體產業博士班,博士班,5,3,2,41.67
108,公立,一般大學,0029,國立臺灣藝術大學,02191018,表演藝術學院表演藝術博士班,博士班,8,3,5,36.36
108,公立,一般大學,0029,國立臺灣藝術大學,02192026,藝術管理與文化政策研究所,博士班,5,2,3,13.16
108,公立,一般大學,0029,國立臺灣藝術大學,01115001,藝術與人文教學研究所,碩士班(日間),1,0,1,3.13
108,公立,一般大學,0029,國立臺灣藝術大學,02112028,視覺傳達設計學系,碩士班(日間),2,1,1,5.88
108,公立,一般大學,0029,國立臺灣藝術大學,02131003,美術學系,碩士班(日間),1,1,0,2.04
108,公立,一般大學,0029,國立臺灣藝術大學,02131005,書畫藝術學系,碩士班(日間),2,2,0,4.26
108,公立,一般大學,0029,國立臺灣藝術大學,02141007,工藝設計學系,碩士班(日間),2,0,2,4.26
108,公立,一般大學,0029,國立臺灣藝術大學,02191017,古蹟藝術修護學系,碩士班(日間),2,2,0,13.33
108,公立,一般大學,0029,國立臺灣藝術大學,02131005,書畫藝術學系,學士班(日間),2,0,2,1.40
108,公立,一般大學,0029,國立臺灣藝術大學,02199030,圖文傳播藝術學系,學士班(日間),2,1,1,1.12
108,公立,一般大學,0029,國立臺灣藝術大學,02122027,創意產業設計研究所,博士班,5,2,3,20.00
108,公立,一般大學,0029,國立臺灣藝術大學,02131003,美術學系當代視覺文化博士班,博士班,2,1,1,14.29
108,公立,一般大學,0029,國立臺灣藝術大學,02131005,書畫藝術學系,博士班,7,5,2,23.33
108,公立,一般大學,0029,國立臺灣藝術大學,02111015,電影學系,碩士班(日間),4,2,2,7.27
108,公立,一般大學,0029,國立臺灣藝術大學,02112023,多媒體動畫藝術學系動畫藝術碩士班,碩士班(日間),1,0,1,3.33
108,公立,一般大學,0029,國立臺灣藝術大學,02131003,美術學系版畫藝術碩士班,碩士班(日間),1,0,1,5.00
108,公立,一般大學,0029,國立臺灣藝術大學,02132006,雕塑學系,碩士班(日間),2,2,0,6.06
108,公立,一般大學,0029,國立臺灣藝術大學,02151010,音樂學系,碩士班(日間),1,0,1,2.38
108,公立,一般大學,0029,國立臺灣藝術大學,02151011,中國音樂學系,碩士班(日間),1,1,0,2.70
108,公立,一般大學,0029,國立臺灣藝術大學,02152012,戲劇學系,碩士班(日間),2,2,0,6.45
108,公立,一般大學,0029,國立臺灣藝術大學,02152014,舞蹈學系,碩士班(日間),2,0,2,5.41
108,公立,一般大學,0029,國立臺灣藝術大學,03213029,廣播電視學系,碩士班(日間),2,2,0,3.03
108,公立,一般大學,0029,國立臺灣藝術大學,02192026,藝術管理與文化政策研究所,碩士班(日間),2,1,1,5.00
108,公立,一般大學,0029,國立臺灣藝術大學,02199030,圖文傳播藝術學系,碩士班(日間),2,1,1,7.41
108,公立,一般大學,0030,國立臺東大學,02311015,英美語文學系,學士班(日間),1,0,1,0.61
108,公立,一般大學,0030,國立臺東大學,02323013,華語文學系,學士班(日間),1,0,1,0.56
108,公立,一般大學,0030,國立臺東大學,05111020,生命科學系,學士班(日間),1,1,0,0.56
108,公立,一般大學,0030,國立臺東大學,01111001,教育學系教育研究博士班,博士班,1,1,0,5.88
108,公立,一般大學,0030,國立臺東大學,02399016,兒童文學研究所,博士班,3,1,2,9.38
108,公立,一般大學,0031,國立宜蘭大學,07321021,土木工程學系,學士班(日間),1,1,0,0.26
108,公立,一般大學,0031,國立宜蘭大學,03111007,應用經濟與管理學系經營管理碩士班,碩士班(日間),1,0,1,4.17
108,公立,一般大學,0031,國立宜蘭大學,07121024,環境工程學系,碩士班(日間),1,0,1,4.00
108,公立,一般大學,0031,國立宜蘭大學,07141012,電子工程學系,碩士班(日間),1,1,0,3.33
108,公立,一般大學,0031,國立宜蘭大學,07211033,食品科學系,學士班(日間),2,0,2,0.55
108,公立,一般大學,0032,國立聯合大學,02323002,華語文學系,學士班(日間),1,0,1,0.54
108,公立,一般大學,0032,國立聯合大學,07141019,光電工程學系,學士班(日間),1,1,0,0.30
108,公立,一般大學,0032,國立聯合大學,07321027,土木與防災工程學系,學士班(日間),1,1,0,0.51
108,公立,一般大學,0032,國立聯合大學,02122005,文化創意與數位行銷學系,學士班(日間),1,0,1,0.56
108,公立,一般大學,0032,國立聯合大學,02123006,工業設計學系,學士班(日間),1,1,0,0.59
108,公立,一般大學,0032,國立聯合大學,04131011,經營管理學系,學士班(日間),1,0,1,0.18
108,公立,一般大學,0032,國立聯合大學,06131016,資訊管理學系,學士班(日間),2,1,1,0.62
108,公立,一般大學,0032,國立聯合大學,06131020,資訊工程學系,學士班(日間),1,1,0,0.59
108,公立,一般大學,0032,國立聯合大學,07111028,化學工程學系,學士班(日間),1,0,1,0.29
108,公立,一般大學,0032,國立聯合大學,07112029,材料科學工程學系,學士班(日間),1,0,1,0.61
108,公立,一般大學,0032,國立聯合大學,07121034,環境與安全衛生工程學系,學士班(日間),1,0,1,0.27
108,公立,一般大學,0032,國立聯合大學,07141017,電機工程學系,學士班(日間),1,1,0,0.15
108,公立,一般大學,0032,國立聯合大學,07151025,機械工程學系,學士班(日間),1,1,0,0.14
108,公立,技專校院,0033,國立虎尾科技大學,06131013,資訊工程系,學士班(日間),1,1,0,0.23
108,公立,技專校院,0033,國立虎尾科技大學,07191006,工業管理系,學士班(日間),1,1,0,0.26
108,公立,技專校院,0033,國立虎尾科技大學,02112002,多媒體設計系,學士班(日間),3,3,0,0.96
108,公立,技專校院,0033,國立虎尾科技大學,07141010,電子工程系,學士班(日間),3,2,1,1.41
108,公立,技專校院,0033,國立虎尾科技大學,07151014,自動化工程系,學士班(日間),4,4,0,0.97
108,公立,技專校院,0033,國立虎尾科技大學,07151016,動力機械工程系,學士班(日間),1,1,0,0.20
108,公立,技專校院,0033,國立虎尾科技大學,07151019,機械設計工程系,學士班(日間),5,5,0,1.17
108,公立,一般大學,0035,國立臺南藝術大學,02111009,音像紀錄研究所,碩士班(日間),1,1,0,2.38
108,公立,一般大學,0035,國立臺南藝術大學,02151003,應用音樂學系,學士班(日間),9,3,6,4.17
108,公立,一般大學,0035,國立臺南藝術大學,02131016,藝術創作理論研究所,博士班,1,0,1,2.50
108,公立,一般大學,0035,國立臺南藝術大學,02151004,民族音樂學研究所,碩士班(日間),2,0,2,6.90
108,公立,一般大學,0035,國立臺南藝術大學,02192022,博物館學與古物維護研究所,碩士班(日間),1,0,1,0.91
108,公立,一般大學,0036,國立臺南大學,01111001,教育學系,學士班(日間),1,1,0,0.29
108,公立,一般大學,0036,國立臺南大學,02322031,國語文學系,學士班(日間),5,1,4,1.60
108,公立,一般大學,0036,國立臺南大學,04134040,行政管理學系,學士班(日間),2,1,1,1.27
108,公立,一般大學,0036,國立臺南大學,01111001,教育學系教育經營與管理博士班,博士班,3,1,2,4.76
108,公立,一般大學,0036,國立臺南大學,06131052,資訊工程學系,學士班(日間),6,5,1,3.77
108,公立,一般大學,0036,國立臺南大學,01113019,特殊教育學系,博士班,1,0,1,4.17
108,公立,一般大學,0036,國立臺南大學,01111001,教育學系課程與教學博士班,博士班,4,0,4,10.81
108,公立,一般大學,0036,國立臺南大學,07141049,電機工程學系,博士班,1,0,1,10.00
108,公立,一般大學,0036,國立臺南大學,02152029,戲劇創作與應用學系,碩士班(日間),1,0,1,2.17
108,公立,一般大學,0037,國立臺北教育大學,01114044,教育經營與管理學系,學士班(日間),1,0,1,0.57
108,公立,一般大學,0037,國立臺北教育大學,02192027,當代藝術評論與策展研究全英語碩士學位學程,碩士班(日間),1,0,1,4.55
108,公立,一般大學,0037,國立臺北教育大學,02121028,文化創意產業經營學系,學士班(日間),2,0,2,1.04
108,公立,一般大學,0037,國立臺北教育大學,02322018,語文與創作學系,學士班(日間),1,0,1,0.27
108,公立,一般大學,0037,國立臺北教育大學,05399040,自然科學教育學系,學士班(日間),1,0,1,0.48
108,公立,一般大學,0037,國立臺北教育大學,01114044,教育經營與管理學系教育政策與管理博士班,博士班,4,4,0,5.06
108,公立,一般大學,0037,國立臺北教育大學,02121028,文化創意產業經營學系,碩士班(日間),1,0,1,2.63
108,公立,一般大學,0037,國立臺北教育大學,03131007,心理與諮商學系,碩士班(日間),1,1,0,0.93
108,公立,一般大學,0039,國立臺中教育大學,01111001,教育學系,博士班,1,1,0,2.27
108,公立,一般大學,0039,國立臺中教育大學,02151030,音樂學系,碩士班(日間),1,0,1,2.56
108,公立,一般大學,0039,國立臺中教育大學,01111001,教育學系,學士班(日間),5,0,5,2.98
108,公立,一般大學,0039,國立臺中教育大學,02131029,美術學系,學士班(日間),2,0,2,1.09
108,公立,一般大學,0039,國立臺中教育大學,02151030,音樂學系,學士班(日間),2,0,2,1.12
108,公立,一般大學,0039,國立臺中教育大學,06131042,資訊工程學系,學士班(日間),1,1,0,0.49
108,公立,一般大學,0039,國立臺中教育大學,01131006,語文教育學系,博士班,1,1,0,3.03
108,公立,技專校院,0043,國立勤益科技大學,02311001,應用英語系,學士班(日間),2,1,1,0.90
108,公立,技專校院,0043,國立勤益科技大學,04131002,企業管理系,學士班(日間),1,0,1,0.22
108,公立,技專校院,0043,國立勤益科技大學,07141012,電子工程系,學士班(日間),4,4,0,0.61
108,公立,技專校院,0043,國立勤益科技大學,07151016,機械工程系,學士班(日間),3,2,1,0.42
108,公立,技專校院,0043,國立勤益科技大學,04132003,流通管理系,學士班(日間),1,1,0,0.25
108,公立,技專校院,0043,國立勤益科技大學,07132026,冷凍空調與能源系,學士班(日間),2,2,0,0.40
108,公立,技專校院,0043,國立勤益科技大學,07141011,電機工程系,學士班(日間),2,2,0,0.35
108,公立,一般大學,0044,國立體育大學,10152014,運動保健學系,學士班(日間),3,1,2,1.31
108,公立,一般大學,0044,國立體育大學,01141001,體育研究所,博士班,11,8,3,15.94
108,公立,一般大學,0044,國立體育大學,10141008,競技與教練科學研究所,博士班,6,5,1,12.00
108,公立,一般大學,0044,國立體育大學,10152021,國際運動管理與創新博士學位學程,博士班,3,3,0,18.75
108,公立,一般大學,0044,國立體育大學,10141009,國際運動教練科學碩士學位學程,碩士班(日間),1,1,0,33.33
108,公立,一般大學,0044,國立體育大學,10152015,休閒產業經營學系,學士班(日間),6,6,0,2.49
108,公立,一般大學,0044,國立體育大學,10152017,適應體育學系,學士班(日間),1,0,1,0.45
108,公立,一般大學,0044,國立體育大學,10142010,運動科學研究所,博士班,3,1,2,21.43
108,公立,一般大學,0044,國立體育大學,10142010,運動科學研究所,碩士班(日間),1,0,1,2.86
108,公立,一般大學,0044,國立體育大學,10152016,體育推廣學系,碩士班(日間),3,1,2,7.89
108,公立,技專校院,0047,國立高雄餐旅大學,10131030,餐飲管理系,學士班(日間),1,0,1,0.21
108,公立,技專校院,0047,國立高雄餐旅大學,10131004,旅館管理系,學士班(日間),1,0,1,0.18
108,公立,技專校院,0047,國立高雄餐旅大學,10151015,旅運管理系,學士班(日間),2,1,1,1.00
108,公立,技專校院,0047,國立高雄餐旅大學,10151029,觀光研究所,博士班,3,1,2,7.89
108,公立,技專校院,0047,國立高雄餐旅大學,10131012,餐旅研究所,碩士班(日間),1,0,1,2.63
108,公立,一般大學,0048,國立金門大學,02322001,華語文學系,學士班(日間),3,1,2,2.16
108,公立,一般大學,0048,國立金門大學,04131009,企業管理學系,學士班(日間),15,10,5,4.44
108,公立,一般大學,0048,國立金門大學,07311026,建築學系,學士班(日間),25,13,12,12.38
108,公立,一般大學,0048,國立金門大學,02311002,應用英語學系,學士班(日間),5,3,2,1.69
108,公立,一般大學,0048,國立金門大學,03121006,國際暨大陸事務學系,學士班(日間),10,5,5,6.41
108,公立,一般大學,0048,國立金門大學,06131019,資訊工程學系,學士班(日間),6,6,0,3.51
108,公立,一般大學,0048,國立金門大學,07191025,工業工程與管理學系,學士班(日間),1,0,1,0.68
108,公立,一般大學,0048,國立金門大學,07211029,食品科學系,學士班(日間),2,0,2,1.34
108,公立,一般大學,0048,國立金門大學,10152036,運動與休閒學系,學士班(日間),5,5,0,2.92
108,公立,一般大學,0048,國立金門大學,03121006,國際暨大陸事務學系,碩士班(日間),1,1,0,7.14
108,公立,一般大學,0048,國立金門大學,04131009,企業管理學系,碩士班(日間),2,2,0,6.90
108,公立,一般大學,0048,國立金門大學,07311026,建築學系,碩士班(日間),4,3,1,20.00
108,公立,一般大學,0048,國立金門大學,07321021,土木與工程管理學系,碩士班(日間),1,0,1,4.00
108,公立,一般大學,0048,國立金門大學,10151034,觀光管理學系,碩士班(日間),3,0,3,17.65
108,公立,一般大學,0048,國立金門大學,10152036,運動與休閒學系,碩士班(日間),1,0,1,5.26
108,公立,一般大學,0048,國立金門大學,07313028,都市計畫與景觀學系,學士班(日間),11,6,5,7.10
108,公立,一般大學,0048,國立金門大學,07321021,土木與工程管理學系,學士班(日間),4,4,0,2.65
108,公立,一般大學,0048,國立金門大學,09191032,長期照護學系,學士班(日間),2,0,2,1.39
108,公立,一般大學,0048,國立金門大學,10151034,觀光管理學系,學士班(日間),4,4,0,1.92
108,公立,一般大學,0049,國立臺灣體育運動大學,01141001,體育學系,學士班(日間),2,1,1,0.47
108,公立,一般大學,0049,國立臺灣體育運動大學,01141001,體育學系,碩士班(日間),1,1,0,1.49
108,公立,一般大學,0049,國立臺灣體育運動大學,02152002,舞蹈學系,碩士班(日間),1,0,1,3.33
108,公立,一般大學,0049,國立臺灣體育運動大學,04199010,運動事業管理學系,碩士班(日間),1,1,0,4.55
108,公立,技專校院,0050,國立臺中科技大學,04131015,企業管理系,學士班(日間),4,1,3,1.33
108,公立,技專校院,0050,國立臺中科技大學,06131033,資訊管理系,學士班(日間),4,3,1,1.03
108,公立,技專校院,0050,國立臺中科技大學,07141036,資訊工程系,學士班(日間),4,3,1,1.57
108,公立,技專校院,0050,國立臺中科技大學,02112005,多媒體設計系,學士班(日間),1,1,0,0.44
108,公立,技專校院,0050,國立臺中科技大學,02123006,商業設計系,學士班(日間),5,1,4,1.53
108,公立,技專校院,0050,國立臺中科技大學,04121021,財務金融系,學士班(日間),6,4,2,1.52
108,公立,技專校院,0050,國立臺中科技大學,04132029,流通管理系,學士班(日間),1,0,1,0.33
108,公立,技專校院,0050,國立臺中科技大學,09211038,老人服務事業管理系,學士班(日間),1,0,1,1.16
108,公立,技專校院,0050,國立臺中科技大學,02112005,多媒體設計系,碩士班(日間),8,6,2,14.55
108,公立,技專校院,0051,國立臺北商業大學,02311006,應用外語系,學士班(日間),5,1,4,2.27
108,公立,技專校院,0051,國立臺北商業大學,04111009,會計資訊系,學士班(日間),3,3,0,0.99
108,公立,技專校院,0051,國立臺北商業大學,04122014,財政稅務系,學士班(日間),1,1,0,1.52
108,公立,技專校院,0051,國立臺北商業大學,02122024,創意設計與經營研究所,碩士班(日間),2,0,2,11.11
108,公立,技專校院,0051,國立臺北商業大學,04111009,會計資訊系會計財稅碩士班,碩士班(日間),1,1,0,5.88
108,公立,技專校院,0051,國立臺北商業大學,04131010,企業管理系,碩士班(日間),3,3,0,9.38
108,公立,技專校院,0051,國立臺北商業大學,04141012,國際商務系,碩士班(日間),1,0,1,3.33
108,公立,技專校院,0051,國立臺北商業大學,02112007,數位多媒體設計系,學士班(日間),4,2,2,1.81
108,公立,技專校院,0051,國立臺北商業大學,04121013,財務金融系,學士班(日間),13,8,5,4.74
108,公立,技專校院,0051,國立臺北商業大學,04131010,企業管理系,學士班(日間),27,11,16,7.09
108,公立,技專校院,0051,國立臺北商業大學,04141012,國際商務系,學士班(日間),10,3,7,2.22
108,公立,技專校院,0051,國立臺北商業大學,04199015,商業設計管理系,學士班(日間),6,2,4,2.11
108,公立,技專校院,0051,國立臺北商業大學,06131017,資訊管理系,學士班(日間),5,3,2,2.13
108,公立,技專校院,0051,國立臺北商業大學,06131018,資訊與決策科學研究所,碩士班(日間),1,1,0,3.03
108,公立,一般大學,0052,國立屏東大學,02111025,視覺藝術學系,學士班(日間),4,2,2,2.14
108,公立,一般大學,0052,國立屏東大學,02299033,文化創意產業學系,學士班(日間),2,2,0,1.23
108,公立,一般大學,0052,國立屏東大學,02311030,應用英語學系,學士班(日間),1,1,0,0.52
108,公立,一般大學,0052,國立屏東大學,06131061,資訊科學系,學士班(日間),1,1,0,0.53
108,公立,一般大學,0052,國立屏東大學,07141060,資訊工程學系,學士班(日間),5,5,0,2.37
108,公立,一般大學,0052,國立屏東大學,04121045,財務金融學系,學士班(日間),4,4,0,1.64
108,公立,一般大學,0052,國立屏東大學,04131039,企業管理學系,學士班(日間),1,0,1,0.43
108,公立,一般大學,0052,國立屏東大學,02111025,視覺藝術學系,碩士班(日間),1,0,1,2.38
108,公立,技專校院,0053,國立高雄科技大學,04111020,會計資訊系,學士班(日間),1,0,1,0.23
108,公立,技專校院,0053,國立高雄科技大學,04121040,財務管理系,學士班(日間),6,2,4,2.55
108,公立,技專校院,0053,國立高雄科技大學,04123054,風險管理與保險系,學士班(日間),1,0,1,100.00
108,公立,技專校院,0053,國立高雄科技大學,04132059,行銷與流通管理系,學士班(日間),3,1,2,0.63
108,公立,技專校院,0053,國立高雄科技大學,06131100,資訊管理系,學士班(日間),4,2,2,1.00
108,公立,技專校院,0053,國立高雄科技大學,07141103,電子工程系(建工校區),學士班(日間),7,7,0,1.12
108,公立,技專校院,0053,國立高雄科技大學,07151072,機械工程系,學士班(日間),1,1,0,0.15
108,公立,技專校院,0053,國立高雄科技大學,04199106,管理學院博士班,博士班,2,0,2,3.92
108,公立,技專校院,0053,國立高雄科技大學,07191091,工業工程與管理系,博士班,1,1,0,3.03
108,公立,技專校院,0053,國立高雄科技大學,07321077,土木工程系,碩士班(日間),1,1,0,1.37
108,公立,技專校院,0053,國立高雄科技大學,02311002,應用英語系,學士班(日間),9,5,4,1.14
108,公立,技專校院,0053,國立高雄科技大學,02311008,應用日語系,學士班(日間),3,2,1,0.66
108,公立,技專校院,0053,國立高雄科技大學,04121034,金融資訊系,學士班(日間),4,3,1,1.99
108,公立,技專校院,0053,國立高雄科技大學,04121104,金融系,學士班(日間),9,8,1,2.09
108,公立,技專校院,0053,國立高雄科技大學,05121010,海洋生物技術系,學士班(日間),1,0,1,0.50
108,公立,技專校院,0053,國立高雄科技大學,07121086,環境與安全衛生工程系,學士班(日間),3,3,0,0.70
108,公立,技專校院,0053,國立高雄科技大學,07141075,電腦與通訊工程系,學士班(日間),5,5,0,1.10
108,公立,技專校院,0053,國立高雄科技大學,07151074,模具工程系,學士班(日間),1,1,0,0.14
108,公立,技專校院,0053,國立高雄科技大學,07321082,營建工程系,學士班(日間),2,1,1,0.42
108,公立,技專校院,0053,國立高雄科技大學,04121040,財務管理系,碩士班(日間),1,1,0,2.44
108,公立,技專校院,0053,國立高雄科技大學,04132059,行銷與流通管理系,碩士班(日間),5,3,2,7.58
108,公立,技專校院,0053,國立高雄科技大學,07321082,營建工程系,碩士班(日間),1,1,0,2.50
108,公立,技專校院,0144,國立臺灣戲曲學院,02152007,劇場藝術學系,學士班(日間),11,0,11,7.97
108,公立,技專校院,0144,國立臺灣戲曲學院,02151001,戲曲音樂學系,學士班(日間),2,0,2,2.13
108,公立,技專校院,0144,國立臺灣戲曲學院,02152009,民俗技藝學系,學士班(日間),1,0,1,0.93
108,私立,一般大學,1001,東海大學,02123011,工業設計學系,學士班(日間),5,0,5,3.09
108,私立,一般大學,1001,東海大學,02151003,音樂學系,學士班(日間),7,2,5,4.32
108,私立,一般大學,1001,東海大學,02221009,歷史學系,學士班(日間),2,2,0,0.80
108,私立,一般大學,1001,東海大學,02131002,美術學系,學士班(日間),7,1,6,3.70
108,私立,一般大學,1001,東海大學,02231010,哲學系,學士班(日間),4,1,3,1.92
108,私立,一般大學,1001,東海大學,02311007,日本語言文化學系,學士班(日間),11,3,8,2.42
108,私立,一般大學,1001,東海大學,03121013,政治學系,學士班(日間),6,3,3,1.34
108,私立,一般大學,1001,東海大學,04131021,國際學院國際經營管理學位學程,學士班(日間),8,4,4,3.32
108,私立,一般大學,1001,東海大學,05111028,生命科學系,學士班(日間),4,1,3,1.24
108,私立,一般大學,1001,東海大學,05211056,永續科學與工程學士學位學程,學士班(日間),2,2,0,1.77
108,私立,一般大學,1001,東海大學,05331032,應用物理學系,學士班(日間),5,5,0,2.16
108,私立,一般大學,1001,東海大學,05411034,應用數學系,學士班(日間),5,2,3,2.92
108,私立,一般大學,1001,東海大學,05421035,統計學系,學士班(日間),9,4,5,2.28
108,私立,一般大學,1001,東海大學,02311005,外國語文學系,學士班(日間),13,1,12,3.00
108,私立,一般大學,1001,東海大學,02322004,中國文學系,學士班(日間),5,2,3,1.17
108,私立,一般大學,1001,東海大學,03111012,經濟學系,學士班(日間),16,8,8,2.58
108,私立,一般大學,1001,東海大學,03141014,社會學系,學士班(日間),4,0,4,0.87
108,私立,一般大學,1001,東海大學,04111018,會計學系,學士班(日間),2,1,1,0.41
108,私立,一般大學,1001,東海大學,04121024,財務金融學系,學士班(日間),14,5,9,2.79
108,私立,一般大學,1001,東海大學,04131019,企業管理學系,學士班(日間),6,4,2,0.88
108,私立,一般大學,1001,東海大學,04134016,行政管理暨政策學系,學士班(日間),4,1,3,1.53
108,私立,一般大學,1001,東海大學,04141023,國際經營與貿易學系,學士班(日間),4,2,2,0.59
108,私立,一般大學,1001,東海大學,04211027,法律學系,學士班(日間),9,1,8,1.83
108,私立,一般大學,1001,東海大學,05311030,化學系,學士班(日間),8,4,4,2.31
108,私立,一般大學,1001,東海大學,07121045,環境科學與工程學系,學士班(日間),4,2,2,1.23
108,私立,一般大學,1001,東海大學,07141037,電機工程學系,學士班(日間),8,7,1,2.65
108,私立,一般大學,1001,東海大學,07211052,食品科學系,學士班(日間),3,1,2,0.77
108,私立,一般大學,1001,東海大學,10131054,餐旅管理學系,學士班(日間),7,1,6,2.64
108,私立,一般大學,1001,東海大學,03141014,社會學系,博士班,4,1,3,9.09
108,私立,一般大學,1001,東海大學,04211027,法律學系,博士班,2,1,1,8.00
108,私立,一般大學,1001,東海大學,09231053,社會工作學系,博士班,20,7,13,46.51
108,私立,一般大學,1001,東海大學,02131002,美術學系,碩士班(日間),8,1,7,14.55
108,私立,一般大學,1001,東海大學,03121013,政治學系,碩士班(日間),1,1,0,5.26
108,私立,一般大學,1001,東海大學,04141023,國際經營與貿易學系,碩士班(日間),3,2,1,11.54
108,私立,一般大學,1001,東海大學,05111028,生命科學系,碩士班(日間),1,0,1,7.14
108,私立,一般大學,1001,東海大學,06133047,數位創新碩士學位學程,碩士班(日間),1,1,0,5.00
108,私立,一般大學,1001,東海大學,06134036,資訊管理學系,碩士班(日間),1,0,1,3.57
108,私立,一般大學,1001,東海大學,06134036,資訊管理學系,學士班(日間),7,5,2,2.82
108,私立,一般大學,1001,東海大學,07111042,化學工程與材料工程學系,學士班(日間),3,3,0,0.68
108,私立,一般大學,1001,東海大學,07141039,資訊工程學系,學士班(日間),18,14,4,3.40
108,私立,一般大學,1001,東海大學,07191044,工業工程與經營資訊學系,學士班(日間),2,1,1,0.44
108,私立,一般大學,1001,東海大學,07311048,建築學系,學士班(日間),12,2,10,6.74
108,私立,一般大學,1001,東海大學,07312049,景觀學系,學士班(日間),15,4,11,5.93
108,私立,一般大學,1001,東海大學,03121013,政治學系,博士班,1,1,0,3.45
108,私立,一般大學,1001,東海大學,02151003,音樂學系,碩士班(日間),1,0,1,1.56
108,私立,一般大學,1001,東海大學,02322004,中國文學系,碩士班(日間),2,0,2,4.88
108,私立,一般大學,1001,東海大學,03111012,經濟學系,碩士班(日間),2,1,1,14.29
108,私立,一般大學,1001,東海大學,03141014,社會學系,碩士班(日間),3,1,2,10.71
108,私立,一般大學,1001,東海大學,04121024,財務金融學系,碩士班(日間),2,1,1,6.45
108,私立,一般大學,1001,東海大學,04131019,企業管理學系,碩士班(日間),3,0,3,6.00
108,私立,一般大學,1001,東海大學,07141039,資訊工程學系,碩士班(日間),2,2,0,4.88
108,私立,一般大學,1001,東海大學,07311048,建築學系,碩士班(日間),10,6,4,15.87
108,私立,一般大學,1001,東海大學,10131054,餐旅管理學系,碩士班(日間),1,1,0,7.69
108,私立,一般大學,1001,東海大學,07111042,化學工程與材料工程學系,碩士班(日間),1,1,0,1.96
108,私立,一般大學,1001,東海大學,07191044,工業工程與經營資訊學系,碩士班(日間),1,1,0,1.59
108,私立,一般大學,1001,東海大學,07312049,景觀學系,碩士班(日間),2,2,0,13.33
108,私立,一般大學,1002,輔仁大學,01114046,教育領導與科技發展學士學位學程,學士班(日間),2,0,2,1.56
108,私立,一般大學,1002,輔仁大學,02122078,應用美術學系,學士班(日間),9,3,6,3.20
108,私立,一般大學,1002,輔仁大學,02125082,織品服裝學系,學士班(日間),5,0,5,0.50
108,私立,一般大學,1002,輔仁大學,02311009,日本語文學系,學士班(日間),6,2,4,1.24
108,私立,一般大學,1002,輔仁大學,02311021,法國語文學系,學士班(日間),6,2,4,2.22
108,私立,一般大學,1002,輔仁大學,02311057,義大利語文學系,學士班(日間),5,1,4,2.01
108,私立,一般大學,1002,輔仁大學,02322003,中國文學系,學士班(日間),7,2,5,1.46
108,私立,一般大學,1002,輔仁大學,03131007,心理學系,學士班(日間),8,1,7,3.05
108,私立,一般大學,1002,輔仁大學,03131081,臨床心理學系,學士班(日間),6,2,4,2.23
108,私立,一般大學,1002,輔仁大學,03141023,社會學系,學士班(日間),5,1,4,2.05
108,私立,一般大學,1002,輔仁大學,03212053,新聞傳播學系,學士班(日間),9,1,8,3.24
108,私立,一般大學,1002,輔仁大學,03213070,影像傳播學系,學士班(日間),5,0,5,1.74
108,私立,一般大學,1002,輔仁大學,03222065,圖書資訊學系,學士班(日間),2,0,2,0.84
108,私立,一般大學,1002,輔仁大學,04111054,會計學系,學士班(日間),11,6,5,2.20
108,私立,一般大學,1002,輔仁大學,04121027,金融與國際企業學系,學士班(日間),20,9,11,3.90
108,私立,一般大學,1002,輔仁大學,04131015,企業管理學系,學士班(日間),8,1,7,1.08
108,私立,一般大學,1002,輔仁大學,04143069,廣告傳播學系,學士班(日間),6,1,5,2.32
108,私立,一般大學,1002,輔仁大學,04211020,法律學系,學士班(日間),7,3,4,1.44
108,私立,一般大學,1002,輔仁大學,04211038,財經法律學系,學士班(日間),6,3,3,2.30
108,私立,一般大學,1002,輔仁大學,05191080,營養科學系,學士班(日間),4,0,4,1.56
108,私立,一般大學,1002,輔仁大學,05311005,化學系,學士班(日間),4,4,0,0.89
108,私立,一般大學,1002,輔仁大學,05331022,物理學系,學士班(日間),3,3,0,0.74
108,私立,一般大學,1002,輔仁大學,07312052,景觀設計學系,學士班(日間),14,5,9,6.06
108,私立,一般大學,1002,輔仁大學,02221074,歷史學系,學士班(日間),6,1,5,1.21
108,私立,一般大學,1002,輔仁大學,02231037,哲學系,學士班(日間),6,4,2,1.35
108,私立,一般大學,1002,輔仁大學,02311016,西班牙語文學系,學士班(日間),6,1,5,2.24
108,私立,一般大學,1002,輔仁大學,02311033,英國語文學系,學士班(日間),6,0,6,2.17
108,私立,一般大學,1002,輔仁大學,02311072,德語語文學系,學士班(日間),6,2,4,2.26
108,私立,一般大學,1002,輔仁大學,03111055,經濟學系,學士班(日間),10,5,5,2.10
108,私立,一般大學,1002,輔仁大學,05111011,生命科學系,學士班(日間),4,0,4,0.93
108,私立,一般大學,1002,輔仁大學,05411073,數學系,學士班(日間),4,1,3,0.96
108,私立,一般大學,1002,輔仁大學,05421049,統計資訊學系,學士班(日間),4,2,2,0.91
108,私立,一般大學,1002,輔仁大學,06131058,資訊工程學系,學士班(日間),6,6,0,1.23
108,私立,一般大學,1002,輔仁大學,06131059,資訊管理學系,學士班(日間),8,4,4,1.72
108,私立,一般大學,1002,輔仁大學,06199086,醫學資訊與創新應用學士學位學程,學士班(日間),2,1,1,1.52
108,私立,一般大學,1002,輔仁大學,07141064,電機工程學系,學士班(日間),7,6,1,1.59
108,私立,一般大學,1002,輔仁大學,07211035,食品科學系,學士班(日間),3,0,3,1.22
108,私立,一般大學,1002,輔仁大學,10131075,餐旅管理學系,學士班(日間),4,2,2,0.86
108,私立,一般大學,1002,輔仁大學,02151034,音樂學系,博士班,11,4,7,33.33
108,私立,一般大學,1002,輔仁大學,02231037,哲學系,博士班,9,8,1,18.75
108,私立,一般大學,1002,輔仁大學,02299060,跨文化研究所比較文學與跨文化研究博士班,博士班,6,2,4,15.79
108,私立,一般大學,1002,輔仁大學,03131007,心理學系,博士班,11,5,6,28.21
108,私立,一般大學,1002,輔仁大學,04191040,商學研究所,博士班,6,4,2,8.22
108,私立,一般大學,1002,輔仁大學,04211020,法律學系,博士班,4,3,1,8.51
108,私立,一般大學,1002,輔仁大學,05191036,食品營養博士學位學程,博士班,1,1,0,3.57
108,私立,一般大學,1002,輔仁大學,01114047,教育領導與發展研究所,碩士班(日間),2,2,0,8.33
108,私立,一般大學,1002,輔仁大學,02122029,品牌與時尚經營管理碩士學位學程,碩士班(日間),9,1,8,40.91
108,私立,一般大學,1002,輔仁大學,02125082,織品服裝學系,碩士班(日間),12,3,9,18.46
108,私立,一般大學,1002,輔仁大學,02311009,日本語文學系,碩士班(日間),1,1,0,3.23
108,私立,一般大學,1002,輔仁大學,09191004,公共衛生學系,學士班(日間),3,0,3,1.24
108,私立,一般大學,1002,輔仁大學,09221017,兒童與家庭學系,學士班(日間),2,0,2,0.78
108,私立,一般大學,1002,輔仁大學,09231024,社會工作學系,學士班(日間),2,1,1,0.71
108,私立,一般大學,1002,輔仁大學,02211019,宗教學系,博士班,4,3,1,8.70
108,私立,一般大學,1002,輔仁大學,02322003,中國文學系,博士班,5,2,3,19.23
108,私立,一般大學,1002,輔仁大學,07194077,應用科學與工程研究所,博士班,1,1,0,3.13
108,私立,一般大學,1002,輔仁大學,02122078,應用美術學系,碩士班(日間),11,3,8,21.15
108,私立,一般大學,1002,輔仁大學,02151034,音樂學系,碩士班(日間),9,2,7,12.16
108,私立,一般大學,1002,輔仁大學,02211019,宗教學系,碩士班(日間),3,1,2,7.14
108,私立,一般大學,1002,輔仁大學,02221074,歷史學系,碩士班(日間),6,3,3,18.18
108,私立,一般大學,1002,輔仁大學,02231037,哲學系,碩士班(日間),4,2,2,17.39
108,私立,一般大學,1002,輔仁大學,02299060,跨文化研究所語言學碩士班,碩士班(日間),2,1,1,6.06
108,私立,一般大學,1002,輔仁大學,02311016,西班牙語文學系,碩士班(日間),3,2,1,16.67
108,私立,一般大學,1002,輔仁大學,03111055,經濟學系,碩士班(日間),8,6,2,36.36
108,私立,一般大學,1002,輔仁大學,03221051,博物館學研究所,碩士班(日間),10,2,8,18.52
108,私立,一般大學,1002,輔仁大學,04121027,金融與國際企業學系金融碩士班,碩士班(日間),4,2,2,7.55
108,私立,一般大學,1002,輔仁大學,04131015,企業管理學系管理學碩士班,碩士班(日間),12,11,1,16.22
108,私立,一般大學,1002,輔仁大學,04131025,社會企業碩士學位學程,碩士班(日間),1,1,0,6.25
108,私立,一般大學,1002,輔仁大學,05111011,生命科學系,碩士班(日間),2,2,0,8.70
108,私立,一般大學,1002,輔仁大學,06131058,資訊工程學系,碩士班(日間),1,1,0,2.56
108,私立,一般大學,1002,輔仁大學,06131059,資訊管理學系,碩士班(日間),6,3,3,12.77
108,私立,一般大學,1002,輔仁大學,07141064,電機工程學系,碩士班(日間),1,1,0,2.17
108,私立,一般大學,1002,輔仁大學,07211035,食品科學系,碩士班(日間),2,1,1,4.35
108,私立,一般大學,1002,輔仁大學,09121013,生物醫學暨藥學研究所,碩士班(日間),2,1,1,11.76
108,私立,一般大學,1002,輔仁大學,10131075,餐旅管理學系,碩士班(日間),10,5,5,24.39
108,私立,一般大學,1002,輔仁大學,10141089,體育學系,碩士班(日間),10,9,1,19.61
108,私立,一般大學,1002,輔仁大學,02311021,法國語文學系,碩士班(日間),1,0,1,2.86
108,私立,一般大學,1002,輔仁大學,02311072,德語語文學系,碩士班(日間),1,0,1,5.00
108,私立,一般大學,1002,輔仁大學,02322003,中國文學系,碩士班(日間),11,2,9,30.56
108,私立,一般大學,1002,輔仁大學,03131007,心理學系,碩士班(日間),14,6,8,18.92
108,私立,一般大學,1002,輔仁大學,03141023,社會學系,碩士班(日間),4,3,1,19.05
108,私立,一般大學,1002,輔仁大學,03211002,大眾傳播學研究所,碩士班(日間),18,3,15,22.78
108,私立,一般大學,1002,輔仁大學,03222065,圖書資訊學系,碩士班(日間),3,0,3,9.68
108,私立,一般大學,1002,輔仁大學,04111054,會計學系,碩士班(日間),2,1,1,4.26
108,私立,一般大學,1002,輔仁大學,04131044,國際經營管理碩士學位學程,碩士班(日間),3,3,0,8.57
108,私立,一般大學,1002,輔仁大學,04211020,法律學系,碩士班(日間),9,3,6,8.26
108,私立,一般大學,1002,輔仁大學,04211038,財經法律學系,碩士班(日間),4,1,3,6.45
108,私立,一般大學,1002,輔仁大學,05191080,營養科學系,碩士班(日間),4,2,2,10.53
108,私立,一般大學,1002,輔仁大學,05421049,統計資訊學系應用統計碩士班,碩士班(日間),1,0,1,2.44
108,私立,一般大學,1002,輔仁大學,07312052,景觀設計學系,碩士班(日間),6,4,2,23.08
108,私立,一般大學,1002,輔仁大學,09191004,公共衛生學系,碩士班(日間),2,0,2,6.25
108,私立,一般大學,1002,輔仁大學,09221017,兒童與家庭學系,碩士班(日間),1,0,1,1.72
108,私立,一般大學,1002,輔仁大學,09231024,社會工作學系,碩士班(日間),1,0,1,2.50
108,私立,一般大學,1002,輔仁大學,02151034,音樂學系,學士班(日間),2,1,1,1.14
108,私立,一般大學,1003,東吳大學,02311004,英文學系,學士班(日間),6,1,5,0.83
108,私立,一般大學,1003,東吳大學,02311005,日本語文學系,學士班(日間),6,4,2,0.72
108,私立,一般大學,1003,東吳大學,02311012,德國文化學系,學士班(日間),5,2,3,1.91
108,私立,一般大學,1003,東吳大學,02322002,中國文學系,學士班(日間),6,3,3,0.82
108,私立,一般大學,1003,東吳大學,03141010,社會學系,學士班(日間),1,1,0,0.22
108,私立,一般大學,1003,東吳大學,04131016,企業管理學系,學士班(日間),9,4,5,0.97
108,私立,一般大學,1003,東吳大學,04211021,法律學系,學士班(日間),10,2,8,0.81
108,私立,一般大學,1003,東吳大學,03121009,政治學系,博士班,1,1,0,10.00
108,私立,一般大學,1003,東吳大學,02151001,音樂學系,碩士班(日間),5,1,4,8.77
108,私立,一般大學,1003,東吳大學,02221006,歷史學系,碩士班(日間),4,2,2,28.57
108,私立,一般大學,1003,東吳大學,03111008,經濟學系,碩士班(日間),2,1,1,5.88
108,私立,一般大學,1003,東吳大學,03121009,政治學系,碩士班(日間),2,1,1,7.41
108,私立,一般大學,1003,東吳大學,03131011,心理學系,碩士班(日間),2,0,2,2.00
108,私立,一般大學,1003,東吳大學,03141010,社會學系,碩士班(日間),1,1,0,4.00
108,私立,一般大學,1003,東吳大學,03199013,人權碩士學位學程,碩士班(日間),1,0,1,4.00
108,私立,一般大學,1003,東吳大學,04111015,會計學系,碩士班(日間),3,1,2,5.00
108,私立,一般大學,1003,東吳大學,04121027,財務工程與精算數學系,碩士班(日間),4,3,1,9.09
108,私立,一般大學,1003,東吳大學,04141019,國際經營與貿易學系,碩士班(日間),4,2,2,9.52
108,私立,一般大學,1003,東吳大學,04141019,國際經營與貿易學系,學士班(日間),10,2,8,1.87
108,私立,一般大學,1003,東吳大學,04199031,巨量資料管理學院學士學位學程,學士班(日間),6,4,2,1.65
108,私立,一般大學,1003,東吳大學,05122022,微生物學系,學士班(日間),1,0,1,0.47
108,私立,一般大學,1003,東吳大學,05311023,化學系,學士班(日間),1,1,0,0.50
108,私立,一般大學,1003,東吳大學,05411025,數學系,學士班(日間),1,1,0,0.51
108,私立,一般大學,1003,東吳大學,06131028,資訊管理學系,學士班(日間),8,5,3,1.72
108,私立,一般大學,1003,東吳大學,02322002,中國文學系,博士班,6,3,3,15.79
108,私立,一般大學,1003,東吳大學,03111008,經濟學系,博士班,3,2,1,15.79
108,私立,一般大學,1003,東吳大學,04211021,法律學系,博士班,7,5,2,25.93
108,私立,一般大學,1003,東吳大學,02231007,哲學系,碩士班(日間),3,2,1,9.68
108,私立,一般大學,1003,東吳大學,02322002,中國文學系,碩士班(日間),6,1,5,10.91
108,私立,一般大學,1003,東吳大學,04131016,企業管理學系,碩士班(日間),7,1,6,6.31
108,私立,一般大學,1003,東吳大學,04211021,法律學系,碩士班(日間),9,4,5,3.32
108,私立,一般大學,1003,東吳大學,04199031,巨量資料管理學院碩士學位學程,碩士班(日間),2,2,0,7.69
108,私立,一般大學,1003,東吳大學,05122022,微生物學系,碩士班(日間),4,2,2,26.67
108,私立,一般大學,1003,東吳大學,06131028,資訊管理學系,碩士班(日間),2,1,1,6.67
108,私立,一般大學,1003,東吳大學,09231030,社會工作學系,碩士班(日間),2,0,2,2.60
108,私立,一般大學,1003,東吳大學,02151001,音樂學系,學士班(日間),3,2,1,1.12
108,私立,一般大學,1003,東吳大學,03111008,經濟學系,學士班(日間),19,8,11,2.67
108,私立,一般大學,1003,東吳大學,03121009,政治學系,學士班(日間),1,1,0,0.21
108,私立,一般大學,1003,東吳大學,03131011,心理學系,學士班(日間),11,1,10,3.72
108,私立,一般大學,1003,東吳大學,04111015,會計學系,學士班(日間),15,4,11,1.53
108,私立,一般大學,1003,東吳大學,04121027,財務工程與精算數學系,學士班(日間),12,8,4,1.69
108,私立,一般大學,1004,中原大學,03131011,心理學系,學士班(日間),14,4,10,2.46
108,私立,一般大學,1004,中原大學,04111013,會計學系,學士班(日間),10,2,8,1.46
108,私立,一般大學,1004,中原大學,04121019,財務金融學系,學士班(日間),20,7,13,3.94
108,私立,一般大學,1004,中原大學,04131014,企業管理學系,學士班(日間),9,6,3,1.00
108,私立,一般大學,1004,中原大學,04212021,財經法律學系,學士班(日間),3,1,2,0.56
108,私立,一般大學,1004,中原大學,05311023,化學系,學士班(日間),7,6,1,1.55
108,私立,一般大學,1004,中原大學,05411027,應用數學系,學士班(日間),2,2,0,0.49
108,私立,一般大學,1004,中原大學,06131028,資訊管理學系,學士班(日間),12,7,5,2.56
108,私立,一般大學,1004,中原大學,07121042,環境工程學系,學士班(日間),3,2,1,1.41
108,私立,一般大學,1004,中原大學,07141030,電子工程學系,學士班(日間),4,4,0,0.67
108,私立,一般大學,1004,中原大學,02112008,商業設計學系,學士班(日間),21,5,16,5.85
108,私立,一般大學,1004,中原大學,02124009,室內設計學系,學士班(日間),12,2,10,3.15
108,私立,一般大學,1004,中原大學,02311005,應用外國語文學系,學士班(日間),5,0,5,1.19
108,私立,一般大學,1004,中原大學,02323004,應用華語文學系,學士班(日間),3,0,3,0.60
108,私立,一般大學,1004,中原大學,04141018,國際經營與貿易學系,學士班(日間),10,7,3,2.00
108,私立,一般大學,1004,中原大學,04199020,商學院學士學位學程,學士班(日間),1,0,1,6.67
108,私立,一般大學,1004,中原大學,05121022,生物科技學系,學士班(日間),4,2,2,0.99
108,私立,一般大學,1004,中原大學,05331024,物理學系,學士班(日間),7,6,1,1.76
108,私立,一般大學,1004,中原大學,07111037,化學工程學系,學士班(日間),12,9,3,1.71
108,私立,一般大學,1004,中原大學,07141029,電機工程學系,學士班(日間),5,5,0,1.22
108,私立,一般大學,1004,中原大學,07151034,機械工程學系,學士班(日間),4,4,0,0.58
108,私立,一般大學,1004,中原大學,07191041,工業與系統工程學系,學士班(日間),5,5,0,0.78
108,私立,一般大學,1004,中原大學,07311046,建築學系,學士班(日間),18,8,10,5.59
108,私立,一般大學,1004,中原大學,04131014,企業管理學系,博士班,2,2,0,5.56
108,私立,一般大學,1004,中原大學,07141030,電子工程學系,博士班,1,0,1,4.35
108,私立,一般大學,1004,中原大學,02124009,室內設計學系,碩士班(日間),6,0,6,12.00
108,私立,一般大學,1004,中原大學,04111013,會計學系,碩士班(日間),2,1,1,4.65
108,私立,一般大學,1004,中原大學,04121019,財務金融學系,碩士班(日間),1,1,0,4.55
108,私立,一般大學,1004,中原大學,07311046,建築學系,碩士班(日間),1,1,0,1.85
108,私立,一般大學,1004,中原大學,07312047,景觀學系,碩士班(日間),2,1,1,11.11
108,私立,一般大學,1004,中原大學,01113002,特殊教育學系,學士班(日間),1,0,1,0.44
108,私立,一般大學,1004,中原大學,07141031,資訊工程學系,學士班(日間),7,7,0,1.45
108,私立,一般大學,1004,中原大學,07193043,生物醫學工程學系,學士班(日間),4,4,0,0.93
108,私立,一般大學,1004,中原大學,07312047,景觀學系,學士班(日間),11,1,10,4.76
108,私立,一般大學,1004,中原大學,07321035,土木工程學系,學士班(日間),12,10,2,1.86
108,私立,一般大學,1004,中原大學,02122007,設計學博士學位學程,博士班,16,7,9,26.23
108,私立,一般大學,1004,中原大學,04191012,商學博士學位學程,博士班,7,4,3,15.22
108,私立,一般大學,1004,中原大學,07111037,化學工程學系,博士班,2,1,1,15.38
108,私立,一般大學,1004,中原大學,07321035,土木工程學系,博士班,2,1,1,13.33
108,私立,一般大學,1004,中原大學,02112008,商業設計學系,碩士班(日間),1,0,1,3.85
108,私立,一般大學,1004,中原大學,03131011,心理學系,碩士班(日間),1,0,1,1.12
108,私立,一般大學,1004,中原大學,04141018,國際經營與貿易學系,碩士班(日間),1,1,0,5.26
108,私立,一般大學,1004,中原大學,05331024,物理學系,碩士班(日間),2,2,0,11.11
108,私立,一般大學,1004,中原大學,07141029,電機工程學系,碩士班(日間),2,2,0,2.78
108,私立,一般大學,1004,中原大學,07151034,機械工程學系,碩士班(日間),2,1,1,1.94
108,私立,一般大學,1004,中原大學,07321035,土木工程學系,碩士班(日間),4,4,0,10.26
108,私立,一般大學,1005,淡江大學學校財團法人淡江大學,02311085,德國語文學系,學士班(日間),3,2,1,1.00
108,私立,一般大學,1005,淡江大學學校財團法人淡江大學,03121074,全球政治經濟學系全英語學士班,學士班(日間),2,0,2,1.23
108,私立,一般大學,1005,淡江大學學校財團法人淡江大學,03211055,大眾傳播學系,學士班(日間),6,2,4,2.21
108,私立,一般大學,1005,淡江大學學校財團法人淡江大學,04121035,商管學院全球財務管理全英語學士學位學程,學士班(日間),9,1,8,3.59
108,私立,一般大學,1005,淡江大學學校財團法人淡江大學,04121037,財務金融學系,學士班(日間),23,9,14,3.57
108,私立,一般大學,1005,淡江大學學校財團法人淡江大學,04131040,國際企業學系,學士班(日間),15,6,9,1.99
108,私立,一般大學,1005,淡江大學學校財團法人淡江大學,04131047,管理科學學系,學士班(日間),6,2,4,1.29
108,私立,一般大學,1005,淡江大學學校財團法人淡江大學,04134061,公共行政學系,學士班(日間),4,1,3,0.84
108,私立,一般大學,1005,淡江大學學校財團法人淡江大學,05331030,物理學系,學士班(日間),8,6,2,2.65
108,私立,一般大學,1005,淡江大學學校財團法人淡江大學,05399029,理學院尖端材料科學學士學位學程,學士班(日間),3,3,0,2.11
108,私立,一般大學,1005,淡江大學學校財團法人淡江大學,05411026,數學學系,學士班(日間),8,2,6,2.11
108,私立,一般大學,1005,淡江大學學校財團法人淡江大學,10151005,國際觀光管理學系全英語學士班,學士班(日間),3,1,2,0.83
108,私立,一般大學,1005,淡江大學學校財團法人淡江大學,01114093,教育學院教育領導與科技管理博士班,博士班,4,1,3,9.30
108,私立,一般大學,1005,淡江大學學校財團法人淡江大學,02322090,中國文學學系,博士班,3,2,1,7.89
108,私立,一般大學,1005,淡江大學學校財團法人淡江大學,04121037,財務金融學系,博士班,1,1,0,3.33
108,私立,一般大學,1005,淡江大學學校財團法人淡江大學,05331030,物理學系,博士班,1,0,1,14.29
108,私立,一般大學,1005,淡江大學學校財團法人淡江大學,05411026,數學學系,博士班,1,0,1,14.29
108,私立,一般大學,1005,淡江大學學校財團法人淡江大學,01116092,教育科技學系,碩士班(日間),2,1,1,9.52
108,私立,一般大學,1005,淡江大學學校財團法人淡江大學,02311086,法國語文學系,碩士班(日間),1,0,1,4.76
108,私立,一般大學,1005,淡江大學學校財團法人淡江大學,02322090,中國文學學系,碩士班(日間),2,2,0,6.06
108,私立,一般大學,1005,淡江大學學校財團法人淡江大學,07311007,建築學系,學士班(日間),10,3,7,2.79
108,私立,一般大學,1005,淡江大學學校財團法人淡江大學,07321012,土木工程學系,學士班(日間),9,7,2,1.42
108,私立,一般大學,1005,淡江大學學校財團法人淡江大學,10411002,運輸管理學系,學士班(日間),4,2,2,0.81
108,私立,一般大學,1005,淡江大學學校財團法人淡江大學,02311088,英文學系,博士班,5,1,4,12.82
108,私立,一般大學,1005,淡江大學學校財團法人淡江大學,06131018,資訊工程學系,博士班,4,2,2,17.39
108,私立,一般大學,1005,淡江大學學校財團法人淡江大學,02311082,日本語文學系,碩士班(日間),2,1,1,5.26
108,私立,一般大學,1005,淡江大學學校財團法人淡江大學,03111075,產業經濟學系,碩士班(日間),1,1,0,7.14
108,私立,一般大學,1005,淡江大學學校財團法人淡江大學,03111076,經濟學系經濟與財務碩士班,碩士班(日間),1,1,0,4.76
108,私立,一般大學,1005,淡江大學學校財團法人淡江大學,03131096,教育心理與諮商研究所,碩士班(日間),1,0,1,0.85
108,私立,一般大學,1005,淡江大學學校財團法人淡江大學,03211055,大眾傳播學系,碩士班(日間),8,3,5,23.53
108,私立,一般大學,1005,淡江大學學校財團法人淡江大學,04121037,財務金融學系,碩士班(日間),1,1,0,1.56
108,私立,一般大學,1005,淡江大學學校財團法人淡江大學,04121037,淡江大學暨澳洲昆士蘭理工大學財金全英語雙碩士學位學程,碩士班(日間),3,3,0,12.50
108,私立,一般大學,1005,淡江大學學校財團法人淡江大學,04134061,公共行政學系公共政策碩士班,碩士班(日間),1,1,0,5.00
108,私立,一般大學,1005,淡江大學學校財團法人淡江大學,06131018,資訊工程學系,碩士班(日間),1,1,0,1.27
108,私立,一般大學,1005,淡江大學學校財團法人淡江大學,06131018,資訊工程學系資訊網路與多媒體碩士班,碩士班(日間),2,2,0,9.52
108,私立,一般大學,1005,淡江大學學校財團法人淡江大學,03222052,資訊與圖書館學系,碩士班(日間),2,0,2,8.00
108,私立,一般大學,1005,淡江大學學校財團法人淡江大學,04111051,會計學系,碩士班(日間),2,1,1,3.28
108,私立,一般大學,1005,淡江大學學校財團法人淡江大學,04131040,國際企業學系,碩士班(日間),3,1,2,5.77
108,私立,一般大學,1005,淡江大學學校財團法人淡江大學,04131047,管理科學學系企業經營碩士班,碩士班(日間),2,2,0,5.26
108,私立,一般大學,1005,淡江大學學校財團法人淡江大學,04131049,企業管理學系,碩士班(日間),4,1,3,8.00
108,私立,一般大學,1005,淡江大學學校財團法人淡江大學,05311031,化學學系,碩士班(日間),1,1,0,3.03
108,私立,一般大學,1005,淡江大學學校財團法人淡江大學,06131023,資訊管理學系,碩士班(日間),2,2,0,5.00
108,私立,一般大學,1005,淡江大學學校財團法人淡江大學,07122009,水資源及環境工程學系,碩士班(日間),3,3,0,9.38
108,私立,一般大學,1005,淡江大學學校財團法人淡江大學,07311007,建築學系,碩士班(日間),4,3,1,8.70
108,私立,一般大學,1005,淡江大學學校財團法人淡江大學,07321012,土木工程學系,碩士班(日間),2,2,0,5.26
108,私立,一般大學,1005,淡江大學學校財團法人淡江大學,01116092,教育科技學系,學士班(日間),7,1,6,1.49
108,私立,一般大學,1005,淡江大學學校財團法人淡江大學,02221078,歷史學系,學士班(日間),3,2,1,0.58
108,私立,一般大學,1005,淡江大學學校財團法人淡江大學,02311079,英美語言文化學系全英語學士班,學士班(日間),2,0,2,1.41
108,私立,一般大學,1005,淡江大學學校財團法人淡江大學,02311081,俄國語文學系,學士班(日間),3,0,3,1.24
108,私立,一般大學,1005,淡江大學學校財團法人淡江大學,02311082,日本語文學系,學士班(日間),7,2,5,0.73
108,私立,一般大學,1005,淡江大學學校財團法人淡江大學,02311084,西班牙語文學系,學士班(日間),6,0,6,1.12
108,私立,一般大學,1005,淡江大學學校財團法人淡江大學,02311086,法國語文學系,學士班(日間),10,4,6,1.87
108,私立,一般大學,1005,淡江大學學校財團法人淡江大學,02311088,英文學系,學士班(日間),12,2,10,1.52
108,私立,一般大學,1005,淡江大學學校財團法人淡江大學,02322090,中國文學學系,學士班(日間),11,2,9,1.89
108,私立,一般大學,1005,淡江大學學校財團法人淡江大學,03111075,產業經濟學系,學士班(日間),6,3,3,1.45
108,私立,一般大學,1005,淡江大學學校財團法人淡江大學,03111076,經濟學系,學士班(日間),16,8,8,2.46
108,私立,一般大學,1005,淡江大學學校財團法人淡江大學,03222052,資訊與圖書館學系,學士班(日間),5,0,5,1.06
108,私立,一般大學,1005,淡江大學學校財團法人淡江大學,04111051,會計學系,學士班(日間),10,3,7,1.51
108,私立,一般大學,1005,淡江大學學校財團法人淡江大學,04123104,風險管理與保險學系,學士班(日間),6,3,3,1.42
108,私立,一般大學,1005,淡江大學學校財團法人淡江大學,04131049,企業管理學系,學士班(日間),6,3,3,0.96
108,私立,一般大學,1005,淡江大學學校財團法人淡江大學,05311031,化學學系,學士班(日間),8,4,4,1.98
108,私立,一般大學,1005,淡江大學學校財團法人淡江大學,05421024,統計學系,學士班(日間),10,3,7,1.42
108,私立,一般大學,1005,淡江大學學校財團法人淡江大學,06131018,資訊工程學系,學士班(日間),18,14,4,2.50
108,私立,一般大學,1005,淡江大學學校財團法人淡江大學,06131023,資訊管理學系,學士班(日間),11,6,5,1.58
108,私立,一般大學,1005,淡江大學學校財團法人淡江大學,06132022,資訊創新與科技學系,學士班(日間),3,2,1,1.18
108,私立,一般大學,1005,淡江大學學校財團法人淡江大學,07111010,化學工程與材料工程學系,學士班(日間),4,2,2,0.81
108,私立,一般大學,1005,淡江大學學校財團法人淡江大學,07122009,水資源及環境工程學系,學士班(日間),13,9,4,2.83
108,私立,一般大學,1005,淡江大學學校財團法人淡江大學,07141019,電機工程學系,學士班(日間),16,14,2,2.08
108,私立,一般大學,1005,淡江大學學校財團法人淡江大學,07151015,機械與機電工程學系,學士班(日間),12,11,1,2.29
108,私立,一般大學,1006,中國文化大學,01111046,教育學系,學士班(日間),7,1,6,2.89
108,私立,一般大學,1006,中國文化大學,02151040,音樂學系,學士班(日間),6,2,4,2.56
108,私立,一般大學,1006,中國文化大學,02152043,戲劇學系,學士班(日間),7,1,6,2.47
108,私立,一般大學,1006,中國文化大學,02311079,德國語文學系,學士班(日間),3,0,3,1.99
108,私立,一般大學,1006,中國文化大學,02311089,法國語文學系,學士班(日間),5,1,4,2.09
108,私立,一般大學,1006,中國文化大學,03111099,經濟學系,學士班(日間),4,4,0,0.96
108,私立,一般大學,1006,中國文化大學,03131004,心理輔導學系,學士班(日間),9,0,9,3.23
108,私立,一般大學,1006,中國文化大學,03142088,地理學系,學士班(日間),5,4,1,2.24
108,私立,一般大學,1006,中國文化大學,03199051,勞動暨人力資源學系,學士班(日間),9,3,6,1.97
108,私立,一般大學,1006,中國文化大學,03211036,大眾傳播學系,學士班(日間),9,2,7,1.53
108,私立,一般大學,1006,中國文化大學,03212033,新聞學系,學士班(日間),11,3,8,2.09
108,私立,一般大學,1006,中國文化大學,03214101,資訊傳播學系,學士班(日間),8,4,4,1.58
108,私立,一般大學,1006,中國文化大學,04121037,財務金融學系,學士班(日間),13,6,7,1.90
108,私立,一般大學,1006,中國文化大學,04131015,國際企業管理學系,學士班(日間),4,0,4,0.58
108,私立,一般大學,1006,中國文化大學,04141041,國際貿易學系,學士班(日間),8,5,3,1.17
108,私立,一般大學,1006,中國文化大學,04211020,法律學系,學士班(日間),10,6,4,0.82
108,私立,一般大學,1006,中國文化大學,05111091,生命科學系,學士班(日間),4,2,2,2.13
108,私立,一般大學,1006,中國文化大學,05321083,土地資源學系,學士班(日間),3,3,0,1.57
108,私立,一般大學,1006,中國文化大學,05322097,大氣科學系,學士班(日間),1,0,1,0.51
108,私立,一般大學,1006,中國文化大學,07111028,化學工程與材料工程學系,學士班(日間),4,4,0,0.99
108,私立,一般大學,1006,中國文化大學,07141085,電機工程學系,學士班(日間),4,4,0,1.19
108,私立,一般大學,1006,中國文化大學,07151107,機械工程學系,學士班(日間),1,1,0,0.25
108,私立,一般大學,1006,中國文化大學,07311068,建築及都市設計學系,學士班(日間),13,8,5,4.51
108,私立,一般大學,1006,中國文化大學,08112116,動物科學系,學士班(日間),3,1,2,1.46
108,私立,一般大學,1006,中國文化大學,08121106,園藝暨生物技術學系,學士班(日間),3,1,2,1.30
108,私立,一般大學,1006,中國文化大學,09299082,社會福利學系,學士班(日間),3,1,2,0.63
108,私立,一般大學,1006,中國文化大學,03142087,地學研究所,博士班,1,1,0,3.57
108,私立,一般大學,1006,中國文化大學,01141023,體育學系運動教練碩士班,碩士班(日間),3,3,0,2.14
108,私立,一般大學,1006,中國文化大學,02131059,美術學系,碩士班(日間),5,2,3,6.94
108,私立,一般大學,1006,中國文化大學,02221098,史學系,碩士班(日間),4,4,0,10.81
108,私立,一般大學,1006,中國文化大學,02322001,中國文學系,碩士班(日間),3,1,2,5.77
108,私立,一般大學,1006,中國文化大學,03142087,地學研究所,碩士班(日間),1,0,1,2.78
108,私立,一般大學,1006,中國文化大學,03121011,國家發展與中國大陸研究所,碩士班(日間),2,2,0,4.17
108,私立,一般大學,1006,中國文化大學,03212033,新聞學系,碩士班(日間),3,2,1,11.54
108,私立,一般大學,1006,中國文化大學,04121037,財務金融學系,碩士班(日間),1,1,0,4.35
108,私立,一般大學,1006,中國文化大學,04131015,國際企業管理學系,碩士班(日間),2,2,0,5.71
108,私立,一般大學,1006,中國文化大學,04141041,國際貿易學系,碩士班(日間),2,2,0,6.90
108,私立,一般大學,1006,中國文化大學,06134006,資訊管理學系,碩士班(日間),1,1,0,9.09
108,私立,一般大學,1006,中國文化大學,07311068,建築及都市設計學系,碩士班(日間),3,0,3,8.11
108,私立,一般大學,1006,中國文化大學,10151005,觀光事業學系,碩士班(日間),1,1,0,4.17
108,私立,一般大學,1006,中國文化大學,02131059,美術學系,學士班(日間),13,1,12,4.81
108,私立,一般大學,1006,中國文化大學,02151007,中國音樂學系,學士班(日間),2,1,1,1.02
108,私立,一般大學,1006,中國文化大學,02152008,中國戲劇學系,學士班(日間),8,5,3,3.59
108,私立,一般大學,1006,中國文化大學,02221098,史學系,學士班(日間),5,1,4,2.11
108,私立,一般大學,1006,中國文化大學,02231081,哲學系,學士班(日間),4,2,2,2.22
108,私立,一般大學,1006,中國文化大學,02311047,俄國語文學系,學士班(日間),3,0,3,1.63
108,私立,一般大學,1006,中國文化大學,02311052,英國語文學系,學士班(日間),5,1,4,1.04
108,私立,一般大學,1006,中國文化大學,02311077,日本語文學系,學士班(日間),5,1,4,0.93
108,私立,一般大學,1006,中國文化大學,02322001,中國文學系,學士班(日間),12,1,11,1.74
108,私立,一般大學,1006,中國文化大學,03121061,政治學系,學士班(日間),1,1,0,0.49
108,私立,一般大學,1006,中國文化大學,04111065,會計學系,學士班(日間),6,2,4,1.38
108,私立,一般大學,1006,中國文化大學,04134012,行政管理學系,學士班(日間),4,2,2,0.87
108,私立,一般大學,1006,中國文化大學,04143013,廣告學系,學士班(日間),9,2,7,1.71
108,私立,一般大學,1006,中國文化大學,04191014,全球商務學士學位學程,學士班(日間),4,1,3,1.74
108,私立,一般大學,1006,中國文化大學,05191057,保健營養學系,學士班(日間),6,2,4,2.41
108,私立,一般大學,1006,中國文化大學,05321112,地質學系,學士班(日間),1,0,1,0.57
108,私立,一般大學,1006,中國文化大學,05331115,光電物理學系,學士班(日間),2,2,0,1.38
108,私立,一般大學,1006,中國文化大學,05411114,應用數學系,學士班(日間),4,3,1,1.19
108,私立,一般大學,1006,中國文化大學,06131021,資訊工程學系,學士班(日間),6,5,1,1.37
108,私立,一般大學,1006,中國文化大學,06132006,資訊管理學系,學士班(日間),4,3,1,0.59
108,私立,一般大學,1006,中國文化大學,07312103,景觀學系,學士班(日間),24,10,14,9.41
108,私立,一般大學,1006,中國文化大學,07313118,都市計劃與開發管理學系,學士班(日間),7,4,3,3.78
108,私立,一般大學,1006,中國文化大學,08211054,森林暨自然保育學系,學士班(日間),2,2,0,0.90
108,私立,一般大學,1006,中國文化大學,10111090,生活應用科學系,學士班(日間),1,0,1,0.39
108,私立,一般大學,1006,中國文化大學,10142093,運動與健康促進學系,學士班(日間),3,0,3,1.21
108,私立,一般大學,1006,中國文化大學,01141023,體育學系運動教練博士班,博士班,5,3,2,7.81
108,私立,一般大學,1006,中國文化大學,02322001,中國文學系,博士班,1,1,0,1.79
108,私立,一般大學,1006,中國文化大學,04131015,國際企業管理學系,博士班,1,1,0,1.00
108,私立,一般大學,1006,中國文化大學,07311068,建築及都市設計學系,博士班,6,3,3,16.22
108,私立,一般大學,1006,中國文化大學,02151040,音樂學系,碩士班(日間),4,3,1,7.02
108,私立,一般大學,1006,中國文化大學,04143027,行銷碩士學位學程,碩士班(日間),1,0,1,3.85
108,私立,一般大學,1006,中國文化大學,07151107,機械工程學系數位機電碩士班,碩士班(日間),1,1,0,5.88
108,私立,一般大學,1006,中國文化大學,07312103,景觀學系,碩士班(日間),1,0,1,6.25
108,私立,一般大學,1006,中國文化大學,07313118,都市計劃與開發管理學系,碩士班(日間),2,1,1,10.00
108,私立,一般大學,1007,逢甲大學,03111009,經濟學系,學士班(日間),8,6,2,1.83
108,私立,一般大學,1007,逢甲大學,03111012,合作經濟暨社會事業經營學系,學士班(日間),4,2,2,1.63
108,私立,一般大學,1007,逢甲大學,04121025,財務金融學系,學士班(日間),20,10,10,2.82
108,私立,一般大學,1007,逢甲大學,04121028,財務工程與精算學士學位學程,學士班(日間),14,7,7,6.54
108,私立,一般大學,1007,逢甲大學,04122032,財稅學系,學士班(日間),6,1,5,1.32
108,私立,一般大學,1007,逢甲大學,04123029,風險管理與保險學系,學士班(日間),8,4,4,1.87
108,私立,一般大學,1007,逢甲大學,04134086,土地管理學系,學士班(日間),5,2,3,1.14
108,私立,一般大學,1007,逢甲大學,04141024,國際經營與貿易學系,學士班(日間),11,3,8,1.46
108,私立,一般大學,1007,逢甲大學,04141024,國際經營與貿易學系國際企業管理全英語學士班,學士班(日間),5,0,5,2.01
108,私立,一般大學,1007,逢甲大學,07111068,化學工程學系,學士班(日間),4,1,3,0.90
108,私立,一般大學,1007,逢甲大學,07122077,水利工程與資源保育學系,學士班(日間),2,2,0,0.58
108,私立,一般大學,1007,逢甲大學,07141044,電機工程學系,學士班(日間),4,3,1,0.70
108,私立,一般大學,1007,逢甲大學,07141046,電子工程學系,學士班(日間),8,6,2,1.78
108,私立,一般大學,1007,逢甲大學,07141050,通訊工程學系,學士班(日間),5,5,0,1.18
108,私立,一般大學,1007,逢甲大學,07141052,自動控制工程學系,學士班(日間),4,4,0,0.86
108,私立,一般大學,1007,逢甲大學,07141095,美國普渡大學電機資訊雙學士學位學程,學士班(日間),5,3,2,7.94
108,私立,一般大學,1007,逢甲大學,07141101,光電科學與工程學系,學士班(日間),4,4,0,0.98
108,私立,一般大學,1007,逢甲大學,07151061,機械與電腦輔助工程學系,學士班(日間),3,2,1,0.46
108,私立,一般大學,1007,逢甲大學,07191072,工業工程與系統管理學系,學士班(日間),1,1,0,0.25
108,私立,一般大學,1007,逢甲大學,07192074,纖維與複合材料學系,學士班(日間),3,2,1,0.75
108,私立,一般大學,1007,逢甲大學,07311081,建築學士學位學程,學士班(日間),10,6,4,3.00
108,私立,一般大學,1007,逢甲大學,07311083,建築專業學院學士班,學士班(日間),8,4,4,3.33
108,私立,一般大學,1007,逢甲大學,07321063,土木工程學系,學士班(日間),6,5,1,1.41
108,私立,一般大學,1007,逢甲大學,10411093,運輸與物流學系,學士班(日間),7,5,2,1.52
108,私立,一般大學,1007,逢甲大學,02322001,中國文學系,博士班,1,0,1,3.13
108,私立,一般大學,1007,逢甲大學,04191014,商學博士學位學程,博士班,3,2,1,2.40
108,私立,一般大學,1007,逢甲大學,07121075,環境工程與科學學系,博士班,2,2,0,18.18
108,私立,一般大學,1007,逢甲大學,02322001,中國文學系,碩士班(日間),1,0,1,5.56
108,私立,一般大學,1007,逢甲大學,04131019,企業管理學系,碩士班(日間),2,1,1,6.25
108,私立,一般大學,1007,逢甲大學,06131048,資訊工程學系,碩士班(日間),3,1,2,2.88
108,私立,一般大學,1007,逢甲大學,07313087,都市計畫與空間資訊學系,碩士班(日間),4,4,0,14.81
108,私立,一般大學,1007,逢甲大學,02311002,外國語文學系,學士班(日間),3,1,2,0.68
108,私立,一般大學,1007,逢甲大學,02322001,中國文學系,學士班(日間),4,0,4,1.58
108,私立,一般大學,1007,逢甲大學,04111017,會計學系,學士班(日間),16,6,10,2.14
108,私立,一般大學,1007,逢甲大學,04131019,企業管理學系,學士班(日間),6,1,5,1.05
108,私立,一般大學,1007,逢甲大學,04143033,行銷學系,學士班(日間),15,7,8,2.65
108,私立,一般大學,1007,逢甲大學,04199035,澳洲墨爾本皇家理工大學商學與創新雙學士學位學程,學士班(日間),12,8,4,9.45
108,私立,一般大學,1007,逢甲大學,04199092,美國加州聖荷西州立大學商學大數據分析雙學士學位學程,學士班(日間),16,6,10,12.31
108,私立,一般大學,1007,逢甲大學,05411039,應用數學系,學士班(日間),5,4,1,1.33
108,私立,一般大學,1007,逢甲大學,05421040,統計學系,學士班(日間),5,3,2,1.24
108,私立,一般大學,1007,逢甲大學,06131048,資訊工程學系,學士班(日間),12,6,6,1.21
108,私立,一般大學,1007,逢甲大學,07112069,材料科學與工程學系,學士班(日間),5,4,1,1.17
108,私立,一般大學,1007,逢甲大學,07121075,環境工程與科學學系,學士班(日間),5,4,1,1.25
108,私立,一般大學,1007,逢甲大學,07141056,資訊電機學院學士班,學士班(日間),2,2,0,1.90
108,私立,一般大學,1007,逢甲大學,07151062,精密系統設計學士學位學程,學士班(日間),1,1,0,0.51
108,私立,一般大學,1007,逢甲大學,07313087,都市計畫與空間資訊學系,學士班(日間),9,6,3,2.21
108,私立,一般大學,1007,逢甲大學,06131048,資訊工程學系,博士班,7,5,2,26.92
108,私立,一般大學,1007,逢甲大學,07321100,土木水利工程與建設規劃博士學位學程,博士班,2,1,1,3.70
108,私立,一般大學,1007,逢甲大學,03111009,經濟學系,碩士班(日間),1,1,0,5.88
108,私立,一般大學,1007,逢甲大學,04111017,會計學系,碩士班(日間),1,0,1,2.13
108,私立,一般大學,1007,逢甲大學,04121025,財務金融學系,碩士班(日間),3,2,1,8.33
108,私立,一般大學,1007,逢甲大學,04123029,風險管理與保險學系,碩士班(日間),1,1,0,2.22
108,私立,一般大學,1007,逢甲大學,07141044,電機工程學系,碩士班(日間),1,0,1,2.22
108,私立,一般大學,1007,逢甲大學,07141046,電子工程學系,碩士班(日間),1,1,0,1.69
108,私立,一般大學,1007,逢甲大學,07311081,建築碩士學位學程,碩士班(日間),1,0,1,1.85
108,私立,一般大學,1007,逢甲大學,07321063,土木工程學系,碩士班(日間),4,3,1,9.76
108,私立,一般大學,1008,靜宜大學,02311005,西班牙語文學系,學士班(日間),6,2,4,1.30
108,私立,一般大學,1008,靜宜大學,02322003,中國文學系,學士班(日間),11,4,7,2.45
108,私立,一般大學,1008,靜宜大學,03211008,大眾傳播學系,學士班(日間),14,4,10,4.65
108,私立,一般大學,1008,靜宜大學,04121019,財務金融學系,學士班(日間),31,19,12,4.51
108,私立,一般大學,1008,靜宜大學,04131015,國際企業學系,學士班(日間),10,7,3,1.41
108,私立,一般大學,1008,靜宜大學,04191010,寰宇管理學士學位學程,學士班(日間),3,0,3,1.66
108,私立,一般大學,1008,靜宜大學,04211020,法律學系,學士班(日間),3,1,2,0.59
108,私立,一般大學,1008,靜宜大學,05191031,食品營養學系,學士班(日間),6,1,5,1.28
108,私立,一般大學,1008,靜宜大學,02311004,英國語文學系,學士班(日間),8,1,7,1.36
108,私立,一般大學,1008,靜宜大學,02311006,日本語文學系,學士班(日間),6,4,2,0.95
108,私立,一般大學,1008,靜宜大學,02311007,寰宇外語教育學士學位學程,學士班(日間),1,1,0,0.64
108,私立,一般大學,1008,靜宜大學,04111011,會計學系,學士班(日間),15,6,9,2.25
108,私立,一般大學,1008,靜宜大學,04131012,企業管理學系,學士班(日間),14,8,6,1.99
108,私立,一般大學,1008,靜宜大學,05499037,資料科學暨大數據分析與應用學系,學士班(日間),5,5,0,1.92
108,私立,一般大學,1008,靜宜大學,06131027,資訊管理學系,學士班(日間),3,2,1,0.67
108,私立,一般大學,1008,靜宜大學,06132009,資訊傳播工程學系,學士班(日間),13,8,5,2.72
108,私立,一般大學,1008,靜宜大學,09161035,化粧品科學系,學士班(日間),8,1,7,1.58
108,私立,一般大學,1008,靜宜大學,09231032,社會工作與兒童少年福利學系,學士班(日間),2,2,0,0.36
108,私立,一般大學,1008,靜宜大學,10151034,觀光事業學系,學士班(日間),7,2,5,0.91
108,私立,一般大學,1008,靜宜大學,05499036,財務工程學系,學士班(日間),8,7,1,2.91
108,私立,一般大學,1008,靜宜大學,07141030,資訊工程學系,學士班(日間),8,6,2,1.74
108,私立,一般大學,1008,靜宜大學,04111011,會計學系,碩士班(日間),1,0,1,4.17
108,私立,一般大學,1008,靜宜大學,04131012,企業管理學系,碩士班(日間),1,1,0,8.33
108,私立,一般大學,1008,靜宜大學,09161035,化粧品科學系,碩士班(日間),1,0,1,5.00
108,私立,一般大學,1008,靜宜大學,09299039,社會企業與文化創意碩士學位學程,碩士班(日間),1,1,0,3.33
108,私立,一般大學,1008,靜宜大學,10151034,觀光事業學系,碩士班(日間),1,0,1,4.55
108,私立,一般大學,1008,靜宜大學,03211008,大眾傳播學系,碩士班(日間),1,0,1,33.33
108,私立,一般大學,1008,靜宜大學,04121019,財務金融學系,碩士班(日間),3,1,2,17.65
108,私立,一般大學,1008,靜宜大學,04131015,國際企業學系,碩士班(日間),1,0,1,6.67
108,私立,一般大學,1008,靜宜大學,05191031,食品營養學系,碩士班(日間),2,1,1,5.41
108,私立,一般大學,1009,長庚大學,02122001,工業設計學系,學士班(日間),6,1,5,3.41
108,私立,一般大學,1009,長庚大學,04131005,工商管理學系,學士班(日間),7,2,5,3.74
108,私立,一般大學,1009,長庚大學,04133053,國際健康管理學士學位學程,學士班(日間),2,1,1,14.29
108,私立,一般大學,1009,長庚大學,06131013,資訊管理學系,學士班(日間),3,2,1,0.85
108,私立,一般大學,1009,長庚大學,06131018,資訊工程學系,學士班(日間),6,5,1,2.68
108,私立,一般大學,1009,長庚大學,07141016,電子工程學系,學士班(日間),6,5,1,1.60
108,私立,一般大學,1009,長庚大學,09131040,護理學系,學士班(日間),1,0,1,0.26
108,私立,一般大學,1009,長庚大學,09141046,醫學生物技術暨檢驗學系,學士班(日間),5,3,2,2.07
108,私立,一般大學,1009,長庚大學,09141048,醫學影像暨放射科學系,學士班(日間),4,1,3,3.05
108,私立,一般大學,1009,長庚大學,07141014,電機工程學系,碩士班(日間),3,3,0,4.55
108,私立,一般大學,1009,長庚大學,04133007,醫務管理學系,學士班(日間),1,1,0,0.49
108,私立,一般大學,1009,長庚大學,05123012,生物醫學系,學士班(日間),5,1,4,1.49
108,私立,一般大學,1009,長庚大學,07111025,化工與材料工程學系,學士班(日間),3,2,1,1.39
108,私立,一般大學,1009,長庚大學,07141014,電機工程學系,學士班(日間),5,5,0,1.29
108,私立,一般大學,1009,長庚大學,07151022,機械工程學系,學士班(日間),4,4,0,2.29
108,私立,一般大學,1009,長庚大學,09199042,呼吸治療學系,學士班(日間),2,0,2,1.35
108,私立,一般大學,1009,長庚大學,04131004,企業管理研究所,博士班,6,5,1,17.65
108,私立,一般大學,1009,長庚大學,07141016,電子工程學系,博士班,1,1,0,2.04
108,私立,一般大學,1009,長庚大學,04131005,工商管理學系,碩士班(日間),2,2,0,4.26
108,私立,一般大學,1010,元智大學,02191001,藝術與設計學系,學士班(日間),38,17,21,18.72
108,私立,一般大學,1010,元智大學,02311007,應用外語學系,學士班(日間),5,0,5,2.22
108,私立,一般大學,1010,元智大學,02299049,人文社會學院英語學士班,學士班(日間),2,0,2,2.00
108,私立,一般大學,1010,元智大學,03141009,社會暨政策科學學系,學士班(日間),2,2,0,0.88
108,私立,一般大學,1010,元智大學,06131011,資訊管理學系,學士班(日間),5,3,2,1.12
108,私立,一般大學,1010,元智大學,06131028,資訊工程學系,學士班(日間),8,8,0,1.28
108,私立,一般大學,1010,元智大學,06133013,資訊傳播學系,學士班(日間),11,3,8,2.20
108,私立,一般大學,1010,元智大學,07141033,電機工程學系,學士班(日間),14,13,1,1.31
108,私立,一般大學,1010,元智大學,07151037,機械工程學系,學士班(日間),6,6,0,1.35
108,私立,一般大學,1010,元智大學,07194050,工程學院英語學士班,學士班(日間),2,1,1,2.41
108,私立,一般大學,1010,元智大學,02299047,文化產業與文化政策博士學位學程,博士班,5,3,2,23.81
108,私立,一般大學,1010,元智大學,04199018,管理學院博士班,博士班,2,1,1,2.11
108,私立,一般大學,1010,元智大學,07191043,工業工程與管理學系,博士班,2,1,1,8.00
108,私立,一般大學,1010,元智大學,02322004,中國語文學系,碩士班(日間),1,0,1,5.26
108,私立,一般大學,1010,元智大學,02322004,中國語文學系,學士班(日間),3,0,3,1.35
108,私立,一般大學,1010,元智大學,04199018,管理學院學士班,學士班(日間),11,2,9,0.63
108,私立,一般大學,1010,元智大學,06131051,資訊學院英語學士班,學士班(日間),2,0,2,2.56
108,私立,一般大學,1010,元智大學,07111041,化學工程與材料科學學系,學士班(日間),6,5,1,1.29
108,私立,一般大學,1010,元智大學,07141032,電機通訊學院英語學士班,學士班(日間),1,1,0,0.90
108,私立,一般大學,1010,元智大學,07191043,工業工程與管理學系,學士班(日間),4,3,1,0.91
108,私立,一般大學,1010,元智大學,06131011,資訊管理學系,博士班,2,1,1,10.00
108,私立,一般大學,1010,元智大學,06131028,資訊工程學系,博士班,1,0,1,3.45
108,私立,一般大學,1010,元智大學,07141033,電機工程學系,博士班,4,3,1,9.52
108,私立,一般大學,1010,元智大學,03141009,社會暨政策科學學系,碩士班(日間),1,0,1,4.76
108,私立,一般大學,1010,元智大學,04131019,管理學院經營管理碩士班,碩士班(日間),2,2,0,1.83
108,私立,一般大學,1010,元智大學,06133013,資訊傳播學系,碩士班(日間),1,1,0,3.85
108,私立,一般大學,1010,元智大學,07141033,電機工程學系,碩士班(日間),3,3,0,1.76
108,私立,一般大學,1011,中華大學學校財團法人中華大學,02123004,工業產品設計學系,學士班(日間),1,1,0,0.74
108,私立,一般大學,1011,中華大學學校財團法人中華大學,07311038,建築與都市計畫學系,學士班(日間),4,3,1,1.12
108,私立,一般大學,1011,中華大學學校財團法人中華大學,07321032,土木工程學系,學士班(日間),2,2,0,1.59
108,私立,一般大學,1011,中華大學學校財團法人中華大學,07194037,工程科學博士學位學程,博士班,6,3,3,42.86
108,私立,一般大學,1011,中華大學學校財團法人中華大學,06131025,資訊工程學系,學士班(日間),2,2,0,0.54
108,私立,一般大學,1011,中華大學學校財團法人中華大學,07141022,電機工程學系,學士班(日間),2,2,0,0.64
108,私立,一般大學,1011,中華大學學校財團法人中華大學,04199014,科技管理博士學位學程,博士班,5,2,3,9.80
108,私立,一般大學,1011,中華大學學校財團法人中華大學,07311038,建築與都市計畫學系,碩士班(日間),1,1,0,2.86
108,私立,一般大學,1012,大葉大學,02124014,空間設計學系,學士班(日間),1,0,1,0.29
108,私立,一般大學,1012,大葉大學,04111020,會計資訊學系,學士班(日間),1,1,0,0.71
108,私立,一般大學,1012,大葉大學,06131039,資訊工程學系,學士班(日間),3,2,1,2.05
108,私立,一般大學,1012,大葉大學,07141038,電機工程學系,學士班(日間),1,1,0,0.54
108,私立,一般大學,1012,大葉大學,02121002,造形藝術學系,學士班(日間),2,1,1,0.61
108,私立,一般大學,1012,大葉大學,02123012,工業設計學系,學士班(日間),11,6,5,4.00
108,私立,一般大學,1012,大葉大學,03211018,傳播藝術學士學位學程,學士班(日間),4,1,3,2.68
108,私立,一般大學,1012,大葉大學,04121025,財務金融學系,學士班(日間),3,2,1,1.32
108,私立,一般大學,1012,大葉大學,07151046,機械與自動化工程學系,學士班(日間),4,4,0,1.22
108,私立,一般大學,1013,華梵學校財團法人華梵大學,02299009,東方人文思想研究所,博士班,6,5,1,11.54
108,私立,一般大學,1013,華梵學校財團法人華梵大學,02131002,美術與文創學系,學士班(日間),5,1,4,2.02
108,私立,一般大學,1013,華梵學校財團法人華梵大學,07311016,建築學系,學士班(日間),3,2,1,3.06
108,私立,一般大學,1013,華梵學校財團法人華梵大學,02123008,工業設計學系,碩士班(日間),1,1,0,9.09
108,私立,一般大學,1014,義守大學,02311002,應用英語學系,學士班(日間),1,0,1,0.24
108,私立,一般大學,1014,義守大學,02311003,應用日語學系,學士班(日間),2,1,1,0.62
108,私立,一般大學,1014,義守大學,04111009,會計學系,學士班(日間),1,0,1,0.44
108,私立,一般大學,1014,義守大學,07141028,通訊工程學系,學士班(日間),1,1,0,0.68
108,私立,一般大學,1014,義守大學,07321032,土木與生態工程學系,學士班(日間),2,1,1,0.70
108,私立,一般大學,1014,義守大學,10151055,國際觀光餐旅學系,學士班(日間),1,1,0,0.43
108,私立,一般大學,1014,義守大學,07193037,生物醫學工程學系,學士班(日間),2,2,0,0.55
108,私立,一般大學,1014,義守大學,09141050,醫學影像暨放射科學系,學士班(日間),1,0,1,0.41
108,私立,一般大學,1014,義守大學,10151057,休閒事業管理學系,學士班(日間),1,1,0,0.44
108,私立,一般大學,1014,義守大學,04131012,管理學院管理博士班,博士班,4,0,4,14.29
108,私立,一般大學,1014,義守大學,07141025,電機工程學系,博士班,4,2,2,17.39
108,私立,一般大學,1014,義守大學,04131010,企業管理學系,碩士班(日間),1,1,0,4.00
108,私立,一般大學,1014,義守大學,04131012,管理學院管理碩士班,碩士班(日間),4,3,1,4.44
108,私立,一般大學,1014,義守大學,07321032,土木與生態工程學系,碩士班(日間),2,2,0,13.33
108,私立,一般大學,1014,義守大學,03211008,大眾傳播學系,碩士班(日間),1,0,1,7.14
108,私立,一般大學,1014,義守大學,04121066,財務金融管理學系,碩士班(日間),4,4,0,44.44
108,私立,一般大學,1014,義守大學,02111001,電影與電視學系,學士班(日間),9,4,5,2.86
108,私立,一般大學,1014,義守大學,02112005,數位多媒體設計學系,學士班(日間),2,1,1,1.01
108,私立,一般大學,1014,義守大學,02123006,創意商品設計學系,學士班(日間),9,8,1,4.11
108,私立,一般大學,1014,義守大學,03211008,大眾傳播學系,學士班(日間),9,1,8,2.62
108,私立,一般大學,1014,義守大學,04121017,國際財務金融學系,學士班(日間),6,3,3,5.26
108,私立,一般大學,1014,義守大學,04121066,財務金融管理學系,學士班(日間),8,4,4,1.90
108,私立,一般大學,1014,義守大學,04199019,工業管理學系,學士班(日間),3,1,2,1.21
108,私立,一般大學,1014,義守大學,05121020,生物科技學系,學士班(日間),1,0,1,0.52
108,私立,一般大學,1014,義守大學,06131027,資訊工程學系,學士班(日間),2,2,0,0.49
108,私立,一般大學,1015,世新大學,02111018,廣播電視電影學系,學士班(日間),27,7,20,2.45
108,私立,一般大學,1015,世新大學,02112004,數位多媒體設計學系,學士班(日間),19,8,11,3.92
108,私立,一般大學,1015,世新大學,03141008,社會心理學系,學士班(日間),3,1,2,0.73
108,私立,一般大學,1015,世新大學,03214013,資訊傳播學系,學士班(日間),6,0,6,2.47
108,私立,一般大學,1015,世新大學,03214014,口語傳播學系,學士班(日間),5,1,4,1.02
108,私立,一般大學,1015,世新大學,04131023,企業管理學系,學士班(日間),8,5,3,3.62
108,私立,一般大學,1015,世新大學,04199025,傳播管理學系,學士班(日間),9,2,7,1.42
108,私立,一般大學,1015,世新大學,04211026,法律學系,學士班(日間),1,0,1,0.24
108,私立,一般大學,1015,世新大學,06131028,資訊管理學系,學士班(日間),6,3,3,0.81
108,私立,一般大學,1015,世新大學,02322001,中國文學系,博士班,2,1,1,9.09
108,私立,一般大學,1015,世新大學,03214012,傳播博士學位學程,博士班,35,12,23,57.38
108,私立,一般大學,1015,世新大學,04134009,行政管理學系,博士班,2,1,1,10.53
108,私立,一般大學,1015,世新大學,02322001,中國文學系,碩士班(日間),2,0,2,14.29
108,私立,一般大學,1015,世新大學,03111005,經濟學系,碩士班(日間),1,1,0,7.69
108,私立,一般大學,1015,世新大學,03141007,性別研究所,碩士班(日間),6,0,6,15.00
108,私立,一般大學,1015,世新大學,03212017,新聞學系,碩士班(日間),5,0,5,16.67
108,私立,一般大學,1015,世新大學,04142019,公共關係暨廣告學系,碩士班(日間),6,1,5,15.79
108,私立,一般大學,1015,世新大學,06131028,資訊管理學系,碩士班(日間),1,0,1,3.13
108,私立,一般大學,1015,世新大學,02311002,英語學系,學士班(日間),5,2,3,1.22
108,私立,一般大學,1015,世新大學,02311003,日本語文學系,學士班(日間),3,1,2,0.67
108,私立,一般大學,1015,世新大學,02322001,中國文學系,學士班(日間),6,2,4,3.39
108,私立,一般大學,1015,世新大學,03111005,經濟學系,學士班(日間),5,3,2,1.46
108,私立,一般大學,1015,世新大學,03212017,新聞學系,學士班(日間),12,1,11,1.66
108,私立,一般大學,1015,世新大學,03214020,圖文傳播暨數位出版學系,學士班(日間),7,2,5,1.49
108,私立,一般大學,1015,世新大學,04121024,財務金融學系,學士班(日間),10,2,8,2.57
108,私立,一般大學,1015,世新大學,04134009,行政管理學系,學士班(日間),1,1,0,0.25
108,私立,一般大學,1015,世新大學,04142019,公共關係暨廣告學系,學士班(日間),12,1,11,1.65
108,私立,一般大學,1015,世新大學,10151029,觀光學系,學士班(日間),3,1,2,0.46
108,私立,一般大學,1015,世新大學,02111018,廣播電視電影學系,碩士班(日間),20,5,15,23.81
108,私立,一般大學,1015,世新大學,02112004,數位多媒體設計學系,碩士班(日間),1,1,0,5.88
108,私立,一般大學,1015,世新大學,03141008,社會心理學系,碩士班(日間),1,0,1,7.14
108,私立,一般大學,1015,世新大學,03191006,社會發展研究所,碩士班(日間),1,1,0,5.00
108,私立,一般大學,1015,世新大學,03214013,資訊傳播學系,碩士班(日間),1,1,0,6.67
108,私立,一般大學,1015,世新大學,03214014,口語傳播學系,碩士班(日間),5,3,2,16.13
108,私立,一般大學,1015,世新大學,03214020,圖文傳播暨數位出版學系,碩士班(日間),1,1,0,5.56
108,私立,一般大學,1015,世新大學,04131023,企業管理學系,碩士班(日間),2,2,0,11.11
108,私立,一般大學,1015,世新大學,04134009,行政管理學系,碩士班(日間),1,0,1,8.33
108,私立,一般大學,1015,世新大學,04199025,傳播管理學系,碩士班(日間),4,1,3,22.22
108,私立,一般大學,1016,銘傳大學,02112012,數位媒體設計學系,學士班(日間),3,1,2,0.48
108,私立,一般大學,1016,銘傳大學,02123073,商品設計學系,學士班(日間),2,0,2,0.39
108,私立,一般大學,1016,銘傳大學,02311010,應用日語學系,學士班(日間),4,0,4,0.78
108,私立,一般大學,1016,銘傳大學,02322002,應用中國文學系,學士班(日間),7,1,6,1.51
108,私立,一般大學,1016,銘傳大學,03122005,國際事務與外交學士學位學程,學士班(日間),1,0,1,0.79
108,私立,一般大學,1016,銘傳大學,03141088,犯罪防治學系,學士班(日間),1,1,0,0.24
108,私立,一般大學,1016,銘傳大學,03213047,廣播電視學系,學士班(日間),13,3,10,3.16
108,私立,一般大學,1016,銘傳大學,04111032,會計學系,學士班(日間),7,3,4,0.87
108,私立,一般大學,1016,銘傳大學,01131042,華語文教學學系,學士班(日間),1,0,1,0.23
108,私立,一般大學,1016,銘傳大學,02112072,商業設計學系,學士班(日間),4,1,3,0.77
108,私立,一般大學,1016,銘傳大學,03131054,諮商與工商心理學系,學士班(日間),1,0,1,0.36
108,私立,一般大學,1016,銘傳大學,03211063,新聞與大眾傳播學士學位學程,學士班(日間),1,0,1,0.96
108,私立,一般大學,1016,銘傳大學,03212046,新聞學系,學士班(日間),26,7,19,9.81
108,私立,一般大學,1016,銘傳大學,03213064,新媒體暨傳播管理學系,學士班(日間),27,6,21,8.21
108,私立,一般大學,1016,銘傳大學,04121020,財務金融學系,學士班(日間),44,18,26,5.26
108,私立,一般大學,1016,銘傳大學,04121059,經濟與金融學系,學士班(日間),9,6,3,1.92
108,私立,一般大學,1016,銘傳大學,04123056,風險管理與保險學系,學士班(日間),10,1,9,1.78
108,私立,一般大學,1016,銘傳大學,04131017,國際企業與貿易學士學位學程,學士班(日間),2,1,1,0.46
108,私立,一般大學,1016,銘傳大學,04131036,企業管理學系,學士班(日間),13,6,7,1.49
108,私立,一般大學,1016,銘傳大學,04131061,國際企業學系,學士班(日間),8,2,6,0.95
108,私立,一般大學,1016,銘傳大學,04133022,醫療資訊與管理學系,學士班(日間),5,1,4,1.20
108,私立,一般大學,1016,銘傳大學,04134006,公共事務學系,學士班(日間),4,1,3,1.61
108,私立,一般大學,1016,銘傳大學,04212024,財金法律學系,學士班(日間),2,2,0,0.99
108,私立,一般大學,1016,銘傳大學,06132078,資訊傳播工程學系,學士班(日間),4,4,0,0.98
108,私立,一般大學,1016,銘傳大學,06134050,電腦與通訊工程學系,學士班(日間),8,7,1,1.90
108,私立,一般大學,1016,銘傳大學,07193043,生物醫學工程學系,學士班(日間),2,1,1,1.04
108,私立,一般大學,1016,銘傳大學,07311026,建築學系,學士班(日間),6,2,4,2.13
108,私立,一般大學,1016,銘傳大學,10131044,餐旅管理學系,學士班(日間),1,1,0,0.28
108,私立,一般大學,1016,銘傳大學,02322002,應用中國文學系,博士班,11,7,4,31.43
108,私立,一般大學,1016,銘傳大學,04131036,企業管理學系,博士班,17,5,12,43.59
108,私立,一般大學,1016,銘傳大學,02112012,數位媒體設計學系,碩士班(日間),3,1,2,11.54
108,私立,一般大學,1016,銘傳大學,02123073,商品設計學系創新設計與管理碩士班,碩士班(日間),3,2,1,10.71
108,私立,一般大學,1016,銘傳大學,04111032,會計學系,碩士班(日間),2,1,1,10.53
108,私立,一般大學,1016,銘傳大學,04143015,廣告暨策略行銷學系,學士班(日間),17,5,12,4.89
108,私立,一般大學,1016,銘傳大學,04199089,金融科技應用學士學位學程,學士班(日間),1,0,1,1.11
108,私立,一般大學,1016,銘傳大學,04211039,法律學系,學士班(日間),2,0,2,0.48
108,私立,一般大學,1016,銘傳大學,05121009,生物科技學系,學士班(日間),6,2,4,1.48
108,私立,一般大學,1016,銘傳大學,05421079,應用統計與資料科學學系,學士班(日間),8,3,5,2.09
108,私立,一般大學,1016,銘傳大學,06131045,資訊管理學系,學士班(日間),12,5,7,1.87
108,私立,一般大學,1016,銘傳大學,06134068,資訊科技應用學士學位學程,學士班(日間),1,0,1,1.67
108,私立,一般大學,1016,銘傳大學,07141025,電子工程學系,學士班(日間),11,9,2,2.93
108,私立,一般大學,1016,銘傳大學,07141029,資訊工程學系,學士班(日間),19,17,2,4.51
108,私立,一般大學,1016,銘傳大學,07313048,都市規劃與防災學系,學士班(日間),2,1,1,0.93
108,私立,一般大學,1016,銘傳大學,10151033,觀光事業學系,學士班(日間),3,1,2,1.03
108,私立,一般大學,1016,銘傳大學,10152076,休閒遊憩管理學系,學士班(日間),13,4,9,4.80
108,私立,一般大學,1016,銘傳大學,03213064,新媒體暨傳播管理學系,碩士班(日間),8,3,5,29.63
108,私立,一般大學,1016,銘傳大學,04121020,財務金融學系,碩士班(日間),2,0,2,8.00
108,私立,一般大學,1016,銘傳大學,04123056,風險管理與保險學系,碩士班(日間),2,1,1,10.00
108,私立,一般大學,1016,銘傳大學,04131036,企業管理學系,碩士班(日間),4,2,2,8.70
108,私立,一般大學,1016,銘傳大學,04131061,國際企業學系,碩士班(日間),1,1,0,1.72
108,私立,一般大學,1016,銘傳大學,07141029,資訊工程學系,碩士班(日間),1,1,0,4.00
108,私立,一般大學,1016,銘傳大學,04133022,醫療資訊與管理學系健康產業管理碩士班,碩士班(日間),1,1,0,6.67
108,私立,一般大學,1016,銘傳大學,07311026,建築學系,碩士班(日間),4,3,1,25.00
108,私立,一般大學,1016,銘傳大學,10151033,觀光事業學系,碩士班(日間),3,1,2,12.50
108,私立,一般大學,1017,實踐大學,02112012,媒體傳達設計學系,學士班(日間),16,5,11,4.19
108,私立,一般大學,1017,實踐大學,02112039,資訊模擬與設計學系,學士班(日間),1,1,0,0.28
108,私立,一般大學,1017,實踐大學,02122009,時尚設計學系,學士班(日間),14,3,11,2.52
108,私立,一般大學,1017,實踐大學,02151001,音樂學系,學士班(日間),5,0,5,2.72
108,私立,一般大學,1017,實踐大學,02311004,應用外語學系,學士班(日間),4,1,3,0.97
108,私立,一般大學,1017,實踐大學,02311005,應用英語學系,學士班(日間),1,1,0,0.52
108,私立,一般大學,1017,實踐大學,02311006,應用日文學系,學士班(日間),2,0,2,0.47
108,私立,一般大學,1017,實踐大學,04131021,企業管理學系,學士班(日間),5,1,4,1.13
108,私立,一般大學,1017,實踐大學,04131023,管理學院國際企業英語學士學位學程,學士班(日間),3,1,2,1.41
108,私立,一般大學,1017,實踐大學,05191043,食品營養與保健生技學系,學士班(日間),3,1,2,0.65
108,私立,一般大學,1017,實踐大學,06131037,資訊科技與管理學系,學士班(日間),2,2,0,0.47
108,私立,一般大學,1017,實踐大學,06131038,資訊管理學系,學士班(日間),1,1,0,0.53
108,私立,一般大學,1017,實踐大學,07311041,建築設計學系,學士班(日間),8,4,4,3.39
108,私立,一般大學,1017,實踐大學,09231044,社會工作學系,學士班(日間),2,0,2,0.46
108,私立,一般大學,1017,實踐大學,10131046,餐飲管理學系,學士班(日間),1,0,1,0.37
108,私立,一般大學,1017,實踐大學,04199036,管理學院創意產業博士班,博士班,13,4,9,52.00
108,私立,一般大學,1017,實踐大學,02123014,工業產品設計學系,碩士班(日間),6,3,3,7.79
108,私立,一般大學,1017,實踐大學,04121029,財務金融學系,碩士班(日間),3,2,1,15.00
108,私立,一般大學,1017,實踐大學,04131023,管理學院國際企業英語碩士學位學程,碩士班(日間),3,1,2,14.29
108,私立,一般大學,1017,實踐大學,04141026,國際貿易學系,學士班(日間),1,1,0,0.50
108,私立,一般大學,1017,實踐大學,04141028,國際經營與貿易學系,學士班(日間),2,0,2,0.45
108,私立,一般大學,1017,實踐大學,09221045,家庭研究與兒童發展學系,學士班(日間),4,0,4,1.63
108,私立,一般大學,1017,實踐大學,10151047,觀光管理學系,學士班(日間),1,0,1,0.19
108,私立,一般大學,1017,實踐大學,02112012,媒體傳達設計學系,碩士班(日間),9,4,5,19.15
108,私立,一般大學,1017,實踐大學,02125051,服裝設計學系,碩士班(日間),2,2,0,4.44
108,私立,一般大學,1017,實踐大學,02151001,音樂學系,碩士班(日間),2,1,1,6.25
108,私立,一般大學,1017,實踐大學,04131021,企業管理學系,碩士班(日間),4,2,2,25.00
108,私立,一般大學,1017,實踐大學,06131037,資訊科技與管理學系,碩士班(日間),2,1,1,16.67
108,私立,一般大學,1017,實踐大學,02123014,工業產品設計學系,學士班(日間),9,2,7,3.25
108,私立,一般大學,1017,實踐大學,02125051,服裝設計學系,學士班(日間),16,1,15,2.90
108,私立,一般大學,1017,實踐大學,02125053,服飾設計與經營學系,學士班(日間),11,2,9,1.97
108,私立,一般大學,1017,實踐大學,04111019,會計學系,學士班(日間),8,3,5,1.92
108,私立,一般大學,1017,實踐大學,04121029,財務金融學系,學士班(日間),12,2,10,2.70
108,私立,一般大學,1017,實踐大學,04123033,風險管理與保險學系,學士班(日間),3,1,2,0.71
108,私立,技專校院,1018,朝陽科技大學,02123004,工業設計系,學士班(日間),10,7,3,1.98
108,私立,技專校院,1018,朝陽科技大學,03211006,傳播藝術系,學士班(日間),23,8,15,4.35
108,私立,技專校院,1018,朝陽科技大學,04111007,會計系,學士班(日間),1,1,0,0.15
108,私立,技專校院,1018,朝陽科技大學,04121010,財務金融系,學士班(日間),4,1,3,0.60
108,私立,技專校院,1018,朝陽科技大學,06111023,資訊與通訊系,學士班(日間),2,2,0,0.45
108,私立,技專校院,1018,朝陽科技大學,06131019,資訊管理系,學士班(日間),2,2,0,0.28
108,私立,技專校院,1018,朝陽科技大學,07121027,環境工程與管理系(陸生二技),學士班(日間),1,1,0,100.00
108,私立,技專校院,1018,朝陽科技大學,07141020,資訊工程系,學士班(日間),4,4,0,0.83
108,私立,技專校院,1018,朝陽科技大學,07311028,建築系,學士班(日間),10,7,3,2.17
108,私立,技專校院,1018,朝陽科技大學,07311028,建築系(陸生二技),學士班(日間),10,4,6,100.00
108,私立,技專校院,1018,朝陽科技大學,07312031,景觀及都市設計系,學士班(日間),11,9,2,3.55
108,私立,技專校院,1018,朝陽科技大學,02112003,視覺傳達設計系(陸生二技),學士班(日間),17,5,12,100.00
108,私立,技專校院,1018,朝陽科技大學,02123004,工業設計系(陸生二技),學士班(日間),1,1,0,100.00
108,私立,技專校院,1018,朝陽科技大學,02311001,應用英語系,學士班(日間),3,1,2,0.61
108,私立,技專校院,1018,朝陽科技大學,02311001,應用英語系(陸生二技),學士班(日間),4,1,3,100.00
108,私立,技專校院,1018,朝陽科技大學,03211006,傳播藝術系(陸生二技),學士班(日間),9,3,6,100.00
108,私立,技專校院,1018,朝陽科技大學,04111007,會計系(陸生二技),學士班(日間),1,1,0,100.00
108,私立,技專校院,1018,朝陽科技大學,04123011,保險金融管理系,學士班(日間),2,1,1,0.31
108,私立,技專校院,1018,朝陽科技大學,04131008,企業管理系(陸生二技),學士班(日間),1,1,0,100.00
108,私立,技專校院,1018,朝陽科技大學,07121027,環境工程與管理系,學士班(日間),1,0,1,0.24
108,私立,技專校院,1018,朝陽科技大學,07141020,資訊工程系(陸生二技),學士班(日間),1,1,0,100.00
108,私立,技專校院,1018,朝陽科技大學,09221035,幼兒保育系(陸生二技),學士班(日間),3,0,3,100.00
108,私立,技專校院,1018,朝陽科技大學,10152036,休閒事業管理系,學士班(日間),2,0,2,0.43
108,私立,技專校院,1018,朝陽科技大學,10152036,休閒事業管理系(陸生二技),學士班(日間),1,0,1,100.00
108,私立,技專校院,1018,朝陽科技大學,02122028,建築系建築及都市設計博士班,博士班,4,2,2,16.00
108,私立,技專校院,1018,朝陽科技大學,04131008,企業管理系台灣產業策略發展博士班,博士班,2,1,1,4.76
108,私立,技專校院,1018,朝陽科技大學,02123004,工業設計系,碩士班(日間),2,0,2,9.52
108,私立,技專校院,1018,朝陽科技大學,04121010,財務金融系,碩士班(日間),1,0,1,5.00
108,私立,技專校院,1018,朝陽科技大學,07141020,資訊工程系,碩士班(日間),1,1,0,3.13
108,私立,技專校院,1018,朝陽科技大學,07321025,營建工程系,碩士班(日間),1,1,0,3.57
108,私立,技專校院,1018,朝陽科技大學,02112003,視覺傳達設計系,學士班(日間),11,3,8,1.93
108,私立,技專校院,1018,朝陽科技大學,07312031,景觀及都市設計系(陸生二技),學士班(日間),4,2,2,100.00
108,私立,技專校院,1018,朝陽科技大學,09231034,社會工作系(陸生二技),學士班(日間),1,0,1,100.00
108,私立,技專校院,1018,朝陽科技大學,06131019,資訊管理系,博士班,1,0,1,4.55
108,私立,技專校院,1018,朝陽科技大學,07321025,營建工程系,博士班,1,1,0,14.29
108,私立,技專校院,1018,朝陽科技大學,02112003,視覺傳達設計系,碩士班(日間),1,0,1,3.57
108,私立,技專校院,1018,朝陽科技大學,02311001,應用英語系,碩士班(日間),1,1,0,3.13
108,私立,技專校院,1018,朝陽科技大學,04123011,保險金融管理系,碩士班(日間),1,1,0,7.14
108,私立,技專校院,1018,朝陽科技大學,07311028,建築系建築及都市設計碩士班,碩士班(日間),2,1,1,7.41
108,私立,一般大學,1019,高雄醫學大學,04133003,醫務管理暨醫療資訊學系,學士班(日間),2,1,1,0.89
108,私立,一般大學,1019,高雄醫學大學,05311017,醫藥暨應用化學系,學士班(日間),7,3,4,2.07
108,私立,一般大學,1019,高雄醫學大學,09161027,香粧品學系,學士班(日間),3,0,3,1.18
108,私立,一般大學,1019,高雄醫學大學,09161026,天然藥物研究所,博士班,1,0,1,4.76
108,私立,一般大學,1019,高雄醫學大學,03131002,心理學系,學士班(日間),1,0,1,0.46
108,私立,一般大學,1019,高雄醫學大學,09111046,口腔衛生學系,學士班(日間),1,0,1,0.79
108,私立,一般大學,1019,高雄醫學大學,09159030,運動醫學系,學士班(日間),1,0,1,0.45
108,私立,一般大學,1019,高雄醫學大學,09191021,公共衛生學系,學士班(日間),1,0,1,0.59
108,私立,一般大學,1019,高雄醫學大學,09231049,醫學社會學與社會工作學系,學士班(日間),4,2,2,2.08
108,私立,一般大學,1020,南華大學,04121031,財務金融學系,學士班(日間),1,1,0,0.56
108,私立,一般大學,1020,南華大學,04131029,企業管理學系管理科學博士班,博士班,1,0,1,2.17
108,私立,一般大學,1021,真理大學,02151001,音樂應用學系,學士班(日間),1,0,1,0.58
108,私立,一般大學,1022,大同大學,02112004,媒體設計學系,學士班(日間),10,6,4,2.78
108,私立,一般大學,1022,大同大學,02123005,工業設計學系,學士班(日間),3,1,2,0.78
108,私立,一般大學,1022,大同大學,02311001,應用外語學系,學士班(日間),5,3,2,2.43
108,私立,一般大學,1022,大同大學,06131012,資訊工程學系,學士班(日間),7,7,0,1.57
108,私立,一般大學,1022,大同大學,07111021,化學工程與生物科技學系,學士班(日間),1,1,0,0.23
108,私立,一般大學,1022,大同大學,07151014,機械工程學系,學士班(日間),4,4,0,1.09
108,私立,一般大學,1022,大同大學,02122003,設計科學研究所,博士班,24,13,11,30.00
108,私立,一般大學,1022,大同大學,04131007,事業經營學系,碩士班(日間),1,1,0,5.26
108,私立,一般大學,1022,大同大學,06131006,資訊經營學系,碩士班(日間),1,0,1,7.69
108,私立,一般大學,1022,大同大學,07141010,電機工程學系,碩士班(日間),2,2,0,3.92
108,私立,一般大學,1022,大同大學,04131007,事業經營學系,學士班(日間),4,2,2,0.90
108,私立,一般大學,1022,大同大學,06131006,資訊經營學系,學士班(日間),6,6,0,2.76
108,私立,一般大學,1022,大同大學,07112016,材料工程學系,學士班(日間),1,1,0,0.33
108,私立,一般大學,1022,大同大學,07141010,電機工程學系,學士班(日間),3,3,0,0.73
108,私立,一般大學,1022,大同大學,02112004,媒體設計學系,碩士班(日間),1,1,0,7.69
108,私立,一般大學,1022,大同大學,02123005,工業設計學系,碩士班(日間),3,2,1,5.66
108,私立,技專校院,1023,南臺學校財團法人南臺科技大學,02112008,視覺傳達設計系,學士班(日間),8,4,4,1.15
108,私立,技專校院,1023,南臺學校財團法人南臺科技大學,03214011,資訊傳播系,學士班(日間),8,5,3,1.84
108,私立,技專校院,1023,南臺學校財團法人南臺科技大學,04121022,國際金融學士學位學程,學士班(日間),1,0,1,2.13
108,私立,技專校院,1023,南臺學校財團法人南臺科技大學,04132024,行銷與流通管理系,學士班(日間),2,2,0,0.43
108,私立,技專校院,1023,南臺學校財團法人南臺科技大學,06131043,資訊工程系,學士班(日間),3,3,0,0.63
108,私立,技專校院,1023,南臺學校財團法人南臺科技大學,06132038,多媒體與電腦娛樂科學系,學士班(日間),4,4,0,0.95
108,私立,技專校院,1023,南臺學校財團法人南臺科技大學,07141040,電子工程系,學士班(日間),2,1,1,0.23
108,私立,技專校院,1023,南臺學校財團法人南臺科技大學,02123010,創新產品設計系,碩士班(日間),2,1,1,6.67
108,私立,技專校院,1023,南臺學校財團法人南臺科技大學,04121021,財務金融系,碩士班(日間),3,2,1,15.00
108,私立,技專校院,1023,南臺學校財團法人南臺科技大學,04131015,企業管理系,碩士班(日間),2,0,2,6.25
108,私立,技專校院,1023,南臺學校財團法人南臺科技大學,02123010,創新產品設計系,學士班(日間),4,1,3,1.10
108,私立,技專校院,1023,南臺學校財團法人南臺科技大學,02311006,應用日語系,學士班(日間),1,0,1,0.20
108,私立,技專校院,1023,南臺學校財團法人南臺科技大學,04121021,財務金融系,學士班(日間),5,4,1,0.88
108,私立,技專校院,1023,南臺學校財團法人南臺科技大學,04131015,企業管理系,學士班(日間),2,1,1,0.46
108,私立,技專校院,1023,南臺學校財團法人南臺科技大學,07141039,電機工程系,學士班(日間),1,1,0,0.12
108,私立,技專校院,1023,南臺學校財團法人南臺科技大學,07151045,機械工程系,學士班(日間),3,3,0,0.23
108,私立,技專校院,1023,南臺學校財團法人南臺科技大學,04131016,經營管理博士學位學程,博士班,1,1,0,2.94
108,私立,技專校院,1023,南臺學校財團法人南臺科技大學,02112008,視覺傳達設計系,碩士班(日間),2,2,0,5.88
108,私立,技專校院,1023,南臺學校財團法人南臺科技大學,06131043,資訊工程系,碩士班(日間),1,1,0,3.70
108,私立,技專校院,1023,南臺學校財團法人南臺科技大學,06132038,多媒體與電腦娛樂科學系,碩士班(日間),2,1,1,3.64
108,私立,技專校院,1023,南臺學校財團法人南臺科技大學,07141039,電機工程系,碩士班(日間),1,1,0,1.96
108,私立,技專校院,1023,南臺學校財團法人南臺科技大學,07151045,機械工程系,碩士班(日間),1,1,0,1.64
108,私立,技專校院,1024,崑山科技大學,04131015,企業管理系,學士班(日間),1,1,0,0.50
108,私立,技專校院,1024,崑山科技大學,02111009,視訊傳播設計系媒體藝術碩士班,碩士班(日間),2,2,0,8.00
108,私立,技專校院,1024,崑山科技大學,02112004,視覺傳達設計系,碩士班(日間),2,0,2,10.00
108,私立,技專校院,1024,崑山科技大學,02122007,空間設計系環境設計碩士班,碩士班(日間),2,0,2,16.67
108,私立,技專校院,1024,崑山科技大學,02111009,視訊傳播設計系,學士班(日間),6,5,1,0.88
108,私立,技專校院,1024,崑山科技大學,02112004,視覺傳達設計系,學士班(日間),11,4,7,1.57
108,私立,技專校院,1024,崑山科技大學,02124007,空間設計系,學士班(日間),6,5,1,1.10
108,私立,技專校院,1024,崑山科技大學,04143012,公共關係暨廣告系,學士班(日間),2,0,2,0.39
108,私立,技專校院,1024,崑山科技大學,07151030,機械工程系機械與能源工程博士班,博士班,1,0,1,2.70
108,私立,技專校院,1024,崑山科技大學,04131015,企業管理系,碩士班(日間),1,1,0,2.94
108,私立,技專校院,1026,樹德科技大學,02112009,視覺傳達設計系,學士班(日間),27,10,17,5.50
108,私立,技專校院,1026,樹德科技大學,02122006,動畫與遊戲設計系,學士班(日間),5,4,1,0.95
108,私立,技專校院,1026,樹德科技大學,02152001,表演藝術系,學士班(日間),7,3,4,1.53
108,私立,技專校院,1026,樹德科技大學,04121026,金融管理系,學士班(日間),7,2,5,1.60
108,私立,技專校院,1026,樹德科技大學,04131016,企業管理系,學士班(日間),5,2,3,1.37
108,私立,技專校院,1026,樹德科技大學,04199048,會展行銷與活動管理系,學士班(日間),1,0,1,0.34
108,私立,技專校院,1026,樹德科技大學,07141034,電腦與通訊系,學士班(日間),1,1,0,100.00
108,私立,技專校院,1026,樹德科技大學,09231037,社會工作學士學位學程,學士班(日間),1,0,1,100.00
108,私立,技專校院,1026,樹德科技大學,02122005,應用設計研究所,碩士班(日間),7,5,2,18.42
108,私立,技專校院,1026,樹德科技大學,02124012,建築與室內設計研究所,碩士班(日間),1,1,0,6.67
108,私立,技專校院,1026,樹德科技大學,02122004,流行設計系,學士班(日間),13,4,9,2.62
108,私立,技專校院,1026,樹德科技大學,02123010,生活產品設計系,學士班(日間),10,5,5,2.72
108,私立,技專校院,1026,樹德科技大學,02124011,室內設計系,學士班(日間),9,6,3,1.69
108,私立,技專校院,1026,樹德科技大學,02192002,藝術管理與藝術經紀系,學士班(日間),10,1,9,4.52
108,私立,技專校院,1026,樹德科技大學,10131046,餐旅與烘焙管理系,學士班(日間),1,0,1,0.33
108,私立,技專校院,1026,樹德科技大學,10151041,休閒與觀光管理系,學士班(日間),1,0,1,0.31
108,私立,技專校院,1026,樹德科技大學,04121026,金融管理系,碩士班(日間),4,3,1,21.05
108,私立,技專校院,1026,樹德科技大學,09221038,兒童與家庭服務系,碩士班(日間),1,1,0,3.57
108,私立,一般大學,1027,慈濟學校財團法人慈濟大學,02322004,東方語文學系,學士班(日間),1,0,1,0.48
108,私立,一般大學,1027,慈濟學校財團法人慈濟大學,05111010,生命科學系,學士班(日間),1,0,1,0.69
108,私立,一般大學,1027,慈濟學校財團法人慈濟大學,05121012,分子生物暨人類遺傳學系,學士班(日間),2,1,1,1.37
108,私立,一般大學,1027,慈濟學校財團法人慈濟大學,06133032,醫學資訊學系,學士班(日間),3,2,1,1.81
108,私立,一般大學,1027,慈濟學校財團法人慈濟大學,09191024,公共衛生學系,學士班(日間),1,0,1,0.76
108,私立,一般大學,1027,慈濟學校財團法人慈濟大學,09221002,兒童發展與家庭教育學系,學士班(日間),2,0,2,1.16
108,私立,一般大學,1027,慈濟學校財團法人慈濟大學,03131008,人類發展與心理學系,學士班(日間),1,0,1,0.59
108,私立,一般大學,1027,慈濟學校財團法人慈濟大學,02211005,宗教與人文研究所,碩士班(日間),1,0,1,4.00
108,私立,一般大學,1028,臺北醫學大學,09141041,醫學檢驗暨生物技術學系,學士班(日間),6,1,5,2.46
108,私立,一般大學,1028,臺北醫學大學,09211049,高齡健康管理學系,學士班(日間),3,1,2,1.71
108,私立,一般大學,1028,臺北醫學大學,04133002,醫務管理學系,學士班(日間),7,2,5,2.87
108,私立,一般大學,1028,臺北醫學大學,05191032,保健營養學系,學士班(日間),4,2,2,1.34
108,私立,一般大學,1028,臺北醫學大學,07193009,生物醫學工程學系,學士班(日間),3,1,2,2.48
108,私立,一般大學,1028,臺北醫學大學,09111045,牙體技術學系,學士班(日間),3,1,2,1.86
108,私立,一般大學,1028,臺北醫學大學,09111046,口腔衛生學系,學士班(日間),5,2,3,4.20
108,私立,一般大學,1028,臺北醫學大學,09131037,護理學系,學士班(日間),4,0,4,1.67
108,私立,一般大學,1028,臺北醫學大學,09191020,公共衛生學系,學士班(日間),5,3,2,2.81
108,私立,一般大學,1028,臺北醫學大學,09141042,醫學資訊研究所,博士班,2,2,0,6.06
108,私立,一般大學,1028,臺北醫學大學,04133002,醫務管理學系,碩士班(日間),1,0,1,3.23
108,私立,一般大學,1028,臺北醫學大學,05121016,醫學科學研究所,碩士班(日間),2,2,0,3.17
108,私立,一般大學,1029,中山醫學大學,03131004,心理學系,學士班(日間),2,0,2,0.92
108,私立,一般大學,1029,中山醫學大學,05121012,生物醫學科學學系,學士班(日間),2,1,1,0.68
108,私立,一般大學,1029,中山醫學大學,09141031,醫學影像暨放射科學系,學士班(日間),5,2,3,1.61
108,私立,一般大學,1029,中山醫學大學,09151022,物理治療學系,學士班(日間),2,2,0,1.01
108,私立,一般大學,1029,中山醫學大學,09152023,職能治療學系,學士班(日間),3,2,1,1.46
108,私立,一般大學,1029,中山醫學大學,09231045,醫學社會暨社會工作學系,學士班(日間),1,0,1,0.28
108,私立,一般大學,1029,中山醫學大學,10221021,職業安全衛生學系,學士班(日間),1,1,0,0.52
108,私立,一般大學,1029,中山醫學大學,09141031,醫學影像暨放射科學系,碩士班(日間),4,1,3,28.57
108,私立,一般大學,1029,中山醫學大學,09153024,語言治療與聽力學系,碩士班(日間),1,1,0,2.78
108,私立,一般大學,1029,中山醫學大學,09141030,醫學檢驗暨生物技術學系,學士班(日間),3,1,2,0.89
108,私立,一般大學,1029,中山醫學大學,09153024,語言治療與聽力學系,學士班(日間),6,3,3,1.55
108,私立,技專校院,1030,龍華科技大學,02112011,多媒體與遊戲發展科學系,學士班(日間),4,4,0,0.62
108,私立,技專校院,1030,龍華科技大學,04121007,財務金融系,學士班(日間),3,2,1,0.82
108,私立,技專校院,1030,龍華科技大學,10151021,觀光休閒系,學士班(日間),2,2,0,0.50
108,私立,技專校院,1030,龍華科技大學,02122002,文化創意與數位媒體設計系,學士班(日間),13,8,5,2.44
108,私立,技專校院,1030,龍華科技大學,04131004,企業管理系,學士班(日間),1,0,1,0.25
108,私立,技專校院,1030,龍華科技大學,06131009,資訊管理系,學士班(日間),2,1,1,0.49
108,私立,技專校院,1032,明新學校財團法人明新科技大學,04121007,財務金融系,學士班(日間),1,1,0,0.28
108,私立,一般大學,1033,長榮大學,02131001,美術學系,學士班(日間),6,1,5,3.95
108,私立,一般大學,1033,長榮大學,04131026,管理學院經營管理博士班,博士班,1,1,0,4.17
108,私立,一般大學,1033,長榮大學,06131037,資訊管理學系,學士班(日間),4,2,2,3.33
108,私立,一般大學,1033,長榮大學,10412061,航運管理學系,學士班(日間),1,1,0,0.19
108,私立,技專校院,1034,弘光科技大學,07211017,食品科技系,學士班(日間),1,1,0,0.25
108,私立,技專校院,1034,弘光科技大學,02122003,文化創意產業系,學士班(日間),7,4,3,2.06
108,私立,技專校院,1034,弘光科技大學,05191023,營養系,學士班(日間),1,1,0,0.28
108,私立,一般大學,1035,中國醫藥大學,05121043,生物科技學系,學士班(日間),1,0,1,0.45
108,私立,一般大學,1035,中國醫藥大學,05191021,營養學系,學士班(日間),3,0,3,0.93
108,私立,一般大學,1035,中國醫藥大學,09131045,護理學系,學士班(日間),2,0,2,0.68
108,私立,一般大學,1035,中國醫藥大學,09151010,物理治療學系,學士班(日間),5,2,3,2.04
108,私立,一般大學,1035,中國醫藥大學,09159047,運動醫學系,學士班(日間),2,1,1,1.02
108,私立,一般大學,1035,中國醫藥大學,09161039,中國藥學暨中藥資源學系,學士班(日間),1,1,0,0.68
108,私立,一般大學,1035,中國醫藥大學,09161042,藥用化妝品學系,學士班(日間),3,0,3,1.60
108,私立,一般大學,1035,中國醫藥大學,04133029,醫務管理學系,學士班(日間),1,1,0,0.96
108,私立,一般大學,1035,中國醫藥大學,09141017,醫學檢驗生物技術學系,學士班(日間),2,0,2,1.03
108,私立,一般大學,1035,中國醫藥大學,09141032,生物醫學影像暨放射科學學系,學士班(日間),5,1,4,2.31
108,私立,一般大學,1035,中國醫藥大學,05191021,營養學系,碩士班(日間),1,0,1,2.38
108,私立,技專校院,1037,正修學校財團法人正修科技大學,07311004,建築與室內設計系,學士班(日間),3,1,2,0.63
108,私立,技專校院,1037,正修學校財團法人正修科技大學,07321016,土木與空間資訊系,學士班(日間),1,1,0,0.24
108,私立,技專校院,1037,正修學校財團法人正修科技大學,04121008,金融管理系,學士班(日間),1,1,0,0.40
108,私立,技專校院,1038,萬能學校財團法人萬能科技大學,02123002,商業設計系,學士班(日間),1,1,0,0.37
108,私立,一般大學,1039,玄奘大學,03211018,大眾傳播學系,學士班(日間),3,0,3,1.07
108,私立,一般大學,1039,玄奘大學,02199044,藝術設計學院碩士班,碩士班(日間),1,1,0,4.17
108,私立,一般大學,1039,玄奘大學,03211023,傳播學院碩士班,碩士班(日間),3,3,0,20.00
108,私立,技專校院,1040,建國科技大學,07141013,電機工程系,學士班(日間),1,1,0,0.37
108,私立,技專校院,1040,建國科技大學,04131009,國際企業管理系,學士班(日間),1,1,0,0.59
108,私立,技專校院,1041,明志科技大學,02112003,視覺傳達設計系,學士班(日間),6,3,3,2.69
108,私立,技專校院,1041,明志科技大學,02123004,工業設計系,學士班(日間),6,3,3,2.82
108,私立,技專校院,1041,明志科技大學,07121025,環境與安全衛生工程系,學士班(日間),2,2,0,1.07
108,私立,技專校院,1041,明志科技大學,07151014,機械工程系,學士班(日間),2,2,0,0.34
108,私立,技專校院,1041,明志科技大學,07112022,材料工程系,碩士班(日間),1,1,0,1.22
108,私立,技專校院,1041,明志科技大學,07111018,化學工程系,學士班(日間),1,1,0,0.24
108,私立,技專校院,1041,明志科技大學,07191024,工業工程與管理系,學士班(日間),1,1,0,0.25
108,私立,技專校院,1041,明志科技大學,02123004,工業設計系,碩士班(日間),1,1,0,5.56
108,私立,技專校院,1043,大仁科技大學,08199043,寵物照護暨美容學士學位學程,學士班(日間),1,0,1,0.41
108,私立,技專校院,1044,聖約翰科技大學,02122002,創意設計系,學士班(日間),1,1,0,0.67
108,私立,技專校院,1044,聖約翰科技大學,04131005,企業管理系,學士班(日間),2,2,0,3.28
108,私立,技專校院,1044,聖約翰科技大學,04132008,行銷與流通管理系,學士班(日間),1,0,1,0.71
108,私立,技專校院,1044,聖約翰科技大學,06131010,資訊管理系,學士班(日間),1,1,0,1.56
108,私立,技專校院,1044,聖約翰科技大學,10152021,休閒運動與健康管理系,學士班(日間),1,1,0,0.47
108,私立,技專校院,1044,聖約翰科技大學,02112004,多媒體設計系,學士班(日間),4,3,1,3.31
108,私立,技專校院,1044,聖約翰科技大學,04199009,時尚經營管理系,學士班(日間),4,2,2,2.60
108,私立,技專校院,1044,聖約翰科技大學,09211019,老人服務事業系,學士班(日間),1,1,0,1.08
108,私立,技專校院,1045,嶺東科技大學,02112005,數位媒體設計系,學士班(日間),3,0,3,0.60
108,私立,技專校院,1045,嶺東科技大學,02311001,應用外語系,學士班(日間),2,0,2,100.00
108,私立,技專校院,1045,嶺東科技大學,04131013,企業管理系,學士班(日間),4,4,0,0.96
108,私立,技專校院,1045,嶺東科技大學,04199040,時尚經營系,學士班(日間),1,0,1,0.42
108,私立,技專校院,1045,嶺東科技大學,02112003,視覺傳達設計系,碩士班(日間),3,1,2,18.75
108,私立,技專校院,1045,嶺東科技大學,04121017,財務金融系,碩士班(日間),2,2,0,9.09
108,私立,技專校院,1045,嶺東科技大學,02112003,視覺傳達設計系,學士班(日間),12,3,9,1.71
108,私立,技專校院,1045,嶺東科技大學,02122002,流行設計系,學士班(日間),3,0,3,0.80
108,私立,技專校院,1045,嶺東科技大學,02123008,創意產品設計系,學士班(日間),4,1,3,0.94
108,私立,技專校院,1045,嶺東科技大學,04121017,財務金融系,學士班(日間),2,1,1,0.38
108,私立,技專校院,1045,嶺東科技大學,06121031,資訊管理系,學士班(日間),1,1,0,0.24
108,私立,技專校院,1045,嶺東科技大學,06131030,資訊科技系,學士班(日間),1,1,0,100.00
108,私立,技專校院,1045,嶺東科技大學,02112005,數位媒體設計系,碩士班(日間),1,1,0,4.55
108,私立,技專校院,1045,嶺東科技大學,04131013,企業管理系,碩士班(日間),1,1,0,12.50
108,私立,技專校院,1046,中國科技大學,02311001,應用英語系,學士班(日間),1,0,1,0.28
108,私立,技專校院,1046,中國科技大學,04131010,企業管理系,學士班(日間),6,4,2,1.45
108,私立,技專校院,1046,中國科技大學,06131021,資訊工程系,學士班(日間),1,1,0,0.85
108,私立,技專校院,1046,中國科技大學,02112003,視覺傳達設計系,學士班(日間),14,7,7,1.68
108,私立,技專校院,1046,中國科技大學,02112004,數位多媒體設計系,學士班(日間),5,2,3,0.63
108,私立,技專校院,1046,中國科技大學,02124005,室內設計系,學士班(日間),13,5,8,1.43
108,私立,技專校院,1046,中國科技大學,02199006,影視設計系,學士班(日間),8,4,4,1.63
108,私立,技專校院,1046,中國科技大學,06131019,資訊管理系,學士班(日間),1,1,0,0.24
108,私立,技專校院,1046,中國科技大學,07321025,土木與防災設計系,學士班(日間),1,0,1,0.44
108,私立,技專校院,1046,中國科技大學,02112003,視覺傳達設計系,碩士班(日間),1,0,1,3.33
108,私立,技專校院,1047,中臺科技大學,09141029,醫學影像暨放射科學系,學士班(日間),3,1,2,0.63
108,私立,一般大學,1048,亞洲大學,02112006,視覺傳達設計學系,學士班(日間),11,4,7,2.48
108,私立,一般大學,1048,亞洲大學,02112007,數位媒體設計學系,學士班(日間),7,3,4,1.54
108,私立,一般大學,1048,亞洲大學,02123011,創意商品設計學系,學士班(日間),7,6,1,1.69
108,私立,一般大學,1048,亞洲大學,02311002,外國語文學系,學士班(日間),1,0,1,0.26
108,私立,一般大學,1048,亞洲大學,03131013,心理學系,學士班(日間),6,3,3,1.23
108,私立,一般大學,1048,亞洲大學,04121019,財務金融學系,學士班(日間),1,1,0,0.24
108,私立,一般大學,1048,亞洲大學,04131017,經營管理學系,學士班(日間),2,1,1,0.34
108,私立,一般大學,1048,亞洲大學,05121028,生物科技學系,學士班(日間),1,0,1,0.33
108,私立,一般大學,1048,亞洲大學,05191053,食品營養與保健生技學系,學士班(日間),1,1,0,0.26
108,私立,一般大學,1048,亞洲大學,02112006,視覺傳達設計學系,碩士班(日間),3,1,2,13.64
108,私立,一般大學,1048,亞洲大學,03213014,資訊傳播學系,碩士班(日間),1,1,0,5.26
108,私立,一般大學,1048,亞洲大學,02124012,室內設計學系,學士班(日間),7,3,4,3.29
108,私立,一般大學,1048,亞洲大學,03213014,資訊傳播學系,學士班(日間),7,2,5,1.74
108,私立,一般大學,1048,亞洲大學,06134037,資訊工程學系,學士班(日間),1,1,0,0.31
108,私立,一般大學,1048,亞洲大學,09191021,健康產業管理學系,學士班(日間),1,1,0,0.28
108,私立,一般大學,1048,亞洲大學,10151049,休閒與遊憩管理學系,學士班(日間),2,2,0,0.44
108,私立,一般大學,1048,亞洲大學,02112007,數位媒體設計學系,博士班,8,4,4,16.33
108,私立,一般大學,1048,亞洲大學,04131017,經營管理學系,博士班,2,0,2,2.60
108,私立,一般大學,1048,亞洲大學,04199018,新興產業策略與發展博士學位學程,博士班,1,0,1,4.00
108,私立,一般大學,1048,亞洲大學,09191021,健康產業管理學系,博士班,2,1,1,5.00
108,私立,一般大學,1048,亞洲大學,02112007,數位媒體設計學系,碩士班(日間),2,2,0,10.53
108,私立,一般大學,1048,亞洲大學,02123011,創意商品設計學系,碩士班(日間),1,1,0,8.33
108,私立,一般大學,1049,開南大學,04131016,國際企業學系,學士班(日間),1,1,0,0.54
108,私立,一般大學,1049,開南大學,10499041,觀光運輸學院碩士班,碩士班(日間),1,1,0,2.44
108,私立,一般大學,1050,佛光大學,03131024,心理學系,學士班(日間),2,0,2,1.02
108,私立,一般大學,1050,佛光大學,02211010,佛教學系,博士班,5,1,4,17.86
108,私立,一般大學,1050,佛光大學,03211028,傳播學系,碩士班(日間),2,0,2,8.00
108,私立,一般大學,1050,佛光大學,03111020,應用經濟學系,學士班(日間),1,0,1,0.53
108,私立,一般大學,1050,佛光大學,02123018,產品與媒體設計學系,碩士班(日間),1,1,0,6.67
108,私立,一般大學,1050,佛光大學,02299015,文化資產與創意學系,碩士班(日間),1,0,1,2.63
108,私立,技專校院,1051,台南家專學校財團法人台南應用科技大學,02112012,視覺傳達設計系,學士班(日間),5,1,4,0.88
108,私立,技專校院,1051,台南家專學校財團法人台南應用科技大學,02125042,服飾設計管理系,學士班(日間),3,1,2,0.56
108,私立,技專校院,1051,台南家專學校財團法人台南應用科技大學,02151004,流行音樂學士學位學程,學士班(日間),1,0,1,0.45
108,私立,技專校院,1051,台南家專學校財團法人台南應用科技大學,02112012,視覺傳達設計系創新應用設計碩士班(碩士在職專班),碩士班(日間),3,0,3,27.27
108,私立,技專校院,1051,台南家專學校財團法人台南應用科技大學,02122010,時尚設計系,學士班(日間),5,1,4,1.42
108,私立,技專校院,1051,台南家專學校財團法人台南應用科技大學,02123014,商品設計系,學士班(日間),3,2,1,0.52
108,私立,技專校院,1051,台南家專學校財團法人台南應用科技大學,02124015,室內設計系,學士班(日間),3,3,0,0.72
108,私立,技專校院,1051,台南家專學校財團法人台南應用科技大學,02131001,美術系,學士班(日間),1,0,1,0.17
108,私立,技專校院,1051,台南家專學校財團法人台南應用科技大學,02124015,室內設計系,碩士班(日間),2,2,0,15.38
108,私立,技專校院,1052,中信金學校財團法人中信科技大學,02123014,創新設計與創業管理系,學士班(日間),1,0,1,2.38
108,私立,技專校院,1052,中信金學校財團法人中信科技大學,02123006,創意商品設計與管理系,學士班(日間),2,1,1,1.69
108,私立,技專校院,1053,光宇學校財團法人元培醫事科技大學,09141030,醫學影像暨放射技術系,學士班(日間),2,2,0,0.50
108,私立,技專校院,1054,景文科技大學,04132014,行銷與流通管理系,學士班(日間),2,0,2,0.66
108,私立,技專校院,1054,景文科技大學,04141008,國際貿易系,學士班(日間),4,2,2,2.44
108,私立,技專校院,1054,景文科技大學,06131030,行動商務與多媒體應用系,學士班(日間),6,5,1,1.76
108,私立,技專校院,1054,景文科技大學,04131007,企業管理系,學士班(日間),3,0,3,1.17
108,私立,技專校院,1054,景文科技大學,02112005,視覺傳達設計系,學士班(日間),9,4,5,1.69
108,私立,技專校院,1056,東南科技大學,10152021,休閒事業管理系,學士班(日間),1,1,0,0.17
108,私立,一般大學,1058,明道學校財團法人明道大學,04121017,財務金融學系,學士班(日間),2,1,1,2.11
108,私立,一般大學,1058,明道學校財團法人明道大學,02322003,中國文學學系,博士班,5,5,0,17.24
108,私立,一般大學,1058,明道學校財團法人明道大學,02111010,數位設計學系,學士班(日間),1,1,0,0.46
108,私立,技專校院,1061,中華學校財團法人中華科技大學,04131003,企業管理系,學士班(日間),2,2,0,1.94
108,私立,技專校院,1061,中華學校財團法人中華科技大學,07311025,建築系,學士班(日間),1,1,0,0.38
108,私立,技專校院,1062,僑光科技大學,04141011,國際貿易系,學士班(日間),1,1,0,0.22
108,私立,技專校院,1062,僑光科技大學,04131009,企業管理系,學士班(日間),1,0,1,0.22
108,私立,技專校院,1062,僑光科技大學,10131024,餐飲管理系,學士班(日間),1,1,0,0.14
108,私立,一般大學,1067,台灣首府學校財團法人台灣首府大學,01121002,幼兒教育學系,學士班(日間),1,0,1,0.67
108,私立,技專校院,1070,長庚學校財團法人長庚科技大學,09221008,幼兒保育系,學士班(日間),2,1,1,0.47
108,私立,技專校院,1071,城市學校財團法人臺北城市科技大學,02152002,演藝事業學士學位學程,學士班(日間),1,0,1,0.50
108,私立,技專校院,1071,城市學校財團法人臺北城市科技大學,02112004,數位多媒體設計系,學士班(日間),1,1,0,0.25
108,私立,技專校院,1071,城市學校財團法人臺北城市科技大學,04131007,企業管理系,學士班(日間),1,0,1,100.00
108,私立,技專校院,1073,醒吾學校財團法人醒吾科技大學,03211007,資訊傳播系,學士班(日間),3,1,2,0.98
108,私立,技專校院,1075,文藻學校財團法人文藻外語大學,01131002,外語教學系,學士班(日間),1,1,0,0.23
108,私立,技專校院,1075,文藻學校財團法人文藻外語大學,02311007,英國語文系,學士班(日間),4,2,2,0.58
108,私立,技專校院,1075,文藻學校財團法人文藻外語大學,02311009,法國語文系,學士班(日間),5,2,3,1.07
108,私立,技專校院,1075,文藻學校財團法人文藻外語大學,02311010,德國語文系,學士班(日間),7,4,3,1.56
108,私立,技專校院,1075,文藻學校財團法人文藻外語大學,02311011,西班牙語文系,學士班(日間),8,5,3,1.74
108,私立,技專校院,1075,文藻學校財團法人文藻外語大學,02312013,翻譯系,學士班(日間),7,3,4,2.55
108,私立,技專校院,1075,文藻學校財團法人文藻外語大學,02323004,應用華語文系,學士班(日間),1,0,1,0.22
108,私立,技專校院,1075,文藻學校財團法人文藻外語大學,03122016,國際事務系,學士班(日間),1,0,1,0.47
108,私立,技專校院,1075,文藻學校財團法人文藻外語大學,02312014,多國語複譯研究所,碩士班(日間),1,1,0,2.44
108,私立,技專校院,1075,文藻學校財團法人文藻外語大學,03122016,國際事務碩士學位學程,碩士班(日間),1,0,1,7.14
108,私立,技專校院,1075,文藻學校財團法人文藻外語大學,02311012,日本語文系,學士班(日間),6,3,3,0.65
108,私立,技專校院,1075,文藻學校財團法人文藻外語大學,03211018,傳播藝術系,學士班(日間),9,1,8,2.08
108,私立,技專校院,1075,文藻學校財團法人文藻外語大學,02311007,英國語文系,碩士班(日間),1,0,1,4.17
108,私立,技專校院,1076,華夏學校財團法人華夏科技大學,10121019,化妝品應用系,學士班(日間),1,1,0,0.30
108,私立,技專校院,1078,致理學校財團法人致理科技大學,02112012,多媒體設計系,學士班(日間),2,0,2,0.42
108,私立,技專校院,1078,致理學校財團法人致理科技大學,04121016,財務金融系,學士班(日間),3,3,0,0.38
108,私立,技專校院,1078,致理學校財團法人致理科技大學,04131014,企業管理系,學士班(日間),2,1,1,0.30
108,私立,技專校院,1078,致理學校財團法人致理科技大學,04141015,國際貿易系,學士班(日間),2,1,1,0.30
108,私立,技專校院,1078,致理學校財團法人致理科技大學,04111013,會計資訊系,學士班(日間),4,3,1,0.62
108,私立,技專校院,1078,致理學校財團法人致理科技大學,04132019,行銷與流通管理系,學士班(日間),2,1,1,0.35
108,私立,技專校院,1078,致理學校財團法人致理科技大學,04199020,商務科技管理系,學士班(日間),2,2,0,0.47
108,私立,技專校院,1081,東方學校財團法人東方設計大學,02141002,美術工藝系,學士班(日間),1,1,0,0.72
108,私立,技專校院,1081,東方學校財團法人東方設計大學,02122018,文化創意設計研究所,博士班,4,2,2,12.50
108,私立,技專校院,1082,崇右學校財團法人崇右影藝科技大學,02152002,演藝事業系,學士班(日間),1,1,0,0.23
108,私立,一般大學,1125,中信學校財團法人中信金融管理學院,04131012,企業管理學系,學士班(日間),1,1,0,0.57
108,私立,一般大學,1125,中信學校財團法人中信金融管理學院,04121014,財務金融學系,學士班(日間),1,0,1,0.57
108,私立,一般大學,1196,法鼓學校財團法人法鼓文理學院,02211002,佛教學系,碩士班(日間),1,1,0,1.33
108,私立,一般大學,1196,法鼓學校財團法人法鼓文理學院,02211002,佛教學系,博士班,3,3,0,15.00
108,公立,一般大學,3002,臺北市立大學,07313058,城市發展學系,學士班(日間),1,1,0,0.79
108,公立,一般大學,3002,臺北市立大學,02151037,音樂學系,碩士班(日間),1,0,1,1.32
108,公立,一般大學,3002,臺北市立大學,10141054,競技運動訓練研究所,碩士班(日間),1,1,0,2.00
108,公立,一般大學,3002,臺北市立大學,01121027,幼兒教育學系,學士班(日間),1,0,1,0.30
108,公立,一般大學,3002,臺北市立大學,01131017,英語教學系,學士班(日間),1,1,0,0.68
108,公立,一般大學,3002,臺北市立大學,02111040,視覺藝術學系,學士班(日間),1,1,0,0.51
108,公立,一般大學,3002,臺北市立大學,06131016,資訊科學系,學士班(日間),1,1,0,0.62
108,公立,一般大學,3002,臺北市立大學,10141053,運動科學研究所,博士班,3,2,1,17.65
108,公立,一般大學,3002,臺北市立大學,10141054,競技運動訓練研究所,博士班,3,3,0,9.68
109,公立,一般大學,0001,國立政治大學,02311009,英國語文學系,學士班(日間),2,0,2,0.68
109,公立,一般大學,0001,國立政治大學,02322008,中國文學系,學士班(日間),1,0,1,0.31
109,公立,一般大學,0001,國立政治大學,03111024,經濟學系,學士班(日間),2,1,1,0.50
109,公立,一般大學,0001,國立政治大學,04121068,金融學系,學士班(日間),1,0,1,0.40
109,公立,一般大學,0001,國立政治大學,04131060,企業管理學系,學士班(日間),2,0,2,0.45
109,公立,一般大學,0001,國立政治大學,04143055,廣告學系,學士班(日間),1,0,1,0.37
109,公立,一般大學,0001,國立政治大學,01111001,教育學系,博士班,11,1,10,9.73
109,公立,一般大學,0001,國立政治大學,02211019,宗教研究所,博士班,2,1,1,7.41
109,公立,一般大學,0001,國立政治大學,02222031,民族學系,博士班,2,0,2,13.33
109,公立,一般大學,0001,國立政治大學,02231022,哲學系,博士班,1,0,1,4.76
109,公立,一般大學,0001,國立政治大學,03122045,外交學系,博士班,1,1,0,12.50
109,公立,一般大學,0001,國立政治大學,03131032,心理學系,博士班,1,1,0,10.00
109,公立,一般大學,0001,國立政治大學,03143036,日本研究博士學位學程,博士班,2,1,1,28.57
109,公立,一般大學,0001,國立政治大學,03143043,地政學系,博士班,3,3,0,17.65
109,公立,一般大學,0001,國立政治大學,03211056,傳播學院大一大二不分系,學士班(日間),1,0,1,0.24
109,公立,一般大學,0001,國立政治大學,06131081,資訊科學系,學士班(日間),2,0,2,0.91
109,公立,一般大學,0001,國立政治大學,02221020,歷史學系,博士班,2,0,2,7.69
109,公立,一般大學,0001,國立政治大學,02311009,英國語文學系,博士班,8,1,7,36.36
109,公立,一般大學,0001,國立政治大學,02322008,中國文學系,博士班,7,3,4,12.07
109,公立,一般大學,0001,國立政治大學,03111024,經濟學系,博士班,1,0,1,10.00
109,公立,一般大學,0001,國立政治大學,03121026,政治學系,博士班,5,3,2,18.52
109,公立,一般大學,0001,國立政治大學,03141030,社會學系,博士班,4,2,2,25.00
109,公立,一般大學,0001,國立政治大學,03191047,國家發展研究所,博士班,8,7,1,23.53
109,公立,一般大學,0001,國立政治大學,03211056,傳播學院博士班,博士班,22,10,12,56.41
109,公立,一般大學,0001,國立政治大學,03222054,圖書資訊與檔案學研究所,博士班,1,1,0,7.69
109,公立,一般大學,0001,國立政治大學,04121065,財務管理學系,博士班,1,0,1,12.50
109,公立,一般大學,0001,國立政治大學,04121068,金融學系,博士班,8,6,2,27.59
109,公立,一般大學,0001,國立政治大學,04111059,會計學系,博士班,1,0,1,10.00
109,公立,一般大學,0001,國立政治大學,04122070,財政學系,博士班,1,0,1,20.00
109,公立,一般大學,0001,國立政治大學,04123069,風險管理與保險學系,博士班,3,1,2,18.75
109,公立,一般大學,0001,國立政治大學,04131060,企業管理學系,博士班,6,1,5,12.50
109,公立,一般大學,0001,國立政治大學,04141067,國際經營與貿易學系,博士班,3,0,3,50.00
109,公立,一般大學,0001,國立政治大學,04199072,科技管理與智慧財產研究所,博士班,1,1,0,3.70
109,公立,一般大學,0001,國立政治大學,04212073,法律學系,博士班,2,2,0,4.35
109,公立,一般大學,0001,國立政治大學,05411078,應用數學系,博士班,1,1,0,11.11
109,公立,一般大學,0001,國立政治大學,05421079,統計學系,博士班,1,1,0,16.67
109,公立,一般大學,0001,國立政治大學,09231084,社會工作研究所,博士班,7,2,5,50.00
109,公立,一般大學,0001,國立政治大學,01111001,教育學系,碩士班(日間),2,0,2,7.14
109,公立,一般大學,0001,國立政治大學,02231022,哲學系,碩士班(日間),3,2,1,6.82
109,公立,一般大學,0001,國立政治大學,03121026,政治學系,碩士班(日間),2,2,0,2.70
109,公立,一般大學,0001,國立政治大學,03131032,心理學系,碩士班(日間),5,2,3,6.10
109,公立,一般大學,0001,國立政治大學,03141030,社會學系,碩士班(日間),3,2,1,4.62
109,公立,一般大學,0001,國立政治大學,03143036,日本研究碩士學位學程,碩士班(日間),2,1,1,5.26
109,公立,一般大學,0001,國立政治大學,03143043,地政學系,碩士班(日間),4,3,1,4.94
109,公立,一般大學,0001,國立政治大學,03191047,國家發展研究所,碩士班(日間),9,7,2,11.39
109,公立,一般大學,0001,國立政治大學,03199048,勞工研究所,碩士班(日間),4,0,4,5.19
109,公立,一般大學,0001,國立政治大學,04134041,公共行政學系,碩士班(日間),1,0,1,0.96
109,公立,一般大學,0001,國立政治大學,04141067,國際經營與貿易學系,碩士班(日間),4,2,2,4.00
109,公立,一般大學,0001,國立政治大學,04199072,科技管理與智慧財產研究所,碩士班(日間),5,2,3,3.16
109,公立,一般大學,0001,國立政治大學,04211074,法律科際整合研究所,碩士班(日間),2,0,2,2.30
109,公立,一般大學,0001,國立政治大學,04212073,法律學系,碩士班(日間),10,3,7,4.05
109,公立,一般大學,0001,國立政治大學,05199083,神經科學研究所,碩士班(日間),1,0,1,10.00
109,公立,一般大學,0001,國立政治大學,05421079,統計學系,碩士班(日間),5,3,2,8.20
109,公立,一般大學,0001,國立政治大學,06131080,資訊管理學系,碩士班(日間),4,1,3,4.40
109,公立,一般大學,0001,國立政治大學,04134041,公共行政學系,博士班,2,2,0,9.52
109,公立,一般大學,0001,國立政治大學,06131081,資訊科學系,博士班,1,0,1,12.50
109,公立,一般大學,0001,國立政治大學,01121004,幼兒教育研究所,碩士班(日間),7,0,7,17.95
109,公立,一般大學,0001,國立政治大學,02211019,宗教研究所,碩士班(日間),1,0,1,3.23
109,公立,一般大學,0001,國立政治大學,02221020,歷史學系,碩士班(日間),7,4,3,10.94
109,公立,一般大學,0001,國立政治大學,02311009,英國語文學系,碩士班(日間),1,0,1,1.96
109,公立,一般大學,0001,國立政治大學,02311014,韓國語文學系,碩士班(日間),1,0,1,5.00
109,公立,一般大學,0001,國立政治大學,02322008,中國文學系,碩士班(日間),14,5,9,14.58
109,公立,一般大學,0001,國立政治大學,03111024,經濟學系,碩士班(日間),6,2,4,5.83
109,公立,一般大學,0001,國立政治大學,03122045,外交學系,碩士班(日間),2,0,2,2.38
109,公立,一般大學,0001,國立政治大學,03122046,國際研究英語碩士學位學程,碩士班(日間),1,0,1,2.22
109,公立,一般大學,0001,國立政治大學,03131033,輔導與諮商碩士學位學程,碩士班(日間),5,0,5,12.50
109,公立,一般大學,0001,國立政治大學,03211049,傳播學院傳播碩士學位學程,碩士班(日間),48,12,36,20.25
109,公立,一般大學,0001,國立政治大學,03211050,國際傳播英語碩士學位學程,碩士班(日間),1,0,1,1.89
109,公立,一般大學,0001,國立政治大學,03222054,圖書資訊與檔案學研究所,碩士班(日間),5,1,4,8.33
109,公立,一般大學,0001,國立政治大學,04111059,會計學系,碩士班(日間),12,6,6,9.16
109,公立,一般大學,0001,國立政治大學,04121065,財務管理學系,碩士班(日間),2,0,2,2.78
109,公立,一般大學,0001,國立政治大學,04121068,金融學系,碩士班(日間),14,4,10,16.87
109,公立,一般大學,0001,國立政治大學,04122070,財政學系,碩士班(日間),1,1,0,1.28
109,公立,一般大學,0001,國立政治大學,04123069,風險管理與保險學系,碩士班(日間),3,1,2,4.29
109,公立,一般大學,0001,國立政治大學,04131060,企業管理研究所(MBA學位學程),碩士班(日間),2,2,0,0.79
109,公立,一般大學,0001,國立政治大學,05411078,應用數學系,碩士班(日間),2,2,0,3.57
109,公立,一般大學,0001,國立政治大學,06134057,數位內容碩士學位學程,碩士班(日間),11,5,6,21.57
109,公立,一般大學,0001,國立政治大學,06131081,資訊科學系,碩士班(日間),4,2,2,3.20
109,公立,一般大學,0001,國立政治大學,09231084,社會工作研究所,碩士班(日間),5,1,4,7.58
109,公立,一般大學,0002,國立清華大學,04199023,科技管理學院學士班,學士班(日間),5,0,5,1.84
109,公立,一般大學,0002,國立清華大學,05411043,數學系,學士班(日間),2,0,2,0.72
109,公立,一般大學,0002,國立清華大學,07141055,電機資訊學院學士班,學士班(日間),4,3,1,2.29
109,公立,一般大學,0002,國立清華大學,01111084,教育與學習科技學系,博士班,6,1,5,10.53
109,公立,一般大學,0002,國立清華大學,02221006,歷史研究所,博士班,3,3,0,17.65
109,公立,一般大學,0002,國立清華大學,02321001,台灣文學研究所,博士班,5,1,4,25.00
109,公立,一般大學,0002,國立清華大學,03141012,社會學研究所,博士班,4,3,1,23.53
109,公立,一般大學,0002,國立清華大學,06134046,資訊系統與應用研究所,博士班,1,1,0,3.85
109,公立,一般大學,0002,國立清華大學,05399042,理學院學士班,學士班(日間),1,1,0,0.84
109,公立,一般大學,0002,國立清華大學,06131053,資訊工程學系,學士班(日間),1,1,0,0.17
109,公立,一般大學,0002,國立清華大學,02322003,中國文學系,博士班,6,2,4,12.50
109,公立,一般大學,0002,國立清華大學,02399005,語言學研究所,博士班,3,0,3,21.43
109,公立,一般大學,0002,國立清華大學,03111011,經濟學系,博士班,3,1,2,23.08
109,公立,一般大學,0002,國立清華大學,03131077,教育心理與諮商學系,博士班,1,0,1,7.14
109,公立,一般大學,0002,國立清華大學,04121020,計量財務金融學系,博士班,1,1,0,20.00
109,公立,一般大學,0002,國立清華大學,04199017,科技管理研究所,博士班,6,1,5,23.08
109,公立,一般大學,0002,國立清華大學,05121026,生物科技研究所,博士班,1,1,0,2.50
109,公立,一般大學,0002,國立清華大學,05121030,生物資訊與結構生物研究所,博士班,1,1,0,2.17
109,公立,一般大學,0002,國立清華大學,05331038,物理學系,博士班,2,1,1,2.94
109,公立,一般大學,0002,國立清華大學,05411043,數學系,博士班,1,1,0,7.14
109,公立,一般大學,0002,國立清華大學,06131053,資訊工程學系,博士班,2,1,1,3.51
109,公立,一般大學,0002,國立清華大學,07112058,材料科學工程學系,博士班,4,3,1,2.96
109,公立,一般大學,0002,國立清華大學,07131068,核子工程與科學研究所,博士班,1,1,0,5.26
109,公立,一般大學,0002,國立清華大學,07141050,電子工程研究所,博士班,3,3,0,7.89
109,公立,一般大學,0002,國立清華大學,07141054,通訊工程研究所,博士班,4,4,0,16.67
109,公立,一般大學,0002,國立清華大學,07151056,動力機械工程學系,博士班,1,1,0,1.16
109,公立,一般大學,0002,國立清華大學,07191061,工業工程與工程管理學系,博士班,3,3,0,6.98
109,公立,一般大學,0002,國立清華大學,07194066,工程與系統科學系,博士班,2,2,0,2.27
109,公立,一般大學,0002,國立清華大學,01111084,教育與學習科技學系,碩士班(日間),1,1,0,0.78
109,公立,一般大學,0002,國立清華大學,01121091,幼兒教育學系,碩士班(日間),8,0,8,12.70
109,公立,一般大學,0002,國立清華大學,01131085,數理教育研究所,碩士班(日間),1,0,1,1.41
109,公立,一般大學,0002,國立清華大學,01131105,英語教學系,碩士班(日間),3,0,3,8.57
109,公立,一般大學,0002,國立清華大學,01141127,運動科學系,碩士班(日間),9,5,4,17.31
109,公立,一般大學,0002,國立清華大學,02131098,藝術與設計學系,碩士班(日間),2,2,0,2.47
109,公立,一般大學,0002,國立清華大學,02222007,人類學研究所,碩士班(日間),1,0,1,2.63
109,公立,一般大學,0002,國立清華大學,02231008,哲學研究所,碩士班(日間),2,1,1,8.70
109,公立,一般大學,0002,國立清華大學,02299009,亞際文化研究國際碩士學位學程(台灣聯合大學系統),碩士班(日間),2,1,1,25.00
109,公立,一般大學,0002,國立清華大學,02321001,台灣文學研究所,碩士班(日間),4,2,2,9.09
109,公立,一般大學,0002,國立清華大學,03141012,社會學研究所,碩士班(日間),8,3,5,10.81
109,公立,一般大學,0002,國立清華大學,03199111,學習科學與科技研究所,碩士班(日間),1,1,0,1.47
109,公立,一般大學,0002,國立清華大學,04131018,國際專業管理碩士班,碩士班(日間),1,1,0,1.52
109,公立,一般大學,0002,國立清華大學,04199017,科技管理研究所,碩士班(日間),4,1,3,6.90
109,公立,一般大學,0002,國立清華大學,07111057,化學工程學系,博士班,2,1,1,1.94
109,公立,一般大學,0002,國立清華大學,07141049,電機工程學系,博士班,1,1,0,1.22
109,公立,一般大學,0002,國立清華大學,07193063,生醫工程與環境科學系,博士班,2,1,1,3.70
109,公立,一般大學,0002,國立清華大學,99999074,跨院國際博士班學位學程,博士班,7,1,6,7.29
109,公立,一般大學,0002,國立清華大學,02151096,音樂學系,碩士班(日間),3,1,2,4.05
109,公立,一般大學,0002,國立清華大學,02221006,歷史研究所,碩士班(日間),4,1,3,11.11
109,公立,一般大學,0002,國立清華大學,02311002,外國語文學系,碩士班(日間),3,0,3,9.68
109,公立,一般大學,0002,國立清華大學,02322003,中國文學系,碩士班(日間),18,3,15,22.22
109,公立,一般大學,0002,國立清華大學,02399005,語言學研究所,碩士班(日間),2,2,0,4.35
109,公立,一般大學,0002,國立清華大學,03111011,經濟學系,碩士班(日間),8,3,5,15.69
109,公立,一般大學,0002,國立清華大學,03131077,教育心理與諮商學系,碩士班(日間),3,0,3,2.08
109,公立,一般大學,0002,國立清華大學,04121020,計量財務金融學系,碩士班(日間),6,3,3,14.29
109,公立,一般大學,0002,國立清華大學,06131053,資訊工程學系,碩士班(日間),8,6,2,2.04
109,公立,一般大學,0002,國立清華大學,06134046,資訊系統與應用研究所,碩士班(日間),10,9,1,7.09
109,公立,一般大學,0002,國立清華大學,07111057,化學工程學系,碩士班(日間),1,1,0,0.61
109,公立,一般大學,0002,國立清華大學,07112058,材料科學工程學系,碩士班(日間),2,2,0,0.73
109,公立,一般大學,0002,國立清華大學,07141049,電機工程學系,碩士班(日間),8,8,0,1.99
109,公立,一般大學,0002,國立清華大學,07141052,光電工程研究所,碩士班(日間),1,1,0,0.76
109,公立,一般大學,0002,國立清華大學,07141054,通訊工程研究所,碩士班(日間),2,1,1,1.23
109,公立,一般大學,0002,國立清華大學,07151056,動力機械工程學系,碩士班(日間),12,10,2,4.10
109,公立,一般大學,0002,國立清華大學,07191061,工業工程與工程管理學系,碩士班(日間),3,2,1,1.60
109,公立,一般大學,0002,國立清華大學,07193063,生醫工程與環境科學系,碩士班(日間),9,6,3,7.83
109,公立,一般大學,0002,國立清華大學,07194066,工程與系統科學系,碩士班(日間),1,1,0,0.57
109,公立,一般大學,0002,國立清華大學,99999074,跨院國際碩士學位學程,碩士班(日間),5,2,3,12.50
109,公立,一般大學,0002,國立清華大學,04199022,服務科學研究所,碩士班(日間),1,1,0,1.92
109,公立,一般大學,0002,國立清華大學,04212024,科技法律研究所,碩士班(日間),11,4,7,10.00
109,公立,一般大學,0002,國立清華大學,05121026,生物科技研究所,碩士班(日間),3,0,3,5.26
109,公立,一般大學,0002,國立清華大學,05121030,生物資訊與結構生物研究所,碩士班(日間),2,2,0,3.39
109,公立,一般大學,0002,國立清華大學,05199033,系統神經科學研究所,碩士班(日間),1,0,1,4.00
109,公立,一般大學,0002,國立清華大學,05211102,環境與文化資源學系,碩士班(日間),4,3,1,9.09
109,公立,一般大學,0002,國立清華大學,05332039,天文研究所,碩士班(日間),1,0,1,5.88
109,公立,一般大學,0002,國立清華大學,05411043,數學系,碩士班(日間),3,3,0,5.88
109,公立,一般大學,0002,國立清華大學,05411115,計算與建模科學研究所,碩士班(日間),2,2,0,8.00
109,公立,一般大學,0002,國立清華大學,05421044,統計學研究所,碩士班(日間),1,1,0,1.89
109,公立,一般大學,0002,國立清華大學,07131068,核子工程與科學研究所,碩士班(日間),1,0,1,2.56
109,公立,一般大學,0002,國立清華大學,07141050,電子工程研究所,碩士班(日間),4,4,0,1.98
109,公立,一般大學,0003,國立臺灣大學,02152003,戲劇學系,學士班(日間),1,0,1,0.57
109,公立,一般大學,0003,國立臺灣大學,03131019,心理學系,學士班(日間),1,0,1,0.33
109,公立,一般大學,0003,國立臺灣大學,03222025,圖書資訊學系,學士班(日間),1,0,1,0.49
109,公立,一般大學,0003,國立臺灣大學,05311051,化學系,學士班(日間),1,1,0,0.38
109,公立,一般大學,0003,國立臺灣大學,06131062,資訊管理學系,學士班(日間),1,0,1,0.46
109,公立,一般大學,0003,國立臺灣大學,08194094,植物病理與微生物學系,學士班(日間),1,0,1,0.87
109,公立,一般大學,0003,國立臺灣大學,02151002,音樂學研究所,博士班,1,1,0,7.69
109,公立,一般大學,0003,國立臺灣大學,02222013,人類學系,博士班,2,1,1,14.29
109,公立,一般大學,0003,國立臺灣大學,04111027,會計學系,博士班,1,0,1,6.67
109,公立,一般大學,0003,國立臺灣大學,04131026,商學研究所,博士班,1,0,1,2.33
109,公立,一般大學,0003,國立臺灣大學,04211035,法律學系,博士班,1,0,1,2.27
109,公立,一般大學,0003,國立臺灣大學,05311051,化學系,博士班,6,4,2,4.96
109,公立,一般大學,0003,國立臺灣大學,05322056,大氣科學系,博士班,1,1,0,3.03
109,公立,一般大學,0003,國立臺灣大學,05331054,物理學系,博士班,2,2,0,1.82
109,公立,一般大學,0003,國立臺灣大學,05322056,大氣科學系,學士班(日間),1,0,1,0.70
109,公立,一般大學,0003,國立臺灣大學,08111087,農藝學系,學士班(日間),1,1,0,0.65
109,公立,一般大學,0003,國立臺灣大學,08121091,園藝暨景觀學系,學士班(日間),1,0,1,0.51
109,公立,一般大學,0003,國立臺灣大學,08191100,農業化學系,學士班(日間),1,1,0,0.64
109,公立,一般大學,0003,國立臺灣大學,08193096,農業經濟學系,學士班(日間),1,1,0,0.52
109,公立,一般大學,0003,國立臺灣大學,09191122,公共衛生學系,學士班(日間),1,1,0,0.63
109,公立,一般大學,0003,國立臺灣大學,02221012,歷史學系,博士班,3,1,2,6.82
109,公立,一般大學,0003,國立臺灣大學,02322006,中國文學系,博士班,1,1,0,2.13
109,公立,一般大學,0003,國立臺灣大學,03111015,經濟學系,博士班,1,0,1,4.35
109,公立,一般大學,0003,國立臺灣大學,03121016,政治學系,博士班,4,1,3,10.81
109,公立,一般大學,0003,國立臺灣大學,03191023,國家發展研究所,博士班,3,2,1,6.00
109,公立,一般大學,0003,國立臺灣大學,03222025,圖書資訊學系,博士班,2,2,0,10.00
109,公立,一般大學,0003,國立臺灣大學,04131031,國際企業學系,博士班,2,2,0,4.55
109,公立,一般大學,0003,國立臺灣大學,06131062,資訊管理學系,博士班,1,1,0,4.55
109,公立,一般大學,0003,國立臺灣大學,06131063,資訊網路與多媒體研究所,博士班,1,0,1,2.13
109,公立,一般大學,0003,國立臺灣大學,06131067,資訊工程學系,博士班,1,1,0,0.80
109,公立,一般大學,0003,國立臺灣大學,07111077,高分子科學與工程學研究所,博士班,2,2,0,5.26
109,公立,一般大學,0003,國立臺灣大學,07121080,環境工程學研究所,博士班,1,1,0,1.75
109,公立,一般大學,0003,國立臺灣大學,07151082,工程科學及海洋工程學系,博士班,1,1,0,3.03
109,公立,一般大學,0003,國立臺灣大學,07313086,建築與城鄉研究所,博士班,4,2,2,12.90
109,公立,一般大學,0003,國立臺灣大學,08193098,生物產業傳播暨發展學系,博士班,2,0,2,9.52
109,公立,一般大學,0003,國立臺灣大學,08211102,森林環境暨資源學系,博士班,1,1,0,4.35
109,公立,一般大學,0003,國立臺灣大學,09161129,藥學系,博士班,1,1,0,6.67
109,公立,一般大學,0003,國立臺灣大學,09191127,健康政策與管理研究所,博士班,1,0,1,2.17
109,公立,一般大學,0003,國立臺灣大學,09231144,社會工作學系,博士班,2,2,0,8.70
109,公立,一般大學,0003,國立臺灣大學,01131001,華語教學碩士學位學程,碩士班(日間),3,0,3,5.88
109,公立,一般大學,0003,國立臺灣大學,02151002,音樂學研究所,碩士班(日間),2,0,2,7.14
109,公立,一般大學,0003,國立臺灣大學,02222013,人類學系,碩士班(日間),6,1,5,17.14
109,公立,一般大學,0003,國立臺灣大學,02311007,外國語文學系,碩士班(日間),2,0,2,2.82
109,公立,一般大學,0003,國立臺灣大學,02311009,日本語文學系,碩士班(日間),3,0,3,6.38
109,公立,一般大學,0003,國立臺灣大學,02321005,臺灣文學研究所,碩士班(日間),1,0,1,2.63
109,公立,一般大學,0003,國立臺灣大學,02399011,語言學研究所,碩士班(日間),2,2,0,5.88
109,公立,一般大學,0003,國立臺灣大學,03121016,政治學系,碩士班(日間),13,10,3,9.92
109,公立,一般大學,0003,國立臺灣大學,03131019,心理學系,碩士班(日間),4,1,3,3.48
109,公立,一般大學,0003,國立臺灣大學,05121046,分子與細胞生物學研究所,博士班,2,2,0,16.67
109,公立,一般大學,0003,國立臺灣大學,05321052,地質科學系,博士班,1,0,1,2.13
109,公立,一般大學,0003,國立臺灣大學,07112078,材料科學與工程學系,博士班,3,3,0,3.49
109,公立,一般大學,0003,國立臺灣大學,07141064,電機工程學系,博士班,4,4,0,5.00
109,公立,一般大學,0003,國立臺灣大學,07141065,電子工程學研究所,博士班,3,3,0,2.73
109,公立,一般大學,0003,國立臺灣大學,07141066,光電工程學研究所,博士班,3,2,1,5.56
109,公立,一般大學,0003,國立臺灣大學,07141068,電信工程學研究所,博士班,2,2,0,2.56
109,公立,一般大學,0003,國立臺灣大學,07151069,機械工程學系,博士班,1,1,0,0.86
109,公立,一般大學,0003,國立臺灣大學,07191079,工業工程學研究所,博士班,3,3,0,16.67
109,公立,一般大學,0003,國立臺灣大學,07193081,生醫電子與資訊學研究所,博士班,2,2,0,2.60
109,公立,一般大學,0003,國立臺灣大學,08121091,園藝暨景觀學系,博士班,1,0,1,2.94
109,公立,一般大學,0003,國立臺灣大學,08311103,漁業科學研究所,博士班,1,1,0,6.25
109,公立,一般大學,0003,國立臺灣大學,08411104,獸醫學系,博士班,1,0,1,3.45
109,公立,一般大學,0003,國立臺灣大學,03141018,社會學系,碩士班(日間),3,0,3,6.98
109,公立,一般大學,0003,國立臺灣大學,03191023,國家發展研究所,碩士班(日間),5,3,2,2.38
109,公立,一般大學,0003,國立臺灣大學,03212024,新聞研究所,碩士班(日間),14,4,10,14.29
109,公立,一般大學,0003,國立臺灣大學,03222025,圖書資訊學系,碩士班(日間),5,1,4,9.26
109,公立,一般大學,0003,國立臺灣大學,04131026,商學研究所,碩士班(日間),5,1,4,3.65
109,公立,一般大學,0003,國立臺灣大學,04131028,管理學院企業管理碩士專班,碩士班(日間),1,1,0,0.61
109,公立,一般大學,0003,國立臺灣大學,04134022,公共事務研究所,碩士班(日間),5,1,4,8.33
109,公立,一般大學,0003,國立臺灣大學,04211035,法律學系,碩士班(日間),18,10,8,3.63
109,公立,一般大學,0003,國立臺灣大學,05111038,生命科學系,碩士班(日間),3,0,3,4.05
109,公立,一般大學,0003,國立臺灣大學,05121044,生物科技研究所,碩士班(日間),4,0,4,11.11
109,公立,一般大學,0003,國立臺灣大學,05311051,化學系,碩士班(日間),1,1,0,0.48
109,公立,一般大學,0003,國立臺灣大學,05321052,地質科學系,碩士班(日間),1,1,0,1.25
109,公立,一般大學,0003,國立臺灣大學,06131063,資訊網路與多媒體研究所,碩士班(日間),8,4,4,6.96
109,公立,一般大學,0003,國立臺灣大學,07121080,環境工程學研究所,碩士班(日間),6,4,2,5.31
109,公立,一般大學,0003,國立臺灣大學,07141066,光電工程學研究所,碩士班(日間),6,4,2,2.21
109,公立,一般大學,0003,國立臺灣大學,07141068,電信工程學研究所,碩士班(日間),2,2,0,0.63
109,公立,一般大學,0003,國立臺灣大學,07151069,機械工程學系,碩士班(日間),13,10,3,3.07
109,公立,一般大學,0003,國立臺灣大學,07151082,工程科學及海洋工程學系,碩士班(日間),6,4,2,2.74
109,公立,一般大學,0003,國立臺灣大學,07194071,應用力學研究所,碩士班(日間),1,1,0,0.58
109,公立,一般大學,0003,國立臺灣大學,07211099,食品科技研究所,碩士班(日間),8,2,6,8.79
109,公立,一般大學,0003,國立臺灣大學,09191162,環境與職業健康科學研究所,博士班,1,1,0,2.63
109,公立,一般大學,0003,國立臺灣大學,02152003,戲劇學系,碩士班(日間),8,1,7,25.00
109,公立,一般大學,0003,國立臺灣大學,02191004,藝術史研究所,碩士班(日間),4,3,1,10.26
109,公立,一般大學,0003,國立臺灣大學,02221012,歷史學系,碩士班(日間),7,5,2,8.64
109,公立,一般大學,0003,國立臺灣大學,02231014,哲學系,碩士班(日間),7,4,3,17.95
109,公立,一般大學,0003,國立臺灣大學,02312010,翻譯碩士學位學程,碩士班(日間),1,1,0,2.04
109,公立,一般大學,0003,國立臺灣大學,02322006,中國文學系,碩士班(日間),9,4,5,10.84
109,公立,一般大學,0003,國立臺灣大學,03111015,經濟學系,碩士班(日間),6,4,2,4.72
109,公立,一般大學,0003,國立臺灣大學,03142021,地理環境資源學系,碩士班(日間),4,3,1,6.35
109,公立,一般大學,0003,國立臺灣大學,04111027,會計學系,碩士班(日間),3,0,3,2.70
109,公立,一般大學,0003,國立臺灣大學,04121032,財務金融學系,碩士班(日間),6,4,2,4.35
109,公立,一般大學,0003,國立臺灣大學,04131031,國際企業學系,碩士班(日間),6,1,5,4.41
109,公立,一般大學,0003,國立臺灣大學,05111040,植物科學研究所,碩士班(日間),2,1,1,3.33
109,公立,一般大學,0003,國立臺灣大學,05121045,生化科學研究所,碩士班(日間),4,1,3,7.27
109,公立,一般大學,0003,國立臺灣大學,05121046,分子與細胞生物學研究所,碩士班(日間),1,0,1,1.85
109,公立,一般大學,0003,國立臺灣大學,05121151,生化科技學系,碩士班(日間),2,0,2,1.82
109,公立,一般大學,0003,國立臺灣大學,05321053,氣候變遷與永續發展國際碩士學位學程,碩士班(日間),1,0,1,2.86
109,公立,一般大學,0003,國立臺灣大學,05331054,物理學系,碩士班(日間),8,7,1,4.10
109,公立,一般大學,0003,國立臺灣大學,06131062,資訊管理學系,碩士班(日間),3,0,3,2.42
109,公立,一般大學,0003,國立臺灣大學,06131067,資訊工程學系,碩士班(日間),17,12,5,4.93
109,公立,一般大學,0003,國立臺灣大學,07111076,化學工程學系,碩士班(日間),4,3,1,1.77
109,公立,一般大學,0003,國立臺灣大學,07112078,材料科學與工程學系,碩士班(日間),1,0,1,0.69
109,公立,一般大學,0003,國立臺灣大學,07141064,電機工程學系,碩士班(日間),12,12,0,5.61
109,公立,一般大學,0003,國立臺灣大學,08112089,動物科學技術學系,碩士班(日間),1,1,0,1.85
109,公立,一般大學,0003,國立臺灣大學,08121091,園藝暨景觀學系,碩士班(日間),4,1,3,3.36
109,公立,一般大學,0003,國立臺灣大學,08193096,農業經濟學系,碩士班(日間),6,3,3,6.52
109,公立,一般大學,0003,國立臺灣大學,08193098,生物產業傳播暨發展學系,碩士班(日間),2,0,2,6.25
109,公立,一般大學,0003,國立臺灣大學,08211102,森林環境暨資源學系,碩士班(日間),1,0,1,0.87
109,公立,一般大學,0003,國立臺灣大學,09111139,口腔生物科學研究所,碩士班(日間),2,0,2,5.56
109,公立,一般大學,0003,國立臺灣大學,09121142,腦與心智科學研究所,碩士班(日間),1,0,1,2.70
109,公立,一般大學,0003,國立臺灣大學,09191126,流行病學與預防醫學研究所,碩士班(日間),2,0,2,2.33
109,公立,一般大學,0003,國立臺灣大學,09191127,健康政策與管理研究所,碩士班(日間),4,1,3,6.35
109,公立,一般大學,0003,國立臺灣大學,09191128,健康行為與社區科學研究所,碩士班(日間),2,1,1,5.56
109,公立,一般大學,0003,國立臺灣大學,09231144,社會工作學系,碩士班(日間),2,0,2,3.28
109,公立,一般大學,0003,國立臺灣大學,07141065,電子工程學研究所,碩士班(日間),10,6,4,2.45
109,公立,一般大學,0003,國立臺灣大學,07193081,生醫電子與資訊學研究所,碩士班(日間),5,3,2,4.35
109,公立,一般大學,0003,國立臺灣大學,07313086,建築與城鄉研究所,碩士班(日間),19,5,14,13.67
109,公立,一般大學,0003,國立臺灣大學,07321074,土木工程學系,碩士班(日間),18,14,4,4.95
109,公立,一般大學,0003,國立臺灣大學,08194094,植物病理與微生物學系,碩士班(日間),1,0,1,1.96
109,公立,一般大學,0003,國立臺灣大學,08311103,漁業科學研究所,碩士班(日間),1,1,0,2.70
109,公立,一般大學,0003,國立臺灣大學,08411104,獸醫學系,碩士班(日間),2,2,0,6.25
109,公立,一般大學,0003,國立臺灣大學,09121048,微生物學研究所,碩士班(日間),1,0,1,1.25
109,公立,一般大學,0003,國立臺灣大學,09121110,免疫學研究所,碩士班(日間),2,0,2,6.45
109,公立,一般大學,0003,國立臺灣大學,09121112,病理學研究所,碩士班(日間),1,0,1,9.09
109,公立,一般大學,0003,國立臺灣大學,09141136,醫學檢驗暨生物技術學系,碩士班(日間),3,0,3,5.88
109,公立,一般大學,0003,國立臺灣大學,09161129,藥學系,碩士班(日間),1,0,1,1.79
109,公立,一般大學,0003,國立臺灣大學,09191122,公共衛生碩士學位學程,碩士班(日間),1,1,0,1.22
109,公立,一般大學,0003,國立臺灣大學,09199141,毒理學研究所,碩士班(日間),2,1,1,8.00
109,公立,一般大學,0003,國立臺灣大學,02221012,歷史學系,學士班(日間),1,0,1,0.40
109,公立,一般大學,0003,國立臺灣大學,02311007,外國語文學系,學士班(日間),1,0,1,0.18
109,公立,一般大學,0003,國立臺灣大學,04131031,國際企業學系,學士班(日間),1,0,1,0.26
109,公立,一般大學,0004,國立臺灣師範大學,02131023,美術學系,學士班(日間),3,1,2,1.54
109,公立,一般大學,0004,國立臺灣師範大學,04131051,企業管理學系,學士班(日間),1,0,1,0.41
109,公立,一般大學,0004,國立臺灣師範大學,05331061,物理學系,學士班(日間),1,1,0,0.38
109,公立,一般大學,0004,國立臺灣師範大學,01111001,教育學系,博士班,4,1,3,5.06
109,公立,一般大學,0004,國立臺灣師範大學,01141007,人類發展與家庭學系,博士班,2,1,1,5.88
109,公立,一般大學,0004,國立臺灣師範大學,02312034,翻譯研究所,博士班,1,1,0,2.63
109,公立,一般大學,0004,國立臺灣師範大學,03131003,教育心理與輔導學系,博士班,3,1,2,4.29
109,公立,一般大學,0004,國立臺灣師範大學,03143042,東亞學系,博士班,2,1,1,13.33
109,公立,一般大學,0004,國立臺灣師範大學,10152077,運動休閒與餐旅管理研究所,博士班,4,0,4,14.81
109,公立,一般大學,0004,國立臺灣師範大學,01113018,特殊教育學系,碩士班(日間),3,0,3,4.11
109,公立,一般大學,0004,國立臺灣師範大學,01114019,教育政策與行政研究所,碩士班(日間),1,1,0,1.96
109,公立,一般大學,0004,國立臺灣師範大學,01118010,工業教育學系,碩士班(日間),1,1,0,1.04
109,公立,一般大學,0004,國立臺灣師範大學,01131009,社會教育學系,碩士班(日間),4,1,3,5.26
109,公立,一般大學,0004,國立臺灣師範大學,01131017,健康促進與衛生教育學系,碩士班(日間),1,0,1,1.79
109,公立,一般大學,0004,國立臺灣師範大學,02112037,設計學系,碩士班(日間),5,2,3,6.49
109,公立,一般大學,0004,國立臺灣師範大學,02131023,美術學系,碩士班(日間),4,1,3,3.20
109,公立,一般大學,0004,國立臺灣師範大學,02311033,英語學系,學士班(日間),4,1,3,1.29
109,公立,一般大學,0004,國立臺灣師範大學,01113018,特殊教育學系,博士班,2,0,2,4.88
109,公立,一般大學,0004,國立臺灣師範大學,01115002,課程與教學研究所,博士班,1,0,1,2.78
109,公立,一般大學,0004,國立臺灣師範大學,01141015,體育學系,博士班,4,1,3,3.39
109,公立,一般大學,0004,國立臺灣師範大學,02112037,設計學系,博士班,7,2,5,23.33
109,公立,一般大學,0004,國立臺灣師範大學,02131023,美術學系,博士班,5,1,4,4.42
109,公立,一般大學,0004,國立臺灣師範大學,02151024,音樂學系,博士班,1,0,1,3.23
109,公立,一般大學,0004,國立臺灣師範大學,02313005,華語文教學系,博士班,4,0,4,8.51
109,公立,一般大學,0004,國立臺灣師範大學,02322029,國文學系,博士班,4,0,4,5.88
109,公立,一般大學,0004,國立臺灣師範大學,05411062,數學系,博士班,1,1,0,5.26
109,公立,一般大學,0004,國立臺灣師範大學,01111001,教育學系,碩士班(日間),3,1,2,4.29
109,公立,一般大學,0004,國立臺灣師範大學,01115002,課程與教學研究所,碩士班(日間),4,0,4,8.00
109,公立,一般大學,0004,國立臺灣師範大學,01141007,人類發展與家庭學系,碩士班(日間),4,0,4,5.19
109,公立,一般大學,0004,國立臺灣師範大學,02191026,藝術史研究所,碩士班(日間),6,2,4,13.33
109,公立,一般大學,0004,國立臺灣師範大學,02299045,歐洲文化與觀光研究所,碩士班(日間),1,1,0,2.33
109,公立,一般大學,0004,國立臺灣師範大學,02313005,華語文教學系,碩士班(日間),2,0,2,1.00
109,公立,一般大學,0004,國立臺灣師範大學,03131003,教育心理與輔導學系,碩士班(日間),3,0,3,2.61
109,公立,一般大學,0004,國立臺灣師範大學,03211048,大眾傳播研究所,碩士班(日間),6,3,3,6.59
109,公立,一般大學,0004,國立臺灣師範大學,04131052,管理研究所,碩士班(日間),1,1,0,1.11
109,公立,一般大學,0004,國立臺灣師範大學,09231071,社會工作學研究所,碩士班(日間),1,0,1,1.30
109,公立,一般大學,0004,國立臺灣師範大學,10152077,運動休閒與餐旅管理研究所,碩士班(日間),1,0,1,0.99
109,公立,一般大學,0004,國立臺灣師範大學,01141015,體育學系,碩士班(日間),3,2,1,1.96
109,公立,一般大學,0004,國立臺灣師範大學,02151024,音樂學系,碩士班(日間),3,0,3,2.27
109,公立,一般大學,0004,國立臺灣師範大學,02151025,民族音樂研究所,碩士班(日間),2,0,2,3.51
109,公立,一般大學,0004,國立臺灣師範大學,02152027,表演藝術研究所,碩士班(日間),2,1,1,2.38
109,公立,一般大學,0004,國立臺灣師範大學,02312034,翻譯研究所,碩士班(日間),5,0,5,5.56
109,公立,一般大學,0004,國立臺灣師範大學,02321028,臺灣語文學系,碩士班(日間),1,0,1,1.82
109,公立,一般大學,0004,國立臺灣師範大學,02322029,國文學系,碩士班(日間),5,1,4,4.85
109,公立,一般大學,0004,國立臺灣師範大學,03143042,東亞學系,碩士班(日間),1,1,0,1.61
109,公立,一般大學,0004,國立臺灣師範大學,03214050,圖文傳播學系,碩士班(日間),3,0,3,4.55
109,公立,一般大學,0004,國立臺灣師範大學,03222049,圖書資訊學研究所,碩士班(日間),1,0,1,1.72
109,公立,一般大學,0004,國立臺灣師範大學,04131047,全球經營與策略研究所,碩士班(日間),2,1,1,3.13
109,公立,一般大學,0004,國立臺灣師範大學,05111056,生命科學系,碩士班(日間),3,2,1,3.13
109,公立,一般大學,0004,國立臺灣師範大學,06131065,資訊工程學系,碩士班(日間),2,2,0,1.15
109,公立,一般大學,0004,國立臺灣師範大學,07151068,機電工程學系,碩士班(日間),1,1,0,1.54
109,公立,一般大學,0004,國立臺灣師範大學,01111001,教育學系,學士班(日間),4,0,4,1.50
109,公立,一般大學,0004,國立臺灣師範大學,01141007,人類發展與家庭學系,學士班(日間),1,0,1,0.32
109,公立,一般大學,0005,國立成功大學,04111120,會計學系,學士班(日間),1,0,1,0.36
109,公立,一般大學,0005,國立成功大學,03121115,政治學系政治經濟學博士班,博士班,3,3,0,10.34
109,公立,一般大學,0005,國立成功大學,04121126,財務金融研究所,博士班,1,1,0,25.00
109,公立,一般大學,0005,國立成功大學,04199057,工業與資訊管理學系,博士班,1,0,1,5.56
109,公立,一般大學,0005,國立成功大學,07151042,機械工程學系,博士班,2,2,0,3.45
109,公立,一般大學,0005,國立成功大學,02122112,創意產業設計研究所,碩士班(日間),6,0,6,9.84
109,公立,一般大學,0005,國立成功大學,02221110,歷史學系,碩士班(日間),1,1,0,2.17
109,公立,一般大學,0005,國立成功大學,06131036,資訊工程學系,學士班(日間),2,1,1,0.43
109,公立,一般大學,0005,國立成功大學,07311075,建築學系,學士班(日間),2,0,2,0.68
109,公立,一般大學,0005,國立成功大學,07313076,都市計劃學系,學士班(日間),1,0,1,0.53
109,公立,一般大學,0005,國立成功大學,10411098,交通管理科學系,學士班(日間),1,0,1,0.47
109,公立,一般大學,0005,國立成功大學,02122112,創意產業設計研究所,博士班,6,2,4,13.95
109,公立,一般大學,0005,國立成功大學,02123113,工業設計學系,博士班,10,3,7,16.39
109,公立,一般大學,0005,國立成功大學,02221110,歷史學系,博士班,2,1,1,7.69
109,公立,一般大學,0005,國立成功大學,02311108,外國語文學系,博士班,3,1,2,17.65
109,公立,一般大學,0005,國立成功大學,02322107,中國文學系,博士班,3,2,1,8.57
109,公立,一般大學,0005,國立成功大學,04212001,法律學系,博士班,3,1,2,13.64
109,公立,一般大學,0005,國立成功大學,02222111,考古學研究所,碩士班(日間),1,0,1,2.33
109,公立,一般大學,0005,國立成功大學,02322107,中國文學系現代文學碩士班,碩士班(日間),2,0,2,6.45
109,公立,一般大學,0005,國立成功大學,03121115,政治學系政治經濟學碩士班,碩士班(日間),1,1,0,2.86
109,公立,一般大學,0005,國立成功大學,04111120,會計學系,碩士班(日間),2,0,2,2.20
109,公立,一般大學,0005,國立成功大學,04131121,企業管理學系,碩士班(日間),3,1,2,2.29
109,公立,一般大學,0005,國立成功大學,04212001,法律學系,碩士班(日間),3,1,2,1.80
109,公立,一般大學,0005,國立成功大學,05111003,生命科學系,碩士班(日間),2,1,1,3.13
109,公立,一般大學,0005,國立成功大學,05321019,地球科學系,碩士班(日間),1,0,1,1.67
109,公立,一般大學,0005,國立成功大學,06131030,資訊管理研究所,碩士班(日間),1,1,0,1.52
109,公立,一般大學,0005,國立成功大學,06131036,資訊工程學系,碩士班(日間),6,6,0,2.21
109,公立,一般大學,0005,國立成功大學,07112063,材料科學及工程學系,碩士班(日間),1,1,0,0.40
109,公立,一般大學,0005,國立成功大學,07141071,工程科學系,碩士班(日間),1,1,0,0.49
109,公立,一般大學,0005,國立成功大學,07193061,生物醫學工程學系,碩士班(日間),1,1,0,1.05
109,公立,一般大學,0005,國立成功大學,07311075,建築學系,碩士班(日間),4,0,4,2.16
109,公立,一般大學,0005,國立成功大學,07313076,都市計劃學系,碩士班(日間),6,4,2,5.36
109,公立,一般大學,0005,國立成功大學,07321049,土木工程學系,碩士班(日間),6,3,3,2.23
109,公立,一般大學,0005,國立成功大學,06131036,資訊工程學系,博士班,6,3,3,7.23
109,公立,一般大學,0005,國立成功大學,07141032,電機工程學系,博士班,1,1,0,0.87
109,公立,一般大學,0005,國立成功大學,07311075,建築學系,博士班,2,2,0,3.64
109,公立,一般大學,0005,國立成功大學,07313076,都市計劃學系,博士班,2,2,0,11.11
109,公立,一般大學,0005,國立成功大學,07321049,土木工程學系,博士班,1,0,1,2.63
109,公立,一般大學,0005,國立成功大學,01111103,教育研究所,碩士班(日間),3,2,1,5.88
109,公立,一般大學,0005,國立成功大學,02123113,工業設計學系,碩士班(日間),9,6,3,9.57
109,公立,一般大學,0005,國立成功大學,02152051,戲劇碩士學位學程,碩士班(日間),4,1,3,16.67
109,公立,一般大學,0005,國立成功大學,02191104,藝術研究所,碩士班(日間),7,2,5,13.46
109,公立,一般大學,0005,國立成功大學,02311108,外國語文學系,碩士班(日間),2,0,2,4.65
109,公立,一般大學,0005,國立成功大學,02322107,中國文學系中國文學碩士班,碩士班(日間),4,1,3,8.33
109,公立,一般大學,0005,國立成功大學,03111114,經濟學系,碩士班(日間),2,2,0,6.45
109,公立,一般大學,0005,國立成功大學,03131117,心理學系,碩士班(日間),4,4,0,8.70
109,公立,一般大學,0005,國立成功大學,04131122,經營管理碩士學位學程(AMBA),碩士班(日間),1,0,1,2.27
109,公立,一般大學,0005,國立成功大學,04131124,國際企業研究所,碩士班(日間),1,0,1,1.56
109,公立,一般大學,0005,國立成功大學,05111132,熱帶植物與微生物科學研究所,碩士班(日間),1,0,1,5.00
109,公立,一般大學,0005,國立成功大學,06131037,電腦與通信工程研究所,碩士班(日間),4,4,0,1.65
109,公立,一般大學,0005,國立成功大學,09191079,公共衛生研究所,碩士班(日間),2,0,2,5.56
109,公立,一般大學,0005,國立成功大學,09191085,環境醫學研究所,碩士班(日間),2,0,2,3.85
109,公立,一般大學,0005,國立成功大學,10411098,交通管理科學系,碩士班(日間),4,3,1,5.06
109,公立,一般大學,0005,國立成功大學,02311108,外國語文學系,學士班(日間),1,0,1,0.34
109,公立,一般大學,0005,國立成功大學,03111114,經濟學系,學士班(日間),1,0,1,0.41
109,公立,一般大學,0005,國立成功大學,03131117,心理學系,學士班(日間),2,0,2,0.71
109,公立,一般大學,0005,國立成功大學,07151042,機械工程學系,學士班(日間),3,3,0,0.48
109,公立,一般大學,0005,國立成功大學,06131095,醫學資訊研究所,碩士班(日間),2,2,0,6.06
109,公立,一般大學,0005,國立成功大學,07121070,環境工程學系,碩士班(日間),1,0,1,1.01
109,公立,一般大學,0005,國立成功大學,07141035,光電科學與工程學系,碩士班(日間),1,1,0,0.61
109,公立,一般大學,0005,國立成功大學,07141041,製造資訊與系統研究所,碩士班(日間),1,1,0,1.52
109,公立,一般大學,0005,國立成功大學,07151042,機械工程學系,碩士班(日間),1,1,0,0.27
109,公立,一般大學,0005,國立成功大學,09111096,口腔醫學研究所,碩士班(日間),1,0,1,3.70
109,公立,一般大學,0005,國立成功大學,09151082,物理治療學系,碩士班(日間),3,0,3,9.38
109,公立,一般大學,0005,國立成功大學,10152097,體育健康與休閒研究所,碩士班(日間),4,2,2,8.51
109,公立,一般大學,0006,國立中興大學,06131043,資訊管理學系,學士班(日間),2,2,0,1.44
109,公立,一般大學,0006,國立中興大學,07121059,環境工程學系,學士班(日間),1,1,0,0.50
109,公立,一般大學,0006,國立中興大學,07121059,環境工程學系,博士班,1,1,0,4.00
109,公立,一般大學,0006,國立中興大學,02311006,外國語文學系,碩士班(日間),1,0,1,3.70
109,公立,一般大學,0006,國立中興大學,02322005,中國文學系,碩士班(日間),2,1,1,3.51
109,公立,一般大學,0006,國立中興大學,04134011,國家政策與公共事務研究所,碩士班(日間),2,1,1,6.90
109,公立,一般大學,0006,國立中興大學,04199021,科技管理研究所電子商務碩士班,碩士班(日間),1,0,1,3.03
109,公立,一般大學,0006,國立中興大學,05123034,生物化學研究所,碩士班(日間),2,1,1,5.88
109,公立,一般大學,0006,國立中興大學,07141045,電機工程學系,碩士班(日間),1,0,1,0.55
109,公立,一般大學,0006,國立中興大學,07193060,生醫工程研究所,碩士班(日間),2,2,0,6.67
109,公立,一般大學,0006,國立中興大學,08411087,獸醫學系,學士班(日間),4,0,4,0.99
109,公立,一般大學,0006,國立中興大學,04121019,財務金融學系,博士班,2,1,1,11.11
109,公立,一般大學,0006,國立中興大學,08411087,獸醫學系,博士班,1,0,1,3.33
109,公立,一般大學,0006,國立中興大學,04143020,行銷學系,碩士班(日間),3,1,2,5.77
109,公立,一般大學,0006,國立中興大學,08411087,獸醫學系,碩士班(日間),3,2,1,4.23
109,公立,一般大學,0006,國立中興大學,02221007,歷史學系,學士班(日間),2,2,0,0.86
109,公立,一般大學,0006,國立中興大學,04121019,財務金融學系,學士班(日間),1,1,0,0.41
109,公立,一般大學,0006,國立中興大學,04131016,企業管理學系,學士班(日間),1,1,0,0.40
109,公立,一般大學,0006,國立中興大學,07112057,材料科學與工程學系,學士班(日間),1,1,0,0.53
109,公立,一般大學,0006,國立中興大學,07321054,土木工程學系,學士班(日間),1,1,0,0.28
109,公立,一般大學,0006,國立中興大學,08193078,國際農企業學士學位學程,學士班(日間),1,1,0,1.10
109,公立,一般大學,0006,國立中興大學,02322005,中國文學系,博士班,4,2,2,11.43
109,公立,一般大學,0006,國立中興大學,05121033,分子生物學研究所,碩士班(日間),1,0,1,1.92
109,公立,一般大學,0006,國立中興大學,07321054,土木工程學系,碩士班(日間),3,3,0,3.41
109,公立,一般大學,0007,國立陽明交通大學,04121020,資訊管理與財務金融學系,學士班(日間),2,1,1,1.15
109,公立,一般大學,0007,國立陽明交通大學,05331041,電子物理學系,學士班(日間),1,1,0,0.48
109,公立,一般大學,0007,國立陽明交通大學,06131058,資訊工程學系,學士班(日間),2,1,1,0.25
109,公立,一般大學,0007,國立陽明交通大學,02122004,應用藝術研究所,博士班,4,2,2,15.38
109,公立,一般大學,0007,國立陽明交通大學,04212027,科技法律研究所,博士班,1,1,0,5.56
109,公立,一般大學,0007,國立陽明交通大學,07321071,土木工程學系,博士班,1,1,0,2.22
109,公立,一般大學,0007,國立陽明交通大學,02122004,應用藝術研究所,碩士班(日間),5,2,3,5.81
109,公立,一般大學,0007,國立陽明交通大學,02299009,亞際文化研究國際碩士學位學程(台灣聯合大學系統),碩士班(日間),1,0,1,5.26
109,公立,一般大學,0007,國立陽明交通大學,02299010,社會與文化研究所,碩士班(日間),3,1,2,8.33
109,公立,一般大學,0007,國立陽明交通大學,02311005,外國語文學系外國文學與語言學碩士班,碩士班(日間),1,0,1,2.08
109,公立,一般大學,0007,國立陽明交通大學,03211014,傳播研究所,碩士班(日間),11,5,6,15.71
109,公立,一般大學,0007,國立陽明交通大學,04212027,科技法律研究所,碩士班(日間),1,0,1,0.90
109,公立,一般大學,0007,國立陽明交通大學,05311036,應用化學系,碩士班(日間),2,0,2,1.04
109,公立,一般大學,0007,國立陽明交通大學,05331041,電子物理學系,碩士班(日間),1,1,0,0.65
109,公立,一般大學,0007,國立陽明交通大學,06132049,多媒體工程研究所,碩士班(日間),1,1,0,0.87
109,公立,一般大學,0007,國立陽明交通大學,07112072,材料科學與工程學系,碩士班(日間),1,1,0,0.62
109,公立,一般大學,0007,國立陽明交通大學,07121076,環境工程研究所,碩士班(日間),2,2,0,2.63
109,公立,一般大學,0007,國立陽明交通大學,07132081,照明與能源光電研究所,碩士班(日間),2,2,0,2.53
109,公立,一般大學,0007,國立陽明交通大學,07141062,電信工程研究所,碩士班(日間),2,2,0,0.67
109,公立,一般大學,0007,國立陽明交通大學,07141066,國際半導體產業學院碩士班,碩士班(日間),1,1,0,1.59
109,公立,一般大學,0007,國立陽明交通大學,07151070,機械工程學系,碩士班(日間),2,2,0,0.69
109,公立,一般大學,0007,國立陽明交通大學,07191075,工業工程與管理學系,碩士班(日間),2,1,1,1.82
109,公立,一般大學,0007,國立陽明交通大學,07193079,影像與生醫光電研究所,碩士班(日間),1,1,0,1.19
109,公立,一般大學,0007,國立陽明交通大學,07321071,土木工程學系,碩士班(日間),1,1,0,0.49
109,公立,一般大學,0007,國立陽明交通大學,07112072,材料科學與工程學系,博士班,2,1,1,1.36
109,公立,一般大學,0007,國立陽明交通大學,07141062,電信工程研究所,博士班,1,1,0,2.08
109,公立,一般大學,0007,國立陽明交通大學,07141064,電控工程研究所,博士班,1,1,0,2.22
109,公立,一般大學,0007,國立陽明交通大學,07151070,機械工程學系,博士班,1,1,0,1.28
109,公立,一般大學,0007,國立陽明交通大學,01111001,教育研究所,碩士班(日間),1,1,0,1.23
109,公立,一般大學,0007,國立陽明交通大學,02151003,音樂研究所,碩士班(日間),1,0,1,1.56
109,公立,一般大學,0007,國立陽明交通大學,03211015,傳播與科技學系,碩士班(日間),2,0,2,3.77
109,公立,一般大學,0007,國立陽明交通大學,04121020,資訊管理與財務金融學系財務金融碩士班,碩士班(日間),12,9,3,12.12
109,公立,一般大學,0007,國立陽明交通大學,04131016,管理學院企業管理碩士學位學程,碩士班(日間),1,0,1,1.56
109,公立,一般大學,0007,國立陽明交通大學,04131018,管理科學系,碩士班(日間),6,4,2,8.11
109,公立,一般大學,0007,國立陽明交通大學,04199023,科技管理研究所,碩士班(日間),4,3,1,8.00
109,公立,一般大學,0007,國立陽明交通大學,05124034,生物資訊及系統生物研究所,碩士班(日間),1,0,1,2.17
109,公立,一般大學,0007,國立陽明交通大學,06121060,網路工程研究所,碩士班(日間),2,2,0,1.72
109,公立,一般大學,0007,國立陽明交通大學,06131022,資訊管理研究所,碩士班(日間),2,1,1,2.20
109,公立,一般大學,0007,國立陽明交通大學,06131061,資訊科學與工程研究所,碩士班(日間),3,2,1,0.72
109,公立,一般大學,0007,國立陽明交通大學,06131092,數據科學與工程研究所,碩士班(日間),2,0,2,2.41
109,公立,一般大學,0007,國立陽明交通大學,07141050,電機工程學系,碩士班(日間),8,7,1,4.62
109,公立,一般大學,0007,國立陽明交通大學,07141053,電子研究所,碩士班(日間),2,1,1,0.36
109,公立,一般大學,0007,國立陽明交通大學,07141055,光電工程學系,碩士班(日間),2,2,0,0.83
109,公立,一般大學,0007,國立陽明交通大學,07141064,電控工程研究所,碩士班(日間),1,1,0,0.49
109,公立,一般大學,0007,國立陽明交通大學,07141065,光電系統研究所,碩士班(日間),1,1,0,1.14
109,公立,一般大學,0007,國立陽明交通大學,07151093,機器人碩士學位學程,碩士班(日間),2,2,0,3.92
109,公立,一般大學,0007,國立陽明交通大學,07311085,建築研究所,碩士班(日間),4,2,2,5.33
109,公立,一般大學,0007,國立陽明交通大學,10411086,運輸與物流管理學系交通運輸碩士班,碩士班(日間),1,1,0,1.10
109,公立,一般大學,0007,國立陽明交通大學,10411086,運輸與物流管理學系物流管理碩士班,碩士班(日間),1,0,1,2.38
109,公立,一般大學,0007,國立陽明交通大學,03211015,傳播與科技學系,學士班(日間),1,0,1,0.60
109,公立,一般大學,0007,國立陽明交通大學,07141050,電機工程學系,學士班(日間),2,1,1,0.23
109,公立,一般大學,0007,國立陽明交通大學,02299010,社會與文化研究所,博士班,10,3,7,21.74
109,公立,一般大學,0007,國立陽明交通大學,04121020,資訊管理與財務金融學系財務金融博士班,博士班,4,2,2,11.76
109,公立,一般大學,0007,國立陽明交通大學,04131018,管理科學系,博士班,2,1,1,8.33
109,公立,一般大學,0007,國立陽明交通大學,06131022,資訊管理研究所,博士班,1,1,0,2.86
109,公立,一般大學,0007,國立陽明交通大學,06131061,資訊科學與工程研究所,博士班,4,2,2,2.78
109,公立,一般大學,0007,國立陽明交通大學,07121076,環境工程研究所,博士班,1,1,0,4.00
109,公立,一般大學,0007,國立陽明交通大學,07141053,電子研究所,博士班,5,2,3,3.70
109,公立,一般大學,0008,國立中央大學,04131023,企業管理學系,學士班(日間),2,0,2,0.50
109,公立,一般大學,0008,國立中央大學,06131053,資訊管理學系,學士班(日間),1,1,0,0.24
109,公立,一般大學,0008,國立中央大學,07151064,機械工程學系,學士班(日間),3,3,0,0.56
109,公立,一般大學,0008,國立中央大學,07321067,土木工程學系,學士班(日間),1,1,0,0.27
109,公立,一般大學,0008,國立中央大學,02231011,哲學研究所,博士班,1,1,0,3.70
109,公立,一般大學,0008,國立中央大學,04121024,財務金融學系,學士班(日間),1,1,0,0.38
109,公立,一般大學,0008,國立中央大學,06131059,資訊工程學系,學士班(日間),2,0,2,0.48
109,公立,一般大學,0008,國立中央大學,01115001,學習與教學研究所,博士班,2,0,2,7.69
109,公立,一般大學,0008,國立中央大學,02322006,中國文學系,博士班,5,2,3,16.13
109,公立,一般大學,0008,國立中央大學,04131023,企業管理學系,博士班,6,2,4,7.14
109,公立,一般大學,0008,國立中央大學,05323039,水文與海洋科學研究所,博士班,1,0,1,8.33
109,公立,一般大學,0008,國立中央大學,06131059,資訊工程學系,博士班,1,1,0,1.27
109,公立,一般大學,0008,國立中央大學,07112070,材料科學與工程研究所,博士班,1,0,1,5.56
109,公立,一般大學,0008,國立中央大學,07121072,環境工程研究所,博士班,1,0,1,6.25
109,公立,一般大學,0008,國立中央大學,07111069,化學工程與材料工程學系,博士班,1,1,0,2.94
109,公立,一般大學,0008,國立中央大學,01115001,學習與教學研究所,碩士班(日間),1,0,1,2.94
109,公立,一般大學,0008,國立中央大學,02191004,藝術學研究所,碩士班(日間),6,2,4,20.69
109,公立,一般大學,0008,國立中央大學,02231011,哲學研究所,碩士班(日間),2,1,1,8.33
109,公立,一般大學,0008,國立中央大學,02299012,亞際文化研究國際碩士學位學程(台灣聯合大學系統),碩士班(日間),2,1,1,11.76
109,公立,一般大學,0008,國立中央大學,02322006,中國文學系,碩士班(日間),4,1,3,6.67
109,公立,一般大學,0008,國立中央大學,03111013,經濟學系,碩士班(日間),3,2,1,9.68
109,公立,一般大學,0008,國立中央大學,03131017,認知神經科學研究所,碩士班(日間),2,1,1,10.00
109,公立,一般大學,0008,國立中央大學,04121024,財務金融學系,碩士班(日間),6,3,3,9.23
109,公立,一般大學,0008,國立中央大學,04199027,人力資源管理研究所,碩士班(日間),1,0,1,1.64
109,公立,一般大學,0008,國立中央大學,05421052,統計研究所,碩士班(日間),2,1,1,4.35
109,公立,一般大學,0008,國立中央大學,06131059,資訊工程學系,碩士班(日間),7,6,1,2.67
109,公立,一般大學,0008,國立中央大學,07121072,環境工程研究所,碩士班(日間),1,1,0,1.14
109,公立,一般大學,0008,國立中央大學,07141057,光電科學與工程學系,碩士班(日間),1,1,0,0.60
109,公立,一般大學,0008,國立中央大學,07141060,通訊工程學系,碩士班(日間),4,3,1,3.03
109,公立,一般大學,0008,國立中央大學,07321067,土木工程學系,博士班,3,3,0,4.84
109,公立,一般大學,0008,國立中央大學,02221010,歷史研究所,碩士班(日間),2,0,2,6.45
109,公立,一般大學,0008,國立中央大學,04111022,會計研究所,碩士班(日間),2,1,1,6.67
109,公立,一般大學,0008,國立中央大學,04131023,企業管理學系,碩士班(日間),4,3,1,2.92
109,公立,一般大學,0008,國立中央大學,04211030,法律與政府研究所,碩士班(日間),2,1,1,4.44
109,公立,一般大學,0008,國立中央大學,05331042,物理學系,碩士班(日間),1,1,0,1.14
109,公立,一般大學,0008,國立中央大學,05411051,數學系,碩士班(日間),2,1,1,2.86
109,公立,一般大學,0008,國立中央大學,06131053,資訊管理學系,碩士班(日間),3,3,0,2.27
109,公立,一般大學,0008,國立中央大學,07111069,化學工程與材料工程學系,碩士班(日間),1,1,0,0.74
109,公立,一般大學,0008,國立中央大學,07132066,能源工程研究所,碩士班(日間),1,1,0,2.17
109,公立,一般大學,0008,國立中央大學,07141055,電機工程學系,碩士班(日間),3,3,0,0.91
109,公立,一般大學,0008,國立中央大學,07321067,土木工程學系,碩士班(日間),3,3,0,1.50
109,公立,一般大學,0008,國立中央大學,07151064,機械工程學系,碩士班(日間),3,3,0,1.17
109,公立,一般大學,0008,國立中央大學,07193074,生醫科學與工程學系生物醫學工程碩士班,碩士班(日間),1,1,0,1.75
109,公立,一般大學,0008,國立中央大學,02322006,中國文學系,學士班(日間),1,0,1,0.48
109,公立,一般大學,0009,國立中山大學,02322005,中國文學系,學士班(日間),3,0,3,1.55
109,公立,一般大學,0009,國立中山大學,04121024,財務管理學系,學士班(日間),2,0,2,0.97
109,公立,一般大學,0009,國立中山大學,04131021,企業管理學系,學士班(日間),1,0,1,0.26
109,公立,一般大學,0009,國立中山大學,04134010,政治經濟學系,學士班(日間),1,0,1,0.49
109,公立,一般大學,0009,國立中山大學,05111033,生物科學系,學士班(日間),1,0,1,0.52
109,公立,一般大學,0009,國立中山大學,05311037,化學系,學士班(日間),1,1,0,0.47
109,公立,一般大學,0009,國立中山大學,06131052,資訊管理學系,學士班(日間),1,1,0,0.49
109,公立,一般大學,0009,國立中山大學,03143016,中國與亞太區域研究所,博士班,1,0,1,1.54
109,公立,一般大學,0009,國立中山大學,04121024,財務管理學系,博士班,4,3,1,17.39
109,公立,一般大學,0009,國立中山大學,07121064,環境工程研究所,博士班,1,0,1,3.33
109,公立,一般大學,0009,國立中山大學,04199025,行銷傳播管理研究所,碩士班(日間),10,6,4,12.66
109,公立,一般大學,0009,國立中山大學,05323047,海洋科學系,博士班,2,2,0,15.38
109,公立,一般大學,0009,國立中山大學,02231008,哲學研究所,碩士班(日間),3,2,1,9.38
109,公立,一般大學,0009,國立中山大學,02311006,外國語文學系,碩士班(日間),1,0,1,2.38
109,公立,一般大學,0009,國立中山大學,02322005,中國文學系,碩士班(日間),10,2,8,17.54
109,公立,一般大學,0009,國立中山大學,03121011,政治學研究所,碩士班(日間),1,1,0,2.04
109,公立,一般大學,0009,國立中山大學,03141013,社會學系,碩士班(日間),1,0,1,3.33
109,公立,一般大學,0009,國立中山大學,04121024,財務管理學系,碩士班(日間),3,1,2,3.45
109,公立,一般大學,0009,國立中山大學,04131028,人力資源管理研究所,碩士班(日間),1,0,1,1.25
109,公立,一般大學,0009,國立中山大學,05311037,化學系,碩士班(日間),1,0,1,0.86
109,公立,一般大學,0009,國立中山大學,06111055,資訊工程學系,碩士班(日間),6,5,1,2.62
109,公立,一般大學,0009,國立中山大學,07122065,海洋環境及工程學系,碩士班(日間),3,3,0,4.62
109,公立,一般大學,0009,國立中山大學,05323047,海洋科學系,碩士班(日間),1,1,0,2.63
109,公立,一般大學,0009,國立中山大學,06131052,資訊管理學系,碩士班(日間),3,2,1,2.46
109,公立,一般大學,0009,國立中山大學,07112063,材料與光電科學學系,碩士班(日間),1,1,0,0.96
109,公立,一般大學,0009,國立中山大學,07121064,環境工程研究所,碩士班(日間),2,1,1,3.77
109,公立,一般大學,0009,國立中山大學,07151061,機械與機電工程學系,碩士班(日間),1,1,0,0.56
109,公立,一般大學,0009,國立中山大學,05323047,海洋科學系,學士班(日間),1,1,0,0.76
109,公立,一般大學,0009,國立中山大學,07112063,材料與光電科學學系,學士班(日間),1,1,0,0.48
109,公立,一般大學,0009,國立中山大學,07151061,機械與機電工程學系,學士班(日間),1,1,0,0.23
109,公立,一般大學,0009,國立中山大學,02322005,中國文學系,博士班,5,1,4,21.74
109,公立,一般大學,0012,國立臺灣海洋大學,04199056,海洋經營管理學士學位學程,學士班(日間),1,1,0,0.88
109,公立,一般大學,0012,國立臺灣海洋大學,05121018,海洋生物科技學士學位學程,學士班(日間),1,1,0,0.91
109,公立,一般大學,0012,國立臺灣海洋大學,07151036,機械與機電工程學系,學士班(日間),3,3,0,0.87
109,公立,一般大學,0012,國立臺灣海洋大學,07211042,食品科學系,學士班(日間),3,1,2,0.74
109,公立,一般大學,0012,國立臺灣海洋大學,04212009,海洋法律研究所,博士班,1,1,0,3.85
109,公立,一般大學,0012,國立臺灣海洋大學,07122041,海洋工程科技博士學位學程,博士班,4,1,3,57.14
109,公立,一般大學,0012,國立臺灣海洋大學,07122041,海洋工程科技學士學位學程,學士班(日間),1,1,0,1.15
109,公立,一般大學,0012,國立臺灣海洋大學,05323017,海洋生物研究所,博士班,3,2,1,14.29
109,公立,一般大學,0012,國立臺灣海洋大學,04212009,海洋法律研究所,碩士班(日間),1,0,1,1.54
109,公立,一般大學,0012,國立臺灣海洋大學,07122040,河海工程學系,碩士班(日間),1,1,0,1.54
109,公立,一般大學,0012,國立臺灣海洋大學,10412048,航運管理學系,碩士班(日間),1,0,1,1.03
109,公立,一般大學,0013,國立中正大學,02322011,中國文學系,學士班(日間),1,1,0,0.56
109,公立,一般大學,0013,國立中正大學,03131019,心理學系,學士班(日間),1,1,0,0.46
109,公立,一般大學,0013,國立中正大學,03211028,傳播學系,學士班(日間),1,0,1,0.53
109,公立,一般大學,0013,國立中正大學,04111032,會計與資訊科技學系,學士班(日間),1,0,1,0.43
109,公立,一般大學,0013,國立中正大學,07151058,機械工程學系,學士班(日間),1,0,1,0.28
109,公立,一般大學,0013,國立中正大學,01111001,教育學研究所教育學博士班,博士班,1,1,0,3.23
109,公立,一般大學,0013,國立中正大學,01111001,教育學研究所課程博士班,博士班,1,0,1,3.70
109,公立,一般大學,0013,國立中正大學,02221015,歷史學系,博士班,1,1,0,3.57
109,公立,一般大學,0013,國立中正大學,03131019,心理學系,博士班,1,0,1,7.69
109,公立,一般大學,0013,國立中正大學,04212040,財經法律學系,學士班(日間),1,0,1,0.50
109,公立,一般大學,0013,國立中正大學,06131055,資訊工程學系,學士班(日間),1,1,0,0.25
109,公立,一般大學,0013,國立中正大學,07111061,化學工程學系,學士班(日間),1,1,0,0.54
109,公立,一般大學,0013,國立中正大學,04131033,企業管理學系,博士班,1,1,0,1.85
109,公立,一般大學,0013,國立中正大學,04211039,法律學系,博士班,1,0,1,2.33
109,公立,一般大學,0013,國立中正大學,02322011,中國文學系,碩士班(日間),1,0,1,2.56
109,公立,一般大學,0013,國立中正大學,04211039,法律學系,碩士班(日間),1,1,0,0.56
109,公立,一般大學,0013,國立中正大學,07141054,電機工程學系,碩士班(日間),1,1,0,0.32
109,公立,一般大學,0013,國立中正大學,03199026,犯罪防治學系,博士班,1,1,0,2.17
109,公立,一般大學,0013,國立中正大學,04111032,會計與資訊科技學系,博士班,1,1,0,4.35
109,公立,一般大學,0013,國立中正大學,09231063,社會福利學系,博士班,2,2,0,7.69
109,公立,一般大學,0013,國立中正大學,04212040,財經法律學系,碩士班(日間),3,2,1,2.91
109,公立,一般大學,0013,國立中正大學,02311012,外國語文學系,學士班(日間),1,1,0,0.47
109,公立,一般大學,0014,國立高雄師範大學,02123024,工業設計學系,學士班(日間),1,0,1,0.79
109,公立,一般大學,0014,國立高雄師範大學,02322019,國文學系,學士班(日間),2,0,2,0.58
109,公立,一般大學,0014,國立高雄師範大學,04131032,事業經營學系,學士班(日間),2,0,2,1.47
109,公立,一般大學,0014,國立高雄師範大學,05411038,數學系,學士班(日間),1,1,0,0.33
109,公立,一般大學,0014,國立高雄師範大學,07141041,電子工程學系,學士班(日間),1,1,0,0.60
109,公立,一般大學,0014,國立高雄師範大學,02112022,視覺設計學系,學士班(日間),3,1,2,1.71
109,公立,一般大學,0014,國立高雄師範大學,01111001,教育學系,博士班,3,0,3,3.53
109,公立,一般大學,0014,國立高雄師範大學,01113010,特殊教育學系特殊教育博士班,博士班,3,1,2,9.09
109,公立,一般大學,0014,國立高雄師範大學,01111001,教育學系,碩士班(日間),1,0,1,1.85
109,公立,一般大學,0014,國立高雄師範大學,02131012,美術學系,碩士班(日間),4,1,3,4.40
109,公立,一般大學,0014,國立高雄師範大學,04131032,事業經營學系,碩士班(日間),2,2,0,8.70
109,公立,一般大學,0014,國立高雄師範大學,01112009,成人教育研究所,博士班,2,2,0,3.23
109,公立,一般大學,0014,國立高雄師範大學,01141006,科學教育暨環境教育研究所科學教育博士班,博士班,2,2,0,4.00
109,公立,一般大學,0014,國立高雄師範大學,02112022,視覺設計學系,碩士班(日間),2,1,1,3.17
109,公立,一般大學,0014,國立高雄師範大學,06132039,軟體工程與管理學系,碩士班(日間),1,1,0,3.57
109,公立,一般大學,0015,國立彰化師範大學,04111028,會計學系,學士班(日間),2,0,2,0.60
109,公立,一般大學,0015,國立彰化師範大學,02322019,國文學系,博士班,1,1,0,2.70
109,公立,一般大學,0015,國立彰化師範大學,04121031,財務金融技術學系,博士班,1,1,0,1.30
109,公立,一般大學,0015,國立彰化師範大學,04131033,人力資源管理研究所,博士班,1,1,0,3.70
109,公立,一般大學,0015,國立彰化師範大學,07151054,機電工程學系,博士班,1,1,0,5.56
109,公立,一般大學,0015,國立彰化師範大學,02131017,美術學系,碩士班(日間),2,0,2,5.71
109,公立,一般大學,0015,國立彰化師範大學,02322019,國文學系,學士班(日間),1,0,1,0.30
109,公立,一般大學,0015,國立彰化師範大學,04121031,財務金融技術學系,學士班(日間),2,2,0,1.30
109,公立,一般大學,0015,國立彰化師範大學,04131029,企業管理學系,學士班(日間),3,2,1,1.49
109,公立,一般大學,0015,國立彰化師範大學,06131040,資訊管理學系,學士班(日間),3,2,1,1.47
109,公立,一般大學,0015,國立彰化師範大學,01113012,特殊教育學系,博士班,3,0,3,11.54
109,公立,一般大學,0015,國立彰化師範大學,03131025,輔導與諮商學系,博士班,8,1,7,17.78
109,公立,一般大學,0015,國立彰化師範大學,01113012,特殊教育學系,碩士班(日間),1,0,1,2.13
109,公立,一般大學,0015,國立彰化師範大學,02131017,美術學系藝術教育碩士班,碩士班(日間),1,0,1,4.00
109,公立,一般大學,0016,國立陽明大學,05121007,生命科學系暨基因體科學研究所,學士班(日間),10,5,5,11.49
109,公立,一般大學,0016,國立陽明大學,05123011,生化暨分子生物研究所,碩士班(日間),3,2,1,6.25
109,公立,一般大學,0016,國立陽明大學,07193019,生醫光電研究所,碩士班(日間),2,1,1,2.90
109,公立,一般大學,0016,國立陽明大學,05121007,生命科學系暨基因體科學研究所,博士班,1,0,1,7.14
109,公立,一般大學,0017,國立臺北大學,04111017,會計學系,學士班(日間),2,0,2,0.38
109,公立,一般大學,0017,國立臺北大學,04121022,金融與合作經營學系,學士班(日間),3,1,2,1.26
109,公立,一般大學,0017,國立臺北大學,04131018,企業管理學系,學士班(日間),4,3,1,0.79
109,公立,一般大學,0017,國立臺北大學,07141035,電機工程學系,學士班(日間),4,2,2,2.33
109,公立,一般大學,0017,國立臺北大學,04131018,企業管理學系,博士班,7,2,5,9.09
109,公立,一般大學,0017,國立臺北大學,04134013,公共行政暨政策學系,博士班,3,1,2,20.00
109,公立,一般大學,0017,國立臺北大學,04134024,不動產與城鄉環境學系,博士班,2,1,1,10.00
109,公立,一般大學,0017,國立臺北大學,04211028,法律學系,博士班,3,2,1,8.82
109,公立,一般大學,0017,國立臺北大學,05211043,自然資源與環境管理研究所,博士班,1,1,0,5.26
109,公立,一般大學,0017,國立臺北大學,04134024,不動產與城鄉環境學系,碩士班(日間),2,2,0,3.70
109,公立,一般大學,0017,國立臺北大學,04211028,法律學系,碩士班(日間),5,3,2,1.60
109,公立,一般大學,0017,國立臺北大學,06131036,資訊工程學系,碩士班(日間),2,1,1,3.23
109,公立,一般大學,0017,國立臺北大學,04134024,不動產與城鄉環境學系,學士班(日間),1,0,1,0.21
109,公立,一般大學,0017,國立臺北大學,06111038,電機資訊學院博士班,博士班,1,1,0,5.00
109,公立,一般大學,0017,國立臺北大學,07313039,都市計劃研究所,博士班,1,1,0,9.09
109,公立,一般大學,0017,國立臺北大學,02299008,民俗藝術與文化資產研究所,碩士班(日間),1,1,0,2.70
109,公立,一般大學,0017,國立臺北大學,02322002,中國文學系,碩士班(日間),2,1,1,6.06
109,公立,一般大學,0017,國立臺北大學,04121022,金融與合作經營學系,碩士班(日間),1,1,0,3.13
109,公立,一般大學,0017,國立臺北大學,04131018,企業管理學系,碩士班(日間),3,2,1,1.38
109,公立,一般大學,0017,國立臺北大學,04131019,國際企業研究所,碩士班(日間),2,0,2,7.41
109,公立,一般大學,0017,國立臺北大學,04134013,公共行政暨政策學系,碩士班(日間),1,1,0,0.94
109,公立,一般大學,0017,國立臺北大學,06134034,資訊管理研究所,碩士班(日間),1,1,0,2.78
109,公立,一般大學,0017,國立臺北大學,07313039,都市計劃研究所,碩士班(日間),1,1,0,1.82
109,公立,一般大學,0018,國立嘉義大學,10151044,行銷與觀光管理學系觀光休閒管理博士班,博士班,1,0,1,5.26
109,公立,一般大學,0018,國立嘉義大學,02322029,中國文學系,學士班(日間),1,1,0,0.50
109,公立,一般大學,0019,國立高雄大學,10152033,運動健康與休閒學系,碩士班(日間),1,1,0,4.55
109,公立,一般大學,0019,國立高雄大學,02199005,創意設計與建築學系,學士班(日間),2,1,1,4.00
109,公立,一般大學,0019,國立高雄大學,05411024,應用數學系,學士班(日間),1,1,0,0.45
109,公立,一般大學,0019,國立高雄大學,06131028,資訊工程學系,學士班(日間),1,0,1,0.53
109,公立,一般大學,0019,國立高雄大學,04211018,法學院博士班,博士班,2,1,1,13.33
109,公立,一般大學,0020,國立東華大學,02121019,藝術與設計學系,學士班(日間),6,3,3,2.69
109,公立,一般大學,0020,國立東華大學,02191022,藝術創意產業學系,學士班(日間),2,1,1,0.88
109,公立,一般大學,0020,國立東華大學,02311029,英美語文學系,學士班(日間),1,0,1,0.45
109,公立,一般大學,0020,國立東華大學,04121061,財務金融學系,學士班(日間),2,1,1,0.82
109,公立,一般大學,0020,國立東華大學,07141083,電機工程學系,學士班(日間),1,1,0,0.44
109,公立,一般大學,0020,國立東華大學,01111001,教育與潛能開發學系多元文化教育博士班,博士班,2,0,2,8.00
109,公立,一般大學,0020,國立東華大學,06131086,資訊工程學系,學士班(日間),3,3,0,0.77
109,公立,一般大學,0020,國立東華大學,01111001,教育與潛能開發學系教育博士班,博士班,4,0,4,4.04
109,公立,一般大學,0020,國立東華大學,02322025,中國語文學系,博士班,1,1,0,2.56
109,公立,一般大學,0020,國立東華大學,04131059,企業管理學系,博士班,3,3,0,4.69
109,公立,一般大學,0020,國立東華大學,02121019,藝術與設計學系,碩士班(日間),1,1,0,2.17
109,公立,一般大學,0020,國立東華大學,04121061,財務金融學系,碩士班(日間),1,0,1,3.03
109,公立,一般大學,0021,國立暨南國際大學,04131026,新興產業策略與發展博士學位學程,博士班,2,0,2,2.70
109,公立,一般大學,0021,國立暨南國際大學,09231038,社會政策與社會工作學系,博士班,5,4,1,13.51
109,公立,一般大學,0021,國立暨南國際大學,01111001,國際文教與比較教育學系,博士班,2,0,2,6.90
109,公立,一般大學,0021,國立暨南國際大學,03131004,諮商心理與人力資源發展學系輔導與諮商博士班,博士班,1,0,1,5.88
109,公立,一般大學,0021,國立暨南國際大學,02322013,中國語文學系,碩士班(日間),1,0,1,5.26
109,公立,一般大學,0021,國立暨南國際大學,07321035,土木工程學系,碩士班(日間),1,1,0,4.55
109,公立,技專校院,0022,國立臺灣科技大學,02122004,設計系,學士班(日間),1,0,1,0.22
109,公立,技專校院,0022,國立臺灣科技大學,04131008,企業管理系,學士班(日間),12,5,7,3.48
109,公立,技專校院,0022,國立臺灣科技大學,06131016,資訊管理系,學士班(日間),5,5,0,1.86
109,公立,技專校院,0022,國立臺灣科技大學,06131020,資訊工程系,學士班(日間),8,4,4,2.05
109,公立,技專校院,0022,國立臺灣科技大學,07311038,建築系,學士班(日間),1,1,0,0.32
109,公立,技專校院,0022,國立臺灣科技大學,01116002,數位學習與教育研究所,博士班,2,2,0,6.25
109,公立,技專校院,0022,國立臺灣科技大學,02122004,設計系,博士班,12,6,6,28.57
109,公立,技專校院,0022,國立臺灣科技大學,04131008,企業管理系,博士班,1,0,1,1.61
109,公立,技專校院,0022,國立臺灣科技大學,07141018,電子工程系,博士班,4,3,1,4.35
109,公立,技專校院,0022,國立臺灣科技大學,04121010,財務金融研究所,碩士班(日間),3,2,1,4.76
109,公立,技專校院,0022,國立臺灣科技大學,04131008,企業管理系,碩士班(日間),10,5,5,7.35
109,公立,技專校院,0022,國立臺灣科技大學,04199013,管理學院MBA,碩士班(日間),1,0,1,0.81
109,公立,技專校院,0022,國立臺灣科技大學,07141017,電機工程系,碩士班(日間),3,3,0,0.80
109,公立,技專校院,0022,國立臺灣科技大學,07141019,光電工程研究所,碩士班(日間),2,1,1,4.08
109,公立,技專校院,0022,國立臺灣科技大學,07151023,機械工程系,碩士班(日間),2,1,1,0.48
109,公立,技專校院,0022,國立臺灣科技大學,07151024,自動化及控制研究所,碩士班(日間),2,2,0,3.39
109,公立,技專校院,0022,國立臺灣科技大學,02311003,應用外語系,學士班(日間),5,2,3,2.09
109,公立,技專校院,0022,國立臺灣科技大學,07141017,電機工程系,學士班(日間),2,1,1,0.35
109,公立,技專校院,0022,國立臺灣科技大學,07141018,電子工程系,學士班(日間),7,7,0,1.46
109,公立,技專校院,0022,國立臺灣科技大學,07151023,機械工程系,學士班(日間),1,1,0,0.16
109,公立,技專校院,0022,國立臺灣科技大學,07191012,工業管理系,學士班(日間),4,3,1,1.36
109,公立,技專校院,0022,國立臺灣科技大學,06131016,資訊管理系,博士班,1,1,0,1.59
109,公立,技專校院,0022,國立臺灣科技大學,06131020,資訊工程系,博士班,1,0,1,2.27
109,公立,技專校院,0022,國立臺灣科技大學,07151024,自動化及控制研究所,博士班,1,1,0,8.33
109,公立,技專校院,0022,國立臺灣科技大學,07191012,工業管理系,博士班,1,0,1,1.92
109,公立,技專校院,0022,國立臺灣科技大學,07311038,建築系,博士班,4,2,2,7.27
109,公立,技專校院,0022,國立臺灣科技大學,07321025,營建工程系,博士班,1,1,0,1.79
109,公立,技專校院,0022,國立臺灣科技大學,01116002,數位學習與教育研究所,碩士班(日間),2,1,1,3.51
109,公立,技專校院,0022,國立臺灣科技大學,02122004,設計系,碩士班(日間),12,6,6,9.84
109,公立,技專校院,0022,國立臺灣科技大學,04199011,科技管理研究所,碩士班(日間),1,1,0,2.27
109,公立,技專校院,0022,國立臺灣科技大學,04212014,專利研究所,碩士班(日間),1,0,1,2.86
109,公立,技專校院,0022,國立臺灣科技大學,06131016,資訊管理系,碩士班(日間),3,2,1,1.95
109,公立,技專校院,0022,國立臺灣科技大學,06131020,資訊工程系,碩士班(日間),10,8,2,3.40
109,公立,技專校院,0022,國立臺灣科技大學,07112028,材料科學與工程系,碩士班(日間),4,4,0,2.45
109,公立,技專校院,0022,國立臺灣科技大學,07141018,電子工程系,碩士班(日間),5,4,1,1.17
109,公立,技專校院,0022,國立臺灣科技大學,07141022,色彩與照明科技研究所,碩士班(日間),1,1,0,2.86
109,公立,技專校院,0022,國立臺灣科技大學,07191012,工業管理系,碩士班(日間),2,2,0,1.59
109,公立,技專校院,0022,國立臺灣科技大學,07311038,建築系,碩士班(日間),6,2,4,4.62
109,公立,技專校院,0022,國立臺灣科技大學,07321025,營建工程系,碩士班(日間),3,1,2,1.20
109,公立,技專校院,0023,國立雲林科技大學,02112013,數位媒體設計系,學士班(日間),1,0,1,0.36
109,公立,技專校院,0023,國立雲林科技大學,02122009,創意生活設計系,學士班(日間),12,3,9,5.41
109,公立,技專校院,0023,國立雲林科技大學,02311004,應用外語系,學士班(日間),6,1,5,2.22
109,公立,技專校院,0023,國立雲林科技大學,04111018,會計系,學士班(日間),3,1,2,1.38
109,公立,技專校院,0023,國立雲林科技大學,07121049,環境與安全衛生工程系,學士班(日間),1,1,0,100.00
109,公立,技專校院,0023,國立雲林科技大學,04121024,財務金融系,博士班,1,1,0,5.00
109,公立,技專校院,0023,國立雲林科技大學,02112011,視覺傳達設計系,碩士班(日間),1,0,1,1.33
109,公立,技專校院,0023,國立雲林科技大學,02123014,工業設計系,碩士班(日間),2,2,0,2.86
109,公立,技專校院,0023,國立雲林科技大學,04131019,企業管理系,碩士班(日間),3,3,0,2.65
109,公立,技專校院,0023,國立雲林科技大學,07191048,工業工程與管理系,碩士班(日間),1,1,0,0.71
109,公立,技專校院,0023,國立雲林科技大學,07311016,建築與室內設計系,碩士班(日間),4,2,2,6.78
109,公立,技專校院,0023,國立雲林科技大學,04131019,企業管理系,學士班(日間),12,4,8,4.11
109,公立,技專校院,0023,國立雲林科技大學,06131032,資訊管理系,學士班(日間),5,5,0,1.42
109,公立,技專校院,0023,國立雲林科技大學,07111045,化學工程與材料工程系,學士班(日間),1,0,1,0.23
109,公立,技專校院,0023,國立雲林科技大學,07191048,工業工程與管理系,學士班(日間),3,2,1,0.73
109,公立,技專校院,0023,國立雲林科技大學,07311016,建築與室內設計系,學士班(日間),5,1,4,2.17
109,公立,技專校院,0023,國立雲林科技大學,07321043,營建工程系,學士班(日間),2,2,0,0.66
109,公立,技專校院,0023,國立雲林科技大學,01118001,技術及職業教育研究所,博士班,1,1,0,1.45
109,公立,技專校院,0023,國立雲林科技大學,02122007,設計學研究所,博士班,22,9,13,21.15
109,公立,技專校院,0023,國立雲林科技大學,04111018,會計系,博士班,1,1,0,9.09
109,公立,技專校院,0023,國立雲林科技大學,04131019,企業管理系,博士班,2,1,1,2.86
109,公立,技專校院,0023,國立雲林科技大學,02111013,數位媒體設計系,碩士班(日間),3,3,0,4.48
109,公立,技專校院,0023,國立雲林科技大學,02122007,設計學研究所,碩士班(日間),1,0,1,3.23
109,公立,技專校院,0023,國立雲林科技大學,02122009,創意生活設計系,碩士班(日間),2,1,1,2.94
109,公立,技專校院,0023,國立雲林科技大學,04111018,會計系,碩士班(日間),1,1,0,2.50
109,公立,技專校院,0023,國立雲林科技大學,04121024,財務金融系,碩士班(日間),1,0,1,1.28
109,公立,技專校院,0023,國立雲林科技大學,07141037,資訊工程系,碩士班(日間),1,1,0,0.93
109,公立,技專校院,0023,國立雲林科技大學,02123014,工業設計系,學士班(日間),1,0,1,0.49
109,公立,技專校院,0024,國立屏東科技大學,07121025,環境工程與科學系,學士班(日間),1,1,0,0.29
109,公立,技專校院,0024,國立屏東科技大學,09231051,社會工作系,學士班(日間),1,1,0,0.42
109,公立,技專校院,0024,國立屏東科技大學,02125003,時尚設計與管理系,學士班(日間),1,0,1,0.44
109,公立,技專校院,0024,國立屏東科技大學,08194035,植物醫學系,學士班(日間),1,0,1,0.50
109,公立,技專校院,0025,國立臺北科技大學,02112007,互動設計系,學士班(日間),9,2,7,2.93
109,公立,技專校院,0025,國立臺北科技大學,02123009,工業設計系,學士班(日間),5,0,5,1.80
109,公立,技專校院,0025,國立臺北科技大學,06131016,資訊與財金管理系,學士班(日間),14,6,8,5.53
109,公立,技專校院,0025,國立臺北科技大學,06131034,資訊工程系,學士班(日間),10,9,1,4.03
109,公立,技專校院,0025,國立臺北科技大學,07111048,化學工程與生物科技系,學士班(日間),2,1,1,0.38
109,公立,技專校院,0025,國立臺北科技大學,07151037,機械工程系,學士班(日間),6,6,0,1.03
109,公立,技專校院,0025,國立臺北科技大學,02122003,設計學院設計博士班,博士班,10,6,4,13.89
109,公立,技專校院,0025,國立臺北科技大學,04131020,管理學院管理博士班,博士班,8,6,2,8.60
109,公立,技專校院,0025,國立臺北科技大學,07141028,電子工程系,博士班,1,1,0,2.56
109,公立,技專校院,0025,國立臺北科技大學,02123009,工業設計系創新設計碩士班,碩士班(日間),5,0,5,5.10
109,公立,技專校院,0025,國立臺北科技大學,04131011,經營管理系,碩士班(日間),4,1,3,3.60
109,公立,技專校院,0025,國立臺北科技大學,02311002,應用英語(文)系,學士班(日間),3,0,3,100.00
109,公立,技專校院,0025,國立臺北科技大學,04131011,經營管理系,學士班(日間),15,4,11,5.66
109,公立,技專校院,0025,國立臺北科技大學,07141025,電機工程系,學士班(日間),3,1,2,0.56
109,公立,技專校院,0025,國立臺北科技大學,07141028,電子工程系,學士班(日間),5,4,1,1.20
109,公立,技專校院,0025,國立臺北科技大學,07321045,土木工程系,學士班(日間),6,3,3,1.25
109,公立,技專校院,0025,國立臺北科技大學,01118001,技術及職業教育研究所,博士班,1,1,0,1.61
109,公立,技專校院,0025,國立臺北科技大學,07121063,環境工程與管理研究所,博士班,1,0,1,5.00
109,公立,技專校院,0025,國立臺北科技大學,07141025,電機工程系,博士班,1,1,0,1.59
109,公立,技專校院,0025,國立臺北科技大學,07151040,機電學院機電科技博士班,博士班,5,5,0,6.17
109,公立,技專校院,0025,國立臺北科技大學,07141025,電機工程系,碩士班(日間),4,4,0,1.35
109,公立,技專校院,0025,國立臺北科技大學,07141028,電子工程系,碩士班(日間),5,5,0,1.89
109,公立,技專校院,0025,國立臺北科技大學,07141032,光電工程系,碩士班(日間),1,1,0,0.64
109,公立,技專校院,0025,國立臺北科技大學,07151043,製造科技研究所,碩士班(日間),4,4,0,3.01
109,公立,技專校院,0025,國立臺北科技大學,07161042,車輛工程系,碩士班(日間),1,1,0,1.12
109,公立,技專校院,0025,國立臺北科技大學,07321045,土木工程系土木與防災碩士班,碩士班(日間),1,1,0,0.55
109,公立,技專校院,0025,國立臺北科技大學,07321045,土木工程系土木與防災博士班,博士班,1,1,0,3.33
109,公立,技專校院,0025,國立臺北科技大學,02112007,互動設計系,碩士班(日間),8,5,3,14.29
109,公立,技專校院,0025,國立臺北科技大學,06131016,資訊與財金管理系,碩士班(日間),7,5,2,10.00
109,公立,技專校院,0025,國立臺北科技大學,06131034,資訊工程系,碩士班(日間),1,1,0,0.60
109,公立,技專校院,0025,國立臺北科技大學,07112057,材料科學與工程研究所,碩士班(日間),3,2,1,2.75
109,公立,技專校院,0025,國立臺北科技大學,07151037,機械工程系機電整合碩士班,碩士班(日間),4,4,0,1.89
109,公立,一般大學,0028,國立臺北藝術大學,02111018,電影創作學系,學士班(日間),2,0,2,1.02
109,公立,一般大學,0028,國立臺北藝術大學,02111019,動畫學系,學士班(日間),2,0,2,1.08
109,公立,一般大學,0028,國立臺北藝術大學,02152011,劇場設計學系,學士班(日間),3,0,3,1.85
109,公立,一般大學,0028,國立臺北藝術大學,02191023,新媒體藝術學系,學士班(日間),2,0,2,1.06
109,公立,一般大學,0028,國立臺北藝術大學,02152008,戲劇學系,博士班,1,0,1,6.25
109,公立,一般大學,0028,國立臺北藝術大學,02191021,文化資源學院文化資產與藝術創新博士班,博士班,6,3,3,23.08
109,公立,一般大學,0028,國立臺北藝術大學,02152008,戲劇學系,碩士班(日間),3,2,1,21.43
109,公立,一般大學,0028,國立臺北藝術大學,02152013,舞蹈學系,碩士班(日間),1,1,0,1.39
109,公立,一般大學,0028,國立臺北藝術大學,02191001,藝術與人文教育研究所,碩士班(日間),3,2,1,5.88
109,公立,一般大學,0028,國立臺北藝術大學,02192025,藝術行政與管理研究所,碩士班(日間),4,2,2,3.96
109,公立,一般大學,0028,國立臺北藝術大學,02151005,音樂學系,博士班,1,0,1,2.78
109,公立,一般大學,0028,國立臺北藝術大學,02152013,舞蹈學系,博士班,2,2,0,14.29
109,公立,一般大學,0028,國立臺北藝術大學,02111018,電影創作學系,碩士班(日間),7,6,1,9.46
109,公立,一般大學,0028,國立臺北藝術大學,02151005,音樂學研究所,碩士班(日間),3,0,3,12.00
109,公立,一般大學,0028,國立臺北藝術大學,02152011,劇場設計學系,碩士班(日間),1,0,1,3.23
109,公立,一般大學,0028,國立臺北藝術大學,02191023,新媒體藝術學系,碩士班(日間),3,2,1,3.57
109,公立,一般大學,0028,國立臺北藝術大學,02191028,博物館研究所,碩士班(日間),1,0,1,1.75
109,公立,一般大學,0028,國立臺北藝術大學,02192026,文創產業國際藝術碩士學位學程,碩士班(日間),2,0,2,9.52
109,公立,一般大學,0028,國立臺北藝術大學,07311030,建築與文化資產研究所,碩士班(日間),4,1,3,6.15
109,公立,一般大學,0029,國立臺灣藝術大學,02111015,電影學系,學士班(日間),2,2,0,0.95
109,公立,一般大學,0029,國立臺灣藝術大學,02132006,雕塑學系,學士班(日間),2,0,2,1.25
109,公立,一般大學,0029,國立臺灣藝術大學,02151010,音樂學系,學士班(日間),2,1,1,0.79
109,公立,一般大學,0029,國立臺灣藝術大學,02151011,中國音樂學系,學士班(日間),1,0,1,0.69
109,公立,一般大學,0029,國立臺灣藝術大學,03213029,廣播電視學系,學士班(日間),1,1,0,0.52
109,公立,一般大學,0029,國立臺灣藝術大學,02111032,傳播學院影音創作與數位媒體產業博士班,博士班,4,3,1,30.77
109,公立,一般大學,0029,國立臺灣藝術大學,02131003,美術學系當代視覺文化博士班,博士班,3,2,1,16.67
109,公立,一般大學,0029,國立臺灣藝術大學,02192026,藝術管理與文化政策研究所,博士班,1,1,0,3.57
109,公立,一般大學,0029,國立臺灣藝術大學,02131003,美術學系,碩士班(日間),1,1,0,2.33
109,公立,一般大學,0029,國立臺灣藝術大學,02131003,美術學系當代視覺文化與實踐碩士班,碩士班(日間),1,0,1,12.50
109,公立,一般大學,0029,國立臺灣藝術大學,02131005,書畫藝術學系,碩士班(日間),4,3,1,8.51
109,公立,一般大學,0029,國立臺灣藝術大學,02141007,工藝設計學系,碩士班(日間),1,0,1,2.56
109,公立,一般大學,0029,國立臺灣藝術大學,02191017,古蹟藝術修護學系,碩士班(日間),2,2,0,10.53
109,公立,一般大學,0029,國立臺灣藝術大學,02192026,藝術管理與文化政策研究所,碩士班(日間),1,1,0,2.56
109,公立,一般大學,0029,國立臺灣藝術大學,02199030,圖文傳播藝術學系,碩士班(日間),1,0,1,3.57
109,公立,一般大學,0029,國立臺灣藝術大學,02152014,舞蹈學系,碩士班(日間),1,0,1,3.33
109,公立,一般大學,0029,國立臺灣藝術大學,02131005,書畫藝術學系,學士班(日間),1,0,1,0.69
109,公立,一般大學,0029,國立臺灣藝術大學,02152012,戲劇學系,學士班(日間),2,1,1,1.01
109,公立,一般大學,0029,國立臺灣藝術大學,02199030,圖文傳播藝術學系,學士班(日間),1,0,1,0.56
109,公立,一般大學,0029,國立臺灣藝術大學,02122027,創意產業設計研究所,博士班,5,2,3,18.52
109,公立,一般大學,0029,國立臺灣藝術大學,02131005,書畫藝術學系,博士班,2,2,0,7.69
109,公立,一般大學,0029,國立臺灣藝術大學,02191018,表演藝術學院表演藝術博士班,博士班,6,3,3,27.27
109,公立,一般大學,0029,國立臺灣藝術大學,02111015,電影學系,碩士班(日間),3,1,2,6.38
109,公立,一般大學,0029,國立臺灣藝術大學,02111032,傳播學院影音創作與數位媒體產業碩士班,碩士班(日間),1,0,1,4.55
109,公立,一般大學,0029,國立臺灣藝術大學,02112028,視覺傳達設計學系,碩士班(日間),2,1,1,6.45
109,公立,一般大學,0030,國立臺東大學,01111001,教育學系教育研究博士班,博士班,1,1,0,5.00
109,公立,一般大學,0030,國立臺東大學,02399016,兒童文學研究所,博士班,3,1,2,10.71
109,公立,一般大學,0031,國立宜蘭大學,07211033,食品科學系,學士班(日間),2,0,2,0.54
109,公立,一般大學,0031,國立宜蘭大學,07321021,土木工程學系,學士班(日間),1,1,0,0.26
109,公立,一般大學,0031,國立宜蘭大學,03111007,應用經濟與管理學系經營管理碩士班,碩士班(日間),1,0,1,3.85
109,公立,一般大學,0032,國立聯合大學,04131011,經營管理學系,學士班(日間),1,0,1,0.17
109,公立,一般大學,0032,國立聯合大學,06131016,資訊管理學系,學士班(日間),1,1,0,0.30
109,公立,一般大學,0032,國立聯合大學,06131020,資訊工程學系,學士班(日間),1,1,0,0.58
109,公立,一般大學,0032,國立聯合大學,07111028,化學工程學系,學士班(日間),1,0,1,0.29
109,公立,一般大學,0032,國立聯合大學,07112029,材料科學工程學系,學士班(日間),1,0,1,0.58
109,公立,一般大學,0032,國立聯合大學,07121034,環境與安全衛生工程學系,學士班(日間),1,0,1,0.28
109,公立,一般大學,0032,國立聯合大學,07141017,電機工程學系,學士班(日間),1,1,0,0.15
109,公立,一般大學,0032,國立聯合大學,07151025,機械工程學系,學士班(日間),1,1,0,0.15
109,公立,一般大學,0032,國立聯合大學,02122005,文化創意與數位行銷學系,學士班(日間),1,0,1,0.55
109,公立,一般大學,0032,國立聯合大學,02123006,工業設計學系,學士班(日間),1,1,0,0.63
109,公立,一般大學,0032,國立聯合大學,02323002,華語文學系,學士班(日間),1,0,1,0.52
109,公立,一般大學,0032,國立聯合大學,07141019,光電工程學系,學士班(日間),1,1,0,0.29
109,公立,一般大學,0032,國立聯合大學,07321027,土木與防災工程學系,學士班(日間),1,1,0,0.52
109,公立,技專校院,0033,國立虎尾科技大學,02112002,多媒體設計系,學士班(日間),3,3,0,0.98
109,公立,技專校院,0033,國立虎尾科技大學,07141010,電子工程系,學士班(日間),2,1,1,0.93
109,公立,技專校院,0033,國立虎尾科技大學,07151014,自動化工程系,學士班(日間),2,2,0,0.47
109,公立,技專校院,0033,國立虎尾科技大學,06131013,資訊工程系,學士班(日間),1,1,0,0.22
109,公立,技專校院,0033,國立虎尾科技大學,07151019,機械設計工程系,學士班(日間),2,2,0,0.49
109,公立,技專校院,0033,國立虎尾科技大學,07191006,工業管理系,學士班(日間),1,1,0,0.26
109,公立,一般大學,0035,國立臺南藝術大學,02151003,應用音樂學系,學士班(日間),8,2,6,3.48
109,公立,一般大學,0035,國立臺南藝術大學,02131016,藝術創作理論研究所,博士班,3,1,2,6.12
109,公立,一般大學,0035,國立臺南藝術大學,02192022,博物館學與古物維護研究所,碩士班(日間),1,0,1,0.95
109,公立,一般大學,0036,國立臺南大學,01111001,教育學系,學士班(日間),1,1,0,0.28
109,公立,一般大學,0036,國立臺南大學,04134040,行政管理學系,學士班(日間),1,1,0,0.62
109,公立,一般大學,0036,國立臺南大學,06131052,資訊工程學系,學士班(日間),3,3,0,1.79
109,公立,一般大學,0036,國立臺南大學,01111001,教育學系教育經營與管理博士班,博士班,1,0,1,1.67
109,公立,一般大學,0036,國立臺南大學,02322031,國語文學系,學士班(日間),4,1,3,1.34
109,公立,一般大學,0036,國立臺南大學,01111001,教育學系課程與教學博士班,博士班,3,0,3,8.82
109,公立,一般大學,0037,國立臺北教育大學,02121028,文化創意產業經營學系,學士班(日間),1,0,1,0.55
109,公立,一般大學,0037,國立臺北教育大學,01114044,教育經營與管理學系教育政策與管理博士班,博士班,4,4,0,5.13
109,公立,一般大學,0037,國立臺北教育大學,01111001,教育學系教育創新與評鑑碩士班,碩士班(日間),1,0,1,2.13
109,公立,一般大學,0037,國立臺北教育大學,02322018,語文與創作學系,學士班(日間),1,0,1,0.29
109,公立,一般大學,0037,國立臺北教育大學,02192027,當代藝術評論與策展研究全英語碩士學位學程,碩士班(日間),1,0,1,3.85
109,公立,一般大學,0037,國立臺北教育大學,03131007,心理與諮商學系,碩士班(日間),1,1,0,0.94
109,公立,一般大學,0039,國立臺中教育大學,01111001,教育學系,學士班(日間),3,0,3,1.75
109,公立,一般大學,0039,國立臺中教育大學,02131029,美術學系,學士班(日間),1,0,1,0.56
109,公立,一般大學,0039,國立臺中教育大學,02151030,音樂學系,學士班(日間),2,0,2,1.20
109,公立,技專校院,0043,國立勤益科技大學,07141012,電子工程系,學士班(日間),3,3,0,0.41
109,公立,技專校院,0043,國立勤益科技大學,07151016,機械工程系,學士班(日間),3,2,1,0.42
109,公立,技專校院,0043,國立勤益科技大學,02311001,應用英語系,學士班(日間),2,1,1,0.92
109,公立,技專校院,0043,國立勤益科技大學,04131002,企業管理系,學士班(日間),1,0,1,0.22
109,公立,技專校院,0043,國立勤益科技大學,04132003,流通管理系,學士班(日間),2,1,1,0.49
109,公立,技專校院,0043,國立勤益科技大學,07132026,冷凍空調與能源系,學士班(日間),1,1,0,0.20
109,公立,一般大學,0044,國立體育大學,10152014,運動保健學系,學士班(日間),1,0,1,0.43
109,公立,一般大學,0044,國立體育大學,01141001,體育研究所,博士班,13,9,4,17.57
109,公立,一般大學,0044,國立體育大學,10141008,競技與教練科學研究所,博士班,4,3,1,7.69
109,公立,一般大學,0044,國立體育大學,10142010,運動科學研究所,博士班,2,1,1,15.38
109,公立,一般大學,0044,國立體育大學,10152021,國際運動管理與創新博士學位學程,博士班,2,1,1,10.53
109,公立,一般大學,0044,國立體育大學,10141009,國際運動教練科學碩士學位學程,碩士班(日間),1,1,0,33.33
109,公立,一般大學,0044,國立體育大學,10142010,運動科學研究所,碩士班(日間),1,0,1,3.03
109,公立,一般大學,0044,國立體育大學,10152015,休閒產業經營學系,學士班(日間),3,3,0,1.32
109,公立,一般大學,0044,國立體育大學,10152017,適應體育學系,學士班(日間),1,0,1,0.46
109,公立,一般大學,0044,國立體育大學,10152016,體育推廣學系,碩士班(日間),1,0,1,2.44
109,公立,技專校院,0047,國立高雄餐旅大學,10151029,觀光研究所,博士班,3,0,3,8.57
109,公立,技專校院,0047,國立高雄餐旅大學,10131004,旅館管理系,學士班(日間),1,0,1,0.18
109,公立,技專校院,0047,國立高雄餐旅大學,10151015,旅運管理系,學士班(日間),2,1,1,1.00
109,公立,一般大學,0048,國立金門大學,02311002,應用英語學系,學士班(日間),4,2,2,1.56
109,公立,一般大學,0048,國立金門大學,02322001,華語文學系,學士班(日間),3,1,2,2.21
109,公立,一般大學,0048,國立金門大學,03121006,國際暨大陸事務學系,學士班(日間),6,3,3,4.03
109,公立,一般大學,0048,國立金門大學,06131019,資訊工程學系,學士班(日間),4,4,0,2.30
109,公立,一般大學,0048,國立金門大學,07211029,食品科學系,學士班(日間),2,1,1,1.30
109,公立,一般大學,0048,國立金門大學,07321021,土木與工程管理學系,學士班(日間),2,2,0,1.48
109,公立,一般大學,0048,國立金門大學,10152036,運動與休閒學系,學士班(日間),4,4,0,2.60
109,公立,一般大學,0048,國立金門大學,04131009,企業管理學系,碩士班(日間),3,2,1,8.33
109,公立,一般大學,0048,國立金門大學,07311026,建築學系,碩士班(日間),4,3,1,23.53
109,公立,一般大學,0048,國立金門大學,07321021,土木與工程管理學系,碩士班(日間),1,0,1,5.00
109,公立,一般大學,0048,國立金門大學,10151034,觀光管理學系,碩士班(日間),2,0,2,10.53
109,公立,一般大學,0048,國立金門大學,04131009,企業管理學系,學士班(日間),10,6,4,3.28
109,公立,一般大學,0048,國立金門大學,07141017,電子工程學系,學士班(日間),1,1,0,0.36
109,公立,一般大學,0048,國立金門大學,07311026,建築學系,學士班(日間),13,6,7,7.14
109,公立,一般大學,0048,國立金門大學,07313028,都市計畫與景觀學系,學士班(日間),7,2,5,5.83
109,公立,一般大學,0048,國立金門大學,09191032,長期照護學系,學士班(日間),1,0,1,0.74
109,公立,一般大學,0048,國立金門大學,10151034,觀光管理學系,學士班(日間),3,2,1,1.49
109,公立,一般大學,0048,國立金門大學,10152036,運動與休閒學系,碩士班(日間),1,0,1,6.67
109,公立,一般大學,0049,國立臺灣體育運動大學,01141001,體育學系,學士班(日間),2,1,1,0.49
109,公立,一般大學,0049,國立臺灣體育運動大學,02152002,舞蹈學系,碩士班(日間),1,0,1,3.03
109,公立,一般大學,0049,國立臺灣體育運動大學,01141001,體育學系,碩士班(日間),1,1,0,1.43
109,公立,技專校院,0050,國立臺中科技大學,04121021,財務金融系,學士班(日間),3,2,1,0.78
109,公立,技專校院,0050,國立臺中科技大學,04131015,企業管理系,學士班(日間),1,1,0,0.33
109,公立,技專校院,0050,國立臺中科技大學,04132029,流通管理系,學士班(日間),1,0,1,0.34
109,公立,技專校院,0050,國立臺中科技大學,06131033,資訊管理系,學士班(日間),3,3,0,0.74
109,公立,技專校院,0050,國立臺中科技大學,07141036,資訊工程系,學士班(日間),3,3,0,0.99
109,公立,技專校院,0050,國立臺中科技大學,02112005,多媒體設計系,碩士班(日間),5,4,1,9.80
109,公立,技專校院,0050,國立臺中科技大學,02123006,商業設計系,學士班(日間),3,0,3,0.92
109,公立,技專校院,0051,國立臺北商業大學,02112007,數位多媒體設計系,學士班(日間),1,0,1,0.58
109,公立,技專校院,0051,國立臺北商業大學,02122015,商業設計管理系,學士班(日間),5,2,3,1.75
109,公立,技專校院,0051,國立臺北商業大學,04121013,財務金融系,學士班(日間),5,2,3,1.82
109,公立,技專校院,0051,國立臺北商業大學,04122014,財政稅務系,學士班(日間),1,1,0,1.49
109,公立,技專校院,0051,國立臺北商業大學,04131010,企業管理系,學士班(日間),20,8,12,5.13
109,公立,技專校院,0051,國立臺北商業大學,02311006,應用外語系,學士班(日間),2,1,1,0.97
109,公立,技專校院,0051,國立臺北商業大學,04111009,會計資訊系,學士班(日間),1,1,0,0.42
109,公立,技專校院,0051,國立臺北商業大學,04141012,國際商務系,學士班(日間),6,2,4,1.32
109,公立,技專校院,0051,國立臺北商業大學,06131017,資訊管理系,學士班(日間),3,2,1,1.29
109,公立,技專校院,0051,國立臺北商業大學,02122024,創意設計與經營研究所,碩士班(日間),2,0,2,8.33
109,公立,技專校院,0051,國立臺北商業大學,04111009,會計資訊系會計財稅碩士班,碩士班(日間),1,1,0,6.25
109,公立,技專校院,0051,國立臺北商業大學,04131010,企業管理系,碩士班(日間),5,5,0,14.71
109,公立,技專校院,0051,國立臺北商業大學,04141012,國際商務系,碩士班(日間),1,0,1,3.85
109,公立,一般大學,0052,國立屏東大學,02299033,文化創意產業學系,學士班(日間),2,2,0,1.17
109,公立,一般大學,0052,國立屏東大學,04131039,企業管理學系,學士班(日間),1,0,1,0.42
109,公立,一般大學,0052,國立屏東大學,06131061,資訊科學系,學士班(日間),1,1,0,0.51
109,公立,一般大學,0052,國立屏東大學,07141060,資訊工程學系,學士班(日間),4,4,0,1.75
109,公立,一般大學,0052,國立屏東大學,04121045,財務金融學系,碩士班(日間),1,1,0,6.67
109,公立,一般大學,0052,國立屏東大學,04131039,企業管理學系,碩士班(日間),1,1,0,6.25
109,公立,一般大學,0052,國立屏東大學,02111025,視覺藝術學系,學士班(日間),3,1,2,1.67
109,公立,一般大學,0052,國立屏東大學,04121045,財務金融學系,學士班(日間),3,3,0,1.24
109,公立,一般大學,0052,國立屏東大學,02111025,視覺藝術學系,碩士班(日間),1,0,1,2.38
109,公立,技專校院,0053,國立高雄科技大學,02311008,應用日語系,學士班(日間),1,1,0,0.21
109,公立,技專校院,0053,國立高雄科技大學,04121034,金融資訊系,學士班(日間),4,3,1,1.96
109,公立,技專校院,0053,國立高雄科技大學,04121040,財務管理系,學士班(日間),3,0,3,1.30
109,公立,技專校院,0053,國立高雄科技大學,04121104,金融系,學士班(日間),6,5,1,1.37
109,公立,技專校院,0053,國立高雄科技大學,04132059,行銷與流通管理系,學士班(日間),3,1,2,0.62
109,公立,技專校院,0053,國立高雄科技大學,07151074,模具工程系,學士班(日間),1,1,0,0.14
109,公立,技專校院,0053,國立高雄科技大學,07321082,營建工程系,學士班(日間),1,1,0,0.20
109,公立,技專校院,0053,國立高雄科技大學,04199106,管理學院博士班,博士班,3,0,3,5.17
109,公立,技專校院,0053,國立高雄科技大學,07191091,工業工程與管理系,博士班,1,1,0,3.45
109,公立,技專校院,0053,國立高雄科技大學,04121040,財務管理系,碩士班(日間),1,1,0,2.50
109,公立,技專校院,0053,國立高雄科技大學,04132059,行銷與流通管理系,碩士班(日間),3,3,0,4.69
109,公立,技專校院,0053,國立高雄科技大學,06131100,資訊管理系,學士班(日間),2,1,1,0.48
109,公立,技專校院,0053,國立高雄科技大學,07121086,環境與安全衛生工程系,學士班(日間),2,2,0,0.44
109,公立,技專校院,0053,國立高雄科技大學,07321077,土木工程系,碩士班(日間),1,1,0,1.54
109,公立,技專校院,0053,國立高雄科技大學,07321082,營建工程系,碩士班(日間),1,1,0,2.78
109,公立,技專校院,0053,國立高雄科技大學,02311002,應用英語系,學士班(日間),3,1,2,0.41
109,公立,技專校院,0053,國立高雄科技大學,07141075,電腦與通訊工程系,學士班(日間),2,2,0,0.40
109,公立,技專校院,0053,國立高雄科技大學,07141103,電子工程系(建工校區),學士班(日間),4,4,0,0.61
109,公立,技專校院,0144,國立臺灣戲曲學院,02151001,戲曲音樂學系,學士班(日間),2,0,2,2.11
109,公立,技專校院,0144,國立臺灣戲曲學院,02152007,劇場藝術學系,學士班(日間),6,0,6,4.48
109,公立,技專校院,0144,國立臺灣戲曲學院,02152009,民俗技藝學系,學士班(日間),1,0,1,1.08
109,私立,一般大學,1001,東海大學,02123011,工業設計學系,學士班(日間),3,0,3,1.96
109,私立,一般大學,1001,東海大學,02151003,音樂學系,學士班(日間),6,2,4,3.43
109,私立,一般大學,1001,東海大學,02221009,歷史學系,學士班(日間),1,1,0,0.39
109,私立,一般大學,1001,東海大學,02311005,外國語文學系,學士班(日間),9,1,8,2.02
109,私立,一般大學,1001,東海大學,02322004,中國文學系,學士班(日間),6,2,4,1.42
109,私立,一般大學,1001,東海大學,03121013,政治學系,學士班(日間),5,2,3,1.09
109,私立,一般大學,1001,東海大學,03141014,社會學系,學士班(日間),3,0,3,0.70
109,私立,一般大學,1001,東海大學,04111018,會計學系,學士班(日間),1,0,1,0.21
109,私立,一般大學,1001,東海大學,04131019,企業管理學系,學士班(日間),3,2,1,0.44
109,私立,一般大學,1001,東海大學,04134016,行政管理暨政策學系,學士班(日間),2,1,1,0.69
109,私立,一般大學,1001,東海大學,04141023,國際經營與貿易學系,學士班(日間),1,0,1,0.15
109,私立,一般大學,1001,東海大學,04211027,法律學系,學士班(日間),3,0,3,0.60
109,私立,一般大學,1001,東海大學,05311030,化學系,學士班(日間),2,2,0,0.58
109,私立,一般大學,1001,東海大學,05411034,應用數學系,學士班(日間),2,2,0,1.14
109,私立,一般大學,1001,東海大學,06131039,資訊工程學系,學士班(日間),11,8,3,1.95
109,私立,一般大學,1001,東海大學,06134036,資訊管理學系,學士班(日間),3,3,0,1.17
109,私立,一般大學,1001,東海大學,07121045,環境科學與工程學系,學士班(日間),3,1,2,0.95
109,私立,一般大學,1001,東海大學,07141037,電機工程學系,學士班(日間),5,5,0,1.52
109,私立,一般大學,1001,東海大學,07211052,食品科學系,學士班(日間),1,0,1,0.26
109,私立,一般大學,1001,東海大學,07312049,景觀學系,學士班(日間),12,4,8,4.98
109,私立,一般大學,1001,東海大學,10131054,餐旅管理學系,學士班(日間),7,1,6,2.55
109,私立,一般大學,1001,東海大學,03141014,社會學系,博士班,3,1,2,7.69
109,私立,一般大學,1001,東海大學,04211027,法律學系,博士班,2,1,1,8.70
109,私立,一般大學,1001,東海大學,02131002,美術學系,學士班(日間),5,1,4,2.59
109,私立,一般大學,1001,東海大學,02231010,哲學系,學士班(日間),1,0,1,0.48
109,私立,一般大學,1001,東海大學,02311007,日本語言文化學系,學士班(日間),5,1,4,1.13
109,私立,一般大學,1001,東海大學,03111012,經濟學系,學士班(日間),3,1,2,0.53
109,私立,一般大學,1001,東海大學,04121024,財務金融學系,學士班(日間),10,4,6,1.97
109,私立,一般大學,1001,東海大學,04131021,國際學院國際經營管理學位學程,學士班(日間),2,1,1,0.78
109,私立,一般大學,1001,東海大學,05111028,生命科學系,學士班(日間),3,1,2,0.97
109,私立,一般大學,1001,東海大學,05211056,永續科學與工程學士學位學程,學士班(日間),2,2,0,1.79
109,私立,一般大學,1001,東海大學,05331032,應用物理學系,學士班(日間),2,2,0,0.93
109,私立,一般大學,1001,東海大學,05421035,統計學系,學士班(日間),5,1,4,1.25
109,私立,一般大學,1001,東海大學,07111042,化學工程與材料工程學系,學士班(日間),2,2,0,0.48
109,私立,一般大學,1001,東海大學,07311048,建築學系,學士班(日間),7,1,6,4.05
109,私立,一般大學,1001,東海大學,03121013,政治學系,博士班,1,1,0,3.45
109,私立,一般大學,1001,東海大學,02123011,工業設計學系,碩士班(日間),3,2,1,15.79
109,私立,一般大學,1001,東海大學,09231053,社會工作學系,博士班,18,5,13,43.90
109,私立,一般大學,1001,東海大學,02131002,美術學系,碩士班(日間),10,2,8,16.39
109,私立,一般大學,1001,東海大學,02231010,哲學系,碩士班(日間),1,1,0,4.17
109,私立,一般大學,1001,東海大學,03121013,政治學系,碩士班(日間),1,1,0,4.76
109,私立,一般大學,1001,東海大學,05111028,生命科學系,碩士班(日間),1,0,1,6.67
109,私立,一般大學,1001,東海大學,06133047,數位創新碩士學位學程,碩士班(日間),1,1,0,5.00
109,私立,一般大學,1001,東海大學,06134036,資訊管理學系,碩士班(日間),1,0,1,4.35
109,私立,一般大學,1001,東海大學,07191044,工業工程與經營資訊學系,碩士班(日間),1,1,0,1.72
109,私立,一般大學,1001,東海大學,07311048,建築學系,碩士班(日間),10,6,4,16.13
109,私立,一般大學,1001,東海大學,02322004,中國文學系,碩士班(日間),3,0,3,6.82
109,私立,一般大學,1001,東海大學,03141014,社會學系,碩士班(日間),3,1,2,12.50
109,私立,一般大學,1001,東海大學,04121024,財務金融學系,碩士班(日間),2,2,0,6.90
109,私立,一般大學,1001,東海大學,04131019,企業管理學系,碩士班(日間),2,0,2,4.17
109,私立,一般大學,1001,東海大學,04141023,國際經營與貿易學系,碩士班(日間),3,2,1,12.50
109,私立,一般大學,1001,東海大學,06131039,資訊工程學系,碩士班(日間),1,1,0,2.00
109,私立,一般大學,1001,東海大學,07141037,電機工程學系,碩士班(日間),1,1,0,3.85
109,私立,一般大學,1001,東海大學,07312049,景觀學系,碩士班(日間),1,1,0,5.56
109,私立,一般大學,1001,東海大學,10131054,餐旅管理學系,碩士班(日間),1,1,0,7.69
109,私立,一般大學,1002,輔仁大學,02221074,歷史學系,學士班(日間),4,1,3,0.85
109,私立,一般大學,1002,輔仁大學,02231037,哲學系,學士班(日間),5,4,1,1.09
109,私立,一般大學,1002,輔仁大學,02311016,西班牙語文學系,學士班(日間),4,0,4,1.49
109,私立,一般大學,1002,輔仁大學,02311057,義大利語文學系,學士班(日間),4,1,3,1.54
109,私立,一般大學,1002,輔仁大學,02311072,德語語文學系,學士班(日間),3,2,1,1.15
109,私立,一般大學,1002,輔仁大學,04211038,財經法律學系,學士班(日間),6,2,4,2.33
109,私立,一般大學,1002,輔仁大學,05111011,生命科學系,學士班(日間),3,0,3,0.65
109,私立,一般大學,1002,輔仁大學,05191080,營養科學系,學士班(日間),1,0,1,0.39
109,私立,一般大學,1002,輔仁大學,05331022,物理學系,學士班(日間),2,2,0,0.51
109,私立,一般大學,1002,輔仁大學,05411073,數學系,學士班(日間),3,1,2,0.70
109,私立,一般大學,1002,輔仁大學,05421049,統計資訊學系,學士班(日間),2,0,2,0.43
109,私立,一般大學,1002,輔仁大學,06131058,資訊工程學系,學士班(日間),5,5,0,0.99
109,私立,一般大學,1002,輔仁大學,07141064,電機工程學系,學士班(日間),5,5,0,1.08
109,私立,一般大學,1002,輔仁大學,07312052,景觀設計學系,學士班(日間),8,5,3,3.28
109,私立,一般大學,1002,輔仁大學,09191004,公共衛生學系,學士班(日間),1,0,1,0.42
109,私立,一般大學,1002,輔仁大學,03222065,圖書資訊學系,學士班(日間),2,0,2,0.85
109,私立,一般大學,1002,輔仁大學,04111054,會計學系,學士班(日間),4,1,3,0.83
109,私立,一般大學,1002,輔仁大學,04121027,金融與國際企業學系,學士班(日間),8,4,4,1.62
109,私立,一般大學,1002,輔仁大學,04131015,企業管理學系,學士班(日間),5,0,5,0.65
109,私立,一般大學,1002,輔仁大學,04143069,廣告傳播學系,學士班(日間),4,0,4,1.51
109,私立,一般大學,1002,輔仁大學,04211020,法律學系,學士班(日間),5,2,3,1.00
109,私立,一般大學,1002,輔仁大學,05311005,化學系,學士班(日間),2,2,0,0.44
109,私立,一般大學,1002,輔仁大學,06131059,資訊管理學系,學士班(日間),4,1,3,0.87
109,私立,一般大學,1002,輔仁大學,06199086,醫學資訊與創新應用學士學位學程,學士班(日間),2,1,1,1.54
109,私立,一般大學,1002,輔仁大學,07211035,食品科學系,學士班(日間),2,0,2,0.88
109,私立,一般大學,1002,輔仁大學,02211019,宗教學系,博士班,5,4,1,10.00
109,私立,一般大學,1002,輔仁大學,02299060,跨文化研究所比較文學與跨文化研究博士班,博士班,4,2,2,10.81
109,私立,一般大學,1002,輔仁大學,02322003,中國文學系,博士班,4,2,2,16.67
109,私立,一般大學,1002,輔仁大學,06131077,應用科學與工程研究所,博士班,1,1,0,3.57
109,私立,一般大學,1002,輔仁大學,01114047,教育領導與發展研究所,碩士班(日間),1,1,0,3.45
109,私立,一般大學,1002,輔仁大學,02122029,品牌與時尚經營管理碩士學位學程,碩士班(日間),6,1,5,50.00
109,私立,一般大學,1002,輔仁大學,02151034,音樂學系,碩士班(日間),8,1,7,10.13
109,私立,一般大學,1002,輔仁大學,02211019,宗教學系,碩士班(日間),2,0,2,4.76
109,私立,一般大學,1002,輔仁大學,02221074,歷史學系,碩士班(日間),4,2,2,13.33
109,私立,一般大學,1002,輔仁大學,02231037,哲學系,碩士班(日間),3,1,2,12.00
109,私立,一般大學,1002,輔仁大學,02311016,西班牙語文學系,碩士班(日間),1,1,0,5.26
109,私立,一般大學,1002,輔仁大學,02311072,德語語文學系,碩士班(日間),2,0,2,7.41
109,私立,一般大學,1002,輔仁大學,10131075,餐旅管理學系,學士班(日間),2,1,1,0.43
109,私立,一般大學,1002,輔仁大學,02151034,音樂學系,博士班,6,0,6,21.43
109,私立,一般大學,1002,輔仁大學,02231037,哲學系,博士班,8,7,1,19.05
109,私立,一般大學,1002,輔仁大學,03131007,心理學系,博士班,12,5,7,30.00
109,私立,一般大學,1002,輔仁大學,04191040,商學研究所,博士班,5,3,2,6.85
109,私立,一般大學,1002,輔仁大學,04211020,法律學系,博士班,3,2,1,5.66
109,私立,一般大學,1002,輔仁大學,05191036,食品營養博士學位學程,博士班,2,2,0,5.71
109,私立,一般大學,1002,輔仁大學,02122078,應用美術學系,碩士班(日間),15,3,12,29.41
109,私立,一般大學,1002,輔仁大學,02125082,織品服裝學系,碩士班(日間),10,1,9,16.13
109,私立,一般大學,1002,輔仁大學,02299060,跨文化研究所翻譯學碩士班,碩士班(日間),1,0,1,1.30
109,私立,一般大學,1002,輔仁大學,02311009,日本語文學系,碩士班(日間),4,3,1,10.53
109,私立,一般大學,1002,輔仁大學,02311021,法國語文學系,碩士班(日間),1,0,1,3.45
109,私立,一般大學,1002,輔仁大學,02322003,中國文學系,碩士班(日間),9,3,6,25.71
109,私立,一般大學,1002,輔仁大學,03131007,心理學系,碩士班(日間),10,4,6,16.67
109,私立,一般大學,1002,輔仁大學,03141023,社會學系,碩士班(日間),2,2,0,8.70
109,私立,一般大學,1002,輔仁大學,03211002,大眾傳播學研究所,碩士班(日間),13,1,12,18.31
109,私立,一般大學,1002,輔仁大學,03222065,圖書資訊學系,碩士班(日間),1,0,1,3.70
109,私立,一般大學,1002,輔仁大學,04111054,會計學系,碩士班(日間),4,2,2,8.00
109,私立,一般大學,1002,輔仁大學,04131015,企業管理學系管理學碩士班,碩士班(日間),12,9,3,15.19
109,私立,一般大學,1002,輔仁大學,04131044,國際經營管理碩士學位學程,碩士班(日間),3,3,0,12.00
109,私立,一般大學,1002,輔仁大學,04211020,法律學系,碩士班(日間),8,3,5,7.92
109,私立,一般大學,1002,輔仁大學,05421049,統計資訊學系應用統計碩士班,碩士班(日間),4,3,1,9.30
109,私立,一般大學,1002,輔仁大學,06131059,資訊管理學系,碩士班(日間),4,2,2,10.53
109,私立,一般大學,1002,輔仁大學,07211035,食品科學系,碩士班(日間),1,0,1,2.00
109,私立,一般大學,1002,輔仁大學,07312052,景觀設計學系,碩士班(日間),7,5,2,33.33
109,私立,一般大學,1002,輔仁大學,09191004,公共衛生學系,碩士班(日間),3,0,3,11.54
109,私立,一般大學,1002,輔仁大學,09221017,兒童與家庭學系,碩士班(日間),1,0,1,1.89
109,私立,一般大學,1002,輔仁大學,09231024,社會工作學系,碩士班(日間),1,1,0,2.56
109,私立,一般大學,1002,輔仁大學,03111055,經濟學系,碩士班(日間),7,6,1,29.17
109,私立,一般大學,1002,輔仁大學,03221051,博物館學研究所,碩士班(日間),10,3,7,18.18
109,私立,一般大學,1002,輔仁大學,04121027,金融與國際企業學系金融碩士班,碩士班(日間),5,3,2,10.42
109,私立,一般大學,1002,輔仁大學,04131025,社會企業碩士學位學程,碩士班(日間),1,1,0,5.26
109,私立,一般大學,1002,輔仁大學,04211038,財經法律學系,碩士班(日間),4,1,3,5.97
109,私立,一般大學,1002,輔仁大學,05111011,生命科學系,碩士班(日間),2,2,0,8.33
109,私立,一般大學,1002,輔仁大學,05191080,營養科學系,碩士班(日間),2,2,0,6.90
109,私立,一般大學,1002,輔仁大學,05331022,物理學系,碩士班(日間),1,1,0,8.33
109,私立,一般大學,1002,輔仁大學,06131058,資訊工程學系,碩士班(日間),2,2,0,4.55
109,私立,一般大學,1002,輔仁大學,07141064,電機工程學系,碩士班(日間),1,1,0,2.50
109,私立,一般大學,1002,輔仁大學,09121013,生物醫學暨藥學研究所,碩士班(日間),1,1,0,5.88
109,私立,一般大學,1002,輔仁大學,10131075,餐旅管理學系,碩士班(日間),5,2,3,13.89
109,私立,一般大學,1002,輔仁大學,10141089,體育學系,碩士班(日間),4,4,0,8.33
109,私立,一般大學,1002,輔仁大學,01114046,教育領導與科技發展學士學位學程,學士班(日間),1,0,1,0.82
109,私立,一般大學,1002,輔仁大學,02122078,應用美術學系,學士班(日間),8,2,6,2.91
109,私立,一般大學,1002,輔仁大學,02125082,織品服裝學系,學士班(日間),3,0,3,0.30
109,私立,一般大學,1002,輔仁大學,02151034,音樂學系,學士班(日間),2,1,1,1.08
109,私立,一般大學,1002,輔仁大學,02311009,日本語文學系,學士班(日間),4,1,3,0.81
109,私立,一般大學,1002,輔仁大學,02311021,法國語文學系,學士班(日間),5,2,3,1.87
109,私立,一般大學,1002,輔仁大學,02311033,英國語文學系,學士班(日間),4,0,4,1.51
109,私立,一般大學,1002,輔仁大學,02322003,中國文學系,學士班(日間),6,2,4,1.27
109,私立,一般大學,1002,輔仁大學,03111055,經濟學系,學士班(日間),6,3,3,1.28
109,私立,一般大學,1002,輔仁大學,03131007,心理學系,學士班(日間),4,1,3,1.53
109,私立,一般大學,1002,輔仁大學,03131081,臨床心理學系,學士班(日間),3,1,2,1.16
109,私立,一般大學,1002,輔仁大學,03141023,社會學系,學士班(日間),3,1,2,1.18
109,私立,一般大學,1002,輔仁大學,03212053,新聞傳播學系,學士班(日間),4,1,3,1.56
109,私立,一般大學,1002,輔仁大學,03213070,影像傳播學系,學士班(日間),2,0,2,0.72
109,私立,一般大學,1003,東吳大學,02151001,音樂學系,學士班(日間),1,0,1,0.39
109,私立,一般大學,1003,東吳大學,02311004,英文學系,學士班(日間),5,1,4,0.71
109,私立,一般大學,1003,東吳大學,03111008,經濟學系,學士班(日間),11,5,6,1.55
109,私立,一般大學,1003,東吳大學,03131011,心理學系,學士班(日間),6,0,6,2.06
109,私立,一般大學,1003,東吳大學,04111015,會計學系,學士班(日間),7,2,5,0.72
109,私立,一般大學,1003,東吳大學,04121027,財務工程與精算數學系,學士班(日間),7,3,4,0.95
109,私立,一般大學,1003,東吳大學,04141019,國際經營與貿易學系,學士班(日間),6,1,5,1.14
109,私立,一般大學,1003,東吳大學,04199031,巨量資料管理學院學士學位學程,學士班(日間),5,4,1,1.39
109,私立,一般大學,1003,東吳大學,06131028,資訊管理學系,學士班(日間),3,2,1,0.60
109,私立,一般大學,1003,東吳大學,04211021,法律學系,博士班,7,5,2,24.14
109,私立,一般大學,1003,東吳大學,02231007,哲學系,碩士班(日間),2,2,0,5.88
109,私立,一般大學,1003,東吳大學,02311005,日本語文學系,碩士班(日間),1,0,1,2.38
109,私立,一般大學,1003,東吳大學,02322002,中國文學系,碩士班(日間),4,1,3,6.56
109,私立,一般大學,1003,東吳大學,03121009,政治學系,碩士班(日間),3,2,1,12.00
109,私立,一般大學,1003,東吳大學,03141010,社會學系,碩士班(日間),1,1,0,4.17
109,私立,一般大學,1003,東吳大學,03199013,人權碩士學位學程,碩士班(日間),1,0,1,3.45
109,私立,一般大學,1003,東吳大學,04131016,企業管理學系,碩士班(日間),7,2,5,6.14
109,私立,一般大學,1003,東吳大學,04211021,法律學系,碩士班(日間),6,2,4,2.09
109,私立,一般大學,1003,東吳大學,05122022,微生物學系,碩士班(日間),4,3,1,26.67
109,私立,一般大學,1003,東吳大學,02311005,日本語文學系,學士班(日間),6,4,2,0.72
109,私立,一般大學,1003,東吳大學,02311012,德國文化學系,學士班(日間),3,1,2,1.12
109,私立,一般大學,1003,東吳大學,02322002,中國文學系,學士班(日間),4,1,3,0.58
109,私立,一般大學,1003,東吳大學,04131016,企業管理學系,學士班(日間),6,3,3,0.64
109,私立,一般大學,1003,東吳大學,04211021,法律學系,學士班(日間),8,1,7,0.65
109,私立,一般大學,1003,東吳大學,02322002,中國文學系,博士班,5,2,3,14.71
109,私立,一般大學,1003,東吳大學,03111008,經濟學系,博士班,2,1,1,10.53
109,私立,一般大學,1003,東吳大學,02151001,音樂學系,碩士班(日間),3,0,3,5.88
109,私立,一般大學,1003,東吳大學,02221006,歷史學系,碩士班(日間),4,2,2,30.77
109,私立,一般大學,1003,東吳大學,03111008,經濟學系,碩士班(日間),2,1,1,6.25
109,私立,一般大學,1003,東吳大學,03131011,心理學系,碩士班(日間),2,0,2,2.02
109,私立,一般大學,1003,東吳大學,04111015,會計學系,碩士班(日間),2,1,1,2.86
109,私立,一般大學,1003,東吳大學,04121027,財務工程與精算數學系,碩士班(日間),4,3,1,8.33
109,私立,一般大學,1003,東吳大學,04141019,國際經營與貿易學系,碩士班(日間),4,2,2,10.53
109,私立,一般大學,1003,東吳大學,04199031,巨量資料管理學院碩士學位學程,碩士班(日間),3,3,0,9.68
109,私立,一般大學,1003,東吳大學,06131028,資訊管理學系,碩士班(日間),3,3,0,10.00
109,私立,一般大學,1004,中原大學,05331024,物理學系,碩士班(日間),2,2,0,9.09
109,私立,一般大學,1004,中原大學,07141029,電機工程學系,碩士班(日間),2,2,0,2.38
109,私立,一般大學,1004,中原大學,07151034,機械工程學系,碩士班(日間),2,2,0,1.92
109,私立,一般大學,1004,中原大學,07311046,建築學系,碩士班(日間),2,2,0,3.08
109,私立,一般大學,1004,中原大學,02112008,商業設計學系,學士班(日間),13,3,10,3.49
109,私立,一般大學,1004,中原大學,02124009,室內設計學系,學士班(日間),7,2,5,1.84
109,私立,一般大學,1004,中原大學,02311005,應用外國語文學系,學士班(日間),3,0,3,0.70
109,私立,一般大學,1004,中原大學,04121019,財務金融學系,學士班(日間),8,2,6,1.64
109,私立,一般大學,1004,中原大學,04141018,國際經營與貿易學系,學士班(日間),7,5,2,1.37
109,私立,一般大學,1004,中原大學,04199020,商學院學士學位學程,學士班(日間),1,0,1,6.67
109,私立,一般大學,1004,中原大學,05121022,生物科技學系,學士班(日間),3,1,2,0.74
109,私立,一般大學,1004,中原大學,05331024,物理學系,學士班(日間),3,3,0,0.74
109,私立,一般大學,1004,中原大學,07111037,化學工程學系,學士班(日間),9,7,2,1.26
109,私立,一般大學,1004,中原大學,07141029,電機工程學系,學士班(日間),4,4,0,0.91
109,私立,一般大學,1004,中原大學,07151034,機械工程學系,學士班(日間),2,2,0,0.30
109,私立,一般大學,1004,中原大學,07191041,工業與系統工程學系,學士班(日間),3,3,0,0.46
109,私立,一般大學,1004,中原大學,07193043,生物醫學工程學系,學士班(日間),2,2,0,0.45
109,私立,一般大學,1004,中原大學,07311046,建築學系,學士班(日間),12,5,7,3.61
109,私立,一般大學,1004,中原大學,02323004,應用華語文學系,學士班(日間),2,0,2,0.41
109,私立,一般大學,1004,中原大學,03131011,心理學系,學士班(日間),10,3,7,1.76
109,私立,一般大學,1004,中原大學,04111013,會計學系,學士班(日間),5,1,4,0.74
109,私立,一般大學,1004,中原大學,04131014,企業管理學系,學士班(日間),5,4,1,0.56
109,私立,一般大學,1004,中原大學,04212021,財經法律學系,學士班(日間),1,1,0,0.19
109,私立,一般大學,1004,中原大學,05311023,化學系,學士班(日間),3,2,1,0.65
109,私立,一般大學,1004,中原大學,05411027,應用數學系,學士班(日間),1,1,0,0.23
109,私立,一般大學,1004,中原大學,06131028,資訊管理學系,學士班(日間),8,6,2,1.71
109,私立,一般大學,1004,中原大學,07121042,環境工程學系,學士班(日間),1,1,0,0.47
109,私立,一般大學,1004,中原大學,07141030,電子工程學系,學士班(日間),2,2,0,0.33
109,私立,一般大學,1004,中原大學,07141031,資訊工程學系,學士班(日間),5,5,0,1.04
109,私立,一般大學,1004,中原大學,07141033,電機資訊學院人工智慧應用學士學位學程,學士班(日間),1,0,1,3.45
109,私立,一般大學,1004,中原大學,07312047,景觀學系,學士班(日間),8,2,6,3.52
109,私立,一般大學,1004,中原大學,07321035,土木工程學系,學士班(日間),4,4,0,0.62
109,私立,一般大學,1004,中原大學,02122007,設計學博士學位學程,博士班,13,6,7,22.41
109,私立,一般大學,1004,中原大學,04191012,商學博士學位學程,博士班,6,3,3,16.22
109,私立,一般大學,1004,中原大學,02112008,商業設計學系,碩士班(日間),1,0,1,3.03
109,私立,一般大學,1004,中原大學,02124009,室內設計學系,碩士班(日間),5,2,3,8.47
109,私立,一般大學,1004,中原大學,04131014,企業管理學系,博士班,2,2,0,5.71
109,私立,一般大學,1004,中原大學,07111037,化學工程學系,博士班,2,1,1,25.00
109,私立,一般大學,1004,中原大學,07321035,土木工程學系,博士班,2,1,1,8.00
109,私立,一般大學,1004,中原大學,03131011,心理學系,碩士班(日間),1,0,1,1.08
109,私立,一般大學,1004,中原大學,04111013,會計學系,碩士班(日間),1,0,1,2.70
109,私立,一般大學,1004,中原大學,04121019,財務金融學系,碩士班(日間),2,2,0,10.53
109,私立,一般大學,1004,中原大學,04212021,財經法律學系,碩士班(日間),1,1,0,1.05
109,私立,一般大學,1004,中原大學,07312047,景觀學系,碩士班(日間),4,3,1,21.05
109,私立,一般大學,1004,中原大學,07321035,土木工程學系,碩士班(日間),2,2,0,6.67
109,私立,一般大學,1005,淡江大學學校財團法人淡江大學,03111075,產業經濟學系,學士班(日間),5,3,2,1.18
109,私立,一般大學,1005,淡江大學學校財團法人淡江大學,03111076,經濟學系,學士班(日間),8,4,4,1.21
109,私立,一般大學,1005,淡江大學學校財團法人淡江大學,03222052,資訊與圖書館學系,學士班(日間),4,0,4,0.88
109,私立,一般大學,1005,淡江大學學校財團法人淡江大學,04111051,會計學系,學士班(日間),4,0,4,0.57
109,私立,一般大學,1005,淡江大學學校財團法人淡江大學,05311031,化學學系,學士班(日間),7,4,3,1.73
109,私立,一般大學,1005,淡江大學學校財團法人淡江大學,05331030,物理學系,學士班(日間),6,5,1,1.92
109,私立,一般大學,1005,淡江大學學校財團法人淡江大學,06131018,資訊工程學系,學士班(日間),12,7,5,1.54
109,私立,一般大學,1005,淡江大學學校財團法人淡江大學,06131023,資訊管理學系,學士班(日間),3,0,3,0.42
109,私立,一般大學,1005,淡江大學學校財團法人淡江大學,06132022,資訊創新與科技學系,學士班(日間),2,2,0,0.82
109,私立,一般大學,1005,淡江大學學校財團法人淡江大學,07111010,化學工程與材料工程學系,學士班(日間),3,1,2,0.64
109,私立,一般大學,1005,淡江大學學校財團法人淡江大學,07122009,水資源及環境工程學系,學士班(日間),8,5,3,1.67
109,私立,一般大學,1005,淡江大學學校財團法人淡江大學,07141019,電機工程學系,學士班(日間),11,11,0,1.38
109,私立,一般大學,1005,淡江大學學校財團法人淡江大學,07151015,機械與機電工程學系,學士班(日間),6,6,0,1.20
109,私立,一般大學,1005,淡江大學學校財團法人淡江大學,07311007,建築學系,學士班(日間),5,1,4,1.49
109,私立,一般大學,1005,淡江大學學校財團法人淡江大學,07321012,土木工程學系,學士班(日間),6,6,0,1.03
109,私立,一般大學,1005,淡江大學學校財團法人淡江大學,10411002,運輸管理學系,學士班(日間),2,0,2,0.41
109,私立,一般大學,1005,淡江大學學校財團法人淡江大學,02311088,英文學系,博士班,1,1,0,3.85
109,私立,一般大學,1005,淡江大學學校財團法人淡江大學,05411026,數學學系,博士班,1,0,1,16.67
109,私立,一般大學,1005,淡江大學學校財團法人淡江大學,03111076,經濟學系經濟與財務碩士班,碩士班(日間),1,1,0,20.00
109,私立,一般大學,1005,淡江大學學校財團法人淡江大學,05331030,物理學系,博士班,1,0,1,14.29
109,私立,一般大學,1005,淡江大學學校財團法人淡江大學,06131018,資訊工程學系,博士班,5,2,3,25.00
109,私立,一般大學,1005,淡江大學學校財團法人淡江大學,01116092,教育科技學系,碩士班(日間),2,1,1,8.33
109,私立,一般大學,1005,淡江大學學校財團法人淡江大學,02311082,日本語文學系,碩士班(日間),1,0,1,2.56
109,私立,一般大學,1005,淡江大學學校財團法人淡江大學,02311086,法國語文學系,碩士班(日間),1,0,1,4.55
109,私立,一般大學,1005,淡江大學學校財團法人淡江大學,02322090,中國文學學系,碩士班(日間),3,2,1,8.11
109,私立,一般大學,1005,淡江大學學校財團法人淡江大學,03111075,產業經濟學系,碩士班(日間),1,1,0,10.00
109,私立,一般大學,1005,淡江大學學校財團法人淡江大學,03222052,資訊與圖書館學系,碩士班(日間),2,0,2,9.09
109,私立,一般大學,1005,淡江大學學校財團法人淡江大學,04111051,會計學系,碩士班(日間),3,2,1,5.26
109,私立,一般大學,1005,淡江大學學校財團法人淡江大學,04131047,管理科學學系企業經營碩士班,碩士班(日間),4,3,1,12.50
109,私立,一般大學,1005,淡江大學學校財團法人淡江大學,06131018,資訊工程學系,碩士班(日間),1,1,0,1.47
109,私立,一般大學,1005,淡江大學學校財團法人淡江大學,06131023,資訊管理學系,碩士班(日間),3,3,0,7.50
109,私立,一般大學,1005,淡江大學學校財團法人淡江大學,07122009,水資源及環境工程學系,碩士班(日間),4,4,0,11.76
109,私立,一般大學,1005,淡江大學學校財團法人淡江大學,07141019,電機工程學系,碩士班(日間),2,2,0,2.35
109,私立,一般大學,1005,淡江大學學校財團法人淡江大學,07311007,建築學系,碩士班(日間),2,2,0,4.55
109,私立,一般大學,1005,淡江大學學校財團法人淡江大學,07321012,土木工程學系,碩士班(日間),3,2,1,7.50
109,私立,一般大學,1005,淡江大學學校財團法人淡江大學,03211055,大眾傳播學系,碩士班(日間),9,3,6,23.08
109,私立,一般大學,1005,淡江大學學校財團法人淡江大學,04121037,財務金融學系,碩士班(日間),1,1,0,1.64
109,私立,一般大學,1005,淡江大學學校財團法人淡江大學,04121037,淡江大學暨澳洲昆士蘭理工大學財金全英語雙碩士學位學程,碩士班(日間),1,1,0,5.26
109,私立,一般大學,1005,淡江大學學校財團法人淡江大學,04131040,國際企業學系,碩士班(日間),1,0,1,2.17
109,私立,一般大學,1005,淡江大學學校財團法人淡江大學,04131049,企業管理學系,碩士班(日間),4,1,3,7.41
109,私立,一般大學,1005,淡江大學學校財團法人淡江大學,04134061,公共行政學系公共政策碩士班,碩士班(日間),1,1,0,5.56
109,私立,一般大學,1005,淡江大學學校財團法人淡江大學,05421101,商管學院大數據分析與商業智慧碩士學位學程,碩士班(日間),2,2,0,10.00
109,私立,一般大學,1005,淡江大學學校財團法人淡江大學,06131018,資訊工程學系資訊網路與多媒體碩士班,碩士班(日間),2,2,0,10.00
109,私立,一般大學,1005,淡江大學學校財團法人淡江大學,01116092,教育科技學系,學士班(日間),3,0,3,0.65
109,私立,一般大學,1005,淡江大學學校財團法人淡江大學,02221078,歷史學系,學士班(日間),2,2,0,0.40
109,私立,一般大學,1005,淡江大學學校財團法人淡江大學,02311081,俄國語文學系,學士班(日間),3,0,3,1.31
109,私立,一般大學,1005,淡江大學學校財團法人淡江大學,02311082,日本語文學系,學士班(日間),4,2,2,0.41
109,私立,一般大學,1005,淡江大學學校財團法人淡江大學,02311084,西班牙語文學系,學士班(日間),3,0,3,0.54
109,私立,一般大學,1005,淡江大學學校財團法人淡江大學,02311085,德國語文學系,學士班(日間),3,2,1,1.04
109,私立,一般大學,1005,淡江大學學校財團法人淡江大學,02311086,法國語文學系,學士班(日間),4,2,2,0.76
109,私立,一般大學,1005,淡江大學學校財團法人淡江大學,03121074,全球政治經濟學系全英語學士班,學士班(日間),1,0,1,0.68
109,私立,一般大學,1005,淡江大學學校財團法人淡江大學,03211055,大眾傳播學系,學士班(日間),5,1,4,1.81
109,私立,一般大學,1005,淡江大學學校財團法人淡江大學,04121035,商管學院全球財務管理全英語學士學位學程,學士班(日間),4,1,3,1.44
109,私立,一般大學,1005,淡江大學學校財團法人淡江大學,04121037,財務金融學系,學士班(日間),19,8,11,3.02
109,私立,一般大學,1005,淡江大學學校財團法人淡江大學,04123104,風險管理與保險學系,學士班(日間),4,3,1,0.95
109,私立,一般大學,1005,淡江大學學校財團法人淡江大學,04131040,國際企業學系,學士班(日間),11,5,6,1.43
109,私立,一般大學,1005,淡江大學學校財團法人淡江大學,04131047,管理科學學系,學士班(日間),3,1,2,0.63
109,私立,一般大學,1005,淡江大學學校財團法人淡江大學,04131049,企業管理學系,學士班(日間),5,2,3,0.81
109,私立,一般大學,1005,淡江大學學校財團法人淡江大學,05399029,理學院尖端材料科學學士學位學程,學士班(日間),2,2,0,1.28
109,私立,一般大學,1005,淡江大學學校財團法人淡江大學,05411026,數學學系,學士班(日間),6,2,4,1.57
109,私立,一般大學,1005,淡江大學學校財團法人淡江大學,05421024,統計學系,學士班(日間),3,1,2,0.43
109,私立,一般大學,1005,淡江大學學校財團法人淡江大學,10151005,國際觀光管理學系全英語學士班,學士班(日間),1,0,1,0.30
109,私立,一般大學,1005,淡江大學學校財團法人淡江大學,01114093,教育學院教育領導與科技管理博士班,博士班,4,1,3,8.70
109,私立,一般大學,1005,淡江大學學校財團法人淡江大學,02322090,中國文學學系,博士班,3,2,1,8.82
109,私立,一般大學,1005,淡江大學學校財團法人淡江大學,04121037,財務金融學系,博士班,1,1,0,2.70
109,私立,一般大學,1005,淡江大學學校財團法人淡江大學,02311088,英文學系,學士班(日間),7,2,5,0.89
109,私立,一般大學,1005,淡江大學學校財團法人淡江大學,02322090,中國文學學系,學士班(日間),7,2,5,1.24
109,私立,一般大學,1006,中國文化大學,02152043,戲劇學系,學士班(日間),2,0,2,0.70
109,私立,一般大學,1006,中國文化大學,02231081,哲學系,學士班(日間),3,1,2,1.62
109,私立,一般大學,1006,中國文化大學,02311047,俄國語文學系,學士班(日間),3,0,3,1.58
109,私立,一般大學,1006,中國文化大學,02311052,英國語文學系,學士班(日間),4,0,4,0.83
109,私立,一般大學,1006,中國文化大學,02311077,日本語文學系,學士班(日間),4,1,3,0.71
109,私立,一般大學,1006,中國文化大學,02322001,中國文學系,學士班(日間),7,1,6,1.02
109,私立,一般大學,1006,中國文化大學,03121061,政治學系,學士班(日間),1,1,0,0.47
109,私立,一般大學,1006,中國文化大學,03214101,資訊傳播學系,學士班(日間),5,1,4,1.00
109,私立,一般大學,1006,中國文化大學,04111065,會計學系,學士班(日間),1,1,0,0.23
109,私立,一般大學,1006,中國文化大學,04121037,財務金融學系,學士班(日間),7,1,6,1.00
109,私立,一般大學,1006,中國文化大學,04134012,行政管理學系,學士班(日間),4,2,2,0.87
109,私立,一般大學,1006,中國文化大學,04141041,國際貿易學系,學士班(日間),6,4,2,0.87
109,私立,一般大學,1006,中國文化大學,04143013,廣告學系,學士班(日間),7,2,5,1.33
109,私立,一般大學,1006,中國文化大學,02322001,中國文學系,碩士班(日間),2,1,1,4.08
109,私立,一般大學,1006,中國文化大學,03142087,地學研究所,碩士班(日間),1,0,1,2.56
109,私立,一般大學,1006,中國文化大學,03214101,資訊傳播學系,碩士班(日間),1,1,0,5.88
109,私立,一般大學,1006,中國文化大學,04121037,財務金融學系,碩士班(日間),1,1,0,4.35
109,私立,一般大學,1006,中國文化大學,04141041,國際貿易學系,碩士班(日間),2,2,0,7.69
109,私立,一般大學,1006,中國文化大學,04143027,行銷碩士學位學程,碩士班(日間),1,0,1,2.56
109,私立,一般大學,1006,中國文化大學,06131021,資訊工程學系,碩士班(日間),1,1,0,8.33
109,私立,一般大學,1006,中國文化大學,07151107,機械工程學系數位機電碩士班,碩士班(日間),1,1,0,6.25
109,私立,一般大學,1006,中國文化大學,07312103,景觀學系,碩士班(日間),1,0,1,5.88
109,私立,一般大學,1006,中國文化大學,07313118,都市計劃與開發管理學系,碩士班(日間),3,2,1,10.71
109,私立,一般大學,1006,中國文化大學,01111046,教育學系,學士班(日間),4,1,3,1.68
109,私立,一般大學,1006,中國文化大學,02131059,美術學系,學士班(日間),7,0,7,2.61
109,私立,一般大學,1006,中國文化大學,02151040,音樂學系,學士班(日間),5,2,3,2.23
109,私立,一般大學,1006,中國文化大學,02221098,史學系,學士班(日間),4,0,4,1.62
109,私立,一般大學,1006,中國文化大學,02311089,法國語文學系,學士班(日間),4,1,3,1.63
109,私立,一般大學,1006,中國文化大學,03111099,經濟學系,學士班(日間),3,3,0,0.71
109,私立,一般大學,1006,中國文化大學,03131004,心理輔導學系,學士班(日間),5,0,5,1.90
109,私立,一般大學,1006,中國文化大學,03142088,地理學系,學士班(日間),4,3,1,1.78
109,私立,一般大學,1006,中國文化大學,03199051,勞動暨人力資源學系,學士班(日間),2,0,2,0.43
109,私立,一般大學,1006,中國文化大學,03211036,大眾傳播學系,學士班(日間),6,1,5,1.01
109,私立,一般大學,1006,中國文化大學,03212033,新聞學系,學士班(日間),7,4,3,1.33
109,私立,一般大學,1006,中國文化大學,04131015,國際企業管理學系,學士班(日間),3,0,3,0.43
109,私立,一般大學,1006,中國文化大學,04191014,全球商務學士學位學程,學士班(日間),3,1,2,1.26
109,私立,一般大學,1006,中國文化大學,05111091,生命科學系,學士班(日間),2,1,1,1.09
109,私立,一般大學,1006,中國文化大學,05321083,土地資源學系,學士班(日間),3,3,0,1.44
109,私立,一般大學,1006,中國文化大學,06131021,資訊工程學系,學士班(日間),4,4,0,0.89
109,私立,一般大學,1006,中國文化大學,07311068,建築及都市設計學系,學士班(日間),9,5,4,3.33
109,私立,一般大學,1006,中國文化大學,08121106,園藝暨生物技術學系,學士班(日間),3,1,2,1.34
109,私立,一般大學,1006,中國文化大學,09299082,社會福利學系,學士班(日間),2,1,1,0.42
109,私立,一般大學,1006,中國文化大學,01141023,體育學系運動教練博士班,博士班,5,3,2,7.35
109,私立,一般大學,1006,中國文化大學,03142087,地學研究所,博士班,1,1,0,4.00
109,私立,一般大學,1006,中國文化大學,04212020,法律學系,學士班(日間),6,6,0,0.48
109,私立,一般大學,1006,中國文化大學,05191057,保健營養學系,學士班(日間),3,1,2,1.24
109,私立,一般大學,1006,中國文化大學,05321112,地質學系,學士班(日間),1,0,1,0.63
109,私立,一般大學,1006,中國文化大學,05331115,光電物理學系,學士班(日間),2,2,0,1.37
109,私立,一般大學,1006,中國文化大學,05411114,應用數學系,學士班(日間),2,2,0,0.59
109,私立,一般大學,1006,中國文化大學,06132006,資訊管理學系,學士班(日間),4,3,1,0.58
109,私立,一般大學,1006,中國文化大學,07111028,化學工程與材料工程學系,學士班(日間),2,2,0,0.52
109,私立,一般大學,1006,中國文化大學,07141085,電機工程學系,學士班(日間),3,3,0,0.94
109,私立,一般大學,1006,中國文化大學,07312103,景觀學系,學士班(日間),12,5,7,5.11
109,私立,一般大學,1006,中國文化大學,07313118,都市計劃與開發管理學系,學士班(日間),2,0,2,1.05
109,私立,一般大學,1006,中國文化大學,08112116,動物科學系,學士班(日間),2,1,1,1.02
109,私立,一般大學,1006,中國文化大學,08211054,森林暨自然保育學系,學士班(日間),2,2,0,0.88
109,私立,一般大學,1006,中國文化大學,10111090,生活應用科學系,學士班(日間),1,0,1,0.37
109,私立,一般大學,1006,中國文化大學,10142093,運動與健康促進學系,學士班(日間),2,0,2,0.78
109,私立,一般大學,1006,中國文化大學,04131015,國際企業管理學系,博士班,1,1,0,1.11
109,私立,一般大學,1006,中國文化大學,07311068,建築及都市設計學系,博士班,7,3,4,17.50
109,私立,一般大學,1006,中國文化大學,01141023,體育學系運動教練碩士班,碩士班(日間),2,2,0,1.92
109,私立,一般大學,1006,中國文化大學,02131059,美術學系,碩士班(日間),7,3,4,9.33
109,私立,一般大學,1006,中國文化大學,02151040,音樂學系,碩士班(日間),5,3,2,7.94
109,私立,一般大學,1006,中國文化大學,02221098,史學系,碩士班(日間),4,4,0,11.76
109,私立,一般大學,1006,中國文化大學,03121011,國家發展與中國大陸研究所,碩士班(日間),2,2,0,4.35
109,私立,一般大學,1006,中國文化大學,03199051,勞動暨人力資源學系,碩士班(日間),1,0,1,1.49
109,私立,一般大學,1006,中國文化大學,03212033,新聞學系,碩士班(日間),1,1,0,4.00
109,私立,一般大學,1006,中國文化大學,04131015,國際企業管理學系,碩士班(日間),2,2,0,4.76
109,私立,一般大學,1006,中國文化大學,06134006,資訊管理學系,碩士班(日間),1,1,0,7.69
109,私立,一般大學,1006,中國文化大學,07112028,化學工程與材料工程學系奈米材料碩士班,碩士班(日間),1,1,0,3.13
109,私立,一般大學,1006,中國文化大學,07311068,建築及都市設計學系,碩士班(日間),2,1,1,6.45
109,私立,一般大學,1006,中國文化大學,10151005,觀光事業學系,碩士班(日間),1,1,0,4.17
109,私立,一般大學,1007,逢甲大學,02322001,中國文學系,學士班(日間),3,0,3,1.17
109,私立,一般大學,1007,逢甲大學,04111017,會計學系,學士班(日間),13,6,7,1.70
109,私立,一般大學,1007,逢甲大學,04131019,企業管理學系,學士班(日間),7,3,4,1.23
109,私立,一般大學,1007,逢甲大學,04143033,行銷學系,學士班(日間),7,3,4,1.25
109,私立,一般大學,1007,逢甲大學,04199035,澳洲墨爾本皇家理工大學商學與創新雙學士學位學程,學士班(日間),7,5,2,6.03
109,私立,一般大學,1007,逢甲大學,04199092,美國加州聖荷西州立大學商學大數據分析雙學士學位學程,學士班(日間),8,4,4,6.96
109,私立,一般大學,1007,逢甲大學,05411039,應用數學系,學士班(日間),4,3,1,1.03
109,私立,一般大學,1007,逢甲大學,05421040,統計學系,學士班(日間),4,2,2,0.97
109,私立,一般大學,1007,逢甲大學,06131048,資訊工程學系,學士班(日間),15,11,4,1.46
109,私立,一般大學,1007,逢甲大學,07112069,材料科學與工程學系,學士班(日間),3,3,0,0.68
109,私立,一般大學,1007,逢甲大學,07121075,環境工程與科學學系,學士班(日間),3,2,1,0.74
109,私立,一般大學,1007,逢甲大學,07151061,機械與電腦輔助工程學系,學士班(日間),2,1,1,0.32
109,私立,一般大學,1007,逢甲大學,07311007,室內設計學士學位學程,學士班(日間),1,1,0,2.08
109,私立,一般大學,1007,逢甲大學,07311081,建築學士學位學程,學士班(日間),8,3,5,2.56
109,私立,一般大學,1007,逢甲大學,07313087,都市計畫與空間資訊學系,學士班(日間),5,4,1,1.24
109,私立,一般大學,1007,逢甲大學,07321063,土木工程學系,學士班(日間),2,2,0,0.46
109,私立,一般大學,1007,逢甲大學,07321100,土木水利工程與建設規劃博士學位學程,博士班,2,1,1,3.57
109,私立,一般大學,1007,逢甲大學,03111009,經濟學系,碩士班(日間),1,1,0,4.17
109,私立,一般大學,1007,逢甲大學,03111012,合作經濟暨社會事業經營學系,碩士班(日間),1,1,0,6.25
109,私立,一般大學,1007,逢甲大學,04121025,財務金融學系,碩士班(日間),2,1,1,6.06
109,私立,一般大學,1007,逢甲大學,04122032,財稅學系,碩士班(日間),2,0,2,9.52
109,私立,一般大學,1007,逢甲大學,04123029,風險管理與保險學系,碩士班(日間),1,1,0,2.50
109,私立,一般大學,1007,逢甲大學,04134097,公共事務與社會創新研究所,碩士班(日間),1,0,1,3.85
109,私立,一般大學,1007,逢甲大學,07111068,化學工程學系,碩士班(日間),1,1,0,1.45
109,私立,一般大學,1007,逢甲大學,07141044,電機工程學系,碩士班(日間),3,2,1,6.82
109,私立,一般大學,1007,逢甲大學,07141046,電子工程學系,碩士班(日間),2,2,0,3.28
109,私立,一般大學,1007,逢甲大學,07192074,纖維與複合材料學系,碩士班(日間),1,0,1,2.17
109,私立,一般大學,1007,逢甲大學,07311081,建築碩士學位學程,碩士班(日間),3,1,2,5.00
109,私立,一般大學,1007,逢甲大學,07111068,化學工程學系,學士班(日間),1,0,1,0.22
109,私立,一般大學,1007,逢甲大學,07122077,水利工程與資源保育學系,學士班(日間),1,1,0,0.27
109,私立,一般大學,1007,逢甲大學,07141044,電機工程學系,學士班(日間),2,1,1,0.33
109,私立,一般大學,1007,逢甲大學,07141046,電子工程學系,學士班(日間),5,5,0,1.03
109,私立,一般大學,1007,逢甲大學,07141050,通訊工程學系,學士班(日間),3,3,0,0.65
109,私立,一般大學,1007,逢甲大學,07141052,自動控制工程學系,學士班(日間),2,2,0,0.40
109,私立,一般大學,1007,逢甲大學,07141095,美國普渡大學電機資訊雙學士學位學程,學士班(日間),4,2,2,6.15
109,私立,一般大學,1007,逢甲大學,07141101,光電科學與工程學系,學士班(日間),3,3,0,0.71
109,私立,一般大學,1007,逢甲大學,07151062,精密系統設計學士學位學程,學士班(日間),1,1,0,0.49
109,私立,一般大學,1007,逢甲大學,07192074,纖維與複合材料學系,學士班(日間),2,2,0,0.51
109,私立,一般大學,1007,逢甲大學,07311083,建築專業學院學士班,學士班(日間),2,1,1,0.80
109,私立,一般大學,1007,逢甲大學,10411093,運輸與物流學系,學士班(日間),6,4,2,1.26
109,私立,一般大學,1007,逢甲大學,99999108,國際雙學士學位學程,學士班(日間),1,0,1,25.00
109,私立,一般大學,1007,逢甲大學,02322001,中國文學系,博士班,1,0,1,3.45
109,私立,一般大學,1007,逢甲大學,04191014,商學博士學位學程,博士班,4,3,1,3.31
109,私立,一般大學,1007,逢甲大學,06131048,資訊工程學系,博士班,9,6,3,32.14
109,私立,一般大學,1007,逢甲大學,07112069,材料科學與工程學系,博士班,1,0,1,20.00
109,私立,一般大學,1007,逢甲大學,07121075,環境工程與科學學系,博士班,2,2,0,15.38
109,私立,一般大學,1007,逢甲大學,02322001,中國文學系,碩士班(日間),1,0,1,4.00
109,私立,一般大學,1007,逢甲大學,04111017,會計學系,碩士班(日間),1,0,1,2.38
109,私立,一般大學,1007,逢甲大學,04131019,企業管理學系,碩士班(日間),1,0,1,2.44
109,私立,一般大學,1007,逢甲大學,02311002,外國語文學系,學士班(日間),2,1,1,0.43
109,私立,一般大學,1007,逢甲大學,03111009,經濟學系,學士班(日間),3,3,0,0.67
109,私立,一般大學,1007,逢甲大學,03111012,合作經濟暨社會事業經營學系,學士班(日間),3,1,2,1.24
109,私立,一般大學,1007,逢甲大學,04121025,財務金融學系,學士班(日間),9,5,4,1.23
109,私立,一般大學,1007,逢甲大學,04121028,財務工程與精算學士學位學程,學士班(日間),10,4,6,4.81
109,私立,一般大學,1007,逢甲大學,04122032,財稅學系,學士班(日間),2,1,1,0.42
109,私立,一般大學,1007,逢甲大學,04123029,風險管理與保險學系,學士班(日間),5,3,2,1.10
109,私立,一般大學,1007,逢甲大學,04134086,土地管理學系,學士班(日間),2,1,1,0.46
109,私立,一般大學,1007,逢甲大學,04141024,國際經營與貿易學系,學士班(日間),7,2,5,0.90
109,私立,一般大學,1007,逢甲大學,04141024,國際經營與貿易學系國際企業管理全英語學士班,學士班(日間),4,0,4,1.63
109,私立,一般大學,1007,逢甲大學,07313087,都市計畫與空間資訊學系,碩士班(日間),4,4,0,12.90
109,私立,一般大學,1007,逢甲大學,07321063,土木工程學系,碩士班(日間),3,2,1,6.98
109,私立,一般大學,1008,靜宜大學,02311004,英國語文學系,學士班(日間),3,0,3,0.53
109,私立,一般大學,1008,靜宜大學,02311006,日本語文學系,學士班(日間),3,3,0,0.48
109,私立,一般大學,1008,靜宜大學,02311007,寰宇外語教育學士學位學程,學士班(日間),1,1,0,0.61
109,私立,一般大學,1008,靜宜大學,04111011,會計學系,學士班(日間),7,4,3,1.09
109,私立,一般大學,1008,靜宜大學,04211020,法律學系,學士班(日間),1,0,1,0.19
109,私立,一般大學,1008,靜宜大學,06132009,資訊傳播工程學系,學士班(日間),6,3,3,1.20
109,私立,一般大學,1008,靜宜大學,07141030,資訊工程學系,學士班(日間),7,5,2,1.47
109,私立,一般大學,1008,靜宜大學,09161035,化粧品科學系,學士班(日間),5,0,5,1.04
109,私立,一般大學,1008,靜宜大學,10151034,觀光事業學系,學士班(日間),3,0,3,0.39
109,私立,一般大學,1008,靜宜大學,04121019,財務金融學系,碩士班(日間),3,1,2,15.79
109,私立,一般大學,1008,靜宜大學,04131015,國際企業學系,碩士班(日間),3,1,2,13.64
109,私立,一般大學,1008,靜宜大學,05191031,食品營養學系,碩士班(日間),2,1,1,5.26
109,私立,一般大學,1008,靜宜大學,05499036,財務工程學系,學士班(日間),5,4,1,2.06
109,私立,一般大學,1008,靜宜大學,05499037,資料科學暨大數據分析與應用學系,學士班(日間),2,2,0,0.67
109,私立,一般大學,1008,靜宜大學,06131027,資訊管理學系,學士班(日間),3,2,1,0.63
109,私立,一般大學,1008,靜宜大學,09231032,社會工作與兒童少年福利學系,學士班(日間),2,2,0,0.35
109,私立,一般大學,1008,靜宜大學,02311004,英國語文學系,碩士班(日間),1,1,0,4.55
109,私立,一般大學,1008,靜宜大學,04131018,創新與創業管理碩士學位學程,碩士班(日間),1,0,1,9.09
109,私立,一般大學,1008,靜宜大學,09161035,化粧品科學系,碩士班(日間),1,0,1,5.26
109,私立,一般大學,1008,靜宜大學,02311005,西班牙語文學系,學士班(日間),5,2,3,1.12
109,私立,一般大學,1008,靜宜大學,02322003,中國文學系,學士班(日間),8,3,5,1.83
109,私立,一般大學,1008,靜宜大學,03211008,大眾傳播學系,學士班(日間),9,3,6,2.96
109,私立,一般大學,1008,靜宜大學,04121019,財務金融學系,學士班(日間),17,8,9,2.50
109,私立,一般大學,1008,靜宜大學,04131012,企業管理學系,學士班(日間),9,7,2,1.36
109,私立,一般大學,1008,靜宜大學,04131015,國際企業學系,學士班(日間),6,5,1,0.85
109,私立,一般大學,1008,靜宜大學,04191010,寰宇管理學士學位學程,學士班(日間),1,0,1,0.54
109,私立,一般大學,1008,靜宜大學,05191031,食品營養學系,學士班(日間),5,1,4,1.10
109,私立,一般大學,1009,長庚大學,02122001,工業設計學系,學士班(日間),4,0,4,2.16
109,私立,一般大學,1009,長庚大學,04131005,工商管理學系,學士班(日間),3,1,2,1.65
109,私立,一般大學,1009,長庚大學,04133053,國際健康管理學士學位學程,學士班(日間),2,1,1,13.33
109,私立,一般大學,1009,長庚大學,07111025,化工與材料工程學系,學士班(日間),1,1,0,0.47
109,私立,一般大學,1009,長庚大學,07141014,電機工程學系,學士班(日間),3,3,0,0.77
109,私立,一般大學,1009,長庚大學,07141016,電子工程學系,學士班(日間),3,3,0,0.79
109,私立,一般大學,1009,長庚大學,06131013,資訊管理學系,學士班(日間),2,2,0,0.54
109,私立,一般大學,1009,長庚大學,06131018,資訊工程學系,學士班(日間),4,3,1,1.67
109,私立,一般大學,1009,長庚大學,07151022,機械工程學系,學士班(日間),2,2,0,1.20
109,私立,一般大學,1009,長庚大學,04131004,企業管理研究所,博士班,5,4,1,16.67
109,私立,一般大學,1009,長庚大學,07141016,電子工程學系,博士班,1,1,0,2.70
109,私立,一般大學,1009,長庚大學,04131005,工商管理學系,碩士班(日間),2,2,0,4.44
109,私立,一般大學,1009,長庚大學,07141014,電機工程學系,碩士班(日間),2,2,0,3.23
109,私立,一般大學,1009,長庚大學,05123012,生物醫學系,學士班(日間),3,1,2,0.90
109,私立,一般大學,1009,長庚大學,09141046,醫學生物技術暨檢驗學系,學士班(日間),5,3,2,2.09
109,私立,一般大學,1009,長庚大學,09141048,醫學影像暨放射科學系,學士班(日間),3,1,2,2.26
109,私立,一般大學,1009,長庚大學,09199042,呼吸治療學系,學士班(日間),1,0,1,0.67
109,私立,一般大學,1010,元智大學,02191001,藝術與設計學系,學士班(日間),18,7,11,9.57
109,私立,一般大學,1010,元智大學,02311007,應用外語學系,學士班(日間),5,0,5,2.33
109,私立,一般大學,1010,元智大學,04199018,管理學院學士班,學士班(日間),10,1,9,0.57
109,私立,一般大學,1010,元智大學,06131028,資訊工程學系,學士班(日間),5,5,0,0.77
109,私立,一般大學,1010,元智大學,06133013,資訊傳播學系,學士班(日間),6,1,5,1.20
109,私立,一般大學,1010,元智大學,07111041,化學工程與材料科學學系,學士班(日間),5,5,0,1.09
109,私立,一般大學,1010,元智大學,07141033,電機工程學系,學士班(日間),12,11,1,1.10
109,私立,一般大學,1010,元智大學,07191043,工業工程與管理學系,學士班(日間),3,2,1,0.71
109,私立,一般大學,1010,元智大學,06131011,資訊管理學系,博士班,1,1,0,5.88
109,私立,一般大學,1010,元智大學,07141033,電機工程學系,博士班,3,2,1,6.67
109,私立,一般大學,1010,元智大學,02299049,人文社會學院英語學士班,學士班(日間),2,0,2,1.56
109,私立,一般大學,1010,元智大學,02322004,中國語文學系,學士班(日間),3,0,3,1.41
109,私立,一般大學,1010,元智大學,03141009,社會暨政策科學學系,學士班(日間),2,2,0,0.96
109,私立,一般大學,1010,元智大學,06131011,資訊管理學系,學士班(日間),4,2,2,0.85
109,私立,一般大學,1010,元智大學,06131051,資訊學院英語學士班,學士班(日間),1,0,1,0.97
109,私立,一般大學,1010,元智大學,07151037,機械工程學系,學士班(日間),4,4,0,0.93
109,私立,一般大學,1010,元智大學,07191043,工業工程與管理學系,博士班,2,1,1,6.25
109,私立,一般大學,1010,元智大學,03141009,社會暨政策科學學系,碩士班(日間),1,0,1,5.88
109,私立,一般大學,1010,元智大學,04131019,管理學院經營管理碩士班,碩士班(日間),2,2,0,1.98
109,私立,一般大學,1010,元智大學,06133013,資訊傳播學系,碩士班(日間),1,1,0,3.70
109,私立,一般大學,1010,元智大學,07194050,工程學院英語學士班,學士班(日間),2,1,1,1.96
109,私立,一般大學,1010,元智大學,02299047,文化產業與文化政策博士學位學程,博士班,5,3,2,20.83
109,私立,一般大學,1010,元智大學,04199018,管理學院博士班,博士班,2,1,1,2.22
109,私立,一般大學,1010,元智大學,02191001,藝術與設計學系藝術與設計管理碩士班,碩士班(日間),1,0,1,7.14
109,私立,一般大學,1010,元智大學,07141033,電機工程學系,碩士班(日間),4,4,0,2.33
109,私立,一般大學,1011,中華大學學校財團法人中華大學,04121012,財務管理學系,學士班(日間),1,1,0,0.48
109,私立,一般大學,1011,中華大學學校財團法人中華大學,07141022,電機工程學系,學士班(日間),2,2,0,0.68
109,私立,一般大學,1011,中華大學學校財團法人中華大學,04199014,科技管理博士學位學程,博士班,2,1,1,5.00
109,私立,一般大學,1011,中華大學學校財團法人中華大學,07194037,工程科學博士學位學程,博士班,4,3,1,40.00
109,私立,一般大學,1011,中華大學學校財團法人中華大學,06131025,資訊工程學系,學士班(日間),2,2,0,0.52
109,私立,一般大學,1011,中華大學學校財團法人中華大學,07311038,建築與都市計畫學系,學士班(日間),3,2,1,0.99
109,私立,一般大學,1011,中華大學學校財團法人中華大學,07321032,土木工程學系,學士班(日間),1,1,0,0.75
109,私立,一般大學,1012,大葉大學,02121002,造形藝術學系,學士班(日間),2,1,1,0.72
109,私立,一般大學,1012,大葉大學,02123012,工業設計學系,學士班(日間),6,2,4,3.37
109,私立,一般大學,1012,大葉大學,03211018,傳播藝術學士學位學程,學士班(日間),3,1,2,2.21
109,私立,一般大學,1012,大葉大學,04121025,財務金融學系,學士班(日間),2,1,1,0.96
109,私立,一般大學,1012,大葉大學,07151046,機械與自動化工程學系,學士班(日間),4,4,0,1.32
109,私立,一般大學,1012,大葉大學,02124014,空間設計學系,學士班(日間),1,0,1,0.29
109,私立,一般大學,1012,大葉大學,06131039,資訊工程學系,學士班(日間),1,1,0,0.73
109,私立,一般大學,1012,大葉大學,07141038,電機工程學系,學士班(日間),1,1,0,0.55
109,私立,一般大學,1012,大葉大學,07141038,電機工程學系,博士班,1,1,0,7.14
109,私立,一般大學,1013,華梵學校財團法人華梵大學,02299009,東方人文思想研究所,博士班,5,4,1,10.20
109,私立,一般大學,1013,華梵學校財團法人華梵大學,02131002,美術與文創學系,學士班(日間),3,1,2,1.40
109,私立,一般大學,1013,華梵學校財團法人華梵大學,02123008,工業設計學系,碩士班(日間),1,1,0,25.00
109,私立,一般大學,1014,義守大學,02311003,應用日語學系,學士班(日間),1,1,0,0.30
109,私立,一般大學,1014,義守大學,03211008,大眾傳播學系,學士班(日間),8,2,6,2.51
109,私立,一般大學,1014,義守大學,04111009,會計學系,學士班(日間),1,0,1,0.41
109,私立,一般大學,1014,義守大學,04199019,工業管理學系,學士班(日間),1,0,1,0.49
109,私立,一般大學,1014,義守大學,02111001,電影與電視學系,學士班(日間),8,4,4,2.52
109,私立,一般大學,1014,義守大學,02112005,數位多媒體設計學系,學士班(日間),2,1,1,1.06
109,私立,一般大學,1014,義守大學,02123006,創意商品設計學系,學士班(日間),7,7,0,3.30
109,私立,一般大學,1014,義守大學,04121017,國際財務金融學系,學士班(日間),4,3,1,3.57
109,私立,一般大學,1014,義守大學,04121066,財務金融管理學系,學士班(日間),6,3,3,1.46
109,私立,一般大學,1014,義守大學,07193037,生物醫學工程學系,學士班(日間),1,1,0,0.27
109,私立,一般大學,1014,義守大學,06131027,資訊工程學系,學士班(日間),1,1,0,0.24
109,私立,一般大學,1014,義守大學,07141028,通訊工程學系,學士班(日間),1,1,0,0.68
109,私立,一般大學,1014,義守大學,04131012,管理學院管理博士班,博士班,5,1,4,16.67
109,私立,一般大學,1014,義守大學,07111021,生物技術與化學工程研究所,博士班,1,1,0,4.00
109,私立,一般大學,1014,義守大學,07141025,電機工程學系,博士班,4,2,2,16.67
109,私立,一般大學,1014,義守大學,03211008,大眾傳播學系,碩士班(日間),1,0,1,9.09
109,私立,一般大學,1014,義守大學,04121066,財務金融管理學系,碩士班(日間),2,2,0,28.57
109,私立,一般大學,1014,義守大學,09141050,醫學影像暨放射科學系,學士班(日間),1,0,1,0.37
109,私立,一般大學,1014,義守大學,04131010,企業管理學系,碩士班(日間),5,3,2,5.21
109,私立,一般大學,1014,義守大學,07321032,土木與生態工程學系,碩士班(日間),1,1,0,12.50
109,私立,一般大學,1015,世新大學,02311003,日本語文學系,學士班(日間),1,0,1,0.23
109,私立,一般大學,1015,世新大學,02322001,中國文學系,學士班(日間),4,2,2,2.29
109,私立,一般大學,1015,世新大學,03111005,經濟學系,學士班(日間),3,1,2,0.90
109,私立,一般大學,1015,世新大學,03212017,新聞學系,學士班(日間),5,0,5,0.69
109,私立,一般大學,1015,世新大學,02111018,廣播電視電影學系,學士班(日間),18,4,14,1.65
109,私立,一般大學,1015,世新大學,02112004,數位多媒體設計學系,學士班(日間),10,3,7,2.11
109,私立,一般大學,1015,世新大學,02311002,英語學系,學士班(日間),2,0,2,0.50
109,私立,一般大學,1015,世新大學,03141008,社會心理學系,學士班(日間),2,0,2,0.48
109,私立,一般大學,1015,世新大學,03214014,口語傳播暨社群媒體學系,學士班(日間),4,0,4,0.82
109,私立,一般大學,1015,世新大學,03214020,圖文傳播暨數位出版學系,學士班(日間),5,1,4,1.08
109,私立,一般大學,1015,世新大學,04143019,公共關係暨廣告學系,學士班(日間),10,1,9,1.37
109,私立,一般大學,1015,世新大學,10151029,觀光學系,學士班(日間),1,1,0,0.15
109,私立,一般大學,1015,世新大學,04134009,行政管理學系,博士班,3,2,1,13.04
109,私立,一般大學,1015,世新大學,02111018,廣播電視電影學系,碩士班(日間),13,2,11,15.85
109,私立,一般大學,1015,世新大學,02112004,數位多媒體設計學系,碩士班(日間),3,2,1,14.29
109,私立,一般大學,1015,世新大學,03141008,社會心理學系,碩士班(日間),1,0,1,14.29
109,私立,一般大學,1015,世新大學,03191006,社會發展研究所,碩士班(日間),1,1,0,4.55
109,私立,一般大學,1015,世新大學,03214013,資訊傳播學系,碩士班(日間),1,1,0,6.67
109,私立,一般大學,1015,世新大學,04131023,企業管理學系,碩士班(日間),2,2,0,11.76
109,私立,一般大學,1015,世新大學,04199025,傳播管理學系,碩士班(日間),5,0,5,20.83
109,私立,一般大學,1015,世新大學,06131028,資訊管理學系,碩士班(日間),2,0,2,5.41
109,私立,一般大學,1015,世新大學,03214013,資訊傳播學系,學士班(日間),5,0,5,2.08
109,私立,一般大學,1015,世新大學,04121024,財務金融學系,學士班(日間),4,1,3,1.06
109,私立,一般大學,1015,世新大學,04131023,企業管理學系,學士班(日間),5,4,1,2.36
109,私立,一般大學,1015,世新大學,04199025,傳播管理學系,學士班(日間),7,1,6,1.11
109,私立,一般大學,1015,世新大學,02322001,中國文學系,博士班,2,1,1,9.52
109,私立,一般大學,1015,世新大學,03214012,傳播博士學位學程,博士班,31,12,19,56.36
109,私立,一般大學,1015,世新大學,02322001,中國文學系,碩士班(日間),3,0,3,21.43
109,私立,一般大學,1015,世新大學,03141007,性別研究所,碩士班(日間),2,0,2,5.56
109,私立,一般大學,1015,世新大學,03212017,新聞學系,碩士班(日間),2,0,2,8.00
109,私立,一般大學,1015,世新大學,03214014,口語傳播暨社群媒體學系,碩士班(日間),1,0,1,4.55
109,私立,一般大學,1015,世新大學,04134009,行政管理學系,碩士班(日間),2,0,2,10.00
109,私立,一般大學,1015,世新大學,04143019,公共關係暨廣告學系,碩士班(日間),8,2,6,17.02
109,私立,一般大學,1015,世新大學,10151029,觀光學系,碩士班(日間),2,0,2,9.09
109,私立,一般大學,1016,銘傳大學,01131042,華語文教學學系,學士班(日間),1,0,1,0.25
109,私立,一般大學,1016,銘傳大學,02112072,商業設計學系,學士班(日間),3,0,3,0.60
109,私立,一般大學,1016,銘傳大學,03131054,諮商與工商心理學系,學士班(日間),3,1,2,1.01
109,私立,一般大學,1016,銘傳大學,03212046,新聞學系,學士班(日間),16,2,14,6.53
109,私立,一般大學,1016,銘傳大學,03213064,新媒體暨傳播管理學系,學士班(日間),14,5,9,4.38
109,私立,一般大學,1016,銘傳大學,04111032,會計學系,學士班(日間),5,3,2,0.65
109,私立,一般大學,1016,銘傳大學,04121020,財務金融學系,學士班(日間),27,11,16,3.42
109,私立,一般大學,1016,銘傳大學,04123056,風險管理與保險學系,學士班(日間),2,0,2,0.37
109,私立,一般大學,1016,銘傳大學,04131017,國際企業與貿易學士學位學程,學士班(日間),1,1,0,0.21
109,私立,一般大學,1016,銘傳大學,04131061,國際企業學系,學士班(日間),4,0,4,0.49
109,私立,一般大學,1016,銘傳大學,04133022,醫療資訊與管理學系,學士班(日間),3,1,2,0.77
109,私立,一般大學,1016,銘傳大學,06131045,資訊管理學系,學士班(日間),6,2,4,0.96
109,私立,一般大學,1016,銘傳大學,06134050,電腦與通訊工程學系,學士班(日間),4,3,1,1.02
109,私立,一般大學,1016,銘傳大學,07141025,電子工程學系,學士班(日間),5,4,1,1.42
109,私立,一般大學,1016,銘傳大學,07141029,資訊工程學系,學士班(日間),8,7,1,1.90
109,私立,一般大學,1016,銘傳大學,10151033,觀光事業學系,學士班(日間),1,0,1,0.34
109,私立,一般大學,1016,銘傳大學,10152076,休閒遊憩管理學系,學士班(日間),6,1,5,2.29
109,私立,一般大學,1016,銘傳大學,03213064,新媒體暨傳播管理學系,碩士班(日間),5,4,1,20.00
109,私立,一般大學,1016,銘傳大學,04121020,財務金融學系,碩士班(日間),5,3,2,17.86
109,私立,一般大學,1016,銘傳大學,04123056,風險管理與保險學系,碩士班(日間),4,2,2,18.18
109,私立,一般大學,1016,銘傳大學,04133022,醫療資訊與管理學系健康產業管理碩士班,碩士班(日間),1,1,0,8.33
109,私立,一般大學,1016,銘傳大學,05121009,生物科技學系,碩士班(日間),1,1,0,5.26
109,私立,一般大學,1016,銘傳大學,07311026,建築學系,碩士班(日間),4,3,1,21.05
109,私立,一般大學,1016,銘傳大學,02112012,數位媒體設計學系,學士班(日間),4,1,3,0.64
109,私立,一般大學,1016,銘傳大學,02311010,應用日語學系,學士班(日間),2,0,2,0.39
109,私立,一般大學,1016,銘傳大學,02322002,應用中國文學系,學士班(日間),5,1,4,1.13
109,私立,一般大學,1016,銘傳大學,03211063,新聞與大眾傳播學士學位學程,學士班(日間),1,0,1,0.79
109,私立,一般大學,1016,銘傳大學,03213047,廣播電視學系,學士班(日間),7,2,5,1.71
109,私立,一般大學,1016,銘傳大學,04121059,經濟與金融學系,學士班(日間),7,4,3,1.50
109,私立,一般大學,1016,銘傳大學,04131036,企業管理學系,學士班(日間),10,3,7,1.15
109,私立,一般大學,1016,銘傳大學,04143015,廣告暨策略行銷學系,學士班(日間),6,1,5,1.83
109,私立,一般大學,1016,銘傳大學,04199089,金融科技應用學士學位學程,學士班(日間),1,0,1,0.78
109,私立,一般大學,1016,銘傳大學,04211039,法律學系,學士班(日間),2,0,2,0.49
109,私立,一般大學,1016,銘傳大學,05421079,應用統計與資料科學學系,學士班(日間),5,0,5,1.36
109,私立,一般大學,1016,銘傳大學,04212024,財金法律學系,學士班(日間),1,1,0,0.49
109,私立,一般大學,1016,銘傳大學,05121009,生物科技學系,學士班(日間),3,1,2,0.76
109,私立,一般大學,1016,銘傳大學,06132078,資訊傳播工程學系,學士班(日間),2,2,0,0.50
109,私立,一般大學,1016,銘傳大學,07193043,生物醫學工程學系,學士班(日間),1,1,0,0.53
109,私立,一般大學,1016,銘傳大學,07311026,建築學系,學士班(日間),1,0,1,0.36
109,私立,一般大學,1016,銘傳大學,10131044,餐旅管理學系,學士班(日間),1,1,0,0.25
109,私立,一般大學,1016,銘傳大學,02322002,應用中國文學系,博士班,10,6,4,31.25
109,私立,一般大學,1016,銘傳大學,04131036,企業管理學系,博士班,14,4,10,31.11
109,私立,一般大學,1016,銘傳大學,02123073,商品設計學系創新設計與管理碩士班,碩士班(日間),1,0,1,4.35
109,私立,一般大學,1016,銘傳大學,04121059,經濟與金融學系,碩士班(日間),1,1,0,20.00
109,私立,一般大學,1016,銘傳大學,04131036,企業管理學系,碩士班(日間),5,3,2,10.87
109,私立,一般大學,1016,銘傳大學,06131045,資訊管理學系,碩士班(日間),1,0,1,5.56
109,私立,一般大學,1016,銘傳大學,07141029,資訊工程學系,碩士班(日間),3,3,0,13.64
109,私立,一般大學,1016,銘傳大學,10151033,觀光事業學系,碩士班(日間),2,1,1,8.70
109,私立,一般大學,1017,實踐大學,02122009,時尚設計學系,學士班(日間),9,2,7,1.58
109,私立,一般大學,1017,實踐大學,02125053,服飾設計與經營學系,學士班(日間),5,1,4,0.93
109,私立,一般大學,1017,實踐大學,02311004,應用外語學系,學士班(日間),3,1,2,0.72
109,私立,一般大學,1017,實踐大學,02311005,應用英語學系,學士班(日間),1,1,0,0.58
109,私立,一般大學,1017,實踐大學,02311006,應用日文學系,學士班(日間),1,0,1,0.24
109,私立,一般大學,1017,實踐大學,04131021,企業管理學系,學士班(日間),4,0,4,0.89
109,私立,一般大學,1017,實踐大學,04131023,國際企業英語學士學位學程,學士班(日間),1,0,1,0.49
109,私立,一般大學,1017,實踐大學,05191043,食品營養與保健生技學系,學士班(日間),3,1,2,0.65
109,私立,一般大學,1017,實踐大學,06131037,資訊科技與管理學系,學士班(日間),1,1,0,0.23
109,私立,一般大學,1017,實踐大學,04123033,風險管理與保險學系,學士班(日間),2,0,2,0.48
109,私立,一般大學,1017,實踐大學,04141028,國際經營與貿易學系,學士班(日間),1,0,1,0.22
109,私立,一般大學,1017,實踐大學,07311041,建築設計學系,學士班(日間),7,3,4,3.06
109,私立,一般大學,1017,實踐大學,09221045,家庭研究與兒童發展學系,學士班(日間),3,0,3,1.28
109,私立,一般大學,1017,實踐大學,10151047,觀光管理學系,學士班(日間),1,0,1,0.21
109,私立,一般大學,1017,實踐大學,04131021,企業管理學系,碩士班(日間),3,2,1,18.75
109,私立,一般大學,1017,實踐大學,06131037,資訊科技與管理學系,碩士班(日間),2,1,1,16.67
109,私立,一般大學,1017,實踐大學,09231044,社會工作學系,學士班(日間),1,0,1,0.23
109,私立,一般大學,1017,實踐大學,04199036,管理學院創意產業博士班,博士班,14,5,9,46.67
109,私立,一般大學,1017,實踐大學,02112012,媒體傳達設計學系,碩士班(日間),7,2,5,14.00
109,私立,一般大學,1017,實踐大學,02123014,工業產品設計學系,碩士班(日間),5,2,3,6.49
109,私立,一般大學,1017,實踐大學,02125051,服裝設計學系,碩士班(日間),1,1,0,2.04
109,私立,一般大學,1017,實踐大學,02151001,音樂學系,碩士班(日間),1,0,1,3.23
109,私立,一般大學,1017,實踐大學,04121029,財務金融學系,碩士班(日間),1,0,1,6.25
109,私立,一般大學,1017,實踐大學,04131023,國際企業英語碩士學位學程,碩士班(日間),2,1,1,14.29
109,私立,一般大學,1017,實踐大學,02112012,媒體傳達設計學系,學士班(日間),12,5,7,3.02
109,私立,一般大學,1017,實踐大學,02123014,工業產品設計學系,學士班(日間),6,1,5,2.14
109,私立,一般大學,1017,實踐大學,02125051,服裝設計學系,學士班(日間),9,0,9,1.69
109,私立,一般大學,1017,實踐大學,02151001,音樂學系,學士班(日間),3,0,3,1.57
109,私立,一般大學,1017,實踐大學,04111019,會計學系,學士班(日間),7,3,4,1.72
109,私立,一般大學,1017,實踐大學,04121029,財務金融學系,學士班(日間),4,2,2,0.92
109,私立,技專校院,1018,朝陽科技大學,02112003,視覺傳達設計系,學士班(日間),21,5,16,3.63
109,私立,技專校院,1018,朝陽科技大學,02311001,應用英語系,學士班(日間),2,1,1,0.40
109,私立,技專校院,1018,朝陽科技大學,02311001,應用英語系(陸生二技),學士班(日間),2,1,1,100.00
109,私立,技專校院,1018,朝陽科技大學,04123011,保險金融管理系,學士班(日間),3,2,1,0.47
109,私立,技專校院,1018,朝陽科技大學,04131008,企業管理系(陸生二技),學士班(日間),1,1,0,100.00
109,私立,技專校院,1018,朝陽科技大學,06131019,資訊管理系,學士班(日間),2,2,0,0.27
109,私立,技專校院,1018,朝陽科技大學,07121027,環境工程與管理系,學士班(日間),1,0,1,0.24
109,私立,技專校院,1018,朝陽科技大學,07141020,資訊工程系,學士班(日間),2,2,0,0.41
109,私立,技專校院,1018,朝陽科技大學,07311028,建築系,學士班(日間),8,6,2,1.74
109,私立,技專校院,1018,朝陽科技大學,07312031,景觀及都市設計系,學士班(日間),7,3,4,2.05
109,私立,技專校院,1018,朝陽科技大學,09221035,幼兒保育系,學士班(日間),2,0,2,0.41
109,私立,技專校院,1018,朝陽科技大學,10152036,休閒事業管理系,學士班(日間),3,0,3,0.62
109,私立,技專校院,1018,朝陽科技大學,02122028,建築系建築及都市設計博士班,博士班,4,2,2,15.38
109,私立,技專校院,1018,朝陽科技大學,04131008,企業管理系台灣產業策略發展博士班,博士班,1,0,1,2.78
109,私立,技專校院,1018,朝陽科技大學,02123004,工業設計系,碩士班(日間),2,0,2,7.41
109,私立,技專校院,1018,朝陽科技大學,07312031,景觀及都市設計系,碩士班(日間),1,1,0,5.00
109,私立,技專校院,1018,朝陽科技大學,02123004,工業設計系,學士班(日間),5,4,1,1.00
109,私立,技專校院,1018,朝陽科技大學,03211006,傳播藝術系,學士班(日間),23,7,16,4.34
109,私立,技專校院,1018,朝陽科技大學,04121010,財務金融系,學士班(日間),3,1,2,0.45
109,私立,技專校院,1018,朝陽科技大學,06111023,資訊與通訊系,學士班(日間),2,2,0,0.44
109,私立,技專校院,1018,朝陽科技大學,07121027,環境工程與管理系(陸生二技),學士班(日間),1,1,0,100.00
109,私立,技專校院,1018,朝陽科技大學,07141020,資訊工程系(陸生二技),學士班(日間),1,1,0,100.00
109,私立,技專校院,1018,朝陽科技大學,07311028,建築系(陸生二技),學士班(日間),4,3,1,100.00
109,私立,技專校院,1018,朝陽科技大學,07321025,營建工程系,博士班,1,1,0,20.00
109,私立,技專校院,1018,朝陽科技大學,02112003,視覺傳達設計系,碩士班(日間),1,0,1,4.17
109,私立,技專校院,1018,朝陽科技大學,04123011,保險金融管理系,碩士班(日間),1,1,0,6.25
109,私立,技專校院,1018,朝陽科技大學,07311028,建築系建築及都市設計碩士班,碩士班(日間),2,1,1,7.69
109,私立,技專校院,1018,朝陽科技大學,07321025,營建工程系,碩士班(日間),1,1,0,2.78
109,私立,一般大學,1019,高雄醫學大學,09111046,口腔衛生學系,學士班(日間),1,0,1,0.76
109,私立,一般大學,1019,高雄醫學大學,09231049,醫學社會學與社會工作學系,學士班(日間),2,2,0,1.02
109,私立,一般大學,1019,高雄醫學大學,09161026,天然藥物研究所,博士班,1,0,1,5.00
109,私立,一般大學,1019,高雄醫學大學,09161027,香粧品學系,學士班(日間),3,0,3,1.26
109,私立,一般大學,1019,高雄醫學大學,04133003,醫務管理暨醫療資訊學系,學士班(日間),1,1,0,0.44
109,私立,一般大學,1019,高雄醫學大學,05311017,醫藥暨應用化學系,學士班(日間),6,3,3,1.82
109,私立,一般大學,1020,南華大學,04121031,財務金融學系,學士班(日間),1,1,0,0.53
109,私立,一般大學,1020,南華大學,04131029,企業管理學系管理科學博士班,博士班,1,0,1,1.85
109,私立,一般大學,1022,大同大學,04131007,事業經營學系,學士班(日間),3,2,1,0.69
109,私立,一般大學,1022,大同大學,06131006,資訊經營學系,學士班(日間),3,3,0,1.29
109,私立,一般大學,1022,大同大學,07141010,電機工程學系,學士班(日間),2,2,0,0.49
109,私立,一般大學,1022,大同大學,02112004,媒體設計學系,碩士班(日間),2,1,1,11.76
109,私立,一般大學,1022,大同大學,02123005,工業設計學系,碩士班(日間),2,1,1,5.13
109,私立,一般大學,1022,大同大學,02112004,媒體設計學系,學士班(日間),4,2,2,1.11
109,私立,一般大學,1022,大同大學,02123005,工業設計學系,學士班(日間),2,1,1,0.53
109,私立,一般大學,1022,大同大學,02311001,應用外語學系,學士班(日間),4,3,1,1.89
109,私立,一般大學,1022,大同大學,06131012,資訊工程學系,學士班(日間),5,5,0,1.13
109,私立,一般大學,1022,大同大學,02122003,設計科學研究所,博士班,23,14,9,28.75
109,私立,一般大學,1022,大同大學,07141010,電機工程學系,碩士班(日間),1,1,0,2.44
109,私立,技專校院,1023,南臺學校財團法人南臺科技大學,02112008,視覺傳達設計系,學士班(日間),6,4,2,0.85
109,私立,技專校院,1023,南臺學校財團法人南臺科技大學,03214011,資訊傳播系,學士班(日間),6,3,3,1.42
109,私立,技專校院,1023,南臺學校財團法人南臺科技大學,04121021,財務金融系,學士班(日間),2,2,0,0.35
109,私立,技專校院,1023,南臺學校財團法人南臺科技大學,04121022,國際金融學士學位學程,學士班(日間),1,0,1,3.33
109,私立,技專校院,1023,南臺學校財團法人南臺科技大學,06131043,資訊工程系,學士班(日間),1,1,0,0.19
109,私立,技專校院,1023,南臺學校財團法人南臺科技大學,02123010,創新產品設計系,學士班(日間),2,0,2,0.56
109,私立,技專校院,1023,南臺學校財團法人南臺科技大學,04131015,企業管理系,學士班(日間),2,1,1,0.43
109,私立,技專校院,1023,南臺學校財團法人南臺科技大學,06132038,多媒體與電腦娛樂科學系,學士班(日間),3,3,0,0.64
109,私立,技專校院,1023,南臺學校財團法人南臺科技大學,07141039,電機工程系,學士班(日間),1,1,0,0.11
109,私立,技專校院,1023,南臺學校財團法人南臺科技大學,07141040,電子工程系,學士班(日間),2,1,1,0.25
109,私立,技專校院,1023,南臺學校財團法人南臺科技大學,02112008,視覺傳達設計系,碩士班(日間),2,2,0,5.41
109,私立,技專校院,1023,南臺學校財團法人南臺科技大學,06131043,資訊工程系,碩士班(日間),1,1,0,4.55
109,私立,技專校院,1023,南臺學校財團法人南臺科技大學,10152058,休閒事業管理系,學士班(日間),2,1,1,0.48
109,私立,技專校院,1023,南臺學校財團法人南臺科技大學,04131016,經營管理博士學位學程,博士班,1,1,0,2.94
109,私立,技專校院,1023,南臺學校財團法人南臺科技大學,02123010,創新產品設計系,碩士班(日間),2,1,1,6.45
109,私立,技專校院,1023,南臺學校財團法人南臺科技大學,04121021,財務金融系,碩士班(日間),1,0,1,9.09
109,私立,技專校院,1023,南臺學校財團法人南臺科技大學,04131015,企業管理系,碩士班(日間),1,0,1,4.17
109,私立,技專校院,1023,南臺學校財團法人南臺科技大學,04199064,全球經營管理碩士班,碩士班(日間),2,1,1,2.35
109,私立,技專校院,1023,南臺學校財團法人南臺科技大學,06132038,多媒體與電腦娛樂科學系,碩士班(日間),2,1,1,4.26
109,私立,技專校院,1023,南臺學校財團法人南臺科技大學,07141039,電機工程系,碩士班(日間),1,1,0,2.13
109,私立,技專校院,1023,南臺學校財團法人南臺科技大學,07151045,機械工程系,碩士班(日間),2,2,0,3.70
109,私立,技專校院,1024,崑山科技大學,02111009,視訊傳播設計系,學士班(日間),4,3,1,0.62
109,私立,技專校院,1024,崑山科技大學,02112004,視覺傳達設計系,學士班(日間),6,3,3,0.92
109,私立,技專校院,1024,崑山科技大學,04143012,公共關係暨廣告系,學士班(日間),2,0,2,0.45
109,私立,技專校院,1024,崑山科技大學,02124007,空間設計系,學士班(日間),3,1,2,0.61
109,私立,技專校院,1024,崑山科技大學,02111009,視訊傳播設計系媒體藝術碩士班,碩士班(日間),2,2,0,7.41
109,私立,技專校院,1024,崑山科技大學,02122007,空間設計系環境設計碩士班,碩士班(日間),2,0,2,16.67
109,私立,技專校院,1024,崑山科技大學,07151030,機械工程系機械與能源工程博士班,博士班,1,0,1,2.78
109,私立,技專校院,1024,崑山科技大學,04131015,企業管理系,碩士班(日間),1,1,0,2.94
109,私立,技專校院,1026,樹德科技大學,02112009,視覺傳達設計系,學士班(日間),16,7,9,3.40
109,私立,技專校院,1026,樹德科技大學,02122004,流行設計系,學士班(日間),10,4,6,2.16
109,私立,技專校院,1026,樹德科技大學,02122006,動畫與遊戲設計系,學士班(日間),3,2,1,0.48
109,私立,技專校院,1026,樹德科技大學,02123010,生活產品設計系,學士班(日間),8,4,4,2.59
109,私立,技專校院,1026,樹德科技大學,02124011,室內設計系,學士班(日間),3,1,2,0.63
109,私立,技專校院,1026,樹德科技大學,02152001,表演藝術系,學士班(日間),4,2,2,0.91
109,私立,技專校院,1026,樹德科技大學,04199048,會展行銷與活動管理系,學士班(日間),1,1,0,0.38
109,私立,技專校院,1026,樹德科技大學,02192002,藝術管理與藝術經紀系,學士班(日間),5,1,4,2.36
109,私立,技專校院,1026,樹德科技大學,04121026,金融管理系,學士班(日間),3,0,3,0.66
109,私立,技專校院,1026,樹德科技大學,02124012,建築與室內設計研究所,碩士班(日間),1,1,0,5.56
109,私立,技專校院,1026,樹德科技大學,04121026,金融管理系,碩士班(日間),3,3,0,15.00
109,私立,技專校院,1026,樹德科技大學,06131033,資訊工程系,學士班(日間),1,1,0,0.34
109,私立,技專校院,1026,樹德科技大學,10151041,休閒與觀光管理系,學士班(日間),1,0,1,0.29
109,私立,技專校院,1026,樹德科技大學,02122005,應用設計研究所,碩士班(日間),9,6,3,23.68
109,私立,技專校院,1026,樹德科技大學,04131017,經營管理研究所,碩士班(日間),3,1,2,9.09
109,私立,技專校院,1026,樹德科技大學,09221038,兒童與家庭服務系,碩士班(日間),1,1,0,3.70
109,私立,一般大學,1027,慈濟學校財團法人慈濟大學,05111010,生命科學系,學士班(日間),1,0,1,0.75
109,私立,一般大學,1027,慈濟學校財團法人慈濟大學,05121012,分子生物暨人類遺傳學系,學士班(日間),1,0,1,0.69
109,私立,一般大學,1027,慈濟學校財團法人慈濟大學,06133032,醫學資訊學系,學士班(日間),3,2,1,1.82
109,私立,一般大學,1027,慈濟學校財團法人慈濟大學,09221002,兒童發展與家庭教育學系,學士班(日間),2,0,2,1.19
109,私立,一般大學,1027,慈濟學校財團法人慈濟大學,03131008,人類發展與心理學系,碩士班(日間),1,0,1,2.63
109,私立,一般大學,1027,慈濟學校財團法人慈濟大學,02322004,東方語文學系,學士班(日間),1,0,1,0.48
109,私立,一般大學,1028,臺北醫學大學,07193009,生物醫學工程學系,學士班(日間),3,1,2,2.26
109,私立,一般大學,1028,臺北醫學大學,09111046,口腔衛生學系,學士班(日間),2,1,1,1.77
109,私立,一般大學,1028,臺北醫學大學,09141041,醫學檢驗暨生物技術學系,學士班(日間),1,0,1,0.41
109,私立,一般大學,1028,臺北醫學大學,09211049,高齡健康管理學系,學士班(日間),2,1,1,1.10
109,私立,一般大學,1028,臺北醫學大學,06131042,醫學資訊研究所,博士班,2,2,0,5.41
109,私立,一般大學,1028,臺北醫學大學,04133002,醫務管理學系,學士班(日間),4,1,3,1.57
109,私立,一般大學,1028,臺北醫學大學,05191032,保健營養學系,學士班(日間),3,2,1,1.12
109,私立,一般大學,1028,臺北醫學大學,09111045,牙體技術學系,學士班(日間),1,0,1,0.63
109,私立,一般大學,1028,臺北醫學大學,09131037,護理學系,學士班(日間),2,0,2,0.90
109,私立,一般大學,1028,臺北醫學大學,09191020,公共衛生學系,學士班(日間),3,1,2,1.81
109,私立,一般大學,1028,臺北醫學大學,05121016,醫學科學研究所,碩士班(日間),2,2,0,3.51
109,私立,一般大學,1029,中山醫學大學,09141030,醫學檢驗暨生物技術學系,學士班(日間),3,1,2,0.95
109,私立,一般大學,1029,中山醫學大學,09141031,醫學影像暨放射科學系,學士班(日間),4,2,2,1.32
109,私立,一般大學,1029,中山醫學大學,09151022,物理治療學系,學士班(日間),1,1,0,0.46
109,私立,一般大學,1029,中山醫學大學,09152023,職能治療學系,學士班(日間),3,2,1,1.49
109,私立,一般大學,1029,中山醫學大學,09153024,語言治療與聽力學系,碩士班(日間),2,2,0,5.13
109,私立,一般大學,1029,中山醫學大學,09153024,語言治療與聽力學系,學士班(日間),5,2,3,1.26
109,私立,一般大學,1029,中山醫學大學,09141031,醫學影像暨放射科學系,碩士班(日間),2,1,1,10.00
109,私立,技專校院,1030,龍華科技大學,02122002,文化創意與數位媒體設計系,學士班(日間),5,4,1,0.93
109,私立,技專校院,1030,龍華科技大學,04131004,企業管理系,學士班(日間),1,0,1,0.27
109,私立,技專校院,1030,龍華科技大學,02112011,多媒體與遊戲發展科學系,學士班(日間),3,3,0,0.44
109,私立,技專校院,1030,龍華科技大學,04121007,財務金融系,學士班(日間),2,1,1,0.61
109,私立,技專校院,1030,龍華科技大學,06131015,資訊網路工程系,學士班(日間),1,1,0,0.20
109,私立,技專校院,1030,龍華科技大學,10151021,觀光休閒系,學士班(日間),1,1,0,0.24
109,私立,技專校院,1030,龍華科技大學,04131004,企業管理系,碩士班(日間),1,1,0,2.22
109,私立,技專校院,1032,明新學校財團法人明新科技大學,04121007,財務金融系,學士班(日間),1,1,0,0.30
109,私立,一般大學,1033,長榮大學,02131001,美術學系,學士班(日間),4,0,4,2.74
109,私立,一般大學,1033,長榮大學,06131037,資訊管理學系,學士班(日間),3,2,1,2.94
109,私立,一般大學,1033,長榮大學,10412061,航運管理學系,學士班(日間),1,1,0,0.20
109,私立,一般大學,1033,長榮大學,04131026,管理學院經營管理博士班,博士班,1,1,0,2.63
109,私立,技專校院,1034,弘光科技大學,07211017,食品科技系,學士班(日間),1,1,0,0.23
109,私立,技專校院,1034,弘光科技大學,02122003,文化創意產業系,學士班(日間),5,4,1,1.64
109,私立,一般大學,1035,中國醫藥大學,09141017,醫學檢驗生物技術學系,學士班(日間),2,0,2,1.04
109,私立,一般大學,1035,中國醫藥大學,04133029,醫務管理學系,碩士班(日間),2,1,1,5.00
109,私立,一般大學,1035,中國醫藥大學,05191021,營養學系,碩士班(日間),1,0,1,2.22
109,私立,一般大學,1035,中國醫藥大學,05191021,營養學系,學士班(日間),1,0,1,0.31
109,私立,一般大學,1035,中國醫藥大學,09141032,生物醫學影像暨放射科學學系,學士班(日間),2,1,1,0.92
109,私立,一般大學,1035,中國醫藥大學,09151010,物理治療學系,學士班(日間),3,1,2,1.18
109,私立,一般大學,1035,中國醫藥大學,09159047,運動醫學系,學士班(日間),1,0,1,0.50
109,私立,一般大學,1035,中國醫藥大學,09161039,中國藥學暨中藥資源學系,學士班(日間),1,1,0,0.69
109,私立,一般大學,1035,中國醫藥大學,09161042,藥用化妝品學系,學士班(日間),3,0,3,1.64
109,私立,技專校院,1037,正修學校財團法人正修科技大學,04121008,金融管理系,學士班(日間),1,1,0,0.43
109,私立,技專校院,1037,正修學校財團法人正修科技大學,07311004,建築與室內設計系,學士班(日間),2,1,1,0.36
109,私立,技專校院,1037,正修學校財團法人正修科技大學,07321016,土木與空間資訊系,學士班(日間),1,1,0,0.23
109,私立,技專校院,1038,萬能學校財團法人萬能科技大學,02123002,商業設計系,學士班(日間),1,1,0,0.39
109,私立,一般大學,1039,玄奘大學,03211018,大眾傳播學系,學士班(日間),2,0,2,0.92
109,私立,一般大學,1039,玄奘大學,02199044,藝術設計學院碩士班,碩士班(日間),1,1,0,3.13
109,私立,技專校院,1040,建國科技大學,07141013,電機工程系,學士班(日間),1,1,0,0.44
109,私立,技專校院,1041,明志科技大學,02112003,視覺傳達設計系,學士班(日間),2,1,1,0.94
109,私立,技專校院,1041,明志科技大學,02123004,工業設計系,學士班(日間),3,2,1,1.44
109,私立,技專校院,1041,明志科技大學,07111018,化學工程系,學士班(日間),1,1,0,0.24
109,私立,技專校院,1041,明志科技大學,02123004,工業設計系,碩士班(日間),1,1,0,5.88
109,私立,技專校院,1041,明志科技大學,07121025,環境與安全衛生工程系環境工程碩士班,碩士班(日間),1,1,0,3.13
109,私立,技專校院,1041,明志科技大學,07151014,機械工程系機械與機電工程碩士班,碩士班(日間),1,1,0,2.27
109,私立,技專校院,1041,明志科技大學,07191024,工業工程與管理系,學士班(日間),1,1,0,0.26
109,私立,技專校院,1041,明志科技大學,07112022,材料工程系,碩士班(日間),1,1,0,1.25
109,私立,技專校院,1043,大仁科技大學,08199043,寵物照護暨美容學士學位學程,學士班(日間),1,0,1,0.41
109,私立,技專校院,1044,聖約翰科技大學,02112004,多媒體設計系,學士班(日間),4,3,1,3.45
109,私立,技專校院,1044,聖約翰科技大學,09211019,老人服務事業系,學士班(日間),1,1,0,1.11
109,私立,技專校院,1044,聖約翰科技大學,10152021,休閒運動與健康管理系,學士班(日間),1,1,0,0.66
109,私立,技專校院,1044,聖約翰科技大學,04131005,企業管理系,學士班(日間),1,1,0,2.38
109,私立,技專校院,1044,聖約翰科技大學,04199009,時尚經營管理系,學士班(日間),3,1,2,2.34
109,私立,技專校院,1045,嶺東科技大學,02112003,視覺傳達設計系,學士班(日間),5,2,3,0.74
109,私立,技專校院,1045,嶺東科技大學,02122002,流行設計系,學士班(日間),2,0,2,0.49
109,私立,技專校院,1045,嶺東科技大學,06121031,資訊管理系,學士班(日間),1,1,0,0.26
109,私立,技專校院,1045,嶺東科技大學,02112005,數位媒體設計系,碩士班(日間),2,1,1,7.41
109,私立,技專校院,1045,嶺東科技大學,02112005,數位媒體設計系,學士班(日間),2,0,2,0.35
109,私立,技專校院,1045,嶺東科技大學,02123008,創意產品設計系,學士班(日間),3,1,2,0.68
109,私立,技專校院,1045,嶺東科技大學,02311001,應用外語系,學士班(日間),2,0,2,100.00
109,私立,技專校院,1045,嶺東科技大學,04131013,企業管理系,學士班(日間),2,2,0,0.47
109,私立,技專校院,1045,嶺東科技大學,04199040,時尚經營系,學士班(日間),1,0,1,0.33
109,私立,技專校院,1045,嶺東科技大學,06131030,資訊科技系,學士班(日間),1,1,0,100.00
109,私立,技專校院,1045,嶺東科技大學,02112003,視覺傳達設計系,碩士班(日間),4,2,2,18.18
109,私立,技專校院,1045,嶺東科技大學,04121017,財務金融系,碩士班(日間),3,2,1,18.75
109,私立,技專校院,1046,中國科技大學,02311001,應用英語系,學士班(日間),1,0,1,0.36
109,私立,技專校院,1046,中國科技大學,04131010,企業管理系,學士班(日間),2,1,1,0.64
109,私立,技專校院,1046,中國科技大學,02112003,視覺傳達設計系,碩士班(日間),1,0,1,5.26
109,私立,技專校院,1046,中國科技大學,02112003,視覺傳達設計系,學士班(日間),6,2,4,0.81
109,私立,技專校院,1046,中國科技大學,02112004,數位多媒體設計系,學士班(日間),3,2,1,0.40
109,私立,技專校院,1046,中國科技大學,02124005,室內設計系,學士班(日間),7,2,5,0.83
109,私立,技專校院,1046,中國科技大學,02199006,影視設計系,學士班(日間),8,4,4,1.62
109,私立,技專校院,1046,中國科技大學,07321030,土木與防災系,學士班(日間),1,0,1,0.45
109,私立,技專校院,1047,中臺科技大學,09141029,醫學影像暨放射科學系,學士班(日間),3,1,2,0.65
109,私立,一般大學,1048,亞洲大學,02124012,室內設計學系,學士班(日間),6,2,4,2.60
109,私立,一般大學,1048,亞洲大學,03131013,心理學系,學士班(日間),5,3,2,1.05
109,私立,一般大學,1048,亞洲大學,03213014,資訊傳播學系,學士班(日間),5,2,3,1.30
109,私立,一般大學,1048,亞洲大學,02112006,視覺傳達設計學系,學士班(日間),4,1,3,0.95
109,私立,一般大學,1048,亞洲大學,02112007,數位媒體設計學系,學士班(日間),3,2,1,0.68
109,私立,一般大學,1048,亞洲大學,02123011,創意商品設計學系,學士班(日間),3,3,0,0.75
109,私立,一般大學,1048,亞洲大學,02311002,外國語文學系,學士班(日間),1,0,1,0.31
109,私立,一般大學,1048,亞洲大學,04121019,財務金融學系,學士班(日間),1,1,0,0.26
109,私立,一般大學,1048,亞洲大學,04131017,經營管理學系,學士班(日間),1,1,0,0.17
109,私立,一般大學,1048,亞洲大學,09191021,健康產業管理學系,學士班(日間),1,1,0,0.27
109,私立,一般大學,1048,亞洲大學,10151049,休閒與遊憩管理學系,學士班(日間),2,2,0,0.46
109,私立,一般大學,1048,亞洲大學,02112007,數位媒體設計學系,博士班,4,2,2,8.70
109,私立,一般大學,1048,亞洲大學,04131017,經營管理學系,博士班,1,0,1,1.27
109,私立,一般大學,1048,亞洲大學,04199018,新興產業策略與發展博士學位學程,博士班,1,0,1,5.00
109,私立,一般大學,1048,亞洲大學,09191021,健康產業管理學系,博士班,2,1,1,5.00
109,私立,一般大學,1048,亞洲大學,02112006,視覺傳達設計學系,碩士班(日間),4,3,1,16.67
109,私立,一般大學,1048,亞洲大學,02112007,數位媒體設計學系,碩士班(日間),3,3,0,13.64
109,私立,一般大學,1048,亞洲大學,02123011,創意商品設計學系,碩士班(日間),1,1,0,7.14
109,私立,一般大學,1048,亞洲大學,05191053,食品營養與保健生技學系,學士班(日間),1,1,0,0.26
109,私立,一般大學,1048,亞洲大學,06134037,資訊工程學系,學士班(日間),1,1,0,0.21
109,私立,一般大學,1048,亞洲大學,03213014,資訊傳播學系,碩士班(日間),1,0,1,7.69
109,私立,一般大學,1049,開南大學,04131016,國際企業學系,學士班(日間),1,1,0,0.58
109,私立,一般大學,1050,佛光大學,03111020,應用經濟學系,學士班(日間),1,0,1,0.57
109,私立,一般大學,1050,佛光大學,03131024,心理學系,學士班(日間),1,0,1,0.52
109,私立,一般大學,1050,佛光大學,02211010,佛教學系,博士班,3,0,3,12.00
109,私立,一般大學,1050,佛光大學,02123018,產品與媒體設計學系,碩士班(日間),1,1,0,7.69
109,私立,技專校院,1051,台南家專學校財團法人台南應用科技大學,02122010,時尚設計系,學士班(日間),1,0,1,0.32
109,私立,技專校院,1051,台南家專學校財團法人台南應用科技大學,02123014,商品設計系,學士班(日間),1,1,0,0.18
109,私立,技專校院,1051,台南家專學校財團法人台南應用科技大學,02124015,室內設計系,學士班(日間),2,2,0,0.47
109,私立,技專校院,1051,台南家專學校財團法人台南應用科技大學,02151004,流行音樂學士學位學程,學士班(日間),1,0,1,0.42
109,私立,技專校院,1051,台南家專學校財團法人台南應用科技大學,04121025,財務金融系,學士班(日間),1,1,0,0.56
109,私立,技專校院,1051,台南家專學校財團法人台南應用科技大學,02112012,視覺傳達設計系創新應用設計碩士班(碩士在職專班),碩士班(日間),2,0,2,15.38
109,私立,技專校院,1051,台南家專學校財團法人台南應用科技大學,02112012,視覺傳達設計系,學士班(日間),2,0,2,0.38
109,私立,技專校院,1051,台南家專學校財團法人台南應用科技大學,02125042,服飾設計管理系,學士班(日間),1,0,1,0.20
109,私立,技專校院,1051,台南家專學校財團法人台南應用科技大學,04141023,國際企業經營系,學士班(日間),1,1,0,0.44
109,私立,技專校院,1051,台南家專學校財團法人台南應用科技大學,02124015,室內設計系,碩士班(日間),2,2,0,18.18
109,私立,技專校院,1052,中信金學校財團法人中信科技大學,02123042,創新商品設計與創業管理系,學士班(日間),2,1,1,1.72
109,私立,技專校院,1054,景文科技大學,02112005,視覺傳達設計系,學士班(日間),3,1,2,0.56
109,私立,技專校院,1054,景文科技大學,04131007,企業管理系,學士班(日間),1,1,0,0.45
109,私立,技專校院,1054,景文科技大學,04132014,行銷與流通管理系,學士班(日間),2,0,2,0.77
109,私立,技專校院,1054,景文科技大學,04141008,國際貿易系,學士班(日間),3,1,2,2.33
109,私立,技專校院,1054,景文科技大學,06131030,行動商務與多媒體應用系,學士班(日間),6,5,1,2.47
109,私立,技專校院,1056,東南科技大學,10152021,休閒事業管理系,學士班(日間),1,1,0,0.20
109,私立,一般大學,1058,明道學校財團法人明道大學,02299043,中華文化與傳播學系,博士班,5,5,0,17.86
109,私立,一般大學,1058,明道學校財團法人明道大學,02111010,數位設計學系,學士班(日間),1,1,0,0.52
109,私立,一般大學,1058,明道學校財團法人明道大學,04131013,企業管理學系,學士班(日間),2,1,1,0.95
109,私立,技專校院,1061,中華學校財團法人中華科技大學,04131003,企業管理系,學士班(日間),1,1,0,1.28
109,私立,技專校院,1061,中華學校財團法人中華科技大學,07311025,建築系,學士班(日間),1,1,0,0.47
109,私立,技專校院,1062,僑光科技大學,10131024,餐飲管理系,學士班(日間),1,1,0,0.14
109,私立,一般大學,1067,台灣首府學校財團法人台灣首府大學,01121002,幼兒教育學系,學士班(日間),1,0,1,0.87
109,私立,技專校院,1070,長庚學校財團法人長庚科技大學,09221008,幼兒保育系,學士班(日間),1,0,1,0.24
109,私立,技專校院,1071,城市學校財團法人臺北城市科技大學,02112004,數位多媒體設計系,學士班(日間),1,1,0,0.27
109,私立,技專校院,1071,城市學校財團法人臺北城市科技大學,04131007,企業管理系,學士班(日間),1,0,1,0.42
109,私立,技專校院,1073,醒吾學校財團法人醒吾科技大學,02112033,新媒體傳播系,學士班(日間),2,0,2,0.58
109,私立,技專校院,1075,文藻學校財團法人文藻外語大學,02311012,日本語文系,學士班(日間),5,2,3,0.56
109,私立,技專校院,1075,文藻學校財團法人文藻外語大學,02323004,應用華語文系,學士班(日間),1,0,1,0.23
109,私立,技專校院,1075,文藻學校財團法人文藻外語大學,03211018,傳播藝術系,學士班(日間),6,1,5,1.45
109,私立,技專校院,1075,文藻學校財團法人文藻外語大學,01131002,外語教學系,學士班(日間),1,1,0,0.24
109,私立,技專校院,1075,文藻學校財團法人文藻外語大學,02311007,英國語文系,學士班(日間),3,1,2,0.44
109,私立,技專校院,1075,文藻學校財團法人文藻外語大學,02311009,法國語文系,學士班(日間),3,0,3,0.69
109,私立,技專校院,1075,文藻學校財團法人文藻外語大學,02311010,德國語文系,學士班(日間),3,2,1,0.76
109,私立,技專校院,1075,文藻學校財團法人文藻外語大學,02311011,西班牙語文系,學士班(日間),5,4,1,1.10
109,私立,技專校院,1075,文藻學校財團法人文藻外語大學,02312013,翻譯系,學士班(日間),4,1,3,1.50
109,私立,技專校院,1075,文藻學校財團法人文藻外語大學,03122016,國際事務系,學士班(日間),1,0,1,0.43
109,私立,技專校院,1075,文藻學校財團法人文藻外語大學,02312014,多國語複譯研究所,碩士班(日間),1,1,0,2.50
109,私立,技專校院,1075,文藻學校財團法人文藻外語大學,03122016,國際事務碩士學位學程,碩士班(日間),1,0,1,5.00
109,私立,技專校院,1076,華夏學校財團法人華夏科技大學,10121019,化妝品應用系,學士班(日間),1,1,0,0.41
109,私立,技專校院,1078,致理學校財團法人致理科技大學,04111013,會計資訊系,學士班(日間),1,1,0,0.15
109,私立,技專校院,1078,致理學校財團法人致理科技大學,04132019,行銷與流通管理系,學士班(日間),1,1,0,0.17
109,私立,技專校院,1078,致理學校財團法人致理科技大學,02112012,多媒體設計系,學士班(日間),1,0,1,0.21
109,私立,技專校院,1078,致理學校財團法人致理科技大學,04121016,財務金融系,學士班(日間),2,2,0,0.26
109,私立,技專校院,1078,致理學校財團法人致理科技大學,04131014,企業管理系,學士班(日間),2,1,1,0.29
109,私立,技專校院,1078,致理學校財團法人致理科技大學,04141015,國際貿易系,學士班(日間),2,1,1,0.31
109,私立,技專校院,1081,東方學校財團法人東方設計大學,02141002,美術工藝系,學士班(日間),1,1,0,1.16
109,私立,技專校院,1081,東方學校財團法人東方設計大學,02122018,文化創意設計研究所,博士班,1,1,0,3.13
109,私立,一般大學,1125,中信學校財團法人中信金融管理學院,04131012,企業管理學系,學士班(日間),1,1,0,0.65
109,私立,一般大學,1196,法鼓學校財團法人法鼓文理學院,02211002,佛教學系,博士班,2,2,0,10.00
109,公立,一般大學,3002,臺北市立大學,02221019,歷史與地理學系,學士班(日間),1,0,1,0.62
109,公立,一般大學,3002,臺北市立大學,07313058,城市發展學系,學士班(日間),1,1,0,0.84
109,公立,一般大學,3002,臺北市立大學,01111001,教育學系,博士班,1,0,1,1.01
109,公立,一般大學,3002,臺北市立大學,10141053,運動科學研究所,博士班,2,0,2,11.11
109,公立,一般大學,3002,臺北市立大學,10141054,競技運動訓練研究所,博士班,4,3,1,12.50
109,公立,一般大學,3002,臺北市立大學,02151037,音樂學系,碩士班(日間),1,0,1,1.16
109,公立,一般大學,3002,臺北市立大學,03131055,心理與諮商學系,碩士班(日間),2,0,2,2.53
109,公立,一般大學,3002,臺北市立大學,01114035,教育行政與評鑑研究所,博士班,2,0,2,3.70
109,公立,一般大學,3002,臺北市立大學,01141025,體育學系,碩士班(日間),1,1,0,2.70
109,公立,一般大學,3002,臺北市立大學,02111040,視覺藝術學系,碩士班(日間),1,0,1,1.05
109,公立,一般大學,3002,臺北市立大學,10141054,競技運動訓練研究所,碩士班(日間),1,1,0,1.72
109,公立,一般大學,3002,臺北市立大學,01113029,特殊教育學系,學士班(日間),1,0,1,0.56
110,公立,一般大學,0001,國立政治大學,03111024,經濟學系,學士班(日間),1,1,0,0.25
110,公立,一般大學,0001,國立政治大學,03213052,廣播電視學系,學士班(日間),1,0,1,0.53
110,公立,一般大學,0001,國立政治大學,04143055,廣告學系,學士班(日間),1,0,1,0.38
110,公立,一般大學,0001,國立政治大學,02221020,歷史學系,博士班,2,1,1,7.14
110,公立,一般大學,0001,國立政治大學,02311009,英國語文學系,博士班,5,0,5,23.81
110,公立,一般大學,0001,國立政治大學,02322008,中國文學系,博士班,6,2,4,10.71
110,公立,一般大學,0001,國立政治大學,03111024,經濟學系,博士班,1,0,1,9.09
110,公立,一般大學,0001,國立政治大學,03121026,政治學系,博士班,7,5,2,25.93
110,公立,一般大學,0001,國立政治大學,03131032,心理學系,博士班,1,1,0,8.33
110,公立,一般大學,0001,國立政治大學,02311009,英國語文學系,學士班(日間),2,0,2,0.69
110,公立,一般大學,0001,國立政治大學,02322008,中國文學系,學士班(日間),1,0,1,0.30
110,公立,一般大學,0001,國立政治大學,04121068,金融學系,學士班(日間),1,0,1,0.38
110,公立,一般大學,0001,國立政治大學,04131060,企業管理學系,學士班(日間),1,0,1,0.23
110,公立,一般大學,0001,國立政治大學,06131081,資訊科學系,學士班(日間),1,0,1,0.45
110,公立,一般大學,0001,國立政治大學,01111001,教育學系,博士班,8,1,7,6.84
110,公立,一般大學,0001,國立政治大學,02211019,宗教研究所,博士班,1,1,0,3.45
110,公立,一般大學,0001,國立政治大學,02222031,民族學系,博士班,2,0,2,10.53
110,公立,一般大學,0001,國立政治大學,02231022,哲學系,博士班,1,1,0,4.00
110,公立,一般大學,0001,國立政治大學,03143036,日本研究博士學位學程,博士班,2,1,1,25.00
110,公立,一般大學,0001,國立政治大學,03143043,地政學系,博士班,4,4,0,21.05
110,公立,一般大學,0001,國立政治大學,03211056,傳播學院博士班,博士班,20,11,9,52.63
110,公立,一般大學,0001,國立政治大學,04111059,會計學系,博士班,1,0,1,10.00
110,公立,一般大學,0001,國立政治大學,04123069,風險管理與保險學系,博士班,2,1,1,12.50
110,公立,一般大學,0001,國立政治大學,04131060,企業管理學系,博士班,6,1,5,12.77
110,公立,一般大學,0001,國立政治大學,04141067,國際經營與貿易學系,博士班,3,0,3,33.33
110,公立,一般大學,0001,國立政治大學,04199072,科技管理與智慧財產研究所,博士班,1,1,0,3.57
110,公立,一般大學,0001,國立政治大學,04212073,法律學系,博士班,2,2,0,4.88
110,公立,一般大學,0001,國立政治大學,05411078,應用數學系,博士班,1,1,0,12.50
110,公立,一般大學,0001,國立政治大學,03141030,社會學系,博士班,1,1,0,9.09
110,公立,一般大學,0001,國立政治大學,03191047,國家發展研究所,博士班,8,7,1,25.00
110,公立,一般大學,0001,國立政治大學,03222054,圖書資訊與檔案學研究所,博士班,1,1,0,6.25
110,公立,一般大學,0001,國立政治大學,04121065,財務管理學系,博士班,2,1,1,22.22
110,公立,一般大學,0001,國立政治大學,04121068,金融學系,博士班,5,4,1,19.23
110,公立,一般大學,0001,國立政治大學,04134041,公共行政學系,博士班,2,2,0,11.11
110,公立,一般大學,0001,國立政治大學,06131081,資訊科學系,博士班,1,0,1,10.00
110,公立,一般大學,0001,國立政治大學,09231084,社會工作研究所,博士班,6,2,4,37.50
110,公立,一般大學,0001,國立政治大學,01121004,幼兒教育研究所,碩士班(日間),8,0,8,17.02
110,公立,一般大學,0001,國立政治大學,02211019,宗教研究所,碩士班(日間),2,1,1,8.00
110,公立,一般大學,0001,國立政治大學,02221020,歷史學系,碩士班(日間),7,3,4,11.11
110,公立,一般大學,0001,國立政治大學,02311009,英國語文學系,碩士班(日間),1,0,1,1.75
110,公立,一般大學,0001,國立政治大學,02322008,中國文學系,碩士班(日間),14,4,10,16.87
110,公立,一般大學,0001,國立政治大學,03111024,經濟學系,碩士班(日間),4,1,3,4.12
110,公立,一般大學,0001,國立政治大學,03131032,心理學系,碩士班(日間),5,2,3,5.75
110,公立,一般大學,0001,國立政治大學,03131033,輔導與諮商碩士學位學程,碩士班(日間),7,0,7,16.67
110,公立,一般大學,0001,國立政治大學,03211049,傳播學院傳播碩士學位學程,碩士班(日間),38,8,30,16.59
110,公立,一般大學,0001,國立政治大學,03211050,國際傳播英語碩士學位學程,碩士班(日間),1,0,1,1.92
110,公立,一般大學,0001,國立政治大學,04111059,會計學系,碩士班(日間),9,4,5,6.77
110,公立,一般大學,0001,國立政治大學,04121065,財務管理學系,碩士班(日間),2,1,1,2.53
110,公立,一般大學,0001,國立政治大學,04121068,金融學系,碩士班(日間),10,5,5,12.82
110,公立,一般大學,0001,國立政治大學,04123069,風險管理與保險學系,碩士班(日間),2,1,1,2.86
110,公立,一般大學,0001,國立政治大學,05421079,統計學系,博士班,1,1,0,16.67
110,公立,一般大學,0001,國立政治大學,02231022,哲學系,碩士班(日間),2,2,0,4.55
110,公立,一般大學,0001,國立政治大學,02311011,日本語文學系,碩士班(日間),1,1,0,4.76
110,公立,一般大學,0001,國立政治大學,02311014,韓國語文學系,碩士班(日間),1,0,1,5.88
110,公立,一般大學,0001,國立政治大學,03121026,政治學系,碩士班(日間),2,2,0,2.74
110,公立,一般大學,0001,國立政治大學,03122045,外交學系,碩士班(日間),2,0,2,2.41
110,公立,一般大學,0001,國立政治大學,03141030,社會學系,碩士班(日間),1,1,0,1.49
110,公立,一般大學,0001,國立政治大學,03143036,日本研究碩士學位學程,碩士班(日間),1,0,1,2.44
110,公立,一般大學,0001,國立政治大學,03143043,地政學系,碩士班(日間),1,1,0,1.37
110,公立,一般大學,0001,國立政治大學,03191047,國家發展研究所,碩士班(日間),8,5,3,10.39
110,公立,一般大學,0001,國立政治大學,03199048,勞工研究所,碩士班(日間),6,1,5,7.23
110,公立,一般大學,0001,國立政治大學,03222054,圖書資訊與檔案學研究所,碩士班(日間),1,1,0,1.75
110,公立,一般大學,0001,國立政治大學,04141067,國際經營與貿易學系,碩士班(日間),5,2,3,4.42
110,公立,一般大學,0001,國立政治大學,04199072,科技管理與智慧財產研究所,碩士班(日間),6,1,5,3.87
110,公立,一般大學,0001,國立政治大學,04211074,法律科際整合研究所,碩士班(日間),1,0,1,1.15
110,公立,一般大學,0001,國立政治大學,04212073,法律學系,碩士班(日間),7,0,7,2.93
110,公立,一般大學,0001,國立政治大學,04131060,企業管理研究所(MBA學位學程),碩士班(日間),1,1,0,0.42
110,公立,一般大學,0001,國立政治大學,06131081,資訊科學系,碩士班(日間),4,2,2,3.13
110,公立,一般大學,0001,國立政治大學,09231084,社會工作研究所,碩士班(日間),3,0,3,5.26
110,公立,一般大學,0001,國立政治大學,05411078,應用數學系,碩士班(日間),2,2,0,3.28
110,公立,一般大學,0001,國立政治大學,05421079,統計學系,碩士班(日間),2,2,0,3.08
110,公立,一般大學,0001,國立政治大學,06131080,資訊管理學系,碩士班(日間),4,1,3,3.88
110,公立,一般大學,0001,國立政治大學,06134057,數位內容碩士學位學程,碩士班(日間),12,5,7,20.34
110,公立,一般大學,0002,國立清華大學,04199023,科技管理學院學士班,學士班(日間),3,0,3,0.98
110,公立,一般大學,0002,國立清華大學,05399042,理學院學士班,學士班(日間),1,1,0,0.72
110,公立,一般大學,0002,國立清華大學,05411043,數學系,學士班(日間),2,0,2,0.72
110,公立,一般大學,0002,國立清華大學,07141055,電機資訊學院學士班,學士班(日間),3,2,1,1.56
110,公立,一般大學,0002,國立清華大學,02221006,歷史研究所,博士班,2,2,0,11.76
110,公立,一般大學,0002,國立清華大學,02222007,人類學研究所,博士班,1,0,1,14.29
110,公立,一般大學,0002,國立清華大學,02321001,台灣文學研究所,博士班,4,0,4,20.00
110,公立,一般大學,0002,國立清華大學,03131077,教育心理與諮商學系,博士班,1,0,1,5.00
110,公立,一般大學,0002,國立清華大學,03141012,社會學研究所,博士班,3,2,1,18.75
110,公立,一般大學,0002,國立清華大學,04121020,計量財務金融學系,博士班,1,1,0,16.67
110,公立,一般大學,0002,國立清華大學,04199017,科技管理研究所,博士班,6,1,5,24.00
110,公立,一般大學,0002,國立清華大學,05121026,生物科技研究所,博士班,1,0,1,3.03
110,公立,一般大學,0002,國立清華大學,05331038,物理學系,博士班,2,1,1,2.70
110,公立,一般大學,0002,國立清華大學,06131053,資訊工程學系,博士班,4,3,1,5.88
110,公立,一般大學,0002,國立清華大學,06134046,資訊系統與應用研究所,博士班,1,1,0,3.70
110,公立,一般大學,0002,國立清華大學,07151056,動力機械工程學系,博士班,1,1,0,1.20
110,公立,一般大學,0002,國立清華大學,07191061,工業工程與工程管理學系,博士班,3,3,0,6.12
110,公立,一般大學,0002,國立清華大學,07194066,工程與系統科學系,博士班,3,3,0,3.53
110,公立,一般大學,0002,國立清華大學,99999074,跨院國際博士班學位學程,博士班,4,1,3,3.51
110,公立,一般大學,0002,國立清華大學,01113095,特殊教育學系,碩士班(日間),1,0,1,1.72
110,公立,一般大學,0002,國立清華大學,01121091,幼兒教育學系,碩士班(日間),6,1,5,9.38
110,公立,一般大學,0002,國立清華大學,01131105,英語教學系,碩士班(日間),3,0,3,8.33
110,公立,一般大學,0002,國立清華大學,01141127,運動科學系,碩士班(日間),5,3,2,10.87
110,公立,一般大學,0002,國立清華大學,02131098,藝術與設計學系,碩士班(日間),4,2,2,4.65
110,公立,一般大學,0002,國立清華大學,02151096,音樂學系,碩士班(日間),2,1,1,2.94
110,公立,一般大學,0002,國立清華大學,02222007,人類學研究所,碩士班(日間),3,0,3,6.67
110,公立,一般大學,0002,國立清華大學,02299009,亞際文化研究國際碩士學位學程(台灣聯合大學系統),碩士班(日間),2,1,1,25.00
110,公立,一般大學,0002,國立清華大學,02321001,台灣文學研究所,碩士班(日間),2,0,2,4.35
110,公立,一般大學,0002,國立清華大學,07111057,化學工程學系,博士班,1,0,1,1.05
110,公立,一般大學,0002,國立清華大學,07112058,材料科學工程學系,博士班,3,2,1,2.24
110,公立,一般大學,0002,國立清華大學,07131068,核子工程與科學研究所,博士班,1,1,0,4.76
110,公立,一般大學,0002,國立清華大學,07141050,電子工程研究所,博士班,2,2,0,4.88
110,公立,一般大學,0002,國立清華大學,07141054,通訊工程研究所,博士班,3,3,0,12.50
110,公立,一般大學,0002,國立清華大學,07193063,生醫工程與環境科學系,博士班,2,1,1,3.39
110,公立,一般大學,0002,國立清華大學,01111084,教育與學習科技學系,碩士班(日間),1,0,1,0.72
110,公立,一般大學,0002,國立清華大學,02221006,歷史研究所,碩士班(日間),1,0,1,2.63
110,公立,一般大學,0002,國立清華大學,02231008,哲學研究所,碩士班(日間),3,1,2,9.68
110,公立,一般大學,0002,國立清華大學,02311002,外國語文學系,碩士班(日間),4,0,4,13.33
110,公立,一般大學,0002,國立清華大學,02322003,中國文學系,碩士班(日間),14,4,10,16.09
110,公立,一般大學,0002,國立清華大學,02399005,語言學研究所,碩士班(日間),1,1,0,2.50
110,公立,一般大學,0002,國立清華大學,03111011,經濟學系,碩士班(日間),7,4,3,12.96
110,公立,一般大學,0002,國立清華大學,03199111,學習科學與科技研究所,碩士班(日間),1,1,0,1.41
110,公立,一般大學,0002,國立清華大學,04121020,計量財務金融學系,碩士班(日間),6,3,3,13.64
110,公立,一般大學,0002,國立清華大學,05121028,分子與細胞生物研究所,碩士班(日間),1,1,0,2.63
110,公立,一般大學,0002,國立清華大學,05121030,生物資訊與結構生物研究所,碩士班(日間),3,2,1,5.08
110,公立,一般大學,0002,國立清華大學,03131077,教育心理與諮商學系,碩士班(日間),4,2,2,2.72
110,公立,一般大學,0002,國立清華大學,03141012,社會學研究所,碩士班(日間),5,2,3,5.88
110,公立,一般大學,0002,國立清華大學,04131018,國際專業管理碩士班,碩士班(日間),1,1,0,1.45
110,公立,一般大學,0002,國立清華大學,04199017,科技管理研究所,碩士班(日間),6,1,5,9.52
110,公立,一般大學,0002,國立清華大學,04199022,服務科學研究所,碩士班(日間),1,0,1,1.92
110,公立,一般大學,0002,國立清華大學,04212024,科技法律研究所,碩士班(日間),7,3,4,6.54
110,公立,一般大學,0002,國立清華大學,05121026,生物科技研究所,碩士班(日間),3,0,3,4.76
110,公立,一般大學,0002,國立清華大學,05121072,分子醫學研究所,碩士班(日間),1,0,1,2.38
110,公立,一般大學,0002,國立清華大學,05211102,環境與文化資源學系,碩士班(日間),6,4,2,10.34
110,公立,一般大學,0002,國立清華大學,05411043,數學系,碩士班(日間),2,2,0,3.85
110,公立,一般大學,0002,國立清華大學,05411115,計算與建模科學研究所,碩士班(日間),1,1,0,4.35
110,公立,一般大學,0002,國立清華大學,05421044,統計學研究所,碩士班(日間),2,2,0,3.70
110,公立,一般大學,0002,國立清華大學,07141050,電子工程研究所,碩士班(日間),3,3,0,1.54
110,公立,一般大學,0002,國立清華大學,07151056,動力機械工程學系,碩士班(日間),7,7,0,2.19
110,公立,一般大學,0002,國立清華大學,99999074,跨院國際碩士學位學程,碩士班(日間),4,0,4,8.00
110,公立,一般大學,0002,國立清華大學,06131053,資訊工程學系,學士班(日間),1,1,0,0.17
110,公立,一般大學,0002,國立清華大學,01111084,教育與學習科技學系,博士班,5,0,5,7.81
110,公立,一般大學,0002,國立清華大學,02322003,中國文學系,博士班,4,0,4,8.51
110,公立,一般大學,0002,國立清華大學,02399005,語言學研究所,博士班,2,0,2,11.76
110,公立,一般大學,0002,國立清華大學,03111011,經濟學系,博士班,2,0,2,16.67
110,公立,一般大學,0002,國立清華大學,05332039,天文研究所,碩士班(日間),1,0,1,6.25
110,公立,一般大學,0002,國立清華大學,06131053,資訊工程學系,碩士班(日間),8,7,1,2.03
110,公立,一般大學,0002,國立清華大學,06134046,資訊系統與應用研究所,碩士班(日間),11,10,1,7.38
110,公立,一般大學,0002,國立清華大學,07111057,化學工程學系,碩士班(日間),1,1,0,0.54
110,公立,一般大學,0002,國立清華大學,07112058,材料科學工程學系,碩士班(日間),2,2,0,0.69
110,公立,一般大學,0002,國立清華大學,07131068,核子工程與科學研究所,碩士班(日間),2,1,1,4.55
110,公立,一般大學,0002,國立清華大學,07141049,電機工程學系,碩士班(日間),6,6,0,1.47
110,公立,一般大學,0002,國立清華大學,07141054,通訊工程研究所,碩士班(日間),3,3,0,1.99
110,公立,一般大學,0002,國立清華大學,07191061,工業工程與工程管理學系,碩士班(日間),2,1,1,0.98
110,公立,一般大學,0002,國立清華大學,07193063,生醫工程與環境科學系,碩士班(日間),7,5,2,6.48
110,公立,一般大學,0002,國立清華大學,07194066,工程與系統科學系,碩士班(日間),1,1,0,0.51
110,公立,一般大學,0003,國立臺灣大學,02152003,戲劇學系,學士班(日間),1,0,1,0.59
110,公立,一般大學,0003,國立臺灣大學,03222025,圖書資訊學系,學士班(日間),1,0,1,0.48
110,公立,一般大學,0003,國立臺灣大學,05311051,化學系,學士班(日間),1,1,0,0.37
110,公立,一般大學,0003,國立臺灣大學,05322056,大氣科學系,學士班(日間),1,0,1,0.71
110,公立,一般大學,0003,國立臺灣大學,08111087,農藝學系,學士班(日間),1,1,0,0.70
110,公立,一般大學,0003,國立臺灣大學,08194094,植物病理與微生物學系,學士班(日間),1,0,1,0.84
110,公立,一般大學,0003,國立臺灣大學,06131062,資訊管理學系,學士班(日間),1,0,1,0.46
110,公立,一般大學,0003,國立臺灣大學,08121091,園藝暨景觀學系,學士班(日間),1,0,1,0.51
110,公立,一般大學,0003,國立臺灣大學,02222013,人類學系,博士班,2,1,1,14.29
110,公立,一般大學,0003,國立臺灣大學,08411104,獸醫學系,學士班(日間),1,0,1,0.28
110,公立,一般大學,0003,國立臺灣大學,09191122,公共衛生學系,學士班(日間),1,1,0,0.58
110,公立,一般大學,0003,國立臺灣大學,02151002,音樂學研究所,博士班,1,1,0,5.26
110,公立,一般大學,0003,國立臺灣大學,02221012,歷史學系,博士班,3,1,2,7.14
110,公立,一般大學,0003,國立臺灣大學,02322006,中國文學系,博士班,1,1,0,2.22
110,公立,一般大學,0003,國立臺灣大學,02399011,語言學研究所,博士班,1,1,0,7.69
110,公立,一般大學,0003,國立臺灣大學,03111015,經濟學系,博士班,1,0,1,3.85
110,公立,一般大學,0003,國立臺灣大學,03121016,政治學系,博士班,6,4,2,14.63
110,公立,一般大學,0003,國立臺灣大學,03141018,社會學系,博士班,1,0,1,5.88
110,公立,一般大學,0003,國立臺灣大學,03191023,國家發展研究所,博士班,3,2,1,6.38
110,公立,一般大學,0003,國立臺灣大學,03222025,圖書資訊學系,博士班,2,2,0,11.76
110,公立,一般大學,0003,國立臺灣大學,04131026,商學研究所,博士班,1,0,1,2.33
110,公立,一般大學,0003,國立臺灣大學,04131031,國際企業學系,博士班,4,2,2,9.30
110,公立,一般大學,0003,國立臺灣大學,05311051,化學系,博士班,4,2,2,3.23
110,公立,一般大學,0003,國立臺灣大學,05321052,地質科學系,博士班,1,0,1,1.82
110,公立,一般大學,0003,國立臺灣大學,04111027,會計學系,博士班,1,0,1,7.14
110,公立,一般大學,0003,國立臺灣大學,04121032,財務金融學系,博士班,1,0,1,4.76
110,公立,一般大學,0003,國立臺灣大學,05121044,生物科技研究所,博士班,1,0,1,3.23
110,公立,一般大學,0003,國立臺灣大學,05121046,分子與細胞生物學研究所,博士班,2,2,0,20.00
110,公立,一般大學,0003,國立臺灣大學,05322056,大氣科學系,博士班,1,1,0,3.23
110,公立,一般大學,0003,國立臺灣大學,05331054,物理學系,博士班,2,2,0,1.96
110,公立,一般大學,0003,國立臺灣大學,06131062,資訊管理學系,博士班,1,1,0,4.76
110,公立,一般大學,0003,國立臺灣大學,06131063,資訊網路與多媒體研究所,博士班,2,1,1,4.08
110,公立,一般大學,0003,國立臺灣大學,07111076,化學工程學系,博士班,1,1,0,1.43
110,公立,一般大學,0003,國立臺灣大學,07121080,環境工程學研究所,博士班,2,2,0,3.39
110,公立,一般大學,0003,國立臺灣大學,07141068,電信工程學研究所,博士班,1,1,0,1.37
110,公立,一般大學,0003,國立臺灣大學,07151069,機械工程學系,博士班,2,2,0,1.63
110,公立,一般大學,0003,國立臺灣大學,07313086,建築與城鄉研究所,博士班,2,1,1,7.69
110,公立,一般大學,0003,國立臺灣大學,06131081,生醫電子與資訊學研究所,博士班,2,2,0,2.53
110,公立,一般大學,0003,國立臺灣大學,07111077,高分子科學與工程學研究所,博士班,1,1,0,2.86
110,公立,一般大學,0003,國立臺灣大學,07112078,材料科學與工程學系,博士班,1,1,0,1.18
110,公立,一般大學,0003,國立臺灣大學,07141064,電機工程學系,博士班,5,5,0,5.75
110,公立,一般大學,0003,國立臺灣大學,07141065,電子工程學研究所,博士班,4,4,0,3.28
110,公立,一般大學,0003,國立臺灣大學,07141066,光電工程學研究所,博士班,1,1,0,1.64
110,公立,一般大學,0003,國立臺灣大學,07191079,工業工程學研究所,博士班,3,3,0,17.65
110,公立,一般大學,0003,國立臺灣大學,07211099,食品科技研究所,博士班,1,1,0,4.76
110,公立,一般大學,0003,國立臺灣大學,07321074,土木工程學系,博士班,1,1,0,0.70
110,公立,一般大學,0003,國立臺灣大學,08311103,漁業科學研究所,博士班,2,2,0,11.11
110,公立,一般大學,0003,國立臺灣大學,08411104,獸醫學系,博士班,1,0,1,4.35
110,公立,一般大學,0003,國立臺灣大學,09121048,微生物學研究所,博士班,1,0,1,4.35
110,公立,一般大學,0003,國立臺灣大學,08211102,森林環境暨資源學系,博士班,2,1,1,6.67
110,公立,一般大學,0003,國立臺灣大學,09191127,健康政策與管理研究所,博士班,1,0,1,1.72
110,公立,一般大學,0003,國立臺灣大學,01131001,華語教學碩士學位學程,碩士班(日間),3,0,3,6.12
110,公立,一般大學,0003,國立臺灣大學,02152003,戲劇學系,碩士班(日間),6,1,5,19.35
110,公立,一般大學,0003,國立臺灣大學,02222013,人類學系,碩士班(日間),5,1,4,14.29
110,公立,一般大學,0003,國立臺灣大學,02231014,哲學系,碩士班(日間),6,4,2,13.33
110,公立,一般大學,0003,國立臺灣大學,02311009,日本語文學系,碩士班(日間),4,1,3,8.51
110,公立,一般大學,0003,國立臺灣大學,03121016,政治學系,碩士班(日間),5,3,2,3.91
110,公立,一般大學,0003,國立臺灣大學,03131019,心理學系,碩士班(日間),4,2,2,3.42
110,公立,一般大學,0003,國立臺灣大學,03141018,社會學系,碩士班(日間),3,0,3,7.69
110,公立,一般大學,0003,國立臺灣大學,03191023,國家發展研究所,碩士班(日間),4,1,3,1.94
110,公立,一般大學,0003,國立臺灣大學,03212024,新聞研究所,碩士班(日間),13,2,11,13.83
110,公立,一般大學,0003,國立臺灣大學,03222025,圖書資訊學系,碩士班(日間),6,0,6,9.52
110,公立,一般大學,0003,國立臺灣大學,04131028,管理學院企業管理碩士專班,碩士班(日間),2,1,1,1.15
110,公立,一般大學,0003,國立臺灣大學,04211035,法律學系,碩士班(日間),7,1,6,1.48
110,公立,一般大學,0003,國立臺灣大學,05121044,生物科技研究所,碩士班(日間),4,0,4,10.26
110,公立,一般大學,0003,國立臺灣大學,05311051,化學系,碩士班(日間),2,1,1,0.90
110,公立,一般大學,0003,國立臺灣大學,05331054,物理學系,碩士班(日間),6,6,0,3.28
110,公立,一般大學,0003,國立臺灣大學,09191162,環境與職業健康科學研究所,博士班,1,1,0,2.94
110,公立,一般大學,0003,國立臺灣大學,09231144,社會工作學系,博士班,1,1,0,4.17
110,公立,一般大學,0003,國立臺灣大學,02151002,音樂學研究所,碩士班(日間),2,0,2,8.70
110,公立,一般大學,0003,國立臺灣大學,02191004,藝術史研究所,碩士班(日間),4,3,1,8.51
110,公立,一般大學,0003,國立臺灣大學,02221012,歷史學系,碩士班(日間),7,4,3,9.09
110,公立,一般大學,0003,國立臺灣大學,02312010,翻譯碩士學位學程,碩士班(日間),1,1,0,1.82
110,公立,一般大學,0003,國立臺灣大學,02322006,中國文學系,碩士班(日間),10,4,6,11.90
110,公立,一般大學,0003,國立臺灣大學,03111015,經濟學系,碩士班(日間),6,3,3,4.55
110,公立,一般大學,0003,國立臺灣大學,03142021,地理環境資源學系,碩士班(日間),4,3,1,6.15
110,公立,一般大學,0003,國立臺灣大學,04111027,會計學系,碩士班(日間),1,0,1,0.94
110,公立,一般大學,0003,國立臺灣大學,04121032,財務金融學系,碩士班(日間),4,2,2,2.94
110,公立,一般大學,0003,國立臺灣大學,04131026,商學研究所,碩士班(日間),3,0,3,2.27
110,公立,一般大學,0003,國立臺灣大學,04131031,國際企業學系,碩士班(日間),9,0,9,6.43
110,公立,一般大學,0003,國立臺灣大學,04134022,公共事務研究所,碩士班(日間),4,2,2,6.45
110,公立,一般大學,0003,國立臺灣大學,05111038,生命科學系,碩士班(日間),4,0,4,5.88
110,公立,一般大學,0003,國立臺灣大學,05111040,植物科學研究所,碩士班(日間),2,1,1,4.08
110,公立,一般大學,0003,國立臺灣大學,05121045,生化科學研究所,碩士班(日間),1,1,0,2.13
110,公立,一般大學,0003,國立臺灣大學,05121151,生化科技學系,碩士班(日間),1,0,1,0.98
110,公立,一般大學,0003,國立臺灣大學,06131063,資訊網路與多媒體研究所,碩士班(日間),4,4,0,3.17
110,公立,一般大學,0003,國立臺灣大學,07111076,化學工程學系,碩士班(日間),1,1,0,0.41
110,公立,一般大學,0003,國立臺灣大學,07111077,高分子科學與工程學研究所,碩士班(日間),1,1,0,1.75
110,公立,一般大學,0003,國立臺灣大學,07121080,環境工程學研究所,碩士班(日間),5,3,2,4.46
110,公立,一般大學,0003,國立臺灣大學,07141066,光電工程學研究所,碩士班(日間),6,4,2,2.03
110,公立,一般大學,0003,國立臺灣大學,07141068,電信工程學研究所,碩士班(日間),1,1,0,0.29
110,公立,一般大學,0003,國立臺灣大學,07151082,工程科學及海洋工程學系,碩士班(日間),5,3,2,2.11
110,公立,一般大學,0003,國立臺灣大學,07191079,工業工程學研究所,碩士班(日間),1,1,0,1.61
110,公立,一般大學,0003,國立臺灣大學,07194071,應用力學研究所,碩士班(日間),1,1,0,0.56
110,公立,一般大學,0003,國立臺灣大學,08112089,動物科學技術學系,碩士班(日間),1,1,0,1.85
110,公立,一般大學,0003,國立臺灣大學,08191100,農業化學系,碩士班(日間),1,1,0,1.75
110,公立,一般大學,0003,國立臺灣大學,08193096,農業經濟學系,碩士班(日間),8,5,3,8.51
110,公立,一般大學,0003,國立臺灣大學,08194094,植物病理與微生物學系,碩士班(日間),2,1,1,4.08
110,公立,一般大學,0003,國立臺灣大學,08211102,森林環境暨資源學系,碩士班(日間),1,1,0,0.76
110,公立,一般大學,0003,國立臺灣大學,09121114,解剖學暨細胞生物學研究所,碩士班(日間),1,0,1,4.35
110,公立,一般大學,0003,國立臺灣大學,06131062,資訊管理學系,碩士班(日間),3,0,3,2.36
110,公立,一般大學,0003,國立臺灣大學,06131067,資訊工程學系,碩士班(日間),10,6,4,2.87
110,公立,一般大學,0003,國立臺灣大學,06131081,生醫電子與資訊學研究所,碩士班(日間),5,5,0,4.13
110,公立,一般大學,0003,國立臺灣大學,07112078,材料科學與工程學系,碩士班(日間),1,1,0,0.64
110,公立,一般大學,0003,國立臺灣大學,07141064,電機工程學系,碩士班(日間),7,6,1,3.03
110,公立,一般大學,0003,國立臺灣大學,07141065,電子工程學研究所,碩士班(日間),8,6,2,1.96
110,公立,一般大學,0003,國立臺灣大學,07151069,機械工程學系,碩士班(日間),7,6,1,1.57
110,公立,一般大學,0003,國立臺灣大學,07193083,醫學工程學系,碩士班(日間),1,1,0,1.05
110,公立,一般大學,0003,國立臺灣大學,07211099,食品科技研究所,碩士班(日間),5,1,4,5.56
110,公立,一般大學,0003,國立臺灣大學,07313086,建築與城鄉研究所,碩士班(日間),17,4,13,11.72
110,公立,一般大學,0003,國立臺灣大學,07321074,土木工程學系,碩士班(日間),8,6,2,2.23
110,公立,一般大學,0003,國立臺灣大學,07321075,生物環境系統工程學系,碩士班(日間),1,1,0,1.54
110,公立,一般大學,0003,國立臺灣大學,08121091,園藝暨景觀學系,碩士班(日間),2,0,2,1.71
110,公立,一般大學,0003,國立臺灣大學,08193098,生物產業傳播暨發展學系,碩士班(日間),2,0,2,6.25
110,公立,一般大學,0003,國立臺灣大學,08311103,漁業科學研究所,碩士班(日間),1,1,0,2.50
110,公立,一般大學,0003,國立臺灣大學,09111139,口腔生物科學研究所,碩士班(日間),2,0,2,7.41
110,公立,一般大學,0003,國立臺灣大學,09121048,微生物學研究所,碩士班(日間),2,1,1,2.60
110,公立,一般大學,0003,國立臺灣大學,09121112,病理學研究所,碩士班(日間),1,0,1,6.67
110,公立,一般大學,0003,國立臺灣大學,09121142,腦與心智科學研究所,碩士班(日間),1,0,1,2.63
110,公立,一般大學,0003,國立臺灣大學,09191127,健康政策與管理研究所,碩士班(日間),3,0,3,4.69
110,公立,一般大學,0003,國立臺灣大學,09199141,毒理學研究所,碩士班(日間),2,2,0,8.70
110,公立,一般大學,0003,國立臺灣大學,09141136,醫學檢驗暨生物技術學系,碩士班(日間),3,0,3,5.45
110,公立,一般大學,0003,國立臺灣大學,09191122,公共衛生碩士學位學程,碩士班(日間),1,1,0,1.22
110,公立,一般大學,0003,國立臺灣大學,09191126,流行病學與預防醫學研究所,碩士班(日間),1,0,1,1.11
110,公立,一般大學,0003,國立臺灣大學,09191128,健康行為與社區科學研究所,碩士班(日間),3,1,2,8.57
110,公立,一般大學,0003,國立臺灣大學,09191157,食品安全與健康研究所,碩士班(日間),1,0,1,2.70
110,公立,一般大學,0003,國立臺灣大學,09191162,環境與職業健康科學研究所,碩士班(日間),3,0,3,4.11
110,公立,一般大學,0003,國立臺灣大學,09231144,社會工作學系,碩士班(日間),2,0,2,2.99
110,公立,一般大學,0004,國立臺灣師範大學,02131023,美術學系,學士班(日間),3,1,2,1.54
110,公立,一般大學,0004,國立臺灣師範大學,02311033,英語學系,學士班(日間),3,1,2,0.92
110,公立,一般大學,0004,國立臺灣師範大學,01131009,社會教育學系,博士班,2,2,0,5.56
110,公立,一般大學,0004,國立臺灣師範大學,01141007,人類發展與家庭學系,博士班,4,1,3,11.76
110,公立,一般大學,0004,國立臺灣師範大學,01141087,體育與運動科學系,博士班,4,1,3,3.54
110,公立,一般大學,0004,國立臺灣師範大學,02112037,設計學系,博士班,7,3,4,22.58
110,公立,一般大學,0004,國立臺灣師範大學,02312034,翻譯研究所,博士班,1,1,0,2.78
110,公立,一般大學,0004,國立臺灣師範大學,03143042,東亞學系,博士班,2,1,1,11.76
110,公立,一般大學,0004,國立臺灣師範大學,01114019,教育政策與行政研究所,碩士班(日間),1,1,0,1.92
110,公立,一般大學,0004,國立臺灣師範大學,01131009,社會教育學系,碩士班(日間),4,0,4,5.26
110,公立,一般大學,0004,國立臺灣師範大學,01131017,健康促進與衛生教育學系,碩士班(日間),1,0,1,1.61
110,公立,一般大學,0004,國立臺灣師範大學,01141087,體育與運動科學系,碩士班(日間),3,2,1,2.07
110,公立,一般大學,0004,國立臺灣師範大學,02131023,美術學系,碩士班(日間),2,1,1,1.53
110,公立,一般大學,0004,國立臺灣師範大學,02191026,藝術史研究所,碩士班(日間),7,2,5,12.73
110,公立,一般大學,0004,國立臺灣師範大學,02299045,歐洲文化與觀光研究所,碩士班(日間),2,1,1,4.00
110,公立,一般大學,0004,國立臺灣師範大學,02313005,華語文教學系,碩士班(日間),3,0,3,1.44
110,公立,一般大學,0004,國立臺灣師範大學,01115002,課程與教學研究所,博士班,1,0,1,2.70
110,公立,一般大學,0004,國立臺灣師範大學,01141010,工業教育學系,博士班,1,1,0,3.57
110,公立,一般大學,0004,國立臺灣師範大學,02131023,美術學系,博士班,2,0,2,1.71
110,公立,一般大學,0004,國立臺灣師範大學,02151024,音樂學系,博士班,1,0,1,3.57
110,公立,一般大學,0004,國立臺灣師範大學,02313005,華語文教學系,博士班,4,0,4,7.41
110,公立,一般大學,0004,國立臺灣師範大學,02322029,國文學系,博士班,4,0,4,6.67
110,公立,一般大學,0004,國立臺灣師範大學,03131003,教育心理與輔導學系,博士班,3,1,2,4.11
110,公立,一般大學,0004,國立臺灣師範大學,05411062,數學系,博士班,1,1,0,7.14
110,公立,一般大學,0004,國立臺灣師範大學,10152077,運動休閒與餐旅管理研究所,博士班,3,0,3,11.54
110,公立,一般大學,0004,國立臺灣師範大學,01111001,教育學系,碩士班(日間),3,1,2,4.23
110,公立,一般大學,0004,國立臺灣師範大學,01113018,特殊教育學系,碩士班(日間),1,0,1,1.35
110,公立,一般大學,0004,國立臺灣師範大學,01115002,課程與教學研究所,碩士班(日間),3,1,2,6.00
110,公立,一般大學,0004,國立臺灣師範大學,01141007,人類發展與家庭學系,碩士班(日間),2,0,2,2.53
110,公立,一般大學,0004,國立臺灣師範大學,02112037,設計學系,碩士班(日間),5,2,3,6.58
110,公立,一般大學,0004,國立臺灣師範大學,02151024,音樂學系,碩士班(日間),3,0,3,2.16
110,公立,一般大學,0004,國立臺灣師範大學,02151025,民族音樂研究所,碩士班(日間),2,0,2,3.39
110,公立,一般大學,0004,國立臺灣師範大學,02152027,表演藝術研究所,碩士班(日間),2,1,1,2.20
110,公立,一般大學,0004,國立臺灣師範大學,02312034,翻譯研究所,碩士班(日間),5,0,5,5.81
110,公立,一般大學,0004,國立臺灣師範大學,02322029,國文學系,碩士班(日間),6,2,4,6.59
110,公立,一般大學,0004,國立臺灣師範大學,03131003,教育心理與輔導學系,碩士班(日間),3,0,3,2.26
110,公立,一般大學,0004,國立臺灣師範大學,03214050,圖文傳播學系,碩士班(日間),2,0,2,2.94
110,公立,一般大學,0004,國立臺灣師範大學,03222049,圖書資訊學研究所,碩士班(日間),1,0,1,1.79
110,公立,一般大學,0004,國立臺灣師範大學,04131047,全球經營與策略研究所,碩士班(日間),3,3,0,4.62
110,公立,一般大學,0004,國立臺灣師範大學,04131052,管理研究所,碩士班(日間),2,1,1,2.20
110,公立,一般大學,0004,國立臺灣師範大學,06131065,資訊工程學系,碩士班(日間),2,2,0,1.12
110,公立,一般大學,0004,國立臺灣師範大學,07141063,電機工程學系,碩士班(日間),1,1,0,0.82
110,公立,一般大學,0004,國立臺灣師範大學,09231071,社會工作學研究所,碩士班(日間),2,0,2,2.35
110,公立,一般大學,0004,國立臺灣師範大學,03211048,大眾傳播研究所,碩士班(日間),6,2,4,6.74
110,公立,一般大學,0004,國立臺灣師範大學,05111056,生命科學系,碩士班(日間),1,0,1,1.11
110,公立,一般大學,0004,國立臺灣師範大學,05411062,數學系,碩士班(日間),1,0,1,1.25
110,公立,一般大學,0004,國立臺灣師範大學,10152077,運動休閒與餐旅管理研究所,碩士班(日間),3,1,2,2.94
110,公立,一般大學,0004,國立臺灣師範大學,01111001,教育學系,學士班(日間),3,0,3,1.16
110,公立,一般大學,0004,國立臺灣師範大學,01141007,人類發展與家庭學系,學士班(日間),1,0,1,0.33
110,公立,一般大學,0004,國立臺灣師範大學,05331061,物理學系,學士班(日間),1,1,0,0.37
110,公立,一般大學,0004,國立臺灣師範大學,01111001,教育學系,博士班,4,1,3,5.48
110,公立,一般大學,0004,國立臺灣師範大學,01113018,特殊教育學系,博士班,2,1,1,5.88
110,公立,一般大學,0005,國立成功大學,03111114,經濟學系,學士班(日間),1,0,1,0.40
110,公立,一般大學,0005,國立成功大學,03131117,心理學系,學士班(日間),2,0,2,0.74
110,公立,一般大學,0005,國立成功大學,07151042,機械工程學系,學士班(日間),2,2,0,0.31
110,公立,一般大學,0005,國立成功大學,02122112,創意產業設計研究所,博士班,4,1,3,9.30
110,公立,一般大學,0005,國立成功大學,03121115,政治學系政治經濟學博士班,博士班,5,4,1,15.15
110,公立,一般大學,0005,國立成功大學,04111120,會計學系,博士班,1,0,1,11.11
110,公立,一般大學,0005,國立成功大學,04121126,財務金融研究所,博士班,1,1,0,20.00
110,公立,一般大學,0005,國立成功大學,04199057,工業與資訊管理學系,博士班,1,0,1,5.26
110,公立,一般大學,0005,國立成功大學,06131030,資訊管理研究所,博士班,1,1,0,5.26
110,公立,一般大學,0005,國立成功大學,07141032,電機工程學系,博士班,1,1,0,0.81
110,公立,一般大學,0005,國立成功大學,07151042,機械工程學系,博士班,1,1,0,1.96
110,公立,一般大學,0005,國立成功大學,07311075,建築學系,博士班,5,4,1,8.62
110,公立,一般大學,0005,國立成功大學,06131036,資訊工程學系,學士班(日間),2,1,1,0.41
110,公立,一般大學,0005,國立成功大學,07311075,建築學系,學士班(日間),2,0,2,0.67
110,公立,一般大學,0005,國立成功大學,02123113,工業設計學系,博士班,10,4,6,14.71
110,公立,一般大學,0005,國立成功大學,02221110,歷史學系,博士班,2,1,1,6.90
110,公立,一般大學,0005,國立成功大學,02311108,外國語文學系,博士班,3,2,1,17.65
110,公立,一般大學,0005,國立成功大學,02322107,中國文學系,博士班,2,2,0,5.41
110,公立,一般大學,0005,國立成功大學,04212001,法律學系,博士班,5,1,4,20.00
110,公立,一般大學,0005,國立成功大學,02122112,創意產業設計研究所,碩士班(日間),6,1,5,9.84
110,公立,一般大學,0005,國立成功大學,02152051,戲劇碩士學位學程,碩士班(日間),3,1,2,15.00
110,公立,一般大學,0005,國立成功大學,02221110,歷史學系,碩士班(日間),1,0,1,2.04
110,公立,一般大學,0005,國立成功大學,02222111,考古學研究所,碩士班(日間),1,0,1,2.04
110,公立,一般大學,0005,國立成功大學,03121115,政治學系政治經濟學碩士班,碩士班(日間),1,1,0,2.44
110,公立,一般大學,0005,國立成功大學,05421029,統計學系,碩士班(日間),1,1,0,3.13
110,公立,一般大學,0005,國立成功大學,05421128,數據科學研究所,碩士班(日間),2,1,1,10.00
110,公立,一般大學,0005,國立成功大學,06131036,資訊工程學系,碩士班(日間),6,5,1,2.04
110,公立,一般大學,0005,國立成功大學,06131036,資訊工程學系,博士班,4,2,2,4.94
110,公立,一般大學,0005,國立成功大學,06131037,電腦與通信工程研究所,博士班,1,1,0,4.55
110,公立,一般大學,0005,國立成功大學,07141035,光電科學與工程學系,博士班,1,1,0,2.63
110,公立,一般大學,0005,國立成功大學,07313076,都市計劃學系,博士班,3,2,1,20.00
110,公立,一般大學,0005,國立成功大學,01111103,教育研究所,碩士班(日間),3,1,2,5.66
110,公立,一般大學,0005,國立成功大學,02123113,工業設計學系,碩士班(日間),11,6,5,11.58
110,公立,一般大學,0005,國立成功大學,02191104,藝術研究所,碩士班(日間),10,2,8,17.54
110,公立,一般大學,0005,國立成功大學,02311108,外國語文學系,碩士班(日間),2,0,2,3.92
110,公立,一般大學,0005,國立成功大學,02322107,中國文學系中國文學碩士班,碩士班(日間),6,1,5,10.71
110,公立,一般大學,0005,國立成功大學,02322107,中國文學系現代文學碩士班,碩士班(日間),1,0,1,3.45
110,公立,一般大學,0005,國立成功大學,03111114,經濟學系,碩士班(日間),2,2,0,6.67
110,公立,一般大學,0005,國立成功大學,03131117,心理學系,碩士班(日間),3,3,0,5.77
110,公立,一般大學,0005,國立成功大學,04212001,法律學系,碩士班(日間),2,0,2,1.17
110,公立,一般大學,0005,國立成功大學,05111132,熱帶植物與微生物科學研究所,碩士班(日間),1,0,1,4.35
110,公立,一般大學,0005,國立成功大學,06131037,電腦與通信工程研究所,碩士班(日間),3,3,0,1.61
110,公立,一般大學,0005,國立成功大學,07141032,電機工程學系,碩士班(日間),1,1,0,0.15
110,公立,一般大學,0005,國立成功大學,07141071,工程科學系,碩士班(日間),1,1,0,0.45
110,公立,一般大學,0005,國立成功大學,07193061,生物醫學工程學系,碩士班(日間),1,1,0,1.10
110,公立,一般大學,0005,國立成功大學,07311075,建築學系,碩士班(日間),4,2,2,2.09
110,公立,一般大學,0005,國立成功大學,07313076,都市計劃學系,碩士班(日間),3,2,1,2.78
110,公立,一般大學,0005,國立成功大學,09191079,公共衛生研究所,碩士班(日間),1,0,1,3.13
110,公立,一般大學,0005,國立成功大學,10411098,交通管理科學系,碩士班(日間),1,1,0,1.22
110,公立,一般大學,0005,國立成功大學,04111120,會計學系,學士班(日間),1,0,1,0.36
110,公立,一般大學,0005,國立成功大學,06131095,醫學資訊研究所,碩士班(日間),2,2,0,5.71
110,公立,一般大學,0005,國立成功大學,07141041,製造資訊與系統研究所,碩士班(日間),1,1,0,1.35
110,公立,一般大學,0005,國立成功大學,07151042,機械工程學系,碩士班(日間),2,2,0,0.51
110,公立,一般大學,0005,國立成功大學,07321049,土木工程學系,碩士班(日間),5,4,1,1.87
110,公立,一般大學,0005,國立成功大學,09191085,環境醫學研究所,碩士班(日間),1,0,1,2.04
110,公立,一般大學,0005,國立成功大學,10152097,體育健康與休閒研究所,碩士班(日間),3,1,2,6.82
110,公立,一般大學,0006,國立中興大學,07112057,材料科學與工程學系,學士班(日間),1,1,0,0.47
110,公立,一般大學,0006,國立中興大學,08411087,獸醫學系,學士班(日間),3,0,3,0.76
110,公立,一般大學,0006,國立中興大學,02322005,中國文學系,博士班,4,2,2,12.12
110,公立,一般大學,0006,國立中興大學,07121059,環境工程學系,博士班,1,1,0,4.35
110,公立,一般大學,0006,國立中興大學,06131043,資訊管理學系,學士班(日間),2,2,0,1.41
110,公立,一般大學,0006,國立中興大學,07151050,機械工程學系,學士班(日間),1,1,0,0.26
110,公立,一般大學,0006,國立中興大學,04121019,財務金融學系,博士班,2,1,1,11.11
110,公立,一般大學,0006,國立中興大學,02322005,中國文學系,碩士班(日間),1,1,0,1.75
110,公立,一般大學,0006,國立中興大學,04134011,國家政策與公共事務研究所,碩士班(日間),1,0,1,5.00
110,公立,一般大學,0006,國立中興大學,04199021,科技管理研究所電子商務碩士班,碩士班(日間),1,0,1,3.13
110,公立,一般大學,0006,國立中興大學,05123034,生物化學研究所,碩士班(日間),1,0,1,3.57
110,公立,一般大學,0006,國立中興大學,07141045,電機工程學系,碩士班(日間),1,0,1,0.49
110,公立,一般大學,0006,國立中興大學,08411087,獸醫學系,博士班,3,1,2,11.11
110,公立,一般大學,0006,國立中興大學,04143020,行銷學系,碩士班(日間),4,1,3,6.90
110,公立,一般大學,0006,國立中興大學,05421042,統計學研究所,碩士班(日間),1,1,0,2.56
110,公立,一般大學,0006,國立中興大學,07193060,生醫工程研究所,碩士班(日間),1,1,0,3.33
110,公立,一般大學,0006,國立中興大學,07321054,土木工程學系,碩士班(日間),2,2,0,1.92
110,公立,一般大學,0006,國立中興大學,02221007,歷史學系,學士班(日間),2,2,0,0.78
110,公立,一般大學,0006,國立中興大學,04131016,企業管理學系,學士班(日間),1,1,0,0.40
110,公立,一般大學,0007,國立陽明交通大學,04121020,資訊管理與財務金融學系,學士班(日間),2,1,1,1.16
110,公立,一般大學,0007,國立陽明交通大學,05121112,生命科學系暨基因體科學研究所,學士班(日間),5,3,2,5.32
110,公立,一般大學,0007,國立陽明交通大學,05331041,電子物理學系,學士班(日間),1,1,0,0.44
110,公立,一般大學,0007,國立陽明交通大學,06131058,資訊工程學系,學士班(日間),1,1,0,0.12
110,公立,一般大學,0007,國立陽明交通大學,07112072,材料科學與工程學系,學士班(日間),1,1,0,0.51
110,公立,一般大學,0007,國立陽明交通大學,06131022,資訊管理研究所,博士班,1,1,0,3.45
110,公立,一般大學,0007,國立陽明交通大學,07112072,材料科學與工程學系,博士班,1,0,1,0.71
110,公立,一般大學,0007,國立陽明交通大學,07141053,電子研究所,博士班,6,3,3,4.92
110,公立,一般大學,0007,國立陽明交通大學,07321071,土木工程學系,博士班,4,2,2,6.56
110,公立,一般大學,0007,國立陽明交通大學,10411086,運輸與物流管理學系,學士班(日間),1,1,0,0.52
110,公立,一般大學,0007,國立陽明交通大學,02122004,應用藝術研究所,博士班,3,1,2,11.11
110,公立,一般大學,0007,國立陽明交通大學,02299010,社會與文化研究所,博士班,14,3,11,26.92
110,公立,一般大學,0007,國立陽明交通大學,04199023,科技管理研究所,博士班,2,0,2,9.52
110,公立,一般大學,0007,國立陽明交通大學,06131061,資訊科學與工程研究所,博士班,4,2,2,2.86
110,公立,一般大學,0007,國立陽明交通大學,07141050,電機工程學系,博士班,2,2,0,3.51
110,公立,一般大學,0007,國立陽明交通大學,07141062,電信工程研究所,博士班,1,1,0,2.33
110,公立,一般大學,0007,國立陽明交通大學,07141064,電控工程研究所,博士班,1,1,0,2.27
110,公立,一般大學,0007,國立陽明交通大學,07151070,機械工程學系,博士班,1,1,0,1.28
110,公立,一般大學,0007,國立陽明交通大學,02122004,應用藝術研究所,碩士班(日間),7,3,4,8.97
110,公立,一般大學,0007,國立陽明交通大學,02151003,音樂研究所,碩士班(日間),1,0,1,1.52
110,公立,一般大學,0007,國立陽明交通大學,02299009,亞際文化研究國際碩士學位學程(台灣聯合大學系統),碩士班(日間),1,1,0,4.17
110,公立,一般大學,0007,國立陽明交通大學,02299010,社會與文化研究所,碩士班(日間),6,1,5,17.65
110,公立,一般大學,0007,國立陽明交通大學,03211014,傳播研究所,碩士班(日間),13,3,10,17.33
110,公立,一般大學,0007,國立陽明交通大學,04212027,科技法律研究所,碩士班(日間),1,0,1,0.89
110,公立,一般大學,0007,國立陽明交通大學,05123116,生化暨分子生物研究所,碩士班(日間),1,1,0,2.17
110,公立,一般大學,0007,國立陽明交通大學,05124117,生物醫學資訊研究所,碩士班(日間),1,1,0,1.64
110,公立,一般大學,0007,國立陽明交通大學,05421047,統計學研究所,碩士班(日間),1,1,0,2.13
110,公立,一般大學,0007,國立陽明交通大學,06121060,網路工程研究所,碩士班(日間),1,1,0,0.81
110,公立,一般大學,0007,國立陽明交通大學,07112072,材料科學與工程學系,碩士班(日間),1,1,0,0.55
110,公立,一般大學,0007,國立陽明交通大學,10411086,運輸與物流管理學系,博士班,1,0,1,5.26
110,公立,一般大學,0007,國立陽明交通大學,03211015,傳播與科技學系,碩士班(日間),1,1,0,2.13
110,公立,一般大學,0007,國立陽明交通大學,04121020,資訊管理與財務金融學系財務金融碩士班,碩士班(日間),14,11,3,12.96
110,公立,一般大學,0007,國立陽明交通大學,04131016,管理學院企業管理碩士學位學程,碩士班(日間),1,0,1,1.37
110,公立,一般大學,0007,國立陽明交通大學,04131018,管理科學系,碩士班(日間),4,3,1,5.48
110,公立,一般大學,0007,國立陽明交通大學,04199023,科技管理研究所,碩士班(日間),6,3,3,11.76
110,公立,一般大學,0007,國立陽明交通大學,05124034,生物資訊及系統生物研究所,碩士班(日間),1,0,1,2.50
110,公立,一般大學,0007,國立陽明交通大學,05311036,應用化學系,碩士班(日間),4,2,2,1.96
110,公立,一般大學,0007,國立陽明交通大學,05411045,應用數學系,碩士班(日間),1,1,0,1.96
110,公立,一般大學,0007,國立陽明交通大學,06131022,資訊管理研究所,碩士班(日間),5,4,1,5.38
110,公立,一般大學,0007,國立陽明交通大學,06131061,資訊科學與工程研究所,碩士班(日間),5,4,1,1.23
110,公立,一般大學,0007,國立陽明交通大學,06132049,多媒體工程研究所,碩士班(日間),1,1,0,0.75
110,公立,一般大學,0007,國立陽明交通大學,07141050,電機工程學系,碩士班(日間),5,3,2,2.49
110,公立,一般大學,0007,國立陽明交通大學,07141053,電子研究所,碩士班(日間),1,1,0,0.17
110,公立,一般大學,0007,國立陽明交通大學,07141055,光電工程學系,碩士班(日間),1,1,0,0.38
110,公立,一般大學,0007,國立陽明交通大學,07151093,機器人碩士學位學程,碩士班(日間),3,3,0,4.35
110,公立,一般大學,0007,國立陽明交通大學,07193120,生醫光電研究所,碩士班(日間),3,3,0,4.92
110,公立,一般大學,0007,國立陽明交通大學,07311085,建築研究所,碩士班(日間),2,0,2,2.53
110,公立,一般大學,0007,國立陽明交通大學,09211168,跨專業長期照顧與管理碩士學位學程,碩士班(日間),1,0,1,3.23
110,公立,一般大學,0007,國立陽明交通大學,03211015,傳播與科技學系,學士班(日間),1,0,1,0.60
110,公立,一般大學,0007,國立陽明交通大學,07141050,電機工程學系,學士班(日間),2,2,0,0.19
110,公立,一般大學,0007,國立陽明交通大學,04121020,資訊管理與財務金融學系財務金融博士班,博士班,5,3,2,17.24
110,公立,一般大學,0007,國立陽明交通大學,04131018,管理科學系,博士班,3,2,1,11.11
110,公立,一般大學,0007,國立陽明交通大學,05121112,生命科學系暨基因體科學研究所,博士班,1,0,1,6.67
110,公立,一般大學,0007,國立陽明交通大學,07121076,環境工程研究所,碩士班(日間),2,2,0,2.78
110,公立,一般大學,0007,國立陽明交通大學,07132081,照明與能源光電研究所,碩士班(日間),1,1,0,1.33
110,公立,一般大學,0007,國立陽明交通大學,07141062,電信工程研究所,碩士班(日間),1,1,0,0.31
110,公立,一般大學,0007,國立陽明交通大學,07141065,光電系統研究所,碩士班(日間),1,1,0,1.23
110,公立,一般大學,0007,國立陽明交通大學,07141066,國際半導體產業學院碩士班,碩士班(日間),2,2,0,2.15
110,公立,一般大學,0007,國立陽明交通大學,07151070,機械工程學系,碩士班(日間),3,3,0,1.04
110,公立,一般大學,0007,國立陽明交通大學,07191075,工業工程與管理學系,碩士班(日間),3,2,1,2.34
110,公立,一般大學,0007,國立陽明交通大學,07321071,土木工程學系,碩士班(日間),1,0,1,0.50
110,公立,一般大學,0008,國立中央大學,02311007,英美語文學系,學士班(日間),1,0,1,0.50
110,公立,一般大學,0008,國立中央大學,06131059,資訊工程學系,學士班(日間),1,0,1,0.24
110,公立,一般大學,0008,國立中央大學,07151064,機械工程學系,學士班(日間),2,2,0,0.38
110,公立,一般大學,0008,國立中央大學,07321067,土木工程學系,學士班(日間),1,1,0,0.28
110,公立,一般大學,0008,國立中央大學,02231011,哲學研究所,博士班,1,1,0,3.70
110,公立,一般大學,0008,國立中央大學,04131023,企業管理學系,博士班,5,1,4,5.88
110,公立,一般大學,0008,國立中央大學,01115001,學習與教學研究所,碩士班(日間),1,0,1,3.23
110,公立,一般大學,0008,國立中央大學,02191004,藝術學研究所,碩士班(日間),4,1,3,13.33
110,公立,一般大學,0008,國立中央大學,01115001,學習與教學研究所,博士班,2,0,2,10.53
110,公立,一般大學,0008,國立中央大學,02322006,中國文學系,博士班,3,1,2,9.68
110,公立,一般大學,0008,國立中央大學,04121024,財務金融學系,博士班,1,1,0,9.09
110,公立,一般大學,0008,國立中央大學,05323039,水文與海洋科學研究所,博士班,1,0,1,7.14
110,公立,一般大學,0008,國立中央大學,06131059,資訊工程學系,博士班,3,2,1,3.95
110,公立,一般大學,0008,國立中央大學,07121072,環境工程研究所,博士班,1,0,1,7.69
110,公立,一般大學,0008,國立中央大學,07321067,土木工程學系,博士班,5,5,0,7.14
110,公立,一般大學,0008,國立中央大學,02221010,歷史研究所,碩士班(日間),1,0,1,2.70
110,公立,一般大學,0008,國立中央大學,02231011,哲學研究所,碩士班(日間),1,1,0,5.26
110,公立,一般大學,0008,國立中央大學,02322006,中國文學系,碩士班(日間),2,0,2,3.45
110,公立,一般大學,0008,國立中央大學,03111013,經濟學系,碩士班(日間),3,3,0,9.68
110,公立,一般大學,0008,國立中央大學,03131017,認知神經科學研究所,碩士班(日間),1,1,0,4.00
110,公立,一般大學,0008,國立中央大學,04121024,財務金融學系,碩士班(日間),2,1,1,3.33
110,公立,一般大學,0008,國立中央大學,06131059,資訊工程學系軟體工程碩士班,碩士班(日間),1,1,0,4.55
110,公立,一般大學,0008,國立中央大學,07121072,環境工程研究所,碩士班(日間),2,1,1,2.27
110,公立,一般大學,0008,國立中央大學,07141057,光電科學與工程學系,碩士班(日間),1,1,0,0.58
110,公立,一般大學,0008,國立中央大學,07141060,通訊工程學系,碩士班(日間),5,3,2,3.52
110,公立,一般大學,0008,國立中央大學,07193074,生醫科學與工程學系生物醫學工程碩士班,碩士班(日間),1,1,0,2.13
110,公立,一般大學,0008,國立中央大學,04131023,企業管理學系,碩士班(日間),2,1,1,1.52
110,公立,一般大學,0008,國立中央大學,04211030,法律與政府研究所,碩士班(日間),1,1,0,2.00
110,公立,一般大學,0008,國立中央大學,05411051,數學系,碩士班(日間),1,0,1,1.69
110,公立,一般大學,0008,國立中央大學,05421052,統計研究所,碩士班(日間),2,1,1,4.26
110,公立,一般大學,0008,國立中央大學,06131053,資訊管理學系,碩士班(日間),2,2,0,1.45
110,公立,一般大學,0008,國立中央大學,06131059,資訊工程學系,碩士班(日間),6,6,0,2.05
110,公立,一般大學,0008,國立中央大學,07132066,能源工程研究所,碩士班(日間),1,1,0,2.94
110,公立,一般大學,0008,國立中央大學,07141055,電機工程學系,碩士班(日間),2,2,0,0.55
110,公立,一般大學,0008,國立中央大學,07151064,機械工程學系,碩士班(日間),1,1,0,0.38
110,公立,一般大學,0008,國立中央大學,04131023,企業管理學系,學士班(日間),1,0,1,0.26
110,公立,一般大學,0008,國立中央大學,06131053,資訊管理學系,學士班(日間),1,1,0,0.23
110,公立,一般大學,0009,國立中山大學,04121024,財務管理學系,學士班(日間),1,0,1,0.49
110,公立,一般大學,0009,國立中山大學,06131052,資訊管理學系,學士班(日間),1,1,0,0.47
110,公立,一般大學,0009,國立中山大學,01111001,教育研究所,博士班,1,1,0,1.96
110,公立,一般大學,0009,國立中山大學,04121024,財務管理學系,博士班,3,2,1,15.79
110,公立,一般大學,0009,國立中山大學,07121064,環境工程研究所,博士班,1,0,1,3.13
110,公立,一般大學,0009,國立中山大學,02231008,哲學研究所,碩士班(日間),2,1,1,6.25
110,公立,一般大學,0009,國立中山大學,02311006,外國語文學系,碩士班(日間),1,0,1,2.50
110,公立,一般大學,0009,國立中山大學,05323047,海洋科學系,碩士班(日間),1,1,0,2.27
110,公立,一般大學,0009,國立中山大學,05111033,生物科學系,學士班(日間),1,0,1,0.52
110,公立,一般大學,0009,國立中山大學,05311037,化學系,學士班(日間),1,1,0,0.48
110,公立,一般大學,0009,國立中山大學,07112063,材料與光電科學學系,學士班(日間),1,1,0,0.47
110,公立,一般大學,0009,國立中山大學,07151061,機械與機電工程學系,學士班(日間),1,1,0,0.23
110,公立,一般大學,0009,國立中山大學,02322005,中國文學系,博士班,5,1,4,20.83
110,公立,一般大學,0009,國立中山大學,03143016,中國與亞太區域研究所,博士班,1,0,1,1.54
110,公立,一般大學,0009,國立中山大學,05323047,海洋科學系,博士班,1,1,0,6.25
110,公立,一般大學,0009,國立中山大學,07112063,材料與光電科學學系,碩士班(日間),1,1,0,0.86
110,公立,一般大學,0009,國立中山大學,02322005,中國文學系,學士班(日間),2,0,2,1.04
110,公立,一般大學,0009,國立中山大學,04134010,政治經濟學系,學士班(日間),1,0,1,0.47
110,公立,一般大學,0009,國立中山大學,02322005,中國文學系,碩士班(日間),5,1,4,9.80
110,公立,一般大學,0009,國立中山大學,03121011,政治學研究所,碩士班(日間),1,1,0,2.00
110,公立,一般大學,0009,國立中山大學,04121024,財務管理學系,碩士班(日間),1,0,1,1.16
110,公立,一般大學,0009,國立中山大學,04199025,行銷傳播管理研究所,碩士班(日間),5,4,1,7.69
110,公立,一般大學,0009,國立中山大學,05311037,化學系,碩士班(日間),1,0,1,0.74
110,公立,一般大學,0009,國立中山大學,05411051,應用數學系,碩士班(日間),1,0,1,1.67
110,公立,一般大學,0009,國立中山大學,06111055,資訊工程學系,碩士班(日間),6,5,1,2.34
110,公立,一般大學,0009,國立中山大學,06131052,資訊管理學系,碩士班(日間),2,1,1,1.77
110,公立,一般大學,0009,國立中山大學,07121064,環境工程研究所,碩士班(日間),3,3,0,6.00
110,公立,一般大學,0009,國立中山大學,07122065,海洋環境及工程學系,碩士班(日間),2,2,0,3.17
110,公立,一般大學,0012,國立臺灣海洋大學,05121014,生命科學暨生物科技學系,學士班(日間),1,1,0,0.53
110,公立,一般大學,0012,國立臺灣海洋大學,07122041,海洋工程科技學士學位學程,學士班(日間),1,1,0,1.02
110,公立,一般大學,0012,國立臺灣海洋大學,05323017,海洋生物研究所,博士班,3,2,1,14.29
110,公立,一般大學,0012,國立臺灣海洋大學,07122041,海洋工程科技博士學位學程,博士班,3,1,2,50.00
110,公立,一般大學,0012,國立臺灣海洋大學,07122040,河海工程學系,碩士班(日間),1,1,0,1.49
110,公立,一般大學,0012,國立臺灣海洋大學,07151036,機械與機電工程學系,學士班(日間),2,2,0,0.55
110,公立,一般大學,0012,國立臺灣海洋大學,04212009,海洋法律研究所,博士班,1,1,0,3.85
110,公立,一般大學,0013,國立中正大學,03111017,經濟學系,學士班(日間),1,1,0,0.27
110,公立,一般大學,0013,國立中正大學,03131019,心理學系,學士班(日間),1,1,0,0.48
110,公立,一般大學,0013,國立中正大學,03211028,傳播學系,學士班(日間),1,0,1,0.55
110,公立,一般大學,0013,國立中正大學,06131055,資訊工程學系,學士班(日間),1,1,0,0.25
110,公立,一般大學,0013,國立中正大學,01111001,教育學研究所教育學博士班,博士班,1,1,0,3.57
110,公立,一般大學,0013,國立中正大學,02221015,歷史學系,博士班,2,2,0,8.00
110,公立,一般大學,0013,國立中正大學,02311012,外國語文學系,學士班(日間),1,1,0,0.49
110,公立,一般大學,0013,國立中正大學,04131033,企業管理學系,學士班(日間),1,0,1,0.31
110,公立,一般大學,0013,國立中正大學,07111061,化學工程學系,學士班(日間),1,1,0,0.53
110,公立,一般大學,0013,國立中正大學,03131019,心理學系,博士班,1,0,1,9.09
110,公立,一般大學,0013,國立中正大學,04131033,企業管理學系,博士班,1,1,0,1.89
110,公立,一般大學,0013,國立中正大學,04111032,會計與資訊科技學系,博士班,1,1,0,5.88
110,公立,一般大學,0013,國立中正大學,04211039,法律學系,博士班,1,0,1,1.92
110,公立,一般大學,0013,國立中正大學,09231063,社會福利學系,博士班,1,1,0,4.35
110,公立,一般大學,0013,國立中正大學,04211039,法律學系,碩士班(日間),1,1,0,0.58
110,公立,一般大學,0013,國立中正大學,04212040,財經法律學系,碩士班(日間),2,1,1,2.02
110,公立,一般大學,0014,國立高雄師範大學,02112022,視覺設計學系,學士班(日間),2,1,1,1.14
110,公立,一般大學,0014,國立高雄師範大學,04131032,事業經營學系,學士班(日間),3,0,3,2.16
110,公立,一般大學,0014,國立高雄師範大學,02123024,工業設計學系,學士班(日間),1,0,1,0.75
110,公立,一般大學,0014,國立高雄師範大學,02322019,國文學系,學士班(日間),2,0,2,0.58
110,公立,一般大學,0014,國立高雄師範大學,01111001,教育學系,博士班,3,0,3,3.26
110,公立,一般大學,0014,國立高雄師範大學,01112009,成人教育研究所,博士班,3,2,1,5.00
110,公立,一般大學,0014,國立高雄師範大學,01141006,科學教育暨環境教育研究所科學教育博士班,博士班,1,1,0,1.85
110,公立,一般大學,0014,國立高雄師範大學,02112022,視覺設計學系,碩士班(日間),4,1,3,5.88
110,公立,一般大學,0014,國立高雄師範大學,01113010,特殊教育學系特殊教育博士班,博士班,3,1,2,9.68
110,公立,一般大學,0014,國立高雄師範大學,02131012,美術學系,碩士班(日間),1,1,0,1.15
110,公立,一般大學,0015,國立彰化師範大學,02322019,國文學系,學士班(日間),1,0,1,0.29
110,公立,一般大學,0015,國立彰化師範大學,01113012,特殊教育學系,博士班,3,0,3,13.04
110,公立,一般大學,0015,國立彰化師範大學,03131025,輔導與諮商學系,博士班,7,1,6,14.58
110,公立,一般大學,0015,國立彰化師範大學,02131017,美術學系,碩士班(日間),1,0,1,2.70
110,公立,一般大學,0015,國立彰化師範大學,02131017,美術學系藝術教育碩士班,碩士班(日間),1,0,1,3.70
110,公立,一般大學,0015,國立彰化師範大學,04111028,會計學系,學士班(日間),1,0,1,0.30
110,公立,一般大學,0015,國立彰化師範大學,04121031,財務金融技術學系,博士班,2,1,1,2.50
110,公立,一般大學,0015,國立彰化師範大學,04131033,人力資源管理研究所,博士班,1,1,0,3.85
110,公立,一般大學,0015,國立彰化師範大學,04121031,財務金融技術學系,學士班(日間),1,1,0,0.65
110,公立,一般大學,0015,國立彰化師範大學,04131029,企業管理學系,學士班(日間),3,2,1,1.47
110,公立,一般大學,0015,國立彰化師範大學,06131040,資訊管理學系,學士班(日間),2,1,1,0.98
110,公立,一般大學,0017,國立臺北大學,04131018,企業管理學系,學士班(日間),3,2,1,0.58
110,公立,一般大學,0017,國立臺北大學,06111038,電機資訊學院博士班,博士班,1,1,0,4.35
110,公立,一般大學,0017,國立臺北大學,04131018,企業管理學系,碩士班(日間),1,1,0,0.47
110,公立,一般大學,0017,國立臺北大學,04131019,國際企業研究所,碩士班(日間),1,0,1,3.85
110,公立,一般大學,0017,國立臺北大學,04134013,公共行政暨政策學系,碩士班(日間),1,1,0,0.95
110,公立,一般大學,0017,國立臺北大學,04134024,不動產與城鄉環境學系,碩士班(日間),1,1,0,2.04
110,公立,一般大學,0017,國立臺北大學,06131036,資訊工程學系,碩士班(日間),1,0,1,1.47
110,公立,一般大學,0017,國立臺北大學,04121022,金融與合作經營學系,學士班(日間),2,1,1,0.75
110,公立,一般大學,0017,國立臺北大學,04134024,不動產與城鄉環境學系,學士班(日間),1,0,1,0.20
110,公立,一般大學,0017,國立臺北大學,07141035,電機工程學系,學士班(日間),2,1,1,1.12
110,公立,一般大學,0017,國立臺北大學,04131018,企業管理學系,博士班,5,2,3,6.67
110,公立,一般大學,0017,國立臺北大學,04134013,公共行政暨政策學系,博士班,1,1,0,7.14
110,公立,一般大學,0017,國立臺北大學,04134024,不動產與城鄉環境學系,博士班,2,1,1,8.00
110,公立,一般大學,0017,國立臺北大學,04211028,法律學系,博士班,4,2,2,11.43
110,公立,一般大學,0017,國立臺北大學,05211043,自然資源與環境管理研究所,博士班,1,1,0,6.67
110,公立,一般大學,0017,國立臺北大學,02322002,中國文學系,碩士班(日間),2,1,1,5.71
110,公立,一般大學,0017,國立臺北大學,04211028,法律學系,碩士班(日間),3,1,2,1.00
110,公立,一般大學,0018,國立嘉義大學,10151044,行銷與觀光管理學系觀光休閒管理博士班,博士班,1,0,1,4.35
110,公立,一般大學,0018,國立嘉義大學,02322029,中國文學系,學士班(日間),1,1,0,0.50
110,公立,一般大學,0019,國立高雄大學,02199005,創意設計與建築學系,學士班(日間),1,0,1,8.33
110,公立,一般大學,0019,國立高雄大學,05411024,應用數學系,學士班(日間),1,1,0,0.45
110,公立,一般大學,0019,國立高雄大學,06131028,資訊工程學系,學士班(日間),1,0,1,0.52
110,公立,一般大學,0019,國立高雄大學,04211018,法學院博士班,博士班,2,1,1,13.33
110,公立,一般大學,0020,國立東華大學,02121019,藝術與設計學系,學士班(日間),5,2,3,2.27
110,公立,一般大學,0020,國立東華大學,07141083,電機工程學系,學士班(日間),1,1,0,0.42
110,公立,一般大學,0020,國立東華大學,01111001,教育與潛能開發學系多元文化教育博士班,博士班,2,0,2,8.00
110,公立,一般大學,0020,國立東華大學,04131059,企業管理學系,博士班,1,1,0,1.69
110,公立,一般大學,0020,國立東華大學,02121019,藝術與設計學系,碩士班(日間),3,2,1,5.66
110,公立,一般大學,0020,國立東華大學,04121061,財務金融學系,學士班(日間),1,0,1,0.40
110,公立,一般大學,0020,國立東華大學,06131086,資訊工程學系,學士班(日間),1,1,0,0.23
110,公立,一般大學,0020,國立東華大學,01111001,教育與潛能開發學系教育博士班,博士班,4,0,4,3.81
110,公立,一般大學,0020,國立東華大學,02191022,藝術創意產業學系,學士班(日間),1,0,1,0.47
110,公立,一般大學,0021,國立暨南國際大學,04131026,新興產業策略與發展博士學位學程,博士班,1,0,1,1.27
110,公立,一般大學,0021,國立暨南國際大學,09231038,社會政策與社會工作學系,博士班,6,4,2,14.63
110,公立,一般大學,0021,國立暨南國際大學,01111001,國際文教與比較教育學系,博士班,2,0,2,6.06
110,公立,一般大學,0021,國立暨南國際大學,02322013,中國語文學系,碩士班(日間),1,0,1,4.35
110,公立,技專校院,0022,國立臺灣科技大學,07112028,材料科學與工程系博士班,博士班,1,1,0,1.14
110,公立,技專校院,0022,國立臺灣科技大學,07141018,電子工程系博士班,博士班,6,4,2,6.19
110,公立,技專校院,0022,國立臺灣科技大學,07191012,工業管理系博士班,博士班,2,1,1,3.33
110,公立,技專校院,0022,國立臺灣科技大學,07311038,建築系博士班,博士班,4,2,2,6.25
110,公立,技專校院,0022,國立臺灣科技大學,02122004,設計系碩士班,碩士班(日間),8,3,5,6.45
110,公立,技專校院,0022,國立臺灣科技大學,04121010,財務金融研究所,碩士班(日間),1,1,0,1.79
110,公立,技專校院,0022,國立臺灣科技大學,04131008,企業管理系碩士班,碩士班(日間),2,1,1,1.64
110,公立,技專校院,0022,國立臺灣科技大學,05399015,應用科技研究所,碩士班(日間),1,1,0,1.49
110,公立,技專校院,0022,國立臺灣科技大學,07141018,電子工程系碩士班,碩士班(日間),8,8,0,1.78
110,公立,技專校院,0022,國立臺灣科技大學,07141019,光電工程研究所,碩士班(日間),2,1,1,5.56
110,公立,技專校院,0022,國立臺灣科技大學,06131016,資訊管理系,學士班(日間),2,2,0,0.79
110,公立,技專校院,0022,國立臺灣科技大學,06131020,資訊工程系,學士班(日間),1,1,0,0.25
110,公立,技專校院,0022,國立臺灣科技大學,07141017,電機工程系,學士班(日間),1,1,0,0.17
110,公立,技專校院,0022,國立臺灣科技大學,07141018,電子工程系,學士班(日間),1,1,0,0.21
110,公立,技專校院,0022,國立臺灣科技大學,07151023,機械工程系,學士班(日間),1,1,0,0.17
110,公立,技專校院,0022,國立臺灣科技大學,02122004,設計系,學士班(日間),1,0,1,0.23
110,公立,技專校院,0022,國立臺灣科技大學,04131008,企業管理系,學士班(日間),1,0,1,0.32
110,公立,技專校院,0022,國立臺灣科技大學,01116002,數位學習與教育研究所,博士班,1,1,0,2.78
110,公立,技專校院,0022,國立臺灣科技大學,02122004,設計系博士班,博士班,12,6,6,28.57
110,公立,技專校院,0022,國立臺灣科技大學,04131008,企業管理系博士班,博士班,1,0,1,1.61
110,公立,技專校院,0022,國立臺灣科技大學,06131016,資訊管理系博士班,博士班,1,1,0,1.79
110,公立,技專校院,0022,國立臺灣科技大學,06131020,資訊工程系博士班,博士班,1,0,1,1.79
110,公立,技專校院,0022,國立臺灣科技大學,07141017,電機工程系博士班,博士班,1,1,0,1.32
110,公立,技專校院,0022,國立臺灣科技大學,07151024,自動化及控制研究所,博士班,1,1,0,7.69
110,公立,技專校院,0022,國立臺灣科技大學,07321025,營建工程系博士班,博士班,2,2,0,3.85
110,公立,技專校院,0022,國立臺灣科技大學,01116002,數位學習與教育研究所,碩士班(日間),1,0,1,1.47
110,公立,技專校院,0022,國立臺灣科技大學,04212014,專利研究所,碩士班(日間),1,0,1,2.44
110,公立,技專校院,0022,國立臺灣科技大學,06131020,資訊工程系碩士班,碩士班(日間),5,4,1,1.68
110,公立,技專校院,0022,國立臺灣科技大學,07112028,材料科學與工程系碩士班,碩士班(日間),4,3,1,2.15
110,公立,技專校院,0022,國立臺灣科技大學,07141022,色彩與照明科技研究所,碩士班(日間),3,1,2,6.82
110,公立,技專校院,0022,國立臺灣科技大學,07191012,工業管理系碩士班,碩士班(日間),1,1,0,0.70
110,公立,技專校院,0022,國立臺灣科技大學,07311038,建築系碩士班,碩士班(日間),6,3,3,4.84
110,公立,技專校院,0022,國立臺灣科技大學,07321025,營建工程系碩士班,碩士班(日間),2,1,1,0.72
110,公立,技專校院,0023,國立雲林科技大學,02122009,創意生活設計系,學士班(日間),3,1,2,1.41
110,公立,技專校院,0023,國立雲林科技大學,02112013,數位媒體設計系,學士班(日間),1,0,1,0.37
110,公立,技專校院,0023,國立雲林科技大學,07111045,化學工程與材料工程系,學士班(日間),1,0,1,0.23
110,公立,技專校院,0023,國立雲林科技大學,07121049,環境與安全衛生工程系,學士班(日間),2,1,1,0.84
110,公立,技專校院,0023,國立雲林科技大學,07191048,工業工程與管理系,學士班(日間),2,2,0,0.49
110,公立,技專校院,0023,國立雲林科技大學,07311016,建築與室內設計系,學士班(日間),3,1,2,1.29
110,公立,技專校院,0023,國立雲林科技大學,04111018,會計系博士班,博士班,1,1,0,7.14
110,公立,技專校院,0023,國立雲林科技大學,04131019,企業管理系博士班,博士班,2,1,1,2.94
110,公立,技專校院,0023,國立雲林科技大學,02122009,創意生活設計系碩士班,碩士班(日間),2,2,0,3.28
110,公立,技專校院,0023,國立雲林科技大學,02123014,工業設計系碩士班,碩士班(日間),2,2,0,2.78
110,公立,技專校院,0023,國立雲林科技大學,06131032,資訊管理系,學士班(日間),1,1,0,0.27
110,公立,技專校院,0023,國立雲林科技大學,01118001,技術及職業教育研究所,博士班,1,1,0,1.37
110,公立,技專校院,0023,國立雲林科技大學,02122007,設計學研究所,博士班,18,7,11,16.67
110,公立,技專校院,0023,國立雲林科技大學,04121024,財務金融系博士班,博士班,1,1,0,4.35
110,公立,技專校院,0023,國立雲林科技大學,02111013,數位媒體設計系碩士班,碩士班(日間),4,4,0,5.13
110,公立,技專校院,0023,國立雲林科技大學,02112011,視覺傳達設計系碩士班,碩士班(日間),4,1,3,5.97
110,公立,技專校院,0023,國立雲林科技大學,04131019,企業管理系碩士班,碩士班(日間),2,2,0,1.79
110,公立,技專校院,0023,國立雲林科技大學,07311016,建築與室內設計系碩士班,碩士班(日間),6,3,3,9.23
110,公立,技專校院,0025,國立臺北科技大學,06131016,資訊與財金管理系,學士班(日間),1,1,0,0.43
110,公立,技專校院,0025,國立臺北科技大學,06131034,資訊工程系,學士班(日間),1,1,0,0.41
110,公立,技專校院,0025,國立臺北科技大學,02122003,設計學院設計博士班,博士班,14,7,7,19.18
110,公立,技專校院,0025,國立臺北科技大學,02112007,互動設計系,學士班(日間),1,0,1,0.33
110,公立,技專校院,0025,國立臺北科技大學,07141025,電機工程系,學士班(日間),2,1,1,0.36
110,公立,技專校院,0025,國立臺北科技大學,07141028,電子工程系,學士班(日間),1,1,0,0.24
110,公立,技專校院,0025,國立臺北科技大學,07151037,機械工程系,學士班(日間),5,5,0,0.96
110,公立,技專校院,0025,國立臺北科技大學,01118001,技術及職業教育研究所,博士班,3,3,0,4.69
110,公立,技專校院,0025,國立臺北科技大學,04131020,管理學院管理博士班,博士班,5,3,2,5.21
110,公立,技專校院,0025,國立臺北科技大學,07141025,電機工程系博士班,博士班,1,1,0,1.69
110,公立,技專校院,0025,國立臺北科技大學,07141028,電子工程系博士班,博士班,1,1,0,2.56
110,公立,技專校院,0025,國立臺北科技大學,04131011,經營管理系碩士班,碩士班(日間),8,3,5,6.11
110,公立,技專校院,0025,國立臺北科技大學,06131034,資訊工程系碩士班,碩士班(日間),1,1,0,0.53
110,公立,技專校院,0025,國立臺北科技大學,07141025,電機工程系碩士班,碩士班(日間),3,2,1,0.95
110,公立,技專校院,0025,國立臺北科技大學,07141032,光電工程系碩士班,碩士班(日間),1,1,0,0.61
110,公立,技專校院,0025,國立臺北科技大學,07151037,機械工程系機電整合碩士班,碩士班(日間),1,1,0,0.50
110,公立,技專校院,0025,國立臺北科技大學,07151043,製造科技研究所,碩士班(日間),1,1,0,0.81
110,公立,技專校院,0025,國立臺北科技大學,07161042,車輛工程系碩士班,碩士班(日間),1,1,0,1.18
110,公立,技專校院,0025,國立臺北科技大學,07321045,土木工程系土木與防災碩士班,碩士班(日間),3,2,1,1.50
110,公立,技專校院,0025,國立臺北科技大學,07121063,環境工程與管理研究所,博士班,1,0,1,10.00
110,公立,技專校院,0025,國立臺北科技大學,07151040,機電學院機電科技博士班,博士班,2,2,0,2.94
110,公立,技專校院,0025,國立臺北科技大學,07321045,土木工程系土木與防災博士班,博士班,1,1,0,3.13
110,公立,技專校院,0025,國立臺北科技大學,02112007,互動設計系碩士班,碩士班(日間),8,6,2,15.38
110,公立,技專校院,0025,國立臺北科技大學,02123009,工業設計系創新設計碩士班,碩士班(日間),2,0,2,2.33
110,公立,技專校院,0025,國立臺北科技大學,04212024,智慧財產權研究所,碩士班(日間),1,1,0,2.17
110,公立,技專校院,0025,國立臺北科技大學,06131016,資訊與財金管理系碩士班,碩士班(日間),5,4,1,5.81
110,公立,技專校院,0025,國立臺北科技大學,07112057,材料科學與工程研究所,碩士班(日間),2,0,2,2.06
110,公立,技專校院,0025,國立臺北科技大學,07121063,環境工程與管理研究所,碩士班(日間),1,1,0,1.37
110,公立,技專校院,0025,國立臺北科技大學,07141028,電子工程系碩士班,碩士班(日間),3,1,2,1.05
110,公立,一般大學,0028,國立臺北藝術大學,02111018,電影創作學系,學士班(日間),2,0,2,0.99
110,公立,一般大學,0028,國立臺北藝術大學,02152011,劇場設計學系,學士班(日間),1,0,1,0.63
110,公立,一般大學,0028,國立臺北藝術大學,02191021,文化資源學院文化資產與藝術創新博士班,博士班,7,3,4,25.00
110,公立,一般大學,0028,國立臺北藝術大學,02191023,新媒體藝術學系,碩士班(日間),2,1,1,2.44
110,公立,一般大學,0028,國立臺北藝術大學,02191028,博物館研究所,碩士班(日間),1,0,1,1.79
110,公立,一般大學,0028,國立臺北藝術大學,02192026,文創產業國際藝術碩士學位學程,碩士班(日間),2,0,2,11.76
110,公立,一般大學,0028,國立臺北藝術大學,07311030,建築與文化資產研究所,碩士班(日間),3,1,2,4.62
110,公立,一般大學,0028,國立臺北藝術大學,02111019,動畫學系,學士班(日間),2,0,2,1.04
110,公立,一般大學,0028,國立臺北藝術大學,02191023,新媒體藝術學系,學士班(日間),1,0,1,0.54
110,公立,一般大學,0028,國立臺北藝術大學,02151005,音樂學系,博士班,2,0,2,5.56
110,公立,一般大學,0028,國立臺北藝術大學,02152008,戲劇學系,博士班,1,0,1,7.14
110,公立,一般大學,0028,國立臺北藝術大學,02152013,舞蹈學系,博士班,3,3,0,21.43
110,公立,一般大學,0028,國立臺北藝術大學,02111018,電影創作學系,碩士班(日間),3,2,1,5.26
110,公立,一般大學,0028,國立臺北藝術大學,02151005,音樂學研究所,碩士班(日間),1,0,1,4.17
110,公立,一般大學,0028,國立臺北藝術大學,02152008,戲劇學系,碩士班(日間),4,2,2,25.00
110,公立,一般大學,0028,國立臺北藝術大學,02152013,舞蹈學系,碩士班(日間),1,1,0,1.67
110,公立,一般大學,0028,國立臺北藝術大學,02191001,藝術與人文教育研究所,碩士班(日間),2,1,1,4.00
110,公立,一般大學,0028,國立臺北藝術大學,02192025,藝術行政與管理研究所,碩士班(日間),4,2,2,5.41
110,公立,一般大學,0029,國立臺灣藝術大學,02131005,書畫藝術學系,學士班(日間),1,0,1,0.68
110,公立,一般大學,0029,國立臺灣藝術大學,02151010,音樂學系,學士班(日間),1,1,0,0.38
110,公立,一般大學,0029,國立臺灣藝術大學,02152012,戲劇學系,學士班(日間),1,1,0,0.52
110,公立,一般大學,0029,國立臺灣藝術大學,02199030,圖文傳播藝術學系,學士班(日間),1,0,1,0.58
110,公立,一般大學,0029,國立臺灣藝術大學,02122027,創意產業設計研究所,博士班,11,5,6,34.38
110,公立,一般大學,0029,國立臺灣藝術大學,02131005,書畫藝術學系,博士班,4,3,1,15.38
110,公立,一般大學,0029,國立臺灣藝術大學,02111015,電影學系,學士班(日間),1,1,0,0.48
110,公立,一般大學,0029,國立臺灣藝術大學,02151011,中國音樂學系,學士班(日間),1,0,1,0.68
110,公立,一般大學,0029,國立臺灣藝術大學,02191018,表演藝術學院表演藝術博士班,博士班,7,3,4,33.33
110,公立,一般大學,0029,國立臺灣藝術大學,02111015,電影學系,碩士班(日間),5,4,1,10.20
110,公立,一般大學,0029,國立臺灣藝術大學,02112023,多媒體動畫藝術學系動畫藝術碩士班,碩士班(日間),1,0,1,3.03
110,公立,一般大學,0029,國立臺灣藝術大學,02112028,視覺傳達設計學系,碩士班(日間),3,1,2,7.89
110,公立,一般大學,0029,國立臺灣藝術大學,02141007,工藝設計學系,碩士班(日間),1,0,1,2.44
110,公立,一般大學,0029,國立臺灣藝術大學,02191001,藝術與人文教學研究所,碩士班(日間),1,0,1,2.63
110,公立,一般大學,0029,國立臺灣藝術大學,02191017,古蹟藝術修護學系,碩士班(日間),2,2,0,10.00
110,公立,一般大學,0029,國立臺灣藝術大學,03213029,廣播電視學系,碩士班(日間),4,2,2,8.51
110,公立,一般大學,0029,國立臺灣藝術大學,02111032,傳播學院影音創作與數位媒體產業博士班,博士班,4,3,1,36.36
110,公立,一般大學,0029,國立臺灣藝術大學,02131003,美術學系當代視覺文化博士班,博士班,5,3,2,22.73
110,公立,一般大學,0029,國立臺灣藝術大學,02192026,藝術管理與文化政策研究所,博士班,2,0,2,6.06
110,公立,一般大學,0029,國立臺灣藝術大學,02131003,美術學系,碩士班(日間),2,1,1,3.57
110,公立,一般大學,0029,國立臺灣藝術大學,02131003,美術學系當代視覺文化與實踐碩士班,碩士班(日間),1,0,1,5.26
110,公立,一般大學,0029,國立臺灣藝術大學,02131005,書畫藝術學系,碩士班(日間),2,1,1,3.64
110,公立,一般大學,0029,國立臺灣藝術大學,02152012,戲劇學系,碩士班(日間),3,2,1,7.14
110,公立,一般大學,0029,國立臺灣藝術大學,02192026,藝術管理與文化政策研究所,碩士班(日間),1,1,0,2.50
110,公立,一般大學,0029,國立臺灣藝術大學,02199030,圖文傳播藝術學系,碩士班(日間),4,1,3,11.76
110,公立,一般大學,0030,國立臺東大學,02399016,兒童文學研究所,博士班,2,0,2,7.69
110,公立,一般大學,0031,國立宜蘭大學,07211033,食品科學系,學士班(日間),1,0,1,0.26
110,公立,一般大學,0032,國立聯合大學,02123006,工業設計學系,學士班(日間),1,1,0,0.65
110,公立,一般大學,0032,國立聯合大學,06131020,資訊工程學系,學士班(日間),1,1,0,0.52
110,公立,一般大學,0032,國立聯合大學,07111028,化學工程學系,學士班(日間),1,0,1,0.29
110,公立,一般大學,0032,國立聯合大學,07141017,電機工程學系,學士班(日間),1,1,0,0.14
110,公立,一般大學,0032,國立聯合大學,06131016,資訊管理學系,學士班(日間),1,1,0,0.29
110,公立,一般大學,0032,國立聯合大學,07112029,材料科學工程學系,學士班(日間),1,0,1,0.56
110,公立,一般大學,0032,國立聯合大學,07141019,光電工程學系,學士班(日間),1,1,0,0.29
110,公立,一般大學,0032,國立聯合大學,07321027,土木與防災工程學系,學士班(日間),1,1,0,0.50
110,公立,技專校院,0033,國立虎尾科技大學,06131013,資訊工程系,學士班(日間),1,1,0,0.22
110,公立,技專校院,0033,國立虎尾科技大學,07151014,自動化工程系,學士班(日間),1,1,0,0.24
110,公立,技專校院,0033,國立虎尾科技大學,07141010,電子工程系,學士班(日間),1,0,1,0.35
110,公立,技專校院,0033,國立虎尾科技大學,07151019,機械設計工程系,學士班(日間),2,2,0,0.49
110,公立,技專校院,0033,國立虎尾科技大學,07191006,工業管理系,學士班(日間),1,1,0,0.26
110,公立,一般大學,0035,國立臺南藝術大學,02151003,應用音樂學系,學士班(日間),6,1,5,2.53
110,公立,一般大學,0035,國立臺南藝術大學,02131016,藝術創作理論研究所,博士班,6,2,4,12.00
110,公立,一般大學,0036,國立臺南大學,01111001,教育學系,學士班(日間),1,1,0,0.28
110,公立,一般大學,0036,國立臺南大學,04134040,行政管理學系,學士班(日間),1,1,0,0.56
110,公立,一般大學,0036,國立臺南大學,06131052,資訊工程學系,學士班(日間),2,2,0,1.12
110,公立,一般大學,0036,國立臺南大學,01113019,特殊教育學系,博士班,1,1,0,5.26
110,公立,一般大學,0036,國立臺南大學,07141049,電機工程學系,博士班,1,0,1,10.00
110,公立,一般大學,0036,國立臺南大學,02322031,國語文學系,學士班(日間),3,0,3,0.97
110,公立,一般大學,0036,國立臺南大學,01111001,教育學系課程與教學博士班,博士班,1,0,1,2.86
110,公立,一般大學,0037,國立臺北教育大學,02322018,語文與創作學系,學士班(日間),1,0,1,0.30
110,公立,一般大學,0037,國立臺北教育大學,01114044,教育經營與管理學系教育政策與管理博士班,博士班,4,4,0,4.88
110,公立,一般大學,0037,國立臺北教育大學,02192027,當代藝術評論與策展研究全英語碩士學位學程,碩士班(日間),1,0,1,3.03
110,公立,一般大學,0037,國立臺北教育大學,01111001,教育學系教育創新與評鑑碩士班,碩士班(日間),1,0,1,2.17
110,公立,一般大學,0037,國立臺北教育大學,03131007,心理與諮商學系,碩士班(日間),1,1,0,0.93
110,公立,一般大學,0039,國立臺中教育大學,01111001,教育學系,學士班(日間),2,0,2,1.10
110,公立,一般大學,0039,國立臺中教育大學,02131029,美術學系,學士班(日間),1,0,1,0.55
110,公立,一般大學,0039,國立臺中教育大學,02151030,音樂學系,學士班(日間),1,0,1,0.64
110,公立,一般大學,0039,國立臺中教育大學,01111001,教育學系,博士班,1,1,0,2.27
110,公立,一般大學,0039,國立臺中教育大學,01131006,語文教育學系,博士班,1,1,0,3.45
110,公立,技專校院,0043,國立勤益科技大學,02311001,應用英語系,學士班(日間),2,1,1,1.00
110,公立,技專校院,0043,國立勤益科技大學,04131002,企業管理系,學士班(日間),1,0,1,0.22
110,公立,技專校院,0043,國立勤益科技大學,04132003,流通管理系,學士班(日間),1,0,1,0.25
110,公立,技專校院,0043,國立勤益科技大學,07141012,電子工程系,學士班(日間),3,3,0,0.41
110,公立,技專校院,0043,國立勤益科技大學,07151016,機械工程系,學士班(日間),1,1,0,0.13
110,公立,一般大學,0044,國立體育大學,10152015,休閒產業經營學系,學士班(日間),2,2,0,0.85
110,公立,一般大學,0044,國立體育大學,01141001,體育研究所,博士班,8,7,1,12.70
110,公立,一般大學,0044,國立體育大學,10152021,國際運動管理與創新博士學位學程,博士班,3,2,1,15.79
110,公立,一般大學,0044,國立體育大學,10152014,運動保健學系,學士班(日間),2,1,1,0.83
110,公立,一般大學,0044,國立體育大學,10141008,競技與教練科學研究所,博士班,5,4,1,9.09
110,公立,一般大學,0044,國立體育大學,10142010,運動科學研究所,博士班,1,0,1,6.25
110,公立,技專校院,0047,國立高雄餐旅大學,10151029,觀光研究所,博士班,4,0,4,12.50
110,公立,一般大學,0048,國立金門大學,02322001,華語文學系,學士班(日間),3,1,2,2.10
110,公立,一般大學,0048,國立金門大學,03121006,國際暨大陸事務學系,學士班(日間),3,2,1,2.13
110,公立,一般大學,0048,國立金門大學,04131009,企業管理學系,學士班(日間),4,3,1,1.25
110,公立,一般大學,0048,國立金門大學,06131019,資訊工程學系,學士班(日間),1,1,0,0.53
110,公立,一般大學,0048,國立金門大學,07141017,電子工程學系,學士班(日間),1,1,0,0.34
110,公立,一般大學,0048,國立金門大學,07311026,建築學系,學士班(日間),6,2,4,3.39
110,公立,一般大學,0048,國立金門大學,07313028,都市計畫與景觀學系,學士班(日間),6,2,4,4.62
110,公立,一般大學,0048,國立金門大學,07321021,土木與工程管理學系,學士班(日間),1,1,0,0.67
110,公立,一般大學,0048,國立金門大學,09191032,長期照護學系,學士班(日間),1,0,1,0.70
110,公立,一般大學,0048,國立金門大學,10151034,觀光管理學系,學士班(日間),3,2,1,1.49
110,公立,一般大學,0048,國立金門大學,10152036,運動與休閒學系,學士班(日間),2,2,0,1.27
110,公立,一般大學,0048,國立金門大學,04131009,企業管理學系,碩士班(日間),7,5,2,17.95
110,公立,一般大學,0048,國立金門大學,06131041,理工學院資訊科技與應用碩士班,碩士班(日間),1,1,0,6.25
110,公立,一般大學,0048,國立金門大學,02311002,應用英語學系,學士班(日間),2,1,1,0.81
110,公立,一般大學,0048,國立金門大學,07211029,食品科學系,學士班(日間),1,1,0,0.61
110,公立,一般大學,0048,國立金門大學,09231033,社會工作學系,學士班(日間),1,0,1,0.56
110,公立,一般大學,0048,國立金門大學,07311026,建築學系,碩士班(日間),2,1,1,14.29
110,公立,一般大學,0048,國立金門大學,10152036,運動與休閒學系,碩士班(日間),2,1,1,10.00
110,公立,一般大學,0049,國立臺灣體育運動大學,01141001,體育學系,碩士班(日間),1,0,1,1.47
110,公立,技專校院,0050,國立臺中科技大學,02112005,多媒體設計系碩士班,碩士班(日間),4,3,1,8.00
110,公立,技專校院,0050,國立臺中科技大學,04121021,財務金融系,學士班(日間),2,1,1,0.52
110,公立,技專校院,0050,國立臺中科技大學,06131033,資訊管理系,學士班(日間),1,1,0,0.25
110,公立,技專校院,0050,國立臺中科技大學,07141036,資訊工程系,學士班(日間),2,2,0,0.61
110,公立,技專校院,0050,國立臺中科技大學,04131015,企業管理系碩士班,碩士班(日間),1,1,0,3.85
110,公立,技專校院,0051,國立臺北商業大學,02311006,應用外語系,學士班(日間),1,0,1,0.48
110,公立,技專校院,0051,國立臺北商業大學,02122015,商業設計管理系,學士班(日間),1,0,1,0.36
110,公立,技專校院,0051,國立臺北商業大學,02122026,創意科技與產品設計系,學士班(日間),1,0,1,0.43
110,公立,技專校院,0051,國立臺北商業大學,02122024,創意設計與經營研究所,碩士班(日間),2,2,0,10.00
110,公立,技專校院,0051,國立臺北商業大學,04141012,國際商務系碩士班,碩士班(日間),1,1,0,3.33
110,公立,技專校院,0051,國立臺北商業大學,06131018,資訊與決策科學研究所,碩士班(日間),1,1,0,2.78
110,公立,技專校院,0051,國立臺北商業大學,04131010,企業管理系,學士班(日間),1,1,0,0.27
110,公立,技專校院,0051,國立臺北商業大學,04141012,國際商務系,學士班(日間),2,1,1,0.45
110,公立,技專校院,0051,國立臺北商業大學,04121013,財務金融系碩士班,碩士班(日間),1,0,1,3.33
110,公立,技專校院,0051,國立臺北商業大學,04131010,企業管理系碩士班,碩士班(日間),2,2,0,6.25
110,公立,一般大學,0052,國立屏東大學,01114018,教育行政研究所,博士班,1,1,0,2.13
110,公立,一般大學,0052,國立屏東大學,02111025,視覺藝術學系,碩士班(日間),1,0,1,2.22
110,公立,一般大學,0052,國立屏東大學,04121045,財務金融學系,碩士班(日間),1,1,0,5.26
110,公立,一般大學,0052,國立屏東大學,04121045,財務金融學系,學士班(日間),2,2,0,0.80
110,公立,一般大學,0052,國立屏東大學,06131061,資訊科學系,學士班(日間),1,1,0,0.51
110,公立,一般大學,0052,國立屏東大學,07141060,資訊工程學系,學士班(日間),4,4,0,1.54
110,公立,一般大學,0052,國立屏東大學,02111025,視覺藝術學系,學士班(日間),2,1,1,1.08
110,公立,一般大學,0052,國立屏東大學,02299033,文化創意產業學系,學士班(日間),1,1,0,0.61
110,公立,技專校院,0053,國立高雄科技大學,04121034,金融資訊系,學士班(日間),4,3,1,1.89
110,公立,技專校院,0053,國立高雄科技大學,06131100,資訊管理系,學士班(日間),1,0,1,0.21
110,公立,技專校院,0053,國立高雄科技大學,07141103,電子工程系(建工校區),學士班(日間),2,2,0,0.31
110,公立,技專校院,0053,國立高雄科技大學,07151074,模具工程系,學士班(日間),1,1,0,0.13
110,公立,技專校院,0053,國立高雄科技大學,04121040,財務管理系,學士班(日間),1,0,1,0.41
110,公立,技專校院,0053,國立高雄科技大學,07121086,環境與安全衛生工程系,學士班(日間),1,1,0,0.22
110,公立,技專校院,0053,國立高雄科技大學,07321082,營建工程系,學士班(日間),1,1,0,0.20
110,公立,技專校院,0053,國立高雄科技大學,04199106,管理學院博士班管理組,博士班,2,0,2,3.39
110,公立,技專校院,0053,國立高雄科技大學,07191091,工業工程與管理系博士班,博士班,1,1,0,2.50
110,公立,技專校院,0053,國立高雄科技大學,07321077,土木工程系碩士班,碩士班(日間),1,1,0,2.04
110,公立,技專校院,0144,國立臺灣戲曲學院,02151001,戲曲音樂學系,學士班(日間),1,0,1,1.12
110,公立,技專校院,0144,國立臺灣戲曲學院,02152007,劇場藝術學系,學士班(日間),5,0,5,3.88
110,私立,一般大學,1001,東海大學,02123011,工業設計學系,學士班(日間),1,0,1,0.62
110,私立,一般大學,1001,東海大學,02151003,音樂學系,學士班(日間),3,2,1,1.68
110,私立,一般大學,1001,東海大學,02221009,歷史學系,學士班(日間),1,1,0,0.40
110,私立,一般大學,1001,東海大學,02311005,外國語文學系,學士班(日間),7,1,6,1.61
110,私立,一般大學,1001,東海大學,02322004,中國文學系,學士班(日間),6,2,4,1.43
110,私立,一般大學,1001,東海大學,04131019,企業管理學系,學士班(日間),2,2,0,0.29
110,私立,一般大學,1001,東海大學,04211027,法律學系,學士班(日間),2,0,2,0.39
110,私立,一般大學,1001,東海大學,05111028,生命科學系,學士班(日間),2,1,1,0.59
110,私立,一般大學,1001,東海大學,07111042,化學工程與材料工程學系,學士班(日間),1,1,0,0.26
110,私立,一般大學,1001,東海大學,07141037,電機工程學系,學士班(日間),3,3,0,0.88
110,私立,一般大學,1001,東海大學,07311048,建築學系,學士班(日間),5,1,4,2.82
110,私立,一般大學,1001,東海大學,01111001,教育研究所,碩士班(日間),1,1,0,2.78
110,私立,一般大學,1001,東海大學,02123011,工業設計學系,碩士班(日間),5,2,3,23.81
110,私立,一般大學,1001,東海大學,02151003,音樂學系,碩士班(日間),1,0,1,1.47
110,私立,一般大學,1001,東海大學,02322004,中國文學系,碩士班(日間),4,0,4,9.09
110,私立,一般大學,1001,東海大學,06131039,資訊工程學系,碩士班(日間),2,1,1,4.76
110,私立,一般大學,1001,東海大學,03121013,政治學系,學士班(日間),3,1,2,0.67
110,私立,一般大學,1001,東海大學,04111018,會計學系,學士班(日間),1,0,1,0.20
110,私立,一般大學,1001,東海大學,04131021,國際學院國際經營管理學位學程,學士班(日間),1,0,1,0.37
110,私立,一般大學,1001,東海大學,04134016,行政管理暨政策學系,學士班(日間),1,0,1,0.31
110,私立,一般大學,1001,東海大學,04141023,國際經營與貿易學系,學士班(日間),1,0,1,0.14
110,私立,一般大學,1001,東海大學,05211056,永續科學與工程學士學位學程,學士班(日間),2,2,0,2.04
110,私立,一般大學,1001,東海大學,05311030,化學系,學士班(日間),3,3,0,0.82
110,私立,一般大學,1001,東海大學,05331032,應用物理學系,學士班(日間),2,2,0,0.95
110,私立,一般大學,1001,東海大學,05411034,應用數學系,學士班(日間),2,2,0,1.10
110,私立,一般大學,1001,東海大學,05421035,統計學系,學士班(日間),4,0,4,0.99
110,私立,一般大學,1001,東海大學,06131039,資訊工程學系,學士班(日間),8,6,2,1.38
110,私立,一般大學,1001,東海大學,06134036,資訊管理學系,學士班(日間),2,2,0,0.73
110,私立,一般大學,1001,東海大學,07121045,環境科學與工程學系,學士班(日間),2,0,2,0.62
110,私立,一般大學,1001,東海大學,07312049,景觀學系,學士班(日間),12,4,8,5.50
110,私立,一般大學,1001,東海大學,10131054,餐旅管理學系,學士班(日間),2,1,1,0.69
110,私立,一般大學,1001,東海大學,03121013,政治學系,博士班,1,1,0,3.03
110,私立,一般大學,1001,東海大學,03141014,社會學系,博士班,3,1,2,8.33
110,私立,一般大學,1001,東海大學,04211027,法律學系,博士班,2,1,1,8.70
110,私立,一般大學,1001,東海大學,09231053,社會工作學系,博士班,11,5,6,35.48
110,私立,一般大學,1001,東海大學,02131002,美術學系,碩士班(日間),7,2,5,10.61
110,私立,一般大學,1001,東海大學,02231010,哲學系,碩士班(日間),1,1,0,3.85
110,私立,一般大學,1001,東海大學,06134036,資訊管理學系,碩士班(日間),1,0,1,2.86
110,私立,一般大學,1001,東海大學,07141037,電機工程學系,碩士班(日間),1,1,0,3.33
110,私立,一般大學,1001,東海大學,04121024,財務金融學系,碩士班(日間),2,2,0,6.45
110,私立,一般大學,1001,東海大學,04131019,企業管理學系,碩士班(日間),4,4,0,6.90
110,私立,一般大學,1001,東海大學,06133047,數位創新碩士學位學程,碩士班(日間),2,2,0,8.00
110,私立,一般大學,1001,東海大學,07311048,建築學系,碩士班(日間),5,3,2,8.77
110,私立,一般大學,1001,東海大學,02131002,美術學系,學士班(日間),5,1,4,2.42
110,私立,一般大學,1001,東海大學,02311007,日本語言文化學系,學士班(日間),3,1,2,0.70
110,私立,一般大學,1001,東海大學,03141014,社會學系,學士班(日間),2,0,2,0.48
110,私立,一般大學,1001,東海大學,04121024,財務金融學系,學士班(日間),8,3,5,1.61
110,私立,一般大學,1002,輔仁大學,01114046,教育領導與科技發展學士學位學程,學士班(日間),1,0,1,0.78
110,私立,一般大學,1002,輔仁大學,02122078,應用美術學系,學士班(日間),5,1,4,1.88
110,私立,一般大學,1002,輔仁大學,02151034,音樂學系,學士班(日間),1,0,1,0.57
110,私立,一般大學,1002,輔仁大學,02231037,哲學系,學士班(日間),4,3,1,0.86
110,私立,一般大學,1002,輔仁大學,02311021,法國語文學系,學士班(日間),1,1,0,0.36
110,私立,一般大學,1002,輔仁大學,02311033,英國語文學系,學士班(日間),2,0,2,0.73
110,私立,一般大學,1002,輔仁大學,02322003,中國文學系,學士班(日間),2,1,1,0.41
110,私立,一般大學,1002,輔仁大學,03111055,經濟學系,學士班(日間),2,1,1,0.42
110,私立,一般大學,1002,輔仁大學,03131007,心理學系,學士班(日間),2,1,1,0.73
110,私立,一般大學,1002,輔仁大學,03131081,臨床心理學系,學士班(日間),2,1,1,0.76
110,私立,一般大學,1002,輔仁大學,03141023,社會學系,學士班(日間),3,1,2,1.23
110,私立,一般大學,1002,輔仁大學,03212053,新聞傳播學系,學士班(日間),2,1,1,0.80
110,私立,一般大學,1002,輔仁大學,03222065,圖書資訊學系,學士班(日間),1,0,1,0.44
110,私立,一般大學,1002,輔仁大學,04111054,會計學系,學士班(日間),1,0,1,0.21
110,私立,一般大學,1002,輔仁大學,04121027,金融與國際企業學系,學士班(日間),5,2,3,1.04
110,私立,一般大學,1002,輔仁大學,04131015,企業管理學系,學士班(日間),3,0,3,0.38
110,私立,一般大學,1002,輔仁大學,04211020,法律學系,學士班(日間),3,1,2,0.61
110,私立,一般大學,1002,輔仁大學,10131075,餐旅管理學系,學士班(日間),1,0,1,0.21
110,私立,一般大學,1002,輔仁大學,02231037,哲學系,博士班,3,3,0,7.50
110,私立,一般大學,1002,輔仁大學,03131007,心理學系,博士班,10,5,5,26.32
110,私立,一般大學,1002,輔仁大學,04191040,商學研究所,博士班,7,5,2,9.21
110,私立,一般大學,1002,輔仁大學,04211020,法律學系,博士班,3,2,1,8.11
110,私立,一般大學,1002,輔仁大學,05191036,食品營養博士學位學程,博士班,2,2,0,5.71
110,私立,一般大學,1002,輔仁大學,02122078,應用美術學系,碩士班(日間),13,3,10,25.49
110,私立,一般大學,1002,輔仁大學,02151034,音樂學系,碩士班(日間),2,1,1,2.99
110,私立,一般大學,1002,輔仁大學,02231037,哲學系,碩士班(日間),4,1,3,15.38
110,私立,一般大學,1002,輔仁大學,02299060,跨文化研究所翻譯學碩士班,碩士班(日間),1,0,1,1.23
110,私立,一般大學,1002,輔仁大學,02311009,日本語文學系,碩士班(日間),4,2,2,10.00
110,私立,一般大學,1002,輔仁大學,02322003,中國文學系,碩士班(日間),8,1,7,22.86
110,私立,一般大學,1002,輔仁大學,03111055,經濟學系,碩士班(日間),3,3,0,13.04
110,私立,一般大學,1002,輔仁大學,03131007,心理學系,碩士班(日間),9,2,7,16.07
110,私立,一般大學,1002,輔仁大學,03141023,社會學系,碩士班(日間),1,1,0,5.56
110,私立,一般大學,1002,輔仁大學,03211002,大眾傳播學研究所,碩士班(日間),7,0,7,9.72
110,私立,一般大學,1002,輔仁大學,03221051,博物館學研究所,碩士班(日間),8,2,6,13.33
110,私立,一般大學,1002,輔仁大學,03222065,圖書資訊學系,碩士班(日間),1,0,1,4.76
110,私立,一般大學,1002,輔仁大學,04111054,會計學系,碩士班(日間),3,1,2,6.00
110,私立,一般大學,1002,輔仁大學,04131015,企業管理學系管理學碩士班,碩士班(日間),19,12,7,21.11
110,私立,一般大學,1002,輔仁大學,04211020,法律學系,碩士班(日間),2,0,2,2.04
110,私立,一般大學,1002,輔仁大學,05421049,統計資訊學系應用統計碩士班,碩士班(日間),4,4,0,8.00
110,私立,一般大學,1002,輔仁大學,06131059,資訊管理學系,碩士班(日間),2,2,0,5.88
110,私立,一般大學,1002,輔仁大學,07211035,食品科學系,碩士班(日間),2,1,1,4.26
110,私立,一般大學,1002,輔仁大學,09121013,生物醫學暨藥學研究所,碩士班(日間),1,1,0,7.69
110,私立,一般大學,1002,輔仁大學,05411073,數學系,學士班(日間),2,0,2,0.44
110,私立,一般大學,1002,輔仁大學,05421049,統計資訊學系,學士班(日間),1,0,1,0.22
110,私立,一般大學,1002,輔仁大學,06131059,資訊管理學系,學士班(日間),2,1,1,0.43
110,私立,一般大學,1002,輔仁大學,06199086,醫學資訊與創新應用學士學位學程,學士班(日間),2,1,1,1.27
110,私立,一般大學,1002,輔仁大學,07141064,電機工程學系,學士班(日間),4,4,0,0.84
110,私立,一般大學,1002,輔仁大學,07211035,食品科學系,學士班(日間),3,0,3,1.24
110,私立,一般大學,1002,輔仁大學,02151034,音樂學系,博士班,7,1,6,21.21
110,私立,一般大學,1002,輔仁大學,02211019,宗教學系,博士班,5,4,1,10.87
110,私立,一般大學,1002,輔仁大學,02299060,跨文化研究所比較文學與跨文化研究博士班,博士班,3,0,3,6.52
110,私立,一般大學,1002,輔仁大學,02322003,中國文學系,博士班,5,3,2,20.83
110,私立,一般大學,1002,輔仁大學,02122029,品牌與時尚經營管理碩士學位學程,碩士班(日間),6,2,4,33.33
110,私立,一般大學,1002,輔仁大學,02125082,織品服裝學系,碩士班(日間),8,1,7,13.79
110,私立,一般大學,1002,輔仁大學,02211019,宗教學系,碩士班(日間),2,0,2,5.00
110,私立,一般大學,1002,輔仁大學,02221074,歷史學系,碩士班(日間),4,2,2,14.81
110,私立,一般大學,1002,輔仁大學,02311016,西班牙語文學系,碩士班(日間),2,1,1,7.69
110,私立,一般大學,1002,輔仁大學,02311072,德語語文學系,碩士班(日間),2,0,2,6.67
110,私立,一般大學,1002,輔仁大學,04121027,金融與國際企業學系金融碩士班,碩士班(日間),6,5,1,12.77
110,私立,一般大學,1002,輔仁大學,04131025,社會企業碩士學位學程,碩士班(日間),3,3,0,10.71
110,私立,一般大學,1002,輔仁大學,04211038,財經法律學系,碩士班(日間),1,1,0,1.47
110,私立,一般大學,1002,輔仁大學,05191080,營養科學系,碩士班(日間),1,1,0,4.00
110,私立,一般大學,1002,輔仁大學,05331022,物理學系,碩士班(日間),1,1,0,6.67
110,私立,一般大學,1002,輔仁大學,09221017,兒童與家庭學系,碩士班(日間),1,1,0,1.92
110,私立,一般大學,1002,輔仁大學,10141089,體育學系,碩士班(日間),1,1,0,2.50
110,私立,一般大學,1002,輔仁大學,02125082,織品服裝學系,學士班(日間),2,0,2,0.20
110,私立,一般大學,1002,輔仁大學,02221074,歷史學系,學士班(日間),1,1,0,0.21
110,私立,一般大學,1002,輔仁大學,02311009,日本語文學系,學士班(日間),1,0,1,0.20
110,私立,一般大學,1002,輔仁大學,02311016,西班牙語文學系,學士班(日間),2,0,2,0.74
110,私立,一般大學,1002,輔仁大學,02311057,義大利語文學系,學士班(日間),2,1,1,0.78
110,私立,一般大學,1002,輔仁大學,02311072,德語語文學系,學士班(日間),3,2,1,1.15
110,私立,一般大學,1002,輔仁大學,03213070,影像傳播學系,學士班(日間),1,0,1,0.35
110,私立,一般大學,1002,輔仁大學,04143069,廣告傳播學系,學士班(日間),3,0,3,1.09
110,私立,一般大學,1002,輔仁大學,04211038,財經法律學系,學士班(日間),3,1,2,1.19
110,私立,一般大學,1002,輔仁大學,05111011,生命科學系,學士班(日間),2,0,2,0.45
110,私立,一般大學,1002,輔仁大學,05191080,營養科學系,學士班(日間),1,0,1,0.39
110,私立,一般大學,1002,輔仁大學,06131058,資訊工程學系,學士班(日間),4,4,0,0.75
110,私立,一般大學,1002,輔仁大學,07312052,景觀設計學系,學士班(日間),5,2,3,1.97
110,私立,一般大學,1002,輔仁大學,09191004,公共衛生學系,學士班(日間),1,0,1,0.44
110,私立,一般大學,1002,輔仁大學,06131058,資訊工程學系,碩士班(日間),1,1,0,2.08
110,私立,一般大學,1002,輔仁大學,07141064,電機工程學系,碩士班(日間),1,1,0,2.50
110,私立,一般大學,1002,輔仁大學,07312052,景觀設計學系,碩士班(日間),6,2,4,21.43
110,私立,一般大學,1002,輔仁大學,09191004,公共衛生學系,碩士班(日間),2,1,1,7.41
110,私立,一般大學,1002,輔仁大學,09231024,社會工作學系,碩士班(日間),1,1,0,2.08
110,私立,一般大學,1002,輔仁大學,10131075,餐旅管理學系,碩士班(日間),2,1,1,5.88
110,私立,一般大學,1003,東吳大學,02311005,日本語文學系,學士班(日間),3,1,2,0.36
110,私立,一般大學,1003,東吳大學,02311012,德國文化學系,學士班(日間),3,1,2,1.17
110,私立,一般大學,1003,東吳大學,02322002,中國文學系,學士班(日間),2,0,2,0.29
110,私立,一般大學,1003,東吳大學,04131016,企業管理學系,學士班(日間),4,2,2,0.43
110,私立,一般大學,1003,東吳大學,04211021,法律學系,學士班(日間),5,1,4,0.41
110,私立,一般大學,1003,東吳大學,06131028,資訊管理學系,學士班(日間),2,1,1,0.39
110,私立,一般大學,1003,東吳大學,02322002,中國文學系,博士班,3,1,2,9.09
110,私立,一般大學,1003,東吳大學,03111008,經濟學系,博士班,1,0,1,5.56
110,私立,一般大學,1003,東吳大學,02221006,歷史學系,碩士班(日間),2,2,0,15.38
110,私立,一般大學,1003,東吳大學,02231007,哲學系,碩士班(日間),2,1,1,5.88
110,私立,一般大學,1003,東吳大學,03131011,心理學系,碩士班(日間),2,0,2,2.06
110,私立,一般大學,1003,東吳大學,04121027,財務工程與精算數學系,碩士班(日間),2,1,1,4.35
110,私立,一般大學,1003,東吳大學,04141019,國際經營與貿易學系,碩士班(日間),1,1,0,2.63
110,私立,一般大學,1003,東吳大學,04199031,巨量資料管理學院碩士學位學程,碩士班(日間),3,3,0,13.64
110,私立,一般大學,1003,東吳大學,06131028,資訊管理學系,碩士班(日間),2,2,0,7.41
110,私立,一般大學,1003,東吳大學,09231030,社會工作學系,碩士班(日間),2,0,2,2.47
110,私立,一般大學,1003,東吳大學,02311004,英文學系,學士班(日間),3,1,2,0.42
110,私立,一般大學,1003,東吳大學,03111008,經濟學系,學士班(日間),8,5,3,1.07
110,私立,一般大學,1003,東吳大學,03131011,心理學系,學士班(日間),2,0,2,0.70
110,私立,一般大學,1003,東吳大學,04111015,會計學系,學士班(日間),5,2,3,0.51
110,私立,一般大學,1003,東吳大學,04121027,財務工程與精算數學系,學士班(日間),5,3,2,0.70
110,私立,一般大學,1003,東吳大學,04141019,國際經營與貿易學系,學士班(日間),4,1,3,0.75
110,私立,一般大學,1003,東吳大學,04199031,巨量資料管理學院學士學位學程,學士班(日間),2,2,0,0.70
110,私立,一般大學,1003,東吳大學,03121009,政治學系,博士班,2,2,0,16.67
110,私立,一般大學,1003,東吳大學,04211021,法律學系,博士班,7,5,2,21.21
110,私立,一般大學,1003,東吳大學,02151001,音樂學系,碩士班(日間),4,0,4,6.90
110,私立,一般大學,1003,東吳大學,02311005,日本語文學系,碩士班(日間),1,0,1,2.33
110,私立,一般大學,1003,東吳大學,02312004,英文學系翻譯碩士班,碩士班(日間),1,0,1,3.33
110,私立,一般大學,1003,東吳大學,02322002,中國文學系,碩士班(日間),3,0,3,5.08
110,私立,一般大學,1003,東吳大學,03121009,政治學系,碩士班(日間),2,2,0,7.14
110,私立,一般大學,1003,東吳大學,03199013,人權碩士學位學程,碩士班(日間),1,0,1,3.70
110,私立,一般大學,1003,東吳大學,04131016,企業管理學系,碩士班(日間),2,2,0,1.77
110,私立,一般大學,1003,東吳大學,04211021,法律學系,碩士班(日間),3,0,3,1.07
110,私立,一般大學,1003,東吳大學,05122022,微生物學系,碩士班(日間),2,1,1,20.00
110,私立,一般大學,1004,中原大學,02112008,商業設計學系,學士班(日間),10,3,7,2.65
110,私立,一般大學,1004,中原大學,02124009,室內設計學系,學士班(日間),5,2,3,1.38
110,私立,一般大學,1004,中原大學,02311005,應用外國語文學系,學士班(日間),1,0,1,0.24
110,私立,一般大學,1004,中原大學,04111013,會計學系,學士班(日間),3,1,2,0.45
110,私立,一般大學,1004,中原大學,04121019,財務金融學系,學士班(日間),4,3,1,0.85
110,私立,一般大學,1004,中原大學,04141018,國際經營與貿易學系,學士班(日間),6,4,2,1.17
110,私立,一般大學,1004,中原大學,04212021,財經法律學系,學士班(日間),1,1,0,0.19
110,私立,一般大學,1004,中原大學,05331024,物理學系,學士班(日間),2,2,0,0.47
110,私立,一般大學,1004,中原大學,07111037,化學工程學系,學士班(日間),5,4,1,0.72
110,私立,一般大學,1004,中原大學,07141029,電機工程學系,學士班(日間),2,2,0,0.41
110,私立,一般大學,1004,中原大學,07151034,機械工程學系,學士班(日間),2,2,0,0.29
110,私立,一般大學,1004,中原大學,07191041,工業與系統工程學系,學士班(日間),2,2,0,0.31
110,私立,一般大學,1004,中原大學,07193043,生物醫學工程學系,學士班(日間),1,1,0,0.24
110,私立,一般大學,1004,中原大學,07311046,建築學系,學士班(日間),9,4,5,2.88
110,私立,一般大學,1004,中原大學,07312059,地景建築學系,學士班(日間),3,0,3,1.29
110,私立,一般大學,1004,中原大學,02122007,設計學博士學位學程,博士班,12,7,5,22.22
110,私立,一般大學,1004,中原大學,04131014,企業管理學系,博士班,2,2,0,5.41
110,私立,一般大學,1004,中原大學,04212021,財經法律學系,碩士班(日間),1,1,0,1.08
110,私立,一般大學,1004,中原大學,05331024,物理學系,碩士班(日間),1,1,0,5.26
110,私立,一般大學,1004,中原大學,07111037,化學工程學系,碩士班(日間),1,1,0,1.05
110,私立,一般大學,1004,中原大學,07141029,電機工程學系,碩士班(日間),1,1,0,1.16
110,私立,一般大學,1004,中原大學,07151034,機械工程學系,碩士班(日間),1,1,0,1.10
110,私立,一般大學,1004,中原大學,07311046,建築學系,碩士班(日間),2,2,0,3.08
110,私立,一般大學,1004,中原大學,07312059,地景建築學系,碩士班(日間),2,2,0,14.29
110,私立,一般大學,1004,中原大學,02323004,應用華語文學系,學士班(日間),2,0,2,0.41
110,私立,一般大學,1004,中原大學,03131011,心理學系,學士班(日間),7,2,5,1.20
110,私立,一般大學,1004,中原大學,04131014,企業管理學系,學士班(日間),1,1,0,0.11
110,私立,一般大學,1004,中原大學,05121022,生物科技學系,學士班(日間),1,1,0,0.25
110,私立,一般大學,1004,中原大學,05311023,化學系,學士班(日間),2,1,1,0.45
110,私立,一般大學,1004,中原大學,05411027,應用數學系,學士班(日間),1,1,0,0.23
110,私立,一般大學,1004,中原大學,06131028,資訊管理學系,學士班(日間),5,4,1,1.06
110,私立,一般大學,1004,中原大學,07121042,環境工程學系,學士班(日間),1,1,0,0.45
110,私立,一般大學,1004,中原大學,07141030,電子工程學系,學士班(日間),1,1,0,0.16
110,私立,一般大學,1004,中原大學,07141031,資訊工程學系,學士班(日間),4,4,0,0.77
110,私立,一般大學,1004,中原大學,07141033,電機資訊學院人工智慧應用學士學位學程,學士班(日間),1,0,1,4.00
110,私立,一般大學,1004,中原大學,07321035,土木工程學系,學士班(日間),3,3,0,0.47
110,私立,一般大學,1004,中原大學,02124009,室內設計學系,碩士班(日間),2,1,1,3.13
110,私立,一般大學,1004,中原大學,04191012,商學博士學位學程,博士班,6,3,3,13.33
110,私立,一般大學,1004,中原大學,07111037,化學工程學系,博士班,2,1,1,22.22
110,私立,一般大學,1004,中原大學,03131011,心理學系,碩士班(日間),1,0,1,1.10
110,私立,一般大學,1004,中原大學,04131014,企業管理學系,碩士班(日間),1,1,0,1.54
110,私立,一般大學,1005,淡江大學學校財團法人淡江大學,01116092,教育科技學系,學士班(日間),2,0,2,0.43
110,私立,一般大學,1005,淡江大學學校財團法人淡江大學,02311082,日本語文學系,學士班(日間),3,2,1,0.31
110,私立,一般大學,1005,淡江大學學校財團法人淡江大學,02311084,西班牙語文學系,學士班(日間),2,0,2,0.36
110,私立,一般大學,1005,淡江大學學校財團法人淡江大學,02311085,德國語文學系,學士班(日間),2,1,1,0.71
110,私立,一般大學,1005,淡江大學學校財團法人淡江大學,03111075,產業經濟學系,學士班(日間),3,2,1,0.67
110,私立,一般大學,1005,淡江大學學校財團法人淡江大學,03111076,經濟學系,學士班(日間),5,3,2,0.72
110,私立,一般大學,1005,淡江大學學校財團法人淡江大學,03211055,大眾傳播學系,學士班(日間),3,1,2,1.07
110,私立,一般大學,1005,淡江大學學校財團法人淡江大學,04131040,國際企業學系,學士班(日間),7,3,4,0.88
110,私立,一般大學,1005,淡江大學學校財團法人淡江大學,04131047,管理科學學系,學士班(日間),1,0,1,0.22
110,私立,一般大學,1005,淡江大學學校財團法人淡江大學,04131049,企業管理學系,學士班(日間),3,1,2,0.47
110,私立,一般大學,1005,淡江大學學校財團法人淡江大學,05399029,理學院尖端材料科學學士學位學程,學士班(日間),2,2,0,1.20
110,私立,一般大學,1005,淡江大學學校財團法人淡江大學,05411026,數學學系,學士班(日間),5,1,4,1.23
110,私立,一般大學,1005,淡江大學學校財團法人淡江大學,05421024,統計學系,學士班(日間),2,0,2,0.29
110,私立,一般大學,1005,淡江大學學校財團法人淡江大學,06131018,資訊工程學系全英語學士班,學士班(日間),1,1,0,0.40
110,私立,一般大學,1005,淡江大學學校財團法人淡江大學,07122009,水資源及環境工程學系,學士班(日間),5,2,3,1.02
110,私立,一般大學,1005,淡江大學學校財團法人淡江大學,07151015,機械與機電工程學系,學士班(日間),4,4,0,0.78
110,私立,一般大學,1005,淡江大學學校財團法人淡江大學,07321012,土木工程學系,學士班(日間),4,4,0,0.72
110,私立,一般大學,1005,淡江大學學校財團法人淡江大學,10151005,國際觀光管理學系全英語學士班,學士班(日間),1,1,0,0.28
110,私立,一般大學,1005,淡江大學學校財團法人淡江大學,01114093,教育學院教育領導與科技管理博士班,博士班,4,1,3,12.90
110,私立,一般大學,1005,淡江大學學校財團法人淡江大學,02322090,中國文學學系,博士班,3,2,1,9.68
110,私立,一般大學,1005,淡江大學學校財團法人淡江大學,04121037,財務金融學系,博士班,3,2,1,7.89
110,私立,一般大學,1005,淡江大學學校財團法人淡江大學,06131018,資訊工程學系,博士班,4,2,2,22.22
110,私立,一般大學,1005,淡江大學學校財團法人淡江大學,01116092,教育科技學系,碩士班(日間),1,1,0,3.85
110,私立,一般大學,1005,淡江大學學校財團法人淡江大學,02311082,日本語文學系,碩士班(日間),1,0,1,2.27
110,私立,一般大學,1005,淡江大學學校財團法人淡江大學,03222052,資訊與圖書館學系,學士班(日間),2,0,2,0.44
110,私立,一般大學,1005,淡江大學學校財團法人淡江大學,04111051,會計學系,學士班(日間),3,0,3,0.40
110,私立,一般大學,1005,淡江大學學校財團法人淡江大學,04121037,財務金融學系,學士班(日間),13,6,7,2.05
110,私立,一般大學,1005,淡江大學學校財團法人淡江大學,05311031,化學學系,學士班(日間),5,3,2,1.17
110,私立,一般大學,1005,淡江大學學校財團法人淡江大學,05331030,物理學系,學士班(日間),3,2,1,0.86
110,私立,一般大學,1005,淡江大學學校財團法人淡江大學,06131018,資訊工程學系,學士班(日間),7,4,3,0.86
110,私立,一般大學,1005,淡江大學學校財團法人淡江大學,06131023,資訊管理學系,學士班(日間),2,0,2,0.27
110,私立,一般大學,1005,淡江大學學校財團法人淡江大學,07111010,化學工程與材料工程學系,學士班(日間),3,1,2,0.60
110,私立,一般大學,1005,淡江大學學校財團法人淡江大學,07141019,電機工程學系,學士班(日間),8,8,0,0.99
110,私立,一般大學,1005,淡江大學學校財團法人淡江大學,07311007,建築學系,學士班(日間),3,0,3,0.87
110,私立,一般大學,1005,淡江大學學校財團法人淡江大學,10411002,運輸管理學系,學士班(日間),1,0,1,0.20
110,私立,一般大學,1005,淡江大學學校財團法人淡江大學,05411026,數學學系,博士班,1,0,1,16.67
110,私立,一般大學,1005,淡江大學學校財團法人淡江大學,03211055,大眾傳播學系,碩士班(日間),8,0,8,22.22
110,私立,一般大學,1005,淡江大學學校財團法人淡江大學,04111051,會計學系,碩士班(日間),4,3,1,6.78
110,私立,一般大學,1005,淡江大學學校財團法人淡江大學,04131047,管理科學學系企業經營碩士班,碩士班(日間),4,3,1,11.76
110,私立,一般大學,1005,淡江大學學校財團法人淡江大學,05411026,數學學系數學與數據科學碩士班,碩士班(日間),1,0,1,7.69
110,私立,一般大學,1005,淡江大學學校財團法人淡江大學,06131018,資訊工程學系,碩士班(日間),4,4,0,5.80
110,私立,一般大學,1005,淡江大學學校財團法人淡江大學,06131023,資訊管理學系,碩士班(日間),4,3,1,11.76
110,私立,一般大學,1005,淡江大學學校財團法人淡江大學,07122009,水資源及環境工程學系,碩士班(日間),1,1,0,3.57
110,私立,一般大學,1005,淡江大學學校財團法人淡江大學,07141019,電機工程學系,碩士班(日間),3,3,0,3.45
110,私立,一般大學,1005,淡江大學學校財團法人淡江大學,07141019,電機工程學系人工智慧機器人碩士班,碩士班(日間),1,1,0,3.13
110,私立,一般大學,1005,淡江大學學校財團法人淡江大學,07311007,建築學系,碩士班(日間),4,4,0,8.70
110,私立,一般大學,1005,淡江大學學校財團法人淡江大學,02322090,中國文學學系,碩士班(日間),4,2,2,11.76
110,私立,一般大學,1005,淡江大學學校財團法人淡江大學,03131096,教育心理與諮商研究所,碩士班(日間),1,0,1,0.90
110,私立,一般大學,1005,淡江大學學校財團法人淡江大學,04121037,財務金融學系,碩士班(日間),7,5,2,11.29
110,私立,一般大學,1005,淡江大學學校財團法人淡江大學,04121037,淡江大學暨澳洲昆士蘭理工大學財金全英語雙碩士學位學程,碩士班(日間),1,1,0,6.67
110,私立,一般大學,1005,淡江大學學校財團法人淡江大學,04131040,國際企業學系,碩士班(日間),2,0,2,4.08
110,私立,一般大學,1005,淡江大學學校財團法人淡江大學,04131049,企業管理學系,碩士班(日間),4,3,1,7.41
110,私立,一般大學,1005,淡江大學學校財團法人淡江大學,04134061,公共行政學系公共政策碩士班,碩士班(日間),1,1,0,5.88
110,私立,一般大學,1005,淡江大學學校財團法人淡江大學,05421101,商管學院大數據分析與商業智慧碩士學位學程,碩士班(日間),2,2,0,22.22
110,私立,一般大學,1005,淡江大學學校財團法人淡江大學,02221078,歷史學系,學士班(日間),1,1,0,0.20
110,私立,一般大學,1005,淡江大學學校財團法人淡江大學,02311081,俄國語文學系,學士班(日間),2,0,2,0.82
110,私立,一般大學,1005,淡江大學學校財團法人淡江大學,02311086,法國語文學系,學士班(日間),3,1,2,0.57
110,私立,一般大學,1005,淡江大學學校財團法人淡江大學,02311088,英文學系,學士班(日間),4,1,3,0.52
110,私立,一般大學,1005,淡江大學學校財團法人淡江大學,02322090,中國文學學系,學士班(日間),3,1,2,0.53
110,私立,一般大學,1005,淡江大學學校財團法人淡江大學,03121074,全球政治經濟學系全英語學士班,學士班(日間),1,0,1,0.64
110,私立,一般大學,1005,淡江大學學校財團法人淡江大學,04121035,商管學院全球財務管理全英語學士學位學程,學士班(日間),3,0,3,1.45
110,私立,一般大學,1005,淡江大學學校財團法人淡江大學,04123104,風險管理與保險學系,學士班(日間),3,2,1,0.70
110,私立,一般大學,1006,中國文化大學,02151040,音樂學系,學士班(日間),3,1,2,1.49
110,私立,一般大學,1006,中國文化大學,02152043,戲劇學系,學士班(日間),2,0,2,0.72
110,私立,一般大學,1006,中國文化大學,02311047,俄國語文學系,學士班(日間),2,0,2,1.22
110,私立,一般大學,1006,中國文化大學,02311052,英國語文學系,學士班(日間),2,0,2,0.44
110,私立,一般大學,1006,中國文化大學,02311077,日本語文學系,學士班(日間),3,0,3,0.54
110,私立,一般大學,1006,中國文化大學,03111099,經濟學系,學士班(日間),3,3,0,0.72
110,私立,一般大學,1006,中國文化大學,03121061,政治學系,學士班(日間),1,1,0,0.44
110,私立,一般大學,1006,中國文化大學,03131004,心理輔導學系,學士班(日間),3,0,3,1.15
110,私立,一般大學,1006,中國文化大學,03142088,地理學系,學士班(日間),3,3,0,1.40
110,私立,一般大學,1006,中國文化大學,03211036,大眾傳播學系,學士班(日間),4,0,4,0.67
110,私立,一般大學,1006,中國文化大學,01111046,教育學系,學士班(日間),2,0,2,0.82
110,私立,一般大學,1006,中國文化大學,02131059,美術學系,學士班(日間),2,0,2,0.77
110,私立,一般大學,1006,中國文化大學,02152008,中國戲劇學系,學士班(日間),1,0,1,0.50
110,私立,一般大學,1006,中國文化大學,02221098,史學系,學士班(日間),2,0,2,0.89
110,私立,一般大學,1006,中國文化大學,02231081,哲學系,學士班(日間),2,1,1,1.08
110,私立,一般大學,1006,中國文化大學,02311089,法國語文學系,學士班(日間),2,1,1,0.90
110,私立,一般大學,1006,中國文化大學,02322001,中國文學系,學士班(日間),6,2,4,0.93
110,私立,一般大學,1006,中國文化大學,03212033,新聞學系,學士班(日間),3,2,1,0.59
110,私立,一般大學,1006,中國文化大學,04131015,國際企業管理學系,學士班(日間),2,0,2,0.29
110,私立,一般大學,1006,中國文化大學,04134012,行政管理學系,學士班(日間),2,1,1,0.45
110,私立,一般大學,1006,中國文化大學,04191014,全球商務學士學位學程,學士班(日間),2,1,1,0.80
110,私立,一般大學,1006,中國文化大學,05111091,生命科學系,學士班(日間),1,1,0,0.50
110,私立,一般大學,1006,中國文化大學,05321083,土地資源學系,學士班(日間),1,1,0,0.48
110,私立,一般大學,1006,中國文化大學,06131021,資訊工程學系,學士班(日間),3,3,0,0.65
110,私立,一般大學,1006,中國文化大學,07311068,建築及都市設計學系,學士班(日間),5,4,1,1.81
110,私立,一般大學,1006,中國文化大學,08121106,園藝暨生物技術學系,學士班(日間),2,1,1,0.97
110,私立,一般大學,1006,中國文化大學,08211054,森林暨自然保育學系,學士班(日間),2,2,0,0.89
110,私立,一般大學,1006,中國文化大學,09299082,社會福利學系,學士班(日間),2,1,1,0.41
110,私立,一般大學,1006,中國文化大學,03214101,資訊傳播學系,學士班(日間),3,1,2,0.61
110,私立,一般大學,1006,中國文化大學,04121037,財務金融學系,學士班(日間),5,0,5,0.71
110,私立,一般大學,1006,中國文化大學,04141041,國際貿易學系,學士班(日間),3,2,1,0.45
110,私立,一般大學,1006,中國文化大學,04143013,廣告學系,學士班(日間),4,1,3,0.78
110,私立,一般大學,1006,中國文化大學,04212020,法律學系,學士班(日間),2,2,0,0.16
110,私立,一般大學,1006,中國文化大學,05191057,保健營養學系,學士班(日間),1,0,1,0.44
110,私立,一般大學,1006,中國文化大學,05331115,光電物理學系,學士班(日間),1,1,0,0.62
110,私立,一般大學,1006,中國文化大學,05411114,應用數學系,學士班(日間),1,1,0,0.33
110,私立,一般大學,1006,中國文化大學,06132006,資訊管理學系,學士班(日間),2,2,0,0.30
110,私立,一般大學,1006,中國文化大學,07111028,化學工程與材料工程學系,學士班(日間),1,1,0,0.26
110,私立,一般大學,1006,中國文化大學,07141085,電機工程學系,學士班(日間),1,1,0,0.30
110,私立,一般大學,1006,中國文化大學,07312103,景觀學系,學士班(日間),5,2,3,2.33
110,私立,一般大學,1006,中國文化大學,07313118,都市計劃與開發管理學系,學士班(日間),2,0,2,1.01
110,私立,一般大學,1006,中國文化大學,08112116,動物科學系,學士班(日間),1,0,1,0.48
110,私立,一般大學,1006,中國文化大學,10142093,運動與健康促進學系,學士班(日間),2,0,2,0.78
110,私立,一般大學,1006,中國文化大學,02221098,史學系,博士班,2,2,0,4.00
110,私立,一般大學,1006,中國文化大學,02322001,中國文學系,博士班,2,1,1,3.70
110,私立,一般大學,1006,中國文化大學,04131015,國際企業管理學系,博士班,1,1,0,1.09
110,私立,一般大學,1006,中國文化大學,07311068,建築及都市設計學系,博士班,5,2,3,16.13
110,私立,一般大學,1006,中國文化大學,02111121,科技藝術碩士學位學程,碩士班(日間),1,0,1,9.09
110,私立,一般大學,1006,中國文化大學,02131059,美術學系,碩士班(日間),5,0,5,8.77
110,私立,一般大學,1006,中國文化大學,02151040,音樂學系,碩士班(日間),2,1,1,2.90
110,私立,一般大學,1006,中國文化大學,01141023,體育學系運動教練博士班,博士班,3,1,2,4.55
110,私立,一般大學,1006,中國文化大學,03142087,地學研究所,博士班,1,1,0,3.85
110,私立,一般大學,1006,中國文化大學,02322001,中國文學系,碩士班(日間),3,1,2,5.88
110,私立,一般大學,1006,中國文化大學,03142087,地學研究所,碩士班(日間),1,0,1,2.44
110,私立,一般大學,1006,中國文化大學,03214101,資訊傳播學系,碩士班(日間),1,1,0,4.55
110,私立,一般大學,1006,中國文化大學,04121037,財務金融學系,碩士班(日間),1,1,0,5.88
110,私立,一般大學,1006,中國文化大學,04141041,國際貿易學系,碩士班(日間),2,2,0,8.00
110,私立,一般大學,1006,中國文化大學,04143027,行銷碩士學位學程,碩士班(日間),1,0,1,2.50
110,私立,一般大學,1006,中國文化大學,07313118,都市計劃與開發管理學系,碩士班(日間),1,1,0,3.23
110,私立,一般大學,1006,中國文化大學,02221098,史學系,碩士班(日間),4,3,1,12.12
110,私立,一般大學,1006,中國文化大學,03121011,國家發展與中國大陸研究所,碩士班(日間),1,1,0,2.27
110,私立,一般大學,1006,中國文化大學,03199051,勞動暨人力資源學系,碩士班(日間),2,0,2,3.28
110,私立,一般大學,1006,中國文化大學,03212033,新聞學系,碩士班(日間),1,1,0,3.33
110,私立,一般大學,1006,中國文化大學,04131015,國際企業管理學系,碩士班(日間),1,1,0,2.04
110,私立,一般大學,1006,中國文化大學,06131021,資訊工程學系,碩士班(日間),1,1,0,8.33
110,私立,一般大學,1006,中國文化大學,10151005,觀光事業學系,碩士班(日間),1,1,0,4.76
110,私立,一般大學,1007,逢甲大學,04111017,會計學系,學士班(日間),10,5,5,1.29
110,私立,一般大學,1007,逢甲大學,04121028,財務工程與精算學士學位學程,學士班(日間),6,3,3,2.78
110,私立,一般大學,1007,逢甲大學,04199035,澳洲墨爾本皇家理工大學商學與創新雙學士學位學程,學士班(日間),2,2,0,2.25
110,私立,一般大學,1007,逢甲大學,04199092,美國加州聖荷西州立大學商學大數據分析雙學士學位學程,學士班(日間),1,0,1,0.88
110,私立,一般大學,1007,逢甲大學,05411039,應用數學系,學士班(日間),3,3,0,0.75
110,私立,一般大學,1007,逢甲大學,06131048,資訊工程學系,學士班(日間),12,10,2,1.15
110,私立,一般大學,1007,逢甲大學,07121075,環境工程與科學學系,學士班(日間),2,1,1,0.47
110,私立,一般大學,1007,逢甲大學,03111012,合作經濟暨社會事業經營學系,學士班(日間),2,1,1,0.85
110,私立,一般大學,1007,逢甲大學,04121025,財務金融學系,學士班(日間),7,5,2,0.95
110,私立,一般大學,1007,逢甲大學,04123029,風險管理與保險學系,學士班(日間),3,3,0,0.71
110,私立,一般大學,1007,逢甲大學,04131019,企業管理學系,學士班(日間),6,3,3,1.09
110,私立,一般大學,1007,逢甲大學,04134086,土地管理學系,學士班(日間),1,1,0,0.23
110,私立,一般大學,1007,逢甲大學,04141024,國際經營與貿易學系,學士班(日間),5,2,3,0.65
110,私立,一般大學,1007,逢甲大學,04141024,國際經營與貿易學系國際企業管理全英語學士班,學士班(日間),3,0,3,1.55
110,私立,一般大學,1007,逢甲大學,04143033,行銷學系,學士班(日間),5,2,3,0.90
110,私立,一般大學,1007,逢甲大學,05421040,統計學系,學士班(日間),3,2,1,0.72
110,私立,一般大學,1007,逢甲大學,07111068,化學工程學系,學士班(日間),1,0,1,0.21
110,私立,一般大學,1007,逢甲大學,07112069,材料科學與工程學系,學士班(日間),1,1,0,0.22
110,私立,一般大學,1007,逢甲大學,07141044,電機工程學系,學士班(日間),2,1,1,0.34
110,私立,一般大學,1007,逢甲大學,07141050,通訊工程學系,學士班(日間),3,3,0,0.61
110,私立,一般大學,1007,逢甲大學,07141052,自動控制工程學系,學士班(日間),2,2,0,0.39
110,私立,一般大學,1007,逢甲大學,07141095,美國普渡大學電機資訊雙學士學位學程,學士班(日間),1,0,1,1.41
110,私立,一般大學,1007,逢甲大學,07192074,纖維與複合材料學系,學士班(日間),1,1,0,0.27
110,私立,一般大學,1007,逢甲大學,07313087,都市計畫與空間資訊學系,學士班(日間),2,2,0,0.49
110,私立,一般大學,1007,逢甲大學,10411093,運輸與物流學系,學士班(日間),3,3,0,0.63
110,私立,一般大學,1007,逢甲大學,02322001,中國文學系,博士班,1,0,1,3.13
110,私立,一般大學,1007,逢甲大學,04191014,商學博士學位學程,博士班,3,3,0,2.46
110,私立,一般大學,1007,逢甲大學,06131048,資訊工程學系,博士班,8,5,3,28.57
110,私立,一般大學,1007,逢甲大學,07141046,電子工程學系,學士班(日間),2,2,0,0.38
110,私立,一般大學,1007,逢甲大學,07141101,光電科學與工程學系,學士班(日間),2,2,0,0.46
110,私立,一般大學,1007,逢甲大學,07311007,室內設計學士學位學程,學士班(日間),1,1,0,2.27
110,私立,一般大學,1007,逢甲大學,07311081,建築學士學位學程,學士班(日間),10,4,6,2.86
110,私立,一般大學,1007,逢甲大學,07321063,土木工程學系,學士班(日間),1,1,0,0.23
110,私立,一般大學,1007,逢甲大學,99999108,國際雙學士學位學程,學士班(日間),2,0,2,13.33
110,私立,一般大學,1007,逢甲大學,07192074,纖維與複合材料學系,博士班,1,0,1,5.56
110,私立,一般大學,1007,逢甲大學,07321100,土木水利工程與建設規劃博士學位學程,博士班,3,2,1,5.17
110,私立,一般大學,1007,逢甲大學,03111009,經濟學系,碩士班(日間),1,1,0,3.70
110,私立,一般大學,1007,逢甲大學,03111012,合作經濟暨社會事業經營學系,碩士班(日間),1,1,0,5.00
110,私立,一般大學,1007,逢甲大學,04121025,財務金融學系,碩士班(日間),2,2,0,5.00
110,私立,一般大學,1007,逢甲大學,04123029,風險管理與保險學系,碩士班(日間),1,1,0,2.70
110,私立,一般大學,1007,逢甲大學,04134086,土地管理學系,碩士班(日間),1,0,1,3.03
110,私立,一般大學,1007,逢甲大學,04134097,公共事務與社會創新研究所,碩士班(日間),1,0,1,7.14
110,私立,一般大學,1007,逢甲大學,07121075,環境工程與科學學系,博士班,2,2,0,13.33
110,私立,一般大學,1007,逢甲大學,04122032,財稅學系,碩士班(日間),1,1,0,4.17
110,私立,一般大學,1007,逢甲大學,06131048,資訊工程學系,碩士班(日間),1,1,0,0.88
110,私立,一般大學,1007,逢甲大學,07121075,環境工程與科學學系,碩士班(日間),1,1,0,1.96
110,私立,一般大學,1007,逢甲大學,07141046,電子工程學系,碩士班(日間),2,2,0,2.90
110,私立,一般大學,1007,逢甲大學,07321063,土木工程學系,碩士班(日間),1,0,1,2.86
110,私立,一般大學,1007,逢甲大學,07141044,電機工程學系,碩士班(日間),2,2,0,4.26
110,私立,一般大學,1007,逢甲大學,07141050,通訊工程學系,碩士班(日間),1,1,0,2.04
110,私立,一般大學,1007,逢甲大學,07311081,建築碩士學位學程,碩士班(日間),2,2,0,3.33
110,私立,一般大學,1007,逢甲大學,07313087,都市計畫與空間資訊學系,碩士班(日間),2,1,1,5.88
110,私立,一般大學,1007,逢甲大學,10411093,運輸與物流學系,碩士班(日間),1,1,0,2.63
110,私立,一般大學,1007,逢甲大學,02311002,外國語文學系,學士班(日間),2,1,1,0.43
110,私立,一般大學,1007,逢甲大學,02322001,中國文學系,學士班(日間),2,0,2,0.84
110,私立,一般大學,1007,逢甲大學,03111009,經濟學系,學士班(日間),2,2,0,0.47
110,私立,一般大學,1008,靜宜大學,02311004,英國語文學系,學士班(日間),2,0,2,0.40
110,私立,一般大學,1008,靜宜大學,02311005,西班牙語文學系,學士班(日間),3,2,1,0.72
110,私立,一般大學,1008,靜宜大學,02311007,寰宇外語教育學士學位學程,學士班(日間),1,1,0,0.69
110,私立,一般大學,1008,靜宜大學,04111011,會計學系,學士班(日間),3,1,2,0.46
110,私立,一般大學,1008,靜宜大學,04131012,企業管理學系,學士班(日間),6,4,2,0.88
110,私立,一般大學,1008,靜宜大學,04131015,國際企業學系,學士班(日間),3,3,0,0.42
110,私立,一般大學,1008,靜宜大學,05499037,資料科學暨大數據分析與應用學系,學士班(日間),3,3,0,0.84
110,私立,一般大學,1008,靜宜大學,06131027,資訊管理學系,學士班(日間),2,1,1,0.40
110,私立,一般大學,1008,靜宜大學,06132009,資訊傳播工程學系,學士班(日間),4,2,2,0.76
110,私立,一般大學,1008,靜宜大學,04111011,會計學系,碩士班(日間),1,1,0,3.70
110,私立,一般大學,1008,靜宜大學,04131015,國際企業學系,碩士班(日間),3,0,3,14.29
110,私立,一般大學,1008,靜宜大學,02311006,日本語文學系,學士班(日間),1,1,0,0.17
110,私立,一般大學,1008,靜宜大學,02322003,中國文學系,學士班(日間),7,2,5,1.58
110,私立,一般大學,1008,靜宜大學,03211008,大眾傳播學系,學士班(日間),7,2,5,2.41
110,私立,一般大學,1008,靜宜大學,04121019,財務金融學系,學士班(日間),8,4,4,1.14
110,私立,一般大學,1008,靜宜大學,05191031,食品營養學系,學士班(日間),3,1,2,0.68
110,私立,一般大學,1008,靜宜大學,05499036,財務工程學系,學士班(日間),3,2,1,1.44
110,私立,一般大學,1008,靜宜大學,07141030,資訊工程學系,學士班(日間),3,2,1,0.60
110,私立,一般大學,1008,靜宜大學,10151034,觀光事業學系,學士班(日間),1,0,1,0.13
110,私立,一般大學,1008,靜宜大學,09161035,化粧品科學系,學士班(日間),3,0,3,0.62
110,私立,一般大學,1008,靜宜大學,09231032,社會工作與兒童少年福利學系,學士班(日間),1,1,0,0.17
110,私立,一般大學,1008,靜宜大學,02311004,英國語文學系,碩士班(日間),1,1,0,4.55
110,私立,一般大學,1008,靜宜大學,05191031,食品營養學系,碩士班(日間),2,1,1,5.88
110,私立,一般大學,1008,靜宜大學,09161035,化粧品科學系,碩士班(日間),1,0,1,3.85
110,私立,一般大學,1009,長庚大學,02122001,工業設計學系,學士班(日間),2,1,1,1.16
110,私立,一般大學,1009,長庚大學,06131013,資訊管理學系,學士班(日間),1,1,0,0.26
110,私立,一般大學,1009,長庚大學,09199042,呼吸治療學系,學士班(日間),1,0,1,0.66
110,私立,一般大學,1009,長庚大學,06131013,資訊管理學系,碩士班(日間),2,2,0,5.00
110,私立,一般大學,1009,長庚大學,04131005,工商管理學系,學士班(日間),1,1,0,0.52
110,私立,一般大學,1009,長庚大學,04133053,國際健康管理學士學位學程,學士班(日間),2,1,1,14.29
110,私立,一般大學,1009,長庚大學,05123012,生物醫學系,學士班(日間),2,1,1,0.55
110,私立,一般大學,1009,長庚大學,07111025,化工與材料工程學系,學士班(日間),1,1,0,0.46
110,私立,一般大學,1009,長庚大學,07141014,電機工程學系,學士班(日間),2,2,0,0.51
110,私立,一般大學,1009,長庚大學,07141016,電子工程學系,學士班(日間),2,2,0,0.53
110,私立,一般大學,1009,長庚大學,07151022,機械工程學系,學士班(日間),1,1,0,0.58
110,私立,一般大學,1009,長庚大學,09141048,醫學影像暨放射科學系,學士班(日間),3,1,2,2.13
110,私立,一般大學,1009,長庚大學,06131018,資訊工程學系,學士班(日間),2,2,0,0.83
110,私立,一般大學,1009,長庚大學,09141046,醫學生物技術暨檢驗學系,學士班(日間),2,1,1,0.82
110,私立,一般大學,1009,長庚大學,04131004,企業管理研究所,博士班,5,4,1,15.15
110,私立,一般大學,1009,長庚大學,07141016,電子工程學系,博士班,1,1,0,2.94
110,私立,一般大學,1009,長庚大學,04131005,工商管理學系,碩士班(日間),2,1,1,5.88
110,私立,一般大學,1010,元智大學,07191043,工業工程與管理學系,博士班,2,1,1,6.25
110,私立,一般大學,1010,元智大學,03141009,社會暨政策科學學系,碩士班(日間),1,0,1,6.67
110,私立,一般大學,1010,元智大學,02191001,藝術與設計學系,學士班(日間),8,4,4,4.62
110,私立,一般大學,1010,元智大學,02299049,人文社會學院英語學士班,學士班(日間),2,0,2,1.52
110,私立,一般大學,1010,元智大學,02311007,應用外語學系,學士班(日間),4,0,4,1.99
110,私立,一般大學,1010,元智大學,04199018,管理學院學士班,學士班(日間),8,1,7,0.46
110,私立,一般大學,1010,元智大學,06131011,資訊管理學系,學士班(日間),2,1,1,0.40
110,私立,一般大學,1010,元智大學,06131028,資訊工程學系,學士班(日間),2,2,0,0.31
110,私立,一般大學,1010,元智大學,06133013,資訊傳播學系,學士班(日間),5,1,4,1.03
110,私立,一般大學,1010,元智大學,07141033,電機工程學系,學士班(日間),4,4,0,0.34
110,私立,一般大學,1010,元智大學,07191043,工業工程與管理學系,學士班(日間),2,1,1,0.47
110,私立,一般大學,1010,元智大學,02299047,文化產業與文化政策博士學位學程,博士班,5,3,2,20.83
110,私立,一般大學,1010,元智大學,06131011,資訊管理學系,博士班,1,1,0,5.00
110,私立,一般大學,1010,元智大學,02322004,中國語文學系,學士班(日間),2,0,2,1.00
110,私立,一般大學,1010,元智大學,03141009,社會暨政策科學學系,學士班(日間),1,1,0,0.48
110,私立,一般大學,1010,元智大學,06131051,資訊學院英語學士班,學士班(日間),1,0,1,0.79
110,私立,一般大學,1010,元智大學,07111041,化學工程與材料科學學系,學士班(日間),4,3,1,0.88
110,私立,一般大學,1010,元智大學,07141032,電機通訊學院英語學士班,學士班(日間),1,1,0,0.62
110,私立,一般大學,1010,元智大學,07151037,機械工程學系,學士班(日間),2,2,0,0.47
110,私立,一般大學,1010,元智大學,07194050,工程學院英語學士班,學士班(日間),2,1,1,1.87
110,私立,一般大學,1010,元智大學,04199018,管理學院博士班,博士班,2,1,1,2.50
110,私立,一般大學,1010,元智大學,07141033,電機工程學系,博士班,1,1,0,2.33
110,私立,一般大學,1010,元智大學,02191001,藝術與設計學系藝術與設計管理碩士班,碩士班(日間),1,0,1,5.00
110,私立,一般大學,1010,元智大學,06131028,資訊工程學系,碩士班(日間),1,1,0,0.95
110,私立,一般大學,1010,元智大學,07141033,電機工程學系,碩士班(日間),2,2,0,1.21
110,私立,一般大學,1011,中華大學學校財團法人中華大學,04199014,科技管理博士學位學程,博士班,2,1,1,4.00
110,私立,一般大學,1011,中華大學學校財團法人中華大學,07194037,工程科學博士學位學程,博士班,4,3,1,40.00
110,私立,一般大學,1011,中華大學學校財團法人中華大學,06131025,資訊工程學系,學士班(日間),2,2,0,0.46
110,私立,一般大學,1011,中華大學學校財團法人中華大學,07311038,建築與都市計畫學系,學士班(日間),3,2,1,1.09
110,私立,一般大學,1012,大葉大學,02121002,造形藝術學系,學士班(日間),2,1,1,0.88
110,私立,一般大學,1012,大葉大學,02123012,工業設計學系,學士班(日間),3,2,1,2.17
110,私立,一般大學,1012,大葉大學,03211018,傳播藝術學士學位學程,學士班(日間),3,1,2,2.29
110,私立,一般大學,1012,大葉大學,07141038,電機工程學系,博士班,1,1,0,7.14
110,私立,一般大學,1012,大葉大學,02124014,空間設計學系,學士班(日間),1,0,1,0.31
110,私立,一般大學,1012,大葉大學,07141038,電機工程學系,學士班(日間),1,1,0,0.59
110,私立,一般大學,1012,大葉大學,07151046,機械與自動化工程學系,學士班(日間),3,3,0,1.14
110,私立,一般大學,1013,華梵學校財團法人華梵大學,02299009,東方人文思想研究所,博士班,5,4,1,9.26
110,私立,一般大學,1014,義守大學,02111001,電影與電視學系,學士班(日間),6,4,2,1.95
110,私立,一般大學,1014,義守大學,02123006,創意商品設計學系,學士班(日間),3,3,0,1.60
110,私立,一般大學,1014,義守大學,03211008,大眾傳播學系,學士班(日間),6,2,4,1.92
110,私立,一般大學,1014,義守大學,04121017,國際財務金融學系,學士班(日間),1,0,1,0.99
110,私立,一般大學,1014,義守大學,06131027,資訊工程學系,學士班(日間),1,1,0,0.22
110,私立,一般大學,1014,義守大學,04131012,管理學院管理博士班,博士班,3,1,2,10.71
110,私立,一般大學,1014,義守大學,07141025,電機工程學系,博士班,3,1,2,13.04
110,私立,一般大學,1014,義守大學,02122067,傳播與設計學院文創傳播與設計碩士班,碩士班(日間),1,0,1,6.67
110,私立,一般大學,1014,義守大學,02112005,數位多媒體設計學系,學士班(日間),2,1,1,1.06
110,私立,一般大學,1014,義守大學,04121066,財務金融管理學系,學士班(日間),4,2,2,0.93
110,私立,一般大學,1014,義守大學,04121066,財務金融管理學系,碩士班(日間),1,0,1,10.00
110,私立,一般大學,1014,義守大學,07193037,生物醫學工程學系,碩士班(日間),1,1,0,4.55
110,私立,一般大學,1014,義守大學,07111021,生物技術與化學工程研究所,博士班,1,1,0,3.45
110,私立,一般大學,1014,義守大學,04131010,企業管理學系,碩士班(日間),1,1,0,1.11
110,私立,一般大學,1015,世新大學,02112004,數位多媒體設計學系,學士班(日間),7,2,5,1.47
110,私立,一般大學,1015,世新大學,02322001,中國文學系,學士班(日間),2,0,2,1.10
110,私立,一般大學,1015,世新大學,03141008,社會心理學系,學士班(日間),1,0,1,0.22
110,私立,一般大學,1015,世新大學,03212017,新聞學系,學士班(日間),4,0,4,0.57
110,私立,一般大學,1015,世新大學,03214013,資訊傳播學系,學士班(日間),4,0,4,1.61
110,私立,一般大學,1015,世新大學,04121024,財務金融學系,學士班(日間),3,1,2,0.79
110,私立,一般大學,1015,世新大學,04131023,企業管理學系,學士班(日間),4,3,1,1.87
110,私立,一般大學,1015,世新大學,04143019,公共關係暨廣告學系,學士班(日間),6,0,6,0.82
110,私立,一般大學,1015,世新大學,04199025,傳播管理學系,學士班(日間),4,1,3,0.63
110,私立,一般大學,1015,世新大學,02322001,中國文學系,博士班,2,1,1,11.76
110,私立,一般大學,1015,世新大學,02111018,廣播電視電影學系,碩士班(日間),12,5,7,14.12
110,私立,一般大學,1015,世新大學,02111018,廣播電視電影學系,學士班(日間),11,3,8,1.02
110,私立,一般大學,1015,世新大學,03111005,經濟學系,學士班(日間),2,1,1,0.57
110,私立,一般大學,1015,世新大學,03214014,口語傳播暨社群媒體學系,學士班(日間),1,0,1,0.21
110,私立,一般大學,1015,世新大學,03214020,圖文傳播暨數位出版學系,學士班(日間),2,1,1,0.42
110,私立,一般大學,1015,世新大學,10151029,觀光學系,學士班(日間),1,1,0,0.16
110,私立,一般大學,1015,世新大學,03214012,傳播博士學位學程,博士班,20,8,12,41.67
110,私立,一般大學,1015,世新大學,04134009,行政管理學系,博士班,3,2,1,13.64
110,私立,一般大學,1015,世新大學,02112004,數位多媒體設計學系,碩士班(日間),3,2,1,11.54
110,私立,一般大學,1015,世新大學,02322001,中國文學系,碩士班(日間),3,0,3,23.08
110,私立,一般大學,1015,世新大學,03141007,性別研究所,碩士班(日間),3,1,2,7.89
110,私立,一般大學,1015,世新大學,03141008,社會心理學系,碩士班(日間),1,0,1,11.11
110,私立,一般大學,1015,世新大學,03214013,資訊傳播學系,碩士班(日間),1,0,1,7.69
110,私立,一般大學,1015,世新大學,04131023,企業管理學系,碩士班(日間),3,2,1,16.67
110,私立,一般大學,1015,世新大學,04143019,公共關係暨廣告學系,碩士班(日間),10,3,7,22.22
110,私立,一般大學,1015,世新大學,04199025,傳播管理學系,碩士班(日間),4,2,2,20.00
110,私立,一般大學,1015,世新大學,03111005,經濟學系,碩士班(日間),2,0,2,10.53
110,私立,一般大學,1015,世新大學,03212017,新聞學系,碩士班(日間),2,0,2,6.45
110,私立,一般大學,1015,世新大學,03214014,口語傳播暨社群媒體學系,碩士班(日間),1,1,0,4.76
110,私立,一般大學,1015,世新大學,03214020,圖文傳播暨數位出版學系,碩士班(日間),1,0,1,8.33
110,私立,一般大學,1015,世新大學,04134009,行政管理學系,碩士班(日間),1,0,1,6.25
110,私立,一般大學,1015,世新大學,10151029,觀光學系,碩士班(日間),2,0,2,10.00
110,私立,一般大學,1016,銘傳大學,02112012,數位媒體設計學系,學士班(日間),1,0,1,0.16
110,私立,一般大學,1016,銘傳大學,02112072,商業設計學系,學士班(日間),3,0,3,0.59
110,私立,一般大學,1016,銘傳大學,02311010,應用日語學系,學士班(日間),1,0,1,0.19
110,私立,一般大學,1016,銘傳大學,02323042,華語文教學學系,學士班(日間),1,0,1,0.27
110,私立,一般大學,1016,銘傳大學,03131054,諮商與工商心理學系,學士班(日間),3,1,2,0.99
110,私立,一般大學,1016,銘傳大學,03212046,新聞學系,學士班(日間),6,0,6,2.59
110,私立,一般大學,1016,銘傳大學,03213047,廣播電視學系,學士班(日間),2,0,2,0.48
110,私立,一般大學,1016,銘傳大學,03213064,新媒體暨傳播管理學系,學士班(日間),9,2,7,2.63
110,私立,一般大學,1016,銘傳大學,04111032,會計學系,學士班(日間),4,3,1,0.52
110,私立,一般大學,1016,銘傳大學,04123056,風險管理與保險學系,學士班(日間),2,0,2,0.36
110,私立,一般大學,1016,銘傳大學,04131061,國際企業學系,學士班(日間),1,0,1,0.12
110,私立,一般大學,1016,銘傳大學,04133022,醫療資訊與管理學系,學士班(日間),2,1,1,0.53
110,私立,一般大學,1016,銘傳大學,04199089,金融科技應用學士學位學程,學士班(日間),1,0,1,0.58
110,私立,一般大學,1016,銘傳大學,04211039,法律學系,學士班(日間),2,0,2,0.48
110,私立,一般大學,1016,銘傳大學,04131017,國際企業與貿易學士學位學程,學士班(日間),1,1,0,0.18
110,私立,一般大學,1016,銘傳大學,04131036,企業管理學系,學士班(日間),5,1,4,0.58
110,私立,一般大學,1016,銘傳大學,04143015,廣告暨策略行銷學系,學士班(日間),4,1,3,1.23
110,私立,一般大學,1016,銘傳大學,06131029,資訊工程學系,學士班(日間),4,3,1,0.89
110,私立,一般大學,1016,銘傳大學,06131045,資訊管理學系,學士班(日間),6,2,4,0.93
110,私立,一般大學,1016,銘傳大學,06134050,電腦與通訊工程學系,學士班(日間),3,2,1,0.81
110,私立,一般大學,1016,銘傳大學,10131044,餐旅管理學系,學士班(日間),1,1,0,0.25
110,私立,一般大學,1016,銘傳大學,10152076,休閒遊憩管理學系,學士班(日間),2,1,1,0.82
110,私立,一般大學,1016,銘傳大學,04131036,企業管理學系,博士班,16,6,10,36.36
110,私立,一般大學,1016,銘傳大學,02123073,商品設計學系創新設計與管理碩士班,碩士班(日間),2,1,1,7.69
110,私立,一般大學,1016,銘傳大學,03131054,諮商與工商心理學系,碩士班(日間),1,1,0,1.04
110,私立,一般大學,1016,銘傳大學,03213064,新媒體暨傳播管理學系,碩士班(日間),3,2,1,11.11
110,私立,一般大學,1016,銘傳大學,04121020,財務金融學系,碩士班(日間),4,2,2,12.50
110,私立,一般大學,1016,銘傳大學,04123056,風險管理與保險學系,碩士班(日間),2,0,2,9.52
110,私立,一般大學,1016,銘傳大學,04131061,國際企業學系,碩士班(日間),1,0,1,1.75
110,私立,一般大學,1016,銘傳大學,05121009,生物科技學系,碩士班(日間),1,1,0,5.56
110,私立,一般大學,1016,銘傳大學,07311026,建築學系,碩士班(日間),2,2,0,13.33
110,私立,一般大學,1016,銘傳大學,10151033,觀光事業學系,碩士班(日間),1,0,1,5.88
110,私立,一般大學,1016,銘傳大學,04212024,財金法律學系,學士班(日間),1,1,0,0.47
110,私立,一般大學,1016,銘傳大學,05121009,生物科技學系,學士班(日間),1,1,0,0.26
110,私立,一般大學,1016,銘傳大學,05421079,應用統計與資料科學學系,學士班(日間),4,0,4,1.12
110,私立,一般大學,1016,銘傳大學,06132078,資訊傳播工程學系,學士班(日間),2,2,0,0.49
110,私立,一般大學,1016,銘傳大學,07141025,電子工程學系,學士班(日間),3,3,0,0.86
110,私立,一般大學,1016,銘傳大學,07193043,生物醫學工程學系,學士班(日間),1,1,0,0.52
110,私立,一般大學,1016,銘傳大學,07311026,建築學系,學士班(日間),1,0,1,0.39
110,私立,一般大學,1016,銘傳大學,07313048,都市規劃與防災學系,學士班(日間),1,1,0,0.48
110,私立,一般大學,1016,銘傳大學,10151033,觀光事業學系,學士班(日間),2,1,1,0.68
110,私立,一般大學,1016,銘傳大學,02322002,應用中國文學系,博士班,6,5,1,24.00
110,私立,一般大學,1016,銘傳大學,02112072,商業設計學系設計創作與研究碩士班,碩士班(日間),1,0,1,5.56
110,私立,一般大學,1016,銘傳大學,04121059,經濟與金融學系,碩士班(日間),1,1,0,10.00
110,私立,一般大學,1016,銘傳大學,04131036,企業管理學系,碩士班(日間),3,1,2,5.66
110,私立,一般大學,1016,銘傳大學,06131029,資訊工程學系,碩士班(日間),3,3,0,12.00
110,私立,一般大學,1016,銘傳大學,06131045,資訊管理學系,碩士班(日間),2,1,1,10.00
110,私立,一般大學,1016,銘傳大學,02322002,應用中國文學系,學士班(日間),2,0,2,0.45
110,私立,一般大學,1016,銘傳大學,04121020,財務金融學系,學士班(日間),15,5,10,1.94
110,私立,一般大學,1016,銘傳大學,04121059,經濟與金融學系,學士班(日間),3,2,1,0.64
110,私立,一般大學,1017,實踐大學,02122009,時尚設計學系,學士班(日間),6,2,4,1.14
110,私立,一般大學,1017,實踐大學,02123014,工業產品設計學系,學士班(日間),5,2,3,1.91
110,私立,一般大學,1017,實踐大學,02125053,服飾設計與經營學系,學士班(日間),4,0,4,0.75
110,私立,一般大學,1017,實踐大學,02112012,媒體傳達設計學系,學士班(日間),9,3,6,2.32
110,私立,一般大學,1017,實踐大學,02125051,服裝設計學系,學士班(日間),7,1,6,1.28
110,私立,一般大學,1017,實踐大學,02151001,音樂學系,學士班(日間),1,0,1,0.56
110,私立,一般大學,1017,實踐大學,02311004,應用外語學系,學士班(日間),2,0,2,0.46
110,私立,一般大學,1017,實踐大學,04111019,會計學系,學士班(日間),5,3,2,1.15
110,私立,一般大學,1017,實踐大學,04123033,風險管理與保險學系,學士班(日間),1,0,1,0.25
110,私立,一般大學,1017,實踐大學,04131021,企業管理學系,學士班(日間),2,0,2,0.44
110,私立,一般大學,1017,實踐大學,05191043,食品營養與保健生技學系,學士班(日間),2,1,1,0.44
110,私立,一般大學,1017,實踐大學,07311041,建築設計學系,學士班(日間),6,2,4,2.61
110,私立,一般大學,1017,實踐大學,09221045,家庭研究與兒童發展學系,學士班(日間),2,0,2,0.89
110,私立,一般大學,1017,實踐大學,02311005,應用英語學系,學士班(日間),1,1,0,0.65
110,私立,一般大學,1017,實踐大學,04121029,財務金融學系,學士班(日間),2,0,2,0.45
110,私立,一般大學,1017,實踐大學,04131023,國際企業英語學士學位學程,學士班(日間),2,1,1,0.94
110,私立,一般大學,1017,實踐大學,04199036,管理學院創意產業博士班,博士班,15,5,10,46.88
110,私立,一般大學,1017,實踐大學,02112012,媒體傳達設計學系,碩士班(日間),7,3,4,13.21
110,私立,一般大學,1017,實踐大學,02123014,工業產品設計學系,碩士班(日間),3,1,2,4.55
110,私立,一般大學,1017,實踐大學,02125051,服裝設計學系,碩士班(日間),2,1,1,4.35
110,私立,一般大學,1017,實踐大學,04131021,企業管理學系,碩士班(日間),1,0,1,4.35
110,私立,一般大學,1017,實踐大學,04131023,國際企業英語碩士學位學程,碩士班(日間),2,1,1,16.67
110,私立,技專校院,1018,朝陽科技大學,02112003,視覺傳達設計系,學士班(日間),4,0,4,0.72
110,私立,技專校院,1018,朝陽科技大學,02123004,工業設計系,學士班(日間),2,2,0,0.41
110,私立,技專校院,1018,朝陽科技大學,04123011,保險金融管理系,學士班(日間),3,2,1,0.47
110,私立,技專校院,1018,朝陽科技大學,06111023,資訊與通訊系,學士班(日間),1,1,0,0.22
110,私立,技專校院,1018,朝陽科技大學,07141020,資訊工程系,學士班(日間),3,3,0,0.67
110,私立,技專校院,1018,朝陽科技大學,02311001,應用英語系,學士班(日間),1,0,1,0.20
110,私立,技專校院,1018,朝陽科技大學,03211006,傳播藝術系,學士班(日間),12,3,9,2.37
110,私立,技專校院,1018,朝陽科技大學,07321025,營建工程系博士班,博士班,1,1,0,14.29
110,私立,技專校院,1018,朝陽科技大學,07311028,建築系建築及都市設計碩士班,碩士班(日間),1,1,0,4.17
110,私立,技專校院,1018,朝陽科技大學,07311028,建築系,學士班(日間),4,3,1,0.88
110,私立,技專校院,1018,朝陽科技大學,07312031,景觀及都市設計系,學士班(日間),3,1,2,0.83
110,私立,技專校院,1018,朝陽科技大學,10152036,休閒事業管理系,學士班(日間),1,0,1,0.22
110,私立,技專校院,1018,朝陽科技大學,02122028,建築系建築及都市設計博士班,博士班,4,1,3,16.67
110,私立,技專校院,1018,朝陽科技大學,04131008,企業管理系台灣產業策略發展博士班,博士班,1,0,1,2.50
110,私立,技專校院,1018,朝陽科技大學,02112003,視覺傳達設計系碩士班,碩士班(日間),1,0,1,4.55
110,私立,技專校院,1018,朝陽科技大學,02123004,工業設計系碩士班,碩士班(日間),1,0,1,4.00
110,私立,技專校院,1018,朝陽科技大學,07312031,景觀及都市設計系碩士班,碩士班(日間),1,1,0,4.35
110,私立,一般大學,1019,高雄醫學大學,09111046,口腔衛生學系,學士班(日間),1,0,1,0.74
110,私立,一般大學,1019,高雄醫學大學,09231049,醫學社會學與社會工作學系,學士班(日間),1,1,0,0.50
110,私立,一般大學,1019,高雄醫學大學,04133003,醫務管理暨醫療資訊學系,學士班(日間),1,1,0,0.45
110,私立,一般大學,1019,高雄醫學大學,05311017,醫藥暨應用化學系,學士班(日間),4,2,2,1.12
110,私立,一般大學,1019,高雄醫學大學,09161027,香粧品學系,學士班(日間),3,0,3,1.30
110,私立,一般大學,1019,高雄醫學大學,09161026,天然藥物研究所,博士班,1,0,1,4.76
110,私立,一般大學,1020,南華大學,04131029,企業管理學系管理科學博士班,博士班,1,0,1,2.08
110,私立,一般大學,1022,大同大學,04131007,事業經營學系,學士班(日間),4,3,1,0.94
110,私立,一般大學,1022,大同大學,06131006,資訊經營學系,學士班(日間),2,2,0,0.88
110,私立,一般大學,1022,大同大學,07141010,電機工程學系,學士班(日間),1,1,0,0.23
110,私立,一般大學,1022,大同大學,02112004,媒體設計學系,碩士班(日間),1,0,1,5.26
110,私立,一般大學,1022,大同大學,02123005,工業設計學系,碩士班(日間),1,0,1,2.22
110,私立,一般大學,1022,大同大學,02112004,媒體設計學系,學士班(日間),2,0,2,0.55
110,私立,一般大學,1022,大同大學,02123005,工業設計學系,學士班(日間),2,1,1,0.54
110,私立,一般大學,1022,大同大學,02311001,應用外語學系,學士班(日間),2,1,1,0.99
110,私立,一般大學,1022,大同大學,06131012,資訊工程學系,學士班(日間),4,4,0,0.86
110,私立,一般大學,1022,大同大學,02122003,設計科學研究所,博士班,19,12,7,28.79
110,私立,技專校院,1023,南臺學校財團法人南臺科技大學,02112008,視覺傳達設計系碩士班,碩士班(日間),2,2,0,5.71
110,私立,技專校院,1023,南臺學校財團法人南臺科技大學,04199064,商管學院全球經營管理碩士班,碩士班(日間),2,1,1,1.98
110,私立,技專校院,1023,南臺學校財團法人南臺科技大學,06132038,多媒體與電腦娛樂科學系碩士班,碩士班(日間),2,1,1,5.00
110,私立,技專校院,1023,南臺學校財團法人南臺科技大學,07151045,機械工程系碩士班,碩士班(日間),1,1,0,1.79
110,私立,技專校院,1023,南臺學校財團法人南臺科技大學,06132038,多媒體與電腦娛樂科學系,學士班(日間),1,1,0,0.20
110,私立,技專校院,1023,南臺學校財團法人南臺科技大學,02123010,創新產品設計系碩士班,碩士班(日間),1,1,0,3.70
110,私立,技專校院,1023,南臺學校財團法人南臺科技大學,02112008,視覺傳達設計系,學士班(日間),4,3,1,0.56
110,私立,技專校院,1023,南臺學校財團法人南臺科技大學,03214011,資訊傳播系,學士班(日間),5,2,3,1.15
110,私立,技專校院,1023,南臺學校財團法人南臺科技大學,04131015,企業管理系,學士班(日間),1,0,1,0.21
110,私立,技專校院,1023,南臺學校財團法人南臺科技大學,10152058,休閒事業管理系,學士班(日間),2,1,1,0.52
110,私立,技專校院,1023,南臺學校財團法人南臺科技大學,04131016,經營管理博士學位學程,博士班,1,1,0,2.86
110,私立,技專校院,1024,崑山科技大學,07151030,機械工程系機械與能源工程博士班,博士班,1,0,1,3.13
110,私立,技專校院,1024,崑山科技大學,02112004,視覺傳達設計系碩士班,碩士班(日間),1,0,1,3.70
110,私立,技專校院,1024,崑山科技大學,02111009,視訊傳播設計系,學士班(日間),3,2,1,0.50
110,私立,技專校院,1024,崑山科技大學,02112004,視覺傳達設計系,學士班(日間),2,1,1,0.33
110,私立,技專校院,1024,崑山科技大學,02124007,空間設計系,學士班(日間),2,2,0,0.44
110,私立,技專校院,1026,樹德科技大學,02112009,視覺傳達設計系,學士班(日間),11,5,6,2.51
110,私立,技專校院,1026,樹德科技大學,02122004,流行設計系,學士班(日間),6,2,4,1.42
110,私立,技專校院,1026,樹德科技大學,02122006,動畫與遊戲設計系,學士班(日間),2,1,1,0.30
110,私立,技專校院,1026,樹德科技大學,02123010,生活產品設計系,學士班(日間),2,2,0,0.66
110,私立,技專校院,1026,樹德科技大學,02152001,表演藝術系,學士班(日間),4,1,3,0.95
110,私立,技專校院,1026,樹德科技大學,02192002,藝術管理與藝術經紀系,學士班(日間),1,0,1,0.51
110,私立,技專校院,1026,樹德科技大學,04131017,經營管理研究所,碩士班(日間),2,1,1,5.88
110,私立,技專校院,1026,樹德科技大學,10151041,休閒與觀光管理系,學士班(日間),1,0,1,0.31
110,私立,技專校院,1026,樹德科技大學,02122005,應用設計研究所,碩士班(日間),3,2,1,8.33
110,私立,一般大學,1027,慈濟學校財團法人慈濟大學,05111010,生命科學系,學士班(日間),1,0,1,0.82
110,私立,一般大學,1027,慈濟學校財團法人慈濟大學,03131008,人類發展與心理學系,碩士班(日間),1,0,1,2.27
110,私立,一般大學,1027,慈濟學校財團法人慈濟大學,02322004,東方語文學系,學士班(日間),1,0,1,0.50
110,私立,一般大學,1027,慈濟學校財團法人慈濟大學,09221002,兒童發展與家庭教育學系,學士班(日間),2,0,2,1.23
110,私立,一般大學,1027,慈濟學校財團法人慈濟大學,06133032,醫學資訊學系,碩士班(日間),1,0,1,3.03
110,私立,一般大學,1028,臺北醫學大學,04133002,醫務管理學系,學士班(日間),3,1,2,1.18
110,私立,一般大學,1028,臺北醫學大學,09131037,護理學系,學士班(日間),1,0,1,0.42
110,私立,一般大學,1028,臺北醫學大學,09191020,公共衛生學系,學士班(日間),2,1,1,1.19
110,私立,一般大學,1028,臺北醫學大學,05191032,保健營養學系,學士班(日間),2,2,0,0.76
110,私立,一般大學,1028,臺北醫學大學,07193009,生物醫學工程學系,學士班(日間),2,0,2,1.57
110,私立,一般大學,1028,臺北醫學大學,09111046,口腔衛生學系,學士班(日間),2,1,1,1.82
110,私立,一般大學,1028,臺北醫學大學,09141041,醫學檢驗暨生物技術學系,學士班(日間),1,0,1,0.39
110,私立,一般大學,1028,臺北醫學大學,09211049,高齡健康管理學系,學士班(日間),1,0,1,0.53
110,私立,一般大學,1028,臺北醫學大學,06131042,醫學資訊研究所,博士班,2,2,0,5.00
110,私立,一般大學,1028,臺北醫學大學,05121016,醫學科學研究所,碩士班(日間),2,2,0,3.57
110,私立,一般大學,1029,中山醫學大學,09152023,職能治療學系,學士班(日間),3,2,1,1.37
110,私立,一般大學,1029,中山醫學大學,09153024,語言治療與聽力學系,學士班(日間),4,2,2,0.96
110,私立,一般大學,1029,中山醫學大學,09141030,醫學檢驗暨生物技術學系,學士班(日間),2,1,1,0.62
110,私立,一般大學,1029,中山醫學大學,09141031,醫學影像暨放射科學系,學士班(日間),4,2,2,1.31
110,私立,一般大學,1029,中山醫學大學,09151022,物理治療學系,學士班(日間),1,1,0,0.43
110,私立,一般大學,1029,中山醫學大學,09153024,語言治療與聽力學系,碩士班(日間),2,2,0,4.17
110,私立,技專校院,1030,龍華科技大學,02122002,文化創意與數位媒體設計系,學士班(日間),1,0,1,0.18
110,私立,一般大學,1033,長榮大學,06131037,資訊管理學系,學士班(日間),1,1,0,1.01
110,私立,技專校院,1034,弘光科技大學,02122003,文化創意產業系,學士班(日間),2,2,0,0.71
110,私立,一般大學,1035,中國醫藥大學,05191021,營養學系,學士班(日間),2,0,2,0.62
110,私立,一般大學,1035,中國醫藥大學,09141017,醫學檢驗生物技術學系,學士班(日間),1,0,1,0.51
110,私立,一般大學,1035,中國醫藥大學,09159047,運動醫學系,學士班(日間),2,1,1,1.04
110,私立,一般大學,1035,中國醫藥大學,04133029,醫務管理學系,碩士班(日間),2,1,1,5.13
110,私立,一般大學,1035,中國醫藥大學,09141032,生物醫學影像暨放射科學學系,學士班(日間),2,1,1,0.89
110,私立,一般大學,1035,中國醫藥大學,09151010,物理治療學系,學士班(日間),1,0,1,0.40
110,私立,一般大學,1035,中國醫藥大學,09161042,藥用化妝品學系,學士班(日間),2,0,2,1.12
110,私立,一般大學,1035,中國醫藥大學,09141032,生物醫學影像暨放射科學學系,碩士班(日間),1,0,1,8.33
110,私立,技專校院,1037,正修學校財團法人正修科技大學,07321016,土木與空間資訊系,學士班(日間),1,1,0,0.22
110,私立,技專校院,1038,萬能學校財團法人萬能科技大學,02123002,商業設計系,學士班(日間),1,1,0,0.43
110,私立,一般大學,1039,玄奘大學,03211023,傳播學院碩士班,碩士班(日間),2,2,0,14.29
110,私立,一般大學,1039,玄奘大學,03211018,大眾傳播學系,學士班(日間),2,0,2,1.12
110,私立,技專校院,1041,明志科技大學,02112003,視覺傳達設計系碩士班,碩士班(日間),1,0,1,4.55
110,私立,技專校院,1041,明志科技大學,02123004,工業設計系碩士班,碩士班(日間),1,1,0,4.00
110,私立,技專校院,1041,明志科技大學,07151014,機械工程系機械與機電工程碩士班,碩士班(日間),1,1,0,2.22
110,私立,技專校院,1041,明志科技大學,07112022,材料工程系碩士班,碩士班(日間),1,1,0,1.28
110,私立,技專校院,1044,聖約翰科技大學,02112004,多媒體設計系,學士班(日間),3,2,1,3.00
110,私立,技專校院,1044,聖約翰科技大學,04199009,時尚經營管理系,學士班(日間),1,0,1,1.15
110,私立,技專校院,1044,聖約翰科技大學,10152021,休閒運動與健康管理系,學士班(日間),1,1,0,0.78
110,私立,技專校院,1045,嶺東科技大學,06121031,資訊管理系,學士班(日間),1,1,0,0.28
110,私立,技專校院,1045,嶺東科技大學,04121017,財務金融系碩士班,碩士班(日間),1,1,0,6.67
110,私立,技專校院,1045,嶺東科技大學,06131030,資訊科技系碩士班,碩士班(日間),1,1,0,3.57
110,私立,技專校院,1045,嶺東科技大學,02112003,視覺傳達設計系,學士班(日間),5,2,3,0.72
110,私立,技專校院,1045,嶺東科技大學,02112003,視覺傳達設計系碩士班,碩士班(日間),2,1,1,11.11
110,私立,技專校院,1045,嶺東科技大學,02112005,數位媒體設計系碩士班,碩士班(日間),1,0,1,4.55
110,私立,技專校院,1046,中國科技大學,02124005,室內設計系,學士班(日間),3,1,2,0.35
110,私立,技專校院,1046,中國科技大學,02199006,影視設計系,學士班(日間),6,3,3,1.20
110,私立,技專校院,1046,中國科技大學,02311001,應用英語系,學士班(日間),1,0,1,0.43
110,私立,技專校院,1046,中國科技大學,04131010,企業管理系,學士班(日間),1,0,1,0.37
110,私立,技專校院,1046,中國科技大學,02112004,數位多媒體設計系,學士班(日間),2,1,1,0.28
110,私立,技專校院,1046,中國科技大學,07321030,土木與防災系,學士班(日間),1,0,1,0.52
110,私立,技專校院,1046,中國科技大學,02112003,視覺傳達設計系碩士班,碩士班(日間),2,0,2,12.50
110,私立,技專校院,1046,中國科技大學,04131010,企業管理系碩士班,碩士班(日間),1,1,0,1.92
110,私立,技專校院,1047,中臺科技大學,09141029,醫學影像暨放射科學系,學士班(日間),1,0,1,0.19
110,私立,一般大學,1048,亞洲大學,02112007,數位媒體設計學系,學士班(日間),3,2,1,0.70
110,私立,一般大學,1048,亞洲大學,02124012,室內設計學系,學士班(日間),5,1,4,1.94
110,私立,一般大學,1048,亞洲大學,02311002,外國語文學系,學士班(日間),1,0,1,0.36
110,私立,一般大學,1048,亞洲大學,03131013,心理學系,學士班(日間),4,3,1,0.82
110,私立,一般大學,1048,亞洲大學,03213014,資訊傳播學系,學士班(日間),4,1,3,1.07
110,私立,一般大學,1048,亞洲大學,04131017,經營管理學系,學士班(日間),1,1,0,0.20
110,私立,一般大學,1048,亞洲大學,10151049,休閒與遊憩管理學系,學士班(日間),1,1,0,0.24
110,私立,一般大學,1048,亞洲大學,02112007,數位媒體設計學系,博士班,2,2,0,4.88
110,私立,一般大學,1048,亞洲大學,04199018,新興產業策略與發展博士學位學程,博士班,1,0,1,5.56
110,私立,一般大學,1048,亞洲大學,09191021,健康產業管理學系,博士班,1,0,1,2.70
110,私立,一般大學,1048,亞洲大學,05191053,食品營養與保健生技學系,學士班(日間),1,1,0,0.25
110,私立,一般大學,1048,亞洲大學,06134037,資訊工程學系,學士班(日間),1,1,0,0.21
110,私立,一般大學,1048,亞洲大學,04131017,經營管理學系,博士班,2,0,2,2.74
110,私立,一般大學,1048,亞洲大學,02112007,數位媒體設計學系,碩士班(日間),2,2,0,8.33
110,私立,一般大學,1048,亞洲大學,02112006,視覺傳達設計學系,碩士班(日間),2,1,1,11.11
110,私立,一般大學,1048,亞洲大學,02123011,創意商品設計學系,碩士班(日間),3,3,0,15.79
110,私立,一般大學,1048,亞洲大學,02112006,視覺傳達設計學系,學士班(日間),3,1,2,0.71
110,私立,一般大學,1048,亞洲大學,02123011,創意商品設計學系,學士班(日間),1,1,0,0.25
110,私立,一般大學,1050,佛光大學,02123018,產品與媒體設計學系,碩士班(日間),1,1,0,7.14
110,私立,一般大學,1050,佛光大學,02211010,佛教學系,博士班,3,0,3,11.11
110,私立,技專校院,1051,台南家專學校財團法人台南應用科技大學,02124015,室內設計系,學士班(日間),1,1,0,0.22
110,私立,技專校院,1051,台南家專學校財團法人台南應用科技大學,04121025,財務金融系,學士班(日間),1,1,0,0.54
110,私立,技專校院,1051,台南家專學校財團法人台南應用科技大學,02123014,商品設計系,學士班(日間),1,1,0,0.20
110,私立,技專校院,1051,台南家專學校財團法人台南應用科技大學,02125042,服飾設計管理系,學士班(日間),1,0,1,0.23
110,私立,技專校院,1051,台南家專學校財團法人台南應用科技大學,04141023,國際企業經營系,學士班(日間),1,1,0,0.50
110,私立,技專校院,1054,景文科技大學,02112005,視覺傳達設計系,學士班(日間),1,1,0,0.21
110,私立,技專校院,1054,景文科技大學,04132014,行銷與流通管理系,學士班(日間),1,0,1,0.52
110,私立,技專校院,1054,景文科技大學,04141008,國際貿易系,學士班(日間),1,1,0,0.83
110,私立,技專校院,1054,景文科技大學,06131030,行動商務與多媒體應用系,學士班(日間),4,4,0,2.35
110,私立,技專校院,1056,東南科技大學,10152021,休閒事業管理系,學士班(日間),1,1,0,0.23
110,私立,一般大學,1058,明道學校財團法人明道大學,02111010,數位設計學系,學士班(日間),1,1,0,0.53
110,私立,一般大學,1058,明道學校財團法人明道大學,02299043,中華文化與傳播學系,博士班,4,4,0,12.50
110,私立,技專校院,1075,文藻學校財團法人文藻外語大學,02311007,英國語文系,學士班(日間),3,1,2,0.43
110,私立,技專校院,1075,文藻學校財團法人文藻外語大學,02311010,德國語文系,學士班(日間),3,2,1,0.88
110,私立,技專校院,1075,文藻學校財團法人文藻外語大學,02311011,西班牙語文系,學士班(日間),4,3,1,0.94
110,私立,技專校院,1075,文藻學校財團法人文藻外語大學,02311009,法國語文系,學士班(日間),1,0,1,0.26
110,私立,技專校院,1075,文藻學校財團法人文藻外語大學,02311012,日本語文系,學士班(日間),3,1,2,0.37
110,私立,技專校院,1075,文藻學校財團法人文藻外語大學,02312013,翻譯系,學士班(日間),2,1,1,0.79
110,私立,技專校院,1075,文藻學校財團法人文藻外語大學,03211018,傳播藝術系,學士班(日間),6,1,5,1.52
110,私立,技專校院,1075,文藻學校財團法人文藻外語大學,02311007,英國語文系碩士班,碩士班(日間),1,0,1,3.13
110,私立,技專校院,1075,文藻學校財團法人文藻外語大學,02312013,翻譯系碩士班,碩士班(日間),1,1,0,2.56
110,私立,技專校院,1075,文藻學校財團法人文藻外語大學,03122016,國際事務系碩士班,碩士班(日間),1,0,1,3.57
110,私立,技專校院,1078,致理學校財團法人致理科技大學,04111013,會計資訊系,學士班(日間),1,1,0,0.15
110,私立,技專校院,1078,致理學校財團法人致理科技大學,04132019,行銷與流通管理系,學士班(日間),1,1,0,0.17
110,私立,技專校院,1081,東方學校財團法人東方設計大學,02122018,文化創意設計研究所,博士班,1,0,1,3.57
110,私立,一般大學,1125,中信學校財團法人中信金融管理學院,04131012,企業管理學系金融管理碩士班,碩士班(日間),1,1,0,1.61
110,私立,一般大學,1196,法鼓學校財團法人法鼓文理學院,02211002,佛教學系,博士班,1,1,0,5.56
110,公立,一般大學,3002,臺北市立大學,07313058,城市發展學系,學士班(日間),1,1,0,0.83
110,公立,一般大學,3002,臺北市立大學,01141025,體育學系,碩士班(日間),1,1,0,2.50
110,公立,一般大學,3002,臺北市立大學,02221019,歷史與地理學系,學士班(日間),1,0,1,0.59
110,公立,一般大學,3002,臺北市立大學,10141053,運動科學研究所,博士班,4,2,2,20.00
110,公立,一般大學,3002,臺北市立大學,01131017,英語教學系,碩士班(日間),1,1,0,2.78
110,公立,一般大學,3002,臺北市立大學,01111001,教育學系,博士班,2,0,2,2.04
110,公立,一般大學,3002,臺北市立大學,01114035,教育行政與評鑑研究所,博士班,3,0,3,6.12
110,公立,一般大學,3002,臺北市立大學,10141054,競技運動訓練研究所,博士班,2,1,1,6.90
110,公立,一般大學,3002,臺北市立大學,02151037,音樂學系,碩士班(日間),1,0,1,1.33
110,公立,一般大學,3002,臺北市立大學,02221019,歷史與地理學系,碩士班(日間),1,0,1,2.17
110,公立,一般大學,3002,臺北市立大學,03131055,心理與諮商學系,碩士班(日間),2,0,2,2.30
111,公立,一般大學,0001,國立政治大學,03191047,國家發展研究所,碩士班(日間),5,3,2,6.58
111,公立,一般大學,0001,國立政治大學,03222054,圖書資訊與檔案學研究所,碩士班(日間),1,1,0,1.72
111,公立,一般大學,0001,國立政治大學,04111059,會計學系,碩士班(日間),5,2,3,3.68
111,公立,一般大學,0001,國立政治大學,04141067,國際經營與貿易學系,碩士班(日間),2,1,1,1.65
111,公立,一般大學,0001,國立政治大學,04199072,科技管理與智慧財產研究所,碩士班(日間),2,0,2,1.21
111,公立,一般大學,0001,國立政治大學,04211074,法律科際整合研究所,碩士班(日間),1,0,1,1.09
111,公立,一般大學,0001,國立政治大學,04212073,法律學系,碩士班(日間),3,0,3,1.22
111,公立,一般大學,0001,國立政治大學,06131080,資訊管理學系,碩士班(日間),2,1,1,1.82
111,公立,一般大學,0001,國立政治大學,06134057,數位內容碩士學位學程,碩士班(日間),5,1,4,9.26
111,公立,一般大學,0001,國立政治大學,03111024,經濟學系,學士班(日間),1,1,0,0.24
111,公立,一般大學,0001,國立政治大學,04121068,金融學系,學士班(日間),1,0,1,0.39
111,公立,一般大學,0001,國立政治大學,01111001,教育學系,博士班,8,1,7,7.92
111,公立,一般大學,0001,國立政治大學,02221020,歷史學系,博士班,3,2,1,12.00
111,公立,一般大學,0001,國立政治大學,02311009,英國語文學系,博士班,4,0,4,16.00
111,公立,一般大學,0001,國立政治大學,02322008,中國文學系,博士班,6,2,4,11.54
111,公立,一般大學,0001,國立政治大學,03121026,政治學系,博士班,5,4,1,21.74
111,公立,一般大學,0001,國立政治大學,02322008,中國文學系,學士班(日間),1,0,1,0.30
111,公立,一般大學,0001,國立政治大學,03213052,廣播電視學系,學士班(日間),1,0,1,0.46
111,公立,一般大學,0001,國立政治大學,06131081,資訊科學系,學士班(日間),1,0,1,0.42
111,公立,一般大學,0001,國立政治大學,02211019,宗教研究所,博士班,1,1,0,3.70
111,公立,一般大學,0001,國立政治大學,02222031,民族學系,博士班,2,0,2,11.11
111,公立,一般大學,0001,國立政治大學,02231022,哲學系,博士班,1,1,0,3.33
111,公立,一般大學,0001,國立政治大學,03111024,經濟學系,博士班,1,0,1,10.00
111,公立,一般大學,0001,國立政治大學,03191047,國家發展研究所,博士班,8,8,0,22.86
111,公立,一般大學,0001,國立政治大學,04121065,財務管理學系,博士班,1,0,1,12.50
111,公立,一般大學,0001,國立政治大學,04121068,金融學系,博士班,4,4,0,14.81
111,公立,一般大學,0001,國立政治大學,04134041,公共行政學系,博士班,1,1,0,6.25
111,公立,一般大學,0001,國立政治大學,05411078,應用數學系,博士班,1,1,0,12.50
111,公立,一般大學,0001,國立政治大學,09231084,社會工作研究所,博士班,4,1,3,26.67
111,公立,一般大學,0001,國立政治大學,01121004,幼兒教育研究所,碩士班(日間),6,0,6,11.11
111,公立,一般大學,0001,國立政治大學,02211019,宗教研究所,碩士班(日間),2,2,0,7.69
111,公立,一般大學,0001,國立政治大學,02221020,歷史學系,碩士班(日間),4,2,2,6.90
111,公立,一般大學,0001,國立政治大學,02231022,哲學系,碩士班(日間),3,2,1,6.25
111,公立,一般大學,0001,國立政治大學,02311009,英國語文學系,碩士班(日間),1,0,1,1.43
111,公立,一般大學,0001,國立政治大學,02311011,日本語文學系,碩士班(日間),1,1,0,4.55
111,公立,一般大學,0001,國立政治大學,02322008,中國文學系,碩士班(日間),15,4,11,15.15
111,公立,一般大學,0001,國立政治大學,03131032,心理學系,碩士班(日間),3,1,2,3.37
111,公立,一般大學,0001,國立政治大學,03131033,輔導與諮商碩士學位學程,碩士班(日間),6,0,6,12.77
111,公立,一般大學,0001,國立政治大學,03141030,社會學系,碩士班(日間),2,0,2,3.39
111,公立,一般大學,0001,國立政治大學,03199048,勞工研究所,碩士班(日間),4,1,3,6.06
111,公立,一般大學,0001,國立政治大學,03211049,傳播學院傳播碩士學位學程,碩士班(日間),27,5,22,11.30
111,公立,一般大學,0001,國立政治大學,04121065,財務管理學系,碩士班(日間),2,1,1,2.47
111,公立,一般大學,0001,國立政治大學,04121068,金融學系,碩士班(日間),5,2,3,6.67
111,公立,一般大學,0001,國立政治大學,03141030,社會學系,博士班,2,1,1,16.67
111,公立,一般大學,0001,國立政治大學,03143036,日本研究博士學位學程,博士班,1,1,0,11.11
111,公立,一般大學,0001,國立政治大學,03143043,地政學系,博士班,1,1,0,9.09
111,公立,一般大學,0001,國立政治大學,03211056,傳播學院博士班,博士班,19,10,9,46.34
111,公立,一般大學,0001,國立政治大學,03222054,圖書資訊與檔案學研究所,博士班,1,1,0,7.14
111,公立,一般大學,0001,國立政治大學,04123069,風險管理與保險學系,博士班,1,1,0,6.25
111,公立,一般大學,0001,國立政治大學,04131060,企業管理學系,博士班,8,1,7,14.55
111,公立,一般大學,0001,國立政治大學,04141067,國際經營與貿易學系,博士班,3,0,3,33.33
111,公立,一般大學,0001,國立政治大學,04199072,科技管理與智慧財產研究所,博士班,1,1,0,4.00
111,公立,一般大學,0001,國立政治大學,05421079,統計學系,博士班,1,1,0,16.67
111,公立,一般大學,0001,國立政治大學,06131081,資訊科學系,博士班,2,1,1,16.67
111,公立,一般大學,0001,國立政治大學,02311014,韓國語文學系,碩士班(日間),1,0,1,4.35
111,公立,一般大學,0001,國立政治大學,03111024,經濟學系,碩士班(日間),4,4,0,4.21
111,公立,一般大學,0001,國立政治大學,03121026,政治學系,碩士班(日間),1,1,0,1.39
111,公立,一般大學,0001,國立政治大學,03143036,日本研究碩士學位學程,碩士班(日間),1,0,1,2.50
111,公立,一般大學,0001,國立政治大學,04123069,風險管理與保險學系,碩士班(日間),1,0,1,1.28
111,公立,一般大學,0001,國立政治大學,06131081,資訊科學系,碩士班(日間),5,3,2,2.99
111,公立,一般大學,0001,國立政治大學,09231084,社會工作研究所,碩士班(日間),2,0,2,3.33
111,公立,一般大學,0002,國立清華大學,01111084,教育與學習科技學系,博士班,7,0,7,11.11
111,公立,一般大學,0002,國立清華大學,02322003,中國文學系,博士班,9,3,6,15.52
111,公立,一般大學,0002,國立清華大學,02399005,語言學研究所,博士班,2,0,2,11.76
111,公立,一般大學,0002,國立清華大學,03111011,經濟學系,博士班,3,0,3,27.27
111,公立,一般大學,0002,國立清華大學,03141012,社會學研究所,博士班,3,2,1,20.00
111,公立,一般大學,0002,國立清華大學,04121020,計量財務金融學系,博士班,2,2,0,33.33
111,公立,一般大學,0002,國立清華大學,07112058,材料科學工程學系,碩士班(日間),2,2,0,0.62
111,公立,一般大學,0002,國立清華大學,07131068,核子工程與科學研究所,碩士班(日間),3,1,2,5.45
111,公立,一般大學,0002,國立清華大學,07141049,電機工程學系,碩士班(日間),5,4,1,1.22
111,公立,一般大學,0002,國立清華大學,07141054,通訊工程研究所,碩士班(日間),4,4,0,2.42
111,公立,一般大學,0002,國立清華大學,07191061,工業工程與工程管理學系,碩士班(日間),3,3,0,1.35
111,公立,一般大學,0002,國立清華大學,04199023,科技管理學院學士班,學士班(日間),1,0,1,0.31
111,公立,一般大學,0002,國立清華大學,04212024,科技法律研究所,博士班,1,1,0,5.56
111,公立,一般大學,0002,國立清華大學,05121026,生物科技研究所,博士班,1,0,1,2.56
111,公立,一般大學,0002,國立清華大學,05331038,物理學系,博士班,2,1,1,2.47
111,公立,一般大學,0002,國立清華大學,06131053,資訊工程學系,博士班,4,3,1,6.25
111,公立,一般大學,0002,國立清華大學,06134046,資訊系統與應用研究所,博士班,1,1,0,3.85
111,公立,一般大學,0002,國立清華大學,07191061,工業工程與工程管理學系,博士班,3,3,0,6.82
111,公立,一般大學,0002,國立清華大學,07194066,工程與系統科學系,博士班,1,1,0,1.16
111,公立,一般大學,0002,國立清華大學,99999074,跨院國際博士班學位學程,博士班,5,1,4,3.65
111,公立,一般大學,0002,國立清華大學,01113095,特殊教育學系,碩士班(日間),1,0,1,1.69
111,公立,一般大學,0002,國立清華大學,01121091,幼兒教育學系,碩士班(日間),8,1,7,11.76
111,公立,一般大學,0002,國立清華大學,01131105,英語教學系,碩士班(日間),3,0,3,8.33
111,公立,一般大學,0002,國立清華大學,01141127,運動科學系,碩士班(日間),5,3,2,10.42
111,公立,一般大學,0002,國立清華大學,02131098,藝術與設計學系,碩士班(日間),4,2,2,4.71
111,公立,一般大學,0002,國立清華大學,02151096,音樂學系,碩士班(日間),1,0,1,1.47
111,公立,一般大學,0002,國立清華大學,02311002,外國語文學系,碩士班(日間),2,0,2,6.45
111,公立,一般大學,0002,國立清華大學,02322003,中國文學系,碩士班(日間),12,4,8,12.77
111,公立,一般大學,0002,國立清華大學,03131077,教育心理與諮商學系,碩士班(日間),5,3,2,3.29
111,公立,一般大學,0002,國立清華大學,04121020,計量財務金融學系,碩士班(日間),7,2,5,15.22
111,公立,一般大學,0002,國立清華大學,05399042,理學院學士班,學士班(日間),1,1,0,0.63
111,公立,一般大學,0002,國立清華大學,05411043,數學系,學士班(日間),2,0,2,0.75
111,公立,一般大學,0002,國立清華大學,07141055,電機資訊學院學士班,學士班(日間),1,1,0,0.38
111,公立,一般大學,0002,國立清華大學,02221006,歷史研究所,博士班,2,2,0,11.76
111,公立,一般大學,0002,國立清華大學,02321001,台灣文學研究所,博士班,5,1,4,26.32
111,公立,一般大學,0002,國立清華大學,04199017,科技管理研究所,博士班,6,1,5,25.00
111,公立,一般大學,0002,國立清華大學,05121028,分子與細胞生物研究所,博士班,1,1,0,3.23
111,公立,一般大學,0002,國立清華大學,05311037,化學系,博士班,1,0,1,1.15
111,公立,一般大學,0002,國立清華大學,07112058,材料科學工程學系,博士班,4,3,1,3.31
111,公立,一般大學,0002,國立清華大學,07131068,核子工程與科學研究所,博士班,1,1,0,5.00
111,公立,一般大學,0002,國立清華大學,07141050,電子工程研究所,博士班,2,2,0,4.76
111,公立,一般大學,0002,國立清華大學,07141054,通訊工程研究所,博士班,3,3,0,14.29
111,公立,一般大學,0002,國立清華大學,07151056,動力機械工程學系,博士班,4,4,0,4.82
111,公立,一般大學,0002,國立清華大學,07193063,生醫工程與環境科學系,博士班,1,0,1,1.75
111,公立,一般大學,0002,國立清華大學,01111084,教育與學習科技學系,碩士班(日間),1,0,1,0.86
111,公立,一般大學,0002,國立清華大學,02221006,歷史研究所,碩士班(日間),1,0,1,2.78
111,公立,一般大學,0002,國立清華大學,02222007,人類學研究所,碩士班(日間),2,0,2,4.44
111,公立,一般大學,0002,國立清華大學,02231008,哲學研究所,碩士班(日間),2,1,1,6.06
111,公立,一般大學,0002,國立清華大學,02299009,亞際文化研究國際碩士學位學程(台灣聯合大學系統),碩士班(日間),4,2,2,44.44
111,公立,一般大學,0002,國立清華大學,02321001,台灣文學研究所,碩士班(日間),3,1,2,6.52
111,公立,一般大學,0002,國立清華大學,02323114,華文文學研究所,碩士班(日間),2,1,1,4.08
111,公立,一般大學,0002,國立清華大學,03111011,經濟學系,碩士班(日間),5,3,2,9.09
111,公立,一般大學,0002,國立清華大學,03141012,社會學研究所,碩士班(日間),7,2,5,7.61
111,公立,一般大學,0002,國立清華大學,04199017,科技管理研究所,碩士班(日間),7,2,5,11.11
111,公立,一般大學,0002,國立清華大學,05121030,生物資訊與結構生物研究所,碩士班(日間),2,0,2,3.23
111,公立,一般大學,0002,國立清華大學,05211102,環境與文化資源學系,碩士班(日間),6,4,2,9.68
111,公立,一般大學,0002,國立清華大學,05332039,天文研究所,碩士班(日間),1,0,1,5.26
111,公立,一般大學,0002,國立清華大學,06131053,資訊工程學系,碩士班(日間),7,6,1,1.59
111,公立,一般大學,0002,國立清華大學,06134046,資訊系統與應用研究所,碩士班(日間),12,11,1,7.10
111,公立,一般大學,0002,國立清華大學,04199022,服務科學研究所,碩士班(日間),1,0,1,1.79
111,公立,一般大學,0002,國立清華大學,04212024,科技法律研究所,碩士班(日間),6,1,5,5.77
111,公立,一般大學,0002,國立清華大學,05121026,生物科技研究所,碩士班(日間),2,0,2,3.77
111,公立,一般大學,0002,國立清華大學,05121072,分子醫學研究所,碩士班(日間),1,0,1,2.27
111,公立,一般大學,0002,國立清華大學,05411043,數學系,碩士班(日間),1,1,0,2.33
111,公立,一般大學,0002,國立清華大學,05411115,計算與建模科學研究所,碩士班(日間),1,1,0,4.76
111,公立,一般大學,0002,國立清華大學,07141050,電子工程研究所,碩士班(日間),4,4,0,1.83
111,公立,一般大學,0002,國立清華大學,07151056,動力機械工程學系,碩士班(日間),4,4,0,1.19
111,公立,一般大學,0002,國立清華大學,07193063,生醫工程與環境科學系,碩士班(日間),6,4,2,5.31
111,公立,一般大學,0002,國立清華大學,99999074,跨院國際碩士學位學程,碩士班(日間),3,0,3,6.25
111,公立,一般大學,0003,國立臺灣大學,08194094,植物病理與微生物學系,學士班(日間),1,0,1,0.78
111,公立,一般大學,0003,國立臺灣大學,02221012,歷史學系,博士班,3,1,2,6.82
111,公立,一般大學,0003,國立臺灣大學,02222013,人類學系,博士班,1,1,0,7.14
111,公立,一般大學,0003,國立臺灣大學,02322006,中國文學系,博士班,1,1,0,2.17
111,公立,一般大學,0003,國立臺灣大學,02399011,語言學研究所,博士班,1,1,0,6.67
111,公立,一般大學,0003,國立臺灣大學,03141018,社會學系,博士班,1,0,1,6.25
111,公立,一般大學,0003,國立臺灣大學,03191023,國家發展研究所,博士班,2,1,1,5.13
111,公立,一般大學,0003,國立臺灣大學,03222025,圖書資訊學系,博士班,3,2,1,15.00
111,公立,一般大學,0003,國立臺灣大學,04121032,財務金融學系,博士班,1,0,1,4.55
111,公立,一般大學,0003,國立臺灣大學,04131026,商學研究所,博士班,1,0,1,2.27
111,公立,一般大學,0003,國立臺灣大學,04131031,國際企業學系,博士班,6,2,4,14.63
111,公立,一般大學,0003,國立臺灣大學,05311051,化學系,博士班,3,2,1,2.38
111,公立,一般大學,0003,國立臺灣大學,08121091,園藝暨景觀學系,學士班(日間),1,0,1,0.50
111,公立,一般大學,0003,國立臺灣大學,03111015,經濟學系,博士班,2,0,2,8.33
111,公立,一般大學,0003,國立臺灣大學,03121016,政治學系,博士班,8,5,3,19.05
111,公立,一般大學,0003,國立臺灣大學,05331054,物理學系,博士班,3,3,0,2.65
111,公立,一般大學,0003,國立臺灣大學,07111077,高分子科學與工程學研究所,博士班,1,1,0,2.78
111,公立,一般大學,0003,國立臺灣大學,07112078,材料科學與工程學系,博士班,3,3,0,3.80
111,公立,一般大學,0003,國立臺灣大學,07141065,電子工程學研究所,博士班,5,4,1,4.35
111,公立,一般大學,0003,國立臺灣大學,07141066,光電工程學研究所,博士班,1,1,0,1.61
111,公立,一般大學,0003,國立臺灣大學,07191079,工業工程學研究所,博士班,1,1,0,7.69
111,公立,一般大學,0003,國立臺灣大學,07211099,食品科技研究所,博士班,3,1,2,13.64
111,公立,一般大學,0003,國立臺灣大學,07321074,土木工程學系,博士班,3,1,2,2.07
111,公立,一般大學,0003,國立臺灣大學,08311103,漁業科學研究所,博士班,1,1,0,4.35
111,公立,一般大學,0003,國立臺灣大學,09121130,藥理學研究所,博士班,1,1,0,3.57
111,公立,一般大學,0003,國立臺灣大學,03131019,心理學系,博士班,2,1,1,5.56
111,公立,一般大學,0003,國立臺灣大學,04111027,會計學系,博士班,1,0,1,5.88
111,公立,一般大學,0003,國立臺灣大學,05121044,生物科技研究所,博士班,1,0,1,3.33
111,公立,一般大學,0003,國立臺灣大學,05121046,分子與細胞生物學研究所,博士班,2,2,0,20.00
111,公立,一般大學,0003,國立臺灣大學,05321052,地質科學系,博士班,1,0,1,2.13
111,公立,一般大學,0003,國立臺灣大學,05322056,大氣科學系,博士班,1,1,0,3.03
111,公立,一般大學,0003,國立臺灣大學,06131062,資訊管理學系,博士班,1,1,0,4.55
111,公立,一般大學,0003,國立臺灣大學,06131063,資訊網路與多媒體研究所,博士班,4,3,1,8.33
111,公立,一般大學,0003,國立臺灣大學,06131067,資訊工程學系,博士班,1,1,0,0.81
111,公立,一般大學,0003,國立臺灣大學,06131081,生醫電子與資訊學研究所,博士班,2,2,0,2.67
111,公立,一般大學,0003,國立臺灣大學,07121080,環境工程學研究所,博士班,2,2,0,3.77
111,公立,一般大學,0003,國立臺灣大學,07141064,電機工程學系,博士班,7,7,0,7.69
111,公立,一般大學,0003,國立臺灣大學,07141068,電信工程學研究所,博士班,2,2,0,2.63
111,公立,一般大學,0003,國立臺灣大學,07151069,機械工程學系,博士班,5,4,1,4.46
111,公立,一般大學,0003,國立臺灣大學,07313086,建築與城鄉研究所,博士班,1,0,1,4.76
111,公立,一般大學,0003,國立臺灣大學,08211102,森林環境暨資源學系,博士班,1,1,0,4.35
111,公立,一般大學,0003,國立臺灣大學,09191162,環境與職業健康科學研究所,博士班,1,1,0,2.78
111,公立,一般大學,0003,國立臺灣大學,09231144,社會工作學系,博士班,1,1,0,4.17
111,公立,一般大學,0003,國立臺灣大學,02151002,音樂學研究所,碩士班(日間),2,0,2,9.09
111,公立,一般大學,0003,國立臺灣大學,02191004,藝術史研究所,碩士班(日間),5,3,2,11.90
111,公立,一般大學,0003,國立臺灣大學,02222013,人類學系,碩士班(日間),3,0,3,9.38
111,公立,一般大學,0003,國立臺灣大學,02311009,日本語文學系,碩士班(日間),2,1,1,4.44
111,公立,一般大學,0003,國立臺灣大學,02322006,中國文學系,碩士班(日間),10,3,7,11.24
111,公立,一般大學,0003,國立臺灣大學,03121016,政治學系,碩士班(日間),1,0,1,0.76
111,公立,一般大學,0003,國立臺灣大學,03142021,地理環境資源學系,碩士班(日間),3,2,1,4.62
111,公立,一般大學,0003,國立臺灣大學,04131026,商學研究所,碩士班(日間),2,0,2,1.55
111,公立,一般大學,0003,國立臺灣大學,04131031,國際企業學系,碩士班(日間),10,0,10,7.09
111,公立,一般大學,0003,國立臺灣大學,04134022,公共事務研究所,碩士班(日間),3,2,1,5.66
111,公立,一般大學,0003,國立臺灣大學,05111038,生命科學系,碩士班(日間),2,0,2,2.78
111,公立,一般大學,0003,國立臺灣大學,05111040,植物科學研究所,碩士班(日間),1,1,0,1.72
111,公立,一般大學,0003,國立臺灣大學,05121045,生化科學研究所,碩士班(日間),2,1,1,4.17
111,公立,一般大學,0003,國立臺灣大學,08411104,獸醫學系,博士班,1,0,1,3.85
111,公立,一般大學,0003,國立臺灣大學,09191127,健康政策與管理研究所,博士班,2,0,2,3.92
111,公立,一般大學,0003,國立臺灣大學,01131001,華語教學碩士學位學程,碩士班(日間),3,0,3,5.08
111,公立,一般大學,0003,國立臺灣大學,02152003,戲劇學系,碩士班(日間),6,1,5,21.43
111,公立,一般大學,0003,國立臺灣大學,02221012,歷史學系,碩士班(日間),4,2,2,5.26
111,公立,一般大學,0003,國立臺灣大學,02231014,哲學系,碩士班(日間),7,5,2,14.00
111,公立,一般大學,0003,國立臺灣大學,02312010,翻譯碩士學位學程,碩士班(日間),1,1,0,1.67
111,公立,一般大學,0003,國立臺灣大學,03111015,經濟學系,碩士班(日間),7,3,4,5.60
111,公立,一般大學,0003,國立臺灣大學,03131019,心理學系,碩士班(日間),2,1,1,1.72
111,公立,一般大學,0003,國立臺灣大學,03141018,社會學系,碩士班(日間),3,0,3,7.32
111,公立,一般大學,0003,國立臺灣大學,03191023,國家發展研究所,碩士班(日間),3,1,2,1.54
111,公立,一般大學,0003,國立臺灣大學,03212024,新聞研究所,碩士班(日間),14,2,12,15.05
111,公立,一般大學,0003,國立臺灣大學,03222025,圖書資訊學系,碩士班(日間),5,0,5,7.69
111,公立,一般大學,0003,國立臺灣大學,04121032,財務金融學系,碩士班(日間),3,0,3,2.07
111,公立,一般大學,0003,國立臺灣大學,04131028,管理學院企業管理碩士專班,碩士班(日間),2,1,1,1.10
111,公立,一般大學,0003,國立臺灣大學,04211035,法律學系,碩士班(日間),5,1,4,1.07
111,公立,一般大學,0003,國立臺灣大學,05121046,分子與細胞生物學研究所,碩士班(日間),1,0,1,1.96
111,公立,一般大學,0003,國立臺灣大學,05121151,生化科技學系,碩士班(日間),1,0,1,0.95
111,公立,一般大學,0003,國立臺灣大學,06131062,資訊管理學系,碩士班(日間),4,1,3,2.99
111,公立,一般大學,0003,國立臺灣大學,06131067,資訊工程學系,碩士班(日間),12,8,4,3.31
111,公立,一般大學,0003,國立臺灣大學,07141065,電子工程學研究所,碩士班(日間),3,3,0,0.70
111,公立,一般大學,0003,國立臺灣大學,07151069,機械工程學系,碩士班(日間),5,5,0,1.03
111,公立,一般大學,0003,國立臺灣大學,07151082,工程科學及海洋工程學系,碩士班(日間),2,2,0,0.88
111,公立,一般大學,0003,國立臺灣大學,07193083,醫學工程學系,碩士班(日間),3,1,2,2.70
111,公立,一般大學,0003,國立臺灣大學,07211099,食品科技研究所,碩士班(日間),1,0,1,1.16
111,公立,一般大學,0003,國立臺灣大學,07321074,土木工程學系,碩士班(日間),7,6,1,1.83
111,公立,一般大學,0003,國立臺灣大學,07321075,生物環境系統工程學系,碩士班(日間),1,1,0,1.39
111,公立,一般大學,0003,國立臺灣大學,08121091,園藝暨景觀學系,碩士班(日間),2,1,1,1.68
111,公立,一般大學,0003,國立臺灣大學,08193096,農業經濟學系,碩士班(日間),9,6,3,9.47
111,公立,一般大學,0003,國立臺灣大學,08193098,生物產業傳播暨發展學系,碩士班(日間),2,0,2,5.71
111,公立,一般大學,0003,國立臺灣大學,09121048,微生物學研究所,碩士班(日間),2,1,1,2.63
111,公立,一般大學,0003,國立臺灣大學,09141136,醫學檢驗暨生物技術學系,碩士班(日間),2,0,2,3.64
111,公立,一般大學,0003,國立臺灣大學,05311051,化學系,碩士班(日間),1,0,1,0.38
111,公立,一般大學,0003,國立臺灣大學,05331054,物理學系,碩士班(日間),6,6,0,3.00
111,公立,一般大學,0003,國立臺灣大學,06131063,資訊網路與多媒體研究所,碩士班(日間),5,4,1,3.79
111,公立,一般大學,0003,國立臺灣大學,06131081,生醫電子與資訊學研究所,碩士班(日間),7,7,0,5.04
111,公立,一般大學,0003,國立臺灣大學,07111077,高分子科學與工程學研究所,碩士班(日間),2,2,0,3.17
111,公立,一般大學,0003,國立臺灣大學,07121080,環境工程學研究所,碩士班(日間),3,1,2,2.33
111,公立,一般大學,0003,國立臺灣大學,07141064,電機工程學系,碩士班(日間),5,4,1,2.12
111,公立,一般大學,0003,國立臺灣大學,07141066,光電工程學研究所,碩士班(日間),4,3,1,1.39
111,公立,一般大學,0003,國立臺灣大學,07141068,電信工程學研究所,碩士班(日間),2,2,0,0.53
111,公立,一般大學,0003,國立臺灣大學,07151071,應用力學研究所,碩士班(日間),1,1,0,0.49
111,公立,一般大學,0003,國立臺灣大學,07191079,工業工程學研究所,碩士班(日間),2,2,0,3.33
111,公立,一般大學,0003,國立臺灣大學,07313086,建築與城鄉研究所,碩士班(日間),15,2,13,10.42
111,公立,一般大學,0003,國立臺灣大學,08112089,動物科學技術學系,碩士班(日間),1,1,0,1.89
111,公立,一般大學,0003,國立臺灣大學,08191100,農業化學系,碩士班(日間),1,1,0,1.72
111,公立,一般大學,0003,國立臺灣大學,08194094,植物病理與微生物學系,碩士班(日間),1,1,0,2.33
111,公立,一般大學,0003,國立臺灣大學,08211102,森林環境暨資源學系,碩士班(日間),2,2,0,1.55
111,公立,一般大學,0003,國立臺灣大學,09161129,藥學系,碩士班(日間),1,1,0,2.00
111,公立,一般大學,0003,國立臺灣大學,09191128,健康行為與社區科學研究所,碩士班(日間),1,0,1,3.45
111,公立,一般大學,0003,國立臺灣大學,09231144,社會工作學系,碩士班(日間),2,0,2,3.08
111,公立,一般大學,0003,國立臺灣大學,09121114,解剖學暨細胞生物學研究所,碩士班(日間),1,0,1,4.35
111,公立,一般大學,0003,國立臺灣大學,09121142,腦與心智科學研究所,碩士班(日間),1,0,1,2.78
111,公立,一般大學,0003,國立臺灣大學,09191127,健康政策與管理研究所,碩士班(日間),2,0,2,3.57
111,公立,一般大學,0003,國立臺灣大學,09191157,食品安全與健康研究所,碩士班(日間),1,0,1,2.50
111,公立,一般大學,0003,國立臺灣大學,09191162,環境與職業健康科學研究所,碩士班(日間),3,0,3,3.85
111,公立,一般大學,0003,國立臺灣大學,09199141,毒理學研究所,碩士班(日間),1,1,0,5.00
111,公立,一般大學,0003,國立臺灣大學,02152003,戲劇學系,學士班(日間),1,0,1,0.59
111,公立,一般大學,0003,國立臺灣大學,05311051,化學系,學士班(日間),1,1,0,0.36
111,公立,一般大學,0003,國立臺灣大學,05322056,大氣科學系,學士班(日間),1,0,1,0.68
111,公立,一般大學,0003,國立臺灣大學,08111087,農藝學系,學士班(日間),1,1,0,0.73
111,公立,一般大學,0004,國立臺灣師範大學,01111001,教育學系,學士班(日間),1,0,1,0.37
111,公立,一般大學,0004,國立臺灣師範大學,01131017,健康促進與衛生教育學系,學士班(日間),1,1,0,0.56
111,公立,一般大學,0004,國立臺灣師範大學,02311033,英語學系,學士班(日間),3,1,2,0.90
111,公立,一般大學,0004,國立臺灣師範大學,01141010,工業教育學系,博士班,1,1,0,3.03
111,公立,一般大學,0004,國立臺灣師範大學,01141087,體育與運動科學系,博士班,6,2,4,5.26
111,公立,一般大學,0004,國立臺灣師範大學,02131023,美術學系,博士班,2,1,1,1.90
111,公立,一般大學,0004,國立臺灣師範大學,02151024,音樂學系,博士班,2,1,1,7.41
111,公立,一般大學,0004,國立臺灣師範大學,02313005,華語文教學系,博士班,3,0,3,4.92
111,公立,一般大學,0004,國立臺灣師範大學,02322029,國文學系,博士班,3,0,3,5.77
111,公立,一般大學,0004,國立臺灣師範大學,03131003,教育心理與輔導學系,博士班,4,1,3,5.56
111,公立,一般大學,0004,國立臺灣師範大學,03143042,東亞學系,博士班,2,1,1,9.09
111,公立,一般大學,0004,國立臺灣師範大學,05411062,數學系,博士班,1,0,1,7.14
111,公立,一般大學,0004,國立臺灣師範大學,10152077,運動休閒與餐旅管理研究所,博士班,4,0,4,14.29
111,公立,一般大學,0004,國立臺灣師範大學,01111001,教育學系,碩士班(日間),4,1,3,5.13
111,公立,一般大學,0004,國立臺灣師範大學,01113018,特殊教育學系,碩士班(日間),1,1,0,1.47
111,公立,一般大學,0004,國立臺灣師範大學,01141007,人類發展與家庭學系,碩士班(日間),1,0,1,1.39
111,公立,一般大學,0004,國立臺灣師範大學,01141087,體育與運動科學系,碩士班(日間),2,2,0,1.27
111,公立,一般大學,0004,國立臺灣師範大學,01111001,教育學系,博士班,2,0,2,2.99
111,公立,一般大學,0004,國立臺灣師範大學,01113018,特殊教育學系,博士班,1,0,1,3.23
111,公立,一般大學,0004,國立臺灣師範大學,01131009,社會教育學系,博士班,2,2,0,6.06
111,公立,一般大學,0004,國立臺灣師範大學,01141007,人類發展與家庭學系,博士班,5,1,4,15.63
111,公立,一般大學,0004,國立臺灣師範大學,02112037,設計學系,博士班,9,3,6,25.00
111,公立,一般大學,0004,國立臺灣師範大學,02312034,翻譯研究所,博士班,2,1,1,5.13
111,公立,一般大學,0004,國立臺灣師範大學,05311059,化學系,博士班,1,0,1,4.35
111,公立,一般大學,0004,國立臺灣師範大學,01115002,課程與教學研究所,碩士班(日間),2,0,2,4.17
111,公立,一般大學,0004,國立臺灣師範大學,01131009,社會教育學系,碩士班(日間),3,0,3,3.80
111,公立,一般大學,0004,國立臺灣師範大學,01131017,健康促進與衛生教育學系,碩士班(日間),1,0,1,1.49
111,公立,一般大學,0004,國立臺灣師範大學,02131023,美術學系,碩士班(日間),2,2,0,1.55
111,公立,一般大學,0004,國立臺灣師範大學,02151024,音樂學系,碩士班(日間),1,0,1,0.68
111,公立,一般大學,0004,國立臺灣師範大學,02151025,民族音樂研究所,碩士班(日間),3,0,3,5.66
111,公立,一般大學,0004,國立臺灣師範大學,02152027,表演藝術研究所,碩士班(日間),3,1,2,3.09
111,公立,一般大學,0004,國立臺灣師範大學,02191026,藝術史研究所,碩士班(日間),6,2,4,10.00
111,公立,一般大學,0004,國立臺灣師範大學,02112037,設計學系,碩士班(日間),4,1,3,5.48
111,公立,一般大學,0004,國立臺灣師範大學,02299045,歐洲文化與觀光研究所,碩士班(日間),1,0,1,2.08
111,公立,一般大學,0004,國立臺灣師範大學,02312034,翻譯研究所,碩士班(日間),3,0,3,3.70
111,公立,一般大學,0004,國立臺灣師範大學,02322029,國文學系,碩士班(日間),8,4,4,8.60
111,公立,一般大學,0004,國立臺灣師範大學,03131003,教育心理與輔導學系,碩士班(日間),1,0,1,0.79
111,公立,一般大學,0004,國立臺灣師範大學,03211048,大眾傳播研究所,碩士班(日間),3,2,1,3.33
111,公立,一般大學,0004,國立臺灣師範大學,03214050,圖文傳播學系,碩士班(日間),2,0,2,2.67
111,公立,一般大學,0004,國立臺灣師範大學,04131047,全球經營與策略研究所,碩士班(日間),4,4,0,5.80
111,公立,一般大學,0004,國立臺灣師範大學,04131052,管理研究所,碩士班(日間),3,1,2,3.66
111,公立,一般大學,0004,國立臺灣師範大學,05311059,化學系,碩士班(日間),1,0,1,0.52
111,公立,一般大學,0004,國立臺灣師範大學,06131065,資訊工程學系,碩士班(日間),2,2,0,1.08
111,公立,一般大學,0004,國立臺灣師範大學,07141063,電機工程學系,碩士班(日間),1,1,0,0.67
111,公立,一般大學,0004,國立臺灣師範大學,09231071,社會工作學研究所,碩士班(日間),1,0,1,1.15
111,公立,一般大學,0004,國立臺灣師範大學,02313005,華語文教學系,碩士班(日間),1,1,0,0.52
111,公立,一般大學,0004,國立臺灣師範大學,03143042,東亞學系,碩士班(日間),1,1,0,1.39
111,公立,一般大學,0004,國立臺灣師範大學,10152077,運動休閒與餐旅管理研究所,碩士班(日間),4,1,3,4.04
111,公立,一般大學,0004,國立臺灣師範大學,01141007,人類發展與家庭學系,學士班(日間),1,0,1,0.34
111,公立,一般大學,0004,國立臺灣師範大學,02131023,美術學系,學士班(日間),2,1,1,1.03
111,公立,一般大學,0004,國立臺灣師範大學,01115002,課程與教學研究所,博士班,2,0,2,5.88
111,公立,一般大學,0005,國立成功大學,03111114,經濟學系,學士班(日間),1,0,1,0.40
111,公立,一般大學,0005,國立成功大學,04111120,會計學系,學士班(日間),1,0,1,0.38
111,公立,一般大學,0005,國立成功大學,06131036,資訊工程學系,學士班(日間),1,0,1,0.20
111,公立,一般大學,0005,國立成功大學,07151042,機械工程學系,學士班(日間),2,2,0,0.29
111,公立,一般大學,0005,國立成功大學,07311075,建築學系,學士班(日間),2,0,2,0.66
111,公立,一般大學,0005,國立成功大學,01111103,教育研究所,博士班,1,1,0,3.23
111,公立,一般大學,0005,國立成功大學,02221110,歷史學系,博士班,2,1,1,7.41
111,公立,一般大學,0005,國立成功大學,02311108,外國語文學系,博士班,3,1,2,18.75
111,公立,一般大學,0005,國立成功大學,02322107,中國文學系,博士班,2,1,1,5.88
111,公立,一般大學,0005,國立成功大學,02122112,創意產業設計研究所,博士班,4,1,3,10.00
111,公立,一般大學,0005,國立成功大學,02123113,工業設計學系,博士班,11,4,7,14.86
111,公立,一般大學,0005,國立成功大學,03121115,政治學系政治經濟學博士班,博士班,4,4,0,13.79
111,公立,一般大學,0005,國立成功大學,04199057,工業與資訊管理學系,博士班,1,0,1,6.25
111,公立,一般大學,0005,國立成功大學,04212001,法律學系,博士班,6,2,4,23.08
111,公立,一般大學,0005,國立成功大學,06131030,資訊管理研究所,博士班,1,1,0,5.88
111,公立,一般大學,0005,國立成功大學,07141032,電機工程學系,博士班,1,1,0,0.88
111,公立,一般大學,0005,國立成功大學,07311075,建築學系,博士班,3,2,1,5.56
111,公立,一般大學,0005,國立成功大學,06131036,資訊工程學系,博士班,6,5,1,7.32
111,公立,一般大學,0005,國立成功大學,06131037,電腦與通信工程研究所,博士班,1,1,0,5.26
111,公立,一般大學,0005,國立成功大學,07141035,光電科學與工程學系,博士班,1,1,0,2.63
111,公立,一般大學,0005,國立成功大學,07313076,都市計劃學系,博士班,3,2,1,18.75
111,公立,一般大學,0005,國立成功大學,01111103,教育研究所,碩士班(日間),1,0,1,1.64
111,公立,一般大學,0005,國立成功大學,02322107,中國文學系中國文學碩士班,碩士班(日間),4,1,3,7.55
111,公立,一般大學,0005,國立成功大學,03111114,經濟學系,碩士班(日間),2,2,0,6.90
111,公立,一般大學,0005,國立成功大學,04131124,國際企業研究所,碩士班(日間),1,1,0,1.67
111,公立,一般大學,0005,國立成功大學,04212001,法律學系,碩士班(日間),2,0,2,1.24
111,公立,一般大學,0005,國立成功大學,02122112,創意產業設計研究所,碩士班(日間),5,1,4,8.06
111,公立,一般大學,0005,國立成功大學,02123113,工業設計學系,碩士班(日間),11,5,6,11.00
111,公立,一般大學,0005,國立成功大學,02152051,戲劇碩士學位學程,碩士班(日間),4,1,3,20.00
111,公立,一般大學,0005,國立成功大學,02191104,藝術研究所,碩士班(日間),2,0,2,4.55
111,公立,一般大學,0005,國立成功大學,05421029,統計學系,碩士班(日間),1,1,0,2.78
111,公立,一般大學,0005,國立成功大學,06131036,資訊工程學系,碩士班(日間),6,5,1,1.86
111,公立,一般大學,0005,國立成功大學,05421128,數據科學研究所,碩士班(日間),2,2,0,9.52
111,公立,一般大學,0005,國立成功大學,06131037,電腦與通信工程研究所,碩士班(日間),2,2,0,1.16
111,公立,一般大學,0005,國立成功大學,06131095,醫學資訊研究所,碩士班(日間),1,1,0,3.23
111,公立,一般大學,0005,國立成功大學,07141041,製造資訊與系統研究所,碩士班(日間),1,1,0,1.43
111,公立,一般大學,0005,國立成功大學,07151042,機械工程學系,碩士班(日間),2,2,0,0.49
111,公立,一般大學,0005,國立成功大學,07321049,土木工程學系,碩士班(日間),5,4,1,1.89
111,公立,一般大學,0005,國立成功大學,07112063,材料科學及工程學系,碩士班(日間),1,1,0,0.35
111,公立,一般大學,0005,國立成功大學,07141032,電機工程學系,碩士班(日間),2,1,1,0.28
111,公立,一般大學,0005,國立成功大學,07311075,建築學系,碩士班(日間),4,2,2,2.19
111,公立,一般大學,0005,國立成功大學,07313076,都市計劃學系,碩士班(日間),3,1,2,2.73
111,公立,一般大學,0005,國立成功大學,09191079,公共衛生研究所,碩士班(日間),1,0,1,2.86
111,公立,一般大學,0005,國立成功大學,10152097,體育健康與休閒研究所,碩士班(日間),2,1,1,5.56
111,公立,一般大學,0005,國立成功大學,09191085,環境醫學研究所,碩士班(日間),1,0,1,1.82
111,公立,一般大學,0006,國立中興大學,02221007,歷史學系,學士班(日間),1,1,0,0.39
111,公立,一般大學,0006,國立中興大學,04131016,企業管理學系,學士班(日間),1,1,0,0.40
111,公立,一般大學,0006,國立中興大學,06131043,資訊管理學系,學士班(日間),2,2,0,1.47
111,公立,一般大學,0006,國立中興大學,07112057,材料科學與工程學系,學士班(日間),1,1,0,0.43
111,公立,一般大學,0006,國立中興大學,07151050,機械工程學系,學士班(日間),1,1,0,0.25
111,公立,一般大學,0006,國立中興大學,08411087,獸醫學系,學士班(日間),2,0,2,0.53
111,公立,一般大學,0006,國立中興大學,02322005,中國文學系,博士班,3,2,1,12.00
111,公立,一般大學,0006,國立中興大學,05123034,生物化學研究所,博士班,1,0,1,14.29
111,公立,一般大學,0006,國立中興大學,07121059,環境工程學系,博士班,1,1,0,4.76
111,公立,一般大學,0006,國立中興大學,08411087,獸醫學系,博士班,4,1,3,14.81
111,公立,一般大學,0006,國立中興大學,04121019,財務金融學系,博士班,1,0,1,5.56
111,公立,一般大學,0006,國立中興大學,04143020,行銷學系,碩士班(日間),2,0,2,3.33
111,公立,一般大學,0006,國立中興大學,05421042,統計學研究所,碩士班(日間),1,1,0,2.50
111,公立,一般大學,0006,國立中興大學,07321054,土木工程學系,碩士班(日間),1,1,0,0.82
111,公立,一般大學,0006,國立中興大學,08411087,獸醫學系,碩士班(日間),4,0,4,5.41
111,公立,一般大學,0006,國立中興大學,04134011,國家政策與公共事務研究所,碩士班(日間),1,0,1,4.76
111,公立,一般大學,0006,國立中興大學,07141045,電機工程學系,碩士班(日間),2,1,1,0.78
111,公立,一般大學,0007,國立陽明交通大學,03211015,傳播與科技學系,學士班(日間),1,0,1,0.57
111,公立,一般大學,0007,國立陽明交通大學,05121112,生命科學系暨基因體科學研究所,學士班(日間),5,3,2,4.63
111,公立,一般大學,0007,國立陽明交通大學,06131058,資訊工程學系,學士班(日間),1,1,0,0.12
111,公立,一般大學,0007,國立陽明交通大學,07112072,材料科學與工程學系,學士班(日間),1,1,0,0.47
111,公立,一般大學,0007,國立陽明交通大學,02122004,應用藝術研究所,博士班,4,3,1,13.79
111,公立,一般大學,0007,國立陽明交通大學,02299010,社會與文化研究所,博士班,15,5,10,29.41
111,公立,一般大學,0007,國立陽明交通大學,04199023,科技管理研究所,博士班,1,0,1,4.76
111,公立,一般大學,0007,國立陽明交通大學,06131061,資訊科學與工程研究所,博士班,6,3,3,4.26
111,公立,一般大學,0007,國立陽明交通大學,04121020,資訊管理與財務金融學系,學士班(日間),1,0,1,0.57
111,公立,一般大學,0007,國立陽明交通大學,07141050,電機工程學系,學士班(日間),1,1,0,0.09
111,公立,一般大學,0007,國立陽明交通大學,04121020,資訊管理與財務金融學系財務金融博士班,博士班,6,4,2,20.00
111,公立,一般大學,0007,國立陽明交通大學,04131018,管理科學系,博士班,4,3,1,13.79
111,公立,一般大學,0007,國立陽明交通大學,05121112,生命科學系暨基因體科學研究所,博士班,1,0,1,6.67
111,公立,一般大學,0007,國立陽明交通大學,07141050,電機工程學系,博士班,2,2,0,3.28
111,公立,一般大學,0007,國立陽明交通大學,07141062,電信工程研究所,博士班,1,1,0,2.33
111,公立,一般大學,0007,國立陽明交通大學,07141064,電控工程研究所,博士班,1,1,0,2.22
111,公立,一般大學,0007,國立陽明交通大學,07141066,國際半導體產業學院博士班,博士班,1,1,0,1.14
111,公立,一般大學,0007,國立陽明交通大學,07151070,機械工程學系,博士班,2,2,0,2.63
111,公立,一般大學,0007,國立陽明交通大學,10411086,運輸與物流管理學系,博士班,1,0,1,4.55
111,公立,一般大學,0007,國立陽明交通大學,02122004,應用藝術研究所,碩士班(日間),7,2,5,8.86
111,公立,一般大學,0007,國立陽明交通大學,03211014,傳播研究所,碩士班(日間),9,0,9,12.86
111,公立,一般大學,0007,國立陽明交通大學,03211015,傳播與科技學系,碩士班(日間),2,1,1,3.77
111,公立,一般大學,0007,國立陽明交通大學,04121020,資訊管理與財務金融學系財務金融碩士班,碩士班(日間),8,7,1,7.34
111,公立,一般大學,0007,國立陽明交通大學,06131022,資訊管理研究所,博士班,1,1,0,3.57
111,公立,一般大學,0007,國立陽明交通大學,07141053,電子研究所,博士班,5,2,3,4.46
111,公立,一般大學,0007,國立陽明交通大學,07321071,土木工程學系,博士班,3,2,1,5.17
111,公立,一般大學,0007,國立陽明交通大學,02299009,亞際文化研究國際碩士學位學程(台灣聯合大學系統),碩士班(日間),1,0,1,4.35
111,公立,一般大學,0007,國立陽明交通大學,02299010,社會與文化研究所,碩士班(日間),6,1,5,15.79
111,公立,一般大學,0007,國立陽明交通大學,04199023,科技管理研究所,碩士班(日間),8,4,4,16.67
111,公立,一般大學,0007,國立陽明交通大學,05124117,生物醫學資訊研究所,碩士班(日間),1,1,0,1.59
111,公立,一般大學,0007,國立陽明交通大學,05421047,統計學研究所,碩士班(日間),1,1,0,2.33
111,公立,一般大學,0007,國立陽明交通大學,06131022,資訊管理研究所,碩士班(日間),5,5,0,6.58
111,公立,一般大學,0007,國立陽明交通大學,07141066,國際半導體產業學院碩士班,碩士班(日間),1,1,0,1.03
111,公立,一般大學,0007,國立陽明交通大學,04131018,管理科學系,碩士班(日間),2,2,0,2.60
111,公立,一般大學,0007,國立陽明交通大學,04212027,科技法律研究所,碩士班(日間),1,0,1,0.78
111,公立,一般大學,0007,國立陽明交通大學,05311036,應用化學系,碩士班(日間),5,3,2,2.55
111,公立,一般大學,0007,國立陽明交通大學,06131061,資訊科學與工程研究所,碩士班(日間),3,2,1,0.76
111,公立,一般大學,0007,國立陽明交通大學,07121076,環境工程研究所,碩士班(日間),1,1,0,1.72
111,公立,一般大學,0007,國立陽明交通大學,07141050,電機工程學系,碩士班(日間),5,4,1,2.19
111,公立,一般大學,0007,國立陽明交通大學,07141053,電子研究所,碩士班(日間),1,1,0,0.17
111,公立,一般大學,0007,國立陽明交通大學,07141055,光電工程學系,碩士班(日間),1,1,0,0.38
111,公立,一般大學,0007,國立陽明交通大學,07193120,生醫光電研究所,碩士班(日間),3,3,0,4.29
111,公立,一般大學,0007,國立陽明交通大學,07311085,建築研究所,碩士班(日間),2,0,2,2.78
111,公立,一般大學,0007,國立陽明交通大學,07151070,機械工程學系,碩士班(日間),1,1,0,0.32
111,公立,一般大學,0007,國立陽明交通大學,07151093,機器人碩士學位學程,碩士班(日間),3,3,0,4.11
111,公立,一般大學,0007,國立陽明交通大學,07191075,工業工程與管理學系,碩士班(日間),3,3,0,2.27
111,公立,一般大學,0007,國立陽明交通大學,07321071,土木工程學系,碩士班(日間),1,0,1,0.54
111,公立,一般大學,0007,國立陽明交通大學,09171143,傳統醫藥研究所,碩士班(日間),1,1,0,4.76
111,公立,一般大學,0007,國立陽明交通大學,09121132,解剖學及細胞生物學研究所,碩士班(日間),1,0,1,2.44
111,公立,一般大學,0007,國立陽明交通大學,09211168,跨專業長期照顧與管理碩士學位學程,碩士班(日間),1,0,1,2.86
111,公立,一般大學,0008,國立中央大學,06131053,資訊管理學系,學士班(日間),1,1,0,0.23
111,公立,一般大學,0008,國立中央大學,02311007,英美語文學系,學士班(日間),1,0,1,0.51
111,公立,一般大學,0008,國立中央大學,01115001,學習與教學研究所,博士班,1,0,1,3.85
111,公立,一般大學,0008,國立中央大學,02322006,中國文學系,博士班,3,1,2,8.57
111,公立,一般大學,0008,國立中央大學,04121024,財務金融學系,博士班,1,1,0,20.00
111,公立,一般大學,0008,國立中央大學,05323039,水文與海洋科學研究所,博士班,1,0,1,6.67
111,公立,一般大學,0008,國立中央大學,07151064,機械工程學系,學士班(日間),1,1,0,0.19
111,公立,一般大學,0008,國立中央大學,07321067,土木工程學系,學士班(日間),1,1,0,0.28
111,公立,一般大學,0008,國立中央大學,02231011,哲學研究所,博士班,1,1,0,4.00
111,公立,一般大學,0008,國立中央大學,04131023,企業管理學系,博士班,4,0,4,5.26
111,公立,一般大學,0008,國立中央大學,06131059,資訊工程學系,博士班,2,1,1,2.53
111,公立,一般大學,0008,國立中央大學,07121072,環境工程研究所,博士班,1,0,1,5.56
111,公立,一般大學,0008,國立中央大學,07321067,土木工程學系,博士班,4,4,0,5.48
111,公立,一般大學,0008,國立中央大學,04131023,企業管理學系,碩士班(日間),1,0,1,0.78
111,公立,一般大學,0008,國立中央大學,05421052,統計研究所,碩士班(日間),1,0,1,1.92
111,公立,一般大學,0008,國立中央大學,06131059,資訊工程學系,碩士班(日間),5,4,1,1.74
111,公立,一般大學,0008,國立中央大學,02191004,藝術學研究所,碩士班(日間),1,0,1,3.23
111,公立,一般大學,0008,國立中央大學,02322006,中國文學系,碩士班(日間),1,0,1,1.61
111,公立,一般大學,0008,國立中央大學,04121024,財務金融學系,碩士班(日間),4,2,2,6.90
111,公立,一般大學,0008,國立中央大學,04211030,法律與政府研究所,碩士班(日間),1,1,0,1.72
111,公立,一般大學,0008,國立中央大學,07121072,環境工程研究所,碩士班(日間),1,0,1,1.35
111,公立,一般大學,0008,國立中央大學,07141060,通訊工程學系,碩士班(日間),1,0,1,0.69
111,公立,一般大學,0008,國立中央大學,07132066,能源工程研究所,碩士班(日間),1,1,0,2.56
111,公立,一般大學,0008,國立中央大學,07141055,電機工程學系,碩士班(日間),2,2,0,0.55
111,公立,一般大學,0008,國立中央大學,07141057,光電科學與工程學系,碩士班(日間),1,1,0,0.54
111,公立,一般大學,0008,國立中央大學,07151064,機械工程學系,碩士班(日間),2,2,0,0.72
111,公立,一般大學,0009,國立中山大學,04121024,財務管理學系,學士班(日間),1,0,1,0.49
111,公立,一般大學,0009,國立中山大學,04134010,政治經濟學系,學士班(日間),1,0,1,0.46
111,公立,一般大學,0009,國立中山大學,05111033,生物科學系,學士班(日間),1,0,1,0.50
111,公立,一般大學,0009,國立中山大學,02322005,中國文學系,博士班,4,1,3,17.39
111,公立,一般大學,0009,國立中山大學,04121024,財務管理學系,博士班,4,3,1,17.39
111,公立,一般大學,0009,國立中山大學,07151061,機械與機電工程學系,學士班(日間),1,1,0,0.23
111,公立,一般大學,0009,國立中山大學,04131028,人力資源管理研究所,博士班,1,0,1,2.56
111,公立,一般大學,0009,國立中山大學,05399070,理學國際博士學位學程,博士班,1,1,0,4.76
111,公立,一般大學,0009,國立中山大學,02231008,哲學研究所,碩士班(日間),2,1,1,6.45
111,公立,一般大學,0009,國立中山大學,05323047,海洋科學系,博士班,1,1,0,5.56
111,公立,一般大學,0009,國立中山大學,07121064,環境工程研究所,博士班,1,0,1,2.86
111,公立,一般大學,0009,國立中山大學,02322005,中國文學系,碩士班(日間),4,2,2,7.27
111,公立,一般大學,0009,國立中山大學,04199025,行銷傳播管理研究所,碩士班(日間),6,4,2,8.96
111,公立,一般大學,0009,國立中山大學,05411051,應用數學系,碩士班(日間),1,0,1,1.52
111,公立,一般大學,0009,國立中山大學,06111055,資訊工程學系,碩士班(日間),4,3,1,1.56
111,公立,一般大學,0009,國立中山大學,06131052,資訊管理學系,碩士班(日間),2,1,1,1.69
111,公立,一般大學,0009,國立中山大學,05323047,海洋科學系,碩士班(日間),1,1,0,2.33
111,公立,一般大學,0009,國立中山大學,07112063,材料與光電科學學系,碩士班(日間),1,1,0,0.72
111,公立,一般大學,0009,國立中山大學,02322005,中國文學系,學士班(日間),1,0,1,0.50
111,公立,一般大學,0009,國立中山大學,07121064,環境工程研究所,碩士班(日間),2,2,0,3.77
111,公立,一般大學,0009,國立中山大學,07122065,海洋環境及工程學系,碩士班(日間),1,1,0,1.75
111,公立,一般大學,0012,國立臺灣海洋大學,10412048,航運管理學系,學士班(日間),1,0,1,0.21
111,公立,一般大學,0012,國立臺灣海洋大學,05323017,海洋生物研究所,博士班,2,2,0,9.09
111,公立,一般大學,0012,國立臺灣海洋大學,07122041,海洋工程科技博士學位學程,博士班,1,0,1,25.00
111,公立,一般大學,0012,國立臺灣海洋大學,05121014,生命科學暨生物科技學系,學士班(日間),1,1,0,0.54
111,公立,一般大學,0012,國立臺灣海洋大學,07151036,機械與機電工程學系,學士班(日間),1,1,0,0.27
111,公立,一般大學,0012,國立臺灣海洋大學,04212009,海洋法律研究所,博士班,1,1,0,4.00
111,公立,一般大學,0013,國立中正大學,03111017,經濟學系,學士班(日間),1,1,0,0.26
111,公立,一般大學,0013,國立中正大學,02311012,外國語文學系,學士班(日間),1,1,0,0.46
111,公立,一般大學,0013,國立中正大學,03211028,傳播學系,學士班(日間),1,0,1,0.52
111,公立,一般大學,0013,國立中正大學,04131033,企業管理學系,學士班(日間),1,0,1,0.31
111,公立,一般大學,0013,國立中正大學,06131055,資訊工程學系,學士班(日間),1,1,0,0.25
111,公立,一般大學,0013,國立中正大學,01111001,教育學研究所教育學博士班,博士班,1,1,0,3.03
111,公立,一般大學,0013,國立中正大學,02221015,歷史學系,博士班,3,3,0,15.79
111,公立,一般大學,0013,國立中正大學,04211039,法律學系,博士班,3,1,2,5.66
111,公立,一般大學,0013,國立中正大學,01111001,教育學研究所課程博士班,博士班,1,0,1,3.70
111,公立,一般大學,0013,國立中正大學,03131019,心理學系,博士班,1,0,1,6.67
111,公立,一般大學,0013,國立中正大學,04111032,會計與資訊科技學系,博士班,1,1,0,7.14
111,公立,一般大學,0013,國立中正大學,04212040,財經法律學系,碩士班(日間),1,1,0,0.98
111,公立,一般大學,0014,國立高雄師範大學,02123024,工業設計學系,學士班(日間),1,0,1,0.70
111,公立,一般大學,0014,國立高雄師範大學,01111001,教育學系,博士班,1,0,1,1.19
111,公立,一般大學,0014,國立高雄師範大學,02112022,視覺設計學系,學士班(日間),1,1,0,0.61
111,公立,一般大學,0014,國立高雄師範大學,02322019,國文學系,學士班(日間),2,0,2,0.56
111,公立,一般大學,0014,國立高雄師範大學,04131032,事業經營學系,學士班(日間),1,0,1,0.74
111,公立,一般大學,0014,國立高雄師範大學,01112009,成人教育研究所,博士班,2,2,0,3.08
111,公立,一般大學,0014,國立高雄師範大學,01141006,科學教育暨環境教育研究所科學教育博士班,博士班,1,1,0,2.08
111,公立,一般大學,0014,國立高雄師範大學,02112022,視覺設計學系,碩士班(日間),5,1,4,7.46
111,公立,一般大學,0015,國立彰化師範大學,04121031,財務金融技術學系,學士班(日間),1,1,0,0.66
111,公立,一般大學,0015,國立彰化師範大學,06131040,資訊管理學系,學士班(日間),2,1,1,0.92
111,公立,一般大學,0015,國立彰化師範大學,03131025,輔導與諮商學系,博士班,7,2,5,16.28
111,公立,一般大學,0015,國立彰化師範大學,04131033,人力資源管理研究所,博士班,1,1,0,3.57
111,公立,一般大學,0015,國立彰化師範大學,07141054,機電工程學系,博士班,1,1,0,4.55
111,公立,一般大學,0015,國立彰化師範大學,04121031,財務金融技術學系,博士班,2,1,1,2.53
111,公立,一般大學,0015,國立彰化師範大學,02131017,美術學系,碩士班(日間),1,0,1,2.56
111,公立,一般大學,0015,國立彰化師範大學,02322019,國文學系,學士班(日間),1,0,1,0.28
111,公立,一般大學,0015,國立彰化師範大學,04111028,會計學系,學士班(日間),1,0,1,0.30
111,公立,一般大學,0015,國立彰化師範大學,04131029,企業管理學系,學士班(日間),1,1,0,0.47
111,公立,一般大學,0015,國立彰化師範大學,01113012,特殊教育學系,博士班,3,0,3,12.50
111,公立,一般大學,0017,國立臺北大學,07141035,電機工程學系,學士班(日間),1,1,0,0.55
111,公立,一般大學,0017,國立臺北大學,04134013,公共行政暨政策學系,博士班,1,1,0,7.14
111,公立,一般大學,0017,國立臺北大學,04211028,法律學系,博士班,4,3,1,12.50
111,公立,一般大學,0017,國立臺北大學,05211043,自然資源與環境管理研究所,博士班,1,1,0,6.25
111,公立,一般大學,0017,國立臺北大學,06131038,電機資訊學院博士班,博士班,1,1,0,5.56
111,公立,一般大學,0017,國立臺北大學,07313039,都市計劃研究所,博士班,1,1,0,9.09
111,公立,一般大學,0017,國立臺北大學,02322002,中國文學系,碩士班(日間),2,1,1,5.00
111,公立,一般大學,0017,國立臺北大學,04211028,法律學系,碩士班(日間),2,1,1,0.64
111,公立,一般大學,0017,國立臺北大學,04131018,企業管理學系,學士班(日間),2,2,0,0.38
111,公立,一般大學,0017,國立臺北大學,04131018,企業管理學系,博士班,4,1,3,5.26
111,公立,一般大學,0017,國立臺北大學,04131019,國際企業研究所,碩士班(日間),1,0,1,3.70
111,公立,一般大學,0017,國立臺北大學,06131036,資訊工程學系,碩士班(日間),2,2,0,2.82
111,公立,一般大學,0017,國立臺北大學,04121022,金融與合作經營學系,學士班(日間),1,1,0,0.35
111,公立,一般大學,0017,國立臺北大學,04134024,不動產與城鄉環境學系,學士班(日間),1,0,1,0.21
111,公立,一般大學,0018,國立嘉義大學,08111077,農業科學博士學位學程,博士班,1,1,0,2.63
111,公立,一般大學,0019,國立高雄大學,06131028,資訊工程學系,學士班(日間),1,0,1,0.51
111,公立,一般大學,0019,國立高雄大學,04211018,法學院博士班,博士班,1,1,0,6.67
111,公立,一般大學,0020,國立東華大學,02121019,藝術與設計學系,學士班(日間),3,1,2,1.32
111,公立,一般大學,0020,國立東華大學,04121061,財務金融學系,學士班(日間),1,0,1,0.39
111,公立,一般大學,0020,國立東華大學,06131086,資訊工程學系,學士班(日間),1,1,0,0.21
111,公立,一般大學,0020,國立東華大學,01111001,教育與潛能開發學系教育博士班,博士班,1,0,1,0.99
111,公立,一般大學,0020,國立東華大學,07141083,電機工程學系,學士班(日間),1,1,0,0.41
111,公立,一般大學,0020,國立東華大學,01111001,教育與潛能開發學系多元文化教育博士班,博士班,2,0,2,7.14
111,公立,一般大學,0020,國立東華大學,04131059,企業管理學系,博士班,1,1,0,2.17
111,公立,一般大學,0020,國立東華大學,02121019,藝術與設計學系,碩士班(日間),3,1,2,6.67
111,公立,一般大學,0020,國立東華大學,04121061,財務金融學系,碩士班(日間),1,1,0,2.50
111,公立,一般大學,0021,國立暨南國際大學,01111001,國際文教與比較教育學系,博士班,1,0,1,2.86
111,公立,一般大學,0021,國立暨南國際大學,02322013,中國語文學系,碩士班(日間),1,0,1,3.85
111,公立,一般大學,0021,國立暨南國際大學,04131026,新興產業策略與發展博士學位學程,博士班,1,0,1,1.16
111,公立,一般大學,0021,國立暨南國際大學,09231038,社會政策與社會工作學系,博士班,4,3,1,10.00
111,公立,一般大學,0021,國立暨南國際大學,07321035,土木工程學系,碩士班(日間),1,1,0,5.56
111,公立,技專校院,0022,國立臺灣科技大學,02122004,設計系,學士班(日間),1,0,1,0.23
111,公立,技專校院,0022,國立臺灣科技大學,04131008,企業管理系,學士班(日間),2,1,1,0.61
111,公立,技專校院,0022,國立臺灣科技大學,07141017,電機工程系,學士班(日間),1,1,0,0.16
111,公立,技專校院,0022,國立臺灣科技大學,07141018,電子工程系,學士班(日間),1,0,1,0.20
111,公立,技專校院,0022,國立臺灣科技大學,07141018,電子工程系博士班,博士班,2,2,0,2.27
111,公立,技專校院,0022,國立臺灣科技大學,07151024,自動化及控制研究所,博士班,2,2,0,12.50
111,公立,技專校院,0022,國立臺灣科技大學,07321025,營建工程系博士班,博士班,2,2,0,3.33
111,公立,技專校院,0022,國立臺灣科技大學,01116002,數位學習與教育研究所,碩士班(日間),1,0,1,1.39
111,公立,技專校院,0022,國立臺灣科技大學,04199013,管理學院MBA,碩士班(日間),1,0,1,0.91
111,公立,技專校院,0022,國立臺灣科技大學,06131020,資訊工程系碩士班,碩士班(日間),2,2,0,0.65
111,公立,技專校院,0022,國立臺灣科技大學,07141017,電機工程系碩士班,碩士班(日間),2,2,0,0.47
111,公立,技專校院,0022,國立臺灣科技大學,07321025,營建工程系碩士班,碩士班(日間),1,0,1,0.35
111,公立,技專校院,0022,國立臺灣科技大學,07151023,機械工程系,學士班(日間),1,1,0,0.17
111,公立,技專校院,0022,國立臺灣科技大學,02122004,設計系博士班,博士班,11,6,5,25.00
111,公立,技專校院,0022,國立臺灣科技大學,04131008,企業管理系博士班,博士班,1,0,1,2.22
111,公立,技專校院,0022,國立臺灣科技大學,06131016,資訊管理系博士班,博士班,1,1,0,1.92
111,公立,技專校院,0022,國立臺灣科技大學,06131020,資訊工程系博士班,博士班,1,0,1,1.79
111,公立,技專校院,0022,國立臺灣科技大學,07112028,材料科學與工程系博士班,博士班,1,1,0,1.22
111,公立,技專校院,0022,國立臺灣科技大學,07191012,工業管理系博士班,博士班,1,0,1,1.75
111,公立,技專校院,0022,國立臺灣科技大學,07311038,建築系博士班,博士班,4,1,3,6.35
111,公立,技專校院,0022,國立臺灣科技大學,02122004,設計系碩士班,碩士班(日間),8,1,7,6.35
111,公立,技專校院,0022,國立臺灣科技大學,02311003,應用外語系碩士班,碩士班(日間),1,0,1,2.04
111,公立,技專校院,0022,國立臺灣科技大學,04121010,財務金融研究所,碩士班(日間),1,1,0,1.85
111,公立,技專校院,0022,國立臺灣科技大學,04131008,企業管理系碩士班,碩士班(日間),2,1,1,1.52
111,公立,技專校院,0022,國立臺灣科技大學,06131016,資訊管理系,學士班(日間),1,1,0,0.40
111,公立,技專校院,0022,國立臺灣科技大學,06131020,資訊工程系,學士班(日間),2,2,0,0.51
111,公立,技專校院,0022,國立臺灣科技大學,05399015,應用科技研究所,碩士班(日間),1,1,0,1.37
111,公立,技專校院,0022,國立臺灣科技大學,07112028,材料科學與工程系碩士班,碩士班(日間),2,0,2,0.89
111,公立,技專校院,0022,國立臺灣科技大學,07141018,電子工程系碩士班,碩士班(日間),5,5,0,1.03
111,公立,技專校院,0022,國立臺灣科技大學,07141019,光電工程研究所,碩士班(日間),1,1,0,2.63
111,公立,技專校院,0022,國立臺灣科技大學,07141022,色彩與照明科技研究所,碩士班(日間),3,1,2,6.67
111,公立,技專校院,0022,國立臺灣科技大學,07191012,工業管理系碩士班,碩士班(日間),1,1,0,0.66
111,公立,技專校院,0022,國立臺灣科技大學,07311038,建築系碩士班,碩士班(日間),5,3,2,4.17
111,公立,技專校院,0023,國立雲林科技大學,02122009,創意生活設計系碩士班,碩士班(日間),1,1,0,1.75
111,公立,技專校院,0023,國立雲林科技大學,07311016,建築與室內設計系碩士班,碩士班(日間),6,2,4,10.00
111,公立,技專校院,0023,國立雲林科技大學,02122007,設計學研究所,博士班,15,8,7,14.56
111,公立,技專校院,0023,國立雲林科技大學,04121024,財務金融系博士班,博士班,1,1,0,3.57
111,公立,技專校院,0023,國立雲林科技大學,02111013,數位媒體設計系碩士班,碩士班(日間),3,3,0,3.85
111,公立,技專校院,0023,國立雲林科技大學,02112011,視覺傳達設計系碩士班,碩士班(日間),2,1,1,2.90
111,公立,技專校院,0023,國立雲林科技大學,02123014,工業設計系碩士班,碩士班(日間),1,1,0,1.56
111,公立,技專校院,0023,國立雲林科技大學,04131019,企業管理系碩士班,碩士班(日間),1,1,0,0.89
111,公立,技專校院,0023,國立雲林科技大學,04131019,企業管理系,學士班(日間),1,0,1,0.35
111,公立,技專校院,0023,國立雲林科技大學,07111045,化學工程與材料工程系,學士班(日間),1,0,1,0.23
111,公立,技專校院,0023,國立雲林科技大學,07191048,工業工程與管理系,學士班(日間),1,1,0,0.25
111,公立,技專校院,0023,國立雲林科技大學,07311016,建築與室內設計系,學士班(日間),2,0,2,0.97
111,公立,技專校院,0023,國立雲林科技大學,04131019,企業管理系博士班,博士班,1,1,0,1.41
111,公立,技專校院,0023,國立雲林科技大學,02122009,創意生活設計系,學士班(日間),1,1,0,0.47
111,公立,技專校院,0025,國立臺北科技大學,06131016,資訊與財金管理系,學士班(日間),1,1,0,0.39
111,公立,技專校院,0025,國立臺北科技大學,06131034,資訊工程系,學士班(日間),1,1,0,0.40
111,公立,技專校院,0025,國立臺北科技大學,07141028,電子工程系,學士班(日間),1,1,0,0.23
111,公立,技專校院,0025,國立臺北科技大學,07151037,機械工程系,學士班(日間),2,2,0,0.43
111,公立,技專校院,0025,國立臺北科技大學,01118001,技術及職業教育研究所,博士班,3,3,0,5.17
111,公立,技專校院,0025,國立臺北科技大學,04131020,管理學院管理博士班,博士班,7,4,3,6.93
111,公立,技專校院,0025,國立臺北科技大學,07141032,光電工程系博士班,博士班,1,1,0,6.67
111,公立,技專校院,0025,國立臺北科技大學,07321045,土木工程系土木與防災博士班,博士班,1,1,0,2.56
111,公立,技專校院,0025,國立臺北科技大學,01118001,技術及職業教育研究所,碩士班(日間),1,1,0,2.50
111,公立,技專校院,0025,國立臺北科技大學,02123009,工業設計系創新設計碩士班,碩士班(日間),3,1,2,3.45
111,公立,技專校院,0025,國立臺北科技大學,07141025,電機工程系,學士班(日間),1,0,1,0.18
111,公立,技專校院,0025,國立臺北科技大學,02122003,設計學院設計博士班,博士班,15,8,7,20.00
111,公立,技專校院,0025,國立臺北科技大學,07121063,環境工程與管理研究所,博士班,1,0,1,9.09
111,公立,技專校院,0025,國立臺北科技大學,07141025,電機工程系博士班,博士班,1,1,0,2.00
111,公立,技專校院,0025,國立臺北科技大學,07141028,電子工程系博士班,博士班,1,1,0,2.22
111,公立,技專校院,0025,國立臺北科技大學,07151040,機電學院機電科技博士班,博士班,3,3,0,5.66
111,公立,技專校院,0025,國立臺北科技大學,02112007,互動設計系碩士班,碩士班(日間),3,2,1,5.36
111,公立,技專校院,0025,國立臺北科技大學,06131034,資訊工程系碩士班,碩士班(日間),1,1,0,0.57
111,公立,技專校院,0025,國立臺北科技大學,07112057,材料科學與工程研究所,碩士班(日間),1,0,1,0.94
111,公立,技專校院,0025,國立臺北科技大學,07121063,環境工程與管理研究所,碩士班(日間),1,1,0,1.16
111,公立,技專校院,0025,國立臺北科技大學,07141025,電機工程系碩士班,碩士班(日間),2,1,1,0.61
111,公立,技專校院,0025,國立臺北科技大學,07141032,光電工程系碩士班,碩士班(日間),2,2,0,1.14
111,公立,技專校院,0025,國立臺北科技大學,07161042,車輛工程系碩士班,碩士班(日間),1,1,0,1.04
111,公立,技專校院,0025,國立臺北科技大學,04131011,經營管理系碩士班,碩士班(日間),6,3,3,4.88
111,公立,技專校院,0025,國立臺北科技大學,04212024,智慧財產權研究所,碩士班(日間),1,1,0,2.33
111,公立,技專校院,0025,國立臺北科技大學,06131016,資訊與財金管理系碩士班,碩士班(日間),1,1,0,1.11
111,公立,技專校院,0025,國立臺北科技大學,07141028,電子工程系碩士班,碩士班(日間),3,1,2,1.08
111,公立,技專校院,0025,國立臺北科技大學,07321045,土木工程系土木與防災碩士班,碩士班(日間),2,1,1,1.00
111,公立,一般大學,0028,國立臺北藝術大學,02111019,動畫學系,學士班(日間),2,0,2,1.02
111,公立,一般大學,0028,國立臺北藝術大學,02191023,新媒體藝術學系,學士班(日間),1,0,1,0.58
111,公立,一般大學,0028,國立臺北藝術大學,02151005,音樂學系,博士班,2,0,2,5.26
111,公立,一般大學,0028,國立臺北藝術大學,02152008,戲劇學系,博士班,1,0,1,7.69
111,公立,一般大學,0028,國立臺北藝術大學,02152013,舞蹈學系,博士班,2,2,0,13.33
111,公立,一般大學,0028,國立臺北藝術大學,02111018,電影創作學系,碩士班(日間),2,1,1,2.78
111,公立,一般大學,0028,國立臺北藝術大學,02151005,音樂學研究所,碩士班(日間),1,0,1,4.00
111,公立,一般大學,0028,國立臺北藝術大學,02152008,戲劇學系,碩士班(日間),3,0,3,23.08
111,公立,一般大學,0028,國立臺北藝術大學,02191028,博物館研究所,碩士班(日間),1,0,1,1.67
111,公立,一般大學,0028,國立臺北藝術大學,02111018,電影創作學系,學士班(日間),1,0,1,0.47
111,公立,一般大學,0028,國立臺北藝術大學,02152011,劇場設計學系,學士班(日間),1,0,1,0.62
111,公立,一般大學,0028,國立臺北藝術大學,02191021,文化資源學院文化資產與藝術創新博士班,博士班,5,2,3,17.86
111,公立,一般大學,0028,國立臺北藝術大學,02191001,藝術與人文教育研究所,碩士班(日間),1,0,1,1.89
111,公立,一般大學,0028,國立臺北藝術大學,02191023,新媒體藝術學系,碩士班(日間),3,1,2,3.75
111,公立,一般大學,0028,國立臺北藝術大學,02192025,藝術行政與管理研究所,碩士班(日間),4,2,2,4.55
111,公立,一般大學,0028,國立臺北藝術大學,02192026,文創產業國際藝術碩士學位學程,碩士班(日間),1,0,1,3.70
111,公立,一般大學,0028,國立臺北藝術大學,07311030,建築與文化資產研究所,碩士班(日間),2,1,1,2.90
111,公立,一般大學,0029,國立臺灣藝術大學,02199030,圖文傳播藝術學系,學士班(日間),1,0,1,0.60
111,公立,一般大學,0029,國立臺灣藝術大學,02111032,影音創作與數位媒體產業研究所,博士班,1,1,0,16.67
111,公立,一般大學,0029,國立臺灣藝術大學,02131003,美術學系當代視覺文化博士班,博士班,7,5,2,30.43
111,公立,一般大學,0029,國立臺灣藝術大學,02192026,藝術管理與文化政策研究所,博士班,1,0,1,3.33
111,公立,一般大學,0029,國立臺灣藝術大學,02111015,電影學系,碩士班(日間),4,3,1,6.78
111,公立,一般大學,0029,國立臺灣藝術大學,02111032,影音創作與數位媒體產業研究所,碩士班(日間),1,1,0,4.55
111,公立,一般大學,0029,國立臺灣藝術大學,02131003,美術學系,碩士班(日間),1,0,1,1.82
111,公立,一般大學,0029,國立臺灣藝術大學,02131003,美術學系當代視覺文化與實踐碩士班,碩士班(日間),1,0,1,4.00
111,公立,一般大學,0029,國立臺灣藝術大學,02152012,戲劇學系,碩士班(日間),3,3,0,8.57
111,公立,一般大學,0029,國立臺灣藝術大學,02192026,藝術管理與文化政策研究所,碩士班(日間),1,1,0,2.33
111,公立,一般大學,0029,國立臺灣藝術大學,02199030,圖文傳播藝術學系,碩士班(日間),3,0,3,9.38
111,公立,一般大學,0029,國立臺灣藝術大學,02141007,工藝設計學系,碩士班(日間),1,0,1,2.70
111,公立,一般大學,0029,國立臺灣藝術大學,02151011,中國音樂學系,碩士班(日間),1,1,0,2.44
111,公立,一般大學,0029,國立臺灣藝術大學,02191017,古蹟藝術修護學系,碩士班(日間),2,2,0,10.00
111,公立,一般大學,0029,國立臺灣藝術大學,03213029,廣播電視學系,碩士班(日間),3,1,2,6.38
111,公立,一般大學,0029,國立臺灣藝術大學,02151010,音樂學系,學士班(日間),1,1,0,0.39
111,公立,一般大學,0029,國立臺灣藝術大學,02152012,戲劇學系,學士班(日間),1,1,0,0.51
111,公立,一般大學,0029,國立臺灣藝術大學,02122027,創意產業設計研究所,博士班,10,4,6,30.30
111,公立,一般大學,0029,國立臺灣藝術大學,02131005,書畫藝術學系,博士班,3,3,0,12.00
111,公立,一般大學,0029,國立臺灣藝術大學,02152035,跨域表演藝術研究所,博士班,1,1,0,12.50
111,公立,一般大學,0029,國立臺灣藝術大學,02191018,表演藝術學院表演藝術博士班,博士班,8,5,3,38.10
111,公立,一般大學,0029,國立臺灣藝術大學,02112028,視覺傳達設計學系,碩士班(日間),3,1,2,7.69
111,公立,一般大學,0029,國立臺灣藝術大學,02131005,書畫藝術學系,碩士班(日間),2,0,2,3.64
111,公立,一般大學,0030,國立臺東大學,02399016,兒童文學研究所,博士班,1,0,1,3.70
111,公立,一般大學,0032,國立聯合大學,06131016,資訊管理學系,學士班(日間),1,1,0,0.28
111,公立,一般大學,0032,國立聯合大學,07321027,土木與防災工程學系,學士班(日間),1,1,0,0.53
111,公立,一般大學,0032,國立聯合大學,02123006,工業設計學系,學士班(日間),1,1,0,0.68
111,公立,一般大學,0032,國立聯合大學,07111028,化學工程學系,學士班(日間),1,0,1,0.29
111,公立,技專校院,0033,國立虎尾科技大學,06131013,資訊工程系,學士班(日間),1,1,0,0.22
111,公立,技專校院,0033,國立虎尾科技大學,07151014,自動化工程系,學士班(日間),1,1,0,0.21
111,公立,技專校院,0033,國立虎尾科技大學,07151019,機械設計工程系,學士班(日間),1,1,0,0.24
111,公立,一般大學,0035,國立臺南藝術大學,02151003,應用音樂學系,學士班(日間),5,1,4,2.06
111,公立,一般大學,0035,國立臺南藝術大學,02131016,藝術創作理論研究所,博士班,9,2,7,18.37
111,公立,一般大學,0035,國立臺南藝術大學,02151004,民族音樂學研究所,碩士班(日間),1,0,1,3.57
111,公立,一般大學,0036,國立臺南大學,01111001,教育學系,學士班(日間),1,1,0,0.33
111,公立,一般大學,0036,國立臺南大學,02322031,國語文學系,學士班(日間),2,0,2,0.75
111,公立,一般大學,0036,國立臺南大學,01113019,特殊教育學系,博士班,1,1,0,5.26
111,公立,一般大學,0036,國立臺南大學,01111001,教育學系課程與教學博士班,博士班,1,0,1,3.13
111,公立,一般大學,0036,國立臺南大學,07141049,電機工程學系,博士班,1,0,1,8.33
111,公立,一般大學,0037,國立臺北教育大學,01114044,教育經營與管理學系教育政策與管理博士班,博士班,2,2,0,2.56
111,公立,一般大學,0037,國立臺北教育大學,02121027,當代藝術評論與策展研究全英語碩士學位學程,碩士班(日間),1,0,1,2.33
111,公立,一般大學,0039,國立臺中教育大學,01111001,教育學系,學士班(日間),1,0,1,0.60
111,公立,一般大學,0039,國立臺中教育大學,02131029,美術學系,學士班(日間),1,0,1,0.55
111,公立,技專校院,0043,國立勤益科技大學,02311001,應用英語系,學士班(日間),2,1,1,0.93
111,公立,技專校院,0043,國立勤益科技大學,04131002,企業管理系,學士班(日間),1,0,1,0.22
111,公立,技專校院,0043,國立勤益科技大學,04132003,流通管理系,學士班(日間),1,0,1,0.24
111,公立,技專校院,0043,國立勤益科技大學,07141012,電子工程系,學士班(日間),1,1,0,0.15
111,公立,一般大學,0044,國立體育大學,10152015,休閒產業經營學系,學士班(日間),3,3,0,1.21
111,公立,一般大學,0044,國立體育大學,10152014,運動保健學系,學士班(日間),1,1,0,0.40
111,公立,一般大學,0044,國立體育大學,01141001,體育研究所,博士班,4,3,1,7.41
111,公立,一般大學,0044,國立體育大學,10141008,競技與教練科學研究所,博士班,2,1,1,3.64
111,公立,一般大學,0044,國立體育大學,10152021,國際運動管理與創新博士學位學程,博士班,2,1,1,10.53
111,公立,一般大學,0044,國立體育大學,10152015,休閒產業經營學系,碩士班(日間),1,1,0,1.72
111,公立,技專校院,0047,國立高雄餐旅大學,10151029,觀光研究所,博士班,2,0,2,6.45
111,公立,一般大學,0048,國立金門大學,02322001,華語文學系,學士班(日間),2,1,1,1.52
111,公立,一般大學,0048,國立金門大學,03121006,國際暨大陸事務學系,學士班(日間),2,2,0,1.41
111,公立,一般大學,0048,國立金門大學,04131009,企業管理學系,學士班(日間),2,2,0,0.58
111,公立,一般大學,0048,國立金門大學,07141017,電子工程學系,學士班(日間),1,1,0,0.32
111,公立,一般大學,0048,國立金門大學,07311026,建築學系,學士班(日間),2,0,2,1.06
111,公立,一般大學,0048,國立金門大學,07313028,都市計畫與景觀學系,學士班(日間),2,1,1,1.75
111,公立,一般大學,0048,國立金門大學,09191032,長期照護學系,學士班(日間),1,0,1,0.61
111,公立,一般大學,0048,國立金門大學,10151034,觀光管理學系,學士班(日間),1,0,1,0.52
111,公立,一般大學,0048,國立金門大學,10152036,運動與休閒學系,學士班(日間),2,2,0,1.26
111,公立,一般大學,0048,國立金門大學,09231033,社會工作學系,學士班(日間),1,0,1,0.57
111,公立,一般大學,0048,國立金門大學,03121006,國際暨大陸事務學系,碩士班(日間),1,1,0,6.25
111,公立,一般大學,0048,國立金門大學,04131009,企業管理學系,碩士班(日間),2,1,1,5.13
111,公立,一般大學,0048,國立金門大學,07311026,建築學系,碩士班(日間),5,2,3,25.00
111,公立,一般大學,0048,國立金門大學,10152036,運動與休閒學系,碩士班(日間),2,2,0,8.70
111,公立,一般大學,0049,國立臺灣體育運動大學,01141001,體育學系,碩士班(日間),1,0,1,1.45
111,公立,技專校院,0050,國立臺中科技大學,04121021,財務金融系,學士班(日間),1,1,0,0.27
111,公立,技專校院,0050,國立臺中科技大學,07141036,資訊工程系,學士班(日間),1,1,0,0.27
111,公立,技專校院,0050,國立臺中科技大學,02112005,多媒體設計系碩士班,碩士班(日間),1,1,0,2.86
111,公立,技專校院,0050,國立臺中科技大學,07141036,資訊工程系碩士班,碩士班(日間),1,1,0,2.00
111,公立,技專校院,0051,國立臺北商業大學,02122026,創意科技與產品設計系,學士班(日間),1,0,1,0.44
111,公立,技專校院,0051,國立臺北商業大學,02311006,應用外語系,學士班(日間),1,0,1,0.50
111,公立,技專校院,0051,國立臺北商業大學,04141012,國際商務系,學士班(日間),1,1,0,0.23
111,公立,技專校院,0051,國立臺北商業大學,02122024,創意設計與經營研究所,碩士班(日間),2,2,0,10.53
111,公立,技專校院,0051,國立臺北商業大學,04141012,國際商務系碩士班,碩士班(日間),1,1,0,2.94
111,公立,技專校院,0051,國立臺北商業大學,06131018,資訊與決策科學研究所,碩士班(日間),1,1,0,3.23
111,公立,一般大學,0052,國立屏東大學,04121045,財務金融學系,學士班(日間),1,1,0,0.40
111,公立,一般大學,0052,國立屏東大學,06131077,電腦科學與人工智慧學系,學士班(日間),1,1,0,0.52
111,公立,一般大學,0052,國立屏東大學,01114018,教育行政研究所,博士班,1,1,0,2.17
111,公立,一般大學,0052,國立屏東大學,07141060,資訊工程學系,學士班(日間),1,1,0,0.33
111,公立,一般大學,0052,國立屏東大學,02111025,視覺藝術學系,學士班(日間),2,1,1,1.14
111,公立,技專校院,0053,國立高雄科技大學,07151074,模具工程系,學士班(日間),1,1,0,0.13
111,公立,技專校院,0053,國立高雄科技大學,04199106,管理學院博士班財金組,博士班,1,1,0,6.67
111,公立,技專校院,0053,國立高雄科技大學,04199106,管理學院博士班管理組,博士班,2,0,2,3.39
111,公立,技專校院,0053,國立高雄科技大學,04121034,金融資訊系,學士班(日間),4,3,1,1.88
111,公立,技專校院,0053,國立高雄科技大學,04132059,行銷與流通管理系碩士班,碩士班(日間),1,0,1,1.49
111,公立,技專校院,0053,國立高雄科技大學,07321077,土木工程系碩士班,碩士班(日間),1,1,0,2.17
111,公立,技專校院,0053,國立高雄科技大學,07321082,營建工程系,學士班(日間),1,1,0,0.20
111,公立,技專校院,0053,國立高雄科技大學,04121040,財務管理系碩士班,碩士班(日間),1,1,0,2.38
111,公立,技專校院,0144,國立臺灣戲曲學院,02152007,劇場藝術學系,學士班(日間),4,0,4,3.42
111,私立,一般大學,1001,東海大學,02131002,美術學系,學士班(日間),4,1,3,1.96
111,私立,一般大學,1001,東海大學,02221009,歷史學系,學士班(日間),1,1,0,0.44
111,私立,一般大學,1001,東海大學,02322004,中國文學系,學士班(日間),2,0,2,0.51
111,私立,一般大學,1001,東海大學,04131021,國際學院國際經營管理學位學程,學士班(日間),1,0,1,0.37
111,私立,一般大學,1001,東海大學,04134016,行政管理暨政策學系,學士班(日間),1,0,1,0.29
111,私立,一般大學,1001,東海大學,04141023,國際經營與貿易學系,學士班(日間),1,0,1,0.16
111,私立,一般大學,1001,東海大學,05211065,永續科學與管理學士學位學程,學士班(日間),1,1,0,1.30
111,私立,一般大學,1001,東海大學,05311030,化學系,學士班(日間),2,2,0,0.57
111,私立,一般大學,1001,東海大學,05331032,應用物理學系,學士班(日間),1,1,0,0.50
111,私立,一般大學,1001,東海大學,05411034,應用數學系,學士班(日間),1,1,0,0.60
111,私立,一般大學,1001,東海大學,05421035,統計學系,學士班(日間),2,0,2,0.54
111,私立,一般大學,1001,東海大學,06134036,資訊管理學系,學士班(日間),1,1,0,0.37
111,私立,一般大學,1001,東海大學,07121045,環境科學與工程學系,學士班(日間),1,0,1,0.32
111,私立,一般大學,1001,東海大學,07211052,食品科學系,學士班(日間),1,0,1,0.28
111,私立,一般大學,1001,東海大學,07312049,景觀學系,學士班(日間),5,1,4,2.53
111,私立,一般大學,1001,東海大學,10131054,餐旅管理學系,學士班(日間),1,1,0,0.39
111,私立,一般大學,1001,東海大學,03121013,政治學系,博士班,1,1,0,2.86
111,私立,一般大學,1001,東海大學,07311048,建築學系,學士班(日間),3,1,2,1.66
111,私立,一般大學,1001,東海大學,02322004,中國文學系,博士班,1,0,1,4.55
111,私立,一般大學,1001,東海大學,03141014,社會學系,博士班,2,0,2,6.25
111,私立,一般大學,1001,東海大學,09231053,社會工作學系,博士班,6,2,4,23.08
111,私立,一般大學,1001,東海大學,01111001,教育研究所,碩士班(日間),1,1,0,2.33
111,私立,一般大學,1001,東海大學,02123011,工業設計學系,碩士班(日間),4,2,2,23.53
111,私立,一般大學,1001,東海大學,02322004,中國文學系,碩士班(日間),2,0,2,5.41
111,私立,一般大學,1001,東海大學,06131039,資訊工程學系,碩士班(日間),2,1,1,3.92
111,私立,一般大學,1001,東海大學,06134036,資訊管理學系,碩士班(日間),1,0,1,2.86
111,私立,一般大學,1001,東海大學,07191044,工業工程與經營資訊學系,碩士班(日間),1,1,0,1.69
111,私立,一般大學,1001,東海大學,02131002,美術學系,碩士班(日間),4,2,2,5.88
111,私立,一般大學,1001,東海大學,02151003,音樂學系,碩士班(日間),1,0,1,1.47
111,私立,一般大學,1001,東海大學,02231010,哲學系,碩士班(日間),1,1,0,5.56
111,私立,一般大學,1001,東海大學,04121024,財務金融學系,碩士班(日間),2,2,0,5.13
111,私立,一般大學,1001,東海大學,04131019,企業管理學系,碩士班(日間),4,4,0,6.15
111,私立,一般大學,1001,東海大學,06133047,數位創新碩士學位學程,碩士班(日間),2,2,0,6.25
111,私立,一般大學,1001,東海大學,07141037,電機工程學系,碩士班(日間),1,1,0,3.23
111,私立,一般大學,1001,東海大學,07311048,建築學系,碩士班(日間),6,4,2,9.68
111,私立,一般大學,1001,東海大學,02123011,工業設計學系,學士班(日間),1,0,1,0.61
111,私立,一般大學,1001,東海大學,02151003,音樂學系,學士班(日間),2,1,1,1.23
111,私立,一般大學,1001,東海大學,02311005,外國語文學系,學士班(日間),4,0,4,1.02
111,私立,一般大學,1001,東海大學,02311007,日本語言文化學系,學士班(日間),1,0,1,0.23
111,私立,一般大學,1001,東海大學,04121024,財務金融學系,學士班(日間),4,1,3,0.80
111,私立,一般大學,1001,東海大學,04131019,企業管理學系,學士班(日間),1,1,0,0.15
111,私立,一般大學,1001,東海大學,04211027,法律學系,學士班(日間),1,0,1,0.19
111,私立,一般大學,1001,東海大學,05111028,生命科學系,學士班(日間),2,1,1,0.60
111,私立,一般大學,1001,東海大學,06131039,資訊工程學系,學士班(日間),3,3,0,0.48
111,私立,一般大學,1001,東海大學,07141037,電機工程學系,學士班(日間),2,2,0,0.54
111,私立,一般大學,1002,輔仁大學,02122078,應用美術學系,學士班(日間),4,0,4,1.56
111,私立,一般大學,1002,輔仁大學,02151034,音樂學系,學士班(日間),1,0,1,0.57
111,私立,一般大學,1002,輔仁大學,02231037,哲學系,學士班(日間),2,0,2,0.45
111,私立,一般大學,1002,輔仁大學,02311016,西班牙語文學系,學士班(日間),1,0,1,0.38
111,私立,一般大學,1002,輔仁大學,02311021,法國語文學系,學士班(日間),1,1,0,0.38
111,私立,一般大學,1002,輔仁大學,02311033,英國語文學系,學士班(日間),2,0,2,0.75
111,私立,一般大學,1002,輔仁大學,03111055,經濟學系,學士班(日間),3,2,1,0.67
111,私立,一般大學,1002,輔仁大學,03131081,臨床心理學系,學士班(日間),3,1,2,1.06
111,私立,一般大學,1002,輔仁大學,01114046,教育領導與科技發展學士學位學程,學士班(日間),1,0,1,0.72
111,私立,一般大學,1002,輔仁大學,02125082,織品服裝學系,學士班(日間),1,0,1,0.10
111,私立,一般大學,1002,輔仁大學,02311009,日本語文學系,學士班(日間),1,0,1,0.21
111,私立,一般大學,1002,輔仁大學,02311072,德語語文學系,學士班(日間),1,0,1,0.39
111,私立,一般大學,1002,輔仁大學,02322003,中國文學系,學士班(日間),1,1,0,0.21
111,私立,一般大學,1002,輔仁大學,03131007,心理學系,學士班(日間),1,1,0,0.37
111,私立,一般大學,1002,輔仁大學,03141023,社會學系,學士班(日間),1,0,1,0.40
111,私立,一般大學,1002,輔仁大學,03212053,新聞傳播學系,學士班(日間),1,1,0,0.38
111,私立,一般大學,1002,輔仁大學,04111054,會計學系,學士班(日間),1,0,1,0.21
111,私立,一般大學,1002,輔仁大學,04121027,金融與國際企業學系,學士班(日間),2,1,1,0.41
111,私立,一般大學,1002,輔仁大學,04143069,廣告傳播學系,學士班(日間),1,0,1,0.36
111,私立,一般大學,1002,輔仁大學,04211020,法律學系,學士班(日間),1,0,1,0.19
111,私立,一般大學,1002,輔仁大學,04211038,財經法律學系,學士班(日間),2,0,2,0.79
111,私立,一般大學,1002,輔仁大學,05111011,生命科學系,學士班(日間),1,0,1,0.23
111,私立,一般大學,1002,輔仁大學,05331022,物理學系,學士班(日間),1,1,0,0.25
111,私立,一般大學,1002,輔仁大學,06131058,資訊工程學系,學士班(日間),2,2,0,0.36
111,私立,一般大學,1002,輔仁大學,07312052,景觀設計學系,學士班(日間),2,2,0,0.74
111,私立,一般大學,1002,輔仁大學,09191004,公共衛生學系,學士班(日間),1,0,1,0.44
111,私立,一般大學,1002,輔仁大學,05421049,統計資訊學系,學士班(日間),1,0,1,0.22
111,私立,一般大學,1002,輔仁大學,06131059,資訊管理學系,學士班(日間),1,0,1,0.21
111,私立,一般大學,1002,輔仁大學,06199086,醫學資訊與創新應用學士學位學程,學士班(日間),1,1,0,0.65
111,私立,一般大學,1002,輔仁大學,07141064,電機工程學系,學士班(日間),1,1,0,0.20
111,私立,一般大學,1002,輔仁大學,07211035,食品科學系,學士班(日間),2,0,2,0.86
111,私立,一般大學,1002,輔仁大學,02151034,音樂學系,博士班,6,1,5,20.69
111,私立,一般大學,1002,輔仁大學,02231037,哲學系,博士班,2,2,0,5.41
111,私立,一般大學,1002,輔仁大學,02299060,跨文化研究所比較文學與跨文化研究博士班,博士班,4,1,3,9.30
111,私立,一般大學,1002,輔仁大學,02322003,中國文學系,博士班,1,0,1,4.55
111,私立,一般大學,1002,輔仁大學,05191036,食品營養博士學位學程,博士班,2,2,0,5.88
111,私立,一般大學,1002,輔仁大學,02122029,品牌與時尚經營管理碩士學位學程,碩士班(日間),5,2,3,23.81
111,私立,一般大學,1002,輔仁大學,02125082,織品服裝學系,碩士班(日間),8,0,8,13.56
111,私立,一般大學,1002,輔仁大學,02299060,跨文化研究所語言學碩士班,碩士班(日間),1,0,1,2.56
111,私立,一般大學,1002,輔仁大學,02311009,日本語文學系,碩士班(日間),4,2,2,8.89
111,私立,一般大學,1002,輔仁大學,02311072,德語語文學系,碩士班(日間),2,0,2,6.90
111,私立,一般大學,1002,輔仁大學,03211002,大眾傳播學研究所,碩士班(日間),3,0,3,4.05
111,私立,一般大學,1002,輔仁大學,04111054,會計學系,碩士班(日間),1,0,1,1.89
111,私立,一般大學,1002,輔仁大學,04121027,金融與國際企業學系金融碩士班,碩士班(日間),3,3,0,5.17
111,私立,一般大學,1002,輔仁大學,04131025,社會企業碩士學位學程,碩士班(日間),1,1,0,4.55
111,私立,一般大學,1002,輔仁大學,04131044,國際經營管理碩士學位學程,碩士班(日間),1,1,0,1.85
111,私立,一般大學,1002,輔仁大學,04211038,財經法律學系,碩士班(日間),1,0,1,1.64
111,私立,一般大學,1002,輔仁大學,02211019,宗教學系,博士班,5,4,1,9.80
111,私立,一般大學,1002,輔仁大學,03131007,心理學系,博士班,5,2,3,17.86
111,私立,一般大學,1002,輔仁大學,04191040,商學研究所,博士班,7,5,2,8.75
111,私立,一般大學,1002,輔仁大學,04211020,法律學系,博士班,2,1,1,4.88
111,私立,一般大學,1002,輔仁大學,02122078,應用美術學系,碩士班(日間),12,1,11,21.05
111,私立,一般大學,1002,輔仁大學,02151034,音樂學系,碩士班(日間),1,1,0,1.56
111,私立,一般大學,1002,輔仁大學,02211019,宗教學系,碩士班(日間),1,1,0,2.13
111,私立,一般大學,1002,輔仁大學,02221074,歷史學系,碩士班(日間),4,3,1,13.79
111,私立,一般大學,1002,輔仁大學,02231037,哲學系,碩士班(日間),1,1,0,4.55
111,私立,一般大學,1002,輔仁大學,02299060,跨文化研究所翻譯學碩士班,碩士班(日間),1,0,1,1.37
111,私立,一般大學,1002,輔仁大學,02311016,西班牙語文學系,碩士班(日間),1,1,0,6.67
111,私立,一般大學,1002,輔仁大學,02322003,中國文學系,碩士班(日間),6,1,5,17.65
111,私立,一般大學,1002,輔仁大學,03111055,經濟學系,碩士班(日間),4,4,0,18.18
111,私立,一般大學,1002,輔仁大學,03131007,心理學系,碩士班(日間),10,3,7,15.38
111,私立,一般大學,1002,輔仁大學,03141023,社會學系,碩士班(日間),2,1,1,7.41
111,私立,一般大學,1002,輔仁大學,03221051,博物館學研究所,碩士班(日間),8,4,4,13.11
111,私立,一般大學,1002,輔仁大學,04131015,企業管理學系管理學碩士班,碩士班(日間),18,10,8,22.22
111,私立,一般大學,1002,輔仁大學,04211020,法律學系,碩士班(日間),1,1,0,0.97
111,私立,一般大學,1002,輔仁大學,05421049,統計資訊學系應用統計碩士班,碩士班(日間),1,1,0,2.50
111,私立,一般大學,1002,輔仁大學,06131059,資訊管理學系,碩士班(日間),2,2,0,4.55
111,私立,一般大學,1002,輔仁大學,07211035,食品科學系,碩士班(日間),1,1,0,2.50
111,私立,一般大學,1002,輔仁大學,06131058,資訊工程學系,碩士班(日間),2,2,0,4.76
111,私立,一般大學,1002,輔仁大學,07312052,景觀設計學系,碩士班(日間),5,2,3,17.86
111,私立,一般大學,1002,輔仁大學,09191004,公共衛生學系,碩士班(日間),1,1,0,3.23
111,私立,一般大學,1002,輔仁大學,09221017,兒童與家庭學系,碩士班(日間),1,1,0,2.33
111,私立,一般大學,1002,輔仁大學,09231024,社會工作學系,碩士班(日間),1,1,0,1.96
111,私立,一般大學,1002,輔仁大學,10131075,餐旅管理學系,碩士班(日間),2,1,1,5.71
111,私立,一般大學,1003,東吳大學,02311004,英文學系,學士班(日間),1,1,0,0.15
111,私立,一般大學,1003,東吳大學,02311012,德國文化學系,學士班(日間),2,0,2,0.88
111,私立,一般大學,1003,東吳大學,03111008,經濟學系,學士班(日間),3,2,1,0.39
111,私立,一般大學,1003,東吳大學,03131011,心理學系,學士班(日間),2,0,2,0.73
111,私立,一般大學,1003,東吳大學,04121027,財務工程與精算數學系,學士班(日間),1,0,1,0.14
111,私立,一般大學,1003,東吳大學,04211021,法律學系,學士班(日間),4,1,3,0.33
111,私立,一般大學,1003,東吳大學,03121009,政治學系,博士班,2,2,0,15.38
111,私立,一般大學,1003,東吳大學,04211021,法律學系,博士班,5,4,1,15.63
111,私立,一般大學,1003,東吳大學,02151001,音樂學系,碩士班(日間),1,0,1,2.17
111,私立,一般大學,1003,東吳大學,02311005,日本語文學系,碩士班(日間),1,0,1,2.33
111,私立,一般大學,1003,東吳大學,02322002,中國文學系,碩士班(日間),2,0,2,3.28
111,私立,一般大學,1003,東吳大學,03121009,政治學系,碩士班(日間),2,2,0,5.56
111,私立,一般大學,1003,東吳大學,02311005,日本語文學系,學士班(日間),1,0,1,0.12
111,私立,一般大學,1003,東吳大學,02322002,中國文學系,學士班(日間),2,1,1,0.30
111,私立,一般大學,1003,東吳大學,04111015,會計學系,學士班(日間),4,2,2,0.41
111,私立,一般大學,1003,東吳大學,04131016,企業管理學系,學士班(日間),3,1,2,0.32
111,私立,一般大學,1003,東吳大學,04141019,國際經營與貿易學系,學士班(日間),2,0,2,0.37
111,私立,一般大學,1003,東吳大學,04199031,巨量資料管理學院學士學位學程,學士班(日間),1,1,0,0.51
111,私立,一般大學,1003,東吳大學,04131016,企業管理學系,碩士班(日間),2,1,1,1.63
111,私立,一般大學,1003,東吳大學,04141019,國際經營與貿易學系,碩士班(日間),3,3,0,6.98
111,私立,一般大學,1003,東吳大學,05122022,微生物學系,碩士班(日間),2,1,1,12.50
111,私立,一般大學,1003,東吳大學,06131028,資訊管理學系,碩士班(日間),1,1,0,3.03
111,私立,一般大學,1003,東吳大學,06131028,資訊管理學系,學士班(日間),2,1,1,0.38
111,私立,一般大學,1003,東吳大學,02322002,中國文學系,博士班,4,2,2,11.76
111,私立,一般大學,1003,東吳大學,03111008,經濟學系,博士班,2,1,1,10.00
111,私立,一般大學,1003,東吳大學,02221006,歷史學系,碩士班(日間),2,1,1,16.67
111,私立,一般大學,1003,東吳大學,02231007,哲學系,碩士班(日間),1,0,1,2.78
111,私立,一般大學,1003,東吳大學,03131011,心理學系,碩士班(日間),2,0,2,2.08
111,私立,一般大學,1003,東吳大學,04211021,法律學系,碩士班(日間),1,0,1,0.35
111,私立,一般大學,1003,東吳大學,09231030,社會工作學系,碩士班(日間),2,0,2,2.56
111,私立,一般大學,1004,中原大學,02124009,室內設計學系,學士班(日間),2,0,2,0.57
111,私立,一般大學,1004,中原大學,04111013,會計學系,學士班(日間),2,1,1,0.30
111,私立,一般大學,1004,中原大學,04121019,財務金融學系,學士班(日間),3,2,1,0.66
111,私立,一般大學,1004,中原大學,04131014,企業管理學系,學士班(日間),1,1,0,0.11
111,私立,一般大學,1004,中原大學,04141018,國際經營與貿易學系,學士班(日間),4,2,2,0.76
111,私立,一般大學,1004,中原大學,04212021,財經法律學系,學士班(日間),1,1,0,0.19
111,私立,一般大學,1004,中原大學,05311023,化學系,學士班(日間),3,2,1,0.64
111,私立,一般大學,1004,中原大學,06131028,資訊管理學系,學士班(日間),3,2,1,0.60
111,私立,一般大學,1004,中原大學,07111037,化學工程學系,學士班(日間),2,1,1,0.29
111,私立,一般大學,1004,中原大學,07121042,環境工程學系,學士班(日間),2,2,0,0.94
111,私立,一般大學,1004,中原大學,07141033,電機資訊學院人工智慧應用學士學位學程,學士班(日間),1,0,1,4.00
111,私立,一般大學,1004,中原大學,07193043,生物醫學工程學系,學士班(日間),1,1,0,0.23
111,私立,一般大學,1004,中原大學,07311046,建築學系,學士班(日間),7,3,4,2.30
111,私立,一般大學,1004,中原大學,02112008,商業設計學系,學士班(日間),5,1,4,1.30
111,私立,一般大學,1004,中原大學,02311005,應用外國語文學系,學士班(日間),1,0,1,0.24
111,私立,一般大學,1004,中原大學,02323004,應用華語文學系,學士班(日間),2,0,2,0.41
111,私立,一般大學,1004,中原大學,03131011,心理學系,學士班(日間),4,1,3,0.70
111,私立,一般大學,1004,中原大學,05121022,生物科技學系,學士班(日間),1,1,0,0.25
111,私立,一般大學,1004,中原大學,05331024,物理學系,學士班(日間),2,2,0,0.46
111,私立,一般大學,1004,中原大學,05411027,應用數學系,學士班(日間),1,1,0,0.24
111,私立,一般大學,1004,中原大學,06131031,資訊工程學系,學士班(日間),2,2,0,0.40
111,私立,一般大學,1004,中原大學,07141029,電機工程學系,學士班(日間),3,3,0,0.60
111,私立,一般大學,1004,中原大學,07141030,電子工程學系,學士班(日間),2,2,0,0.33
111,私立,一般大學,1004,中原大學,07151034,機械工程學系,學士班(日間),1,1,0,0.14
111,私立,一般大學,1004,中原大學,07191041,工業與系統工程學系,學士班(日間),2,2,0,0.32
111,私立,一般大學,1004,中原大學,07321035,土木工程學系,學士班(日間),1,1,0,0.16
111,私立,一般大學,1004,中原大學,02124009,室內設計學系,碩士班(日間),2,1,1,3.39
111,私立,一般大學,1004,中原大學,04131014,企業管理學系,碩士班(日間),1,1,0,1.22
111,私立,一般大學,1004,中原大學,07312059,地景建築學系,學士班(日間),1,0,1,0.43
111,私立,一般大學,1004,中原大學,02122007,設計學博士學位學程,博士班,11,6,5,22.92
111,私立,一般大學,1004,中原大學,04131014,企業管理學系,博士班,2,2,0,4.65
111,私立,一般大學,1004,中原大學,04191012,商學博士學位學程,博士班,5,2,3,11.36
111,私立,一般大學,1004,中原大學,07111037,化學工程學系,博士班,1,0,1,12.50
111,私立,一般大學,1004,中原大學,07141029,電機工程學系,碩士班(日間),1,1,0,1.32
111,私立,一般大學,1004,中原大學,07151034,機械工程學系,碩士班(日間),2,2,0,2.47
111,私立,一般大學,1004,中原大學,07111037,化學工程學系,碩士班(日間),1,1,0,1.09
111,私立,一般大學,1004,中原大學,07311046,建築學系,碩士班(日間),2,2,0,3.03
111,私立,一般大學,1004,中原大學,07312059,地景建築學系,碩士班(日間),2,2,0,14.29
111,私立,一般大學,1005,淡江大學學校財團法人淡江大學,02311081,俄國語文學系,學士班(日間),1,0,1,0.45
111,私立,一般大學,1005,淡江大學學校財團法人淡江大學,02311086,法國語文學系,學士班(日間),1,0,1,0.23
111,私立,一般大學,1005,淡江大學學校財團法人淡江大學,02311088,英文學系,學士班(日間),2,0,2,0.31
111,私立,一般大學,1005,淡江大學學校財團法人淡江大學,02322090,中國文學學系,學士班(日間),3,1,2,0.60
111,私立,一般大學,1005,淡江大學學校財團法人淡江大學,03111076,經濟學系,學士班(日間),3,3,0,0.46
111,私立,一般大學,1005,淡江大學學校財團法人淡江大學,04123104,風險管理與保險學系,學士班(日間),1,1,0,0.23
111,私立,一般大學,1005,淡江大學學校財團法人淡江大學,04131040,國際企業學系,學士班(日間),3,0,3,0.39
111,私立,一般大學,1005,淡江大學學校財團法人淡江大學,04131049,企業管理學系,學士班(日間),2,1,1,0.31
111,私立,一般大學,1005,淡江大學學校財團法人淡江大學,05311031,化學學系,學士班(日間),2,1,1,0.50
111,私立,一般大學,1005,淡江大學學校財團法人淡江大學,05399029,理學院尖端材料科學學士學位學程,學士班(日間),1,1,0,0.65
111,私立,一般大學,1005,淡江大學學校財團法人淡江大學,05411026,數學學系,學士班(日間),2,1,1,0.55
111,私立,一般大學,1005,淡江大學學校財團法人淡江大學,05421024,統計學系,學士班(日間),1,0,1,0.15
111,私立,一般大學,1005,淡江大學學校財團法人淡江大學,02311082,日本語文學系,學士班(日間),2,2,0,0.22
111,私立,一般大學,1005,淡江大學學校財團法人淡江大學,02311084,西班牙語文學系,學士班(日間),1,0,1,0.21
111,私立,一般大學,1005,淡江大學學校財團法人淡江大學,02311085,德國語文學系,學士班(日間),1,1,0,0.40
111,私立,一般大學,1005,淡江大學學校財團法人淡江大學,03111075,產業經濟學系,學士班(日間),2,2,0,0.49
111,私立,一般大學,1005,淡江大學學校財團法人淡江大學,03121074,全球政治經濟學系全英語學士班,學士班(日間),1,0,1,0.68
111,私立,一般大學,1005,淡江大學學校財團法人淡江大學,03211055,大眾傳播學系,學士班(日間),2,0,2,0.69
111,私立,一般大學,1005,淡江大學學校財團法人淡江大學,03222052,資訊與圖書館學系,學士班(日間),1,0,1,0.22
111,私立,一般大學,1005,淡江大學學校財團法人淡江大學,04111051,會計學系,學士班(日間),2,0,2,0.26
111,私立,一般大學,1005,淡江大學學校財團法人淡江大學,04121035,商管學院全球財務管理全英語學士學位學程,學士班(日間),1,0,1,0.71
111,私立,一般大學,1005,淡江大學學校財團法人淡江大學,04121037,財務金融學系,學士班(日間),8,4,4,1.32
111,私立,一般大學,1005,淡江大學學校財團法人淡江大學,05331030,物理學系,學士班(日間),2,1,1,0.60
111,私立,一般大學,1005,淡江大學學校財團法人淡江大學,06131018,資訊工程學系,學士班(日間),4,2,2,0.48
111,私立,一般大學,1005,淡江大學學校財團法人淡江大學,06131018,資訊工程學系全英語學士班,學士班(日間),1,1,0,0.37
111,私立,一般大學,1005,淡江大學學校財團法人淡江大學,07111010,化學工程與材料工程學系,學士班(日間),1,0,1,0.23
111,私立,一般大學,1005,淡江大學學校財團法人淡江大學,07311007,建築學系,學士班(日間),2,0,2,0.59
111,私立,一般大學,1005,淡江大學學校財團法人淡江大學,10411002,運輸管理學系,學士班(日間),1,0,1,0.21
111,私立,一般大學,1005,淡江大學學校財團法人淡江大學,02322090,中國文學學系,博士班,2,1,1,6.45
111,私立,一般大學,1005,淡江大學學校財團法人淡江大學,04121037,財務金融學系,博士班,2,1,1,5.13
111,私立,一般大學,1005,淡江大學學校財團法人淡江大學,05411026,數學學系,博士班,1,0,1,20.00
111,私立,一般大學,1005,淡江大學學校財團法人淡江大學,06131023,資訊管理學系,學士班(日間),1,0,1,0.14
111,私立,一般大學,1005,淡江大學學校財團法人淡江大學,07122009,水資源及環境工程學系,學士班(日間),2,2,0,0.45
111,私立,一般大學,1005,淡江大學學校財團法人淡江大學,07141019,電機工程學系,學士班(日間),5,5,0,0.63
111,私立,一般大學,1005,淡江大學學校財團法人淡江大學,07151015,機械與機電工程學系,學士班(日間),3,3,0,0.65
111,私立,一般大學,1005,淡江大學學校財團法人淡江大學,10151005,國際觀光管理學系全英語學士班,學士班(日間),1,1,0,0.29
111,私立,一般大學,1005,淡江大學學校財團法人淡江大學,01114093,教育學院教育領導與科技管理博士班,博士班,4,1,3,14.81
111,私立,一般大學,1005,淡江大學學校財團法人淡江大學,02311088,英文學系,博士班,3,0,3,11.11
111,私立,一般大學,1005,淡江大學學校財團法人淡江大學,06131018,資訊工程學系,博士班,2,1,1,12.50
111,私立,一般大學,1005,淡江大學學校財團法人淡江大學,01116092,教育科技學系,碩士班(日間),2,1,1,7.14
111,私立,一般大學,1005,淡江大學學校財團法人淡江大學,02311082,日本語文學系,碩士班(日間),1,0,1,2.56
111,私立,一般大學,1005,淡江大學學校財團法人淡江大學,03211055,大眾傳播學系,碩士班(日間),8,2,6,21.62
111,私立,一般大學,1005,淡江大學學校財團法人淡江大學,07321012,土木工程學系,博士班,1,1,0,6.25
111,私立,一般大學,1005,淡江大學學校財團法人淡江大學,02322090,中國文學學系,碩士班(日間),2,0,2,5.71
111,私立,一般大學,1005,淡江大學學校財團法人淡江大學,03131096,教育心理與諮商研究所,碩士班(日間),2,0,2,1.85
111,私立,一般大學,1005,淡江大學學校財團法人淡江大學,04131040,國際企業學系,碩士班(日間),2,0,2,4.88
111,私立,一般大學,1005,淡江大學學校財團法人淡江大學,04131047,管理科學學系企業經營碩士班,碩士班(日間),2,2,0,5.71
111,私立,一般大學,1005,淡江大學學校財團法人淡江大學,04131049,企業管理學系,碩士班(日間),3,2,1,6.25
111,私立,一般大學,1005,淡江大學學校財團法人淡江大學,06131023,資訊管理學系,碩士班(日間),1,0,1,2.56
111,私立,一般大學,1005,淡江大學學校財團法人淡江大學,04111051,會計學系,碩士班(日間),2,2,0,4.44
111,私立,一般大學,1005,淡江大學學校財團法人淡江大學,04121037,財務金融學系,碩士班(日間),8,6,2,12.12
111,私立,一般大學,1005,淡江大學學校財團法人淡江大學,06131018,資訊工程學系,碩士班(日間),4,4,0,5.63
111,私立,一般大學,1005,淡江大學學校財團法人淡江大學,07141019,電機工程學系,碩士班(日間),2,2,0,2.30
111,私立,一般大學,1005,淡江大學學校財團法人淡江大學,07141019,電機工程學系人工智慧機器人碩士班,碩士班(日間),1,1,0,3.23
111,私立,一般大學,1005,淡江大學學校財團法人淡江大學,07311007,建築學系,碩士班(日間),4,4,0,9.52
111,私立,一般大學,1006,中國文化大學,02131059,美術學系,學士班(日間),2,0,2,0.83
111,私立,一般大學,1006,中國文化大學,02221098,史學系,學士班(日間),1,0,1,0.52
111,私立,一般大學,1006,中國文化大學,02231081,哲學系,學士班(日間),2,1,1,1.33
111,私立,一般大學,1006,中國文化大學,02311052,英國語文學系,學士班(日間),1,0,1,0.26
111,私立,一般大學,1006,中國文化大學,02311077,日本語文學系,學士班(日間),1,0,1,0.20
111,私立,一般大學,1006,中國文化大學,02322001,中國文學系,學士班(日間),4,1,3,0.74
111,私立,一般大學,1006,中國文化大學,03212033,新聞學系,學士班(日間),1,1,0,0.23
111,私立,一般大學,1006,中國文化大學,01111046,教育學系,學士班(日間),1,0,1,0.47
111,私立,一般大學,1006,中國文化大學,02151040,音樂學系,學士班(日間),2,1,1,1.14
111,私立,一般大學,1006,中國文化大學,02152043,戲劇學系,學士班(日間),2,0,2,0.71
111,私立,一般大學,1006,中國文化大學,02311047,俄國語文學系,學士班(日間),2,0,2,1.49
111,私立,一般大學,1006,中國文化大學,02311089,法國語文學系,學士班(日間),1,0,1,0.54
111,私立,一般大學,1006,中國文化大學,03111099,經濟學系,學士班(日間),2,2,0,0.54
111,私立,一般大學,1006,中國文化大學,03131004,心理輔導學系,學士班(日間),2,0,2,0.85
111,私立,一般大學,1006,中國文化大學,03142088,地理學系,學士班(日間),1,1,0,0.54
111,私立,一般大學,1006,中國文化大學,03211036,大眾傳播學系,學士班(日間),2,0,2,0.36
111,私立,一般大學,1006,中國文化大學,03214101,資訊傳播學系,學士班(日間),2,1,1,0.45
111,私立,一般大學,1006,中國文化大學,04121037,財務金融學系,學士班(日間),2,0,2,0.30
111,私立,一般大學,1006,中國文化大學,04131015,國際企業管理學系,學士班(日間),1,0,1,0.16
111,私立,一般大學,1006,中國文化大學,04141041,國際貿易學系,學士班(日間),1,1,0,0.17
111,私立,一般大學,1006,中國文化大學,04143013,廣告學系,學士班(日間),1,0,1,0.20
111,私立,一般大學,1006,中國文化大學,04212020,法律學系,學士班(日間),1,1,0,0.09
111,私立,一般大學,1006,中國文化大學,05111091,生命科學系,學士班(日間),1,1,0,0.58
111,私立,一般大學,1006,中國文化大學,05191057,保健營養學系,學士班(日間),1,0,1,0.46
111,私立,一般大學,1006,中國文化大學,05321083,土地資源學系,學士班(日間),1,1,0,0.49
111,私立,一般大學,1006,中國文化大學,05331115,光電物理學系,學士班(日間),1,1,0,0.76
111,私立,一般大學,1006,中國文化大學,05411114,應用數學系,學士班(日間),1,1,0,0.43
111,私立,一般大學,1006,中國文化大學,07111028,化學工程與材料工程學系,學士班(日間),1,1,0,0.31
111,私立,一般大學,1006,中國文化大學,07141085,電機工程學系,學士班(日間),1,1,0,0.30
111,私立,一般大學,1006,中國文化大學,07311068,建築及都市設計學系,學士班(日間),3,2,1,1.18
111,私立,一般大學,1006,中國文化大學,04134012,行政管理學系,學士班(日間),1,0,1,0.27
111,私立,一般大學,1006,中國文化大學,04191014,全球商務學士學位學程,學士班(日間),1,1,0,0.44
111,私立,一般大學,1006,中國文化大學,06131021,資訊工程學系,學士班(日間),1,1,0,0.23
111,私立,一般大學,1006,中國文化大學,07312103,景觀學系,學士班(日間),3,2,1,1.73
111,私立,一般大學,1006,中國文化大學,07313118,都市計劃與開發管理學系,學士班(日間),1,0,1,0.56
111,私立,一般大學,1006,中國文化大學,08121106,園藝暨生物技術學系,學士班(日間),1,0,1,0.58
111,私立,一般大學,1006,中國文化大學,08211054,森林暨自然保育學系,學士班(日間),1,1,0,0.46
111,私立,一般大學,1006,中國文化大學,09299082,社會福利學系,學士班(日間),1,1,0,0.23
111,私立,一般大學,1006,中國文化大學,01141023,體育學系運動教練博士班,博士班,2,1,1,3.13
111,私立,一般大學,1006,中國文化大學,02322001,中國文學系,博士班,2,1,1,3.64
111,私立,一般大學,1006,中國文化大學,03142087,地學研究所,博士班,1,1,0,3.57
111,私立,一般大學,1006,中國文化大學,02111121,科技藝術碩士學位學程,碩士班(日間),1,0,1,11.11
111,私立,一般大學,1006,中國文化大學,02151040,音樂學系,碩士班(日間),1,0,1,1.56
111,私立,一般大學,1006,中國文化大學,08112116,動物科學系,學士班(日間),1,0,1,0.57
111,私立,一般大學,1006,中國文化大學,10142093,運動與健康促進學系,學士班(日間),1,0,1,0.37
111,私立,一般大學,1006,中國文化大學,02221098,史學系,博士班,3,3,0,6.25
111,私立,一般大學,1006,中國文化大學,04131015,國際企業管理學系,博士班,1,1,0,1.12
111,私立,一般大學,1006,中國文化大學,07311068,建築及都市設計學系,博士班,3,1,2,10.34
111,私立,一般大學,1006,中國文化大學,02131059,美術學系,碩士班(日間),4,0,4,8.70
111,私立,一般大學,1006,中國文化大學,02221098,史學系,碩士班(日間),4,2,2,11.76
111,私立,一般大學,1006,中國文化大學,03212033,新聞學系,碩士班(日間),1,1,0,3.33
111,私立,一般大學,1006,中國文化大學,04131015,國際企業管理學系,碩士班(日間),1,1,0,2.22
111,私立,一般大學,1006,中國文化大學,04143027,行銷碩士學位學程,碩士班(日間),1,0,1,2.50
111,私立,一般大學,1006,中國文化大學,06131021,資訊工程學系,碩士班(日間),2,2,0,18.18
111,私立,一般大學,1006,中國文化大學,07311068,建築及都市設計學系,碩士班(日間),1,1,0,3.13
111,私立,一般大學,1006,中國文化大學,03199051,勞動暨人力資源學系,碩士班(日間),2,0,2,3.03
111,私立,一般大學,1006,中國文化大學,04121037,財務金融學系,碩士班(日間),1,1,0,4.17
111,私立,一般大學,1006,中國文化大學,04141041,國際貿易學系,碩士班(日間),2,2,0,7.41
111,私立,一般大學,1007,逢甲大學,02311002,外國語文學系,學士班(日間),1,1,0,0.22
111,私立,一般大學,1007,逢甲大學,02322001,中國文學系,學士班(日間),1,0,1,0.44
111,私立,一般大學,1007,逢甲大學,03111009,經濟學系,學士班(日間),1,1,0,0.23
111,私立,一般大學,1007,逢甲大學,03111012,合作經濟暨社會事業經營學系,學士班(日間),1,0,1,0.43
111,私立,一般大學,1007,逢甲大學,04121025,財務金融學系,學士班(日間),4,2,2,0.55
111,私立,一般大學,1007,逢甲大學,04123029,風險管理與保險學系,學士班(日間),2,2,0,0.48
111,私立,一般大學,1007,逢甲大學,04131019,企業管理學系,學士班(日間),2,1,1,0.36
111,私立,一般大學,1007,逢甲大學,04134086,土地管理學系,學士班(日間),2,2,0,0.44
111,私立,一般大學,1007,逢甲大學,04141024,國際經營與貿易學系國際企業管理全英語學士班,學士班(日間),2,0,2,1.59
111,私立,一般大學,1007,逢甲大學,04143033,行銷學系,學士班(日間),3,1,2,0.54
111,私立,一般大學,1007,逢甲大學,04199035,澳洲墨爾本皇家理工大學商學與創新雙學士學位學程,學士班(日間),2,2,0,1.83
111,私立,一般大學,1007,逢甲大學,04141024,國際經營與貿易學系,學士班(日間),1,1,0,0.13
111,私立,一般大學,1007,逢甲大學,04199092,美國加州聖荷西州立大學商學大數據分析雙學士學位學程,學士班(日間),1,0,1,0.88
111,私立,一般大學,1007,逢甲大學,06131048,資訊工程學系,學士班(日間),8,7,1,0.79
111,私立,一般大學,1007,逢甲大學,07141044,電機工程學系,學士班(日間),1,1,0,0.17
111,私立,一般大學,1007,逢甲大學,07141046,電子工程學系,學士班(日間),1,1,0,0.16
111,私立,一般大學,1007,逢甲大學,07141050,通訊工程學系,學士班(日間),3,3,0,0.59
111,私立,一般大學,1007,逢甲大學,07141052,自動控制工程學系,學士班(日間),1,1,0,0.19
111,私立,一般大學,1007,逢甲大學,07141101,光電科學與工程學系,學士班(日間),1,1,0,0.22
111,私立,一般大學,1007,逢甲大學,07311081,建築學士學位學程,學士班(日間),6,2,4,1.77
111,私立,一般大學,1007,逢甲大學,07321063,土木工程學系,學士班(日間),1,1,0,0.23
111,私立,一般大學,1007,逢甲大學,10411093,運輸與物流學系,學士班(日間),1,1,0,0.22
111,私立,一般大學,1007,逢甲大學,99999108,國際雙學士學位學程,學士班(日間),1,0,1,3.85
111,私立,一般大學,1007,逢甲大學,02322001,中國文學系,博士班,1,0,1,3.33
111,私立,一般大學,1007,逢甲大學,04191014,商學博士學位學程,博士班,2,2,0,1.74
111,私立,一般大學,1007,逢甲大學,07121075,環境工程與科學學系,博士班,2,2,0,15.38
111,私立,一般大學,1007,逢甲大學,07192074,纖維與複合材料學系,博士班,1,0,1,7.14
111,私立,一般大學,1007,逢甲大學,05411039,應用數學系,學士班(日間),2,2,0,0.52
111,私立,一般大學,1007,逢甲大學,05421040,統計學系,學士班(日間),2,1,1,0.47
111,私立,一般大學,1007,逢甲大學,07121075,環境工程與科學學系,學士班(日間),1,1,0,0.24
111,私立,一般大學,1007,逢甲大學,07141095,美國普渡大學電機資訊雙學士學位學程,學士班(日間),1,0,1,1.22
111,私立,一般大學,1007,逢甲大學,07192074,纖維與複合材料學系,學士班(日間),1,1,0,0.35
111,私立,一般大學,1007,逢甲大學,07313087,都市計畫與空間資訊學系,學士班(日間),2,2,0,0.50
111,私立,一般大學,1007,逢甲大學,06131048,資訊工程學系,博士班,8,5,3,28.57
111,私立,一般大學,1007,逢甲大學,07399116,建設規劃與工程博士學位學程,博士班,2,1,1,3.08
111,私立,一般大學,1007,逢甲大學,04122032,財稅學系,碩士班(日間),1,1,0,5.00
111,私立,一般大學,1007,逢甲大學,04143033,行銷學系全球行銷碩士班,碩士班(日間),1,0,1,2.78
111,私立,一般大學,1007,逢甲大學,06131048,資訊工程學系,碩士班(日間),2,2,0,1.59
111,私立,一般大學,1007,逢甲大學,07141046,電子工程學系,碩士班(日間),2,2,0,2.53
111,私立,一般大學,1007,逢甲大學,07141050,通訊工程學系,碩士班(日間),2,2,0,3.51
111,私立,一般大學,1007,逢甲大學,03111012,合作經濟暨社會事業經營學系,碩士班(日間),1,1,0,5.26
111,私立,一般大學,1007,逢甲大學,04121025,財務金融學系,碩士班(日間),1,1,0,2.33
111,私立,一般大學,1007,逢甲大學,04123029,風險管理與保險學系,碩士班(日間),1,1,0,3.45
111,私立,一般大學,1007,逢甲大學,04131019,企業管理學系,碩士班(日間),1,1,0,2.27
111,私立,一般大學,1007,逢甲大學,07141044,電機工程學系,碩士班(日間),1,1,0,1.64
111,私立,一般大學,1007,逢甲大學,07313087,都市計畫與空間資訊學系,碩士班(日間),2,1,1,6.45
111,私立,一般大學,1007,逢甲大學,07311081,建築碩士學位學程,碩士班(日間),2,1,1,3.33
111,私立,一般大學,1007,逢甲大學,07321063,土木工程學系,碩士班(日間),1,0,1,4.55
111,私立,一般大學,1007,逢甲大學,10411093,運輸與物流學系,碩士班(日間),1,1,0,2.27
111,私立,一般大學,1007,逢甲大學,04111017,會計學系,學士班(日間),4,3,1,0.53
111,私立,一般大學,1007,逢甲大學,04121028,財務工程與精算學士學位學程,學士班(日間),2,0,2,0.97
111,私立,一般大學,1008,靜宜大學,02322003,中國文學系,學士班(日間),3,0,3,0.76
111,私立,一般大學,1008,靜宜大學,03211008,大眾傳播學系,學士班(日間),4,1,3,1.42
111,私立,一般大學,1008,靜宜大學,04121019,財務金融學系,學士班(日間),3,1,2,0.43
111,私立,一般大學,1008,靜宜大學,04131015,國際企業學系,學士班(日間),2,2,0,0.29
111,私立,一般大學,1008,靜宜大學,05191031,食品營養學系,學士班(日間),2,0,2,0.50
111,私立,一般大學,1008,靜宜大學,05499036,財務工程學系,學士班(日間),1,0,1,0.53
111,私立,一般大學,1008,靜宜大學,07141030,資訊工程學系,學士班(日間),3,2,1,0.59
111,私立,一般大學,1008,靜宜大學,02311004,英國語文學系,碩士班(日間),1,1,0,4.00
111,私立,一般大學,1008,靜宜大學,04111011,會計學系,碩士班(日間),1,1,0,3.70
111,私立,一般大學,1008,靜宜大學,05499037,資料科學暨大數據分析與應用學系,學士班(日間),1,1,0,0.28
111,私立,一般大學,1008,靜宜大學,06131027,資訊管理學系,學士班(日間),2,1,1,0.41
111,私立,一般大學,1008,靜宜大學,06132009,資訊傳播工程學系,學士班(日間),2,1,1,0.39
111,私立,一般大學,1008,靜宜大學,09161035,化粧品科學系,學士班(日間),1,0,1,0.22
111,私立,一般大學,1008,靜宜大學,04121019,財務金融學系,碩士班(日間),1,0,1,4.55
111,私立,一般大學,1008,靜宜大學,04131015,國際企業學系,碩士班(日間),1,0,1,5.88
111,私立,一般大學,1008,靜宜大學,02311004,英國語文學系,學士班(日間),1,0,1,0.23
111,私立,一般大學,1008,靜宜大學,02311005,西班牙語文學系,學士班(日間),1,1,0,0.27
111,私立,一般大學,1008,靜宜大學,02311006,日本語文學系,學士班(日間),1,1,0,0.17
111,私立,一般大學,1008,靜宜大學,02311007,寰宇外語教育學士學位學程,學士班(日間),1,1,0,0.75
111,私立,一般大學,1008,靜宜大學,04111011,會計學系,學士班(日間),2,0,2,0.32
111,私立,一般大學,1008,靜宜大學,04131012,企業管理學系,學士班(日間),3,2,1,0.47
111,私立,一般大學,1009,長庚大學,05123012,生物醫學系,學士班(日間),1,1,0,0.26
111,私立,一般大學,1009,長庚大學,07111025,化工與材料工程學系,學士班(日間),1,1,0,0.46
111,私立,一般大學,1009,長庚大學,07141014,電機工程學系,學士班(日間),1,1,0,0.25
111,私立,一般大學,1009,長庚大學,09199042,呼吸治療學系,學士班(日間),1,0,1,0.67
111,私立,一般大學,1009,長庚大學,02122001,工業設計學系,學士班(日間),2,1,1,1.32
111,私立,一般大學,1009,長庚大學,04131005,工商管理學系,學士班(日間),1,1,0,0.53
111,私立,一般大學,1009,長庚大學,06131013,資訊管理學系,學士班(日間),1,1,0,0.26
111,私立,一般大學,1009,長庚大學,06131018,資訊工程學系,學士班(日間),2,2,0,0.80
111,私立,一般大學,1009,長庚大學,07141016,電子工程學系,學士班(日間),1,1,0,0.28
111,私立,一般大學,1009,長庚大學,09141046,醫學生物技術暨檢驗學系,學士班(日間),2,1,1,0.87
111,私立,一般大學,1009,長庚大學,09141048,醫學影像暨放射科學系,學士班(日間),1,0,1,0.73
111,私立,一般大學,1009,長庚大學,04131006,管理研究所,博士班,1,1,0,2.94
111,私立,一般大學,1009,長庚大學,07141016,電子工程學系,博士班,1,1,0,3.33
111,私立,一般大學,1009,長庚大學,06131013,資訊管理學系,碩士班(日間),2,2,0,4.17
111,私立,一般大學,1010,元智大學,02299049,人文社會學院英語學士班,學士班(日間),1,0,1,0.76
111,私立,一般大學,1010,元智大學,04199018,管理學院學士班,學士班(日間),4,1,3,0.25
111,私立,一般大學,1010,元智大學,06131011,資訊管理學系,學士班(日間),1,1,0,0.19
111,私立,一般大學,1010,元智大學,06131028,資訊工程學系,學士班(日間),1,1,0,0.15
111,私立,一般大學,1010,元智大學,06133013,資訊傳播學系,學士班(日間),3,1,2,0.61
111,私立,一般大學,1010,元智大學,07141033,電機工程學系,學士班(日間),2,2,0,0.16
111,私立,一般大學,1010,元智大學,07191043,工業工程與管理學系,學士班(日間),1,0,1,0.25
111,私立,一般大學,1010,元智大學,02299047,文化產業與文化政策博士學位學程,博士班,4,3,1,14.81
111,私立,一般大學,1010,元智大學,04199018,管理學院博士班,博士班,2,1,1,2.67
111,私立,一般大學,1010,元智大學,07191043,工業工程與管理學系,博士班,1,0,1,3.70
111,私立,一般大學,1010,元智大學,02322004,中國語文學系,碩士班(日間),1,0,1,4.55
111,私立,一般大學,1010,元智大學,06131028,資訊工程學系,碩士班(日間),2,2,0,2.00
111,私立,一般大學,1010,元智大學,07141033,電機工程學系,碩士班(日間),1,1,0,0.58
111,私立,一般大學,1010,元智大學,02191001,藝術與設計學系,學士班(日間),1,1,0,0.70
111,私立,一般大學,1010,元智大學,02311007,應用外語學系,學士班(日間),3,0,3,1.51
111,私立,一般大學,1010,元智大學,02322004,中國語文學系,學士班(日間),1,0,1,0.57
111,私立,一般大學,1010,元智大學,03141009,社會暨政策科學學系,學士班(日間),1,1,0,0.52
111,私立,一般大學,1010,元智大學,07111041,化學工程與材料科學學系,學士班(日間),2,2,0,0.45
111,私立,一般大學,1010,元智大學,07141032,電機通訊學院英語學士班,學士班(日間),1,1,0,0.61
111,私立,一般大學,1010,元智大學,07151037,機械工程學系,學士班(日間),1,1,0,0.25
111,私立,一般大學,1010,元智大學,07194050,工程學院英語學士班,學士班(日間),1,0,1,1.09
111,私立,一般大學,1010,元智大學,02191001,藝術與設計學系藝術與設計管理碩士班,碩士班(日間),1,0,1,5.00
111,私立,一般大學,1011,中華大學學校財團法人中華大學,07194037,工程科學博士學位學程,博士班,3,2,1,33.33
111,私立,一般大學,1011,中華大學學校財團法人中華大學,06131025,資訊工程學系,學士班(日間),1,1,0,0.22
111,私立,一般大學,1011,中華大學學校財團法人中華大學,07311038,建築與都市計畫學系,學士班(日間),2,2,0,0.91
111,私立,一般大學,1012,大葉大學,02121002,造形藝術學系,學士班(日間),1,0,1,0.62
111,私立,一般大學,1012,大葉大學,02123012,工業設計學系,學士班(日間),1,0,1,0.83
111,私立,一般大學,1012,大葉大學,02124014,空間設計學系,學士班(日間),1,0,1,0.35
111,私立,一般大學,1012,大葉大學,03211018,傳播藝術學士學位學程,學士班(日間),2,1,1,1.92
111,私立,一般大學,1012,大葉大學,07151046,機械與自動化工程學系,學士班(日間),2,2,0,0.93
111,私立,一般大學,1012,大葉大學,07141038,電機工程學系,學士班(日間),1,1,0,0.68
111,私立,一般大學,1012,大葉大學,07141038,電機工程學系,博士班,1,1,0,8.33
111,私立,一般大學,1013,華梵學校財團法人華梵大學,02299009,東方人文思想研究所,博士班,4,3,1,7.14
111,私立,一般大學,1014,義守大學,02111001,電影與電視學系,學士班(日間),3,3,0,1.08
111,私立,一般大學,1014,義守大學,02123006,創意商品設計學系,學士班(日間),2,2,0,1.29
111,私立,一般大學,1014,義守大學,03211008,大眾傳播學系,學士班(日間),4,1,3,1.31
111,私立,一般大學,1014,義守大學,02112005,數位多媒體設計學系,學士班(日間),1,0,1,0.52
111,私立,一般大學,1014,義守大學,04121066,財務金融管理學系,學士班(日間),1,0,1,0.26
111,私立,一般大學,1014,義守大學,06131027,資訊工程學系,學士班(日間),1,1,0,0.21
111,私立,一般大學,1014,義守大學,04131012,管理學院管理博士班,博士班,5,1,4,16.67
111,私立,一般大學,1014,義守大學,07141025,電機工程學系,博士班,2,1,1,14.29
111,私立,一般大學,1014,義守大學,02122067,傳播與設計學院文創傳播與設計碩士班,碩士班(日間),1,1,0,6.25
111,私立,一般大學,1014,義守大學,04121066,財務金融管理學系,碩士班(日間),2,0,2,16.67
111,私立,一般大學,1014,義守大學,07111033,化學工程學系生物技術與化學工程博士班,博士班,1,1,0,3.85
111,私立,一般大學,1015,世新大學,02111018,廣播電視電影學系,學士班(日間),7,2,5,0.65
111,私立,一般大學,1015,世新大學,03214013,資訊傳播學系,學士班(日間),1,0,1,0.39
111,私立,一般大學,1015,世新大學,03214020,圖文傳播暨數位出版學系,學士班(日間),2,1,1,0.43
111,私立,一般大學,1015,世新大學,04131023,企業管理學系,學士班(日間),2,1,1,0.93
111,私立,一般大學,1015,世新大學,02112004,數位多媒體設計學系,學士班(日間),4,1,3,0.90
111,私立,一般大學,1015,世新大學,02322001,中國文學系,學士班(日間),1,0,1,0.69
111,私立,一般大學,1015,世新大學,03111005,經濟學系,學士班(日間),1,0,1,0.32
111,私立,一般大學,1015,世新大學,03212017,新聞學系,學士班(日間),3,0,3,0.45
111,私立,一般大學,1015,世新大學,04121024,財務金融學系,學士班(日間),2,0,2,0.55
111,私立,一般大學,1015,世新大學,04143019,公共關係暨廣告學系,學士班(日間),5,0,5,0.67
111,私立,一般大學,1015,世新大學,04199025,傳播管理學系,學士班(日間),3,1,2,0.46
111,私立,一般大學,1015,世新大學,02111018,廣播電視電影學系,碩士班(日間),14,8,6,16.67
111,私立,一般大學,1015,世新大學,03111005,經濟學系,碩士班(日間),2,0,2,9.52
111,私立,一般大學,1015,世新大學,03141008,社會心理學系社會心理暨社會創新碩士班,碩士班(日間),2,0,2,12.50
111,私立,一般大學,1015,世新大學,03214013,資訊傳播學系,碩士班(日間),1,0,1,9.09
111,私立,一般大學,1015,世新大學,03214020,圖文傳播暨數位出版學系,碩士班(日間),1,0,1,16.67
111,私立,一般大學,1015,世新大學,03214012,傳播博士學位學程,博士班,18,10,8,36.00
111,私立,一般大學,1015,世新大學,04134009,行政管理學系,博士班,3,2,1,16.67
111,私立,一般大學,1015,世新大學,02112004,數位多媒體設計學系,碩士班(日間),1,1,0,4.00
111,私立,一般大學,1015,世新大學,02322001,中國文學系,碩士班(日間),2,0,2,16.67
111,私立,一般大學,1015,世新大學,03141007,性別研究所,碩士班(日間),2,1,1,6.67
111,私立,一般大學,1015,世新大學,03212017,新聞學系,碩士班(日間),4,0,4,12.50
111,私立,一般大學,1015,世新大學,03214014,口語傳播暨社群媒體學系,碩士班(日間),2,1,1,11.11
111,私立,一般大學,1015,世新大學,04131023,企業管理學系,碩士班(日間),3,2,1,16.67
111,私立,一般大學,1015,世新大學,04143019,公共關係暨廣告學系,碩士班(日間),6,1,5,16.22
111,私立,一般大學,1015,世新大學,04199025,傳播管理學系,碩士班(日間),4,2,2,17.39
111,私立,一般大學,1016,銘傳大學,02112072,商業設計學系,學士班(日間),2,0,2,0.43
111,私立,一般大學,1016,銘傳大學,02322002,應用中國文學系,學士班(日間),1,0,1,0.26
111,私立,一般大學,1016,銘傳大學,03213064,新媒體暨傳播管理學系,學士班(日間),4,2,2,1.20
111,私立,一般大學,1016,銘傳大學,04121020,財務金融學系,學士班(日間),4,1,3,0.57
111,私立,一般大學,1016,銘傳大學,04121059,經濟與金融學系,學士班(日間),1,0,1,0.23
111,私立,一般大學,1016,銘傳大學,04131017,國際企業與貿易學士學位學程,學士班(日間),1,1,0,0.17
111,私立,一般大學,1016,銘傳大學,04131036,企業管理學系,學士班(日間),3,1,2,0.37
111,私立,一般大學,1016,銘傳大學,04131061,國際企業學系,學士班(日間),1,0,1,0.13
111,私立,一般大學,1016,銘傳大學,04133022,醫療資訊與管理學系,學士班(日間),2,1,1,0.54
111,私立,一般大學,1016,銘傳大學,04143015,廣告暨策略行銷學系,學士班(日間),1,1,0,0.31
111,私立,一般大學,1016,銘傳大學,02311010,應用日語學系,學士班(日間),1,0,1,0.21
111,私立,一般大學,1016,銘傳大學,03131054,諮商與工商心理學系,學士班(日間),2,1,1,0.60
111,私立,一般大學,1016,銘傳大學,03211047,廣播電視學系,學士班(日間),2,0,2,0.48
111,私立,一般大學,1016,銘傳大學,03212046,新聞學系,學士班(日間),4,0,4,2.08
111,私立,一般大學,1016,銘傳大學,04111032,會計學系,學士班(日間),1,1,0,0.13
111,私立,一般大學,1016,銘傳大學,04123056,風險管理與保險學系,學士班(日間),1,0,1,0.20
111,私立,一般大學,1016,銘傳大學,04199089,金融科技應用學士學位學程,學士班(日間),1,0,1,0.56
111,私立,一般大學,1016,銘傳大學,04211039,法律學系,學士班(日間),1,0,1,0.24
111,私立,一般大學,1016,銘傳大學,05121009,生物科技學系,學士班(日間),1,1,0,0.26
111,私立,一般大學,1016,銘傳大學,05421079,應用統計與資料科學學系,學士班(日間),2,0,2,0.61
111,私立,一般大學,1016,銘傳大學,06132078,資訊傳播工程學系,學士班(日間),2,2,0,0.53
111,私立,一般大學,1016,銘傳大學,07141025,電子工程學系,學士班(日間),1,1,0,0.30
111,私立,一般大學,1016,銘傳大學,07311026,建築學系,學士班(日間),1,0,1,0.40
111,私立,一般大學,1016,銘傳大學,10151033,觀光事業學系,學士班(日間),2,1,1,0.73
111,私立,一般大學,1016,銘傳大學,10152076,休閒遊憩管理學系,學士班(日間),1,1,0,0.41
111,私立,一般大學,1016,銘傳大學,02322002,應用中國文學系,博士班,2,1,1,7.69
111,私立,一般大學,1016,銘傳大學,02112072,商業設計學系設計創作與研究碩士班,碩士班(日間),1,0,1,5.88
111,私立,一般大學,1016,銘傳大學,02322002,應用中國文學系,碩士班(日間),1,0,1,6.25
111,私立,一般大學,1016,銘傳大學,06131029,資訊工程學系,學士班(日間),3,2,1,0.65
111,私立,一般大學,1016,銘傳大學,06131045,資訊管理學系,學士班(日間),4,1,3,0.63
111,私立,一般大學,1016,銘傳大學,06134050,電腦與通訊工程學系,學士班(日間),2,1,1,0.56
111,私立,一般大學,1016,銘傳大學,07193043,生物醫學工程學系,學士班(日間),1,1,0,0.53
111,私立,一般大學,1016,銘傳大學,10131044,餐旅管理學系,學士班(日間),2,2,0,0.52
111,私立,一般大學,1016,銘傳大學,04131036,企業管理學系,博士班,13,4,9,31.71
111,私立,一般大學,1016,銘傳大學,02123073,商品設計學系創新設計與管理碩士班,碩士班(日間),1,1,0,5.88
111,私立,一般大學,1016,銘傳大學,03131054,諮商與工商心理學系,碩士班(日間),1,1,0,0.91
111,私立,一般大學,1016,銘傳大學,05121009,生物科技學系,碩士班(日間),1,1,0,4.55
111,私立,一般大學,1016,銘傳大學,07141025,電子工程學系,碩士班(日間),1,1,0,16.67
111,私立,一般大學,1016,銘傳大學,10151033,觀光事業學系,碩士班(日間),1,0,1,5.26
111,私立,一般大學,1016,銘傳大學,02112012,數位媒體設計學系,學士班(日間),1,0,1,0.17
111,私立,一般大學,1016,銘傳大學,03213064,新媒體暨傳播管理學系,碩士班(日間),1,0,1,3.23
111,私立,一般大學,1016,銘傳大學,04121020,財務金融學系,碩士班(日間),1,0,1,3.03
111,私立,一般大學,1016,銘傳大學,04131036,企業管理學系,碩士班(日間),1,0,1,2.50
111,私立,一般大學,1016,銘傳大學,06131029,資訊工程學系,碩士班(日間),1,1,0,5.26
111,私立,一般大學,1016,銘傳大學,06131045,資訊管理學系,碩士班(日間),1,1,0,4.76
111,私立,一般大學,1017,實踐大學,02123014,工業產品設計學系,學士班(日間),4,1,3,1.52
111,私立,一般大學,1017,實踐大學,02125053,服飾設計與經營學系,學士班(日間),1,0,1,0.20
111,私立,一般大學,1017,實踐大學,04111019,會計學系,學士班(日間),3,2,1,0.78
111,私立,一般大學,1017,實踐大學,04121029,財務金融學系,學士班(日間),1,0,1,0.23
111,私立,一般大學,1017,實踐大學,04131023,國際企業英語學士學位學程,學士班(日間),1,0,1,0.58
111,私立,一般大學,1017,實踐大學,04199036,管理學院創意產業博士班,博士班,9,2,7,33.33
111,私立,一般大學,1017,實踐大學,02112012,媒體傳達設計學系,碩士班(日間),4,2,2,8.89
111,私立,一般大學,1017,實踐大學,02125051,服裝設計學系,學士班(日間),3,1,2,0.56
111,私立,一般大學,1017,實踐大學,02311004,應用外語學系,學士班(日間),1,0,1,0.26
111,私立,一般大學,1017,實踐大學,04131021,企業管理學系,學士班(日間),1,0,1,0.24
111,私立,一般大學,1017,實踐大學,05191043,食品營養與保健生技學系,學士班(日間),1,0,1,0.24
111,私立,一般大學,1017,實踐大學,07311041,建築設計學系,學士班(日間),2,0,2,0.86
111,私立,一般大學,1017,實踐大學,09221045,家庭研究與兒童發展學系,學士班(日間),1,0,1,0.44
111,私立,一般大學,1017,實踐大學,02123014,工業產品設計學系,碩士班(日間),1,1,0,2.04
111,私立,一般大學,1017,實踐大學,07311041,建築設計學系,碩士班(日間),1,0,1,4.35
111,私立,一般大學,1017,實踐大學,02112012,媒體傳達設計學系,學士班(日間),6,2,4,1.53
111,私立,一般大學,1017,實踐大學,02122009,時尚設計學系,學士班(日間),4,2,2,0.82
111,私立,技專校院,1018,朝陽科技大學,02112003,視覺傳達設計系,學士班(日間),3,0,3,0.56
111,私立,技專校院,1018,朝陽科技大學,02311001,應用英語系,學士班(日間),1,0,1,0.21
111,私立,技專校院,1018,朝陽科技大學,03211006,傳播藝術系,學士班(日間),9,2,7,1.85
111,私立,技專校院,1018,朝陽科技大學,02123004,工業設計系,學士班(日間),2,2,0,0.43
111,私立,技專校院,1018,朝陽科技大學,07141020,資訊工程系,學士班(日間),1,1,0,0.22
111,私立,技專校院,1018,朝陽科技大學,07311028,建築系,學士班(日間),1,0,1,0.21
111,私立,技專校院,1018,朝陽科技大學,07312031,景觀及都市設計系,學士班(日間),2,1,1,0.58
111,私立,技專校院,1018,朝陽科技大學,10152036,休閒事業管理系,學士班(日間),1,0,1,0.23
111,私立,技專校院,1018,朝陽科技大學,02123004,工業設計系碩士班,碩士班(日間),1,0,1,5.00
111,私立,技專校院,1018,朝陽科技大學,02122028,建築系建築及都市設計博士班,博士班,4,2,2,16.67
111,私立,技專校院,1018,朝陽科技大學,06132023,資訊與通訊系碩士班,碩士班(日間),1,1,0,1.82
111,私立,一般大學,1019,高雄醫學大學,05311017,醫藥暨應用化學系,學士班(日間),3,2,1,0.88
111,私立,一般大學,1019,高雄醫學大學,09161027,香粧品學系,學士班(日間),1,0,1,0.42
111,私立,一般大學,1019,高雄醫學大學,05121050,生命科學博士學位學程,博士班,1,0,1,7.69
111,私立,一般大學,1019,高雄醫學大學,09161026,天然藥物研究所,博士班,1,0,1,5.26
111,私立,一般大學,1019,高雄醫學大學,09231049,醫學社會學與社會工作學系,碩士班(日間),1,1,0,3.13
111,私立,一般大學,1020,南華大學,04131029,企業管理學系管理科學博士班,博士班,1,0,1,2.56
111,私立,一般大學,1022,大同大學,02112004,媒體設計學系,學士班(日間),1,0,1,0.28
111,私立,一般大學,1022,大同大學,02123005,工業設計學系,學士班(日間),1,1,0,0.28
111,私立,一般大學,1022,大同大學,02311001,應用外語學系,學士班(日間),2,1,1,1.18
111,私立,一般大學,1022,大同大學,04131007,事業經營學系,學士班(日間),3,3,0,0.76
111,私立,一般大學,1022,大同大學,06131006,資訊經營學系,學士班(日間),1,1,0,0.47
111,私立,一般大學,1022,大同大學,02122003,設計科學研究所,博士班,15,8,7,23.44
111,私立,一般大學,1022,大同大學,06131012,資訊工程學系,學士班(日間),2,2,0,0.40
111,私立,一般大學,1022,大同大學,07141010,電機工程學系,學士班(日間),1,1,0,0.23
111,私立,一般大學,1022,大同大學,02112004,媒體設計學系,碩士班(日間),1,0,1,3.45
111,私立,一般大學,1022,大同大學,02123005,工業設計學系,碩士班(日間),1,0,1,2.86
111,私立,技專校院,1023,南臺學校財團法人南臺科技大學,03214011,資訊傳播系,學士班(日間),1,0,1,0.23
111,私立,技專校院,1023,南臺學校財團法人南臺科技大學,06132038,多媒體與電腦娛樂科學系,學士班(日間),1,1,0,0.21
111,私立,技專校院,1023,南臺學校財團法人南臺科技大學,10152058,休閒事業管理系,學士班(日間),3,2,1,0.83
111,私立,技專校院,1023,南臺學校財團法人南臺科技大學,04131016,經營管理博士學位學程,博士班,1,1,0,3.23
111,私立,技專校院,1023,南臺學校財團法人南臺科技大學,07151045,機械工程系碩士班,碩士班(日間),1,1,0,1.56
111,私立,技專校院,1023,南臺學校財團法人南臺科技大學,06132038,多媒體與電腦娛樂科學系碩士班,碩士班(日間),1,1,0,3.57
111,私立,技專校院,1024,崑山科技大學,02112004,視覺傳達設計系,學士班(日間),1,1,0,0.21
111,私立,技專校院,1024,崑山科技大學,02124007,空間設計系,學士班(日間),4,3,1,1.06
111,私立,技專校院,1024,崑山科技大學,02111009,視訊傳播設計系媒體藝術碩士班,碩士班(日間),1,1,0,4.00
111,私立,技專校院,1024,崑山科技大學,07151030,機械工程系機械與能源工程博士班,博士班,1,0,1,3.33
111,私立,技專校院,1026,樹德科技大學,02122004,流行設計系,學士班(日間),1,0,1,0.29
111,私立,技專校院,1026,樹德科技大學,02122006,動畫與遊戲設計系,學士班(日間),1,1,0,0.15
111,私立,技專校院,1026,樹德科技大學,02123010,生活產品設計系,學士班(日間),1,1,0,0.38
111,私立,技專校院,1026,樹德科技大學,02192002,藝術管理與藝術經紀系,學士班(日間),1,0,1,0.53
111,私立,技專校院,1026,樹德科技大學,02112009,視覺傳達設計系,學士班(日間),4,3,1,1.08
111,私立,技專校院,1026,樹德科技大學,02152001,表演藝術系,學士班(日間),1,1,0,0.23
111,私立,技專校院,1026,樹德科技大學,02124012,建築與室內設計研究所,碩士班(日間),1,1,0,7.14
111,私立,技專校院,1026,樹德科技大學,02122005,應用設計研究所,碩士班(日間),4,1,3,14.81
111,私立,一般大學,1027,慈濟學校財團法人慈濟大學,05111010,生命科學系,學士班(日間),1,0,1,1.15
111,私立,一般大學,1027,慈濟學校財團法人慈濟大學,03131008,人類發展與心理學系,碩士班(日間),1,0,1,2.04
111,私立,一般大學,1027,慈濟學校財團法人慈濟大學,02322004,東方語文學系,學士班(日間),1,0,1,0.62
111,私立,一般大學,1027,慈濟學校財團法人慈濟大學,02211005,宗教與人文研究所,碩士班(日間),1,0,1,2.70
111,私立,一般大學,1027,慈濟學校財團法人慈濟大學,06133032,醫學資訊學系,碩士班(日間),1,0,1,3.70
111,私立,一般大學,1028,臺北醫學大學,04133002,醫務管理學系,學士班(日間),2,1,1,0.78
111,私立,一般大學,1028,臺北醫學大學,06131042,醫學資訊研究所,博士班,1,1,0,2.94
111,私立,一般大學,1028,臺北醫學大學,05191032,保健營養學系,學士班(日間),1,1,0,0.39
111,私立,一般大學,1028,臺北醫學大學,07193009,生物醫學工程學系,學士班(日間),1,0,1,0.73
111,私立,一般大學,1028,臺北醫學大學,09111046,口腔衛生學系,學士班(日間),1,0,1,0.95
111,私立,一般大學,1028,臺北醫學大學,09141041,醫學檢驗暨生物技術學系,學士班(日間),1,0,1,0.40
111,私立,一般大學,1028,臺北醫學大學,09191020,公共衛生學系,學士班(日間),1,1,0,0.56
111,私立,一般大學,1028,臺北醫學大學,09211065,高齡健康暨長期照護學系,學士班(日間),1,0,1,0.51
111,私立,一般大學,1028,臺北醫學大學,06131042,醫學資訊研究所,碩士班(日間),1,1,0,3.57
111,私立,一般大學,1029,中山醫學大學,09141030,醫學檢驗暨生物技術學系,學士班(日間),1,1,0,0.30
111,私立,一般大學,1029,中山醫學大學,09141031,醫學影像暨放射科學系,學士班(日間),3,1,2,0.95
111,私立,一般大學,1029,中山醫學大學,09151022,物理治療學系,學士班(日間),1,1,0,0.44
111,私立,一般大學,1029,中山醫學大學,09152023,職能治療學系,學士班(日間),3,2,1,1.39
111,私立,一般大學,1029,中山醫學大學,09153024,語言治療與聽力學系,學士班(日間),2,0,2,0.50
111,私立,一般大學,1029,中山醫學大學,09153024,語言治療與聽力學系,碩士班(日間),2,2,0,4.55
111,私立,一般大學,1029,中山醫學大學,09121018,醫學研究所,碩士班(日間),1,0,1,1.14
111,私立,一般大學,1035,中國醫藥大學,09141032,生物醫學影像暨放射科學學系,學士班(日間),1,0,1,0.43
111,私立,一般大學,1035,中國醫藥大學,09161042,藥用化妝品學系,學士班(日間),1,0,1,0.52
111,私立,一般大學,1035,中國醫藥大學,05191021,營養學系,學士班(日間),1,0,1,0.32
111,私立,一般大學,1035,中國醫藥大學,09141017,醫學檢驗生物技術學系,學士班(日間),1,0,1,0.56
111,私立,一般大學,1035,中國醫藥大學,09151010,物理治療學系,學士班(日間),1,0,1,0.40
111,私立,一般大學,1035,中國醫藥大學,09159047,運動醫學系,學士班(日間),2,1,1,1.01
111,私立,一般大學,1035,中國醫藥大學,09141032,生物醫學影像暨放射科學學系,碩士班(日間),2,1,1,12.50
111,私立,一般大學,1039,玄奘大學,03211018,大眾傳播學系,學士班(日間),1,0,1,0.68
111,私立,一般大學,1039,玄奘大學,03211023,傳播學院碩士班,碩士班(日間),1,1,0,5.88
111,私立,技專校院,1041,明志科技大學,02112003,視覺傳達設計系碩士班,碩士班(日間),1,0,1,4.35
111,私立,技專校院,1041,明志科技大學,07151014,機械工程系機械與機電工程碩士班,碩士班(日間),1,1,0,2.08
111,私立,技專校院,1044,聖約翰科技大學,02112004,多媒體設計系,學士班(日間),2,1,1,2.50
111,私立,技專校院,1045,嶺東科技大學,02112003,視覺傳達設計系,學士班(日間),1,1,0,0.15
111,私立,技專校院,1045,嶺東科技大學,02112003,視覺傳達設計系碩士班,碩士班(日間),1,0,1,6.25
111,私立,技專校院,1045,嶺東科技大學,06121031,資訊管理系,學士班(日間),1,1,0,0.31
111,私立,技專校院,1045,嶺東科技大學,02112005,數位媒體設計系碩士班,碩士班(日間),1,0,1,5.88
111,私立,技專校院,1046,中國科技大學,02199006,影視設計系,學士班(日間),4,3,1,0.86
111,私立,技專校院,1046,中國科技大學,02311001,應用英語系,學士班(日間),1,0,1,0.56
111,私立,技專校院,1046,中國科技大學,07321030,土木與防災系,學士班(日間),1,0,1,0.58
111,私立,技專校院,1046,中國科技大學,02112003,視覺傳達設計系碩士班,碩士班(日間),1,0,1,5.00
111,私立,技專校院,1046,中國科技大學,04131010,企業管理系碩士班,碩士班(日間),1,1,0,2.04
111,私立,一般大學,1048,亞洲大學,02112007,數位媒體設計學系,學士班(日間),3,2,1,0.74
111,私立,一般大學,1048,亞洲大學,02123011,創意商品設計學系,學士班(日間),1,1,0,0.29
111,私立,一般大學,1048,亞洲大學,02124012,室內設計學系,學士班(日間),1,0,1,0.36
111,私立,一般大學,1048,亞洲大學,02311002,外國語文學系,學士班(日間),2,0,2,0.91
111,私立,一般大學,1048,亞洲大學,03131013,心理學系,學士班(日間),2,1,1,0.41
111,私立,一般大學,1048,亞洲大學,03213014,資訊傳播學系,學士班(日間),2,1,1,0.56
111,私立,一般大學,1048,亞洲大學,06134037,資訊工程學系,學士班(日間),1,1,0,0.21
111,私立,一般大學,1048,亞洲大學,02112007,數位媒體設計學系,博士班,3,2,1,8.33
111,私立,一般大學,1048,亞洲大學,04131017,經營管理學系,碩士班(日間),1,1,0,1.72
111,私立,一般大學,1048,亞洲大學,10151049,休閒與遊憩管理學系,學士班(日間),1,1,0,0.27
111,私立,一般大學,1048,亞洲大學,04131017,經營管理學系企業經濟與策略博士班,博士班,2,0,2,2.63
111,私立,一般大學,1048,亞洲大學,04199018,新興產業策略與發展博士學位學程,博士班,1,0,1,10.00
111,私立,一般大學,1048,亞洲大學,09191021,健康產業管理學系,博士班,1,1,0,3.03
111,私立,一般大學,1048,亞洲大學,02112006,視覺傳達設計學系,碩士班(日間),2,1,1,11.76
111,私立,一般大學,1048,亞洲大學,02112006,視覺傳達設計學系,學士班(日間),2,1,1,0.54
111,私立,一般大學,1050,佛光大學,02211010,佛教學系,博士班,4,0,4,13.33
111,私立,技專校院,1051,台南家專學校財團法人台南應用科技大學,02124015,室內設計系,學士班(日間),1,1,0,0.21
111,私立,技專校院,1054,景文科技大學,02112005,視覺傳達設計系,學士班(日間),1,1,0,0.24
111,私立,技專校院,1054,景文科技大學,06131030,行動商務與多媒體應用系,學士班(日間),3,3,0,1.92
111,私立,技專校院,1056,東南科技大學,10152021,休閒事業管理系,學士班(日間),1,1,0,0.26
111,私立,一般大學,1058,明道學校財團法人明道大學,02299043,中華文化與傳播學系,博士班,2,2,0,6.67
111,私立,技專校院,1075,文藻學校財團法人文藻外語大學,02311007,英國語文系,學士班(日間),1,0,1,0.15
111,私立,技專校院,1075,文藻學校財團法人文藻外語大學,02311009,法國語文系,學士班(日間),2,0,2,0.55
111,私立,技專校院,1075,文藻學校財團法人文藻外語大學,02311012,日本語文系,學士班(日間),2,1,1,0.28
111,私立,技專校院,1075,文藻學校財團法人文藻外語大學,02311010,德國語文系,學士班(日間),2,1,1,0.82
111,私立,技專校院,1075,文藻學校財團法人文藻外語大學,02311011,西班牙語文系,學士班(日間),1,0,1,0.27
111,私立,技專校院,1075,文藻學校財團法人文藻外語大學,03211018,傳播藝術系,學士班(日間),5,1,4,1.36
111,私立,技專校院,1075,文藻學校財團法人文藻外語大學,02312013,翻譯系,學士班(日間),1,0,1,0.43
111,私立,技專校院,1075,文藻學校財團法人文藻外語大學,02311007,英國語文系碩士班,碩士班(日間),1,0,1,3.23
111,私立,技專校院,1075,文藻學校財團法人文藻外語大學,02312013,翻譯系碩士班,碩士班(日間),1,1,0,2.63
111,私立,技專校院,1081,東方學校財團法人東方設計大學,02122018,文化創意設計研究所,博士班,3,0,3,11.54
111,私立,一般大學,1125,中信學校財團法人中信金融管理學院,04131012,企業管理學系金融管理碩士班,碩士班(日間),1,1,0,1.89
111,私立,一般大學,1196,法鼓學校財團法人法鼓文理學院,02211002,佛教學系,博士班,1,1,0,5.00
111,公立,一般大學,3002,臺北市立大學,01114035,教育行政與評鑑研究所,博士班,3,0,3,6.82
111,公立,一般大學,3002,臺北市立大學,10141054,競技運動訓練研究所,博士班,3,2,1,10.34
111,公立,一般大學,3002,臺北市立大學,01141025,體育學系,碩士班(日間),1,1,0,2.70
111,公立,一般大學,3002,臺北市立大學,02151037,音樂學系,碩士班(日間),1,0,1,1.43
111,公立,一般大學,3002,臺北市立大學,02221019,歷史與地理學系,碩士班(日間),1,0,1,2.27
111,公立,一般大學,3002,臺北市立大學,03131055,心理與諮商學系,碩士班(日間),1,0,1,1.09
111,公立,一般大學,3002,臺北市立大學,10141053,運動科學研究所,博士班,3,1,2,13.64
111,公立,一般大學,3002,臺北市立大學,01131017,英語教學系,碩士班(日間),1,1,0,2.22
112,公立,一般大學,0001,國立政治大學,04121068,金融學系,學士班(日間),1,0,1,0.39
112,公立,一般大學,0001,國立政治大學,01111001,教育學系,博士班,5,1,4,4.76
112,公立,一般大學,0001,國立政治大學,02221020,歷史學系,博士班,2,1,1,7.69
112,公立,一般大學,0001,國立政治大學,02222031,民族學系,博士班,2,0,2,11.76
112,公立,一般大學,0001,國立政治大學,02231022,哲學系,博士班,1,1,0,4.17
112,公立,一般大學,0001,國立政治大學,02311009,英國語文學系,博士班,2,1,1,9.52
112,公立,一般大學,0001,國立政治大學,02322008,中國文學系,博士班,7,2,5,14.00
112,公立,一般大學,0001,國立政治大學,03121026,政治學系,博士班,3,3,0,16.67
112,公立,一般大學,0001,國立政治大學,03143043,地政學系,博士班,1,1,0,5.88
112,公立,一般大學,0001,國立政治大學,03191047,國家發展研究所,博士班,8,7,1,20.00
112,公立,一般大學,0001,國立政治大學,04111059,會計學系,博士班,1,0,1,25.00
112,公立,一般大學,0001,國立政治大學,04121065,財務管理學系,博士班,1,0,1,8.33
112,公立,一般大學,0001,國立政治大學,02211019,宗教研究所,博士班,2,2,0,7.69
112,公立,一般大學,0001,國立政治大學,02323002,華語文教學博士學位學程,博士班,1,0,1,7.14
112,公立,一般大學,0001,國立政治大學,03141030,社會學系,博士班,1,0,1,12.50
112,公立,一般大學,0001,國立政治大學,03211056,傳播學院博士班,博士班,19,8,11,39.58
112,公立,一般大學,0001,國立政治大學,03222054,圖書資訊與檔案學研究所,博士班,1,1,0,8.33
112,公立,一般大學,0001,國立政治大學,04121068,金融學系,博士班,4,4,0,19.05
112,公立,一般大學,0001,國立政治大學,04131060,企業管理學系,博士班,8,1,7,14.55
112,公立,一般大學,0001,國立政治大學,04134041,公共行政學系,博士班,1,1,0,6.25
112,公立,一般大學,0001,國立政治大學,04141067,國際經營與貿易學系,博士班,1,0,1,16.67
112,公立,一般大學,0001,國立政治大學,05411078,應用數學系,博士班,1,1,0,10.00
112,公立,一般大學,0001,國立政治大學,05421079,統計學系,博士班,1,1,0,14.29
112,公立,一般大學,0001,國立政治大學,09231084,社會工作研究所,博士班,6,2,4,30.00
112,公立,一般大學,0001,國立政治大學,01121004,幼兒教育研究所,碩士班(日間),2,0,2,4.65
112,公立,一般大學,0001,國立政治大學,02221020,歷史學系,碩士班(日間),2,0,2,3.70
112,公立,一般大學,0001,國立政治大學,02231022,哲學系,碩士班(日間),4,3,1,8.89
112,公立,一般大學,0001,國立政治大學,02311011,日本語文學系,碩士班(日間),1,1,0,3.85
112,公立,一般大學,0001,國立政治大學,03131032,心理學系,碩士班(日間),2,1,1,2.20
112,公立,一般大學,0001,國立政治大學,03131033,輔導與諮商碩士學位學程,碩士班(日間),3,1,2,6.00
112,公立,一般大學,0001,國立政治大學,03141030,社會學系,碩士班(日間),1,0,1,1.59
112,公立,一般大學,0001,國立政治大學,03211050,國際傳播英語碩士學位學程,碩士班(日間),1,0,1,1.54
112,公立,一般大學,0001,國立政治大學,04121065,財務管理學系,碩士班(日間),2,1,1,2.20
112,公立,一般大學,0001,國立政治大學,04123069,風險管理與保險學系,博士班,1,1,0,7.69
112,公立,一般大學,0001,國立政治大學,04199072,科技管理與智慧財產研究所,博士班,1,0,1,3.13
112,公立,一般大學,0001,國立政治大學,04212073,法律學系,博士班,1,1,0,2.27
112,公立,一般大學,0001,國立政治大學,06131081,資訊科學系,博士班,2,1,1,18.18
112,公立,一般大學,0001,國立政治大學,02211019,宗教研究所,碩士班(日間),2,2,0,7.69
112,公立,一般大學,0001,國立政治大學,02322008,中國文學系,碩士班(日間),12,3,9,13.79
112,公立,一般大學,0001,國立政治大學,03121026,政治學系,碩士班(日間),1,1,0,1.45
112,公立,一般大學,0001,國立政治大學,03143038,俄羅斯研究所,碩士班(日間),1,1,0,3.33
112,公立,一般大學,0001,國立政治大學,03191047,國家發展研究所,碩士班(日間),5,3,2,7.04
112,公立,一般大學,0001,國立政治大學,03211049,傳播學院傳播碩士學位學程,碩士班(日間),23,3,20,10.22
112,公立,一般大學,0001,國立政治大學,03222054,圖書資訊與檔案學研究所,碩士班(日間),3,1,2,4.48
112,公立,一般大學,0001,國立政治大學,04111059,會計學系,碩士班(日間),3,2,1,2.26
112,公立,一般大學,0001,國立政治大學,04121068,金融學系,碩士班(日間),4,1,3,5.19
112,公立,一般大學,0001,國立政治大學,04212073,法律學系,碩士班(日間),4,1,3,1.68
112,公立,一般大學,0001,國立政治大學,04141067,國際經營與貿易學系,碩士班(日間),3,1,2,2.42
112,公立,一般大學,0001,國立政治大學,04199072,科技管理與智慧財產研究所,碩士班(日間),1,0,1,0.62
112,公立,一般大學,0001,國立政治大學,06131080,資訊管理學系,碩士班(日間),1,0,1,0.88
112,公立,一般大學,0001,國立政治大學,06131081,資訊科學系,碩士班(日間),5,3,2,2.99
112,公立,一般大學,0001,國立政治大學,09231084,社會工作研究所,碩士班(日間),3,0,3,5.00
112,公立,一般大學,0001,國立政治大學,06134057,數位內容碩士學位學程,碩士班(日間),3,1,2,5.26
112,公立,一般大學,0002,國立清華大學,02221006,歷史研究所,博士班,2,2,0,11.76
112,公立,一般大學,0002,國立清華大學,02322003,中國文學系,博士班,11,4,7,18.97
112,公立,一般大學,0002,國立清華大學,02399005,語言學研究所,博士班,1,0,1,7.14
112,公立,一般大學,0002,國立清華大學,03111011,經濟學系,博士班,4,0,4,36.36
112,公立,一般大學,0002,國立清華大學,02321001,台灣文學研究所,博士班,5,1,4,21.74
112,公立,一般大學,0002,國立清華大學,03141012,社會學研究所,博士班,4,2,2,25.00
112,公立,一般大學,0002,國立清華大學,04212024,科技法律研究所,博士班,2,1,1,11.76
112,公立,一般大學,0002,國立清華大學,05121026,生物科技研究所,博士班,1,0,1,2.63
112,公立,一般大學,0002,國立清華大學,05199033,系統神經科學研究所,博士班,1,1,0,9.09
112,公立,一般大學,0002,國立清華大學,05331038,物理學系,博士班,2,1,1,2.44
112,公立,一般大學,0002,國立清華大學,06131053,資訊工程學系,博士班,7,6,1,9.21
112,公立,一般大學,0002,國立清華大學,07191061,工業工程與工程管理學系,博士班,2,2,0,4.88
112,公立,一般大學,0002,國立清華大學,07193063,生醫工程與環境科學系,博士班,1,0,1,1.96
112,公立,一般大學,0002,國立清華大學,99999074,跨院國際博士班學位學程,博士班,9,2,7,6.57
112,公立,一般大學,0002,國立清華大學,01121091,幼兒教育學系,碩士班(日間),6,1,5,8.96
112,公立,一般大學,0002,國立清華大學,01141127,運動科學系,碩士班(日間),6,3,3,12.77
112,公立,一般大學,0002,國立清華大學,02151096,音樂學系,碩士班(日間),1,0,1,1.67
112,公立,一般大學,0002,國立清華大學,02311002,外國語文學系,碩士班(日間),3,0,3,8.57
112,公立,一般大學,0002,國立清華大學,02322003,中國文學系,碩士班(日間),12,4,8,14.29
112,公立,一般大學,0002,國立清華大學,02399005,語言學研究所,碩士班(日間),1,0,1,3.33
112,公立,一般大學,0002,國立清華大學,03111011,經濟學系,碩士班(日間),6,4,2,10.91
112,公立,一般大學,0002,國立清華大學,03131077,教育心理與諮商學系,碩士班(日間),1,1,0,0.73
112,公立,一般大學,0002,國立清華大學,04121020,計量財務金融學系,博士班,1,0,1,33.33
112,公立,一般大學,0002,國立清華大學,04199017,科技管理研究所,博士班,6,3,3,24.00
112,公立,一般大學,0002,國立清華大學,05311037,化學系,博士班,1,0,1,1.22
112,公立,一般大學,0002,國立清華大學,07112058,材料科學工程學系,博士班,3,2,1,2.65
112,公立,一般大學,0002,國立清華大學,07141050,電子工程研究所,博士班,2,2,0,5.41
112,公立,一般大學,0002,國立清華大學,07141054,通訊工程研究所,博士班,3,3,0,15.79
112,公立,一般大學,0002,國立清華大學,07151056,動力機械工程學系,博士班,6,6,0,8.45
112,公立,一般大學,0002,國立清華大學,07194066,工程與系統科學系,博士班,1,1,0,1.27
112,公立,一般大學,0002,國立清華大學,01111084,教育與學習科技學系,碩士班(日間),1,0,1,0.83
112,公立,一般大學,0002,國立清華大學,01113095,特殊教育學系,碩士班(日間),1,0,1,1.79
112,公立,一般大學,0002,國立清華大學,01131085,數理教育研究所,碩士班(日間),1,1,0,1.39
112,公立,一般大學,0002,國立清華大學,01131105,英語教學系,碩士班(日間),2,0,2,5.71
112,公立,一般大學,0002,國立清華大學,02131098,藝術與設計學系,碩士班(日間),6,2,4,7.14
112,公立,一般大學,0002,國立清華大學,02221006,歷史研究所,碩士班(日間),3,2,1,9.38
112,公立,一般大學,0002,國立清華大學,02222007,人類學研究所,碩士班(日間),2,0,2,4.00
112,公立,一般大學,0002,國立清華大學,02231008,哲學研究所,碩士班(日間),2,1,1,6.45
112,公立,一般大學,0002,國立清華大學,02299009,亞際文化研究國際碩士學位學程(台灣聯合大學系統),碩士班(日間),1,1,0,20.00
112,公立,一般大學,0002,國立清華大學,04199023,科技管理學院學士班,學士班(日間),1,0,1,0.29
112,公立,一般大學,0002,國立清華大學,01111084,教育與學習科技學系,博士班,7,0,7,10.77
112,公立,一般大學,0002,國立清華大學,02222007,人類學研究所,博士班,2,0,2,16.67
112,公立,一般大學,0002,國立清華大學,04121020,計量財務金融學系,碩士班(日間),9,5,4,17.65
112,公立,一般大學,0002,國立清華大學,04131018,國際專業管理碩士班,碩士班(日間),1,0,1,1.45
112,公立,一般大學,0002,國立清華大學,04199022,服務科學研究所,碩士班(日間),1,0,1,1.92
112,公立,一般大學,0002,國立清華大學,04212024,科技法律研究所,碩士班(日間),2,1,1,2.11
112,公立,一般大學,0002,國立清華大學,05121026,生物科技研究所,碩士班(日間),1,0,1,2.13
112,公立,一般大學,0002,國立清華大學,05121072,分子醫學研究所,碩士班(日間),1,0,1,2.22
112,公立,一般大學,0002,國立清華大學,05411043,數學系,碩士班(日間),2,2,0,3.64
112,公立,一般大學,0002,國立清華大學,06131053,資訊工程學系,碩士班(日間),3,3,0,0.67
112,公立,一般大學,0002,國立清華大學,07141049,電機工程學系,碩士班(日間),1,1,0,0.25
112,公立,一般大學,0002,國立清華大學,07141050,電子工程研究所,碩士班(日間),2,2,0,0.94
112,公立,一般大學,0002,國立清華大學,07151056,動力機械工程學系,碩士班(日間),3,3,0,0.83
112,公立,一般大學,0002,國立清華大學,07191061,工業工程與工程管理學系,碩士班(日間),4,4,0,1.87
112,公立,一般大學,0002,國立清華大學,07193063,生醫工程與環境科學系,碩士班(日間),2,1,1,1.98
112,公立,一般大學,0002,國立清華大學,99999074,跨院國際碩士學位學程,碩士班(日間),1,0,1,2.70
112,公立,一般大學,0002,國立清華大學,02321001,台灣文學研究所,碩士班(日間),1,0,1,2.38
112,公立,一般大學,0002,國立清華大學,02323114,華文文學研究所,碩士班(日間),4,2,2,7.41
112,公立,一般大學,0002,國立清華大學,03141012,社會學研究所,碩士班(日間),5,1,4,5.62
112,公立,一般大學,0002,國立清華大學,03199111,學習科學與科技研究所,碩士班(日間),2,1,1,2.67
112,公立,一般大學,0002,國立清華大學,04199017,科技管理研究所,碩士班(日間),4,1,3,6.15
112,公立,一般大學,0002,國立清華大學,05121030,生物資訊與結構生物研究所,碩士班(日間),1,0,1,1.52
112,公立,一般大學,0002,國立清華大學,05211102,環境與文化資源學系,碩士班(日間),5,1,4,8.93
112,公立,一般大學,0002,國立清華大學,05411115,計算與建模科學研究所,碩士班(日間),2,2,0,8.00
112,公立,一般大學,0002,國立清華大學,06134046,資訊系統與應用研究所,碩士班(日間),7,6,1,4.55
112,公立,一般大學,0002,國立清華大學,07112058,材料科學工程學系,碩士班(日間),3,2,1,0.93
112,公立,一般大學,0002,國立清華大學,07131068,核子工程與科學研究所,碩士班(日間),2,1,1,3.92
112,公立,一般大學,0002,國立清華大學,07141054,通訊工程研究所,碩士班(日間),3,3,0,1.81
112,公立,一般大學,0002,國立清華大學,07194059,奈米工程與微系統研究所,碩士班(日間),1,1,0,1.61
112,公立,一般大學,0003,國立臺灣大學,03191023,國家發展研究所,博士班,1,0,1,3.23
112,公立,一般大學,0003,國立臺灣大學,05322056,大氣科學系,學士班(日間),1,0,1,0.63
112,公立,一般大學,0003,國立臺灣大學,04121032,財務金融學系,博士班,1,0,1,4.55
112,公立,一般大學,0003,國立臺灣大學,04131026,商學研究所,博士班,2,0,2,4.55
112,公立,一般大學,0003,國立臺灣大學,04131031,國際企業學系,博士班,7,1,6,14.89
112,公立,一般大學,0003,國立臺灣大學,05311051,化學系,博士班,3,2,1,2.42
112,公立,一般大學,0003,國立臺灣大學,05331054,物理學系,博士班,3,3,0,2.59
112,公立,一般大學,0003,國立臺灣大學,07112078,材料科學與工程學系,博士班,2,2,0,2.44
112,公立,一般大學,0003,國立臺灣大學,07121080,環境工程學研究所,博士班,2,2,0,3.77
112,公立,一般大學,0003,國立臺灣大學,07141065,電子工程學研究所,博士班,5,4,1,4.95
112,公立,一般大學,0003,國立臺灣大學,07141066,光電工程學研究所,博士班,1,1,0,1.79
112,公立,一般大學,0003,國立臺灣大學,07191079,工業工程學研究所,博士班,1,1,0,5.88
112,公立,一般大學,0003,國立臺灣大學,07211099,食品科技研究所,博士班,3,1,2,10.34
112,公立,一般大學,0003,國立臺灣大學,07313086,建築與城鄉研究所,博士班,1,1,0,4.76
112,公立,一般大學,0003,國立臺灣大學,07321074,土木工程學系,博士班,4,2,2,2.50
112,公立,一般大學,0003,國立臺灣大學,07321075,生物環境系統工程學系,博士班,1,1,0,3.70
112,公立,一般大學,0003,國立臺灣大學,02221012,歷史學系,博士班,4,2,2,8.51
112,公立,一般大學,0003,國立臺灣大學,03111015,經濟學系,博士班,1,0,1,4.76
112,公立,一般大學,0003,國立臺灣大學,03121016,政治學系,博士班,10,7,3,25.64
112,公立,一般大學,0003,國立臺灣大學,03222025,圖書資訊學系,博士班,3,2,1,15.79
112,公立,一般大學,0003,國立臺灣大學,04111027,會計學系,博士班,1,0,1,6.25
112,公立,一般大學,0003,國立臺灣大學,04211035,法律學系,博士班,1,0,1,2.27
112,公立,一般大學,0003,國立臺灣大學,05121044,生物科技研究所,博士班,1,0,1,4.17
112,公立,一般大學,0003,國立臺灣大學,05121046,分子與細胞生物學研究所,博士班,1,1,0,10.00
112,公立,一般大學,0003,國立臺灣大學,05321052,地質科學系,博士班,1,0,1,2.27
112,公立,一般大學,0003,國立臺灣大學,05322056,大氣科學系,博士班,1,1,0,3.23
112,公立,一般大學,0003,國立臺灣大學,06131062,資訊管理學系,博士班,1,1,0,5.26
112,公立,一般大學,0003,國立臺灣大學,06131063,資訊網路與多媒體研究所,博士班,4,3,1,9.09
112,公立,一般大學,0003,國立臺灣大學,06131067,資訊工程學系,博士班,1,1,0,0.87
112,公立,一般大學,0003,國立臺灣大學,06131081,生醫電子與資訊學研究所,博士班,2,2,0,2.82
112,公立,一般大學,0003,國立臺灣大學,07111076,化學工程學系,博士班,2,2,0,2.35
112,公立,一般大學,0003,國立臺灣大學,07141064,電機工程學系,博士班,8,8,0,8.99
112,公立,一般大學,0003,國立臺灣大學,07141068,電信工程學研究所,博士班,3,3,0,4.00
112,公立,一般大學,0003,國立臺灣大學,08311103,漁業科學研究所,博士班,2,2,0,8.33
112,公立,一般大學,0003,國立臺灣大學,09161129,藥學系,博士班,1,0,1,5.26
112,公立,一般大學,0003,國立臺灣大學,09231144,社會工作學系,博士班,1,1,0,4.35
112,公立,一般大學,0003,國立臺灣大學,02151002,音樂學研究所,碩士班(日間),1,0,1,4.76
112,公立,一般大學,0003,國立臺灣大學,02191004,藝術史研究所,碩士班(日間),4,3,1,10.00
112,公立,一般大學,0003,國立臺灣大學,02222013,人類學系,碩士班(日間),6,1,5,15.38
112,公立,一般大學,0003,國立臺灣大學,02311009,日本語文學系,碩士班(日間),2,1,1,4.08
112,公立,一般大學,0003,國立臺灣大學,02322006,中國文學系,碩士班(日間),9,2,7,10.98
112,公立,一般大學,0003,國立臺灣大學,03131019,心理學系,碩士班(日間),2,1,1,1.74
112,公立,一般大學,0003,國立臺灣大學,03222025,圖書資訊學系,碩士班(日間),8,1,7,10.96
112,公立,一般大學,0003,國立臺灣大學,04131026,商學研究所,碩士班(日間),2,0,2,1.49
112,公立,一般大學,0003,國立臺灣大學,04131031,國際企業學系,碩士班(日間),7,0,7,4.86
112,公立,一般大學,0003,國立臺灣大學,04134022,公共事務研究所,碩士班(日間),4,1,3,8.70
112,公立,一般大學,0003,國立臺灣大學,05111038,生命科學系,碩士班(日間),1,0,1,1.22
112,公立,一般大學,0003,國立臺灣大學,07151069,機械工程學系,博士班,7,6,1,6.67
112,公立,一般大學,0003,國立臺灣大學,08211102,森林環境暨資源學系,博士班,1,1,0,3.85
112,公立,一般大學,0003,國立臺灣大學,08411104,獸醫學系,博士班,1,0,1,4.17
112,公立,一般大學,0003,國立臺灣大學,09121130,藥理學研究所,博士班,1,1,0,3.57
112,公立,一般大學,0003,國立臺灣大學,09191127,健康政策與管理研究所,博士班,4,0,4,6.78
112,公立,一般大學,0003,國立臺灣大學,02152003,戲劇學系,碩士班(日間),5,1,4,16.67
112,公立,一般大學,0003,國立臺灣大學,02221012,歷史學系,碩士班(日間),3,2,1,4.23
112,公立,一般大學,0003,國立臺灣大學,02231014,哲學系,碩士班(日間),5,4,1,10.00
112,公立,一般大學,0003,國立臺灣大學,02312010,翻譯碩士學位學程,碩士班(日間),1,1,0,1.64
112,公立,一般大學,0003,國立臺灣大學,03111015,經濟學系,碩士班(日間),4,3,1,3.60
112,公立,一般大學,0003,國立臺灣大學,03141018,社會學系,碩士班(日間),3,0,3,6.82
112,公立,一般大學,0003,國立臺灣大學,03142021,地理環境資源學系,碩士班(日間),3,1,2,4.62
112,公立,一般大學,0003,國立臺灣大學,05121045,生化科學研究所,碩士班(日間),2,1,1,3.92
112,公立,一般大學,0003,國立臺灣大學,05421168,統計與數據科學研究所,碩士班(日間),2,1,1,6.67
112,公立,一般大學,0003,國立臺灣大學,06131062,資訊管理學系,碩士班(日間),4,1,3,2.86
112,公立,一般大學,0003,國立臺灣大學,06131067,資訊工程學系,碩士班(日間),13,8,5,3.39
112,公立,一般大學,0003,國立臺灣大學,07121080,環境工程學研究所,碩士班(日間),3,1,2,2.27
112,公立,一般大學,0003,國立臺灣大學,07151069,機械工程學系,碩士班(日間),6,6,0,1.18
112,公立,一般大學,0003,國立臺灣大學,07151082,工程科學及海洋工程學系,碩士班(日間),1,1,0,0.45
112,公立,一般大學,0003,國立臺灣大學,07211099,食品科技研究所,碩士班(日間),2,0,2,2.17
112,公立,一般大學,0003,國立臺灣大學,07321074,土木工程學系,碩士班(日間),8,6,2,1.93
112,公立,一般大學,0003,國立臺灣大學,07321075,生物環境系統工程學系,碩士班(日間),1,1,0,1.41
112,公立,一般大學,0003,國立臺灣大學,08121091,園藝暨景觀學系,碩士班(日間),2,1,1,1.55
112,公立,一般大學,0003,國立臺灣大學,08193096,農業經濟學系,碩士班(日間),8,5,3,8.60
112,公立,一般大學,0003,國立臺灣大學,08193098,生物產業傳播暨發展學系,碩士班(日間),1,1,0,3.03
112,公立,一般大學,0003,國立臺灣大學,08311103,漁業科學研究所,碩士班(日間),1,0,1,2.33
112,公立,一般大學,0003,國立臺灣大學,03191023,國家發展研究所,碩士班(日間),5,2,3,2.72
112,公立,一般大學,0003,國立臺灣大學,03212024,新聞研究所,碩士班(日間),10,2,8,10.87
112,公立,一般大學,0003,國立臺灣大學,04121032,財務金融學系,碩士班(日間),2,0,2,1.36
112,公立,一般大學,0003,國立臺灣大學,04211035,法律學系,碩士班(日間),9,2,7,1.90
112,公立,一般大學,0003,國立臺灣大學,05111040,植物科學研究所,碩士班(日間),2,1,1,3.17
112,公立,一般大學,0003,國立臺灣大學,05121151,生化科技學系,碩士班(日間),1,0,1,0.91
112,公立,一般大學,0003,國立臺灣大學,05311051,化學系,碩士班(日間),1,0,1,0.34
112,公立,一般大學,0003,國立臺灣大學,05331054,物理學系,碩士班(日間),5,5,0,2.44
112,公立,一般大學,0003,國立臺灣大學,06131063,資訊網路與多媒體研究所,碩士班(日間),3,2,1,2.24
112,公立,一般大學,0003,國立臺灣大學,06131081,生醫電子與資訊學研究所,碩士班(日間),10,9,1,6.58
112,公立,一般大學,0003,國立臺灣大學,07111076,化學工程學系,碩士班(日間),1,0,1,0.37
112,公立,一般大學,0003,國立臺灣大學,07111077,高分子科學與工程學研究所,碩士班(日間),2,1,1,2.90
112,公立,一般大學,0003,國立臺灣大學,07141064,電機工程學系,碩士班(日間),1,1,0,0.44
112,公立,一般大學,0003,國立臺灣大學,07141065,電子工程學研究所,碩士班(日間),2,2,0,0.44
112,公立,一般大學,0003,國立臺灣大學,07141066,光電工程學研究所,碩士班(日間),4,4,0,1.34
112,公立,一般大學,0003,國立臺灣大學,07141068,電信工程學研究所,碩士班(日間),1,1,0,0.26
112,公立,一般大學,0003,國立臺灣大學,07151071,應用力學研究所,碩士班(日間),1,1,0,0.49
112,公立,一般大學,0003,國立臺灣大學,07191079,工業工程學研究所,碩士班(日間),2,1,1,2.86
112,公立,一般大學,0003,國立臺灣大學,07193083,醫學工程學系,碩士班(日間),6,2,4,4.84
112,公立,一般大學,0003,國立臺灣大學,09121120,基因體暨蛋白體醫學研究所,碩士班(日間),1,0,1,4.76
112,公立,一般大學,0003,國立臺灣大學,09141143,醫療器材與醫學影像研究所,碩士班(日間),1,0,1,5.26
112,公立,一般大學,0003,國立臺灣大學,09191128,健康行為與社區科學研究所,碩士班(日間),1,0,1,3.03
112,公立,一般大學,0003,國立臺灣大學,09231144,社會工作學系,碩士班(日間),2,1,1,3.23
112,公立,一般大學,0003,國立臺灣大學,07313086,建築與城鄉研究所,碩士班(日間),17,5,12,12.06
112,公立,一般大學,0003,國立臺灣大學,08112089,動物科學技術學系,碩士班(日間),1,1,0,1.67
112,公立,一般大學,0003,國立臺灣大學,08191100,農業化學系,碩士班(日間),1,1,0,1.69
112,公立,一般大學,0003,國立臺灣大學,08211102,森林環境暨資源學系,碩士班(日間),2,2,0,1.63
112,公立,一般大學,0003,國立臺灣大學,09121114,解剖學暨細胞生物學研究所,碩士班(日間),1,0,1,4.35
112,公立,一般大學,0003,國立臺灣大學,09141136,醫學檢驗暨生物技術學系,碩士班(日間),2,0,2,3.85
112,公立,一般大學,0003,國立臺灣大學,09191127,健康政策與管理研究所,碩士班(日間),2,1,1,4.26
112,公立,一般大學,0003,國立臺灣大學,09191157,食品安全與健康研究所,碩士班(日間),1,0,1,3.03
112,公立,一般大學,0003,國立臺灣大學,09191162,環境與職業健康科學研究所,碩士班(日間),3,0,3,3.80
112,公立,一般大學,0003,國立臺灣大學,09199141,毒理學研究所,碩士班(日間),1,1,0,5.00
112,公立,一般大學,0003,國立臺灣大學,02152003,戲劇學系,學士班(日間),1,0,1,0.61
112,公立,一般大學,0003,國立臺灣大學,08194094,植物病理與微生物學系,學士班(日間),1,0,1,0.81
112,公立,一般大學,0003,國立臺灣大學,02151002,音樂學研究所,博士班,2,0,2,10.53
112,公立,一般大學,0003,國立臺灣大學,02222013,人類學系,博士班,2,2,0,12.50
112,公立,一般大學,0003,國立臺灣大學,02322006,中國文學系,博士班,1,1,0,2.44
112,公立,一般大學,0003,國立臺灣大學,02399011,語言學研究所,博士班,1,1,0,7.14
112,公立,一般大學,0003,國立臺灣大學,03131019,心理學系,博士班,2,1,1,5.71
112,公立,一般大學,0004,國立臺灣師範大學,01131017,健康促進與衛生教育學系,學士班(日間),1,1,0,0.57
112,公立,一般大學,0004,國立臺灣師範大學,01141010,工業教育學系,博士班,1,1,0,3.03
112,公立,一般大學,0004,國立臺灣師範大學,01141087,體育與運動科學系,博士班,7,4,3,5.88
112,公立,一般大學,0004,國立臺灣師範大學,02131023,美術學系,博士班,3,1,2,3.06
112,公立,一般大學,0004,國立臺灣師範大學,02313005,華語文教學系,博士班,1,0,1,1.59
112,公立,一般大學,0004,國立臺灣師範大學,03131003,教育心理與輔導學系,博士班,3,1,2,4.35
112,公立,一般大學,0004,國立臺灣師範大學,05411062,數學系,博士班,1,0,1,6.67
112,公立,一般大學,0004,國立臺灣師範大學,06131065,資訊工程學系,博士班,1,1,0,7.14
112,公立,一般大學,0004,國立臺灣師範大學,01111001,教育學系,博士班,3,0,3,4.17
112,公立,一般大學,0004,國立臺灣師範大學,01113018,特殊教育學系,博士班,3,1,2,7.50
112,公立,一般大學,0004,國立臺灣師範大學,01115002,課程與教學研究所,博士班,2,0,2,4.88
112,公立,一般大學,0004,國立臺灣師範大學,01131009,社會教育學系,博士班,3,2,1,9.09
112,公立,一般大學,0004,國立臺灣師範大學,01141090,幼兒與家庭科學學系,博士班,4,0,4,13.79
112,公立,一般大學,0004,國立臺灣師範大學,02112037,設計學系,博士班,10,4,6,27.78
112,公立,一般大學,0004,國立臺灣師範大學,02151024,音樂學系,博士班,3,1,2,9.38
112,公立,一般大學,0004,國立臺灣師範大學,02312034,翻譯研究所,博士班,4,1,3,11.43
112,公立,一般大學,0004,國立臺灣師範大學,02322029,國文學系,博士班,4,1,3,8.00
112,公立,一般大學,0004,國立臺灣師範大學,05311059,化學系,博士班,1,0,1,3.70
112,公立,一般大學,0004,國立臺灣師範大學,01111001,教育學系,碩士班(日間),5,2,3,6.25
112,公立,一般大學,0004,國立臺灣師範大學,10152077,運動休閒與餐旅管理研究所,博士班,3,0,3,10.00
112,公立,一般大學,0004,國立臺灣師範大學,01113018,特殊教育學系,碩士班(日間),1,1,0,1.85
112,公立,一般大學,0004,國立臺灣師範大學,01141087,體育與運動科學系,碩士班(日間),3,2,1,1.92
112,公立,一般大學,0004,國立臺灣師範大學,01141090,幼兒與家庭科學學系,碩士班(日間),1,0,1,1.37
112,公立,一般大學,0004,國立臺灣師範大學,02112037,設計學系,碩士班(日間),4,0,4,4.88
112,公立,一般大學,0004,國立臺灣師範大學,02299045,歐洲文化與觀光研究所,碩士班(日間),1,0,1,2.13
112,公立,一般大學,0004,國立臺灣師範大學,02312034,翻譯研究所,碩士班(日間),1,0,1,1.15
112,公立,一般大學,0004,國立臺灣師範大學,03211048,大眾傳播研究所,碩士班(日間),3,1,2,3.13
112,公立,一般大學,0004,國立臺灣師範大學,03214050,圖文傳播學系,碩士班(日間),3,0,3,4.35
112,公立,一般大學,0004,國立臺灣師範大學,04131047,全球經營與策略研究所,碩士班(日間),2,2,0,3.23
112,公立,一般大學,0004,國立臺灣師範大學,04131052,管理研究所,碩士班(日間),5,3,2,5.75
112,公立,一般大學,0004,國立臺灣師範大學,05311059,化學系,碩士班(日間),1,0,1,0.54
112,公立,一般大學,0004,國立臺灣師範大學,06131065,資訊工程學系,碩士班(日間),1,1,0,0.52
112,公立,一般大學,0004,國立臺灣師範大學,01115002,課程與教學研究所,碩士班(日間),2,1,1,5.56
112,公立,一般大學,0004,國立臺灣師範大學,01131009,社會教育學系,碩士班(日間),3,1,2,3.61
112,公立,一般大學,0004,國立臺灣師範大學,02131023,美術學系,碩士班(日間),3,2,1,2.50
112,公立,一般大學,0004,國立臺灣師範大學,02151024,音樂學系,碩士班(日間),1,0,1,0.73
112,公立,一般大學,0004,國立臺灣師範大學,02151025,民族音樂研究所,碩士班(日間),2,0,2,3.77
112,公立,一般大學,0004,國立臺灣師範大學,02152027,表演藝術研究所,碩士班(日間),3,1,2,3.23
112,公立,一般大學,0004,國立臺灣師範大學,02191026,藝術史研究所,碩士班(日間),7,1,6,11.67
112,公立,一般大學,0004,國立臺灣師範大學,02313005,華語文教學系,碩士班(日間),4,1,3,1.88
112,公立,一般大學,0004,國立臺灣師範大學,02322029,國文學系,碩士班(日間),7,3,4,7.45
112,公立,一般大學,0004,國立臺灣師範大學,03143042,東亞學系,碩士班(日間),1,1,0,1.23
112,公立,一般大學,0004,國立臺灣師範大學,03199070,復健諮商研究所,碩士班(日間),1,1,0,3.33
112,公立,一般大學,0004,國立臺灣師範大學,05111056,生命科學系,碩士班(日間),1,1,0,1.10
112,公立,一般大學,0004,國立臺灣師範大學,07141063,電機工程學系,碩士班(日間),1,1,0,0.67
112,公立,一般大學,0004,國立臺灣師範大學,10152077,運動休閒與餐旅管理研究所,碩士班(日間),2,0,2,2.02
112,公立,一般大學,0005,國立成功大學,03111114,經濟學系,學士班(日間),1,0,1,0.37
112,公立,一般大學,0005,國立成功大學,07151042,機械工程學系,學士班(日間),2,2,0,0.29
112,公立,一般大學,0005,國立成功大學,07311075,建築學系,學士班(日間),1,0,1,0.32
112,公立,一般大學,0005,國立成功大學,01111103,教育研究所,博士班,1,1,0,3.57
112,公立,一般大學,0005,國立成功大學,02221110,歷史學系,博士班,1,1,0,3.85
112,公立,一般大學,0005,國立成功大學,04199057,工業與資訊管理學系,博士班,1,0,1,7.14
112,公立,一般大學,0005,國立成功大學,06131036,資訊工程學系,學士班(日間),1,0,1,0.19
112,公立,一般大學,0005,國立成功大學,02122112,創意產業設計研究所,博士班,3,0,3,6.98
112,公立,一般大學,0005,國立成功大學,02123113,工業設計學系,博士班,15,5,10,19.74
112,公立,一般大學,0005,國立成功大學,02311108,外國語文學系,博士班,3,2,1,15.00
112,公立,一般大學,0005,國立成功大學,03121115,政治學系政治經濟學博士班,博士班,3,2,1,12.00
112,公立,一般大學,0005,國立成功大學,06131030,資訊管理研究所,博士班,1,1,0,5.00
112,公立,一般大學,0005,國立成功大學,06131037,電腦與通信工程研究所,博士班,1,1,0,4.76
112,公立,一般大學,0005,國立成功大學,07141035,光電科學與工程學系,博士班,1,1,0,2.94
112,公立,一般大學,0005,國立成功大學,01111103,教育研究所,碩士班(日間),1,0,1,1.67
112,公立,一般大學,0005,國立成功大學,02222111,考古學研究所,碩士班(日間),1,0,1,1.96
112,公立,一般大學,0005,國立成功大學,03111114,經濟學系,碩士班(日間),1,0,1,3.33
112,公立,一般大學,0005,國立成功大學,04212001,法律學系,博士班,2,0,2,7.41
112,公立,一般大學,0005,國立成功大學,06131036,資訊工程學系,博士班,7,5,2,8.24
112,公立,一般大學,0005,國立成功大學,07141032,電機工程學系,博士班,1,1,0,0.88
112,公立,一般大學,0005,國立成功大學,07311075,建築學系,博士班,5,3,2,10.00
112,公立,一般大學,0005,國立成功大學,07313076,都市計劃學系,博士班,5,3,2,25.00
112,公立,一般大學,0005,國立成功大學,07321049,土木工程學系,博士班,1,1,0,2.27
112,公立,一般大學,0005,國立成功大學,02122112,創意產業設計研究所,碩士班(日間),3,0,3,4.62
112,公立,一般大學,0005,國立成功大學,02123113,工業設計學系,碩士班(日間),8,5,3,8.16
112,公立,一般大學,0005,國立成功大學,02152051,戲劇碩士學位學程,碩士班(日間),7,2,5,31.82
112,公立,一般大學,0005,國立成功大學,02191104,藝術研究所,碩士班(日間),6,1,5,11.76
112,公立,一般大學,0005,國立成功大學,02311108,外國語文學系,碩士班(日間),1,0,1,2.17
112,公立,一般大學,0005,國立成功大學,02322107,中國文學系中國文學碩士班,碩士班(日間),3,1,2,6.82
112,公立,一般大學,0005,國立成功大學,04131124,國際企業研究所,碩士班(日間),2,1,1,2.99
112,公立,一般大學,0005,國立成功大學,04212001,法律學系,碩士班(日間),2,0,2,1.28
112,公立,一般大學,0005,國立成功大學,05311017,化學系,碩士班(日間),1,1,0,0.72
112,公立,一般大學,0005,國立成功大學,05421128,數據科學研究所,碩士班(日間),1,1,0,4.55
112,公立,一般大學,0005,國立成功大學,06131036,資訊工程學系,碩士班(日間),11,10,1,3.34
112,公立,一般大學,0005,國立成功大學,06131095,醫學資訊研究所,碩士班(日間),1,1,0,3.57
112,公立,一般大學,0005,國立成功大學,07112063,材料科學及工程學系,碩士班(日間),1,1,0,0.35
112,公立,一般大學,0005,國立成功大學,07141032,電機工程學系,碩士班(日間),2,1,1,0.27
112,公立,一般大學,0005,國立成功大學,07151042,機械工程學系,碩士班(日間),1,1,0,0.24
112,公立,一般大學,0005,國立成功大學,07311075,建築學系,碩士班(日間),3,2,1,1.70
112,公立,一般大學,0005,國立成功大學,07313076,都市計劃學系,碩士班(日間),2,1,1,1.85
112,公立,一般大學,0005,國立成功大學,07321049,土木工程學系,碩士班(日間),3,2,1,1.15
112,公立,一般大學,0005,國立成功大學,09191079,公共衛生研究所,碩士班(日間),1,0,1,2.56
112,公立,一般大學,0005,國立成功大學,10152097,體育健康與休閒研究所,碩士班(日間),2,1,1,4.88
112,公立,一般大學,0006,國立中興大學,07151050,機械工程學系,學士班(日間),1,1,0,0.25
112,公立,一般大學,0006,國立中興大學,08411087,獸醫學系,學士班(日間),1,0,1,0.27
112,公立,一般大學,0006,國立中興大學,04121019,財務金融學系,博士班,1,0,1,5.88
112,公立,一般大學,0006,國立中興大學,04131097,運動與健康管理研究所,碩士班(日間),2,2,0,7.41
112,公立,一般大學,0006,國立中興大學,05123034,生物化學研究所,博士班,1,0,1,11.11
112,公立,一般大學,0006,國立中興大學,07121059,環境工程學系,博士班,1,1,0,5.00
112,公立,一般大學,0006,國立中興大學,08411087,獸醫學系,博士班,5,1,4,16.13
112,公立,一般大學,0006,國立中興大學,07312061,景觀與遊憩碩士學位學程,碩士班(日間),1,0,1,7.14
112,公立,一般大學,0006,國立中興大學,08411087,獸醫學系,碩士班(日間),3,0,3,4.17
112,公立,一般大學,0006,國立中興大學,07141045,電機工程學系,碩士班(日間),1,1,0,0.34
112,公立,一般大學,0006,國立中興大學,07112057,材料科學與工程學系,學士班(日間),1,1,0,0.42
112,公立,一般大學,0007,國立陽明交通大學,02299010,社會與文化研究所,博士班,14,5,9,29.79
112,公立,一般大學,0007,國立陽明交通大學,04121020,資訊管理與財務金融學系財務金融博士班,博士班,6,5,1,19.35
112,公立,一般大學,0007,國立陽明交通大學,06131022,資訊管理研究所,博士班,1,1,0,3.85
112,公立,一般大學,0007,國立陽明交通大學,06131061,資訊科學與工程研究所,博士班,6,3,3,4.29
112,公立,一般大學,0007,國立陽明交通大學,07141050,電機工程學系,博士班,1,1,0,1.59
112,公立,一般大學,0007,國立陽明交通大學,07141064,電控工程研究所,博士班,1,1,0,2.27
112,公立,一般大學,0007,國立陽明交通大學,05121112,生命科學系暨基因體科學研究所,學士班(日間),2,0,2,1.90
112,公立,一般大學,0007,國立陽明交通大學,02122004,應用藝術研究所,博士班,5,3,2,14.71
112,公立,一般大學,0007,國立陽明交通大學,04131018,管理科學系,博士班,3,2,1,10.00
112,公立,一般大學,0007,國立陽明交通大學,04199023,科技管理研究所,博士班,5,3,2,25.00
112,公立,一般大學,0007,國立陽明交通大學,04212027,科技法律研究所,博士班,1,1,0,4.55
112,公立,一般大學,0007,國立陽明交通大學,05121112,生命科學系暨基因體科學研究所,博士班,1,0,1,7.14
112,公立,一般大學,0007,國立陽明交通大學,07141066,國際半導體產業學院博士班,博士班,1,1,0,1.19
112,公立,一般大學,0007,國立陽明交通大學,07151070,機械工程學系,博士班,2,2,0,2.78
112,公立,一般大學,0007,國立陽明交通大學,07191075,工業工程與管理學系,博士班,1,1,0,3.57
112,公立,一般大學,0007,國立陽明交通大學,07193120,生醫光電研究所,博士班,1,1,0,5.00
112,公立,一般大學,0007,國立陽明交通大學,02122004,應用藝術研究所,碩士班(日間),7,0,7,9.46
112,公立,一般大學,0007,國立陽明交通大學,03211014,傳播研究所,碩士班(日間),5,1,4,7.25
112,公立,一般大學,0007,國立陽明交通大學,04131018,管理科學系,碩士班(日間),4,2,2,5.19
112,公立,一般大學,0007,國立陽明交通大學,04212027,科技法律研究所,碩士班(日間),1,0,1,0.75
112,公立,一般大學,0007,國立陽明交通大學,07141053,電子研究所,博士班,3,2,1,2.68
112,公立,一般大學,0007,國立陽明交通大學,07321071,土木工程學系,博士班,4,2,2,7.14
112,公立,一般大學,0007,國立陽明交通大學,10411086,運輸與物流管理學系,博士班,2,1,1,8.33
112,公立,一般大學,0007,國立陽明交通大學,05311036,應用化學系,碩士班(日間),2,2,0,0.92
112,公立,一般大學,0007,國立陽明交通大學,06131061,資訊科學與工程研究所,碩士班(日間),2,1,1,0.44
112,公立,一般大學,0007,國立陽明交通大學,07141050,電機工程學系,碩士班(日間),5,4,1,2.02
112,公立,一般大學,0007,國立陽明交通大學,07141053,電子研究所,碩士班(日間),1,1,0,0.16
112,公立,一般大學,0007,國立陽明交通大學,07141055,光電工程學系,碩士班(日間),1,1,0,0.35
112,公立,一般大學,0007,國立陽明交通大學,07193120,生醫光電研究所,碩士班(日間),2,2,0,2.47
112,公立,一般大學,0007,國立陽明交通大學,07311085,建築研究所,碩士班(日間),1,0,1,1.33
112,公立,一般大學,0007,國立陽明交通大學,09121132,解剖學及細胞生物學研究所,碩士班(日間),1,0,1,1.92
112,公立,一般大學,0007,國立陽明交通大學,02299009,亞際文化研究國際碩士學位學程(台灣聯合大學系統),碩士班(日間),2,1,1,8.00
112,公立,一般大學,0007,國立陽明交通大學,02299010,社會與文化研究所,碩士班(日間),4,1,3,10.81
112,公立,一般大學,0007,國立陽明交通大學,03211015,傳播與科技學系,碩士班(日間),1,0,1,2.00
112,公立,一般大學,0007,國立陽明交通大學,04121020,資訊管理與財務金融學系財務金融碩士班,碩士班(日間),5,5,0,4.42
112,公立,一般大學,0007,國立陽明交通大學,04199023,科技管理研究所,碩士班(日間),7,3,4,14.89
112,公立,一般大學,0007,國立陽明交通大學,05121112,生命科學系暨基因體科學研究所,碩士班(日間),1,0,1,1.47
112,公立,一般大學,0007,國立陽明交通大學,05124117,生物醫學資訊研究所,碩士班(日間),2,2,0,3.08
112,公立,一般大學,0007,國立陽明交通大學,05411045,應用數學系,碩士班(日間),1,1,0,1.85
112,公立,一般大學,0007,國立陽明交通大學,06131022,資訊管理研究所,碩士班(日間),3,3,0,3.66
112,公立,一般大學,0007,國立陽明交通大學,07151093,機器人碩士學位學程,碩士班(日間),2,2,0,2.78
112,公立,一般大學,0007,國立陽明交通大學,07191075,工業工程與管理學系,碩士班(日間),1,1,0,0.66
112,公立,一般大學,0007,國立陽明交通大學,09171143,傳統醫藥研究所,碩士班(日間),1,1,0,4.00
112,公立,一般大學,0007,國立陽明交通大學,09191138,衛生福利研究所,碩士班(日間),2,1,1,4.76
112,公立,一般大學,0007,國立陽明交通大學,09161142,藥學系,碩士班(日間),1,0,1,2.86
112,公立,一般大學,0007,國立陽明交通大學,09211168,跨專業長期照顧與管理碩士學位學程,碩士班(日間),1,0,1,2.08
112,公立,一般大學,0008,國立中央大學,02322006,中國文學系,博士班,1,0,1,4.35
112,公立,一般大學,0008,國立中央大學,07111069,化學工程與材料工程學系,博士班,1,1,0,5.88
112,公立,一般大學,0008,國立中央大學,07121072,環境工程研究所,博士班,1,0,1,5.88
112,公立,一般大學,0008,國立中央大學,07321067,土木工程學系,博士班,4,4,0,7.14
112,公立,一般大學,0008,國立中央大學,02191004,藝術學研究所,碩士班(日間),3,2,1,8.82
112,公立,一般大學,0008,國立中央大學,02231011,哲學研究所,博士班,1,1,0,3.33
112,公立,一般大學,0008,國立中央大學,04121024,財務金融學系,博士班,1,1,0,12.50
112,公立,一般大學,0008,國立中央大學,04131023,企業管理學系,博士班,3,0,3,3.75
112,公立,一般大學,0008,國立中央大學,06131059,資訊工程學系,博士班,2,1,1,2.56
112,公立,一般大學,0008,國立中央大學,07151064,機械工程學系,博士班,1,1,0,1.67
112,公立,一般大學,0008,國立中央大學,02322006,中國文學系,碩士班(日間),1,1,0,1.52
112,公立,一般大學,0008,國立中央大學,07121072,環境工程研究所,碩士班(日間),1,0,1,1.47
112,公立,一般大學,0008,國立中央大學,04121024,財務金融學系,碩士班(日間),1,0,1,1.72
112,公立,一般大學,0008,國立中央大學,05411051,數學系,碩士班(日間),1,1,0,1.79
112,公立,一般大學,0008,國立中央大學,06131059,資訊工程學系,碩士班(日間),3,2,1,1.05
112,公立,一般大學,0008,國立中央大學,07141055,電機工程學系,碩士班(日間),3,3,0,0.74
112,公立,一般大學,0008,國立中央大學,07141057,光電科學與工程學系,碩士班(日間),1,1,0,0.51
112,公立,一般大學,0008,國立中央大學,07151064,機械工程學系,碩士班(日間),1,1,0,0.32
112,公立,一般大學,0009,國立中山大學,02322005,中國文學系,博士班,5,1,4,21.74
112,公立,一般大學,0009,國立中山大學,04121024,財務管理學系,博士班,4,3,1,18.18
112,公立,一般大學,0009,國立中山大學,05323047,海洋科學系,博士班,1,1,0,7.69
112,公立,一般大學,0009,國立中山大學,07121064,環境工程研究所,博士班,1,0,1,2.94
112,公立,一般大學,0009,國立中山大學,04131028,人力資源管理研究所,博士班,1,0,1,2.94
112,公立,一般大學,0009,國立中山大學,02231008,哲學研究所,碩士班(日間),1,1,0,3.33
112,公立,一般大學,0009,國立中山大學,02322005,中國文學系,碩士班(日間),3,3,0,6.52
112,公立,一般大學,0009,國立中山大學,04199025,行銷傳播管理研究所,碩士班(日間),4,2,2,5.88
112,公立,一般大學,0009,國立中山大學,05411051,應用數學系,碩士班(日間),1,0,1,1.56
112,公立,一般大學,0009,國立中山大學,06111055,資訊工程學系,碩士班(日間),3,3,0,1.17
112,公立,一般大學,0009,國立中山大學,07121064,環境工程研究所,碩士班(日間),2,2,0,3.92
112,公立,一般大學,0009,國立中山大學,03143016,中國與亞太區域研究所,碩士班(日間),1,1,0,1.67
112,公立,一般大學,0009,國立中山大學,07112063,材料與光電科學學系,碩士班(日間),1,1,0,0.68
112,公立,一般大學,0012,國立臺灣海洋大學,07122041,海洋工程科技博士學位學程,博士班,2,1,1,40.00
112,公立,一般大學,0012,國立臺灣海洋大學,10412048,航運管理學系,學士班(日間),1,0,1,0.21
112,公立,一般大學,0012,國立臺灣海洋大學,04212009,海洋法律研究所,博士班,1,1,0,4.00
112,公立,一般大學,0012,國立臺灣海洋大學,05323017,海洋生物研究所,博士班,1,1,0,5.26
112,公立,一般大學,0013,國立中正大學,01111001,教育學研究所教育學博士班,博士班,1,1,0,3.13
112,公立,一般大學,0013,國立中正大學,01111001,教育學研究所課程博士班,博士班,1,0,1,3.45
112,公立,一般大學,0013,國立中正大學,04111032,會計與資訊科技學系,博士班,1,1,0,8.33
112,公立,一般大學,0013,國立中正大學,02311012,外國語文學系,學士班(日間),1,1,0,0.46
112,公立,一般大學,0013,國立中正大學,03111017,經濟學系,學士班(日間),1,1,0,0.25
112,公立,一般大學,0013,國立中正大學,02221015,歷史學系,博士班,2,2,0,9.09
112,公立,一般大學,0013,國立中正大學,04211039,法律學系,博士班,3,1,2,5.66
112,公立,一般大學,0013,國立中正大學,04212040,財經法律學系,碩士班(日間),1,1,0,1.22
112,公立,一般大學,0014,國立高雄師範大學,01112009,成人教育研究所,博士班,2,2,0,3.39
112,公立,一般大學,0014,國立高雄師範大學,02123024,工業設計學系,學士班(日間),1,0,1,0.73
112,公立,一般大學,0014,國立高雄師範大學,01141006,科學教育暨環境教育研究所科學教育博士班,博士班,1,1,0,2.33
112,公立,一般大學,0014,國立高雄師範大學,02112022,視覺設計學系,碩士班(日間),2,1,1,3.08
112,公立,一般大學,0015,國立彰化師範大學,04111028,會計學系,學士班(日間),1,0,1,0.30
112,公立,一般大學,0015,國立彰化師範大學,01113012,特殊教育學系,博士班,1,0,1,4.00
112,公立,一般大學,0015,國立彰化師範大學,03131025,輔導與諮商學系,博士班,4,1,3,9.30
112,公立,一般大學,0015,國立彰化師範大學,04121031,財務金融技術學系,博士班,2,1,1,2.56
112,公立,一般大學,0017,國立臺北大學,04211028,法律學系,博士班,4,3,1,12.12
112,公立,一般大學,0017,國立臺北大學,06131038,電機資訊學院博士班,博士班,1,1,0,6.25
112,公立,一般大學,0017,國立臺北大學,02322002,中國文學系,碩士班(日間),1,1,0,3.57
112,公立,一般大學,0017,國立臺北大學,02221005,歷史學系,學士班(日間),1,1,0,0.54
112,公立,一般大學,0017,國立臺北大學,04131018,企業管理學系,博士班,2,1,1,2.60
112,公立,一般大學,0017,國立臺北大學,04134013,公共行政暨政策學系,博士班,1,1,0,8.33
112,公立,一般大學,0017,國立臺北大學,04211028,法律學系,碩士班(日間),2,1,1,0.66
112,公立,一般大學,0017,國立臺北大學,06131036,資訊工程學系,碩士班(日間),1,1,0,1.25
112,公立,一般大學,0018,國立嘉義大學,08111077,農業科學博士學位學程,博士班,1,1,0,2.63
112,公立,一般大學,0018,國立嘉義大學,10151044,行銷與觀光管理學系觀光休閒管理博士班,博士班,1,0,1,5.00
112,公立,一般大學,0019,國立高雄大學,04211018,法學院博士班,博士班,1,1,0,5.88
112,公立,一般大學,0020,國立東華大學,02121019,藝術與設計學系,學士班(日間),1,0,1,0.42
112,公立,一般大學,0020,國立東華大學,01111001,教育與潛能開發學系多元文化教育博士班,博士班,2,0,2,6.90
112,公立,一般大學,0020,國立東華大學,01111001,教育與潛能開發學系教育博士班,博士班,3,0,3,2.91
112,公立,一般大學,0020,國立東華大學,04131059,企業管理學系,博士班,1,1,0,2.13
112,公立,一般大學,0020,國立東華大學,02121019,藝術與設計學系,碩士班(日間),3,0,3,6.12
112,公立,一般大學,0020,國立東華大學,04121061,財務金融學系,碩士班(日間),1,1,0,2.17
112,公立,一般大學,0021,國立暨南國際大學,04131026,新興產業策略與發展博士學位學程,博士班,2,0,2,2.33
112,公立,一般大學,0021,國立暨南國際大學,03131004,諮商心理與人力資源發展學系輔導與諮商博士班,博士班,1,0,1,7.69
112,公立,一般大學,0021,國立暨南國際大學,09231038,社會政策與社會工作學系,博士班,3,2,1,6.98
112,公立,技專校院,0022,國立臺灣科技大學,04131008,企業管理系博士班,博士班,1,0,1,1.75
112,公立,技專校院,0022,國立臺灣科技大學,05399015,應用科技研究所,博士班,1,0,1,0.62
112,公立,技專校院,0022,國立臺灣科技大學,07112028,材料科學與工程系博士班,博士班,1,1,0,1.12
112,公立,技專校院,0022,國立臺灣科技大學,02122004,設計系碩士班,碩士班(日間),9,3,6,6.98
112,公立,技專校院,0022,國立臺灣科技大學,06131020,資訊工程系博士班,博士班,1,0,1,2.04
112,公立,技專校院,0022,國立臺灣科技大學,07141018,電子工程系博士班,博士班,3,3,0,3.45
112,公立,技專校院,0022,國立臺灣科技大學,07151024,自動化及控制研究所,博士班,2,2,0,12.50
112,公立,技專校院,0022,國立臺灣科技大學,07311038,建築系博士班,博士班,3,2,1,6.38
112,公立,技專校院,0022,國立臺灣科技大學,07321025,營建工程系博士班,博士班,2,2,0,3.39
112,公立,技專校院,0022,國立臺灣科技大學,07141017,電機工程系碩士班,碩士班(日間),3,3,0,0.70
112,公立,技專校院,0022,國立臺灣科技大學,04131008,企業管理系碩士班,碩士班(日間),1,1,0,0.74
112,公立,技專校院,0022,國立臺灣科技大學,07141018,電子工程系碩士班,碩士班(日間),3,3,0,0.59
112,公立,技專校院,0022,國立臺灣科技大學,07141022,色彩與照明科技研究所,碩士班(日間),3,0,3,6.52
112,公立,技專校院,0022,國立臺灣科技大學,07191012,工業管理系碩士班,碩士班(日間),1,1,0,0.65
112,公立,技專校院,0022,國立臺灣科技大學,07311038,建築系碩士班,碩士班(日間),4,2,2,3.20
112,公立,技專校院,0022,國立臺灣科技大學,06131020,資訊工程系,學士班(日間),1,1,0,0.24
112,公立,技專校院,0022,國立臺灣科技大學,02122004,設計系博士班,博士班,11,6,5,25.00
112,公立,技專校院,0023,國立雲林科技大學,04131019,企業管理系碩士班,碩士班(日間),1,0,1,0.83
112,公立,技專校院,0023,國立雲林科技大學,07311016,建築與室內設計系碩士班,碩士班(日間),1,1,0,2.50
112,公立,技專校院,0023,國立雲林科技大學,02311004,應用外語系,學士班(日間),1,0,1,0.37
112,公立,技專校院,0023,國立雲林科技大學,06131032,資訊管理系,學士班(日間),1,1,0,0.26
112,公立,技專校院,0023,國立雲林科技大學,07311016,建築與室內設計系,學士班(日間),1,0,1,0.48
112,公立,技專校院,0023,國立雲林科技大學,02122007,設計學研究所,博士班,10,7,3,9.62
112,公立,技專校院,0023,國立雲林科技大學,04121024,財務金融系博士班,博士班,1,1,0,3.70
112,公立,技專校院,0023,國立雲林科技大學,04131019,企業管理系博士班,博士班,1,1,0,1.41
112,公立,技專校院,0023,國立雲林科技大學,02111013,數位媒體設計系碩士班,碩士班(日間),2,2,0,2.38
112,公立,技專校院,0023,國立雲林科技大學,02112011,視覺傳達設計系碩士班,碩士班(日間),2,1,1,3.28
112,公立,技專校院,0025,國立臺北科技大學,06131034,資訊工程系,學士班(日間),1,1,0,0.37
112,公立,技專校院,0025,國立臺北科技大學,07151037,機械工程系,學士班(日間),1,1,0,0.23
112,公立,技專校院,0025,國立臺北科技大學,01118001,技術及職業教育研究所,博士班,4,3,1,7.14
112,公立,技專校院,0025,國立臺北科技大學,02122003,設計學院設計博士班,博士班,13,7,6,16.46
112,公立,技專校院,0025,國立臺北科技大學,04131020,管理學院管理博士班,博士班,7,4,3,6.73
112,公立,技專校院,0025,國立臺北科技大學,07121063,環境工程與管理研究所,博士班,1,0,1,8.33
112,公立,技專校院,0025,國立臺北科技大學,07141025,電機工程系博士班,博士班,1,1,0,1.96
112,公立,技專校院,0025,國立臺北科技大學,07321045,土木工程系土木與防災博士班,博士班,1,1,0,2.56
112,公立,技專校院,0025,國立臺北科技大學,01118001,技術及職業教育研究所,碩士班(日間),1,1,0,2.22
112,公立,技專校院,0025,國立臺北科技大學,02123009,工業設計系創新設計碩士班,碩士班(日間),3,1,2,3.16
112,公立,技專校院,0025,國立臺北科技大學,04131011,經營管理系碩士班,碩士班(日間),3,1,2,2.80
112,公立,技專校院,0025,國立臺北科技大學,06131016,資訊與財金管理系碩士班,碩士班(日間),1,1,0,1.00
112,公立,技專校院,0025,國立臺北科技大學,07311071,建築系建築與都市設計碩士班,碩士班(日間),2,0,2,2.63
112,公立,技專校院,0025,國立臺北科技大學,07321045,土木工程系土木與防災碩士班,碩士班(日間),2,2,0,1.01
112,公立,技專校院,0025,國立臺北科技大學,07151040,機電學院機電科技博士班,博士班,5,5,0,9.26
112,公立,技專校院,0025,國立臺北科技大學,02112007,互動設計系碩士班,碩士班(日間),3,1,2,5.56
112,公立,技專校院,0025,國立臺北科技大學,07121063,環境工程與管理研究所,碩士班(日間),1,1,0,1.09
112,公立,技專校院,0025,國立臺北科技大學,07141028,電子工程系碩士班,碩士班(日間),1,1,0,0.35
112,公立,技專校院,0025,國立臺北科技大學,07141032,光電工程系碩士班,碩士班(日間),1,1,0,0.62
112,公立,技專校院,0025,國立臺北科技大學,07161042,車輛工程系碩士班,碩士班(日間),1,1,0,1.03
112,公立,一般大學,0028,國立臺北藝術大學,02111018,電影創作學系,學士班(日間),2,0,2,0.91
112,公立,一般大學,0028,國立臺北藝術大學,02191021,文化資源學院文化資產與藝術創新博士班,博士班,6,3,3,22.22
112,公立,一般大學,0028,國立臺北藝術大學,02152008,戲劇學系,碩士班(日間),4,1,3,23.53
112,公立,一般大學,0028,國立臺北藝術大學,02191023,新媒體藝術學系,碩士班(日間),4,1,3,4.49
112,公立,一般大學,0028,國立臺北藝術大學,02192025,藝術行政與管理研究所,碩士班(日間),2,1,1,2.27
112,公立,一般大學,0028,國立臺北藝術大學,07311030,建築與文化資產研究所,碩士班(日間),2,1,1,2.94
112,公立,一般大學,0028,國立臺北藝術大學,02151005,音樂學系,博士班,3,0,3,8.11
112,公立,一般大學,0028,國立臺北藝術大學,02152008,戲劇學系,博士班,2,0,2,11.76
112,公立,一般大學,0028,國立臺北藝術大學,02152013,舞蹈學系,博士班,4,4,0,25.00
112,公立,一般大學,0028,國立臺北藝術大學,02111018,電影創作學系,碩士班(日間),1,1,0,1.67
112,公立,一般大學,0028,國立臺北藝術大學,02152013,舞蹈學系,碩士班(日間),1,0,1,1.28
112,公立,一般大學,0028,國立臺北藝術大學,02192026,文創產業國際藝術碩士學位學程,碩士班(日間),1,0,1,3.23
112,公立,一般大學,0029,國立臺灣藝術大學,02152035,跨域表演藝術研究所,博士班,2,1,1,18.18
112,公立,一般大學,0029,國立臺灣藝術大學,02191018,表演藝術學院表演藝術博士班,博士班,6,4,2,37.50
112,公立,一般大學,0029,國立臺灣藝術大學,02192026,藝術管理與文化政策研究所,博士班,2,1,1,6.45
112,公立,一般大學,0029,國立臺灣藝術大學,02112028,視覺傳達設計學系,碩士班(日間),4,1,3,10.00
112,公立,一般大學,0029,國立臺灣藝術大學,02131003,美術學系,碩士班(日間),1,0,1,1.64
112,公立,一般大學,0029,國立臺灣藝術大學,02131003,美術學系當代視覺文化與實踐碩士班,碩士班(日間),1,0,1,2.78
112,公立,一般大學,0029,國立臺灣藝術大學,02111032,影音創作與數位媒體產業研究所,博士班,1,1,0,12.50
112,公立,一般大學,0029,國立臺灣藝術大學,02122027,創意產業設計研究所,博士班,10,4,6,32.26
112,公立,一般大學,0029,國立臺灣藝術大學,02131003,美術學系當代視覺文化博士班,博士班,8,6,2,29.63
112,公立,一般大學,0029,國立臺灣藝術大學,02131005,書畫藝術學系,博士班,5,3,2,19.23
112,公立,一般大學,0029,國立臺灣藝術大學,02111015,電影學系,碩士班(日間),4,3,1,7.84
112,公立,一般大學,0029,國立臺灣藝術大學,02111032,影音創作與數位媒體產業研究所,碩士班(日間),2,2,0,6.90
112,公立,一般大學,0029,國立臺灣藝術大學,02112023,多媒體動畫藝術學系動畫藝術碩士班,碩士班(日間),1,0,1,2.86
112,公立,一般大學,0029,國立臺灣藝術大學,02151010,音樂學系,碩士班(日間),2,1,1,4.55
112,公立,一般大學,0029,國立臺灣藝術大學,02151011,中國音樂學系,碩士班(日間),1,1,0,2.22
112,公立,一般大學,0029,國立臺灣藝術大學,02152012,戲劇學系,碩士班(日間),3,2,1,9.38
112,公立,一般大學,0029,國立臺灣藝術大學,03213029,廣播電視學系,碩士班(日間),2,0,2,5.41
112,公立,一般大學,0029,國立臺灣藝術大學,02131005,書畫藝術學系,碩士班(日間),2,0,2,3.64
112,公立,一般大學,0029,國立臺灣藝術大學,02141007,工藝設計學系,碩士班(日間),2,0,2,4.35
112,公立,一般大學,0029,國立臺灣藝術大學,02191017,古蹟藝術修護學系,碩士班(日間),2,2,0,9.52
112,公立,一般大學,0029,國立臺灣藝術大學,02192026,藝術管理與文化政策研究所,碩士班(日間),1,0,1,2.27
112,公立,一般大學,0029,國立臺灣藝術大學,02199030,圖文傳播藝術學系,碩士班(日間),4,1,3,11.11
112,公立,一般大學,0032,國立聯合大學,06131016,資訊管理學系,學士班(日間),1,1,0,0.27
112,公立,一般大學,0035,國立臺南藝術大學,02151003,應用音樂學系,學士班(日間),2,0,2,0.78
112,公立,一般大學,0035,國立臺南藝術大學,02131016,藝術創作理論研究所,博士班,8,2,6,16.67
112,公立,一般大學,0036,國立臺南大學,01111001,教育學系課程與教學博士班,博士班,1,0,1,3.45
112,公立,一般大學,0036,國立臺南大學,07141049,電機工程學系,博士班,1,0,1,8.33
112,公立,一般大學,0036,國立臺南大學,01113019,特殊教育學系,博士班,1,1,0,5.56
112,公立,一般大學,0037,國立臺北教育大學,01114044,教育經營與管理學系教育政策與管理博士班,博士班,2,1,1,2.74
112,公立,一般大學,0037,國立臺北教育大學,03131007,心理與諮商學系,碩士班(日間),1,1,0,0.96
112,公立,一般大學,0039,國立臺中教育大學,01111001,教育學系,博士班,1,1,0,2.70
112,公立,技專校院,0043,國立勤益科技大學,04132003,流通管理系,學士班(日間),1,0,1,0.25
112,公立,一般大學,0044,國立體育大學,01141001,體育研究所,博士班,5,2,3,9.62
112,公立,一般大學,0044,國立體育大學,10141008,競技與教練科學研究所,博士班,3,2,1,6.12
112,公立,一般大學,0044,國立體育大學,10152021,國際運動管理與創新博士學位學程,博士班,5,4,1,25.00
112,公立,一般大學,0044,國立體育大學,10152015,休閒產業經營學系,碩士班(日間),3,3,0,5.26
112,公立,技專校院,0047,國立高雄餐旅大學,10151029,觀光研究所,博士班,2,0,2,5.41
112,公立,一般大學,0048,國立金門大學,07311026,建築學系,學士班(日間),1,0,1,0.49
112,公立,一般大學,0048,國立金門大學,03121006,國際暨大陸事務學系,碩士班(日間),1,1,0,5.56
112,公立,一般大學,0048,國立金門大學,04131009,企業管理學系,碩士班(日間),1,1,0,2.22
112,公立,一般大學,0048,國立金門大學,07311026,建築學系,碩士班(日間),4,2,2,20.00
112,公立,一般大學,0048,國立金門大學,10152036,運動與休閒學系,碩士班(日間),1,1,0,4.76
112,公立,一般大學,0048,國立金門大學,07313028,都市計畫與景觀學系,學士班(日間),1,1,0,0.86
112,公立,一般大學,0048,國立金門大學,09191032,長期照護學系,學士班(日間),1,0,1,0.61
112,公立,一般大學,0048,國立金門大學,07141043,電機工程學系,碩士班(日間),1,1,0,5.00
112,公立,一般大學,0049,國立臺灣體育運動大學,10141003,競技運動學系,博士班,1,1,0,7.69
112,公立,技專校院,0050,國立臺中科技大學,02112005,多媒體設計系碩士班,碩士班(日間),2,2,0,5.56
112,公立,技專校院,0050,國立臺中科技大學,04131015,企業管理系碩士班,碩士班(日間),1,1,0,3.57
112,公立,技專校院,0050,國立臺中科技大學,07141036,資訊工程系碩士班,碩士班(日間),1,1,0,2.08
112,公立,技專校院,0051,國立臺北商業大學,02122024,創意設計與經營研究所,碩士班(日間),1,1,0,5.56
112,公立,技專校院,0051,國立臺北商業大學,04141012,國際商務系碩士班,碩士班(日間),1,1,0,3.13
112,公立,技專校院,0051,國立臺北商業大學,06131018,資訊與決策科學研究所,碩士班(日間),1,1,0,3.03
112,公立,一般大學,0052,國立屏東大學,01114018,教育行政研究所,博士班,1,1,0,2.17
112,公立,一般大學,0052,國立屏東大學,02111025,視覺藝術學系,學士班(日間),1,1,0,0.55
112,公立,技專校院,0053,國立高雄科技大學,04131106,管理學院博士班,博士班,2,1,1,2.74
112,公立,技專校院,0053,國立高雄科技大學,07151074,模具工程系,學士班(日間),1,1,0,0.13
112,公立,技專校院,0053,國立高雄科技大學,04121040,財務管理系碩士班,碩士班(日間),1,1,0,2.00
112,公立,技專校院,0053,國立高雄科技大學,07321077,土木工程系碩士班,碩士班(日間),1,1,0,1.67
112,私立,一般大學,1001,東海大學,02131002,美術學系,學士班(日間),1,1,0,0.53
112,私立,一般大學,1001,東海大學,02311007,日本語言文化學系,學士班(日間),1,0,1,0.23
112,私立,一般大學,1001,東海大學,05331032,應用物理學系,學士班(日間),1,1,0,0.50
112,私立,一般大學,1001,東海大學,07311048,建築學系,學士班(日間),2,0,2,1.08
112,私立,一般大學,1001,東海大學,07312049,景觀學系,學士班(日間),1,0,1,0.47
112,私立,一般大學,1001,東海大學,03121013,政治學系,博士班,1,1,0,3.13
112,私立,一般大學,1001,東海大學,01111001,教育研究所,碩士班(日間),1,1,0,2.78
112,私立,一般大學,1001,東海大學,02123011,工業設計學系,碩士班(日間),2,1,1,15.38
112,私立,一般大學,1001,東海大學,02151003,音樂學系,碩士班(日間),1,0,1,1.56
112,私立,一般大學,1001,東海大學,02322004,中國文學系,碩士班(日間),3,0,3,7.14
112,私立,一般大學,1001,東海大學,04131019,企業管理學系,碩士班(日間),1,1,0,1.64
112,私立,一般大學,1001,東海大學,05311030,化學系,學士班(日間),1,1,0,0.28
112,私立,一般大學,1001,東海大學,07141037,電機工程學系,學士班(日間),1,1,0,0.25
112,私立,一般大學,1001,東海大學,07211052,食品科學系,學士班(日間),1,0,1,0.27
112,私立,一般大學,1001,東海大學,10131054,餐旅管理學系,學士班(日間),1,1,0,0.37
112,私立,一般大學,1001,東海大學,02322004,中國文學系,博士班,1,0,1,4.76
112,私立,一般大學,1001,東海大學,03141014,社會學系,博士班,2,0,2,5.56
112,私立,一般大學,1001,東海大學,07311048,建築學系,碩士班(日間),3,2,1,5.88
112,私立,一般大學,1001,東海大學,09231053,社會工作學系,博士班,4,2,2,19.05
112,私立,一般大學,1001,東海大學,02131002,美術學系,碩士班(日間),2,1,1,3.64
112,私立,一般大學,1001,東海大學,06133047,數位創新碩士學位學程,碩士班(日間),1,1,0,2.56
112,私立,一般大學,1002,輔仁大學,02231037,哲學系,碩士班(日間),1,0,1,4.17
112,私立,一般大學,1002,輔仁大學,02299060,跨文化研究所語言學碩士班,碩士班(日間),2,0,2,5.56
112,私立,一般大學,1002,輔仁大學,03111055,經濟學系,碩士班(日間),2,2,0,8.00
112,私立,一般大學,1002,輔仁大學,03221051,博物館學研究所,碩士班(日間),4,2,2,6.56
112,私立,一般大學,1002,輔仁大學,04131015,企業管理學系管理學碩士班,碩士班(日間),14,7,7,17.50
112,私立,一般大學,1002,輔仁大學,04131025,社會企業碩士學位學程,碩士班(日間),1,1,0,4.55
112,私立,一般大學,1002,輔仁大學,06131058,資訊工程學系,碩士班(日間),2,2,0,4.44
112,私立,一般大學,1002,輔仁大學,06131059,資訊管理學系,碩士班(日間),2,2,0,4.76
112,私立,一般大學,1002,輔仁大學,07141064,電機工程學系,碩士班(日間),1,1,0,2.27
112,私立,一般大學,1002,輔仁大學,07211035,食品科學系,碩士班(日間),1,1,0,2.63
112,私立,一般大學,1002,輔仁大學,09141100,醫療暨健康產業大數據碩士學位學程,碩士班(日間),1,1,0,6.67
112,私立,一般大學,1002,輔仁大學,10131075,餐旅管理學系,碩士班(日間),1,0,1,2.78
112,私立,一般大學,1002,輔仁大學,04121027,金融與國際企業學系,學士班(日間),1,1,0,0.20
112,私立,一般大學,1002,輔仁大學,05331022,物理學系,學士班(日間),1,1,0,0.24
112,私立,一般大學,1002,輔仁大學,09191004,公共衛生學系,學士班(日間),1,0,1,0.43
112,私立,一般大學,1002,輔仁大學,02211019,宗教學系,博士班,5,4,1,9.09
112,私立,一般大學,1002,輔仁大學,02122078,應用美術學系,碩士班(日間),7,1,6,14.89
112,私立,一般大學,1002,輔仁大學,02151034,音樂學系,碩士班(日間),2,2,0,2.99
112,私立,一般大學,1002,輔仁大學,02211019,宗教學系,碩士班(日間),1,0,1,2.44
112,私立,一般大學,1002,輔仁大學,02221074,歷史學系,碩士班(日間),3,3,0,11.54
112,私立,一般大學,1002,輔仁大學,04211020,法律學系,博士班,2,1,1,5.71
112,私立,一般大學,1002,輔仁大學,05191036,食品營養博士學位學程,博士班,1,1,0,2.78
112,私立,一般大學,1002,輔仁大學,02122029,品牌與時尚經營管理碩士學位學程,碩士班(日間),2,1,1,13.33
112,私立,一般大學,1002,輔仁大學,02125082,織品服裝學系,碩士班(日間),5,0,5,8.33
112,私立,一般大學,1002,輔仁大學,02299060,跨文化研究所翻譯學碩士班,碩士班(日間),1,0,1,1.41
112,私立,一般大學,1002,輔仁大學,02311009,日本語文學系,碩士班(日間),2,1,1,5.00
112,私立,一般大學,1002,輔仁大學,02311072,德語語文學系,碩士班(日間),2,0,2,8.33
112,私立,一般大學,1002,輔仁大學,02322003,中國文學系,碩士班(日間),3,1,2,10.71
112,私立,一般大學,1002,輔仁大學,03131007,心理學系,碩士班(日間),8,3,5,13.11
112,私立,一般大學,1002,輔仁大學,03141023,社會學系,碩士班(日間),2,1,1,8.00
112,私立,一般大學,1002,輔仁大學,03211002,大眾傳播學研究所,碩士班(日間),4,2,2,5.19
112,私立,一般大學,1002,輔仁大學,04131044,國際經營管理碩士學位學程,碩士班(日間),1,1,0,2.63
112,私立,一般大學,1002,輔仁大學,04211020,法律學系,碩士班(日間),1,1,0,1.00
112,私立,一般大學,1002,輔仁大學,05311005,化學系,碩士班(日間),1,1,0,1.92
112,私立,一般大學,1002,輔仁大學,07312052,景觀設計學系,碩士班(日間),2,1,1,8.00
112,私立,一般大學,1002,輔仁大學,09191004,公共衛生學系,碩士班(日間),2,1,1,5.88
112,私立,一般大學,1002,輔仁大學,09221017,兒童與家庭學系,碩士班(日間),1,1,0,2.08
112,私立,一般大學,1002,輔仁大學,09231024,社會工作學系,碩士班(日間),1,1,0,2.22
112,私立,一般大學,1002,輔仁大學,02151034,音樂學系,學士班(日間),1,0,1,0.60
112,私立,一般大學,1002,輔仁大學,02231037,哲學系,學士班(日間),2,0,2,0.48
112,私立,一般大學,1002,輔仁大學,02311033,英國語文學系,學士班(日間),1,0,1,0.36
112,私立,一般大學,1002,輔仁大學,05111011,生命科學系,學士班(日間),1,0,1,0.23
112,私立,一般大學,1002,輔仁大學,02151034,音樂學系,博士班,10,4,6,27.78
112,私立,一般大學,1002,輔仁大學,02231037,哲學系,博士班,3,2,1,8.11
112,私立,一般大學,1002,輔仁大學,02299060,跨文化研究所比較文學與跨文化研究博士班,博士班,2,0,2,4.88
112,私立,一般大學,1002,輔仁大學,03131007,心理學系,博士班,3,0,3,11.11
112,私立,一般大學,1002,輔仁大學,04191040,商學研究所,博士班,5,5,0,6.58
112,私立,一般大學,1003,東吳大學,02311005,日本語文學系,學士班(日間),1,0,1,0.12
112,私立,一般大學,1003,東吳大學,04211021,法律學系,學士班(日間),2,0,2,0.16
112,私立,一般大學,1003,東吳大學,03121009,政治學系,博士班,3,3,0,25.00
112,私立,一般大學,1003,東吳大學,02151001,音樂學系,碩士班(日間),3,1,2,5.56
112,私立,一般大學,1003,東吳大學,03131011,心理學系,學士班(日間),2,0,2,0.70
112,私立,一般大學,1003,東吳大學,04111015,會計學系,學士班(日間),1,0,1,0.10
112,私立,一般大學,1003,東吳大學,04121027,財務工程與精算數學系,學士班(日間),1,1,0,0.14
112,私立,一般大學,1003,東吳大學,06131028,資訊管理學系,學士班(日間),2,1,1,0.37
112,私立,一般大學,1003,東吳大學,02322002,中國文學系,博士班,4,2,2,14.29
112,私立,一般大學,1003,東吳大學,03111008,經濟學系,博士班,1,1,0,6.25
112,私立,一般大學,1003,東吳大學,04211021,法律學系,博士班,2,2,0,6.67
112,私立,一般大學,1003,東吳大學,02231007,哲學系,碩士班(日間),1,0,1,2.94
112,私立,一般大學,1003,東吳大學,02311005,日本語文學系,碩士班(日間),1,0,1,2.17
112,私立,一般大學,1003,東吳大學,04211021,法律學系,碩士班(日間),1,0,1,0.34
112,私立,一般大學,1003,東吳大學,02221006,歷史學系,碩士班(日間),2,1,1,10.53
112,私立,一般大學,1003,東吳大學,03131011,心理學系,碩士班(日間),2,0,2,2.35
112,私立,一般大學,1003,東吳大學,04141019,國際經營與貿易學系,碩士班(日間),1,1,0,2.50
112,私立,一般大學,1003,東吳大學,05122022,微生物學系,碩士班(日間),1,1,0,5.26
112,私立,一般大學,1004,中原大學,04111013,會計學系,學士班(日間),1,1,0,0.15
112,私立,一般大學,1004,中原大學,04121019,財務金融學系,學士班(日間),1,1,0,0.22
112,私立,一般大學,1004,中原大學,05311023,化學系,學士班(日間),2,1,1,0.42
112,私立,一般大學,1004,中原大學,06131031,資訊工程學系,學士班(日間),1,1,0,0.20
112,私立,一般大學,1004,中原大學,07121042,環境工程學系,學士班(日間),1,1,0,0.45
112,私立,一般大學,1004,中原大學,07321035,土木工程學系,學士班(日間),1,1,0,0.16
112,私立,一般大學,1004,中原大學,02122007,設計學博士學位學程,博士班,9,5,4,20.00
112,私立,一般大學,1004,中原大學,04191012,商學博士學位學程,博士班,3,2,1,7.69
112,私立,一般大學,1004,中原大學,07111037,化學工程學系,博士班,2,1,1,18.18
112,私立,一般大學,1004,中原大學,07312059,地景建築學系,碩士班(日間),2,2,0,13.33
112,私立,一般大學,1004,中原大學,02112008,商業設計學系,學士班(日間),2,0,2,0.52
112,私立,一般大學,1004,中原大學,02124009,室內設計學系,學士班(日間),1,0,1,0.30
112,私立,一般大學,1004,中原大學,03131011,心理學系,學士班(日間),2,1,1,0.37
112,私立,一般大學,1004,中原大學,07141029,電機工程學系,碩士班(日間),1,1,0,1.16
112,私立,一般大學,1004,中原大學,07151034,機械工程學系,碩士班(日間),1,1,0,1.11
112,私立,一般大學,1004,中原大學,05331024,物理學系,學士班(日間),1,1,0,0.22
112,私立,一般大學,1004,中原大學,07111037,化學工程學系,學士班(日間),1,0,1,0.15
112,私立,一般大學,1004,中原大學,07141029,電機工程學系,學士班(日間),1,1,0,0.20
112,私立,一般大學,1004,中原大學,07141030,電子工程學系,學士班(日間),1,1,0,0.17
112,私立,一般大學,1004,中原大學,07311046,建築學系,學士班(日間),5,2,3,1.65
112,私立,一般大學,1004,中原大學,02124009,室內設計學系,碩士班(日間),2,1,1,4.00
112,私立,一般大學,1004,中原大學,04121019,財務金融學系,碩士班(日間),1,0,1,3.70
112,私立,一般大學,1004,中原大學,04131014,企業管理學系,碩士班(日間),1,1,0,1.25
112,私立,一般大學,1004,中原大學,07311046,建築學系,碩士班(日間),2,2,0,3.08
112,私立,一般大學,1005,淡江大學學校財團法人淡江大學,07111010,化學工程與材料工程學系,學士班(日間),1,0,1,0.24
112,私立,一般大學,1005,淡江大學學校財團法人淡江大學,10151005,國際觀光管理學系全英語學士班,學士班(日間),1,1,0,0.33
112,私立,一般大學,1005,淡江大學學校財團法人淡江大學,01114093,教育學院教育領導與科技管理博士班,博士班,2,0,2,11.11
112,私立,一般大學,1005,淡江大學學校財團法人淡江大學,02322090,中國文學學系,博士班,1,0,1,3.33
112,私立,一般大學,1005,淡江大學學校財團法人淡江大學,04121037,財務金融學系,博士班,3,2,1,7.32
112,私立,一般大學,1005,淡江大學學校財團法人淡江大學,05411026,數學學系,博士班,1,0,1,20.00
112,私立,一般大學,1005,淡江大學學校財團法人淡江大學,07321012,土木工程學系,博士班,1,1,0,10.00
112,私立,一般大學,1005,淡江大學學校財團法人淡江大學,02322090,中國文學學系,碩士班(日間),2,0,2,5.56
112,私立,一般大學,1005,淡江大學學校財團法人淡江大學,04121037,財務金融學系,學士班(日間),1,1,0,0.16
112,私立,一般大學,1005,淡江大學學校財團法人淡江大學,05331030,物理學系,學士班(日間),2,1,1,0.61
112,私立,一般大學,1005,淡江大學學校財團法人淡江大學,05411026,數學學系,學士班(日間),1,0,1,0.32
112,私立,一般大學,1005,淡江大學學校財團法人淡江大學,02311088,英文學系,博士班,3,0,3,13.04
112,私立,一般大學,1005,淡江大學學校財團法人淡江大學,06131018,資訊工程學系,博士班,3,2,1,15.00
112,私立,一般大學,1005,淡江大學學校財團法人淡江大學,03131096,教育心理與諮商研究所,碩士班(日間),4,2,2,3.51
112,私立,一般大學,1005,淡江大學學校財團法人淡江大學,03211055,大眾傳播學系,碩士班(日間),9,3,6,25.71
112,私立,一般大學,1005,淡江大學學校財團法人淡江大學,04121037,財務金融學系,碩士班(日間),1,1,0,2.00
112,私立,一般大學,1005,淡江大學學校財團法人淡江大學,06131018,資訊工程學系,碩士班(日間),3,3,0,4.55
112,私立,一般大學,1005,淡江大學學校財團法人淡江大學,02311088,英文學系,學士班(日間),1,0,1,0.15
112,私立,一般大學,1005,淡江大學學校財團法人淡江大學,02322090,中國文學學系,學士班(日間),1,1,0,0.24
112,私立,一般大學,1005,淡江大學學校財團法人淡江大學,03111076,經濟學系,學士班(日間),1,1,0,0.15
112,私立,一般大學,1005,淡江大學學校財團法人淡江大學,07141019,電機工程學系,學士班(日間),1,1,0,0.11
112,私立,一般大學,1005,淡江大學學校財團法人淡江大學,07311007,建築學系,學士班(日間),1,0,1,0.29
112,私立,一般大學,1005,淡江大學學校財團法人淡江大學,04131049,企業管理學系,碩士班(日間),2,1,1,5.56
112,私立,一般大學,1005,淡江大學學校財團法人淡江大學,06131018,資訊工程學系智慧計算與應用碩士班,碩士班(日間),1,1,0,4.55
112,私立,一般大學,1005,淡江大學學校財團法人淡江大學,06131023,資訊管理學系,碩士班(日間),2,1,1,5.00
112,私立,一般大學,1005,淡江大學學校財團法人淡江大學,07311007,建築學系,碩士班(日間),4,4,0,10.81
112,私立,一般大學,1006,中國文化大學,02152043,戲劇學系,學士班(日間),1,0,1,0.38
112,私立,一般大學,1006,中國文化大學,07311068,建築及都市設計學系,學士班(日間),2,2,0,0.80
112,私立,一般大學,1006,中國文化大學,02221098,史學系,博士班,3,3,0,5.88
112,私立,一般大學,1006,中國文化大學,03142087,地學研究所,博士班,1,1,0,3.33
112,私立,一般大學,1006,中國文化大學,02131059,美術學系,碩士班(日間),2,0,2,4.17
112,私立,一般大學,1006,中國文化大學,02221098,史學系,碩士班(日間),4,2,2,11.11
112,私立,一般大學,1006,中國文化大學,02131059,美術學系,學士班(日間),1,0,1,0.40
112,私立,一般大學,1006,中國文化大學,02221098,史學系,學士班(日間),1,0,1,0.65
112,私立,一般大學,1006,中國文化大學,02231081,哲學系,學士班(日間),1,1,0,0.79
112,私立,一般大學,1006,中國文化大學,02322001,中國文學系,碩士班(日間),1,0,1,3.03
112,私立,一般大學,1006,中國文化大學,03212033,新聞學系,碩士班(日間),2,2,0,5.26
112,私立,一般大學,1006,中國文化大學,06131021,資訊工程學系,碩士班(日間),1,1,0,8.33
112,私立,一般大學,1006,中國文化大學,01141023,體育學系運動教練博士班,博士班,1,1,0,1.59
112,私立,一般大學,1006,中國文化大學,02322001,中國文學系,博士班,2,1,1,4.00
112,私立,一般大學,1006,中國文化大學,04131015,國際企業管理學系,博士班,2,2,0,2.44
112,私立,一般大學,1006,中國文化大學,07311068,建築及都市設計學系,博士班,2,1,1,6.90
112,私立,一般大學,1006,中國文化大學,02151040,音樂學系,碩士班(日間),1,0,1,1.37
112,私立,一般大學,1006,中國文化大學,04141041,國際貿易學系,碩士班(日間),1,1,0,3.85
112,私立,一般大學,1007,逢甲大學,07141050,通訊工程學系,學士班(日間),1,1,0,0.19
112,私立,一般大學,1007,逢甲大學,07141052,自動控制工程學系,學士班(日間),1,1,0,0.18
112,私立,一般大學,1007,逢甲大學,07311081,建築學士學位學程,學士班(日間),3,1,2,0.86
112,私立,一般大學,1007,逢甲大學,07321063,土木工程學系,學士班(日間),1,1,0,0.23
112,私立,一般大學,1007,逢甲大學,02322001,中國文學系,博士班,1,0,1,3.03
112,私立,一般大學,1007,逢甲大學,04191014,商學博士學位學程,博士班,2,2,0,1.74
112,私立,一般大學,1007,逢甲大學,07121075,環境工程與科學學系,博士班,1,1,0,8.33
112,私立,一般大學,1007,逢甲大學,07192074,纖維與複合材料學系,博士班,1,0,1,7.14
112,私立,一般大學,1007,逢甲大學,03111012,合作經濟暨社會事業經營學系,碩士班(日間),1,0,1,5.26
112,私立,一般大學,1007,逢甲大學,04131019,企業管理學系,碩士班(日間),2,2,0,4.17
112,私立,一般大學,1007,逢甲大學,06131048,資訊工程學系,學士班(日間),1,0,1,0.10
112,私立,一般大學,1007,逢甲大學,07313087,都市計畫與空間資訊學系,學士班(日間),1,1,0,0.26
112,私立,一般大學,1007,逢甲大學,06131048,資訊工程學系,博士班,7,4,3,25.93
112,私立,一般大學,1007,逢甲大學,07399116,建設規劃與工程博士學位學程,博士班,1,1,0,1.69
112,私立,一般大學,1007,逢甲大學,04143033,行銷學系全球行銷碩士班,碩士班(日間),2,1,1,5.13
112,私立,一般大學,1007,逢甲大學,07121075,環境工程與科學學系,碩士班(日間),1,1,0,1.85
112,私立,一般大學,1007,逢甲大學,07313087,都市計畫與空間資訊學系,碩士班(日間),2,1,1,5.56
112,私立,一般大學,1007,逢甲大學,03111009,經濟學系,學士班(日間),1,1,0,0.22
112,私立,一般大學,1007,逢甲大學,04121025,財務金融學系,學士班(日間),1,1,0,0.13
112,私立,一般大學,1007,逢甲大學,04134086,土地管理學系,學士班(日間),1,1,0,0.22
112,私立,一般大學,1007,逢甲大學,04141024,國際經營與貿易學系國際企業管理全英語學士班,學士班(日間),1,0,1,1.85
112,私立,一般大學,1007,逢甲大學,07141044,電機工程學系,碩士班(日間),1,1,0,1.47
112,私立,一般大學,1007,逢甲大學,07141046,電子工程學系,碩士班(日間),2,2,0,2.27
112,私立,一般大學,1007,逢甲大學,07141050,通訊工程學系,碩士班(日間),2,2,0,3.08
112,私立,一般大學,1007,逢甲大學,07311081,建築碩士學位學程,碩士班(日間),1,1,0,1.89
112,私立,一般大學,1007,逢甲大學,07321063,土木工程學系,碩士班(日間),1,1,0,3.23
112,私立,一般大學,1008,靜宜大學,03211008,大眾傳播學系,學士班(日間),1,1,0,0.33
112,私立,一般大學,1008,靜宜大學,04121019,財務金融學系,碩士班(日間),2,1,1,10.53
112,私立,一般大學,1008,靜宜大學,07141030,資訊工程學系,碩士班(日間),1,1,0,5.00
112,私立,一般大學,1008,靜宜大學,04111011,會計學系,碩士班(日間),2,1,1,6.45
112,私立,一般大學,1008,靜宜大學,05499037,資料科學暨大數據分析與應用學系,學士班(日間),1,1,0,0.29
112,私立,一般大學,1008,靜宜大學,06131027,資訊管理學系,學士班(日間),1,0,1,0.23
112,私立,一般大學,1009,長庚大學,02122001,工業設計學系,學士班(日間),1,1,0,0.64
112,私立,一般大學,1009,長庚大學,04131005,工商管理學系,學士班(日間),1,1,0,0.47
112,私立,一般大學,1009,長庚大學,06131013,資訊管理學系,學士班(日間),1,1,0,0.29
112,私立,一般大學,1009,長庚大學,04131006,管理研究所,博士班,1,1,0,2.70
112,私立,一般大學,1009,長庚大學,07111025,化工與材料工程學系,學士班(日間),1,1,0,0.45
112,私立,一般大學,1009,長庚大學,07141016,電子工程學系,博士班,1,1,0,2.94
112,私立,一般大學,1009,長庚大學,06131013,資訊管理學系,碩士班(日間),1,1,0,2.27
112,私立,一般大學,1010,元智大學,02311007,應用外語學系,學士班(日間),1,0,1,0.46
112,私立,一般大學,1010,元智大學,04199018,管理學院學士班,學士班(日間),2,0,2,0.12
112,私立,一般大學,1010,元智大學,06133013,資訊傳播學系,學士班(日間),1,0,1,0.21
112,私立,一般大學,1010,元智大學,02299047,文化產業與文化政策博士學位學程,博士班,3,2,1,11.54
112,私立,一般大學,1010,元智大學,04199018,管理學院博士班,博士班,2,1,1,2.63
112,私立,一般大學,1010,元智大學,07191043,工業工程與管理學系,博士班,1,0,1,3.57
112,私立,一般大學,1010,元智大學,02322004,中國語文學系,碩士班(日間),1,0,1,4.55
112,私立,一般大學,1010,元智大學,07111041,化學工程與材料科學學系,碩士班(日間),1,1,0,1.69
112,私立,一般大學,1010,元智大學,06131028,資訊工程學系,碩士班(日間),1,1,0,0.97
112,私立,一般大學,1011,中華大學學校財團法人中華大學,07311038,建築與都市計畫學系,學士班(日間),1,1,0,0.70
112,私立,一般大學,1011,中華大學學校財團法人中華大學,07194037,工程科學博士學位學程,博士班,1,1,0,16.67
112,私立,一般大學,1011,中華大學學校財團法人中華大學,06131025,資訊工程學系,學士班(日間),1,1,0,0.22
112,私立,一般大學,1012,大葉大學,07141038,電機工程學系,博士班,1,1,0,10.00
112,私立,一般大學,1013,華梵學校財團法人華梵大學,02299009,東方人文思想研究所,博士班,4,3,1,6.56
112,私立,一般大學,1014,義守大學,04121066,財務金融管理學系,碩士班(日間),1,0,1,9.09
112,私立,一般大學,1014,義守大學,02111001,電影與電視學系,學士班(日間),1,1,0,0.41
112,私立,一般大學,1014,義守大學,04131012,管理學院管理博士班,博士班,6,1,5,22.22
112,私立,一般大學,1014,義守大學,07111033,化學工程學系生物技術與化學工程博士班,博士班,1,1,0,3.57
112,私立,一般大學,1015,世新大學,03214012,傳播博士學位學程,博士班,21,9,12,42.00
112,私立,一般大學,1015,世新大學,02322001,中國文學系,碩士班(日間),1,0,1,10.00
112,私立,一般大學,1015,世新大學,03141007,性別研究所,碩士班(日間),3,1,2,7.89
112,私立,一般大學,1015,世新大學,03212017,新聞學系,碩士班(日間),2,0,2,8.70
112,私立,一般大學,1015,世新大學,03214014,口語傳播暨社群媒體學系,碩士班(日間),1,0,1,5.26
112,私立,一般大學,1015,世新大學,02111018,廣播電視電影學系,碩士班(日間),12,6,6,13.95
112,私立,一般大學,1015,世新大學,02112004,數位多媒體設計學系,碩士班(日間),1,0,1,4.35
112,私立,一般大學,1015,世新大學,03141008,社會心理學系社會心理暨社會創新碩士班,碩士班(日間),2,0,2,18.18
112,私立,一般大學,1015,世新大學,03214013,資訊傳播學系,碩士班(日間),1,1,0,7.69
112,私立,一般大學,1015,世新大學,03214048,圖文傳播學系,碩士班(日間),1,0,1,50.00
112,私立,一般大學,1015,世新大學,04131023,企業管理學系,碩士班(日間),2,2,0,13.33
112,私立,一般大學,1015,世新大學,04199025,傳播管理學系,碩士班(日間),5,3,2,31.25
112,私立,一般大學,1015,世新大學,04143019,公共關係暨廣告學系,碩士班(日間),4,1,3,13.33
112,私立,一般大學,1016,銘傳大學,04121020,財務金融學系,學士班(日間),2,1,1,0.27
112,私立,一般大學,1016,銘傳大學,02322002,應用中國文學系,博士班,2,1,1,9.09
112,私立,一般大學,1016,銘傳大學,04131036,企業管理學系,博士班,14,3,11,26.42
112,私立,一般大學,1016,銘傳大學,02112012,數位媒體設計學系,碩士班(日間),1,0,1,5.56
112,私立,一般大學,1016,銘傳大學,02123073,商品設計學系創新設計與管理碩士班,碩士班(日間),1,1,0,7.69
112,私立,一般大學,1016,銘傳大學,03213064,新媒體暨傳播管理學系,碩士班(日間),1,0,1,4.00
112,私立,一般大學,1016,銘傳大學,04121020,財務金融學系,碩士班(日間),1,0,1,3.57
112,私立,一般大學,1016,銘傳大學,04123056,風險管理與保險學系,碩士班(日間),1,1,0,6.25
112,私立,一般大學,1016,銘傳大學,07141050,電腦與通訊工程學系,碩士班(日間),1,1,0,5.26
112,私立,一般大學,1016,銘傳大學,03211047,廣播電視學系,學士班(日間),1,0,1,0.23
112,私立,一般大學,1016,銘傳大學,06131029,資訊工程學系,學士班(日間),2,2,0,0.42
112,私立,一般大學,1016,銘傳大學,06132101,人工智慧應用學系,學士班(日間),1,1,0,0.27
112,私立,一般大學,1016,銘傳大學,07311026,建築學系,學士班(日間),1,0,1,0.36
112,私立,一般大學,1016,銘傳大學,02322002,應用中國文學系,碩士班(日間),1,0,1,7.14
112,私立,一般大學,1016,銘傳大學,03131102,諮商臨床與工商心理學系,碩士班(日間),2,2,0,1.71
112,私立,一般大學,1016,銘傳大學,05121009,生物科技學系,碩士班(日間),1,1,0,5.56
112,私立,一般大學,1017,實踐大學,02112012,媒體傳達設計學系,學士班(日間),3,2,1,0.77
112,私立,一般大學,1017,實踐大學,02151001,音樂學系,學士班(日間),1,0,1,0.66
112,私立,一般大學,1017,實踐大學,02123014,工業產品設計學系,學士班(日間),1,1,0,0.41
112,私立,一般大學,1017,實踐大學,04121029,財務金融學系,學士班(日間),1,0,1,0.25
112,私立,一般大學,1017,實踐大學,04199036,管理學院創意產業博士班,博士班,7,2,5,28.00
112,私立,一般大學,1017,實踐大學,02112012,媒體傳達設計學系,碩士班(日間),5,2,3,13.89
112,私立,一般大學,1017,實踐大學,07311041,建築設計學系,學士班(日間),1,0,1,0.44
112,私立,技專校院,1018,朝陽科技大學,02112003,視覺傳達設計系,學士班(日間),1,1,0,0.19
112,私立,技專校院,1018,朝陽科技大學,07321025,營建工程系博士班,博士班,1,1,0,14.29
112,私立,技專校院,1018,朝陽科技大學,06132023,資訊與通訊系碩士班,碩士班(日間),1,1,0,2.00
112,私立,技專校院,1018,朝陽科技大學,07141020,資訊工程系碩士班,碩士班(日間),1,1,0,2.33
112,私立,技專校院,1018,朝陽科技大學,02122028,建築系建築及都市設計博士班,博士班,3,2,1,15.79
112,私立,技專校院,1018,朝陽科技大學,02123004,工業設計系碩士班,碩士班(日間),1,0,1,5.56
112,私立,技專校院,1018,朝陽科技大學,02123004,工業設計系,學士班(日間),1,1,0,0.22
112,私立,技專校院,1018,朝陽科技大學,07312031,景觀及都市設計系,學士班(日間),1,1,0,0.29
112,私立,一般大學,1019,高雄醫學大學,05311017,醫藥暨應用化學系,學士班(日間),2,2,0,0.58
112,私立,一般大學,1019,高雄醫學大學,09161026,天然藥物研究所,博士班,1,0,1,5.00
112,私立,一般大學,1019,高雄醫學大學,05121050,生命科學博士學位學程,博士班,1,0,1,5.56
112,私立,一般大學,1019,高雄醫學大學,09231049,醫學社會學與社會工作學系,碩士班(日間),1,1,0,3.45
112,私立,一般大學,1022,大同大學,02112004,媒體設計學系,碩士班(日間),1,0,1,4.00
112,私立,一般大學,1022,大同大學,06131012,資訊工程學系,碩士班(日間),1,1,0,2.86
112,私立,一般大學,1022,大同大學,02122003,設計科學研究所,博士班,13,8,5,19.12
112,私立,技專校院,1023,南臺學校財團法人南臺科技大學,10152058,休閒事業管理系,學士班(日間),2,2,0,0.64
112,私立,技專校院,1023,南臺學校財團法人南臺科技大學,04131016,經營管理博士學位學程,博士班,1,1,0,2.70
112,私立,技專校院,1024,崑山科技大學,02111009,視訊傳播設計系媒體藝術碩士班,碩士班(日間),1,1,0,3.85
112,私立,技專校院,1024,崑山科技大學,02122007,空間設計系環境設計碩士班,碩士班(日間),2,2,0,16.67
112,私立,技專校院,1024,崑山科技大學,07151030,機械工程系機械與能源工程博士班,博士班,1,0,1,3.45
112,私立,技專校院,1026,樹德科技大學,02121052,設計創新與經營研究所,碩士班(日間),2,0,2,6.90
112,私立,一般大學,1027,慈濟學校財團法人慈濟大學,07193039,生物醫學暨工程學系,學士班(日間),1,0,1,1.19
112,私立,一般大學,1027,慈濟學校財團法人慈濟大學,02211005,宗教與人文研究所,碩士班(日間),1,0,1,3.45
112,私立,一般大學,1027,慈濟學校財團法人慈濟大學,03131008,人類發展與心理學系,碩士班(日間),1,0,1,2.08
112,私立,一般大學,1027,慈濟學校財團法人慈濟大學,06133032,醫學資訊學系,碩士班(日間),1,0,1,3.57
112,私立,一般大學,1028,臺北醫學大學,09111046,口腔衛生學系,學士班(日間),1,0,1,1.05
112,私立,一般大學,1029,中山醫學大學,09141030,醫學檢驗暨生物技術學系,學士班(日間),1,1,0,0.31
112,私立,一般大學,1029,中山醫學大學,09153024,語言治療與聽力學系,碩士班(日間),3,2,1,6.12
112,私立,一般大學,1029,中山醫學大學,09121018,醫學研究所,碩士班(日間),1,0,1,1.08
112,私立,一般大學,1029,中山醫學大學,09152023,職能治療學系,學士班(日間),1,0,1,0.49
112,私立,一般大學,1035,中國醫藥大學,09151010,物理治療學系,學士班(日間),1,0,1,0.39
112,私立,一般大學,1035,中國醫藥大學,09159047,運動醫學系,學士班(日間),1,1,0,0.52
112,私立,一般大學,1035,中國醫藥大學,09141032,生物醫學影像暨放射科學學系,碩士班(日間),1,1,0,9.09
112,私立,一般大學,1035,中國醫藥大學,09161042,藥用化妝品學系,碩士班(日間),1,0,1,3.57
112,私立,一般大學,1039,玄奘大學,02199044,藝術設計學院碩士班,碩士班(日間),1,1,0,3.23
112,私立,技專校院,1045,嶺東科技大學,02112005,數位媒體設計系碩士班,碩士班(日間),1,0,1,5.00
112,私立,技專校院,1045,嶺東科技大學,04131013,企業管理系碩士班,碩士班(日間),1,0,1,6.67
112,私立,技專校院,1046,中國科技大學,02112003,視覺傳達設計系碩士班,碩士班(日間),1,1,0,4.17
112,私立,技專校院,1046,中國科技大學,04131010,企業管理系碩士班,碩士班(日間),1,1,0,2.17
112,私立,一般大學,1048,亞洲大學,02112007,數位媒體設計學系,學士班(日間),1,1,0,0.25
112,私立,一般大學,1048,亞洲大學,02311002,外國語文學系,學士班(日間),1,0,1,0.54
112,私立,一般大學,1048,亞洲大學,03131013,心理學系,學士班(日間),1,1,0,0.19
112,私立,一般大學,1048,亞洲大學,02112007,數位媒體設計學系,博士班,3,2,1,8.82
112,私立,一般大學,1048,亞洲大學,02112007,數位媒體設計學系,碩士班(日間),2,2,0,7.41
112,私立,一般大學,1048,亞洲大學,04131017,經營管理學系企業經濟與策略博士班,博士班,1,0,1,1.19
112,私立,一般大學,1048,亞洲大學,03213014,資訊傳播學系,碩士班(日間),1,1,0,5.56
112,私立,一般大學,1048,亞洲大學,06134033,行動商務與多媒體應用學系,碩士班(日間),1,1,0,9.09
112,私立,一般大學,1048,亞洲大學,04131017,經營管理學系,碩士班(日間),2,2,0,3.57
112,私立,一般大學,1050,佛光大學,02211010,佛教學系,博士班,2,0,2,6.67
112,私立,技專校院,1051,台南家專學校財團法人台南應用科技大學,02122010,時尚設計系,學士班(日間),1,0,1,0.54
112,私立,技專校院,1051,台南家專學校財團法人台南應用科技大學,02112012,視覺傳達設計系創新應用設計碩士班,碩士班(日間),1,1,0,6.67
112,私立,一般大學,1058,明道學校財團法人明道大學,02299043,中華文化與傳播學系,博士班,2,2,0,6.90
112,私立,技專校院,1075,文藻學校財團法人文藻外語大學,02311007,英國語文系碩士班,碩士班(日間),1,0,1,2.86
112,私立,技專校院,1075,文藻學校財團法人文藻外語大學,02311012,日本語文系,學士班(日間),2,1,1,0.29
112,私立,技專校院,1075,文藻學校財團法人文藻外語大學,03211018,傳播藝術系,學士班(日間),1,1,0,0.33
112,私立,技專校院,1081,東方學校財團法人東方設計大學,02122018,文化創意設計研究所,博士班,1,0,1,5.00
112,私立,一般大學,1196,法鼓學校財團法人法鼓文理學院,02211002,佛教學系,博士班,1,1,0,3.85
112,公立,一般大學,3002,臺北市立大學,01111001,教育學系,博士班,1,0,1,1.14
112,公立,一般大學,3002,臺北市立大學,01114035,教育行政與評鑑研究所,博士班,3,0,3,6.25
112,公立,一般大學,3002,臺北市立大學,01131017,英語教學系,碩士班(日間),1,1,0,2.56
112,公立,一般大學,3002,臺北市立大學,10141053,運動科學研究所,博士班,2,1,1,10.53
112,公立,一般大學,3002,臺北市立大學,10141054,競技運動訓練研究所,博士班,2,1,1,6.06
112,公立,一般大學,3002,臺北市立大學,03131055,心理與諮商學系,碩士班(日間),1,0,1,1.20
112,公立,一般大學,3002,臺北市立大學,01141025,體育學系,碩士班(日間),1,1,0,2.00
112,公立,一般大學,3002,臺北市立大學,02151037,音樂學系,碩士班(日間),1,0,1,1.45
112,公立,一般大學,3002,臺北市立大學,02221019,歷史與地理學系,碩士班(日間),1,0,1,2.04
113,公立,一般大學,0001,國立政治大學,02221020,歷史學系,博士班,1,1,0,4.00
113,公立,一般大學,0001,國立政治大學,02311009,英國語文學系,博士班,1,1,0,5.00
113,公立,一般大學,0001,國立政治大學,02322008,中國文學系,博士班,5,1,4,10.64
113,公立,一般大學,0001,國立政治大學,03121026,政治學系,博士班,3,3,0,18.75
113,公立,一般大學,0001,國立政治大學,03141030,社會學系,博士班,1,0,1,9.09
113,公立,一般大學,0001,國立政治大學,03191047,國家發展研究所,博士班,8,6,2,20.51
113,公立,一般大學,0001,國立政治大學,03211056,傳播學院博士班,博士班,19,9,10,38.00
113,公立,一般大學,0001,國立政治大學,04121068,金融學系,博士班,2,2,0,9.52
113,公立,一般大學,0001,國立政治大學,04134041,公共行政學系,博士班,1,1,0,5.88
113,公立,一般大學,0001,國立政治大學,06131081,資訊科學系,博士班,2,1,1,18.18
113,公立,一般大學,0001,國立政治大學,02211019,宗教研究所,碩士班(日間),3,2,1,10.00
113,公立,一般大學,0001,國立政治大學,01111001,教育學系,博士班,3,1,2,3.19
113,公立,一般大學,0001,國立政治大學,02211019,宗教研究所,博士班,2,2,0,8.70
113,公立,一般大學,0001,國立政治大學,02222031,民族學系,博士班,2,0,2,14.29
113,公立,一般大學,0001,國立政治大學,02231022,哲學系,博士班,1,1,0,3.70
113,公立,一般大學,0001,國立政治大學,03143036,日本研究博士學位學程,博士班,1,0,1,10.00
113,公立,一般大學,0001,國立政治大學,03143043,地政學系,博士班,1,1,0,6.25
113,公立,一般大學,0001,國立政治大學,04111059,會計學系,博士班,1,0,1,20.00
113,公立,一般大學,0001,國立政治大學,04123069,風險管理與保險學系,博士班,1,1,0,7.69
113,公立,一般大學,0001,國立政治大學,04131060,企業管理學系,博士班,5,0,5,10.00
113,公立,一般大學,0001,國立政治大學,04141067,國際經營與貿易學系,博士班,2,0,2,25.00
113,公立,一般大學,0001,國立政治大學,04199072,科技管理與智慧財產研究所,博士班,1,0,1,3.45
113,公立,一般大學,0001,國立政治大學,04212073,法律學系,博士班,2,2,0,4.55
113,公立,一般大學,0001,國立政治大學,09231084,社會工作研究所,博士班,8,3,5,38.10
113,公立,一般大學,0001,國立政治大學,02231022,哲學系,碩士班(日間),1,1,0,2.70
113,公立,一般大學,0001,國立政治大學,02221020,歷史學系,碩士班(日間),3,0,3,6.12
113,公立,一般大學,0001,國立政治大學,02322008,中國文學系,碩士班(日間),9,3,6,10.98
113,公立,一般大學,0001,國立政治大學,03131033,輔導與諮商碩士學位學程,碩士班(日間),3,1,2,6.00
113,公立,一般大學,0001,國立政治大學,03143038,俄羅斯研究所,碩士班(日間),1,1,0,3.85
113,公立,一般大學,0001,國立政治大學,03211049,傳播學院傳播碩士學位學程,碩士班(日間),15,1,14,6.94
113,公立,一般大學,0001,國立政治大學,03211050,國際傳播英語碩士學位學程,碩士班(日間),1,0,1,1.69
113,公立,一般大學,0001,國立政治大學,03222054,圖書資訊與檔案學研究所,碩士班(日間),2,0,2,2.90
113,公立,一般大學,0001,國立政治大學,04111059,會計學系,碩士班(日間),2,2,0,1.45
113,公立,一般大學,0001,國立政治大學,04121065,財務管理學系,碩士班(日間),1,0,1,1.10
113,公立,一般大學,0001,國立政治大學,04121068,金融學系,碩士班(日間),1,0,1,1.28
113,公立,一般大學,0001,國立政治大學,04123069,風險管理與保險學系,碩士班(日間),1,0,1,1.25
113,公立,一般大學,0001,國立政治大學,02311011,日本語文學系,碩士班(日間),1,1,0,5.00
113,公立,一般大學,0001,國立政治大學,02323002,華語文教學碩士學位學程,碩士班(日間),1,0,1,1.56
113,公立,一般大學,0001,國立政治大學,03121026,政治學系,碩士班(日間),1,1,0,1.67
113,公立,一般大學,0001,國立政治大學,03131032,心理學系,碩士班(日間),2,1,1,2.04
113,公立,一般大學,0001,國立政治大學,03141030,社會學系,碩士班(日間),1,0,1,1.59
113,公立,一般大學,0001,國立政治大學,03191047,國家發展研究所,碩士班(日間),3,1,2,4.76
113,公立,一般大學,0001,國立政治大學,03199048,勞工研究所,碩士班(日間),1,1,0,1.72
113,公立,一般大學,0001,國立政治大學,04141067,國際經營與貿易學系,碩士班(日間),2,0,2,1.61
113,公立,一般大學,0001,國立政治大學,04212073,法律學系,碩士班(日間),2,0,2,0.83
113,公立,一般大學,0001,國立政治大學,06131080,資訊管理學系,碩士班(日間),1,0,1,0.91
113,公立,一般大學,0001,國立政治大學,06131081,資訊科學系,碩士班(日間),2,1,1,1.40
113,公立,一般大學,0001,國立政治大學,09231084,社會工作研究所,碩士班(日間),1,0,1,1.67
113,公立,一般大學,0002,國立清華大學,02321001,台灣文學研究所,碩士班(日間),1,0,1,2.86
113,公立,一般大學,0002,國立清華大學,02323114,華文文學研究所,碩士班(日間),6,2,4,10.34
113,公立,一般大學,0002,國立清華大學,03141012,社會學研究所,碩士班(日間),4,1,3,5.71
113,公立,一般大學,0002,國立清華大學,03199111,學習科學與科技研究所,碩士班(日間),1,1,0,1.47
113,公立,一般大學,0002,國立清華大學,04131018,國際專業管理碩士班,碩士班(日間),1,0,1,1.47
113,公立,一般大學,0002,國立清華大學,04199017,科技管理研究所,碩士班(日間),1,0,1,1.67
113,公立,一般大學,0002,國立清華大學,04212024,科技法律研究所,碩士班(日間),1,0,1,1.04
113,公立,一般大學,0002,國立清華大學,05121026,生物科技研究所,碩士班(日間),1,0,1,1.85
113,公立,一般大學,0002,國立清華大學,05121028,分子與細胞生物研究所,碩士班(日間),1,0,1,1.82
113,公立,一般大學,0002,國立清華大學,05211102,環境與文化資源學系,碩士班(日間),2,1,1,3.51
113,公立,一般大學,0002,國立清華大學,05411043,數學系,碩士班(日間),1,1,0,1.72
113,公立,一般大學,0002,國立清華大學,05411115,計算與建模科學研究所,碩士班(日間),1,1,0,3.03
113,公立,一般大學,0002,國立清華大學,06134046,資訊系統與應用研究所,碩士班(日間),3,3,0,2.21
113,公立,一般大學,0002,國立清華大學,07112058,材料科學工程學系,碩士班(日間),4,3,1,1.25
113,公立,一般大學,0002,國立清華大學,07131068,核子工程與科學研究所,碩士班(日間),1,1,0,1.89
113,公立,一般大學,0002,國立清華大學,07141050,電子工程研究所,碩士班(日間),1,1,0,0.45
113,公立,一般大學,0002,國立清華大學,07194059,奈米工程與微系統研究所,碩士班(日間),1,1,0,1.67
113,公立,一般大學,0002,國立清華大學,02322003,中國文學系,博士班,12,4,8,23.53
113,公立,一般大學,0002,國立清華大學,03111011,經濟學系,博士班,3,0,3,33.33
113,公立,一般大學,0002,國立清華大學,04121020,計量財務金融學系,博士班,2,1,1,66.67
113,公立,一般大學,0002,國立清華大學,04199017,科技管理研究所,博士班,4,2,2,18.18
113,公立,一般大學,0002,國立清華大學,04212024,科技法律研究所,博士班,1,0,1,8.33
113,公立,一般大學,0002,國立清華大學,05121026,生物科技研究所,博士班,1,0,1,2.78
113,公立,一般大學,0002,國立清華大學,01111084,教育與學習科技學系,博士班,7,0,7,9.59
113,公立,一般大學,0002,國立清華大學,01199112,竹師教育學院博士班,博士班,2,1,1,18.18
113,公立,一般大學,0002,國立清華大學,02221006,歷史研究所,博士班,2,1,1,10.53
113,公立,一般大學,0002,國立清華大學,02222007,人類學研究所,博士班,2,0,2,16.67
113,公立,一般大學,0002,國立清華大學,02231008,哲學研究所,博士班,1,1,0,25.00
113,公立,一般大學,0002,國立清華大學,02321001,台灣文學研究所,博士班,3,1,2,13.04
113,公立,一般大學,0002,國立清華大學,03141012,社會學研究所,博士班,3,1,2,21.43
113,公立,一般大學,0002,國立清華大學,07193063,生醫工程與環境科學系,博士班,1,0,1,2.08
113,公立,一般大學,0002,國立清華大學,05199033,系統神經科學研究所,博士班,1,1,0,7.69
113,公立,一般大學,0002,國立清華大學,05331038,物理學系,博士班,2,1,1,2.44
113,公立,一般大學,0002,國立清華大學,06131053,資訊工程學系,博士班,8,7,1,10.53
113,公立,一般大學,0002,國立清華大學,07112058,材料科學工程學系,博士班,3,2,1,2.61
113,公立,一般大學,0002,國立清華大學,07141050,電子工程研究所,博士班,3,3,0,8.82
113,公立,一般大學,0002,國立清華大學,07141054,通訊工程研究所,博士班,1,1,0,5.56
113,公立,一般大學,0002,國立清華大學,07151056,動力機械工程學系,博士班,3,3,0,4.76
113,公立,一般大學,0002,國立清華大學,07191061,工業工程與工程管理學系,博士班,1,1,0,2.44
113,公立,一般大學,0002,國立清華大學,07194066,工程與系統科學系,博士班,1,1,0,1.25
113,公立,一般大學,0002,國立清華大學,01111084,教育與學習科技學系,碩士班(日間),1,0,1,0.79
113,公立,一般大學,0002,國立清華大學,01113095,特殊教育學系,碩士班(日間),1,0,1,2.00
113,公立,一般大學,0002,國立清華大學,01121091,幼兒教育學系,碩士班(日間),6,1,5,9.68
113,公立,一般大學,0002,國立清華大學,01131085,數理教育研究所,碩士班(日間),1,1,0,1.47
113,公立,一般大學,0002,國立清華大學,01131105,英語教學系,碩士班(日間),1,0,1,3.33
113,公立,一般大學,0002,國立清華大學,01141127,運動科學系,碩士班(日間),4,2,2,10.26
113,公立,一般大學,0002,國立清華大學,02131098,藝術與設計學系,碩士班(日間),5,1,4,6.85
113,公立,一般大學,0002,國立清華大學,02222007,人類學研究所,碩士班(日間),1,0,1,2.33
113,公立,一般大學,0002,國立清華大學,02231008,哲學研究所,碩士班(日間),1,0,1,4.00
113,公立,一般大學,0002,國立清華大學,07193132,智慧生醫博士學位學程,博士班,1,1,0,16.67
113,公立,一般大學,0002,國立清華大學,99999074,跨院國際博士班學位學程,博士班,9,2,7,6.52
113,公立,一般大學,0002,國立清華大學,02221006,歷史研究所,碩士班(日間),3,2,1,8.82
113,公立,一般大學,0002,國立清華大學,02311002,外國語文學系,碩士班(日間),2,0,2,6.25
113,公立,一般大學,0002,國立清華大學,02322003,中國文學系,碩士班(日間),10,3,7,13.33
113,公立,一般大學,0002,國立清華大學,02399005,語言學研究所,碩士班(日間),1,0,1,3.13
113,公立,一般大學,0002,國立清華大學,03111011,經濟學系,碩士班(日間),3,3,0,6.52
113,公立,一般大學,0002,國立清華大學,03131077,教育心理與諮商學系,碩士班(日間),1,1,0,0.86
113,公立,一般大學,0002,國立清華大學,04121020,計量財務金融學系,碩士班(日間),8,5,3,17.39
113,公立,一般大學,0002,國立清華大學,05331038,物理學系,碩士班(日間),2,1,1,1.00
113,公立,一般大學,0002,國立清華大學,07141049,電機工程學系,碩士班(日間),1,1,0,0.25
113,公立,一般大學,0002,國立清華大學,07141054,通訊工程研究所,碩士班(日間),2,2,0,1.23
113,公立,一般大學,0002,國立清華大學,07151056,動力機械工程學系,碩士班(日間),3,3,0,0.84
113,公立,一般大學,0002,國立清華大學,07191061,工業工程與工程管理學系,碩士班(日間),2,2,0,0.94
113,公立,一般大學,0002,國立清華大學,07193063,生醫工程與環境科學系,碩士班(日間),1,1,0,1.05
113,公立,一般大學,0002,國立清華大學,99999074,跨院國際碩士學位學程,碩士班(日間),1,0,1,2.08
113,公立,一般大學,0003,國立臺灣大學,02152003,戲劇學系,學士班(日間),1,0,1,0.59
113,公立,一般大學,0003,國立臺灣大學,02151002,音樂學研究所,博士班,1,0,1,5.88
113,公立,一般大學,0003,國立臺灣大學,02222013,人類學系,博士班,3,2,1,17.65
113,公立,一般大學,0003,國立臺灣大學,02321005,臺灣文學研究所,博士班,1,0,1,3.57
113,公立,一般大學,0003,國立臺灣大學,02399011,語言學研究所,博士班,1,1,0,6.25
113,公立,一般大學,0003,國立臺灣大學,03131019,心理學系,博士班,1,1,0,3.57
113,公立,一般大學,0003,國立臺灣大學,03191023,國家發展研究所,博士班,1,0,1,4.35
113,公立,一般大學,0003,國立臺灣大學,04111027,會計學系,博士班,1,0,1,6.25
113,公立,一般大學,0003,國立臺灣大學,04121032,財務金融學系,博士班,2,1,1,8.00
113,公立,一般大學,0003,國立臺灣大學,04131026,商學研究所,博士班,3,1,2,7.50
113,公立,一般大學,0003,國立臺灣大學,04131031,國際企業學系,博士班,8,2,6,15.09
113,公立,一般大學,0003,國立臺灣大學,05121044,生物科技研究所,博士班,1,0,1,4.00
113,公立,一般大學,0003,國立臺灣大學,05311051,化學系,博士班,3,2,1,2.38
113,公立,一般大學,0003,國立臺灣大學,05331054,物理學系,博士班,3,3,0,2.75
113,公立,一般大學,0003,國立臺灣大學,02221012,歷史學系,博士班,4,2,2,9.30
113,公立,一般大學,0003,國立臺灣大學,02231014,哲學系,博士班,1,1,0,3.45
113,公立,一般大學,0003,國立臺灣大學,02322006,中國文學系,博士班,1,1,0,2.56
113,公立,一般大學,0003,國立臺灣大學,03111015,經濟學系,博士班,1,0,1,5.00
113,公立,一般大學,0003,國立臺灣大學,03121016,政治學系,博士班,9,7,2,23.08
113,公立,一般大學,0003,國立臺灣大學,03142021,地理環境資源學系,博士班,1,1,0,8.33
113,公立,一般大學,0003,國立臺灣大學,03222025,圖書資訊學系,博士班,3,2,1,15.79
113,公立,一般大學,0003,國立臺灣大學,04211035,法律學系,博士班,1,0,1,2.22
113,公立,一般大學,0003,國立臺灣大學,05121046,分子與細胞生物學研究所,博士班,1,1,0,6.67
113,公立,一般大學,0003,國立臺灣大學,06131063,資訊網路與多媒體研究所,博士班,7,6,1,15.91
113,公立,一般大學,0003,國立臺灣大學,06131067,資訊工程學系,博士班,1,1,0,0.81
113,公立,一般大學,0003,國立臺灣大學,07121080,環境工程學研究所,博士班,3,2,1,4.92
113,公立,一般大學,0003,國立臺灣大學,07211099,食品科技研究所,博士班,3,1,2,9.09
113,公立,一般大學,0003,國立臺灣大學,07313086,建築與城鄉研究所,博士班,1,1,0,4.17
113,公立,一般大學,0003,國立臺灣大學,07321074,土木工程學系,博士班,4,2,2,2.63
113,公立,一般大學,0003,國立臺灣大學,07321075,生物環境系統工程學系,博士班,1,1,0,3.03
113,公立,一般大學,0003,國立臺灣大學,08211102,森林環境暨資源學系,博士班,1,0,1,4.35
113,公立,一般大學,0003,國立臺灣大學,08311103,漁業科學研究所,博士班,2,2,0,8.33
113,公立,一般大學,0003,國立臺灣大學,05321052,地質科學系,博士班,1,0,1,2.04
113,公立,一般大學,0003,國立臺灣大學,06131062,資訊管理學系,博士班,1,1,0,4.76
113,公立,一般大學,0003,國立臺灣大學,06131081,生醫電子與資訊學研究所,博士班,2,2,0,3.17
113,公立,一般大學,0003,國立臺灣大學,07111076,化學工程學系,博士班,2,2,0,1.94
113,公立,一般大學,0003,國立臺灣大學,07112078,材料科學與工程學系,博士班,1,1,0,1.15
113,公立,一般大學,0003,國立臺灣大學,07141064,電機工程學系,博士班,7,7,0,7.00
113,公立,一般大學,0003,國立臺灣大學,07141065,電子工程學研究所,博士班,3,2,1,3.41
113,公立,一般大學,0003,國立臺灣大學,07141066,光電工程學研究所,博士班,1,1,0,1.96
113,公立,一般大學,0003,國立臺灣大學,07141068,電信工程學研究所,博士班,3,3,0,4.00
113,公立,一般大學,0003,國立臺灣大學,07151069,機械工程學系,博士班,5,4,1,5.15
113,公立,一般大學,0003,國立臺灣大學,07191079,工業工程學研究所,博士班,1,1,0,7.14
113,公立,一般大學,0003,國立臺灣大學,08411104,獸醫學系,博士班,1,0,1,4.17
113,公立,一般大學,0003,國立臺灣大學,09191127,健康政策與管理研究所,博士班,4,0,4,6.90
113,公立,一般大學,0003,國立臺灣大學,02151002,音樂學研究所,碩士班(日間),1,0,1,4.17
113,公立,一般大學,0003,國立臺灣大學,02191004,藝術史研究所,碩士班(日間),3,2,1,6.52
113,公立,一般大學,0003,國立臺灣大學,02222013,人類學系,碩士班(日間),5,1,4,12.20
113,公立,一般大學,0003,國立臺灣大學,02311009,日本語文學系,碩士班(日間),1,1,0,2.08
113,公立,一般大學,0003,國立臺灣大學,03131019,心理學系,碩士班(日間),1,0,1,0.87
113,公立,一般大學,0003,國立臺灣大學,03141018,社會學系,碩士班(日間),3,0,3,6.00
113,公立,一般大學,0003,國立臺灣大學,03191023,國家發展研究所,碩士班(日間),3,2,1,1.69
113,公立,一般大學,0003,國立臺灣大學,03212024,新聞研究所,碩士班(日間),8,2,6,8.25
113,公立,一般大學,0003,國立臺灣大學,03222025,圖書資訊學系,碩士班(日間),5,1,4,6.85
113,公立,一般大學,0003,國立臺灣大學,04131026,商學研究所,碩士班(日間),1,0,1,0.73
113,公立,一般大學,0003,國立臺灣大學,04134022,公共事務研究所,碩士班(日間),4,1,3,7.55
113,公立,一般大學,0003,國立臺灣大學,04211035,法律學系,碩士班(日間),8,1,7,1.66
113,公立,一般大學,0003,國立臺灣大學,05421168,統計與數據科學研究所,碩士班(日間),3,1,2,8.82
113,公立,一般大學,0003,國立臺灣大學,09121130,藥理學研究所,博士班,1,1,0,3.23
113,公立,一般大學,0003,國立臺灣大學,09191162,環境與職業健康科學研究所,博士班,1,0,1,2.50
113,公立,一般大學,0003,國立臺灣大學,09199141,毒理學研究所,博士班,1,0,1,5.26
113,公立,一般大學,0003,國立臺灣大學,02152003,戲劇學系,碩士班(日間),1,1,0,3.70
113,公立,一般大學,0003,國立臺灣大學,02221012,歷史學系,碩士班(日間),1,1,0,1.54
113,公立,一般大學,0003,國立臺灣大學,02231014,哲學系,碩士班(日間),4,3,1,9.09
113,公立,一般大學,0003,國立臺灣大學,02312010,翻譯碩士學位學程,碩士班(日間),1,1,0,1.75
113,公立,一般大學,0003,國立臺灣大學,02322006,中國文學系,碩士班(日間),8,1,7,8.99
113,公立,一般大學,0003,國立臺灣大學,03111015,經濟學系,碩士班(日間),2,2,0,1.85
113,公立,一般大學,0003,國立臺灣大學,03142021,地理環境資源學系,碩士班(日間),2,0,2,3.08
113,公立,一般大學,0003,國立臺灣大學,04121032,財務金融學系,碩士班(日間),2,0,2,1.41
113,公立,一般大學,0003,國立臺灣大學,04131031,國際企業學系,碩士班(日間),4,0,4,2.76
113,公立,一般大學,0003,國立臺灣大學,05111040,植物科學研究所,碩士班(日間),2,1,1,3.39
113,公立,一般大學,0003,國立臺灣大學,05121045,生化科學研究所,碩士班(日間),1,1,0,1.82
113,公立,一般大學,0003,國立臺灣大學,06131063,資訊網路與多媒體研究所,碩士班(日間),5,3,2,3.36
113,公立,一般大學,0003,國立臺灣大學,07121080,環境工程學研究所,碩士班(日間),2,2,0,1.33
113,公立,一般大學,0003,國立臺灣大學,07141066,光電工程學研究所,碩士班(日間),3,3,0,0.97
113,公立,一般大學,0003,國立臺灣大學,07141068,電信工程學研究所,碩士班(日間),1,1,0,0.26
113,公立,一般大學,0003,國立臺灣大學,07151069,機械工程學系,碩士班(日間),5,5,0,0.98
113,公立,一般大學,0003,國立臺灣大學,07191079,工業工程學研究所,碩士班(日間),1,0,1,1.23
113,公立,一般大學,0003,國立臺灣大學,07211099,食品科技研究所,碩士班(日間),2,0,2,2.20
113,公立,一般大學,0003,國立臺灣大學,07321075,生物環境系統工程學系,碩士班(日間),1,1,0,1.12
113,公立,一般大學,0003,國立臺灣大學,08112089,動物科學技術學系,碩士班(日間),1,1,0,1.89
113,公立,一般大學,0003,國立臺灣大學,08121091,園藝暨景觀學系,碩士班(日間),2,1,1,1.77
113,公立,一般大學,0003,國立臺灣大學,08193096,農業經濟學系,碩士班(日間),6,3,3,6.59
113,公立,一般大學,0003,國立臺灣大學,08193098,生物產業傳播暨發展學系,碩士班(日間),1,1,0,3.45
113,公立,一般大學,0003,國立臺灣大學,08211102,森林環境暨資源學系,碩士班(日間),1,1,0,0.78
113,公立,一般大學,0003,國立臺灣大學,09121114,解剖學暨細胞生物學研究所,碩士班(日間),1,0,1,4.00
113,公立,一般大學,0003,國立臺灣大學,05331054,物理學系,碩士班(日間),3,3,0,1.66
113,公立,一般大學,0003,國立臺灣大學,06131062,資訊管理學系,碩士班(日間),3,1,2,2.10
113,公立,一般大學,0003,國立臺灣大學,06131067,資訊工程學系,碩士班(日間),9,5,4,2.28
113,公立,一般大學,0003,國立臺灣大學,06131081,生醫電子與資訊學研究所,碩士班(日間),6,5,1,3.97
113,公立,一般大學,0003,國立臺灣大學,07111076,化學工程學系,碩士班(日間),2,1,1,0.74
113,公立,一般大學,0003,國立臺灣大學,07111077,高分子科學與工程學研究所,碩士班(日間),2,1,1,2.60
113,公立,一般大學,0003,國立臺灣大學,07141064,電機工程學系,碩士班(日間),1,1,0,0.44
113,公立,一般大學,0003,國立臺灣大學,07141065,電子工程學研究所,碩士班(日間),1,1,0,0.23
113,公立,一般大學,0003,國立臺灣大學,07193083,醫學工程學系,碩士班(日間),6,2,4,4.26
113,公立,一般大學,0003,國立臺灣大學,07313086,建築與城鄉研究所,碩士班(日間),15,6,9,10.64
113,公立,一般大學,0003,國立臺灣大學,07321074,土木工程學系,碩士班(日間),3,2,1,0.69
113,公立,一般大學,0003,國立臺灣大學,08311103,漁業科學研究所,碩士班(日間),1,0,1,2.22
113,公立,一般大學,0003,國立臺灣大學,09121120,基因體暨蛋白體醫學研究所,碩士班(日間),1,0,1,5.00
113,公立,一般大學,0003,國立臺灣大學,09191127,健康政策與管理研究所,碩士班(日間),2,1,1,3.85
113,公立,一般大學,0003,國立臺灣大學,09231144,社會工作學系,碩士班(日間),1,1,0,1.52
113,公立,一般大學,0003,國立臺灣大學,09141136,醫學檢驗暨生物技術學系,碩士班(日間),2,0,2,3.92
113,公立,一般大學,0003,國立臺灣大學,09141143,醫療器材與醫學影像研究所,碩士班(日間),1,0,1,5.00
113,公立,一般大學,0004,國立臺灣師範大學,01131017,健康促進與衛生教育學系,學士班(日間),1,1,0,0.60
113,公立,一般大學,0004,國立臺灣師範大學,01111001,教育學系,博士班,5,1,4,6.25
113,公立,一般大學,0004,國立臺灣師範大學,01141087,體育與運動科學系,博士班,7,5,2,6.14
113,公立,一般大學,0004,國立臺灣師範大學,02312034,翻譯研究所,博士班,4,0,4,14.81
113,公立,一般大學,0004,國立臺灣師範大學,03131003,教育心理與輔導學系,博士班,2,1,1,2.99
113,公立,一般大學,0004,國立臺灣師範大學,03143042,東亞學系,博士班,1,0,1,3.85
113,公立,一般大學,0004,國立臺灣師範大學,10152077,運動休閒與餐旅管理研究所,博士班,3,0,3,10.00
113,公立,一般大學,0004,國立臺灣師範大學,01113018,特殊教育學系,碩士班(日間),2,2,0,3.33
113,公立,一般大學,0004,國立臺灣師範大學,01131009,社會教育學系,碩士班(日間),1,0,1,1.32
113,公立,一般大學,0004,國立臺灣師範大學,01141087,體育與運動科學系,碩士班(日間),1,1,0,0.60
113,公立,一般大學,0004,國立臺灣師範大學,01113018,特殊教育學系,博士班,1,0,1,2.33
113,公立,一般大學,0004,國立臺灣師範大學,01115002,課程與教學研究所,博士班,2,0,2,5.26
113,公立,一般大學,0004,國立臺灣師範大學,01131009,社會教育學系,博士班,2,1,1,7.14
113,公立,一般大學,0004,國立臺灣師範大學,01141010,工業教育學系,博士班,1,1,0,3.03
113,公立,一般大學,0004,國立臺灣師範大學,01141090,幼兒與家庭科學學系,博士班,4,0,4,13.33
113,公立,一般大學,0004,國立臺灣師範大學,02112037,設計學系,博士班,8,3,5,25.00
113,公立,一般大學,0004,國立臺灣師範大學,02131023,美術學系,博士班,2,1,1,2.30
113,公立,一般大學,0004,國立臺灣師範大學,02151024,音樂學系,博士班,3,1,2,8.33
113,公立,一般大學,0004,國立臺灣師範大學,02313005,華語文教學系,博士班,1,0,1,1.54
113,公立,一般大學,0004,國立臺灣師範大學,02322029,國文學系,博士班,4,1,3,7.55
113,公立,一般大學,0004,國立臺灣師範大學,05311059,化學系,博士班,1,0,1,3.57
113,公立,一般大學,0004,國立臺灣師範大學,05411062,數學系,博士班,2,1,1,9.52
113,公立,一般大學,0004,國立臺灣師範大學,06131065,資訊工程學系,博士班,1,1,0,7.14
113,公立,一般大學,0004,國立臺灣師範大學,01111001,教育學系,碩士班(日間),3,1,2,4.48
113,公立,一般大學,0004,國立臺灣師範大學,01115002,課程與教學研究所,碩士班(日間),1,1,0,2.86
113,公立,一般大學,0004,國立臺灣師範大學,01141090,幼兒與家庭科學學系,碩士班(日間),1,0,1,1.45
113,公立,一般大學,0004,國立臺灣師範大學,02112037,設計學系,碩士班(日間),1,0,1,1.39
113,公立,一般大學,0004,國立臺灣師範大學,02131023,美術學系,碩士班(日間),3,2,1,2.17
113,公立,一般大學,0004,國立臺灣師範大學,02191026,藝術史研究所,碩士班(日間),3,0,3,5.00
113,公立,一般大學,0004,國立臺灣師範大學,02313005,華語文教學系,碩士班(日間),3,1,2,1.35
113,公立,一般大學,0004,國立臺灣師範大學,03211048,大眾傳播研究所,碩士班(日間),3,1,2,3.33
113,公立,一般大學,0004,國立臺灣師範大學,04131047,全球經營與策略研究所,碩士班(日間),1,1,0,1.61
113,公立,一般大學,0004,國立臺灣師範大學,04131052,管理研究所,碩士班(日間),4,3,1,4.21
113,公立,一般大學,0004,國立臺灣師範大學,10152077,運動休閒與餐旅管理研究所,碩士班(日間),3,0,3,3.45
113,公立,一般大學,0004,國立臺灣師範大學,02151024,音樂學系,碩士班(日間),2,0,2,1.36
113,公立,一般大學,0004,國立臺灣師範大學,02152027,表演藝術研究所,碩士班(日間),4,1,3,4.35
113,公立,一般大學,0004,國立臺灣師範大學,02322029,國文學系,碩士班(日間),7,3,4,8.14
113,公立,一般大學,0004,國立臺灣師範大學,03143042,東亞學系,碩士班(日間),1,1,0,1.16
113,公立,一般大學,0004,國立臺灣師範大學,03199094,復健諮商與高齡福祉研究所,碩士班(日間),1,1,0,3.85
113,公立,一般大學,0004,國立臺灣師範大學,03214050,圖文傳播學系,碩士班(日間),2,0,2,3.17
113,公立,一般大學,0004,國立臺灣師範大學,05111056,生命科學系,碩士班(日間),1,1,0,1.19
113,公立,一般大學,0004,國立臺灣師範大學,06131065,資訊工程學系,碩士班(日間),1,1,0,0.47
113,公立,一般大學,0004,國立臺灣師範大學,07141080,光電工程研究所,碩士班(日間),1,1,0,1.67
113,公立,一般大學,0005,國立成功大學,01111103,教育研究所,博士班,2,1,1,7.14
113,公立,一般大學,0005,國立成功大學,03131117,心理學系,博士班,1,0,1,8.33
113,公立,一般大學,0005,國立成功大學,06131030,資訊管理研究所,博士班,1,1,0,5.88
113,公立,一般大學,0005,國立成功大學,02122112,創意產業設計研究所,博士班,4,0,4,10.53
113,公立,一般大學,0005,國立成功大學,02123113,工業設計學系,博士班,11,3,8,16.42
113,公立,一般大學,0005,國立成功大學,02221110,歷史學系,博士班,1,1,0,3.85
113,公立,一般大學,0005,國立成功大學,02311108,外國語文學系,博士班,2,1,1,9.09
113,公立,一般大學,0005,國立成功大學,02322107,中國文學系,博士班,1,0,1,2.94
113,公立,一般大學,0005,國立成功大學,03121115,政治學系政治經濟學博士班,博士班,3,3,0,12.00
113,公立,一般大學,0005,國立成功大學,07141035,光電科學與工程學系,博士班,1,1,0,3.13
113,公立,一般大學,0005,國立成功大學,07151042,機械工程學系,博士班,2,2,0,3.33
113,公立,一般大學,0005,國立成功大學,02122112,創意產業設計研究所,碩士班(日間),2,0,2,3.45
113,公立,一般大學,0005,國立成功大學,02222111,考古學研究所,碩士班(日間),1,0,1,1.89
113,公立,一般大學,0005,國立成功大學,04212001,法律學系,碩士班(日間),1,0,1,0.64
113,公立,一般大學,0005,國立成功大學,04212001,法律學系,博士班,3,1,2,12.00
113,公立,一般大學,0005,國立成功大學,06131036,資訊工程學系,博士班,5,4,1,7.25
113,公立,一般大學,0005,國立成功大學,07141032,電機工程學系,博士班,1,1,0,0.89
113,公立,一般大學,0005,國立成功大學,07311075,建築學系,博士班,3,1,2,6.00
113,公立,一般大學,0005,國立成功大學,07313076,都市計劃學系,博士班,4,2,2,16.00
113,公立,一般大學,0005,國立成功大學,07321049,土木工程學系,博士班,1,1,0,2.70
113,公立,一般大學,0005,國立成功大學,02123113,工業設計學系,碩士班(日間),6,4,2,6.25
113,公立,一般大學,0005,國立成功大學,02152051,戲劇碩士學位學程,碩士班(日間),7,2,5,35.00
113,公立,一般大學,0005,國立成功大學,02191104,藝術研究所,碩士班(日間),5,1,4,10.64
113,公立,一般大學,0005,國立成功大學,02311108,外國語文學系,碩士班(日間),1,0,1,1.96
113,公立,一般大學,0005,國立成功大學,02322107,中國文學系中國文學碩士班,碩士班(日間),2,1,1,5.41
113,公立,一般大學,0005,國立成功大學,03111114,經濟學系,碩士班(日間),1,0,1,3.13
113,公立,一般大學,0005,國立成功大學,04131124,國際企業研究所,碩士班(日間),2,1,1,2.86
113,公立,一般大學,0005,國立成功大學,05311017,化學系,碩士班(日間),1,1,0,0.65
113,公立,一般大學,0005,國立成功大學,05421128,數據科學研究所,碩士班(日間),1,1,0,4.17
113,公立,一般大學,0005,國立成功大學,06131036,資訊工程學系,碩士班(日間),7,7,0,2.08
113,公立,一般大學,0005,國立成功大學,07311075,建築學系,碩士班(日間),2,1,1,1.14
113,公立,一般大學,0005,國立成功大學,07313076,都市計劃學系,碩士班(日間),1,0,1,0.90
113,公立,一般大學,0005,國立成功大學,07321049,土木工程學系,碩士班(日間),1,1,0,0.41
113,公立,一般大學,0005,國立成功大學,07112063,材料科學及工程學系,碩士班(日間),1,1,0,0.37
113,公立,一般大學,0005,國立成功大學,07151042,機械工程學系,碩士班(日間),1,1,0,0.22
113,公立,一般大學,0005,國立成功大學,03111114,經濟學系,學士班(日間),1,0,1,0.37
113,公立,一般大學,0005,國立成功大學,07151042,機械工程學系,學士班(日間),1,1,0,0.14
113,公立,一般大學,0006,國立中興大學,05123034,生物化學研究所,博士班,1,0,1,16.67
113,公立,一般大學,0006,國立中興大學,04121019,財務金融學系,博士班,1,0,1,4.76
113,公立,一般大學,0006,國立中興大學,08411087,獸醫學系,博士班,4,1,3,13.33
113,公立,一般大學,0006,國立中興大學,07151050,機械工程學系,碩士班(日間),1,1,0,0.39
113,公立,一般大學,0006,國立中興大學,07312061,景觀與遊憩碩士學位學程,碩士班(日間),1,0,1,5.88
113,公立,一般大學,0006,國立中興大學,08411087,獸醫學系,碩士班(日間),1,0,1,1.43
113,公立,一般大學,0006,國立中興大學,04131097,運動與健康管理研究所,碩士班(日間),2,2,0,6.90
113,公立,一般大學,0007,國立陽明交通大學,02299010,社會與文化研究所,博士班,9,1,8,23.68
113,公立,一般大學,0007,國立陽明交通大學,04121020,資訊管理與財務金融學系財務金融博士班,博士班,4,4,0,13.79
113,公立,一般大學,0007,國立陽明交通大學,04131018,管理科學系,博士班,3,2,1,11.11
113,公立,一般大學,0007,國立陽明交通大學,05121112,生命科學系暨基因體科學研究所,博士班,1,0,1,9.09
113,公立,一般大學,0007,國立陽明交通大學,06131061,資訊科學與工程研究所,博士班,7,4,3,5.04
113,公立,一般大學,0007,國立陽明交通大學,07191075,工業工程與管理學系,博士班,1,1,0,3.45
113,公立,一般大學,0007,國立陽明交通大學,02122004,應用藝術研究所,博士班,5,3,2,16.67
113,公立,一般大學,0007,國立陽明交通大學,04199023,科技管理研究所,博士班,9,5,4,30.00
113,公立,一般大學,0007,國立陽明交通大學,07141050,電機工程學系,博士班,1,1,0,1.61
113,公立,一般大學,0007,國立陽明交通大學,07141053,電子研究所,博士班,1,1,0,0.88
113,公立,一般大學,0007,國立陽明交通大學,07193120,生醫光電研究所,博士班,1,1,0,4.17
113,公立,一般大學,0007,國立陽明交通大學,02122004,應用藝術研究所,碩士班(日間),6,0,6,7.59
113,公立,一般大學,0007,國立陽明交通大學,02299009,亞際文化研究國際碩士學位學程(台灣聯合大學系統),碩士班(日間),2,1,1,7.69
113,公立,一般大學,0007,國立陽明交通大學,02299010,社會與文化研究所,碩士班(日間),3,0,3,8.57
113,公立,一般大學,0007,國立陽明交通大學,03211014,傳播研究所,碩士班(日間),4,1,3,5.88
113,公立,一般大學,0007,國立陽明交通大學,04212027,科技法律研究所,碩士班(日間),1,0,1,0.83
113,公立,一般大學,0007,國立陽明交通大學,05121112,生命科學系暨基因體科學研究所,碩士班(日間),1,0,1,1.79
113,公立,一般大學,0007,國立陽明交通大學,05311036,應用化學系,碩士班(日間),1,1,0,0.43
113,公立,一般大學,0007,國立陽明交通大學,07141066,國際半導體產業學院博士班,博士班,1,1,0,1.27
113,公立,一般大學,0007,國立陽明交通大學,07151070,機械工程學系,博士班,1,1,0,1.43
113,公立,一般大學,0007,國立陽明交通大學,07321071,土木工程學系,博士班,5,2,3,8.47
113,公立,一般大學,0007,國立陽明交通大學,03211015,傳播與科技學系,碩士班(日間),1,0,1,2.22
113,公立,一般大學,0007,國立陽明交通大學,04121020,資訊管理與財務金融學系財務金融碩士班,碩士班(日間),5,4,1,4.39
113,公立,一般大學,0007,國立陽明交通大學,04131018,管理科學系,碩士班(日間),3,1,2,3.61
113,公立,一般大學,0007,國立陽明交通大學,07193120,生醫光電研究所,碩士班(日間),1,1,0,1.33
113,公立,一般大學,0007,國立陽明交通大學,04199023,科技管理研究所,碩士班(日間),1,1,0,2.00
113,公立,一般大學,0007,國立陽明交通大學,05124117,生物醫學資訊研究所,碩士班(日間),2,2,0,2.86
113,公立,一般大學,0007,國立陽明交通大學,06131061,資訊科學與工程研究所,碩士班(日間),2,2,0,0.42
113,公立,一般大學,0007,國立陽明交通大學,07141050,電機工程學系,碩士班(日間),4,4,0,1.79
113,公立,一般大學,0007,國立陽明交通大學,07141053,電子研究所,碩士班(日間),1,1,0,0.15
113,公立,一般大學,0007,國立陽明交通大學,07151093,機器人碩士學位學程,碩士班(日間),2,2,0,3.17
113,公立,一般大學,0007,國立陽明交通大學,09161142,藥學系,碩士班(日間),1,0,1,3.03
113,公立,一般大學,0007,國立陽明交通大學,09121132,解剖學及細胞生物學研究所,碩士班(日間),1,0,1,2.00
113,公立,一般大學,0007,國立陽明交通大學,09191138,衛生福利研究所,碩士班(日間),2,1,1,4.65
113,公立,一般大學,0008,國立中央大學,02322006,中國文學系,博士班,1,0,1,4.17
113,公立,一般大學,0008,國立中央大學,04121024,財務金融學系,博士班,1,1,0,7.69
113,公立,一般大學,0008,國立中央大學,06131059,資訊工程學系,博士班,2,1,1,2.94
113,公立,一般大學,0008,國立中央大學,07121072,環境工程研究所,博士班,1,0,1,6.25
113,公立,一般大學,0008,國立中央大學,07151064,機械工程學系,博士班,1,1,0,1.72
113,公立,一般大學,0008,國立中央大學,07321067,土木工程學系,博士班,4,4,0,7.27
113,公立,一般大學,0008,國立中央大學,04211030,法律與政府研究所,碩士班(日間),1,1,0,1.67
113,公立,一般大學,0008,國立中央大學,02231011,哲學研究所,博士班,1,1,0,3.33
113,公立,一般大學,0008,國立中央大學,07111069,化學工程與材料工程學系,博士班,1,1,0,5.26
113,公立,一般大學,0008,國立中央大學,02191004,藝術學研究所,碩士班(日間),1,1,0,2.94
113,公立,一般大學,0008,國立中央大學,04121024,財務金融學系,碩士班(日間),1,0,1,1.82
113,公立,一般大學,0008,國立中央大學,05411051,數學系,碩士班(日間),1,1,0,1.64
113,公立,一般大學,0008,國立中央大學,06131059,資訊工程學系,碩士班(日間),2,1,1,0.69
113,公立,一般大學,0008,國立中央大學,07141057,光電科學與工程學系,碩士班(日間),1,1,0,0.50
113,公立,一般大學,0008,國立中央大學,07141055,電機工程學系,碩士班(日間),1,1,0,0.25
113,公立,一般大學,0009,國立中山大學,02322005,中國文學系,博士班,4,1,3,17.39
113,公立,一般大學,0009,國立中山大學,03121011,政治學研究所,博士班,1,1,0,5.56
113,公立,一般大學,0009,國立中山大學,04131028,人力資源管理研究所,博士班,1,0,1,3.85
113,公立,一般大學,0009,國立中山大學,04121024,財務管理學系,博士班,3,2,1,20.00
113,公立,一般大學,0009,國立中山大學,02231008,哲學研究所,碩士班(日間),2,1,1,6.67
113,公立,一般大學,0009,國立中山大學,02322005,中國文學系,碩士班(日間),3,3,0,6.82
113,公立,一般大學,0009,國立中山大學,03143016,中國與亞太區域研究所,碩士班(日間),1,1,0,1.82
113,公立,一般大學,0009,國立中山大學,05323047,海洋科學系,博士班,1,1,0,7.69
113,公立,一般大學,0009,國立中山大學,07151061,機械與機電工程學系,博士班,1,1,0,3.23
113,公立,一般大學,0009,國立中山大學,04199025,行銷傳播管理研究所,碩士班(日間),2,1,1,3.13
113,公立,一般大學,0009,國立中山大學,07112063,材料與光電科學學系,碩士班(日間),1,1,0,0.61
113,公立,一般大學,0012,國立臺灣海洋大學,05323017,海洋生物研究所,博士班,1,1,0,4.17
113,公立,一般大學,0012,國立臺灣海洋大學,04212009,海洋法律研究所,博士班,1,1,0,3.70
113,公立,一般大學,0012,國立臺灣海洋大學,07122041,海洋工程科技博士學位學程,博士班,1,1,0,33.33
113,公立,一般大學,0013,國立中正大學,04211039,法律學系,博士班,3,2,1,6.38
113,公立,一般大學,0013,國立中正大學,01111001,教育學研究所教育學博士班,博士班,1,1,0,2.78
113,公立,一般大學,0013,國立中正大學,01111001,教育學研究所課程博士班,博士班,1,0,1,4.17
113,公立,一般大學,0013,國立中正大學,02221015,歷史學系,博士班,2,2,0,9.09
113,公立,一般大學,0013,國立中正大學,03131019,心理學系,博士班,1,0,1,7.69
113,公立,一般大學,0013,國立中正大學,04111032,會計與資訊科技學系,博士班,1,1,0,7.69
113,公立,一般大學,0013,國立中正大學,04212040,財經法律學系,碩士班(日間),1,1,0,1.22
113,公立,一般大學,0014,國立高雄師範大學,01112009,成人教育研究所,博士班,3,2,1,4.69
113,公立,一般大學,0014,國立高雄師範大學,01141006,科學教育暨環境教育研究所科學教育博士班,博士班,1,1,0,2.33
113,公立,一般大學,0014,國立高雄師範大學,02112022,視覺設計學系,碩士班(日間),1,1,0,1.45
113,公立,一般大學,0015,國立彰化師範大學,01113012,特殊教育學系,博士班,1,0,1,4.35
113,公立,一般大學,0015,國立彰化師範大學,03131025,輔導與諮商學系,博士班,6,1,5,12.77
113,公立,一般大學,0017,國立臺北大學,04131018,企業管理學系,博士班,1,1,0,1.20
113,公立,一般大學,0017,國立臺北大學,04134013,公共行政暨政策學系,博士班,1,1,0,8.33
113,公立,一般大學,0017,國立臺北大學,04211028,法律學系,博士班,2,1,1,5.41
113,公立,一般大學,0017,國立臺北大學,06131036,資訊工程學系,碩士班(日間),1,1,0,1.19
113,公立,一般大學,0018,國立嘉義大學,08111077,農業科學博士學位學程,博士班,1,1,0,2.38
113,公立,一般大學,0019,國立高雄大學,04211018,法學院博士班,博士班,1,1,0,7.69
113,公立,一般大學,0020,國立東華大學,02121019,藝術與設計學系,學士班(日間),1,0,1,0.44
113,公立,一般大學,0020,國立東華大學,01111001,教育與潛能開發學系多元文化教育博士班,博士班,2,0,2,10.53
113,公立,一般大學,0020,國立東華大學,01111001,教育與潛能開發學系教育博士班,博士班,3,0,3,3.19
113,公立,一般大學,0020,國立東華大學,04131059,企業管理學系,博士班,1,1,0,2.04
113,公立,一般大學,0020,國立東華大學,02121019,藝術與設計學系,碩士班(日間),1,0,1,1.61
113,公立,一般大學,0020,國立東華大學,04121061,財務金融學系,碩士班(日間),1,1,0,1.89
113,公立,一般大學,0021,國立暨南國際大學,04131026,新興產業策略與發展博士學位學程,博士班,1,0,1,1.06
113,公立,一般大學,0021,國立暨南國際大學,03131004,諮商心理與人力資源發展學系輔導與諮商博士班,博士班,1,0,1,6.67
113,公立,一般大學,0021,國立暨南國際大學,09231038,社會政策與社會工作學系,博士班,2,1,1,5.26
113,公立,一般大學,0021,國立暨南國際大學,02322013,中國語文學系,碩士班(日間),1,0,1,3.85
113,公立,技專校院,0022,國立臺灣科技大學,04131008,企業管理系博士班,博士班,1,0,1,1.92
113,公立,技專校院,0022,國立臺灣科技大學,07112015,應用科技研究所,博士班,2,0,2,1.42
113,公立,技專校院,0022,國立臺灣科技大學,07141018,電子工程系博士班,博士班,5,5,0,6.17
113,公立,技專校院,0022,國立臺灣科技大學,07311038,建築系博士班,博士班,3,2,1,8.82
113,公立,技專校院,0022,國立臺灣科技大學,07321025,營建工程系博士班,博士班,3,2,1,6.12
113,公立,技專校院,0022,國立臺灣科技大學,07112028,材料科學與工程系博士班,博士班,1,1,0,1.27
113,公立,技專校院,0022,國立臺灣科技大學,07151024,自動化及控制研究所,博士班,2,2,0,16.67
113,公立,技專校院,0022,國立臺灣科技大學,02122004,設計系碩士班,碩士班(日間),6,2,4,4.92
113,公立,技專校院,0022,國立臺灣科技大學,07112028,材料科學與工程系碩士班,碩士班(日間),2,2,0,0.84
113,公立,技專校院,0022,國立臺灣科技大學,07141022,色彩與照明科技研究所,碩士班(日間),2,0,2,4.35
113,公立,技專校院,0022,國立臺灣科技大學,07311038,建築系碩士班,碩士班(日間),3,1,2,2.46
113,公立,技專校院,0022,國立臺灣科技大學,07141017,電機工程系碩士班,碩士班(日間),3,3,0,0.66
113,公立,技專校院,0022,國立臺灣科技大學,07141018,電子工程系碩士班,碩士班(日間),2,2,0,0.37
113,公立,技專校院,0022,國立臺灣科技大學,02122004,設計系博士班,博士班,11,5,6,25.58
113,公立,技專校院,0022,國立臺灣科技大學,06131016,資訊管理系博士班,博士班,1,1,0,2.27
113,公立,技專校院,0022,國立臺灣科技大學,06131020,資訊工程系博士班,博士班,1,0,1,2.33
113,公立,技專校院,0023,國立雲林科技大學,07311016,建築與室內設計系,學士班(日間),1,0,1,0.48
113,公立,技專校院,0023,國立雲林科技大學,02122007,設計學研究所,博士班,8,4,4,7.84
113,公立,技專校院,0023,國立雲林科技大學,04121024,財務金融系博士班,博士班,1,1,0,4.00
113,公立,技專校院,0023,國立雲林科技大學,04131019,企業管理系博士班,博士班,1,1,0,1.16
113,公立,技專校院,0023,國立雲林科技大學,02111013,數位媒體設計系碩士班,碩士班(日間),2,2,0,2.50
113,公立,技專校院,0023,國立雲林科技大學,02112011,視覺傳達設計系碩士班,碩士班(日間),1,1,0,1.61
113,公立,技專校院,0023,國立雲林科技大學,07311016,建築與室內設計系碩士班,碩士班(日間),1,1,0,2.70
113,公立,技專校院,0025,國立臺北科技大學,01118001,技術及職業教育研究所,博士班,4,3,1,6.90
113,公立,技專校院,0025,國立臺北科技大學,02122003,設計學院設計博士班,博士班,13,6,7,16.88
113,公立,技專校院,0025,國立臺北科技大學,04131020,管理學院管理博士班,博士班,5,4,1,5.00
113,公立,技專校院,0025,國立臺北科技大學,02123009,工業設計系創新設計碩士班,碩士班(日間),2,1,1,2.11
113,公立,技專校院,0025,國立臺北科技大學,04131011,經營管理系碩士班,碩士班(日間),2,1,1,1.54
113,公立,技專校院,0025,國立臺北科技大學,07121063,環境工程與管理研究所,博士班,1,0,1,8.33
113,公立,技專校院,0025,國立臺北科技大學,07141025,電機工程系博士班,博士班,1,1,0,2.17
113,公立,技專校院,0025,國立臺北科技大學,07151040,機電學院機電科技博士班,博士班,4,4,0,7.14
113,公立,技專校院,0025,國立臺北科技大學,01118001,技術及職業教育研究所,碩士班(日間),1,1,0,2.63
113,公立,技專校院,0025,國立臺北科技大學,02112007,互動設計系碩士班,碩士班(日間),3,1,2,5.26
113,公立,技專校院,0025,國立臺北科技大學,06131016,資訊與財金管理系碩士班,碩士班(日間),2,1,1,2.00
113,公立,技專校院,0025,國立臺北科技大學,07321045,土木工程系土木與防災碩士班,碩士班(日間),1,1,0,0.65
113,公立,技專校院,0025,國立臺北科技大學,07121063,環境工程與管理研究所,碩士班(日間),1,1,0,1.14
113,公立,技專校院,0025,國立臺北科技大學,07141028,電子工程系碩士班,碩士班(日間),1,1,0,0.38
113,公立,技專校院,0025,國立臺北科技大學,07161042,車輛工程系碩士班,碩士班(日間),1,1,0,1.05
113,公立,技專校院,0025,國立臺北科技大學,07311071,建築系建築與都市設計碩士班,碩士班(日間),2,0,2,2.82
113,公立,一般大學,0028,國立臺北藝術大學,02151005,音樂學系,博士班,2,0,2,5.41
113,公立,一般大學,0028,國立臺北藝術大學,02152013,舞蹈學系,博士班,4,4,0,20.00
113,公立,一般大學,0028,國立臺北藝術大學,02152011,劇場設計學系,碩士班(日間),1,1,0,2.70
113,公立,一般大學,0028,國立臺北藝術大學,02111018,電影創作學系,學士班(日間),1,0,1,0.45
113,公立,一般大學,0028,國立臺北藝術大學,02152008,戲劇學系,博士班,2,1,1,12.50
113,公立,一般大學,0028,國立臺北藝術大學,02191021,文化資源學院文化資產與藝術創新博士班,博士班,10,4,6,23.81
113,公立,一般大學,0028,國立臺北藝術大學,02152008,戲劇學系,碩士班(日間),2,0,2,14.29
113,公立,一般大學,0028,國立臺北藝術大學,02191023,新媒體藝術學系,碩士班(日間),5,0,5,5.68
113,公立,一般大學,0028,國立臺北藝術大學,02192025,藝術行政與管理研究所,碩士班(日間),1,0,1,1.09
113,公立,一般大學,0028,國立臺北藝術大學,07311030,建築與文化資產研究所,碩士班(日間),1,1,0,1.56
113,公立,一般大學,0029,國立臺灣藝術大學,02111032,影音創作與數位媒體產業研究所,博士班,1,1,0,12.50
113,公立,一般大學,0029,國立臺灣藝術大學,02122027,創意產業設計研究所,博士班,7,2,5,23.33
113,公立,一般大學,0029,國立臺灣藝術大學,02131005,書畫藝術學系,博士班,7,4,3,22.58
113,公立,一般大學,0029,國立臺灣藝術大學,02111015,電影學系,碩士班(日間),1,1,0,2.08
113,公立,一般大學,0029,國立臺灣藝術大學,02111032,影音創作與數位媒體產業研究所,碩士班(日間),2,2,0,6.67
113,公立,一般大學,0029,國立臺灣藝術大學,02112023,多媒體動畫藝術學系動畫藝術碩士班,碩士班(日間),1,0,1,2.94
113,公立,一般大學,0029,國立臺灣藝術大學,02112028,視覺傳達設計學系,碩士班(日間),1,0,1,2.70
113,公立,一般大學,0029,國立臺灣藝術大學,02151010,音樂學系,碩士班(日間),2,1,1,4.76
113,公立,一般大學,0029,國立臺灣藝術大學,02151011,中國音樂學系,碩士班(日間),1,1,0,2.33
113,公立,一般大學,0029,國立臺灣藝術大學,02152012,戲劇學系,碩士班(日間),3,2,1,8.57
113,公立,一般大學,0029,國立臺灣藝術大學,03213029,廣播電視學系,碩士班(日間),2,0,2,6.06
113,公立,一般大學,0029,國立臺灣藝術大學,02131003,美術學系當代視覺文化博士班,博士班,5,3,2,16.67
113,公立,一般大學,0029,國立臺灣藝術大學,02152035,跨域表演藝術研究所,博士班,4,1,3,22.22
113,公立,一般大學,0029,國立臺灣藝術大學,02191018,表演藝術學院表演藝術博士班,博士班,2,2,0,18.18
113,公立,一般大學,0029,國立臺灣藝術大學,02192026,藝術管理與文化政策研究所,博士班,1,1,0,4.00
113,公立,一般大學,0029,國立臺灣藝術大學,02131003,美術學系當代視覺文化與實踐碩士班,碩士班(日間),1,0,1,2.86
113,公立,一般大學,0029,國立臺灣藝術大學,02131005,書畫藝術學系,碩士班(日間),2,0,2,3.85
113,公立,一般大學,0029,國立臺灣藝術大學,02141007,工藝設計學系,碩士班(日間),1,0,1,2.22
113,公立,一般大學,0029,國立臺灣藝術大學,02191017,古蹟藝術修護學系,碩士班(日間),1,1,0,4.76
113,公立,一般大學,0029,國立臺灣藝術大學,02192026,藝術管理與文化政策研究所,碩士班(日間),1,0,1,2.22
113,公立,一般大學,0029,國立臺灣藝術大學,02199030,圖文傳播藝術學系,碩士班(日間),3,0,3,8.33
113,公立,一般大學,0032,國立聯合大學,06131016,資訊管理學系,學士班(日間),1,1,0,0.29
113,公立,一般大學,0035,國立臺南藝術大學,02131016,藝術創作理論研究所,博士班,9,2,7,18.75
113,公立,一般大學,0037,國立臺北教育大學,01114044,教育經營與管理學系教育政策與管理博士班,博士班,3,2,1,3.57
113,公立,一般大學,0037,國立臺北教育大學,03131007,心理與諮商學系,碩士班(日間),1,1,0,0.95
113,公立,一般大學,0044,國立體育大學,01141001,體育研究所,博士班,3,1,2,5.77
113,公立,一般大學,0044,國立體育大學,10141008,競技與教練科學研究所,博士班,4,4,0,8.70
113,公立,一般大學,0044,國立體育大學,10152021,國際運動管理與創新博士學位學程,博士班,4,3,1,16.00
113,公立,一般大學,0044,國立體育大學,10152015,休閒產業經營學系,碩士班(日間),2,2,0,3.77
113,公立,技專校院,0047,國立高雄餐旅大學,10151029,觀光研究所,博士班,1,0,1,2.56
113,公立,一般大學,0048,國立金門大學,04131009,企業管理學系,碩士班(日間),1,1,0,2.94
113,公立,一般大學,0048,國立金門大學,07311026,建築學系,碩士班(日間),2,1,1,9.52
113,公立,一般大學,0048,國立金門大學,03143005,閩南文化碩士學位學程,碩士班(日間),1,0,1,8.33
113,公立,一般大學,0048,國立金門大學,07141043,電機工程學系,碩士班(日間),1,1,0,6.25
113,公立,一般大學,0048,國立金門大學,10152036,運動與休閒學系,碩士班(日間),1,1,0,6.25
113,公立,一般大學,0049,國立臺灣體育運動大學,10141003,競技運動學系,博士班,1,1,0,6.67
113,公立,技專校院,0050,國立臺中科技大學,07141036,資訊工程系碩士班,碩士班(日間),1,1,0,2.13
113,公立,技專校院,0050,國立臺中科技大學,02112005,多媒體設計系碩士班,碩士班(日間),1,1,0,2.78
113,公立,技專校院,0051,國立臺北商業大學,04141012,國際商務系碩士班,碩士班(日間),1,1,0,3.57
113,公立,一般大學,0052,國立屏東大學,01114018,教育行政研究所,博士班,1,1,0,2.17
113,公立,技專校院,0053,國立高雄科技大學,07194088,工學院工程科技博士班,博士班,1,1,0,1.69
113,公立,技專校院,0053,國立高雄科技大學,04131106,管理學院博士班,博士班,2,1,1,2.33
113,私立,一般大學,1001,東海大學,05311030,化學系,學士班(日間),1,1,0,0.27
113,私立,一般大學,1001,東海大學,07141037,電機工程學系,學士班(日間),1,1,0,0.24
113,私立,一般大學,1001,東海大學,07211052,食品科學系,學士班(日間),1,0,1,0.28
113,私立,一般大學,1001,東海大學,03141014,社會學系,博士班,3,1,2,8.57
113,私立,一般大學,1001,東海大學,02322004,中國文學系,博士班,1,0,1,5.00
113,私立,一般大學,1001,東海大學,03121013,政治學系,博士班,1,1,0,3.70
113,私立,一般大學,1001,東海大學,02123011,工業設計學系,碩士班(日間),1,0,1,8.33
113,私立,一般大學,1001,東海大學,02151003,音樂學系,碩士班(日間),1,0,1,1.45
113,私立,一般大學,1001,東海大學,02322004,中國文學系,碩士班(日間),1,0,1,2.70
113,私立,一般大學,1001,東海大學,09231053,社會工作學系,博士班,1,0,1,4.76
113,私立,一般大學,1001,東海大學,02131002,美術學系,碩士班(日間),1,0,1,2.08
113,私立,一般大學,1001,東海大學,07311048,建築學系,碩士班(日間),2,1,1,3.45
113,私立,一般大學,1002,輔仁大學,02231037,哲學系,學士班(日間),1,0,1,0.25
113,私立,一般大學,1002,輔仁大學,05111011,生命科學系,學士班(日間),1,0,1,0.23
113,私立,一般大學,1002,輔仁大學,09191004,公共衛生學系,學士班(日間),1,0,1,0.44
113,私立,一般大學,1002,輔仁大學,02211019,宗教學系,博士班,3,3,0,6.38
113,私立,一般大學,1002,輔仁大學,02299060,跨文化研究所比較文學與跨文化研究博士班,博士班,2,0,2,5.13
113,私立,一般大學,1002,輔仁大學,02322003,中國文學系,博士班,1,1,0,3.57
113,私立,一般大學,1002,輔仁大學,02151034,音樂學系,碩士班(日間),1,1,0,1.52
113,私立,一般大學,1002,輔仁大學,02221074,歷史學系,碩士班(日間),2,2,0,9.52
113,私立,一般大學,1002,輔仁大學,02231037,哲學系,碩士班(日間),1,1,0,4.00
113,私立,一般大學,1002,輔仁大學,02151034,音樂學系,博士班,8,4,4,23.53
113,私立,一般大學,1002,輔仁大學,02231037,哲學系,博士班,3,2,1,7.50
113,私立,一般大學,1002,輔仁大學,03131007,心理學系,博士班,4,0,4,13.79
113,私立,一般大學,1002,輔仁大學,04191040,商學研究所,博士班,10,6,4,12.20
113,私立,一般大學,1002,輔仁大學,04211020,法律學系,博士班,2,1,1,4.44
113,私立,一般大學,1002,輔仁大學,05191036,食品營養博士學位學程,博士班,1,1,0,2.78
113,私立,一般大學,1002,輔仁大學,02122078,應用美術學系,碩士班(日間),5,1,4,12.20
113,私立,一般大學,1002,輔仁大學,02125082,織品服裝學系,碩士班(日間),5,0,5,9.43
113,私立,一般大學,1002,輔仁大學,02299060,跨文化研究所華語教學與語言科技碩士班,碩士班(日間),2,0,2,5.41
113,私立,一般大學,1002,輔仁大學,02311009,日本語文學系,碩士班(日間),1,1,0,2.70
113,私立,一般大學,1002,輔仁大學,02322003,中國文學系,碩士班(日間),1,1,0,4.55
113,私立,一般大學,1002,輔仁大學,03131007,心理學系,碩士班(日間),5,3,2,8.93
113,私立,一般大學,1002,輔仁大學,03141023,社會學系,碩士班(日間),1,0,1,4.76
113,私立,一般大學,1002,輔仁大學,03211002,大眾傳播學研究所,碩士班(日間),2,2,0,2.99
113,私立,一般大學,1002,輔仁大學,04111054,會計學系,碩士班(日間),1,1,0,2.08
113,私立,一般大學,1002,輔仁大學,04211020,法律學系,碩士班(日間),1,1,0,0.93
113,私立,一般大學,1002,輔仁大學,05311005,化學系,碩士班(日間),1,1,0,1.96
113,私立,一般大學,1002,輔仁大學,06131059,資訊管理學系,碩士班(日間),2,2,0,5.88
113,私立,一般大學,1002,輔仁大學,07211035,食品科學系,碩士班(日間),1,1,0,2.22
113,私立,一般大學,1002,輔仁大學,02311072,德語語文學系,碩士班(日間),2,0,2,9.09
113,私立,一般大學,1002,輔仁大學,03221051,博物館學研究所,碩士班(日間),3,2,1,5.26
113,私立,一般大學,1002,輔仁大學,04131015,企業管理學系管理學碩士班,碩士班(日間),5,3,2,6.76
113,私立,一般大學,1002,輔仁大學,04131025,社會企業碩士學位學程,碩士班(日間),1,1,0,7.69
113,私立,一般大學,1002,輔仁大學,06131058,資訊工程學系,碩士班(日間),1,1,0,2.22
113,私立,一般大學,1002,輔仁大學,07141064,電機工程學系,碩士班(日間),1,1,0,1.72
113,私立,一般大學,1002,輔仁大學,09141100,醫療暨健康產業大數據碩士學位學程,碩士班(日間),1,1,0,6.25
113,私立,一般大學,1002,輔仁大學,09191004,公共衛生學系,碩士班(日間),2,1,1,6.25
113,私立,一般大學,1002,輔仁大學,09221017,兒童與家庭學系,碩士班(日間),1,1,0,2.27
113,私立,一般大學,1002,輔仁大學,09231024,社會工作學系,碩士班(日間),1,1,0,2.00
113,私立,一般大學,1003,東吳大學,06131028,資訊管理學系,學士班(日間),1,1,0,0.19
113,私立,一般大學,1003,東吳大學,04211021,法律學系,博士班,2,2,0,6.06
113,私立,一般大學,1003,東吳大學,02231007,哲學系,碩士班(日間),1,0,1,3.23
113,私立,一般大學,1003,東吳大學,04131016,企業管理學系,碩士班(日間),1,0,1,0.87
113,私立,一般大學,1003,東吳大學,04211021,法律學系,碩士班(日間),1,0,1,0.34
113,私立,一般大學,1003,東吳大學,03131011,心理學系,學士班(日間),1,0,1,0.35
113,私立,一般大學,1003,東吳大學,02322002,中國文學系,博士班,3,1,2,11.54
113,私立,一般大學,1003,東吳大學,03111008,經濟學系,博士班,1,1,0,7.69
113,私立,一般大學,1003,東吳大學,03121009,政治學系,博士班,2,2,0,20.00
113,私立,一般大學,1003,東吳大學,02151001,音樂學系,碩士班(日間),2,1,1,3.92
113,私立,一般大學,1003,東吳大學,02221006,歷史學系,碩士班(日間),1,1,0,5.00
113,私立,一般大學,1004,中原大學,03131011,心理學系,學士班(日間),2,1,1,0.38
113,私立,一般大學,1004,中原大學,05311023,化學系,學士班(日間),2,1,1,0.41
113,私立,一般大學,1004,中原大學,07141030,電子工程學系,學士班(日間),1,1,0,0.17
113,私立,一般大學,1004,中原大學,02122007,設計學博士學位學程,博士班,7,2,5,17.50
113,私立,一般大學,1004,中原大學,04191012,商學博士學位學程,博士班,2,1,1,4.35
113,私立,一般大學,1004,中原大學,07111037,化學工程學系,學士班(日間),1,0,1,0.15
113,私立,一般大學,1004,中原大學,07311046,建築學系,學士班(日間),3,1,2,1.02
113,私立,一般大學,1004,中原大學,07111037,化學工程學系,博士班,1,1,0,11.11
113,私立,一般大學,1004,中原大學,04121019,財務金融學系,碩士班(日間),1,0,1,4.17
113,私立,一般大學,1004,中原大學,04131014,企業管理學系,碩士班(日間),1,1,0,1.49
113,私立,一般大學,1004,中原大學,04212021,財經法律學系,碩士班(日間),1,1,0,1.67
113,私立,一般大學,1004,中原大學,02124009,室內設計學系,碩士班(日間),1,1,0,2.04
113,私立,一般大學,1004,中原大學,07141029,電機工程學系,碩士班(日間),2,2,0,1.94
113,私立,一般大學,1004,中原大學,07311046,建築學系,碩士班(日間),1,1,0,1.72
113,私立,一般大學,1005,淡江大學學校財團法人淡江大學,04121037,財務金融學系,學士班(日間),1,1,0,0.14
113,私立,一般大學,1005,淡江大學學校財團法人淡江大學,02322090,中國文學學系,學士班(日間),1,1,0,0.28
113,私立,一般大學,1005,淡江大學學校財團法人淡江大學,05331030,物理學系,學士班(日間),1,1,0,0.31
113,私立,一般大學,1005,淡江大學學校財團法人淡江大學,05411110,應用數學與數據科學學系,學士班(日間),1,0,1,0.38
113,私立,一般大學,1005,淡江大學學校財團法人淡江大學,02322090,中國文學學系,博士班,1,1,0,3.03
113,私立,一般大學,1005,淡江大學學校財團法人淡江大學,04121037,財務金融學系,博士班,3,2,1,7.50
113,私立,一般大學,1005,淡江大學學校財團法人淡江大學,05411110,應用數學與數據科學學系,博士班,1,0,1,20.00
113,私立,一般大學,1005,淡江大學學校財團法人淡江大學,06131018,資訊工程學系,博士班,4,4,0,19.05
113,私立,一般大學,1005,淡江大學學校財團法人淡江大學,07321012,土木工程學系,博士班,2,2,0,16.67
113,私立,一般大學,1005,淡江大學學校財團法人淡江大學,02322090,中國文學學系,碩士班(日間),2,0,2,6.06
113,私立,一般大學,1005,淡江大學學校財團法人淡江大學,02311088,英文學系,博士班,3,1,2,11.54
113,私立,一般大學,1005,淡江大學學校財團法人淡江大學,04131047,管理科學學系,博士班,2,1,1,3.33
113,私立,一般大學,1005,淡江大學學校財團法人淡江大學,03131096,教育心理與諮商研究所,碩士班(日間),3,2,1,2.75
113,私立,一般大學,1005,淡江大學學校財團法人淡江大學,03211055,大眾傳播學系,碩士班(日間),5,3,2,14.29
113,私立,一般大學,1005,淡江大學學校財團法人淡江大學,04121037,財務金融學系,碩士班(日間),1,1,0,2.22
113,私立,一般大學,1005,淡江大學學校財團法人淡江大學,04131049,企業管理學系,碩士班(日間),1,1,0,2.27
113,私立,一般大學,1005,淡江大學學校財團法人淡江大學,06131018,資訊工程學系智慧計算與應用碩士班,碩士班(日間),1,1,0,4.76
113,私立,一般大學,1005,淡江大學學校財團法人淡江大學,06131023,資訊管理學系,碩士班(日間),1,1,0,3.13
113,私立,一般大學,1005,淡江大學學校財團法人淡江大學,07321012,土木工程學系,碩士班(日間),1,1,0,5.00
113,私立,一般大學,1005,淡江大學學校財團法人淡江大學,10411002,運輸管理學系運輸科學碩士班,碩士班(日間),1,0,1,4.00
113,私立,一般大學,1006,中國文化大學,07312103,景觀學系,學士班(日間),1,0,1,0.78
113,私立,一般大學,1006,中國文化大學,02322001,中國文學系,博士班,1,1,0,2.17
113,私立,一般大學,1006,中國文化大學,04131015,國際企業管理學系,博士班,2,2,0,2.44
113,私立,一般大學,1006,中國文化大學,07311068,建築及都市設計學系,博士班,1,0,1,3.85
113,私立,一般大學,1006,中國文化大學,02221098,史學系,碩士班(日間),3,2,1,9.68
113,私立,一般大學,1006,中國文化大學,07311068,建築及都市設計學系,碩士班(日間),1,1,0,3.23
113,私立,一般大學,1006,中國文化大學,02221098,史學系,博士班,3,3,0,6.00
113,私立,一般大學,1006,中國文化大學,02322001,中國文學系,碩士班(日間),1,1,0,2.86
113,私立,一般大學,1007,逢甲大學,04121025,財務金融學系,學士班(日間),1,1,0,0.14
113,私立,一般大學,1007,逢甲大學,07311081,建築學士學位學程,學士班(日間),1,0,1,0.28
113,私立,一般大學,1007,逢甲大學,07321063,土木工程學系,學士班(日間),1,1,0,0.23
113,私立,一般大學,1007,逢甲大學,07192074,纖維與複合材料學系,博士班,1,0,1,7.69
113,私立,一般大學,1007,逢甲大學,07399116,建設規劃與工程博士學位學程,博士班,1,1,0,1.61
113,私立,一般大學,1007,逢甲大學,02322001,中國文學系,博士班,1,0,1,2.94
113,私立,一般大學,1007,逢甲大學,04191014,商學博士學位學程,博士班,1,1,0,0.97
113,私立,一般大學,1007,逢甲大學,06131048,資訊工程學系,博士班,5,3,2,16.13
113,私立,一般大學,1007,逢甲大學,04134086,土地管理學系,碩士班(日間),1,1,0,3.03
113,私立,一般大學,1007,逢甲大學,07141044,電機工程學系,碩士班(日間),1,1,0,1.37
113,私立,一般大學,1007,逢甲大學,07141050,通訊工程學系,碩士班(日間),1,1,0,1.52
113,私立,一般大學,1007,逢甲大學,07311081,建築碩士學位學程,碩士班(日間),2,1,1,3.17
113,私立,一般大學,1007,逢甲大學,04131019,企業管理學系,碩士班(日間),1,1,0,2.33
113,私立,一般大學,1007,逢甲大學,07121075,環境工程與科學學系,碩士班(日間),1,1,0,1.96
113,私立,一般大學,1008,靜宜大學,04111011,會計學系,碩士班(日間),1,0,1,3.57
113,私立,一般大學,1008,靜宜大學,04121019,財務金融學系,碩士班(日間),1,1,0,5.56
113,私立,一般大學,1008,靜宜大學,07141030,資訊工程學系,碩士班(日間),1,1,0,4.76
113,私立,一般大學,1009,長庚大學,02122001,工業設計學系,學士班(日間),1,1,0,0.64
113,私立,一般大學,1009,長庚大學,07141016,電子工程學系,博士班,1,1,0,3.23
113,私立,一般大學,1009,長庚大學,04131006,管理研究所,博士班,1,1,0,2.70
113,私立,一般大學,1010,元智大學,06133013,資訊傳播學系,學士班(日間),1,0,1,0.20
113,私立,一般大學,1010,元智大學,02299047,文化產業與文化政策博士學位學程,博士班,2,0,2,7.69
113,私立,一般大學,1010,元智大學,04199018,管理學院博士班,博士班,2,1,1,2.86
113,私立,一般大學,1010,元智大學,07191043,工業工程與管理學系,博士班,1,0,1,3.70
113,私立,一般大學,1010,元智大學,07141033,電機工程學系,碩士班(日間),1,1,0,0.45
113,私立,一般大學,1010,元智大學,07111041,化學工程與材料科學學系,碩士班(日間),1,1,0,1.43
113,私立,一般大學,1011,中華大學學校財團法人中華大學,07311038,建築與都市計畫學系,學士班(日間),1,1,0,0.70
113,私立,一般大學,1013,華梵學校財團法人華梵大學,02299009,東方人文思想研究所,博士班,1,1,0,1.54
113,私立,一般大學,1014,義守大學,04131012,管理學院管理博士班,博士班,5,1,4,19.23
113,私立,一般大學,1014,義守大學,02122067,傳播與設計學院文創傳播與設計碩士班,碩士班(日間),1,1,0,4.76
113,私立,一般大學,1015,世新大學,02111018,廣播電視電影學系,學士班(日間),1,0,1,0.06
113,私立,一般大學,1015,世新大學,04131023,企業管理學系,學士班(日間),1,1,0,0.52
113,私立,一般大學,1015,世新大學,03214012,傳播博士學位學程,博士班,17,6,11,36.17
113,私立,一般大學,1015,世新大學,02111018,廣播電視電影學系,碩士班(日間),9,5,4,10.34
113,私立,一般大學,1015,世新大學,02112004,數位多媒體設計學系,碩士班(日間),1,0,1,4.00
113,私立,一般大學,1015,世新大學,03141008,社會心理學系社會心理暨社會創新碩士班,碩士班(日間),1,0,1,11.11
113,私立,一般大學,1015,世新大學,03214013,資訊傳播學系,碩士班(日間),1,1,0,11.11
113,私立,一般大學,1015,世新大學,04131023,企業管理學系,碩士班(日間),1,1,0,6.25
113,私立,一般大學,1015,世新大學,04199025,傳播管理學系,碩士班(日間),3,2,1,16.67
113,私立,一般大學,1015,世新大學,03141007,性別研究所,碩士班(日間),4,2,2,8.89
113,私立,一般大學,1015,世新大學,03212017,新聞學系,碩士班(日間),1,0,1,4.35
113,私立,一般大學,1015,世新大學,03214014,口語傳播暨社群媒體學系,碩士班(日間),1,1,0,3.45
113,私立,一般大學,1015,世新大學,04143019,公共關係暨廣告學系,碩士班(日間),3,0,3,11.11
113,私立,一般大學,1016,銘傳大學,03211047,廣播電視學系,學士班(日間),1,0,1,0.24
113,私立,一般大學,1016,銘傳大學,06131029,資訊工程學系,學士班(日間),1,1,0,0.18
113,私立,一般大學,1016,銘傳大學,06132101,人工智慧應用學系,學士班(日間),1,1,0,0.25
113,私立,一般大學,1016,銘傳大學,03131102,諮商臨床與工商心理學系,碩士班(日間),2,2,0,1.82
113,私立,一般大學,1016,銘傳大學,03213064,新媒體暨傳播管理學系,碩士班(日間),1,0,1,4.00
113,私立,一般大學,1016,銘傳大學,04123056,風險管理與保險學系,碩士班(日間),1,1,0,6.25
113,私立,一般大學,1016,銘傳大學,02322002,應用中國文學系,博士班,2,0,2,10.53
113,私立,一般大學,1016,銘傳大學,04131036,企業管理學系,博士班,10,3,7,20.83
113,私立,一般大學,1016,銘傳大學,02123073,商品設計學系創新設計與管理碩士班,碩士班(日間),1,1,0,6.25
113,私立,一般大學,1016,銘傳大學,07141050,電腦與通訊工程學系,碩士班(日間),1,1,0,5.56
113,私立,一般大學,1016,銘傳大學,07311026,建築學系,碩士班(日間),1,1,0,7.14
113,私立,一般大學,1017,實踐大學,02123014,工業產品設計學系,學士班(日間),1,1,0,0.39
113,私立,一般大學,1017,實踐大學,02112012,媒體傳達設計學系,碩士班(日間),3,2,1,9.68
113,私立,一般大學,1017,實踐大學,07311041,建築設計學系,學士班(日間),1,0,1,0.41
113,私立,一般大學,1017,實踐大學,04199036,管理學院創意產業博士班,博士班,5,1,4,20.00
113,私立,技專校院,1018,朝陽科技大學,02122028,建築系建築及都市設計博士班,博士班,3,2,1,15.00
113,私立,技專校院,1018,朝陽科技大學,02123004,工業設計系碩士班,碩士班(日間),1,0,1,4.35
113,私立,技專校院,1018,朝陽科技大學,06132023,資訊與通訊系碩士班,碩士班(日間),1,1,0,2.08
113,私立,技專校院,1018,朝陽科技大學,07141020,資訊工程系碩士班,碩士班(日間),1,1,0,2.38
113,私立,一般大學,1019,高雄醫學大學,05121050,生命科學博士學位學程,博士班,1,0,1,4.35
113,私立,一般大學,1019,高雄醫學大學,09231049,醫學社會學與社會工作學系,碩士班(日間),1,1,0,4.17
113,私立,一般大學,1019,高雄醫學大學,05311017,醫藥暨應用化學系,碩士班(日間),1,1,0,3.03
113,私立,一般大學,1022,大同大學,06131012,資訊工程學系,碩士班(日間),1,1,0,2.63
113,私立,一般大學,1022,大同大學,02122003,設計科學研究所,博士班,8,4,4,13.11
113,私立,技專校院,1023,南臺學校財團法人南臺科技大學,10152058,休閒事業管理系,學士班(日間),1,1,0,0.35
113,私立,技專校院,1024,崑山科技大學,02111009,視訊傳播設計系媒體藝術碩士班,碩士班(日間),1,1,0,4.17
113,私立,技專校院,1024,崑山科技大學,02122007,空間設計系環境設計碩士班,碩士班(日間),2,2,0,20.00
113,私立,技專校院,1024,崑山科技大學,07151030,機械工程系機械與能源工程博士班,博士班,1,0,1,4.76
113,私立,技專校院,1026,樹德科技大學,02121052,設計創新與經營研究所,碩士班(日間),1,0,1,2.86
113,私立,一般大學,1027,慈濟學校財團法人慈濟大學,02211005,宗教與人文研究所,碩士班(日間),1,0,1,3.13
113,私立,一般大學,1029,中山醫學大學,09152023,職能治療學系,學士班(日間),1,0,1,0.53
113,私立,一般大學,1029,中山醫學大學,09153024,語言治療與聽力學系,碩士班(日間),1,0,1,2.04
113,私立,技專校院,1045,嶺東科技大學,02112003,視覺傳達設計系碩士班,碩士班(日間),1,1,0,5.56
113,私立,技專校院,1046,中國科技大學,02112003,視覺傳達設計系碩士班,碩士班(日間),1,1,0,5.00
113,私立,一般大學,1048,亞洲大學,02112007,數位媒體設計學系,博士班,3,2,1,7.50
113,私立,一般大學,1048,亞洲大學,09191021,健康產業管理學系,博士班,1,1,0,3.03
113,私立,一般大學,1048,亞洲大學,02112007,數位媒體設計學系,碩士班(日間),2,2,0,5.41
113,私立,一般大學,1048,亞洲大學,04131017,經營管理學系,碩士班(日間),1,1,0,1.32
113,私立,一般大學,1048,亞洲大學,02112007,數位媒體設計學系,學士班(日間),1,0,1,0.15
113,私立,一般大學,1048,亞洲大學,06134033,行動商務與多媒體應用學系,碩士班(日間),1,1,0,14.29
113,私立,一般大學,1050,佛光大學,02211010,佛教學系,博士班,3,0,3,8.57
113,私立,技專校院,1051,台南家專學校財團法人台南應用科技大學,02122010,時尚設計系,學士班(日間),1,0,1,0.67
113,私立,技專校院,1051,台南家專學校財團法人台南應用科技大學,02112012,視覺傳達設計系創新應用設計碩士班,碩士班(日間),1,1,0,6.25
113,私立,一般大學,1196,法鼓學校財團法人法鼓文理學院,02211002,佛教學系,博士班,3,3,0,10.34
113,公立,一般大學,3002,臺北市立大學,01111001,教育學系,博士班,1,0,1,1.11
113,公立,一般大學,3002,臺北市立大學,10141053,運動科學研究所,博士班,2,1,1,11.11
113,公立,一般大學,3002,臺北市立大學,10141054,競技運動訓練研究所,博士班,3,2,1,9.09
113,公立,一般大學,3002,臺北市立大學,01114035,教育行政與評鑑研究所,博士班,2,0,2,4.44
113,公立,一般大學,3002,臺北市立大學,01131017,英語教學系,碩士班(日間),1,1,0,2.50
114,公立,一般大學,0001,國立政治大學,02221020,歷史學系,博士班,1,1,0,3.57
114,公立,一般大學,0001,國立政治大學,02322008,中國文學系,博士班,4,0,4,9.30
114,公立,一般大學,0001,國立政治大學,03121026,政治學系,博士班,3,3,0,17.65
114,公立,一般大學,0001,國立政治大學,03141030,社會學系,博士班,2,0,2,18.18
114,公立,一般大學,0001,國立政治大學,03191047,國家發展研究所,博士班,7,5,2,17.07
114,公立,一般大學,0001,國立政治大學,04121068,金融學系,博士班,1,1,0,5.56
114,公立,一般大學,0001,國立政治大學,04134041,公共行政學系,博士班,1,1,0,5.56
114,公立,一般大學,0001,國立政治大學,01111001,教育學系,博士班,4,1,3,3.88
114,公立,一般大學,0001,國立政治大學,02211019,宗教研究所,博士班,1,1,0,5.00
114,公立,一般大學,0001,國立政治大學,02231022,哲學系,博士班,1,1,0,3.57
114,公立,一般大學,0001,國立政治大學,03211056,傳播學院博士班,博士班,13,5,8,28.26
114,公立,一般大學,0001,國立政治大學,04111059,會計學系,博士班,1,0,1,25.00
114,公立,一般大學,0001,國立政治大學,04131060,企業管理學系,博士班,5,0,5,10.42
114,公立,一般大學,0001,國立政治大學,04141067,國際經營與貿易學系,博士班,2,0,2,28.57
114,公立,一般大學,0001,國立政治大學,04211073,法律學系,博士班,2,2,0,4.65
114,公立,一般大學,0001,國立政治大學,02311011,日本語文學系,碩士班(日間),1,1,0,4.35
114,公立,一般大學,0001,國立政治大學,02323002,華語文教學碩士學位學程,碩士班(日間),1,0,1,1.79
114,公立,一般大學,0001,國立政治大學,09231084,社會工作研究所,博士班,3,1,2,17.65
114,公立,一般大學,0001,國立政治大學,01121004,幼兒教育研究所,碩士班(日間),1,0,1,4.35
114,公立,一般大學,0001,國立政治大學,02221020,歷史學系,碩士班(日間),2,0,2,4.65
114,公立,一般大學,0001,國立政治大學,02322008,中國文學系,碩士班(日間),5,1,4,6.94
114,公立,一般大學,0001,國立政治大學,03131032,心理學系,碩士班(日間),2,1,1,2.08
114,公立,一般大學,0001,國立政治大學,03131033,輔導與諮商碩士學位學程,碩士班(日間),1,1,0,2.22
114,公立,一般大學,0001,國立政治大學,03143038,俄羅斯研究所,碩士班(日間),1,1,0,3.85
114,公立,一般大學,0001,國立政治大學,03211049,傳播學院傳播碩士學位學程,碩士班(日間),1,0,1,0.50
114,公立,一般大學,0001,國立政治大學,04111059,會計學系,碩士班(日間),1,1,0,0.73
114,公立,一般大學,0001,國立政治大學,04121068,金融學系,碩士班(日間),1,0,1,1.41
114,公立,一般大學,0001,國立政治大學,04123069,風險管理與保險學系,碩士班(日間),1,0,1,1.25
114,公立,一般大學,0001,國立政治大學,06131081,資訊科學系,碩士班(日間),3,1,2,2.11
114,公立,一般大學,0001,國立政治大學,09231084,社會工作研究所,碩士班(日間),1,0,1,1.72
114,公立,一般大學,0001,國立政治大學,03141030,社會學系,碩士班(日間),1,0,1,1.89
114,公立,一般大學,0001,國立政治大學,03191047,國家發展研究所,碩士班(日間),1,1,0,1.96
114,公立,一般大學,0001,國立政治大學,03222054,圖書資訊與檔案學研究所,碩士班(日間),2,1,1,2.94
114,公立,一般大學,0001,國立政治大學,04141067,國際經營與貿易學系,碩士班(日間),1,0,1,0.76
114,公立,一般大學,0001,國立政治大學,04211073,法律學系,碩士班(日間),1,0,1,0.40
114,公立,一般大學,0002,國立清華大學,01111084,教育與學習科技學系,博士班,3,0,3,4.05
114,公立,一般大學,0002,國立清華大學,02231008,哲學研究所,博士班,1,1,0,33.33
114,公立,一般大學,0002,國立清華大學,02322003,中國文學系,博士班,11,4,7,21.15
114,公立,一般大學,0002,國立清華大學,03111011,經濟學系,博士班,3,0,3,30.00
114,公立,一般大學,0002,國立清華大學,04121020,計量財務金融學系,博士班,2,0,2,40.00
114,公立,一般大學,0002,國立清華大學,04199017,科技管理研究所,博士班,5,2,3,20.00
114,公立,一般大學,0002,國立清華大學,01199112,竹師教育學院博士班,博士班,4,3,1,21.05
114,公立,一般大學,0002,國立清華大學,02221006,歷史研究所,博士班,2,1,1,9.52
114,公立,一般大學,0002,國立清華大學,02222007,人類學研究所,博士班,2,0,2,15.38
114,公立,一般大學,0002,國立清華大學,02321001,台灣文學研究所,博士班,4,1,3,16.00
114,公立,一般大學,0002,國立清華大學,03141012,社會學研究所,博士班,2,0,2,14.29
114,公立,一般大學,0002,國立清華大學,07112058,材料科學工程學系,博士班,3,2,1,2.80
114,公立,一般大學,0002,國立清華大學,07141050,電子工程研究所,博士班,1,1,0,2.70
114,公立,一般大學,0002,國立清華大學,07141054,通訊工程研究所,博士班,1,1,0,5.88
114,公立,一般大學,0002,國立清華大學,05121026,生物科技研究所,博士班,1,0,1,2.50
114,公立,一般大學,0002,國立清華大學,05199033,系統神經科學研究所,博士班,1,1,0,9.09
114,公立,一般大學,0002,國立清華大學,05331038,物理學系,博士班,2,1,1,2.53
114,公立,一般大學,0002,國立清華大學,06131053,資訊工程學系,博士班,7,6,1,10.00
114,公立,一般大學,0002,國立清華大學,07151056,動力機械工程學系,博士班,3,3,0,4.76
114,公立,一般大學,0002,國立清華大學,01121091,幼兒教育學系,碩士班(日間),4,0,4,6.35
114,公立,一般大學,0002,國立清華大學,01141127,運動科學系,碩士班(日間),2,1,1,4.88
114,公立,一般大學,0002,國立清華大學,02131098,藝術與設計學系,碩士班(日間),3,0,3,3.95
114,公立,一般大學,0002,國立清華大學,02222007,人類學研究所,碩士班(日間),1,0,1,1.92
114,公立,一般大學,0002,國立清華大學,02323114,華文文學研究所,碩士班(日間),5,2,3,8.62
114,公立,一般大學,0002,國立清華大學,07193063,生醫工程與環境科學系,博士班,2,1,1,3.70
114,公立,一般大學,0002,國立清華大學,07193132,智慧生醫博士學位學程,博士班,1,1,0,20.00
114,公立,一般大學,0002,國立清華大學,99999074,跨院國際博士班學位學程,博士班,11,2,9,8.53
114,公立,一般大學,0002,國立清華大學,01131085,數理教育研究所,碩士班(日間),1,1,0,1.54
114,公立,一般大學,0002,國立清華大學,02221006,歷史研究所,碩士班(日間),2,2,0,7.14
114,公立,一般大學,0002,國立清華大學,02311002,外國語文學系,碩士班(日間),1,0,1,2.94
114,公立,一般大學,0002,國立清華大學,02322003,中國文學系,碩士班(日間),9,4,5,12.00
114,公立,一般大學,0002,國立清華大學,02399005,語言學研究所,碩士班(日間),1,0,1,2.70
114,公立,一般大學,0002,國立清華大學,03199111,學習科學與科技研究所,碩士班(日間),1,1,0,1.67
114,公立,一般大學,0002,國立清華大學,04121020,計量財務金融學系,碩士班(日間),4,3,1,9.76
114,公立,一般大學,0002,國立清華大學,05121028,分子與細胞生物研究所,碩士班(日間),1,0,1,1.89
114,公立,一般大學,0002,國立清華大學,05331038,物理學系,碩士班(日間),2,1,1,0.96
114,公立,一般大學,0002,國立清華大學,07112058,材料科學工程學系,碩士班(日間),1,1,0,0.32
114,公立,一般大學,0002,國立清華大學,07141049,電機工程學系,碩士班(日間),1,1,0,0.25
114,公立,一般大學,0002,國立清華大學,07141054,通訊工程研究所,碩士班(日間),1,1,0,0.58
114,公立,一般大學,0002,國立清華大學,07191061,工業工程與工程管理學系,碩士班(日間),2,2,0,0.93
114,公立,一般大學,0002,國立清華大學,03131077,教育心理與諮商學系,碩士班(日間),1,1,0,0.82
114,公立,一般大學,0002,國立清華大學,03141012,社會學研究所,碩士班(日間),3,0,3,4.00
114,公立,一般大學,0002,國立清華大學,05211102,環境與文化資源學系,碩士班(日間),1,1,0,1.89
114,公立,一般大學,0002,國立清華大學,05411043,數學系,碩士班(日間),1,1,0,1.54
114,公立,一般大學,0002,國立清華大學,07151056,動力機械工程學系,碩士班(日間),1,1,0,0.29
114,公立,一般大學,0002,國立清華大學,07194059,奈米工程與微系統研究所,碩士班(日間),1,1,0,1.69
114,公立,一般大學,0003,國立臺灣大學,02221012,歷史學系,博士班,4,2,2,8.33
114,公立,一般大學,0003,國立臺灣大學,02322006,中國文學系,博士班,1,1,0,2.22
114,公立,一般大學,0003,國立臺灣大學,02399011,語言學研究所,博士班,1,1,0,5.88
114,公立,一般大學,0003,國立臺灣大學,03111015,經濟學系,博士班,1,0,1,4.17
114,公立,一般大學,0003,國立臺灣大學,03121016,政治學系,博士班,10,6,4,23.26
114,公立,一般大學,0003,國立臺灣大學,03191023,國家發展研究所,博士班,1,0,1,6.25
114,公立,一般大學,0003,國立臺灣大學,03222025,圖書資訊學系,博士班,1,0,1,5.56
114,公立,一般大學,0003,國立臺灣大學,04131031,國際企業學系,博士班,8,3,5,16.00
114,公立,一般大學,0003,國立臺灣大學,02151002,音樂學研究所,博士班,1,0,1,4.76
114,公立,一般大學,0003,國立臺灣大學,02222013,人類學系,博士班,3,2,1,14.29
114,公立,一般大學,0003,國立臺灣大學,02231014,哲學系,博士班,1,1,0,3.70
114,公立,一般大學,0003,國立臺灣大學,02321005,臺灣文學研究所,博士班,1,0,1,3.13
114,公立,一般大學,0003,國立臺灣大學,03131019,心理學系,博士班,1,1,0,3.03
114,公立,一般大學,0003,國立臺灣大學,04121032,財務金融學系,博士班,3,2,1,10.71
114,公立,一般大學,0003,國立臺灣大學,05121045,生化科學研究所,博士班,1,1,0,1.61
114,公立,一般大學,0003,國立臺灣大學,05311051,化學系,博士班,2,2,0,1.69
114,公立,一般大學,0003,國立臺灣大學,05321052,地質科學系,博士班,1,0,1,2.13
114,公立,一般大學,0003,國立臺灣大學,06131081,生醫電子與資訊學研究所,博士班,4,4,0,5.41
114,公立,一般大學,0003,國立臺灣大學,07111077,高分子科學與工程學研究所,博士班,1,0,1,3.03
114,公立,一般大學,0003,國立臺灣大學,07112078,材料科學與工程學系,博士班,1,1,0,1.19
114,公立,一般大學,0003,國立臺灣大學,07141064,電機工程學系,博士班,8,7,1,7.62
114,公立,一般大學,0003,國立臺灣大學,07141065,電子工程學研究所,博士班,2,1,1,2.53
114,公立,一般大學,0003,國立臺灣大學,07151069,機械工程學系,博士班,6,5,1,5.61
114,公立,一般大學,0003,國立臺灣大學,07191079,工業工程學研究所,博士班,2,1,1,11.76
114,公立,一般大學,0003,國立臺灣大學,07321074,土木工程學系,博士班,3,1,2,1.95
114,公立,一般大學,0003,國立臺灣大學,07321075,生物環境系統工程學系,博士班,1,1,0,2.44
114,公立,一般大學,0003,國立臺灣大學,04131026,商學研究所,博士班,3,1,2,7.89
114,公立,一般大學,0003,國立臺灣大學,05121044,生物科技研究所,博士班,1,0,1,3.23
114,公立,一般大學,0003,國立臺灣大學,05121046,分子與細胞生物學研究所,博士班,2,2,0,11.76
114,公立,一般大學,0003,國立臺灣大學,05331054,物理學系,博士班,2,2,0,1.64
114,公立,一般大學,0003,國立臺灣大學,06131062,資訊管理學系,博士班,2,1,1,10.00
114,公立,一般大學,0003,國立臺灣大學,06131063,資訊網路與多媒體研究所,博士班,11,7,4,22.45
114,公立,一般大學,0003,國立臺灣大學,06131067,資訊工程學系,博士班,1,1,0,0.79
114,公立,一般大學,0003,國立臺灣大學,07111076,化學工程學系,博士班,2,2,0,2.04
114,公立,一般大學,0003,國立臺灣大學,07121080,環境工程學研究所,博士班,3,2,1,5.00
114,公立,一般大學,0003,國立臺灣大學,07141068,電信工程學研究所,博士班,2,2,0,2.78
114,公立,一般大學,0003,國立臺灣大學,07193083,醫學工程學系,博士班,1,1,0,0.91
114,公立,一般大學,0003,國立臺灣大學,07211099,食品科技研究所,博士班,3,1,2,8.82
114,公立,一般大學,0003,國立臺灣大學,07313086,建築與城鄉研究所,博士班,2,2,0,7.69
114,公立,一般大學,0003,國立臺灣大學,08211102,森林環境暨資源學系,博士班,1,0,1,3.45
114,公立,一般大學,0003,國立臺灣大學,08193098,生物產業傳播暨發展學系,博士班,2,0,2,8.70
114,公立,一般大學,0003,國立臺灣大學,09121130,藥理學研究所,博士班,2,1,1,5.13
114,公立,一般大學,0003,國立臺灣大學,09161129,藥學系,博士班,1,0,1,4.76
114,公立,一般大學,0003,國立臺灣大學,09191162,環境與職業健康科學研究所,博士班,1,0,1,2.70
114,公立,一般大學,0003,國立臺灣大學,02151002,音樂學研究所,碩士班(日間),1,0,1,4.17
114,公立,一般大學,0003,國立臺灣大學,02191004,藝術史研究所,碩士班(日間),2,1,1,4.55
114,公立,一般大學,0003,國立臺灣大學,02221012,歷史學系,碩士班(日間),1,1,0,1.47
114,公立,一般大學,0003,國立臺灣大學,02312010,翻譯碩士學位學程,碩士班(日間),1,1,0,1.59
114,公立,一般大學,0003,國立臺灣大學,02322006,中國文學系,碩士班(日間),5,2,3,5.68
114,公立,一般大學,0003,國立臺灣大學,09121114,解剖學暨細胞生物學研究所,博士班,1,0,1,5.00
114,公立,一般大學,0003,國立臺灣大學,09191127,健康政策與管理研究所,博士班,4,0,4,6.06
114,公立,一般大學,0003,國立臺灣大學,09199141,毒理學研究所,博士班,1,0,1,6.67
114,公立,一般大學,0003,國立臺灣大學,02222013,人類學系,碩士班(日間),1,1,0,3.03
114,公立,一般大學,0003,國立臺灣大學,02231014,哲學系,碩士班(日間),3,2,1,6.82
114,公立,一般大學,0003,國立臺灣大學,02311009,日本語文學系,碩士班(日間),1,1,0,2.27
114,公立,一般大學,0003,國立臺灣大學,03141018,社會學系,碩士班(日間),3,0,3,5.77
114,公立,一般大學,0003,國立臺灣大學,03191023,國家發展研究所,碩士班(日間),2,2,0,1.12
114,公立,一般大學,0003,國立臺灣大學,03212024,新聞研究所,碩士班(日間),4,0,4,4.76
114,公立,一般大學,0003,國立臺灣大學,03222025,圖書資訊學系,碩士班(日間),4,1,3,5.97
114,公立,一般大學,0003,國立臺灣大學,04131028,管理學院企業管理碩士專班,碩士班(日間),1,1,0,0.61
114,公立,一般大學,0003,國立臺灣大學,04211035,法律學系,碩士班(日間),7,1,6,1.47
114,公立,一般大學,0003,國立臺灣大學,05331054,物理學系,碩士班(日間),1,1,0,0.53
114,公立,一般大學,0003,國立臺灣大學,03142021,地理環境資源學系,碩士班(日間),2,0,2,3.03
114,公立,一般大學,0003,國立臺灣大學,04131026,商學研究所,碩士班(日間),1,0,1,0.75
114,公立,一般大學,0003,國立臺灣大學,04131031,國際企業學系,碩士班(日間),1,0,1,0.72
114,公立,一般大學,0003,國立臺灣大學,04134022,公共事務研究所,碩士班(日間),2,0,2,3.64
114,公立,一般大學,0003,國立臺灣大學,05111040,植物科學研究所,碩士班(日間),1,1,0,1.92
114,公立,一般大學,0003,國立臺灣大學,06131067,資訊工程學系,碩士班(日間),4,3,1,1.02
114,公立,一般大學,0003,國立臺灣大學,06131081,生醫電子與資訊學研究所,碩士班(日間),3,2,1,2.05
114,公立,一般大學,0003,國立臺灣大學,07151069,機械工程學系,碩士班(日間),2,1,1,0.41
114,公立,一般大學,0003,國立臺灣大學,05421168,統計與數據科學研究所,碩士班(日間),3,1,2,8.57
114,公立,一般大學,0003,國立臺灣大學,06131063,資訊網路與多媒體研究所,碩士班(日間),3,1,2,1.96
114,公立,一般大學,0003,國立臺灣大學,07121080,環境工程學研究所,碩士班(日間),2,2,0,1.46
114,公立,一般大學,0003,國立臺灣大學,07141066,光電工程學研究所,碩士班(日間),2,2,0,0.65
114,公立,一般大學,0003,國立臺灣大學,08112089,動物科學技術學系,碩士班(日間),1,1,0,1.61
114,公立,一般大學,0003,國立臺灣大學,08121091,園藝暨景觀學系,碩士班(日間),1,0,1,0.89
114,公立,一般大學,0003,國立臺灣大學,08193096,農業經濟學系,碩士班(日間),2,1,1,2.53
114,公立,一般大學,0003,國立臺灣大學,08211102,森林環境暨資源學系,碩士班(日間),1,1,0,0.79
114,公立,一般大學,0003,國立臺灣大學,07193083,醫學工程學系,碩士班(日間),3,1,2,2.26
114,公立,一般大學,0003,國立臺灣大學,07313086,建築與城鄉研究所,碩士班(日間),9,3,6,6.57
114,公立,一般大學,0003,國立臺灣大學,07321074,土木工程學系,碩士班(日間),2,1,1,0.44
114,公立,一般大學,0003,國立臺灣大學,07321075,生物環境系統工程學系,碩士班(日間),1,1,0,0.76
114,公立,一般大學,0003,國立臺灣大學,08193098,生物產業傳播暨發展學系,碩士班(日間),1,0,1,3.45
114,公立,一般大學,0003,國立臺灣大學,09121114,解剖學暨細胞生物學研究所,碩士班(日間),1,0,1,4.00
114,公立,一般大學,0003,國立臺灣大學,09191127,健康政策與管理研究所,碩士班(日間),2,1,1,3.70
114,公立,一般大學,0003,國立臺灣大學,09231144,社會工作學系,碩士班(日間),1,1,0,1.49
114,公立,一般大學,0004,國立臺灣師範大學,01115002,課程與教學研究所,博士班,1,0,1,2.50
114,公立,一般大學,0004,國立臺灣師範大學,01141010,工業教育學系,博士班,1,1,0,3.23
114,公立,一般大學,0004,國立臺灣師範大學,01141090,幼兒與家庭科學學系,博士班,3,0,3,10.34
114,公立,一般大學,0004,國立臺灣師範大學,01111001,教育學系,博士班,4,1,3,5.63
114,公立,一般大學,0004,國立臺灣師範大學,01113018,特殊教育學系,博士班,2,0,2,4.65
114,公立,一般大學,0004,國立臺灣師範大學,01131009,社會教育學系,博士班,2,1,1,6.90
114,公立,一般大學,0004,國立臺灣師範大學,01141087,體育與運動科學系,博士班,4,3,1,3.70
114,公立,一般大學,0004,國立臺灣師範大學,02112037,設計學系,博士班,6,2,4,18.18
114,公立,一般大學,0004,國立臺灣師範大學,02312034,翻譯研究所,博士班,4,0,4,12.50
114,公立,一般大學,0004,國立臺灣師範大學,03143042,東亞學系,博士班,1,0,1,4.00
114,公立,一般大學,0004,國立臺灣師範大學,01131009,社會教育學系,碩士班(日間),1,0,1,1.22
114,公立,一般大學,0004,國立臺灣師範大學,01141010,工業教育學系,碩士班(日間),1,0,1,1.30
114,公立,一般大學,0004,國立臺灣師範大學,01141087,體育與運動科學系,碩士班(日間),1,1,0,0.61
114,公立,一般大學,0004,國立臺灣師範大學,02131023,美術學系,碩士班(日間),3,2,1,2.21
114,公立,一般大學,0004,國立臺灣師範大學,02191026,藝術史研究所,碩士班(日間),1,0,1,1.85
114,公立,一般大學,0004,國立臺灣師範大學,02131023,美術學系,博士班,1,0,1,1.12
114,公立,一般大學,0004,國立臺灣師範大學,02151024,音樂學系,博士班,3,1,2,7.69
114,公立,一般大學,0004,國立臺灣師範大學,02313005,華語文教學系,博士班,1,0,1,1.37
114,公立,一般大學,0004,國立臺灣師範大學,02322029,國文學系,博士班,5,2,3,9.80
114,公立,一般大學,0004,國立臺灣師範大學,03131003,教育心理與輔導學系,博士班,1,1,0,1.30
114,公立,一般大學,0004,國立臺灣師範大學,05311059,化學系,博士班,1,0,1,3.57
114,公立,一般大學,0004,國立臺灣師範大學,05411062,數學系,博士班,1,0,1,4.55
114,公立,一般大學,0004,國立臺灣師範大學,06131065,資訊工程學系,博士班,1,1,0,8.33
114,公立,一般大學,0004,國立臺灣師範大學,10152077,運動休閒與餐旅管理研究所,博士班,4,1,3,13.33
114,公立,一般大學,0004,國立臺灣師範大學,01111001,教育學系,碩士班(日間),1,0,1,1.49
114,公立,一般大學,0004,國立臺灣師範大學,01113018,特殊教育學系,碩士班(日間),2,2,0,3.13
114,公立,一般大學,0004,國立臺灣師範大學,01115002,課程與教學研究所,碩士班(日間),1,1,0,2.44
114,公立,一般大學,0004,國立臺灣師範大學,02112037,設計學系,碩士班(日間),1,0,1,1.22
114,公立,一般大學,0004,國立臺灣師範大學,02151024,音樂學系,碩士班(日間),1,0,1,0.63
114,公立,一般大學,0004,國立臺灣師範大學,02152027,表演藝術研究所,碩士班(日間),3,1,2,3.03
114,公立,一般大學,0004,國立臺灣師範大學,02322029,國文學系,碩士班(日間),4,2,2,4.94
114,公立,一般大學,0004,國立臺灣師範大學,02313005,華語文教學系,碩士班(日間),3,1,2,1.20
114,公立,一般大學,0004,國立臺灣師範大學,03211048,大眾傳播研究所,碩士班(日間),2,1,1,2.41
114,公立,一般大學,0004,國立臺灣師範大學,10152077,運動休閒與餐旅管理研究所,碩士班(日間),3,0,3,3.00
114,公立,一般大學,0004,國立臺灣師範大學,03143042,東亞學系,碩士班(日間),1,1,0,1.15
114,公立,一般大學,0004,國立臺灣師範大學,03199094,復健諮商與高齡福祉研究所,碩士班(日間),1,1,0,3.70
114,公立,一般大學,0004,國立臺灣師範大學,03214050,圖文傳播學系,碩士班(日間),1,0,1,1.49
114,公立,一般大學,0004,國立臺灣師範大學,06131065,資訊工程學系,碩士班(日間),1,1,0,0.49
114,公立,一般大學,0004,國立臺灣師範大學,07141080,光電工程研究所,碩士班(日間),1,1,0,1.64
114,公立,一般大學,0005,國立成功大學,02122112,創意產業設計研究所,博士班,4,1,3,10.26
114,公立,一般大學,0005,國立成功大學,03121115,政治學系政治經濟學博士班,博士班,2,2,0,8.33
114,公立,一般大學,0005,國立成功大學,06131030,資訊管理研究所,博士班,1,1,0,5.88
114,公立,一般大學,0005,國立成功大學,07141041,製造資訊與系統研究所,博士班,1,1,0,4.35
114,公立,一般大學,0005,國立成功大學,07151042,機械工程學系,博士班,1,1,0,1.92
114,公立,一般大學,0005,國立成功大學,01111103,教育研究所,博士班,2,1,1,6.90
114,公立,一般大學,0005,國立成功大學,02123113,工業設計學系,博士班,11,5,6,16.67
114,公立,一般大學,0005,國立成功大學,02221110,歷史學系,博士班,1,1,0,3.85
114,公立,一般大學,0005,國立成功大學,02311108,外國語文學系,博士班,1,1,0,5.88
114,公立,一般大學,0005,國立成功大學,02322107,中國文學系,博士班,2,1,1,5.71
114,公立,一般大學,0005,國立成功大學,04212001,法律學系,博士班,3,1,2,11.54
114,公立,一般大學,0005,國立成功大學,07311075,建築學系,博士班,1,0,1,2.33
114,公立,一般大學,0005,國立成功大學,02122112,創意產業設計研究所,碩士班(日間),3,0,3,4.48
114,公立,一般大學,0005,國立成功大學,04212001,法律學系,碩士班(日間),1,0,1,0.71
114,公立,一般大學,0005,國立成功大學,05311017,化學系,碩士班(日間),1,1,0,0.63
114,公立,一般大學,0005,國立成功大學,06131036,資訊工程學系,博士班,5,4,1,6.67
114,公立,一般大學,0005,國立成功大學,07141032,電機工程學系,博士班,1,1,0,0.93
114,公立,一般大學,0005,國立成功大學,07141035,光電科學與工程學系,博士班,2,2,0,6.25
114,公立,一般大學,0005,國立成功大學,07313076,都市計劃學系,博士班,2,1,1,7.69
114,公立,一般大學,0005,國立成功大學,07321049,土木工程學系,博士班,1,1,0,3.33
114,公立,一般大學,0005,國立成功大學,02123113,工業設計學系,碩士班(日間),4,3,1,4.44
114,公立,一般大學,0005,國立成功大學,02152051,戲劇碩士學位學程,碩士班(日間),2,1,1,16.67
114,公立,一般大學,0005,國立成功大學,02191104,藝術研究所,碩士班(日間),6,1,5,13.64
114,公立,一般大學,0005,國立成功大學,02311108,外國語文學系,碩士班(日間),1,0,1,1.92
114,公立,一般大學,0005,國立成功大學,02322107,中國文學系中國文學碩士班,碩士班(日間),1,0,1,2.56
114,公立,一般大學,0005,國立成功大學,04131124,國際企業研究所,碩士班(日間),1,1,0,1.39
114,公立,一般大學,0005,國立成功大學,06131036,資訊工程學系,碩士班(日間),2,2,0,0.59
114,公立,一般大學,0005,國立成功大學,07313076,都市計劃學系,碩士班(日間),1,0,1,0.91
114,公立,一般大學,0005,國立成功大學,07151042,機械工程學系,碩士班(日間),1,1,0,0.22
114,公立,一般大學,0005,國立成功大學,03111114,經濟學系,學士班(日間),1,0,1,0.36
114,公立,一般大學,0006,國立中興大學,08411087,獸醫學系,學士班(日間),1,0,1,0.25
114,公立,一般大學,0006,國立中興大學,05123034,生物化學研究所,博士班,1,0,1,16.67
114,公立,一般大學,0006,國立中興大學,03122010,國際政治研究所,博士班,1,1,0,3.23
114,公立,一般大學,0006,國立中興大學,04121019,財務金融學系,博士班,1,0,1,6.67
114,公立,一般大學,0006,國立中興大學,07141045,電機工程學系,博士班,1,1,0,2.63
114,公立,一般大學,0006,國立中興大學,07151050,機械工程學系,碩士班(日間),1,1,0,0.38
114,公立,一般大學,0006,國立中興大學,08411087,獸醫學系,博士班,4,1,3,13.33
114,公立,一般大學,0006,國立中興大學,04131097,運動與健康管理研究所,碩士班(日間),2,2,0,6.45
114,公立,一般大學,0006,國立中興大學,08411087,獸醫學系,碩士班(日間),1,0,1,1.54
114,公立,一般大學,0007,國立陽明交通大學,07193120,生醫光電研究所,博士班,1,1,0,4.00
114,公立,一般大學,0007,國立陽明交通大學,07321071,土木工程學系,博士班,3,1,2,5.17
114,公立,一般大學,0007,國立陽明交通大學,02122004,應用藝術研究所,碩士班(日間),3,0,3,3.90
114,公立,一般大學,0007,國立陽明交通大學,02299010,社會與文化研究所,碩士班(日間),3,0,3,10.71
114,公立,一般大學,0007,國立陽明交通大學,03211014,傳播研究所,碩士班(日間),3,1,2,4.41
114,公立,一般大學,0007,國立陽明交通大學,04212027,科技法律研究所,碩士班(日間),1,0,1,0.84
114,公立,一般大學,0007,國立陽明交通大學,02122004,應用藝術研究所,博士班,5,3,2,14.71
114,公立,一般大學,0007,國立陽明交通大學,02299010,社會與文化研究所,博士班,7,0,7,20.00
114,公立,一般大學,0007,國立陽明交通大學,04199023,科技管理研究所,博士班,8,5,3,22.22
114,公立,一般大學,0007,國立陽明交通大學,06131061,資訊科學與工程研究所,博士班,7,4,3,4.79
114,公立,一般大學,0007,國立陽明交通大學,07141050,電機工程學系,博士班,1,1,0,1.72
114,公立,一般大學,0007,國立陽明交通大學,07141066,國際半導體產業學院博士班,博士班,1,1,0,1.27
114,公立,一般大學,0007,國立陽明交通大學,07151070,機械工程學系,博士班,2,2,0,2.99
114,公立,一般大學,0007,國立陽明交通大學,07191075,工業工程與管理學系,博士班,1,1,0,3.57
114,公立,一般大學,0007,國立陽明交通大學,05124117,生物醫學資訊研究所,碩士班(日間),1,1,0,1.56
114,公立,一般大學,0007,國立陽明交通大學,09191140,環境與職業衛生研究所,博士班,1,0,1,9.09
114,公立,一般大學,0007,國立陽明交通大學,04121020,資訊管理與財務金融學系財務金融碩士班,碩士班(日間),2,1,1,1.87
114,公立,一般大學,0007,國立陽明交通大學,04131018,管理科學系,碩士班(日間),1,1,0,1.23
114,公立,一般大學,0007,國立陽明交通大學,06131022,資訊管理研究所,碩士班(日間),1,1,0,1.15
114,公立,一般大學,0007,國立陽明交通大學,06131061,資訊科學與工程研究所,碩士班(日間),1,1,0,0.21
114,公立,一般大學,0007,國立陽明交通大學,07141050,電機工程學系,碩士班(日間),1,1,0,0.43
114,公立,一般大學,0007,國立陽明交通大學,07141053,電子研究所,碩士班(日間),1,1,0,0.15
114,公立,一般大學,0007,國立陽明交通大學,09121132,解剖學及細胞生物學研究所,碩士班(日間),1,0,1,2.13
114,公立,一般大學,0007,國立陽明交通大學,09191138,衛生福利研究所,碩士班(日間),2,1,1,5.41
114,公立,一般大學,0007,國立陽明交通大學,04121020,資訊管理與財務金融學系財務金融博士班,博士班,5,4,1,14.71
114,公立,一般大學,0007,國立陽明交通大學,04131018,管理科學系,博士班,2,2,0,8.70
114,公立,一般大學,0007,國立陽明交通大學,05121112,生命科學系暨基因體科學研究所,博士班,1,0,1,9.09
114,公立,一般大學,0007,國立陽明交通大學,06131106,智慧科學暨綠能學院博士班,博士班,2,2,0,9.09
114,公立,一般大學,0008,國立中央大學,06131059,資訊工程學系,博士班,2,1,1,2.99
114,公立,一般大學,0008,國立中央大學,07111069,化學工程與材料工程學系,博士班,1,1,0,5.00
114,公立,一般大學,0008,國立中央大學,07321067,土木工程學系,博士班,3,3,0,5.36
114,公立,一般大學,0008,國立中央大學,02231011,哲學研究所,博士班,1,1,0,3.13
114,公立,一般大學,0008,國立中央大學,07151064,機械工程學系,博士班,1,1,0,1.64
114,公立,一般大學,0008,國立中央大學,05411051,數學系,碩士班(日間),1,1,0,1.64
114,公立,一般大學,0008,國立中央大學,07141055,電機工程學系,碩士班(日間),1,1,0,0.25
114,公立,一般大學,0009,國立中山大學,02322005,中國文學系,博士班,3,0,3,14.29
114,公立,一般大學,0009,國立中山大學,04131028,人力資源管理研究所,博士班,1,0,1,5.26
114,公立,一般大學,0009,國立中山大學,02322005,中國文學系,碩士班(日間),2,2,0,5.00
114,公立,一般大學,0009,國立中山大學,04121024,財務管理學系,博士班,2,2,0,15.38
114,公立,一般大學,0009,國立中山大學,07121064,環境工程研究所,博士班,1,1,0,3.23
114,公立,一般大學,0009,國立中山大學,02231008,哲學研究所,碩士班(日間),1,1,0,3.03
114,公立,一般大學,0009,國立中山大學,04199025,行銷傳播管理研究所,碩士班(日間),2,1,1,3.39
114,公立,一般大學,0009,國立中山大學,06111055,資訊工程學系,碩士班(日間),1,0,1,0.37
114,公立,一般大學,0012,國立臺灣海洋大學,04212009,海洋法律研究所,博士班,1,1,0,4.55
114,公立,一般大學,0013,國立中正大學,01111001,教育學研究所教育學博士班,博士班,1,1,0,3.13
114,公立,一般大學,0013,國立中正大學,01111001,教育學研究所課程博士班,博士班,1,0,1,3.45
114,公立,一般大學,0013,國立中正大學,02221015,歷史學系,博士班,1,1,0,4.76
114,公立,一般大學,0013,國立中正大學,04211039,法律學系,博士班,1,0,1,1.96
114,公立,一般大學,0014,國立高雄師範大學,01112009,成人教育研究所,博士班,2,1,1,3.08
114,公立,一般大學,0014,國立高雄師範大學,01141006,科學教育暨環境教育研究所科學教育博士班,博士班,1,1,0,2.44
114,公立,一般大學,0015,國立彰化師範大學,03131025,輔導與諮商學系,博士班,3,0,3,6.67
114,公立,一般大學,0017,國立臺北大學,04131018,企業管理學系,博士班,1,1,0,1.18
114,公立,一般大學,0017,國立臺北大學,04211028,法律學系,博士班,1,1,0,3.03
114,公立,一般大學,0020,國立東華大學,01111001,教育與潛能開發學系教育博士班,博士班,2,0,2,2.04
114,公立,一般大學,0020,國立東華大學,04131059,企業管理學系,博士班,1,1,0,2.50
114,公立,一般大學,0021,國立暨南國際大學,04131026,新興產業策略與發展博士學位學程,博士班,1,0,1,0.95
114,公立,一般大學,0021,國立暨南國際大學,09231038,社會政策與社會工作學系,博士班,1,0,1,2.56
114,公立,一般大學,0021,國立暨南國際大學,01111001,國際文教與比較教育學系,博士班,1,0,1,3.33
114,公立,一般大學,0021,國立暨南國際大學,02322013,中國語文學系,碩士班(日間),1,0,1,3.85
114,公立,技專校院,0022,國立臺灣科技大學,01116002,數位學習與教育研究所,博士班,1,1,0,1.45
114,公立,技專校院,0022,國立臺灣科技大學,02122004,設計系博士班,博士班,14,8,6,32.56
114,公立,技專校院,0022,國立臺灣科技大學,07112028,材料科學與工程系博士班,博士班,1,1,0,1.67
114,公立,技專校院,0022,國立臺灣科技大學,07151024,自動化及控制研究所,博士班,1,1,0,11.11
114,公立,技專校院,0022,國立臺灣科技大學,07112015,應用科技研究所,博士班,4,1,3,2.67
114,公立,技專校院,0022,國立臺灣科技大學,07141018,電子工程系博士班,博士班,3,3,0,4.48
114,公立,技專校院,0022,國立臺灣科技大學,07311038,建築系博士班,博士班,2,0,2,5.56
114,公立,技專校院,0022,國立臺灣科技大學,07321025,營建工程系博士班,博士班,3,2,1,6.82
114,公立,技專校院,0022,國立臺灣科技大學,02122004,設計系碩士班,碩士班(日間),3,1,2,2.46
114,公立,技專校院,0022,國立臺灣科技大學,07112028,材料科學與工程系碩士班,碩士班(日間),2,2,0,0.85
114,公立,技專校院,0022,國立臺灣科技大學,07141017,電機工程系碩士班,碩士班(日間),2,2,0,0.45
114,公立,技專校院,0022,國立臺灣科技大學,07141018,電子工程系碩士班,碩士班(日間),1,1,0,0.19
114,公立,技專校院,0023,國立雲林科技大學,07311016,建築與室內設計系,學士班(日間),1,0,1,0.46
114,公立,技專校院,0023,國立雲林科技大學,02112013,數位媒體設計系碩士班,碩士班(日間),1,1,0,1.43
114,公立,技專校院,0023,國立雲林科技大學,07311016,建築與室內設計系碩士班,碩士班(日間),1,1,0,2.38
114,公立,技專校院,0023,國立雲林科技大學,02122007,設計學研究所,博士班,5,3,2,5.68
114,公立,技專校院,0023,國立雲林科技大學,04121024,財務金融系博士班,博士班,1,1,0,4.35
114,公立,技專校院,0023,國立雲林科技大學,02112011,視覺傳達設計系碩士班,碩士班(日間),1,1,0,1.52
114,公立,技專校院,0023,國立雲林科技大學,10152053,休閒運動研究所,碩士班(日間),1,1,0,3.85
114,公立,技專校院,0025,國立臺北科技大學,01118001,技術及職業教育研究所,博士班,4,3,1,8.33
114,公立,技專校院,0025,國立臺北科技大學,04131020,管理學院管理博士班,博士班,3,2,1,2.97
114,公立,技專校院,0025,國立臺北科技大學,07151040,機電學院機電科技博士班,博士班,1,1,0,2.00
114,公立,技專校院,0025,國立臺北科技大學,02112007,互動設計系碩士班,碩士班(日間),1,0,1,1.67
114,公立,技專校院,0025,國立臺北科技大學,04212024,智慧財產權研究所,碩士班(日間),1,1,0,2.22
114,公立,技專校院,0025,國立臺北科技大學,06131016,資訊與財金管理系碩士班,碩士班(日間),1,0,1,0.93
114,公立,技專校院,0025,國立臺北科技大學,02122003,設計學院設計博士班,博士班,12,5,7,15.19
114,公立,技專校院,0025,國立臺北科技大學,07141025,電機工程系博士班,博士班,1,1,0,2.00
114,公立,技專校院,0025,國立臺北科技大學,04131011,經營管理系碩士班,碩士班(日間),2,1,1,1.60
114,公立,技專校院,0025,國立臺北科技大學,07311071,建築系建築與都市設計碩士班,碩士班(日間),1,0,1,1.61
114,公立,技專校院,0025,國立臺北科技大學,07321045,土木工程系土木與防災碩士班,碩士班(日間),1,1,0,0.75
114,公立,一般大學,0028,國立臺北藝術大學,02151005,音樂學系,博士班,3,0,3,8.11
114,公立,一般大學,0028,國立臺北藝術大學,02152008,戲劇學系,博士班,1,1,0,5.88
114,公立,一般大學,0028,國立臺北藝術大學,02152013,舞蹈學系,博士班,3,3,0,23.08
114,公立,一般大學,0028,國立臺北藝術大學,02191021,文化資源學院文化資產與藝術創新博士班,博士班,7,2,5,16.28
114,公立,一般大學,0028,國立臺北藝術大學,02191023,新媒體藝術學系,碩士班(日間),4,0,4,4.71
114,公立,一般大學,0028,國立臺北藝術大學,07311030,建築與文化資產研究所,碩士班(日間),1,1,0,1.96
114,公立,一般大學,0028,國立臺北藝術大學,02111018,電影創作學系,碩士班(日間),2,1,1,3.51
114,公立,一般大學,0028,國立臺北藝術大學,02152008,戲劇學系,碩士班(日間),1,0,1,8.33
114,公立,一般大學,0028,國立臺北藝術大學,02152011,劇場設計學系,碩士班(日間),1,1,0,3.03
114,公立,一般大學,0028,國立臺北藝術大學,02192025,藝術行政與管理研究所,碩士班(日間),1,0,1,1.28
114,公立,一般大學,0029,國立臺灣藝術大學,02111032,影音創作與數位媒體產業研究所,博士班,3,2,1,25.00
114,公立,一般大學,0029,國立臺灣藝術大學,02122027,創意產業設計研究所,博士班,4,1,3,19.05
114,公立,一般大學,0029,國立臺灣藝術大學,02131005,書畫藝術學系,博士班,4,1,3,13.79
114,公立,一般大學,0029,國立臺灣藝術大學,02191018,表演藝術學院表演藝術博士班,博士班,2,2,0,28.57
114,公立,一般大學,0029,國立臺灣藝術大學,02111015,電影學系,碩士班(日間),2,1,1,3.70
114,公立,一般大學,0029,國立臺灣藝術大學,02111032,影音創作與數位媒體產業研究所,碩士班(日間),2,2,0,4.65
114,公立,一般大學,0029,國立臺灣藝術大學,02112023,多媒體動畫藝術學系動畫藝術碩士班,碩士班(日間),1,0,1,2.70
114,公立,一般大學,0029,國立臺灣藝術大學,02151010,音樂學系,碩士班(日間),2,1,1,4.65
114,公立,一般大學,0029,國立臺灣藝術大學,02131003,美術學系當代視覺文化與實踐碩士班,碩士班(日間),1,0,1,2.70
114,公立,一般大學,0029,國立臺灣藝術大學,02131005,書畫藝術學系,碩士班(日間),1,0,1,2.27
114,公立,一般大學,0029,國立臺灣藝術大學,02141007,工藝設計學系,碩士班(日間),1,0,1,2.38
114,公立,一般大學,0029,國立臺灣藝術大學,02152012,戲劇學系,碩士班(日間),3,2,1,8.11
114,公立,一般大學,0029,國立臺灣藝術大學,02192026,藝術管理與文化政策研究所,碩士班(日間),1,0,1,2.33
114,公立,一般大學,0029,國立臺灣藝術大學,02199030,圖文傳播藝術學系,碩士班(日間),1,0,1,3.45
114,公立,一般大學,0029,國立臺灣藝術大學,02151011,中國音樂學系,碩士班(日間),1,1,0,2.27
114,公立,一般大學,0029,國立臺灣藝術大學,03213029,廣播電視學系,碩士班(日間),2,0,2,6.25
114,公立,一般大學,0029,國立臺灣藝術大學,02131003,美術學系當代視覺文化博士班,博士班,6,5,1,24.00
114,公立,一般大學,0029,國立臺灣藝術大學,02152035,跨域表演藝術研究所,博士班,4,1,3,23.53
114,公立,一般大學,0029,國立臺灣藝術大學,02192026,藝術管理與文化政策研究所,博士班,2,1,1,6.90
114,公立,一般大學,0035,國立臺南藝術大學,02131016,藝術創作理論研究所,博士班,9,2,7,16.98
114,公立,一般大學,0037,國立臺北教育大學,01114044,教育經營與管理學系教育政策與管理博士班,博士班,3,2,1,3.66
114,公立,一般大學,0044,國立體育大學,10141008,競技與教練科學研究所,博士班,4,4,0,10.00
114,公立,一般大學,0044,國立體育大學,10152015,休閒產業經營學系,碩士班(日間),1,1,0,2.22
114,公立,一般大學,0044,國立體育大學,01141001,體育研究所,博士班,2,0,2,4.17
114,公立,一般大學,0044,國立體育大學,10152021,國際運動管理與創新博士學位學程,博士班,1,1,0,5.26
114,公立,一般大學,0044,國立體育大學,01141001,體育研究所,碩士班(日間),1,1,0,1.52
114,公立,一般大學,0048,國立金門大學,07311026,建築學系,碩士班(日間),2,1,1,8.33
114,公立,一般大學,0049,國立臺灣體育運動大學,10141003,競技運動學系,博士班,1,1,0,6.67
114,公立,技專校院,0053,國立高雄科技大學,07194088,工學院工程科技博士班,博士班,1,1,0,2.22
114,公立,技專校院,0053,國立高雄科技大學,04131106,管理學院博士班,博士班,1,1,0,1.27
114,私立,一般大學,1001,東海大學,03141014,社會學系,博士班,2,1,1,6.25
114,私立,一般大學,1001,東海大學,09231053,社會工作學系,博士班,1,0,1,4.76
114,私立,一般大學,1001,東海大學,02322004,中國文學系,博士班,1,0,1,5.56
114,私立,一般大學,1001,東海大學,02322004,中國文學系,碩士班(日間),1,0,1,2.50
114,私立,一般大學,1001,東海大學,07311048,建築學系,碩士班(日間),1,1,0,1.96
114,私立,一般大學,1002,輔仁大學,02211019,宗教學系,博士班,3,3,0,6.38
114,私立,一般大學,1002,輔仁大學,02299060,跨文化研究所比較文學與跨文化研究博士班,博士班,1,0,1,2.56
114,私立,一般大學,1002,輔仁大學,02322003,中國文學系,博士班,1,1,0,5.00
114,私立,一般大學,1002,輔仁大學,02125082,織品服裝學系,碩士班(日間),4,0,4,7.02
114,私立,一般大學,1002,輔仁大學,02211019,宗教學系,碩士班(日間),1,1,0,1.69
114,私立,一般大學,1002,輔仁大學,02311072,德語語文學系,碩士班(日間),2,0,2,12.50
114,私立,一般大學,1002,輔仁大學,02151034,音樂學系,博士班,8,4,4,21.05
114,私立,一般大學,1002,輔仁大學,02231037,哲學系,博士班,2,1,1,6.25
114,私立,一般大學,1002,輔仁大學,03131007,心理學系,博士班,2,0,2,8.70
114,私立,一般大學,1002,輔仁大學,04191040,商學研究所,博士班,9,5,4,11.54
114,私立,一般大學,1002,輔仁大學,04211020,法律學系,博士班,2,1,1,4.17
114,私立,一般大學,1002,輔仁大學,05191036,食品營養博士學位學程,博士班,1,1,0,2.94
114,私立,一般大學,1002,輔仁大學,02122078,應用美術學系,碩士班(日間),1,1,0,2.94
114,私立,一般大學,1002,輔仁大學,02299060,跨文化研究所華語教學與語言科技碩士班,碩士班(日間),1,0,1,2.44
114,私立,一般大學,1002,輔仁大學,02311009,日本語文學系,碩士班(日間),1,1,0,2.94
114,私立,一般大學,1002,輔仁大學,02322003,中國文學系,碩士班(日間),2,1,1,7.41
114,私立,一般大學,1002,輔仁大學,07141064,電機工程學系,碩士班(日間),1,1,0,1.43
114,私立,一般大學,1002,輔仁大學,03131007,心理學系,碩士班(日間),5,3,2,8.62
114,私立,一般大學,1002,輔仁大學,03211002,大眾傳播學研究所,碩士班(日間),1,1,0,1.59
114,私立,一般大學,1002,輔仁大學,03221051,博物館學研究所,碩士班(日間),3,2,1,6.52
114,私立,一般大學,1002,輔仁大學,04111054,會計學系,碩士班(日間),1,1,0,1.64
114,私立,一般大學,1002,輔仁大學,04131015,企業管理學系管理學碩士班,碩士班(日間),2,2,0,2.78
114,私立,一般大學,1002,輔仁大學,05311005,化學系,碩士班(日間),1,1,0,1.96
114,私立,一般大學,1002,輔仁大學,09231024,社會工作學系,碩士班(日間),1,1,0,2.04
114,私立,一般大學,1003,東吳大學,02322002,中國文學系,博士班,1,0,1,4.00
114,私立,一般大學,1003,東吳大學,03111008,經濟學系,博士班,1,1,0,8.33
114,私立,一般大學,1003,東吳大學,02151001,音樂學系,碩士班(日間),2,1,1,3.77
114,私立,一般大學,1003,東吳大學,02221006,歷史學系,碩士班(日間),1,1,0,4.76
114,私立,一般大學,1003,東吳大學,02231007,哲學系,碩士班(日間),1,0,1,4.00
114,私立,一般大學,1003,東吳大學,03131011,心理學系,學士班(日間),1,0,1,0.35
114,私立,一般大學,1003,東吳大學,06131028,資訊管理學系,學士班(日間),1,1,0,0.19
114,私立,一般大學,1003,東吳大學,03121009,政治學系,博士班,2,2,0,25.00
114,私立,一般大學,1003,東吳大學,04211021,法律學系,博士班,2,2,0,6.25
114,私立,一般大學,1003,東吳大學,04131016,企業管理學系,碩士班(日間),1,0,1,0.80
114,私立,一般大學,1003,東吳大學,04211021,法律學系,碩士班(日間),1,0,1,0.33
114,私立,一般大學,1004,中原大學,04191012,商學博士學位學程,博士班,2,1,1,5.13
114,私立,一般大學,1004,中原大學,07111037,化學工程學系,博士班,1,1,0,12.50
114,私立,一般大學,1004,中原大學,04212021,財經法律學系,碩士班(日間),1,1,0,1.82
114,私立,一般大學,1004,中原大學,05311023,化學系,學士班(日間),2,1,1,0.40
114,私立,一般大學,1004,中原大學,07141030,電子工程學系,學士班(日間),1,1,0,0.17
114,私立,一般大學,1004,中原大學,07141029,電機工程學系,碩士班(日間),2,2,0,2.04
114,私立,一般大學,1004,中原大學,02122007,設計學博士學位學程,博士班,6,0,6,16.22
114,私立,一般大學,1005,淡江大學學校財團法人淡江大學,10411002,運輸管理學系運輸科學碩士班,碩士班(日間),1,0,1,3.85
114,私立,一般大學,1005,淡江大學學校財團法人淡江大學,05331030,物理學系,學士班(日間),1,1,0,0.31
114,私立,一般大學,1005,淡江大學學校財團法人淡江大學,04131047,管理科學學系,博士班,4,3,1,6.25
114,私立,一般大學,1005,淡江大學學校財團法人淡江大學,02322090,中國文學學系,博士班,1,1,0,2.94
114,私立,一般大學,1005,淡江大學學校財團法人淡江大學,04121037,財務金融學系,博士班,2,2,0,5.26
114,私立,一般大學,1005,淡江大學學校財團法人淡江大學,05411110,應用數學與數據科學學系,博士班,1,0,1,25.00
114,私立,一般大學,1005,淡江大學學校財團法人淡江大學,06131018,資訊工程學系,博士班,4,4,0,16.67
114,私立,一般大學,1005,淡江大學學校財團法人淡江大學,02322090,中國文學學系,碩士班(日間),1,0,1,2.50
114,私立,一般大學,1005,淡江大學學校財團法人淡江大學,03131096,教育心理與諮商研究所,碩士班(日間),4,2,2,3.85
114,私立,一般大學,1005,淡江大學學校財團法人淡江大學,04121037,財務金融學系,碩士班(日間),1,1,0,2.17
114,私立,一般大學,1005,淡江大學學校財團法人淡江大學,07321012,土木工程學系,碩士班(日間),1,1,0,4.55
114,私立,一般大學,1005,淡江大學學校財團法人淡江大學,07321012,土木工程學系,博士班,1,1,0,10.00
114,私立,一般大學,1005,淡江大學學校財團法人淡江大學,03211055,大眾傳播學系,碩士班(日間),4,1,3,15.38
114,私立,一般大學,1006,中國文化大學,07312103,景觀學系,學士班(日間),1,0,1,0.95
114,私立,一般大學,1006,中國文化大學,02221098,史學系,博士班,3,3,0,5.66
114,私立,一般大學,1006,中國文化大學,04131015,國際企業管理學系,博士班,1,1,0,1.16
114,私立,一般大學,1006,中國文化大學,07311068,建築及都市設計學系,博士班,1,0,1,3.70
114,私立,一般大學,1006,中國文化大學,02131059,美術學系,學士班(日間),1,0,1,0.41
114,私立,一般大學,1006,中國文化大學,02221098,史學系,碩士班(日間),3,2,1,8.33
114,私立,一般大學,1006,中國文化大學,07311068,建築及都市設計學系,碩士班(日間),1,1,0,3.13
114,私立,一般大學,1006,中國文化大學,02322001,中國文學系,碩士班(日間),1,0,1,2.50
114,私立,一般大學,1007,逢甲大學,07192074,纖維與複合材料學系,博士班,1,0,1,7.14
114,私立,一般大學,1007,逢甲大學,07313087,都市計畫與空間資訊學系,學士班(日間),1,1,0,0.26
114,私立,一般大學,1007,逢甲大學,02322001,中國文學系,博士班,1,0,1,3.13
114,私立,一般大學,1007,逢甲大學,04191014,商學博士學位學程,博士班,1,1,0,1.09
114,私立,一般大學,1007,逢甲大學,06131048,資訊工程學系,博士班,4,2,2,14.81
114,私立,一般大學,1007,逢甲大學,04134086,土地管理學系,碩士班(日間),1,1,0,2.70
114,私立,一般大學,1007,逢甲大學,07141044,電機工程學系,碩士班(日間),1,1,0,1.30
114,私立,一般大學,1007,逢甲大學,07141050,通訊工程學系,碩士班(日間),1,1,0,1.67
114,私立,一般大學,1007,逢甲大學,07311081,建築碩士學位學程,碩士班(日間),2,1,1,2.94
114,私立,一般大學,1007,逢甲大學,07399116,建設規劃與工程博士學位學程,博士班,1,1,0,1.79
114,私立,一般大學,1007,逢甲大學,07121075,環境工程與科學學系,碩士班(日間),1,1,0,1.96
114,私立,一般大學,1010,元智大學,06133013,資訊傳播學系,學士班(日間),1,0,1,0.20
114,私立,一般大學,1010,元智大學,02299047,文化產業與文化政策博士學位學程,博士班,3,1,2,9.68
114,私立,一般大學,1010,元智大學,07191043,工業工程與管理學系,博士班,1,0,1,3.70
114,私立,一般大學,1010,元智大學,04199018,管理學院博士班,博士班,1,1,0,1.23
114,私立,一般大學,1010,元智大學,07141033,電機工程學系,碩士班(日間),1,1,0,0.42
114,私立,一般大學,1014,義守大學,04131012,管理學院管理博士班,博士班,4,1,3,13.33
114,私立,一般大學,1014,義守大學,07141025,電機工程學系,博士班,2,1,1,15.38
114,私立,一般大學,1014,義守大學,02122067,傳播與設計學院文創傳播與設計碩士班,碩士班(日間),1,1,0,6.25
114,私立,一般大學,1015,世新大學,03141008,社會心理學系社會心理暨社會創新碩士班,碩士班(日間),1,0,1,16.67
114,私立,一般大學,1015,世新大學,03214014,口語傳播暨社群媒體學系,碩士班(日間),1,1,0,3.23
114,私立,一般大學,1015,世新大學,03214012,傳播博士學位學程,博士班,14,4,10,29.79
114,私立,一般大學,1015,世新大學,02111018,廣播電視電影學系,碩士班(日間),3,3,0,3.30
114,私立,一般大學,1015,世新大學,02112004,數位多媒體設計學系,碩士班(日間),1,0,1,5.56
114,私立,一般大學,1015,世新大學,03141007,性別研究所,碩士班(日間),2,1,1,4.88
114,私立,一般大學,1015,世新大學,04143019,公共關係暨廣告學系,碩士班(日間),1,0,1,3.85
114,私立,一般大學,1016,銘傳大學,03211047,廣播電視學系,學士班(日間),1,0,1,0.26
114,私立,一般大學,1016,銘傳大學,06131029,資訊工程學系,學士班(日間),1,1,0,0.16
114,私立,一般大學,1016,銘傳大學,04131036,企業管理學系,博士班,5,2,3,10.87
114,私立,一般大學,1016,銘傳大學,02123073,商品設計學系創新設計與管理碩士班,碩士班(日間),1,1,0,6.67
114,私立,一般大學,1016,銘傳大學,03131102,諮商臨床與工商心理學系,碩士班(日間),1,1,0,0.88
114,私立,一般大學,1016,銘傳大學,02322109,應用中文與華語文教學系,博士班,2,0,2,10.00
114,私立,一般大學,1016,銘傳大學,04121106,資訊應用與金融保險學系,碩士班(日間),1,1,0,5.88
114,私立,一般大學,1016,銘傳大學,06132101,人工智慧應用學系,碩士班(日間),1,1,0,6.25
114,私立,一般大學,1016,銘傳大學,05121009,生物科技學系,碩士班(日間),1,1,0,6.25
114,私立,一般大學,1017,實踐大學,04199036,管理學院創意產業博士班,博士班,4,1,3,16.67
114,私立,一般大學,1017,實踐大學,02112012,媒體傳達設計學系,碩士班(日間),1,1,0,3.03
114,私立,技專校院,1018,朝陽科技大學,07141020,資訊工程系碩士班,碩士班(日間),1,1,0,2.38
114,私立,技專校院,1018,朝陽科技大學,07311028,建築系建築及都市設計博士班,博士班,3,2,1,16.67
114,私立,一般大學,1019,高雄醫學大學,05121050,生命科學博士學位學程,博士班,1,0,1,3.85
114,私立,一般大學,1019,高雄醫學大學,09231049,醫學社會學與社會工作學系,碩士班(日間),1,1,0,3.57
114,私立,一般大學,1019,高雄醫學大學,05311017,醫藥暨應用化學系,碩士班(日間),1,1,0,3.57
114,私立,一般大學,1022,大同大學,02122003,設計科學研究所,博士班,4,2,2,7.55
114,私立,技專校院,1024,崑山科技大學,07151030,機械工程系機械與能源工程博士班,博士班,1,1,0,4.00
114,私立,技專校院,1024,崑山科技大學,02124007,空間設計系環境設計碩士班,碩士班(日間),2,2,0,14.29
114,私立,一般大學,1027,慈濟學校財團法人慈濟大學,02211005,宗教與人文研究所,碩士班(日間),1,0,1,3.70
114,私立,一般大學,1028,臺北醫學大學,06131042,醫學資訊研究所,博士班,1,1,0,2.56
114,私立,一般大學,1029,中山醫學大學,09153024,語言治療與聽力學系,碩士班(日間),1,1,0,2.38
114,私立,一般大學,1035,中國醫藥大學,09151010,物理治療學系,學士班(日間),1,0,1,0.40
114,私立,技專校院,1045,嶺東科技大學,02112003,視覺傳達設計系碩士班,碩士班(日間),1,1,0,4.35
114,私立,技專校院,1046,中國科技大學,02112003,視覺傳達設計系碩士班,碩士班(日間),1,1,0,3.57
114,私立,一般大學,1048,亞洲大學,02112007,數位媒體設計學系,學士班(日間),1,0,1,0.16
114,私立,一般大學,1048,亞洲大學,02112007,數位媒體設計學系,博士班,4,2,2,11.43
114,私立,一般大學,1048,亞洲大學,09191021,健康產業管理學系,博士班,1,1,0,2.94
114,私立,一般大學,1048,亞洲大學,02112007,數位媒體設計學系,碩士班(日間),1,1,0,2.44
114,私立,一般大學,1050,佛光大學,02211010,佛教學系,博士班,1,0,1,3.45
114,私立,技專校院,1051,台南家專學校財團法人台南應用科技大學,02112012,視覺傳達設計系創新應用設計碩士班,碩士班(日間),1,1,0,7.14
114,私立,一般大學,1196,法鼓學校財團法人法鼓文理學院,02211002,佛教學系,博士班,2,2,0,6.90
114,公立,一般大學,3002,臺北市立大學,01111001,教育學系,博士班,1,0,1,1.14
114,公立,一般大學,3002,臺北市立大學,01114035,教育行政與評鑑研究所,博士班,1,0,1,2.50
114,公立,一般大學,3002,臺北市立大學,10141054,競技運動訓練研究所,博士班,3,2,1,10.00
114,公立,一般大學,3002,臺北市立大學,10141053,運動科學研究所,博士班,1,1,0,6.67
